LLL start
LLL done
STEP|n=100000|unique=46800|accepted=31347|rate=97599.3/s|walker_min=144.467|walker_med=296.853|walker_max=349.797
STEP|n=200000|unique=77659|accepted=62206|rate=98296.2/s|walker_min=170.596|walker_med=309.877|walker_max=347.981
STEP|n=300000|unique=110480|accepted=95027|rate=97752.3/s|walker_min=229.514|walker_med=309.454|walker_max=346.798
STEP|n=400000|unique=142387|accepted=126934|rate=97411.3/s|walker_min=160.332|walker_med=308.138|walker_max=346.612
STEP|n=500000|unique=178011|accepted=162558|rate=96769.2/s|walker_min=164.589|walker_med=307.383|walker_max=346.743
STEP|n=600000|unique=216747|accepted=201294|rate=96171.1/s|walker_min=192.518|walker_med=278.298|walker_max=342.172
STEP|n=700000|unique=262228|accepted=246775|rate=94416.4/s|walker_min=155.096|walker_med=249.030|walker_max=341.134
STEP|n=800000|unique=314440|accepted=298987|rate=92729.4/s|walker_min=95.085|walker_med=220.531|walker_max=347.590
STEP|n=900000|unique=374954|accepted=359501|rate=90842.1/s|walker_min=92.616|walker_med=197.386|walker_max=330.981
STEP|n=1000000|unique=437771|accepted=422318|rate=88906.7/s|walker_min=74.056|walker_med=127.286|walker_max=246.804
STEP|n=1100000|unique=501082|accepted=485629|rate=87746.7/s|walker_min=102.145|walker_med=164.004|walker_max=279.581
STEP|n=1200000|unique=563209|accepted=547756|rate=87202.5/s|walker_min=125.008|walker_med=208.619|walker_max=344.796
STEP|n=1300000|unique=617070|accepted=601617|rate=87323.2/s|walker_min=195.608|walker_med=267.463|walker_max=343.197
STEP|n=1400000|unique=662692|accepted=647239|rate=87532.9/s|walker_min=187.064|walker_med=278.943|walker_max=348.563
STEP|n=1500000|unique=701167|accepted=685714|rate=87798.5/s|walker_min=123.497|walker_med=277.834|walker_max=347.491
STEP|n=1600000|unique=735726|accepted=720273|rate=88316.6/s|walker_min=193.219|walker_med=314.896|walker_max=348.433
STEP|n=1700000|unique=766447|accepted=750994|rate=88867.3/s|walker_min=212.621|walker_med=321.876|walker_max=346.228
STEP|n=1800000|unique=796965|accepted=781512|rate=89397.3/s|walker_min=204.983|walker_med=311.330|walker_max=348.516
STEP|n=1900000|unique=824451|accepted=808998|rate=90238.5/s|walker_min=198.293|walker_med=315.254|walker_max=349.375
STEP|n=2000000|unique=850797|accepted=835344|rate=91053.4/s|walker_min=196.886|walker_med=322.632|walker_max=349.092
STEP|n=2100000|unique=878231|accepted=862778|rate=91486.9/s|walker_min=239.416|walker_med=307.142|walker_max=348.830
STEP|n=2200000|unique=905295|accepted=889842|rate=91841.5/s|walker_min=235.362|walker_med=316.083|walker_max=349.496
STEP|n=2300000|unique=934743|accepted=919290|rate=92195.1/s|walker_min=131.660|walker_med=292.688|walker_max=349.750
STEP|n=2400000|unique=966798|accepted=951345|rate=92529.5/s|walker_min=218.442|walker_med=299.843|walker_max=343.348
STEP|n=2500000|unique=1002114|accepted=986661|rate=92770.7/s|walker_min=202.629|walker_med=292.610|walker_max=348.402
STEP|n=2600000|unique=1039657|accepted=1024204|rate=92788.7/s|walker_min=134.266|walker_med=288.642|walker_max=345.224
STEP|n=2700000|unique=1082801|accepted=1067348|rate=92515.7/s|walker_min=170.203|walker_med=274.999|walker_max=346.215
STEP|n=2800000|unique=1133515|accepted=1118062|rate=92245.3/s|walker_min=101.214|walker_med=210.926|walker_max=346.231
STEP|n=2900000|unique=1192175|accepted=1176722|rate=91667.7/s|walker_min=87.308|walker_med=173.928|walker_max=293.178
STEP|n=3000000|unique=1255139|accepted=1239686|rate=91176.8/s|walker_min=72.631|walker_med=132.635|walker_max=206.343
STEP|n=3100000|unique=1317976|accepted=1302523|rate=90562.5/s|walker_min=93.866|walker_med=173.083|walker_max=269.179
STEP|n=3200000|unique=1380126|accepted=1364673|rate=90234.0/s|walker_min=124.037|walker_med=214.813|walker_max=314.171
STEP|n=3300000|unique=1432563|accepted=1417110|rate=90174.6/s|walker_min=150.892|walker_med=248.983|walker_max=347.483
STEP|n=3400000|unique=1475873|accepted=1460420|rate=90229.7/s|walker_min=145.499|walker_med=291.795|walker_max=349.918
STEP|n=3500000|unique=1514190|accepted=1498737|rate=90375.5/s|walker_min=173.332|walker_med=297.021|walker_max=345.827
STEP|n=3600000|unique=1549090|accepted=1533637|rate=90490.4/s|walker_min=167.016|walker_med=298.447|walker_max=347.239
STEP|n=3700000|unique=1580623|accepted=1565170|rate=90690.1/s|walker_min=187.907|walker_med=290.171|walker_max=348.853
STEP|n=3800000|unique=1611361|accepted=1595908|rate=90781.4/s|walker_min=188.926|walker_med=303.359|walker_max=348.486
STEP|n=3900000|unique=1639885|accepted=1624432|rate=91103.8/s|walker_min=147.247|walker_med=300.817|walker_max=347.547
STEP|n=4000000|unique=1666865|accepted=1651412|rate=91474.4/s|walker_min=247.577|walker_med=323.552|walker_max=344.557
STEP|n=4100000|unique=1693849|accepted=1678396|rate=91827.1/s|walker_min=212.717|walker_med=318.891|walker_max=347.934
STEP|n=4200000|unique=1721640|accepted=1706187|rate=92055.3/s|walker_min=227.340|walker_med=321.628|walker_max=349.272
STEP|n=4300000|unique=1751380|accepted=1735927|rate=92251.9/s|walker_min=208.680|walker_med=325.199|walker_max=349.406
STEP|n=4400000|unique=1782691|accepted=1767238|rate=92368.6/s|walker_min=217.458|walker_med=300.542|walker_max=349.585
STEP|n=4500000|unique=1817740|accepted=1802287|rate=92404.5/s|walker_min=202.295|walker_med=300.557|walker_max=349.848
STEP|n=4600000|unique=1854739|accepted=1839286|rate=92378.6/s|walker_min=195.991|walker_med=306.589|walker_max=349.697
STEP|n=4700000|unique=1897472|accepted=1882019|rate=92460.8/s|walker_min=134.260|walker_med=262.111|walker_max=334.868
STEP|n=4800000|unique=1949639|accepted=1934186|rate=92404.2/s|walker_min=126.978|walker_med=216.882|walker_max=326.622
STEP|n=4900000|unique=2010338|accepted=1994885|rate=91979.2/s|walker_min=110.253|walker_med=172.760|walker_max=276.494
STEP|n=5000000|unique=2074187|accepted=2058734|rate=91674.3/s|walker_min=66.945|walker_med=123.292|walker_max=249.684
STEP|n=5100000|unique=2138322|accepted=2122869|rate=91275.7/s|walker_min=85.787|walker_med=165.649|walker_max=258.200
STEP|n=5200000|unique=2200375|accepted=2184922|rate=91043.2/s|walker_min=130.059|walker_med=220.765|walker_max=344.821
STEP|n=5300000|unique=2253368|accepted=2237915|rate=90884.6/s|walker_min=103.814|walker_med=234.250|walker_max=319.290
STEP|n=5400000|unique=2298096|accepted=2282643|rate=90748.9/s|walker_min=141.520|walker_med=281.388|walker_max=339.669
STEP|n=5500000|unique=2336596|accepted=2321143|rate=90784.0/s|walker_min=117.803|walker_med=296.867|walker_max=348.000
STEP|n=5600000|unique=2370096|accepted=2354643|rate=90915.9/s|walker_min=192.644|walker_med=322.515|walker_max=349.916
STEP|n=5700000|unique=2401109|accepted=2385656|rate=90996.6/s|walker_min=205.854|walker_med=303.214|walker_max=344.531
STEP|n=5800000|unique=2430818|accepted=2415365|rate=91178.5/s|walker_min=139.678|walker_med=319.688|walker_max=349.790
STEP|n=5900000|unique=2458253|accepted=2442800|rate=91363.8/s|walker_min=174.694|walker_med=311.252|walker_max=347.770
STEP|n=6000000|unique=2485939|accepted=2470486|rate=91529.9/s|walker_min=145.815|walker_med=321.452|walker_max=349.933
STEP|n=6100000|unique=2512095|accepted=2496642|rate=91688.2/s|walker_min=206.788|walker_med=318.381|walker_max=348.428
STEP|n=6200000|unique=2540309|accepted=2524856|rate=91742.9/s|walker_min=200.935|walker_med=323.494|walker_max=348.323
STEP|n=6300000|unique=2569937|accepted=2554484|rate=91884.7/s|walker_min=199.707|walker_med=326.452|walker_max=349.833
STEP|n=6400000|unique=2601485|accepted=2586032|rate=92020.3/s|walker_min=177.924|walker_med=314.470|walker_max=349.496
STEP|n=6500000|unique=2635645|accepted=2620192|rate=92129.8/s|walker_min=203.515|walker_med=302.087|walker_max=349.462
STEP|n=6600000|unique=2673188|accepted=2657735|rate=92076.9/s|walker_min=150.237|walker_med=254.527|walker_max=349.045
STEP|n=6700000|unique=2717200|accepted=2701747|rate=92121.1/s|walker_min=144.547|walker_med=247.988|walker_max=347.059
STEP|n=6800000|unique=2769515|accepted=2754062|rate=92081.3/s|walker_min=136.391|walker_med=224.429|walker_max=344.510
STEP|n=6900000|unique=2831014|accepted=2815561|rate=91807.9/s|walker_min=93.167|walker_med=159.675|walker_max=272.248
STEP|n=7000000|unique=2894735|accepted=2879282|rate=91529.7/s|walker_min=67.733|walker_med=124.453|walker_max=204.592
STEP|n=7100000|unique=2957897|accepted=2942444|rate=91153.9/s|walker_min=83.618|walker_med=179.829|walker_max=300.995
STEP|n=7200000|unique=3019025|accepted=3003572|rate=91004.5/s|walker_min=129.600|walker_med=205.423|walker_max=313.097
STEP|n=7300000|unique=3071706|accepted=3056253|rate=90901.1/s|walker_min=161.082|walker_med=259.828|walker_max=338.167
STEP|n=7400000|unique=3115132|accepted=3099679|rate=90960.5/s|walker_min=187.944|walker_med=282.199|walker_max=346.667
STEP|n=7500000|unique=3154276|accepted=3138823|rate=91028.2/s|walker_min=179.824|walker_med=299.100|walker_max=347.465
STEP|n=7600000|unique=3188112|accepted=3172659|rate=91075.5/s|walker_min=200.358|walker_med=284.108|walker_max=341.246
STEP|n=7700000|unique=3219898|accepted=3204445|rate=91101.6/s|walker_min=206.125|walker_med=298.921|walker_max=349.756
STEP|n=7800000|unique=3248689|accepted=3233236|rate=91242.1/s|walker_min=219.023|walker_med=308.491|walker_max=345.979
STEP|n=7900000|unique=3277469|accepted=3262016|rate=91407.3/s|walker_min=174.928|walker_med=311.891|walker_max=348.120
STEP|n=8000000|unique=3304446|accepted=3288993|rate=91584.1/s|walker_min=186.556|walker_med=308.197|walker_max=349.348
STEP|n=8100000|unique=3331520|accepted=3316067|rate=91656.5/s|walker_min=189.509|walker_med=284.745|walker_max=349.053
STEP|n=8200000|unique=3359604|accepted=3344151|rate=91801.7/s|walker_min=208.695|walker_med=319.777|walker_max=349.669
STEP|n=8300000|unique=3388453|accepted=3373000|rate=91950.6/s|walker_min=192.471|walker_med=313.827|walker_max=348.278
STEP|n=8400000|unique=3419519|accepted=3404066|rate=92085.3/s|walker_min=203.957|walker_med=298.365|walker_max=345.783
STEP|n=8500000|unique=3452808|accepted=3437355|rate=92190.9/s|walker_min=179.714|walker_med=284.326|walker_max=348.057
STEP|n=8600000|unique=3490344|accepted=3474891|rate=92199.2/s|walker_min=158.931|walker_med=294.724|walker_max=346.342
STEP|n=8700000|unique=3534954|accepted=3519501|rate=92194.3/s|walker_min=150.820|walker_med=237.355|walker_max=348.280
STEP|n=8800000|unique=3587210|accepted=3571757|rate=92130.6/s|walker_min=112.712|walker_med=201.373|walker_max=329.133
STEP|n=8900000|unique=3647251|accepted=3631798|rate=91950.2/s|walker_min=84.051|walker_med=169.703|walker_max=309.682
STEP|n=9000000|unique=3709440|accepted=3693987|rate=91813.8/s|walker_min=86.979|walker_med=139.368|walker_max=263.197
STEP|n=9100000|unique=3773302|accepted=3757849|rate=91594.4/s|walker_min=81.778|walker_med=149.370|walker_max=289.360
STEP|n=9200000|unique=3834933|accepted=3819480|rate=91495.6/s|walker_min=111.059|walker_med=203.115|walker_max=331.592
STEP|n=9300000|unique=3887034|accepted=3871581|rate=91386.9/s|walker_min=127.800|walker_med=254.894|walker_max=338.300
STEP|n=9400000|unique=3931629|accepted=3916176|rate=91407.4/s|walker_min=148.322|walker_med=312.843|walker_max=349.401
STEP|n=9500000|unique=3968129|accepted=3952676|rate=91482.1/s|walker_min=179.802|walker_med=292.378|walker_max=343.807
STEP|n=9600000|unique=4002447|accepted=3986994|rate=91490.5/s|walker_min=204.349|walker_med=299.618|walker_max=347.655
STEP|n=9700000|unique=4033251|accepted=4017798|rate=91609.6/s|walker_min=171.958|walker_med=310.213|walker_max=344.615
STEP|n=9800000|unique=4063020|accepted=4047567|rate=91733.9/s|walker_min=202.976|walker_med=326.965|walker_max=348.679
STEP|n=9900000|unique=4091039|accepted=4075586|rate=91869.0/s|walker_min=203.350|walker_med=322.750|walker_max=347.900
STEP|n=10000000|unique=4118520|accepted=4103067|rate=91999.2/s|walker_min=150.246|walker_med=317.830|walker_max=349.347
STEP|n=10100000|unique=4145966|accepted=4130513|rate=92056.2/s|walker_min=177.587|walker_med=308.599|walker_max=348.725
STEP|n=10200000|unique=4174291|accepted=4158838|rate=92170.5/s|walker_min=191.055|walker_med=297.244|walker_max=344.878
STEP|n=10300000|unique=4204006|accepted=4188553|rate=92277.1/s|walker_min=165.172|walker_med=314.005|walker_max=349.386
STEP|n=10400000|unique=4234390|accepted=4218937|rate=92379.6/s|walker_min=223.221|walker_med=315.068|walker_max=348.312
STEP|n=10500000|unique=4268697|accepted=4253244|rate=92378.6/s|walker_min=153.821|walker_med=289.038|walker_max=346.641
STEP|n=10600000|unique=4305693|accepted=4290240|rate=92444.3/s|walker_min=147.516|walker_med=276.192|walker_max=349.137
STEP|n=10700000|unique=4348056|accepted=4332603|rate=92472.6/s|walker_min=157.673|walker_med=260.366|walker_max=342.447
STEP|n=10800000|unique=4399445|accepted=4383992|rate=92377.3/s|walker_min=124.067|walker_med=226.696|walker_max=320.581
STEP|n=10900000|unique=4458437|accepted=4442984|rate=92298.1/s|walker_min=89.246|walker_med=183.971|walker_max=298.071
STEP|n=11000000|unique=4520789|accepted=4505336|rate=92178.2/s|walker_min=71.176|walker_med=145.796|walker_max=268.978
STEP|n=11100000|unique=4583788|accepted=4568335|rate=91981.8/s|walker_min=97.314|walker_med=177.881|walker_max=303.005
STEP|n=11200000|unique=4645375|accepted=4629922|rate=91890.5/s|walker_min=117.638|walker_med=196.613|walker_max=313.225
STEP|n=11300000|unique=4697254|accepted=4681801|rate=91796.1/s|walker_min=144.541|walker_med=250.843|walker_max=349.112
STEP|n=11400000|unique=4739929|accepted=4724476|rate=91829.1/s|walker_min=159.199|walker_med=275.033|walker_max=349.067
STEP|n=11500000|unique=4778857|accepted=4763404|rate=91876.8/s|walker_min=128.225|walker_med=305.385|walker_max=344.603
STEP|n=11600000|unique=4811911|accepted=4796458|rate=91882.0/s|walker_min=185.366|walker_med=317.214|walker_max=346.650
STEP|n=11700000|unique=4843898|accepted=4828445|rate=91962.6/s|walker_min=177.297|walker_med=300.265|walker_max=349.517
STEP|n=11800000|unique=4873950|accepted=4858497|rate=92052.8/s|walker_min=199.302|walker_med=305.264|walker_max=349.026
STEP|n=11900000|unique=4902449|accepted=4886996|rate=92152.6/s|walker_min=249.548|walker_med=321.093|walker_max=347.753
STEP|n=12000000|unique=4928771|accepted=4913318|rate=92190.1/s|walker_min=214.284|walker_med=332.713|walker_max=349.152
STEP|n=12100000|unique=4954914|accepted=4939461|rate=92301.2/s|walker_min=218.378|walker_med=324.127|walker_max=349.159
STEP|n=12200000|unique=4982764|accepted=4967311|rate=92398.2/s|walker_min=161.931|walker_med=306.321|walker_max=348.958
STEP|n=12300000|unique=5012122|accepted=4996669|rate=92486.6/s|walker_min=215.333|walker_med=316.732|walker_max=348.597
STEP|n=12400000|unique=5045131|accepted=5029678|rate=92561.6/s|walker_min=190.579|walker_med=304.164|walker_max=342.164
STEP|n=12500000|unique=5079876|accepted=5064423|rate=92561.9/s|walker_min=210.959|walker_med=300.413|walker_max=349.050
STEP|n=12600000|unique=5117570|accepted=5102117|rate=92617.3/s|walker_min=128.457|walker_med=298.462|walker_max=348.759
STEP|n=12700000|unique=5160950|accepted=5145497|rate=92642.6/s|walker_min=145.446|walker_med=287.505|walker_max=347.600
STEP|n=12800000|unique=5211415|accepted=5195962|rate=92544.5/s|walker_min=149.265|walker_med=226.985|walker_max=307.894
STEP|n=12900000|unique=5271325|accepted=5255872|rate=92462.9/s|walker_min=93.874|walker_med=173.763|walker_max=322.175
STEP|n=13000000|unique=5334227|accepted=5318774|rate=92277.5/s|walker_min=67.742|walker_med=137.154|walker_max=277.597
STEP|n=13100000|unique=5397508|accepted=5382055|rate=92178.9/s|walker_min=92.674|walker_med=159.799|walker_max=272.719
STEP|n=13200000|unique=5459555|accepted=5444102|rate=92083.1/s|walker_min=119.902|walker_med=210.171|walker_max=340.595
STEP|n=13300000|unique=5513425|accepted=5497972|rate=91978.7/s|walker_min=133.928|walker_med=266.250|walker_max=340.177
STEP|n=13400000|unique=5557464|accepted=5542011|rate=91983.8/s|walker_min=171.685|walker_med=283.060|walker_max=338.797
STEP|n=13500000|unique=5595623|accepted=5580170|rate=91876.0/s|walker_min=180.703|walker_med=287.349|walker_max=345.940
STEP|n=13600000|unique=5629007|accepted=5613554|rate=91934.9/s|walker_min=159.354|walker_med=299.312|walker_max=348.741
STEP|n=13700000|unique=5661328|accepted=5645875|rate=91996.9/s|walker_min=257.886|walker_med=311.743|walker_max=348.197
STEP|n=13800000|unique=5691338|accepted=5675885|rate=92066.8/s|walker_min=243.681|walker_med=314.019|walker_max=348.933
STEP|n=13900000|unique=5720895|accepted=5705442|rate=92114.2/s|walker_min=161.121|walker_med=310.666|walker_max=345.975
STEP|n=14000000|unique=5748011|accepted=5732558|rate=92117.4/s|walker_min=220.967|walker_med=323.364|walker_max=347.814
STEP|n=14100000|unique=5774495|accepted=5759042|rate=92193.4/s|walker_min=236.082|walker_med=318.008|walker_max=346.098
STEP|n=14200000|unique=5803441|accepted=5787988|rate=92242.1/s|walker_min=244.584|walker_med=304.185|walker_max=349.265
STEP|n=14300000|unique=5832415|accepted=5816962|rate=92312.6/s|walker_min=185.094|walker_med=320.157|walker_max=349.616
STEP|n=14400000|unique=5862796|accepted=5847343|rate=92310.9/s|walker_min=180.380|walker_med=306.453|walker_max=348.392
STEP|n=14500000|unique=5896547|accepted=5881094|rate=92357.1/s|walker_min=164.978|walker_med=279.935|walker_max=345.953
STEP|n=14600000|unique=5935024|accepted=5919571|rate=92388.4/s|walker_min=164.372|walker_med=287.326|walker_max=333.056
STEP|n=14700000|unique=5978458|accepted=5963005|rate=92392.6/s|walker_min=134.336|walker_med=250.866|walker_max=349.279
STEP|n=14800000|unique=6030043|accepted=6014590|rate=92298.0/s|walker_min=122.221|walker_med=206.445|walker_max=328.851
STEP|n=14900000|unique=6089810|accepted=6074357|rate=92240.5/s|walker_min=87.405|walker_med=179.686|walker_max=280.247
STEP|n=15000000|unique=6153336|accepted=6137883|rate=92078.0/s|walker_min=56.047|walker_med=131.082|walker_max=225.890
PRUNE_START|step=15000000|unique=6153336|active_cutoff=350
PRUNE_DONE|step=15000000|unique=4000000|active_cutoff=307.168004|reservoir=200000
STEP|n=15100000|unique=4055937|accepted=6193820|rate=91495.4/s|walker_min=88.174|walker_med=151.317|walker_max=259.533
STEP|n=15200000|unique=4109908|accepted=6247791|rate=91360.0/s|walker_min=100.758|walker_med=209.452|walker_max=297.863
STEP|n=15300000|unique=4153229|accepted=6291112|rate=91335.9/s|walker_min=108.281|walker_med=239.575|walker_max=305.116
STEP|n=15400000|unique=4188456|accepted=6326339|rate=91390.8/s|walker_min=167.735|walker_med=253.258|walker_max=305.440
STEP|n=15500000|unique=4218598|accepted=6356481|rate=91456.6/s|walker_min=144.564|walker_med=276.768|walker_max=303.170
STEP|n=15600000|unique=4245138|accepted=6383021|rate=91534.7/s|walker_min=174.678|walker_med=268.370|walker_max=306.687
STEP|n=15700000|unique=4272122|accepted=6410005|rate=91559.8/s|walker_min=179.847|walker_med=265.892|walker_max=306.745
STEP|n=15800000|unique=4296507|accepted=6434390|rate=91647.4/s|walker_min=186.023|walker_med=284.517|walker_max=306.529
STEP|n=15900000|unique=4320169|accepted=6458052|rate=91740.0/s|walker_min=200.192|walker_med=284.392|walker_max=306.644
STEP|n=16000000|unique=4342786|accepted=6480669|rate=91841.4/s|walker_min=166.562|walker_med=279.163|walker_max=306.708
STEP|n=16100000|unique=4365927|accepted=6503810|rate=91930.9/s|walker_min=141.605|walker_med=279.689|walker_max=306.329
STEP|n=16200000|unique=4390861|accepted=6528744|rate=91948.9/s|walker_min=173.769|walker_med=273.089|walker_max=306.366
STEP|n=16300000|unique=4416252|accepted=6554135|rate=92022.6/s|walker_min=177.333|walker_med=278.990|walker_max=305.706
STEP|n=16400000|unique=4442681|accepted=6580564|rate=92111.4/s|walker_min=197.004|walker_med=268.790|walker_max=307.059
STEP|n=16500000|unique=4471229|accepted=6609112|rate=92179.5/s|walker_min=138.375|walker_med=256.015|walker_max=305.158
STEP|n=16600000|unique=4500886|accepted=6638769|rate=92229.6/s|walker_min=130.261|walker_med=262.802|walker_max=305.792
STEP|n=16700000|unique=4536776|accepted=6674659|rate=92201.2/s|walker_min=159.004|walker_med=251.519|walker_max=294.700
STEP|n=16800000|unique=4580703|accepted=6718586|rate=92202.4/s|walker_min=123.360|walker_med=209.035|walker_max=297.995
STEP|n=16900000|unique=4631616|accepted=6769499|rate=92157.7/s|walker_min=57.233|walker_med=191.234|walker_max=302.372
STEP|n=17000000|unique=4688685|accepted=6826568|rate=92022.0/s|walker_min=71.479|walker_med=148.771|walker_max=278.755
STEP|n=17100000|unique=4745436|accepted=6883319|rate=91954.9/s|walker_min=78.641|walker_med=157.180|walker_max=278.753
STEP|n=17200000|unique=4798667|accepted=6936550|rate=91864.9/s|walker_min=108.744|walker_med=185.627|walker_max=303.065
STEP|n=17300000|unique=4841870|accepted=6979753|rate=91876.9/s|walker_min=126.120|walker_med=242.810|walker_max=290.280
STEP|n=17400000|unique=4877252|accepted=7015135|rate=91920.5/s|walker_min=151.738|walker_med=239.882|walker_max=305.861
STEP|n=17500000|unique=4908249|accepted=7046132|rate=91973.1/s|walker_min=177.593|walker_med=253.064|walker_max=305.362
STEP|n=17600000|unique=4936878|accepted=7074761|rate=91991.2/s|walker_min=193.928|walker_med=274.212|walker_max=307.151
STEP|n=17700000|unique=4963067|accepted=7100950|rate=92068.3/s|walker_min=205.080|walker_med=275.045|walker_max=304.278
STEP|n=17800000|unique=4989052|accepted=7126935|rate=92149.9/s|walker_min=240.559|walker_med=276.142|walker_max=306.256
STEP|n=17900000|unique=5013004|accepted=7150887|rate=92223.1/s|walker_min=206.120|walker_med=281.936|walker_max=306.638
STEP|n=18000000|unique=5036881|accepted=7174764|rate=92291.1/s|walker_min=137.689|walker_med=275.691|walker_max=306.395
STEP|n=18100000|unique=5060484|accepted=7198367|rate=92302.2/s|walker_min=167.927|walker_med=290.303|walker_max=306.918
STEP|n=18200000|unique=5084372|accepted=7222255|rate=92354.4/s|walker_min=165.788|walker_med=274.336|walker_max=305.150
STEP|n=18300000|unique=5108572|accepted=7246455|rate=92417.3/s|walker_min=221.693|walker_med=272.775|walker_max=304.083
STEP|n=18400000|unique=5135066|accepted=7272949|rate=92456.9/s|walker_min=167.253|walker_med=274.065|walker_max=306.484
STEP|n=18500000|unique=5163149|accepted=7301032|rate=92488.0/s|walker_min=145.206|walker_med=262.533|walker_max=305.131
STEP|n=18600000|unique=5193126|accepted=7331009|rate=92475.6/s|walker_min=150.841|walker_med=269.568|walker_max=303.354
STEP|n=18700000|unique=5229144|accepted=7367027|rate=92502.5/s|walker_min=106.822|walker_med=225.749|walker_max=301.223
STEP|n=18800000|unique=5272302|accepted=7410185|rate=92503.7/s|walker_min=82.671|walker_med=200.623|walker_max=288.403
STEP|n=18900000|unique=5325347|accepted=7463230|rate=92420.0/s|walker_min=91.437|walker_med=174.752|walker_max=302.820
STEP|n=19000000|unique=5382276|accepted=7520159|rate=92377.8/s|walker_min=65.359|walker_med=130.126|walker_max=254.056
STEP|n=19100000|unique=5439557|accepted=7577440|rate=92307.4/s|walker_min=94.427|walker_med=176.170|walker_max=247.360
STEP|n=19200000|unique=5491824|accepted=7629707|rate=92229.4/s|walker_min=114.028|walker_med=221.017|walker_max=293.629
STEP|n=19300000|unique=5536540|accepted=7674423|rate=92237.7/s|walker_min=134.435|walker_med=246.863|walker_max=285.929
STEP|n=19400000|unique=5572937|accepted=7710820|rate=92271.6/s|walker_min=125.001|walker_med=251.007|walker_max=296.804
STEP|n=19500000|unique=5604154|accepted=7742037|rate=92235.8/s|walker_min=169.255|walker_med=257.706|walker_max=303.925
STEP|n=19600000|unique=5632357|accepted=7770240|rate=92302.0/s|walker_min=157.831|walker_med=278.772|walker_max=304.403
STEP|n=19700000|unique=5658660|accepted=7796543|rate=92367.0/s|walker_min=189.893|walker_med=274.356|walker_max=303.090
STEP|n=19800000|unique=5684241|accepted=7822124|rate=92429.9/s|walker_min=192.329|walker_med=258.566|walker_max=301.686
STEP|n=19900000|unique=5707608|accepted=7845491|rate=92498.0/s|walker_min=216.268|walker_med=275.381|walker_max=305.588
STEP|n=20000000|unique=5730410|accepted=7868293|rate=92508.2/s|walker_min=168.289|walker_med=273.264|walker_max=305.756
STEP|n=20100000|unique=5753021|accepted=7890904|rate=92576.8/s|walker_min=172.470|walker_med=289.384|walker_max=305.197
STEP|n=20200000|unique=5776385|accepted=7914268|rate=92641.0/s|walker_min=176.146|walker_med=276.664|walker_max=306.754
STEP|n=20300000|unique=5800066|accepted=7937949|rate=92703.7/s|walker_min=196.473|walker_med=280.005|walker_max=305.691
STEP|n=20400000|unique=5826360|accepted=7964243|rate=92771.2/s|walker_min=160.302|walker_med=264.775|walker_max=304.753
STEP|n=20500000|unique=5854565|accepted=7992448|rate=92779.3/s|walker_min=144.266|walker_med=269.193|walker_max=306.640
STEP|n=20600000|unique=5886343|accepted=8024226|rate=92820.3/s|walker_min=152.564|walker_med=251.522|walker_max=305.045
STEP|n=20700000|unique=5922640|accepted=8060523|rate=92847.7/s|walker_min=163.168|walker_med=237.069|walker_max=299.600
STEP|n=20800000|unique=5966546|accepted=8104429|rate=92854.0/s|walker_min=132.486|walker_med=219.095|walker_max=300.190
STEP|n=20900000|unique=6018616|accepted=8156499|rate=92775.2/s|walker_min=58.810|walker_med=170.060|walker_max=302.212
STEP|n=21000000|unique=6075436|accepted=8213319|rate=92717.6/s|walker_min=61.839|walker_med=122.581|walker_max=221.487
STEP|n=21100000|unique=6131708|accepted=8269591|rate=92609.2/s|walker_min=88.094|walker_med=162.991|walker_max=260.266
STEP|n=21200000|unique=6186226|accepted=8324109|rate=92566.4/s|walker_min=136.368|walker_med=190.674|walker_max=291.421
STEP|n=21300000|unique=6228439|accepted=8366322|rate=92568.1/s|walker_min=136.127|walker_med=240.406|walker_max=304.495
STEP|n=21400000|unique=6264859|accepted=8402742|rate=92533.0/s|walker_min=172.989|walker_med=266.260|walker_max=305.279
STEP|n=21500000|unique=6295991|accepted=8433874|rate=92570.8/s|walker_min=150.218|walker_med=266.817|walker_max=303.862
STEP|n=21600000|unique=6323661|accepted=8461544|rate=92626.0/s|walker_min=198.918|walker_med=268.039|walker_max=306.608
STEP|n=21700000|unique=6349302|accepted=8487185|rate=92687.6/s|walker_min=189.143|walker_med=285.343|walker_max=306.074
STEP|n=21800000|unique=6373663|accepted=8511546|rate=92754.8/s|walker_min=203.766|walker_med=275.257|walker_max=303.798
STEP|n=21900000|unique=6397591|accepted=8535474|rate=92769.3/s|walker_min=194.738|walker_med=277.998|walker_max=302.306
STEP|n=22000000|unique=6420612|accepted=8558495|rate=92834.0/s|walker_min=212.416|walker_med=276.103|walker_max=306.325
STEP|n=22100000|unique=6443222|accepted=8581105|rate=92896.6/s|walker_min=188.992|walker_med=280.874|walker_max=305.819
STEP|n=22200000|unique=6467550|accepted=8605433|rate=92943.9/s|walker_min=192.024|walker_med=268.704|walker_max=302.040
STEP|n=22300000|unique=6492486|accepted=8630369|rate=92987.3/s|walker_min=166.104|walker_med=278.165|walker_max=298.990
STEP|n=22400000|unique=6519732|accepted=8657615|rate=92972.2/s|walker_min=186.605|walker_med=275.939|walker_max=304.546
STEP|n=22500000|unique=6547989|accepted=8685872|rate=93028.1/s|walker_min=171.496|walker_med=271.650|walker_max=306.405
STEP|n=22600000|unique=6577549|accepted=8715432|rate=93059.1/s|walker_min=165.265|walker_med=258.983|walker_max=305.592
STEP|n=22700000|unique=6613380|accepted=8751263|rate=93068.6/s|walker_min=135.145|walker_med=237.799|walker_max=303.153
STEP|n=22800000|unique=6656894|accepted=8794777|rate=93013.2/s|walker_min=121.492|walker_med=202.352|walker_max=288.317
STEP|n=22900000|unique=6709675|accepted=8847558|rate=92990.6/s|walker_min=105.654|walker_med=181.828|walker_max=298.006
STEP|n=23000000|unique=6766403|accepted=8904286|rate=92949.3/s|walker_min=75.773|walker_med=125.353|walker_max=232.437
STEP|n=23100000|unique=6823643|accepted=8961526|rate=92851.4/s|walker_min=72.101|walker_med=155.826|walker_max=227.795
STEP|n=23200000|unique=6876573|accepted=9014456|rate=92824.8/s|walker_min=100.715|walker_med=197.840|walker_max=292.057
STEP|n=23300000|unique=6921022|accepted=9058905|rate=92766.3/s|walker_min=148.404|walker_med=244.287|walker_max=306.525
STEP|n=23400000|unique=6956483|accepted=9094366|rate=92776.6/s|walker_min=147.647|walker_med=241.152|walker_max=297.612
STEP|n=23500000|unique=6987660|accepted=9125543|rate=92804.4/s|walker_min=180.224|walker_med=261.648|walker_max=306.638
STEP|n=23600000|unique=7015351|accepted=9153234|rate=92824.7/s|walker_min=174.268|walker_med=272.131|walker_max=307.132
STEP|n=23700000|unique=7042272|accepted=9180155|rate=92849.9/s|walker_min=184.021|walker_med=273.704|walker_max=301.681
STEP|n=23800000|unique=7066715|accepted=9204598|rate=92819.4/s|walker_min=160.611|walker_med=265.307|walker_max=306.847
STEP|n=23900000|unique=7090487|accepted=9228370|rate=92854.9/s|walker_min=189.250|walker_med=275.905|walker_max=307.103
STEP|n=24000000|unique=7113986|accepted=9251869|rate=92901.1/s|walker_min=194.539|walker_med=271.474|walker_max=304.189
STEP|n=24100000|unique=7137122|accepted=9275005|rate=92944.3/s|walker_min=204.066|walker_med=288.099|walker_max=307.142
STEP|n=24200000|unique=7160038|accepted=9297921|rate=93003.3/s|walker_min=172.227|walker_med=274.871|walker_max=306.673
STEP|n=24300000|unique=7185378|accepted=9323261|rate=93046.8/s|walker_min=133.790|walker_med=283.311|walker_max=306.312
STEP|n=24400000|unique=7212339|accepted=9350222|rate=93033.6/s|walker_min=172.700|walker_med=279.759|walker_max=302.829
STEP|n=24500000|unique=7240227|accepted=9378110|rate=93072.6/s|walker_min=129.635|walker_med=254.294|walker_max=306.872
STEP|n=24600000|unique=7271647|accepted=9409530|rate=93108.7/s|walker_min=178.630|walker_med=255.048|walker_max=305.679
STEP|n=24700000|unique=7307043|accepted=9444926|rate=93128.1/s|walker_min=134.126|walker_med=251.615|walker_max=305.569
STEP|n=24800000|unique=7349277|accepted=9487160|rate=93069.3/s|walker_min=138.122|walker_med=216.358|walker_max=304.189
STEP|n=24900000|unique=7399721|accepted=9537604|rate=93057.3/s|walker_min=74.795|walker_med=177.774|walker_max=282.622
STEP|n=25000000|unique=7457793|accepted=9595676|rate=92953.4/s|walker_min=76.678|walker_med=119.214|walker_max=214.447
PRUNE_START|step=25000000|unique=7457793|active_cutoff=307.168004
PRUNE_DONE|step=25000000|unique=4000000|active_cutoff=260.332227|reservoir=200000
STEP|n=25100000|unique=4048512|accepted=9644188|rate=92511.2/s|walker_min=78.734|walker_med=157.213|walker_max=254.160
STEP|n=25200000|unique=4089744|accepted=9685420|rate=92510.3/s|walker_min=118.227|walker_med=198.050|walker_max=260.224
STEP|n=25300000|unique=4123153|accepted=9718829|rate=92484.6/s|walker_min=98.561|walker_med=222.381|walker_max=259.841
STEP|n=25400000|unique=4150413|accepted=9746089|rate=92493.3/s|walker_min=160.671|walker_med=230.001|walker_max=259.427
STEP|n=25500000|unique=4173890|accepted=9769566|rate=92534.4/s|walker_min=159.308|walker_med=227.284|walker_max=259.634
STEP|n=25600000|unique=4196158|accepted=9791834|rate=92589.7/s|walker_min=152.362|walker_med=236.660|walker_max=260.237
STEP|n=25700000|unique=4216739|accepted=9812415|rate=92650.6/s|walker_min=167.824|walker_med=230.138|walker_max=260.073
STEP|n=25800000|unique=4236318|accepted=9831994|rate=92718.6/s|walker_min=172.520|walker_med=241.206|walker_max=259.658
STEP|n=25900000|unique=4254633|accepted=9850309|rate=92786.5/s|walker_min=163.715|walker_med=240.461|walker_max=258.720
STEP|n=26000000|unique=4272313|accepted=9867989|rate=92826.1/s|walker_min=126.040|walker_med=235.278|walker_max=256.867
STEP|n=26100000|unique=4290683|accepted=9886359|rate=92895.1/s|walker_min=175.566|walker_med=238.526|walker_max=259.619
STEP|n=26200000|unique=4309630|accepted=9905306|rate=92963.1/s|walker_min=165.080|walker_med=243.639|walker_max=260.314
STEP|n=26300000|unique=4329585|accepted=9925261|rate=93029.0/s|walker_min=160.486|walker_med=232.452|walker_max=256.735
STEP|n=26400000|unique=4349550|accepted=9945226|rate=93095.8/s|walker_min=161.616|walker_med=231.523|walker_max=259.654
STEP|n=26500000|unique=4371844|accepted=9967520|rate=93150.5/s|walker_min=157.734|walker_med=226.348|walker_max=259.081
STEP|n=26600000|unique=4395965|accepted=9991641|rate=93195.5/s|walker_min=97.744|walker_med=226.448|walker_max=258.577
STEP|n=26700000|unique=4422339|accepted=10018015|rate=93217.9/s|walker_min=138.291|walker_med=221.115|walker_max=256.851
STEP|n=26800000|unique=4453932|accepted=10049608|rate=93243.2/s|walker_min=116.698|walker_med=195.160|walker_max=259.970
STEP|n=26900000|unique=4494549|accepted=10090225|rate=93246.9/s|walker_min=103.816|walker_med=166.421|walker_max=225.444
STEP|n=27000000|unique=4541505|accepted=10137181|rate=93202.8/s|walker_min=58.360|walker_med=129.126|walker_max=252.419
STEP|n=27100000|unique=4590481|accepted=10186157|rate=93165.4/s|walker_min=96.698|walker_med=157.777|walker_max=227.271
STEP|n=27200000|unique=4631346|accepted=10227022|rate=93162.7/s|walker_min=120.141|walker_med=212.230|walker_max=255.163
STEP|n=27300000|unique=4665553|accepted=10261229|rate=93154.0/s|walker_min=64.118|walker_med=197.948|walker_max=258.691
STEP|n=27400000|unique=4691743|accepted=10287419|rate=93198.1/s|walker_min=137.842|walker_med=221.546|walker_max=259.542
STEP|n=27500000|unique=4715207|accepted=10310883|rate=93246.0/s|walker_min=131.617|walker_med=229.730|walker_max=260.067
STEP|n=27600000|unique=4737287|accepted=10332963|rate=93295.8/s|walker_min=124.558|walker_med=223.520|walker_max=256.114
STEP|n=27700000|unique=4757891|accepted=10353567|rate=93356.2/s|walker_min=160.942|walker_med=235.547|walker_max=258.622
STEP|n=27800000|unique=4777349|accepted=10373025|rate=93420.5/s|walker_min=110.024|walker_med=236.085|walker_max=259.816
STEP|n=27900000|unique=4795507|accepted=10391183|rate=93485.8/s|walker_min=188.003|walker_med=233.053|walker_max=259.584
STEP|n=28000000|unique=4813879|accepted=10409555|rate=93519.1/s|walker_min=168.493|walker_med=234.126|walker_max=259.052
STEP|n=28100000|unique=4831762|accepted=10427438|rate=93576.3/s|walker_min=195.391|walker_med=236.832|walker_max=260.313
STEP|n=28200000|unique=4850216|accepted=10445892|rate=93620.3/s|walker_min=183.538|walker_med=245.421|walker_max=256.328
STEP|n=28300000|unique=4869640|accepted=10465316|rate=93678.2/s|walker_min=129.448|walker_med=237.748|walker_max=256.408
STEP|n=28400000|unique=4890054|accepted=10485730|rate=93733.2/s|walker_min=126.149|walker_med=221.778|walker_max=260.216
STEP|n=28500000|unique=4911374|accepted=10507050|rate=93789.0/s|walker_min=109.300|walker_med=234.677|walker_max=257.804
STEP|n=28600000|unique=4934397|accepted=10530073|rate=93792.2/s|walker_min=121.784|walker_med=211.313|walker_max=259.257
STEP|n=28700000|unique=4959996|accepted=10555672|rate=93827.8/s|walker_min=100.274|walker_med=207.306|walker_max=259.598
STEP|n=28800000|unique=4993168|accepted=10588844|rate=93850.4/s|walker_min=96.866|walker_med=187.929|walker_max=246.575
STEP|n=28900000|unique=5036192|accepted=10631868|rate=93851.5/s|walker_min=80.971|walker_med=153.690|walker_max=238.000
STEP|n=29000000|unique=5085458|accepted=10681134|rate=93782.5/s|walker_min=73.094|walker_med=118.445|walker_max=190.654
STEP|n=29100000|unique=5135417|accepted=10731093|rate=93744.8/s|walker_min=97.331|walker_med=142.670|walker_max=255.526
STEP|n=29200000|unique=5176893|accepted=10772569|rate=93740.7/s|walker_min=108.205|walker_med=194.476|walker_max=252.018
STEP|n=29300000|unique=5209181|accepted=10804857|rate=93731.8/s|walker_min=141.753|walker_med=226.768|walker_max=259.874
STEP|n=29400000|unique=5235684|accepted=10831360|rate=93768.8/s|walker_min=153.914|walker_med=224.044|walker_max=257.040
STEP|n=29500000|unique=5258994|accepted=10854670|rate=93810.2/s|walker_min=164.347|walker_med=228.296|walker_max=258.657
STEP|n=29600000|unique=5280062|accepted=10875738|rate=93857.4/s|walker_min=162.681|walker_med=237.474|walker_max=258.740
STEP|n=29700000|unique=5299846|accepted=10895522|rate=93900.3/s|walker_min=160.485|walker_med=239.097|walker_max=259.805
STEP|n=29800000|unique=5318758|accepted=10914434|rate=93955.4/s|walker_min=175.786|walker_med=244.077|walker_max=260.022
STEP|n=29900000|unique=5337776|accepted=10933452|rate=93975.8/s|walker_min=151.911|walker_med=236.975|walker_max=259.231
STEP|n=30000000|unique=5356159|accepted=10951835|rate=94030.3/s|walker_min=146.810|walker_med=229.946|walker_max=260.014
STEP|n=30100000|unique=5374735|accepted=10970411|rate=94084.7/s|walker_min=138.101|walker_med=234.584|walker_max=259.663
STEP|n=30200000|unique=5393390|accepted=10989066|rate=94139.5/s|walker_min=175.217|walker_med=243.562|walker_max=260.315
STEP|n=30300000|unique=5412764|accepted=11008440|rate=94194.8/s|walker_min=141.390|walker_med=243.357|walker_max=259.418
STEP|n=30400000|unique=5432637|accepted=11028313|rate=94245.8/s|walker_min=203.903|walker_med=242.750|walker_max=259.362
STEP|n=30500000|unique=5454754|accepted=11050430|rate=94288.6/s|walker_min=155.094|walker_med=224.941|walker_max=259.486
STEP|n=30600000|unique=5477824|accepted=11073500|rate=94299.2/s|walker_min=155.214|walker_med=224.301|walker_max=259.521
STEP|n=30700000|unique=5504010|accepted=11099686|rate=94333.5/s|walker_min=115.280|walker_med=212.811|walker_max=259.961
STEP|n=30800000|unique=5535026|accepted=11130702|rate=94349.0/s|walker_min=134.306|walker_med=193.024|walker_max=252.576
STEP|n=30900000|unique=5573495|accepted=11169171|rate=94351.7/s|walker_min=70.155|walker_med=171.851|walker_max=252.888
STEP|n=31000000|unique=5620600|accepted=11216276|rate=94260.8/s|walker_min=55.682|walker_med=126.354|walker_max=215.244
STEP|n=31100000|unique=5668246|accepted=11263922|rate=94237.5/s|walker_min=58.395|walker_med=172.848|walker_max=240.874
STEP|n=31200000|unique=5710232|accepted=11305908|rate=94232.9/s|walker_min=108.504|walker_med=196.190|walker_max=254.075
STEP|n=31300000|unique=5742217|accepted=11337893|rate=94207.4/s|walker_min=147.227|walker_med=215.638|walker_max=259.893
STEP|n=31400000|unique=5768354|accepted=11364030|rate=94235.7/s|walker_min=93.783|walker_med=225.306|walker_max=258.020
STEP|n=31500000|unique=5792324|accepted=11388000|rate=94269.4/s|walker_min=117.299|walker_med=220.789|walker_max=256.061
STEP|n=31600000|unique=5813243|accepted=11408919|rate=94312.9/s|walker_min=156.309|walker_med=243.765|walker_max=259.921
STEP|n=31700000|unique=5833606|accepted=11429282|rate=94349.6/s|walker_min=122.400|walker_med=235.027|walker_max=260.111
STEP|n=31800000|unique=5852793|accepted=11448469|rate=94383.1/s|walker_min=201.742|walker_med=241.119|walker_max=259.975
STEP|n=31900000|unique=5871297|accepted=11466973|rate=94377.7/s|walker_min=167.119|walker_med=238.628|walker_max=258.684
STEP|n=32000000|unique=5889299|accepted=11484975|rate=94416.8/s|walker_min=185.163|walker_med=241.107|walker_max=255.934
STEP|n=32100000|unique=5907019|accepted=11502695|rate=94462.9/s|walker_min=87.857|walker_med=236.492|walker_max=260.204
STEP|n=32200000|unique=5925643|accepted=11521319|rate=94503.1/s|walker_min=134.191|walker_med=237.924|walker_max=260.246
STEP|n=32300000|unique=5944705|accepted=11540381|rate=94544.1/s|walker_min=157.557|walker_med=222.488|walker_max=259.542
STEP|n=32400000|unique=5965015|accepted=11560691|rate=94588.4/s|walker_min=182.896|walker_med=234.436|walker_max=259.398
STEP|n=32500000|unique=5986101|accepted=11581777|rate=94625.6/s|walker_min=154.643|walker_med=232.091|walker_max=259.790
STEP|n=32600000|unique=6009315|accepted=11604991|rate=94623.6/s|walker_min=155.296|walker_med=232.780|walker_max=259.572
STEP|n=32700000|unique=6036870|accepted=11632546|rate=94641.7/s|walker_min=87.241|walker_med=208.475|walker_max=260.155
STEP|n=32800000|unique=6067108|accepted=11662784|rate=94662.2/s|walker_min=81.667|walker_med=218.453|walker_max=259.471
STEP|n=32900000|unique=6108616|accepted=11704292|rate=94659.2/s|walker_min=82.173|walker_med=156.734|walker_max=252.448
STEP|n=33000000|unique=6155738|accepted=11751414|rate=94604.4/s|walker_min=70.208|walker_med=123.135|walker_max=218.820
STEP|n=33100000|unique=6204381|accepted=11800057|rate=94565.7/s|walker_min=97.609|walker_med=170.649|walker_max=238.743
STEP|n=33200000|unique=6246157|accepted=11841833|rate=94566.7/s|walker_min=95.620|walker_med=190.238|walker_max=248.885
STEP|n=33300000|unique=6279540|accepted=11875216|rate=94543.1/s|walker_min=174.846|walker_med=227.082|walker_max=259.903
STEP|n=33400000|unique=6305871|accepted=11901547|rate=94574.2/s|walker_min=171.007|walker_med=225.608|walker_max=257.557
STEP|n=33500000|unique=6330632|accepted=11926308|rate=94607.5/s|walker_min=148.103|walker_med=232.632|walker_max=258.599
STEP|n=33600000|unique=6352584|accepted=11948260|rate=94650.4/s|walker_min=178.741|walker_med=241.029|walker_max=260.026
STEP|n=33700000|unique=6373028|accepted=11968704|rate=94687.4/s|walker_min=188.242|walker_med=238.910|walker_max=260.084
STEP|n=33800000|unique=6392542|accepted=11988218|rate=94725.6/s|walker_min=124.862|walker_med=241.310|walker_max=259.755
STEP|n=33900000|unique=6411204|accepted=12006880|rate=94739.9/s|walker_min=174.588|walker_med=241.945|walker_max=259.992
STEP|n=34000000|unique=6429972|accepted=12025648|rate=94791.0/s|walker_min=201.253|walker_med=243.293|walker_max=259.972
STEP|n=34100000|unique=6448194|accepted=12043870|rate=94828.5/s|walker_min=169.952|walker_med=239.892|walker_max=260.057
STEP|n=34200000|unique=6467194|accepted=12062870|rate=94863.5/s|walker_min=156.644|walker_med=230.899|walker_max=258.454
STEP|n=34300000|unique=6486605|accepted=12082281|rate=94893.4/s|walker_min=160.519|walker_med=241.993|walker_max=259.184
STEP|n=34400000|unique=6506445|accepted=12102121|rate=94908.1/s|walker_min=153.653|walker_med=235.145|walker_max=257.627
STEP|n=34500000|unique=6528219|accepted=12123895|rate=94937.0/s|walker_min=169.694|walker_med=234.080|walker_max=259.591
STEP|n=34600000|unique=6551434|accepted=12147110|rate=94932.2/s|walker_min=168.160|walker_med=233.546|walker_max=258.567
STEP|n=34700000|unique=6578486|accepted=12174162|rate=94959.8/s|walker_min=93.770|walker_med=200.076|walker_max=258.363
STEP|n=34800000|unique=6610049|accepted=12205725|rate=94975.8/s|walker_min=135.818|walker_med=186.597|walker_max=257.349
STEP|n=34900000|unique=6648793|accepted=12244469|rate=94980.9/s|walker_min=99.660|walker_med=175.178|walker_max=259.626
STEP|n=35000000|unique=6696439|accepted=12292115|rate=94927.5/s|walker_min=54.219|walker_med=115.595|walker_max=197.181
PRUNE_START|step=35000000|unique=6696439|active_cutoff=260.332227
PRUNE_DONE|step=35000000|unique=4000000|active_cutoff=230.545069|reservoir=200000
STEP|n=35100000|unique=4040854|accepted=12332969|rate=94605.3/s|walker_min=104.760|walker_med=145.394|walker_max=221.762
STEP|n=35200000|unique=4071612|accepted=12363727|rate=94622.2/s|walker_min=111.537|walker_med=190.197|walker_max=229.255
STEP|n=35300000|unique=4096423|accepted=12388538|rate=94618.8/s|walker_min=109.265|walker_med=177.551|walker_max=228.188
STEP|n=35400000|unique=4119171|accepted=12411286|rate=94632.3/s|walker_min=98.037|walker_med=203.845|walker_max=230.372
STEP|n=35500000|unique=4138138|accepted=12430253|rate=94666.5/s|walker_min=88.956|walker_med=203.207|walker_max=229.177
STEP|n=35600000|unique=4154344|accepted=12446459|rate=94715.6/s|walker_min=162.022|walker_med=212.384|walker_max=230.508
STEP|n=35700000|unique=4170944|accepted=12463059|rate=94762.7/s|walker_min=141.327|walker_med=204.163|walker_max=230.034
STEP|n=35800000|unique=4185933|accepted=12478048|rate=94814.7/s|walker_min=162.374|walker_med=214.703|walker_max=230.373
STEP|n=35900000|unique=4201214|accepted=12493329|rate=94864.2/s|walker_min=144.941|walker_med=208.253|walker_max=229.291
STEP|n=36000000|unique=4216687|accepted=12508802|rate=94912.1/s|walker_min=140.269|walker_med=218.530|walker_max=229.958
STEP|n=36100000|unique=4231189|accepted=12523304|rate=94951.7/s|walker_min=123.473|walker_med=213.007|walker_max=230.360
STEP|n=36200000|unique=4246178|accepted=12538293|rate=94961.7/s|walker_min=135.789|walker_med=212.767|walker_max=230.005
STEP|n=36300000|unique=4262067|accepted=12554182|rate=94998.9/s|walker_min=156.958|walker_med=206.944|walker_max=230.042
STEP|n=36400000|unique=4278011|accepted=12570126|rate=95041.7/s|walker_min=142.015|walker_med=204.714|walker_max=228.694
STEP|n=36500000|unique=4295123|accepted=12587238|rate=95078.5/s|walker_min=162.289|walker_med=212.945|walker_max=229.464
STEP|n=36600000|unique=4313237|accepted=12605352|rate=95112.9/s|walker_min=122.664|walker_med=208.471|walker_max=227.425
STEP|n=36700000|unique=4333466|accepted=12625581|rate=95137.9/s|walker_min=108.950|walker_med=186.103|walker_max=228.918
STEP|n=36800000|unique=4356964|accepted=12649079|rate=95154.0/s|walker_min=117.989|walker_med=184.465|walker_max=226.605
STEP|n=36900000|unique=4386229|accepted=12678344|rate=95129.8/s|walker_min=79.941|walker_med=164.940|walker_max=224.351
STEP|n=37000000|unique=4426746|accepted=12718861|rate=95117.1/s|walker_min=61.915|walker_med=114.068|walker_max=219.663
STEP|n=37100000|unique=4466718|accepted=12758833|rate=95110.3/s|walker_min=92.143|walker_med=157.464|walker_max=229.502
STEP|n=37200000|unique=4498213|accepted=12790328|rate=95127.2/s|walker_min=107.548|walker_med=184.118|walker_max=230.453
STEP|n=37300000|unique=4522563|accepted=12814678|rate=95137.9/s|walker_min=131.216|walker_med=201.461|walker_max=230.178
STEP|n=37400000|unique=4542865|accepted=12834980|rate=95179.4/s|walker_min=176.436|walker_med=213.253|walker_max=229.931
STEP|n=37500000|unique=4561019|accepted=12853134|rate=95221.5/s|walker_min=158.249|walker_med=197.206|walker_max=226.237
STEP|n=37600000|unique=4578250|accepted=12870365|rate=95263.9/s|walker_min=115.374|walker_med=207.934|walker_max=226.272
STEP|n=37700000|unique=4594391|accepted=12886506|rate=95308.6/s|walker_min=132.616|walker_med=203.836|walker_max=230.092
STEP|n=37800000|unique=4610520|accepted=12902635|rate=95349.9/s|walker_min=153.373|walker_med=205.167|walker_max=229.823
STEP|n=37900000|unique=4626067|accepted=12918182|rate=95395.1/s|walker_min=128.928|walker_med=212.073|walker_max=228.847
STEP|n=38000000|unique=4640945|accepted=12933060|rate=95442.8/s|walker_min=148.189|walker_med=219.688|walker_max=229.963
STEP|n=38100000|unique=4655006|accepted=12947121|rate=95472.8/s|walker_min=131.306|walker_med=215.828|walker_max=230.295
STEP|n=38200000|unique=4669983|accepted=12962098|rate=95524.2/s|walker_min=112.142|walker_med=205.555|walker_max=230.470
STEP|n=38300000|unique=4685301|accepted=12977416|rate=95575.2/s|walker_min=168.154|walker_med=213.733|walker_max=230.168
STEP|n=38400000|unique=4702296|accepted=12994411|rate=95619.9/s|walker_min=156.419|walker_med=212.007|walker_max=230.276
STEP|n=38500000|unique=4720017|accepted=13012132|rate=95659.1/s|walker_min=125.298|walker_med=208.518|walker_max=229.891
STEP|n=38600000|unique=4739195|accepted=13031310|rate=95695.9/s|walker_min=164.025|walker_med=214.235|walker_max=230.503
STEP|n=38700000|unique=4759823|accepted=13051938|rate=95730.4/s|walker_min=141.562|walker_med=199.352|walker_max=229.556
STEP|n=38800000|unique=4784195|accepted=13076310|rate=95732.6/s|walker_min=115.260|walker_med=188.091|walker_max=230.058
STEP|n=38900000|unique=4815624|accepted=13107739|rate=95750.5/s|walker_min=84.951|walker_med=179.648|walker_max=226.438
STEP|n=39000000|unique=4854955|accepted=13147070|rate=95747.8/s|walker_min=75.874|walker_med=118.666|walker_max=178.219
STEP|n=39100000|unique=4897146|accepted=13189261|rate=95738.6/s|walker_min=94.216|walker_med=156.478|walker_max=214.868
STEP|n=39200000|unique=4929484|accepted=13221599|rate=95725.6/s|walker_min=91.316|walker_med=173.264|walker_max=227.926
STEP|n=39300000|unique=4954360|accepted=13246475|rate=95745.7/s|walker_min=119.897|walker_med=201.003|walker_max=225.889
STEP|n=39400000|unique=4974615|accepted=13266730|rate=95778.6/s|walker_min=134.761|walker_med=203.507|walker_max=230.176
STEP|n=39500000|unique=4992855|accepted=13284970|rate=95817.0/s|walker_min=146.180|walker_med=203.627|walker_max=230.008
STEP|n=39600000|unique=5009397|accepted=13301512|rate=95861.1/s|walker_min=125.553|walker_med=207.479|walker_max=230.190
STEP|n=39700000|unique=5025806|accepted=13317921|rate=95901.6/s|walker_min=153.393|walker_med=211.920|walker_max=230.220
STEP|n=39800000|unique=5041504|accepted=13333619|rate=95935.2/s|walker_min=158.452|walker_med=211.380|walker_max=229.867
STEP|n=39900000|unique=5057044|accepted=13349159|rate=95938.9/s|walker_min=172.862|walker_med=216.684|walker_max=229.677
STEP|n=40000000|unique=5071693|accepted=13363808|rate=95973.0/s|walker_min=193.277|walker_med=218.926|walker_max=230.108
STEP|n=40100000|unique=5086319|accepted=13378434|rate=95999.7/s|walker_min=176.554|walker_med=215.825|walker_max=230.429
STEP|n=40200000|unique=5101361|accepted=13393476|rate=96037.9/s|walker_min=155.353|walker_med=216.859|walker_max=228.999
STEP|n=40300000|unique=5116849|accepted=13408964|rate=96082.6/s|walker_min=137.680|walker_med=210.512|walker_max=229.196
STEP|n=40400000|unique=5133474|accepted=13425589|rate=96125.9/s|walker_min=142.035|walker_med=214.042|walker_max=228.608
STEP|n=40500000|unique=5150978|accepted=13443093|rate=96162.5/s|walker_min=114.014|walker_med=203.732|walker_max=230.478
STEP|n=40600000|unique=5170063|accepted=13462178|rate=96194.6/s|walker_min=105.262|walker_med=197.942|walker_max=230.329
STEP|n=40700000|unique=5190809|accepted=13482924|rate=96201.5/s|walker_min=89.748|walker_med=207.040|walker_max=230.397
STEP|n=40800000|unique=5215798|accepted=13507913|rate=96219.3/s|walker_min=134.264|walker_med=182.399|walker_max=230.532
STEP|n=40900000|unique=5245695|accepted=13537810|rate=96232.2/s|walker_min=90.010|walker_med=170.115|walker_max=229.944
STEP|n=41000000|unique=5284118|accepted=13576233|rate=96225.4/s|walker_min=80.631|walker_med=121.375|walker_max=172.828
STEP|n=41100000|unique=5325657|accepted=13617772|rate=96187.9/s|walker_min=89.542|walker_med=171.541|walker_max=228.914
STEP|n=41200000|unique=5357781|accepted=13649896|rate=96202.0/s|walker_min=115.513|walker_med=180.329|walker_max=226.256
STEP|n=41300000|unique=5382835|accepted=13674950|rate=96222.4/s|walker_min=127.089|walker_med=202.500|walker_max=227.398
STEP|n=41400000|unique=5403615|accepted=13695730|rate=96254.3/s|walker_min=138.221|walker_med=195.809|walker_max=229.110
STEP|n=41500000|unique=5421891|accepted=13714006|rate=96292.3/s|walker_min=115.501|walker_med=207.300|walker_max=229.492
STEP|n=41600000|unique=5438923|accepted=13731038|rate=96327.0/s|walker_min=178.222|walker_med=203.057|walker_max=229.415
STEP|n=41700000|unique=5455526|accepted=13747641|rate=96338.3/s|walker_min=114.513|walker_med=206.718|walker_max=230.279
STEP|n=41800000|unique=5470805|accepted=13762920|rate=96372.7/s|walker_min=148.317|walker_med=205.378|walker_max=228.382
STEP|n=41900000|unique=5486077|accepted=13778192|rate=96409.9/s|walker_min=155.225|walker_med=214.885|walker_max=226.202
STEP|n=42000000|unique=5501111|accepted=13793226|rate=96450.3/s|walker_min=153.636|walker_med=218.169|walker_max=229.722
STEP|n=42100000|unique=5516270|accepted=13808385|rate=96490.9/s|walker_min=167.778|walker_med=214.135|walker_max=228.073
STEP|n=42200000|unique=5531066|accepted=13823181|rate=96531.2/s|walker_min=137.792|walker_med=204.776|walker_max=228.670
STEP|n=42300000|unique=5546705|accepted=13838820|rate=96573.2/s|walker_min=123.230|walker_med=211.612|walker_max=228.916
STEP|n=42400000|unique=5562381|accepted=13854496|rate=96615.1/s|walker_min=161.789|walker_med=210.628|walker_max=230.153
STEP|n=42500000|unique=5579462|accepted=13871577|rate=96651.1/s|walker_min=102.146|walker_med=208.722|walker_max=229.678
STEP|n=42600000|unique=5597617|accepted=13889732|rate=96635.5/s|walker_min=103.004|walker_med=192.016|walker_max=230.417
STEP|n=42700000|unique=5618764|accepted=13910879|rate=96660.4/s|walker_min=123.827|walker_med=190.599|walker_max=228.493
STEP|n=42800000|unique=5643468|accepted=13935583|rate=96680.6/s|walker_min=77.253|walker_med=186.148|walker_max=228.733
STEP|n=42900000|unique=5673429|accepted=13965544|rate=96684.9/s|walker_min=69.205|walker_med=170.048|walker_max=226.480
STEP|n=43000000|unique=5714191|accepted=14006306|rate=96641.2/s|walker_min=56.672|walker_med=119.112|walker_max=162.717
STEP|n=43100000|unique=5753046|accepted=14045161|rate=96623.7/s|walker_min=67.531|walker_med=160.876|walker_max=216.692
STEP|n=43200000|unique=5785145|accepted=14077260|rate=96628.5/s|walker_min=87.680|walker_med=190.468|walker_max=228.323
STEP|n=43300000|unique=5808649|accepted=14100764|rate=96654.2/s|walker_min=105.706|walker_med=191.857|walker_max=226.705
STEP|n=43400000|unique=5828607|accepted=14120722|rate=96678.7/s|walker_min=138.053|walker_med=197.082|walker_max=227.783
STEP|n=43500000|unique=5845719|accepted=14137834|rate=96706.6/s|walker_min=150.926|walker_med=209.345|walker_max=229.257
STEP|n=43600000|unique=5862865|accepted=14154980|rate=96712.1/s|walker_min=160.309|walker_med=204.238|walker_max=228.651
STEP|n=43700000|unique=5878666|accepted=14170781|rate=96742.3/s|walker_min=156.860|walker_med=212.000|walker_max=230.259
STEP|n=43800000|unique=5894211|accepted=14186326|rate=96780.3/s|walker_min=153.708|walker_med=205.848|walker_max=229.982
STEP|n=43900000|unique=5909428|accepted=14201543|rate=96820.4/s|walker_min=131.541|walker_med=215.189|walker_max=230.326
STEP|n=44000000|unique=5924083|accepted=14216198|rate=96852.7/s|walker_min=151.885|walker_med=216.756|walker_max=230.306
STEP|n=44100000|unique=5938462|accepted=14230577|rate=96886.0/s|walker_min=149.730|walker_med=204.544|walker_max=229.659
STEP|n=44200000|unique=5953658|accepted=14245773|rate=96916.9/s|walker_min=111.044|walker_med=208.982|walker_max=230.426
STEP|n=44300000|unique=5968608|accepted=14260723|rate=96950.8/s|walker_min=145.898|walker_med=210.983|walker_max=230.498
STEP|n=44400000|unique=5985176|accepted=14277291|rate=96963.3/s|walker_min=156.146|walker_med=208.867|walker_max=230.229
STEP|n=44500000|unique=6002456|accepted=14294571|rate=97000.7/s|walker_min=147.225|walker_med=213.757|walker_max=230.514
STEP|n=44600000|unique=6020675|accepted=14312790|rate=97033.3/s|walker_min=138.471|walker_med=204.504|walker_max=226.081
STEP|n=44700000|unique=6040881|accepted=14332996|rate=97061.2/s|walker_min=87.522|walker_med=192.387|walker_max=230.159
STEP|n=44800000|unique=6065624|accepted=14357739|rate=97080.0/s|walker_min=109.028|walker_med=200.715|walker_max=230.026
STEP|n=44900000|unique=6096388|accepted=14388503|rate=97090.7/s|walker_min=82.133|walker_med=165.554|walker_max=223.635
STEP|n=45000000|unique=6135050|accepted=14427165|rate=97057.9/s|walker_min=57.261|walker_med=116.378|walker_max=174.312
PRUNE_START|step=45000000|unique=6135050|active_cutoff=230.545069
PRUNE_DONE|step=45000000|unique=4000000|active_cutoff=210.592113|reservoir=200000
STEP|n=45100000|unique=4035062|accepted=14462227|rate=96796.9/s|walker_min=97.986|walker_med=149.268|walker_max=199.606
STEP|n=45200000|unique=4062029|accepted=14489194|rate=96813.2/s|walker_min=84.941|walker_med=185.567|walker_max=209.308
STEP|n=45300000|unique=4081611|accepted=14508776|rate=96846.4/s|walker_min=134.045|walker_med=192.732|walker_max=210.539
STEP|n=45400000|unique=4098662|accepted=14525827|rate=96853.5/s|walker_min=115.853|walker_med=193.743|walker_max=209.781
STEP|n=45500000|unique=4114329|accepted=14541494|rate=96884.5/s|walker_min=128.996|walker_med=188.675|walker_max=209.774
STEP|n=45600000|unique=4129458|accepted=14556623|rate=96898.6/s|walker_min=142.653|walker_med=189.099|walker_max=210.036
STEP|n=45700000|unique=4143203|accepted=14570368|rate=96937.0/s|walker_min=125.104|walker_med=196.490|walker_max=210.448
STEP|n=45800000|unique=4156523|accepted=14583688|rate=96978.2/s|walker_min=146.198|walker_med=195.881|walker_max=210.501
STEP|n=45900000|unique=4169947|accepted=14597112|rate=97019.3/s|walker_min=147.759|walker_med=192.764|walker_max=209.469
STEP|n=46000000|unique=4183469|accepted=14610634|rate=97054.8/s|walker_min=139.657|walker_med=198.281|walker_max=210.485
STEP|n=46100000|unique=4196059|accepted=14623224|rate=97091.0/s|walker_min=109.537|walker_med=192.032|walker_max=210.078
STEP|n=46200000|unique=4208795|accepted=14635960|rate=97128.3/s|walker_min=157.236|walker_med=196.972|walker_max=210.511
STEP|n=46300000|unique=4222050|accepted=14649215|rate=97169.9/s|walker_min=101.980|walker_med=191.535|walker_max=210.360
STEP|n=46400000|unique=4236163|accepted=14663328|rate=97208.6/s|walker_min=130.596|walker_med=195.000|walker_max=210.005
STEP|n=46500000|unique=4250141|accepted=14677306|rate=97227.7/s|walker_min=132.671|walker_med=197.269|walker_max=209.355
STEP|n=46600000|unique=4265184|accepted=14692349|rate=97258.7/s|walker_min=108.482|walker_med=192.455|walker_max=209.992
STEP|n=46700000|unique=4282394|accepted=14709559|rate=97286.8/s|walker_min=128.455|walker_med=182.246|walker_max=209.610
STEP|n=46800000|unique=4302652|accepted=14729817|rate=97311.8/s|walker_min=107.116|walker_med=163.385|walker_max=209.192
STEP|n=46900000|unique=4327611|accepted=14754776|rate=97325.3/s|walker_min=112.405|walker_med=152.261|walker_max=202.498
STEP|n=47000000|unique=4362331|accepted=14789496|rate=97319.5/s|walker_min=74.276|walker_med=116.387|walker_max=172.257
STEP|n=47100000|unique=4397609|accepted=14824774|rate=97295.0/s|walker_min=97.021|walker_med=145.791|walker_max=210.028
STEP|n=47200000|unique=4423639|accepted=14850804|rate=97308.8/s|walker_min=104.383|walker_med=176.178|walker_max=208.561
STEP|n=47300000|unique=4444214|accepted=14871379|rate=97328.1/s|walker_min=111.026|walker_med=175.647|walker_max=210.229
STEP|n=47400000|unique=4462877|accepted=14890042|rate=97351.4/s|walker_min=148.234|walker_med=191.528|walker_max=207.999
STEP|n=47500000|unique=4479437|accepted=14906602|rate=97382.6/s|walker_min=129.767|walker_med=182.160|walker_max=209.675
STEP|n=47600000|unique=4493988|accepted=14921153|rate=97417.7/s|walker_min=140.212|walker_med=182.916|walker_max=209.179
STEP|n=47700000|unique=4507621|accepted=14934786|rate=97451.6/s|walker_min=156.731|walker_med=196.512|walker_max=210.009
STEP|n=47800000|unique=4521600|accepted=14948765|rate=97463.4/s|walker_min=111.700|walker_med=191.559|walker_max=210.348
STEP|n=47900000|unique=4534648|accepted=14961813|rate=97495.9/s|walker_min=135.147|walker_med=194.737|walker_max=209.508
STEP|n=48000000|unique=4547653|accepted=14974818|rate=97531.3/s|walker_min=148.874|walker_med=200.805|walker_max=210.414
STEP|n=48100000|unique=4559693|accepted=14986858|rate=97570.1/s|walker_min=128.352|walker_med=194.733|walker_max=209.699
STEP|n=48200000|unique=4572341|accepted=14999506|rate=97607.5/s|walker_min=154.202|walker_med=194.635|walker_max=210.155
STEP|n=48300000|unique=4585317|accepted=15012482|rate=97640.8/s|walker_min=156.623|walker_med=197.369|walker_max=210.516
STEP|n=48400000|unique=4599445|accepted=15026610|rate=97671.9/s|walker_min=95.036|walker_med=186.092|walker_max=207.671
STEP|n=48500000|unique=4613846|accepted=15041011|rate=97702.5/s|walker_min=112.768|walker_med=183.466|walker_max=207.686
STEP|n=48600000|unique=4629704|accepted=15056869|rate=97734.5/s|walker_min=96.700|walker_med=176.277|walker_max=210.071
STEP|n=48700000|unique=4647686|accepted=15074851|rate=97760.0/s|walker_min=131.079|walker_med=185.713|walker_max=210.492
STEP|n=48800000|unique=4667357|accepted=15094522|rate=97764.1/s|walker_min=101.422|walker_med=178.644|walker_max=210.227
STEP|n=48900000|unique=4692672|accepted=15119837|rate=97773.1/s|walker_min=74.863|walker_med=145.619|walker_max=195.183
STEP|n=49000000|unique=4725188|accepted=15152353|rate=97767.0/s|walker_min=66.761|walker_med=127.801|walker_max=196.291
STEP|n=49100000|unique=4758981|accepted=15186146|rate=97757.6/s|walker_min=95.699|walker_med=149.535|walker_max=210.406
STEP|n=49200000|unique=4785714|accepted=15212879|rate=97744.1/s|walker_min=100.764|walker_med=171.397|walker_max=209.908
STEP|n=49300000|unique=4805963|accepted=15233128|rate=97771.1/s|walker_min=133.928|walker_med=184.517|walker_max=209.955
STEP|n=49400000|unique=4823496|accepted=15250661|rate=97800.4/s|walker_min=119.635|walker_med=196.843|walker_max=209.055
STEP|n=49500000|unique=4838658|accepted=15265823|rate=97830.1/s|walker_min=134.870|walker_med=200.309|walker_max=210.308
STEP|n=49600000|unique=4852794|accepted=15279959|rate=97860.8/s|walker_min=122.154|walker_med=199.349|walker_max=210.450
STEP|n=49700000|unique=4866318|accepted=15293483|rate=97894.7/s|walker_min=110.593|walker_med=194.989|walker_max=210.564
STEP|n=49800000|unique=4879165|accepted=15306330|rate=97926.0/s|walker_min=137.467|walker_med=195.640|walker_max=209.817
STEP|n=49900000|unique=4892538|accepted=15319703|rate=97957.0/s|walker_min=148.036|walker_med=187.480|walker_max=209.590
STEP|n=50000000|unique=4905214|accepted=15332379|rate=97986.0/s|walker_min=145.063|walker_med=196.919|walker_max=209.749
CHECKPOINT|step=50000000|unique=4905214|saved=3000000|min=46.3601|max=191.43
STEP|n=50100000|unique=4917901|accepted=15345066|rate=96485.8/s|walker_min=131.219|walker_med=198.968|walker_max=210.120
STEP|n=50200000|unique=4931001|accepted=15358166|rate=96517.9/s|walker_min=143.486|walker_med=192.604|walker_max=209.360
STEP|n=50300000|unique=4944890|accepted=15372055|rate=96547.6/s|walker_min=144.886|walker_med=188.848|walker_max=209.757
STEP|n=50400000|unique=4958432|accepted=15385597|rate=96578.2/s|walker_min=151.020|walker_med=190.103|walker_max=210.090
STEP|n=50500000|unique=4973050|accepted=15400215|rate=96607.1/s|walker_min=118.746|walker_med=189.978|walker_max=209.794
STEP|n=50600000|unique=4987808|accepted=15414973|rate=96634.2/s|walker_min=107.399|walker_med=182.215|walker_max=210.030
STEP|n=50700000|unique=5005242|accepted=15432407|rate=96652.8/s|walker_min=141.705|walker_med=183.918|walker_max=209.027
STEP|n=50800000|unique=5024949|accepted=15452114|rate=96671.9/s|walker_min=88.143|walker_med=173.590|walker_max=204.913
STEP|n=50900000|unique=5049401|accepted=15476566|rate=96662.0/s|walker_min=68.421|walker_med=144.211|walker_max=209.379
STEP|n=51000000|unique=5082669|accepted=15509834|rate=96648.3/s|walker_min=57.592|walker_med=113.633|walker_max=172.744
STEP|n=51100000|unique=5117591|accepted=15544756|rate=96638.7/s|walker_min=54.751|walker_med=143.140|walker_max=203.212
STEP|n=51200000|unique=5143321|accepted=15570486|rate=96648.6/s|walker_min=75.837|walker_med=174.976|walker_max=207.813
STEP|n=51300000|unique=5163774|accepted=15590939|rate=96666.3/s|walker_min=127.357|walker_med=183.449|walker_max=210.282
STEP|n=51400000|unique=5181092|accepted=15608257|rate=96669.1/s|walker_min=111.459|walker_med=181.761|walker_max=210.485
STEP|n=51500000|unique=5196667|accepted=15623832|rate=96695.6/s|walker_min=144.292|walker_med=194.766|walker_max=209.555
STEP|n=51600000|unique=5210697|accepted=15637862|rate=96724.2/s|walker_min=155.951|walker_med=192.212|walker_max=210.424
STEP|n=51700000|unique=5224045|accepted=15651210|rate=96748.4/s|walker_min=155.660|walker_med=189.709|walker_max=209.560
STEP|n=51800000|unique=5237098|accepted=15664263|rate=96778.1/s|walker_min=140.729|walker_med=193.794|walker_max=209.921
STEP|n=51900000|unique=5249907|accepted=15677072|rate=96809.0/s|walker_min=139.843|walker_med=194.531|walker_max=209.500
STEP|n=52000000|unique=5262369|accepted=15689534|rate=96841.1/s|walker_min=146.127|walker_med=189.426|walker_max=210.275
STEP|n=52100000|unique=5275431|accepted=15702596|rate=96870.4/s|walker_min=147.674|walker_med=191.296|walker_max=209.046
STEP|n=52200000|unique=5289135|accepted=15716300|rate=96899.2/s|walker_min=138.905|walker_med=195.898|walker_max=210.449
STEP|n=52300000|unique=5302219|accepted=15729384|rate=96927.3/s|walker_min=117.432|walker_med=194.089|walker_max=209.327
STEP|n=52400000|unique=5315730|accepted=15742895|rate=96938.2/s|walker_min=143.702|walker_med=195.202|walker_max=209.262
STEP|n=52500000|unique=5329404|accepted=15756569|rate=96965.4/s|walker_min=101.883|walker_med=186.353|walker_max=209.516
STEP|n=52600000|unique=5344351|accepted=15771516|rate=96992.5/s|walker_min=110.408|walker_med=185.410|walker_max=209.795
STEP|n=52700000|unique=5362450|accepted=15789615|rate=97015.0/s|walker_min=116.095|walker_med=181.902|walker_max=207.381
STEP|n=52800000|unique=5381776|accepted=15808941|rate=97035.8/s|walker_min=130.224|walker_med=182.935|walker_max=207.193
STEP|n=52900000|unique=5407814|accepted=15834979|rate=97046.5/s|walker_min=72.783|walker_med=152.537|walker_max=207.667
STEP|n=53000000|unique=5441448|accepted=15868613|rate=97037.9/s|walker_min=70.951|walker_med=120.533|walker_max=172.154
STEP|n=53100000|unique=5474335|accepted=15901500|rate=97012.2/s|walker_min=105.607|walker_med=151.190|walker_max=210.485
STEP|n=53200000|unique=5500272|accepted=15927437|rate=97022.1/s|walker_min=83.836|walker_med=177.284|walker_max=208.252
STEP|n=53300000|unique=5519989|accepted=15947154|rate=97042.6/s|walker_min=75.793|walker_med=186.957|walker_max=210.078
STEP|n=53400000|unique=5537423|accepted=15964588|rate=97066.4/s|walker_min=145.957|walker_med=193.579|walker_max=210.459
STEP|n=53500000|unique=5552351|accepted=15979516|rate=97093.0/s|walker_min=114.653|walker_med=192.517|walker_max=210.121
STEP|n=53600000|unique=5566289|accepted=15993454|rate=97114.0/s|walker_min=142.186|walker_med=198.499|walker_max=210.495
STEP|n=53700000|unique=5580495|accepted=16007660|rate=97121.7/s|walker_min=136.059|walker_med=190.418|walker_max=210.533
STEP|n=53800000|unique=5593884|accepted=16021049|rate=97130.5/s|walker_min=147.686|walker_med=198.293|walker_max=210.466
STEP|n=53900000|unique=5607025|accepted=16034190|rate=97159.2/s|walker_min=143.604|walker_med=202.582|walker_max=210.482
STEP|n=54000000|unique=5619175|accepted=16046340|rate=97190.0/s|walker_min=133.725|walker_med=193.295|walker_max=210.347
STEP|n=54100000|unique=5631822|accepted=16058987|rate=97219.3/s|walker_min=140.192|walker_med=195.303|walker_max=209.594
STEP|n=54200000|unique=5644901|accepted=16072066|rate=97246.7/s|walker_min=164.668|walker_med=199.638|walker_max=210.590
STEP|n=54300000|unique=5658076|accepted=16085241|rate=97274.8/s|walker_min=159.904|walker_med=191.104|walker_max=210.251
STEP|n=54400000|unique=5671629|accepted=16098794|rate=97302.6/s|walker_min=129.569|walker_med=194.947|walker_max=210.532
STEP|n=54500000|unique=5685679|accepted=16112844|rate=97330.2/s|walker_min=130.398|walker_med=197.120|walker_max=210.020
STEP|n=54600000|unique=5701151|accepted=16128316|rate=97347.8/s|walker_min=131.938|walker_med=197.494|walker_max=209.535
STEP|n=54700000|unique=5718005|accepted=16145170|rate=97347.0/s|walker_min=118.424|walker_med=170.344|walker_max=209.834
STEP|n=54800000|unique=5737472|accepted=16164637|rate=97357.4/s|walker_min=103.789|walker_med=169.570|walker_max=198.157
STEP|n=54900000|unique=5762217|accepted=16189382|rate=97366.0/s|walker_min=100.351|walker_med=148.832|walker_max=208.198
STEP|n=55000000|unique=5795846|accepted=16223011|rate=97351.5/s|walker_min=69.849|walker_med=118.587|walker_max=175.786
STEP|n=55100000|unique=5830063|accepted=16257228|rate=97334.4/s|walker_min=79.849|walker_med=141.399|walker_max=209.212
STEP|n=55200000|unique=5855713|accepted=16282878|rate=97320.7/s|walker_min=115.035|walker_med=184.360|walker_max=207.023
STEP|n=55300000|unique=5876018|accepted=16303183|rate=97330.8/s|walker_min=120.378|walker_med=184.870|walker_max=209.968
STEP|n=55400000|unique=5893094|accepted=16320259|rate=97346.0/s|walker_min=73.230|walker_med=190.975|walker_max=209.862
STEP|n=55500000|unique=5908439|accepted=16335604|rate=97369.6/s|walker_min=116.255|walker_med=188.457|walker_max=210.293
STEP|n=55600000|unique=5922917|accepted=16350082|rate=97389.3/s|walker_min=154.207|walker_med=186.009|walker_max=209.805
STEP|n=55700000|unique=5936091|accepted=16363256|rate=97415.6/s|walker_min=130.904|walker_med=198.737|walker_max=210.396
STEP|n=55800000|unique=5949278|accepted=16376443|rate=97436.6/s|walker_min=151.170|walker_med=196.935|walker_max=208.733
STEP|n=55900000|unique=5962046|accepted=16389211|rate=97463.2/s|walker_min=126.086|walker_med=195.280|walker_max=210.202
STEP|n=56000000|unique=5974743|accepted=16401908|rate=97490.0/s|walker_min=158.250|walker_med=190.920|walker_max=210.566
STEP|n=56100000|unique=5987484|accepted=16414649|rate=97496.6/s|walker_min=142.112|walker_med=199.466|walker_max=210.034
STEP|n=56200000|unique=6000424|accepted=16427589|rate=97524.1/s|walker_min=158.800|walker_med=193.877|walker_max=210.371
STEP|n=56300000|unique=6014066|accepted=16441231|rate=97550.2/s|walker_min=142.287|walker_med=194.415|walker_max=210.090
STEP|n=56400000|unique=6027309|accepted=16454474|rate=97576.6/s|walker_min=151.757|walker_med=196.388|walker_max=210.399
STEP|n=56500000|unique=6041346|accepted=16468511|rate=97602.1/s|walker_min=132.561|walker_med=183.441|walker_max=209.848
STEP|n=56600000|unique=6056809|accepted=16483974|rate=97625.6/s|walker_min=150.736|walker_med=191.904|walker_max=209.952
STEP|n=56700000|unique=6073228|accepted=16500393|rate=97649.2/s|walker_min=113.934|walker_med=185.676|walker_max=210.404
STEP|n=56800000|unique=6092115|accepted=16519280|rate=97667.8/s|walker_min=111.984|walker_med=172.340|walker_max=210.453
STEP|n=56900000|unique=6117288|accepted=16544453|rate=97655.6/s|walker_min=92.544|walker_med=157.530|walker_max=206.492
STEP|n=57000000|unique=6150101|accepted=16577266|rate=97656.2/s|walker_min=69.409|walker_med=109.056|walker_max=196.112
STEP|n=57100000|unique=6184587|accepted=16611752|rate=97653.5/s|walker_min=68.590|walker_med=152.089|walker_max=204.708
STEP|n=57200000|unique=6209907|accepted=16637072|rate=97666.9/s|walker_min=106.078|walker_med=184.795|walker_max=210.449
STEP|n=57300000|unique=6229849|accepted=16657014|rate=97689.0/s|walker_min=135.587|walker_med=185.487|walker_max=210.221
STEP|n=57400000|unique=6246630|accepted=16673795|rate=97696.9/s|walker_min=125.325|walker_med=176.974|walker_max=209.368
STEP|n=57500000|unique=6262026|accepted=16689191|rate=97727.2/s|walker_min=152.738|walker_med=184.143|walker_max=209.525
STEP|n=57600000|unique=6275737|accepted=16702902|rate=97758.5/s|walker_min=169.225|walker_med=193.641|walker_max=210.386
STEP|n=57700000|unique=6289431|accepted=16716596|rate=97788.9/s|walker_min=142.905|walker_med=185.639|walker_max=210.513
STEP|n=57800000|unique=6303394|accepted=16730559|rate=97819.4/s|walker_min=154.980|walker_med=188.937|walker_max=208.511
STEP|n=57900000|unique=6316145|accepted=16743310|rate=97853.1/s|walker_min=161.700|walker_med=201.902|walker_max=209.386
STEP|n=58000000|unique=6328300|accepted=16755465|rate=97886.1/s|walker_min=113.448|walker_med=194.976|walker_max=210.456
STEP|n=58100000|unique=6341118|accepted=16768283|rate=97916.9/s|walker_min=148.023|walker_med=199.814|walker_max=210.056
STEP|n=58200000|unique=6353933|accepted=16781098|rate=97944.0/s|walker_min=139.382|walker_med=190.741|walker_max=207.807
STEP|n=58300000|unique=6366670|accepted=16793835|rate=97970.1/s|walker_min=140.483|walker_med=197.409|walker_max=209.219
STEP|n=58400000|unique=6380301|accepted=16807466|rate=97976.5/s|walker_min=143.184|walker_med=188.139|walker_max=209.338
STEP|n=58500000|unique=6394755|accepted=16821920|rate=98006.7/s|walker_min=126.511|walker_med=197.124|walker_max=210.224
STEP|n=58600000|unique=6410882|accepted=16838047|rate=98034.4/s|walker_min=124.062|walker_med=185.513|walker_max=209.656
STEP|n=58700000|unique=6427816|accepted=16854981|rate=98057.0/s|walker_min=130.788|walker_med=169.470|walker_max=209.353
STEP|n=58800000|unique=6446909|accepted=16874074|rate=98075.8/s|walker_min=110.967|walker_med=175.830|walker_max=202.721
STEP|n=58900000|unique=6470738|accepted=16897903|rate=98089.0/s|walker_min=107.742|walker_med=147.954|walker_max=199.650
STEP|n=59000000|unique=6503653|accepted=16930818|rate=98088.4/s|walker_min=55.682|walker_med=120.196|walker_max=194.326
STEP|n=59100000|unique=6537833|accepted=16964998|rate=98066.6/s|walker_min=74.928|walker_med=148.087|walker_max=209.390
STEP|n=59200000|unique=6562714|accepted=16989879|rate=98073.2/s|walker_min=93.609|walker_med=168.464|walker_max=207.069
STEP|n=59300000|unique=6582422|accepted=17009587|rate=98090.7/s|walker_min=133.907|walker_med=170.764|walker_max=204.692
STEP|n=59400000|unique=6599024|accepted=17026189|rate=98115.6/s|walker_min=143.001|walker_med=190.488|walker_max=210.098
STEP|n=59500000|unique=6614489|accepted=17041654|rate=98143.5/s|walker_min=144.514|walker_med=192.031|walker_max=208.397
STEP|n=59600000|unique=6628568|accepted=17055733|rate=98172.6/s|walker_min=87.157|walker_med=194.169|walker_max=209.916
STEP|n=59700000|unique=6642507|accepted=17069672|rate=98196.5/s|walker_min=142.341|walker_med=191.446|walker_max=210.176
STEP|n=59800000|unique=6655828|accepted=17082993|rate=98200.7/s|walker_min=157.204|walker_med=200.488|walker_max=210.178
STEP|n=59900000|unique=6669010|accepted=17096175|rate=98228.6/s|walker_min=138.031|walker_med=195.272|walker_max=209.144
STEP|n=60000000|unique=6681884|accepted=17109049|rate=98259.9/s|walker_min=119.188|walker_med=195.794|walker_max=210.537
PRUNE_START|step=60000000|unique=6681884|active_cutoff=210.592113
PRUNE_DONE|step=60000000|unique=4000000|active_cutoff=190.922274|reservoir=200000
STEP|n=60100000|unique=4010543|accepted=17119592|rate=98077.1/s|walker_min=126.386|walker_med=174.923|walker_max=190.399
STEP|n=60200000|unique=4022034|accepted=17131083|rate=98104.0/s|walker_min=117.180|walker_med=172.526|walker_max=189.490
STEP|n=60300000|unique=4033249|accepted=17142298|rate=98134.3/s|walker_min=115.997|walker_med=167.830|walker_max=190.185
STEP|n=60400000|unique=4044393|accepted=17153442|rate=98166.6/s|walker_min=117.792|walker_med=175.528|walker_max=190.525
STEP|n=60500000|unique=4055581|accepted=17164630|rate=98198.6/s|walker_min=123.572|walker_med=172.989|walker_max=190.497
STEP|n=60600000|unique=4068095|accepted=17177144|rate=98226.2/s|walker_min=101.769|walker_med=169.265|walker_max=190.448
STEP|n=60700000|unique=4081648|accepted=17190697|rate=98250.8/s|walker_min=114.757|walker_med=171.494|walker_max=190.680
STEP|n=60800000|unique=4098029|accepted=17207078|rate=98250.2/s|walker_min=116.733|walker_med=159.057|walker_max=189.479
STEP|n=60900000|unique=4117409|accepted=17226458|rate=98258.2/s|walker_min=96.773|walker_med=142.207|walker_max=190.731
STEP|n=61000000|unique=4143780|accepted=17252829|rate=98267.9/s|walker_min=62.164|walker_med=99.238|walker_max=182.057
STEP|n=61100000|unique=4171735|accepted=17280784|rate=98269.6/s|walker_min=82.019|walker_med=148.701|walker_max=189.908
STEP|n=61200000|unique=4190732|accepted=17299781|rate=98286.0/s|walker_min=84.928|walker_med=161.991|walker_max=189.293
STEP|n=61300000|unique=4207289|accepted=17316338|rate=98307.5/s|walker_min=118.834|walker_med=173.984|walker_max=189.125
STEP|n=61400000|unique=4220943|accepted=17329992|rate=98334.8/s|walker_min=125.892|walker_med=175.154|walker_max=189.672
STEP|n=61500000|unique=4233587|accepted=17342636|rate=98363.7/s|walker_min=132.019|walker_med=175.047|walker_max=190.886
STEP|n=61600000|unique=4245980|accepted=17355029|rate=98378.3/s|walker_min=132.474|walker_med=174.259|walker_max=190.397
STEP|n=61700000|unique=4257406|accepted=17366455|rate=98407.0/s|walker_min=117.893|walker_med=178.166|walker_max=190.209
STEP|n=61800000|unique=4268532|accepted=17377581|rate=98436.4/s|walker_min=102.650|walker_med=177.099|walker_max=190.550
STEP|n=61900000|unique=4279355|accepted=17388404|rate=98468.1/s|walker_min=115.860|walker_med=174.422|walker_max=190.454
STEP|n=62000000|unique=4289951|accepted=17399000|rate=98500.1/s|walker_min=141.019|walker_med=177.629|walker_max=190.310
STEP|n=62100000|unique=4300695|accepted=17409744|rate=98532.1/s|walker_min=99.610|walker_med=178.171|walker_max=190.428
STEP|n=62200000|unique=4311828|accepted=17420877|rate=98562.5/s|walker_min=120.228|walker_med=181.435|walker_max=190.777
STEP|n=62300000|unique=4322934|accepted=17431983|rate=98585.9/s|walker_min=141.266|walker_med=179.677|walker_max=190.490
STEP|n=62400000|unique=4334439|accepted=17443488|rate=98612.1/s|walker_min=131.007|walker_med=167.202|walker_max=190.335
STEP|n=62500000|unique=4346110|accepted=17455159|rate=98634.2/s|walker_min=142.476|walker_med=175.431|walker_max=189.014
STEP|n=62600000|unique=4358876|accepted=17467925|rate=98655.4/s|walker_min=126.672|walker_med=170.165|walker_max=189.745
STEP|n=62700000|unique=4372018|accepted=17481067|rate=98667.7/s|walker_min=120.320|walker_med=165.442|walker_max=190.618
STEP|n=62800000|unique=4386259|accepted=17495308|rate=98692.5/s|walker_min=128.591|walker_med=166.860|walker_max=186.333
STEP|n=62900000|unique=4405447|accepted=17514496|rate=98711.7/s|walker_min=105.777|walker_med=149.501|walker_max=185.867
STEP|n=63000000|unique=4431488|accepted=17540537|rate=98719.8/s|walker_min=66.278|walker_med=115.659|walker_max=176.274
STEP|n=63100000|unique=4458458|accepted=17567507|rate=98728.5/s|walker_min=69.141|walker_med=129.851|walker_max=190.550
STEP|n=63200000|unique=4479183|accepted=17588232|rate=98746.6/s|walker_min=114.988|walker_med=168.394|walker_max=187.634
STEP|n=63300000|unique=4493796|accepted=17602845|rate=98772.0/s|walker_min=128.861|walker_med=172.869|walker_max=186.325
STEP|n=63400000|unique=4508041|accepted=17617090|rate=98782.3/s|walker_min=116.259|walker_med=168.205|walker_max=190.577
STEP|n=63500000|unique=4520489|accepted=17629538|rate=98808.0/s|walker_min=125.697|walker_med=174.118|walker_max=190.583
STEP|n=63600000|unique=4532922|accepted=17641971|rate=98833.9/s|walker_min=91.437|walker_med=171.500|walker_max=190.873
STEP|n=63700000|unique=4544944|accepted=17653993|rate=98861.9/s|walker_min=138.231|walker_med=175.881|walker_max=189.961
STEP|n=63800000|unique=4555892|accepted=17664941|rate=98893.3/s|walker_min=135.706|walker_med=181.034|walker_max=190.630
STEP|n=63900000|unique=4566720|accepted=17675769|rate=98924.8/s|walker_min=133.273|walker_med=181.490|walker_max=190.670
STEP|n=64000000|unique=4577099|accepted=17686148|rate=98956.7/s|walker_min=110.643|walker_med=176.633|walker_max=189.666
STEP|n=64100000|unique=4588152|accepted=17697201|rate=98986.0/s|walker_min=136.262|walker_med=179.018|walker_max=189.863
STEP|n=64200000|unique=4598815|accepted=17707864|rate=99015.5/s|walker_min=122.664|walker_med=174.360|walker_max=190.921
STEP|n=64300000|unique=4609647|accepted=17718696|rate=99040.3/s|walker_min=111.438|walker_med=171.841|walker_max=190.738
STEP|n=64400000|unique=4621186|accepted=17730235|rate=99066.0/s|walker_min=139.896|walker_med=176.973|walker_max=190.858
STEP|n=64500000|unique=4633840|accepted=17742889|rate=99094.3/s|walker_min=95.721|walker_med=172.236|walker_max=188.534
STEP|n=64600000|unique=4646641|accepted=17755690|rate=99107.7/s|walker_min=97.258|walker_med=161.983|walker_max=188.801
STEP|n=64700000|unique=4660632|accepted=17769681|rate=99134.5/s|walker_min=117.892|walker_med=170.058|walker_max=188.626
STEP|n=64800000|unique=4676490|accepted=17785539|rate=99153.8/s|walker_min=98.078|walker_med=163.205|walker_max=190.605
STEP|n=64900000|unique=4694880|accepted=17803929|rate=99168.5/s|walker_min=87.486|walker_med=155.051|walker_max=190.488
STEP|n=65000000|unique=4720837|accepted=17829886|rate=99172.9/s|walker_min=60.485|walker_med=117.391|walker_max=185.525
STEP|n=65100000|unique=4747314|accepted=17856363|rate=99179.3/s|walker_min=60.218|walker_med=139.576|walker_max=188.254
STEP|n=65200000|unique=4766976|accepted=17876025|rate=99187.9/s|walker_min=96.138|walker_med=162.582|walker_max=189.679
STEP|n=65300000|unique=4783124|accepted=17892173|rate=99191.5/s|walker_min=67.291|walker_med=168.766|walker_max=189.776
STEP|n=65400000|unique=4796765|accepted=17905814|rate=99212.0/s|walker_min=108.326|walker_med=177.482|walker_max=190.722
STEP|n=65500000|unique=4809205|accepted=17918254|rate=99236.7/s|walker_min=99.085|walker_med=168.366|walker_max=189.859
STEP|n=65600000|unique=4820734|accepted=17929783|rate=99257.0/s|walker_min=115.442|walker_med=170.214|walker_max=189.509
STEP|n=65700000|unique=4832366|accepted=17941415|rate=99279.8/s|walker_min=104.033|walker_med=179.134|walker_max=190.826
STEP|n=65800000|unique=4842974|accepted=17952023|rate=99304.6/s|walker_min=123.458|walker_med=178.995|walker_max=190.875
STEP|n=65900000|unique=4853186|accepted=17962235|rate=99331.9/s|walker_min=106.260|walker_med=181.193|walker_max=190.611
STEP|n=66000000|unique=4863619|accepted=17972668|rate=99361.8/s|walker_min=158.025|walker_med=182.060|walker_max=190.504
STEP|n=66100000|unique=4874049|accepted=17983098|rate=99391.5/s|walker_min=120.678|walker_med=172.481|walker_max=190.612
STEP|n=66200000|unique=4884847|accepted=17993896|rate=99417.8/s|walker_min=112.134|walker_med=180.500|walker_max=190.904
STEP|n=66300000|unique=4895573|accepted=18004622|rate=99440.0/s|walker_min=126.725|walker_med=177.054|walker_max=190.717
STEP|n=66400000|unique=4907003|accepted=18016052|rate=99447.0/s|walker_min=99.012|walker_med=174.990|walker_max=189.720
STEP|n=66500000|unique=4918260|accepted=18027309|rate=99465.5/s|walker_min=101.664|walker_med=176.106|walker_max=189.937
STEP|n=66600000|unique=4930085|accepted=18039134|rate=99489.1/s|walker_min=128.194|walker_med=171.030|walker_max=189.726
STEP|n=66700000|unique=4943969|accepted=18053018|rate=99506.5/s|walker_min=112.982|walker_med=167.996|walker_max=190.543
STEP|n=66800000|unique=4958613|accepted=18067662|rate=99524.5/s|walker_min=96.547|walker_med=160.455|walker_max=188.599
STEP|n=66900000|unique=4977588|accepted=18086637|rate=99536.4/s|walker_min=98.401|walker_med=140.786|walker_max=188.681
STEP|n=67000000|unique=5002279|accepted=18111328|rate=99540.1/s|walker_min=68.849|walker_med=112.702|walker_max=190.352
STEP|n=67100000|unique=5027597|accepted=18136646|rate=99539.8/s|walker_min=96.353|walker_med=138.701|walker_max=178.120
STEP|n=67200000|unique=5046504|accepted=18155553|rate=99535.7/s|walker_min=107.620|walker_med=168.528|walker_max=189.827
STEP|n=67300000|unique=5062094|accepted=18171143|rate=99555.6/s|walker_min=121.328|walker_med=174.321|walker_max=190.752
STEP|n=67400000|unique=5075771|accepted=18184820|rate=99573.5/s|walker_min=113.038|walker_med=169.676|walker_max=190.419
STEP|n=67500000|unique=5088520|accepted=18197569|rate=99598.0/s|walker_min=114.470|walker_med=176.998|walker_max=190.619
STEP|n=67600000|unique=5100558|accepted=18209607|rate=99623.3/s|walker_min=133.893|walker_med=176.483|walker_max=190.822
STEP|n=67700000|unique=5112492|accepted=18221541|rate=99647.8/s|walker_min=131.058|walker_med=169.824|walker_max=190.291
STEP|n=67800000|unique=5123151|accepted=18232200|rate=99670.6/s|walker_min=127.927|walker_med=172.446|walker_max=190.694
STEP|n=67900000|unique=5134100|accepted=18243149|rate=99692.6/s|walker_min=126.624|walker_med=175.413|walker_max=190.516
STEP|n=68000000|unique=5144332|accepted=18253381|rate=99717.2/s|walker_min=151.416|walker_med=178.505|walker_max=190.197
STEP|n=68100000|unique=5154853|accepted=18263902|rate=99739.2/s|walker_min=107.217|walker_med=180.583|walker_max=190.674
STEP|n=68200000|unique=5165813|accepted=18274862|rate=99755.0/s|walker_min=138.615|walker_med=174.472|walker_max=190.615
STEP|n=68300000|unique=5177026|accepted=18286075|rate=99759.4/s|walker_min=138.438|walker_med=177.789|walker_max=190.732
STEP|n=68400000|unique=5188280|accepted=18297329|rate=99784.5/s|walker_min=129.114|walker_med=171.745|walker_max=190.317
STEP|n=68500000|unique=5199804|accepted=18308853|rate=99809.8/s|walker_min=124.238|walker_med=174.457|walker_max=190.899
STEP|n=68600000|unique=5211735|accepted=18320784|rate=99833.4/s|walker_min=110.324|walker_med=175.445|walker_max=190.185
STEP|n=68700000|unique=5225243|accepted=18334292|rate=99839.7/s|walker_min=112.887|walker_med=174.087|walker_max=189.701
STEP|n=68800000|unique=5240868|accepted=18349917|rate=99856.2/s|walker_min=79.411|walker_med=163.437|walker_max=190.017
STEP|n=68900000|unique=5260663|accepted=18369712|rate=99866.9/s|walker_min=95.278|walker_med=152.152|walker_max=186.137
STEP|n=69000000|unique=5287799|accepted=18396848|rate=99866.7/s|walker_min=61.387|walker_med=113.315|walker_max=161.678
STEP|n=69100000|unique=5314896|accepted=18423945|rate=99853.4/s|walker_min=61.354|walker_med=150.334|walker_max=188.433
STEP|n=69200000|unique=5334029|accepted=18443078|rate=99869.4/s|walker_min=97.852|walker_med=162.479|walker_max=189.133
STEP|n=69300000|unique=5349986|accepted=18459035|rate=99886.8/s|walker_min=83.297|walker_med=174.303|walker_max=190.198
STEP|n=69400000|unique=5364041|accepted=18473090|rate=99905.6/s|walker_min=86.242|walker_med=174.518|walker_max=190.718
STEP|n=69500000|unique=5376990|accepted=18486039|rate=99926.2/s|walker_min=135.451|walker_med=171.498|walker_max=190.079
STEP|n=69600000|unique=5388873|accepted=18497922|rate=99951.0/s|walker_min=124.371|walker_med=171.582|walker_max=190.639
STEP|n=69700000|unique=5400530|accepted=18509579|rate=99976.4/s|walker_min=137.972|walker_med=177.425|walker_max=190.387
STEP|n=69800000|unique=5411290|accepted=18520339|rate=100001.7/s|walker_min=137.876|walker_med=180.193|walker_max=189.841
STEP|n=69900000|unique=5421720|accepted=18530769|rate=100025.3/s|walker_min=110.340|walker_med=178.272|walker_max=190.565
STEP|n=70000000|unique=5432493|accepted=18541542|rate=100046.6/s|walker_min=137.579|walker_med=180.496|walker_max=190.316
STEP|n=70100000|unique=5443767|accepted=18552816|rate=100054.8/s|walker_min=127.670|walker_med=181.171|walker_max=190.453
STEP|n=70200000|unique=5455091|accepted=18564140|rate=100080.8/s|walker_min=115.096|walker_med=171.082|walker_max=190.885
STEP|n=70300000|unique=5465652|accepted=18574701|rate=100108.2/s|walker_min=134.872|walker_med=182.906|walker_max=190.595
STEP|n=70400000|unique=5477144|accepted=18586193|rate=100129.6/s|walker_min=114.828|walker_med=176.594|walker_max=190.542
STEP|n=70500000|unique=5488704|accepted=18597753|rate=100150.2/s|walker_min=132.091|walker_med=172.428|walker_max=190.575
STEP|n=70600000|unique=5501338|accepted=18610387|rate=100170.3/s|walker_min=106.892|walker_med=164.611|walker_max=190.867
STEP|n=70700000|unique=5515253|accepted=18624302|rate=100192.8/s|walker_min=101.278|walker_med=169.203|walker_max=190.858
STEP|n=70800000|unique=5531052|accepted=18640101|rate=100212.8/s|walker_min=118.560|walker_med=160.467|walker_max=190.254
STEP|n=70900000|unique=5550384|accepted=18659433|rate=100225.0/s|walker_min=100.948|walker_med=148.915|walker_max=187.477
STEP|n=71000000|unique=5576010|accepted=18685059|rate=100212.2/s|walker_min=64.281|walker_med=126.777|walker_max=187.573
STEP|n=71100000|unique=5602679|accepted=18711728|rate=100199.0/s|walker_min=81.200|walker_med=145.460|walker_max=188.302
STEP|n=71200000|unique=5623005|accepted=18732054|rate=100207.2/s|walker_min=99.251|walker_med=163.125|walker_max=187.493
STEP|n=71300000|unique=5638991|accepted=18748040|rate=100221.5/s|walker_min=106.695|walker_med=160.668|walker_max=190.148
STEP|n=71400000|unique=5654123|accepted=18763172|rate=100239.8/s|walker_min=116.898|walker_med=170.490|walker_max=189.489
STEP|n=71500000|unique=5666726|accepted=18775775|rate=100262.2/s|walker_min=119.669|walker_med=176.218|walker_max=188.771
STEP|n=71600000|unique=5678518|accepted=18787567|rate=100284.6/s|walker_min=117.299|walker_med=168.632|walker_max=190.792
STEP|n=71700000|unique=5690190|accepted=18799239|rate=100302.9/s|walker_min=100.564|walker_med=171.895|walker_max=189.522
STEP|n=71800000|unique=5701070|accepted=18810119|rate=100322.9/s|walker_min=135.830|walker_med=177.261|walker_max=188.977
STEP|n=71900000|unique=5711551|accepted=18820600|rate=100329.9/s|walker_min=83.498|walker_med=177.389|walker_max=190.852
STEP|n=72000000|unique=5721998|accepted=18831047|rate=100354.1/s|walker_min=138.837|walker_med=180.434|walker_max=190.532
STEP|n=72100000|unique=5732732|accepted=18841781|rate=100378.9/s|walker_min=132.333|walker_med=173.781|walker_max=190.282
STEP|n=72200000|unique=5743326|accepted=18852375|rate=100400.3/s|walker_min=114.979|walker_med=177.328|walker_max=189.002
STEP|n=72300000|unique=5754198|accepted=18863247|rate=100421.3/s|walker_min=101.758|walker_med=177.280|walker_max=190.124
STEP|n=72400000|unique=5765369|accepted=18874418|rate=100440.8/s|walker_min=124.114|walker_med=179.591|walker_max=190.741
STEP|n=72500000|unique=5777575|accepted=18886624|rate=100462.7/s|walker_min=111.368|walker_med=173.707|walker_max=190.330
STEP|n=72600000|unique=5790879|accepted=18899928|rate=100483.7/s|walker_min=109.829|walker_med=173.310|walker_max=190.904
STEP|n=72700000|unique=5804443|accepted=18913492|rate=100502.6/s|walker_min=100.045|walker_med=165.898|walker_max=190.197
STEP|n=72800000|unique=5819478|accepted=18928527|rate=100517.6/s|walker_min=88.823|walker_med=151.634|walker_max=189.711
STEP|n=72900000|unique=5838977|accepted=18948026|rate=100525.5/s|walker_min=78.672|walker_med=151.653|walker_max=189.342
STEP|n=73000000|unique=5864752|accepted=18973801|rate=100512.8/s|walker_min=56.777|walker_med=125.520|walker_max=173.347
STEP|n=73100000|unique=5891087|accepted=19000136|rate=100516.0/s|walker_min=80.250|walker_med=143.340|walker_max=190.501
STEP|n=73200000|unique=5911263|accepted=19020312|rate=100526.6/s|walker_min=101.450|walker_med=154.638|walker_max=190.371
STEP|n=73300000|unique=5928179|accepted=19037228|rate=100539.0/s|walker_min=90.333|walker_med=163.943|walker_max=190.458
STEP|n=73400000|unique=5942439|accepted=19051488|rate=100554.8/s|walker_min=120.179|walker_med=168.892|walker_max=190.637
STEP|n=73500000|unique=5955269|accepted=19064318|rate=100575.7/s|walker_min=129.201|walker_med=170.936|walker_max=190.738
STEP|n=73600000|unique=5967656|accepted=19076705|rate=100596.1/s|walker_min=107.081|walker_med=175.234|walker_max=190.464
STEP|n=73700000|unique=5979093|accepted=19088142|rate=100602.0/s|walker_min=119.132|walker_med=177.677|walker_max=190.822
STEP|n=73800000|unique=5989741|accepted=19098790|rate=100621.9/s|walker_min=131.764|walker_med=177.128|walker_max=190.876
STEP|n=73900000|unique=6000342|accepted=19109391|rate=100642.0/s|walker_min=111.185|walker_med=181.307|walker_max=190.471
STEP|n=74000000|unique=6011022|accepted=19120071|rate=100664.4/s|walker_min=152.390|walker_med=182.011|walker_max=190.847
STEP|n=74100000|unique=6021562|accepted=19130611|rate=100688.8/s|walker_min=110.286|walker_med=179.835|walker_max=190.550
STEP|n=74200000|unique=6032627|accepted=19141676|rate=100712.6/s|walker_min=138.318|walker_med=171.412|walker_max=190.801
STEP|n=74300000|unique=6043632|accepted=19152681|rate=100733.2/s|walker_min=139.867|walker_med=179.710|walker_max=190.292
STEP|n=74400000|unique=6055261|accepted=19164310|rate=100751.7/s|walker_min=108.671|walker_med=178.481|walker_max=190.828
STEP|n=74500000|unique=6066469|accepted=19175518|rate=100771.5/s|walker_min=130.790|walker_med=174.469|walker_max=190.786
STEP|n=74600000|unique=6078893|accepted=19187942|rate=100792.9/s|walker_min=123.397|walker_med=169.236|walker_max=188.773
STEP|n=74700000|unique=6093433|accepted=19202482|rate=100811.3/s|walker_min=119.327|walker_med=173.937|walker_max=190.630
STEP|n=74800000|unique=6108935|accepted=19217984|rate=100811.8/s|walker_min=97.023|walker_med=169.881|walker_max=188.608
STEP|n=74900000|unique=6126512|accepted=19235561|rate=100826.4/s|walker_min=55.221|walker_med=161.251|walker_max=189.378
STEP|n=75000000|unique=6152950|accepted=19261999|rate=100828.9/s|walker_min=71.464|walker_med=113.470|walker_max=183.007
PRUNE_START|step=75000000|unique=6152950|active_cutoff=190.922274
PRUNE_DONE|step=75000000|unique=4000000|active_cutoff=177.086518|reservoir=200000
STEP|n=75100000|unique=4022610|accepted=19284609|rate=100668.6/s|walker_min=91.417|walker_med=138.640|walker_max=171.462
STEP|n=75200000|unique=4039438|accepted=19301437|rate=100684.7/s|walker_min=55.439|walker_med=138.274|walker_max=174.942
STEP|n=75300000|unique=4053237|accepted=19315236|rate=100704.7/s|walker_min=87.214|walker_med=164.200|walker_max=175.707
STEP|n=75400000|unique=4064834|accepted=19326833|rate=100726.2/s|walker_min=116.263|walker_med=153.320|walker_max=173.906
STEP|n=75500000|unique=4075988|accepted=19337987|rate=100729.5/s|walker_min=100.832|walker_med=153.337|walker_max=176.435
STEP|n=75600000|unique=4086362|accepted=19348361|rate=100751.1/s|walker_min=115.732|walker_med=165.819|walker_max=176.271
STEP|n=75700000|unique=4096509|accepted=19358508|rate=100762.1/s|walker_min=112.901|walker_med=163.559|walker_max=176.315
STEP|n=75800000|unique=4106220|accepted=19368219|rate=100786.2/s|walker_min=130.023|walker_med=167.185|walker_max=177.003
STEP|n=75900000|unique=4115765|accepted=19377764|rate=100809.6/s|walker_min=141.915|walker_med=165.047|walker_max=176.865
STEP|n=76000000|unique=4124641|accepted=19386640|rate=100831.7/s|walker_min=132.362|walker_med=163.721|walker_max=177.010
STEP|n=76100000|unique=4133841|accepted=19395840|rate=100852.8/s|walker_min=122.494|walker_med=170.523|walker_max=176.970
STEP|n=76200000|unique=4142574|accepted=19404573|rate=100874.5/s|walker_min=125.106|walker_med=159.805|walker_max=177.022
STEP|n=76300000|unique=4152367|accepted=19414366|rate=100897.5/s|walker_min=114.278|walker_med=163.285|walker_max=176.146
STEP|n=76400000|unique=4161977|accepted=19423976|rate=100921.2/s|walker_min=129.870|walker_med=163.950|walker_max=176.852
STEP|n=76500000|unique=4171655|accepted=19433654|rate=100943.4/s|walker_min=103.848|walker_med=156.695|walker_max=176.863
STEP|n=76600000|unique=4182241|accepted=19444240|rate=100962.0/s|walker_min=120.914|walker_med=159.964|walker_max=176.762
STEP|n=76700000|unique=4193394|accepted=19455393|rate=100980.3/s|walker_min=102.065|walker_med=161.396|walker_max=176.100
STEP|n=76800000|unique=4206813|accepted=19468812|rate=100998.1/s|walker_min=111.141|walker_med=153.608|walker_max=175.578
STEP|n=76900000|unique=4221980|accepted=19483979|rate=101012.6/s|walker_min=87.192|walker_med=137.751|walker_max=174.499
STEP|n=77000000|unique=4244423|accepted=19506422|rate=101008.2/s|walker_min=65.907|walker_med=124.225|walker_max=158.800
STEP|n=77100000|unique=4266207|accepted=19528206|rate=101011.3/s|walker_min=69.454|walker_med=140.055|walker_max=173.623
STEP|n=77200000|unique=4282919|accepted=19544918|rate=101022.4/s|walker_min=92.425|walker_med=145.647|walker_max=175.723
STEP|n=77300000|unique=4296232|accepted=19558231|rate=101039.5/s|walker_min=83.321|walker_med=163.559|walker_max=176.838
STEP|n=77400000|unique=4308282|accepted=19570281|rate=101059.9/s|walker_min=120.639|walker_med=159.349|walker_max=176.310
STEP|n=77500000|unique=4318122|accepted=19580121|rate=101082.9/s|walker_min=140.034|walker_med=162.572|walker_max=176.015
STEP|n=77600000|unique=4327476|accepted=19589475|rate=101103.8/s|walker_min=132.226|walker_med=164.698|walker_max=176.702
STEP|n=77700000|unique=4337878|accepted=19599877|rate=101122.5/s|walker_min=110.471|walker_med=158.006|walker_max=176.502
STEP|n=77800000|unique=4347008|accepted=19609007|rate=101141.1/s|walker_min=118.921|walker_med=159.874|walker_max=175.953
STEP|n=77900000|unique=4355509|accepted=19617508|rate=101164.8/s|walker_min=120.537|walker_med=166.389|walker_max=176.902
STEP|n=78000000|unique=4364054|accepted=19626053|rate=101177.1/s|walker_min=99.379|walker_med=167.503|walker_max=177.003
STEP|n=78100000|unique=4373282|accepted=19635281|rate=101199.2/s|walker_min=132.141|walker_med=167.919|walker_max=176.380
STEP|n=78200000|unique=4382032|accepted=19644031|rate=101220.0/s|walker_min=126.309|walker_med=162.577|walker_max=176.942
STEP|n=78300000|unique=4391770|accepted=19653769|rate=101238.6/s|walker_min=97.814|walker_med=161.911|walker_max=176.932
STEP|n=78400000|unique=4401488|accepted=19663487|rate=101259.0/s|walker_min=95.997|walker_med=163.688|walker_max=176.817
STEP|n=78500000|unique=4411910|accepted=19673909|rate=101280.0/s|walker_min=101.076|walker_med=158.064|walker_max=176.808
STEP|n=78600000|unique=4422193|accepted=19684192|rate=101301.8/s|walker_min=122.944|walker_med=159.312|walker_max=176.183
STEP|n=78700000|unique=4433179|accepted=19695178|rate=101322.5/s|walker_min=105.735|walker_med=161.189|walker_max=175.897
STEP|n=78800000|unique=4445963|accepted=19707962|rate=101342.1/s|walker_min=69.857|walker_med=159.331|walker_max=175.417
STEP|n=78900000|unique=4462149|accepted=19724148|rate=101357.0/s|walker_min=75.012|walker_med=147.413|walker_max=171.666
STEP|n=79000000|unique=4484419|accepted=19746418|rate=101357.9/s|walker_min=59.351|walker_med=104.944|walker_max=155.069
STEP|n=79100000|unique=4506786|accepted=19768785|rate=101347.3/s|walker_min=79.688|walker_med=151.052|walker_max=175.879
STEP|n=79200000|unique=4523519|accepted=19785518|rate=101359.2/s|walker_min=96.012|walker_med=152.313|walker_max=176.792
STEP|n=79300000|unique=4537297|accepted=19799296|rate=101377.2/s|walker_min=108.855|walker_med=161.775|walker_max=175.628
STEP|n=79400000|unique=4548750|accepted=19810749|rate=101391.6/s|walker_min=112.484|walker_med=164.153|walker_max=176.209
STEP|n=79500000|unique=4559627|accepted=19821626|rate=101411.7/s|walker_min=128.372|walker_med=161.415|walker_max=175.774
STEP|n=79600000|unique=4569543|accepted=19831542|rate=101433.7/s|walker_min=102.745|walker_med=164.121|walker_max=176.279
STEP|n=79700000|unique=4578895|accepted=19840894|rate=101455.4/s|walker_min=134.385|walker_med=165.436|walker_max=174.475
STEP|n=79800000|unique=4588284|accepted=19850283|rate=101473.9/s|walker_min=134.696|walker_med=170.952|walker_max=176.995
STEP|n=79900000|unique=4597468|accepted=19859467|rate=101492.7/s|walker_min=131.692|walker_med=161.428|walker_max=176.230
STEP|n=80000000|unique=4606734|accepted=19868733|rate=101513.2/s|walker_min=102.179|walker_med=161.753|walker_max=176.630
STEP|n=80100000|unique=4615898|accepted=19877897|rate=101534.7/s|walker_min=125.925|walker_med=161.408|walker_max=177.019
STEP|n=80200000|unique=4624866|accepted=19886865|rate=101545.7/s|walker_min=119.296|walker_med=161.282|walker_max=176.876
STEP|n=80300000|unique=4634433|accepted=19896432|rate=101565.4/s|walker_min=112.032|walker_med=161.531|walker_max=176.863
STEP|n=80400000|unique=4644688|accepted=19906687|rate=101585.6/s|walker_min=101.673|walker_med=160.715|walker_max=175.370
STEP|n=80500000|unique=4654864|accepted=19916863|rate=101606.0/s|walker_min=90.692|walker_med=161.125|walker_max=176.372
STEP|n=80600000|unique=4665313|accepted=19927312|rate=101626.1/s|walker_min=98.113|walker_med=161.594|walker_max=176.945
STEP|n=80700000|unique=4676702|accepted=19938701|rate=101645.5/s|walker_min=99.749|walker_med=161.062|walker_max=177.050
STEP|n=80800000|unique=4687968|accepted=19949967|rate=101664.5/s|walker_min=117.748|walker_med=157.842|walker_max=177.043
STEP|n=80900000|unique=4703498|accepted=19965497|rate=101678.5/s|walker_min=87.525|walker_med=143.498|walker_max=175.217
STEP|n=81000000|unique=4724123|accepted=19986122|rate=101685.0/s|walker_min=63.587|walker_med=108.025|walker_max=170.183
STEP|n=81100000|unique=4745350|accepted=20007349|rate=101688.3/s|walker_min=60.665|walker_med=147.729|walker_max=176.459
STEP|n=81200000|unique=4760894|accepted=20022893|rate=101689.1/s|walker_min=71.801|walker_med=146.027|walker_max=174.038
STEP|n=81300000|unique=4773890|accepted=20035889|rate=101705.8/s|walker_min=92.971|walker_med=149.892|walker_max=177.071
STEP|n=81400000|unique=4786334|accepted=20048333|rate=101720.4/s|walker_min=84.468|walker_med=145.280|walker_max=174.353
STEP|n=81500000|unique=4797077|accepted=20059076|rate=101737.1/s|walker_min=89.801|walker_med=160.973|walker_max=176.598
STEP|n=81600000|unique=4807650|accepted=20069649|rate=101755.1/s|walker_min=149.310|walker_med=169.311|walker_max=176.956
STEP|n=81700000|unique=4817856|accepted=20079855|rate=101775.1/s|walker_min=83.645|walker_med=164.035|walker_max=176.973
STEP|n=81800000|unique=4827124|accepted=20089123|rate=101796.1/s|walker_min=133.238|walker_med=158.884|walker_max=175.783
STEP|n=81900000|unique=4836085|accepted=20098084|rate=101815.6/s|walker_min=126.900|walker_med=168.319|walker_max=176.589
STEP|n=82000000|unique=4845209|accepted=20107208|rate=101833.1/s|walker_min=130.610|walker_med=159.343|walker_max=174.510
STEP|n=82100000|unique=4854435|accepted=20116434|rate=101850.4/s|walker_min=126.195|walker_med=163.295|walker_max=176.853
STEP|n=82200000|unique=4864076|accepted=20126075|rate=101870.0/s|walker_min=125.424|walker_med=163.137|walker_max=176.264
STEP|n=82300000|unique=4874004|accepted=20136003|rate=101889.7/s|walker_min=112.597|walker_med=162.390|walker_max=177.052
STEP|n=82400000|unique=4883298|accepted=20145297|rate=101906.1/s|walker_min=136.632|walker_med=159.391|walker_max=175.445
STEP|n=82500000|unique=4893252|accepted=20155251|rate=101914.1/s|walker_min=116.686|walker_med=158.043|walker_max=176.846
STEP|n=82600000|unique=4904111|accepted=20166110|rate=101933.8/s|walker_min=91.993|walker_med=158.988|walker_max=176.940
STEP|n=82700000|unique=4915885|accepted=20177884|rate=101951.1/s|walker_min=105.156|walker_med=158.463|walker_max=176.756
STEP|n=82800000|unique=4929217|accepted=20191216|rate=101964.4/s|walker_min=112.524|walker_med=148.367|walker_max=175.431
STEP|n=82900000|unique=4945136|accepted=20207135|rate=101973.8/s|walker_min=83.462|walker_med=149.452|walker_max=176.084
STEP|n=83000000|unique=4966425|accepted=20228424|rate=101975.9/s|walker_min=76.975|walker_med=113.089|walker_max=167.970
STEP|n=83100000|unique=4988631|accepted=20250630|rate=101976.7/s|walker_min=68.490|walker_med=140.308|walker_max=171.044
STEP|n=83200000|unique=5004271|accepted=20266270|rate=101987.3/s|walker_min=105.735|walker_med=147.715|walker_max=175.827
STEP|n=83300000|unique=5017340|accepted=20279339|rate=101999.7/s|walker_min=96.147|walker_med=156.314|walker_max=175.486
STEP|n=83400000|unique=5028953|accepted=20290952|rate=102001.8/s|walker_min=129.315|walker_med=162.231|walker_max=173.242
STEP|n=83500000|unique=5039625|accepted=20301624|rate=102017.7/s|walker_min=117.529|walker_med=158.949|walker_max=175.926
STEP|n=83600000|unique=5049896|accepted=20311895|rate=102034.5/s|walker_min=101.578|walker_med=160.790|walker_max=175.001
STEP|n=83700000|unique=5059867|accepted=20321866|rate=102051.6/s|walker_min=130.216|walker_med=163.860|walker_max=175.685
STEP|n=83800000|unique=5069198|accepted=20331197|rate=102069.9/s|walker_min=135.877|walker_med=164.930|walker_max=176.914
STEP|n=83900000|unique=5078159|accepted=20340158|rate=102088.4/s|walker_min=126.618|walker_med=167.242|walker_max=176.833
STEP|n=84000000|unique=5087575|accepted=20349574|rate=102106.1/s|walker_min=119.501|walker_med=164.658|walker_max=176.980
STEP|n=84100000|unique=5096625|accepted=20358624|rate=102123.8/s|walker_min=120.844|walker_med=161.443|walker_max=176.369
STEP|n=84200000|unique=5105906|accepted=20367905|rate=102141.1/s|walker_min=101.724|walker_med=159.747|walker_max=176.999
STEP|n=84300000|unique=5114995|accepted=20376994|rate=102159.2/s|walker_min=105.395|walker_med=163.640|walker_max=174.730
STEP|n=84400000|unique=5124659|accepted=20386658|rate=102176.6/s|walker_min=111.514|walker_med=159.524|walker_max=176.367
STEP|n=84500000|unique=5134638|accepted=20396637|rate=102193.6/s|walker_min=130.276|walker_med=165.606|walker_max=176.702
STEP|n=84600000|unique=5144995|accepted=20406994|rate=102208.9/s|walker_min=98.989|walker_med=153.818|walker_max=176.954
STEP|n=84700000|unique=5155994|accepted=20417993|rate=102224.1/s|walker_min=116.713|walker_med=158.830|walker_max=174.540
STEP|n=84800000|unique=5168391|accepted=20430390|rate=102225.0/s|walker_min=114.657|walker_med=155.114|walker_max=176.926
STEP|n=84900000|unique=5183673|accepted=20445672|rate=102235.9/s|walker_min=105.218|walker_med=143.518|walker_max=170.440
STEP|n=85000000|unique=5204013|accepted=20466012|rate=102239.4/s|walker_min=64.954|walker_med=108.595|walker_max=166.089
STEP|n=85100000|unique=5227126|accepted=20489125|rate=102239.3/s|walker_min=66.229|walker_med=135.936|walker_max=176.733
STEP|n=85200000|unique=5243592|accepted=20505591|rate=102248.3/s|walker_min=92.972|walker_med=151.532|walker_max=174.741
STEP|n=85300000|unique=5256425|accepted=20518424|rate=102262.2/s|walker_min=84.133|walker_med=156.301|walker_max=174.407
STEP|n=85400000|unique=5267852|accepted=20529851|rate=102277.7/s|walker_min=112.540|walker_med=163.705|walker_max=177.016
STEP|n=85500000|unique=5278682|accepted=20540681|rate=102292.6/s|walker_min=121.460|walker_med=166.077|walker_max=176.633
STEP|n=85600000|unique=5288914|accepted=20550913|rate=102308.2/s|walker_min=125.605|walker_med=165.441|walker_max=176.941
STEP|n=85700000|unique=5298353|accepted=20560352|rate=102311.6/s|walker_min=126.530|walker_med=161.002|walker_max=177.037
STEP|n=85800000|unique=5308208|accepted=20570207|rate=102327.9/s|walker_min=101.649|walker_med=163.882|walker_max=174.848
STEP|n=85900000|unique=5317786|accepted=20579785|rate=102345.1/s|walker_min=119.828|walker_med=164.021|walker_max=176.527
STEP|n=86000000|unique=5326926|accepted=20588925|rate=102362.8/s|walker_min=125.372|walker_med=164.375|walker_max=175.712
STEP|n=86100000|unique=5335972|accepted=20597971|rate=102380.1/s|walker_min=116.736|walker_med=167.257|walker_max=175.988
STEP|n=86200000|unique=5345116|accepted=20607115|rate=102397.3/s|walker_min=126.969|walker_med=166.532|walker_max=176.685
STEP|n=86300000|unique=5354397|accepted=20616396|rate=102414.5/s|walker_min=126.559|walker_med=163.800|walker_max=176.160
STEP|n=86400000|unique=5363948|accepted=20625947|rate=102430.9/s|walker_min=101.756|walker_med=161.180|walker_max=176.283
STEP|n=86500000|unique=5374083|accepted=20636082|rate=102446.5/s|walker_min=112.998|walker_med=157.545|walker_max=176.847
STEP|n=86600000|unique=5384905|accepted=20646904|rate=102461.8/s|walker_min=108.681|walker_med=166.493|walker_max=176.681
STEP|n=86700000|unique=5397059|accepted=20659058|rate=102475.2/s|walker_min=97.194|walker_med=158.219|walker_max=174.653
STEP|n=86800000|unique=5410071|accepted=20672070|rate=102488.0/s|walker_min=69.641|walker_med=149.460|walker_max=174.999
STEP|n=86900000|unique=5426838|accepted=20688837|rate=102481.5/s|walker_min=79.625|walker_med=151.460|walker_max=175.386
STEP|n=87000000|unique=5449127|accepted=20711126|rate=102482.6/s|walker_min=56.720|walker_med=121.400|walker_max=168.658
STEP|n=87100000|unique=5470789|accepted=20732788|rate=102484.3/s|walker_min=96.095|walker_med=144.898|walker_max=176.747
STEP|n=87200000|unique=5486920|accepted=20748919|rate=102493.0/s|walker_min=74.056|walker_med=149.892|walker_max=176.208
STEP|n=87300000|unique=5500045|accepted=20762044|rate=102505.4/s|walker_min=122.725|walker_med=159.756|walker_max=176.343
STEP|n=87400000|unique=5511955|accepted=20773954|rate=102519.6/s|walker_min=120.441|walker_med=156.550|walker_max=175.187
STEP|n=87500000|unique=5522103|accepted=20784102|rate=102537.3/s|walker_min=132.469|walker_med=158.114|walker_max=176.022
STEP|n=87600000|unique=5531918|accepted=20793917|rate=102555.1/s|walker_min=123.092|walker_med=160.325|walker_max=177.049
STEP|n=87700000|unique=5542278|accepted=20804277|rate=102571.7/s|walker_min=125.671|walker_med=161.592|walker_max=176.621
STEP|n=87800000|unique=5551842|accepted=20813841|rate=102586.5/s|walker_min=89.578|walker_med=160.618|walker_max=176.770
STEP|n=87900000|unique=5561295|accepted=20823294|rate=102589.1/s|walker_min=111.659|walker_med=165.418|walker_max=175.815
STEP|n=88000000|unique=5569874|accepted=20831873|rate=102608.9/s|walker_min=109.003|walker_med=162.432|walker_max=176.838
STEP|n=88100000|unique=5579141|accepted=20841140|rate=102628.3/s|walker_min=125.466|walker_med=163.735|walker_max=173.862
STEP|n=88200000|unique=5588063|accepted=20850062|rate=102648.0/s|walker_min=112.899|walker_med=167.165|walker_max=176.647
STEP|n=88300000|unique=5597588|accepted=20859587|rate=102652.0/s|walker_min=117.423|walker_med=168.849|walker_max=177.003
STEP|n=88400000|unique=5606955|accepted=20868954|rate=102668.3/s|walker_min=128.605|walker_med=163.745|walker_max=176.280
STEP|n=88500000|unique=5617246|accepted=20879245|rate=102684.9/s|walker_min=86.032|walker_med=158.675|walker_max=176.775
STEP|n=88600000|unique=5627777|accepted=20889776|rate=102702.6/s|walker_min=127.607|walker_med=165.039|walker_max=176.676
STEP|n=88700000|unique=5639076|accepted=20901075|rate=102719.6/s|walker_min=120.550|walker_med=162.351|walker_max=176.121
STEP|n=88800000|unique=5652441|accepted=20914440|rate=102732.5/s|walker_min=111.663|walker_med=152.595|walker_max=177.074
STEP|n=88900000|unique=5668073|accepted=20930072|rate=102741.5/s|walker_min=70.369|walker_med=142.745|walker_max=170.984
STEP|n=89000000|unique=5689095|accepted=20951094|rate=102742.0/s|walker_min=68.512|walker_med=111.239|walker_max=164.917
STEP|n=89100000|unique=5711237|accepted=20973236|rate=102732.3/s|walker_min=50.581|walker_med=144.029|walker_max=175.892
STEP|n=89200000|unique=5727782|accepted=20989781|rate=102744.2/s|walker_min=59.162|walker_med=152.635|walker_max=176.535
STEP|n=89300000|unique=5741086|accepted=21003085|rate=102757.0/s|walker_min=105.832|walker_med=159.173|walker_max=176.468
STEP|n=89400000|unique=5751847|accepted=21013846|rate=102771.4/s|walker_min=130.438|walker_med=153.260|walker_max=176.371
STEP|n=89500000|unique=5762291|accepted=21024290|rate=102785.9/s|walker_min=75.468|walker_med=163.170|walker_max=176.934
STEP|n=89600000|unique=5772582|accepted=21034581|rate=102804.0/s|walker_min=95.812|walker_med=163.897|walker_max=175.246
STEP|n=89700000|unique=5782642|accepted=21044641|rate=102822.4/s|walker_min=115.069|walker_med=164.574|walker_max=176.091
STEP|n=89800000|unique=5792401|accepted=21054400|rate=102840.8/s|walker_min=136.291|walker_med=165.071|walker_max=176.604
STEP|n=89900000|unique=5802002|accepted=21064001|rate=102856.3/s|walker_min=124.489|walker_med=165.492|walker_max=176.717
STEP|n=90000000|unique=5811272|accepted=21073271|rate=102871.8/s|walker_min=110.902|walker_med=161.578|walker_max=176.201
STEP|n=90100000|unique=5820555|accepted=21082554|rate=102887.8/s|walker_min=125.648|walker_med=163.596|walker_max=176.481
STEP|n=90200000|unique=5829679|accepted=21091678|rate=102893.6/s|walker_min=119.767|walker_med=157.440|walker_max=176.022
STEP|n=90300000|unique=5839098|accepted=21101097|rate=102912.7/s|walker_min=124.691|walker_med=164.430|walker_max=176.720
STEP|n=90400000|unique=5848413|accepted=21110412|rate=102929.9/s|walker_min=106.106|walker_med=168.798|walker_max=176.838
STEP|n=90500000|unique=5858422|accepted=21120421|rate=102945.3/s|walker_min=120.096|walker_med=163.685|walker_max=176.623
STEP|n=90600000|unique=5869109|accepted=21131108|rate=102959.2/s|walker_min=115.498|walker_med=161.965|walker_max=177.003
STEP|n=90700000|unique=5880767|accepted=21142766|rate=102975.2/s|walker_min=108.521|walker_med=160.147|walker_max=177.053
STEP|n=90800000|unique=5893536|accepted=21155535|rate=102990.4/s|walker_min=96.049|walker_med=159.484|walker_max=176.968
STEP|n=90900000|unique=5910778|accepted=21172777|rate=103000.1/s|walker_min=85.061|walker_med=136.716|walker_max=176.080
STEP|n=91000000|unique=5930910|accepted=21192909|rate=103002.8/s|walker_min=73.543|walker_med=114.689|walker_max=163.750
STEP|n=91100000|unique=5951960|accepted=21213959|rate=103002.3/s|walker_min=86.079|walker_med=134.464|walker_max=173.944
STEP|n=91200000|unique=5968252|accepted=21230251|rate=102999.0/s|walker_min=108.032|walker_med=150.952|walker_max=175.901
STEP|n=91300000|unique=5980329|accepted=21242328|rate=103014.6/s|walker_min=111.955|walker_med=164.587|walker_max=177.045
STEP|n=91400000|unique=5991634|accepted=21253633|rate=103028.1/s|walker_min=120.285|walker_med=166.734|walker_max=176.204
STEP|n=91500000|unique=6002753|accepted=21264752|rate=103041.8/s|walker_min=124.716|walker_med=157.348|walker_max=176.399
STEP|n=91600000|unique=6013115|accepted=21275114|rate=103056.4/s|walker_min=112.035|walker_med=162.693|walker_max=176.833
STEP|n=91700000|unique=6022388|accepted=21284387|rate=103075.6/s|walker_min=123.216|walker_med=166.288|walker_max=176.933
STEP|n=91800000|unique=6031528|accepted=21293527|rate=103094.6/s|walker_min=126.024|walker_med=167.905|walker_max=176.783
STEP|n=91900000|unique=6040409|accepted=21302408|rate=103112.7/s|walker_min=119.082|walker_med=165.124|walker_max=176.260
STEP|n=92000000|unique=6049753|accepted=21311752|rate=103127.9/s|walker_min=136.628|walker_med=163.998|walker_max=176.787
STEP|n=92100000|unique=6058570|accepted=21320569|rate=103143.5/s|walker_min=114.087|walker_med=161.796|walker_max=175.194
STEP|n=92200000|unique=6067471|accepted=21329470|rate=103160.8/s|walker_min=98.202|walker_med=166.891|walker_max=176.501
STEP|n=92300000|unique=6076581|accepted=21338580|rate=103179.5/s|walker_min=119.872|walker_med=163.828|walker_max=176.524
STEP|n=92400000|unique=6086391|accepted=21348390|rate=103196.4/s|walker_min=116.664|walker_med=166.333|walker_max=176.058
STEP|n=92500000|unique=6096692|accepted=21358691|rate=103196.8/s|walker_min=137.938|walker_med=165.502|walker_max=175.885
STEP|n=92600000|unique=6106581|accepted=21368580|rate=103211.5/s|walker_min=100.034|walker_med=158.918|walker_max=176.543
STEP|n=92700000|unique=6117434|accepted=21379433|rate=103225.4/s|walker_min=74.985|walker_med=159.505|walker_max=176.983
STEP|n=92800000|unique=6129771|accepted=21391770|rate=103240.8/s|walker_min=105.646|walker_med=157.047|walker_max=175.979
STEP|n=92900000|unique=6145955|accepted=21407954|rate=103252.4/s|walker_min=91.944|walker_med=137.537|walker_max=176.169
STEP|n=93000000|unique=6166727|accepted=21428726|rate=103254.9/s|walker_min=73.095|walker_med=105.418|walker_max=167.142
STEP|n=93100000|unique=6188537|accepted=21450536|rate=103252.8/s|walker_min=81.189|walker_med=132.895|walker_max=173.440
STEP|n=93200000|unique=6205103|accepted=21467102|rate=103260.0/s|walker_min=98.522|walker_med=156.472|walker_max=176.844
STEP|n=93300000|unique=6218812|accepted=21480811|rate=103273.4/s|walker_min=88.832|walker_med=154.995|walker_max=177.000
STEP|n=93400000|unique=6231199|accepted=21493198|rate=103275.2/s|walker_min=111.832|walker_med=160.373|walker_max=175.685
STEP|n=93500000|unique=6241687|accepted=21503686|rate=103290.9/s|walker_min=107.474|walker_med=164.801|walker_max=176.441
STEP|n=93600000|unique=6252221|accepted=21514220|rate=103304.2/s|walker_min=97.006|walker_med=159.731|walker_max=174.958
STEP|n=93700000|unique=6261425|accepted=21523424|rate=103319.0/s|walker_min=139.562|walker_med=167.092|walker_max=176.210
STEP|n=93800000|unique=6271036|accepted=21533035|rate=103335.8/s|walker_min=122.232|walker_med=160.817|walker_max=176.506
STEP|n=93900000|unique=6280081|accepted=21542080|rate=103353.7/s|walker_min=140.125|walker_med=166.159|walker_max=177.037
STEP|n=94000000|unique=6289168|accepted=21551167|rate=103371.9/s|walker_min=119.403|walker_med=168.430|walker_max=176.650
STEP|n=94100000|unique=6297757|accepted=21559756|rate=103387.8/s|walker_min=121.886|walker_med=165.580|walker_max=176.758
STEP|n=94200000|unique=6306754|accepted=21568753|rate=103402.5/s|walker_min=137.233|walker_med=163.739|walker_max=176.018
STEP|n=94300000|unique=6316174|accepted=21578173|rate=103417.0/s|walker_min=107.945|walker_med=165.995|walker_max=175.190
STEP|n=94400000|unique=6326249|accepted=21588248|rate=103433.8/s|walker_min=55.439|walker_med=166.240|walker_max=175.781
STEP|n=94500000|unique=6336412|accepted=21598411|rate=103450.6/s|walker_min=128.847|walker_med=168.071|walker_max=176.531
STEP|n=94600000|unique=6346878|accepted=21608877|rate=103465.4/s|walker_min=99.576|walker_med=158.634|walker_max=176.565
STEP|n=94700000|unique=6358123|accepted=21620122|rate=103477.7/s|walker_min=128.306|walker_med=160.624|walker_max=176.418
STEP|n=94800000|unique=6370770|accepted=21632769|rate=103474.2/s|walker_min=107.521|walker_med=163.267|walker_max=176.614
STEP|n=94900000|unique=6386101|accepted=21648100|rate=103485.0/s|walker_min=93.936|walker_med=141.721|walker_max=170.316
STEP|n=95000000|unique=6405683|accepted=21667682|rate=103490.7/s|walker_min=72.465|walker_med=106.154|walker_max=163.277
PRUNE_START|step=95000000|unique=6405683|active_cutoff=177.086518
PRUNE_DONE|step=95000000|unique=4000000|active_cutoff=164.059292|reservoir=200000
STEP|n=95100000|unique=4017025|accepted=21684707|rate=103343.3/s|walker_min=91.690|walker_med=132.823|walker_max=164.052
STEP|n=95200000|unique=4029432|accepted=21697114|rate=103354.1/s|walker_min=114.988|walker_med=144.772|walker_max=164.042
STEP|n=95300000|unique=4040120|accepted=21707802|rate=103369.3/s|walker_min=87.766|walker_med=150.552|walker_max=163.235
STEP|n=95400000|unique=4049710|accepted=21717392|rate=103385.8/s|walker_min=127.262|walker_med=150.710|walker_max=163.812
STEP|n=95500000|unique=4058585|accepted=21726267|rate=103402.2/s|walker_min=85.557|walker_med=154.973|walker_max=164.025
STEP|n=95600000|unique=4067229|accepted=21734911|rate=103416.8/s|walker_min=110.109|walker_med=145.307|walker_max=162.902
STEP|n=95700000|unique=4075527|accepted=21743209|rate=103431.6/s|walker_min=82.747|walker_med=154.848|walker_max=164.015
STEP|n=95800000|unique=4083642|accepted=21751324|rate=103433.2/s|walker_min=106.352|walker_med=146.480|walker_max=163.791
STEP|n=95900000|unique=4091557|accepted=21759239|rate=103451.5/s|walker_min=100.565|walker_med=154.541|walker_max=163.967
STEP|n=96000000|unique=4099306|accepted=21766988|rate=103460.3/s|walker_min=120.471|walker_med=153.080|walker_max=163.894
STEP|n=96100000|unique=4107021|accepted=21774703|rate=103475.8/s|walker_min=106.081|walker_med=153.086|walker_max=163.959
STEP|n=96200000|unique=4115039|accepted=21782721|rate=103490.8/s|walker_min=106.501|walker_med=155.152|walker_max=162.078
STEP|n=96300000|unique=4123093|accepted=21790775|rate=103506.3/s|walker_min=120.200|walker_med=154.971|walker_max=163.476
STEP|n=96400000|unique=4131119|accepted=21798801|rate=103524.2/s|walker_min=95.699|walker_med=155.040|walker_max=164.057
STEP|n=96500000|unique=4139851|accepted=21807533|rate=103540.9/s|walker_min=99.200|walker_med=147.262|walker_max=163.547
STEP|n=96600000|unique=4149073|accepted=21816755|rate=103556.6/s|walker_min=62.012|walker_med=147.104|walker_max=163.522
STEP|n=96700000|unique=4158811|accepted=21826493|rate=103569.4/s|walker_min=90.554|walker_med=145.603|walker_max=163.439
STEP|n=96800000|unique=4169062|accepted=21836744|rate=103581.6/s|walker_min=91.048|walker_med=151.703|walker_max=163.860
STEP|n=96900000|unique=4180299|accepted=21847981|rate=103595.6/s|walker_min=65.526|walker_med=138.807|walker_max=162.709
STEP|n=97000000|unique=4196050|accepted=21863732|rate=103604.8/s|walker_min=61.015|walker_med=117.049|walker_max=161.029
STEP|n=97100000|unique=4213089|accepted=21880771|rate=103611.3/s|walker_min=77.905|walker_med=135.873|walker_max=162.609
STEP|n=97200000|unique=4226055|accepted=21893737|rate=103620.3/s|walker_min=68.769|walker_med=132.486|walker_max=163.343
STEP|n=97300000|unique=4237419|accepted=21905101|rate=103622.0/s|walker_min=115.579|walker_med=144.535|walker_max=163.829
STEP|n=97400000|unique=4248009|accepted=21915691|rate=103635.4/s|walker_min=106.675|walker_med=149.901|walker_max=163.377
STEP|n=97500000|unique=4256411|accepted=21924093|rate=103653.0/s|walker_min=101.240|walker_med=148.071|walker_max=162.956
STEP|n=97600000|unique=4264836|accepted=21932518|rate=103670.6/s|walker_min=95.973|walker_med=154.023|walker_max=163.210
STEP|n=97700000|unique=4273036|accepted=21940718|rate=103686.0/s|walker_min=102.601|walker_med=152.419|walker_max=163.926
STEP|n=97800000|unique=4281020|accepted=21948702|rate=103700.7/s|walker_min=83.128|walker_med=155.642|walker_max=164.048
STEP|n=97900000|unique=4288512|accepted=21956194|rate=103715.6/s|walker_min=124.333|walker_med=153.193|walker_max=163.775
STEP|n=98000000|unique=4296529|accepted=21964211|rate=103733.2/s|walker_min=101.839|walker_med=149.674|walker_max=164.014
STEP|n=98100000|unique=4303970|accepted=21971652|rate=103751.9/s|walker_min=100.044|walker_med=154.137|walker_max=163.906
STEP|n=98200000|unique=4311756|accepted=21979438|rate=103770.3/s|walker_min=119.806|walker_med=155.726|walker_max=163.942
STEP|n=98300000|unique=4319361|accepted=21987043|rate=103785.4/s|walker_min=127.960|walker_med=153.824|walker_max=163.512
STEP|n=98400000|unique=4327077|accepted=21994759|rate=103800.1/s|walker_min=115.741|walker_med=153.908|walker_max=163.917
STEP|n=98500000|unique=4335527|accepted=22003209|rate=103814.5/s|walker_min=109.197|walker_med=149.016|walker_max=161.624
STEP|n=98600000|unique=4344357|accepted=22012039|rate=103831.3/s|walker_min=93.409|walker_med=151.263|walker_max=163.985
STEP|n=98700000|unique=4353441|accepted=22021123|rate=103846.8/s|walker_min=118.866|walker_med=144.645|walker_max=163.884
STEP|n=98800000|unique=4363819|accepted=22031501|rate=103850.3/s|walker_min=103.639|walker_med=144.567|walker_max=163.021
STEP|n=98900000|unique=4375631|accepted=22043313|rate=103860.6/s|walker_min=80.497|walker_med=125.811|walker_max=160.507
STEP|n=99000000|unique=4391914|accepted=22059596|rate=103864.7/s|walker_min=83.295|walker_med=117.126|walker_max=163.438
STEP|n=99100000|unique=4409894|accepted=22077576|rate=103870.9/s|walker_min=66.032|walker_med=132.947|walker_max=163.151
STEP|n=99200000|unique=4422881|accepted=22090563|rate=103883.4/s|walker_min=74.559|walker_med=150.062|walker_max=164.032
STEP|n=99300000|unique=4434065|accepted=22101747|rate=103897.1/s|walker_min=118.150|walker_med=147.293|walker_max=162.267
STEP|n=99400000|unique=4444307|accepted=22111989|rate=103909.1/s|walker_min=103.014|walker_med=154.869|walker_max=162.659
STEP|n=99500000|unique=4452742|accepted=22120424|rate=103922.1/s|walker_min=97.699|walker_med=146.959|walker_max=163.719
STEP|n=99600000|unique=4461077|accepted=22128759|rate=103937.2/s|walker_min=107.046|walker_med=146.254|walker_max=162.641
STEP|n=99700000|unique=4469512|accepted=22137194|rate=103953.2/s|walker_min=108.198|walker_med=153.200|walker_max=163.787
STEP|n=99800000|unique=4477827|accepted=22145509|rate=103970.6/s|walker_min=120.920|walker_med=150.919|walker_max=163.770
STEP|n=99900000|unique=4485662|accepted=22153344|rate=103984.5/s|walker_min=132.972|walker_med=153.656|walker_max=162.674
STEP|n=100000000|unique=4493279|accepted=22160961|rate=103998.5/s|walker_min=108.190|walker_med=150.362|walker_max=162.613
CHECKPOINT|step=100000000|unique=4493279|saved=3000000|min=46.3601|max=154.303
STEP|n=100100000|unique=4500453|accepted=22168135|rate=103189.9/s|walker_min=109.527|walker_med=151.151|walker_max=163.027
STEP|n=100200000|unique=4508054|accepted=22175736|rate=103204.9/s|walker_min=113.342|walker_med=154.074|walker_max=163.948
STEP|n=100300000|unique=4516120|accepted=22183802|rate=103219.5/s|walker_min=100.194|walker_med=152.253|walker_max=162.637
STEP|n=100400000|unique=4524423|accepted=22192105|rate=103233.7/s|walker_min=103.384|walker_med=153.299|walker_max=163.755
STEP|n=100500000|unique=4532777|accepted=22200459|rate=103247.9/s|walker_min=84.296|walker_med=153.097|walker_max=163.066
STEP|n=100600000|unique=4541213|accepted=22208895|rate=103261.8/s|walker_min=85.142|walker_med=148.557|walker_max=163.399
STEP|n=100700000|unique=4550705|accepted=22218387|rate=103274.7/s|walker_min=94.223|walker_med=146.761|walker_max=162.531
STEP|n=100800000|unique=4560903|accepted=22228585|rate=103287.4/s|walker_min=100.762|walker_med=138.075|walker_max=161.836
STEP|n=100900000|unique=4573490|accepted=22241172|rate=103297.1/s|walker_min=94.060|walker_med=136.373|walker_max=160.487
STEP|n=101000000|unique=4589409|accepted=22257091|rate=103302.3/s|walker_min=72.870|walker_med=117.275|walker_max=157.204
STEP|n=101100000|unique=4604861|accepted=22272543|rate=103307.9/s|walker_min=92.208|walker_med=131.477|walker_max=163.871
STEP|n=101200000|unique=4617926|accepted=22285608|rate=103315.9/s|walker_min=97.892|walker_med=145.152|walker_max=163.531
STEP|n=101300000|unique=4628613|accepted=22296295|rate=103327.3/s|walker_min=98.422|walker_med=147.024|walker_max=163.919
STEP|n=101400000|unique=4637652|accepted=22305334|rate=103330.2/s|walker_min=111.753|walker_med=148.573|walker_max=163.861
STEP|n=101500000|unique=4646459|accepted=22314141|rate=103343.8/s|walker_min=105.985|walker_med=153.678|walker_max=164.013
STEP|n=101600000|unique=4655301|accepted=22322983|rate=103357.4/s|walker_min=93.230|walker_med=147.913|walker_max=163.743
STEP|n=101700000|unique=4663917|accepted=22331599|rate=103371.0/s|walker_min=110.699|walker_med=147.968|walker_max=163.354
STEP|n=101800000|unique=4671794|accepted=22339476|rate=103385.5/s|walker_min=95.553|walker_med=152.918|walker_max=162.169
STEP|n=101900000|unique=4679817|accepted=22347499|rate=103400.1/s|walker_min=109.235|walker_med=148.915|walker_max=163.900
STEP|n=102000000|unique=4687538|accepted=22355220|rate=103414.6/s|walker_min=122.636|walker_med=152.360|walker_max=163.756
STEP|n=102100000|unique=4694836|accepted=22362518|rate=103429.8/s|walker_min=113.424|walker_med=156.970|walker_max=164.041
STEP|n=102200000|unique=4701723|accepted=22369405|rate=103444.7/s|walker_min=131.989|walker_med=151.986|walker_max=163.960
STEP|n=102300000|unique=4709643|accepted=22377325|rate=103459.3/s|walker_min=118.565|walker_med=154.818|walker_max=163.875
STEP|n=102400000|unique=4717354|accepted=22385036|rate=103473.7/s|walker_min=113.333|walker_med=151.180|walker_max=163.031
STEP|n=102500000|unique=4726199|accepted=22393881|rate=103487.0/s|walker_min=98.742|walker_med=150.439|walker_max=160.934
STEP|n=102600000|unique=4734445|accepted=22402127|rate=103503.4/s|walker_min=110.704|walker_med=148.111|walker_max=163.795
STEP|n=102700000|unique=4743714|accepted=22411396|rate=103519.6/s|walker_min=96.841|walker_med=148.662|walker_max=162.845
STEP|n=102800000|unique=4754611|accepted=22422293|rate=103532.6/s|walker_min=89.510|walker_med=139.311|walker_max=161.852
STEP|n=102900000|unique=4767363|accepted=22435045|rate=103533.9/s|walker_min=66.318|walker_med=137.754|walker_max=160.759
STEP|n=103000000|unique=4784589|accepted=22452271|rate=103540.0/s|walker_min=59.445|walker_med=109.199|walker_max=162.959
STEP|n=103100000|unique=4801434|accepted=22469116|rate=103540.8/s|walker_min=78.956|walker_med=130.713|walker_max=163.976
STEP|n=103200000|unique=4813605|accepted=22481287|rate=103553.4/s|walker_min=54.538|walker_med=149.263|walker_max=163.105
STEP|n=103300000|unique=4825332|accepted=22493014|rate=103565.8/s|walker_min=97.679|walker_med=146.737|walker_max=163.238
STEP|n=103400000|unique=4835144|accepted=22502826|rate=103579.9/s|walker_min=99.447|walker_med=147.977|walker_max=163.908
STEP|n=103500000|unique=4843690|accepted=22511372|rate=103595.9/s|walker_min=106.479|walker_med=151.598|walker_max=163.451
STEP|n=103600000|unique=4851961|accepted=22519643|rate=103612.3/s|walker_min=104.520|walker_med=148.660|walker_max=162.692
STEP|n=103700000|unique=4859932|accepted=22527614|rate=103629.3/s|walker_min=109.749|walker_med=151.481|walker_max=163.475
STEP|n=103800000|unique=4867912|accepted=22535594|rate=103645.2/s|walker_min=120.646|walker_med=155.648|walker_max=163.601
STEP|n=103900000|unique=4875269|accepted=22542951|rate=103659.5/s|walker_min=115.181|walker_med=152.290|walker_max=164.007
STEP|n=104000000|unique=4882836|accepted=22550518|rate=103672.7/s|walker_min=128.824|walker_med=157.651|walker_max=164.040
STEP|n=104100000|unique=4890862|accepted=22558544|rate=103688.0/s|walker_min=122.499|walker_med=155.449|walker_max=163.756
STEP|n=104200000|unique=4898666|accepted=22566348|rate=103694.9/s|walker_min=124.014|walker_med=149.632|walker_max=163.570
STEP|n=104300000|unique=4906385|accepted=22574067|rate=103712.4/s|walker_min=121.045|walker_med=155.388|walker_max=163.777
STEP|n=104400000|unique=4914381|accepted=22582063|rate=103727.1/s|walker_min=126.938|walker_med=154.131|walker_max=163.678
STEP|n=104500000|unique=4922287|accepted=22589969|rate=103740.8/s|walker_min=106.091|walker_med=152.244|walker_max=163.692
STEP|n=104600000|unique=4931074|accepted=22598756|rate=103753.5/s|walker_min=94.766|walker_med=140.574|walker_max=163.141
STEP|n=104700000|unique=4940196|accepted=22607878|rate=103769.6/s|walker_min=88.220|walker_med=146.876|walker_max=163.146
STEP|n=104800000|unique=4950432|accepted=22618114|rate=103784.6/s|walker_min=90.271|walker_med=149.771|walker_max=164.003
STEP|n=104900000|unique=4962663|accepted=22630345|rate=103796.8/s|walker_min=94.571|walker_med=132.451|walker_max=164.043
STEP|n=105000000|unique=4978490|accepted=22646172|rate=103802.0/s|walker_min=73.241|walker_med=113.090|walker_max=159.384
STEP|n=105100000|unique=4995711|accepted=22663393|rate=103805.3/s|walker_min=64.845|walker_med=133.715|walker_max=161.607
STEP|n=105200000|unique=5008944|accepted=22676626|rate=103815.9/s|walker_min=89.291|walker_med=145.791|walker_max=162.906
STEP|n=105300000|unique=5019973|accepted=22687655|rate=103828.7/s|walker_min=90.327|walker_med=148.081|walker_max=162.957
STEP|n=105400000|unique=5029686|accepted=22697368|rate=103843.8/s|walker_min=89.716|walker_med=147.186|walker_max=162.541
STEP|n=105500000|unique=5038444|accepted=22706126|rate=103846.2/s|walker_min=112.310|walker_med=150.419|walker_max=163.724
STEP|n=105600000|unique=5046111|accepted=22713793|rate=103860.3/s|walker_min=113.681|walker_med=149.542|walker_max=163.191
STEP|n=105700000|unique=5053775|accepted=22721457|rate=103875.3/s|walker_min=104.273|walker_med=148.959|walker_max=160.165
STEP|n=105800000|unique=5061824|accepted=22729506|rate=103891.6/s|walker_min=124.314|walker_med=154.760|walker_max=163.803
STEP|n=105900000|unique=5070003|accepted=22737685|rate=103907.8/s|walker_min=124.364|walker_med=158.702|walker_max=163.962
STEP|n=106000000|unique=5077416|accepted=22745098|rate=103923.5/s|walker_min=124.034|walker_med=153.555|walker_max=163.965
STEP|n=106100000|unique=5084787|accepted=22752469|rate=103936.4/s|walker_min=110.963|walker_med=154.925|walker_max=163.746
STEP|n=106200000|unique=5092539|accepted=22760221|rate=103950.1/s|walker_min=102.163|walker_med=154.181|walker_max=163.721
STEP|n=106300000|unique=5100127|accepted=22767809|rate=103965.7/s|walker_min=107.897|walker_med=145.663|walker_max=163.558
STEP|n=106400000|unique=5108463|accepted=22776145|rate=103981.5/s|walker_min=114.901|walker_med=153.528|walker_max=161.903
STEP|n=106500000|unique=5117362|accepted=22785044|rate=103996.8/s|walker_min=117.984|walker_med=148.866|walker_max=163.523
STEP|n=106600000|unique=5126032|accepted=22793714|rate=104010.4/s|walker_min=105.355|walker_med=152.361|walker_max=162.934
STEP|n=106700000|unique=5135579|accepted=22803261|rate=104022.7/s|walker_min=97.769|walker_med=143.253|walker_max=164.006
STEP|n=106800000|unique=5144679|accepted=22812361|rate=104035.1/s|walker_min=114.751|walker_med=145.429|walker_max=163.897
STEP|n=106900000|unique=5156804|accepted=22824486|rate=104046.7/s|walker_min=80.558|walker_med=130.101|walker_max=159.734
STEP|n=107000000|unique=5173094|accepted=22840776|rate=104043.2/s|walker_min=62.808|walker_med=110.514|walker_max=152.895
STEP|n=107100000|unique=5191766|accepted=22859448|rate=104045.9/s|walker_min=85.116|walker_med=127.016|walker_max=161.313
STEP|n=107200000|unique=5204373|accepted=22872055|rate=104054.1/s|walker_min=47.324|walker_med=141.493|walker_max=161.854
STEP|n=107300000|unique=5214055|accepted=22881737|rate=104065.8/s|walker_min=108.615|walker_med=140.296|walker_max=163.240
STEP|n=107400000|unique=5223654|accepted=22891336|rate=104079.9/s|walker_min=107.536|walker_med=147.242|walker_max=163.311
STEP|n=107500000|unique=5232412|accepted=22900094|rate=104095.0/s|walker_min=85.850|walker_med=151.733|walker_max=163.893
STEP|n=107600000|unique=5241271|accepted=22908953|rate=104109.9/s|walker_min=128.910|walker_med=148.738|walker_max=163.175
STEP|n=107700000|unique=5249190|accepted=22916872|rate=104123.2/s|walker_min=117.333|walker_med=157.531|walker_max=162.095
STEP|n=107800000|unique=5256657|accepted=22924339|rate=104136.9/s|walker_min=106.563|walker_med=155.838|walker_max=163.428
STEP|n=107900000|unique=5264254|accepted=22931936|rate=104151.2/s|walker_min=124.708|walker_med=152.186|walker_max=161.779
STEP|n=108000000|unique=5271508|accepted=22939190|rate=104168.2/s|walker_min=93.877|walker_med=153.820|walker_max=164.001
STEP|n=108100000|unique=5279221|accepted=22946903|rate=104184.1/s|walker_min=106.565|walker_med=152.135|walker_max=163.981
STEP|n=108200000|unique=5287285|accepted=22954967|rate=104198.2/s|walker_min=105.024|walker_med=148.248|walker_max=164.011
STEP|n=108300000|unique=5294986|accepted=22962668|rate=104211.5/s|walker_min=102.570|walker_med=153.026|walker_max=163.938
STEP|n=108400000|unique=5302841|accepted=22970523|rate=104213.5/s|walker_min=126.764|walker_med=149.329|walker_max=163.901
STEP|n=108500000|unique=5310965|accepted=22978647|rate=104228.3/s|walker_min=120.862|walker_med=152.177|walker_max=163.213
STEP|n=108600000|unique=5320166|accepted=22987848|rate=104243.1/s|walker_min=108.928|walker_med=149.458|walker_max=161.867
STEP|n=108700000|unique=5329692|accepted=22997374|rate=104257.4/s|walker_min=108.120|walker_med=149.763|walker_max=163.023
STEP|n=108800000|unique=5340200|accepted=23007882|rate=104268.4/s|walker_min=67.495|walker_med=139.786|walker_max=162.246
STEP|n=108900000|unique=5353018|accepted=23020700|rate=104276.8/s|walker_min=100.785|walker_med=137.823|walker_max=164.044
STEP|n=109000000|unique=5369456|accepted=23037138|rate=104281.4/s|walker_min=60.271|walker_med=111.452|walker_max=148.315
STEP|n=109100000|unique=5385624|accepted=23053306|rate=104288.4/s|walker_min=83.970|walker_med=132.941|walker_max=161.033
STEP|n=109200000|unique=5398910|accepted=23066592|rate=104298.8/s|walker_min=89.821|walker_med=144.204|walker_max=162.358
STEP|n=109300000|unique=5410005|accepted=23077687|rate=104310.0/s|walker_min=102.648|walker_med=145.704|walker_max=163.963
STEP|n=109400000|unique=5420442|accepted=23088124|rate=104319.8/s|walker_min=86.978|walker_med=148.566|walker_max=162.699
STEP|n=109500000|unique=5429641|accepted=23097323|rate=104331.4/s|walker_min=96.060|walker_med=148.034|walker_max=162.584
STEP|n=109600000|unique=5438113|accepted=23105795|rate=104335.0/s|walker_min=84.732|walker_med=153.124|walker_max=164.051
STEP|n=109700000|unique=5446367|accepted=23114049|rate=104350.4/s|walker_min=115.495|walker_med=156.432|walker_max=163.979
STEP|n=109800000|unique=5454344|accepted=23122026|rate=104365.8/s|walker_min=102.500|walker_med=149.737|walker_max=164.031
STEP|n=109900000|unique=5462591|accepted=23130273|rate=104379.7/s|walker_min=114.953|walker_med=151.853|walker_max=164.058
STEP|n=110000000|unique=5469935|accepted=23137617|rate=104395.3/s|walker_min=100.487|walker_med=156.533|walker_max=163.712
STEP|n=110100000|unique=5477471|accepted=23145153|rate=104410.9/s|walker_min=110.173|walker_med=151.502|walker_max=163.794
STEP|n=110200000|unique=5484932|accepted=23152614|rate=104426.8/s|walker_min=95.746|walker_med=150.506|walker_max=163.471
STEP|n=110300000|unique=5492822|accepted=23160504|rate=104442.0/s|walker_min=111.461|walker_med=157.053|walker_max=164.050
STEP|n=110400000|unique=5501118|accepted=23168800|rate=104455.9/s|walker_min=117.416|walker_med=150.627|walker_max=163.525
STEP|n=110500000|unique=5510184|accepted=23177866|rate=104467.3/s|walker_min=97.232|walker_med=148.245|walker_max=163.812
STEP|n=110600000|unique=5518353|accepted=23186035|rate=104479.7/s|walker_min=122.813|walker_med=150.213|walker_max=164.042
STEP|n=110700000|unique=5527789|accepted=23195471|rate=104492.7/s|walker_min=91.538|walker_med=142.464|walker_max=163.671
STEP|n=110800000|unique=5537727|accepted=23205409|rate=104506.2/s|walker_min=106.623|walker_med=146.341|walker_max=163.924
STEP|n=110900000|unique=5550176|accepted=23217858|rate=104517.0/s|walker_min=71.919|walker_med=133.861|walker_max=154.039
STEP|n=111000000|unique=5567485|accepted=23235167|rate=104506.7/s|walker_min=48.104|walker_med=105.641|walker_max=162.170
STEP|n=111100000|unique=5585507|accepted=23253189|rate=104508.0/s|walker_min=79.779|walker_med=138.605|walker_max=162.690
STEP|n=111200000|unique=5598667|accepted=23266349|rate=104506.4/s|walker_min=105.980|walker_med=143.852|walker_max=162.185
STEP|n=111300000|unique=5609506|accepted=23277188|rate=104519.1/s|walker_min=100.328|walker_med=150.982|walker_max=161.832
STEP|n=111400000|unique=5619349|accepted=23287031|rate=104532.8/s|walker_min=94.282|walker_med=153.468|walker_max=163.362
STEP|n=111500000|unique=5627696|accepted=23295378|rate=104545.3/s|walker_min=102.745|walker_med=154.367|walker_max=163.159
STEP|n=111600000|unique=5635611|accepted=23303293|rate=104557.8/s|walker_min=119.353|walker_med=152.231|walker_max=164.006
STEP|n=111700000|unique=5643815|accepted=23311497|rate=104570.0/s|walker_min=125.164|walker_med=151.077|walker_max=163.602
STEP|n=111800000|unique=5651840|accepted=23319522|rate=104584.4/s|walker_min=123.385|walker_med=156.100|walker_max=162.873
STEP|n=111900000|unique=5659466|accepted=23327148|rate=104599.8/s|walker_min=123.404|walker_med=153.222|walker_max=162.771
STEP|n=112000000|unique=5667516|accepted=23335198|rate=104614.2/s|walker_min=123.360|walker_med=155.145|walker_max=163.783
STEP|n=112100000|unique=5675009|accepted=23342691|rate=104627.1/s|walker_min=111.095|walker_med=153.020|walker_max=163.638
STEP|n=112200000|unique=5682707|accepted=23350389|rate=104639.8/s|walker_min=107.898|walker_med=153.956|walker_max=163.229
STEP|n=112300000|unique=5690903|accepted=23358585|rate=104651.8/s|walker_min=109.457|walker_med=149.817|walker_max=163.690
STEP|n=112400000|unique=5698846|accepted=23366528|rate=104666.3/s|walker_min=124.894|walker_med=153.927|walker_max=163.893
STEP|n=112500000|unique=5707118|accepted=23374800|rate=104670.5/s|walker_min=91.244|walker_med=153.500|walker_max=162.325
STEP|n=112600000|unique=5716137|accepted=23383819|rate=104682.4/s|walker_min=76.195|walker_med=149.382|walker_max=164.026
STEP|n=112700000|unique=5726295|accepted=23393977|rate=104692.7/s|walker_min=118.339|walker_med=147.866|walker_max=163.967
STEP|n=112800000|unique=5737050|accepted=23404732|rate=104702.4/s|walker_min=84.569|walker_med=145.481|walker_max=164.022
STEP|n=112900000|unique=5750654|accepted=23418336|rate=104712.1/s|walker_min=75.933|walker_med=133.290|walker_max=158.266
STEP|n=113000000|unique=5767986|accepted=23435668|rate=104717.4/s|walker_min=57.754|walker_med=117.054|walker_max=162.338
STEP|n=113100000|unique=5785189|accepted=23452871|rate=104721.3/s|walker_min=83.267|walker_med=134.432|walker_max=163.672
STEP|n=113200000|unique=5798254|accepted=23465936|rate=104728.7/s|walker_min=82.717|walker_med=140.762|walker_max=161.592
STEP|n=113300000|unique=5809119|accepted=23476801|rate=104741.6/s|walker_min=103.747|walker_med=145.058|walker_max=161.065
STEP|n=113400000|unique=5818875|accepted=23486557|rate=104752.3/s|walker_min=120.153|walker_med=152.487|walker_max=163.746
STEP|n=113500000|unique=5827440|accepted=23495122|rate=104763.5/s|walker_min=119.884|walker_med=149.871|walker_max=164.009
STEP|n=113600000|unique=5835931|accepted=23503613|rate=104763.9/s|walker_min=95.244|walker_med=148.516|walker_max=163.510
STEP|n=113700000|unique=5843995|accepted=23511677|rate=104779.3/s|walker_min=120.939|walker_med=147.894|walker_max=163.801
STEP|n=113800000|unique=5851831|accepted=23519513|rate=104795.0/s|walker_min=66.989|walker_med=144.753|walker_max=163.255
STEP|n=113900000|unique=5859259|accepted=23526941|rate=104810.5/s|walker_min=130.180|walker_med=149.177|walker_max=163.197
STEP|n=114000000|unique=5866990|accepted=23534672|rate=104823.0/s|walker_min=113.672|walker_med=152.808|walker_max=163.080
STEP|n=114100000|unique=5874822|accepted=23542504|rate=104835.3/s|walker_min=116.255|walker_med=156.343|walker_max=163.298
STEP|n=114200000|unique=5883072|accepted=23550754|rate=104848.3/s|walker_min=112.824|walker_med=150.830|walker_max=163.498
STEP|n=114300000|unique=5890946|accepted=23558628|rate=104863.4/s|walker_min=90.318|walker_med=149.596|walker_max=163.560
STEP|n=114400000|unique=5899335|accepted=23567017|rate=104878.1/s|walker_min=114.496|walker_med=150.950|walker_max=163.412
STEP|n=114500000|unique=5907865|accepted=23575547|rate=104891.5/s|walker_min=102.662|walker_med=153.982|walker_max=163.846
STEP|n=114600000|unique=5916326|accepted=23584008|rate=104903.1/s|walker_min=125.929|walker_med=154.500|walker_max=163.844
STEP|n=114700000|unique=5925528|accepted=23593210|rate=104914.1/s|walker_min=79.620|walker_med=148.739|walker_max=164.035
STEP|n=114800000|unique=5935816|accepted=23603498|rate=104925.9/s|walker_min=92.059|walker_med=140.111|walker_max=163.955
STEP|n=114900000|unique=5948796|accepted=23616478|rate=104936.2/s|walker_min=83.274|walker_med=132.654|walker_max=161.378
STEP|n=115000000|unique=5964701|accepted=23632383|rate=104942.2/s|walker_min=55.999|walker_med=116.205|walker_max=160.871
STEP|n=115100000|unique=5981982|accepted=23649664|rate=104932.3/s|walker_min=58.835|walker_med=139.478|walker_max=164.003
STEP|n=115200000|unique=5994212|accepted=23661894|rate=104940.3/s|walker_min=65.033|walker_med=145.808|walker_max=161.253
STEP|n=115300000|unique=6004654|accepted=23672336|rate=104951.9/s|walker_min=109.464|walker_med=144.944|walker_max=163.532
STEP|n=115400000|unique=6013720|accepted=23681402|rate=104966.1/s|walker_min=75.949|walker_med=150.636|walker_max=163.621
STEP|n=115500000|unique=6022768|accepted=23690450|rate=104980.2/s|walker_min=104.737|walker_med=156.628|walker_max=163.978
STEP|n=115600000|unique=6031472|accepted=23699154|rate=104992.4/s|walker_min=121.598|walker_med=148.731|walker_max=162.860
STEP|n=115700000|unique=6039533|accepted=23707215|rate=105004.0/s|walker_min=115.568|walker_med=152.220|walker_max=164.046
STEP|n=115800000|unique=6047711|accepted=23715393|rate=105015.7/s|walker_min=106.061|walker_med=153.459|walker_max=162.200
STEP|n=115900000|unique=6055386|accepted=23723068|rate=105030.4/s|walker_min=100.949|walker_med=155.115|walker_max=163.584
STEP|n=116000000|unique=6063143|accepted=23730825|rate=105045.6/s|walker_min=101.910|walker_med=148.284|walker_max=162.326
STEP|n=116100000|unique=6070986|accepted=23738668|rate=105060.7/s|walker_min=129.545|walker_med=155.374|walker_max=163.951
STEP|n=116200000|unique=6078646|accepted=23746328|rate=105072.8/s|walker_min=105.910|walker_med=151.671|walker_max=163.740
STEP|n=116300000|unique=6086471|accepted=23754153|rate=105083.9/s|walker_min=101.326|walker_med=153.973|walker_max=163.872
STEP|n=116400000|unique=6094670|accepted=23762352|rate=105096.0/s|walker_min=113.130|walker_med=151.902|walker_max=162.107
STEP|n=116500000|unique=6103566|accepted=23771248|rate=105098.7/s|walker_min=129.474|walker_med=151.689|walker_max=163.809
STEP|n=116600000|unique=6112595|accepted=23780277|rate=105112.7/s|walker_min=106.605|walker_med=147.966|walker_max=163.337
STEP|n=116700000|unique=6122269|accepted=23789951|rate=105124.4/s|walker_min=93.318|walker_med=148.734|walker_max=161.125
STEP|n=116800000|unique=6132529|accepted=23800211|rate=105134.0/s|walker_min=108.033|walker_med=144.580|walker_max=164.007
STEP|n=116900000|unique=6144744|accepted=23812426|rate=105139.9/s|walker_min=75.666|walker_med=135.050|walker_max=162.548
STEP|n=117000000|unique=6159038|accepted=23826720|rate=105148.2/s|walker_min=68.879|walker_med=116.120|walker_max=161.621
STEP|n=117100000|unique=6174964|accepted=23842646|rate=105155.2/s|walker_min=56.356|walker_med=127.937|walker_max=163.953
STEP|n=117200000|unique=6187913|accepted=23855595|rate=105165.5/s|walker_min=78.495|walker_med=142.652|walker_max=162.461
STEP|n=117300000|unique=6198756|accepted=23866438|rate=105174.8/s|walker_min=109.746|walker_med=142.374|walker_max=160.951
STEP|n=117400000|unique=6208592|accepted=23876274|rate=105184.9/s|walker_min=61.962|walker_med=149.392|walker_max=160.382
STEP|n=117500000|unique=6217416|accepted=23885098|rate=105196.9/s|walker_min=103.449|walker_med=148.255|walker_max=162.448
STEP|n=117600000|unique=6225635|accepted=23893317|rate=105210.3/s|walker_min=106.816|walker_med=155.050|walker_max=162.742
STEP|n=117700000|unique=6234075|accepted=23901757|rate=105224.1/s|walker_min=95.225|walker_med=147.403|walker_max=163.389
STEP|n=117800000|unique=6242261|accepted=23909943|rate=105225.3/s|walker_min=109.555|walker_med=153.533|walker_max=163.971
STEP|n=117900000|unique=6249893|accepted=23917575|rate=105237.4/s|walker_min=115.880|walker_med=152.288|walker_max=163.620
STEP|n=118000000|unique=6257710|accepted=23925392|rate=105249.2/s|walker_min=126.128|walker_med=154.778|walker_max=163.938
STEP|n=118100000|unique=6265440|accepted=23933122|rate=105263.3/s|walker_min=116.074|walker_med=151.921|walker_max=163.013
STEP|n=118200000|unique=6273125|accepted=23940807|rate=105277.7/s|walker_min=102.935|walker_med=151.694|walker_max=162.516
STEP|n=118300000|unique=6280946|accepted=23948628|rate=105292.3/s|walker_min=108.473|walker_med=152.392|walker_max=163.699
STEP|n=118400000|unique=6288780|accepted=23956462|rate=105304.0/s|walker_min=114.050|walker_med=152.079|walker_max=163.751
STEP|n=118500000|unique=6297121|accepted=23964803|rate=105315.7/s|walker_min=100.731|walker_med=149.575|walker_max=164.048
STEP|n=118600000|unique=6306515|accepted=23974197|rate=105326.7/s|walker_min=94.479|walker_med=147.207|walker_max=162.108
STEP|n=118700000|unique=6315931|accepted=23983613|rate=105340.1/s|walker_min=111.552|walker_med=146.861|walker_max=161.704
STEP|n=118800000|unique=6326480|accepted=23994162|rate=105352.7/s|walker_min=106.201|walker_med=141.932|walker_max=163.878
STEP|n=118900000|unique=6339272|accepted=24006954|rate=105361.9/s|walker_min=85.369|walker_med=135.552|walker_max=159.518
STEP|n=119000000|unique=6355737|accepted=24023419|rate=105364.2/s|walker_min=62.201|walker_med=118.191|walker_max=160.484
STEP|n=119100000|unique=6372039|accepted=24039721|rate=105355.3/s|walker_min=83.099|walker_med=142.030|walker_max=163.663
STEP|n=119200000|unique=6385667|accepted=24053349|rate=105364.7/s|walker_min=93.778|walker_med=137.057|walker_max=163.271
STEP|n=119300000|unique=6396043|accepted=24063725|rate=105377.1/s|walker_min=104.036|walker_med=141.144|walker_max=162.926
STEP|n=119400000|unique=6405628|accepted=24073310|rate=105389.5/s|walker_min=77.509|walker_med=150.627|walker_max=163.633
STEP|n=119500000|unique=6414553|accepted=24082235|rate=105400.3/s|walker_min=120.026|walker_med=149.412|walker_max=162.658
STEP|n=119600000|unique=6422892|accepted=24090574|rate=105411.2/s|walker_min=100.487|walker_med=148.402|walker_max=163.926
STEP|n=119700000|unique=6430814|accepted=24098496|rate=105423.7/s|walker_min=122.277|walker_med=155.540|walker_max=163.917
STEP|n=119800000|unique=6438640|accepted=24106322|rate=105436.9/s|walker_min=83.183|walker_med=150.977|walker_max=163.818
STEP|n=119900000|unique=6446349|accepted=24114031|rate=105447.4/s|walker_min=113.343|walker_med=154.214|walker_max=163.361
STEP|n=120000000|unique=6453910|accepted=24121592|rate=105460.0/s|walker_min=128.753|walker_med=151.288|walker_max=163.159
PRUNE_START|step=120000000|unique=6453910|active_cutoff=164.059292
PRUNE_DONE|step=120000000|unique=4000000|active_cutoff=152.572575|reservoir=200000
STEP|n=120100000|unique=4006959|accepted=24128551|rate=105353.5/s|walker_min=87.192|walker_med=144.661|walker_max=152.325
STEP|n=120200000|unique=4013480|accepted=24135072|rate=105363.7/s|walker_min=117.979|walker_med=146.746|walker_max=152.214
STEP|n=120300000|unique=4020101|accepted=24141693|rate=105374.9/s|walker_min=120.095|walker_med=144.089|walker_max=152.523
STEP|n=120400000|unique=4027051|accepted=24148643|rate=105387.7/s|walker_min=93.613|walker_med=139.288|walker_max=151.280
STEP|n=120500000|unique=4034465|accepted=24156057|rate=105401.4/s|walker_min=103.154|walker_med=132.592|walker_max=152.424
STEP|n=120600000|unique=4041641|accepted=24163233|rate=105402.6/s|walker_min=112.525|walker_med=140.004|walker_max=152.415
STEP|n=120700000|unique=4049804|accepted=24171396|rate=105413.1/s|walker_min=102.297|walker_med=143.722|walker_max=151.812
STEP|n=120800000|unique=4058461|accepted=24180053|rate=105414.9/s|walker_min=92.362|walker_med=134.580|walker_max=150.454
STEP|n=120900000|unique=4068435|accepted=24190027|rate=105424.3/s|walker_min=52.302|walker_med=130.461|walker_max=152.043
STEP|n=121000000|unique=4080811|accepted=24202403|rate=105432.4/s|walker_min=57.499|walker_med=108.071|walker_max=147.642
STEP|n=121100000|unique=4092318|accepted=24213910|rate=105441.0/s|walker_min=98.620|walker_med=131.259|walker_max=151.632
STEP|n=121200000|unique=4102628|accepted=24224220|rate=105450.6/s|walker_min=88.555|walker_med=134.065|walker_max=152.218
STEP|n=121300000|unique=4111775|accepted=24233367|rate=105459.6/s|walker_min=71.617|walker_med=137.948|walker_max=152.219
STEP|n=121400000|unique=4119409|accepted=24241001|rate=105470.4/s|walker_min=101.862|walker_med=133.806|walker_max=151.430
STEP|n=121500000|unique=4127015|accepted=24248607|rate=105483.4/s|walker_min=105.278|walker_med=142.449|walker_max=152.482
STEP|n=121600000|unique=4134018|accepted=24255610|rate=105497.2/s|walker_min=89.553|walker_med=142.561|walker_max=152.510
STEP|n=121700000|unique=4141081|accepted=24262673|rate=105510.9/s|walker_min=103.165|walker_med=142.199|walker_max=152.250
STEP|n=121800000|unique=4147667|accepted=24269259|rate=105522.8/s|walker_min=103.980|walker_med=142.529|walker_max=152.424
STEP|n=121900000|unique=4154231|accepted=24275823|rate=105534.5/s|walker_min=118.148|walker_med=141.604|walker_max=152.270
STEP|n=122000000|unique=4160603|accepted=24282195|rate=105546.4/s|walker_min=111.067|walker_med=145.685|walker_max=152.300
STEP|n=122100000|unique=4167393|accepted=24288985|rate=105560.1/s|walker_min=91.560|walker_med=137.040|walker_max=152.319
STEP|n=122200000|unique=4173815|accepted=24295407|rate=105573.3/s|walker_min=116.102|walker_med=146.030|walker_max=151.150
STEP|n=122300000|unique=4180765|accepted=24302357|rate=105586.4/s|walker_min=92.087|walker_med=140.923|walker_max=150.822
STEP|n=122400000|unique=4187160|accepted=24308752|rate=105597.7/s|walker_min=110.866|walker_med=143.701|walker_max=152.437
STEP|n=122500000|unique=4194637|accepted=24316229|rate=105600.4/s|walker_min=105.846|walker_med=143.204|walker_max=152.340
STEP|n=122600000|unique=4201665|accepted=24323257|rate=105612.7/s|walker_min=91.537|walker_med=144.246|walker_max=152.152
STEP|n=122700000|unique=4209639|accepted=24331231|rate=105625.6/s|walker_min=95.418|walker_med=138.743|walker_max=152.171
STEP|n=122800000|unique=4218200|accepted=24339792|rate=105637.8/s|walker_min=84.688|walker_med=137.290|walker_max=152.460
STEP|n=122900000|unique=4227261|accepted=24348853|rate=105648.9/s|walker_min=67.403|walker_med=137.188|walker_max=151.725
STEP|n=123000000|unique=4239100|accepted=24360692|rate=105656.5/s|walker_min=76.587|walker_med=112.527|walker_max=148.495
STEP|n=123100000|unique=4252388|accepted=24373980|rate=105662.1/s|walker_min=72.774|walker_med=128.555|walker_max=151.697
STEP|n=123200000|unique=4262777|accepted=24384369|rate=105672.3/s|walker_min=81.864|walker_med=132.347|walker_max=151.162
STEP|n=123300000|unique=4271533|accepted=24393125|rate=105684.0/s|walker_min=104.684|walker_med=136.596|walker_max=148.701
STEP|n=123400000|unique=4279008|accepted=24400600|rate=105696.8/s|walker_min=98.438|walker_med=142.765|walker_max=152.067
STEP|n=123500000|unique=4285979|accepted=24407571|rate=105709.8/s|walker_min=99.244|walker_med=141.560|walker_max=152.431
STEP|n=123600000|unique=4293328|accepted=24414920|rate=105723.2/s|walker_min=103.331|walker_med=139.572|walker_max=152.507
STEP|n=123700000|unique=4300297|accepted=24421889|rate=105737.0/s|walker_min=108.732|walker_med=141.980|walker_max=152.216
STEP|n=123800000|unique=4306982|accepted=24428574|rate=105749.5/s|walker_min=93.655|walker_med=136.541|walker_max=152.354
STEP|n=123900000|unique=4313295|accepted=24434887|rate=105762.4/s|walker_min=95.371|walker_med=140.682|walker_max=152.538
STEP|n=124000000|unique=4319637|accepted=24441229|rate=105776.2/s|walker_min=118.525|walker_med=143.037|walker_max=152.196
STEP|n=124100000|unique=4325836|accepted=24447428|rate=105782.7/s|walker_min=115.542|walker_med=144.915|walker_max=152.027
STEP|n=124200000|unique=4332239|accepted=24453831|rate=105796.9/s|walker_min=114.902|walker_med=144.572|walker_max=152.335
STEP|n=124300000|unique=4338711|accepted=24460303|rate=105810.5/s|walker_min=123.710|walker_med=146.173|walker_max=151.738
STEP|n=124400000|unique=4345243|accepted=24466835|rate=105822.1/s|walker_min=93.311|walker_med=142.039|walker_max=152.408
STEP|n=124500000|unique=4351877|accepted=24473469|rate=105833.5/s|walker_min=102.096|walker_med=143.767|walker_max=152.373
STEP|n=124600000|unique=4358957|accepted=24480549|rate=105846.0/s|walker_min=108.800|walker_med=137.128|walker_max=151.981
STEP|n=124700000|unique=4366179|accepted=24487771|rate=105858.9/s|walker_min=117.067|walker_med=141.272|walker_max=152.152
STEP|n=124800000|unique=4375001|accepted=24496593|rate=105870.4/s|walker_min=87.888|walker_med=128.547|walker_max=151.255
STEP|n=124900000|unique=4385599|accepted=24507191|rate=105878.5/s|walker_min=59.489|walker_med=131.644|walker_max=152.534
STEP|n=125000000|unique=4397990|accepted=24519582|rate=105883.8/s|walker_min=75.871|walker_med=119.171|walker_max=146.699
STEP|n=125100000|unique=4411229|accepted=24532821|rate=105888.5/s|walker_min=75.483|walker_med=127.116|walker_max=152.070
STEP|n=125200000|unique=4421554|accepted=24543146|rate=105898.8/s|walker_min=88.141|walker_med=138.547|walker_max=151.885
STEP|n=125300000|unique=4429930|accepted=24551522|rate=105910.7/s|walker_min=76.725|walker_med=136.372|walker_max=152.524
STEP|n=125400000|unique=4438046|accepted=24559638|rate=105922.2/s|walker_min=103.582|walker_med=133.012|walker_max=152.456
STEP|n=125500000|unique=4445327|accepted=24566919|rate=105931.7/s|walker_min=99.749|walker_med=141.724|walker_max=151.453
STEP|n=125600000|unique=4451942|accepted=24573534|rate=105942.6/s|walker_min=107.894|walker_med=139.635|walker_max=152.528
STEP|n=125700000|unique=4458443|accepted=24580035|rate=105947.0/s|walker_min=88.704|walker_med=139.519|walker_max=151.678
STEP|n=125800000|unique=4465096|accepted=24586688|rate=105960.0/s|walker_min=116.823|walker_med=141.135|walker_max=151.486
STEP|n=125900000|unique=4471483|accepted=24593075|rate=105973.1/s|walker_min=107.359|walker_med=142.806|walker_max=152.553
STEP|n=126000000|unique=4477982|accepted=24599574|rate=105984.7/s|walker_min=120.287|walker_med=143.134|walker_max=152.401
STEP|n=126100000|unique=4484262|accepted=24605854|rate=105996.3/s|walker_min=115.125|walker_med=141.160|walker_max=151.857
STEP|n=126200000|unique=4490961|accepted=24612553|rate=106006.9/s|walker_min=102.035|walker_med=143.245|walker_max=152.532
STEP|n=126300000|unique=4497705|accepted=24619297|rate=106019.1/s|walker_min=93.574|walker_med=140.900|walker_max=152.228
STEP|n=126400000|unique=4504578|accepted=24626170|rate=106028.9/s|walker_min=111.050|walker_med=140.955|walker_max=149.602
STEP|n=126500000|unique=4511800|accepted=24633392|rate=106039.3/s|walker_min=72.994|walker_med=138.916|walker_max=152.370
STEP|n=126600000|unique=4518860|accepted=24640452|rate=106052.0/s|walker_min=103.468|walker_med=136.920|walker_max=151.528
STEP|n=126700000|unique=4525865|accepted=24647457|rate=106064.7/s|walker_min=80.675|walker_med=143.299|walker_max=152.245
STEP|n=126800000|unique=4533936|accepted=24655528|rate=106075.7/s|walker_min=77.975|walker_med=130.163|walker_max=152.552
STEP|n=126900000|unique=4543371|accepted=24664963|rate=106083.8/s|walker_min=67.466|walker_med=129.509|walker_max=149.252
STEP|n=127000000|unique=4555576|accepted=24677168|rate=106088.4/s|walker_min=56.009|walker_med=107.049|walker_max=152.082
STEP|n=127100000|unique=4568218|accepted=24689810|rate=106092.7/s|walker_min=86.935|walker_med=127.995|walker_max=151.200
STEP|n=127200000|unique=4578984|accepted=24700576|rate=106099.1/s|walker_min=72.918|walker_med=139.769|walker_max=152.553
STEP|n=127300000|unique=4587906|accepted=24709498|rate=106107.9/s|walker_min=90.679|walker_med=135.909|walker_max=152.445
STEP|n=127400000|unique=4595272|accepted=24716864|rate=106109.7/s|walker_min=119.423|walker_med=138.820|walker_max=151.938
STEP|n=127500000|unique=4602007|accepted=24723599|rate=106119.8/s|walker_min=89.420|walker_med=138.262|walker_max=151.833
STEP|n=127600000|unique=4609141|accepted=24730733|rate=106130.0/s|walker_min=74.656|walker_med=142.507|walker_max=151.403
STEP|n=127700000|unique=4616146|accepted=24737738|rate=106140.9/s|walker_min=110.397|walker_med=135.642|walker_max=152.230
STEP|n=127800000|unique=4622620|accepted=24744212|rate=106151.9/s|walker_min=119.746|walker_med=145.081|walker_max=152.155
STEP|n=127900000|unique=4629186|accepted=24750778|rate=106162.3/s|walker_min=95.541|walker_med=144.420|walker_max=152.133
STEP|n=128000000|unique=4635227|accepted=24756819|rate=106173.4/s|walker_min=116.382|walker_med=144.768|walker_max=152.180
STEP|n=128100000|unique=4641515|accepted=24763107|rate=106184.1/s|walker_min=106.046|walker_med=142.625|walker_max=152.375
STEP|n=128200000|unique=4647798|accepted=24769390|rate=106194.9/s|walker_min=83.080|walker_med=142.439|walker_max=152.120
STEP|n=128300000|unique=4653906|accepted=24775498|rate=106206.6/s|walker_min=104.379|walker_med=140.895|walker_max=152.323
STEP|n=128400000|unique=4660435|accepted=24782027|rate=106217.9/s|walker_min=107.121|walker_med=143.927|walker_max=152.301
STEP|n=128500000|unique=4667243|accepted=24788835|rate=106228.4/s|walker_min=103.967|walker_med=133.374|walker_max=152.313
STEP|n=128600000|unique=4674914|accepted=24796506|rate=106238.0/s|walker_min=76.609|walker_med=143.267|walker_max=152.523
STEP|n=128700000|unique=4683025|accepted=24804617|rate=106247.0/s|walker_min=84.927|walker_med=137.873|walker_max=152.132
STEP|n=128800000|unique=4691351|accepted=24812943|rate=106256.6/s|walker_min=93.397|walker_med=137.367|walker_max=150.148
STEP|n=128900000|unique=4701421|accepted=24823013|rate=106264.3/s|walker_min=85.105|walker_med=126.321|walker_max=150.801
STEP|n=129000000|unique=4715287|accepted=24836879|rate=106267.3/s|walker_min=63.300|walker_med=108.115|walker_max=151.721
STEP|n=129100000|unique=4728247|accepted=24849839|rate=106262.2/s|walker_min=93.119|walker_med=118.832|walker_max=151.681
STEP|n=129200000|unique=4737526|accepted=24859118|rate=106270.3/s|walker_min=81.420|walker_med=142.938|walker_max=151.660
STEP|n=129300000|unique=4746506|accepted=24868098|rate=106279.0/s|walker_min=95.255|walker_med=135.609|walker_max=151.149
STEP|n=129400000|unique=4754619|accepted=24876211|rate=106288.7/s|walker_min=83.930|walker_med=140.170|walker_max=152.504
STEP|n=129500000|unique=4761978|accepted=24883570|rate=106298.5/s|walker_min=96.626|walker_med=141.425|walker_max=152.548
STEP|n=129600000|unique=4768986|accepted=24890578|rate=106308.4/s|walker_min=103.639|walker_med=139.872|walker_max=152.468
STEP|n=129700000|unique=4776067|accepted=24897659|rate=106318.4/s|walker_min=106.105|walker_med=138.834|walker_max=152.323
STEP|n=129800000|unique=4782427|accepted=24904019|rate=106329.3/s|walker_min=90.412|walker_med=144.043|walker_max=151.654
STEP|n=129900000|unique=4789317|accepted=24910909|rate=106339.7/s|walker_min=74.134|walker_med=146.916|walker_max=152.081
STEP|n=130000000|unique=4796110|accepted=24917702|rate=106350.4/s|walker_min=75.220|walker_med=142.023|walker_max=151.477
STEP|n=130100000|unique=4802384|accepted=24923976|rate=106361.3/s|walker_min=90.064|walker_med=139.150|walker_max=152.042
STEP|n=130200000|unique=4809026|accepted=24930618|rate=106371.6/s|walker_min=112.102|walker_med=139.598|walker_max=151.487
STEP|n=130300000|unique=4815441|accepted=24937033|rate=106382.4/s|walker_min=105.111|walker_med=138.374|walker_max=152.458
STEP|n=130400000|unique=4822078|accepted=24943670|rate=106393.0/s|walker_min=98.994|walker_med=142.027|walker_max=152.387
STEP|n=130500000|unique=4829183|accepted=24950775|rate=106403.2/s|walker_min=85.699|walker_med=144.242|walker_max=151.696
STEP|n=130600000|unique=4836258|accepted=24957850|rate=106413.4/s|walker_min=87.365|walker_med=139.463|walker_max=151.771
STEP|n=130700000|unique=4844490|accepted=24966082|rate=106421.6/s|walker_min=96.622|walker_med=138.566|walker_max=151.035
STEP|n=130800000|unique=4852629|accepted=24974221|rate=106430.4/s|walker_min=84.139|walker_med=137.354|walker_max=152.541
STEP|n=130900000|unique=4862087|accepted=24983679|rate=106429.5/s|walker_min=76.481|walker_med=135.603|walker_max=151.000
STEP|n=131000000|unique=4876257|accepted=24997849|rate=106432.7/s|walker_min=50.364|walker_med=99.024|walker_max=152.058
STEP|n=131100000|unique=4890416|accepted=25012008|rate=106434.8/s|walker_min=82.286|walker_med=135.740|walker_max=150.744
STEP|n=131200000|unique=4900551|accepted=25022143|rate=106442.3/s|walker_min=84.930|walker_med=136.234|walker_max=149.788
STEP|n=131300000|unique=4908876|accepted=25030468|rate=106451.0/s|walker_min=74.906|walker_med=137.965|walker_max=152.442
STEP|n=131400000|unique=4916413|accepted=25038005|rate=106460.5/s|walker_min=109.211|walker_med=139.087|walker_max=152.500
STEP|n=131500000|unique=4924214|accepted=25045806|rate=106470.1/s|walker_min=111.541|walker_med=141.571|walker_max=151.710
STEP|n=131600000|unique=4931565|accepted=25053157|rate=106480.3/s|walker_min=101.485|walker_med=139.174|walker_max=152.355
STEP|n=131700000|unique=4938519|accepted=25060111|rate=106490.8/s|walker_min=113.689|walker_med=140.739|walker_max=151.963
STEP|n=131800000|unique=4945016|accepted=25066608|rate=106501.4/s|walker_min=121.827|walker_med=141.589|walker_max=151.814
STEP|n=131900000|unique=4951378|accepted=25072970|rate=106512.0/s|walker_min=91.601|walker_med=145.174|walker_max=152.276
STEP|n=132000000|unique=4957802|accepted=25079394|rate=106522.7/s|walker_min=113.978|walker_med=142.261|walker_max=152.376
STEP|n=132100000|unique=4964736|accepted=25086328|rate=106532.6/s|walker_min=107.561|walker_med=141.971|walker_max=152.520
STEP|n=132200000|unique=4971429|accepted=25093021|rate=106543.0/s|walker_min=103.915|walker_med=138.284|walker_max=152.393
STEP|n=132300000|unique=4978056|accepted=25099648|rate=106552.5/s|walker_min=103.888|walker_med=142.399|walker_max=152.521
STEP|n=132400000|unique=4984712|accepted=25106304|rate=106562.8/s|walker_min=107.449|walker_med=137.442|walker_max=152.118
STEP|n=132500000|unique=4991988|accepted=25113580|rate=106563.3/s|walker_min=101.149|walker_med=141.725|walker_max=151.998
STEP|n=132600000|unique=4999609|accepted=25121201|rate=106572.8/s|walker_min=100.984|walker_med=142.635|walker_max=152.003
STEP|n=132700000|unique=5007529|accepted=25129121|rate=106582.0/s|walker_min=98.758|walker_med=143.408|walker_max=152.481
STEP|n=132800000|unique=5016120|accepted=25137712|rate=106590.9/s|walker_min=74.171|walker_med=132.267|walker_max=150.238
STEP|n=132900000|unique=5026648|accepted=25148240|rate=106597.4/s|walker_min=82.002|walker_med=132.615|walker_max=149.698
STEP|n=133000000|unique=5038712|accepted=25160304|rate=106602.4/s|walker_min=68.757|walker_med=114.542|walker_max=152.141
STEP|n=133100000|unique=5050846|accepted=25172438|rate=106607.3/s|walker_min=81.497|walker_med=136.837|walker_max=152.557
STEP|n=133200000|unique=5060535|accepted=25182127|rate=106615.2/s|walker_min=101.712|walker_med=130.852|walker_max=152.000
STEP|n=133300000|unique=5069653|accepted=25191245|rate=106623.8/s|walker_min=112.855|walker_med=140.018|walker_max=152.029
STEP|n=133400000|unique=5077184|accepted=25198776|rate=106633.5/s|walker_min=100.624|walker_med=140.230|walker_max=152.492
STEP|n=133500000|unique=5084684|accepted=25206276|rate=106643.0/s|walker_min=116.011|walker_med=142.210|walker_max=152.484
STEP|n=133600000|unique=5091759|accepted=25213351|rate=106652.5/s|walker_min=120.420|walker_med=145.086|walker_max=152.240
STEP|n=133700000|unique=5098600|accepted=25220192|rate=106662.6/s|walker_min=110.546|walker_med=142.908|walker_max=151.932
STEP|n=133800000|unique=5105175|accepted=25226767|rate=106673.2/s|walker_min=108.438|walker_med=143.896|walker_max=152.468
STEP|n=133900000|unique=5111802|accepted=25233394|rate=106682.6/s|walker_min=106.633|walker_med=145.780|walker_max=152.494
STEP|n=134000000|unique=5118510|accepted=25240102|rate=106692.5/s|walker_min=117.890|walker_med=140.970|walker_max=152.391
STEP|n=134100000|unique=5124941|accepted=25246533|rate=106693.8/s|walker_min=110.099|walker_med=144.493|walker_max=152.245
STEP|n=134200000|unique=5131219|accepted=25252811|rate=106703.9/s|walker_min=116.649|walker_med=141.712|walker_max=152.426
STEP|n=134300000|unique=5137851|accepted=25259443|rate=106713.6/s|walker_min=106.661|walker_med=147.340|walker_max=152.510
STEP|n=134400000|unique=5144266|accepted=25265858|rate=106724.1/s|walker_min=83.352|walker_med=139.813|walker_max=152.415
STEP|n=134500000|unique=5151264|accepted=25272856|rate=106733.9/s|walker_min=99.231|walker_med=141.633|walker_max=151.624
STEP|n=134600000|unique=5158055|accepted=25279647|rate=106742.8/s|walker_min=115.134|walker_med=143.741|walker_max=152.137
STEP|n=134700000|unique=5165256|accepted=25286848|rate=106751.9/s|walker_min=108.214|walker_med=142.907|walker_max=151.785
STEP|n=134800000|unique=5173451|accepted=25295043|rate=106760.7/s|walker_min=89.509|walker_med=135.555|walker_max=152.128
STEP|n=134900000|unique=5183193|accepted=25304785|rate=106768.5/s|walker_min=82.345|walker_med=124.859|walker_max=152.103
STEP|n=135000000|unique=5195841|accepted=25317433|rate=106773.1/s|walker_min=70.927|walker_med=107.289|walker_max=147.550
STEP|n=135100000|unique=5209951|accepted=25331543|rate=106775.5/s|walker_min=69.569|walker_med=126.475|walker_max=144.943
STEP|n=135200000|unique=5220938|accepted=25342530|rate=106781.6/s|walker_min=87.683|walker_med=138.026|walker_max=151.659
STEP|n=135300000|unique=5229537|accepted=25351129|rate=106790.1/s|walker_min=99.060|walker_med=132.776|walker_max=152.565
STEP|n=135400000|unique=5237319|accepted=25358911|rate=106799.0/s|walker_min=114.577|walker_med=143.916|walker_max=151.364
STEP|n=135500000|unique=5244720|accepted=25366312|rate=106807.4/s|walker_min=104.149|walker_med=136.430|walker_max=150.760
STEP|n=135600000|unique=5251985|accepted=25373577|rate=106816.7/s|walker_min=91.021|walker_med=138.086|walker_max=151.416
STEP|n=135700000|unique=5258943|accepted=25380535|rate=106816.9/s|walker_min=121.250|walker_med=143.243|walker_max=152.393
STEP|n=135800000|unique=5265727|accepted=25387319|rate=106826.5/s|walker_min=107.896|walker_med=143.201|walker_max=152.192
STEP|n=135900000|unique=5272016|accepted=25393608|rate=106837.0/s|walker_min=115.484|walker_med=141.462|walker_max=150.889
STEP|n=136000000|unique=5278111|accepted=25399703|rate=106847.4/s|walker_min=96.370|walker_med=143.923|walker_max=151.768
STEP|n=136100000|unique=5284447|accepted=25406039|rate=106858.0/s|walker_min=98.673|walker_med=140.449|walker_max=152.232
STEP|n=136200000|unique=5291373|accepted=25412965|rate=106867.4/s|walker_min=106.909|walker_med=140.057|walker_max=151.677
STEP|n=136300000|unique=5298021|accepted=25419613|rate=106877.1/s|walker_min=111.408|walker_med=143.901|walker_max=152.316
STEP|n=136400000|unique=5304677|accepted=25426269|rate=106886.7/s|walker_min=104.918|walker_med=144.275|walker_max=152.558
STEP|n=136500000|unique=5311805|accepted=25433397|rate=106896.4/s|walker_min=110.101|walker_med=145.492|walker_max=152.449
STEP|n=136600000|unique=5319369|accepted=25440961|rate=106905.8/s|walker_min=92.075|walker_med=141.688|walker_max=152.461
STEP|n=136700000|unique=5327296|accepted=25448888|rate=106914.2/s|walker_min=99.639|walker_med=137.735|walker_max=152.489
STEP|n=136800000|unique=5336035|accepted=25457627|rate=106922.1/s|walker_min=85.011|walker_med=137.840|walker_max=152.485
STEP|n=136900000|unique=5346216|accepted=25467808|rate=106928.3/s|walker_min=87.014|walker_med=135.354|walker_max=152.241
STEP|n=137000000|unique=5358642|accepted=25480234|rate=106932.5/s|walker_min=58.776|walker_med=107.994|walker_max=143.804
STEP|n=137100000|unique=5371526|accepted=25493118|rate=106935.9/s|walker_min=85.897|walker_med=127.372|walker_max=152.530
STEP|n=137200000|unique=5381678|accepted=25503270|rate=106942.1/s|walker_min=53.667|walker_med=124.083|walker_max=151.514
STEP|n=137300000|unique=5390597|accepted=25512189|rate=106940.3/s|walker_min=76.952|walker_med=137.895|walker_max=152.036
STEP|n=137400000|unique=5398360|accepted=25519952|rate=106948.9/s|walker_min=112.078|walker_med=142.664|walker_max=152.521
STEP|n=137500000|unique=5405573|accepted=25527165|rate=106958.0/s|walker_min=110.339|walker_med=140.420|walker_max=152.183
STEP|n=137600000|unique=5412484|accepted=25534076|rate=106967.9/s|walker_min=92.712|walker_med=137.069|walker_max=151.667
STEP|n=137700000|unique=5419530|accepted=25541122|rate=106977.5/s|walker_min=77.477|walker_med=138.281|walker_max=152.493
STEP|n=137800000|unique=5426127|accepted=25547719|rate=106986.9/s|walker_min=111.072|walker_med=139.418|walker_max=150.560
STEP|n=137900000|unique=5431997|accepted=25553589|rate=106996.7/s|walker_min=99.276|walker_med=139.831|walker_max=152.375
STEP|n=138000000|unique=5438615|accepted=25560207|rate=107006.0/s|walker_min=116.211|walker_med=145.914|walker_max=151.832
STEP|n=138100000|unique=5445029|accepted=25566621|rate=107017.2/s|walker_min=90.102|walker_med=145.417|walker_max=152.487
STEP|n=138200000|unique=5451584|accepted=25573176|rate=107028.7/s|walker_min=115.306|walker_med=142.183|walker_max=152.501
STEP|n=138300000|unique=5457932|accepted=25579524|rate=107040.4/s|walker_min=115.522|walker_med=144.943|walker_max=152.426
STEP|n=138400000|unique=5464346|accepted=25585938|rate=107050.2/s|walker_min=89.014|walker_med=143.135|walker_max=152.312
STEP|n=138500000|unique=5471221|accepted=25592813|rate=107059.4/s|walker_min=59.023|walker_med=141.005|walker_max=152.333
STEP|n=138600000|unique=5478733|accepted=25600325|rate=107068.3/s|walker_min=87.568|walker_med=131.295|walker_max=152.470
STEP|n=138700000|unique=5486262|accepted=25607854|rate=107079.0/s|walker_min=90.323|walker_med=134.078|walker_max=152.125
STEP|n=138800000|unique=5494769|accepted=25616361|rate=107088.9/s|walker_min=97.730|walker_med=140.149|walker_max=150.484
STEP|n=138900000|unique=5503766|accepted=25625358|rate=107097.9/s|walker_min=73.725|walker_med=118.675|walker_max=149.915
STEP|n=139000000|unique=5517395|accepted=25638987|rate=107101.2/s|walker_min=68.749|walker_med=118.726|walker_max=151.997
STEP|n=139100000|unique=5531109|accepted=25652701|rate=107095.9/s|walker_min=97.422|walker_med=138.042|walker_max=152.391
STEP|n=139200000|unique=5541524|accepted=25663116|rate=107104.3/s|walker_min=52.949|walker_med=134.105|walker_max=151.659
STEP|n=139300000|unique=5549942|accepted=25671534|rate=107114.1/s|walker_min=90.273|walker_med=139.221|walker_max=152.105
STEP|n=139400000|unique=5558008|accepted=25679600|rate=107124.1/s|walker_min=78.421|walker_med=134.499|walker_max=152.522
STEP|n=139500000|unique=5565589|accepted=25687181|rate=107132.5/s|walker_min=104.500|walker_med=138.372|walker_max=151.434
STEP|n=139600000|unique=5572956|accepted=25694548|rate=107141.2/s|walker_min=78.706|walker_med=138.097|walker_max=152.528
STEP|n=139700000|unique=5579828|accepted=25701420|rate=107150.7/s|walker_min=99.286|walker_med=137.450|walker_max=151.764
STEP|n=139800000|unique=5586227|accepted=25707819|rate=107161.6/s|walker_min=118.134|walker_med=138.597|walker_max=152.486
STEP|n=139900000|unique=5593010|accepted=25714602|rate=107160.4/s|walker_min=106.324|walker_med=143.045|walker_max=152.434
STEP|n=140000000|unique=5599357|accepted=25720949|rate=107170.9/s|walker_min=95.573|walker_med=136.810|walker_max=152.077
STEP|n=140100000|unique=5605879|accepted=25727471|rate=107182.2/s|walker_min=95.499|walker_med=144.076|walker_max=152.341
STEP|n=140200000|unique=5612348|accepted=25733940|rate=107193.9/s|walker_min=100.400|walker_med=142.016|walker_max=152.401
STEP|n=140300000|unique=5618965|accepted=25740557|rate=107204.2/s|walker_min=118.388|walker_med=143.920|walker_max=151.363
STEP|n=140400000|unique=5625480|accepted=25747072|rate=107213.4/s|walker_min=114.719|walker_med=146.760|walker_max=152.505
STEP|n=140500000|unique=5632128|accepted=25753720|rate=107222.8/s|walker_min=100.615|walker_med=141.397|walker_max=152.553
STEP|n=140600000|unique=5639421|accepted=25761013|rate=107232.5/s|walker_min=94.287|walker_med=134.704|walker_max=149.278
STEP|n=140700000|unique=5647528|accepted=25769120|rate=107241.3/s|walker_min=101.906|walker_med=142.765|walker_max=152.303
STEP|n=140800000|unique=5655647|accepted=25777239|rate=107251.1/s|walker_min=81.566|walker_med=142.020|walker_max=152.290
STEP|n=140900000|unique=5666069|accepted=25787661|rate=107250.1/s|walker_min=88.376|walker_med=133.552|walker_max=150.470
STEP|n=141000000|unique=5679431|accepted=25801023|rate=107254.9/s|walker_min=57.843|walker_med=112.319|walker_max=151.875
STEP|n=141100000|unique=5692015|accepted=25813607|rate=107260.5/s|walker_min=64.145|walker_med=124.121|walker_max=151.794
STEP|n=141200000|unique=5701752|accepted=25823344|rate=107269.8/s|walker_min=76.958|walker_med=133.181|walker_max=152.402
STEP|n=141300000|unique=5710193|accepted=25831785|rate=107281.0/s|walker_min=82.608|walker_med=134.865|walker_max=150.418
STEP|n=141400000|unique=5717846|accepted=25839438|rate=107292.0/s|walker_min=95.257|walker_med=140.133|walker_max=152.047
STEP|n=141500000|unique=5724730|accepted=25846322|rate=107302.5/s|walker_min=110.127|walker_med=141.653|walker_max=151.213
STEP|n=141600000|unique=5731482|accepted=25853074|rate=107313.8/s|walker_min=111.984|walker_med=140.483|walker_max=149.805
STEP|n=141700000|unique=5738376|accepted=25859968|rate=107325.9/s|walker_min=103.911|walker_med=143.087|walker_max=152.461
STEP|n=141800000|unique=5744941|accepted=25866533|rate=107337.9/s|walker_min=112.173|walker_med=140.081|walker_max=151.758
STEP|n=141900000|unique=5751604|accepted=25873196|rate=107350.0/s|walker_min=113.082|walker_med=145.348|walker_max=152.276
STEP|n=142000000|unique=5758484|accepted=25880076|rate=107360.8/s|walker_min=101.265|walker_med=141.429|walker_max=152.303
STEP|n=142100000|unique=5765474|accepted=25887066|rate=107371.7/s|walker_min=94.406|walker_med=143.483|walker_max=152.424
STEP|n=142200000|unique=5772035|accepted=25893627|rate=107382.9/s|walker_min=110.408|walker_med=143.653|walker_max=152.487
STEP|n=142300000|unique=5778977|accepted=25900569|rate=107393.5/s|walker_min=84.233|walker_med=137.649|walker_max=151.979
STEP|n=142400000|unique=5785854|accepted=25907446|rate=107404.9/s|walker_min=106.137|walker_med=138.784|walker_max=151.833
STEP|n=142500000|unique=5792748|accepted=25914340|rate=107407.1/s|walker_min=116.766|walker_med=140.788|walker_max=152.424
STEP|n=142600000|unique=5800131|accepted=25921723|rate=107417.2/s|walker_min=102.462|walker_med=137.778|walker_max=152.116
STEP|n=142700000|unique=5807795|accepted=25929387|rate=107427.3/s|walker_min=86.444|walker_med=133.328|walker_max=150.550
STEP|n=142800000|unique=5815872|accepted=25937464|rate=107437.4/s|walker_min=94.269|walker_med=139.097|walker_max=151.624
STEP|n=142900000|unique=5825611|accepted=25947203|rate=107446.8/s|walker_min=76.746|walker_med=130.629|walker_max=151.512
STEP|n=143000000|unique=5838500|accepted=25960092|rate=107452.7/s|walker_min=63.167|walker_med=112.580|walker_max=151.891
STEP|n=143100000|unique=5851860|accepted=25973452|rate=107458.0/s|walker_min=87.606|walker_med=130.968|walker_max=152.132
STEP|n=143200000|unique=5861546|accepted=25983138|rate=107466.6/s|walker_min=70.078|walker_med=130.979|walker_max=150.299
STEP|n=143300000|unique=5870828|accepted=25992420|rate=107475.4/s|walker_min=98.464|walker_med=135.660|walker_max=149.531
STEP|n=143400000|unique=5879073|accepted=26000665|rate=107485.7/s|walker_min=73.886|walker_med=135.749|walker_max=152.430
STEP|n=143500000|unique=5886259|accepted=26007851|rate=107497.1/s|walker_min=103.943|walker_med=139.409|walker_max=152.358
STEP|n=143600000|unique=5893001|accepted=26014593|rate=107508.9/s|walker_min=92.199|walker_med=143.875|walker_max=152.084
STEP|n=143700000|unique=5899664|accepted=26021256|rate=107519.8/s|walker_min=116.844|walker_med=143.990|walker_max=152.408
STEP|n=143800000|unique=5906538|accepted=26028130|rate=107530.6/s|walker_min=118.373|walker_med=144.831|walker_max=152.519
STEP|n=143900000|unique=5913213|accepted=26034805|rate=107541.1/s|walker_min=109.384|walker_med=141.966|walker_max=152.473
STEP|n=144000000|unique=5919561|accepted=26041153|rate=107552.7/s|walker_min=114.020|walker_med=139.752|walker_max=152.045
STEP|n=144100000|unique=5926091|accepted=26047683|rate=107555.4/s|walker_min=124.174|walker_med=143.243|walker_max=152.530
STEP|n=144200000|unique=5932316|accepted=26053908|rate=107567.5/s|walker_min=94.809|walker_med=146.681|walker_max=152.212
STEP|n=144300000|unique=5938851|accepted=26060443|rate=107578.6/s|walker_min=92.831|walker_med=139.126|walker_max=151.746
STEP|n=144400000|unique=5945771|accepted=26067363|rate=107589.2/s|walker_min=114.490|walker_med=138.861|walker_max=152.170
STEP|n=144500000|unique=5952578|accepted=26074170|rate=107598.7/s|walker_min=113.268|walker_med=144.321|walker_max=152.427
STEP|n=144600000|unique=5959561|accepted=26081153|rate=107609.4/s|walker_min=85.637|walker_med=141.666|walker_max=152.218
STEP|n=144700000|unique=5967641|accepted=26089233|rate=107619.4/s|walker_min=94.202|walker_med=134.465|walker_max=152.031
STEP|n=144800000|unique=5976485|accepted=26098077|rate=107628.1/s|walker_min=64.911|walker_med=139.649|walker_max=151.570
STEP|n=144900000|unique=5986517|accepted=26108109|rate=107634.0/s|walker_min=69.799|walker_med=120.854|walker_max=150.580
STEP|n=145000000|unique=5999169|accepted=26120761|rate=107637.2/s|walker_min=50.384|walker_med=93.860|walker_max=139.700
STEP|n=145100000|unique=6011280|accepted=26132872|rate=107641.7/s|walker_min=89.094|walker_med=137.555|walker_max=151.907
STEP|n=145200000|unique=6021423|accepted=26143015|rate=107650.0/s|walker_min=68.077|walker_med=139.896|walker_max=152.396
STEP|n=145300000|unique=6030323|accepted=26151915|rate=107659.0/s|walker_min=111.741|walker_med=140.843|walker_max=152.281
STEP|n=145400000|unique=6037541|accepted=26159133|rate=107667.9/s|walker_min=88.486|walker_med=142.575|walker_max=152.136
STEP|n=145500000|unique=6044999|accepted=26166591|rate=107675.2/s|walker_min=103.373|walker_med=139.408|walker_max=152.560
STEP|n=145600000|unique=6052030|accepted=26173622|rate=107683.9/s|walker_min=104.953|walker_med=138.820|walker_max=152.301
STEP|n=145700000|unique=6058886|accepted=26180478|rate=107684.9/s|walker_min=97.660|walker_med=142.375|walker_max=152.563
STEP|n=145800000|unique=6065737|accepted=26187329|rate=107695.2/s|walker_min=119.041|walker_med=143.367|walker_max=152.101
STEP|n=145900000|unique=6072168|accepted=26193760|rate=107705.4/s|walker_min=112.247|walker_med=135.402|walker_max=152.512
STEP|n=146000000|unique=6077957|accepted=26199549|rate=107714.6/s|walker_min=118.152|walker_med=145.314|walker_max=152.395
STEP|n=146100000|unique=6084158|accepted=26205750|rate=107723.7/s|walker_min=86.349|walker_med=139.155|walker_max=152.339
STEP|n=146200000|unique=6090795|accepted=26212387|rate=107733.2/s|walker_min=107.388|walker_med=135.580|walker_max=151.976
STEP|n=146300000|unique=6097623|accepted=26219215|rate=107743.2/s|walker_min=104.024|walker_med=136.100|walker_max=151.007
STEP|n=146400000|unique=6104918|accepted=26226510|rate=107753.0/s|walker_min=106.552|walker_med=142.851|walker_max=152.200
STEP|n=146500000|unique=6112318|accepted=26233910|rate=107761.7/s|walker_min=111.025|walker_med=144.384|walker_max=151.874
STEP|n=146600000|unique=6119453|accepted=26241045|rate=107769.8/s|walker_min=81.591|walker_med=138.041|walker_max=152.206
STEP|n=146700000|unique=6126904|accepted=26248496|rate=107778.1/s|walker_min=100.018|walker_med=139.519|walker_max=151.996
STEP|n=146800000|unique=6134769|accepted=26256361|rate=107786.9/s|walker_min=94.553|walker_med=137.270|walker_max=151.714
STEP|n=146900000|unique=6144972|accepted=26266564|rate=107794.1/s|walker_min=103.451|walker_med=129.795|walker_max=150.778
STEP|n=147000000|unique=6156598|accepted=26278190|rate=107799.1/s|walker_min=52.037|walker_med=105.233|walker_max=152.326
STEP|n=147100000|unique=6169548|accepted=26291140|rate=107801.0/s|walker_min=63.501|walker_med=121.554|walker_max=151.885
STEP|n=147200000|unique=6179375|accepted=26300967|rate=107806.0/s|walker_min=85.757|walker_med=130.728|walker_max=151.128
STEP|n=147300000|unique=6187620|accepted=26309212|rate=107813.9/s|walker_min=104.552|walker_med=138.541|walker_max=151.348
STEP|n=147400000|unique=6195913|accepted=26317505|rate=107813.3/s|walker_min=102.635|walker_med=139.196|walker_max=151.962
STEP|n=147500000|unique=6202686|accepted=26324278|rate=107823.6/s|walker_min=89.916|walker_med=142.374|walker_max=152.193
STEP|n=147600000|unique=6210206|accepted=26331798|rate=107832.1/s|walker_min=93.430|walker_med=137.185|walker_max=151.578
STEP|n=147700000|unique=6216959|accepted=26338551|rate=107840.5/s|walker_min=116.232|walker_med=140.169|walker_max=151.042
STEP|n=147800000|unique=6223433|accepted=26345025|rate=107849.1/s|walker_min=116.817|walker_med=145.123|walker_max=150.559
STEP|n=147900000|unique=6229847|accepted=26351439|rate=107859.1/s|walker_min=101.281|walker_med=141.413|walker_max=152.365
STEP|n=148000000|unique=6236216|accepted=26357808|rate=107869.5/s|walker_min=95.528|walker_med=137.578|walker_max=151.547
STEP|n=148100000|unique=6242685|accepted=26364277|rate=107880.3/s|walker_min=96.303|walker_med=142.772|walker_max=151.777
STEP|n=148200000|unique=6249073|accepted=26370665|rate=107891.0/s|walker_min=123.129|walker_med=140.122|walker_max=151.112
STEP|n=148300000|unique=6255900|accepted=26377492|rate=107901.1/s|walker_min=100.303|walker_med=142.442|walker_max=152.186
STEP|n=148400000|unique=6262783|accepted=26384375|rate=107911.3/s|walker_min=95.005|walker_med=138.632|walker_max=150.601
STEP|n=148500000|unique=6269523|accepted=26391115|rate=107922.6/s|walker_min=107.797|walker_med=140.022|walker_max=152.541
STEP|n=148600000|unique=6276881|accepted=26398473|rate=107933.4/s|walker_min=97.046|walker_med=139.759|walker_max=152.355
STEP|n=148700000|unique=6284711|accepted=26406303|rate=107943.5/s|walker_min=109.758|walker_med=137.298|walker_max=150.353
STEP|n=148800000|unique=6293555|accepted=26415147|rate=107952.2/s|walker_min=63.368|walker_med=134.107|walker_max=150.840
STEP|n=148900000|unique=6303755|accepted=26425347|rate=107959.8/s|walker_min=61.222|walker_med=126.949|walker_max=152.191
STEP|n=149000000|unique=6315583|accepted=26437175|rate=107965.1/s|walker_min=52.195|walker_med=115.986|walker_max=147.853
STEP|n=149100000|unique=6327850|accepted=26449442|rate=107959.4/s|walker_min=80.345|walker_med=128.524|walker_max=149.070
STEP|n=149200000|unique=6337740|accepted=26459332|rate=107964.8/s|walker_min=90.967|walker_med=131.908|walker_max=148.661
STEP|n=149300000|unique=6345121|accepted=26466713|rate=107973.8/s|walker_min=113.114|walker_med=144.434|walker_max=152.350
STEP|n=149400000|unique=6352852|accepted=26474444|rate=107982.9/s|walker_min=102.588|walker_med=139.328|walker_max=151.290
STEP|n=149500000|unique=6360389|accepted=26481981|rate=107992.2/s|walker_min=96.235|walker_med=138.491|walker_max=152.005
STEP|n=149600000|unique=6367791|accepted=26489383|rate=107999.7/s|walker_min=92.963|walker_med=142.901|walker_max=152.532
STEP|n=149700000|unique=6374262|accepted=26495854|rate=108007.9/s|walker_min=96.066|walker_med=138.074|walker_max=151.443
STEP|n=149800000|unique=6381216|accepted=26502808|rate=108015.9/s|walker_min=116.834|walker_med=143.397|walker_max=152.403
STEP|n=149900000|unique=6387904|accepted=26509496|rate=108024.3/s|walker_min=116.773|walker_med=144.812|walker_max=152.347
STEP|n=150000000|unique=6393965|accepted=26515557|rate=108032.7/s|walker_min=98.021|walker_med=137.522|walker_max=151.829
PRUNE_START|step=150000000|unique=6393965|active_cutoff=152.572575
PRUNE_DONE|step=150000000|unique=4000000|active_cutoff=142.67014|reservoir=200000
CHECKPOINT|step=150000000|unique=4000000|saved=3000000|min=46.3601|max=137.211
STEP|n=150100000|unique=4004893|accepted=26520450|rate=107376.6/s|walker_min=100.543|walker_med=132.323|walker_max=142.666
STEP|n=150200000|unique=4010128|accepted=26525685|rate=107385.8/s|walker_min=109.559|walker_med=134.247|walker_max=141.231
STEP|n=150300000|unique=4015876|accepted=26531433|rate=107394.1/s|walker_min=113.558|walker_med=133.728|walker_max=141.893
STEP|n=150400000|unique=4021681|accepted=26537238|rate=107402.8/s|walker_min=101.686|walker_med=131.241|walker_max=142.665
STEP|n=150500000|unique=4027558|accepted=26543115|rate=107411.4/s|walker_min=99.094|walker_med=132.446|walker_max=141.941
STEP|n=150600000|unique=4033546|accepted=26549103|rate=107419.8/s|walker_min=90.663|walker_med=127.207|walker_max=142.625
STEP|n=150700000|unique=4039758|accepted=26555315|rate=107428.0/s|walker_min=93.781|walker_med=132.996|walker_max=141.884
STEP|n=150800000|unique=4046108|accepted=26561665|rate=107436.3/s|walker_min=77.130|walker_med=125.261|walker_max=140.438
STEP|n=150900000|unique=4053806|accepted=26569363|rate=107443.5/s|walker_min=59.008|walker_med=117.326|walker_max=142.578
STEP|n=151000000|unique=4062903|accepted=26578460|rate=107448.8/s|walker_min=76.528|walker_med=106.966|walker_max=138.811
STEP|n=151100000|unique=4072506|accepted=26588063|rate=107452.9/s|walker_min=53.667|walker_med=111.993|walker_max=141.636
STEP|n=151200000|unique=4080400|accepted=26595957|rate=107459.5/s|walker_min=78.091|walker_med=125.479|walker_max=142.421
STEP|n=151300000|unique=4087798|accepted=26603355|rate=107466.8/s|walker_min=69.457|walker_med=126.577|walker_max=142.659
STEP|n=151400000|unique=4094492|accepted=26610049|rate=107474.8/s|walker_min=102.047|walker_med=135.872|walker_max=141.956
STEP|n=151500000|unique=4100185|accepted=26615742|rate=107483.7/s|walker_min=97.093|walker_med=131.691|walker_max=142.507
STEP|n=151600000|unique=4105638|accepted=26621195|rate=107492.9/s|walker_min=74.886|walker_med=132.470|walker_max=142.628
STEP|n=151700000|unique=4111290|accepted=26626847|rate=107501.7/s|walker_min=77.618|walker_med=136.391|walker_max=142.395
STEP|n=151800000|unique=4116942|accepted=26632499|rate=107510.6/s|walker_min=111.310|walker_med=131.421|walker_max=142.134
STEP|n=151900000|unique=4122540|accepted=26638097|rate=107518.1/s|walker_min=83.778|walker_med=135.536|walker_max=141.925
STEP|n=152000000|unique=4127801|accepted=26643358|rate=107526.7/s|walker_min=101.508|walker_med=133.422|walker_max=142.661
STEP|n=152100000|unique=4133482|accepted=26649039|rate=107535.2/s|walker_min=83.387|walker_med=130.456|walker_max=142.205
STEP|n=152200000|unique=4138961|accepted=26654518|rate=107537.1/s|walker_min=99.759|walker_med=136.991|walker_max=142.566
STEP|n=152300000|unique=4144519|accepted=26660076|rate=107546.0/s|walker_min=109.396|walker_med=130.961|walker_max=142.390
STEP|n=152400000|unique=4150332|accepted=26665889|rate=107554.2/s|walker_min=112.698|walker_med=133.931|walker_max=142.408
STEP|n=152500000|unique=4156005|accepted=26671562|rate=107562.9/s|walker_min=96.273|walker_med=131.748|walker_max=142.185
STEP|n=152600000|unique=4162217|accepted=26677774|rate=107571.1/s|walker_min=102.509|walker_med=133.377|walker_max=142.609
STEP|n=152700000|unique=4168230|accepted=26683787|rate=107579.3/s|walker_min=71.982|walker_med=129.764|walker_max=142.028
STEP|n=152800000|unique=4176003|accepted=26691560|rate=107586.3/s|walker_min=70.242|walker_med=123.049|walker_max=142.133
STEP|n=152900000|unique=4184357|accepted=26699914|rate=107592.7/s|walker_min=89.112|walker_med=120.358|walker_max=137.279
STEP|n=153000000|unique=4194092|accepted=26709649|rate=107596.9/s|walker_min=56.265|walker_med=98.416|walker_max=136.980
STEP|n=153100000|unique=4204450|accepted=26720007|rate=107600.6/s|walker_min=74.304|walker_med=119.426|walker_max=141.797
STEP|n=153200000|unique=4213200|accepted=26728757|rate=107606.3/s|walker_min=91.998|walker_med=129.632|walker_max=142.499
STEP|n=153300000|unique=4219794|accepted=26735351|rate=107614.4/s|walker_min=95.076|walker_med=127.758|walker_max=142.663
STEP|n=153400000|unique=4226063|accepted=26741620|rate=107622.2/s|walker_min=98.620|walker_med=131.271|walker_max=142.282
STEP|n=153500000|unique=4232413|accepted=26747970|rate=107630.0/s|walker_min=85.633|walker_med=131.936|walker_max=142.466
STEP|n=153600000|unique=4238275|accepted=26753832|rate=107638.1/s|walker_min=61.315|walker_med=129.702|walker_max=142.198
STEP|n=153700000|unique=4244210|accepted=26759767|rate=107646.8/s|walker_min=111.423|walker_med=133.683|walker_max=142.427
STEP|n=153800000|unique=4250121|accepted=26765678|rate=107655.1/s|walker_min=100.096|walker_med=128.462|walker_max=141.093
STEP|n=153900000|unique=4255735|accepted=26771292|rate=107662.7/s|walker_min=94.554|walker_med=134.656|walker_max=142.595
STEP|n=154000000|unique=4261028|accepted=26776585|rate=107671.4/s|walker_min=109.611|walker_med=134.194|walker_max=142.150
STEP|n=154100000|unique=4266531|accepted=26782088|rate=107680.0/s|walker_min=78.549|walker_med=135.886|walker_max=142.127
STEP|n=154200000|unique=4271890|accepted=26787447|rate=107681.5/s|walker_min=99.682|walker_med=130.949|walker_max=142.427
STEP|n=154300000|unique=4277719|accepted=26793276|rate=107689.5/s|walker_min=95.977|walker_med=136.291|walker_max=142.634
STEP|n=154400000|unique=4283462|accepted=26799019|rate=107698.1/s|walker_min=84.068|walker_med=129.894|walker_max=142.469
STEP|n=154500000|unique=4289057|accepted=26804614|rate=107706.9/s|walker_min=95.281|walker_med=133.178|walker_max=141.212
STEP|n=154600000|unique=4295058|accepted=26810615|rate=107715.3/s|walker_min=84.053|walker_med=129.527|walker_max=142.430
STEP|n=154700000|unique=4301217|accepted=26816774|rate=107723.1/s|walker_min=84.145|walker_med=128.738|walker_max=141.570
STEP|n=154800000|unique=4308166|accepted=26823723|rate=107730.1/s|walker_min=96.010|walker_med=126.119|walker_max=141.384
STEP|n=154900000|unique=4315676|accepted=26831233|rate=107736.6/s|walker_min=72.272|walker_med=127.796|walker_max=141.389
STEP|n=155000000|unique=4324758|accepted=26840315|rate=107739.4/s|walker_min=65.663|walker_med=110.462|walker_max=140.928
STEP|n=155100000|unique=4335075|accepted=26850632|rate=107743.0/s|walker_min=77.337|walker_med=114.962|walker_max=142.120
STEP|n=155200000|unique=4343014|accepted=26858571|rate=107749.7/s|walker_min=73.696|walker_med=122.640|walker_max=142.345
STEP|n=155300000|unique=4350371|accepted=26865928|rate=107756.5/s|walker_min=83.002|walker_med=135.075|walker_max=142.280
STEP|n=155400000|unique=4356522|accepted=26872079|rate=107764.0/s|walker_min=99.670|walker_med=133.451|walker_max=142.437
STEP|n=155500000|unique=4362298|accepted=26877855|rate=107772.3/s|walker_min=92.737|walker_med=135.218|walker_max=142.090
STEP|n=155600000|unique=4367948|accepted=26883505|rate=107780.6/s|walker_min=101.204|walker_med=134.405|walker_max=142.131
STEP|n=155700000|unique=4374277|accepted=26889834|rate=107788.4/s|walker_min=90.428|walker_med=133.385|walker_max=142.572
STEP|n=155800000|unique=4379859|accepted=26895416|rate=107796.5/s|walker_min=89.693|walker_med=131.109|walker_max=141.753
STEP|n=155900000|unique=4385478|accepted=26901035|rate=107804.5/s|walker_min=87.912|walker_med=133.233|walker_max=141.973
STEP|n=156000000|unique=4390623|accepted=26906180|rate=107812.6/s|walker_min=94.117|walker_med=134.490|walker_max=142.419
STEP|n=156100000|unique=4396370|accepted=26911927|rate=107820.7/s|walker_min=86.413|walker_med=131.979|walker_max=140.901
STEP|n=156200000|unique=4401725|accepted=26917282|rate=107829.3/s|walker_min=101.765|walker_med=128.921|walker_max=141.985
STEP|n=156300000|unique=4407533|accepted=26923090|rate=107830.6/s|walker_min=90.059|walker_med=133.321|walker_max=141.234
STEP|n=156400000|unique=4413307|accepted=26928864|rate=107838.6/s|walker_min=106.485|walker_med=133.838|walker_max=142.406
STEP|n=156500000|unique=4418896|accepted=26934453|rate=107847.0/s|walker_min=87.524|walker_med=134.450|walker_max=142.432
STEP|n=156600000|unique=4424731|accepted=26940288|rate=107855.5/s|walker_min=87.830|walker_med=133.673|walker_max=142.547
STEP|n=156700000|unique=4430990|accepted=26946547|rate=107863.6/s|walker_min=70.213|walker_med=131.232|walker_max=142.106
STEP|n=156800000|unique=4437856|accepted=26953413|rate=107871.1/s|walker_min=84.954|walker_med=128.117|walker_max=142.443
STEP|n=156900000|unique=4445758|accepted=26961315|rate=107877.2/s|walker_min=81.900|walker_med=123.771|walker_max=140.666
STEP|n=157000000|unique=4456019|accepted=26971576|rate=107880.9/s|walker_min=61.529|walker_med=105.877|walker_max=140.614
STEP|n=157100000|unique=4466273|accepted=26981830|rate=107884.1/s|walker_min=68.672|walker_med=118.694|walker_max=141.383
STEP|n=157200000|unique=4474514|accepted=26990071|rate=107890.4/s|walker_min=77.238|walker_med=123.618|walker_max=142.405
STEP|n=157300000|unique=4481198|accepted=26996755|rate=107898.5/s|walker_min=97.039|walker_med=128.745|walker_max=141.470
STEP|n=157400000|unique=4487673|accepted=27003230|rate=107905.9/s|walker_min=89.665|walker_med=129.926|walker_max=142.380
STEP|n=157500000|unique=4494190|accepted=27009747|rate=107913.5/s|walker_min=87.859|walker_med=128.938|walker_max=141.819
STEP|n=157600000|unique=4499667|accepted=27015224|rate=107921.8/s|walker_min=90.763|walker_med=134.905|walker_max=142.561
STEP|n=157700000|unique=4505300|accepted=27020857|rate=107930.1/s|walker_min=91.000|walker_med=135.349|walker_max=142.397
STEP|n=157800000|unique=4510675|accepted=27026232|rate=107938.7/s|walker_min=96.063|walker_med=125.261|walker_max=142.078
STEP|n=157900000|unique=4516141|accepted=27031698|rate=107947.2/s|walker_min=100.140|walker_med=133.860|walker_max=142.328
STEP|n=158000000|unique=4521586|accepted=27037143|rate=107954.7/s|walker_min=104.477|walker_med=134.095|walker_max=142.610
STEP|n=158100000|unique=4526872|accepted=27042429|rate=107962.8/s|walker_min=99.156|walker_med=132.719|walker_max=142.549
STEP|n=158200000|unique=4532417|accepted=27047974|rate=107971.1/s|walker_min=110.316|walker_med=135.841|walker_max=142.345
STEP|n=158300000|unique=4537926|accepted=27053483|rate=107972.3/s|walker_min=96.789|walker_med=137.182|walker_max=141.687
STEP|n=158400000|unique=4543334|accepted=27058891|rate=107980.5/s|walker_min=81.352|walker_med=132.959|walker_max=142.456
STEP|n=158500000|unique=4548827|accepted=27064384|rate=107988.9/s|walker_min=99.127|walker_med=130.764|walker_max=140.575
STEP|n=158600000|unique=4554633|accepted=27070190|rate=107996.7/s|walker_min=100.274|walker_med=131.934|walker_max=142.473
STEP|n=158700000|unique=4561105|accepted=27076662|rate=108004.0/s|walker_min=92.059|walker_med=126.841|walker_max=141.347
STEP|n=158800000|unique=4567858|accepted=27083415|rate=108011.3/s|walker_min=75.817|walker_med=128.544|walker_max=142.586
STEP|n=158900000|unique=4575784|accepted=27091341|rate=108017.5/s|walker_min=81.027|walker_med=121.671|walker_max=141.205
STEP|n=159000000|unique=4585762|accepted=27101319|rate=108021.5/s|walker_min=74.562|walker_med=97.577|walker_max=141.559
STEP|n=159100000|unique=4596196|accepted=27111753|rate=108024.9/s|walker_min=96.493|walker_med=125.968|walker_max=140.785
STEP|n=159200000|unique=4603897|accepted=27119454|rate=108030.8/s|walker_min=88.329|walker_med=126.030|walker_max=142.049
STEP|n=159300000|unique=4610747|accepted=27126304|rate=108037.8/s|walker_min=102.193|walker_med=127.589|walker_max=142.640
STEP|n=159400000|unique=4617368|accepted=27132925|rate=108045.1/s|walker_min=88.757|walker_med=131.076|walker_max=142.229
STEP|n=159500000|unique=4623299|accepted=27138856|rate=108052.8/s|walker_min=93.200|walker_med=131.913|walker_max=142.650
STEP|n=159600000|unique=4629356|accepted=27144913|rate=108060.3/s|walker_min=94.475|walker_med=132.630|walker_max=141.776
STEP|n=159700000|unique=4634881|accepted=27150438|rate=108068.4/s|walker_min=94.122|walker_med=135.022|walker_max=142.307
STEP|n=159800000|unique=4640384|accepted=27155941|rate=108076.3/s|walker_min=104.516|walker_med=135.039|walker_max=142.517
STEP|n=159900000|unique=4645597|accepted=27161154|rate=108084.9/s|walker_min=79.190|walker_med=132.511|walker_max=141.520
STEP|n=160000000|unique=4650879|accepted=27166436|rate=108093.7/s|walker_min=102.016|walker_med=131.584|walker_max=141.647
STEP|n=160100000|unique=4656082|accepted=27171639|rate=108101.3/s|walker_min=101.420|walker_med=131.937|walker_max=141.924
STEP|n=160200000|unique=4661428|accepted=27176985|rate=108109.5/s|walker_min=116.272|walker_med=132.990|walker_max=142.589
STEP|n=160300000|unique=4666578|accepted=27182135|rate=108117.7/s|walker_min=97.283|walker_med=133.549|walker_max=142.176
STEP|n=160400000|unique=4672385|accepted=27187942|rate=108118.2/s|walker_min=82.329|walker_med=129.564|walker_max=141.712
STEP|n=160500000|unique=4678175|accepted=27193732|rate=108125.9/s|walker_min=95.807|walker_med=130.058|walker_max=142.609
STEP|n=160600000|unique=4684153|accepted=27199710|rate=108133.4/s|walker_min=106.347|walker_med=132.319|walker_max=141.870
STEP|n=160700000|unique=4690395|accepted=27205952|rate=108140.8/s|walker_min=83.227|walker_med=124.330|walker_max=141.750
STEP|n=160800000|unique=4697455|accepted=27213012|rate=108147.3/s|walker_min=88.223|walker_med=127.653|walker_max=141.547
STEP|n=160900000|unique=4705526|accepted=27221083|rate=108153.1/s|walker_min=72.259|walker_med=122.469|walker_max=141.677
STEP|n=161000000|unique=4714980|accepted=27230537|rate=108156.6/s|walker_min=54.240|walker_med=104.600|walker_max=141.446
STEP|n=161100000|unique=4724718|accepted=27240275|rate=108160.3/s|walker_min=74.533|walker_med=121.351|walker_max=142.442
STEP|n=161200000|unique=4732040|accepted=27247597|rate=108166.4/s|walker_min=85.583|walker_med=128.884|walker_max=141.495
STEP|n=161300000|unique=4739098|accepted=27254655|rate=108173.1/s|walker_min=88.890|walker_med=131.588|walker_max=141.474
STEP|n=161400000|unique=4745361|accepted=27260918|rate=108180.5/s|walker_min=97.113|walker_med=130.665|walker_max=141.431
STEP|n=161500000|unique=4751157|accepted=27266714|rate=108188.2/s|walker_min=77.239|walker_med=128.879|walker_max=142.487
STEP|n=161600000|unique=4756712|accepted=27272269|rate=108196.0/s|walker_min=92.631|walker_med=130.791|walker_max=142.662
STEP|n=161700000|unique=4762236|accepted=27277793|rate=108204.2/s|walker_min=98.128|walker_med=131.812|walker_max=142.295
STEP|n=161800000|unique=4767700|accepted=27283257|rate=108212.2/s|walker_min=96.342|walker_med=129.682|walker_max=141.843
STEP|n=161900000|unique=4773358|accepted=27288915|rate=108220.0/s|walker_min=98.999|walker_med=134.335|walker_max=142.376
STEP|n=162000000|unique=4778806|accepted=27294363|rate=108227.7/s|walker_min=107.542|walker_med=132.789|walker_max=141.107
STEP|n=162100000|unique=4784266|accepted=27299823|rate=108235.7/s|walker_min=89.888|walker_med=134.251|walker_max=142.436
STEP|n=162200000|unique=4789737|accepted=27305294|rate=108243.1/s|walker_min=82.761|walker_med=130.077|walker_max=142.095
STEP|n=162300000|unique=4795292|accepted=27310849|rate=108251.1/s|walker_min=86.418|walker_med=132.767|walker_max=142.609
STEP|n=162400000|unique=4800852|accepted=27316409|rate=108258.8/s|walker_min=92.458|walker_med=132.939|walker_max=141.126
STEP|n=162500000|unique=4806801|accepted=27322358|rate=108254.0/s|walker_min=85.365|walker_med=132.785|walker_max=142.353
STEP|n=162600000|unique=4812326|accepted=27327883|rate=108261.3/s|walker_min=76.428|walker_med=129.500|walker_max=140.069
STEP|n=162700000|unique=4819181|accepted=27334738|rate=108268.5/s|walker_min=103.566|walker_med=132.006|walker_max=142.067
STEP|n=162800000|unique=4825772|accepted=27341329|rate=108275.7/s|walker_min=95.216|walker_med=129.824|walker_max=141.625
STEP|n=162900000|unique=4833641|accepted=27349198|rate=108281.7/s|walker_min=58.776|walker_med=120.946|walker_max=141.730
STEP|n=163000000|unique=4843459|accepted=27359016|rate=108285.2/s|walker_min=60.639|walker_med=98.319|walker_max=142.322
STEP|n=163100000|unique=4853004|accepted=27368561|rate=108288.8/s|walker_min=71.231|walker_med=124.292|walker_max=141.998
STEP|n=163200000|unique=4860614|accepted=27376171|rate=108295.0/s|walker_min=64.144|walker_med=127.168|walker_max=141.636
STEP|n=163300000|unique=4867808|accepted=27383365|rate=108301.7/s|walker_min=94.503|walker_med=130.155|walker_max=142.509
STEP|n=163400000|unique=4874310|accepted=27389867|rate=108308.7/s|walker_min=99.429|walker_med=128.876|walker_max=142.619
STEP|n=163500000|unique=4880203|accepted=27395760|rate=108316.1/s|walker_min=102.364|walker_med=133.092|walker_max=142.174
STEP|n=163600000|unique=4886002|accepted=27401559|rate=108323.5/s|walker_min=102.968|walker_med=134.304|walker_max=142.350
STEP|n=163700000|unique=4891626|accepted=27407183|rate=108331.3/s|walker_min=89.884|walker_med=134.785|walker_max=142.222
STEP|n=163800000|unique=4897105|accepted=27412662|rate=108339.2/s|walker_min=101.519|walker_med=135.570|walker_max=142.636
STEP|n=163900000|unique=4902698|accepted=27418255|rate=108347.1/s|walker_min=110.591|walker_med=135.396|walker_max=142.519
STEP|n=164000000|unique=4907824|accepted=27423381|rate=108355.1/s|walker_min=100.809|walker_med=132.831|walker_max=142.651
STEP|n=164100000|unique=4913398|accepted=27428955|rate=108362.9/s|walker_min=95.773|walker_med=131.970|walker_max=142.401
STEP|n=164200000|unique=4918895|accepted=27434452|rate=108370.4/s|walker_min=92.478|walker_med=132.963|walker_max=141.968
STEP|n=164300000|unique=4924187|accepted=27439744|rate=108377.6/s|walker_min=88.377|walker_med=133.250|walker_max=142.516
STEP|n=164400000|unique=4929982|accepted=27445539|rate=108384.9/s|walker_min=112.688|walker_med=133.609|walker_max=142.526
STEP|n=164500000|unique=4935707|accepted=27451264|rate=108392.0/s|walker_min=64.144|walker_med=124.899|walker_max=141.799
STEP|n=164600000|unique=4941719|accepted=27457276|rate=108391.9/s|walker_min=85.256|walker_med=132.171|walker_max=141.111
STEP|n=164700000|unique=4947887|accepted=27463444|rate=108399.0/s|walker_min=59.921|walker_med=135.816|walker_max=140.921
STEP|n=164800000|unique=4955082|accepted=27470639|rate=108405.2/s|walker_min=96.982|walker_med=128.901|walker_max=142.557
STEP|n=164900000|unique=4962855|accepted=27478412|rate=108410.8/s|walker_min=81.226|walker_med=130.769|walker_max=141.343
STEP|n=165000000|unique=4971324|accepted=27486881|rate=108415.5/s|walker_min=49.923|walker_med=108.167|walker_max=142.040
STEP|n=165100000|unique=4980917|accepted=27496474|rate=108418.9/s|walker_min=79.692|walker_med=119.751|walker_max=141.511
STEP|n=165200000|unique=4988883|accepted=27504440|rate=108423.6/s|walker_min=78.667|walker_med=122.319|walker_max=142.315
STEP|n=165300000|unique=4995723|accepted=27511280|rate=108430.2/s|walker_min=107.184|walker_med=133.333|walker_max=141.910
STEP|n=165400000|unique=5001940|accepted=27517497|rate=108437.3/s|walker_min=93.585|walker_med=134.001|walker_max=142.495
STEP|n=165500000|unique=5007934|accepted=27523491|rate=108444.8/s|walker_min=88.451|walker_med=130.199|walker_max=142.271
STEP|n=165600000|unique=5013730|accepted=27529287|rate=108452.2/s|walker_min=103.179|walker_med=130.744|walker_max=142.011
STEP|n=165700000|unique=5019702|accepted=27535259|rate=108459.3/s|walker_min=109.016|walker_med=133.856|walker_max=142.452
STEP|n=165800000|unique=5025312|accepted=27540869|rate=108466.7/s|walker_min=99.062|walker_med=128.621|walker_max=142.418
STEP|n=165900000|unique=5030800|accepted=27546357|rate=108474.2/s|walker_min=112.295|walker_med=133.643|walker_max=142.002
STEP|n=166000000|unique=5036118|accepted=27551675|rate=108482.1/s|walker_min=101.882|walker_med=135.983|walker_max=142.244
STEP|n=166100000|unique=5041207|accepted=27556764|rate=108490.0/s|walker_min=115.060|walker_med=135.770|walker_max=142.641
STEP|n=166200000|unique=5046806|accepted=27562363|rate=108497.4/s|walker_min=98.494|walker_med=131.422|walker_max=142.473
STEP|n=166300000|unique=5052551|accepted=27568108|rate=108504.6/s|walker_min=115.072|walker_med=133.397|walker_max=142.119
STEP|n=166400000|unique=5057920|accepted=27573477|rate=108511.1/s|walker_min=81.196|walker_med=132.645|walker_max=142.540
STEP|n=166500000|unique=5063261|accepted=27578818|rate=108518.8/s|walker_min=96.698|walker_med=135.939|walker_max=142.656
STEP|n=166600000|unique=5069341|accepted=27584898|rate=108525.8/s|walker_min=92.505|walker_med=123.917|walker_max=142.638
STEP|n=166700000|unique=5075206|accepted=27590763|rate=108525.7/s|walker_min=92.840|walker_med=130.610|walker_max=142.509
STEP|n=166800000|unique=5081717|accepted=27597274|rate=108532.3/s|walker_min=83.680|walker_med=128.652|walker_max=142.661
STEP|n=166900000|unique=5089488|accepted=27605045|rate=108537.8/s|walker_min=60.766|walker_med=120.162|walker_max=142.653
STEP|n=167000000|unique=5099137|accepted=27614694|rate=108540.9/s|walker_min=53.109|walker_med=99.081|walker_max=136.589
STEP|n=167100000|unique=5108513|accepted=27624070|rate=108544.0/s|walker_min=77.817|walker_med=118.785|walker_max=142.463
STEP|n=167200000|unique=5116387|accepted=27631944|rate=108549.9/s|walker_min=91.707|walker_med=128.003|walker_max=142.286
STEP|n=167300000|unique=5123409|accepted=27638966|rate=108556.0/s|walker_min=73.460|walker_med=132.452|walker_max=142.648
STEP|n=167400000|unique=5129948|accepted=27645505|rate=108562.5/s|walker_min=95.680|walker_med=129.635|walker_max=142.269
STEP|n=167500000|unique=5136078|accepted=27651635|rate=108569.7/s|walker_min=76.275|walker_med=131.212|walker_max=141.549
STEP|n=167600000|unique=5141809|accepted=27657366|rate=108577.2/s|walker_min=84.435|walker_med=125.759|walker_max=140.789
STEP|n=167700000|unique=5147165|accepted=27662722|rate=108584.8/s|walker_min=111.576|walker_med=132.632|walker_max=142.215
STEP|n=167800000|unique=5152394|accepted=27667951|rate=108592.6/s|walker_min=99.846|walker_med=135.306|walker_max=142.655
STEP|n=167900000|unique=5157669|accepted=27673226|rate=108600.3/s|walker_min=96.866|walker_med=133.215|walker_max=142.056
STEP|n=168000000|unique=5162938|accepted=27678495|rate=108607.9/s|walker_min=100.289|walker_med=136.594|walker_max=142.444
STEP|n=168100000|unique=5168504|accepted=27684061|rate=108615.1/s|walker_min=101.988|walker_med=136.192|walker_max=142.665
STEP|n=168200000|unique=5174119|accepted=27689676|rate=108622.4/s|walker_min=96.323|walker_med=132.301|walker_max=142.501
STEP|n=168300000|unique=5179528|accepted=27695085|rate=108629.9/s|walker_min=108.399|walker_med=134.607|walker_max=142.562
STEP|n=168400000|unique=5185221|accepted=27700778|rate=108637.1/s|walker_min=108.369|walker_med=135.989|walker_max=142.119
STEP|n=168500000|unique=5191079|accepted=27706636|rate=108643.4/s|walker_min=80.476|walker_med=129.441|walker_max=142.411
STEP|n=168600000|unique=5197077|accepted=27712634|rate=108650.2/s|walker_min=83.708|walker_med=133.137|walker_max=141.689
STEP|n=168700000|unique=5203297|accepted=27718854|rate=108656.8/s|walker_min=84.814|walker_med=128.574|walker_max=142.504
STEP|n=168800000|unique=5209907|accepted=27725464|rate=108656.2/s|walker_min=84.124|walker_med=124.925|walker_max=141.742
STEP|n=168900000|unique=5217672|accepted=27733229|rate=108661.9/s|walker_min=61.968|walker_med=121.135|walker_max=142.009
STEP|n=169000000|unique=5227814|accepted=27743371|rate=108664.5/s|walker_min=71.976|walker_med=102.473|walker_max=142.260
STEP|n=169100000|unique=5237829|accepted=27753386|rate=108666.9/s|walker_min=86.333|walker_med=123.486|walker_max=141.660
STEP|n=169200000|unique=5246253|accepted=27761810|rate=108671.9/s|walker_min=86.078|walker_med=121.150|walker_max=140.437
STEP|n=169300000|unique=5252852|accepted=27768409|rate=108678.5/s|walker_min=93.194|walker_med=131.778|walker_max=141.704
STEP|n=169400000|unique=5258891|accepted=27774448|rate=108685.2/s|walker_min=55.166|walker_med=132.474|walker_max=142.570
STEP|n=169500000|unique=5265039|accepted=27780596|rate=108692.1/s|walker_min=69.515|walker_med=128.892|walker_max=142.571
STEP|n=169600000|unique=5270570|accepted=27786127|rate=108699.5/s|walker_min=117.273|walker_med=134.142|walker_max=142.633
STEP|n=169700000|unique=5275879|accepted=27791436|rate=108706.7/s|walker_min=103.008|walker_med=132.929|walker_max=142.003
STEP|n=169800000|unique=5281287|accepted=27796844|rate=108714.8/s|walker_min=104.145|walker_med=130.034|walker_max=142.644
STEP|n=169900000|unique=5286521|accepted=27802078|rate=108723.8/s|walker_min=88.377|walker_med=130.923|walker_max=141.764
STEP|n=170000000|unique=5291783|accepted=27807340|rate=108732.7/s|walker_min=93.232|walker_med=136.811|walker_max=142.669
STEP|n=170100000|unique=5297316|accepted=27812873|rate=108740.6/s|walker_min=103.459|walker_med=133.039|walker_max=142.428
STEP|n=170200000|unique=5302575|accepted=27818132|rate=108748.0/s|walker_min=109.750|walker_med=130.709|walker_max=140.964
STEP|n=170300000|unique=5308198|accepted=27823755|rate=108755.0/s|walker_min=97.468|walker_med=134.233|walker_max=142.605
STEP|n=170400000|unique=5313957|accepted=27829514|rate=108762.7/s|walker_min=107.148|walker_med=130.725|walker_max=141.850
STEP|n=170500000|unique=5319680|accepted=27835237|rate=108770.6/s|walker_min=85.996|walker_med=133.761|walker_max=141.771
STEP|n=170600000|unique=5325467|accepted=27841024|rate=108777.1/s|walker_min=105.486|walker_med=130.264|walker_max=142.250
STEP|n=170700000|unique=5332040|accepted=27847597|rate=108783.2/s|walker_min=105.327|walker_med=131.033|walker_max=141.821
STEP|n=170800000|unique=5338884|accepted=27854441|rate=108781.4/s|walker_min=72.629|walker_med=123.815|walker_max=141.226
STEP|n=170900000|unique=5346239|accepted=27861796|rate=108787.0/s|walker_min=87.077|walker_med=127.016|walker_max=141.973
STEP|n=171000000|unique=5355915|accepted=27871472|rate=108790.6/s|walker_min=66.030|walker_med=100.447|walker_max=142.487
STEP|n=171100000|unique=5365010|accepted=27880567|rate=108794.0/s|walker_min=81.979|walker_med=121.763|walker_max=141.048
STEP|n=171200000|unique=5372966|accepted=27888523|rate=108799.3/s|walker_min=91.500|walker_med=131.539|walker_max=141.737
STEP|n=171300000|unique=5380092|accepted=27895649|rate=108805.0/s|walker_min=82.434|walker_med=125.593|walker_max=142.610
STEP|n=171400000|unique=5386511|accepted=27902068|rate=108811.7/s|walker_min=91.081|walker_med=127.969|walker_max=142.580
STEP|n=171500000|unique=5392806|accepted=27908363|rate=108818.4/s|walker_min=93.435|walker_med=131.824|walker_max=142.461
STEP|n=171600000|unique=5398292|accepted=27913849|rate=108826.0/s|walker_min=96.792|walker_med=131.630|walker_max=142.611
STEP|n=171700000|unique=5403974|accepted=27919531|rate=108833.2/s|walker_min=98.909|walker_med=131.113|walker_max=141.810
STEP|n=171800000|unique=5409056|accepted=27924613|rate=108840.4/s|walker_min=90.385|walker_med=133.620|walker_max=142.636
STEP|n=171900000|unique=5414488|accepted=27930045|rate=108847.5/s|walker_min=97.599|walker_med=134.799|walker_max=142.381
STEP|n=172000000|unique=5419564|accepted=27935121|rate=108854.8/s|walker_min=98.406|walker_med=137.855|walker_max=142.126
STEP|n=172100000|unique=5424789|accepted=27940346|rate=108862.1/s|walker_min=98.590|walker_med=131.292|walker_max=141.140
STEP|n=172200000|unique=5430447|accepted=27946004|rate=108869.4/s|walker_min=104.907|walker_med=132.347|walker_max=142.669
STEP|n=172300000|unique=5435643|accepted=27951200|rate=108877.1/s|walker_min=99.707|walker_med=131.827|walker_max=142.466
STEP|n=172400000|unique=5440999|accepted=27956556|rate=108884.2/s|walker_min=89.686|walker_med=132.523|walker_max=142.181
STEP|n=172500000|unique=5446604|accepted=27962161|rate=108891.2/s|walker_min=99.754|walker_med=131.700|walker_max=142.505
STEP|n=172600000|unique=5452273|accepted=27967830|rate=108898.4/s|walker_min=93.420|walker_med=128.092|walker_max=142.561
STEP|n=172700000|unique=5458517|accepted=27974074|rate=108904.3/s|walker_min=74.537|walker_med=131.399|walker_max=141.844
STEP|n=172800000|unique=5464717|accepted=27980274|rate=108911.1/s|walker_min=103.157|walker_med=128.568|walker_max=142.003
STEP|n=172900000|unique=5472503|accepted=27988060|rate=108909.1/s|walker_min=77.177|walker_med=124.208|walker_max=142.372
STEP|n=173000000|unique=5482043|accepted=27997600|rate=108912.2/s|walker_min=56.275|walker_med=101.501|walker_max=141.071
STEP|n=173100000|unique=5491259|accepted=28006816|rate=108914.9/s|walker_min=83.337|walker_med=114.532|walker_max=140.188
STEP|n=173200000|unique=5498660|accepted=28014217|rate=108920.7/s|walker_min=54.411|walker_med=124.393|walker_max=142.364
STEP|n=173300000|unique=5505047|accepted=28020604|rate=108927.4/s|walker_min=96.290|walker_med=130.520|walker_max=141.575
STEP|n=173400000|unique=5511176|accepted=28026733|rate=108933.9/s|walker_min=102.612|walker_med=129.188|walker_max=142.582
STEP|n=173500000|unique=5517546|accepted=28033103|rate=108940.3/s|walker_min=94.301|walker_med=133.565|walker_max=141.914
STEP|n=173600000|unique=5523471|accepted=28039028|rate=108947.2/s|walker_min=105.704|walker_med=128.391|walker_max=142.285
STEP|n=173700000|unique=5529264|accepted=28044821|rate=108954.3/s|walker_min=101.174|walker_med=129.431|walker_max=142.587
STEP|n=173800000|unique=5534457|accepted=28050014|rate=108961.8/s|walker_min=96.095|walker_med=134.848|walker_max=142.434
STEP|n=173900000|unique=5539856|accepted=28055413|rate=108969.1/s|walker_min=101.706|walker_med=133.340|walker_max=142.281
STEP|n=174000000|unique=5545572|accepted=28061129|rate=108976.0/s|walker_min=111.606|walker_med=137.154|walker_max=142.192
STEP|n=174100000|unique=5550954|accepted=28066511|rate=108983.2/s|walker_min=102.815|walker_med=134.895|walker_max=142.484
STEP|n=174200000|unique=5556091|accepted=28071648|rate=108990.7/s|walker_min=113.650|walker_med=131.605|walker_max=142.217
STEP|n=174300000|unique=5561284|accepted=28076841|rate=108997.9/s|walker_min=116.923|walker_med=131.949|walker_max=142.568
STEP|n=174400000|unique=5566678|accepted=28082235|rate=109005.3/s|walker_min=100.171|walker_med=132.451|walker_max=142.589
STEP|n=174500000|unique=5572361|accepted=28087918|rate=109012.4/s|walker_min=90.619|walker_med=127.868|walker_max=142.420
STEP|n=174600000|unique=5578445|accepted=28094002|rate=109018.9/s|walker_min=87.219|walker_med=132.792|walker_max=141.126
STEP|n=174700000|unique=5584887|accepted=28100444|rate=109025.5/s|walker_min=94.027|walker_med=127.081|walker_max=141.772
STEP|n=174800000|unique=5591891|accepted=28107448|rate=109031.1/s|walker_min=76.486|walker_med=130.938|walker_max=142.343
STEP|n=174900000|unique=5599266|accepted=28114823|rate=109029.3/s|walker_min=53.546|walker_med=124.573|walker_max=140.357
STEP|n=175000000|unique=5608001|accepted=28123558|rate=109024.9/s|walker_min=69.112|walker_med=106.408|walker_max=142.157
STEP|n=175100000|unique=5617791|accepted=28133348|rate=109029.6/s|walker_min=63.882|walker_med=114.933|walker_max=141.097
STEP|n=175200000|unique=5625509|accepted=28141066|rate=109037.0/s|walker_min=67.703|walker_med=119.659|walker_max=140.551
STEP|n=175300000|unique=5631996|accepted=28147553|rate=109045.2/s|walker_min=98.717|walker_med=128.556|walker_max=142.401
STEP|n=175400000|unique=5638848|accepted=28154405|rate=109051.7/s|walker_min=106.169|walker_med=135.219|walker_max=142.360
STEP|n=175500000|unique=5644608|accepted=28160165|rate=109058.7/s|walker_min=111.507|walker_med=132.252|walker_max=142.072
STEP|n=175600000|unique=5650595|accepted=28166152|rate=109065.5/s|walker_min=102.929|walker_med=130.267|walker_max=142.307
STEP|n=175700000|unique=5656413|accepted=28171970|rate=109074.0/s|walker_min=64.007|walker_med=132.193|walker_max=141.341
STEP|n=175800000|unique=5662059|accepted=28177616|rate=109081.0/s|walker_min=108.755|walker_med=133.575|walker_max=142.470
STEP|n=175900000|unique=5667516|accepted=28183073|rate=109087.8/s|walker_min=91.979|walker_med=134.774|walker_max=142.628
STEP|n=176000000|unique=5672529|accepted=28188086|rate=109095.3/s|walker_min=103.344|walker_med=134.445|walker_max=142.441
STEP|n=176100000|unique=5677889|accepted=28193446|rate=109102.4/s|walker_min=106.522|walker_med=135.483|walker_max=142.467
STEP|n=176200000|unique=5683415|accepted=28198972|rate=109109.9/s|walker_min=79.319|walker_med=131.373|walker_max=142.470
STEP|n=176300000|unique=5688747|accepted=28204304|rate=109118.5/s|walker_min=94.588|walker_med=135.703|walker_max=142.045
STEP|n=176400000|unique=5694069|accepted=28209626|rate=109126.0/s|walker_min=98.639|walker_med=132.019|walker_max=142.589
STEP|n=176500000|unique=5699688|accepted=28215245|rate=109133.2/s|walker_min=103.286|walker_med=130.545|walker_max=142.459
STEP|n=176600000|unique=5705484|accepted=28221041|rate=109141.4/s|walker_min=96.304|walker_med=129.657|walker_max=142.412
STEP|n=176700000|unique=5711481|accepted=28227038|rate=109149.3/s|walker_min=92.482|walker_med=131.272|walker_max=141.999
STEP|n=176800000|unique=5717863|accepted=28233420|rate=109155.9/s|walker_min=92.450|walker_med=130.034|walker_max=142.633
STEP|n=176900000|unique=5725046|accepted=28240603|rate=109160.3/s|walker_min=81.579|walker_med=118.874|walker_max=142.594
STEP|n=177000000|unique=5734649|accepted=28250206|rate=109161.9/s|walker_min=55.904|walker_med=105.504|walker_max=142.554
STEP|n=177100000|unique=5743678|accepted=28259235|rate=109158.0/s|walker_min=81.367|walker_med=120.089|walker_max=141.492
STEP|n=177200000|unique=5751595|accepted=28267152|rate=109163.7/s|walker_min=85.905|walker_med=129.930|walker_max=142.216
STEP|n=177300000|unique=5758080|accepted=28273637|rate=109170.3/s|walker_min=90.434|walker_med=133.671|walker_max=142.216
STEP|n=177400000|unique=5763708|accepted=28279265|rate=109176.9/s|walker_min=73.084|walker_med=132.636|walker_max=142.383
STEP|n=177500000|unique=5769625|accepted=28285182|rate=109183.2/s|walker_min=105.355|walker_med=131.073|walker_max=142.528
STEP|n=177600000|unique=5775089|accepted=28290646|rate=109190.5/s|walker_min=91.443|walker_med=134.020|walker_max=141.126
STEP|n=177700000|unique=5780568|accepted=28296125|rate=109198.5/s|walker_min=86.507|walker_med=133.075|walker_max=140.925
STEP|n=177800000|unique=5786185|accepted=28301742|rate=109206.5/s|walker_min=90.571|walker_med=133.006|walker_max=142.570
STEP|n=177900000|unique=5791892|accepted=28307449|rate=109213.7/s|walker_min=100.519|walker_med=131.517|walker_max=142.257
STEP|n=178000000|unique=5797127|accepted=28312684|rate=109220.4/s|walker_min=91.268|walker_med=131.923|walker_max=141.954
STEP|n=178100000|unique=5802786|accepted=28318343|rate=109226.9/s|walker_min=108.489|walker_med=130.775|walker_max=142.600
STEP|n=178200000|unique=5807859|accepted=28323416|rate=109234.9/s|walker_min=101.892|walker_med=135.051|walker_max=142.048
STEP|n=178300000|unique=5813019|accepted=28328576|rate=109243.2/s|walker_min=73.369|walker_med=135.458|walker_max=141.320
STEP|n=178400000|unique=5818736|accepted=28334293|rate=109251.1/s|walker_min=87.419|walker_med=131.088|walker_max=142.080
STEP|n=178500000|unique=5824374|accepted=28339931|rate=109258.0/s|walker_min=105.982|walker_med=133.977|walker_max=142.535
STEP|n=178600000|unique=5830436|accepted=28345993|rate=109264.2/s|walker_min=114.507|walker_med=135.041|walker_max=142.233
STEP|n=178700000|unique=5836957|accepted=28352514|rate=109269.9/s|walker_min=93.969|walker_med=129.163|walker_max=142.480
STEP|n=178800000|unique=5843850|accepted=28359407|rate=109276.8/s|walker_min=68.947|walker_med=127.097|walker_max=141.966
STEP|n=178900000|unique=5851865|accepted=28367422|rate=109282.7/s|walker_min=50.461|walker_med=129.971|walker_max=141.998
STEP|n=179000000|unique=5861694|accepted=28377251|rate=109285.3/s|walker_min=68.540|walker_med=98.257|walker_max=142.061
STEP|n=179100000|unique=5872190|accepted=28387747|rate=109286.3/s|walker_min=65.815|walker_med=127.538|walker_max=141.961
STEP|n=179200000|unique=5880785|accepted=28396342|rate=109282.4/s|walker_min=85.312|walker_med=127.712|walker_max=142.488
STEP|n=179300000|unique=5887441|accepted=28402998|rate=109289.1/s|walker_min=89.498|walker_med=130.435|walker_max=141.571
STEP|n=179400000|unique=5893676|accepted=28409233|rate=109296.3/s|walker_min=81.021|walker_med=125.879|walker_max=141.132
STEP|n=179500000|unique=5899701|accepted=28415258|rate=109304.0/s|walker_min=83.387|walker_med=131.897|walker_max=141.965
STEP|n=179600000|unique=5905657|accepted=28421214|rate=109310.3/s|walker_min=96.783|walker_med=135.137|walker_max=142.513
STEP|n=179700000|unique=5911037|accepted=28426594|rate=109316.9/s|walker_min=100.939|walker_med=129.065|walker_max=141.903
STEP|n=179800000|unique=5916607|accepted=28432164|rate=109323.4/s|walker_min=109.493|walker_med=131.501|walker_max=142.549
STEP|n=179900000|unique=5921735|accepted=28437292|rate=109331.5/s|walker_min=105.519|walker_med=131.123|walker_max=142.233
STEP|n=180000000|unique=5927027|accepted=28442584|rate=109339.5/s|walker_min=104.659|walker_med=135.391|walker_max=142.434
STEP|n=180100000|unique=5932279|accepted=28447836|rate=109347.4/s|walker_min=89.356|walker_med=136.304|walker_max=142.271
STEP|n=180200000|unique=5937673|accepted=28453230|rate=109353.9/s|walker_min=106.028|walker_med=132.738|walker_max=141.652
STEP|n=180300000|unique=5942890|accepted=28458447|rate=109360.6/s|walker_min=101.871|walker_med=133.162|walker_max=142.361
STEP|n=180400000|unique=5948094|accepted=28463651|rate=109367.7/s|walker_min=79.987|walker_med=132.265|walker_max=142.632
STEP|n=180500000|unique=5953585|accepted=28469142|rate=109375.7/s|walker_min=78.821|walker_med=131.658|walker_max=141.856
STEP|n=180600000|unique=5959524|accepted=28475081|rate=109383.3/s|walker_min=96.984|walker_med=129.797|walker_max=142.316
STEP|n=180700000|unique=5965111|accepted=28480668|rate=109390.5/s|walker_min=96.643|walker_med=128.227|walker_max=142.129
STEP|n=180800000|unique=5971570|accepted=28487127|rate=109396.2/s|walker_min=99.638|walker_med=132.585|walker_max=141.919
STEP|n=180900000|unique=5979557|accepted=28495114|rate=109400.6/s|walker_min=69.145|walker_med=122.038|walker_max=142.332
STEP|n=181000000|unique=5987603|accepted=28503160|rate=109405.6/s|walker_min=60.058|walker_med=106.606|walker_max=142.013
STEP|n=181100000|unique=5997145|accepted=28512702|rate=109408.5/s|walker_min=74.419|walker_med=124.983|walker_max=141.146
STEP|n=181200000|unique=6004852|accepted=28520409|rate=109415.0/s|walker_min=71.281|walker_med=128.887|walker_max=141.397
STEP|n=181300000|unique=6011195|accepted=28526752|rate=109414.4/s|walker_min=87.128|walker_med=131.522|walker_max=142.474
STEP|n=181400000|unique=6017500|accepted=28533057|rate=109421.6/s|walker_min=85.078|walker_med=133.104|walker_max=141.483
STEP|n=181500000|unique=6023135|accepted=28538692|rate=109429.4/s|walker_min=105.411|walker_med=132.659|walker_max=141.302
STEP|n=181600000|unique=6028767|accepted=28544324|rate=109438.0/s|walker_min=106.591|walker_med=127.778|walker_max=142.643
STEP|n=181700000|unique=6034119|accepted=28549676|rate=109446.7/s|walker_min=116.575|walker_med=135.140|walker_max=140.927
STEP|n=181800000|unique=6038948|accepted=28554505|rate=109455.6/s|walker_min=98.680|walker_med=133.703|walker_max=142.479
STEP|n=181900000|unique=6044267|accepted=28559824|rate=109461.9/s|walker_min=101.895|walker_med=135.055|walker_max=142.412
STEP|n=182000000|unique=6050006|accepted=28565563|rate=109467.8/s|walker_min=98.658|walker_med=133.994|walker_max=142.246
STEP|n=182100000|unique=6055353|accepted=28570910|rate=109474.8/s|walker_min=110.567|walker_med=132.866|walker_max=142.510
STEP|n=182200000|unique=6061002|accepted=28576559|rate=109482.4/s|walker_min=110.220|walker_med=134.184|walker_max=142.654
STEP|n=182300000|unique=6065997|accepted=28581554|rate=109490.4/s|walker_min=50.461|walker_med=132.389|walker_max=142.341
STEP|n=182400000|unique=6071372|accepted=28586929|rate=109497.6/s|walker_min=81.677|walker_med=129.183|walker_max=142.151
STEP|n=182500000|unique=6077303|accepted=28592860|rate=109503.3/s|walker_min=90.365|walker_med=133.036|walker_max=142.328
STEP|n=182600000|unique=6083171|accepted=28598728|rate=109509.5/s|walker_min=94.434|walker_med=129.641|walker_max=142.364
STEP|n=182700000|unique=6089398|accepted=28604955|rate=109516.6/s|walker_min=91.996|walker_med=131.319|walker_max=142.146
STEP|n=182800000|unique=6096073|accepted=28611630|rate=109523.5/s|walker_min=80.061|walker_med=124.550|walker_max=140.828
STEP|n=182900000|unique=6103759|accepted=28619316|rate=109529.6/s|walker_min=57.161|walker_med=125.012|walker_max=142.584
STEP|n=183000000|unique=6112627|accepted=28628184|rate=109533.1/s|walker_min=51.106|walker_med=113.070|walker_max=137.907
STEP|n=183100000|unique=6121567|accepted=28637124|rate=109535.5/s|walker_min=83.318|walker_med=122.700|walker_max=142.145
STEP|n=183200000|unique=6129995|accepted=28645552|rate=109539.2/s|walker_min=86.595|walker_med=129.969|walker_max=142.125
STEP|n=183300000|unique=6136802|accepted=28652359|rate=109546.5/s|walker_min=85.049|walker_med=132.074|walker_max=142.523
STEP|n=183400000|unique=6142788|accepted=28658345|rate=109547.0/s|walker_min=99.041|walker_med=131.891|walker_max=141.341
STEP|n=183500000|unique=6148370|accepted=28663927|rate=109555.1/s|walker_min=81.603|walker_med=130.159|walker_max=142.190
STEP|n=183600000|unique=6153840|accepted=28669397|rate=109562.7/s|walker_min=106.645|walker_med=134.554|walker_max=142.172
STEP|n=183700000|unique=6159415|accepted=28674972|rate=109570.4/s|walker_min=102.306|walker_med=130.130|walker_max=141.181
STEP|n=183800000|unique=6164709|accepted=28680266|rate=109578.4/s|walker_min=110.520|walker_med=135.135|walker_max=142.088
STEP|n=183900000|unique=6169855|accepted=28685412|rate=109586.6/s|walker_min=105.287|walker_med=132.618|walker_max=142.461
STEP|n=184000000|unique=6174797|accepted=28690354|rate=109595.0/s|walker_min=80.384|walker_med=134.502|walker_max=142.562
STEP|n=184100000|unique=6179920|accepted=28695477|rate=109603.2/s|walker_min=107.879|walker_med=133.448|walker_max=141.659
STEP|n=184200000|unique=6184935|accepted=28700492|rate=109611.4/s|walker_min=105.627|walker_med=129.243|walker_max=142.390
STEP|n=184300000|unique=6189989|accepted=28705546|rate=109619.6/s|walker_min=94.872|walker_med=131.129|walker_max=142.298
STEP|n=184400000|unique=6195525|accepted=28711082|rate=109627.7/s|walker_min=89.745|walker_med=129.187|walker_max=141.809
STEP|n=184500000|unique=6200860|accepted=28716417|rate=109635.4/s|walker_min=101.796|walker_med=127.839|walker_max=142.633
STEP|n=184600000|unique=6206387|accepted=28721944|rate=109643.0/s|walker_min=74.172|walker_med=132.042|walker_max=142.210
STEP|n=184700000|unique=6212745|accepted=28728302|rate=109650.5/s|walker_min=81.044|walker_med=133.364|walker_max=141.825
STEP|n=184800000|unique=6219861|accepted=28735418|rate=109657.7/s|walker_min=101.515|walker_med=129.511|walker_max=142.435
STEP|n=184900000|unique=6227320|accepted=28742877|rate=109664.5/s|walker_min=88.495|walker_med=122.988|walker_max=140.830
STEP|n=185000000|unique=6236845|accepted=28752402|rate=109668.3/s|walker_min=56.044|walker_med=102.401|walker_max=138.049
PRUNE_START|step=185000000|unique=6236845|active_cutoff=142.67014
PRUNE_DONE|step=185000000|unique=4000000|active_cutoff=134.311081|reservoir=200000
STEP|n=185100000|unique=4007686|accepted=28760088|rate=109589.8/s|walker_min=64.549|walker_med=108.092|walker_max=130.460
STEP|n=185200000|unique=4013883|accepted=28766285|rate=109597.5/s|walker_min=85.420|walker_med=121.875|walker_max=130.126
STEP|n=185300000|unique=4019816|accepted=28772218|rate=109605.4/s|walker_min=102.039|walker_med=120.638|walker_max=134.066
STEP|n=185400000|unique=4024912|accepted=28777314|rate=109604.5/s|walker_min=77.187|walker_med=124.269|walker_max=133.628
STEP|n=185500000|unique=4029463|accepted=28781865|rate=109612.8/s|walker_min=68.931|walker_med=122.234|walker_max=134.044
STEP|n=185600000|unique=4034045|accepted=28786447|rate=109620.9/s|walker_min=73.804|walker_med=125.647|walker_max=134.087
STEP|n=185700000|unique=4038919|accepted=28791321|rate=109629.7/s|walker_min=105.384|walker_med=127.633|walker_max=134.141
STEP|n=185800000|unique=4043237|accepted=28795639|rate=109633.4/s|walker_min=106.217|walker_med=128.002|walker_max=134.286
STEP|n=185900000|unique=4047818|accepted=28800220|rate=109642.1/s|walker_min=88.351|walker_med=123.392|walker_max=133.966
STEP|n=186000000|unique=4052369|accepted=28804771|rate=109650.3/s|walker_min=94.449|walker_med=124.218|walker_max=133.855
STEP|n=186100000|unique=4056745|accepted=28809147|rate=109658.3/s|walker_min=107.194|walker_med=123.594|walker_max=133.986
STEP|n=186200000|unique=4061089|accepted=28813491|rate=109666.6/s|walker_min=81.032|walker_med=126.545|walker_max=134.165
STEP|n=186300000|unique=4065708|accepted=28818110|rate=109675.2/s|walker_min=87.173|walker_med=123.619|walker_max=134.195
STEP|n=186400000|unique=4070335|accepted=28822737|rate=109684.0/s|walker_min=77.715|walker_med=123.734|walker_max=134.296
STEP|n=186500000|unique=4075065|accepted=28827467|rate=109692.4/s|walker_min=76.616|walker_med=127.545|walker_max=134.213
STEP|n=186600000|unique=4080006|accepted=28832408|rate=109700.3/s|walker_min=95.233|walker_med=119.546|walker_max=132.754
STEP|n=186700000|unique=4085265|accepted=28837667|rate=109708.1/s|walker_min=88.376|walker_med=123.623|walker_max=134.285
STEP|n=186800000|unique=4090333|accepted=28842735|rate=109716.3/s|walker_min=76.393|walker_med=114.964|walker_max=134.151
STEP|n=186900000|unique=4096140|accepted=28848542|rate=109724.2/s|walker_min=76.133|walker_med=110.601|walker_max=133.092
STEP|n=187000000|unique=4103234|accepted=28855636|rate=109730.6/s|walker_min=49.944|walker_med=108.180|walker_max=131.398
STEP|n=187100000|unique=4110110|accepted=28862512|rate=109736.4/s|walker_min=67.272|walker_med=114.319|walker_max=133.414
STEP|n=187200000|unique=4116552|accepted=28868954|rate=109742.9/s|walker_min=51.671|walker_med=118.298|walker_max=134.077
STEP|n=187300000|unique=4122209|accepted=28874611|rate=109750.2/s|walker_min=93.923|walker_med=122.217|walker_max=134.278
STEP|n=187400000|unique=4127366|accepted=28879768|rate=109758.4/s|walker_min=94.004|walker_med=125.806|walker_max=134.188
STEP|n=187500000|unique=4132138|accepted=28884540|rate=109766.7/s|walker_min=81.611|walker_med=119.684|walker_max=133.600
STEP|n=187600000|unique=4136743|accepted=28889145|rate=109775.0/s|walker_min=99.765|walker_med=121.597|walker_max=133.810
STEP|n=187700000|unique=4140993|accepted=28893395|rate=109783.3/s|walker_min=96.117|walker_med=120.548|walker_max=133.663
STEP|n=187800000|unique=4145325|accepted=28897727|rate=109791.7/s|walker_min=100.676|walker_med=129.373|walker_max=134.227
STEP|n=187900000|unique=4149711|accepted=28902113|rate=109799.7/s|walker_min=104.101|walker_med=129.380|walker_max=134.273
STEP|n=188000000|unique=4154287|accepted=28906689|rate=109808.2/s|walker_min=85.232|walker_med=123.983|walker_max=133.646
STEP|n=188100000|unique=4158812|accepted=28911214|rate=109816.1/s|walker_min=97.418|walker_med=124.319|walker_max=133.555
STEP|n=188200000|unique=4163348|accepted=28915750|rate=109824.6/s|walker_min=103.623|walker_med=124.352|walker_max=133.948
STEP|n=188300000|unique=4167789|accepted=28920191|rate=109832.8/s|walker_min=88.386|walker_med=120.783|walker_max=133.905
STEP|n=188400000|unique=4172180|accepted=28924582|rate=109840.5/s|walker_min=92.095|walker_med=125.535|walker_max=134.222
STEP|n=188500000|unique=4177048|accepted=28929450|rate=109841.5/s|walker_min=60.629|walker_med=123.901|walker_max=133.678
STEP|n=188600000|unique=4182088|accepted=28934490|rate=109849.3/s|walker_min=99.730|walker_med=123.935|walker_max=133.841
STEP|n=188700000|unique=4187090|accepted=28939492|rate=109857.0/s|walker_min=87.255|walker_med=120.162|walker_max=133.766
STEP|n=188800000|unique=4192317|accepted=28944719|rate=109864.9/s|walker_min=91.730|walker_med=120.798|walker_max=132.665
STEP|n=188900000|unique=4198486|accepted=28950888|rate=109869.8/s|walker_min=54.456|walker_med=104.694|walker_max=132.576
STEP|n=189000000|unique=4205798|accepted=28958200|rate=109873.4/s|walker_min=57.468|walker_med=100.055|walker_max=133.011
STEP|n=189100000|unique=4212948|accepted=28965350|rate=109877.2/s|walker_min=72.529|walker_med=114.752|walker_max=130.929
STEP|n=189200000|unique=4219155|accepted=28971557|rate=109883.2/s|walker_min=69.337|walker_med=123.254|walker_max=133.855
STEP|n=189300000|unique=4224150|accepted=28976552|rate=109890.5/s|walker_min=88.631|walker_med=126.433|walker_max=134.093
STEP|n=189400000|unique=4229154|accepted=28981556|rate=109897.2/s|walker_min=78.923|walker_med=122.930|walker_max=133.904
STEP|n=189500000|unique=4233984|accepted=28986386|rate=109903.3/s|walker_min=87.675|walker_med=124.925|walker_max=134.256
STEP|n=189600000|unique=4238616|accepted=28991018|rate=109909.7/s|walker_min=96.218|walker_med=125.380|walker_max=133.847
STEP|n=189700000|unique=4243235|accepted=28995637|rate=109917.2/s|walker_min=64.935|walker_med=123.606|walker_max=134.008
STEP|n=189800000|unique=4247779|accepted=29000181|rate=109925.4/s|walker_min=88.705|walker_med=127.938|walker_max=134.156
STEP|n=189900000|unique=4252269|accepted=29004671|rate=109933.9/s|walker_min=86.801|walker_med=126.095|walker_max=134.082
STEP|n=190000000|unique=4256380|accepted=29008782|rate=109941.3/s|walker_min=97.747|walker_med=121.628|walker_max=133.983
STEP|n=190100000|unique=4260778|accepted=29013180|rate=109947.6/s|walker_min=92.554|walker_med=125.572|walker_max=134.240
STEP|n=190200000|unique=4265508|accepted=29017910|rate=109953.9/s|walker_min=93.092|walker_med=125.955|walker_max=133.706
STEP|n=190300000|unique=4270014|accepted=29022416|rate=109961.7/s|walker_min=104.408|walker_med=125.950|walker_max=134.295
STEP|n=190400000|unique=4274569|accepted=29026971|rate=109969.8/s|walker_min=102.047|walker_med=125.154|walker_max=134.250
STEP|n=190500000|unique=4279195|accepted=29031597|rate=109977.8/s|walker_min=94.724|walker_med=121.809|walker_max=134.307
STEP|n=190600000|unique=4284284|accepted=29036686|rate=109984.1/s|walker_min=82.362|walker_med=117.490|walker_max=132.623
STEP|n=190700000|unique=4289242|accepted=29041644|rate=109990.2/s|walker_min=68.378|walker_med=123.226|walker_max=134.296
STEP|n=190800000|unique=4293823|accepted=29046225|rate=109995.9/s|walker_min=77.560|walker_med=120.734|walker_max=134.296
STEP|n=190900000|unique=4299736|accepted=29052138|rate=110002.5/s|walker_min=75.300|walker_med=116.453|walker_max=134.146
STEP|n=191000000|unique=4306568|accepted=29058970|rate=110007.8/s|walker_min=57.045|walker_med=100.377|walker_max=125.049
STEP|n=191100000|unique=4313905|accepted=29066307|rate=110006.6/s|walker_min=55.157|walker_med=117.773|walker_max=134.096
STEP|n=191200000|unique=4319880|accepted=29072282|rate=110011.8/s|walker_min=92.632|walker_med=120.322|walker_max=133.965
STEP|n=191300000|unique=4325938|accepted=29078340|rate=110017.2/s|walker_min=85.967|walker_med=122.651|walker_max=134.304
STEP|n=191400000|unique=4330991|accepted=29083393|rate=110023.6/s|walker_min=82.581|walker_med=123.695|walker_max=134.212
STEP|n=191500000|unique=4336042|accepted=29088444|rate=110030.9/s|walker_min=69.993|walker_med=124.748|walker_max=134.229
STEP|n=191600000|unique=4340684|accepted=29093086|rate=110038.2/s|walker_min=97.236|walker_med=124.380|walker_max=134.241
STEP|n=191700000|unique=4345175|accepted=29097577|rate=110046.2/s|walker_min=85.002|walker_med=126.534|walker_max=132.058
STEP|n=191800000|unique=4349782|accepted=29102184|rate=110054.1/s|walker_min=89.242|walker_med=127.472|walker_max=134.128
STEP|n=191900000|unique=4354534|accepted=29106936|rate=110062.2/s|walker_min=97.627|walker_med=123.496|walker_max=133.608
STEP|n=192000000|unique=4358803|accepted=29111205|rate=110070.8/s|walker_min=93.667|walker_med=124.704|walker_max=134.186
STEP|n=192100000|unique=4363019|accepted=29115421|rate=110079.9/s|walker_min=109.624|walker_med=124.213|walker_max=134.179
STEP|n=192200000|unique=4367578|accepted=29119980|rate=110088.6/s|walker_min=88.924|walker_med=121.045|walker_max=133.955
STEP|n=192300000|unique=4372300|accepted=29124702|rate=110096.8/s|walker_min=87.087|walker_med=129.666|walker_max=134.240
STEP|n=192400000|unique=4376663|accepted=29129065|rate=110104.6/s|walker_min=99.094|walker_med=126.494|walker_max=132.754
STEP|n=192500000|unique=4381093|accepted=29133495|rate=110112.4/s|walker_min=99.105|walker_med=123.294|walker_max=134.163
STEP|n=192600000|unique=4386292|accepted=29138694|rate=110120.5/s|walker_min=88.368|walker_med=119.451|walker_max=134.045
STEP|n=192700000|unique=4391652|accepted=29144054|rate=110128.7/s|walker_min=81.463|walker_med=120.461|walker_max=133.922
STEP|n=192800000|unique=4396793|accepted=29149195|rate=110136.9/s|walker_min=67.355|walker_med=123.219|walker_max=133.233
STEP|n=192900000|unique=4402676|accepted=29155078|rate=110142.6/s|walker_min=77.341|walker_med=121.143|walker_max=131.229
STEP|n=193000000|unique=4410291|accepted=29162693|rate=110145.9/s|walker_min=67.223|walker_med=109.219|walker_max=128.880
STEP|n=193100000|unique=4417569|accepted=29169971|rate=110149.3/s|walker_min=66.217|walker_med=117.353|walker_max=132.375
STEP|n=193200000|unique=4423498|accepted=29175900|rate=110155.6/s|walker_min=79.162|walker_med=122.239|walker_max=134.013
STEP|n=193300000|unique=4429023|accepted=29181425|rate=110161.6/s|walker_min=92.372|walker_med=121.777|walker_max=134.054
STEP|n=193400000|unique=4434087|accepted=29186489|rate=110168.5/s|walker_min=97.541|walker_med=120.529|walker_max=134.279
STEP|n=193500000|unique=4438839|accepted=29191241|rate=110174.5/s|walker_min=90.507|walker_med=121.608|walker_max=133.440
STEP|n=193600000|unique=4443543|accepted=29195945|rate=110174.6/s|walker_min=91.180|walker_med=120.905|walker_max=134.071
STEP|n=193700000|unique=4448362|accepted=29200764|rate=110181.2/s|walker_min=85.640|walker_med=123.829|walker_max=134.245
STEP|n=193800000|unique=4453158|accepted=29205560|rate=110188.8/s|walker_min=86.377|walker_med=123.588|walker_max=132.687
STEP|n=193900000|unique=4457590|accepted=29209992|rate=110196.8/s|walker_min=117.267|walker_med=129.673|walker_max=134.223
STEP|n=194000000|unique=4462169|accepted=29214571|rate=110204.1/s|walker_min=84.951|walker_med=126.847|walker_max=134.294
STEP|n=194100000|unique=4466448|accepted=29218850|rate=110210.4/s|walker_min=107.153|walker_med=125.536|walker_max=133.719
STEP|n=194200000|unique=4470962|accepted=29223364|rate=110216.7/s|walker_min=96.341|walker_med=125.552|walker_max=133.971
STEP|n=194300000|unique=4475675|accepted=29228077|rate=110223.5/s|walker_min=92.875|walker_med=125.385|walker_max=133.647
STEP|n=194400000|unique=4479865|accepted=29232267|rate=110231.3/s|walker_min=91.267|walker_med=123.533|walker_max=134.176
STEP|n=194500000|unique=4484445|accepted=29236847|rate=110238.6/s|walker_min=86.225|walker_med=124.426|walker_max=134.249
STEP|n=194600000|unique=4489476|accepted=29241878|rate=110244.9/s|walker_min=96.776|walker_med=123.090|walker_max=133.811
STEP|n=194700000|unique=4494270|accepted=29246672|rate=110250.9/s|walker_min=86.941|walker_med=118.904|walker_max=131.379
STEP|n=194800000|unique=4499609|accepted=29252011|rate=110256.5/s|walker_min=81.304|walker_med=122.692|walker_max=133.965
STEP|n=194900000|unique=4505678|accepted=29258080|rate=110259.9/s|walker_min=88.386|walker_med=121.809|walker_max=133.965
STEP|n=195000000|unique=4512338|accepted=29264740|rate=110263.2/s|walker_min=60.262|walker_med=107.884|walker_max=133.629
STEP|n=195100000|unique=4519712|accepted=29272114|rate=110266.1/s|walker_min=80.737|walker_med=121.433|walker_max=134.286
STEP|n=195200000|unique=4525273|accepted=29277675|rate=110272.1/s|walker_min=88.521|walker_med=120.335|walker_max=133.890
STEP|n=195300000|unique=4530545|accepted=29282947|rate=110278.9/s|walker_min=89.724|walker_med=123.059|walker_max=134.229
STEP|n=195400000|unique=4535216|accepted=29287618|rate=110285.6/s|walker_min=75.121|walker_med=118.358|walker_max=133.028
STEP|n=195500000|unique=4539967|accepted=29292369|rate=110291.2/s|walker_min=93.845|walker_med=122.335|walker_max=133.798
STEP|n=195600000|unique=4544652|accepted=29297054|rate=110296.9/s|walker_min=56.471|walker_med=127.498|walker_max=134.279
STEP|n=195700000|unique=4548995|accepted=29301397|rate=110303.5/s|walker_min=75.330|walker_med=126.786|walker_max=133.783
STEP|n=195800000|unique=4553492|accepted=29305894|rate=110310.5/s|walker_min=99.378|walker_med=123.680|walker_max=133.826
STEP|n=195900000|unique=4557669|accepted=29310071|rate=110317.1/s|walker_min=83.383|walker_med=125.910|walker_max=133.980
STEP|n=196000000|unique=4562070|accepted=29314472|rate=110323.0/s|walker_min=92.990|walker_med=124.289|walker_max=134.049
STEP|n=196100000|unique=4566179|accepted=29318581|rate=110330.2/s|walker_min=94.181|walker_med=122.100|walker_max=134.007
STEP|n=196200000|unique=4570597|accepted=29322999|rate=110337.4/s|walker_min=84.061|walker_med=122.963|walker_max=134.217
STEP|n=196300000|unique=4574999|accepted=29327401|rate=110338.0/s|walker_min=86.454|walker_med=125.420|walker_max=133.859
STEP|n=196400000|unique=4579377|accepted=29331779|rate=110344.3/s|walker_min=97.191|walker_med=126.214|walker_max=133.867
STEP|n=196500000|unique=4583478|accepted=29335880|rate=110350.8/s|walker_min=107.567|walker_med=128.291|walker_max=134.011
STEP|n=196600000|unique=4588161|accepted=29340563|rate=110356.7/s|walker_min=98.529|walker_med=122.647|walker_max=133.913
STEP|n=196700000|unique=4593098|accepted=29345500|rate=110362.1/s|walker_min=82.877|walker_med=118.936|walker_max=134.223
STEP|n=196800000|unique=4598191|accepted=29350593|rate=110367.4/s|walker_min=73.923|walker_med=119.123|walker_max=134.135
STEP|n=196900000|unique=4604087|accepted=29356489|rate=110373.0/s|walker_min=67.324|walker_med=108.443|walker_max=132.867
STEP|n=197000000|unique=4611299|accepted=29363701|rate=110377.0/s|walker_min=56.796|walker_med=90.886|walker_max=129.614
STEP|n=197100000|unique=4618826|accepted=29371228|rate=110380.3/s|walker_min=49.843|walker_med=115.624|walker_max=132.495
STEP|n=197200000|unique=4625129|accepted=29377531|rate=110384.4/s|walker_min=89.509|walker_med=115.978|walker_max=134.111
STEP|n=197300000|unique=4630297|accepted=29382699|rate=110389.6/s|walker_min=97.431|walker_med=124.904|walker_max=134.084
STEP|n=197400000|unique=4635191|accepted=29387593|rate=110395.6/s|walker_min=87.168|walker_med=121.131|walker_max=134.182
STEP|n=197500000|unique=4640203|accepted=29392605|rate=110402.5/s|walker_min=91.831|walker_med=124.180|walker_max=133.629
STEP|n=197600000|unique=4644830|accepted=29397232|rate=110409.5/s|walker_min=75.564|walker_med=123.305|walker_max=134.270
STEP|n=197700000|unique=4649309|accepted=29401711|rate=110415.5/s|walker_min=91.392|walker_med=127.523|walker_max=134.112
STEP|n=197800000|unique=4653561|accepted=29405963|rate=110421.4/s|walker_min=94.816|walker_med=126.809|walker_max=134.131
STEP|n=197900000|unique=4657772|accepted=29410174|rate=110427.6/s|walker_min=100.598|walker_med=124.705|walker_max=133.920
STEP|n=198000000|unique=4662060|accepted=29414462|rate=110433.9/s|walker_min=109.816|walker_med=126.331|walker_max=134.200
STEP|n=198100000|unique=4666400|accepted=29418802|rate=110439.6/s|walker_min=89.655|walker_med=126.263|walker_max=133.693
STEP|n=198200000|unique=4671222|accepted=29423624|rate=110445.0/s|walker_min=91.771|walker_med=118.793|walker_max=132.959
STEP|n=198300000|unique=4675647|accepted=29428049|rate=110452.1/s|walker_min=102.092|walker_med=126.264|walker_max=133.345
STEP|n=198400000|unique=4680073|accepted=29432475|rate=110459.5/s|walker_min=91.233|walker_med=124.007|walker_max=134.198
STEP|n=198500000|unique=4684826|accepted=29437228|rate=110466.7/s|walker_min=105.420|walker_med=123.023|walker_max=133.562
STEP|n=198600000|unique=4689528|accepted=29441930|rate=110472.5/s|walker_min=76.057|walker_med=126.668|walker_max=133.855
STEP|n=198700000|unique=4694175|accepted=29446577|rate=110477.2/s|walker_min=87.461|walker_med=124.474|walker_max=133.904
STEP|n=198800000|unique=4699778|accepted=29452180|rate=110482.1/s|walker_min=88.712|walker_med=126.055|walker_max=134.122
STEP|n=198900000|unique=4705659|accepted=29458061|rate=110487.8/s|walker_min=55.309|walker_med=113.334|walker_max=133.180
STEP|n=199000000|unique=4712618|accepted=29465020|rate=110485.0/s|walker_min=56.875|walker_med=97.042|walker_max=130.972
STEP|n=199100000|unique=4719928|accepted=29472330|rate=110487.9/s|walker_min=63.182|walker_med=122.001|walker_max=133.627
STEP|n=199200000|unique=4726357|accepted=29478759|rate=110492.8/s|walker_min=83.829|walker_med=118.730|walker_max=133.545
STEP|n=199300000|unique=4731768|accepted=29484170|rate=110498.6/s|walker_min=82.736|walker_med=120.816|walker_max=134.170
STEP|n=199400000|unique=4736780|accepted=29489182|rate=110503.9/s|walker_min=82.783|walker_med=123.869|walker_max=134.265
STEP|n=199500000|unique=4741298|accepted=29493700|rate=110509.3/s|walker_min=72.532|walker_med=128.086|walker_max=134.290
STEP|n=199600000|unique=4745974|accepted=29498376|rate=110514.9/s|walker_min=86.662|walker_med=126.446|walker_max=133.876
STEP|n=199700000|unique=4750570|accepted=29502972|rate=110521.3/s|walker_min=98.168|walker_med=124.365|walker_max=134.166
STEP|n=199800000|unique=4754934|accepted=29507336|rate=110528.1/s|walker_min=106.218|walker_med=126.399|walker_max=134.173
STEP|n=199900000|unique=4759105|accepted=29511507|rate=110534.7/s|walker_min=98.847|walker_med=122.845|walker_max=134.308
STEP|n=200000000|unique=4763379|accepted=29515781|rate=110540.7/s|walker_min=97.819|walker_med=128.309|walker_max=133.670
CHECKPOINT|step=200000000|unique=4763379|saved=3000000|min=46.3601|max=126.566
STEP|n=200100000|unique=4767666|accepted=29520068|rate=110081.7/s|walker_min=88.221|walker_med=123.680|walker_max=134.088
STEP|n=200200000|unique=4771886|accepted=29524288|rate=110087.4/s|walker_min=83.557|walker_med=124.688|walker_max=134.206
STEP|n=200300000|unique=4776497|accepted=29528899|rate=110093.0/s|walker_min=93.290|walker_med=123.547|walker_max=133.791
STEP|n=200400000|unique=4781251|accepted=29533653|rate=110098.8/s|walker_min=71.889|walker_med=121.380|walker_max=134.211
STEP|n=200500000|unique=4785954|accepted=29538356|rate=110104.7/s|walker_min=78.045|walker_med=123.666|walker_max=134.264
STEP|n=200600000|unique=4790384|accepted=29542786|rate=110110.8/s|walker_min=82.289|walker_med=121.701|walker_max=133.641
STEP|n=200700000|unique=4795521|accepted=29547923|rate=110116.3/s|walker_min=78.679|walker_med=123.709|walker_max=134.256
STEP|n=200800000|unique=4800600|accepted=29553002|rate=110121.6/s|walker_min=89.250|walker_med=116.737|walker_max=134.094
STEP|n=200900000|unique=4806326|accepted=29558728|rate=110126.3/s|walker_min=60.429|walker_med=118.127|walker_max=133.994
STEP|n=201000000|unique=4813363|accepted=29565765|rate=110129.3/s|walker_min=60.278|walker_med=106.825|walker_max=132.438
STEP|n=201100000|unique=4821153|accepted=29573555|rate=110131.5/s|walker_min=64.511|walker_med=113.654|walker_max=134.023
STEP|n=201200000|unique=4827116|accepted=29579518|rate=110136.2/s|walker_min=91.276|walker_med=123.956|walker_max=134.217
STEP|n=201300000|unique=4832302|accepted=29584704|rate=110141.7/s|walker_min=78.253|walker_med=116.911|walker_max=133.405
STEP|n=201400000|unique=4837205|accepted=29589607|rate=110146.9/s|walker_min=85.541|walker_med=123.365|walker_max=134.280
STEP|n=201500000|unique=4841780|accepted=29594182|rate=110152.5/s|walker_min=79.700|walker_med=126.392|walker_max=134.174
STEP|n=201600000|unique=4846210|accepted=29598612|rate=110158.8/s|walker_min=83.411|walker_med=126.046|walker_max=134.294
STEP|n=201700000|unique=4850614|accepted=29603016|rate=110164.6/s|walker_min=82.424|walker_med=125.620|walker_max=134.233
STEP|n=201800000|unique=4855057|accepted=29607459|rate=110170.6/s|walker_min=97.993|walker_med=125.745|walker_max=134.018
STEP|n=201900000|unique=4859595|accepted=29611997|rate=110176.5/s|walker_min=102.640|walker_med=123.509|walker_max=131.653
STEP|n=202000000|unique=4864185|accepted=29616587|rate=110182.2/s|walker_min=98.106|walker_med=123.086|walker_max=134.227
STEP|n=202100000|unique=4868120|accepted=29620522|rate=110188.4/s|walker_min=113.826|walker_med=126.073|walker_max=134.016
STEP|n=202200000|unique=4872142|accepted=29624544|rate=110194.9/s|walker_min=100.742|walker_med=127.117|walker_max=134.239
STEP|n=202300000|unique=4876232|accepted=29628634|rate=110201.0/s|walker_min=89.281|walker_med=124.432|walker_max=133.676
STEP|n=202400000|unique=4880637|accepted=29633039|rate=110206.9/s|walker_min=84.641|walker_med=123.436|walker_max=133.828
STEP|n=202500000|unique=4884889|accepted=29637291|rate=110212.2/s|walker_min=78.833|walker_med=120.399|walker_max=134.138
STEP|n=202600000|unique=4889522|accepted=29641924|rate=110217.7/s|walker_min=68.718|walker_med=123.280|walker_max=133.964
STEP|n=202700000|unique=4894575|accepted=29646977|rate=110222.7/s|walker_min=58.593|walker_med=126.100|walker_max=134.003
STEP|n=202800000|unique=4899912|accepted=29652314|rate=110221.5/s|walker_min=90.682|walker_med=118.137|walker_max=133.546
STEP|n=202900000|unique=4906115|accepted=29658517|rate=110225.6/s|walker_min=69.982|walker_med=117.394|walker_max=133.966
STEP|n=203000000|unique=4913668|accepted=29666070|rate=110228.5/s|walker_min=66.928|walker_med=102.475|walker_max=129.536
STEP|n=203100000|unique=4921269|accepted=29673671|rate=110231.0/s|walker_min=70.595|walker_med=110.531|walker_max=132.477
STEP|n=203200000|unique=4927107|accepted=29679509|rate=110235.6/s|walker_min=82.354|walker_med=121.075|walker_max=133.632
STEP|n=203300000|unique=4932222|accepted=29684624|rate=110241.3/s|walker_min=89.778|walker_med=120.112|walker_max=134.044
STEP|n=203400000|unique=4937128|accepted=29689530|rate=110246.8/s|walker_min=91.371|walker_med=124.077|walker_max=134.108
STEP|n=203500000|unique=4941902|accepted=29694304|rate=110252.4/s|walker_min=93.651|walker_med=127.399|walker_max=133.756
STEP|n=203600000|unique=4946765|accepted=29699167|rate=110257.7/s|walker_min=101.275|walker_med=125.234|walker_max=133.536
STEP|n=203700000|unique=4951140|accepted=29703542|rate=110263.4/s|walker_min=94.101|walker_med=124.932|walker_max=133.889
STEP|n=203800000|unique=4955528|accepted=29707930|rate=110269.1/s|walker_min=86.174|walker_med=126.700|walker_max=134.254
STEP|n=203900000|unique=4959782|accepted=29712184|rate=110275.5/s|walker_min=75.194|walker_med=129.862|walker_max=134.097
STEP|n=204000000|unique=4964318|accepted=29716720|rate=110281.3/s|walker_min=97.075|walker_med=123.458|walker_max=133.954
STEP|n=204100000|unique=4968534|accepted=29720936|rate=110287.1/s|walker_min=87.320|walker_med=126.436|walker_max=134.072
STEP|n=204200000|unique=4973118|accepted=29725520|rate=110292.7/s|walker_min=87.549|walker_med=123.549|walker_max=134.074
STEP|n=204300000|unique=4977633|accepted=29730035|rate=110298.1/s|walker_min=81.418|walker_med=125.245|walker_max=133.913
STEP|n=204400000|unique=4981717|accepted=29734119|rate=110304.2/s|walker_min=100.268|walker_med=123.738|walker_max=134.178
STEP|n=204500000|unique=4986220|accepted=29738622|rate=110310.0/s|walker_min=93.488|walker_med=126.828|walker_max=134.228
STEP|n=204600000|unique=4991072|accepted=29743474|rate=110315.4/s|walker_min=96.264|walker_med=121.533|walker_max=133.069
STEP|n=204700000|unique=4996126|accepted=29748528|rate=110320.5/s|walker_min=78.277|walker_med=119.028|walker_max=134.137
STEP|n=204800000|unique=5001549|accepted=29753951|rate=110325.3/s|walker_min=51.497|walker_med=118.227|walker_max=133.402
STEP|n=204900000|unique=5007327|accepted=29759729|rate=110330.0/s|walker_min=87.517|walker_med=115.482|walker_max=133.778
STEP|n=205000000|unique=5014518|accepted=29766920|rate=110333.3/s|walker_min=65.646|walker_med=100.570|walker_max=132.466
STEP|n=205100000|unique=5021630|accepted=29774032|rate=110335.7/s|walker_min=69.490|walker_med=113.614|walker_max=134.057
STEP|n=205200000|unique=5027831|accepted=29780233|rate=110340.0/s|walker_min=77.284|walker_med=118.756|walker_max=134.170
STEP|n=205300000|unique=5032705|accepted=29785107|rate=110339.0/s|walker_min=88.847|walker_med=120.296|walker_max=134.251
STEP|n=205400000|unique=5037972|accepted=29790374|rate=110343.6/s|walker_min=88.580|walker_med=122.848|walker_max=134.272
STEP|n=205500000|unique=5042824|accepted=29795226|rate=110349.3/s|walker_min=100.459|walker_med=124.809|walker_max=134.285
STEP|n=205600000|unique=5047478|accepted=29799880|rate=110355.1/s|walker_min=95.088|walker_med=121.946|walker_max=134.275
STEP|n=205700000|unique=5052241|accepted=29804643|rate=110361.0/s|walker_min=91.836|walker_med=124.210|walker_max=133.909
STEP|n=205800000|unique=5056597|accepted=29808999|rate=110366.4/s|walker_min=89.500|walker_med=124.766|walker_max=133.852
STEP|n=205900000|unique=5060747|accepted=29813149|rate=110372.3/s|walker_min=83.090|walker_med=121.562|walker_max=134.181
STEP|n=206000000|unique=5064900|accepted=29817302|rate=110378.1/s|walker_min=87.264|walker_med=127.375|walker_max=133.742
STEP|n=206100000|unique=5069250|accepted=29821652|rate=110383.8/s|walker_min=111.456|walker_med=125.750|walker_max=133.938
STEP|n=206200000|unique=5073790|accepted=29826192|rate=110389.6/s|walker_min=90.746|walker_med=124.175|walker_max=132.339
STEP|n=206300000|unique=5078192|accepted=29830594|rate=110395.3/s|walker_min=98.884|walker_med=128.794|walker_max=133.508
STEP|n=206400000|unique=5082436|accepted=29834838|rate=110400.9/s|walker_min=105.781|walker_med=122.975|walker_max=133.429
STEP|n=206500000|unique=5087190|accepted=29839592|rate=110406.2/s|walker_min=92.111|walker_med=123.339|walker_max=134.284
STEP|n=206600000|unique=5091893|accepted=29844295|rate=110411.7/s|walker_min=90.522|walker_med=124.553|walker_max=134.152
STEP|n=206700000|unique=5096944|accepted=29849346|rate=110417.1/s|walker_min=96.651|walker_med=119.119|walker_max=132.908
STEP|n=206800000|unique=5102240|accepted=29854642|rate=110421.9/s|walker_min=87.440|walker_med=119.247|walker_max=132.434
STEP|n=206900000|unique=5107826|accepted=29860228|rate=110426.5/s|walker_min=87.325|walker_med=111.493|walker_max=133.487
STEP|n=207000000|unique=5114108|accepted=29866510|rate=110429.5/s|walker_min=54.930|walker_med=98.708|walker_max=132.187
STEP|n=207100000|unique=5120757|accepted=29873159|rate=110432.4/s|walker_min=71.712|walker_med=114.387|walker_max=133.563
STEP|n=207200000|unique=5126448|accepted=29878850|rate=110437.2/s|walker_min=96.659|walker_med=113.429|walker_max=132.371
STEP|n=207300000|unique=5131666|accepted=29884068|rate=110442.7/s|walker_min=76.859|walker_med=121.090|walker_max=133.695
STEP|n=207400000|unique=5136486|accepted=29888888|rate=110448.1/s|walker_min=82.708|walker_med=125.169|walker_max=133.942
STEP|n=207500000|unique=5141394|accepted=29893796|rate=110453.1/s|walker_min=69.814|walker_med=121.386|walker_max=134.132
STEP|n=207600000|unique=5145969|accepted=29898371|rate=110458.6/s|walker_min=88.676|walker_med=126.628|walker_max=133.658
STEP|n=207700000|unique=5150324|accepted=29902726|rate=110464.1/s|walker_min=102.230|walker_med=125.791|walker_max=134.275
STEP|n=207800000|unique=5154544|accepted=29906946|rate=110469.4/s|walker_min=98.060|walker_med=126.541|walker_max=133.672
STEP|n=207900000|unique=5159173|accepted=29911575|rate=110475.3/s|walker_min=86.424|walker_med=121.293|walker_max=132.293
STEP|n=208000000|unique=5163940|accepted=29916342|rate=110480.5/s|walker_min=102.162|walker_med=126.852|walker_max=134.148
STEP|n=208100000|unique=5168073|accepted=29920475|rate=110479.6/s|walker_min=93.484|walker_med=128.010|walker_max=134.183
STEP|n=208200000|unique=5172477|accepted=29924879|rate=110485.1/s|walker_min=96.721|walker_med=124.281|walker_max=133.630
STEP|n=208300000|unique=5176639|accepted=29929041|rate=110490.9/s|walker_min=106.332|walker_med=127.683|walker_max=134.144
STEP|n=208400000|unique=5181030|accepted=29933432|rate=110496.5/s|walker_min=89.683|walker_med=124.149|walker_max=133.628
STEP|n=208500000|unique=5185453|accepted=29937855|rate=110502.3/s|walker_min=82.179|walker_med=127.192|walker_max=134.020
STEP|n=208600000|unique=5189833|accepted=29942235|rate=110508.1/s|walker_min=92.200|walker_med=126.044|walker_max=134.180
STEP|n=208700000|unique=5194537|accepted=29946939|rate=110507.3/s|walker_min=70.326|walker_med=126.665|walker_max=133.802
STEP|n=208800000|unique=5199688|accepted=29952090|rate=110512.5/s|walker_min=86.399|walker_med=122.510|walker_max=133.390
STEP|n=208900000|unique=5205382|accepted=29957784|rate=110517.2/s|walker_min=56.317|walker_med=117.795|walker_max=131.546
STEP|n=209000000|unique=5212222|accepted=29964624|rate=110520.2/s|walker_min=47.380|walker_med=102.463|walker_max=130.349
STEP|n=209100000|unique=5219233|accepted=29971635|rate=110522.9/s|walker_min=59.659|walker_med=111.724|walker_max=133.911
STEP|n=209200000|unique=5225203|accepted=29977605|rate=110526.8/s|walker_min=85.904|walker_med=120.533|walker_max=132.907
STEP|n=209300000|unique=5230679|accepted=29983081|rate=110531.8/s|walker_min=69.475|walker_med=119.645|walker_max=133.310
STEP|n=209400000|unique=5236114|accepted=29988516|rate=110536.8/s|walker_min=80.264|walker_med=123.877|walker_max=133.313
STEP|n=209500000|unique=5240866|accepted=29993268|rate=110542.0/s|walker_min=89.677|walker_med=123.348|walker_max=134.101
STEP|n=209600000|unique=5245335|accepted=29997737|rate=110547.4/s|walker_min=78.798|walker_med=124.519|walker_max=134.288
STEP|n=209700000|unique=5249987|accepted=30002389|rate=110552.7/s|walker_min=77.745|walker_med=125.729|walker_max=133.733
STEP|n=209800000|unique=5254585|accepted=30006987|rate=110557.9/s|walker_min=104.378|walker_med=127.103|walker_max=134.047
STEP|n=209900000|unique=5259008|accepted=30011410|rate=110563.4/s|walker_min=98.678|walker_med=125.532|walker_max=133.640
STEP|n=210000000|unique=5262986|accepted=30015388|rate=110568.9/s|walker_min=105.026|walker_med=128.070|walker_max=134.284
STEP|n=210100000|unique=5267158|accepted=30019560|rate=110574.5/s|walker_min=97.982|walker_med=122.531|walker_max=133.809
STEP|n=210200000|unique=5271193|accepted=30023595|rate=110580.2/s|walker_min=93.661|walker_med=127.123|walker_max=133.595
STEP|n=210300000|unique=5275515|accepted=30027917|rate=110585.6/s|walker_min=65.106|walker_med=122.179|walker_max=134.117
STEP|n=210400000|unique=5279942|accepted=30032344|rate=110591.0/s|walker_min=73.594|walker_med=123.534|walker_max=132.613
STEP|n=210500000|unique=5284601|accepted=30037003|rate=110595.9/s|walker_min=64.145|walker_med=125.858|walker_max=133.940
STEP|n=210600000|unique=5289514|accepted=30041916|rate=110600.9/s|walker_min=94.219|walker_med=124.895|walker_max=133.549
STEP|n=210700000|unique=5294368|accepted=30046770|rate=110605.8/s|walker_min=82.322|walker_med=122.718|walker_max=133.709
STEP|n=210800000|unique=5299836|accepted=30052238|rate=110610.4/s|walker_min=74.071|walker_med=118.285|walker_max=134.241
STEP|n=210900000|unique=5305561|accepted=30057963|rate=110608.7/s|walker_min=57.695|walker_med=116.772|walker_max=133.733
STEP|n=211000000|unique=5311789|accepted=30064191|rate=110612.5/s|walker_min=66.880|walker_med=103.548|walker_max=132.290
STEP|n=211100000|unique=5318411|accepted=30070813|rate=110615.7/s|walker_min=62.614|walker_med=115.136|walker_max=132.894
STEP|n=211200000|unique=5324183|accepted=30076585|rate=110619.8/s|walker_min=85.802|walker_med=120.808|walker_max=131.796
STEP|n=211300000|unique=5329436|accepted=30081838|rate=110624.4/s|walker_min=74.682|walker_med=120.453|walker_max=134.256
STEP|n=211400000|unique=5334435|accepted=30086837|rate=110629.3/s|walker_min=58.534|walker_med=122.554|walker_max=134.180
STEP|n=211500000|unique=5339056|accepted=30091458|rate=110634.5/s|walker_min=82.544|walker_med=121.765|walker_max=134.026
STEP|n=211600000|unique=5343486|accepted=30095888|rate=110640.0/s|walker_min=88.287|walker_med=127.796|walker_max=134.279
STEP|n=211700000|unique=5347699|accepted=30100101|rate=110645.5/s|walker_min=82.711|walker_med=127.835|walker_max=134.119
STEP|n=211800000|unique=5351951|accepted=30104353|rate=110650.8/s|walker_min=83.507|walker_med=126.312|walker_max=134.222
STEP|n=211900000|unique=5356104|accepted=30108506|rate=110656.3/s|walker_min=88.431|walker_med=126.025|walker_max=134.214
STEP|n=212000000|unique=5360357|accepted=30112759|rate=110661.7/s|walker_min=102.515|walker_med=126.264|walker_max=133.620
STEP|n=212100000|unique=5364624|accepted=30117026|rate=110667.1/s|walker_min=89.400|walker_med=125.291|walker_max=133.725
STEP|n=212200000|unique=5369054|accepted=30121456|rate=110672.6/s|walker_min=94.224|walker_med=127.144|walker_max=133.932
STEP|n=212300000|unique=5373429|accepted=30125831|rate=110677.9/s|walker_min=86.598|walker_med=124.947|walker_max=134.176
STEP|n=212400000|unique=5377750|accepted=30130152|rate=110683.2/s|walker_min=88.621|walker_med=126.600|walker_max=134.122
STEP|n=212500000|unique=5382035|accepted=30134437|rate=110688.6/s|walker_min=47.324|walker_med=124.275|walker_max=134.122
STEP|n=212600000|unique=5386686|accepted=30139088|rate=110693.8/s|walker_min=89.362|walker_med=121.710|walker_max=134.002
STEP|n=212700000|unique=5391365|accepted=30143767|rate=110698.7/s|walker_min=90.402|walker_med=125.229|walker_max=134.140
STEP|n=212800000|unique=5396150|accepted=30148552|rate=110704.0/s|walker_min=95.156|walker_med=113.348|walker_max=134.215
STEP|n=212900000|unique=5401748|accepted=30154150|rate=110708.5/s|walker_min=57.504|walker_med=115.224|walker_max=134.283
STEP|n=213000000|unique=5408468|accepted=30160870|rate=110710.8/s|walker_min=52.679|walker_med=102.669|walker_max=133.223
STEP|n=213100000|unique=5415337|accepted=30167739|rate=110713.6/s|walker_min=54.930|walker_med=116.824|walker_max=134.126
STEP|n=213200000|unique=5421095|accepted=30173497|rate=110717.3/s|walker_min=69.927|walker_med=121.242|walker_max=134.225
STEP|n=213300000|unique=5426339|accepted=30178741|rate=110722.3/s|walker_min=85.079|walker_med=124.458|walker_max=134.186
STEP|n=213400000|unique=5431275|accepted=30183677|rate=110727.3/s|walker_min=97.321|walker_med=121.066|walker_max=133.157
STEP|n=213500000|unique=5436323|accepted=30188725|rate=110725.9/s|walker_min=98.587|walker_med=126.086|walker_max=134.178
STEP|n=213600000|unique=5440783|accepted=30193185|rate=110730.9/s|walker_min=84.621|walker_med=126.741|walker_max=134.287
STEP|n=213700000|unique=5445094|accepted=30197496|rate=110736.1/s|walker_min=102.045|walker_med=125.471|walker_max=134.249
STEP|n=213800000|unique=5449371|accepted=30201773|rate=110741.3/s|walker_min=97.574|walker_med=127.267|walker_max=133.798
STEP|n=213900000|unique=5453854|accepted=30206256|rate=110746.7/s|walker_min=95.108|walker_med=124.552|walker_max=133.940
STEP|n=214000000|unique=5458323|accepted=30210725|rate=110752.3/s|walker_min=92.622|walker_med=123.153|walker_max=133.003
STEP|n=214100000|unique=5462791|accepted=30215193|rate=110757.6/s|walker_min=94.878|walker_med=122.214|walker_max=134.187
STEP|n=214200000|unique=5467278|accepted=30219680|rate=110762.9/s|walker_min=94.622|walker_med=124.037|walker_max=133.023
STEP|n=214300000|unique=5471664|accepted=30224066|rate=110768.1/s|walker_min=93.205|walker_med=124.477|walker_max=134.199
STEP|n=214400000|unique=5476174|accepted=30228576|rate=110773.3/s|walker_min=90.042|walker_med=121.888|walker_max=134.293
STEP|n=214500000|unique=5480636|accepted=30233038|rate=110778.9/s|walker_min=95.068|walker_med=125.815|walker_max=134.269
STEP|n=214600000|unique=5484976|accepted=30237378|rate=110784.5/s|walker_min=91.456|walker_med=123.156|walker_max=134.274
STEP|n=214700000|unique=5489550|accepted=30241952|rate=110789.6/s|walker_min=66.642|walker_med=124.436|walker_max=134.240
STEP|n=214800000|unique=5494779|accepted=30247181|rate=110794.5/s|walker_min=63.794|walker_med=118.015|walker_max=133.696
STEP|n=214900000|unique=5500113|accepted=30252515|rate=110799.2/s|walker_min=74.447|walker_med=120.048|walker_max=132.160
STEP|n=215000000|unique=5506690|accepted=30259092|rate=110802.6/s|walker_min=55.941|walker_med=105.172|walker_max=129.480
STEP|n=215100000|unique=5513045|accepted=30265447|rate=110805.7/s|walker_min=77.224|walker_med=115.435|walker_max=132.684
STEP|n=215200000|unique=5518819|accepted=30271221|rate=110809.8/s|walker_min=79.701|walker_med=118.101|walker_max=133.838
STEP|n=215300000|unique=5523862|accepted=30276264|rate=110814.5/s|walker_min=87.836|walker_med=124.574|walker_max=134.136
STEP|n=215400000|unique=5528542|accepted=30280944|rate=110819.6/s|walker_min=76.304|walker_med=119.422|walker_max=133.915
STEP|n=215500000|unique=5533166|accepted=30285568|rate=110824.7/s|walker_min=97.815|walker_med=121.096|walker_max=134.216
STEP|n=215600000|unique=5537743|accepted=30290145|rate=110830.3/s|walker_min=82.260|walker_med=126.727|walker_max=133.711
STEP|n=215700000|unique=5542500|accepted=30294902|rate=110835.8/s|walker_min=88.181|walker_med=123.905|walker_max=133.972
STEP|n=215800000|unique=5546970|accepted=30299372|rate=110841.1/s|walker_min=86.546|walker_med=127.905|walker_max=134.185
STEP|n=215900000|unique=5551091|accepted=30303493|rate=110846.4/s|walker_min=77.887|walker_med=127.234|walker_max=134.056
STEP|n=216000000|unique=5555348|accepted=30307750|rate=110850.9/s|walker_min=100.115|walker_med=127.435|walker_max=133.290
STEP|n=216100000|unique=5559421|accepted=30311823|rate=110856.3/s|walker_min=77.458|walker_med=128.090|walker_max=133.967
STEP|n=216200000|unique=5563694|accepted=30316096|rate=110862.1/s|walker_min=100.874|walker_med=124.905|walker_max=134.014
STEP|n=216300000|unique=5568088|accepted=30320490|rate=110861.4/s|walker_min=78.976|walker_med=125.085|walker_max=134.154
STEP|n=216400000|unique=5572510|accepted=30324912|rate=110866.5/s|walker_min=89.261|walker_med=125.766|walker_max=133.597
STEP|n=216500000|unique=5577077|accepted=30329479|rate=110871.4/s|walker_min=91.290|walker_med=124.722|walker_max=133.969
STEP|n=216600000|unique=5581702|accepted=30334104|rate=110876.5/s|walker_min=81.228|walker_med=122.714|walker_max=133.399
STEP|n=216700000|unique=5586469|accepted=30338871|rate=110881.9/s|walker_min=93.465|walker_med=122.634|walker_max=134.188
STEP|n=216800000|unique=5591711|accepted=30344113|rate=110887.0/s|walker_min=56.825|walker_med=121.237|walker_max=133.242
STEP|n=216900000|unique=5597169|accepted=30349571|rate=110885.8/s|walker_min=70.544|walker_med=123.133|walker_max=134.224
STEP|n=217000000|unique=5603500|accepted=30355902|rate=110890.1/s|walker_min=53.117|walker_med=105.654|walker_max=132.236
STEP|n=217100000|unique=5610166|accepted=30362568|rate=110893.8/s|walker_min=56.887|walker_med=109.661|walker_max=134.250
STEP|n=217200000|unique=5615671|accepted=30368073|rate=110898.5/s|walker_min=75.605|walker_med=123.426|walker_max=133.983
STEP|n=217300000|unique=5620832|accepted=30373234|rate=110903.3/s|walker_min=90.185|walker_med=122.262|walker_max=132.556
STEP|n=217400000|unique=5625801|accepted=30378203|rate=110908.3/s|walker_min=73.350|walker_med=116.263|walker_max=133.917
STEP|n=217500000|unique=5630453|accepted=30382855|rate=110914.9/s|walker_min=90.771|walker_med=124.425|walker_max=133.314
STEP|n=217600000|unique=5635182|accepted=30387584|rate=110921.4/s|walker_min=78.572|walker_med=124.894|walker_max=133.101
STEP|n=217700000|unique=5639515|accepted=30391917|rate=110927.8/s|walker_min=84.562|walker_med=124.348|walker_max=134.204
STEP|n=217800000|unique=5643815|accepted=30396217|rate=110933.1/s|walker_min=86.146|walker_med=124.055|walker_max=134.167
STEP|n=217900000|unique=5648165|accepted=30400567|rate=110938.8/s|walker_min=83.001|walker_med=122.391|walker_max=134.043
STEP|n=218000000|unique=5652276|accepted=30404678|rate=110944.4/s|walker_min=100.333|walker_med=124.020|walker_max=133.755
STEP|n=218100000|unique=5656188|accepted=30408590|rate=110951.2/s|walker_min=107.020|walker_med=124.273|walker_max=134.293
STEP|n=218200000|unique=5660350|accepted=30412752|rate=110957.7/s|walker_min=88.721|walker_med=126.454|walker_max=134.223
STEP|n=218300000|unique=5664754|accepted=30417156|rate=110963.8/s|walker_min=87.262|walker_med=122.168|walker_max=133.651
STEP|n=218400000|unique=5668751|accepted=30421153|rate=110969.1/s|walker_min=100.474|walker_med=124.143|walker_max=134.022
STEP|n=218500000|unique=5673335|accepted=30425737|rate=110974.3/s|walker_min=89.784|walker_med=123.725|walker_max=134.211
STEP|n=218600000|unique=5677751|accepted=30430153|rate=110980.3/s|walker_min=88.396|walker_med=127.691|walker_max=134.214
STEP|n=218700000|unique=5682480|accepted=30434882|rate=110986.8/s|walker_min=92.162|walker_med=120.984|walker_max=133.915
STEP|n=218800000|unique=5687661|accepted=30440063|rate=110992.6/s|walker_min=62.164|walker_med=118.599|walker_max=134.245
STEP|n=218900000|unique=5693584|accepted=30445986|rate=110997.5/s|walker_min=76.356|walker_med=113.387|walker_max=132.872
STEP|n=219000000|unique=5700399|accepted=30452801|rate=111000.0/s|walker_min=81.634|walker_med=102.355|walker_max=130.463
STEP|n=219100000|unique=5706912|accepted=30459314|rate=110996.5/s|walker_min=80.146|walker_med=121.491|walker_max=134.086
STEP|n=219200000|unique=5712375|accepted=30464777|rate=111001.8/s|walker_min=87.724|walker_med=111.873|walker_max=127.940
STEP|n=219300000|unique=5717674|accepted=30470076|rate=111007.5/s|walker_min=90.002|walker_med=122.376|walker_max=134.114
STEP|n=219400000|unique=5722583|accepted=30474985|rate=111014.0/s|walker_min=92.737|walker_med=127.828|walker_max=133.733
STEP|n=219500000|unique=5727127|accepted=30479529|rate=111020.8/s|walker_min=96.018|walker_med=122.266|walker_max=133.469
STEP|n=219600000|unique=5731474|accepted=30483876|rate=111027.5/s|walker_min=103.060|walker_med=122.585|walker_max=134.046
STEP|n=219700000|unique=5736043|accepted=30488445|rate=111034.2/s|walker_min=99.154|walker_med=126.169|walker_max=133.953
STEP|n=219800000|unique=5740103|accepted=30492505|rate=111041.6/s|walker_min=86.316|walker_med=126.440|walker_max=134.165
STEP|n=219900000|unique=5744594|accepted=30496996|rate=111048.8/s|walker_min=89.845|walker_med=125.331|walker_max=133.761
STEP|n=220000000|unique=5748573|accepted=30500975|rate=111054.6/s|walker_min=85.858|walker_med=127.111|walker_max=134.259
STEP|n=220100000|unique=5752670|accepted=30505072|rate=111060.9/s|walker_min=82.797|walker_med=120.738|walker_max=133.437
STEP|n=220200000|unique=5756985|accepted=30509387|rate=111067.1/s|walker_min=94.699|walker_med=124.134|walker_max=133.405
STEP|n=220300000|unique=5761413|accepted=30513815|rate=111073.0/s|walker_min=101.920|walker_med=124.645|walker_max=132.731
STEP|n=220400000|unique=5766049|accepted=30518451|rate=111077.6/s|walker_min=97.555|walker_med=125.227|walker_max=134.198
STEP|n=220500000|unique=5770775|accepted=30523177|rate=111082.2/s|walker_min=81.580|walker_med=121.844|walker_max=133.689
STEP|n=220600000|unique=5775207|accepted=30527609|rate=111087.2/s|walker_min=91.724|walker_med=123.415|walker_max=134.026
STEP|n=220700000|unique=5780020|accepted=30532422|rate=111092.8/s|walker_min=78.740|walker_med=121.843|walker_max=133.969
STEP|n=220800000|unique=5784952|accepted=30537354|rate=111098.5/s|walker_min=66.326|walker_med=118.903|walker_max=133.973
STEP|n=220900000|unique=5790335|accepted=30542737|rate=111103.1/s|walker_min=69.192|walker_med=123.622|walker_max=133.982
STEP|n=221000000|unique=5797035|accepted=30549437|rate=111105.7/s|walker_min=49.560|walker_med=101.303|walker_max=132.085
STEP|n=221100000|unique=5803629|accepted=30556031|rate=111107.9/s|walker_min=49.843|walker_med=116.832|walker_max=131.953
STEP|n=221200000|unique=5809390|accepted=30561792|rate=111112.3/s|walker_min=71.443|walker_med=125.146|walker_max=133.653
STEP|n=221300000|unique=5814216|accepted=30566618|rate=111118.0/s|walker_min=87.444|walker_med=124.109|walker_max=133.078
STEP|n=221400000|unique=5819137|accepted=30571539|rate=111123.3/s|walker_min=94.573|walker_med=123.435|walker_max=133.233
STEP|n=221500000|unique=5824024|accepted=30576426|rate=111128.0/s|walker_min=84.664|walker_med=125.875|walker_max=133.719
STEP|n=221600000|unique=5828465|accepted=30580867|rate=111132.5/s|walker_min=72.346|walker_med=126.132|walker_max=134.095
STEP|n=221700000|unique=5833082|accepted=30585484|rate=111137.9/s|walker_min=99.038|walker_med=125.353|walker_max=133.800
STEP|n=221800000|unique=5837822|accepted=30590224|rate=111137.3/s|walker_min=102.308|walker_med=127.079|walker_max=134.121
STEP|n=221900000|unique=5842305|accepted=30594707|rate=111142.5/s|walker_min=73.347|walker_med=121.622|walker_max=133.861
STEP|n=222000000|unique=5846514|accepted=30598916|rate=111147.2/s|walker_min=76.528|walker_med=123.906|walker_max=134.064
STEP|n=222100000|unique=5850261|accepted=30602663|rate=111153.2/s|walker_min=85.721|walker_med=127.480|walker_max=134.256
STEP|n=222200000|unique=5854288|accepted=30606690|rate=111159.7/s|walker_min=92.612|walker_med=121.555|walker_max=134.096
STEP|n=222300000|unique=5858880|accepted=30611282|rate=111165.9/s|walker_min=102.039|walker_med=123.175|walker_max=133.635
STEP|n=222400000|unique=5863227|accepted=30615629|rate=111171.9/s|walker_min=96.301|walker_med=121.484|walker_max=133.437
STEP|n=222500000|unique=5867434|accepted=30619836|rate=111178.1/s|walker_min=97.647|walker_med=122.043|walker_max=132.625
STEP|n=222600000|unique=5871916|accepted=30624318|rate=111184.0/s|walker_min=96.253|walker_med=122.276|walker_max=133.951
STEP|n=222700000|unique=5876858|accepted=30629260|rate=111190.0/s|walker_min=102.608|walker_med=125.544|walker_max=133.927
STEP|n=222800000|unique=5881766|accepted=30634168|rate=111196.0/s|walker_min=80.725|walker_med=124.803|walker_max=134.074
STEP|n=222900000|unique=5887510|accepted=30639912|rate=111201.1/s|walker_min=47.375|walker_med=106.180|walker_max=132.461
STEP|n=223000000|unique=5894228|accepted=30646630|rate=111205.0/s|walker_min=63.715|walker_med=112.825|walker_max=131.028
STEP|n=223100000|unique=5901263|accepted=30653665|rate=111208.2/s|walker_min=74.088|walker_med=117.488|walker_max=133.978
STEP|n=223200000|unique=5907067|accepted=30659469|rate=111213.7/s|walker_min=82.482|walker_med=121.444|walker_max=134.157
STEP|n=223300000|unique=5912229|accepted=30664631|rate=111219.7/s|walker_min=88.293|walker_med=122.848|walker_max=134.043
STEP|n=223400000|unique=5916926|accepted=30669328|rate=111224.0/s|walker_min=90.821|walker_med=117.961|walker_max=134.122
STEP|n=223500000|unique=5921609|accepted=30674011|rate=111229.6/s|walker_min=79.023|walker_med=126.542|walker_max=132.449
STEP|n=223600000|unique=5926374|accepted=30678776|rate=111235.5/s|walker_min=81.936|walker_med=126.261|walker_max=133.442
STEP|n=223700000|unique=5930880|accepted=30683282|rate=111241.6/s|walker_min=95.480|walker_med=121.062|walker_max=134.091
STEP|n=223800000|unique=5935105|accepted=30687507|rate=111246.8/s|walker_min=84.884|walker_med=122.959|walker_max=133.777
STEP|n=223900000|unique=5939610|accepted=30692012|rate=111251.8/s|walker_min=111.586|walker_med=128.422|walker_max=134.007
STEP|n=224000000|unique=5943643|accepted=30696045|rate=111257.0/s|walker_min=76.708|walker_med=125.966|walker_max=134.294
STEP|n=224100000|unique=5947879|accepted=30700281|rate=111263.1/s|walker_min=101.979|walker_med=124.519|walker_max=133.967
STEP|n=224200000|unique=5952144|accepted=30704546|rate=111269.1/s|walker_min=88.951|walker_med=125.246|walker_max=134.267
STEP|n=224300000|unique=5956149|accepted=30708551|rate=111274.6/s|walker_min=71.135|walker_med=124.901|walker_max=133.446
STEP|n=224400000|unique=5960702|accepted=30713104|rate=111280.4/s|walker_min=108.414|walker_med=123.613|walker_max=133.879
STEP|n=224500000|unique=5964925|accepted=30717327|rate=111286.8/s|walker_min=78.508|walker_med=125.297|walker_max=133.046
STEP|n=224600000|unique=5969302|accepted=30721704|rate=111286.5/s|walker_min=84.663|walker_med=125.779|walker_max=133.287
STEP|n=224700000|unique=5974057|accepted=30726459|rate=111292.8/s|walker_min=86.605|walker_med=120.384|walker_max=132.956
STEP|n=224800000|unique=5979305|accepted=30731707|rate=111298.7/s|walker_min=98.542|walker_med=120.356|walker_max=133.507
STEP|n=224900000|unique=5984671|accepted=30737073|rate=111304.2/s|walker_min=79.467|walker_med=115.855|walker_max=133.453
STEP|n=225000000|unique=5990501|accepted=30742903|rate=111308.9/s|walker_min=50.221|walker_med=108.288|walker_max=132.537
STEP|n=225100000|unique=5996805|accepted=30749207|rate=111313.1/s|walker_min=60.606|walker_med=119.272|walker_max=133.985
STEP|n=225200000|unique=6002061|accepted=30754463|rate=111319.2/s|walker_min=89.915|walker_med=125.067|walker_max=133.844
STEP|n=225300000|unique=6007094|accepted=30759496|rate=111325.8/s|walker_min=95.122|walker_med=118.992|walker_max=134.212
STEP|n=225400000|unique=6011702|accepted=30764104|rate=111332.7/s|walker_min=88.064|walker_med=125.339|walker_max=133.870
STEP|n=225500000|unique=6016016|accepted=30768418|rate=111339.4/s|walker_min=102.066|walker_med=127.585|walker_max=133.843
STEP|n=225600000|unique=6020375|accepted=30772777|rate=111345.7/s|walker_min=92.721|walker_med=125.499|walker_max=133.951
STEP|n=225700000|unique=6024618|accepted=30777020|rate=111352.0/s|walker_min=103.658|walker_med=125.151|walker_max=133.765
STEP|n=225800000|unique=6028815|accepted=30781217|rate=111358.6/s|walker_min=91.153|walker_med=126.027|walker_max=133.583
STEP|n=225900000|unique=6032875|accepted=30785277|rate=111365.4/s|walker_min=92.535|walker_med=127.357|walker_max=134.179
STEP|n=226000000|unique=6036963|accepted=30789365|rate=111372.5/s|walker_min=101.564|walker_med=125.788|walker_max=133.886
STEP|n=226100000|unique=6040819|accepted=30793221|rate=111379.1/s|walker_min=89.992|walker_med=126.724|walker_max=133.819
STEP|n=226200000|unique=6045114|accepted=30797516|rate=111385.7/s|walker_min=109.554|walker_med=127.580|walker_max=134.027
STEP|n=226300000|unique=6049426|accepted=30801828|rate=111391.0/s|walker_min=89.914|walker_med=122.405|walker_max=133.554
STEP|n=226400000|unique=6053963|accepted=30806365|rate=111396.7/s|walker_min=100.894|walker_med=124.883|walker_max=134.006
STEP|n=226500000|unique=6058566|accepted=30810968|rate=111402.7/s|walker_min=98.789|walker_med=123.829|walker_max=133.993
STEP|n=226600000|unique=6062837|accepted=30815239|rate=111409.1/s|walker_min=100.450|walker_med=125.176|walker_max=134.071
STEP|n=226700000|unique=6067687|accepted=30820089|rate=111414.2/s|walker_min=87.731|walker_med=124.203|walker_max=134.132
STEP|n=226800000|unique=6073038|accepted=30825440|rate=111418.4/s|walker_min=69.005|walker_med=118.183|walker_max=134.093
STEP|n=226900000|unique=6078667|accepted=30831069|rate=111421.9/s|walker_min=56.851|walker_med=109.140|walker_max=132.152
STEP|n=227000000|unique=6085720|accepted=30838122|rate=111425.4/s|walker_min=50.461|walker_med=102.198|walker_max=126.743
STEP|n=227100000|unique=6092863|accepted=30845265|rate=111428.4/s|walker_min=79.008|walker_med=114.083|walker_max=133.668
STEP|n=227200000|unique=6098412|accepted=30850814|rate=111433.1/s|walker_min=83.800|walker_med=115.567|walker_max=132.651
STEP|n=227300000|unique=6103309|accepted=30855711|rate=111430.8/s|walker_min=70.077|walker_med=119.571|walker_max=133.993
STEP|n=227400000|unique=6108263|accepted=30860665|rate=111435.2/s|walker_min=96.564|walker_med=123.528|walker_max=134.177
STEP|n=227500000|unique=6113027|accepted=30865429|rate=111439.8/s|walker_min=70.041|walker_med=125.468|walker_max=133.762
STEP|n=227600000|unique=6117405|accepted=30869807|rate=111445.6/s|walker_min=77.345|walker_med=121.953|walker_max=133.757
STEP|n=227700000|unique=6121994|accepted=30874396|rate=111451.3/s|walker_min=99.489|walker_med=125.408|walker_max=133.164
STEP|n=227800000|unique=6126600|accepted=30879002|rate=111456.5/s|walker_min=85.789|walker_med=126.200|walker_max=133.418
STEP|n=227900000|unique=6130920|accepted=30883322|rate=111461.9/s|walker_min=88.192|walker_med=119.513|walker_max=134.290
STEP|n=228000000|unique=6135207|accepted=30887609|rate=111467.5/s|walker_min=88.912|walker_med=122.677|walker_max=134.122
STEP|n=228100000|unique=6139295|accepted=30891697|rate=111472.6/s|walker_min=99.635|walker_med=123.272|walker_max=134.216
STEP|n=228200000|unique=6143426|accepted=30895828|rate=111478.3/s|walker_min=92.552|walker_med=127.497|walker_max=134.299
STEP|n=228300000|unique=6147588|accepted=30899990|rate=111484.1/s|walker_min=98.930|walker_med=126.044|walker_max=134.212
STEP|n=228400000|unique=6151902|accepted=30904304|rate=111489.8/s|walker_min=110.794|walker_med=127.284|walker_max=133.889
STEP|n=228500000|unique=6156611|accepted=30909013|rate=111495.5/s|walker_min=101.066|walker_med=126.270|walker_max=133.340
STEP|n=228600000|unique=6161554|accepted=30913956|rate=111500.8/s|walker_min=93.951|walker_med=122.888|walker_max=133.981
STEP|n=228700000|unique=6166012|accepted=30918414|rate=111506.0/s|walker_min=85.675|walker_med=123.135|walker_max=133.104
STEP|n=228800000|unique=6170946|accepted=30923348|rate=111510.9/s|walker_min=79.822|walker_med=119.586|walker_max=133.706
STEP|n=228900000|unique=6176438|accepted=30928840|rate=111515.9/s|walker_min=61.999|walker_med=116.155|walker_max=133.051
STEP|n=229000000|unique=6182811|accepted=30935213|rate=111519.6/s|walker_min=59.799|walker_med=100.759|walker_max=127.540
STEP|n=229100000|unique=6189970|accepted=30942372|rate=111522.3/s|walker_min=54.159|walker_med=114.157|walker_max=134.310
STEP|n=229200000|unique=6195979|accepted=30948381|rate=111527.0/s|walker_min=74.616|walker_med=121.405|walker_max=133.952
STEP|n=229300000|unique=6201202|accepted=30953604|rate=111531.7/s|walker_min=83.287|walker_med=117.969|walker_max=133.916
STEP|n=229400000|unique=6205736|accepted=30958138|rate=111537.2/s|walker_min=83.175|walker_med=121.433|walker_max=133.077
STEP|n=229500000|unique=6210127|accepted=30962529|rate=111542.7/s|walker_min=85.517|walker_med=122.380|walker_max=134.291
STEP|n=229600000|unique=6214396|accepted=30966798|rate=111548.7/s|walker_min=99.170|walker_med=122.993|walker_max=133.962
STEP|n=229700000|unique=6219138|accepted=30971540|rate=111554.5/s|walker_min=106.591|walker_med=126.079|walker_max=133.970
STEP|n=229800000|unique=6223353|accepted=30975755|rate=111559.8/s|walker_min=94.998|walker_med=125.844|walker_max=133.463
STEP|n=229900000|unique=6227290|accepted=30979692|rate=111565.8/s|walker_min=109.809|walker_med=125.926|walker_max=133.712
STEP|n=230000000|unique=6231364|accepted=30983766|rate=111571.7/s|walker_min=94.971|walker_med=125.740|walker_max=134.117
PRUNE_START|step=230000000|unique=6231364|active_cutoff=134.311081
PRUNE_DONE|step=230000000|unique=4000000|active_cutoff=126.850696|reservoir=200000
STEP|n=230100000|unique=4003318|accepted=30987084|rate=111500.7/s|walker_min=84.651|walker_med=122.915|walker_max=126.484
STEP|n=230200000|unique=4006419|accepted=30990185|rate=111502.9/s|walker_min=84.015|walker_med=119.410|walker_max=126.609
STEP|n=230300000|unique=4009830|accepted=30993596|rate=111509.1/s|walker_min=84.241|walker_med=116.207|walker_max=126.810
STEP|n=230400000|unique=4013382|accepted=30997148|rate=111515.1/s|walker_min=80.948|walker_med=118.103|walker_max=126.192
STEP|n=230500000|unique=4017043|accepted=31000809|rate=111521.3/s|walker_min=82.152|walker_med=116.730|walker_max=126.832
STEP|n=230600000|unique=4020895|accepted=31004661|rate=111527.2/s|walker_min=85.788|walker_med=117.967|walker_max=126.248
STEP|n=230700000|unique=4024805|accepted=31008571|rate=111533.3/s|walker_min=69.155|walker_med=115.711|walker_max=126.601
STEP|n=230800000|unique=4028773|accepted=31012539|rate=111539.0/s|walker_min=58.456|walker_med=114.986|walker_max=126.361
STEP|n=230900000|unique=4033303|accepted=31017069|rate=111543.9/s|walker_min=77.472|walker_med=109.549|walker_max=126.515
STEP|n=231000000|unique=4038663|accepted=31022429|rate=111547.7/s|walker_min=53.420|walker_med=98.672|walker_max=123.459
STEP|n=231100000|unique=4043664|accepted=31027430|rate=111551.9/s|walker_min=70.393|walker_med=105.028|walker_max=125.284
STEP|n=231200000|unique=4047973|accepted=31031739|rate=111557.3/s|walker_min=64.805|walker_med=112.108|walker_max=126.584
STEP|n=231300000|unique=4051880|accepted=31035646|rate=111563.2/s|walker_min=70.817|walker_med=112.999|walker_max=126.246
STEP|n=231400000|unique=4055800|accepted=31039566|rate=111568.8/s|walker_min=61.505|walker_med=118.693|walker_max=126.831
STEP|n=231500000|unique=4059327|accepted=31043093|rate=111574.2/s|walker_min=90.379|walker_med=117.792|walker_max=126.640
STEP|n=231600000|unique=4062855|accepted=31046621|rate=111580.0/s|walker_min=84.282|walker_med=119.793|walker_max=126.817
STEP|n=231700000|unique=4066249|accepted=31050015|rate=111586.1/s|walker_min=86.783|walker_med=117.721|walker_max=124.980
STEP|n=231800000|unique=4069603|accepted=31053369|rate=111592.1/s|walker_min=106.967|walker_med=116.296|walker_max=126.623
STEP|n=231900000|unique=4073181|accepted=31056947|rate=111598.1/s|walker_min=100.858|walker_med=118.576|walker_max=125.854
STEP|n=232000000|unique=4076493|accepted=31060259|rate=111603.0/s|walker_min=83.984|walker_med=118.599|walker_max=126.497
STEP|n=232100000|unique=4079405|accepted=31063171|rate=111608.3/s|walker_min=83.255|walker_med=116.630|walker_max=126.576
STEP|n=232200000|unique=4082758|accepted=31066524|rate=111613.4/s|walker_min=66.297|walker_med=117.589|walker_max=125.926
STEP|n=232300000|unique=4086146|accepted=31069912|rate=111619.4/s|walker_min=86.799|walker_med=113.935|walker_max=125.689
STEP|n=232400000|unique=4089588|accepted=31073354|rate=111625.5/s|walker_min=83.466|walker_med=118.540|walker_max=126.574
STEP|n=232500000|unique=4093053|accepted=31076819|rate=111631.1/s|walker_min=90.945|walker_med=110.475|walker_max=126.740
STEP|n=232600000|unique=4096529|accepted=31080295|rate=111635.8/s|walker_min=91.194|walker_med=115.231|walker_max=125.974
STEP|n=232700000|unique=4100162|accepted=31083928|rate=111640.0/s|walker_min=87.872|walker_med=114.910|walker_max=126.443
STEP|n=232800000|unique=4104006|accepted=31087772|rate=111644.5/s|walker_min=80.444|walker_med=117.856|walker_max=126.848
STEP|n=232900000|unique=4108241|accepted=31092007|rate=111649.5/s|walker_min=78.255|walker_med=105.914|walker_max=125.499
STEP|n=233000000|unique=4113071|accepted=31096837|rate=111653.4/s|walker_min=64.670|walker_med=101.037|walker_max=126.297
STEP|n=233100000|unique=4117802|accepted=31101568|rate=111656.6/s|walker_min=53.491|walker_med=110.269|walker_max=125.984
STEP|n=233200000|unique=4122488|accepted=31106254|rate=111660.3/s|walker_min=65.651|walker_med=108.134|walker_max=124.373
STEP|n=233300000|unique=4126620|accepted=31110386|rate=111663.8/s|walker_min=62.983|walker_med=115.697|walker_max=126.074
STEP|n=233400000|unique=4130441|accepted=31114207|rate=111669.0/s|walker_min=81.450|walker_med=117.743|walker_max=126.473
STEP|n=233500000|unique=4134179|accepted=31117945|rate=111674.8/s|walker_min=93.423|walker_med=119.043|walker_max=126.631
STEP|n=233600000|unique=4137590|accepted=31121356|rate=111678.7/s|walker_min=97.448|walker_med=116.740|walker_max=126.489
STEP|n=233700000|unique=4140786|accepted=31124552|rate=111679.9/s|walker_min=101.698|walker_med=119.745|walker_max=125.879
STEP|n=233800000|unique=4143911|accepted=31127677|rate=111684.9/s|walker_min=83.257|walker_med=117.431|walker_max=126.750
STEP|n=233900000|unique=4147097|accepted=31130863|rate=111689.8/s|walker_min=93.699|walker_med=116.045|walker_max=126.448
STEP|n=234000000|unique=4150356|accepted=31134122|rate=111696.0/s|walker_min=72.590|walker_med=116.981|walker_max=126.773
STEP|n=234100000|unique=4153653|accepted=31137419|rate=111701.9/s|walker_min=101.409|walker_med=119.192|walker_max=126.809
STEP|n=234200000|unique=4156650|accepted=31140416|rate=111707.9/s|walker_min=89.026|walker_med=115.566|walker_max=125.541
STEP|n=234300000|unique=4159783|accepted=31143549|rate=111712.7/s|walker_min=89.428|walker_med=119.944|walker_max=126.115
STEP|n=234400000|unique=4163082|accepted=31146848|rate=111717.5/s|walker_min=85.220|walker_med=111.404|walker_max=126.543
STEP|n=234500000|unique=4166343|accepted=31150109|rate=111722.7/s|walker_min=84.701|walker_med=119.372|walker_max=126.417
STEP|n=234600000|unique=4169829|accepted=31153595|rate=111728.6/s|walker_min=76.508|walker_med=116.014|walker_max=126.628
STEP|n=234700000|unique=4173495|accepted=31157261|rate=111734.3/s|walker_min=80.720|walker_med=112.972|walker_max=125.687
STEP|n=234800000|unique=4177528|accepted=31161294|rate=111738.7/s|walker_min=81.392|walker_med=115.992|walker_max=126.735
STEP|n=234900000|unique=4181718|accepted=31165484|rate=111743.5/s|walker_min=77.797|walker_med=108.579|walker_max=125.145
STEP|n=235000000|unique=4186357|accepted=31170123|rate=111747.8/s|walker_min=50.461|walker_med=103.538|walker_max=126.464
STEP|n=235100000|unique=4191019|accepted=31174785|rate=111751.1/s|walker_min=63.794|walker_med=106.821|walker_max=125.256
STEP|n=235200000|unique=4195686|accepted=31179452|rate=111754.8/s|walker_min=72.100|walker_med=115.005|walker_max=126.618
STEP|n=235300000|unique=4199781|accepted=31183547|rate=111759.1/s|walker_min=83.383|walker_med=119.592|walker_max=126.702
STEP|n=235400000|unique=4203452|accepted=31187218|rate=111764.5/s|walker_min=80.934|walker_med=116.260|walker_max=126.227
STEP|n=235500000|unique=4206930|accepted=31190696|rate=111770.4/s|walker_min=93.632|walker_med=117.242|walker_max=126.518
STEP|n=235600000|unique=4210170|accepted=31193936|rate=111776.4/s|walker_min=101.342|walker_med=120.844|walker_max=126.299
STEP|n=235700000|unique=4213559|accepted=31197325|rate=111781.4/s|walker_min=87.250|walker_med=119.522|walker_max=126.386
STEP|n=235800000|unique=4216534|accepted=31200300|rate=111786.4/s|walker_min=106.399|walker_med=119.508|walker_max=126.585
STEP|n=235900000|unique=4219890|accepted=31203656|rate=111791.0/s|walker_min=88.678|walker_med=118.429|walker_max=126.497
STEP|n=236000000|unique=4223086|accepted=31206852|rate=111796.7/s|walker_min=91.999|walker_med=118.923|walker_max=126.837
STEP|n=236100000|unique=4226536|accepted=31210302|rate=111802.6/s|walker_min=91.963|walker_med=121.833|walker_max=126.783
STEP|n=236200000|unique=4229717|accepted=31213483|rate=111808.3/s|walker_min=79.415|walker_med=118.265|walker_max=126.375
STEP|n=236300000|unique=4232994|accepted=31216760|rate=111812.9/s|walker_min=84.231|walker_med=114.151|walker_max=124.512
STEP|n=236400000|unique=4236200|accepted=31219966|rate=111817.8/s|walker_min=71.458|walker_med=118.654|walker_max=126.778
STEP|n=236500000|unique=4239670|accepted=31223436|rate=111822.6/s|walker_min=77.445|walker_med=117.390|walker_max=126.589
STEP|n=236600000|unique=4243110|accepted=31226876|rate=111828.2/s|walker_min=83.579|walker_med=117.056|walker_max=126.223
STEP|n=236700000|unique=4246681|accepted=31230447|rate=111833.7/s|walker_min=86.798|walker_med=115.437|walker_max=126.377
STEP|n=236800000|unique=4250262|accepted=31234028|rate=111838.8/s|walker_min=75.010|walker_med=108.524|walker_max=126.704
STEP|n=236900000|unique=4254367|accepted=31238133|rate=111842.7/s|walker_min=50.384|walker_med=112.447|walker_max=126.494
STEP|n=237000000|unique=4259166|accepted=31242932|rate=111845.1/s|walker_min=58.751|walker_med=102.853|walker_max=121.140
STEP|n=237100000|unique=4263848|accepted=31247614|rate=111848.6/s|walker_min=82.435|walker_med=114.964|walker_max=126.116
STEP|n=237200000|unique=4267914|accepted=31251680|rate=111854.0/s|walker_min=59.946|walker_med=113.280|walker_max=126.840
STEP|n=237300000|unique=4272105|accepted=31255871|rate=111859.1/s|walker_min=81.205|walker_med=117.622|walker_max=126.797
STEP|n=237400000|unique=4275827|accepted=31259593|rate=111859.6/s|walker_min=89.412|walker_med=116.711|walker_max=126.496
STEP|n=237500000|unique=4279219|accepted=31262985|rate=111864.0/s|walker_min=90.725|walker_med=118.028|walker_max=126.793
STEP|n=237600000|unique=4282379|accepted=31266145|rate=111869.0/s|walker_min=58.245|walker_med=119.005|walker_max=126.605
STEP|n=237700000|unique=4285814|accepted=31269580|rate=111874.7/s|walker_min=86.182|walker_med=122.124|walker_max=126.729
STEP|n=237800000|unique=4289219|accepted=31272985|rate=111880.7/s|walker_min=93.811|walker_med=119.886|walker_max=126.694
STEP|n=237900000|unique=4292688|accepted=31276454|rate=111886.6/s|walker_min=93.510|walker_med=115.162|walker_max=126.506
STEP|n=238000000|unique=4295920|accepted=31279686|rate=111891.7/s|walker_min=85.687|walker_med=118.823|walker_max=126.735
STEP|n=238100000|unique=4299495|accepted=31283261|rate=111896.2/s|walker_min=93.195|walker_med=120.419|walker_max=126.711
STEP|n=238200000|unique=4302785|accepted=31286551|rate=111901.0/s|walker_min=60.684|walker_med=114.547|walker_max=125.346
STEP|n=238300000|unique=4306145|accepted=31289911|rate=111906.8/s|walker_min=84.449|walker_med=113.264|walker_max=126.528
STEP|n=238400000|unique=4309456|accepted=31293222|rate=111912.5/s|walker_min=96.049|walker_med=116.231|walker_max=125.823
STEP|n=238500000|unique=4312561|accepted=31296327|rate=111918.5/s|walker_min=82.197|walker_med=119.235|walker_max=125.850
STEP|n=238600000|unique=4316227|accepted=31299993|rate=111922.8/s|walker_min=88.520|walker_med=116.052|walker_max=125.799
STEP|n=238700000|unique=4319824|accepted=31303590|rate=111927.4/s|walker_min=82.064|walker_med=115.554|walker_max=126.493
STEP|n=238800000|unique=4323780|accepted=31307546|rate=111931.8/s|walker_min=68.625|walker_med=118.196|walker_max=126.269
STEP|n=238900000|unique=4327952|accepted=31311718|rate=111937.1/s|walker_min=77.214|walker_med=114.572|walker_max=125.629
STEP|n=239000000|unique=4332446|accepted=31316212|rate=111941.7/s|walker_min=71.831|walker_med=109.439|walker_max=126.587
STEP|n=239100000|unique=4337184|accepted=31320950|rate=111945.9/s|walker_min=62.117|walker_med=107.169|walker_max=125.606
STEP|n=239200000|unique=4341215|accepted=31324981|rate=111951.0/s|walker_min=71.010|walker_med=111.735|walker_max=126.698
STEP|n=239300000|unique=4345324|accepted=31329090|rate=111956.2/s|walker_min=83.973|walker_med=114.048|walker_max=126.795
STEP|n=239400000|unique=4349008|accepted=31332774|rate=111962.0/s|walker_min=85.833|walker_med=114.428|walker_max=126.851
STEP|n=239500000|unique=4352580|accepted=31336346|rate=111968.3/s|walker_min=71.990|walker_med=117.929|walker_max=126.742
STEP|n=239600000|unique=4356159|accepted=31339925|rate=111974.8/s|walker_min=93.645|walker_med=116.670|walker_max=126.401
STEP|n=239700000|unique=4359413|accepted=31343179|rate=111981.3/s|walker_min=95.228|walker_med=119.543|walker_max=126.318
STEP|n=239800000|unique=4362975|accepted=31346741|rate=111987.3/s|walker_min=86.314|walker_med=118.308|walker_max=126.625
STEP|n=239900000|unique=4366097|accepted=31349863|rate=111993.5/s|walker_min=91.383|walker_med=119.408|walker_max=126.702
STEP|n=240000000|unique=4369247|accepted=31353013|rate=111999.9/s|walker_min=71.933|walker_med=115.955|walker_max=125.819
STEP|n=240100000|unique=4372515|accepted=31356281|rate=112006.7/s|walker_min=94.605|walker_med=118.953|walker_max=126.728
STEP|n=240200000|unique=4375796|accepted=31359562|rate=112013.4/s|walker_min=91.378|walker_med=116.093|walker_max=126.594
STEP|n=240300000|unique=4378907|accepted=31362673|rate=112019.8/s|walker_min=85.827|walker_med=116.304|walker_max=126.720
STEP|n=240400000|unique=4382277|accepted=31366043|rate=112025.5/s|walker_min=89.669|walker_med=116.257|walker_max=126.364
STEP|n=240500000|unique=4385727|accepted=31369493|rate=112030.9/s|walker_min=96.148|walker_med=116.975|walker_max=126.738
STEP|n=240600000|unique=4389175|accepted=31372941|rate=112037.1/s|walker_min=85.384|walker_med=117.623|walker_max=126.775
STEP|n=240700000|unique=4392762|accepted=31376528|rate=112043.2/s|walker_min=74.188|walker_med=112.946|walker_max=126.492
STEP|n=240800000|unique=4396531|accepted=31380297|rate=112049.5/s|walker_min=62.389|walker_med=118.403|walker_max=126.837
STEP|n=240900000|unique=4400614|accepted=31384380|rate=112055.3/s|walker_min=73.582|walker_med=115.492|walker_max=125.804
STEP|n=241000000|unique=4404747|accepted=31388513|rate=112060.0/s|walker_min=49.560|walker_med=108.205|walker_max=126.364
STEP|n=241100000|unique=4409047|accepted=31392813|rate=112058.7/s|walker_min=61.734|walker_med=109.959|walker_max=125.085
STEP|n=241200000|unique=4413391|accepted=31397157|rate=112063.3/s|walker_min=81.946|walker_med=112.554|walker_max=126.246
STEP|n=241300000|unique=4416994|accepted=31400760|rate=112068.6/s|walker_min=72.099|walker_med=113.856|walker_max=126.252
STEP|n=241400000|unique=4420666|accepted=31404432|rate=112074.0/s|walker_min=97.596|walker_med=120.480|walker_max=126.698
STEP|n=241500000|unique=4423958|accepted=31407724|rate=112078.9/s|walker_min=79.441|walker_med=119.828|walker_max=126.806
STEP|n=241600000|unique=4426941|accepted=31410707|rate=112083.4/s|walker_min=95.628|walker_med=116.826|walker_max=125.702
STEP|n=241700000|unique=4430361|accepted=31414127|rate=112088.2/s|walker_min=72.014|walker_med=115.528|walker_max=126.344
STEP|n=241800000|unique=4433621|accepted=31417387|rate=112094.0/s|walker_min=92.193|walker_med=121.281|walker_max=126.790
STEP|n=241900000|unique=4437120|accepted=31420886|rate=112100.1/s|walker_min=76.870|walker_med=121.725|walker_max=126.823
STEP|n=242000000|unique=4440125|accepted=31423891|rate=112106.1/s|walker_min=86.530|walker_med=122.920|walker_max=126.718
STEP|n=242100000|unique=4443384|accepted=31427150|rate=112111.1/s|walker_min=91.672|walker_med=113.890|walker_max=125.383
STEP|n=242200000|unique=4446800|accepted=31430566|rate=112115.9/s|walker_min=78.608|walker_med=119.156|walker_max=126.512
STEP|n=242300000|unique=4450189|accepted=31433955|rate=112120.2/s|walker_min=89.986|walker_med=118.495|walker_max=126.653
STEP|n=242400000|unique=4453706|accepted=31437472|rate=112126.1/s|walker_min=75.730|walker_med=112.291|walker_max=125.905
STEP|n=242500000|unique=4457112|accepted=31440878|rate=112131.6/s|walker_min=85.588|walker_med=116.049|walker_max=126.835
STEP|n=242600000|unique=4460369|accepted=31444135|rate=112137.3/s|walker_min=76.505|walker_med=115.111|walker_max=126.097
STEP|n=242700000|unique=4464081|accepted=31447847|rate=112141.8/s|walker_min=87.209|walker_med=120.272|walker_max=126.380
STEP|n=242800000|unique=4468102|accepted=31451868|rate=112145.8/s|walker_min=76.238|walker_med=111.713|walker_max=126.514
STEP|n=242900000|unique=4472220|accepted=31455986|rate=112149.8/s|walker_min=75.298|walker_med=111.973|walker_max=126.091
STEP|n=243000000|unique=4476564|accepted=31460330|rate=112154.0/s|walker_min=53.234|walker_med=93.415|walker_max=123.735
STEP|n=243100000|unique=4481137|accepted=31464903|rate=112158.2/s|walker_min=73.083|walker_med=108.931|walker_max=126.606
STEP|n=243200000|unique=4485524|accepted=31469290|rate=112163.2/s|walker_min=81.745|walker_med=112.872|walker_max=126.094
STEP|n=243300000|unique=4489453|accepted=31473219|rate=112167.5/s|walker_min=92.438|walker_med=118.735|walker_max=126.791
STEP|n=243400000|unique=4492879|accepted=31476645|rate=112171.9/s|walker_min=98.338|walker_med=119.479|walker_max=126.546
STEP|n=243500000|unique=4496555|accepted=31480321|rate=112177.2/s|walker_min=83.980|walker_med=119.034|walker_max=126.808
STEP|n=243600000|unique=4500219|accepted=31483985|rate=112181.7/s|walker_min=88.066|walker_med=112.443|walker_max=124.260
STEP|n=243700000|unique=4503699|accepted=31487465|rate=112185.6/s|walker_min=101.566|walker_med=120.708|walker_max=126.761
STEP|n=243800000|unique=4506829|accepted=31490595|rate=112190.6/s|walker_min=90.135|walker_med=121.260|walker_max=126.795
STEP|n=243900000|unique=4510078|accepted=31493844|rate=112195.9/s|walker_min=85.592|walker_med=121.010|walker_max=126.522
STEP|n=244000000|unique=4513360|accepted=31497126|rate=112201.3/s|walker_min=96.585|walker_med=122.153|walker_max=126.623
STEP|n=244100000|unique=4516578|accepted=31500344|rate=112205.9/s|walker_min=91.027|walker_med=117.511|walker_max=126.464
STEP|n=244200000|unique=4519732|accepted=31503498|rate=112210.2/s|walker_min=99.293|walker_med=117.950|walker_max=126.406
STEP|n=244300000|unique=4522998|accepted=31506764|rate=112214.8/s|walker_min=81.261|walker_med=118.685|walker_max=126.256
STEP|n=244400000|unique=4526337|accepted=31510103|rate=112219.2/s|walker_min=89.631|walker_med=117.302|walker_max=126.747
STEP|n=244500000|unique=4529589|accepted=31513355|rate=112224.4/s|walker_min=86.157|walker_med=121.031|walker_max=126.470
STEP|n=244600000|unique=4533073|accepted=31516839|rate=112229.2/s|walker_min=86.048|walker_med=116.529|walker_max=125.789
STEP|n=244700000|unique=4536825|accepted=31520591|rate=112233.2/s|walker_min=64.096|walker_med=114.851|walker_max=126.793
STEP|n=244800000|unique=4540451|accepted=31524217|rate=112231.9/s|walker_min=95.396|walker_med=115.373|walker_max=126.115
STEP|n=244900000|unique=4544532|accepted=31528298|rate=112235.9/s|walker_min=56.870|walker_med=110.193|walker_max=125.574
STEP|n=245000000|unique=4549139|accepted=31532905|rate=112238.9/s|walker_min=51.064|walker_med=105.031|walker_max=123.831
STEP|n=245100000|unique=4553795|accepted=31537561|rate=112241.1/s|walker_min=69.272|walker_med=106.170|walker_max=126.318
STEP|n=245200000|unique=4557674|accepted=31541440|rate=112245.6/s|walker_min=76.707|walker_med=116.616|walker_max=126.767
STEP|n=245300000|unique=4561739|accepted=31545505|rate=112250.6/s|walker_min=66.431|walker_med=116.442|walker_max=125.875
STEP|n=245400000|unique=4565226|accepted=31548992|rate=112255.9/s|walker_min=82.878|walker_med=118.033|walker_max=126.017
STEP|n=245500000|unique=4568784|accepted=31552550|rate=112260.5/s|walker_min=79.022|walker_med=113.707|walker_max=126.830
STEP|n=245600000|unique=4572050|accepted=31555816|rate=112264.7/s|walker_min=88.592|walker_med=118.495|walker_max=126.782
STEP|n=245700000|unique=4575462|accepted=31559228|rate=112268.8/s|walker_min=87.865|walker_med=115.496|walker_max=126.592
STEP|n=245800000|unique=4578710|accepted=31562476|rate=112270.5/s|walker_min=96.176|walker_med=118.478|walker_max=125.786
STEP|n=245900000|unique=4581976|accepted=31565742|rate=112276.5/s|walker_min=82.303|walker_med=120.459|walker_max=126.783
STEP|n=246000000|unique=4585120|accepted=31568886|rate=112282.0/s|walker_min=96.629|walker_med=120.383|walker_max=126.814
STEP|n=246100000|unique=4588427|accepted=31572193|rate=112287.6/s|walker_min=90.058|walker_med=118.583|walker_max=126.653
STEP|n=246200000|unique=4591416|accepted=31575182|rate=112293.8/s|walker_min=85.800|walker_med=117.780|walker_max=126.827
STEP|n=246300000|unique=4594497|accepted=31578263|rate=112300.4/s|walker_min=96.818|walker_med=115.176|walker_max=126.851
STEP|n=246400000|unique=4597550|accepted=31581316|rate=112306.9/s|walker_min=86.824|walker_med=119.012|walker_max=126.582
STEP|n=246500000|unique=4601032|accepted=31584798|rate=112312.9/s|walker_min=78.480|walker_med=118.147|walker_max=126.491
STEP|n=246600000|unique=4604497|accepted=31588263|rate=112318.3/s|walker_min=72.067|walker_med=117.664|walker_max=126.577
STEP|n=246700000|unique=4608117|accepted=31591883|rate=112323.7/s|walker_min=92.102|walker_med=115.140|walker_max=126.840
STEP|n=246800000|unique=4611694|accepted=31595460|rate=112328.6/s|walker_min=77.270|walker_med=116.366|walker_max=125.972
STEP|n=246900000|unique=4615788|accepted=31599554|rate=112332.9/s|walker_min=77.114|walker_med=111.006|walker_max=126.506
STEP|n=247000000|unique=4620397|accepted=31604163|rate=112336.2/s|walker_min=48.858|walker_med=88.906|walker_max=126.694
STEP|n=247100000|unique=4625057|accepted=31608823|rate=112339.7/s|walker_min=77.958|walker_med=105.630|walker_max=126.616
STEP|n=247200000|unique=4629316|accepted=31613082|rate=112343.7/s|walker_min=48.689|walker_med=112.651|walker_max=126.768
STEP|n=247300000|unique=4633028|accepted=31616794|rate=112347.0/s|walker_min=75.813|walker_med=118.411|walker_max=126.794
STEP|n=247400000|unique=4636350|accepted=31620116|rate=112351.0/s|walker_min=79.779|walker_med=114.631|walker_max=126.653
STEP|n=247500000|unique=4639965|accepted=31623731|rate=112356.3/s|walker_min=77.191|walker_med=116.809|walker_max=126.716
STEP|n=247600000|unique=4643165|accepted=31626931|rate=112361.6/s|walker_min=89.542|walker_med=116.727|walker_max=126.125
STEP|n=247700000|unique=4646240|accepted=31630006|rate=112366.7/s|walker_min=98.875|walker_med=118.024|walker_max=126.750
STEP|n=247800000|unique=4649459|accepted=31633225|rate=112372.0/s|walker_min=82.341|walker_med=113.653|walker_max=125.711
STEP|n=247900000|unique=4652516|accepted=31636282|rate=112377.4/s|walker_min=101.897|walker_med=118.220|walker_max=126.748
STEP|n=248000000|unique=4655580|accepted=31639346|rate=112381.9/s|walker_min=91.236|walker_med=120.332|walker_max=126.505
STEP|n=248100000|unique=4658694|accepted=31642460|rate=112386.4/s|walker_min=88.152|walker_med=121.197|walker_max=126.850
STEP|n=248200000|unique=4661742|accepted=31645508|rate=112391.6/s|walker_min=61.470|walker_med=119.855|walker_max=126.816
STEP|n=248300000|unique=4664957|accepted=31648723|rate=112397.1/s|walker_min=87.238|walker_med=117.354|walker_max=126.551
STEP|n=248400000|unique=4667900|accepted=31651666|rate=112402.9/s|walker_min=86.173|walker_med=118.803|walker_max=126.624
STEP|n=248500000|unique=4671232|accepted=31654998|rate=112408.9/s|walker_min=96.074|walker_med=117.897|walker_max=125.962
STEP|n=248600000|unique=4674630|accepted=31658396|rate=112409.8/s|walker_min=82.094|walker_med=114.679|walker_max=125.323
STEP|n=248700000|unique=4678070|accepted=31661836|rate=112415.5/s|walker_min=95.533|walker_med=111.292|walker_max=126.377
STEP|n=248800000|unique=4681915|accepted=31665681|rate=112420.8/s|walker_min=85.347|walker_med=115.077|walker_max=126.728
STEP|n=248900000|unique=4686096|accepted=31669862|rate=112424.3/s|walker_min=76.073|walker_med=108.455|walker_max=126.427
STEP|n=249000000|unique=4690088|accepted=31673854|rate=112426.8/s|walker_min=55.941|walker_med=89.754|walker_max=126.714
STEP|n=249100000|unique=4694242|accepted=31678008|rate=112429.5/s|walker_min=59.239|walker_med=108.913|walker_max=123.841
STEP|n=249200000|unique=4698212|accepted=31681978|rate=112433.7/s|walker_min=69.537|walker_med=112.624|walker_max=126.156
STEP|n=249300000|unique=4702136|accepted=31685902|rate=112430.8/s|walker_min=79.458|walker_med=115.999|walker_max=126.811
STEP|n=249400000|unique=4705568|accepted=31689334|rate=112434.2/s|walker_min=84.980|walker_med=118.525|walker_max=126.251
STEP|n=249500000|unique=4708918|accepted=31692684|rate=112438.3/s|walker_min=100.771|walker_med=117.114|walker_max=126.654
STEP|n=249600000|unique=4712360|accepted=31696126|rate=112442.5/s|walker_min=83.712|walker_med=117.375|walker_max=126.504
STEP|n=249700000|unique=4715754|accepted=31699520|rate=112446.9/s|walker_min=97.805|walker_med=120.322|walker_max=126.347
STEP|n=249800000|unique=4719187|accepted=31702953|rate=112450.5/s|walker_min=91.490|walker_med=120.635|walker_max=126.103
STEP|n=249900000|unique=4722355|accepted=31706121|rate=112454.8/s|walker_min=101.366|walker_med=119.666|walker_max=126.816
STEP|n=250000000|unique=4725387|accepted=31709153|rate=112459.2/s|walker_min=90.925|walker_med=119.030|walker_max=126.822
CHECKPOINT|step=250000000|unique=4725387|saved=3000000|min=46.3601|max=120.07
STEP|n=250100000|unique=4728300|accepted=31712066|rate=112059.4/s|walker_min=76.803|walker_med=116.326|walker_max=126.182
STEP|n=250200000|unique=4731488|accepted=31715254|rate=112063.8/s|walker_min=87.636|walker_med=116.180|walker_max=126.804
STEP|n=250300000|unique=4734696|accepted=31718462|rate=112068.1/s|walker_min=97.929|walker_med=118.502|walker_max=126.036
STEP|n=250400000|unique=4737888|accepted=31721654|rate=112071.9/s|walker_min=87.138|walker_med=118.094|walker_max=125.569
STEP|n=250500000|unique=4741297|accepted=31725063|rate=112076.0/s|walker_min=75.033|walker_med=118.082|walker_max=125.669
STEP|n=250600000|unique=4744705|accepted=31728471|rate=112079.6/s|walker_min=90.049|walker_med=113.364|walker_max=125.118
STEP|n=250700000|unique=4748330|accepted=31732096|rate=112083.7/s|walker_min=68.911|walker_med=113.319|walker_max=126.182
STEP|n=250800000|unique=4751965|accepted=31735731|rate=112087.5/s|walker_min=77.293|walker_med=111.154|walker_max=126.015
STEP|n=250900000|unique=4755830|accepted=31739596|rate=112091.2/s|walker_min=83.934|walker_med=114.482|walker_max=126.419
STEP|n=251000000|unique=4760276|accepted=31744042|rate=112094.4/s|walker_min=59.205|walker_med=100.726|walker_max=123.056
STEP|n=251100000|unique=4764670|accepted=31748436|rate=112097.1/s|walker_min=76.691|walker_med=114.040|walker_max=126.830
STEP|n=251200000|unique=4768538|accepted=31752304|rate=112100.5/s|walker_min=82.991|walker_med=112.387|walker_max=126.253
STEP|n=251300000|unique=4772237|accepted=31756003|rate=112104.4/s|walker_min=94.001|walker_med=116.288|walker_max=125.915
STEP|n=251400000|unique=4775654|accepted=31759420|rate=112108.6/s|walker_min=82.487|walker_med=115.201|walker_max=125.981
STEP|n=251500000|unique=4778982|accepted=31762748|rate=112112.7/s|walker_min=83.051|walker_med=116.222|walker_max=126.439
STEP|n=251600000|unique=4782084|accepted=31765850|rate=112117.0/s|walker_min=92.533|walker_med=111.955|walker_max=126.254
STEP|n=251700000|unique=4785328|accepted=31769094|rate=112121.1/s|walker_min=91.699|walker_med=116.035|walker_max=126.716
STEP|n=251800000|unique=4788205|accepted=31771971|rate=112125.5/s|walker_min=89.319|walker_med=119.296|walker_max=126.021
STEP|n=251900000|unique=4791090|accepted=31774856|rate=112130.0/s|walker_min=100.313|walker_med=117.059|walker_max=126.358
STEP|n=252000000|unique=4794234|accepted=31778000|rate=112134.3/s|walker_min=89.232|walker_med=116.442|walker_max=126.556
STEP|n=252100000|unique=4797407|accepted=31781173|rate=112138.7/s|walker_min=87.622|walker_med=114.276|walker_max=124.827
STEP|n=252200000|unique=4800717|accepted=31784483|rate=112142.8/s|walker_min=104.171|walker_med=118.037|walker_max=126.839
STEP|n=252300000|unique=4803775|accepted=31787541|rate=112147.3/s|walker_min=90.668|walker_med=116.403|walker_max=126.496
STEP|n=252400000|unique=4807075|accepted=31790841|rate=112151.8/s|walker_min=97.624|walker_med=117.668|walker_max=126.475
STEP|n=252500000|unique=4810518|accepted=31794284|rate=112156.1/s|walker_min=96.465|walker_med=115.715|walker_max=126.682
STEP|n=252600000|unique=4813875|accepted=31797641|rate=112160.2/s|walker_min=77.039|walker_med=115.559|walker_max=126.715
STEP|n=252700000|unique=4817587|accepted=31801353|rate=112163.9/s|walker_min=88.744|walker_med=117.817|walker_max=126.484
STEP|n=252800000|unique=4821050|accepted=31804816|rate=112168.0/s|walker_min=90.845|walker_med=117.337|walker_max=126.693
STEP|n=252900000|unique=4824758|accepted=31808524|rate=112171.5/s|walker_min=83.280|walker_med=109.458|walker_max=124.922
STEP|n=253000000|unique=4829329|accepted=31813095|rate=112174.5/s|walker_min=54.893|walker_med=89.967|walker_max=124.352
STEP|n=253100000|unique=4833850|accepted=31817616|rate=112176.8/s|walker_min=57.581|walker_med=108.311|walker_max=126.598
STEP|n=253200000|unique=4837965|accepted=31821731|rate=112180.1/s|walker_min=86.903|walker_med=113.378|walker_max=125.130
STEP|n=253300000|unique=4841721|accepted=31825487|rate=112183.8/s|walker_min=89.624|walker_med=120.136|walker_max=126.256
STEP|n=253400000|unique=4845073|accepted=31828839|rate=112187.7/s|walker_min=74.236|walker_med=115.297|walker_max=126.712
STEP|n=253500000|unique=4848336|accepted=31832102|rate=112191.6/s|walker_min=89.866|walker_med=115.745|walker_max=125.985
STEP|n=253600000|unique=4851783|accepted=31835549|rate=112195.6/s|walker_min=92.683|walker_med=120.435|walker_max=126.750
STEP|n=253700000|unique=4855296|accepted=31839062|rate=112199.7/s|walker_min=89.155|walker_med=114.471|walker_max=126.356
STEP|n=253800000|unique=4858660|accepted=31842426|rate=112204.0/s|walker_min=79.777|walker_med=117.012|walker_max=126.017
STEP|n=253900000|unique=4861707|accepted=31845473|rate=112203.2/s|walker_min=95.100|walker_med=120.930|walker_max=126.762
STEP|n=254000000|unique=4864767|accepted=31848533|rate=112207.5/s|walker_min=59.630|walker_med=116.825|walker_max=126.290
STEP|n=254100000|unique=4867659|accepted=31851425|rate=112211.8/s|walker_min=88.580|walker_med=120.985|walker_max=125.980
STEP|n=254200000|unique=4870746|accepted=31854512|rate=112216.3/s|walker_min=95.016|walker_med=117.979|walker_max=126.722
STEP|n=254300000|unique=4873888|accepted=31857654|rate=112220.8/s|walker_min=91.443|walker_med=117.776|walker_max=126.337
STEP|n=254400000|unique=4877123|accepted=31860889|rate=112225.0/s|walker_min=95.258|walker_med=115.499|walker_max=125.786
STEP|n=254500000|unique=4880701|accepted=31864467|rate=112229.0/s|walker_min=96.693|walker_med=116.329|walker_max=126.668
STEP|n=254600000|unique=4884196|accepted=31867962|rate=112233.0/s|walker_min=62.674|walker_med=114.417|walker_max=126.727
STEP|n=254700000|unique=4887657|accepted=31871423|rate=112237.1/s|walker_min=84.333|walker_med=117.818|walker_max=126.315
STEP|n=254800000|unique=4891421|accepted=31875187|rate=112240.9/s|walker_min=82.868|walker_med=113.849|walker_max=126.317
STEP|n=254900000|unique=4895518|accepted=31879284|rate=112244.3/s|walker_min=65.793|walker_med=115.880|walker_max=126.524
STEP|n=255000000|unique=4899386|accepted=31883152|rate=112247.5/s|walker_min=60.123|walker_med=107.446|walker_max=126.586
STEP|n=255100000|unique=4903968|accepted=31887734|rate=112249.5/s|walker_min=66.036|walker_med=108.747|walker_max=126.093
STEP|n=255200000|unique=4908203|accepted=31891969|rate=112252.9/s|walker_min=65.019|walker_med=113.034|walker_max=126.835
STEP|n=255300000|unique=4911743|accepted=31895509|rate=112257.0/s|walker_min=82.694|walker_med=117.604|walker_max=126.259
STEP|n=255400000|unique=4915360|accepted=31899126|rate=112260.9/s|walker_min=64.500|walker_med=114.608|walker_max=126.535
STEP|n=255500000|unique=4918647|accepted=31902413|rate=112264.9/s|walker_min=82.047|walker_med=116.256|walker_max=126.555
STEP|n=255600000|unique=4921742|accepted=31905508|rate=112268.8/s|walker_min=81.721|walker_med=117.489|walker_max=125.897
STEP|n=255700000|unique=4924878|accepted=31908644|rate=112273.0/s|walker_min=76.733|walker_med=117.566|walker_max=126.798
STEP|n=255800000|unique=4927890|accepted=31911656|rate=112277.3/s|walker_min=95.190|walker_med=118.562|walker_max=126.821
STEP|n=255900000|unique=4930942|accepted=31914708|rate=112281.7/s|walker_min=85.099|walker_med=119.452|walker_max=126.040
STEP|n=256000000|unique=4934003|accepted=31917769|rate=112285.9/s|walker_min=91.013|walker_med=115.568|walker_max=126.398
STEP|n=256100000|unique=4937094|accepted=31920860|rate=112290.2/s|walker_min=81.483|walker_med=119.220|walker_max=126.726
STEP|n=256200000|unique=4940384|accepted=31924150|rate=112294.0/s|walker_min=89.989|walker_med=118.856|walker_max=126.838
STEP|n=256300000|unique=4943544|accepted=31927310|rate=112298.1/s|walker_min=72.240|walker_med=114.065|walker_max=126.427
STEP|n=256400000|unique=4946905|accepted=31930671|rate=112302.4/s|walker_min=87.210|walker_med=112.801|walker_max=126.323
STEP|n=256500000|unique=4950254|accepted=31934020|rate=112306.6/s|walker_min=87.443|walker_med=118.230|walker_max=126.797
STEP|n=256600000|unique=4953712|accepted=31937478|rate=112310.6/s|walker_min=86.789|walker_med=115.565|walker_max=126.108
STEP|n=256700000|unique=4957265|accepted=31941031|rate=112314.0/s|walker_min=92.337|walker_med=116.666|walker_max=124.420
STEP|n=256800000|unique=4960902|accepted=31944668|rate=112317.5/s|walker_min=66.640|walker_med=112.682|walker_max=122.229
STEP|n=256900000|unique=4964895|accepted=31948661|rate=112320.8/s|walker_min=56.633|walker_med=108.484|walker_max=126.657
STEP|n=257000000|unique=4969451|accepted=31953217|rate=112323.2/s|walker_min=56.777|walker_med=91.840|walker_max=125.298
STEP|n=257100000|unique=4974198|accepted=31957964|rate=112325.3/s|walker_min=61.572|walker_med=114.007|walker_max=126.243
STEP|n=257200000|unique=4978007|accepted=31961773|rate=112328.8/s|walker_min=59.163|walker_med=111.186|walker_max=126.591
STEP|n=257300000|unique=4981670|accepted=31965436|rate=112331.8/s|walker_min=94.360|walker_med=115.219|walker_max=126.750
STEP|n=257400000|unique=4985182|accepted=31968948|rate=112335.5/s|walker_min=84.014|walker_med=114.723|walker_max=126.790
STEP|n=257500000|unique=4988794|accepted=31972560|rate=112339.2/s|walker_min=73.649|walker_med=116.614|walker_max=125.957
STEP|n=257600000|unique=4992016|accepted=31975782|rate=112343.4/s|walker_min=75.028|walker_med=113.122|walker_max=125.019
STEP|n=257700000|unique=4995385|accepted=31979151|rate=112342.5/s|walker_min=95.007|walker_med=119.779|walker_max=126.761
STEP|n=257800000|unique=4998545|accepted=31982311|rate=112346.5/s|walker_min=96.762|walker_med=119.520|walker_max=126.564
STEP|n=257900000|unique=5001647|accepted=31985413|rate=112350.7/s|walker_min=69.147|walker_med=117.882|walker_max=126.709
STEP|n=258000000|unique=5004459|accepted=31988225|rate=112355.1/s|walker_min=79.511|walker_med=121.213|walker_max=125.889
STEP|n=258100000|unique=5007498|accepted=31991264|rate=112359.2/s|walker_min=94.363|walker_med=117.495|walker_max=126.791
STEP|n=258200000|unique=5010686|accepted=31994452|rate=112363.3/s|walker_min=94.739|walker_med=120.872|walker_max=126.789
STEP|n=258300000|unique=5013803|accepted=31997569|rate=112367.4/s|walker_min=71.821|walker_med=118.027|walker_max=126.428
STEP|n=258400000|unique=5016981|accepted=32000747|rate=112371.2/s|walker_min=52.679|walker_med=119.700|walker_max=126.847
STEP|n=258500000|unique=5020391|accepted=32004157|rate=112375.0/s|walker_min=81.204|walker_med=116.713|walker_max=125.877
STEP|n=258600000|unique=5023954|accepted=32007720|rate=112378.5/s|walker_min=91.490|walker_med=117.868|walker_max=125.817
STEP|n=258700000|unique=5027442|accepted=32011208|rate=112382.4/s|walker_min=72.702|walker_med=119.326|walker_max=126.499
STEP|n=258800000|unique=5030850|accepted=32014616|rate=112386.3/s|walker_min=90.483|walker_med=115.954|walker_max=125.184
STEP|n=258900000|unique=5034693|accepted=32018459|rate=112390.0/s|walker_min=65.591|walker_med=113.533|walker_max=126.669
STEP|n=259000000|unique=5038918|accepted=32022684|rate=112392.9/s|walker_min=55.814|walker_med=98.883|walker_max=125.084
STEP|n=259100000|unique=5043372|accepted=32027138|rate=112395.2/s|walker_min=65.548|walker_med=111.719|walker_max=126.419
STEP|n=259200000|unique=5047369|accepted=32031135|rate=112398.3/s|walker_min=60.568|walker_med=111.486|walker_max=125.998
STEP|n=259300000|unique=5051109|accepted=32034875|rate=112402.0/s|walker_min=86.685|walker_med=113.765|walker_max=126.831
STEP|n=259400000|unique=5054442|accepted=32038208|rate=112406.0/s|walker_min=82.787|walker_med=117.779|walker_max=126.325
STEP|n=259500000|unique=5058066|accepted=32041832|rate=112409.7/s|walker_min=94.105|walker_med=110.859|walker_max=125.913
STEP|n=259600000|unique=5061316|accepted=32045082|rate=112413.8/s|walker_min=91.427|walker_med=118.600|walker_max=126.755
STEP|n=259700000|unique=5064215|accepted=32047981|rate=112418.0/s|walker_min=77.313|walker_med=119.119|walker_max=126.793
STEP|n=259800000|unique=5067230|accepted=32050996|rate=112422.0/s|walker_min=90.522|walker_med=119.528|walker_max=126.194
STEP|n=259900000|unique=5070372|accepted=32054138|rate=112426.3/s|walker_min=77.730|walker_med=119.856|walker_max=125.861
STEP|n=260000000|unique=5073490|accepted=32057256|rate=112430.3/s|walker_min=85.931|walker_med=117.811|walker_max=126.428
STEP|n=260100000|unique=5076644|accepted=32060410|rate=112434.3/s|walker_min=88.494|walker_med=117.962|walker_max=126.751
STEP|n=260200000|unique=5079910|accepted=32063676|rate=112438.1/s|walker_min=91.360|walker_med=116.638|walker_max=126.382
STEP|n=260300000|unique=5082779|accepted=32066545|rate=112442.2/s|walker_min=90.709|walker_med=116.388|walker_max=126.040
STEP|n=260400000|unique=5085862|accepted=32069628|rate=112446.1/s|walker_min=95.411|walker_med=118.697|walker_max=125.796
STEP|n=260500000|unique=5088929|accepted=32072695|rate=112450.3/s|walker_min=99.679|walker_med=118.058|walker_max=126.386
STEP|n=260600000|unique=5092315|accepted=32076081|rate=112454.2/s|walker_min=98.118|walker_med=118.610|walker_max=126.821
STEP|n=260700000|unique=5095641|accepted=32079407|rate=112458.0/s|walker_min=56.356|walker_med=117.477|walker_max=126.559
STEP|n=260800000|unique=5099216|accepted=32082982|rate=112462.0/s|walker_min=77.464|walker_med=117.760|walker_max=126.386
STEP|n=260900000|unique=5103343|accepted=32087109|rate=112465.3/s|walker_min=69.964|walker_med=101.446|walker_max=126.041
STEP|n=261000000|unique=5108297|accepted=32092063|rate=112467.7/s|walker_min=64.670|walker_med=103.840|walker_max=126.590
STEP|n=261100000|unique=5112320|accepted=32096086|rate=112470.0/s|walker_min=52.871|walker_med=104.626|walker_max=124.270
STEP|n=261200000|unique=5116418|accepted=32100184|rate=112472.6/s|walker_min=55.249|walker_med=111.312|walker_max=126.280
STEP|n=261300000|unique=5120175|accepted=32103941|rate=112476.2/s|walker_min=86.614|walker_med=114.659|walker_max=126.783
STEP|n=261400000|unique=5123684|accepted=32107450|rate=112480.0/s|walker_min=87.728|walker_med=116.081|walker_max=126.499
STEP|n=261500000|unique=5127040|accepted=32110806|rate=112484.0/s|walker_min=97.680|walker_med=118.237|walker_max=126.222
STEP|n=261600000|unique=5130242|accepted=32114008|rate=112483.2/s|walker_min=61.427|walker_med=118.375|walker_max=125.939
STEP|n=261700000|unique=5133251|accepted=32117017|rate=112487.3/s|walker_min=82.155|walker_med=120.827|walker_max=126.753
STEP|n=261800000|unique=5136546|accepted=32120312|rate=112491.5/s|walker_min=89.400|walker_med=117.644|walker_max=126.692
STEP|n=261900000|unique=5139649|accepted=32123415|rate=112495.7/s|walker_min=86.173|walker_med=119.862|walker_max=126.311
STEP|n=262000000|unique=5142552|accepted=32126318|rate=112499.5/s|walker_min=75.609|walker_med=120.523|walker_max=126.347
STEP|n=262100000|unique=5145323|accepted=32129089|rate=112503.7/s|walker_min=74.437|walker_med=118.674|walker_max=126.815
STEP|n=262200000|unique=5148342|accepted=32132108|rate=112507.7/s|walker_min=89.882|walker_med=115.824|walker_max=125.312
STEP|n=262300000|unique=5151411|accepted=32135177|rate=112511.5/s|walker_min=90.768|walker_med=120.260|walker_max=126.356
STEP|n=262400000|unique=5154330|accepted=32138096|rate=112515.7/s|walker_min=98.176|walker_med=119.212|walker_max=126.088
STEP|n=262500000|unique=5157504|accepted=32141270|rate=112519.8/s|walker_min=92.664|walker_med=118.799|walker_max=126.843
STEP|n=262600000|unique=5160710|accepted=32144476|rate=112523.8/s|walker_min=59.218|walker_med=117.834|walker_max=126.344
STEP|n=262700000|unique=5163872|accepted=32147638|rate=112527.8/s|walker_min=81.687|walker_med=113.465|walker_max=125.965
STEP|n=262800000|unique=5167727|accepted=32151493|rate=112531.3/s|walker_min=72.387|walker_med=109.673|walker_max=126.755
STEP|n=262900000|unique=5171514|accepted=32155280|rate=112534.4/s|walker_min=73.834|walker_med=111.008|walker_max=124.968
STEP|n=263000000|unique=5175961|accepted=32159727|rate=112536.6/s|walker_min=68.614|walker_med=108.525|walker_max=125.760
STEP|n=263100000|unique=5180222|accepted=32163988|rate=112539.3/s|walker_min=74.358|walker_med=111.722|walker_max=126.696
STEP|n=263200000|unique=5184108|accepted=32167874|rate=112542.6/s|walker_min=73.126|walker_med=115.881|walker_max=126.831
STEP|n=263300000|unique=5187706|accepted=32171472|rate=112546.0/s|walker_min=88.098|walker_med=116.695|walker_max=126.046
STEP|n=263400000|unique=5191132|accepted=32174898|rate=112549.8/s|walker_min=84.429|walker_med=117.915|walker_max=126.745
STEP|n=263500000|unique=5194246|accepted=32178012|rate=112553.2/s|walker_min=86.120|walker_med=117.104|walker_max=126.557
STEP|n=263600000|unique=5197403|accepted=32181169|rate=112557.0/s|walker_min=94.706|walker_med=119.785|walker_max=126.789
STEP|n=263700000|unique=5200358|accepted=32184124|rate=112560.9/s|walker_min=93.735|walker_med=116.434|walker_max=126.800
STEP|n=263800000|unique=5203570|accepted=32187336|rate=112564.9/s|walker_min=92.559|walker_med=113.800|walker_max=125.080
STEP|n=263900000|unique=5206637|accepted=32190403|rate=112569.0/s|walker_min=92.248|walker_med=116.222|walker_max=126.458
STEP|n=264000000|unique=5209562|accepted=32193328|rate=112573.0/s|walker_min=85.443|walker_med=120.795|walker_max=126.302
STEP|n=264100000|unique=5212692|accepted=32196458|rate=112577.0/s|walker_min=94.410|walker_med=115.906|walker_max=126.248
STEP|n=264200000|unique=5215840|accepted=32199606|rate=112580.9/s|walker_min=77.050|walker_med=116.878|walker_max=126.762
STEP|n=264300000|unique=5219006|accepted=32202772|rate=112584.9/s|walker_min=94.905|walker_med=120.425|walker_max=126.771
STEP|n=264400000|unique=5222204|accepted=32205970|rate=112588.9/s|walker_min=89.159|walker_med=113.151|walker_max=126.168
STEP|n=264500000|unique=5225329|accepted=32209095|rate=112592.8/s|walker_min=93.922|walker_med=118.299|walker_max=126.171
STEP|n=264600000|unique=5228473|accepted=32212239|rate=112596.6/s|walker_min=81.261|walker_med=115.777|walker_max=124.342
STEP|n=264700000|unique=5231706|accepted=32215472|rate=112600.4/s|walker_min=57.504|walker_med=117.878|walker_max=126.636
STEP|n=264800000|unique=5235148|accepted=32218914|rate=112604.1/s|walker_min=71.587|walker_med=113.221|walker_max=126.399
STEP|n=264900000|unique=5239234|accepted=32223000|rate=112607.2/s|walker_min=80.593|walker_med=112.906|walker_max=126.314
STEP|n=265000000|unique=5243597|accepted=32227363|rate=112609.8/s|walker_min=57.474|walker_med=93.306|walker_max=125.643
STEP|n=265100000|unique=5247821|accepted=32231587|rate=112611.1/s|walker_min=67.128|walker_med=111.170|walker_max=124.665
STEP|n=265200000|unique=5252017|accepted=32235783|rate=112613.9/s|walker_min=83.886|walker_med=115.307|walker_max=126.498
STEP|n=265300000|unique=5255719|accepted=32239485|rate=112617.3/s|walker_min=76.690|walker_med=117.219|walker_max=126.092
STEP|n=265400000|unique=5259511|accepted=32243277|rate=112620.8/s|walker_min=87.145|walker_med=118.842|walker_max=126.695
STEP|n=265500000|unique=5262988|accepted=32246754|rate=112619.5/s|walker_min=95.945|walker_med=115.014|walker_max=126.619
STEP|n=265600000|unique=5266609|accepted=32250375|rate=112622.9/s|walker_min=89.178|walker_med=119.360|walker_max=126.659
STEP|n=265700000|unique=5269737|accepted=32253503|rate=112626.8/s|walker_min=72.350|walker_med=119.506|walker_max=126.685
STEP|n=265800000|unique=5272625|accepted=32256391|rate=112631.0/s|walker_min=61.558|walker_med=119.370|walker_max=126.726
STEP|n=265900000|unique=5275279|accepted=32259045|rate=112635.0/s|walker_min=86.579|walker_med=120.244|walker_max=126.579
STEP|n=266000000|unique=5278125|accepted=32261891|rate=112639.2/s|walker_min=56.551|walker_med=119.403|walker_max=126.695
STEP|n=266100000|unique=5281184|accepted=32264950|rate=112643.3/s|walker_min=75.391|walker_med=119.508|walker_max=126.850
STEP|n=266200000|unique=5284351|accepted=32268117|rate=112647.3/s|walker_min=62.841|walker_med=117.172|walker_max=126.288
STEP|n=266300000|unique=5287466|accepted=32271232|rate=112651.3/s|walker_min=87.757|walker_med=117.503|walker_max=126.773
STEP|n=266400000|unique=5290317|accepted=32274083|rate=112655.2/s|walker_min=81.620|walker_med=117.831|walker_max=126.602
STEP|n=266500000|unique=5293414|accepted=32277180|rate=112659.0/s|walker_min=97.342|walker_med=117.238|walker_max=126.541
STEP|n=266600000|unique=5296924|accepted=32280690|rate=112662.5/s|walker_min=85.679|walker_med=117.057|walker_max=125.055
STEP|n=266700000|unique=5300602|accepted=32284368|rate=112666.0/s|walker_min=72.673|walker_med=113.639|walker_max=125.856
STEP|n=266800000|unique=5304183|accepted=32287949|rate=112669.6/s|walker_min=70.184|walker_med=111.380|walker_max=125.687
STEP|n=266900000|unique=5307669|accepted=32291435|rate=112673.2/s|walker_min=70.689|walker_med=113.243|walker_max=126.639
STEP|n=267000000|unique=5312290|accepted=32296056|rate=112675.4/s|walker_min=56.482|walker_med=94.564|walker_max=124.334
STEP|n=267100000|unique=5316659|accepted=32300425|rate=112677.2/s|walker_min=72.881|walker_med=100.789|walker_max=123.300
STEP|n=267200000|unique=5320657|accepted=32304423|rate=112680.3/s|walker_min=82.747|walker_med=114.367|walker_max=125.799
STEP|n=267300000|unique=5324085|accepted=32307851|rate=112684.0/s|walker_min=78.793|walker_med=115.134|walker_max=126.596
STEP|n=267400000|unique=5327467|accepted=32311233|rate=112687.6/s|walker_min=80.464|walker_med=115.144|walker_max=126.672
STEP|n=267500000|unique=5330832|accepted=32314598|rate=112691.3/s|walker_min=76.264|walker_med=118.217|walker_max=125.610
STEP|n=267600000|unique=5334008|accepted=32317774|rate=112695.1/s|walker_min=79.394|walker_med=118.325|walker_max=126.832
STEP|n=267700000|unique=5337326|accepted=32321092|rate=112698.9/s|walker_min=104.739|walker_med=120.316|walker_max=126.692
STEP|n=267800000|unique=5340474|accepted=32324240|rate=112702.9/s|walker_min=94.284|walker_med=115.330|walker_max=125.896
STEP|n=267900000|unique=5343523|accepted=32327289|rate=112706.9/s|walker_min=85.535|walker_med=116.797|walker_max=126.775
STEP|n=268000000|unique=5346609|accepted=32330375|rate=112710.6/s|walker_min=91.492|walker_med=116.724|walker_max=126.137
STEP|n=268100000|unique=5349622|accepted=32333388|rate=112714.5/s|walker_min=73.026|walker_med=118.752|walker_max=126.645
STEP|n=268200000|unique=5352621|accepted=32336387|rate=112718.5/s|walker_min=84.077|walker_med=119.514|walker_max=126.557
STEP|n=268300000|unique=5355732|accepted=32339498|rate=112722.3/s|walker_min=78.135|walker_med=119.395|walker_max=126.794
STEP|n=268400000|unique=5359060|accepted=32342826|rate=112726.1/s|walker_min=90.558|walker_med=120.174|walker_max=126.432
STEP|n=268500000|unique=5362343|accepted=32346109|rate=112730.0/s|walker_min=76.033|walker_med=114.886|walker_max=126.772
STEP|n=268600000|unique=5365545|accepted=32349311|rate=112733.9/s|walker_min=80.219|walker_med=115.538|walker_max=126.735
STEP|n=268700000|unique=5368668|accepted=32352434|rate=112737.9/s|walker_min=67.936|walker_med=118.734|walker_max=126.531
STEP|n=268800000|unique=5372049|accepted=32355815|rate=112741.6/s|walker_min=67.612|walker_med=109.933|walker_max=126.836
STEP|n=268900000|unique=5375713|accepted=32359479|rate=112744.9/s|walker_min=65.423|walker_med=117.357|walker_max=126.848
STEP|n=269000000|unique=5379911|accepted=32363677|rate=112746.4/s|walker_min=55.485|walker_med=94.084|walker_max=125.966
STEP|n=269100000|unique=5384142|accepted=32367908|rate=112748.6/s|walker_min=78.235|walker_med=105.720|walker_max=126.368
STEP|n=269200000|unique=5387937|accepted=32371703|rate=112751.7/s|walker_min=66.755|walker_med=115.758|walker_max=126.773
STEP|n=269300000|unique=5391321|accepted=32375087|rate=112755.4/s|walker_min=79.507|walker_med=117.519|walker_max=125.056
STEP|n=269400000|unique=5394738|accepted=32378504|rate=112758.9/s|walker_min=79.841|walker_med=117.973|walker_max=125.969
STEP|n=269500000|unique=5397732|accepted=32381498|rate=112758.0/s|walker_min=85.021|walker_med=116.025|walker_max=124.858
STEP|n=269600000|unique=5400966|accepted=32384732|rate=112761.7/s|walker_min=86.777|walker_med=116.532|walker_max=126.578
STEP|n=269700000|unique=5404071|accepted=32387837|rate=112765.5/s|walker_min=92.228|walker_med=122.559|walker_max=126.820
STEP|n=269800000|unique=5407323|accepted=32391089|rate=112769.3/s|walker_min=85.202|walker_med=116.163|walker_max=125.333
STEP|n=269900000|unique=5410293|accepted=32394059|rate=112773.2/s|walker_min=82.504|walker_med=120.164|walker_max=126.774
STEP|n=270000000|unique=5413232|accepted=32396998|rate=112777.1/s|walker_min=90.635|walker_med=120.714|walker_max=126.724
STEP|n=270100000|unique=5416398|accepted=32400164|rate=112781.3/s|walker_min=98.158|walker_med=118.493|walker_max=126.116
STEP|n=270200000|unique=5419540|accepted=32403306|rate=112785.2/s|walker_min=97.966|walker_med=121.929|walker_max=126.635
STEP|n=270300000|unique=5422716|accepted=32406482|rate=112788.9/s|walker_min=82.494|walker_med=113.924|walker_max=126.684
STEP|n=270400000|unique=5425924|accepted=32409690|rate=112792.4/s|walker_min=84.878|walker_med=117.017|walker_max=126.725
STEP|n=270500000|unique=5429166|accepted=32412932|rate=112796.0/s|walker_min=85.436|walker_med=115.575|walker_max=126.795
STEP|n=270600000|unique=5432542|accepted=32416308|rate=112799.8/s|walker_min=82.262|walker_med=110.075|walker_max=126.832
STEP|n=270700000|unique=5435874|accepted=32419640|rate=112803.3/s|walker_min=60.565|walker_med=114.757|walker_max=126.113
STEP|n=270800000|unique=5439424|accepted=32423190|rate=112806.9/s|walker_min=47.349|walker_med=115.348|walker_max=126.459
STEP|n=270900000|unique=5443608|accepted=32427374|rate=112809.8/s|walker_min=75.481|walker_med=115.631|walker_max=126.506
STEP|n=271000000|unique=5447522|accepted=32431288|rate=112812.1/s|walker_min=55.221|walker_med=102.557|walker_max=123.010
STEP|n=271100000|unique=5451478|accepted=32435244|rate=112814.4/s|walker_min=79.166|walker_med=117.188|walker_max=126.201
STEP|n=271200000|unique=5455476|accepted=32439242|rate=112817.4/s|walker_min=89.283|walker_med=115.918|walker_max=126.188
STEP|n=271300000|unique=5458980|accepted=32442746|rate=112821.0/s|walker_min=55.008|walker_med=116.167|walker_max=125.847
STEP|n=271400000|unique=5462401|accepted=32446167|rate=112824.7/s|walker_min=85.500|walker_med=111.712|walker_max=125.690
STEP|n=271500000|unique=5465598|accepted=32449364|rate=112828.2/s|walker_min=72.171|walker_med=119.160|walker_max=126.589
STEP|n=271600000|unique=5468746|accepted=32452512|rate=112832.1/s|walker_min=65.605|walker_med=116.489|walker_max=126.838
STEP|n=271700000|unique=5471836|accepted=32455602|rate=112835.8/s|walker_min=90.470|walker_med=112.130|walker_max=125.800
STEP|n=271800000|unique=5474880|accepted=32458646|rate=112839.7/s|walker_min=92.024|walker_med=118.368|walker_max=125.369
STEP|n=271900000|unique=5477940|accepted=32461706|rate=112843.5/s|walker_min=90.397|walker_med=117.822|walker_max=126.850
STEP|n=272000000|unique=5480820|accepted=32464586|rate=112847.2/s|walker_min=98.466|walker_med=118.730|walker_max=126.042
STEP|n=272100000|unique=5483879|accepted=32467645|rate=112851.2/s|walker_min=76.887|walker_med=118.788|walker_max=126.271
STEP|n=272200000|unique=5487068|accepted=32470834|rate=112854.9/s|walker_min=93.232|walker_med=119.271|walker_max=126.779
STEP|n=272300000|unique=5489958|accepted=32473724|rate=112858.7/s|walker_min=94.558|walker_med=121.741|walker_max=126.765
STEP|n=272400000|unique=5493041|accepted=32476807|rate=112862.4/s|walker_min=61.674|walker_med=115.293|walker_max=126.543
STEP|n=272500000|unique=5496131|accepted=32479897|rate=112866.2/s|walker_min=81.013|walker_med=119.166|walker_max=126.480
STEP|n=272600000|unique=5499185|accepted=32482951|rate=112869.9/s|walker_min=63.924|walker_med=118.704|walker_max=126.767
STEP|n=272700000|unique=5502621|accepted=32486387|rate=112873.4/s|walker_min=90.102|walker_med=114.982|walker_max=126.644
STEP|n=272800000|unique=5506103|accepted=32489869|rate=112876.9/s|walker_min=85.252|walker_med=118.027|walker_max=126.376
STEP|n=272900000|unique=5509545|accepted=32493311|rate=112880.1/s|walker_min=73.215|walker_med=114.445|walker_max=126.740
STEP|n=273000000|unique=5513429|accepted=32497195|rate=112881.0/s|walker_min=53.385|walker_med=97.484|walker_max=126.504
STEP|n=273100000|unique=5517672|accepted=32501438|rate=112883.0/s|walker_min=91.749|walker_med=116.740|walker_max=125.228
STEP|n=273200000|unique=5521157|accepted=32504923|rate=112886.1/s|walker_min=84.281|walker_med=114.963|walker_max=126.807
STEP|n=273300000|unique=5524789|accepted=32508555|rate=112889.4/s|walker_min=68.475|walker_med=111.139|walker_max=126.364
STEP|n=273400000|unique=5528192|accepted=32511958|rate=112892.7/s|walker_min=81.280|walker_med=120.461|walker_max=126.195
STEP|n=273500000|unique=5531447|accepted=32515213|rate=112891.2/s|walker_min=83.088|walker_med=118.484|walker_max=126.822
STEP|n=273600000|unique=5534742|accepted=32518508|rate=112894.9/s|walker_min=74.924|walker_med=116.448|walker_max=125.905
STEP|n=273700000|unique=5537849|accepted=32521615|rate=112898.8/s|walker_min=86.003|walker_med=119.070|walker_max=126.408
STEP|n=273800000|unique=5540881|accepted=32524647|rate=112902.8/s|walker_min=79.656|walker_med=120.124|walker_max=126.575
STEP|n=273900000|unique=5544116|accepted=32527882|rate=112906.6/s|walker_min=85.956|walker_med=113.399|walker_max=126.680
STEP|n=274000000|unique=5547225|accepted=32530991|rate=112910.4/s|walker_min=85.845|walker_med=121.178|walker_max=126.687
STEP|n=274100000|unique=5550217|accepted=32533983|rate=112914.4/s|walker_min=90.980|walker_med=119.600|walker_max=126.479
STEP|n=274200000|unique=5553460|accepted=32537226|rate=112918.2/s|walker_min=88.770|walker_med=115.180|walker_max=126.549
STEP|n=274300000|unique=5556562|accepted=32540328|rate=112922.0/s|walker_min=91.742|walker_med=120.959|walker_max=126.786
STEP|n=274400000|unique=5559684|accepted=32543450|rate=112925.8/s|walker_min=81.618|walker_med=117.327|walker_max=126.435
STEP|n=274500000|unique=5562646|accepted=32546412|rate=112929.5/s|walker_min=86.594|walker_med=120.979|walker_max=126.603
STEP|n=274600000|unique=5565953|accepted=32549719|rate=112933.0/s|walker_min=92.541|walker_med=119.652|walker_max=126.000
STEP|n=274700000|unique=5569414|accepted=32553180|rate=112936.6/s|walker_min=69.642|walker_med=118.349|walker_max=125.865
STEP|n=274800000|unique=5572622|accepted=32556388|rate=112939.9/s|walker_min=78.361|walker_med=111.453|walker_max=126.388
STEP|n=274900000|unique=5576142|accepted=32559908|rate=112943.1/s|walker_min=62.516|walker_med=111.218|walker_max=125.864
STEP|n=275000000|unique=5580506|accepted=32564272|rate=112945.1/s|walker_min=55.682|walker_med=93.251|walker_max=122.390
STEP|n=275100000|unique=5584531|accepted=32568297|rate=112946.7/s|walker_min=76.214|walker_med=110.861|walker_max=126.179
STEP|n=275200000|unique=5588220|accepted=32571986|rate=112949.8/s|walker_min=71.541|walker_med=117.425|walker_max=126.270
STEP|n=275300000|unique=5591636|accepted=32575402|rate=112953.1/s|walker_min=67.917|walker_med=115.903|walker_max=126.371
STEP|n=275400000|unique=5594993|accepted=32578759|rate=112950.7/s|walker_min=72.112|walker_med=117.038|walker_max=126.541
STEP|n=275500000|unique=5597862|accepted=32581628|rate=112954.6/s|walker_min=88.628|walker_med=117.845|walker_max=126.709
STEP|n=275600000|unique=5600606|accepted=32584372|rate=112958.5/s|walker_min=76.476|walker_med=115.350|walker_max=126.614
STEP|n=275700000|unique=5603590|accepted=32587356|rate=112962.2/s|walker_min=79.312|walker_med=113.515|walker_max=126.513
STEP|n=275800000|unique=5606917|accepted=32590683|rate=112965.6/s|walker_min=89.471|walker_med=118.648|walker_max=126.334
STEP|n=275900000|unique=5609858|accepted=32593624|rate=112969.5/s|walker_min=94.481|walker_med=117.096|walker_max=125.696
STEP|n=276000000|unique=5612882|accepted=32596648|rate=112973.3/s|walker_min=89.652|walker_med=120.604|walker_max=126.759
STEP|n=276100000|unique=5615846|accepted=32599612|rate=112976.9/s|walker_min=86.207|walker_med=118.074|walker_max=126.837
STEP|n=276200000|unique=5618844|accepted=32602610|rate=112980.7/s|walker_min=93.514|walker_med=120.421|walker_max=126.750
STEP|n=276300000|unique=5621955|accepted=32605721|rate=112984.4/s|walker_min=85.547|walker_med=116.265|walker_max=125.962
STEP|n=276400000|unique=5625151|accepted=32608917|rate=112988.0/s|walker_min=90.613|walker_med=116.905|walker_max=126.445
STEP|n=276500000|unique=5628479|accepted=32612245|rate=112991.5/s|walker_min=84.461|walker_med=115.140|walker_max=126.315
STEP|n=276600000|unique=5631779|accepted=32615545|rate=112995.1/s|walker_min=90.653|walker_med=117.687|walker_max=126.478
STEP|n=276700000|unique=5635244|accepted=32619010|rate=112998.5/s|walker_min=79.676|walker_med=115.933|walker_max=125.883
STEP|n=276800000|unique=5639045|accepted=32622811|rate=113001.7/s|walker_min=80.723|walker_med=110.420|walker_max=125.162
STEP|n=276900000|unique=5643003|accepted=32626769|rate=113004.8/s|walker_min=59.279|walker_med=113.783|walker_max=126.406
STEP|n=277000000|unique=5647114|accepted=32630880|rate=113006.5/s|walker_min=50.582|walker_med=102.611|walker_max=126.713
STEP|n=277100000|unique=5651527|accepted=32635293|rate=113008.5/s|walker_min=81.941|walker_med=107.153|walker_max=122.525
STEP|n=277200000|unique=5655035|accepted=32638801|rate=113011.6/s|walker_min=63.596|walker_med=106.060|walker_max=125.094
STEP|n=277300000|unique=5658569|accepted=32642335|rate=113014.7/s|walker_min=83.589|walker_med=115.071|walker_max=126.604
STEP|n=277400000|unique=5661882|accepted=32645648|rate=113017.8/s|walker_min=88.699|walker_med=120.238|walker_max=126.277
STEP|n=277500000|unique=5665459|accepted=32649225|rate=113016.0/s|walker_min=97.573|walker_med=113.996|walker_max=126.513
STEP|n=277600000|unique=5668674|accepted=32652440|rate=113019.5/s|walker_min=83.997|walker_med=118.142|walker_max=125.272
STEP|n=277700000|unique=5671843|accepted=32655609|rate=113023.0/s|walker_min=92.028|walker_med=118.898|walker_max=126.345
STEP|n=277800000|unique=5674930|accepted=32658696|rate=113026.6/s|walker_min=100.406|walker_med=118.551|walker_max=126.672
STEP|n=277900000|unique=5677932|accepted=32661698|rate=113030.3/s|walker_min=85.902|walker_med=119.878|walker_max=126.383
STEP|n=278000000|unique=5681012|accepted=32664778|rate=113034.1/s|walker_min=93.330|walker_med=120.377|walker_max=126.422
STEP|n=278100000|unique=5684015|accepted=32667781|rate=113037.9/s|walker_min=103.645|walker_med=120.072|walker_max=126.594
STEP|n=278200000|unique=5686891|accepted=32670657|rate=113041.2/s|walker_min=72.616|walker_med=116.588|walker_max=125.816
STEP|n=278300000|unique=5689945|accepted=32673711|rate=113044.7/s|walker_min=94.264|walker_med=120.458|walker_max=126.013
STEP|n=278400000|unique=5693155|accepted=32676921|rate=113048.2/s|walker_min=79.099|walker_med=118.348|walker_max=126.279
STEP|n=278500000|unique=5696296|accepted=32680062|rate=113051.8/s|walker_min=65.934|walker_med=117.966|walker_max=126.598
STEP|n=278600000|unique=5699516|accepted=32683282|rate=113055.2/s|walker_min=87.157|walker_med=117.899|walker_max=126.575
STEP|n=278700000|unique=5703092|accepted=32686858|rate=113058.4/s|walker_min=90.304|walker_med=117.382|walker_max=126.322
STEP|n=278800000|unique=5706545|accepted=32690311|rate=113061.4/s|walker_min=71.347|walker_med=111.770|walker_max=125.959
STEP|n=278900000|unique=5710243|accepted=32694009|rate=113064.2/s|walker_min=75.314|walker_med=111.176|walker_max=126.795
STEP|n=279000000|unique=5713992|accepted=32697758|rate=113066.0/s|walker_min=53.546|walker_med=91.727|walker_max=126.237
STEP|n=279100000|unique=5718134|accepted=32701900|rate=113067.7/s|walker_min=58.234|walker_med=106.600|walker_max=126.298
STEP|n=279200000|unique=5721837|accepted=32705603|rate=113070.6/s|walker_min=63.389|walker_med=113.181|walker_max=126.722
STEP|n=279300000|unique=5725208|accepted=32708974|rate=113073.9/s|walker_min=82.756|walker_med=117.327|walker_max=126.813
STEP|n=279400000|unique=5728414|accepted=32712180|rate=113077.1/s|walker_min=88.708|walker_med=113.817|walker_max=126.286
STEP|n=279500000|unique=5731711|accepted=32715477|rate=113080.6/s|walker_min=72.939|walker_med=112.842|walker_max=126.754
STEP|n=279600000|unique=5734758|accepted=32718524|rate=113084.2/s|walker_min=84.702|walker_med=117.124|walker_max=126.811
STEP|n=279700000|unique=5737670|accepted=32721436|rate=113087.9/s|walker_min=100.011|walker_med=121.236|walker_max=126.043
STEP|n=279800000|unique=5740680|accepted=32724446|rate=113091.8/s|walker_min=98.814|walker_med=119.912|walker_max=126.683
STEP|n=279900000|unique=5743775|accepted=32727541|rate=113095.6/s|walker_min=93.501|walker_med=118.084|walker_max=126.663
STEP|n=280000000|unique=5746681|accepted=32730447|rate=113099.2/s|walker_min=95.832|walker_med=118.702|walker_max=126.398
STEP|n=280100000|unique=5749500|accepted=32733266|rate=113102.8/s|walker_min=96.154|walker_med=120.788|walker_max=126.823
STEP|n=280200000|unique=5752643|accepted=32736409|rate=113106.2/s|walker_min=95.670|walker_med=119.905|walker_max=126.851
STEP|n=280300000|unique=5755834|accepted=32739600|rate=113109.8/s|walker_min=87.439|walker_med=119.534|walker_max=126.820
STEP|n=280400000|unique=5758913|accepted=32742679|rate=113113.3/s|walker_min=88.511|walker_med=116.452|walker_max=126.810
STEP|n=280500000|unique=5762004|accepted=32745770|rate=113116.8/s|walker_min=76.893|walker_med=115.930|walker_max=126.165
STEP|n=280600000|unique=5765269|accepted=32749035|rate=113120.3/s|walker_min=78.427|walker_med=114.880|walker_max=126.765
STEP|n=280700000|unique=5768360|accepted=32752126|rate=113123.7/s|walker_min=77.355|walker_med=116.355|walker_max=126.713
STEP|n=280800000|unique=5771796|accepted=32755562|rate=113127.1/s|walker_min=79.447|walker_med=114.938|walker_max=126.652
STEP|n=280900000|unique=5775754|accepted=32759520|rate=113130.0/s|walker_min=86.499|walker_med=115.417|walker_max=126.716
STEP|n=281000000|unique=5779964|accepted=32763730|rate=113131.9/s|walker_min=52.687|walker_med=96.973|walker_max=125.953
STEP|n=281100000|unique=5784078|accepted=32767844|rate=113133.1/s|walker_min=73.749|walker_med=111.059|walker_max=126.397
STEP|n=281200000|unique=5787437|accepted=32771203|rate=113136.2/s|walker_min=70.672|walker_med=113.937|walker_max=126.258
STEP|n=281300000|unique=5791109|accepted=32774875|rate=113139.3/s|walker_min=92.154|walker_med=117.447|walker_max=126.141
STEP|n=281400000|unique=5794408|accepted=32778174|rate=113142.5/s|walker_min=66.651|walker_med=114.617|walker_max=125.514
STEP|n=281500000|unique=5797805|accepted=32781571|rate=113140.2/s|walker_min=86.228|walker_med=115.812|walker_max=125.966
STEP|n=281600000|unique=5801136|accepted=32784902|rate=113143.6/s|walker_min=93.001|walker_med=115.543|walker_max=126.807
STEP|n=281700000|unique=5804201|accepted=32787967|rate=113147.2/s|walker_min=89.269|walker_med=115.608|walker_max=126.745
STEP|n=281800000|unique=5807250|accepted=32791016|rate=113150.7/s|walker_min=71.427|walker_med=118.044|walker_max=126.548
STEP|n=281900000|unique=5810421|accepted=32794187|rate=113154.3/s|walker_min=89.868|walker_med=115.147|walker_max=125.242
STEP|n=282000000|unique=5813402|accepted=32797168|rate=113158.1/s|walker_min=91.104|walker_med=116.845|walker_max=126.536
STEP|n=282100000|unique=5816307|accepted=32800073|rate=113161.7/s|walker_min=96.003|walker_med=118.326|walker_max=126.708
STEP|n=282200000|unique=5819520|accepted=32803286|rate=113165.2/s|walker_min=100.439|walker_med=122.700|walker_max=126.727
STEP|n=282300000|unique=5822628|accepted=32806394|rate=113168.7/s|walker_min=98.477|walker_med=119.710|walker_max=125.506
STEP|n=282400000|unique=5825954|accepted=32809720|rate=113172.2/s|walker_min=79.423|walker_med=119.219|walker_max=126.378
STEP|n=282500000|unique=5829303|accepted=32813069|rate=113175.7/s|walker_min=86.524|walker_med=115.407|walker_max=126.565
STEP|n=282600000|unique=5832331|accepted=32816097|rate=113179.1/s|walker_min=91.519|walker_med=116.721|walker_max=126.362
STEP|n=282700000|unique=5835579|accepted=32819345|rate=113182.5/s|walker_min=83.175|walker_med=116.045|walker_max=126.454
STEP|n=282800000|unique=5838910|accepted=32822676|rate=113185.7/s|walker_min=79.057|walker_med=117.004|walker_max=126.388
STEP|n=282900000|unique=5842526|accepted=32826292|rate=113188.7/s|walker_min=58.070|walker_med=111.951|walker_max=126.387
STEP|n=283000000|unique=5846572|accepted=32830338|rate=113190.7/s|walker_min=57.217|walker_med=95.621|walker_max=126.426
STEP|n=283100000|unique=5850348|accepted=32834114|rate=113192.9/s|walker_min=58.723|walker_med=105.820|walker_max=126.541
STEP|n=283200000|unique=5854107|accepted=32837873|rate=113195.6/s|walker_min=60.320|walker_med=111.993|walker_max=126.772
STEP|n=283300000|unique=5857786|accepted=32841552|rate=113198.6/s|walker_min=80.766|walker_med=114.220|walker_max=126.715
STEP|n=283400000|unique=5861170|accepted=32844936|rate=113201.8/s|walker_min=68.415|walker_med=116.555|walker_max=126.783
STEP|n=283500000|unique=5864487|accepted=32848253|rate=113205.4/s|walker_min=93.764|walker_med=120.988|walker_max=126.251
STEP|n=283600000|unique=5867746|accepted=32851512|rate=113208.9/s|walker_min=96.226|walker_med=120.797|walker_max=126.472
STEP|n=283700000|unique=5870740|accepted=32854506|rate=113212.2/s|walker_min=80.739|walker_med=115.963|walker_max=126.671
STEP|n=283800000|unique=5873623|accepted=32857389|rate=113215.6/s|walker_min=90.605|walker_med=119.262|walker_max=126.401
STEP|n=283900000|unique=5876568|accepted=32860334|rate=113219.2/s|walker_min=101.437|walker_med=118.869|walker_max=126.790
STEP|n=284000000|unique=5879426|accepted=32863192|rate=113222.9/s|walker_min=98.871|walker_med=119.066|walker_max=126.578
STEP|n=284100000|unique=5882439|accepted=32866205|rate=113227.7/s|walker_min=99.016|walker_med=117.356|walker_max=126.273
STEP|n=284200000|unique=5885585|accepted=32869351|rate=113232.6/s|walker_min=90.667|walker_med=118.841|walker_max=126.571
STEP|n=284300000|unique=5888599|accepted=32872365|rate=113237.5/s|walker_min=92.299|walker_med=118.828|walker_max=126.608
STEP|n=284400000|unique=5891764|accepted=32875530|rate=113241.0/s|walker_min=100.141|walker_med=120.689|walker_max=126.681
STEP|n=284500000|unique=5894844|accepted=32878610|rate=113244.4/s|walker_min=92.478|walker_med=120.344|walker_max=126.485
STEP|n=284600000|unique=5898047|accepted=32881813|rate=113247.7/s|walker_min=101.392|walker_med=119.741|walker_max=126.577
STEP|n=284700000|unique=5901102|accepted=32884868|rate=113252.3/s|walker_min=75.668|walker_med=115.416|walker_max=126.404
STEP|n=284800000|unique=5904680|accepted=32888446|rate=113256.6/s|walker_min=83.235|walker_med=113.141|walker_max=124.627
STEP|n=284900000|unique=5908581|accepted=32892347|rate=113260.4/s|walker_min=91.008|walker_med=111.884|walker_max=126.628
STEP|n=285000000|unique=5912639|accepted=32896405|rate=113263.2/s|walker_min=71.496|walker_med=104.525|walker_max=123.239
STEP|n=285100000|unique=5916640|accepted=32900406|rate=113266.6/s|walker_min=61.048|walker_med=108.432|walker_max=126.557
STEP|n=285200000|unique=5920472|accepted=32904238|rate=113270.2/s|walker_min=80.439|walker_med=115.699|walker_max=126.828
STEP|n=285300000|unique=5923951|accepted=32907717|rate=113273.5/s|walker_min=88.556|walker_med=115.838|walker_max=126.498
STEP|n=285400000|unique=5926946|accepted=32910712|rate=113276.9/s|walker_min=92.144|walker_med=116.337|walker_max=125.225
STEP|n=285500000|unique=5929873|accepted=32913639|rate=113281.0/s|walker_min=84.871|walker_med=112.323|walker_max=125.935
STEP|n=285600000|unique=5932966|accepted=32916732|rate=113280.6/s|walker_min=81.629|walker_med=115.410|walker_max=126.625
STEP|n=285700000|unique=5936209|accepted=32919975|rate=113285.4/s|walker_min=86.674|walker_med=119.710|walker_max=126.718
STEP|n=285800000|unique=5939356|accepted=32923122|rate=113289.2/s|walker_min=91.334|walker_med=119.250|walker_max=126.823
STEP|n=285900000|unique=5942403|accepted=32926169|rate=113292.8/s|walker_min=86.283|walker_med=121.227|walker_max=126.803
STEP|n=286000000|unique=5945348|accepted=32929114|rate=113296.3/s|walker_min=94.216|walker_med=119.399|walker_max=126.668
STEP|n=286100000|unique=5948361|accepted=32932127|rate=113300.9/s|walker_min=100.620|walker_med=119.320|walker_max=126.356
STEP|n=286200000|unique=5951008|accepted=32934774|rate=113306.0/s|walker_min=102.116|walker_med=121.253|walker_max=126.691
STEP|n=286300000|unique=5953878|accepted=32937644|rate=113311.1/s|walker_min=82.542|walker_med=115.949|walker_max=126.151
STEP|n=286400000|unique=5956837|accepted=32940603|rate=113315.0/s|walker_min=90.500|walker_med=116.359|walker_max=126.349
STEP|n=286500000|unique=5959509|accepted=32943275|rate=113318.6/s|walker_min=65.303|walker_med=116.027|walker_max=126.273
STEP|n=286600000|unique=5963012|accepted=32946778|rate=113321.8/s|walker_min=72.374|walker_med=114.543|walker_max=126.424
STEP|n=286700000|unique=5966394|accepted=32950160|rate=113326.3/s|walker_min=75.286|walker_med=113.539|walker_max=125.508
STEP|n=286800000|unique=5969956|accepted=32953722|rate=113330.9/s|walker_min=82.038|walker_med=116.414|walker_max=125.644
STEP|n=286900000|unique=5973413|accepted=32957179|rate=113335.4/s|walker_min=69.507|walker_med=114.857|walker_max=126.605
STEP|n=287000000|unique=5977537|accepted=32961303|rate=113337.5/s|walker_min=71.260|walker_med=98.400|walker_max=125.694
STEP|n=287100000|unique=5981548|accepted=32965314|rate=113339.4/s|walker_min=73.137|walker_med=103.726|walker_max=126.634
STEP|n=287200000|unique=5985217|accepted=32968983|rate=113342.4/s|walker_min=78.473|walker_med=115.979|walker_max=126.779
STEP|n=287300000|unique=5988846|accepted=32972612|rate=113346.8/s|walker_min=59.226|walker_med=116.887|walker_max=125.804
STEP|n=287400000|unique=5991999|accepted=32975765|rate=113351.6/s|walker_min=70.404|walker_med=117.777|walker_max=126.704
STEP|n=287500000|unique=5995133|accepted=32978899|rate=113355.9/s|walker_min=89.664|walker_med=120.576|walker_max=126.245
STEP|n=287600000|unique=5998033|accepted=32981799|rate=113359.4/s|walker_min=99.516|walker_med=120.324|walker_max=126.710
STEP|n=287700000|unique=6001045|accepted=32984811|rate=113362.8/s|walker_min=78.050|walker_med=118.090|walker_max=126.596
STEP|n=287800000|unique=6004032|accepted=32987798|rate=113366.8/s|walker_min=102.400|walker_med=121.682|walker_max=126.777
STEP|n=287900000|unique=6006808|accepted=32990574|rate=113371.9/s|walker_min=89.428|walker_med=117.323|walker_max=126.106
STEP|n=288000000|unique=6009589|accepted=32993355|rate=113377.3/s|walker_min=77.800|walker_med=119.594|walker_max=125.808
STEP|n=288100000|unique=6012263|accepted=32996029|rate=113382.1/s|walker_min=77.427|walker_med=117.157|walker_max=126.592
STEP|n=288200000|unique=6015104|accepted=32998870|rate=113385.9/s|walker_min=89.000|walker_med=117.902|walker_max=126.385
STEP|n=288300000|unique=6018170|accepted=33001936|rate=113389.5/s|walker_min=70.499|walker_med=118.100|walker_max=126.061
STEP|n=288400000|unique=6020873|accepted=33004639|rate=113393.9/s|walker_min=98.587|walker_med=113.843|walker_max=125.090
STEP|n=288500000|unique=6024165|accepted=33007931|rate=113398.7/s|walker_min=76.639|walker_med=115.813|walker_max=126.310
STEP|n=288600000|unique=6027243|accepted=33011009|rate=113403.5/s|walker_min=70.419|walker_med=115.787|walker_max=126.388
STEP|n=288700000|unique=6030608|accepted=33014374|rate=113407.8/s|walker_min=89.886|walker_med=116.300|walker_max=126.679
STEP|n=288800000|unique=6034127|accepted=33017893|rate=113411.0/s|walker_min=83.040|walker_med=113.094|walker_max=125.750
STEP|n=288900000|unique=6038022|accepted=33021788|rate=113413.8/s|walker_min=65.860|walker_med=109.621|walker_max=124.806
STEP|n=289000000|unique=6042003|accepted=33025769|rate=113416.8/s|walker_min=54.127|walker_med=94.153|walker_max=126.352
STEP|n=289100000|unique=6046117|accepted=33029883|rate=113420.6/s|walker_min=73.584|walker_med=109.820|walker_max=124.383
STEP|n=289200000|unique=6049954|accepted=33033720|rate=113424.9/s|walker_min=57.384|walker_med=117.826|walker_max=124.794
STEP|n=289300000|unique=6053162|accepted=33036928|rate=113428.6/s|walker_min=91.573|walker_med=116.226|walker_max=126.418
STEP|n=289400000|unique=6056232|accepted=33039998|rate=113431.9/s|walker_min=91.832|walker_med=119.985|walker_max=126.158
STEP|n=289500000|unique=6059441|accepted=33043207|rate=113435.3/s|walker_min=80.307|walker_med=116.219|walker_max=126.158
STEP|n=289600000|unique=6062484|accepted=33046250|rate=113440.2/s|walker_min=64.337|walker_med=113.283|walker_max=126.403
STEP|n=289700000|unique=6065566|accepted=33049332|rate=113440.2/s|walker_min=86.785|walker_med=117.703|walker_max=126.388
STEP|n=289800000|unique=6068550|accepted=33052316|rate=113445.4/s|walker_min=91.466|walker_med=119.137|walker_max=126.842
STEP|n=289900000|unique=6071502|accepted=33055268|rate=113449.0/s|walker_min=93.555|walker_med=115.851|walker_max=124.268
STEP|n=290000000|unique=6074421|accepted=33058187|rate=113452.4/s|walker_min=83.913|walker_med=119.314|walker_max=126.333
PRUNE_START|step=290000000|unique=6074421|active_cutoff=126.850696
PRUNE_DONE|step=290000000|unique=4000000|active_cutoff=120.626535|reservoir=200000
STEP|n=290100000|unique=4002206|accepted=33060393|rate=113399.1/s|walker_min=97.432|walker_med=113.208|walker_max=120.338
STEP|n=290200000|unique=4004536|accepted=33062723|rate=113404.3/s|walker_min=74.845|walker_med=109.142|walker_max=118.821
STEP|n=290300000|unique=4006693|accepted=33064880|rate=113408.5/s|walker_min=66.906|walker_med=113.576|walker_max=120.420
STEP|n=290400000|unique=4008753|accepted=33066940|rate=113412.2/s|walker_min=79.551|walker_med=114.190|walker_max=120.233
STEP|n=290500000|unique=4011201|accepted=33069388|rate=113415.7/s|walker_min=81.660|walker_med=110.994|walker_max=120.290
STEP|n=290600000|unique=4013678|accepted=33071865|rate=113420.5/s|walker_min=65.406|walker_med=110.452|walker_max=120.286
STEP|n=290700000|unique=4016106|accepted=33074293|rate=113425.4/s|walker_min=81.624|walker_med=112.335|walker_max=120.332
STEP|n=290800000|unique=4018607|accepted=33076794|rate=113430.3/s|walker_min=85.897|walker_med=111.134|walker_max=120.122
STEP|n=290900000|unique=4021295|accepted=33079482|rate=113433.6/s|walker_min=56.676|walker_med=95.834|walker_max=120.539
STEP|n=291000000|unique=4024135|accepted=33082322|rate=113436.5/s|walker_min=53.631|walker_med=95.899|walker_max=118.990
STEP|n=291100000|unique=4026946|accepted=33085133|rate=113439.3/s|walker_min=69.887|walker_med=106.042|walker_max=120.604
STEP|n=291200000|unique=4029643|accepted=33087830|rate=113444.3/s|walker_min=80.830|walker_med=111.365|walker_max=120.597
STEP|n=291300000|unique=4031985|accepted=33090172|rate=113449.4/s|walker_min=76.606|walker_med=113.190|walker_max=120.294
STEP|n=291400000|unique=4034363|accepted=33092550|rate=113454.5/s|walker_min=57.795|walker_med=112.243|walker_max=120.292
STEP|n=291500000|unique=4036749|accepted=33094936|rate=113457.9/s|walker_min=85.798|walker_med=110.349|walker_max=120.491
STEP|n=291600000|unique=4039064|accepted=33097251|rate=113461.4/s|walker_min=71.566|walker_med=109.782|walker_max=119.605
STEP|n=291700000|unique=4041419|accepted=33099606|rate=113465.0/s|walker_min=86.323|walker_med=112.930|walker_max=120.270
STEP|n=291800000|unique=4043773|accepted=33101960|rate=113470.0/s|walker_min=87.312|walker_med=111.941|walker_max=119.529
STEP|n=291900000|unique=4046170|accepted=33104357|rate=113475.2/s|walker_min=57.981|walker_med=111.389|walker_max=120.498
STEP|n=292000000|unique=4048459|accepted=33106646|rate=113480.0/s|walker_min=90.510|walker_med=112.827|walker_max=120.252
STEP|n=292100000|unique=4050604|accepted=33108791|rate=113483.6/s|walker_min=86.127|walker_med=112.125|walker_max=119.678
STEP|n=292200000|unique=4052780|accepted=33110967|rate=113487.2/s|walker_min=85.650|walker_med=110.812|walker_max=120.178
STEP|n=292300000|unique=4054948|accepted=33113135|rate=113491.3/s|walker_min=63.229|walker_med=112.146|walker_max=120.517
STEP|n=292400000|unique=4057180|accepted=33115367|rate=113496.3/s|walker_min=80.902|walker_med=110.815|walker_max=120.533
STEP|n=292500000|unique=4059413|accepted=33117600|rate=113501.2/s|walker_min=53.813|walker_med=109.776|walker_max=120.515
STEP|n=292600000|unique=4061723|accepted=33119910|rate=113505.6/s|walker_min=76.427|walker_med=112.483|walker_max=120.207
STEP|n=292700000|unique=4064071|accepted=33122258|rate=113508.7/s|walker_min=64.752|walker_med=110.485|walker_max=120.457
STEP|n=292800000|unique=4066681|accepted=33124868|rate=113512.0/s|walker_min=75.770|walker_med=108.497|walker_max=119.866
STEP|n=292900000|unique=4069318|accepted=33127505|rate=113515.7/s|walker_min=53.202|walker_med=107.856|walker_max=120.391
STEP|n=293000000|unique=4072090|accepted=33130277|rate=113519.6/s|walker_min=56.850|walker_med=99.761|walker_max=120.436
STEP|n=293100000|unique=4074731|accepted=33132918|rate=113523.1/s|walker_min=55.478|walker_med=101.908|walker_max=120.286
STEP|n=293200000|unique=4077312|accepted=33135499|rate=113526.7/s|walker_min=56.777|walker_med=108.299|walker_max=119.617
STEP|n=293300000|unique=4079675|accepted=33137862|rate=113529.6/s|walker_min=65.850|walker_med=108.001|walker_max=120.169
STEP|n=293400000|unique=4081992|accepted=33140179|rate=113532.8/s|walker_min=87.072|walker_med=107.877|walker_max=120.377
STEP|n=293500000|unique=4084080|accepted=33142267|rate=113537.3/s|walker_min=67.579|walker_med=113.101|walker_max=120.511
STEP|n=293600000|unique=4086468|accepted=33144655|rate=113542.3/s|walker_min=84.924|walker_med=106.070|walker_max=120.295
STEP|n=293700000|unique=4088740|accepted=33146927|rate=113547.4/s|walker_min=70.159|walker_med=110.985|walker_max=119.697
STEP|n=293800000|unique=4090814|accepted=33149001|rate=113551.5/s|walker_min=82.316|walker_med=109.174|walker_max=119.427
STEP|n=293900000|unique=4093009|accepted=33151196|rate=113555.2/s|walker_min=95.785|walker_med=113.105|walker_max=120.512
STEP|n=294000000|unique=4095177|accepted=33153364|rate=113558.8/s|walker_min=92.307|walker_med=109.261|walker_max=120.555
STEP|n=294100000|unique=4097250|accepted=33155437|rate=113563.4/s|walker_min=77.733|walker_med=113.518|walker_max=120.487
STEP|n=294200000|unique=4099524|accepted=33157711|rate=113568.3/s|walker_min=86.329|walker_med=112.055|walker_max=120.261
STEP|n=294300000|unique=4101681|accepted=33159868|rate=113573.4/s|walker_min=96.851|walker_med=110.899|walker_max=119.640
STEP|n=294400000|unique=4103756|accepted=33161943|rate=113578.2/s|walker_min=92.409|walker_med=112.954|walker_max=120.267
STEP|n=294500000|unique=4105927|accepted=33164114|rate=113582.8/s|walker_min=86.458|walker_med=107.479|walker_max=120.267
STEP|n=294600000|unique=4108273|accepted=33166460|rate=113581.3/s|walker_min=86.537|walker_med=112.698|walker_max=120.269
STEP|n=294700000|unique=4110577|accepted=33168764|rate=113586.1/s|walker_min=78.548|walker_med=107.881|walker_max=119.900
STEP|n=294800000|unique=4113263|accepted=33171450|rate=113590.7/s|walker_min=84.945|walker_med=109.737|walker_max=119.414
STEP|n=294900000|unique=4115715|accepted=33173902|rate=113595.2/s|walker_min=77.707|walker_med=106.948|walker_max=119.485
STEP|n=295000000|unique=4118493|accepted=33176680|rate=113598.5/s|walker_min=53.932|walker_med=97.361|walker_max=118.480
STEP|n=295100000|unique=4121175|accepted=33179362|rate=113601.6/s|walker_min=65.383|walker_med=108.587|walker_max=118.696
STEP|n=295200000|unique=4123685|accepted=33181872|rate=113605.5/s|walker_min=78.902|walker_med=106.405|walker_max=119.263
STEP|n=295300000|unique=4126034|accepted=33184221|rate=113606.7/s|walker_min=76.646|walker_med=113.952|walker_max=120.289
STEP|n=295400000|unique=4128148|accepted=33186335|rate=113611.8/s|walker_min=93.411|walker_med=113.857|walker_max=120.273
STEP|n=295500000|unique=4130364|accepted=33188551|rate=113616.7/s|walker_min=75.756|walker_med=111.174|walker_max=119.758
STEP|n=295600000|unique=4132598|accepted=33190785|rate=113621.1/s|walker_min=78.441|walker_med=109.966|walker_max=120.466
STEP|n=295700000|unique=4134887|accepted=33193074|rate=113625.6/s|walker_min=94.932|walker_med=114.992|walker_max=120.623
STEP|n=295800000|unique=4137092|accepted=33195279|rate=113630.5/s|walker_min=79.766|walker_med=114.952|walker_max=120.385
STEP|n=295900000|unique=4139451|accepted=33197638|rate=113635.6/s|walker_min=67.439|walker_med=113.350|walker_max=120.372
STEP|n=296000000|unique=4141711|accepted=33199898|rate=113640.6/s|walker_min=78.618|walker_med=114.909|walker_max=120.530
STEP|n=296100000|unique=4143835|accepted=33202022|rate=113645.5/s|walker_min=90.579|walker_med=112.638|walker_max=120.526
STEP|n=296200000|unique=4146098|accepted=33204285|rate=113649.6/s|walker_min=77.048|walker_med=114.984|walker_max=120.093
STEP|n=296300000|unique=4148146|accepted=33206333|rate=113653.2/s|walker_min=72.691|walker_med=111.423|walker_max=120.267
STEP|n=296400000|unique=4150391|accepted=33208578|rate=113657.0/s|walker_min=78.126|walker_med=113.081|walker_max=119.747
STEP|n=296500000|unique=4152605|accepted=33210792|rate=113660.2/s|walker_min=85.585|walker_med=112.830|walker_max=120.590
STEP|n=296600000|unique=4154971|accepted=33213158|rate=113663.3/s|walker_min=84.893|walker_med=112.307|walker_max=120.364
STEP|n=296700000|unique=4157206|accepted=33215393|rate=113667.0/s|walker_min=84.778|walker_med=105.645|walker_max=120.485
STEP|n=296800000|unique=4159815|accepted=33218002|rate=113670.9/s|walker_min=79.784|walker_med=104.449|walker_max=119.084
STEP|n=296900000|unique=4162605|accepted=33220792|rate=113673.8/s|walker_min=65.541|walker_med=102.352|walker_max=118.650
STEP|n=297000000|unique=4165080|accepted=33223267|rate=113677.1/s|walker_min=55.115|walker_med=105.593|walker_max=119.877
STEP|n=297100000|unique=4167860|accepted=33226047|rate=113680.7/s|walker_min=55.081|walker_med=109.644|walker_max=120.552
STEP|n=297200000|unique=4170667|accepted=33228854|rate=113684.6/s|walker_min=67.028|walker_med=109.129|walker_max=120.601
STEP|n=297300000|unique=4173101|accepted=33231288|rate=113688.2/s|walker_min=89.753|walker_med=107.586|walker_max=120.505
STEP|n=297400000|unique=4175563|accepted=33233750|rate=113691.6/s|walker_min=76.174|walker_med=108.844|walker_max=119.837
STEP|n=297500000|unique=4177852|accepted=33236039|rate=113695.4/s|walker_min=84.577|walker_med=110.082|walker_max=120.569
STEP|n=297600000|unique=4180025|accepted=33238212|rate=113699.6/s|walker_min=78.231|walker_med=107.779|walker_max=119.857
STEP|n=297700000|unique=4182161|accepted=33240348|rate=113704.2/s|walker_min=83.697|walker_med=112.740|walker_max=119.903
STEP|n=297800000|unique=4184573|accepted=33242760|rate=113708.6/s|walker_min=76.929|walker_med=112.466|walker_max=120.199
STEP|n=297900000|unique=4186755|accepted=33244942|rate=113712.4/s|walker_min=79.317|walker_med=113.459|walker_max=119.853
STEP|n=298000000|unique=4188840|accepted=33247027|rate=113716.2/s|walker_min=75.294|walker_med=112.331|walker_max=120.508
STEP|n=298100000|unique=4191088|accepted=33249275|rate=113719.8/s|walker_min=95.271|walker_med=114.162|walker_max=120.577
STEP|n=298200000|unique=4193192|accepted=33251379|rate=113724.3/s|walker_min=91.695|walker_med=112.787|walker_max=119.874
STEP|n=298300000|unique=4195419|accepted=33253606|rate=113728.9/s|walker_min=84.638|walker_med=111.765|walker_max=120.569
STEP|n=298400000|unique=4197626|accepted=33255813|rate=113733.3/s|walker_min=92.989|walker_med=113.666|walker_max=119.864
STEP|n=298500000|unique=4200013|accepted=33258200|rate=113736.9/s|walker_min=91.521|walker_med=115.809|walker_max=120.568
STEP|n=298600000|unique=4202075|accepted=33260262|rate=113740.4/s|walker_min=71.535|walker_med=114.647|walker_max=119.846
STEP|n=298700000|unique=4204370|accepted=33262557|rate=113743.8/s|walker_min=81.543|walker_med=111.022|walker_max=120.169
STEP|n=298800000|unique=4206630|accepted=33264817|rate=113748.2/s|walker_min=71.781|walker_med=103.396|walker_max=120.553
STEP|n=298900000|unique=4209089|accepted=33267276|rate=113752.1/s|walker_min=48.969|walker_med=96.696|walker_max=119.895
STEP|n=299000000|unique=4211589|accepted=33269776|rate=113755.7/s|walker_min=60.433|walker_med=102.243|walker_max=120.275
STEP|n=299100000|unique=4214134|accepted=33272321|rate=113758.3/s|walker_min=63.062|walker_med=104.786|walker_max=117.504
STEP|n=299200000|unique=4216926|accepted=33275113|rate=113761.4/s|walker_min=76.132|walker_med=107.814|walker_max=119.985
STEP|n=299300000|unique=4219364|accepted=33277551|rate=113764.8/s|walker_min=79.296|walker_med=108.334|walker_max=120.240
STEP|n=299400000|unique=4221816|accepted=33280003|rate=113769.3/s|walker_min=62.782|walker_med=112.034|walker_max=120.543
STEP|n=299500000|unique=4224019|accepted=33282206|rate=113773.8/s|walker_min=73.681|walker_med=108.672|walker_max=119.470
STEP|n=299600000|unique=4226172|accepted=33284359|rate=113778.4/s|walker_min=89.880|walker_med=112.141|walker_max=120.346
STEP|n=299700000|unique=4228738|accepted=33286925|rate=113782.0/s|walker_min=74.057|walker_med=110.844|walker_max=119.572
STEP|n=299800000|unique=4231143|accepted=33289330|rate=113785.3/s|walker_min=77.416|walker_med=114.973|walker_max=120.388
STEP|n=299900000|unique=4233526|accepted=33291713|rate=113789.2/s|walker_min=84.909|walker_med=112.004|walker_max=120.624
STEP|n=300000000|unique=4235674|accepted=33293861|rate=113794.1/s|walker_min=92.781|walker_med=112.104|walker_max=120.261
CHECKPOINT|step=300000000|unique=4235674|saved=3000000|min=46.3601|max=115.983
STEP|n=300100000|unique=4237771|accepted=33295958|rate=113469.3/s|walker_min=79.015|walker_med=113.794|walker_max=120.349
STEP|n=300200000|unique=4239971|accepted=33298158|rate=113473.0/s|walker_min=66.515|walker_med=111.814|walker_max=120.142
STEP|n=300300000|unique=4242246|accepted=33300433|rate=113476.7/s|walker_min=90.371|walker_med=113.981|walker_max=120.274
STEP|n=300400000|unique=4244290|accepted=33302477|rate=113480.1/s|walker_min=76.897|walker_med=108.941|walker_max=120.497
STEP|n=300500000|unique=4246571|accepted=33304758|rate=113483.5/s|walker_min=90.704|walker_med=114.551|walker_max=120.124
STEP|n=300600000|unique=4248831|accepted=33307018|rate=113486.9/s|walker_min=74.415|walker_med=108.944|walker_max=120.592
STEP|n=300700000|unique=4251143|accepted=33309330|rate=113490.4/s|walker_min=95.090|walker_med=110.272|walker_max=120.519
STEP|n=300800000|unique=4253525|accepted=33311712|rate=113493.5/s|walker_min=86.782|walker_med=112.984|walker_max=120.461
STEP|n=300900000|unique=4256119|accepted=33314306|rate=113496.5/s|walker_min=62.249|walker_med=105.912|walker_max=119.084
STEP|n=301000000|unique=4258907|accepted=33317094|rate=113500.0/s|walker_min=58.070|walker_med=98.207|walker_max=118.375
STEP|n=301100000|unique=4261731|accepted=33319918|rate=113503.7/s|walker_min=73.687|walker_med=109.305|walker_max=119.332
STEP|n=301200000|unique=4264326|accepted=33322513|rate=113507.6/s|walker_min=53.631|walker_med=110.853|walker_max=120.476
STEP|n=301300000|unique=4266620|accepted=33324807|rate=113511.0/s|walker_min=70.498|walker_med=111.888|walker_max=119.914
STEP|n=301400000|unique=4268932|accepted=33327119|rate=113514.3/s|walker_min=87.363|walker_med=111.535|walker_max=120.569
STEP|n=301500000|unique=4271564|accepted=33329751|rate=113518.3/s|walker_min=66.980|walker_med=113.857|walker_max=120.614
STEP|n=301600000|unique=4273876|accepted=33332063|rate=113523.0/s|walker_min=56.611|walker_med=110.585|walker_max=120.580
STEP|n=301700000|unique=4276103|accepted=33334290|rate=113527.9/s|walker_min=77.441|walker_med=114.711|walker_max=120.546
STEP|n=301800000|unique=4278265|accepted=33336452|rate=113531.6/s|walker_min=81.291|walker_med=108.318|walker_max=119.715
STEP|n=301900000|unique=4280473|accepted=33338660|rate=113534.9/s|walker_min=84.968|walker_med=113.926|walker_max=120.581
STEP|n=302000000|unique=4282690|accepted=33340877|rate=113538.4/s|walker_min=84.621|walker_med=113.597|walker_max=120.219
STEP|n=302100000|unique=4284743|accepted=33342930|rate=113543.0/s|walker_min=96.058|walker_med=114.760|walker_max=120.569
STEP|n=302200000|unique=4286925|accepted=33345112|rate=113547.9/s|walker_min=83.690|walker_med=114.809|walker_max=120.475
STEP|n=302300000|unique=4288986|accepted=33347173|rate=113552.8/s|walker_min=82.453|walker_med=113.862|walker_max=119.713
STEP|n=302400000|unique=4291020|accepted=33349207|rate=113556.9/s|walker_min=90.692|walker_med=113.374|walker_max=120.471
STEP|n=302500000|unique=4293093|accepted=33351280|rate=113560.4/s|walker_min=74.364|walker_med=112.851|walker_max=120.532
STEP|n=302600000|unique=4295350|accepted=33353537|rate=113564.0/s|walker_min=75.189|walker_med=111.649|walker_max=119.293
STEP|n=302700000|unique=4297584|accepted=33355771|rate=113568.4/s|walker_min=50.994|walker_med=109.528|walker_max=120.605
STEP|n=302800000|unique=4299942|accepted=33358129|rate=113573.1/s|walker_min=72.551|walker_med=109.901|walker_max=120.163
STEP|n=302900000|unique=4302529|accepted=33360716|rate=113577.5/s|walker_min=73.776|walker_med=107.358|walker_max=120.436
STEP|n=303000000|unique=4305377|accepted=33363564|rate=113580.2/s|walker_min=57.834|walker_med=97.036|walker_max=120.625
STEP|n=303100000|unique=4308232|accepted=33366419|rate=113582.5/s|walker_min=80.897|walker_med=104.905|walker_max=120.077
STEP|n=303200000|unique=4311000|accepted=33369187|rate=113585.5/s|walker_min=72.747|walker_med=112.509|walker_max=119.887
STEP|n=303300000|unique=4313330|accepted=33371517|rate=113590.0/s|walker_min=82.607|walker_med=107.892|walker_max=119.406
STEP|n=303400000|unique=4315479|accepted=33373666|rate=113594.5/s|walker_min=76.738|walker_med=113.498|walker_max=120.370
STEP|n=303500000|unique=4317662|accepted=33375849|rate=113597.8/s|walker_min=85.516|walker_med=114.828|walker_max=120.155
STEP|n=303600000|unique=4319721|accepted=33377908|rate=113602.7/s|walker_min=93.124|walker_med=113.080|walker_max=119.860
STEP|n=303700000|unique=4321776|accepted=33379963|rate=113607.5/s|walker_min=84.793|walker_med=110.156|walker_max=120.039
STEP|n=303800000|unique=4323758|accepted=33381945|rate=113612.4/s|walker_min=75.793|walker_med=111.682|walker_max=119.938
STEP|n=303900000|unique=4325806|accepted=33383993|rate=113616.0/s|walker_min=88.034|walker_med=113.115|walker_max=120.130
STEP|n=304000000|unique=4327726|accepted=33385913|rate=113619.5/s|walker_min=91.405|walker_med=112.980|walker_max=120.316
STEP|n=304100000|unique=4329650|accepted=33387837|rate=113622.8/s|walker_min=75.874|walker_med=110.252|walker_max=120.462
STEP|n=304200000|unique=4331752|accepted=33389939|rate=113626.2/s|walker_min=95.781|walker_med=111.499|walker_max=120.096
STEP|n=304300000|unique=4333788|accepted=33391975|rate=113629.6/s|walker_min=88.470|walker_med=113.758|walker_max=120.017
STEP|n=304400000|unique=4335953|accepted=33394140|rate=113632.8/s|walker_min=80.711|walker_med=114.607|walker_max=120.493
STEP|n=304500000|unique=4338043|accepted=33396230|rate=113636.2/s|walker_min=90.047|walker_med=113.154|walker_max=120.335
STEP|n=304600000|unique=4340114|accepted=33398301|rate=113639.5/s|walker_min=72.906|walker_med=109.866|walker_max=118.603
STEP|n=304700000|unique=4342357|accepted=33400544|rate=113642.5/s|walker_min=65.536|walker_med=104.239|walker_max=118.703
STEP|n=304800000|unique=4344722|accepted=33402909|rate=113645.3/s|walker_min=71.984|walker_med=108.611|walker_max=119.934
STEP|n=304900000|unique=4346917|accepted=33405104|rate=113648.4/s|walker_min=71.019|walker_med=109.075|walker_max=120.389
STEP|n=305000000|unique=4349332|accepted=33407519|rate=113650.6/s|walker_min=52.799|walker_med=98.861|walker_max=120.093
STEP|n=305100000|unique=4351908|accepted=33410095|rate=113652.6/s|walker_min=60.156|walker_med=105.270|walker_max=119.822
STEP|n=305200000|unique=4354563|accepted=33412750|rate=113655.4/s|walker_min=71.728|walker_med=111.328|walker_max=120.019
STEP|n=305300000|unique=4356892|accepted=33415079|rate=113658.1/s|walker_min=81.228|walker_med=111.095|walker_max=120.573
STEP|n=305400000|unique=4359327|accepted=33417514|rate=113661.2/s|walker_min=66.698|walker_med=113.220|walker_max=119.774
STEP|n=305500000|unique=4361682|accepted=33419869|rate=113664.3/s|walker_min=92.220|walker_med=110.406|walker_max=120.163
STEP|n=305600000|unique=4364031|accepted=33422218|rate=113667.5/s|walker_min=90.366|walker_med=113.909|walker_max=120.044
STEP|n=305700000|unique=4366375|accepted=33424562|rate=113670.8/s|walker_min=85.703|walker_med=112.004|walker_max=119.461
STEP|n=305800000|unique=4368707|accepted=33426894|rate=113674.1/s|walker_min=88.644|walker_med=111.080|walker_max=120.206
STEP|n=305900000|unique=4370743|accepted=33428930|rate=113677.5/s|walker_min=81.236|walker_med=113.057|walker_max=120.335
STEP|n=306000000|unique=4372820|accepted=33431007|rate=113676.8/s|walker_min=85.638|walker_med=114.774|walker_max=120.322
STEP|n=306100000|unique=4374907|accepted=33433094|rate=113680.1/s|walker_min=69.478|walker_med=110.982|walker_max=120.396
STEP|n=306200000|unique=4377063|accepted=33435250|rate=113683.3/s|walker_min=86.552|walker_med=114.114|walker_max=120.348
STEP|n=306300000|unique=4379237|accepted=33437424|rate=113686.6/s|walker_min=69.654|walker_med=114.823|walker_max=120.317
STEP|n=306400000|unique=4381435|accepted=33439622|rate=113690.1/s|walker_min=83.990|walker_med=110.301|walker_max=120.393
STEP|n=306500000|unique=4383607|accepted=33441794|rate=113693.3/s|walker_min=74.441|walker_med=113.313|walker_max=120.541
STEP|n=306600000|unique=4385689|accepted=33443876|rate=113696.6/s|walker_min=85.856|walker_med=108.269|walker_max=120.394
STEP|n=306700000|unique=4387836|accepted=33446023|rate=113699.6/s|walker_min=56.657|walker_med=105.885|walker_max=120.616
STEP|n=306800000|unique=4390350|accepted=33448537|rate=113702.6/s|walker_min=61.898|walker_med=105.451|walker_max=119.908
STEP|n=306900000|unique=4393065|accepted=33451252|rate=113705.3/s|walker_min=53.139|walker_med=98.761|walker_max=120.230
STEP|n=307000000|unique=4395827|accepted=33454014|rate=113707.4/s|walker_min=66.522|walker_med=102.604|walker_max=119.146
STEP|n=307100000|unique=4398661|accepted=33456848|rate=113709.5/s|walker_min=60.616|walker_med=102.060|walker_max=120.480
STEP|n=307200000|unique=4401321|accepted=33459508|rate=113711.6/s|walker_min=71.539|walker_med=104.822|walker_max=120.230
STEP|n=307300000|unique=4403801|accepted=33461988|rate=113714.8/s|walker_min=74.696|walker_med=111.567|walker_max=120.436
STEP|n=307400000|unique=4406156|accepted=33464343|rate=113718.1/s|walker_min=84.524|walker_med=107.914|walker_max=120.358
STEP|n=307500000|unique=4408537|accepted=33466724|rate=113721.4/s|walker_min=79.276|walker_med=108.370|walker_max=120.316
STEP|n=307600000|unique=4410742|accepted=33468929|rate=113724.5/s|walker_min=80.263|walker_med=112.697|walker_max=120.591
STEP|n=307700000|unique=4412966|accepted=33471153|rate=113727.8/s|walker_min=67.695|walker_med=109.292|walker_max=120.488
STEP|n=307800000|unique=4415009|accepted=33473196|rate=113730.9/s|walker_min=91.012|walker_med=111.721|walker_max=120.348
STEP|n=307900000|unique=4417045|accepted=33475232|rate=113734.2/s|walker_min=91.097|walker_med=111.565|walker_max=120.314
STEP|n=308000000|unique=4419227|accepted=33477414|rate=113737.6/s|walker_min=81.348|walker_med=108.250|walker_max=120.275
STEP|n=308100000|unique=4421305|accepted=33479492|rate=113741.0/s|walker_min=86.192|walker_med=115.878|walker_max=120.367
STEP|n=308200000|unique=4423337|accepted=33481524|rate=113744.3/s|walker_min=86.824|walker_med=108.810|walker_max=120.558
STEP|n=308300000|unique=4425555|accepted=33483742|rate=113747.5/s|walker_min=77.769|walker_med=111.055|walker_max=120.232
STEP|n=308400000|unique=4427812|accepted=33485999|rate=113750.8/s|walker_min=85.723|walker_med=112.897|walker_max=120.132
STEP|n=308500000|unique=4430018|accepted=33488205|rate=113754.0/s|walker_min=70.574|walker_med=111.798|walker_max=120.535
STEP|n=308600000|unique=4432227|accepted=33490414|rate=113757.4/s|walker_min=87.846|walker_med=108.852|walker_max=120.612
STEP|n=308700000|unique=4434127|accepted=33492314|rate=113761.0/s|walker_min=88.745|walker_med=109.683|walker_max=120.218
STEP|n=308800000|unique=4436315|accepted=33494502|rate=113764.2/s|walker_min=65.886|walker_med=107.977|walker_max=119.609
STEP|n=308900000|unique=4438609|accepted=33496796|rate=113767.1/s|walker_min=87.204|walker_med=107.417|walker_max=119.726
STEP|n=309000000|unique=4441089|accepted=33499276|rate=113769.1/s|walker_min=50.582|walker_med=89.979|walker_max=119.910
STEP|n=309100000|unique=4443804|accepted=33501991|rate=113771.2/s|walker_min=60.635|walker_med=104.558|walker_max=120.476
STEP|n=309200000|unique=4446424|accepted=33504611|rate=113773.9/s|walker_min=74.184|walker_med=110.188|walker_max=120.128
STEP|n=309300000|unique=4448800|accepted=33506987|rate=113776.7/s|walker_min=76.484|walker_med=111.722|walker_max=119.830
STEP|n=309400000|unique=4451187|accepted=33509374|rate=113779.8/s|walker_min=74.872|walker_med=109.069|walker_max=120.344
STEP|n=309500000|unique=4453381|accepted=33511568|rate=113783.1/s|walker_min=75.264|walker_med=115.185|walker_max=120.531
STEP|n=309600000|unique=4455556|accepted=33513743|rate=113786.4/s|walker_min=85.171|walker_med=106.419|walker_max=119.334
STEP|n=309700000|unique=4457713|accepted=33515900|rate=113789.9/s|walker_min=90.883|walker_med=113.348|walker_max=120.617
STEP|n=309800000|unique=4459741|accepted=33517928|rate=113793.4/s|walker_min=89.265|walker_med=108.343|walker_max=120.496
STEP|n=309900000|unique=4461894|accepted=33520081|rate=113796.7/s|walker_min=89.378|walker_med=113.500|walker_max=120.103
STEP|n=310000000|unique=4464075|accepted=33522262|rate=113799.9/s|walker_min=89.478|walker_med=113.350|walker_max=120.433
STEP|n=310100000|unique=4466327|accepted=33524514|rate=113803.3/s|walker_min=70.429|walker_med=110.558|walker_max=120.578
STEP|n=310200000|unique=4468510|accepted=33526697|rate=113806.9/s|walker_min=93.733|walker_med=113.564|walker_max=120.552
STEP|n=310300000|unique=4470617|accepted=33528804|rate=113810.4/s|walker_min=76.421|walker_med=115.420|walker_max=120.562
STEP|n=310400000|unique=4472582|accepted=33530769|rate=113813.9/s|walker_min=87.262|walker_med=115.115|walker_max=120.128
STEP|n=310500000|unique=4474750|accepted=33532937|rate=113817.1/s|walker_min=92.436|walker_med=111.786|walker_max=120.191
STEP|n=310600000|unique=4476877|accepted=33535064|rate=113820.3/s|walker_min=88.777|walker_med=113.267|walker_max=120.526
STEP|n=310700000|unique=4479161|accepted=33537348|rate=113823.5/s|walker_min=87.341|walker_med=111.546|walker_max=120.615
STEP|n=310800000|unique=4481357|accepted=33539544|rate=113826.8/s|walker_min=77.911|walker_med=105.892|walker_max=119.830
STEP|n=310900000|unique=4483731|accepted=33541918|rate=113829.6/s|walker_min=68.165|walker_med=106.067|walker_max=118.295
STEP|n=311000000|unique=4486144|accepted=33544331|rate=113832.1/s|walker_min=54.564|walker_med=98.430|walker_max=120.534
STEP|n=311100000|unique=4488488|accepted=33546675|rate=113834.1/s|walker_min=50.221|walker_med=100.367|walker_max=120.436
STEP|n=311200000|unique=4491266|accepted=33549453|rate=113836.1/s|walker_min=78.969|walker_med=109.063|walker_max=120.425
STEP|n=311300000|unique=4493829|accepted=33552016|rate=113838.9/s|walker_min=77.015|walker_med=111.550|walker_max=120.015
STEP|n=311400000|unique=4496270|accepted=33554457|rate=113842.0/s|walker_min=73.090|walker_med=109.263|walker_max=120.160
STEP|n=311500000|unique=4498433|accepted=33556620|rate=113845.3/s|walker_min=81.181|walker_med=108.794|walker_max=119.921
STEP|n=311600000|unique=4500661|accepted=33558848|rate=113848.6/s|walker_min=82.234|walker_med=109.629|walker_max=120.194
STEP|n=311700000|unique=4502834|accepted=33561021|rate=113851.9/s|walker_min=91.478|walker_med=112.057|walker_max=120.202
STEP|n=311800000|unique=4504977|accepted=33563164|rate=113855.2/s|walker_min=80.124|walker_med=112.771|walker_max=120.265
STEP|n=311900000|unique=4507123|accepted=33565310|rate=113854.5/s|walker_min=91.054|walker_med=113.341|walker_max=120.182
STEP|n=312000000|unique=4509177|accepted=33567364|rate=113857.7/s|walker_min=81.595|walker_med=116.186|walker_max=120.620
STEP|n=312100000|unique=4511450|accepted=33569637|rate=113861.0/s|walker_min=79.168|walker_med=112.108|walker_max=120.031
STEP|n=312200000|unique=4513589|accepted=33571776|rate=113864.2/s|walker_min=83.183|walker_med=112.802|walker_max=120.506
STEP|n=312300000|unique=4515561|accepted=33573748|rate=113867.4/s|walker_min=85.080|walker_med=110.329|walker_max=120.469
STEP|n=312400000|unique=4517634|accepted=33575821|rate=113870.7/s|walker_min=83.411|walker_med=112.665|walker_max=120.517
STEP|n=312500000|unique=4519709|accepted=33577896|rate=113874.2/s|walker_min=87.974|walker_med=109.722|walker_max=120.543
STEP|n=312600000|unique=4521813|accepted=33580000|rate=113877.7/s|walker_min=72.997|walker_med=113.111|walker_max=120.098
STEP|n=312700000|unique=4523854|accepted=33582041|rate=113879.8/s|walker_min=87.662|walker_med=108.001|walker_max=117.714
STEP|n=312800000|unique=4526031|accepted=33584218|rate=113883.1/s|walker_min=80.031|walker_med=110.022|walker_max=120.071
STEP|n=312900000|unique=4528544|accepted=33586731|rate=113885.9/s|walker_min=74.378|walker_med=103.751|walker_max=120.148
STEP|n=313000000|unique=4530948|accepted=33589135|rate=113888.0/s|walker_min=56.539|walker_med=96.801|walker_max=117.105
STEP|n=313100000|unique=4533680|accepted=33591867|rate=113890.3/s|walker_min=51.106|walker_med=109.076|walker_max=119.867
STEP|n=313200000|unique=4536136|accepted=33594323|rate=113892.9/s|walker_min=57.373|walker_med=111.691|walker_max=120.537
STEP|n=313300000|unique=4538408|accepted=33596595|rate=113895.9/s|walker_min=74.589|walker_med=109.667|walker_max=119.931
STEP|n=313400000|unique=4540468|accepted=33598655|rate=113899.2/s|walker_min=76.179|walker_med=106.861|walker_max=120.526
STEP|n=313500000|unique=4542699|accepted=33600886|rate=113902.5/s|walker_min=90.714|walker_med=111.147|walker_max=118.803
STEP|n=313600000|unique=4544985|accepted=33603172|rate=113905.8/s|walker_min=86.329|walker_med=112.230|walker_max=120.059
STEP|n=313700000|unique=4547003|accepted=33605190|rate=113909.2/s|walker_min=90.488|walker_med=109.234|walker_max=120.421
STEP|n=313800000|unique=4549013|accepted=33607200|rate=113912.6/s|walker_min=53.491|walker_med=113.200|walker_max=119.982
STEP|n=313900000|unique=4551082|accepted=33609269|rate=113915.9/s|walker_min=88.079|walker_med=113.201|walker_max=120.570
STEP|n=314000000|unique=4553119|accepted=33611306|rate=113919.0/s|walker_min=81.602|walker_med=115.184|walker_max=120.424
STEP|n=314100000|unique=4555101|accepted=33613288|rate=113922.3/s|walker_min=81.116|walker_med=112.928|walker_max=119.829
STEP|n=314200000|unique=4557276|accepted=33615463|rate=113925.7/s|walker_min=72.411|walker_med=113.098|walker_max=120.389
STEP|n=314300000|unique=4559509|accepted=33617696|rate=113929.1/s|walker_min=75.578|walker_med=113.015|walker_max=120.115
STEP|n=314400000|unique=4561707|accepted=33619894|rate=113932.4/s|walker_min=91.211|walker_med=112.130|walker_max=120.407
STEP|n=314500000|unique=4564044|accepted=33622231|rate=113935.5/s|walker_min=93.144|walker_med=112.126|walker_max=120.507
STEP|n=314600000|unique=4566553|accepted=33624740|rate=113938.4/s|walker_min=94.114|walker_med=111.239|walker_max=120.282
STEP|n=314700000|unique=4568893|accepted=33627080|rate=113941.5/s|walker_min=61.991|walker_med=111.958|walker_max=120.489
STEP|n=314800000|unique=4571193|accepted=33629380|rate=113944.7/s|walker_min=57.044|walker_med=111.004|walker_max=120.140
STEP|n=314900000|unique=4573621|accepted=33631808|rate=113947.6/s|walker_min=63.150|walker_med=103.821|walker_max=117.969
STEP|n=315000000|unique=4576315|accepted=33634502|rate=113949.9/s|walker_min=56.164|walker_med=96.679|walker_max=120.490
STEP|n=315100000|unique=4579042|accepted=33637229|rate=113952.0/s|walker_min=78.194|walker_med=105.365|walker_max=119.713
STEP|n=315200000|unique=4581547|accepted=33639734|rate=113954.5/s|walker_min=87.303|walker_med=107.555|walker_max=120.037
STEP|n=315300000|unique=4583687|accepted=33641874|rate=113957.3/s|walker_min=66.669|walker_med=108.235|walker_max=120.145
STEP|n=315400000|unique=4586041|accepted=33644228|rate=113960.7/s|walker_min=66.124|walker_med=109.829|walker_max=120.444
STEP|n=315500000|unique=4588105|accepted=33646292|rate=113964.1/s|walker_min=77.886|walker_med=113.388|walker_max=120.178
STEP|n=315600000|unique=4590346|accepted=33648533|rate=113967.2/s|walker_min=91.141|walker_med=111.962|walker_max=120.543
STEP|n=315700000|unique=4592365|accepted=33650552|rate=113970.6/s|walker_min=88.001|walker_med=111.465|walker_max=120.586
STEP|n=315800000|unique=4594357|accepted=33652544|rate=113974.0/s|walker_min=76.510|walker_med=111.626|walker_max=120.190
STEP|n=315900000|unique=4596312|accepted=33654499|rate=113977.6/s|walker_min=88.365|walker_med=111.293|walker_max=120.397
STEP|n=316000000|unique=4598535|accepted=33656722|rate=113980.9/s|walker_min=87.969|walker_med=109.993|walker_max=120.167
STEP|n=316100000|unique=4600701|accepted=33658888|rate=113984.4/s|walker_min=72.931|walker_med=113.707|walker_max=120.510
STEP|n=316200000|unique=4602518|accepted=33660705|rate=113987.8/s|walker_min=80.004|walker_med=112.132|walker_max=120.194
STEP|n=316300000|unique=4604488|accepted=33662675|rate=113991.0/s|walker_min=78.915|walker_med=111.458|walker_max=120.190
STEP|n=316400000|unique=4606512|accepted=33664699|rate=113994.1/s|walker_min=85.915|walker_med=111.038|walker_max=120.239
STEP|n=316500000|unique=4608657|accepted=33666844|rate=113997.4/s|walker_min=89.511|walker_med=112.855|walker_max=120.618
STEP|n=316600000|unique=4610888|accepted=33669075|rate=114000.6/s|walker_min=67.153|walker_med=109.307|walker_max=120.433
STEP|n=316700000|unique=4613263|accepted=33671450|rate=114003.5/s|walker_min=75.540|walker_med=107.427|walker_max=120.011
STEP|n=316800000|unique=4615684|accepted=33673871|rate=114006.6/s|walker_min=67.575|walker_med=107.182|walker_max=120.563
STEP|n=316900000|unique=4618270|accepted=33676457|rate=114009.3/s|walker_min=83.606|walker_med=107.246|walker_max=118.356
STEP|n=317000000|unique=4620863|accepted=33679050|rate=114011.3/s|walker_min=54.219|walker_med=100.346|walker_max=120.266
STEP|n=317100000|unique=4623087|accepted=33681274|rate=114013.5/s|walker_min=66.142|walker_med=100.644|walker_max=120.409
STEP|n=317200000|unique=4625341|accepted=33683528|rate=114016.3/s|walker_min=57.309|walker_med=103.300|walker_max=120.004
STEP|n=317300000|unique=4627617|accepted=33685804|rate=114019.2/s|walker_min=80.569|walker_med=110.402|walker_max=120.588
STEP|n=317400000|unique=4629710|accepted=33687897|rate=114022.2/s|walker_min=76.841|walker_med=109.226|walker_max=119.858
STEP|n=317500000|unique=4631797|accepted=33689984|rate=114025.4/s|walker_min=79.257|walker_med=114.935|walker_max=120.106
STEP|n=317600000|unique=4633895|accepted=33692082|rate=114028.7/s|walker_min=96.644|walker_med=113.878|walker_max=120.084
STEP|n=317700000|unique=4636126|accepted=33694313|rate=114031.9/s|walker_min=85.434|walker_med=110.358|walker_max=119.743
STEP|n=317800000|unique=4638269|accepted=33696456|rate=114035.3/s|walker_min=85.827|walker_med=110.904|walker_max=120.571
STEP|n=317900000|unique=4640284|accepted=33698471|rate=114034.7/s|walker_min=89.618|walker_med=113.237|walker_max=120.453
STEP|n=318000000|unique=4642610|accepted=33700797|rate=114037.6/s|walker_min=81.292|walker_med=113.057|walker_max=120.436
STEP|n=318100000|unique=4644672|accepted=33702859|rate=114040.8/s|walker_min=91.271|walker_med=111.772|walker_max=120.084
STEP|n=318200000|unique=4646714|accepted=33704901|rate=114044.2/s|walker_min=84.082|walker_med=112.676|walker_max=119.761
STEP|n=318300000|unique=4648754|accepted=33706941|rate=114047.5/s|walker_min=79.578|walker_med=107.315|walker_max=119.905
STEP|n=318400000|unique=4650851|accepted=33709038|rate=114050.6/s|walker_min=92.533|walker_med=112.194|walker_max=120.272
STEP|n=318500000|unique=4652960|accepted=33711147|rate=114053.7/s|walker_min=102.953|walker_med=109.910|walker_max=120.563
STEP|n=318600000|unique=4655044|accepted=33713231|rate=114056.8/s|walker_min=99.686|walker_med=112.808|walker_max=120.306
STEP|n=318700000|unique=4657110|accepted=33715297|rate=114059.9/s|walker_min=59.753|walker_med=107.811|walker_max=120.177
STEP|n=318800000|unique=4659536|accepted=33717723|rate=114063.0/s|walker_min=76.105|walker_med=110.768|walker_max=120.562
STEP|n=318900000|unique=4662109|accepted=33720296|rate=114065.9/s|walker_min=50.475|walker_med=104.933|walker_max=118.684
STEP|n=319000000|unique=4664749|accepted=33722936|rate=114068.2/s|walker_min=57.364|walker_med=99.972|walker_max=119.451
STEP|n=319100000|unique=4667558|accepted=33725745|rate=114070.0/s|walker_min=62.943|walker_med=111.366|walker_max=120.335
STEP|n=319200000|unique=4669942|accepted=33728129|rate=114072.9/s|walker_min=81.896|walker_med=108.329|walker_max=118.416
STEP|n=319300000|unique=4672435|accepted=33730622|rate=114076.1/s|walker_min=82.571|walker_med=110.016|walker_max=120.491
STEP|n=319400000|unique=4674665|accepted=33732852|rate=114079.4/s|walker_min=82.452|walker_med=114.219|walker_max=120.615
STEP|n=319500000|unique=4676781|accepted=33734968|rate=114082.8/s|walker_min=63.586|walker_med=112.849|walker_max=120.213
STEP|n=319600000|unique=4678901|accepted=33737088|rate=114086.0/s|walker_min=64.259|walker_med=111.396|walker_max=120.505
STEP|n=319700000|unique=4680868|accepted=33739055|rate=114089.1/s|walker_min=81.983|walker_med=109.832|walker_max=120.225
STEP|n=319800000|unique=4683083|accepted=33741270|rate=114092.3/s|walker_min=89.665|walker_med=111.191|walker_max=120.420
STEP|n=319900000|unique=4685041|accepted=33743228|rate=114095.9/s|walker_min=92.972|walker_med=113.762|walker_max=120.446
STEP|n=320000000|unique=4687067|accepted=33745254|rate=114099.3/s|walker_min=85.927|walker_med=111.177|walker_max=120.494
STEP|n=320100000|unique=4689020|accepted=33747207|rate=114102.8/s|walker_min=92.750|walker_med=113.696|walker_max=120.068
STEP|n=320200000|unique=4691165|accepted=33749352|rate=114106.2/s|walker_min=88.752|walker_med=114.928|walker_max=119.976
STEP|n=320300000|unique=4693082|accepted=33751269|rate=114109.3/s|walker_min=92.364|walker_med=111.827|walker_max=119.554
STEP|n=320400000|unique=4695127|accepted=33753314|rate=114112.5/s|walker_min=94.518|walker_med=115.238|walker_max=120.553
STEP|n=320500000|unique=4697192|accepted=33755379|rate=114115.8/s|walker_min=70.137|walker_med=110.229|walker_max=119.960
STEP|n=320600000|unique=4699142|accepted=33757329|rate=114119.1/s|walker_min=79.150|walker_med=111.617|walker_max=120.335
STEP|n=320700000|unique=4701398|accepted=33759585|rate=114122.2/s|walker_min=90.485|walker_med=111.494|walker_max=120.352
STEP|n=320800000|unique=4703527|accepted=33761714|rate=114125.1/s|walker_min=76.320|walker_med=111.770|walker_max=120.318
STEP|n=320900000|unique=4706058|accepted=33764245|rate=114127.7/s|walker_min=69.811|walker_med=103.093|walker_max=119.984
STEP|n=321000000|unique=4708510|accepted=33766697|rate=114129.9/s|walker_min=52.962|walker_med=95.668|walker_max=119.559
STEP|n=321100000|unique=4710456|accepted=33768643|rate=114132.0/s|walker_min=69.551|walker_med=102.741|walker_max=120.616
STEP|n=321200000|unique=4712898|accepted=33771085|rate=114134.7/s|walker_min=59.137|walker_med=105.429|walker_max=120.535
STEP|n=321300000|unique=4715453|accepted=33773640|rate=114137.7/s|walker_min=68.129|walker_med=111.364|walker_max=120.296
STEP|n=321400000|unique=4717714|accepted=33775901|rate=114140.5/s|walker_min=78.110|walker_med=107.416|walker_max=119.978
STEP|n=321500000|unique=4719944|accepted=33778131|rate=114143.6/s|walker_min=89.089|walker_med=110.127|walker_max=120.265
STEP|n=321600000|unique=4722093|accepted=33780280|rate=114146.8/s|walker_min=80.553|walker_med=112.867|walker_max=120.522
STEP|n=321700000|unique=4723994|accepted=33782181|rate=114150.1/s|walker_min=88.400|walker_med=112.967|walker_max=119.331
STEP|n=321800000|unique=4725864|accepted=33784051|rate=114153.7/s|walker_min=58.697|walker_med=114.810|walker_max=119.649
STEP|n=321900000|unique=4727856|accepted=33786043|rate=114156.9/s|walker_min=87.342|walker_med=111.745|walker_max=119.997
STEP|n=322000000|unique=4729822|accepted=33788009|rate=114160.1/s|walker_min=80.992|walker_med=112.646|walker_max=120.448
STEP|n=322100000|unique=4731794|accepted=33789981|rate=114162.9/s|walker_min=81.668|walker_med=111.643|walker_max=120.083
STEP|n=322200000|unique=4733649|accepted=33791836|rate=114166.3/s|walker_min=92.089|walker_med=111.320|walker_max=119.313
STEP|n=322300000|unique=4735754|accepted=33793941|rate=114169.6/s|walker_min=90.183|walker_med=109.542|walker_max=120.289
STEP|n=322400000|unique=4737654|accepted=33795841|rate=114172.8/s|walker_min=71.465|walker_med=112.929|walker_max=120.561
STEP|n=322500000|unique=4739708|accepted=33797895|rate=114175.8/s|walker_min=93.091|walker_med=111.941|walker_max=120.354
STEP|n=322600000|unique=4741751|accepted=33799938|rate=114178.7/s|walker_min=56.081|walker_med=114.430|walker_max=119.826
STEP|n=322700000|unique=4744042|accepted=33802229|rate=114181.6/s|walker_min=85.128|walker_med=109.834|walker_max=118.856
STEP|n=322800000|unique=4746324|accepted=33804511|rate=114184.4/s|walker_min=66.524|walker_med=105.530|walker_max=120.016
STEP|n=322900000|unique=4748727|accepted=33806914|rate=114187.3/s|walker_min=78.946|walker_med=103.738|walker_max=118.421
STEP|n=323000000|unique=4751143|accepted=33809330|rate=114189.3/s|walker_min=66.432|walker_med=95.521|walker_max=114.445
STEP|n=323100000|unique=4753670|accepted=33811857|rate=114191.5/s|walker_min=66.121|walker_med=107.725|walker_max=120.590
STEP|n=323200000|unique=4756434|accepted=33814621|rate=114193.9/s|walker_min=87.948|walker_med=110.200|walker_max=120.615
STEP|n=323300000|unique=4759002|accepted=33817189|rate=114196.6/s|walker_min=87.836|walker_med=111.154|walker_max=120.235
STEP|n=323400000|unique=4761244|accepted=33819431|rate=114199.7/s|walker_min=65.328|walker_med=107.848|walker_max=120.290
STEP|n=323500000|unique=4763522|accepted=33821709|rate=114202.8/s|walker_min=87.611|walker_med=115.983|walker_max=120.554
STEP|n=323600000|unique=4765726|accepted=33823913|rate=114206.0/s|walker_min=94.820|walker_med=116.520|walker_max=120.406
STEP|n=323700000|unique=4767660|accepted=33825847|rate=114209.0/s|walker_min=72.875|walker_med=112.061|walker_max=120.615
STEP|n=323800000|unique=4769764|accepted=33827951|rate=114211.9/s|walker_min=70.961|walker_med=112.197|walker_max=120.497
STEP|n=323900000|unique=4771802|accepted=33829989|rate=114215.0/s|walker_min=82.116|walker_med=111.167|walker_max=120.210
STEP|n=324000000|unique=4773789|accepted=33831976|rate=114214.3/s|walker_min=96.683|walker_med=114.819|walker_max=120.377
STEP|n=324100000|unique=4775881|accepted=33834068|rate=114217.4/s|walker_min=92.115|walker_med=116.934|walker_max=120.534
STEP|n=324200000|unique=4778126|accepted=33836313|rate=114220.6/s|walker_min=62.636|walker_med=115.145|walker_max=120.425
STEP|n=324300000|unique=4779978|accepted=33838165|rate=114223.7/s|walker_min=87.476|walker_med=112.070|walker_max=120.425
STEP|n=324400000|unique=4781924|accepted=33840111|rate=114226.6/s|walker_min=90.753|walker_med=112.884|walker_max=120.278
STEP|n=324500000|unique=4783953|accepted=33842140|rate=114229.6/s|walker_min=84.588|walker_med=109.083|walker_max=119.526
STEP|n=324600000|unique=4786000|accepted=33844187|rate=114233.0/s|walker_min=84.531|walker_med=112.672|walker_max=119.873
STEP|n=324700000|unique=4788215|accepted=33846402|rate=114236.3/s|walker_min=87.992|walker_med=114.224|walker_max=120.339
STEP|n=324800000|unique=4790432|accepted=33848619|rate=114239.2/s|walker_min=55.838|walker_med=102.469|walker_max=120.480
STEP|n=324900000|unique=4792728|accepted=33850915|rate=114241.9/s|walker_min=57.953|walker_med=100.069|walker_max=117.971
STEP|n=325000000|unique=4795436|accepted=33853623|rate=114244.1/s|walker_min=61.381|walker_med=92.916|walker_max=119.383
STEP|n=325100000|unique=4797847|accepted=33856034|rate=114245.9/s|walker_min=66.610|walker_med=106.340|walker_max=120.401
STEP|n=325200000|unique=4800009|accepted=33858196|rate=114248.5/s|walker_min=71.524|walker_med=105.075|walker_max=120.511
STEP|n=325300000|unique=4802038|accepted=33860225|rate=114251.5/s|walker_min=81.645|walker_med=109.603|walker_max=120.561
STEP|n=325400000|unique=4804083|accepted=33862270|rate=114254.5/s|walker_min=75.580|walker_med=112.158|walker_max=120.455
STEP|n=325500000|unique=4805962|accepted=33864149|rate=114257.6/s|walker_min=59.452|walker_med=113.993|walker_max=120.326
STEP|n=325600000|unique=4808011|accepted=33866198|rate=114260.7/s|walker_min=85.618|walker_med=110.386|walker_max=120.210
STEP|n=325700000|unique=4810186|accepted=33868373|rate=114264.0/s|walker_min=88.570|walker_med=110.527|walker_max=120.450
STEP|n=325800000|unique=4812405|accepted=33870592|rate=114266.8/s|walker_min=59.380|walker_med=110.942|walker_max=120.214
STEP|n=325900000|unique=4814469|accepted=33872656|rate=114269.7/s|walker_min=95.307|walker_med=111.387|walker_max=120.397
STEP|n=326000000|unique=4816464|accepted=33874651|rate=114272.7/s|walker_min=87.712|walker_med=112.092|walker_max=119.577
STEP|n=326100000|unique=4818422|accepted=33876609|rate=114275.8/s|walker_min=92.120|walker_med=111.207|walker_max=119.969
STEP|n=326200000|unique=4820441|accepted=33878628|rate=114278.9/s|walker_min=82.003|walker_med=114.367|walker_max=120.383
STEP|n=326300000|unique=4822383|accepted=33880570|rate=114281.8/s|walker_min=85.320|walker_med=110.748|walker_max=120.115
STEP|n=326400000|unique=4824519|accepted=33882706|rate=114284.5/s|walker_min=84.233|walker_med=114.415|walker_max=120.268
STEP|n=326500000|unique=4826430|accepted=33884617|rate=114287.6/s|walker_min=76.373|walker_med=111.280|walker_max=119.967
STEP|n=326600000|unique=4828504|accepted=33886691|rate=114290.6/s|walker_min=91.065|walker_med=111.664|walker_max=120.301
STEP|n=326700000|unique=4830602|accepted=33888789|rate=114293.4/s|walker_min=70.444|walker_med=109.728|walker_max=120.275
STEP|n=326800000|unique=4832881|accepted=33891068|rate=114296.1/s|walker_min=66.462|walker_med=110.174|walker_max=120.567
STEP|n=326900000|unique=4835274|accepted=33893461|rate=114298.6/s|walker_min=74.431|walker_med=109.084|walker_max=119.390
STEP|n=327000000|unique=4837727|accepted=33895914|rate=114300.7/s|walker_min=52.589|walker_med=93.254|walker_max=115.085
STEP|n=327100000|unique=4840133|accepted=33898320|rate=114302.6/s|walker_min=61.556|walker_med=103.914|walker_max=120.542
STEP|n=327200000|unique=4842452|accepted=33900639|rate=114304.9/s|walker_min=60.066|walker_med=109.426|walker_max=120.446
STEP|n=327300000|unique=4844728|accepted=33902915|rate=114307.8/s|walker_min=88.776|walker_med=111.497|walker_max=120.231
STEP|n=327400000|unique=4847020|accepted=33905207|rate=114311.0/s|walker_min=88.546|walker_med=108.083|walker_max=119.767
STEP|n=327500000|unique=4849036|accepted=33907223|rate=114314.1/s|walker_min=93.495|walker_med=111.568|walker_max=120.376
STEP|n=327600000|unique=4850913|accepted=33909100|rate=114317.3/s|walker_min=78.632|walker_med=111.198|walker_max=118.618
STEP|n=327700000|unique=4852952|accepted=33911139|rate=114320.3/s|walker_min=92.547|walker_med=109.036|walker_max=120.280
STEP|n=327800000|unique=4854953|accepted=33913140|rate=114323.5/s|walker_min=91.750|walker_med=111.816|walker_max=120.395
STEP|n=327900000|unique=4856990|accepted=33915177|rate=114326.5/s|walker_min=95.739|walker_med=114.795|walker_max=120.500
STEP|n=328000000|unique=4858871|accepted=33917058|rate=114329.8/s|walker_min=88.177|walker_med=115.578|walker_max=120.584
STEP|n=328100000|unique=4860736|accepted=33918923|rate=114332.9/s|walker_min=103.896|walker_med=114.232|walker_max=120.487
STEP|n=328200000|unique=4862822|accepted=33921009|rate=114335.8/s|walker_min=92.017|walker_med=112.944|walker_max=120.019
STEP|n=328300000|unique=4864960|accepted=33923147|rate=114338.7/s|walker_min=73.065|walker_med=114.007|walker_max=120.166
STEP|n=328400000|unique=4867071|accepted=33925258|rate=114341.6/s|walker_min=74.415|walker_med=111.192|walker_max=120.466
STEP|n=328500000|unique=4869148|accepted=33927335|rate=114344.7/s|walker_min=83.262|walker_med=112.423|walker_max=120.284
STEP|n=328600000|unique=4871385|accepted=33929572|rate=114347.8/s|walker_min=87.185|walker_med=114.039|walker_max=120.617
STEP|n=328700000|unique=4873567|accepted=33931754|rate=114350.7/s|walker_min=62.675|walker_med=110.913|walker_max=120.282
STEP|n=328800000|unique=4875835|accepted=33934022|rate=114353.5/s|walker_min=79.402|walker_med=107.650|walker_max=120.612
STEP|n=328900000|unique=4878377|accepted=33936564|rate=114355.9/s|walker_min=56.044|walker_med=105.029|walker_max=119.019
STEP|n=329000000|unique=4880826|accepted=33939013|rate=114357.8/s|walker_min=47.406|walker_med=99.057|walker_max=118.038
STEP|n=329100000|unique=4883314|accepted=33941501|rate=114359.5/s|walker_min=55.093|walker_med=100.406|walker_max=118.163
STEP|n=329200000|unique=4885570|accepted=33943757|rate=114362.2/s|walker_min=85.956|walker_med=107.922|walker_max=120.193
STEP|n=329300000|unique=4887742|accepted=33945929|rate=114365.3/s|walker_min=66.431|walker_med=109.431|walker_max=120.346
STEP|n=329400000|unique=4889744|accepted=33947931|rate=114368.2/s|walker_min=61.755|walker_med=114.753|walker_max=120.510
STEP|n=329500000|unique=4891823|accepted=33950010|rate=114370.6/s|walker_min=74.512|walker_med=110.007|walker_max=120.621
STEP|n=329600000|unique=4893835|accepted=33952022|rate=114373.5/s|walker_min=76.548|walker_med=114.437|walker_max=120.264
STEP|n=329700000|unique=4895720|accepted=33953907|rate=114376.5/s|walker_min=72.299|walker_med=113.469|walker_max=120.083
STEP|n=329800000|unique=4897727|accepted=33955914|rate=114379.8/s|walker_min=95.434|walker_med=114.837|walker_max=120.179
STEP|n=329900000|unique=4899664|accepted=33957851|rate=114382.9/s|walker_min=86.906|walker_med=114.471|walker_max=120.404
STEP|n=330000000|unique=4901436|accepted=33959623|rate=114385.6/s|walker_min=85.229|walker_med=111.218|walker_max=120.318
STEP|n=330100000|unique=4903319|accepted=33961506|rate=114388.5/s|walker_min=74.325|walker_med=110.895|walker_max=118.664
STEP|n=330200000|unique=4905245|accepted=33963432|rate=114391.4/s|walker_min=81.212|walker_med=111.178|walker_max=119.262
STEP|n=330300000|unique=4907296|accepted=33965483|rate=114390.8/s|walker_min=90.543|walker_med=114.825|walker_max=120.157
STEP|n=330400000|unique=4909395|accepted=33967582|rate=114394.0/s|walker_min=79.752|walker_med=111.817|walker_max=120.611
STEP|n=330500000|unique=4911566|accepted=33969753|rate=114397.0/s|walker_min=82.644|walker_med=115.554|walker_max=120.249
STEP|n=330600000|unique=4913373|accepted=33971560|rate=114400.2/s|walker_min=82.703|walker_med=110.204|walker_max=119.575
STEP|n=330700000|unique=4915348|accepted=33973535|rate=114403.0/s|walker_min=76.644|walker_med=112.361|walker_max=120.489
STEP|n=330800000|unique=4917417|accepted=33975604|rate=114405.7/s|walker_min=86.038|walker_med=109.776|walker_max=120.585
STEP|n=330900000|unique=4919855|accepted=33978042|rate=114408.2/s|walker_min=55.954|walker_med=103.679|walker_max=119.853
STEP|n=331000000|unique=4922273|accepted=33980460|rate=114407.3/s|walker_min=58.541|walker_med=100.641|walker_max=120.287
STEP|n=331100000|unique=4924876|accepted=33983063|rate=114408.9/s|walker_min=53.667|walker_med=105.248|walker_max=119.921
STEP|n=331200000|unique=4927004|accepted=33985191|rate=114411.4/s|walker_min=61.898|walker_med=109.396|walker_max=119.481
STEP|n=331300000|unique=4928766|accepted=33986953|rate=114414.1/s|walker_min=89.514|walker_med=109.795|walker_max=119.668
STEP|n=331400000|unique=4930852|accepted=33989039|rate=114416.9/s|walker_min=84.169|walker_med=110.926|walker_max=120.043
STEP|n=331500000|unique=4932857|accepted=33991044|rate=114419.9/s|walker_min=98.712|walker_med=112.117|walker_max=119.564
STEP|n=331600000|unique=4934642|accepted=33992829|rate=114422.7/s|walker_min=87.314|walker_med=109.248|walker_max=119.784
STEP|n=331700000|unique=4936512|accepted=33994699|rate=114425.6/s|walker_min=79.639|walker_med=112.585|walker_max=120.530
STEP|n=331800000|unique=4938663|accepted=33996850|rate=114428.5/s|walker_min=78.814|walker_med=105.843|walker_max=120.124
STEP|n=331900000|unique=4940625|accepted=33998812|rate=114431.5/s|walker_min=60.978|walker_med=108.818|walker_max=120.544
STEP|n=332000000|unique=4942438|accepted=34000625|rate=114434.5/s|walker_min=98.358|walker_med=113.403|walker_max=120.425
STEP|n=332100000|unique=4944417|accepted=34002604|rate=114437.5/s|walker_min=89.597|walker_med=110.980|walker_max=120.479
STEP|n=332200000|unique=4946545|accepted=34004732|rate=114440.4/s|walker_min=59.316|walker_med=111.131|walker_max=120.104
STEP|n=332300000|unique=4948489|accepted=34006676|rate=114443.5/s|walker_min=70.679|walker_med=110.947|walker_max=120.411
STEP|n=332400000|unique=4950299|accepted=34008486|rate=114446.5/s|walker_min=74.619|walker_med=108.833|walker_max=120.143
STEP|n=332500000|unique=4952421|accepted=34010608|rate=114449.5/s|walker_min=77.206|walker_med=112.992|walker_max=119.827
STEP|n=332600000|unique=4954386|accepted=34012573|rate=114452.5/s|walker_min=85.917|walker_med=110.986|walker_max=120.452
STEP|n=332700000|unique=4956447|accepted=34014634|rate=114455.2/s|walker_min=76.941|walker_med=108.961|walker_max=120.464
STEP|n=332800000|unique=4958562|accepted=34016749|rate=114457.8/s|walker_min=70.016|walker_med=103.334|walker_max=119.043
STEP|n=332900000|unique=4960760|accepted=34018947|rate=114460.3/s|walker_min=60.222|walker_med=104.501|walker_max=120.289
STEP|n=333000000|unique=4963279|accepted=34021466|rate=114462.1/s|walker_min=54.746|walker_med=98.286|walker_max=118.784
STEP|n=333100000|unique=4965741|accepted=34023928|rate=114463.7/s|walker_min=78.007|walker_med=110.435|walker_max=118.564
STEP|n=333200000|unique=4968493|accepted=34026680|rate=114466.1/s|walker_min=73.070|walker_med=108.294|walker_max=120.295
STEP|n=333300000|unique=4970849|accepted=34029036|rate=114468.8/s|walker_min=72.525|walker_med=109.292|walker_max=120.410
STEP|n=333400000|unique=4973196|accepted=34031383|rate=114471.4/s|walker_min=77.783|walker_med=113.207|walker_max=120.306
STEP|n=333500000|unique=4975386|accepted=34033573|rate=114474.1/s|walker_min=84.482|walker_med=110.480|walker_max=119.673
STEP|n=333600000|unique=4977417|accepted=34035604|rate=114476.8/s|walker_min=54.700|walker_med=110.393|walker_max=120.616
STEP|n=333700000|unique=4979362|accepted=34037549|rate=114479.6/s|walker_min=80.273|walker_med=115.039|walker_max=120.475
STEP|n=333800000|unique=4981446|accepted=34039633|rate=114482.4/s|walker_min=83.492|walker_med=112.118|walker_max=120.480
STEP|n=333900000|unique=4983458|accepted=34041645|rate=114485.3/s|walker_min=84.289|walker_med=112.979|walker_max=120.346
STEP|n=334000000|unique=4985336|accepted=34043523|rate=114488.3/s|walker_min=90.217|walker_med=113.944|walker_max=120.528
STEP|n=334100000|unique=4987485|accepted=34045672|rate=114491.3/s|walker_min=81.976|walker_med=113.698|walker_max=119.791
STEP|n=334200000|unique=4989333|accepted=34047520|rate=114494.2/s|walker_min=80.098|walker_med=109.806|walker_max=120.544
STEP|n=334300000|unique=4991214|accepted=34049401|rate=114497.2/s|walker_min=82.118|walker_med=113.614|walker_max=120.624
STEP|n=334400000|unique=4993101|accepted=34051288|rate=114500.1/s|walker_min=86.413|walker_med=116.049|walker_max=120.031
STEP|n=334500000|unique=4994952|accepted=34053139|rate=114502.9/s|walker_min=88.430|walker_med=111.398|walker_max=120.531
STEP|n=334600000|unique=4996922|accepted=34055109|rate=114505.6/s|walker_min=92.734|walker_med=111.949|walker_max=120.292
STEP|n=334700000|unique=4998974|accepted=34057161|rate=114508.5/s|walker_min=82.543|walker_med=108.164|walker_max=119.795
STEP|n=334800000|unique=5001124|accepted=34059311|rate=114511.0/s|walker_min=71.526|walker_med=108.542|walker_max=115.928
STEP|n=334900000|unique=5003417|accepted=34061604|rate=114513.3/s|walker_min=53.550|walker_med=101.242|walker_max=120.540
STEP|n=335000000|unique=5005651|accepted=34063838|rate=114515.1/s|walker_min=53.282|walker_med=90.319|walker_max=115.939
STEP|n=335100000|unique=5007998|accepted=34066185|rate=114516.3/s|walker_min=50.908|walker_med=108.666|walker_max=120.208
STEP|n=335200000|unique=5010348|accepted=34068535|rate=114518.8/s|walker_min=81.986|walker_med=112.003|walker_max=120.598
STEP|n=335300000|unique=5012404|accepted=34070591|rate=114521.5/s|walker_min=77.483|walker_med=108.451|walker_max=120.611
STEP|n=335400000|unique=5014441|accepted=34072628|rate=114524.5/s|walker_min=84.201|walker_med=108.919|walker_max=120.316
STEP|n=335500000|unique=5016558|accepted=34074745|rate=114527.3/s|walker_min=91.145|walker_med=111.400|walker_max=119.637
STEP|n=335600000|unique=5018440|accepted=34076627|rate=114530.2/s|walker_min=88.609|walker_med=112.945|walker_max=120.620
STEP|n=335700000|unique=5020580|accepted=34078767|rate=114533.0/s|walker_min=79.339|walker_med=111.180|walker_max=120.367
STEP|n=335800000|unique=5022551|accepted=34080738|rate=114536.2/s|walker_min=91.154|walker_med=109.621|walker_max=119.811
STEP|n=335900000|unique=5024551|accepted=34082738|rate=114538.8/s|walker_min=65.122|walker_med=111.591|walker_max=120.017
STEP|n=336000000|unique=5026547|accepted=34084734|rate=114541.6/s|walker_min=78.764|walker_med=112.076|walker_max=120.017
STEP|n=336100000|unique=5028489|accepted=34086676|rate=114544.6/s|walker_min=74.316|walker_med=111.509|walker_max=119.629
STEP|n=336200000|unique=5030532|accepted=34088719|rate=114547.5/s|walker_min=88.480|walker_med=116.406|walker_max=120.610
STEP|n=336300000|unique=5032607|accepted=34090794|rate=114550.4/s|walker_min=81.018|walker_med=113.454|walker_max=119.585
STEP|n=336400000|unique=5034559|accepted=34092746|rate=114553.3/s|walker_min=68.062|walker_med=107.847|walker_max=120.345
STEP|n=336500000|unique=5036493|accepted=34094680|rate=114555.9/s|walker_min=74.456|walker_med=109.224|walker_max=120.393
STEP|n=336600000|unique=5038483|accepted=34096670|rate=114558.7/s|walker_min=80.366|walker_med=108.332|walker_max=120.583
STEP|n=336700000|unique=5040848|accepted=34099035|rate=114557.2/s|walker_min=76.903|walker_med=110.461|walker_max=120.253
STEP|n=336800000|unique=5043097|accepted=34101284|rate=114559.8/s|walker_min=82.616|walker_med=110.422|walker_max=119.814
STEP|n=336900000|unique=5045144|accepted=34103331|rate=114562.4/s|walker_min=55.374|walker_med=104.818|walker_max=120.581
STEP|n=337000000|unique=5047300|accepted=34105487|rate=114563.8/s|walker_min=51.600|walker_med=101.304|walker_max=118.192
STEP|n=337100000|unique=5049602|accepted=34107789|rate=114565.6/s|walker_min=66.949|walker_med=105.446|walker_max=120.279
STEP|n=337200000|unique=5051687|accepted=34109874|rate=114568.0/s|walker_min=72.464|walker_med=110.111|walker_max=120.379
STEP|n=337300000|unique=5053663|accepted=34111850|rate=114570.9/s|walker_min=86.658|walker_med=106.533|walker_max=120.417
STEP|n=337400000|unique=5055936|accepted=34114123|rate=114573.6/s|walker_min=94.770|walker_med=110.028|walker_max=120.335
STEP|n=337500000|unique=5058064|accepted=34116251|rate=114576.4/s|walker_min=89.691|walker_med=111.676|walker_max=120.316
STEP|n=337600000|unique=5059997|accepted=34118184|rate=114579.4/s|walker_min=76.717|walker_med=112.378|walker_max=120.508
STEP|n=337700000|unique=5061860|accepted=34120047|rate=114582.3/s|walker_min=77.449|walker_med=110.906|walker_max=120.348
STEP|n=337800000|unique=5063772|accepted=34121959|rate=114585.2/s|walker_min=97.707|walker_med=116.480|walker_max=120.553
STEP|n=337900000|unique=5065792|accepted=34123979|rate=114588.3/s|walker_min=88.267|walker_med=111.803|walker_max=120.195
STEP|n=338000000|unique=5067864|accepted=34126051|rate=114591.1/s|walker_min=65.747|walker_med=111.843|walker_max=119.568
STEP|n=338100000|unique=5070129|accepted=34128316|rate=114593.9/s|walker_min=76.053|walker_med=107.517|walker_max=120.468
STEP|n=338200000|unique=5072140|accepted=34130327|rate=114596.7/s|walker_min=81.441|walker_med=115.002|walker_max=120.522
STEP|n=338300000|unique=5073871|accepted=34132058|rate=114599.8/s|walker_min=88.380|walker_med=113.621|walker_max=119.709
STEP|n=338400000|unique=5075920|accepted=34134107|rate=114602.9/s|walker_min=83.828|walker_med=112.390|walker_max=119.577
STEP|n=338500000|unique=5077822|accepted=34136009|rate=114605.9/s|walker_min=98.633|walker_med=112.958|walker_max=120.172
STEP|n=338600000|unique=5079800|accepted=34137987|rate=114608.7/s|walker_min=81.151|walker_med=110.433|walker_max=120.316
STEP|n=338700000|unique=5082056|accepted=34140243|rate=114611.4/s|walker_min=61.799|walker_med=112.723|walker_max=119.655
STEP|n=338800000|unique=5084385|accepted=34142572|rate=114614.0/s|walker_min=64.718|walker_med=108.642|walker_max=120.615
STEP|n=338900000|unique=5086542|accepted=34144729|rate=114616.5/s|walker_min=64.492|walker_med=105.670|walker_max=118.695
STEP|n=339000000|unique=5088671|accepted=34146858|rate=114618.7/s|walker_min=59.505|walker_med=94.844|walker_max=118.856
STEP|n=339100000|unique=5090844|accepted=34149031|rate=114620.9/s|walker_min=72.877|walker_med=102.903|walker_max=120.572
STEP|n=339200000|unique=5093060|accepted=34151247|rate=114623.3/s|walker_min=88.677|walker_med=109.350|walker_max=120.466
STEP|n=339300000|unique=5095054|accepted=34153241|rate=114625.8/s|walker_min=81.278|walker_med=111.408|walker_max=119.909
STEP|n=339400000|unique=5096930|accepted=34155117|rate=114628.7/s|walker_min=85.722|walker_med=106.364|walker_max=120.569
STEP|n=339500000|unique=5099000|accepted=34157187|rate=114631.5/s|walker_min=81.632|walker_med=112.787|walker_max=120.500
STEP|n=339600000|unique=5100798|accepted=34158985|rate=114634.5/s|walker_min=87.633|walker_med=113.172|walker_max=120.595
STEP|n=339700000|unique=5102813|accepted=34161000|rate=114637.2/s|walker_min=85.031|walker_med=110.739|walker_max=119.789
STEP|n=339800000|unique=5104773|accepted=34162960|rate=114639.9/s|walker_min=82.229|walker_med=113.694|walker_max=120.296
STEP|n=339900000|unique=5106943|accepted=34165130|rate=114642.9/s|walker_min=91.654|walker_med=115.443|walker_max=120.368
STEP|n=340000000|unique=5108939|accepted=34167126|rate=114646.0/s|walker_min=84.018|walker_med=112.090|walker_max=120.402
STEP|n=340100000|unique=5110726|accepted=34168913|rate=114648.9/s|walker_min=94.066|walker_med=112.588|walker_max=120.452
STEP|n=340200000|unique=5112596|accepted=34170783|rate=114652.0/s|walker_min=81.901|walker_med=112.946|walker_max=120.586
STEP|n=340300000|unique=5114485|accepted=34172672|rate=114654.6/s|walker_min=82.207|walker_med=113.949|walker_max=119.990
STEP|n=340400000|unique=5116425|accepted=34174612|rate=114657.3/s|walker_min=92.074|walker_med=115.957|walker_max=120.513
STEP|n=340500000|unique=5118315|accepted=34176502|rate=114660.1/s|walker_min=88.542|walker_med=113.793|walker_max=120.430
STEP|n=340600000|unique=5120232|accepted=34178419|rate=114663.0/s|walker_min=82.819|walker_med=109.670|walker_max=120.534
STEP|n=340700000|unique=5122478|accepted=34180665|rate=114665.9/s|walker_min=72.660|walker_med=112.222|walker_max=119.697
STEP|n=340800000|unique=5124554|accepted=34182741|rate=114668.4/s|walker_min=78.769|walker_med=104.442|walker_max=119.469
STEP|n=340900000|unique=5126892|accepted=34185079|rate=114670.6/s|walker_min=69.575|walker_med=102.791|walker_max=119.076
STEP|n=341000000|unique=5129245|accepted=34187432|rate=114672.6/s|walker_min=63.405|walker_med=90.074|walker_max=119.955
STEP|n=341100000|unique=5131739|accepted=34189926|rate=114674.7/s|walker_min=64.636|walker_med=106.058|walker_max=119.257
STEP|n=341200000|unique=5134059|accepted=34192246|rate=114677.2/s|walker_min=78.703|walker_med=111.693|walker_max=120.482
STEP|n=341300000|unique=5136272|accepted=34194459|rate=114679.7/s|walker_min=47.349|walker_med=107.956|walker_max=120.020
STEP|n=341400000|unique=5138572|accepted=34196759|rate=114682.4/s|walker_min=90.519|walker_med=112.557|walker_max=120.107
STEP|n=341500000|unique=5140598|accepted=34198785|rate=114685.1/s|walker_min=80.605|walker_med=115.135|walker_max=120.524
STEP|n=341600000|unique=5142608|accepted=34200795|rate=114687.6/s|walker_min=99.563|walker_med=113.956|walker_max=120.204
STEP|n=341700000|unique=5144640|accepted=34202827|rate=114690.4/s|walker_min=86.014|walker_med=115.783|walker_max=120.068
STEP|n=341800000|unique=5146634|accepted=34204821|rate=114693.5/s|walker_min=91.142|walker_med=111.048|walker_max=119.992
STEP|n=341900000|unique=5148643|accepted=34206830|rate=114696.2/s|walker_min=78.169|walker_med=108.738|walker_max=120.590
STEP|n=342000000|unique=5150579|accepted=34208766|rate=114699.0/s|walker_min=76.416|walker_med=112.660|walker_max=119.754
STEP|n=342100000|unique=5152377|accepted=34210564|rate=114701.9/s|walker_min=81.605|walker_med=112.974|walker_max=120.524
STEP|n=342200000|unique=5154180|accepted=34212367|rate=114704.9/s|walker_min=85.009|walker_med=112.133|walker_max=120.001
STEP|n=342300000|unique=5156094|accepted=34214281|rate=114707.6/s|walker_min=90.593|walker_med=112.719|walker_max=120.538
STEP|n=342400000|unique=5157988|accepted=34216175|rate=114710.0/s|walker_min=81.347|walker_med=113.101|walker_max=119.914
STEP|n=342500000|unique=5159957|accepted=34218144|rate=114712.8/s|walker_min=66.696|walker_med=111.918|walker_max=119.075
STEP|n=342600000|unique=5161975|accepted=34220162|rate=114715.4/s|walker_min=84.106|walker_med=104.003|walker_max=119.055
STEP|n=342700000|unique=5164125|accepted=34222312|rate=114718.2/s|walker_min=85.880|walker_med=109.133|walker_max=120.546
STEP|n=342800000|unique=5166259|accepted=34224446|rate=114720.7/s|walker_min=61.873|walker_med=106.047|walker_max=118.713
STEP|n=342900000|unique=5168650|accepted=34226837|rate=114723.2/s|walker_min=52.882|walker_med=101.091|walker_max=118.821
STEP|n=343000000|unique=5171182|accepted=34229369|rate=114724.9/s|walker_min=59.385|walker_med=98.878|walker_max=117.858
STEP|n=343100000|unique=5173445|accepted=34231632|rate=114723.0/s|walker_min=67.669|walker_med=102.871|walker_max=118.145
STEP|n=343200000|unique=5175756|accepted=34233943|rate=114725.4/s|walker_min=64.644|walker_med=105.291|walker_max=119.609
STEP|n=343300000|unique=5177988|accepted=34236175|rate=114728.1/s|walker_min=72.826|walker_med=110.318|walker_max=120.078
STEP|n=343400000|unique=5180033|accepted=34238220|rate=114730.7/s|walker_min=53.117|walker_med=111.624|walker_max=120.470
STEP|n=343500000|unique=5181914|accepted=34240101|rate=114733.5/s|walker_min=83.620|walker_med=112.305|walker_max=119.882
STEP|n=343600000|unique=5183801|accepted=34241988|rate=114736.4/s|walker_min=83.351|walker_med=109.634|walker_max=119.220
STEP|n=343700000|unique=5185731|accepted=34243918|rate=114739.3/s|walker_min=75.269|walker_med=110.594|walker_max=120.453
STEP|n=343800000|unique=5187599|accepted=34245786|rate=114742.3/s|walker_min=88.317|walker_med=110.719|walker_max=120.060
STEP|n=343900000|unique=5189703|accepted=34247890|rate=114745.3/s|walker_min=92.813|walker_med=112.463|walker_max=120.284
STEP|n=344000000|unique=5191634|accepted=34249821|rate=114748.3/s|walker_min=71.144|walker_med=113.959|walker_max=120.326
STEP|n=344100000|unique=5193640|accepted=34251827|rate=114751.2/s|walker_min=66.402|walker_med=113.173|walker_max=119.625
STEP|n=344200000|unique=5195460|accepted=34253647|rate=114753.9/s|walker_min=97.681|walker_med=114.364|walker_max=120.548
STEP|n=344300000|unique=5197536|accepted=34255723|rate=114756.7/s|walker_min=69.292|walker_med=112.370|walker_max=119.568
STEP|n=344400000|unique=5199618|accepted=34257805|rate=114759.4/s|walker_min=52.098|walker_med=112.861|walker_max=119.736
STEP|n=344500000|unique=5201906|accepted=34260093|rate=114761.9/s|walker_min=69.148|walker_med=109.435|walker_max=120.229
STEP|n=344600000|unique=5203877|accepted=34262064|rate=114764.9/s|walker_min=68.287|walker_med=112.117|walker_max=119.864
STEP|n=344700000|unique=5205705|accepted=34263892|rate=114767.7/s|walker_min=60.496|walker_med=112.341|walker_max=120.584
STEP|n=344800000|unique=5207699|accepted=34265886|rate=114770.5/s|walker_min=64.799|walker_med=107.534|walker_max=119.744
STEP|n=344900000|unique=5210036|accepted=34268223|rate=114772.6/s|walker_min=76.794|walker_med=103.710|walker_max=120.520
STEP|n=345000000|unique=5212244|accepted=34270431|rate=114774.4/s|walker_min=52.262|walker_med=95.463|walker_max=120.251
STEP|n=345100000|unique=5214513|accepted=34272700|rate=114776.2/s|walker_min=81.059|walker_med=107.612|walker_max=119.484
STEP|n=345200000|unique=5216497|accepted=34274684|rate=114778.7/s|walker_min=70.940|walker_med=108.571|walker_max=119.956
STEP|n=345300000|unique=5218489|accepted=34276676|rate=114781.2/s|walker_min=60.995|walker_med=108.209|walker_max=118.530
STEP|n=345400000|unique=5220513|accepted=34278700|rate=114784.0/s|walker_min=89.428|walker_med=110.568|walker_max=120.091
STEP|n=345500000|unique=5222458|accepted=34280645|rate=114786.7/s|walker_min=80.884|walker_med=109.882|walker_max=120.168
STEP|n=345600000|unique=5224317|accepted=34282504|rate=114789.3/s|walker_min=71.456|walker_med=114.409|walker_max=120.542
STEP|n=345700000|unique=5226303|accepted=34284490|rate=114792.1/s|walker_min=92.111|walker_med=115.787|walker_max=120.625
STEP|n=345800000|unique=5228157|accepted=34286344|rate=114795.0/s|walker_min=71.058|walker_med=109.743|walker_max=120.267
STEP|n=345900000|unique=5230168|accepted=34288355|rate=114798.0/s|walker_min=78.857|walker_med=109.514|walker_max=120.093
STEP|n=346000000|unique=5231946|accepted=34290133|rate=114800.9/s|walker_min=80.965|walker_med=111.785|walker_max=120.327
STEP|n=346100000|unique=5233903|accepted=34292090|rate=114803.5/s|walker_min=68.207|walker_med=114.169|walker_max=120.360
STEP|n=346200000|unique=5235857|accepted=34294044|rate=114806.2/s|walker_min=87.837|walker_med=112.812|walker_max=120.490
STEP|n=346300000|unique=5237825|accepted=34296012|rate=114808.9/s|walker_min=82.671|walker_med=109.426|walker_max=120.088
STEP|n=346400000|unique=5239765|accepted=34297952|rate=114811.8/s|walker_min=78.468|walker_med=112.357|walker_max=120.492
STEP|n=346500000|unique=5241878|accepted=34300065|rate=114814.6/s|walker_min=88.184|walker_med=112.410|walker_max=120.215
STEP|n=346600000|unique=5244034|accepted=34302221|rate=114817.2/s|walker_min=71.433|walker_med=109.342|walker_max=120.104
STEP|n=346700000|unique=5245920|accepted=34304107|rate=114819.6/s|walker_min=84.649|walker_med=111.634|walker_max=120.625
STEP|n=346800000|unique=5247924|accepted=34306111|rate=114822.1/s|walker_min=57.509|walker_med=109.798|walker_max=120.314
STEP|n=346900000|unique=5250045|accepted=34308232|rate=114824.4/s|walker_min=63.203|walker_med=106.312|walker_max=119.088
STEP|n=347000000|unique=5252306|accepted=34310493|rate=114826.5/s|walker_min=61.179|walker_med=95.805|walker_max=120.401
STEP|n=347100000|unique=5254781|accepted=34312968|rate=114828.4/s|walker_min=65.092|walker_med=107.686|walker_max=120.070
STEP|n=347200000|unique=5257128|accepted=34315315|rate=114830.6/s|walker_min=61.624|walker_med=104.567|walker_max=119.035
STEP|n=347300000|unique=5259130|accepted=34317317|rate=114833.3/s|walker_min=78.227|walker_med=108.819|walker_max=120.237
STEP|n=347400000|unique=5261310|accepted=34319497|rate=114836.1/s|walker_min=84.096|walker_med=111.194|walker_max=119.039
STEP|n=347500000|unique=5263546|accepted=34321733|rate=114838.8/s|walker_min=93.127|walker_med=112.978|walker_max=120.374
STEP|n=347600000|unique=5265456|accepted=34323643|rate=114841.4/s|walker_min=87.091|walker_med=114.506|walker_max=120.402
STEP|n=347700000|unique=5267280|accepted=34325467|rate=114844.3/s|walker_min=86.251|walker_med=112.829|walker_max=120.473
STEP|n=347800000|unique=5269237|accepted=34327424|rate=114846.9/s|walker_min=83.489|walker_med=109.620|walker_max=119.948
STEP|n=347900000|unique=5271242|accepted=34329429|rate=114849.6/s|walker_min=78.756|walker_med=111.640|walker_max=120.211
STEP|n=348000000|unique=5273197|accepted=34331384|rate=114852.3/s|walker_min=86.689|walker_med=106.800|walker_max=120.587
STEP|n=348100000|unique=5275113|accepted=34333300|rate=114855.1/s|walker_min=87.867|walker_med=114.381|walker_max=120.570
STEP|n=348200000|unique=5276872|accepted=34335059|rate=114857.9/s|walker_min=73.829|walker_med=113.153|walker_max=120.570
STEP|n=348300000|unique=5278913|accepted=34337100|rate=114860.7/s|walker_min=94.555|walker_med=115.061|walker_max=120.402
STEP|n=348400000|unique=5280913|accepted=34339100|rate=114863.5/s|walker_min=81.112|walker_med=112.781|walker_max=120.622
STEP|n=348500000|unique=5282792|accepted=34340979|rate=114866.3/s|walker_min=57.864|walker_med=112.105|walker_max=120.138
STEP|n=348600000|unique=5284875|accepted=34343062|rate=114868.9/s|walker_min=77.593|walker_med=110.814|walker_max=120.214
STEP|n=348700000|unique=5286912|accepted=34345099|rate=114871.4/s|walker_min=75.290|walker_med=112.134|walker_max=120.347
STEP|n=348800000|unique=5289160|accepted=34347347|rate=114873.7/s|walker_min=77.784|walker_med=107.460|walker_max=120.485
STEP|n=348900000|unique=5291277|accepted=34349464|rate=114875.7/s|walker_min=76.116|walker_med=105.479|walker_max=120.179
STEP|n=349000000|unique=5293796|accepted=34351983|rate=114877.5/s|walker_min=60.994|walker_med=95.769|walker_max=120.004
STEP|n=349100000|unique=5296040|accepted=34354227|rate=114879.2/s|walker_min=55.967|walker_med=101.011|walker_max=120.516
STEP|n=349200000|unique=5298569|accepted=34356756|rate=114881.3/s|walker_min=74.011|walker_med=105.548|walker_max=120.590
STEP|n=349300000|unique=5300656|accepted=34358843|rate=114883.8/s|walker_min=82.895|walker_med=109.762|walker_max=120.330
STEP|n=349400000|unique=5302779|accepted=34360966|rate=114886.1/s|walker_min=81.500|walker_med=110.569|walker_max=119.940
STEP|n=349500000|unique=5304843|accepted=34363030|rate=114888.8/s|walker_min=78.272|walker_med=111.899|walker_max=120.502
STEP|n=349600000|unique=5306584|accepted=34364771|rate=114891.5/s|walker_min=84.867|walker_med=112.678|walker_max=119.765
STEP|n=349700000|unique=5308364|accepted=34366551|rate=114890.3/s|walker_min=73.630|walker_med=108.579|walker_max=120.521
STEP|n=349800000|unique=5310294|accepted=34368481|rate=114893.0/s|walker_min=84.340|walker_med=110.721|walker_max=120.623
STEP|n=349900000|unique=5312193|accepted=34370380|rate=114895.7/s|walker_min=94.048|walker_med=109.913|walker_max=120.592
STEP|n=350000000|unique=5314114|accepted=34372301|rate=114898.5/s|walker_min=77.278|walker_med=111.205|walker_max=120.536
CHECKPOINT|step=350000000|unique=5314114|saved=3000000|min=46.3601|max=113.244
STEP|n=350100000|unique=5315974|accepted=34374161|rate=114600.9/s|walker_min=91.373|walker_med=112.085|walker_max=120.391
STEP|n=350200000|unique=5317921|accepted=34376108|rate=114599.5/s|walker_min=81.807|walker_med=112.980|walker_max=120.587
STEP|n=350300000|unique=5319915|accepted=34378102|rate=114602.2/s|walker_min=62.051|walker_med=109.079|walker_max=120.626
STEP|n=350400000|unique=5321828|accepted=34380015|rate=114604.9/s|walker_min=101.912|walker_med=114.777|walker_max=120.487
STEP|n=350500000|unique=5323744|accepted=34381931|rate=114607.6/s|walker_min=63.300|walker_med=110.162|walker_max=120.519
STEP|n=350600000|unique=5325413|accepted=34383600|rate=114610.3/s|walker_min=91.876|walker_med=113.199|walker_max=119.828
STEP|n=350700000|unique=5327465|accepted=34385652|rate=114612.8/s|walker_min=74.985|walker_med=107.731|walker_max=120.576
STEP|n=350800000|unique=5329720|accepted=34387907|rate=114615.0/s|walker_min=83.175|walker_med=110.660|walker_max=120.582
STEP|n=350900000|unique=5331986|accepted=34390173|rate=114616.7/s|walker_min=67.559|walker_med=105.160|walker_max=119.438
STEP|n=351000000|unique=5333890|accepted=34392077|rate=114618.9/s|walker_min=66.625|walker_med=103.462|walker_max=120.155
STEP|n=351100000|unique=5336162|accepted=34394349|rate=114620.6/s|walker_min=53.899|walker_med=103.637|walker_max=120.553
STEP|n=351200000|unique=5338451|accepted=34396638|rate=114622.9/s|walker_min=76.476|walker_med=103.683|walker_max=119.951
STEP|n=351300000|unique=5340533|accepted=34398720|rate=114625.3/s|walker_min=86.767|walker_med=108.860|walker_max=118.362
STEP|n=351400000|unique=5342714|accepted=34400901|rate=114627.5/s|walker_min=81.675|walker_med=109.617|walker_max=120.596
STEP|n=351500000|unique=5344842|accepted=34403029|rate=114629.9/s|walker_min=90.521|walker_med=114.316|walker_max=120.546
STEP|n=351600000|unique=5346947|accepted=34405134|rate=114632.4/s|walker_min=81.950|walker_med=107.418|walker_max=120.614
STEP|n=351700000|unique=5348969|accepted=34407156|rate=114635.2/s|walker_min=87.247|walker_med=114.559|walker_max=119.312
STEP|n=351800000|unique=5351010|accepted=34409197|rate=114638.0/s|walker_min=85.502|walker_med=111.268|walker_max=120.290
STEP|n=351900000|unique=5352802|accepted=34410989|rate=114640.6/s|walker_min=83.318|walker_med=109.727|walker_max=120.127
STEP|n=352000000|unique=5354749|accepted=34412936|rate=114643.4/s|walker_min=78.104|walker_med=112.946|walker_max=120.176
STEP|n=352100000|unique=5356779|accepted=34414966|rate=114646.1/s|walker_min=80.386|walker_med=108.554|walker_max=120.474
STEP|n=352200000|unique=5358810|accepted=34416997|rate=114649.0/s|walker_min=87.194|walker_med=112.496|walker_max=118.917
STEP|n=352300000|unique=5360775|accepted=34418962|rate=114650.7/s|walker_min=96.258|walker_med=111.565|walker_max=120.268
STEP|n=352400000|unique=5362647|accepted=34420834|rate=114653.5/s|walker_min=98.228|walker_med=113.805|walker_max=120.063
STEP|n=352500000|unique=5364578|accepted=34422765|rate=114656.1/s|walker_min=93.555|walker_med=112.519|walker_max=120.446
STEP|n=352600000|unique=5366337|accepted=34424524|rate=114658.7/s|walker_min=77.156|walker_med=112.223|walker_max=120.479
STEP|n=352700000|unique=5368269|accepted=34426456|rate=114661.3/s|walker_min=75.260|walker_med=107.129|walker_max=120.517
STEP|n=352800000|unique=5370301|accepted=34428488|rate=114664.0/s|walker_min=71.563|walker_med=106.850|walker_max=119.936
STEP|n=352900000|unique=5372484|accepted=34430671|rate=114666.2/s|walker_min=55.403|walker_med=102.335|walker_max=120.534
STEP|n=353000000|unique=5374701|accepted=34432888|rate=114667.8/s|walker_min=55.425|walker_med=94.583|walker_max=120.375
STEP|n=353100000|unique=5376621|accepted=34434808|rate=114669.5/s|walker_min=54.562|walker_med=110.022|walker_max=120.373
STEP|n=353200000|unique=5378922|accepted=34437109|rate=114671.5/s|walker_min=66.710|walker_med=101.706|walker_max=120.328
STEP|n=353300000|unique=5380889|accepted=34439076|rate=114674.0/s|walker_min=77.015|walker_med=110.937|walker_max=119.292
STEP|n=353400000|unique=5382828|accepted=34441015|rate=114676.7/s|walker_min=51.849|walker_med=111.137|walker_max=120.613
STEP|n=353500000|unique=5384778|accepted=34442965|rate=114679.4/s|walker_min=82.409|walker_med=110.787|walker_max=120.512
STEP|n=353600000|unique=5386751|accepted=34444938|rate=114681.8/s|walker_min=83.967|walker_med=113.953|walker_max=120.579
STEP|n=353700000|unique=5388540|accepted=34446727|rate=114684.4/s|walker_min=83.730|walker_med=112.602|walker_max=120.417
STEP|n=353800000|unique=5390526|accepted=34448713|rate=114687.2/s|walker_min=77.280|walker_med=113.623|walker_max=120.404
STEP|n=353900000|unique=5392433|accepted=34450620|rate=114690.1/s|walker_min=90.655|walker_med=110.870|walker_max=120.603
STEP|n=354000000|unique=5394429|accepted=34452616|rate=114692.9/s|walker_min=86.347|walker_med=113.584|walker_max=120.224
STEP|n=354100000|unique=5396409|accepted=34454596|rate=114695.8/s|walker_min=91.790|walker_med=112.639|walker_max=120.485
STEP|n=354200000|unique=5398197|accepted=34456384|rate=114695.1/s|walker_min=93.097|walker_med=111.037|walker_max=120.395
STEP|n=354300000|unique=5400004|accepted=34458191|rate=114697.6/s|walker_min=97.310|walker_med=113.508|walker_max=120.185
STEP|n=354400000|unique=5401996|accepted=34460183|rate=114700.1/s|walker_min=77.349|walker_med=111.127|walker_max=120.508
STEP|n=354500000|unique=5403973|accepted=34462160|rate=114702.6/s|walker_min=82.328|walker_med=113.685|walker_max=119.572
STEP|n=354600000|unique=5405756|accepted=34463943|rate=114705.2/s|walker_min=74.729|walker_med=109.011|walker_max=119.943
STEP|n=354700000|unique=5407852|accepted=34466039|rate=114707.8/s|walker_min=74.749|walker_med=111.132|walker_max=120.259
STEP|n=354800000|unique=5410170|accepted=34468357|rate=114710.1/s|walker_min=82.008|walker_med=109.213|walker_max=120.360
STEP|n=354900000|unique=5412622|accepted=34470809|rate=114712.5/s|walker_min=85.247|walker_med=110.077|walker_max=120.483
STEP|n=355000000|unique=5414832|accepted=34473019|rate=114714.3/s|walker_min=56.286|walker_med=94.358|walker_max=119.655
STEP|n=355100000|unique=5416935|accepted=34475122|rate=114716.3/s|walker_min=55.814|walker_med=107.173|walker_max=120.127
STEP|n=355200000|unique=5418677|accepted=34476864|rate=114718.5/s|walker_min=83.394|walker_med=111.028|walker_max=120.411
STEP|n=355300000|unique=5420653|accepted=34478840|rate=114721.0/s|walker_min=84.547|walker_med=110.535|walker_max=120.193
STEP|n=355400000|unique=5422594|accepted=34480781|rate=114723.4/s|walker_min=83.268|walker_med=113.360|walker_max=120.489
STEP|n=355500000|unique=5424552|accepted=34482739|rate=114726.0/s|walker_min=76.580|walker_med=110.193|walker_max=120.411
STEP|n=355600000|unique=5426490|accepted=34484677|rate=114728.7/s|walker_min=90.722|walker_med=112.558|walker_max=119.256
STEP|n=355700000|unique=5428494|accepted=34486681|rate=114731.3/s|walker_min=88.106|walker_med=109.135|walker_max=120.526
STEP|n=355800000|unique=5430208|accepted=34488395|rate=114734.0/s|walker_min=96.194|walker_med=113.821|walker_max=120.514
STEP|n=355900000|unique=5432045|accepted=34490232|rate=114736.6/s|walker_min=88.508|walker_med=114.028|walker_max=120.133
STEP|n=356000000|unique=5434075|accepted=34492262|rate=114739.0/s|walker_min=56.111|walker_med=115.141|walker_max=120.568
STEP|n=356100000|unique=5436012|accepted=34494199|rate=114741.7/s|walker_min=81.123|walker_med=111.612|walker_max=119.516
STEP|n=356200000|unique=5437926|accepted=34496113|rate=114744.4/s|walker_min=69.107|walker_med=113.726|walker_max=120.616
STEP|n=356300000|unique=5439837|accepted=34498024|rate=114747.2/s|walker_min=78.855|walker_med=108.624|walker_max=120.324
STEP|n=356400000|unique=5441847|accepted=34500034|rate=114749.9/s|walker_min=81.400|walker_med=109.283|walker_max=119.962
STEP|n=356500000|unique=5443766|accepted=34501953|rate=114752.6/s|walker_min=94.069|walker_med=109.494|walker_max=120.611
STEP|n=356600000|unique=5445666|accepted=34503853|rate=114755.1/s|walker_min=81.658|walker_med=110.402|walker_max=120.073
STEP|n=356700000|unique=5447602|accepted=34505789|rate=114757.6/s|walker_min=74.584|walker_med=109.452|walker_max=120.274
STEP|n=356800000|unique=5449667|accepted=34507854|rate=114760.2/s|walker_min=86.678|walker_med=112.491|walker_max=119.119
STEP|n=356900000|unique=5451966|accepted=34510153|rate=114758.6/s|walker_min=69.673|walker_med=107.337|walker_max=118.231
STEP|n=357000000|unique=5454290|accepted=34512477|rate=114760.5/s|walker_min=53.282|walker_med=97.921|walker_max=120.064
STEP|n=357100000|unique=5456368|accepted=34514555|rate=114762.2/s|walker_min=59.845|walker_med=104.707|walker_max=120.572
STEP|n=357200000|unique=5458444|accepted=34516631|rate=114764.4/s|walker_min=68.287|walker_med=108.165|walker_max=120.356
STEP|n=357300000|unique=5460289|accepted=34518476|rate=114766.8/s|walker_min=91.149|walker_med=112.547|walker_max=120.559
STEP|n=357400000|unique=5462454|accepted=34520641|rate=114769.0/s|walker_min=54.736|walker_med=108.378|walker_max=120.118
STEP|n=357500000|unique=5464240|accepted=34522427|rate=114771.7/s|walker_min=82.007|walker_med=114.136|walker_max=120.538
STEP|n=357600000|unique=5465999|accepted=34524186|rate=114774.3/s|walker_min=87.307|walker_med=109.650|walker_max=120.538
STEP|n=357700000|unique=5467746|accepted=34525933|rate=114776.9/s|walker_min=77.690|walker_med=112.274|walker_max=118.876
STEP|n=357800000|unique=5469582|accepted=34527769|rate=114779.5/s|walker_min=84.019|walker_med=113.715|walker_max=119.509
STEP|n=357900000|unique=5471399|accepted=34529586|rate=114782.3/s|walker_min=86.858|walker_med=112.411|walker_max=120.452
STEP|n=358000000|unique=5473232|accepted=34531419|rate=114785.0/s|walker_min=81.653|walker_med=114.041|walker_max=120.447
STEP|n=358100000|unique=5475053|accepted=34533240|rate=114787.6/s|walker_min=88.620|walker_med=111.320|walker_max=120.113
STEP|n=358200000|unique=5476894|accepted=34535081|rate=114790.3/s|walker_min=81.458|walker_med=115.422|walker_max=120.401
STEP|n=358300000|unique=5478684|accepted=34536871|rate=114792.7/s|walker_min=84.693|walker_med=110.781|walker_max=120.396
STEP|n=358400000|unique=5480565|accepted=34538752|rate=114795.3/s|walker_min=91.939|walker_med=109.280|walker_max=120.573
STEP|n=358500000|unique=5482464|accepted=34540651|rate=114798.1/s|walker_min=73.645|walker_med=112.571|walker_max=120.621
STEP|n=358600000|unique=5484409|accepted=34542596|rate=114800.8/s|walker_min=88.091|walker_med=106.647|walker_max=119.952
STEP|n=358700000|unique=5486413|accepted=34544600|rate=114803.3/s|walker_min=88.829|walker_med=111.508|walker_max=120.539
STEP|n=358800000|unique=5488466|accepted=34546653|rate=114805.7/s|walker_min=77.880|walker_med=107.227|walker_max=120.597
STEP|n=358900000|unique=5490640|accepted=34548827|rate=114808.0/s|walker_min=77.254|walker_med=104.156|walker_max=120.354
STEP|n=359000000|unique=5493007|accepted=34551194|rate=114809.8/s|walker_min=57.864|walker_med=97.283|walker_max=119.854
STEP|n=359100000|unique=5495169|accepted=34553356|rate=114811.7/s|walker_min=58.046|walker_med=107.472|walker_max=119.460
STEP|n=359200000|unique=5497599|accepted=34555786|rate=114813.8/s|walker_min=80.318|walker_med=110.862|walker_max=120.393
STEP|n=359300000|unique=5499794|accepted=34557981|rate=114816.0/s|walker_min=61.451|walker_med=107.774|walker_max=120.299
STEP|n=359400000|unique=5501844|accepted=34560031|rate=114818.5/s|walker_min=90.461|walker_med=113.933|walker_max=120.370
STEP|n=359500000|unique=5503872|accepted=34562059|rate=114821.1/s|walker_min=87.242|walker_med=111.563|walker_max=120.497
STEP|n=359600000|unique=5505829|accepted=34564016|rate=114823.8/s|walker_min=94.073|walker_med=112.319|walker_max=119.753
STEP|n=359700000|unique=5507849|accepted=34566036|rate=114826.6/s|walker_min=97.079|walker_med=113.702|walker_max=120.290
STEP|n=359800000|unique=5509754|accepted=34567941|rate=114829.2/s|walker_min=83.641|walker_med=113.024|walker_max=120.355
STEP|n=359900000|unique=5511861|accepted=34570048|rate=114831.8/s|walker_min=88.978|walker_med=111.932|walker_max=119.738
STEP|n=360000000|unique=5513615|accepted=34571802|rate=114834.4/s|walker_min=94.832|walker_med=112.041|walker_max=120.553
STEP|n=360100000|unique=5515486|accepted=34573673|rate=114837.1/s|walker_min=84.965|walker_med=114.233|walker_max=120.327
STEP|n=360200000|unique=5517467|accepted=34575654|rate=114839.6/s|walker_min=79.463|walker_med=111.025|walker_max=120.154
STEP|n=360300000|unique=5519287|accepted=34577474|rate=114842.2/s|walker_min=88.124|walker_med=114.517|walker_max=120.492
STEP|n=360400000|unique=5521288|accepted=34579475|rate=114844.8/s|walker_min=99.644|walker_med=111.447|walker_max=120.247
STEP|n=360500000|unique=5523328|accepted=34581515|rate=114847.4/s|walker_min=83.716|walker_med=112.722|walker_max=119.782
STEP|n=360600000|unique=5525327|accepted=34583514|rate=114849.9/s|walker_min=87.954|walker_med=111.282|walker_max=120.490
STEP|n=360700000|unique=5527204|accepted=34585391|rate=114852.2/s|walker_min=64.609|walker_med=109.418|walker_max=119.669
STEP|n=360800000|unique=5529475|accepted=34587662|rate=114854.4/s|walker_min=80.370|walker_med=106.426|walker_max=120.229
STEP|n=360900000|unique=5531603|accepted=34589790|rate=114856.6/s|walker_min=69.227|walker_med=104.900|walker_max=119.905
STEP|n=361000000|unique=5533726|accepted=34591913|rate=114858.2/s|walker_min=60.862|walker_med=89.758|walker_max=120.326
STEP|n=361100000|unique=5535826|accepted=34594013|rate=114859.7/s|walker_min=60.474|walker_med=106.327|walker_max=120.620
STEP|n=361200000|unique=5537966|accepted=34596153|rate=114861.8/s|walker_min=79.353|walker_med=109.515|walker_max=119.555
STEP|n=361300000|unique=5540090|accepted=34598277|rate=114864.0/s|walker_min=90.736|walker_med=110.608|walker_max=120.177
STEP|n=361400000|unique=5542219|accepted=34600406|rate=114866.4/s|walker_min=82.192|walker_med=109.831|walker_max=119.485
STEP|n=361500000|unique=5544299|accepted=34602486|rate=114868.7/s|walker_min=83.526|walker_med=110.995|walker_max=118.208
STEP|n=361600000|unique=5546094|accepted=34604281|rate=114871.0/s|walker_min=90.024|walker_med=111.584|walker_max=120.494
STEP|n=361700000|unique=5547864|accepted=34606051|rate=114873.5/s|walker_min=89.944|walker_med=111.784|walker_max=120.542
STEP|n=361800000|unique=5549553|accepted=34607740|rate=114876.1/s|walker_min=87.629|walker_med=111.860|walker_max=120.449
STEP|n=361900000|unique=5551645|accepted=34609832|rate=114878.8/s|walker_min=89.958|walker_med=112.769|walker_max=120.152
STEP|n=362000000|unique=5553527|accepted=34611714|rate=114881.5/s|walker_min=80.923|walker_med=112.187|walker_max=119.532
STEP|n=362100000|unique=5555292|accepted=34613479|rate=114884.2/s|walker_min=93.562|walker_med=113.320|walker_max=120.440
STEP|n=362200000|unique=5557000|accepted=34615187|rate=114886.8/s|walker_min=67.923|walker_med=110.799|walker_max=120.404
STEP|n=362300000|unique=5558708|accepted=34616895|rate=114889.4/s|walker_min=81.861|walker_med=116.360|walker_max=120.357
STEP|n=362400000|unique=5560727|accepted=34618914|rate=114892.0/s|walker_min=91.125|walker_med=113.206|walker_max=120.455
STEP|n=362500000|unique=5562668|accepted=34620855|rate=114894.7/s|walker_min=76.429|walker_med=109.971|walker_max=119.479
STEP|n=362600000|unique=5564455|accepted=34622642|rate=114897.4/s|walker_min=85.056|walker_med=115.147|walker_max=120.585
STEP|n=362700000|unique=5566426|accepted=34624613|rate=114899.9/s|walker_min=81.450|walker_med=108.297|walker_max=120.553
STEP|n=362800000|unique=5568395|accepted=34626582|rate=114901.8/s|walker_min=85.047|walker_med=111.393|walker_max=120.342
STEP|n=362900000|unique=5570431|accepted=34628618|rate=114904.1/s|walker_min=71.964|walker_med=108.454|walker_max=119.753
STEP|n=363000000|unique=5572902|accepted=34631089|rate=114905.9/s|walker_min=63.532|walker_med=94.659|walker_max=120.436
STEP|n=363100000|unique=5574878|accepted=34633065|rate=114907.4/s|walker_min=67.695|walker_med=107.208|walker_max=118.891
STEP|n=363200000|unique=5576928|accepted=34635115|rate=114909.4/s|walker_min=75.055|walker_med=106.821|walker_max=120.258
STEP|n=363300000|unique=5578795|accepted=34636982|rate=114911.6/s|walker_min=76.096|walker_med=111.343|walker_max=120.495
STEP|n=363400000|unique=5580821|accepted=34639008|rate=114914.0/s|walker_min=83.085|walker_med=110.732|walker_max=120.416
STEP|n=363500000|unique=5582714|accepted=34640901|rate=114916.4/s|walker_min=87.166|walker_med=111.248|walker_max=120.529
STEP|n=363600000|unique=5584528|accepted=34642715|rate=114914.8/s|walker_min=81.791|walker_med=113.001|walker_max=120.584
STEP|n=363700000|unique=5586427|accepted=34644614|rate=114917.4/s|walker_min=91.973|walker_med=115.935|walker_max=120.518
STEP|n=363800000|unique=5588312|accepted=34646499|rate=114920.0/s|walker_min=76.937|walker_med=108.214|walker_max=119.926
STEP|n=363900000|unique=5590241|accepted=34648428|rate=114922.4/s|walker_min=86.116|walker_med=114.163|walker_max=120.132
STEP|n=364000000|unique=5592115|accepted=34650302|rate=114924.9/s|walker_min=82.230|walker_med=111.128|walker_max=120.544
STEP|n=364100000|unique=5593867|accepted=34652054|rate=114923.1/s|walker_min=88.696|walker_med=113.936|walker_max=120.384
STEP|n=364200000|unique=5595688|accepted=34653875|rate=114925.9/s|walker_min=88.543|walker_med=111.253|walker_max=120.019
STEP|n=364300000|unique=5597501|accepted=34655688|rate=114928.6/s|walker_min=81.056|walker_med=113.884|walker_max=119.395
STEP|n=364400000|unique=5599443|accepted=34657630|rate=114932.3/s|walker_min=89.655|walker_med=108.718|walker_max=120.287
STEP|n=364500000|unique=5601321|accepted=34659508|rate=114936.0/s|walker_min=85.155|walker_med=111.933|walker_max=120.146
STEP|n=364600000|unique=5603467|accepted=34661654|rate=114939.6/s|walker_min=86.926|walker_med=108.581|walker_max=120.317
STEP|n=364700000|unique=5605513|accepted=34663700|rate=114942.3/s|walker_min=55.431|walker_med=109.257|walker_max=120.544
STEP|n=364800000|unique=5607443|accepted=34665630|rate=114944.8/s|walker_min=69.356|walker_med=109.693|walker_max=120.221
STEP|n=364900000|unique=5609759|accepted=34667946|rate=114947.4/s|walker_min=61.083|walker_med=106.203|walker_max=119.122
STEP|n=365000000|unique=5611879|accepted=34670066|rate=114950.6/s|walker_min=60.156|walker_med=94.600|walker_max=118.968
STEP|n=365100000|unique=5614245|accepted=34672432|rate=114953.8/s|walker_min=53.979|walker_med=105.272|walker_max=119.882
STEP|n=365200000|unique=5616441|accepted=34674628|rate=114957.3/s|walker_min=82.877|walker_med=112.326|walker_max=120.422
STEP|n=365300000|unique=5618336|accepted=34676523|rate=114960.0/s|walker_min=82.218|walker_med=111.383|walker_max=119.072
STEP|n=365400000|unique=5620277|accepted=34678464|rate=114962.6/s|walker_min=67.763|walker_med=110.401|walker_max=120.616
STEP|n=365500000|unique=5622437|accepted=34680624|rate=114965.5/s|walker_min=51.312|walker_med=112.258|walker_max=120.260
STEP|n=365600000|unique=5624273|accepted=34682460|rate=114969.4/s|walker_min=92.254|walker_med=113.326|walker_max=120.560
STEP|n=365700000|unique=5626089|accepted=34684276|rate=114973.4/s|walker_min=87.719|walker_med=113.886|walker_max=119.611
STEP|n=365800000|unique=5627795|accepted=34685982|rate=114976.5/s|walker_min=85.420|walker_med=111.869|walker_max=120.216
STEP|n=365900000|unique=5629701|accepted=34687888|rate=114979.2/s|walker_min=85.974|walker_med=113.040|walker_max=120.393
STEP|n=366000000|unique=5631429|accepted=34689616|rate=114981.8/s|walker_min=81.318|walker_med=112.313|walker_max=120.509
STEP|n=366100000|unique=5633182|accepted=34691369|rate=114985.1/s|walker_min=79.546|walker_med=112.893|walker_max=120.510
STEP|n=366200000|unique=5634808|accepted=34692995|rate=114989.0/s|walker_min=81.052|walker_med=114.810|walker_max=120.537
STEP|n=366300000|unique=5636728|accepted=34694915|rate=114992.9/s|walker_min=90.894|walker_med=113.875|walker_max=120.619
STEP|n=366400000|unique=5638566|accepted=34696753|rate=114996.4/s|walker_min=93.684|walker_med=112.125|walker_max=120.405
STEP|n=366500000|unique=5640713|accepted=34698900|rate=114999.4/s|walker_min=91.389|walker_med=109.896|walker_max=118.988
STEP|n=366600000|unique=5642548|accepted=34700735|rate=115002.2/s|walker_min=86.210|walker_med=111.119|walker_max=120.354
STEP|n=366700000|unique=5644541|accepted=34702728|rate=115005.2/s|walker_min=54.736|walker_med=107.399|walker_max=120.433
STEP|n=366800000|unique=5646733|accepted=34704920|rate=115008.8/s|walker_min=68.062|walker_med=107.057|walker_max=119.125
STEP|n=366900000|unique=5649018|accepted=34707205|rate=115012.2/s|walker_min=67.463|walker_med=105.372|walker_max=120.117
STEP|n=367000000|unique=5651240|accepted=34709427|rate=115014.5/s|walker_min=49.560|walker_med=95.136|walker_max=120.438
STEP|n=367100000|unique=5653246|accepted=34711433|rate=115016.2/s|walker_min=66.668|walker_med=105.711|walker_max=119.810
STEP|n=367200000|unique=5655145|accepted=34713332|rate=115018.3/s|walker_min=80.128|walker_med=104.129|walker_max=120.232
STEP|n=367300000|unique=5656980|accepted=34715167|rate=115021.5/s|walker_min=65.776|walker_med=110.011|walker_max=120.511
STEP|n=367400000|unique=5658990|accepted=34717177|rate=115025.5/s|walker_min=58.591|walker_med=110.310|walker_max=120.472
STEP|n=367500000|unique=5660978|accepted=34719165|rate=115029.3/s|walker_min=81.611|walker_med=108.235|walker_max=120.569
STEP|n=367600000|unique=5662822|accepted=34721009|rate=115032.6/s|walker_min=83.632|walker_med=113.648|walker_max=120.088
STEP|n=367700000|unique=5664629|accepted=34722816|rate=115035.4/s|walker_min=85.436|walker_med=108.886|walker_max=120.577
STEP|n=367800000|unique=5666436|accepted=34724623|rate=115037.9/s|walker_min=81.392|walker_med=114.594|walker_max=120.569
STEP|n=367900000|unique=5668220|accepted=34726407|rate=115041.4/s|walker_min=94.626|walker_med=110.588|walker_max=119.984
STEP|n=368000000|unique=5670030|accepted=34728217|rate=115045.1/s|walker_min=81.399|walker_med=112.350|walker_max=120.378
STEP|n=368100000|unique=5671767|accepted=34729954|rate=115048.7/s|walker_min=59.326|walker_med=110.574|walker_max=120.562
STEP|n=368200000|unique=5673742|accepted=34731929|rate=115051.8/s|walker_min=87.393|walker_med=110.842|walker_max=119.824
STEP|n=368300000|unique=5675447|accepted=34733634|rate=115054.5/s|walker_min=76.280|walker_med=111.229|walker_max=120.531
STEP|n=368400000|unique=5677209|accepted=34735396|rate=115057.0/s|walker_min=69.843|walker_med=107.308|walker_max=120.045
STEP|n=368500000|unique=5678977|accepted=34737164|rate=115060.5/s|walker_min=81.108|walker_med=109.805|walker_max=120.009
STEP|n=368600000|unique=5680888|accepted=34739075|rate=115064.2/s|walker_min=76.215|walker_med=110.820|walker_max=120.390
STEP|n=368700000|unique=5682843|accepted=34741030|rate=115068.1/s|walker_min=67.849|walker_med=110.242|walker_max=119.994
STEP|n=368800000|unique=5684810|accepted=34742997|rate=115070.8/s|walker_min=57.146|walker_med=108.986|walker_max=120.563
STEP|n=368900000|unique=5686935|accepted=34745122|rate=115073.0/s|walker_min=75.660|walker_med=104.980|walker_max=118.540
STEP|n=369000000|unique=5689085|accepted=34747272|rate=115074.9/s|walker_min=52.949|walker_med=94.367|walker_max=119.021
STEP|n=369100000|unique=5691348|accepted=34749535|rate=115077.9/s|walker_min=85.559|walker_med=106.816|walker_max=118.311
STEP|n=369200000|unique=5693311|accepted=34751498|rate=115081.1/s|walker_min=77.662|walker_med=106.992|walker_max=120.331
STEP|n=369300000|unique=5695105|accepted=34753292|rate=115084.8/s|walker_min=89.339|walker_med=109.789|walker_max=120.430
STEP|n=369400000|unique=5697036|accepted=34755223|rate=115087.3/s|walker_min=92.602|walker_med=109.450|walker_max=119.112
STEP|n=369500000|unique=5699071|accepted=34757258|rate=115089.8/s|walker_min=83.954|walker_med=114.486|walker_max=120.541
STEP|n=369600000|unique=5700755|accepted=34758942|rate=115092.5/s|walker_min=80.521|walker_med=107.219|walker_max=119.457
STEP|n=369700000|unique=5702561|accepted=34760748|rate=115095.9/s|walker_min=92.840|walker_med=113.860|walker_max=120.498
STEP|n=369800000|unique=5704363|accepted=34762550|rate=115099.6/s|walker_min=77.069|walker_med=111.222|walker_max=120.353
STEP|n=369900000|unique=5706071|accepted=34764258|rate=115103.2/s|walker_min=94.751|walker_med=109.496|walker_max=119.564
STEP|n=370000000|unique=5707771|accepted=34765958|rate=115105.8/s|walker_min=70.504|walker_med=111.689|walker_max=120.435
STEP|n=370100000|unique=5709463|accepted=34767650|rate=115108.5/s|walker_min=76.429|walker_med=113.881|walker_max=120.387
STEP|n=370200000|unique=5711026|accepted=34769213|rate=115111.6/s|walker_min=80.079|walker_med=110.514|walker_max=120.497
STEP|n=370300000|unique=5712982|accepted=34771169|rate=115115.3/s|walker_min=94.154|walker_med=113.395|walker_max=120.620
STEP|n=370400000|unique=5714900|accepted=34773087|rate=115118.9/s|walker_min=73.641|walker_med=109.600|walker_max=120.292
STEP|n=370500000|unique=5716833|accepted=34775020|rate=115122.4/s|walker_min=73.428|walker_med=114.266|walker_max=120.547
STEP|n=370600000|unique=5718921|accepted=34777108|rate=115120.9/s|walker_min=78.160|walker_med=109.069|walker_max=120.039
STEP|n=370700000|unique=5720768|accepted=34778955|rate=115123.1/s|walker_min=65.924|walker_med=112.912|walker_max=120.313
STEP|n=370800000|unique=5722879|accepted=34781066|rate=115126.2/s|walker_min=83.166|walker_med=105.911|walker_max=120.246
STEP|n=370900000|unique=5724993|accepted=34783180|rate=115130.0/s|walker_min=74.300|walker_med=112.240|walker_max=120.599
STEP|n=371000000|unique=5726985|accepted=34785172|rate=115132.9/s|walker_min=62.323|walker_med=102.984|walker_max=120.246
STEP|n=371100000|unique=5728883|accepted=34787070|rate=115135.4/s|walker_min=75.209|walker_med=105.405|walker_max=120.255
STEP|n=371200000|unique=5730889|accepted=34789076|rate=115137.6/s|walker_min=59.010|walker_med=109.595|walker_max=120.246
STEP|n=371300000|unique=5732894|accepted=34791081|rate=115139.9/s|walker_min=79.357|walker_med=105.875|walker_max=119.764
STEP|n=371400000|unique=5734992|accepted=34793179|rate=115142.8/s|walker_min=86.798|walker_med=113.237|walker_max=120.274
STEP|n=371500000|unique=5736919|accepted=34795106|rate=115146.5/s|walker_min=79.726|walker_med=107.725|walker_max=120.621
STEP|n=371600000|unique=5738738|accepted=34796925|rate=115150.0/s|walker_min=76.556|walker_med=115.039|walker_max=120.204
STEP|n=371700000|unique=5740494|accepted=34798681|rate=115153.0/s|walker_min=68.396|walker_med=110.635|walker_max=120.527
STEP|n=371800000|unique=5742333|accepted=34800520|rate=115155.7/s|walker_min=97.765|walker_med=112.319|walker_max=120.259
STEP|n=371900000|unique=5744298|accepted=34802485|rate=115158.6/s|walker_min=80.427|walker_med=113.817|walker_max=119.935
STEP|n=372000000|unique=5746000|accepted=34804187|rate=115162.0/s|walker_min=83.471|walker_med=107.534|walker_max=120.600
STEP|n=372100000|unique=5747675|accepted=34805862|rate=115165.7/s|walker_min=67.733|walker_med=113.916|walker_max=119.816
STEP|n=372200000|unique=5749491|accepted=34807678|rate=115169.5/s|walker_min=96.244|walker_med=113.929|walker_max=120.599
STEP|n=372300000|unique=5751251|accepted=34809438|rate=115172.7/s|walker_min=78.644|walker_med=112.959|walker_max=120.546
STEP|n=372400000|unique=5753124|accepted=34811311|rate=115175.3/s|walker_min=84.934|walker_med=115.543|walker_max=120.317
STEP|n=372500000|unique=5755054|accepted=34813241|rate=115177.9/s|walker_min=88.469|walker_med=112.989|walker_max=120.427
STEP|n=372600000|unique=5757010|accepted=34815197|rate=115181.2/s|walker_min=68.164|walker_med=114.663|walker_max=120.390
STEP|n=372700000|unique=5758775|accepted=34816962|rate=115184.8/s|walker_min=71.541|walker_med=112.235|walker_max=120.503
STEP|n=372800000|unique=5760841|accepted=34819028|rate=115188.1/s|walker_min=65.429|walker_med=111.397|walker_max=118.591
STEP|n=372900000|unique=5763183|accepted=34821370|rate=115190.6/s|walker_min=63.689|walker_med=110.276|walker_max=120.133
STEP|n=373000000|unique=5765202|accepted=34823389|rate=115192.1/s|walker_min=63.405|walker_med=94.397|walker_max=118.811
STEP|n=373100000|unique=5767372|accepted=34825559|rate=115193.7/s|walker_min=65.622|walker_med=104.996|walker_max=120.048
STEP|n=373200000|unique=5769336|accepted=34827523|rate=115197.0/s|walker_min=78.102|walker_med=111.370|walker_max=119.966
STEP|n=373300000|unique=5771155|accepted=34829342|rate=115200.4/s|walker_min=76.059|walker_med=106.806|walker_max=120.114
STEP|n=373400000|unique=5773059|accepted=34831246|rate=115203.4/s|walker_min=80.351|walker_med=106.246|walker_max=120.293
STEP|n=373500000|unique=5774804|accepted=34832991|rate=115206.7/s|walker_min=68.160|walker_med=106.261|walker_max=120.606
STEP|n=373600000|unique=5776550|accepted=34834737|rate=115210.1/s|walker_min=97.470|walker_med=113.491|walker_max=120.502
STEP|n=373700000|unique=5778207|accepted=34836394|rate=115213.4/s|walker_min=70.709|walker_med=112.812|walker_max=120.584
STEP|n=373800000|unique=5779992|accepted=34838179|rate=115216.0/s|walker_min=87.932|walker_med=113.999|walker_max=120.336
STEP|n=373900000|unique=5781713|accepted=34839900|rate=115218.4/s|walker_min=78.860|walker_med=114.064|walker_max=120.485
STEP|n=374000000|unique=5783382|accepted=34841569|rate=115221.0/s|walker_min=92.592|walker_med=115.099|walker_max=120.273
STEP|n=374100000|unique=5785087|accepted=34843274|rate=115224.4/s|walker_min=90.032|walker_med=116.147|walker_max=119.639
STEP|n=374200000|unique=5786772|accepted=34844959|rate=115227.8/s|walker_min=91.089|walker_med=110.901|walker_max=119.616
STEP|n=374300000|unique=5788459|accepted=34846646|rate=115231.1/s|walker_min=71.224|walker_med=111.913|walker_max=120.386
STEP|n=374400000|unique=5790093|accepted=34848280|rate=115233.8/s|walker_min=81.039|walker_med=109.710|walker_max=120.210
STEP|n=374500000|unique=5791637|accepted=34849824|rate=115236.3/s|walker_min=81.540|walker_med=111.488|walker_max=119.412
STEP|n=374600000|unique=5793285|accepted=34851472|rate=115238.9/s|walker_min=88.080|walker_med=114.183|walker_max=120.010
STEP|n=374700000|unique=5795134|accepted=34853321|rate=115242.2/s|walker_min=73.907|walker_med=107.695|walker_max=120.145
STEP|n=374800000|unique=5797254|accepted=34855441|rate=115245.4/s|walker_min=55.289|walker_med=112.405|walker_max=120.621
STEP|n=374900000|unique=5799392|accepted=34857579|rate=115248.4/s|walker_min=58.055|walker_med=107.404|walker_max=120.334
STEP|n=375000000|unique=5801748|accepted=34859935|rate=115250.0/s|walker_min=63.758|walker_med=99.705|walker_max=118.776
STEP|n=375100000|unique=5804043|accepted=34862230|rate=115251.6/s|walker_min=80.525|walker_med=106.771|walker_max=120.328
STEP|n=375200000|unique=5806217|accepted=34864404|rate=115254.2/s|walker_min=74.707|walker_med=110.992|walker_max=119.893
STEP|n=375300000|unique=5808163|accepted=34866350|rate=115257.4/s|walker_min=75.270|walker_med=111.273|walker_max=119.983
STEP|n=375400000|unique=5810153|accepted=34868340|rate=115260.7/s|walker_min=65.278|walker_med=106.960|walker_max=120.428
STEP|n=375500000|unique=5811988|accepted=34870175|rate=115263.7/s|walker_min=78.723|walker_med=114.783|walker_max=120.420
STEP|n=375600000|unique=5813932|accepted=34872119|rate=115265.9/s|walker_min=93.646|walker_med=110.459|walker_max=120.116
STEP|n=375700000|unique=5815718|accepted=34873905|rate=115268.3/s|walker_min=71.100|walker_med=112.413|walker_max=119.587
STEP|n=375800000|unique=5817529|accepted=34875716|rate=115271.2/s|walker_min=72.020|walker_med=109.881|walker_max=120.463
STEP|n=375900000|unique=5819443|accepted=34877630|rate=115274.7/s|walker_min=66.938|walker_med=116.134|walker_max=120.612
STEP|n=376000000|unique=5821198|accepted=34879385|rate=115278.3/s|walker_min=88.215|walker_med=111.514|walker_max=120.240
STEP|n=376100000|unique=5823119|accepted=34881306|rate=115281.3/s|walker_min=77.378|walker_med=114.655|walker_max=120.295
STEP|n=376200000|unique=5825080|accepted=34883267|rate=115284.1/s|walker_min=75.276|walker_med=110.691|walker_max=119.776
STEP|n=376300000|unique=5826880|accepted=34885067|rate=115287.6/s|walker_min=84.876|walker_med=111.109|walker_max=120.578
STEP|n=376400000|unique=5828839|accepted=34887026|rate=115290.4/s|walker_min=84.642|walker_med=111.628|walker_max=120.615
STEP|n=376500000|unique=5830609|accepted=34888796|rate=115292.8/s|walker_min=75.636|walker_med=113.750|walker_max=120.359
STEP|n=376600000|unique=5832396|accepted=34890583|rate=115295.0/s|walker_min=74.242|walker_med=110.221|walker_max=120.548
STEP|n=376700000|unique=5834140|accepted=34892327|rate=115298.1/s|walker_min=66.939|walker_med=110.367|walker_max=120.206
STEP|n=376800000|unique=5836092|accepted=34894279|rate=115301.0/s|walker_min=58.145|walker_med=102.395|walker_max=119.768
STEP|n=376900000|unique=5838025|accepted=34896212|rate=115304.1/s|walker_min=57.190|walker_med=103.726|walker_max=120.623
STEP|n=377000000|unique=5840121|accepted=34898308|rate=115305.9/s|walker_min=52.654|walker_med=93.814|walker_max=119.662
STEP|n=377100000|unique=5842256|accepted=34900443|rate=115307.5/s|walker_min=74.510|walker_med=106.384|walker_max=120.361
STEP|n=377200000|unique=5844273|accepted=34902460|rate=115309.2/s|walker_min=80.955|walker_med=110.396|walker_max=120.413
STEP|n=377300000|unique=5845979|accepted=34904166|rate=115312.3/s|walker_min=69.456|walker_med=108.533|walker_max=120.498
STEP|n=377400000|unique=5847739|accepted=34905926|rate=115315.5/s|walker_min=63.078|walker_med=113.977|walker_max=120.526
STEP|n=377500000|unique=5849687|accepted=34907874|rate=115318.9/s|walker_min=85.074|walker_med=109.674|walker_max=120.236
STEP|n=377600000|unique=5851616|accepted=34909803|rate=115317.2/s|walker_min=83.446|walker_med=111.057|walker_max=120.097
STEP|n=377700000|unique=5853412|accepted=34911599|rate=115319.7/s|walker_min=75.274|walker_med=109.446|walker_max=120.226
STEP|n=377800000|unique=5855163|accepted=34913350|rate=115322.3/s|walker_min=96.198|walker_med=111.682|walker_max=120.621
STEP|n=377900000|unique=5856835|accepted=34915022|rate=115325.9/s|walker_min=81.421|walker_med=113.742|walker_max=120.529
STEP|n=378000000|unique=5858525|accepted=34916712|rate=115329.5/s|walker_min=94.426|walker_med=110.785|walker_max=120.360
STEP|n=378100000|unique=5860429|accepted=34918616|rate=115333.0/s|walker_min=84.287|walker_med=113.639|walker_max=120.316
STEP|n=378200000|unique=5862299|accepted=34920486|rate=115335.5/s|walker_min=84.937|walker_med=113.766|walker_max=120.113
STEP|n=378300000|unique=5864072|accepted=34922259|rate=115338.0/s|walker_min=82.619|walker_med=108.706|walker_max=119.342
STEP|n=378400000|unique=5865823|accepted=34924010|rate=115340.7/s|walker_min=79.447|walker_med=109.189|walker_max=120.459
STEP|n=378500000|unique=5867794|accepted=34925981|rate=115344.2/s|walker_min=88.984|walker_med=111.097|walker_max=120.455
STEP|n=378600000|unique=5869776|accepted=34927963|rate=115347.8/s|walker_min=62.672|walker_med=109.623|walker_max=120.620
STEP|n=378700000|unique=5871531|accepted=34929718|rate=115351.1/s|walker_min=88.969|walker_med=112.600|walker_max=119.913
STEP|n=378800000|unique=5873409|accepted=34931596|rate=115353.3/s|walker_min=65.569|walker_med=107.121|walker_max=120.220
STEP|n=378900000|unique=5875131|accepted=34933318|rate=115355.1/s|walker_min=71.693|walker_med=103.402|walker_max=117.473
STEP|n=379000000|unique=5877145|accepted=34935332|rate=115357.2/s|walker_min=57.416|walker_med=89.823|walker_max=117.889
STEP|n=379100000|unique=5879030|accepted=34937217|rate=115359.7/s|walker_min=65.407|walker_med=110.479|walker_max=120.323
STEP|n=379200000|unique=5881073|accepted=34939260|rate=115362.8/s|walker_min=82.928|walker_med=111.914|walker_max=119.501
STEP|n=379300000|unique=5883207|accepted=34941394|rate=115365.5/s|walker_min=84.417|walker_med=110.713|walker_max=119.141
STEP|n=379400000|unique=5885198|accepted=34943385|rate=115367.8/s|walker_min=82.067|walker_med=111.545|walker_max=120.564
STEP|n=379500000|unique=5887053|accepted=34945240|rate=115370.3/s|walker_min=78.499|walker_med=114.566|walker_max=120.316
STEP|n=379600000|unique=5888977|accepted=34947164|rate=115373.4/s|walker_min=68.123|walker_med=110.651|walker_max=119.958
STEP|n=379700000|unique=5890828|accepted=34949015|rate=115377.1/s|walker_min=79.793|walker_med=110.312|walker_max=119.897
STEP|n=379800000|unique=5892628|accepted=34950815|rate=115380.7/s|walker_min=84.877|walker_med=115.076|walker_max=119.897
STEP|n=379900000|unique=5894391|accepted=34952578|rate=115383.6/s|walker_min=80.876|walker_med=111.094|walker_max=120.456
STEP|n=380000000|unique=5896066|accepted=34954253|rate=115386.0/s|walker_min=90.189|walker_med=116.419|walker_max=120.250
STEP|n=380100000|unique=5897708|accepted=34955895|rate=115388.4/s|walker_min=85.408|walker_med=111.136|walker_max=120.592
STEP|n=380200000|unique=5899551|accepted=34957738|rate=115391.7/s|walker_min=79.801|walker_med=109.997|walker_max=120.515
STEP|n=380300000|unique=5901046|accepted=34959233|rate=115395.6/s|walker_min=81.892|walker_med=109.379|walker_max=120.380
STEP|n=380400000|unique=5902757|accepted=34960944|rate=115399.2/s|walker_min=76.307|walker_med=109.482|walker_max=120.491
STEP|n=380500000|unique=5904508|accepted=34962695|rate=115402.2/s|walker_min=87.442|walker_med=113.767|walker_max=120.573
STEP|n=380600000|unique=5906346|accepted=34964533|rate=115404.4/s|walker_min=79.946|walker_med=107.920|walker_max=120.404
STEP|n=380700000|unique=5908233|accepted=34966420|rate=115406.6/s|walker_min=77.297|walker_med=107.350|walker_max=120.534
STEP|n=380800000|unique=5910267|accepted=34968454|rate=115409.8/s|walker_min=55.631|walker_med=103.697|walker_max=120.143
STEP|n=380900000|unique=5912374|accepted=34970561|rate=115413.2/s|walker_min=65.106|walker_med=102.643|walker_max=119.573
STEP|n=381000000|unique=5914279|accepted=34972466|rate=115416.0/s|walker_min=66.355|walker_med=100.660|walker_max=118.655
STEP|n=381100000|unique=5916287|accepted=34974474|rate=115418.0/s|walker_min=65.137|walker_med=101.660|walker_max=119.069
STEP|n=381200000|unique=5918325|accepted=34976512|rate=115420.0/s|walker_min=67.068|walker_med=112.993|walker_max=120.344
STEP|n=381300000|unique=5920329|accepted=34978516|rate=115422.4/s|walker_min=68.324|walker_med=110.140|walker_max=120.524
STEP|n=381400000|unique=5922221|accepted=34980408|rate=115425.6/s|walker_min=83.347|walker_med=111.930|walker_max=120.544
STEP|n=381500000|unique=5924114|accepted=34982301|rate=115429.1/s|walker_min=86.666|walker_med=109.194|walker_max=120.446
STEP|n=381600000|unique=5925949|accepted=34984136|rate=115432.5/s|walker_min=68.519|walker_med=105.156|walker_max=120.500
STEP|n=381700000|unique=5927944|accepted=34986131|rate=115435.0/s|walker_min=91.082|walker_med=113.094|walker_max=120.387
STEP|n=381800000|unique=5929768|accepted=34987955|rate=115437.7/s|walker_min=94.495|walker_med=115.733|walker_max=120.043
STEP|n=381900000|unique=5931304|accepted=34989491|rate=115440.1/s|walker_min=86.737|walker_med=111.130|walker_max=120.025
STEP|n=382000000|unique=5933208|accepted=34991395|rate=115443.5/s|walker_min=93.194|walker_med=111.836|walker_max=120.347
STEP|n=382100000|unique=5935105|accepted=34993292|rate=115447.2/s|walker_min=99.397|walker_med=112.832|walker_max=120.293
STEP|n=382200000|unique=5936747|accepted=34994934|rate=115450.8/s|walker_min=98.958|walker_med=109.120|walker_max=120.308
STEP|n=382300000|unique=5938423|accepted=34996610|rate=115453.4/s|walker_min=85.627|walker_med=111.598|walker_max=120.308
STEP|n=382400000|unique=5940116|accepted=34998303|rate=115455.7/s|walker_min=81.248|walker_med=112.567|walker_max=119.609
STEP|n=382500000|unique=5942070|accepted=35000257|rate=115458.4/s|walker_min=67.631|walker_med=112.754|walker_max=120.170
STEP|n=382600000|unique=5943738|accepted=35001925|rate=115461.9/s|walker_min=79.651|walker_med=107.173|walker_max=120.128
STEP|n=382700000|unique=5945624|accepted=35003811|rate=115465.4/s|walker_min=80.578|walker_med=107.840|walker_max=119.917
STEP|n=382800000|unique=5947429|accepted=35005616|rate=115468.8/s|walker_min=77.879|walker_med=106.338|walker_max=119.509
STEP|n=382900000|unique=5949305|accepted=35007492|rate=115470.9/s|walker_min=62.249|walker_med=109.468|walker_max=120.610
STEP|n=383000000|unique=5951279|accepted=35009466|rate=115472.7/s|walker_min=57.343|walker_med=93.897|walker_max=119.613
STEP|n=383100000|unique=5953204|accepted=35011391|rate=115474.4/s|walker_min=62.407|walker_med=106.165|walker_max=119.504
STEP|n=383200000|unique=5955225|accepted=35013412|rate=115477.8/s|walker_min=69.766|walker_med=104.523|walker_max=119.842
STEP|n=383300000|unique=5957299|accepted=35015486|rate=115481.3/s|walker_min=81.392|walker_med=111.560|walker_max=119.614
STEP|n=383400000|unique=5959029|accepted=35017216|rate=115484.7/s|walker_min=79.974|walker_med=111.043|walker_max=120.299
STEP|n=383500000|unique=5960800|accepted=35018987|rate=115487.2/s|walker_min=77.696|walker_med=113.994|walker_max=120.539
STEP|n=383600000|unique=5962685|accepted=35020872|rate=115489.7/s|walker_min=74.529|walker_med=112.326|walker_max=119.199
STEP|n=383700000|unique=5964385|accepted=35022572|rate=115492.4/s|walker_min=85.496|walker_med=107.475|walker_max=120.353
STEP|n=383800000|unique=5966264|accepted=35024451|rate=115496.0/s|walker_min=68.339|walker_med=111.603|walker_max=120.616
STEP|n=383900000|unique=5967916|accepted=35026103|rate=115499.8/s|walker_min=77.087|walker_med=113.118|walker_max=120.570
STEP|n=384000000|unique=5969613|accepted=35027800|rate=115502.9/s|walker_min=92.335|walker_med=111.011|walker_max=119.973
STEP|n=384100000|unique=5971393|accepted=35029580|rate=115505.3/s|walker_min=68.011|walker_med=112.271|walker_max=120.136
STEP|n=384200000|unique=5973075|accepted=35031262|rate=115507.8/s|walker_min=83.086|walker_med=114.085|walker_max=120.297
STEP|n=384300000|unique=5974826|accepted=35033013|rate=115510.6/s|walker_min=67.691|walker_med=112.585|walker_max=120.415
STEP|n=384400000|unique=5976738|accepted=35034925|rate=115514.2/s|walker_min=83.802|walker_med=113.122|walker_max=119.816
STEP|n=384500000|unique=5978491|accepted=35036678|rate=115517.7/s|walker_min=76.738|walker_med=113.259|walker_max=120.292
STEP|n=384600000|unique=5980165|accepted=35038352|rate=115521.0/s|walker_min=79.713|walker_med=111.009|walker_max=120.609
STEP|n=384700000|unique=5981942|accepted=35040129|rate=115523.2/s|walker_min=82.417|walker_med=112.279|walker_max=120.203
STEP|n=384800000|unique=5983928|accepted=35042115|rate=115525.4/s|walker_min=76.911|walker_med=106.294|walker_max=120.449
STEP|n=384900000|unique=5985936|accepted=35044123|rate=115524.0/s|walker_min=73.869|walker_med=109.365|walker_max=120.475
STEP|n=385000000|unique=5988005|accepted=35046192|rate=115527.0/s|walker_min=51.818|walker_med=99.319|walker_max=120.563
STEP|n=385100000|unique=5989920|accepted=35048107|rate=115529.9/s|walker_min=47.380|walker_med=104.680|walker_max=120.497
STEP|n=385200000|unique=5991891|accepted=35050078|rate=115532.3/s|walker_min=78.655|walker_med=108.508|walker_max=120.548
STEP|n=385300000|unique=5993722|accepted=35051909|rate=115534.5/s|walker_min=58.848|walker_med=105.840|walker_max=120.510
STEP|n=385400000|unique=5995783|accepted=35053970|rate=115536.7/s|walker_min=71.810|walker_med=113.672|walker_max=120.624
STEP|n=385500000|unique=5997797|accepted=35055984|rate=115539.9/s|walker_min=91.195|walker_med=111.636|walker_max=120.189
STEP|n=385600000|unique=5999591|accepted=35057778|rate=115543.5/s|walker_min=65.137|walker_med=112.948|walker_max=120.520
STEP|n=385700000|unique=6001215|accepted=35059402|rate=115547.0/s|walker_min=89.115|walker_med=114.523|walker_max=120.599
STEP|n=385800000|unique=6002864|accepted=35061051|rate=115549.8/s|walker_min=84.325|walker_med=113.283|walker_max=120.599
STEP|n=385900000|unique=6004601|accepted=35062788|rate=115552.5/s|walker_min=64.834|walker_med=112.399|walker_max=120.289
STEP|n=386000000|unique=6006267|accepted=35064454|rate=115554.9/s|walker_min=89.451|walker_med=114.313|walker_max=120.118
STEP|n=386100000|unique=6007932|accepted=35066119|rate=115558.2/s|walker_min=96.614|walker_med=113.344|walker_max=120.482
STEP|n=386200000|unique=6009465|accepted=35067652|rate=115561.7/s|walker_min=78.639|walker_med=111.504|walker_max=120.248
STEP|n=386300000|unique=6011011|accepted=35069198|rate=115565.2/s|walker_min=94.474|walker_med=111.700|walker_max=120.551
STEP|n=386400000|unique=6012732|accepted=35070919|rate=115567.6/s|walker_min=86.696|walker_med=114.724|walker_max=120.603
STEP|n=386500000|unique=6014388|accepted=35072575|rate=115570.1/s|walker_min=77.646|walker_med=105.974|walker_max=120.553
STEP|n=386600000|unique=6016145|accepted=35074332|rate=115572.4/s|walker_min=93.177|walker_med=110.000|walker_max=119.506
STEP|n=386700000|unique=6017922|accepted=35076109|rate=115575.6/s|walker_min=69.855|walker_med=110.401|walker_max=120.382
STEP|n=386800000|unique=6019698|accepted=35077885|rate=115578.7/s|walker_min=66.862|walker_med=106.318|walker_max=120.217
STEP|n=386900000|unique=6021805|accepted=35079992|rate=115581.9/s|walker_min=64.747|walker_med=102.752|walker_max=120.268
STEP|n=387000000|unique=6023636|accepted=35081823|rate=115583.9/s|walker_min=49.005|walker_med=94.578|walker_max=120.437
STEP|n=387100000|unique=6025484|accepted=35083671|rate=115585.5/s|walker_min=79.192|walker_med=104.451|walker_max=120.161
STEP|n=387200000|unique=6027535|accepted=35085722|rate=115587.6/s|walker_min=72.371|walker_med=106.019|walker_max=120.570
STEP|n=387300000|unique=6029380|accepted=35087567|rate=115591.0/s|walker_min=79.221|walker_med=109.248|walker_max=120.300
STEP|n=387400000|unique=6031490|accepted=35089677|rate=115594.4/s|walker_min=81.495|walker_med=109.819|walker_max=119.715
STEP|n=387500000|unique=6033413|accepted=35091600|rate=115597.8/s|walker_min=78.966|walker_med=112.345|walker_max=119.797
STEP|n=387600000|unique=6035381|accepted=35093568|rate=115600.1/s|walker_min=88.247|walker_med=112.801|walker_max=119.325
STEP|n=387700000|unique=6037397|accepted=35095584|rate=115602.4/s|walker_min=77.018|walker_med=112.528|walker_max=120.368
STEP|n=387800000|unique=6039471|accepted=35097658|rate=115605.3/s|walker_min=88.946|walker_med=112.363|walker_max=120.311
STEP|n=387900000|unique=6041297|accepted=35099484|rate=115609.0/s|walker_min=73.965|walker_med=111.686|walker_max=120.164
STEP|n=388000000|unique=6043212|accepted=35101399|rate=115612.7/s|walker_min=84.204|walker_med=112.454|walker_max=120.176
STEP|n=388100000|unique=6044972|accepted=35103159|rate=115616.3/s|walker_min=76.286|walker_med=112.166|walker_max=120.314
STEP|n=388200000|unique=6046697|accepted=35104884|rate=115618.7/s|walker_min=84.078|walker_med=112.504|walker_max=120.331
STEP|n=388300000|unique=6048610|accepted=35106797|rate=115621.0/s|walker_min=88.097|walker_med=110.129|walker_max=120.454
STEP|n=388400000|unique=6050452|accepted=35108639|rate=115623.6/s|walker_min=83.949|walker_med=111.864|walker_max=120.456
STEP|n=388500000|unique=6052126|accepted=35110313|rate=115627.1/s|walker_min=94.078|walker_med=111.984|walker_max=120.136
STEP|n=388600000|unique=6053919|accepted=35112106|rate=115630.6/s|walker_min=79.860|walker_med=111.980|walker_max=119.149
STEP|n=388700000|unique=6055834|accepted=35114021|rate=115633.6/s|walker_min=80.897|walker_med=112.372|walker_max=120.244
STEP|n=388800000|unique=6057825|accepted=35116012|rate=115635.9/s|walker_min=86.075|walker_med=107.339|walker_max=120.460
STEP|n=388900000|unique=6059866|accepted=35118053|rate=115638.1/s|walker_min=80.362|walker_med=112.749|walker_max=120.468
STEP|n=389000000|unique=6062038|accepted=35120225|rate=115640.2/s|walker_min=64.406|walker_med=91.161|walker_max=118.204
STEP|n=389100000|unique=6064111|accepted=35122298|rate=115642.9/s|walker_min=76.153|walker_med=106.276|walker_max=120.212
STEP|n=389200000|unique=6066117|accepted=35124304|rate=115646.0/s|walker_min=68.229|walker_med=109.710|walker_max=120.180
STEP|n=389300000|unique=6067938|accepted=35126125|rate=115648.7/s|walker_min=71.481|walker_med=107.398|walker_max=120.275
STEP|n=389400000|unique=6069637|accepted=35127824|rate=115651.0/s|walker_min=72.867|walker_med=111.582|walker_max=120.603
STEP|n=389500000|unique=6071371|accepted=35129558|rate=115653.3/s|walker_min=78.148|walker_med=108.018|walker_max=120.184
STEP|n=389600000|unique=6073164|accepted=35131351|rate=115656.0/s|walker_min=75.596|walker_med=113.578|walker_max=119.759
STEP|n=389700000|unique=6074822|accepted=35133009|rate=115659.4/s|walker_min=82.777|walker_med=111.241|walker_max=120.499
STEP|n=389800000|unique=6076408|accepted=35134595|rate=115662.7/s|walker_min=83.012|walker_med=112.407|walker_max=120.257
STEP|n=389900000|unique=6078120|accepted=35136307|rate=115665.6/s|walker_min=88.640|walker_med=111.143|walker_max=120.456
STEP|n=390000000|unique=6079753|accepted=35137940|rate=115668.0/s|walker_min=76.424|walker_med=108.448|walker_max=120.381
PRUNE_START|step=390000000|unique=6079753|active_cutoff=120.626535
PRUNE_DONE|step=390000000|unique=4000000|active_cutoff=115.181599|reservoir=200000
STEP|n=390100000|unique=4001045|accepted=35138985|rate=115625.6/s|walker_min=65.592|walker_med=109.341|walker_max=115.118
STEP|n=390200000|unique=4002287|accepted=35140227|rate=115629.4/s|walker_min=88.189|walker_med=108.562|walker_max=114.656
STEP|n=390300000|unique=4003437|accepted=35141377|rate=115632.8/s|walker_min=80.078|walker_med=107.784|walker_max=114.888
STEP|n=390400000|unique=4004525|accepted=35142465|rate=115635.4/s|walker_min=64.097|walker_med=107.591|walker_max=114.435
STEP|n=390500000|unique=4005836|accepted=35143776|rate=115637.8/s|walker_min=79.456|walker_med=106.013|walker_max=114.648
STEP|n=390600000|unique=4007070|accepted=35145010|rate=115640.7/s|walker_min=88.181|walker_med=106.292|walker_max=114.922
STEP|n=390700000|unique=4008346|accepted=35146286|rate=115644.3/s|walker_min=87.726|walker_med=105.897|walker_max=115.096
STEP|n=390800000|unique=4009496|accepted=35147436|rate=115647.8/s|walker_min=70.659|walker_med=101.986|walker_max=114.727
STEP|n=390900000|unique=4010643|accepted=35148583|rate=115650.8/s|walker_min=72.404|walker_med=101.035|walker_max=113.377
STEP|n=391000000|unique=4011734|accepted=35149674|rate=115652.3/s|walker_min=49.878|walker_med=95.450|walker_max=112.810
STEP|n=391100000|unique=4012928|accepted=35150868|rate=115653.5/s|walker_min=79.013|walker_med=102.913|walker_max=112.641
STEP|n=391200000|unique=4014095|accepted=35152035|rate=115656.2/s|walker_min=74.540|walker_med=104.285|walker_max=114.231
STEP|n=391300000|unique=4015308|accepted=35153248|rate=115659.7/s|walker_min=85.374|walker_med=107.175|walker_max=115.166
STEP|n=391400000|unique=4016613|accepted=35154553|rate=115663.2/s|walker_min=79.656|walker_med=102.842|walker_max=113.705
STEP|n=391500000|unique=4017934|accepted=35155874|rate=115666.3/s|walker_min=79.887|walker_med=107.212|walker_max=114.787
STEP|n=391600000|unique=4019074|accepted=35157014|rate=115668.7/s|walker_min=81.868|walker_med=109.692|walker_max=114.714
STEP|n=391700000|unique=4020210|accepted=35158150|rate=115671.3/s|walker_min=86.305|walker_med=105.374|walker_max=114.043
STEP|n=391800000|unique=4021360|accepted=35159300|rate=115674.3/s|walker_min=91.697|walker_med=106.242|walker_max=114.442
STEP|n=391900000|unique=4022456|accepted=35160396|rate=115677.9/s|walker_min=90.938|walker_med=106.421|walker_max=115.005
STEP|n=392000000|unique=4023630|accepted=35161570|rate=115681.1/s|walker_min=80.161|walker_med=108.328|walker_max=115.111
STEP|n=392100000|unique=4024787|accepted=35162727|rate=115680.8/s|walker_min=83.689|walker_med=105.400|walker_max=114.710
STEP|n=392200000|unique=4026020|accepted=35163960|rate=115679.6/s|walker_min=82.925|walker_med=109.573|walker_max=115.064
STEP|n=392300000|unique=4027203|accepted=35165143|rate=115682.2/s|walker_min=82.482|walker_med=107.798|walker_max=114.422
STEP|n=392400000|unique=4028276|accepted=35166216|rate=115684.3/s|walker_min=70.875|walker_med=107.975|walker_max=114.971
STEP|n=392500000|unique=4029531|accepted=35167471|rate=115686.4/s|walker_min=75.483|walker_med=107.094|walker_max=114.306
STEP|n=392600000|unique=4030729|accepted=35168669|rate=115689.3/s|walker_min=81.102|walker_med=103.581|walker_max=115.027
STEP|n=392700000|unique=4031830|accepted=35169770|rate=115692.2/s|walker_min=79.887|walker_med=100.528|walker_max=115.025
STEP|n=392800000|unique=4033184|accepted=35171124|rate=115695.2/s|walker_min=65.814|walker_med=101.204|walker_max=112.549
STEP|n=392900000|unique=4034428|accepted=35172368|rate=115697.6/s|walker_min=70.115|walker_med=102.726|walker_max=114.863
STEP|n=393000000|unique=4035720|accepted=35173660|rate=115699.5/s|walker_min=56.205|walker_med=92.916|walker_max=114.561
STEP|n=393100000|unique=4037080|accepted=35175020|rate=115701.2/s|walker_min=53.899|walker_med=98.984|walker_max=112.288
STEP|n=393200000|unique=4038396|accepted=35176336|rate=115703.8/s|walker_min=56.777|walker_med=101.976|walker_max=115.105
STEP|n=393300000|unique=4039664|accepted=35177604|rate=115706.9/s|walker_min=66.429|walker_med=105.083|walker_max=114.568
STEP|n=393400000|unique=4040825|accepted=35178765|rate=115709.9/s|walker_min=91.537|walker_med=104.625|walker_max=113.653
STEP|n=393500000|unique=4041957|accepted=35179897|rate=115709.2/s|walker_min=78.449|walker_med=108.397|walker_max=114.901
STEP|n=393600000|unique=4043122|accepted=35181062|rate=115710.8/s|walker_min=88.241|walker_med=108.895|walker_max=114.716
STEP|n=393700000|unique=4044475|accepted=35182415|rate=115714.0/s|walker_min=75.000|walker_med=109.331|walker_max=115.119
STEP|n=393800000|unique=4045675|accepted=35183615|rate=115716.2/s|walker_min=85.759|walker_med=106.381|walker_max=115.036
STEP|n=393900000|unique=4046830|accepted=35184770|rate=115718.3/s|walker_min=86.815|walker_med=107.193|walker_max=114.171
STEP|n=394000000|unique=4047974|accepted=35185914|rate=115720.9/s|walker_min=83.738|walker_med=107.393|walker_max=114.821
STEP|n=394100000|unique=4049099|accepted=35187039|rate=115724.4/s|walker_min=90.005|walker_med=110.561|walker_max=115.166
STEP|n=394200000|unique=4050293|accepted=35188233|rate=115728.0/s|walker_min=72.818|walker_med=107.169|walker_max=115.115
STEP|n=394300000|unique=4051601|accepted=35189541|rate=115731.4/s|walker_min=81.459|walker_med=108.238|walker_max=114.599
STEP|n=394400000|unique=4052909|accepted=35190849|rate=115733.8/s|walker_min=60.336|walker_med=105.452|walker_max=113.687
STEP|n=394500000|unique=4054093|accepted=35192033|rate=115736.1/s|walker_min=72.105|walker_med=105.526|walker_max=114.838
STEP|n=394600000|unique=4055423|accepted=35193363|rate=115738.6/s|walker_min=77.937|walker_med=104.242|walker_max=114.886
STEP|n=394700000|unique=4056673|accepted=35194613|rate=115742.0/s|walker_min=89.219|walker_med=109.340|walker_max=114.439
STEP|n=394800000|unique=4057915|accepted=35195855|rate=115745.2/s|walker_min=71.274|walker_med=102.497|walker_max=114.550
STEP|n=394900000|unique=4059331|accepted=35197271|rate=115748.0/s|walker_min=56.512|walker_med=94.703|walker_max=114.990
STEP|n=395000000|unique=4060576|accepted=35198516|rate=115749.5/s|walker_min=46.360|walker_med=98.750|walker_max=114.431
STEP|n=395100000|unique=4061727|accepted=35199667|rate=115751.0/s|walker_min=67.750|walker_med=101.195|walker_max=109.943
STEP|n=395200000|unique=4063043|accepted=35200983|rate=115753.5/s|walker_min=63.062|walker_med=103.595|walker_max=114.810
STEP|n=395300000|unique=4064227|accepted=35202167|rate=115756.8/s|walker_min=80.288|walker_med=107.150|walker_max=115.062
STEP|n=395400000|unique=4065329|accepted=35203269|rate=115760.4/s|walker_min=89.743|walker_med=107.521|walker_max=114.860
STEP|n=395500000|unique=4066513|accepted=35204453|rate=115763.5/s|walker_min=81.675|walker_med=106.667|walker_max=115.090
STEP|n=395600000|unique=4067591|accepted=35205531|rate=115766.0/s|walker_min=82.630|walker_med=109.780|walker_max=115.168
STEP|n=395700000|unique=4068854|accepted=35206794|rate=115768.4/s|walker_min=86.548|walker_med=107.780|walker_max=114.750
STEP|n=395800000|unique=4070074|accepted=35208014|rate=115771.4/s|walker_min=68.990|walker_med=109.243|walker_max=114.726
STEP|n=395900000|unique=4071165|accepted=35209105|rate=115775.0/s|walker_min=79.611|walker_med=107.727|walker_max=115.141
STEP|n=396000000|unique=4072456|accepted=35210396|rate=115778.4/s|walker_min=85.308|walker_med=108.182|walker_max=114.924
STEP|n=396100000|unique=4073650|accepted=35211590|rate=115781.2/s|walker_min=84.553|walker_med=109.113|walker_max=115.071
STEP|n=396200000|unique=4074732|accepted=35212672|rate=115783.7/s|walker_min=65.534|walker_med=108.235|walker_max=115.001
STEP|n=396300000|unique=4075888|accepted=35213828|rate=115786.1/s|walker_min=76.438|walker_med=104.841|walker_max=114.604
STEP|n=396400000|unique=4077107|accepted=35215047|rate=115789.0/s|walker_min=77.214|walker_med=104.907|walker_max=114.850
STEP|n=396500000|unique=4078302|accepted=35216242|rate=115792.3/s|walker_min=83.090|walker_med=107.246|walker_max=113.943
STEP|n=396600000|unique=4079439|accepted=35217379|rate=115795.6/s|walker_min=51.064|walker_med=104.912|walker_max=115.075
STEP|n=396700000|unique=4080607|accepted=35218547|rate=115798.4/s|walker_min=80.695|walker_med=106.933|walker_max=115.126
STEP|n=396800000|unique=4081909|accepted=35219849|rate=115800.7/s|walker_min=73.300|walker_med=103.704|walker_max=114.780
STEP|n=396900000|unique=4083300|accepted=35221240|rate=115802.6/s|walker_min=62.008|walker_med=99.178|walker_max=113.773
STEP|n=397000000|unique=4084490|accepted=35222430|rate=115804.8/s|walker_min=51.174|walker_med=91.409|walker_max=112.874
STEP|n=397100000|unique=4085609|accepted=35223549|rate=115807.3/s|walker_min=49.944|walker_med=96.371|walker_max=114.535
STEP|n=397200000|unique=4086840|accepted=35224780|rate=115810.2/s|walker_min=68.182|walker_med=102.290|walker_max=115.106
STEP|n=397300000|unique=4088128|accepted=35226068|rate=115812.6/s|walker_min=68.137|walker_med=108.936|walker_max=114.604
STEP|n=397400000|unique=4089235|accepted=35227175|rate=115814.6/s|walker_min=87.222|walker_med=106.188|walker_max=114.966
STEP|n=397500000|unique=4090459|accepted=35228399|rate=115817.1/s|walker_min=51.316|walker_med=110.362|walker_max=114.705
STEP|n=397600000|unique=4091732|accepted=35229672|rate=115820.0/s|walker_min=87.557|walker_med=108.510|walker_max=115.166
STEP|n=397700000|unique=4092995|accepted=35230935|rate=115822.9/s|walker_min=83.438|walker_med=109.599|walker_max=114.092
STEP|n=397800000|unique=4094033|accepted=35231973|rate=115825.9/s|walker_min=88.283|walker_med=111.067|walker_max=114.645
STEP|n=397900000|unique=4095245|accepted=35233185|rate=115828.1/s|walker_min=86.167|walker_med=109.233|walker_max=114.986
STEP|n=398000000|unique=4096450|accepted=35234390|rate=115830.5/s|walker_min=95.891|walker_med=109.016|walker_max=113.995
STEP|n=398100000|unique=4097628|accepted=35235568|rate=115832.9/s|walker_min=83.797|walker_med=107.537|walker_max=115.113
STEP|n=398200000|unique=4098770|accepted=35236710|rate=115835.8/s|walker_min=79.156|walker_med=107.632|walker_max=114.577
STEP|n=398300000|unique=4099874|accepted=35237814|rate=115838.8/s|walker_min=64.752|walker_med=108.767|walker_max=114.817
STEP|n=398400000|unique=4100994|accepted=35238934|rate=115841.7/s|walker_min=59.576|walker_med=110.026|walker_max=114.988
STEP|n=398500000|unique=4102138|accepted=35240078|rate=115844.1/s|walker_min=83.171|walker_med=106.580|walker_max=115.179
STEP|n=398600000|unique=4103275|accepted=35241215|rate=115846.4/s|walker_min=58.867|walker_med=104.258|walker_max=114.821
STEP|n=398700000|unique=4104463|accepted=35242403|rate=115848.7/s|walker_min=79.994|walker_med=103.856|walker_max=114.723
STEP|n=398800000|unique=4105892|accepted=35243832|rate=115851.6/s|walker_min=70.984|walker_med=102.110|walker_max=114.958
STEP|n=398900000|unique=4107422|accepted=35245362|rate=115854.5/s|walker_min=62.757|walker_med=100.949|walker_max=114.667
STEP|n=399000000|unique=4108751|accepted=35246691|rate=115857.4/s|walker_min=64.746|walker_med=99.826|walker_max=113.746
STEP|n=399100000|unique=4109963|accepted=35247903|rate=115860.0/s|walker_min=58.304|walker_med=101.693|walker_max=114.450
STEP|n=399200000|unique=4111232|accepted=35249172|rate=115862.9/s|walker_min=68.749|walker_med=102.195|walker_max=112.160
STEP|n=399300000|unique=4112524|accepted=35250464|rate=115865.9/s|walker_min=73.414|walker_med=105.975|walker_max=114.371
STEP|n=399400000|unique=4113716|accepted=35251656|rate=115869.4/s|walker_min=64.244|walker_med=109.730|walker_max=114.798
STEP|n=399500000|unique=4114852|accepted=35252792|rate=115872.9/s|walker_min=76.964|walker_med=105.681|walker_max=114.462
STEP|n=399600000|unique=4115803|accepted=35253743|rate=115875.1/s|walker_min=73.157|walker_med=107.023|walker_max=114.048
STEP|n=399700000|unique=4116869|accepted=35254809|rate=115877.8/s|walker_min=76.410|walker_med=103.910|walker_max=115.171
STEP|n=399800000|unique=4117927|accepted=35255867|rate=115880.6/s|walker_min=85.675|walker_med=106.897|walker_max=114.749
STEP|n=399900000|unique=4118970|accepted=35256910|rate=115883.4/s|walker_min=88.155|walker_med=106.822|walker_max=115.000
STEP|n=400000000|unique=4119938|accepted=35257878|rate=115885.5/s|walker_min=78.399|walker_med=109.881|walker_max=115.091
CHECKPOINT|step=400000000|unique=4119938|saved=3000000|min=46.3601|max=111.428
STEP|n=400100000|unique=4120960|accepted=35258900|rate=115640.2/s|walker_min=88.535|walker_med=108.930|walker_max=115.048
STEP|n=400200000|unique=4122013|accepted=35259953|rate=115639.5/s|walker_min=58.427|walker_med=107.818|walker_max=114.112
STEP|n=400300000|unique=4123451|accepted=35261391|rate=115641.6/s|walker_min=77.108|walker_med=106.911|walker_max=115.093
STEP|n=400400000|unique=4124607|accepted=35262547|rate=115643.8/s|walker_min=76.292|walker_med=103.814|walker_max=114.944
STEP|n=400500000|unique=4125853|accepted=35263793|rate=115646.1/s|walker_min=87.627|walker_med=107.837|walker_max=114.154
STEP|n=400600000|unique=4126980|accepted=35264920|rate=115648.4/s|walker_min=75.322|walker_med=104.716|walker_max=114.347
STEP|n=400700000|unique=4128210|accepted=35266150|rate=115650.6/s|walker_min=72.077|walker_med=104.755|walker_max=114.661
STEP|n=400800000|unique=4129376|accepted=35267316|rate=115652.5/s|walker_min=81.924|walker_med=104.001|walker_max=114.085
STEP|n=400900000|unique=4130632|accepted=35268572|rate=115654.5/s|walker_min=67.678|walker_med=98.231|walker_max=111.934
STEP|n=401000000|unique=4131942|accepted=35269882|rate=115656.1/s|walker_min=50.447|walker_med=89.094|walker_max=114.442
STEP|n=401100000|unique=4133016|accepted=35270956|rate=115657.5/s|walker_min=75.798|walker_med=105.805|walker_max=115.145
STEP|n=401200000|unique=4134277|accepted=35272217|rate=115659.6/s|walker_min=80.347|walker_med=103.191|walker_max=112.733
STEP|n=401300000|unique=4135526|accepted=35273466|rate=115661.6/s|walker_min=82.426|walker_med=105.303|walker_max=114.949
STEP|n=401400000|unique=4136692|accepted=35274632|rate=115663.6/s|walker_min=56.583|walker_med=102.891|walker_max=114.863
STEP|n=401500000|unique=4137927|accepted=35275867|rate=115665.8/s|walker_min=72.855|walker_med=108.220|walker_max=115.038
STEP|n=401600000|unique=4139219|accepted=35277159|rate=115668.2/s|walker_min=87.151|walker_med=105.575|walker_max=114.207
STEP|n=401700000|unique=4140340|accepted=35278280|rate=115670.5/s|walker_min=81.163|walker_med=107.639|walker_max=114.912
STEP|n=401800000|unique=4141631|accepted=35279571|rate=115672.9/s|walker_min=80.910|walker_med=103.595|walker_max=114.845
STEP|n=401900000|unique=4142792|accepted=35280732|rate=115675.4/s|walker_min=80.092|walker_med=110.526|walker_max=115.156
STEP|n=402000000|unique=4144077|accepted=35282017|rate=115677.6/s|walker_min=82.823|walker_med=106.114|walker_max=114.948
STEP|n=402100000|unique=4145105|accepted=35283045|rate=115679.8/s|walker_min=78.879|walker_med=104.792|walker_max=114.910
STEP|n=402200000|unique=4146160|accepted=35284100|rate=115682.2/s|walker_min=93.051|walker_med=103.979|walker_max=115.025
STEP|n=402300000|unique=4147232|accepted=35285172|rate=115684.6/s|walker_min=56.465|walker_med=107.802|walker_max=114.897
STEP|n=402400000|unique=4148301|accepted=35286241|rate=115687.2/s|walker_min=74.300|walker_med=104.998|walker_max=114.585
STEP|n=402500000|unique=4149492|accepted=35287432|rate=115689.5/s|walker_min=69.743|walker_med=108.459|walker_max=114.840
STEP|n=402600000|unique=4150608|accepted=35288548|rate=115691.8/s|walker_min=73.355|walker_med=105.523|walker_max=115.058
STEP|n=402700000|unique=4151797|accepted=35289737|rate=115694.1/s|walker_min=71.758|walker_med=103.660|walker_max=114.350
STEP|n=402800000|unique=4153060|accepted=35291000|rate=115696.1/s|walker_min=83.477|walker_med=100.826|walker_max=114.834
STEP|n=402900000|unique=4154398|accepted=35292338|rate=115698.4/s|walker_min=55.008|walker_med=100.881|walker_max=114.889
STEP|n=403000000|unique=4155557|accepted=35293497|rate=115699.9/s|walker_min=63.389|walker_med=86.564|walker_max=114.755
STEP|n=403100000|unique=4156726|accepted=35294666|rate=115702.2/s|walker_min=74.038|walker_med=99.923|walker_max=114.990
STEP|n=403200000|unique=4157950|accepted=35295890|rate=115704.8/s|walker_min=70.776|walker_med=101.613|walker_max=114.003
STEP|n=403300000|unique=4158984|accepted=35296924|rate=115707.4/s|walker_min=65.642|walker_med=105.377|walker_max=114.935
STEP|n=403400000|unique=4160155|accepted=35298095|rate=115709.7/s|walker_min=76.580|walker_med=106.994|walker_max=114.321
STEP|n=403500000|unique=4161378|accepted=35299318|rate=115711.9/s|walker_min=71.679|walker_med=107.369|walker_max=114.983
STEP|n=403600000|unique=4162450|accepted=35300390|rate=115714.4/s|walker_min=68.831|walker_med=106.671|walker_max=114.609
STEP|n=403700000|unique=4163662|accepted=35301602|rate=115717.4/s|walker_min=68.771|walker_med=105.216|walker_max=115.178
STEP|n=403800000|unique=4164840|accepted=35302780|rate=115720.6/s|walker_min=63.528|walker_med=104.899|walker_max=115.171
STEP|n=403900000|unique=4165937|accepted=35303877|rate=115723.5/s|walker_min=80.208|walker_med=106.668|walker_max=114.577
STEP|n=404000000|unique=4167047|accepted=35304987|rate=115725.9/s|walker_min=83.769|walker_med=107.707|walker_max=114.963
STEP|n=404100000|unique=4168241|accepted=35306181|rate=115728.3/s|walker_min=67.458|walker_med=109.993|walker_max=115.105
STEP|n=404200000|unique=4169385|accepted=35307325|rate=115730.9/s|walker_min=89.905|walker_med=107.920|walker_max=114.611
STEP|n=404300000|unique=4170517|accepted=35308457|rate=115733.8/s|walker_min=84.139|walker_med=103.640|walker_max=114.742
STEP|n=404400000|unique=4171620|accepted=35309560|rate=115736.8/s|walker_min=79.672|walker_med=108.352|walker_max=114.476
STEP|n=404500000|unique=4172751|accepted=35310691|rate=115739.4/s|walker_min=55.413|walker_med=101.476|walker_max=114.686
STEP|n=404600000|unique=4173878|accepted=35311818|rate=115741.7/s|walker_min=66.011|walker_med=104.179|walker_max=114.659
STEP|n=404700000|unique=4174974|accepted=35312914|rate=115743.8/s|walker_min=71.030|walker_med=108.655|walker_max=114.549
STEP|n=404800000|unique=4176094|accepted=35314034|rate=115746.4/s|walker_min=84.902|walker_med=108.303|walker_max=115.118
STEP|n=404900000|unique=4177176|accepted=35315116|rate=115749.3/s|walker_min=74.561|walker_med=96.655|walker_max=114.886
STEP|n=405000000|unique=4178438|accepted=35316378|rate=115752.1/s|walker_min=51.106|walker_med=84.389|walker_max=112.162
STEP|n=405100000|unique=4179680|accepted=35317620|rate=115754.3/s|walker_min=68.881|walker_med=95.247|walker_max=115.004
STEP|n=405200000|unique=4180865|accepted=35318805|rate=115756.4/s|walker_min=79.749|walker_med=104.244|walker_max=113.922
STEP|n=405300000|unique=4182006|accepted=35319946|rate=115758.7/s|walker_min=82.222|walker_med=105.542|walker_max=115.146
STEP|n=405400000|unique=4183154|accepted=35321094|rate=115760.9/s|walker_min=60.429|walker_med=103.945|walker_max=114.593
STEP|n=405500000|unique=4184223|accepted=35322163|rate=115762.8/s|walker_min=76.935|walker_med=107.080|walker_max=115.058
STEP|n=405600000|unique=4185405|accepted=35323345|rate=115764.8/s|walker_min=70.576|walker_med=107.801|walker_max=114.925
STEP|n=405700000|unique=4186556|accepted=35324496|rate=115766.9/s|walker_min=64.837|walker_med=108.435|walker_max=115.122
STEP|n=405800000|unique=4187547|accepted=35325487|rate=115769.3/s|walker_min=79.329|walker_med=107.136|walker_max=114.966
STEP|n=405900000|unique=4188731|accepted=35326671|rate=115771.6/s|walker_min=88.032|walker_med=109.826|walker_max=114.946
STEP|n=406000000|unique=4189980|accepted=35327920|rate=115773.8/s|walker_min=84.263|walker_med=110.063|walker_max=115.162
STEP|n=406100000|unique=4191127|accepted=35329067|rate=115776.0/s|walker_min=90.889|walker_med=109.577|walker_max=114.185
STEP|n=406200000|unique=4192360|accepted=35330300|rate=115778.2/s|walker_min=90.131|walker_med=105.257|walker_max=113.969
STEP|n=406300000|unique=4193391|accepted=35331331|rate=115780.8/s|walker_min=83.965|walker_med=108.640|walker_max=114.711
STEP|n=406400000|unique=4194469|accepted=35332409|rate=115783.1/s|walker_min=86.443|walker_med=107.592|walker_max=115.062
STEP|n=406500000|unique=4195574|accepted=35333514|rate=115785.4/s|walker_min=79.203|walker_med=103.666|walker_max=115.173
STEP|n=406600000|unique=4196727|accepted=35334667|rate=115787.5/s|walker_min=83.650|walker_med=106.136|walker_max=115.089
STEP|n=406700000|unique=4197984|accepted=35335924|rate=115789.6/s|walker_min=86.718|walker_med=109.749|walker_max=114.480
STEP|n=406800000|unique=4199199|accepted=35337139|rate=115791.7/s|walker_min=73.198|walker_med=103.465|walker_max=115.165
STEP|n=406900000|unique=4200485|accepted=35338425|rate=115793.9/s|walker_min=76.282|walker_med=108.641|walker_max=113.347
STEP|n=407000000|unique=4201668|accepted=35339608|rate=115795.9/s|walker_min=52.999|walker_med=93.387|walker_max=114.721
STEP|n=407100000|unique=4202753|accepted=35340693|rate=115797.5/s|walker_min=58.046|walker_med=105.114|walker_max=114.093
STEP|n=407200000|unique=4204040|accepted=35341980|rate=115799.4/s|walker_min=55.453|walker_med=100.752|walker_max=113.779
STEP|n=407300000|unique=4205237|accepted=35343177|rate=115801.5/s|walker_min=77.451|walker_med=105.802|walker_max=114.908
STEP|n=407400000|unique=4206371|accepted=35344311|rate=115803.6/s|walker_min=81.059|walker_med=105.325|walker_max=114.150
STEP|n=407500000|unique=4207520|accepted=35345460|rate=115805.8/s|walker_min=83.347|walker_med=103.921|walker_max=114.893
STEP|n=407600000|unique=4208534|accepted=35346474|rate=115808.1/s|walker_min=87.909|walker_med=109.915|walker_max=114.627
STEP|n=407700000|unique=4209699|accepted=35347639|rate=115810.4/s|walker_min=65.305|walker_med=106.340|walker_max=115.157
STEP|n=407800000|unique=4210840|accepted=35348780|rate=115812.5/s|walker_min=72.272|walker_med=108.777|walker_max=114.837
STEP|n=407900000|unique=4211988|accepted=35349928|rate=115814.6/s|walker_min=78.608|walker_med=107.021|walker_max=114.299
STEP|n=408000000|unique=4213170|accepted=35351110|rate=115817.0/s|walker_min=86.324|walker_med=105.205|walker_max=114.168
STEP|n=408100000|unique=4214440|accepted=35352380|rate=115819.5/s|walker_min=87.338|walker_med=107.951|walker_max=114.535
STEP|n=408200000|unique=4215555|accepted=35353495|rate=115821.9/s|walker_min=78.444|walker_med=110.226|walker_max=115.178
STEP|n=408300000|unique=4216683|accepted=35354623|rate=115824.2/s|walker_min=84.707|walker_med=109.734|walker_max=115.019
STEP|n=408400000|unique=4217747|accepted=35355687|rate=115826.5/s|walker_min=78.841|walker_med=104.537|walker_max=114.992
STEP|n=408500000|unique=4218844|accepted=35356784|rate=115828.4/s|walker_min=74.210|walker_med=102.698|walker_max=114.769
STEP|n=408600000|unique=4219962|accepted=35357902|rate=115830.9/s|walker_min=78.632|walker_med=103.269|walker_max=114.957
STEP|n=408700000|unique=4221194|accepted=35359134|rate=115833.2/s|walker_min=65.856|walker_med=104.981|walker_max=115.048
STEP|n=408800000|unique=4222485|accepted=35360425|rate=115835.4/s|walker_min=63.167|walker_med=105.990|walker_max=114.912
STEP|n=408900000|unique=4223821|accepted=35361761|rate=115837.3/s|walker_min=73.250|walker_med=98.424|walker_max=113.878
STEP|n=409000000|unique=4224974|accepted=35362914|rate=115838.9/s|walker_min=55.221|walker_med=88.935|walker_max=112.526
STEP|n=409100000|unique=4226186|accepted=35364126|rate=115840.4/s|walker_min=76.126|walker_med=104.651|walker_max=114.679
STEP|n=409200000|unique=4227387|accepted=35365327|rate=115842.4/s|walker_min=83.159|walker_med=104.632|walker_max=114.279
STEP|n=409300000|unique=4228566|accepted=35366506|rate=115844.3/s|walker_min=77.648|walker_med=103.186|walker_max=114.667
STEP|n=409400000|unique=4229804|accepted=35367744|rate=115846.3/s|walker_min=74.076|walker_med=106.170|walker_max=114.217
STEP|n=409500000|unique=4231150|accepted=35369090|rate=115848.6/s|walker_min=77.940|walker_med=105.784|walker_max=115.011
STEP|n=409600000|unique=4232381|accepted=35370321|rate=115850.9/s|walker_min=82.968|walker_med=107.256|walker_max=115.112
STEP|n=409700000|unique=4233327|accepted=35371267|rate=115853.2/s|walker_min=81.122|walker_med=105.800|walker_max=114.972
STEP|n=409800000|unique=4234384|accepted=35372324|rate=115855.6/s|walker_min=86.150|walker_med=107.229|walker_max=114.959
STEP|n=409900000|unique=4235434|accepted=35373374|rate=115857.8/s|walker_min=66.803|walker_med=108.835|walker_max=114.127
STEP|n=410000000|unique=4236562|accepted=35374502|rate=115860.0/s|walker_min=65.183|walker_med=103.224|walker_max=114.630
STEP|n=410100000|unique=4237776|accepted=35375716|rate=115862.0/s|walker_min=81.057|walker_med=106.220|walker_max=114.942
STEP|n=410200000|unique=4238810|accepted=35376750|rate=115864.2/s|walker_min=85.637|walker_med=108.258|walker_max=114.725
STEP|n=410300000|unique=4239716|accepted=35377656|rate=115865.7/s|walker_min=81.219|walker_med=105.353|walker_max=114.652
STEP|n=410400000|unique=4240753|accepted=35378693|rate=115867.9/s|walker_min=75.137|walker_med=108.982|walker_max=114.991
STEP|n=410500000|unique=4241821|accepted=35379761|rate=115870.1/s|walker_min=70.113|walker_med=103.879|walker_max=114.024
STEP|n=410600000|unique=4242893|accepted=35380833|rate=115872.2/s|walker_min=68.236|walker_med=104.043|walker_max=114.877
STEP|n=410700000|unique=4243960|accepted=35381900|rate=115874.3/s|walker_min=79.001|walker_med=108.953|walker_max=114.558
STEP|n=410800000|unique=4244996|accepted=35382936|rate=115876.3/s|walker_min=74.068|walker_med=99.304|walker_max=115.000
STEP|n=410900000|unique=4246227|accepted=35384167|rate=115878.2/s|walker_min=67.144|walker_med=96.700|walker_max=114.761
STEP|n=411000000|unique=4247446|accepted=35385386|rate=115879.8/s|walker_min=50.908|walker_med=90.466|walker_max=113.533
STEP|n=411100000|unique=4248677|accepted=35386617|rate=115881.2/s|walker_min=53.289|walker_med=100.771|walker_max=112.791
STEP|n=411200000|unique=4249924|accepted=35387864|rate=115883.1/s|walker_min=81.562|walker_med=103.686|walker_max=115.133
STEP|n=411300000|unique=4251039|accepted=35388979|rate=115885.1/s|walker_min=68.797|walker_med=102.533|walker_max=114.705
STEP|n=411400000|unique=4252139|accepted=35390079|rate=115887.2/s|walker_min=71.123|walker_med=107.268|walker_max=115.180
STEP|n=411500000|unique=4253241|accepted=35391181|rate=115889.4/s|walker_min=73.137|walker_med=103.755|walker_max=115.077
STEP|n=411600000|unique=4254265|accepted=35392205|rate=115891.6/s|walker_min=83.121|walker_med=106.212|walker_max=115.012
STEP|n=411700000|unique=4255372|accepted=35393312|rate=115893.9/s|walker_min=93.156|walker_med=109.627|walker_max=114.991
STEP|n=411800000|unique=4256399|accepted=35394339|rate=115893.1/s|walker_min=59.239|walker_med=106.223|walker_max=115.099
STEP|n=411900000|unique=4257661|accepted=35395601|rate=115895.3/s|walker_min=81.271|walker_med=108.422|walker_max=115.163
STEP|n=412000000|unique=4258613|accepted=35396553|rate=115897.4/s|walker_min=85.815|walker_med=106.826|walker_max=114.667
STEP|n=412100000|unique=4259749|accepted=35397689|rate=115899.5/s|walker_min=72.160|walker_med=107.897|walker_max=114.984
STEP|n=412200000|unique=4260934|accepted=35398874|rate=115901.5/s|walker_min=88.314|walker_med=105.913|walker_max=115.161
STEP|n=412300000|unique=4262049|accepted=35399989|rate=115903.7/s|walker_min=80.610|walker_med=108.805|walker_max=115.161
STEP|n=412400000|unique=4263289|accepted=35401229|rate=115905.9/s|walker_min=72.505|walker_med=106.483|walker_max=114.553
STEP|n=412500000|unique=4264360|accepted=35402300|rate=115908.1/s|walker_min=85.582|walker_med=109.916|walker_max=113.867
STEP|n=412600000|unique=4265402|accepted=35403342|rate=115910.2/s|walker_min=77.503|walker_med=106.292|walker_max=114.936
STEP|n=412700000|unique=4266505|accepted=35404445|rate=115912.3/s|walker_min=82.343|walker_med=109.475|walker_max=114.894
STEP|n=412800000|unique=4267576|accepted=35405516|rate=115914.6/s|walker_min=61.410|walker_med=100.415|walker_max=113.508
STEP|n=412900000|unique=4268793|accepted=35406733|rate=115916.5/s|walker_min=58.780|walker_med=103.194|walker_max=115.111
STEP|n=413000000|unique=4269977|accepted=35407917|rate=115917.9/s|walker_min=55.221|walker_med=98.490|walker_max=115.098
STEP|n=413100000|unique=4270910|accepted=35408850|rate=115919.4/s|walker_min=62.487|walker_med=98.416|walker_max=115.039
STEP|n=413200000|unique=4272139|accepted=35410079|rate=115921.1/s|walker_min=72.979|walker_med=102.746|walker_max=113.707
STEP|n=413300000|unique=4273464|accepted=35411404|rate=115923.0/s|walker_min=66.128|walker_med=106.294|walker_max=114.754
STEP|n=413400000|unique=4274682|accepted=35412622|rate=115925.1/s|walker_min=70.725|walker_med=105.653|walker_max=114.652
STEP|n=413500000|unique=4275748|accepted=35413688|rate=115927.3/s|walker_min=89.830|walker_med=106.663|walker_max=114.710
STEP|n=413600000|unique=4276967|accepted=35414907|rate=115929.5/s|walker_min=81.815|walker_med=106.368|walker_max=115.028
STEP|n=413700000|unique=4278088|accepted=35416028|rate=115931.6/s|walker_min=75.625|walker_med=106.278|walker_max=115.127
STEP|n=413800000|unique=4279258|accepted=35417198|rate=115933.9/s|walker_min=73.808|walker_med=105.816|walker_max=113.497
STEP|n=413900000|unique=4280456|accepted=35418396|rate=115936.0/s|walker_min=84.850|walker_med=108.708|walker_max=115.001
STEP|n=414000000|unique=4281475|accepted=35419415|rate=115938.3/s|walker_min=73.917|walker_med=110.989|walker_max=115.001
STEP|n=414100000|unique=4282479|accepted=35420419|rate=115940.4/s|walker_min=55.682|walker_med=103.996|walker_max=114.986
STEP|n=414200000|unique=4283550|accepted=35421490|rate=115942.5/s|walker_min=82.043|walker_med=106.903|walker_max=114.825
STEP|n=414300000|unique=4284698|accepted=35422638|rate=115944.8/s|walker_min=61.505|walker_med=107.587|walker_max=114.583
STEP|n=414400000|unique=4285862|accepted=35423802|rate=115947.0/s|walker_min=72.775|walker_med=108.943|walker_max=115.096
STEP|n=414500000|unique=4286834|accepted=35424774|rate=115949.3/s|walker_min=91.802|walker_med=107.689|walker_max=114.238
STEP|n=414600000|unique=4287957|accepted=35425897|rate=115951.4/s|walker_min=73.251|walker_med=111.245|walker_max=115.082
STEP|n=414700000|unique=4289255|accepted=35427195|rate=115953.4/s|walker_min=55.022|walker_med=102.932|walker_max=113.468
STEP|n=414800000|unique=4290448|accepted=35428388|rate=115955.4/s|walker_min=70.069|walker_med=103.161|walker_max=113.468
STEP|n=414900000|unique=4291793|accepted=35429733|rate=115957.3/s|walker_min=57.241|walker_med=98.927|walker_max=113.803
STEP|n=415000000|unique=4292909|accepted=35430849|rate=115959.1/s|walker_min=53.303|walker_med=90.286|walker_max=113.057
STEP|n=415100000|unique=4293990|accepted=35431930|rate=115960.7/s|walker_min=69.904|walker_med=97.553|walker_max=112.106
STEP|n=415200000|unique=4295167|accepted=35433107|rate=115962.7/s|walker_min=73.456|walker_med=102.205|walker_max=114.682
STEP|n=415300000|unique=4296344|accepted=35434284|rate=115964.6/s|walker_min=80.685|walker_med=108.465|walker_max=115.058
STEP|n=415400000|unique=4297505|accepted=35435445|rate=115966.6/s|walker_min=56.585|walker_med=104.266|walker_max=115.051
STEP|n=415500000|unique=4298532|accepted=35436472|rate=115968.9/s|walker_min=85.575|walker_med=107.611|walker_max=115.054
STEP|n=415600000|unique=4299570|accepted=35437510|rate=115971.2/s|walker_min=74.208|walker_med=107.309|walker_max=114.841
STEP|n=415700000|unique=4300680|accepted=35438620|rate=115973.6/s|walker_min=85.268|walker_med=107.446|walker_max=115.051
STEP|n=415800000|unique=4301784|accepted=35439724|rate=115975.8/s|walker_min=94.700|walker_med=106.654|walker_max=115.019
STEP|n=415900000|unique=4302916|accepted=35440856|rate=115978.0/s|walker_min=91.567|walker_med=107.136|walker_max=115.015
STEP|n=416000000|unique=4304128|accepted=35442068|rate=115980.4/s|walker_min=90.351|walker_med=106.472|walker_max=114.713
STEP|n=416100000|unique=4305304|accepted=35443244|rate=115982.7/s|walker_min=69.359|walker_med=107.954|walker_max=114.945
STEP|n=416200000|unique=4306430|accepted=35444370|rate=115985.1/s|walker_min=95.676|walker_med=107.263|walker_max=115.154
STEP|n=416300000|unique=4307431|accepted=35445371|rate=115987.3/s|walker_min=88.609|walker_med=109.591|walker_max=114.562
STEP|n=416400000|unique=4308420|accepted=35446360|rate=115989.4/s|walker_min=68.610|walker_med=105.584|walker_max=114.320
STEP|n=416500000|unique=4309471|accepted=35447411|rate=115991.5/s|walker_min=72.045|walker_med=108.651|walker_max=114.796
STEP|n=416600000|unique=4310668|accepted=35448608|rate=115993.5/s|walker_min=55.166|walker_med=100.180|walker_max=114.637
STEP|n=416700000|unique=4311879|accepted=35449819|rate=115995.6/s|walker_min=59.690|walker_med=103.033|walker_max=114.853
STEP|n=416800000|unique=4312947|accepted=35450887|rate=115997.9/s|walker_min=66.540|walker_med=105.072|walker_max=114.618
STEP|n=416900000|unique=4314029|accepted=35451969|rate=115999.6/s|walker_min=64.352|walker_med=102.381|walker_max=115.073
STEP|n=417000000|unique=4314993|accepted=35452933|rate=116001.2/s|walker_min=61.840|walker_med=94.735|walker_max=113.554
STEP|n=417100000|unique=4316230|accepted=35454170|rate=116002.7/s|walker_min=59.606|walker_med=99.304|walker_max=115.084
STEP|n=417200000|unique=4317475|accepted=35455415|rate=116004.4/s|walker_min=55.544|walker_med=101.184|walker_max=114.435
STEP|n=417300000|unique=4318664|accepted=35456604|rate=116006.6/s|walker_min=65.497|walker_med=106.938|walker_max=114.757
STEP|n=417400000|unique=4319712|accepted=35457652|rate=116008.9/s|walker_min=72.108|walker_med=104.883|walker_max=114.614
STEP|n=417500000|unique=4320850|accepted=35458790|rate=116011.2/s|walker_min=84.978|walker_med=107.218|walker_max=115.175
STEP|n=417600000|unique=4322052|accepted=35459992|rate=116013.3/s|walker_min=74.382|walker_med=109.117|walker_max=115.036
STEP|n=417700000|unique=4323124|accepted=35461064|rate=116015.5/s|walker_min=75.842|walker_med=105.524|walker_max=114.560
STEP|n=417800000|unique=4324135|accepted=35462075|rate=116017.4/s|walker_min=88.386|walker_med=108.059|walker_max=114.823
STEP|n=417900000|unique=4325160|accepted=35463100|rate=116019.6/s|walker_min=75.446|walker_med=109.427|walker_max=115.049
STEP|n=418000000|unique=4326276|accepted=35464216|rate=116021.7/s|walker_min=90.579|walker_med=110.182|walker_max=115.031
STEP|n=418100000|unique=4327148|accepted=35465088|rate=116023.9/s|walker_min=81.730|walker_med=105.892|walker_max=115.111
STEP|n=418200000|unique=4328198|accepted=35466138|rate=116026.1/s|walker_min=78.821|walker_med=109.500|walker_max=114.997
STEP|n=418300000|unique=4329406|accepted=35467346|rate=116028.3/s|walker_min=75.730|walker_med=107.340|walker_max=114.699
STEP|n=418400000|unique=4330373|accepted=35468313|rate=116030.4/s|walker_min=68.916|walker_med=108.063|walker_max=114.907
STEP|n=418500000|unique=4331295|accepted=35469235|rate=116032.6/s|walker_min=82.661|walker_med=110.366|walker_max=115.060
STEP|n=418600000|unique=4332408|accepted=35470348|rate=116034.6/s|walker_min=76.036|walker_med=109.868|walker_max=115.010
STEP|n=418700000|unique=4333502|accepted=35471442|rate=116036.6/s|walker_min=85.285|walker_med=105.144|walker_max=115.082
STEP|n=418800000|unique=4334593|accepted=35472533|rate=116038.4/s|walker_min=75.014|walker_med=103.249|walker_max=115.074
STEP|n=418900000|unique=4335734|accepted=35473674|rate=116040.3/s|walker_min=64.208|walker_med=101.910|walker_max=115.067
STEP|n=419000000|unique=4336884|accepted=35474824|rate=116041.7/s|walker_min=57.688|walker_med=87.930|walker_max=114.997
STEP|n=419100000|unique=4338106|accepted=35476046|rate=116043.0/s|walker_min=57.999|walker_med=98.458|walker_max=114.668
STEP|n=419200000|unique=4339247|accepted=35477187|rate=116044.9/s|walker_min=80.399|walker_med=101.628|walker_max=113.918
STEP|n=419300000|unique=4340340|accepted=35478280|rate=116046.8/s|walker_min=68.001|walker_med=102.358|walker_max=113.549
STEP|n=419400000|unique=4341288|accepted=35479228|rate=116048.9/s|walker_min=94.238|walker_med=106.104|walker_max=115.144
STEP|n=419500000|unique=4342422|accepted=35480362|rate=116050.8/s|walker_min=71.492|walker_med=110.517|walker_max=114.831
STEP|n=419600000|unique=4343420|accepted=35481360|rate=116052.8/s|walker_min=80.812|walker_med=108.838|walker_max=115.032
STEP|n=419700000|unique=4344447|accepted=35482387|rate=116055.0/s|walker_min=80.158|walker_med=106.949|walker_max=113.064
STEP|n=419800000|unique=4345371|accepted=35483311|rate=116057.3/s|walker_min=82.186|walker_med=109.523|walker_max=114.822
STEP|n=419900000|unique=4346289|accepted=35484229|rate=116059.4/s|walker_min=84.202|walker_med=105.309|walker_max=114.920
STEP|n=420000000|unique=4347347|accepted=35485287|rate=116061.5/s|walker_min=72.795|walker_med=107.298|walker_max=115.011
STEP|n=420100000|unique=4348306|accepted=35486246|rate=116063.6/s|walker_min=89.742|walker_med=108.829|walker_max=114.907
STEP|n=420200000|unique=4349407|accepted=35487347|rate=116065.7/s|walker_min=81.247|walker_med=109.847|walker_max=114.972
STEP|n=420300000|unique=4350471|accepted=35488411|rate=116067.9/s|walker_min=79.749|walker_med=102.466|walker_max=114.134
STEP|n=420400000|unique=4351671|accepted=35489611|rate=116069.8/s|walker_min=85.685|walker_med=106.839|walker_max=114.718
STEP|n=420500000|unique=4352836|accepted=35490776|rate=116071.8/s|walker_min=84.203|walker_med=107.902|walker_max=114.441
STEP|n=420600000|unique=4353934|accepted=35491874|rate=116074.0/s|walker_min=89.416|walker_med=109.689|walker_max=115.107
STEP|n=420700000|unique=4354941|accepted=35492881|rate=116076.1/s|walker_min=64.137|walker_med=110.020|walker_max=115.131
STEP|n=420800000|unique=4356005|accepted=35493945|rate=116078.2/s|walker_min=85.129|walker_med=103.543|walker_max=114.265
STEP|n=420900000|unique=4357062|accepted=35495002|rate=116080.2/s|walker_min=56.335|walker_med=97.229|walker_max=114.465
STEP|n=421000000|unique=4358022|accepted=35495962|rate=116081.4/s|walker_min=57.454|walker_med=94.164|walker_max=114.375
STEP|n=421100000|unique=4358837|accepted=35496777|rate=116082.6/s|walker_min=64.230|walker_med=108.085|walker_max=115.001
STEP|n=421200000|unique=4359784|accepted=35497724|rate=116084.2/s|walker_min=68.155|walker_med=103.441|walker_max=115.144
STEP|n=421300000|unique=4360749|accepted=35498689|rate=116086.3/s|walker_min=80.429|walker_med=106.195|walker_max=115.003
STEP|n=421400000|unique=4361818|accepted=35499758|rate=116088.4/s|walker_min=78.133|walker_med=101.829|walker_max=114.445
STEP|n=421500000|unique=4363056|accepted=35500996|rate=116090.5/s|walker_min=85.060|walker_med=104.878|walker_max=115.020
STEP|n=421600000|unique=4364174|accepted=35502114|rate=116092.5/s|walker_min=75.955|walker_med=109.727|walker_max=115.125
STEP|n=421700000|unique=4365252|accepted=35503192|rate=116094.4/s|walker_min=73.183|walker_med=107.820|walker_max=114.729
STEP|n=421800000|unique=4366377|accepted=35504317|rate=116096.4/s|walker_min=84.768|walker_med=107.528|walker_max=114.730
STEP|n=421900000|unique=4367527|accepted=35505467|rate=116098.7/s|walker_min=88.213|walker_med=110.802|walker_max=115.062
STEP|n=422000000|unique=4368700|accepted=35506640|rate=116101.1/s|walker_min=67.446|walker_med=109.458|walker_max=114.769
STEP|n=422100000|unique=4369654|accepted=35507594|rate=116103.4/s|walker_min=80.554|walker_med=108.075|walker_max=115.144
STEP|n=422200000|unique=4370614|accepted=35508554|rate=116105.4/s|walker_min=82.812|walker_med=108.921|walker_max=114.530
STEP|n=422300000|unique=4371726|accepted=35509666|rate=116107.4/s|walker_min=51.835|walker_med=107.333|walker_max=114.474
STEP|n=422400000|unique=4372888|accepted=35510828|rate=116109.5/s|walker_min=60.278|walker_med=105.689|walker_max=115.099
STEP|n=422500000|unique=4374033|accepted=35511973|rate=116111.4/s|walker_min=63.489|walker_med=108.301|walker_max=115.060
STEP|n=422600000|unique=4375202|accepted=35513142|rate=116113.5/s|walker_min=71.987|walker_med=104.551|walker_max=114.809
STEP|n=422700000|unique=4376434|accepted=35514374|rate=116115.5/s|walker_min=77.384|walker_med=103.153|walker_max=115.118
STEP|n=422800000|unique=4377644|accepted=35515584|rate=116117.4/s|walker_min=77.432|walker_med=103.849|walker_max=114.458
STEP|n=422900000|unique=4378809|accepted=35516749|rate=116119.2/s|walker_min=71.695|walker_med=102.630|walker_max=114.666
STEP|n=423000000|unique=4380052|accepted=35517992|rate=116120.7/s|walker_min=50.339|walker_med=98.183|walker_max=113.290
STEP|n=423100000|unique=4381109|accepted=35519049|rate=116122.2/s|walker_min=64.385|walker_med=102.137|walker_max=113.820
STEP|n=423200000|unique=4382051|accepted=35519991|rate=116124.2/s|walker_min=74.395|walker_med=106.428|walker_max=114.570
STEP|n=423300000|unique=4383203|accepted=35521143|rate=116126.1/s|walker_min=76.067|walker_med=106.061|walker_max=114.925
STEP|n=423400000|unique=4384149|accepted=35522089|rate=116128.1/s|walker_min=74.854|walker_med=105.370|walker_max=114.084
STEP|n=423500000|unique=4385198|accepted=35523138|rate=116130.0/s|walker_min=73.113|walker_med=105.794|walker_max=115.036
STEP|n=423600000|unique=4386359|accepted=35524299|rate=116132.0/s|walker_min=89.075|walker_med=107.184|walker_max=114.677
STEP|n=423700000|unique=4387456|accepted=35525396|rate=116134.1/s|walker_min=89.172|walker_med=106.871|walker_max=115.031
STEP|n=423800000|unique=4388589|accepted=35526529|rate=116136.2/s|walker_min=63.983|walker_med=109.081|walker_max=114.433
STEP|n=423900000|unique=4389756|accepted=35527696|rate=116135.4/s|walker_min=88.833|walker_med=107.690|walker_max=114.766
STEP|n=424000000|unique=4391123|accepted=35529063|rate=116137.6/s|walker_min=58.430|walker_med=107.141|walker_max=114.874
STEP|n=424100000|unique=4392263|accepted=35530203|rate=116139.7/s|walker_min=83.309|walker_med=104.394|walker_max=114.844
STEP|n=424200000|unique=4393409|accepted=35531349|rate=116142.1/s|walker_min=69.148|walker_med=106.121|walker_max=115.091
STEP|n=424300000|unique=4394480|accepted=35532420|rate=116144.3/s|walker_min=83.773|walker_med=109.158|walker_max=115.165
STEP|n=424400000|unique=4395537|accepted=35533477|rate=116146.4/s|walker_min=82.464|walker_med=109.480|walker_max=115.103
STEP|n=424500000|unique=4396723|accepted=35534663|rate=116148.4/s|walker_min=89.964|walker_med=106.026|walker_max=115.030
STEP|n=424600000|unique=4397885|accepted=35535825|rate=116150.5/s|walker_min=73.592|walker_med=105.742|walker_max=113.823
STEP|n=424700000|unique=4398897|accepted=35536837|rate=116152.4/s|walker_min=82.450|walker_med=109.564|walker_max=115.152
STEP|n=424800000|unique=4399908|accepted=35537848|rate=116154.3/s|walker_min=64.438|walker_med=103.017|walker_max=115.123
STEP|n=424900000|unique=4401182|accepted=35539122|rate=116156.2/s|walker_min=80.004|walker_med=106.483|walker_max=115.005
STEP|n=425000000|unique=4402402|accepted=35540342|rate=116157.8/s|walker_min=53.910|walker_med=95.662|walker_max=114.789
STEP|n=425100000|unique=4403364|accepted=35541304|rate=116159.1/s|walker_min=73.587|walker_med=102.318|walker_max=114.501
STEP|n=425200000|unique=4404517|accepted=35542457|rate=116160.9/s|walker_min=70.477|walker_med=106.497|walker_max=114.731
STEP|n=425300000|unique=4405612|accepted=35543552|rate=116162.5/s|walker_min=61.281|walker_med=104.073|walker_max=114.603
STEP|n=425400000|unique=4406597|accepted=35544537|rate=116164.3/s|walker_min=74.585|walker_med=108.175|walker_max=114.939
STEP|n=425500000|unique=4407598|accepted=35545538|rate=116166.3/s|walker_min=80.450|walker_med=106.537|walker_max=114.683
STEP|n=425600000|unique=4408561|accepted=35546501|rate=116168.4/s|walker_min=93.400|walker_med=106.471|walker_max=113.209
STEP|n=425700000|unique=4409500|accepted=35547440|rate=116170.4/s|walker_min=91.845|walker_med=107.973|walker_max=115.144
STEP|n=425800000|unique=4410522|accepted=35548462|rate=116172.5/s|walker_min=85.559|walker_med=108.407|walker_max=114.523
STEP|n=425900000|unique=4411574|accepted=35549514|rate=116174.4/s|walker_min=84.406|walker_med=108.716|walker_max=115.131
STEP|n=426000000|unique=4412782|accepted=35550722|rate=116176.5/s|walker_min=81.524|walker_med=106.707|walker_max=114.759
STEP|n=426100000|unique=4413854|accepted=35551794|rate=116178.6/s|walker_min=66.046|walker_med=103.264|walker_max=114.406
STEP|n=426200000|unique=4414907|accepted=35552847|rate=116180.7/s|walker_min=59.812|walker_med=106.790|walker_max=115.149
STEP|n=426300000|unique=4415895|accepted=35553835|rate=116182.9/s|walker_min=78.218|walker_med=108.846|walker_max=115.000
STEP|n=426400000|unique=4417004|accepted=35554944|rate=116185.1/s|walker_min=81.294|walker_med=104.939|walker_max=115.127
STEP|n=426500000|unique=4418086|accepted=35556026|rate=116187.2/s|walker_min=82.099|walker_med=105.429|walker_max=114.700
STEP|n=426600000|unique=4419204|accepted=35557144|rate=116189.3/s|walker_min=74.196|walker_med=105.446|walker_max=115.153
STEP|n=426700000|unique=4420162|accepted=35558102|rate=116191.3/s|walker_min=78.571|walker_med=106.423|walker_max=114.341
STEP|n=426800000|unique=4421436|accepted=35559376|rate=116193.3/s|walker_min=79.519|walker_med=103.108|walker_max=115.146
STEP|n=426900000|unique=4422627|accepted=35560567|rate=116195.2/s|walker_min=54.137|walker_med=102.899|walker_max=115.105
STEP|n=427000000|unique=4423709|accepted=35561649|rate=116196.6/s|walker_min=51.409|walker_med=94.146|walker_max=113.377
STEP|n=427100000|unique=4424736|accepted=35562676|rate=116198.0/s|walker_min=54.411|walker_med=103.958|walker_max=115.064
STEP|n=427200000|unique=4425803|accepted=35563743|rate=116199.7/s|walker_min=74.914|walker_med=102.517|walker_max=113.836
STEP|n=427300000|unique=4426959|accepted=35564899|rate=116201.5/s|walker_min=74.216|walker_med=105.572|walker_max=114.844
STEP|n=427400000|unique=4427957|accepted=35565897|rate=116203.4/s|walker_min=66.912|walker_med=104.872|walker_max=115.015
STEP|n=427500000|unique=4428938|accepted=35566878|rate=116205.3/s|walker_min=74.351|walker_med=108.394|walker_max=114.390
STEP|n=427600000|unique=4429954|accepted=35567894|rate=116207.3/s|walker_min=79.607|walker_med=102.284|walker_max=115.167
STEP|n=427700000|unique=4430925|accepted=35568865|rate=116209.3/s|walker_min=77.931|walker_med=107.300|walker_max=114.642
STEP|n=427800000|unique=4432103|accepted=35570043|rate=116211.4/s|walker_min=87.577|walker_med=110.708|walker_max=115.129
STEP|n=427900000|unique=4433302|accepted=35571242|rate=116213.5/s|walker_min=82.965|walker_med=107.543|walker_max=115.125
STEP|n=428000000|unique=4434449|accepted=35572389|rate=116215.5/s|walker_min=94.952|walker_med=109.208|walker_max=114.832
STEP|n=428100000|unique=4435507|accepted=35573447|rate=116217.6/s|walker_min=86.148|walker_med=107.360|walker_max=114.799
STEP|n=428200000|unique=4436571|accepted=35574511|rate=116219.9/s|walker_min=82.759|walker_med=108.202|walker_max=114.883
STEP|n=428300000|unique=4437556|accepted=35575496|rate=116222.1/s|walker_min=80.806|walker_med=107.174|walker_max=114.973
STEP|n=428400000|unique=4438562|accepted=35576502|rate=116224.4/s|walker_min=83.009|walker_med=108.519|walker_max=114.779
STEP|n=428500000|unique=4439552|accepted=35577492|rate=116226.2/s|walker_min=80.749|walker_med=105.704|walker_max=114.827
STEP|n=428600000|unique=4440650|accepted=35578590|rate=116228.2/s|walker_min=83.484|walker_med=101.676|walker_max=113.326
STEP|n=428700000|unique=4441641|accepted=35579581|rate=116229.9/s|walker_min=77.252|walker_med=104.667|walker_max=114.840
STEP|n=428800000|unique=4442578|accepted=35580518|rate=116231.8/s|walker_min=65.459|walker_med=106.121|walker_max=114.608
STEP|n=428900000|unique=4443589|accepted=35581529|rate=116233.9/s|walker_min=50.744|walker_med=101.982|walker_max=113.344
STEP|n=429000000|unique=4444890|accepted=35582830|rate=116235.6/s|walker_min=59.838|walker_med=93.613|walker_max=111.236
STEP|n=429100000|unique=4446214|accepted=35584154|rate=116236.9/s|walker_min=60.021|walker_med=103.380|walker_max=113.387
STEP|n=429200000|unique=4447230|accepted=35585170|rate=116238.8/s|walker_min=73.437|walker_med=104.974|walker_max=114.079
STEP|n=429300000|unique=4448127|accepted=35586067|rate=116240.5/s|walker_min=81.332|walker_med=107.499|walker_max=113.911
STEP|n=429400000|unique=4449185|accepted=35587125|rate=116242.6/s|walker_min=50.384|walker_med=105.533|walker_max=115.020
STEP|n=429500000|unique=4450160|accepted=35588100|rate=116244.6/s|walker_min=73.112|walker_med=104.873|walker_max=114.921
STEP|n=429600000|unique=4451137|accepted=35589077|rate=116246.6/s|walker_min=76.822|walker_med=107.604|walker_max=114.830
STEP|n=429700000|unique=4452149|accepted=35590089|rate=116248.6/s|walker_min=77.706|walker_med=105.197|walker_max=114.984
STEP|n=429800000|unique=4453194|accepted=35591134|rate=116250.6/s|walker_min=89.940|walker_med=108.064|walker_max=115.105
STEP|n=429900000|unique=4454374|accepted=35592314|rate=116252.5/s|walker_min=80.647|walker_med=107.914|walker_max=113.885
STEP|n=430000000|unique=4455394|accepted=35593334|rate=116254.8/s|walker_min=85.826|walker_med=108.520|walker_max=114.777
STEP|n=430100000|unique=4456272|accepted=35594212|rate=116256.8/s|walker_min=90.454|walker_med=110.232|walker_max=114.918
STEP|n=430200000|unique=4457158|accepted=35595098|rate=116258.9/s|walker_min=77.091|walker_med=108.260|walker_max=115.145
STEP|n=430300000|unique=4458244|accepted=35596184|rate=116260.9/s|walker_min=89.540|walker_med=106.998|walker_max=114.040
STEP|n=430400000|unique=4459374|accepted=35597314|rate=116263.1/s|walker_min=84.310|walker_med=106.858|walker_max=114.608
STEP|n=430500000|unique=4460460|accepted=35598400|rate=116265.1/s|walker_min=85.897|walker_med=107.762|walker_max=114.976
STEP|n=430600000|unique=4461406|accepted=35599346|rate=116267.3/s|walker_min=71.372|walker_med=103.645|walker_max=113.540
STEP|n=430700000|unique=4462481|accepted=35600421|rate=116269.2/s|walker_min=68.583|walker_med=101.677|walker_max=114.660
STEP|n=430800000|unique=4463557|accepted=35601497|rate=116271.1/s|walker_min=71.674|walker_med=104.040|walker_max=114.996
STEP|n=430900000|unique=4464793|accepted=35602733|rate=116272.9/s|walker_min=60.368|walker_med=98.254|walker_max=114.293
STEP|n=431000000|unique=4465899|accepted=35603839|rate=116274.3/s|walker_min=51.942|walker_med=93.072|walker_max=114.392
STEP|n=431100000|unique=4467076|accepted=35605016|rate=116276.0/s|walker_min=82.431|walker_med=105.798|walker_max=114.891
STEP|n=431200000|unique=4468161|accepted=35606101|rate=116278.0/s|walker_min=80.647|walker_med=102.370|walker_max=115.100
STEP|n=431300000|unique=4469171|accepted=35607111|rate=116280.1/s|walker_min=57.931|walker_med=105.437|walker_max=115.069
STEP|n=431400000|unique=4470210|accepted=35608150|rate=116281.9/s|walker_min=79.151|walker_med=108.595|walker_max=114.825
STEP|n=431500000|unique=4471373|accepted=35609313|rate=116283.8/s|walker_min=70.574|walker_med=105.112|walker_max=115.064
STEP|n=431600000|unique=4472381|accepted=35610321|rate=116285.7/s|walker_min=74.317|walker_med=107.927|walker_max=114.965
STEP|n=431700000|unique=4473402|accepted=35611342|rate=116287.9/s|walker_min=82.569|walker_med=105.493|walker_max=114.743
STEP|n=431800000|unique=4474384|accepted=35612324|rate=116290.1/s|walker_min=82.016|walker_med=106.862|walker_max=114.871
STEP|n=431900000|unique=4475359|accepted=35613299|rate=116292.1/s|walker_min=79.551|walker_med=109.471|walker_max=114.841
STEP|n=432000000|unique=4476410|accepted=35614350|rate=116294.2/s|walker_min=82.561|walker_med=107.592|walker_max=114.928
STEP|n=432100000|unique=4477545|accepted=35615485|rate=116296.3/s|walker_min=84.549|walker_med=107.102|walker_max=113.902
STEP|n=432200000|unique=4478540|accepted=35616480|rate=116298.3/s|walker_min=89.521|walker_med=105.892|walker_max=115.090
STEP|n=432300000|unique=4479626|accepted=35617566|rate=116300.4/s|walker_min=84.365|walker_med=105.708|walker_max=114.521
STEP|n=432400000|unique=4480775|accepted=35618715|rate=116302.6/s|walker_min=69.800|walker_med=106.633|walker_max=115.038
STEP|n=432500000|unique=4481912|accepted=35619852|rate=116304.6/s|walker_min=84.288|walker_med=104.613|walker_max=114.917
STEP|n=432600000|unique=4482990|accepted=35620930|rate=116306.7/s|walker_min=79.515|walker_med=105.598|walker_max=114.945
STEP|n=432700000|unique=4484001|accepted=35621941|rate=116308.8/s|walker_min=78.590|walker_med=106.186|walker_max=115.162
STEP|n=432800000|unique=4484961|accepted=35622901|rate=116310.6/s|walker_min=78.742|walker_med=98.732|walker_max=112.390
STEP|n=432900000|unique=4486162|accepted=35624102|rate=116312.2/s|walker_min=64.096|walker_med=106.576|walker_max=115.058
STEP|n=433000000|unique=4487323|accepted=35625263|rate=116313.8/s|walker_min=54.760|walker_med=96.396|walker_max=115.135
STEP|n=433100000|unique=4488583|accepted=35626523|rate=116315.2/s|walker_min=60.910|walker_med=100.059|walker_max=114.906
STEP|n=433200000|unique=4489672|accepted=35627612|rate=116316.9/s|walker_min=62.169|walker_med=105.206|walker_max=114.617
STEP|n=433300000|unique=4490778|accepted=35628718|rate=116318.7/s|walker_min=74.663|walker_med=104.383|walker_max=114.974
STEP|n=433400000|unique=4491879|accepted=35629819|rate=116320.6/s|walker_min=85.168|walker_med=103.528|walker_max=114.528
STEP|n=433500000|unique=4492831|accepted=35630771|rate=116322.6/s|walker_min=80.739|walker_med=105.010|walker_max=114.964
STEP|n=433600000|unique=4493817|accepted=35631757|rate=116324.5/s|walker_min=75.706|walker_med=109.313|walker_max=114.701
STEP|n=433700000|unique=4494791|accepted=35632731|rate=116325.8/s|walker_min=80.111|walker_med=109.609|walker_max=115.080
STEP|n=433800000|unique=4495672|accepted=35633612|rate=116327.8/s|walker_min=93.932|walker_med=109.427|walker_max=114.322
STEP|n=433900000|unique=4496642|accepted=35634582|rate=116329.9/s|walker_min=92.332|walker_med=106.992|walker_max=115.059
STEP|n=434000000|unique=4497548|accepted=35635488|rate=116332.1/s|walker_min=82.222|walker_med=106.757|walker_max=115.155
STEP|n=434100000|unique=4498579|accepted=35636519|rate=116334.2/s|walker_min=90.493|walker_med=107.052|walker_max=114.978
STEP|n=434200000|unique=4499584|accepted=35637524|rate=116336.5/s|walker_min=87.913|walker_med=107.056|walker_max=115.050
STEP|n=434300000|unique=4500567|accepted=35638507|rate=116338.5/s|walker_min=69.863|walker_med=106.372|walker_max=113.346
STEP|n=434400000|unique=4501542|accepted=35639482|rate=116340.6/s|walker_min=81.471|walker_med=107.103|walker_max=115.019
STEP|n=434500000|unique=4502556|accepted=35640496|rate=116342.6/s|walker_min=75.665|walker_med=108.522|walker_max=114.557
STEP|n=434600000|unique=4503551|accepted=35641491|rate=116344.8/s|walker_min=85.873|walker_med=107.252|walker_max=114.841
STEP|n=434700000|unique=4504480|accepted=35642420|rate=116346.8/s|walker_min=74.881|walker_med=103.665|walker_max=114.775
STEP|n=434800000|unique=4505610|accepted=35643550|rate=116348.7/s|walker_min=81.825|walker_med=102.097|walker_max=114.556
STEP|n=434900000|unique=4506715|accepted=35644655|rate=116350.3/s|walker_min=64.206|walker_med=99.474|walker_max=114.623
STEP|n=435000000|unique=4507836|accepted=35645776|rate=116351.1/s|walker_min=57.730|walker_med=89.849|walker_max=113.975
STEP|n=435100000|unique=4508796|accepted=35646736|rate=116352.4/s|walker_min=75.417|walker_med=104.252|walker_max=115.104
STEP|n=435200000|unique=4509852|accepted=35647792|rate=116354.2/s|walker_min=62.944|walker_med=103.973|walker_max=115.019
STEP|n=435300000|unique=4511104|accepted=35649044|rate=116356.2/s|walker_min=74.834|walker_med=103.784|walker_max=115.175
STEP|n=435400000|unique=4512203|accepted=35650143|rate=116358.2/s|walker_min=78.564|walker_med=104.579|walker_max=115.095
STEP|n=435500000|unique=4513312|accepted=35651252|rate=116360.1/s|walker_min=73.581|walker_med=105.181|walker_max=114.381
STEP|n=435600000|unique=4514561|accepted=35652501|rate=116362.0/s|walker_min=78.815|walker_med=106.530|walker_max=114.250
STEP|n=435700000|unique=4515547|accepted=35653487|rate=116364.1/s|walker_min=83.294|walker_med=106.396|walker_max=115.032
STEP|n=435800000|unique=4516641|accepted=35654581|rate=116366.2/s|walker_min=79.877|walker_med=109.620|walker_max=115.083
STEP|n=435900000|unique=4517558|accepted=35655498|rate=116368.4/s|walker_min=84.712|walker_med=106.783|walker_max=115.115
STEP|n=436000000|unique=4518686|accepted=35656626|rate=116370.5/s|walker_min=85.737|walker_med=109.159|walker_max=115.077
STEP|n=436100000|unique=4519509|accepted=35657449|rate=116372.4/s|walker_min=89.146|walker_med=108.360|walker_max=114.979
STEP|n=436200000|unique=4520502|accepted=35658442|rate=116374.4/s|walker_min=92.996|walker_med=106.268|walker_max=114.572
STEP|n=436300000|unique=4521397|accepted=35659337|rate=116376.4/s|walker_min=90.401|walker_med=109.227|walker_max=114.421
STEP|n=436400000|unique=4522359|accepted=35660299|rate=116378.7/s|walker_min=71.521|walker_med=107.769|walker_max=114.750
STEP|n=436500000|unique=4523431|accepted=35661371|rate=116378.0/s|walker_min=89.603|walker_med=106.424|walker_max=114.170
STEP|n=436600000|unique=4524585|accepted=35662525|rate=116380.0/s|walker_min=66.996|walker_med=106.690|walker_max=114.158
STEP|n=436700000|unique=4525712|accepted=35663652|rate=116381.9/s|walker_min=80.884|walker_med=106.393|walker_max=114.518
STEP|n=436800000|unique=4526676|accepted=35664616|rate=116383.7/s|walker_min=77.166|walker_med=99.967|walker_max=115.173
STEP|n=436900000|unique=4527796|accepted=35665736|rate=116385.3/s|walker_min=50.994|walker_med=98.797|walker_max=114.757
STEP|n=437000000|unique=4528780|accepted=35666720|rate=116387.0/s|walker_min=46.360|walker_med=87.868|walker_max=114.578
STEP|n=437100000|unique=4529753|accepted=35667693|rate=116388.7/s|walker_min=64.404|walker_med=102.457|walker_max=113.679
STEP|n=437200000|unique=4530788|accepted=35668728|rate=116390.3/s|walker_min=62.530|walker_med=107.187|walker_max=114.193
STEP|n=437300000|unique=4531842|accepted=35669782|rate=116392.1/s|walker_min=65.370|walker_med=101.653|walker_max=114.290
STEP|n=437400000|unique=4532817|accepted=35670757|rate=116393.9/s|walker_min=71.177|walker_med=106.131|walker_max=114.663
STEP|n=437500000|unique=4533763|accepted=35671703|rate=116395.9/s|walker_min=71.558|walker_med=109.407|walker_max=114.819
STEP|n=437600000|unique=4534676|accepted=35672616|rate=116398.3/s|walker_min=90.362|walker_med=106.942|walker_max=115.094
STEP|n=437700000|unique=4535687|accepted=35673627|rate=116400.3/s|walker_min=81.599|walker_med=105.064|walker_max=114.775
STEP|n=437800000|unique=4536626|accepted=35674566|rate=116402.2/s|walker_min=69.747|walker_med=105.962|walker_max=114.598
STEP|n=437900000|unique=4537606|accepted=35675546|rate=116404.2/s|walker_min=56.101|walker_med=106.475|walker_max=114.511
STEP|n=438000000|unique=4538540|accepted=35676480|rate=116406.2/s|walker_min=87.232|walker_med=108.085|walker_max=114.943
STEP|n=438100000|unique=4539479|accepted=35677419|rate=116408.4/s|walker_min=79.465|walker_med=107.831|walker_max=114.776
STEP|n=438200000|unique=4540520|accepted=35678460|rate=116410.5/s|walker_min=84.367|walker_med=105.562|walker_max=115.085
STEP|n=438300000|unique=4541440|accepted=35679380|rate=116412.5/s|walker_min=87.200|walker_med=104.065|walker_max=114.998
STEP|n=438400000|unique=4542480|accepted=35680420|rate=116414.3/s|walker_min=77.837|walker_med=105.892|walker_max=114.888
STEP|n=438500000|unique=4543502|accepted=35681442|rate=116416.3/s|walker_min=77.640|walker_med=108.383|walker_max=115.021
STEP|n=438600000|unique=4544624|accepted=35682564|rate=116418.4/s|walker_min=81.909|walker_med=106.934|walker_max=115.177
STEP|n=438700000|unique=4545664|accepted=35683604|rate=116420.5/s|walker_min=70.562|walker_med=104.457|walker_max=114.879
STEP|n=438800000|unique=4546720|accepted=35684660|rate=116422.5/s|walker_min=76.292|walker_med=105.679|walker_max=114.718
STEP|n=438900000|unique=4547688|accepted=35685628|rate=116424.2/s|walker_min=58.465|walker_med=104.946|walker_max=114.308
STEP|n=439000000|unique=4548705|accepted=35686645|rate=116425.4/s|walker_min=55.825|walker_med=94.297|walker_max=114.447
STEP|n=439100000|unique=4549679|accepted=35687619|rate=116426.6/s|walker_min=57.470|walker_med=99.956|walker_max=113.809
STEP|n=439200000|unique=4550718|accepted=35688658|rate=116428.4/s|walker_min=71.990|walker_med=108.321|walker_max=114.385
STEP|n=439300000|unique=4551771|accepted=35689711|rate=116430.3/s|walker_min=85.013|walker_med=104.766|walker_max=114.933
STEP|n=439400000|unique=4552900|accepted=35690840|rate=116432.1/s|walker_min=75.045|walker_med=104.588|walker_max=114.846
STEP|n=439500000|unique=4553925|accepted=35691865|rate=116434.0/s|walker_min=75.105|walker_med=106.322|walker_max=115.015
STEP|n=439600000|unique=4554954|accepted=35692894|rate=116436.0/s|walker_min=65.834|walker_med=108.853|walker_max=114.877
STEP|n=439700000|unique=4556041|accepted=35693981|rate=116438.1/s|walker_min=72.316|walker_med=106.546|walker_max=115.173
STEP|n=439800000|unique=4556902|accepted=35694842|rate=116440.2/s|walker_min=85.735|walker_med=108.745|walker_max=115.146
STEP|n=439900000|unique=4557778|accepted=35695718|rate=116442.2/s|walker_min=81.724|walker_med=106.255|walker_max=115.114
STEP|n=440000000|unique=4558858|accepted=35696798|rate=116444.3/s|walker_min=86.404|walker_med=111.706|walker_max=115.077
STEP|n=440100000|unique=4559773|accepted=35697713|rate=116446.3/s|walker_min=73.720|walker_med=106.267|walker_max=114.793
STEP|n=440200000|unique=4560761|accepted=35698701|rate=116448.3/s|walker_min=77.419|walker_med=104.008|walker_max=115.125
STEP|n=440300000|unique=4561844|accepted=35699784|rate=116450.0/s|walker_min=83.939|walker_med=108.374|walker_max=114.779
STEP|n=440400000|unique=4562882|accepted=35700822|rate=116451.8/s|walker_min=82.122|walker_med=109.043|walker_max=114.836
STEP|n=440500000|unique=4563837|accepted=35701777|rate=116453.7/s|walker_min=83.235|walker_med=108.214|walker_max=114.503
STEP|n=440600000|unique=4564797|accepted=35702737|rate=116455.6/s|walker_min=77.920|walker_med=108.221|walker_max=114.402
STEP|n=440700000|unique=4566029|accepted=35703969|rate=116457.5/s|walker_min=76.983|walker_med=103.511|walker_max=114.853
STEP|n=440800000|unique=4567254|accepted=35705194|rate=116459.4/s|walker_min=64.281|walker_med=101.952|walker_max=115.036
STEP|n=440900000|unique=4568230|accepted=35706170|rate=116461.1/s|walker_min=64.474|walker_med=103.581|walker_max=114.965
STEP|n=441000000|unique=4569152|accepted=35707092|rate=116462.7/s|walker_min=54.544|walker_med=86.131|walker_max=114.655
STEP|n=441100000|unique=4570096|accepted=35708036|rate=116463.6/s|walker_min=81.246|walker_med=99.821|walker_max=113.776
STEP|n=441200000|unique=4571250|accepted=35709190|rate=116465.3/s|walker_min=77.054|walker_med=103.208|walker_max=114.744
STEP|n=441300000|unique=4572275|accepted=35710215|rate=116467.1/s|walker_min=81.292|walker_med=104.566|walker_max=113.711
STEP|n=441400000|unique=4573485|accepted=35711425|rate=116469.0/s|walker_min=81.983|walker_med=105.667|walker_max=114.413
STEP|n=441500000|unique=4574367|accepted=35712307|rate=116470.8/s|walker_min=60.761|walker_med=102.901|walker_max=114.958
STEP|n=441600000|unique=4575326|accepted=35713266|rate=116472.7/s|walker_min=82.168|walker_med=105.259|walker_max=115.114
STEP|n=441700000|unique=4576251|accepted=35714191|rate=116474.6/s|walker_min=82.792|walker_med=108.451|walker_max=114.444
STEP|n=441800000|unique=4577027|accepted=35714967|rate=116476.6/s|walker_min=75.507|walker_med=107.436|walker_max=114.820
STEP|n=441900000|unique=4577939|accepted=35715879|rate=116478.6/s|walker_min=85.021|walker_med=107.953|walker_max=114.502
STEP|n=442000000|unique=4578882|accepted=35716822|rate=116480.4/s|walker_min=63.679|walker_med=108.376|walker_max=114.960
STEP|n=442100000|unique=4579862|accepted=35717802|rate=116482.4/s|walker_min=93.109|walker_med=107.276|walker_max=114.730
STEP|n=442200000|unique=4580726|accepted=35718666|rate=116484.4/s|walker_min=83.323|walker_med=105.244|walker_max=114.843
STEP|n=442300000|unique=4581685|accepted=35719625|rate=116486.6/s|walker_min=85.347|walker_med=106.477|walker_max=115.142
STEP|n=442400000|unique=4582775|accepted=35720715|rate=116488.7/s|walker_min=81.827|walker_med=108.806|walker_max=115.104
STEP|n=442500000|unique=4583730|accepted=35721670|rate=116490.9/s|walker_min=86.579|walker_med=104.143|walker_max=115.170
STEP|n=442600000|unique=4584848|accepted=35722788|rate=116493.0/s|walker_min=78.858|walker_med=103.895|walker_max=114.411
STEP|n=442700000|unique=4585820|accepted=35723760|rate=116494.8/s|walker_min=68.152|walker_med=103.491|walker_max=115.016
STEP|n=442800000|unique=4586844|accepted=35724784|rate=116496.6/s|walker_min=69.026|walker_med=105.745|walker_max=113.146
STEP|n=442900000|unique=4587888|accepted=35725828|rate=116498.6/s|walker_min=56.583|walker_med=101.462|walker_max=113.008
STEP|n=443000000|unique=4588988|accepted=35726928|rate=116499.8/s|walker_min=60.992|walker_med=83.829|walker_max=114.177
STEP|n=443100000|unique=4590078|accepted=35728018|rate=116501.2/s|walker_min=67.613|walker_med=97.577|walker_max=114.268
STEP|n=443200000|unique=4591034|accepted=35728974|rate=116502.7/s|walker_min=80.616|walker_med=107.669|walker_max=114.375
STEP|n=443300000|unique=4592186|accepted=35730126|rate=116504.5/s|walker_min=83.169|walker_med=106.329|walker_max=114.671
STEP|n=443400000|unique=4593307|accepted=35731247|rate=116506.4/s|walker_min=72.728|walker_med=105.638|walker_max=114.971
STEP|n=443500000|unique=4594299|accepted=35732239|rate=116508.3/s|walker_min=82.899|walker_med=106.702|walker_max=114.086
STEP|n=443600000|unique=4595283|accepted=35733223|rate=116510.3/s|walker_min=67.277|walker_med=105.676|walker_max=115.078
STEP|n=443700000|unique=4596446|accepted=35734386|rate=116512.2/s|walker_min=83.268|walker_med=105.921|walker_max=114.654
STEP|n=443800000|unique=4597559|accepted=35735499|rate=116514.2/s|walker_min=76.468|walker_med=105.169|walker_max=114.597
STEP|n=443900000|unique=4598681|accepted=35736621|rate=116516.3/s|walker_min=73.722|walker_med=108.187|walker_max=115.094
STEP|n=444000000|unique=4599728|accepted=35737668|rate=116518.4/s|walker_min=81.067|walker_med=106.027|walker_max=114.749
STEP|n=444100000|unique=4600784|accepted=35738724|rate=116520.4/s|walker_min=93.777|walker_med=105.491|walker_max=115.015
STEP|n=444200000|unique=4601850|accepted=35739790|rate=116522.4/s|walker_min=73.642|walker_med=105.391|walker_max=114.877
STEP|n=444300000|unique=4603030|accepted=35740970|rate=116524.2/s|walker_min=79.747|walker_med=108.807|walker_max=114.845
STEP|n=444400000|unique=4604045|accepted=35741985|rate=116526.3/s|walker_min=92.699|walker_med=108.878|walker_max=115.094
STEP|n=444500000|unique=4605056|accepted=35742996|rate=116528.3/s|walker_min=77.004|walker_med=100.173|walker_max=114.966
STEP|n=444600000|unique=4606102|accepted=35744042|rate=116530.4/s|walker_min=80.135|walker_med=105.826|walker_max=115.027
STEP|n=444700000|unique=4607262|accepted=35745202|rate=116532.3/s|walker_min=72.126|walker_med=102.642|walker_max=114.938
STEP|n=444800000|unique=4608344|accepted=35746284|rate=116534.0/s|walker_min=73.145|walker_med=99.125|walker_max=114.649
STEP|n=444900000|unique=4609265|accepted=35747205|rate=116535.6/s|walker_min=81.039|walker_med=103.850|walker_max=114.156
STEP|n=445000000|unique=4610282|accepted=35748222|rate=116537.3/s|walker_min=64.491|walker_med=95.289|walker_max=112.499
STEP|n=445100000|unique=4611338|accepted=35749278|rate=116538.9/s|walker_min=55.926|walker_med=103.100|walker_max=115.158
STEP|n=445200000|unique=4612220|accepted=35750160|rate=116540.7/s|walker_min=77.777|walker_med=102.599|walker_max=115.037
STEP|n=445300000|unique=4613321|accepted=35751261|rate=116542.6/s|walker_min=86.219|walker_med=109.518|walker_max=114.982
STEP|n=445400000|unique=4614271|accepted=35752211|rate=116544.4/s|walker_min=88.888|walker_med=106.785|walker_max=114.993
STEP|n=445500000|unique=4615302|accepted=35753242|rate=116546.3/s|walker_min=68.145|walker_med=105.232|walker_max=114.512
STEP|n=445600000|unique=4616252|accepted=35754192|rate=116548.2/s|walker_min=74.091|walker_med=106.638|walker_max=114.921
STEP|n=445700000|unique=4617180|accepted=35755120|rate=116550.4/s|walker_min=89.029|walker_med=107.556|walker_max=114.138
STEP|n=445800000|unique=4618062|accepted=35756002|rate=116552.2/s|walker_min=72.572|walker_med=109.444|walker_max=114.867
STEP|n=445900000|unique=4618912|accepted=35756852|rate=116554.0/s|walker_min=79.185|walker_med=108.490|walker_max=114.602
STEP|n=446000000|unique=4620027|accepted=35757967|rate=116555.9/s|walker_min=89.963|walker_med=107.120|walker_max=114.426
STEP|n=446100000|unique=4621072|accepted=35759012|rate=116558.0/s|walker_min=83.943|walker_med=108.730|walker_max=114.974
STEP|n=446200000|unique=4622137|accepted=35760077|rate=116560.0/s|walker_min=84.042|walker_med=108.513|walker_max=114.992
STEP|n=446300000|unique=4623129|accepted=35761069|rate=116562.0/s|walker_min=74.816|walker_med=108.456|walker_max=115.051
STEP|n=446400000|unique=4624015|accepted=35761955|rate=116564.1/s|walker_min=77.521|walker_med=108.949|walker_max=114.789
STEP|n=446500000|unique=4625035|accepted=35762975|rate=116566.0/s|walker_min=83.452|walker_med=107.744|walker_max=115.179
STEP|n=446600000|unique=4626101|accepted=35764041|rate=116568.0/s|walker_min=77.221|walker_med=100.288|walker_max=114.429
STEP|n=446700000|unique=4627244|accepted=35765184|rate=116570.0/s|walker_min=82.569|walker_med=108.026|walker_max=114.878
STEP|n=446800000|unique=4628211|accepted=35766151|rate=116572.0/s|walker_min=87.572|walker_med=102.839|walker_max=115.170
STEP|n=446900000|unique=4629366|accepted=35767306|rate=116573.7/s|walker_min=55.600|walker_med=101.570|walker_max=115.045
STEP|n=447000000|unique=4630478|accepted=35768418|rate=116575.1/s|walker_min=51.175|walker_med=89.920|walker_max=115.061
STEP|n=447100000|unique=4631512|accepted=35769452|rate=116576.6/s|walker_min=54.751|walker_med=96.609|walker_max=114.598
STEP|n=447200000|unique=4632606|accepted=35770546|rate=116578.3/s|walker_min=64.123|walker_med=99.624|walker_max=115.052
STEP|n=447300000|unique=4633608|accepted=35771548|rate=116580.0/s|walker_min=72.877|walker_med=102.752|walker_max=113.478
STEP|n=447400000|unique=4634465|accepted=35772405|rate=116581.9/s|walker_min=93.393|walker_med=109.830|walker_max=115.175
STEP|n=447500000|unique=4635554|accepted=35773494|rate=116583.8/s|walker_min=79.659|walker_med=108.197|walker_max=114.496
STEP|n=447600000|unique=4636487|accepted=35774427|rate=116585.8/s|walker_min=66.351|walker_med=106.684|walker_max=114.589
STEP|n=447700000|unique=4637342|accepted=35775282|rate=116587.6/s|walker_min=82.151|walker_med=105.619|walker_max=113.734
STEP|n=447800000|unique=4638249|accepted=35776189|rate=116589.4/s|walker_min=74.412|walker_med=107.604|walker_max=114.231
STEP|n=447900000|unique=4639326|accepted=35777266|rate=116591.3/s|walker_min=76.731|walker_med=104.580|walker_max=114.995
STEP|n=448000000|unique=4640335|accepted=35778275|rate=116593.3/s|walker_min=79.011|walker_med=108.556|walker_max=114.752
STEP|n=448100000|unique=4641351|accepted=35779291|rate=116594.9/s|walker_min=81.561|walker_med=103.995|walker_max=114.678
STEP|n=448200000|unique=4642265|accepted=35780205|rate=116596.8/s|walker_min=74.505|walker_med=107.757|walker_max=114.538
STEP|n=448300000|unique=4643387|accepted=35781327|rate=116598.6/s|walker_min=88.471|walker_med=108.014|walker_max=114.963
STEP|n=448400000|unique=4644432|accepted=35782372|rate=116600.4/s|walker_min=75.980|walker_med=106.489|walker_max=115.107
STEP|n=448500000|unique=4645531|accepted=35783471|rate=116602.5/s|walker_min=80.154|walker_med=103.610|walker_max=114.755
STEP|n=448600000|unique=4646387|accepted=35784327|rate=116604.4/s|walker_min=85.989|walker_med=106.731|walker_max=114.462
STEP|n=448700000|unique=4647340|accepted=35785280|rate=116606.2/s|walker_min=78.237|walker_med=107.123|walker_max=114.552
STEP|n=448800000|unique=4648483|accepted=35786423|rate=116608.1/s|walker_min=82.321|walker_med=107.232|walker_max=114.359
STEP|n=448900000|unique=4649682|accepted=35787622|rate=116610.0/s|walker_min=77.361|walker_med=102.566|walker_max=114.686
STEP|n=449000000|unique=4650819|accepted=35788759|rate=116611.4/s|walker_min=68.213|walker_med=93.057|walker_max=113.751
STEP|n=449100000|unique=4652022|accepted=35789962|rate=116612.7/s|walker_min=67.432|walker_med=102.801|walker_max=114.367
STEP|n=449200000|unique=4652960|accepted=35790900|rate=116614.2/s|walker_min=57.044|walker_med=99.126|walker_max=114.214
STEP|n=449300000|unique=4653878|accepted=35791818|rate=116615.9/s|walker_min=71.907|walker_med=106.710|walker_max=114.808
STEP|n=449400000|unique=4654982|accepted=35792922|rate=116617.8/s|walker_min=71.609|walker_med=105.068|walker_max=115.113
STEP|n=449500000|unique=4655946|accepted=35793886|rate=116619.7/s|walker_min=56.777|walker_med=101.741|walker_max=114.803
STEP|n=449600000|unique=4656890|accepted=35794830|rate=116618.6/s|walker_min=82.520|walker_med=109.245|walker_max=114.802
STEP|n=449700000|unique=4657967|accepted=35795907|rate=116620.4/s|walker_min=72.724|walker_med=108.390|walker_max=114.232
STEP|n=449800000|unique=4658926|accepted=35796866|rate=116622.3/s|walker_min=86.237|walker_med=110.336|walker_max=115.076
STEP|n=449900000|unique=4659971|accepted=35797911|rate=116624.3/s|walker_min=91.038|walker_med=109.592|walker_max=115.011
STEP|n=450000000|unique=4660987|accepted=35798927|rate=116626.3/s|walker_min=79.878|walker_med=106.520|walker_max=115.120
CHECKPOINT|step=450000000|unique=4660987|saved=3000000|min=46.3601|max=110.119
STEP|n=450100000|unique=4662078|accepted=35800018|rate=116395.4/s|walker_min=69.498|walker_med=106.110|walker_max=114.670
STEP|n=450200000|unique=4663102|accepted=35801042|rate=116394.4/s|walker_min=70.718|walker_med=110.727|walker_max=115.123
STEP|n=450300000|unique=4663936|accepted=35801876|rate=116396.3/s|walker_min=89.468|walker_med=106.118|walker_max=114.595
STEP|n=450400000|unique=4664874|accepted=35802814|rate=116398.3/s|walker_min=85.154|walker_med=110.064|walker_max=115.156
STEP|n=450500000|unique=4665882|accepted=35803822|rate=116400.2/s|walker_min=79.618|walker_med=104.304|walker_max=115.129
STEP|n=450600000|unique=4666918|accepted=35804858|rate=116402.1/s|walker_min=59.783|walker_med=105.954|walker_max=113.584
STEP|n=450700000|unique=4667962|accepted=35805902|rate=116403.8/s|walker_min=58.867|walker_med=104.239|walker_max=115.159
STEP|n=450800000|unique=4668995|accepted=35806935|rate=116405.3/s|walker_min=72.752|walker_med=105.920|walker_max=114.546
STEP|n=450900000|unique=4669975|accepted=35807915|rate=116407.0/s|walker_min=67.518|walker_med=103.671|walker_max=115.061
STEP|n=451000000|unique=4671078|accepted=35809018|rate=116408.5/s|walker_min=54.326|walker_med=94.124|walker_max=115.061
STEP|n=451100000|unique=4672012|accepted=35809952|rate=116409.8/s|walker_min=51.826|walker_med=102.871|walker_max=114.684
STEP|n=451200000|unique=4672989|accepted=35810929|rate=116411.3/s|walker_min=74.816|walker_med=104.755|walker_max=114.388
STEP|n=451300000|unique=4674011|accepted=35811951|rate=116413.1/s|walker_min=75.139|walker_med=105.992|walker_max=115.052
STEP|n=451400000|unique=4674963|accepted=35812903|rate=116414.8/s|walker_min=70.297|walker_med=106.436|walker_max=115.052
STEP|n=451500000|unique=4676020|accepted=35813960|rate=116416.6/s|walker_min=83.936|walker_med=103.032|walker_max=115.107
STEP|n=451600000|unique=4676974|accepted=35814914|rate=116418.5/s|walker_min=58.861|walker_med=108.468|walker_max=114.787
STEP|n=451700000|unique=4677957|accepted=35815897|rate=116420.6/s|walker_min=90.523|walker_med=104.008|walker_max=114.839
STEP|n=451800000|unique=4679069|accepted=35817009|rate=116422.5/s|walker_min=77.415|walker_med=100.558|walker_max=114.787
STEP|n=451900000|unique=4680058|accepted=35817998|rate=116424.4/s|walker_min=72.928|walker_med=109.316|walker_max=114.829
STEP|n=452000000|unique=4681050|accepted=35818990|rate=116426.2/s|walker_min=84.112|walker_med=108.430|walker_max=114.948
STEP|n=452100000|unique=4681966|accepted=35819906|rate=116428.3/s|walker_min=54.746|walker_med=107.669|walker_max=114.749
STEP|n=452200000|unique=4682910|accepted=35820850|rate=116430.3/s|walker_min=88.976|walker_med=110.614|walker_max=114.913
STEP|n=452300000|unique=4683981|accepted=35821921|rate=116432.4/s|walker_min=76.314|walker_med=104.836|walker_max=114.966
STEP|n=452400000|unique=4684817|accepted=35822757|rate=116434.3/s|walker_min=80.558|walker_med=107.662|walker_max=114.517
STEP|n=452500000|unique=4685956|accepted=35823896|rate=116436.1/s|walker_min=71.250|walker_med=107.001|walker_max=114.901
STEP|n=452600000|unique=4686916|accepted=35824856|rate=116438.0/s|walker_min=52.865|walker_med=108.104|walker_max=113.725
STEP|n=452700000|unique=4688109|accepted=35826049|rate=116439.9/s|walker_min=55.329|walker_med=105.204|walker_max=114.936
STEP|n=452800000|unique=4689180|accepted=35827120|rate=116441.6/s|walker_min=70.717|walker_med=106.377|walker_max=114.907
STEP|n=452900000|unique=4690148|accepted=35828088|rate=116443.2/s|walker_min=66.699|walker_med=98.163|walker_max=114.697
STEP|n=453000000|unique=4691159|accepted=35829099|rate=116444.6/s|walker_min=57.797|walker_med=93.959|walker_max=114.905
STEP|n=453100000|unique=4692044|accepted=35829984|rate=116445.9/s|walker_min=75.208|walker_med=104.942|walker_max=114.925
STEP|n=453200000|unique=4692979|accepted=35830919|rate=116447.5/s|walker_min=72.132|walker_med=108.519|walker_max=115.115
STEP|n=453300000|unique=4694072|accepted=35832012|rate=116449.2/s|walker_min=73.907|walker_med=103.512|walker_max=114.845
STEP|n=453400000|unique=4694927|accepted=35832867|rate=116451.0/s|walker_min=84.976|walker_med=106.782|walker_max=115.102
STEP|n=453500000|unique=4695822|accepted=35833762|rate=116452.8/s|walker_min=74.863|walker_med=103.984|walker_max=115.028
STEP|n=453600000|unique=4696674|accepted=35834614|rate=116454.7/s|walker_min=71.514|walker_med=106.736|walker_max=115.116
STEP|n=453700000|unique=4697765|accepted=35835705|rate=116456.7/s|walker_min=77.064|walker_med=108.218|walker_max=114.610
STEP|n=453800000|unique=4698832|accepted=35836772|rate=116458.6/s|walker_min=72.631|walker_med=107.202|walker_max=114.861
STEP|n=453900000|unique=4699750|accepted=35837690|rate=116460.5/s|walker_min=80.749|walker_med=108.175|walker_max=115.161
STEP|n=454000000|unique=4700638|accepted=35838578|rate=116462.5/s|walker_min=69.490|walker_med=106.651|walker_max=114.692
STEP|n=454100000|unique=4701612|accepted=35839552|rate=116464.4/s|walker_min=90.362|walker_med=108.305|walker_max=114.752
STEP|n=454200000|unique=4702574|accepted=35840514|rate=116466.2/s|walker_min=68.095|walker_med=106.553|walker_max=114.625
STEP|n=454300000|unique=4703606|accepted=35841546|rate=116468.0/s|walker_min=80.382|walker_med=105.657|walker_max=114.886
STEP|n=454400000|unique=4704599|accepted=35842539|rate=116466.6/s|walker_min=59.509|walker_med=107.734|walker_max=114.843
STEP|n=454500000|unique=4705730|accepted=35843670|rate=116468.5/s|walker_min=77.732|walker_med=107.294|walker_max=114.651
STEP|n=454600000|unique=4706744|accepted=35844684|rate=116470.4/s|walker_min=78.798|walker_med=108.196|walker_max=115.037
STEP|n=454700000|unique=4707720|accepted=35845660|rate=116472.2/s|walker_min=89.722|walker_med=101.842|walker_max=115.162
STEP|n=454800000|unique=4708659|accepted=35846599|rate=116474.0/s|walker_min=74.866|walker_med=104.934|walker_max=113.647
STEP|n=454900000|unique=4709816|accepted=35847756|rate=116475.7/s|walker_min=70.391|walker_med=100.219|walker_max=115.059
STEP|n=455000000|unique=4710804|accepted=35848744|rate=116477.1/s|walker_min=54.495|walker_med=95.921|walker_max=112.696
STEP|n=455100000|unique=4711704|accepted=35849644|rate=116478.3/s|walker_min=53.899|walker_med=100.929|walker_max=115.163
STEP|n=455200000|unique=4712712|accepted=35850652|rate=116479.9/s|walker_min=78.074|walker_med=103.876|walker_max=114.732
STEP|n=455300000|unique=4713861|accepted=35851801|rate=116481.8/s|walker_min=70.148|walker_med=105.332|walker_max=114.442
STEP|n=455400000|unique=4714758|accepted=35852698|rate=116483.7/s|walker_min=64.500|walker_med=106.661|walker_max=115.126
STEP|n=455500000|unique=4715786|accepted=35853726|rate=116485.6/s|walker_min=60.714|walker_med=104.476|walker_max=113.670
STEP|n=455600000|unique=4716784|accepted=35854724|rate=116487.4/s|walker_min=82.193|walker_med=109.121|walker_max=114.873
STEP|n=455700000|unique=4717697|accepted=35855637|rate=116489.5/s|walker_min=52.098|walker_med=107.348|walker_max=114.748
STEP|n=455800000|unique=4718562|accepted=35856502|rate=116491.3/s|walker_min=60.159|walker_med=106.699|walker_max=112.784
STEP|n=455900000|unique=4719559|accepted=35857499|rate=116493.2/s|walker_min=84.183|walker_med=110.132|walker_max=114.503
STEP|n=456000000|unique=4720489|accepted=35858429|rate=116495.1/s|walker_min=88.168|walker_med=108.195|walker_max=115.012
STEP|n=456100000|unique=4721506|accepted=35859446|rate=116497.1/s|walker_min=56.217|walker_med=107.931|walker_max=115.078
STEP|n=456200000|unique=4722464|accepted=35860404|rate=116499.1/s|walker_min=83.534|walker_med=107.759|walker_max=114.985
STEP|n=456300000|unique=4723577|accepted=35861517|rate=116500.9/s|walker_min=88.254|walker_med=107.651|walker_max=114.920
STEP|n=456400000|unique=4724613|accepted=35862553|rate=116502.9/s|walker_min=68.410|walker_med=103.216|walker_max=114.823
STEP|n=456500000|unique=4725687|accepted=35863627|rate=116504.8/s|walker_min=85.710|walker_med=106.066|walker_max=114.928
STEP|n=456600000|unique=4726676|accepted=35864616|rate=116506.7/s|walker_min=86.005|walker_med=106.956|walker_max=115.176
STEP|n=456700000|unique=4727658|accepted=35865598|rate=116508.4/s|walker_min=71.200|walker_med=105.030|walker_max=115.082
STEP|n=456800000|unique=4728649|accepted=35866589|rate=116510.0/s|walker_min=80.152|walker_med=102.745|walker_max=114.399
STEP|n=456900000|unique=4729661|accepted=35867601|rate=116511.7/s|walker_min=72.053|walker_med=101.677|walker_max=114.206
STEP|n=457000000|unique=4730649|accepted=35868589|rate=116513.0/s|walker_min=55.439|walker_med=89.754|walker_max=113.248
STEP|n=457100000|unique=4731862|accepted=35869802|rate=116514.4/s|walker_min=62.116|walker_med=97.436|walker_max=114.378
STEP|n=457200000|unique=4732800|accepted=35870740|rate=116515.9/s|walker_min=68.277|walker_med=101.566|walker_max=114.620
STEP|n=457300000|unique=4733771|accepted=35871711|rate=116517.7/s|walker_min=74.747|walker_med=103.623|walker_max=114.487
STEP|n=457400000|unique=4734835|accepted=35872775|rate=116519.4/s|walker_min=71.093|walker_med=104.275|walker_max=114.375
STEP|n=457500000|unique=4735770|accepted=35873710|rate=116521.2/s|walker_min=80.123|walker_med=106.776|walker_max=115.051
STEP|n=457600000|unique=4736797|accepted=35874737|rate=116523.1/s|walker_min=77.325|walker_med=108.716|walker_max=114.533
STEP|n=457700000|unique=4737734|accepted=35875674|rate=116525.1/s|walker_min=55.571|walker_med=105.251|walker_max=114.049
STEP|n=457800000|unique=4738706|accepted=35876646|rate=116527.0/s|walker_min=80.985|walker_med=105.355|walker_max=114.971
STEP|n=457900000|unique=4739729|accepted=35877669|rate=116529.0/s|walker_min=78.787|walker_med=110.541|walker_max=115.082
STEP|n=458000000|unique=4740697|accepted=35878637|rate=116530.9/s|walker_min=78.553|walker_med=106.684|walker_max=115.112
STEP|n=458100000|unique=4741620|accepted=35879560|rate=116532.8/s|walker_min=81.201|walker_med=105.428|walker_max=113.854
STEP|n=458200000|unique=4742595|accepted=35880535|rate=116534.8/s|walker_min=69.433|walker_med=110.733|walker_max=114.940
STEP|n=458300000|unique=4743455|accepted=35881395|rate=116536.7/s|walker_min=71.035|walker_med=104.918|walker_max=114.792
STEP|n=458400000|unique=4744325|accepted=35882265|rate=116538.6/s|walker_min=65.022|walker_med=110.675|walker_max=115.141
STEP|n=458500000|unique=4745283|accepted=35883223|rate=116540.7/s|walker_min=62.278|walker_med=108.375|walker_max=113.483
STEP|n=458600000|unique=4746305|accepted=35884245|rate=116542.6/s|walker_min=86.363|walker_med=107.715|walker_max=114.483
STEP|n=458700000|unique=4747268|accepted=35885208|rate=116544.3/s|walker_min=62.944|walker_med=108.236|walker_max=113.685
STEP|n=458800000|unique=4748206|accepted=35886146|rate=116546.0/s|walker_min=72.787|walker_med=103.045|walker_max=114.027
STEP|n=458900000|unique=4749248|accepted=35887188|rate=116547.5/s|walker_min=60.207|walker_med=103.312|walker_max=114.804
STEP|n=459000000|unique=4750201|accepted=35888141|rate=116548.6/s|walker_min=52.597|walker_med=93.802|walker_max=114.754
STEP|n=459100000|unique=4750989|accepted=35888929|rate=116549.9/s|walker_min=67.994|walker_med=106.016|walker_max=114.614
STEP|n=459200000|unique=4751905|accepted=35889845|rate=116551.5/s|walker_min=83.993|walker_med=100.578|walker_max=114.576
STEP|n=459300000|unique=4752941|accepted=35890881|rate=116553.2/s|walker_min=76.620|walker_med=106.143|walker_max=115.068
STEP|n=459400000|unique=4754021|accepted=35891961|rate=116554.9/s|walker_min=73.460|walker_med=104.449|walker_max=114.669
STEP|n=459500000|unique=4755093|accepted=35893033|rate=116556.5/s|walker_min=80.286|walker_med=109.730|walker_max=114.295
STEP|n=459600000|unique=4756043|accepted=35893983|rate=116558.4/s|walker_min=81.058|walker_med=110.247|walker_max=115.086
STEP|n=459700000|unique=4756912|accepted=35894852|rate=116560.5/s|walker_min=79.174|walker_med=106.826|walker_max=114.594
STEP|n=459800000|unique=4757756|accepted=35895696|rate=116562.3/s|walker_min=82.594|walker_med=105.099|walker_max=114.550
STEP|n=459900000|unique=4758636|accepted=35896576|rate=116564.1/s|walker_min=85.673|walker_med=108.121|walker_max=114.994
STEP|n=460000000|unique=4759506|accepted=35897446|rate=116566.1/s|walker_min=88.220|walker_med=108.348|walker_max=114.926
STEP|n=460100000|unique=4760353|accepted=35898293|rate=116568.1/s|walker_min=88.580|walker_med=110.385|walker_max=114.745
STEP|n=460200000|unique=4761268|accepted=35899208|rate=116570.2/s|walker_min=84.822|walker_med=108.821|walker_max=115.047
STEP|n=460300000|unique=4762252|accepted=35900192|rate=116572.4/s|walker_min=79.302|walker_med=105.103|walker_max=115.127
STEP|n=460400000|unique=4763222|accepted=35901162|rate=116574.3/s|walker_min=80.183|walker_med=103.657|walker_max=115.178
STEP|n=460500000|unique=4764261|accepted=35902201|rate=116576.1/s|walker_min=65.230|walker_med=106.617|walker_max=115.169
STEP|n=460600000|unique=4765206|accepted=35903146|rate=116577.9/s|walker_min=76.294|walker_med=107.678|walker_max=115.040
STEP|n=460700000|unique=4766232|accepted=35904172|rate=116579.8/s|walker_min=73.530|walker_med=109.081|walker_max=114.923
STEP|n=460800000|unique=4767234|accepted=35905174|rate=116581.7/s|walker_min=70.560|walker_med=106.794|walker_max=113.717
STEP|n=460900000|unique=4768305|accepted=35906245|rate=116583.3/s|walker_min=66.694|walker_med=100.598|walker_max=115.028
STEP|n=461000000|unique=4769163|accepted=35907103|rate=116584.5/s|walker_min=53.215|walker_med=86.896|walker_max=111.560
STEP|n=461100000|unique=4770072|accepted=35908012|rate=116585.5/s|walker_min=48.858|walker_med=96.836|walker_max=114.851
STEP|n=461200000|unique=4771080|accepted=35909020|rate=116587.0/s|walker_min=46.360|walker_med=106.243|walker_max=114.859
STEP|n=461300000|unique=4772099|accepted=35910039|rate=116588.7/s|walker_min=70.425|walker_med=104.374|walker_max=114.091
STEP|n=461400000|unique=4773229|accepted=35911169|rate=116590.6/s|walker_min=87.725|walker_med=108.507|walker_max=115.148
STEP|n=461500000|unique=4774189|accepted=35912129|rate=116592.2/s|walker_min=88.538|walker_med=106.934|walker_max=114.267
STEP|n=461600000|unique=4775177|accepted=35913117|rate=116594.0/s|walker_min=78.421|walker_med=106.482|walker_max=114.948
STEP|n=461700000|unique=4776025|accepted=35913965|rate=116595.9/s|walker_min=79.544|walker_med=105.742|walker_max=114.866
STEP|n=461800000|unique=4777127|accepted=35915067|rate=116597.7/s|walker_min=84.003|walker_med=106.811|walker_max=114.898
STEP|n=461900000|unique=4778067|accepted=35916007|rate=116599.4/s|walker_min=55.903|walker_med=109.232|walker_max=115.106
STEP|n=462000000|unique=4778887|accepted=35916827|rate=116601.3/s|walker_min=79.317|walker_med=106.636|walker_max=115.018
STEP|n=462100000|unique=4779791|accepted=35917731|rate=116603.2/s|walker_min=77.676|walker_med=106.275|walker_max=114.367
STEP|n=462200000|unique=4780741|accepted=35918681|rate=116604.8/s|walker_min=79.428|walker_med=108.614|walker_max=113.706
STEP|n=462300000|unique=4781839|accepted=35919779|rate=116606.7/s|walker_min=76.916|walker_med=109.114|walker_max=115.166
STEP|n=462400000|unique=4782762|accepted=35920702|rate=116608.6/s|walker_min=85.784|walker_med=105.631|walker_max=114.657
STEP|n=462500000|unique=4783704|accepted=35921644|rate=116610.3/s|walker_min=72.269|walker_med=109.059|walker_max=115.104
STEP|n=462600000|unique=4784844|accepted=35922784|rate=116612.0/s|walker_min=57.834|walker_med=106.537|walker_max=114.895
STEP|n=462700000|unique=4785897|accepted=35923837|rate=116613.8/s|walker_min=67.295|walker_med=105.663|walker_max=115.123
STEP|n=462800000|unique=4786871|accepted=35924811|rate=116615.6/s|walker_min=75.191|walker_med=107.555|walker_max=115.163
STEP|n=462900000|unique=4787873|accepted=35925813|rate=116617.3/s|walker_min=56.012|walker_med=102.627|walker_max=113.706
STEP|n=463000000|unique=4788871|accepted=35926811|rate=116618.7/s|walker_min=59.387|walker_med=95.923|walker_max=113.816
STEP|n=463100000|unique=4789989|accepted=35927929|rate=116620.0/s|walker_min=54.219|walker_med=100.257|walker_max=115.099
STEP|n=463200000|unique=4791092|accepted=35929032|rate=116621.6/s|walker_min=70.863|walker_med=104.304|walker_max=115.171
STEP|n=463300000|unique=4792241|accepted=35930181|rate=116623.5/s|walker_min=84.824|walker_med=104.395|walker_max=114.350
STEP|n=463400000|unique=4793365|accepted=35931305|rate=116625.3/s|walker_min=70.272|walker_med=108.802|walker_max=115.119
STEP|n=463500000|unique=4794285|accepted=35932225|rate=116627.1/s|walker_min=73.476|walker_med=104.622|walker_max=115.119
STEP|n=463600000|unique=4795166|accepted=35933106|rate=116628.8/s|walker_min=89.529|walker_med=109.697|walker_max=114.876
STEP|n=463700000|unique=4795964|accepted=35933904|rate=116630.6/s|walker_min=86.370|walker_med=109.175|walker_max=114.765
STEP|n=463800000|unique=4796989|accepted=35934929|rate=116629.6/s|walker_min=78.895|walker_med=108.831|walker_max=115.135
STEP|n=463900000|unique=4798031|accepted=35935971|rate=116631.5/s|walker_min=66.578|walker_med=108.554|walker_max=114.730
STEP|n=464000000|unique=4799164|accepted=35937104|rate=116633.5/s|walker_min=89.146|walker_med=109.194|walker_max=114.888
STEP|n=464100000|unique=4800217|accepted=35938157|rate=116635.4/s|walker_min=84.867|walker_med=110.758|walker_max=115.177
STEP|n=464200000|unique=4801192|accepted=35939132|rate=116637.4/s|walker_min=84.980|walker_med=109.655|walker_max=115.092
STEP|n=464300000|unique=4802021|accepted=35939961|rate=116639.4/s|walker_min=85.181|walker_med=109.868|walker_max=115.081
STEP|n=464400000|unique=4802982|accepted=35940922|rate=116641.2/s|walker_min=71.815|walker_med=107.285|walker_max=115.120
STEP|n=464500000|unique=4803908|accepted=35941848|rate=116643.2/s|walker_min=64.577|walker_med=104.237|walker_max=114.000
STEP|n=464600000|unique=4804812|accepted=35942752|rate=116645.1/s|walker_min=76.685|walker_med=104.417|walker_max=114.790
STEP|n=464700000|unique=4805708|accepted=35943648|rate=116647.0/s|walker_min=65.683|walker_med=104.410|walker_max=115.102
STEP|n=464800000|unique=4806816|accepted=35944756|rate=116648.8/s|walker_min=56.126|walker_med=100.950|walker_max=115.140
STEP|n=464900000|unique=4807784|accepted=35945724|rate=116650.3/s|walker_min=73.503|walker_med=104.070|walker_max=115.005
STEP|n=465000000|unique=4808733|accepted=35946673|rate=116651.6/s|walker_min=51.600|walker_med=88.262|walker_max=112.580
STEP|n=465100000|unique=4809624|accepted=35947564|rate=116652.9/s|walker_min=67.367|walker_med=99.580|walker_max=112.569
STEP|n=465200000|unique=4810508|accepted=35948448|rate=116654.5/s|walker_min=76.315|walker_med=103.527|walker_max=115.122
STEP|n=465300000|unique=4811365|accepted=35949305|rate=116656.3/s|walker_min=81.542|walker_med=105.770|walker_max=114.822
STEP|n=465400000|unique=4812286|accepted=35950226|rate=116658.0/s|walker_min=82.008|walker_med=107.384|walker_max=115.140
STEP|n=465500000|unique=4813332|accepted=35951272|rate=116659.8/s|walker_min=84.443|walker_med=106.641|walker_max=115.056
STEP|n=465600000|unique=4814256|accepted=35952196|rate=116661.5/s|walker_min=87.686|walker_med=106.080|walker_max=115.123
STEP|n=465700000|unique=4815220|accepted=35953160|rate=116663.3/s|walker_min=79.148|walker_med=106.426|walker_max=115.087
STEP|n=465800000|unique=4816153|accepted=35954093|rate=116665.0/s|walker_min=82.420|walker_med=108.329|walker_max=114.625
STEP|n=465900000|unique=4817083|accepted=35955023|rate=116667.0/s|walker_min=80.481|walker_med=108.197|walker_max=114.732
STEP|n=466000000|unique=4818175|accepted=35956115|rate=116668.9/s|walker_min=85.254|walker_med=105.221|walker_max=113.947
STEP|n=466100000|unique=4819201|accepted=35957141|rate=116670.8/s|walker_min=89.377|walker_med=107.475|walker_max=114.655
STEP|n=466200000|unique=4820225|accepted=35958165|rate=116672.7/s|walker_min=76.847|walker_med=107.576|walker_max=114.696
STEP|n=466300000|unique=4821015|accepted=35958955|rate=116674.5/s|walker_min=86.613|walker_med=105.711|walker_max=114.811
STEP|n=466400000|unique=4821827|accepted=35959767|rate=116676.3/s|walker_min=82.938|walker_med=111.174|walker_max=115.098
STEP|n=466500000|unique=4822771|accepted=35960711|rate=116678.2/s|walker_min=62.640|walker_med=105.582|walker_max=114.683
STEP|n=466600000|unique=4823626|accepted=35961566|rate=116680.2/s|walker_min=81.878|walker_med=107.265|walker_max=114.424
STEP|n=466700000|unique=4824638|accepted=35962578|rate=116682.0/s|walker_min=75.467|walker_med=105.469|walker_max=114.891
STEP|n=466800000|unique=4825726|accepted=35963666|rate=116683.7/s|walker_min=78.552|walker_med=105.430|walker_max=114.953
STEP|n=466900000|unique=4826640|accepted=35964580|rate=116685.3/s|walker_min=61.946|walker_med=99.471|walker_max=115.181
STEP|n=467000000|unique=4827843|accepted=35965783|rate=116686.7/s|walker_min=56.394|walker_med=95.154|walker_max=113.579
STEP|n=467100000|unique=4828836|accepted=35966776|rate=116688.2/s|walker_min=80.413|walker_med=107.978|walker_max=114.724
STEP|n=467200000|unique=4829844|accepted=35967784|rate=116689.9/s|walker_min=80.586|walker_med=105.413|walker_max=115.168
STEP|n=467300000|unique=4830783|accepted=35968723|rate=116691.7/s|walker_min=71.728|walker_med=104.254|walker_max=115.161
STEP|n=467400000|unique=4831644|accepted=35969584|rate=116693.3/s|walker_min=64.820|walker_med=110.270|walker_max=115.069
STEP|n=467500000|unique=4832406|accepted=35970346|rate=116695.0/s|walker_min=82.997|walker_med=104.734|walker_max=115.085
STEP|n=467600000|unique=4833284|accepted=35971224|rate=116696.7/s|walker_min=68.676|walker_med=107.707|walker_max=115.047
STEP|n=467700000|unique=4834277|accepted=35972217|rate=116698.6/s|walker_min=80.188|walker_med=107.166|walker_max=114.889
STEP|n=467800000|unique=4835105|accepted=35973045|rate=116700.5/s|walker_min=84.228|walker_med=107.013|walker_max=114.738
STEP|n=467900000|unique=4836086|accepted=35974026|rate=116702.3/s|walker_min=81.616|walker_med=108.588|walker_max=114.699
STEP|n=468000000|unique=4837018|accepted=35974958|rate=116704.1/s|walker_min=79.799|walker_med=108.936|walker_max=115.053
STEP|n=468100000|unique=4837879|accepted=35975819|rate=116705.9/s|walker_min=75.253|walker_med=104.304|walker_max=114.999
STEP|n=468200000|unique=4838657|accepted=35976597|rate=116707.9/s|walker_min=82.774|walker_med=106.147|walker_max=115.087
STEP|n=468300000|unique=4839682|accepted=35977622|rate=116709.9/s|walker_min=68.399|walker_med=106.875|walker_max=115.051
STEP|n=468400000|unique=4840691|accepted=35978631|rate=116711.8/s|walker_min=79.237|walker_med=108.499|walker_max=115.126
STEP|n=468500000|unique=4841745|accepted=35979685|rate=116713.6/s|walker_min=65.650|walker_med=107.844|walker_max=114.750
STEP|n=468600000|unique=4842796|accepted=35980736|rate=116715.3/s|walker_min=67.445|walker_med=106.468|walker_max=114.316
STEP|n=468700000|unique=4843683|accepted=35981623|rate=116717.0/s|walker_min=81.409|walker_med=106.953|walker_max=114.659
STEP|n=468800000|unique=4844597|accepted=35982537|rate=116718.7/s|walker_min=78.040|walker_med=107.773|walker_max=114.944
STEP|n=468900000|unique=4845656|accepted=35983596|rate=116720.4/s|walker_min=63.581|walker_med=102.710|walker_max=113.667
STEP|n=469000000|unique=4846793|accepted=35984733|rate=116721.8/s|walker_min=63.835|walker_med=93.549|walker_max=114.484
STEP|n=469100000|unique=4847693|accepted=35985633|rate=116723.0/s|walker_min=52.215|walker_med=100.069|walker_max=115.066
STEP|n=469200000|unique=4848501|accepted=35986441|rate=116724.4/s|walker_min=78.335|walker_med=103.952|walker_max=114.770
STEP|n=469300000|unique=4849399|accepted=35987339|rate=116726.0/s|walker_min=68.873|walker_med=107.718|walker_max=115.050
STEP|n=469400000|unique=4850227|accepted=35988167|rate=116727.4/s|walker_min=81.771|walker_med=105.627|walker_max=114.995
STEP|n=469500000|unique=4851210|accepted=35989150|rate=116729.0/s|walker_min=83.705|walker_med=105.613|walker_max=115.000
STEP|n=469600000|unique=4852291|accepted=35990231|rate=116730.8/s|walker_min=61.624|walker_med=104.582|walker_max=115.127
STEP|n=469700000|unique=4853146|accepted=35991086|rate=116732.5/s|walker_min=66.502|walker_med=109.076|walker_max=115.149
STEP|n=469800000|unique=4854101|accepted=35992041|rate=116734.3/s|walker_min=80.739|walker_med=106.273|walker_max=114.969
STEP|n=469900000|unique=4854903|accepted=35992843|rate=116736.1/s|walker_min=77.383|walker_med=108.856|walker_max=115.071
STEP|n=470000000|unique=4855701|accepted=35993641|rate=116737.8/s|walker_min=83.617|walker_med=108.720|walker_max=115.090
STEP|n=470100000|unique=4856495|accepted=35994435|rate=116739.6/s|walker_min=84.414|walker_med=108.012|walker_max=114.814
STEP|n=470200000|unique=4857280|accepted=35995220|rate=116741.4/s|walker_min=91.088|walker_med=108.221|walker_max=114.939
STEP|n=470300000|unique=4858234|accepted=35996174|rate=116743.3/s|walker_min=87.189|walker_med=105.525|walker_max=114.586
STEP|n=470400000|unique=4859027|accepted=35996967|rate=116744.9/s|walker_min=99.958|walker_med=109.894|walker_max=115.145
STEP|n=470500000|unique=4859770|accepted=35997710|rate=116746.6/s|walker_min=77.526|walker_med=106.433|walker_max=114.634
STEP|n=470600000|unique=4860486|accepted=35998426|rate=116748.3/s|walker_min=68.999|walker_med=106.703|walker_max=114.624
STEP|n=470700000|unique=4861412|accepted=35999352|rate=116750.1/s|walker_min=63.730|walker_med=107.529|walker_max=114.932
STEP|n=470800000|unique=4862511|accepted=36000451|rate=116751.9/s|walker_min=56.850|walker_med=104.252|walker_max=115.104
STEP|n=470900000|unique=4863511|accepted=36001451|rate=116753.4/s|walker_min=73.484|walker_med=100.125|walker_max=113.702
STEP|n=471000000|unique=4864358|accepted=36002298|rate=116754.4/s|walker_min=47.349|walker_med=95.157|walker_max=115.106
STEP|n=471100000|unique=4865267|accepted=36003207|rate=116755.5/s|walker_min=64.586|walker_med=96.868|walker_max=112.895
STEP|n=471200000|unique=4866434|accepted=36004374|rate=116756.9/s|walker_min=76.674|walker_med=99.051|walker_max=114.443
STEP|n=471300000|unique=4867311|accepted=36005251|rate=116758.7/s|walker_min=89.434|walker_med=107.853|walker_max=114.613
STEP|n=471400000|unique=4868256|accepted=36006196|rate=116760.5/s|walker_min=66.123|walker_med=106.456|walker_max=114.322
STEP|n=471500000|unique=4869084|accepted=36007024|rate=116762.4/s|walker_min=75.460|walker_med=111.172|walker_max=114.935
STEP|n=471600000|unique=4870069|accepted=36008009|rate=116764.0/s|walker_min=80.288|walker_med=105.990|walker_max=114.887
STEP|n=471700000|unique=4871066|accepted=36009006|rate=116765.7/s|walker_min=93.540|walker_med=107.312|walker_max=114.935
STEP|n=471800000|unique=4871965|accepted=36009905|rate=116767.5/s|walker_min=86.076|walker_med=105.249|walker_max=114.863
STEP|n=471900000|unique=4872759|accepted=36010699|rate=116769.3/s|walker_min=79.920|walker_med=106.163|walker_max=114.374
STEP|n=472000000|unique=4873605|accepted=36011545|rate=116771.2/s|walker_min=84.396|walker_med=108.830|walker_max=114.551
STEP|n=472100000|unique=4874532|accepted=36012472|rate=116773.0/s|walker_min=79.095|walker_med=106.848|walker_max=114.913
STEP|n=472200000|unique=4875599|accepted=36013539|rate=116774.8/s|walker_min=83.215|walker_med=107.596|walker_max=115.035
STEP|n=472300000|unique=4876440|accepted=36014380|rate=116776.5/s|walker_min=82.624|walker_med=106.084|walker_max=115.093
STEP|n=472400000|unique=4877301|accepted=36015241|rate=116778.3/s|walker_min=82.959|walker_med=107.857|walker_max=114.909
STEP|n=472500000|unique=4878166|accepted=36016106|rate=116780.0/s|walker_min=68.488|walker_med=107.368|walker_max=114.987
STEP|n=472600000|unique=4879091|accepted=36017031|rate=116781.7/s|walker_min=60.714|walker_med=104.432|walker_max=114.286
STEP|n=472700000|unique=4879974|accepted=36017914|rate=116783.5/s|walker_min=73.332|walker_med=103.367|walker_max=113.522
STEP|n=472800000|unique=4880893|accepted=36018833|rate=116785.1/s|walker_min=71.704|walker_med=106.307|walker_max=115.070
STEP|n=472900000|unique=4881918|accepted=36019858|rate=116786.7/s|walker_min=69.634|walker_med=98.538|walker_max=114.855
STEP|n=473000000|unique=4882702|accepted=36020642|rate=116788.0/s|walker_min=56.583|walker_med=93.207|walker_max=114.882
STEP|n=473100000|unique=4883696|accepted=36021636|rate=116789.0/s|walker_min=69.943|walker_med=101.901|walker_max=114.913
STEP|n=473200000|unique=4884668|accepted=36022608|rate=116790.5/s|walker_min=52.654|walker_med=102.494|walker_max=114.910
STEP|n=473300000|unique=4885777|accepted=36023717|rate=116792.1/s|walker_min=82.380|walker_med=104.626|walker_max=114.976
STEP|n=473400000|unique=4886797|accepted=36024737|rate=116793.9/s|walker_min=80.484|walker_med=106.782|walker_max=114.815
STEP|n=473500000|unique=4887721|accepted=36025661|rate=116795.7/s|walker_min=67.255|walker_med=108.783|walker_max=115.146
STEP|n=473600000|unique=4888563|accepted=36026503|rate=116797.4/s|walker_min=92.394|walker_med=109.239|walker_max=114.399
STEP|n=473700000|unique=4889452|accepted=36027392|rate=116799.0/s|walker_min=88.523|walker_med=107.205|walker_max=115.119
STEP|n=473800000|unique=4890360|accepted=36028300|rate=116800.8/s|walker_min=84.172|walker_med=108.310|walker_max=114.602
STEP|n=473900000|unique=4891219|accepted=36029159|rate=116802.6/s|walker_min=81.567|walker_med=108.368|walker_max=114.756
STEP|n=474000000|unique=4892152|accepted=36030092|rate=116804.1/s|walker_min=84.823|walker_med=106.679|walker_max=114.794
STEP|n=474100000|unique=4892957|accepted=36030897|rate=116805.1/s|walker_min=73.149|walker_med=109.089|walker_max=114.499
STEP|n=474200000|unique=4893970|accepted=36031910|rate=116806.7/s|walker_min=76.578|walker_med=105.425|walker_max=115.082
STEP|n=474300000|unique=4894879|accepted=36032819|rate=116808.5/s|walker_min=90.091|walker_med=106.630|walker_max=115.059
STEP|n=474400000|unique=4895769|accepted=36033709|rate=116810.3/s|walker_min=93.088|walker_med=106.656|walker_max=114.130
STEP|n=474500000|unique=4896735|accepted=36034675|rate=116812.0/s|walker_min=81.625|walker_med=105.143|walker_max=114.559
STEP|n=474600000|unique=4897613|accepted=36035553|rate=116813.8/s|walker_min=65.600|walker_med=107.145|walker_max=114.569
STEP|n=474700000|unique=4898608|accepted=36036548|rate=116815.5/s|walker_min=76.305|walker_med=109.581|walker_max=114.898
STEP|n=474800000|unique=4899679|accepted=36037619|rate=116817.3/s|walker_min=76.230|walker_med=101.921|walker_max=115.163
STEP|n=474900000|unique=4900782|accepted=36038722|rate=116818.9/s|walker_min=76.213|walker_med=102.372|walker_max=115.139
STEP|n=475000000|unique=4901718|accepted=36039658|rate=116820.2/s|walker_min=63.166|walker_med=98.911|walker_max=114.210
STEP|n=475100000|unique=4902583|accepted=36040523|rate=116821.6/s|walker_min=63.129|walker_med=101.412|walker_max=114.904
STEP|n=475200000|unique=4903627|accepted=36041567|rate=116823.3/s|walker_min=76.001|walker_med=100.592|walker_max=113.102
STEP|n=475300000|unique=4904643|accepted=36042583|rate=116825.1/s|walker_min=82.820|walker_med=107.936|walker_max=114.457
STEP|n=475400000|unique=4905610|accepted=36043550|rate=116826.9/s|walker_min=82.241|walker_med=102.160|walker_max=114.804
STEP|n=475500000|unique=4906542|accepted=36044482|rate=116828.6/s|walker_min=82.122|walker_med=107.748|walker_max=115.015
STEP|n=475600000|unique=4907564|accepted=36045504|rate=116830.3/s|walker_min=83.274|walker_med=105.320|walker_max=114.823
STEP|n=475700000|unique=4908354|accepted=36046294|rate=116832.2/s|walker_min=88.761|walker_med=106.865|walker_max=114.732
STEP|n=475800000|unique=4909266|accepted=36047206|rate=116834.1/s|walker_min=66.643|walker_med=107.699|walker_max=114.394
STEP|n=475900000|unique=4910153|accepted=36048093|rate=116835.8/s|walker_min=80.360|walker_med=109.771|walker_max=114.905
STEP|n=476000000|unique=4911063|accepted=36049003|rate=116837.7/s|walker_min=67.324|walker_med=105.424|walker_max=115.026
STEP|n=476100000|unique=4912012|accepted=36049952|rate=116839.6/s|walker_min=83.040|walker_med=108.545|walker_max=114.946
STEP|n=476200000|unique=4913038|accepted=36050978|rate=116841.4/s|walker_min=75.722|walker_med=108.890|walker_max=114.951
STEP|n=476300000|unique=4914013|accepted=36051953|rate=116843.1/s|walker_min=84.269|walker_med=106.772|walker_max=114.592
STEP|n=476400000|unique=4914958|accepted=36052898|rate=116844.5/s|walker_min=63.890|walker_med=105.026|walker_max=115.068
STEP|n=476500000|unique=4915865|accepted=36053805|rate=116846.1/s|walker_min=65.048|walker_med=105.686|walker_max=115.136
STEP|n=476600000|unique=4916727|accepted=36054667|rate=116847.8/s|walker_min=77.261|walker_med=104.698|walker_max=115.180
STEP|n=476700000|unique=4917609|accepted=36055549|rate=116849.5/s|walker_min=76.972|walker_med=106.394|walker_max=114.580
STEP|n=476800000|unique=4918442|accepted=36056382|rate=116851.2/s|walker_min=76.032|walker_med=100.029|walker_max=114.848
STEP|n=476900000|unique=4919465|accepted=36057405|rate=116852.5/s|walker_min=68.718|walker_med=92.077|walker_max=115.108
STEP|n=477000000|unique=4920382|accepted=36058322|rate=116853.6/s|walker_min=57.509|walker_med=89.125|walker_max=112.259
STEP|n=477100000|unique=4921278|accepted=36059218|rate=116854.8/s|walker_min=67.446|walker_med=95.156|walker_max=115.074
STEP|n=477200000|unique=4922225|accepted=36060165|rate=116856.3/s|walker_min=82.038|walker_med=106.167|walker_max=115.090
STEP|n=477300000|unique=4923115|accepted=36061055|rate=116857.9/s|walker_min=60.067|walker_med=105.618|walker_max=114.555
STEP|n=477400000|unique=4923954|accepted=36061894|rate=116859.6/s|walker_min=66.886|walker_med=106.883|walker_max=114.494
STEP|n=477500000|unique=4924880|accepted=36062820|rate=116861.1/s|walker_min=70.342|walker_med=108.703|walker_max=114.588
STEP|n=477600000|unique=4925923|accepted=36063863|rate=116863.0/s|walker_min=87.136|walker_med=107.783|walker_max=115.085
STEP|n=477700000|unique=4926789|accepted=36064729|rate=116864.8/s|walker_min=85.285|walker_med=107.826|walker_max=115.121
STEP|n=477800000|unique=4927777|accepted=36065717|rate=116866.8/s|walker_min=86.234|walker_med=109.260|walker_max=115.085
STEP|n=477900000|unique=4928778|accepted=36066718|rate=116868.5/s|walker_min=69.449|walker_med=108.153|walker_max=114.743
STEP|n=478000000|unique=4929813|accepted=36067753|rate=116870.3/s|walker_min=79.674|walker_med=105.110|walker_max=114.271
STEP|n=478100000|unique=4930710|accepted=36068650|rate=116869.2/s|walker_min=92.003|walker_med=112.414|walker_max=115.166
STEP|n=478200000|unique=4931695|accepted=36069635|rate=116871.1/s|walker_min=65.373|walker_med=105.631|walker_max=114.700
STEP|n=478300000|unique=4932570|accepted=36070510|rate=116872.9/s|walker_min=85.992|walker_med=108.818|walker_max=114.894
STEP|n=478400000|unique=4933493|accepted=36071433|rate=116874.7/s|walker_min=65.040|walker_med=105.327|walker_max=114.553
STEP|n=478500000|unique=4934486|accepted=36072426|rate=116876.5/s|walker_min=66.854|walker_med=103.688|walker_max=115.134
STEP|n=478600000|unique=4935472|accepted=36073412|rate=116878.2/s|walker_min=91.061|walker_med=107.934|walker_max=115.127
STEP|n=478700000|unique=4936523|accepted=36074463|rate=116879.9/s|walker_min=60.954|walker_med=106.527|walker_max=114.916
STEP|n=478800000|unique=4937439|accepted=36075379|rate=116881.4/s|walker_min=82.951|walker_med=108.920|walker_max=114.556
STEP|n=478900000|unique=4938418|accepted=36076358|rate=116882.9/s|walker_min=76.429|walker_med=103.746|walker_max=114.881
STEP|n=479000000|unique=4939344|accepted=36077284|rate=116884.2/s|walker_min=66.187|walker_med=92.125|walker_max=113.735
STEP|n=479100000|unique=4940228|accepted=36078168|rate=116885.4/s|walker_min=75.590|walker_med=100.772|walker_max=114.297
STEP|n=479200000|unique=4941327|accepted=36079267|rate=116886.6/s|walker_min=85.581|walker_med=99.790|walker_max=114.506
STEP|n=479300000|unique=4942372|accepted=36080312|rate=116888.1/s|walker_min=86.334|walker_med=106.354|walker_max=115.165
STEP|n=479400000|unique=4943391|accepted=36081331|rate=116889.7/s|walker_min=80.333|walker_med=99.944|walker_max=114.766
STEP|n=479500000|unique=4944267|accepted=36082207|rate=116891.3/s|walker_min=78.892|walker_med=108.406|walker_max=114.832
STEP|n=479600000|unique=4945202|accepted=36083142|rate=116893.0/s|walker_min=65.358|walker_med=108.530|walker_max=115.101
STEP|n=479700000|unique=4946154|accepted=36084094|rate=116894.8/s|walker_min=86.050|walker_med=107.366|walker_max=114.287
STEP|n=479800000|unique=4947038|accepted=36084978|rate=116896.7/s|walker_min=80.818|walker_med=109.182|walker_max=115.121
STEP|n=479900000|unique=4947761|accepted=36085701|rate=116898.5/s|walker_min=89.291|walker_med=108.151|walker_max=114.957
STEP|n=480000000|unique=4948766|accepted=36086706|rate=116900.4/s|walker_min=83.156|walker_med=103.912|walker_max=115.007
STEP|n=480100000|unique=4949700|accepted=36087640|rate=116902.3/s|walker_min=83.400|walker_med=109.724|walker_max=115.056
STEP|n=480200000|unique=4950717|accepted=36088657|rate=116904.0/s|walker_min=89.563|walker_med=104.290|walker_max=114.866
STEP|n=480300000|unique=4951558|accepted=36089498|rate=116905.8/s|walker_min=76.195|walker_med=105.512|walker_max=114.096
STEP|n=480400000|unique=4952366|accepted=36090306|rate=116907.5/s|walker_min=83.405|walker_med=106.103|walker_max=115.160
STEP|n=480500000|unique=4953338|accepted=36091278|rate=116909.2/s|walker_min=76.198|walker_med=105.614|walker_max=114.777
STEP|n=480600000|unique=4954240|accepted=36092180|rate=116910.9/s|walker_min=71.749|walker_med=105.946|walker_max=114.686
STEP|n=480700000|unique=4955073|accepted=36093013|rate=116912.5/s|walker_min=80.830|walker_med=106.273|walker_max=114.829
STEP|n=480800000|unique=4956038|accepted=36093978|rate=116914.0/s|walker_min=76.781|walker_med=100.160|walker_max=114.781
STEP|n=480900000|unique=4956973|accepted=36094913|rate=116915.5/s|walker_min=61.433|walker_med=107.469|walker_max=115.041
STEP|n=481000000|unique=4957975|accepted=36095915|rate=116916.9/s|walker_min=66.170|walker_med=93.758|walker_max=115.042
STEP|n=481100000|unique=4959008|accepted=36096948|rate=116918.3/s|walker_min=70.154|walker_med=101.727|walker_max=114.713
STEP|n=481200000|unique=4959886|accepted=36097826|rate=116919.8/s|walker_min=57.623|walker_med=103.180|walker_max=114.901
STEP|n=481300000|unique=4960858|accepted=36098798|rate=116921.3/s|walker_min=57.997|walker_med=104.169|walker_max=113.349
STEP|n=481400000|unique=4961702|accepted=36099642|rate=116922.9/s|walker_min=77.029|walker_med=106.318|walker_max=115.145
STEP|n=481500000|unique=4962606|accepted=36100546|rate=116924.7/s|walker_min=80.411|walker_med=107.212|walker_max=114.550
STEP|n=481600000|unique=4963510|accepted=36101450|rate=116926.5/s|walker_min=82.071|walker_med=109.110|walker_max=115.015
STEP|n=481700000|unique=4964279|accepted=36102219|rate=116928.2/s|walker_min=71.036|walker_med=105.599|walker_max=115.172
STEP|n=481800000|unique=4965163|accepted=36103103|rate=116929.8/s|walker_min=81.200|walker_med=104.604|walker_max=114.109
STEP|n=481900000|unique=4966051|accepted=36103991|rate=116931.4/s|walker_min=67.515|walker_med=103.722|walker_max=114.714
STEP|n=482000000|unique=4966955|accepted=36104895|rate=116933.2/s|walker_min=85.772|walker_med=109.576|walker_max=114.412
STEP|n=482100000|unique=4967894|accepted=36105834|rate=116935.0/s|walker_min=62.250|walker_med=106.668|walker_max=114.757
STEP|n=482200000|unique=4968751|accepted=36106691|rate=116937.0/s|walker_min=87.516|walker_med=109.274|walker_max=115.144
STEP|n=482300000|unique=4969536|accepted=36107476|rate=116938.7/s|walker_min=75.140|walker_med=105.585|walker_max=115.171
STEP|n=482400000|unique=4970463|accepted=36108403|rate=116940.4/s|walker_min=86.085|walker_med=106.611|walker_max=114.796
STEP|n=482500000|unique=4971408|accepted=36109348|rate=116942.0/s|walker_min=89.407|walker_med=107.055|walker_max=115.171
STEP|n=482600000|unique=4972316|accepted=36110256|rate=116943.9/s|walker_min=81.482|walker_med=104.822|walker_max=115.158
STEP|n=482700000|unique=4973187|accepted=36111127|rate=116945.8/s|walker_min=82.881|walker_med=103.307|walker_max=112.572
STEP|n=482800000|unique=4974209|accepted=36112149|rate=116947.4/s|walker_min=78.906|walker_med=105.316|walker_max=114.864
STEP|n=482900000|unique=4975079|accepted=36113019|rate=116948.8/s|walker_min=56.440|walker_med=97.521|walker_max=113.674
STEP|n=483000000|unique=4975844|accepted=36113784|rate=116949.9/s|walker_min=57.539|walker_med=95.282|walker_max=113.307
STEP|n=483100000|unique=4976724|accepted=36114664|rate=116950.9/s|walker_min=64.172|walker_med=100.528|walker_max=114.594
STEP|n=483200000|unique=4977647|accepted=36115587|rate=116952.4/s|walker_min=74.210|walker_med=102.584|walker_max=115.000
STEP|n=483300000|unique=4978502|accepted=36116442|rate=116954.1/s|walker_min=74.306|walker_med=106.310|walker_max=115.179
STEP|n=483400000|unique=4979377|accepted=36117317|rate=116955.8/s|walker_min=89.226|walker_med=105.107|walker_max=114.121
STEP|n=483500000|unique=4980266|accepted=36118206|rate=116957.5/s|walker_min=91.511|walker_med=108.573|walker_max=115.014
STEP|n=483600000|unique=4981101|accepted=36119041|rate=116959.2/s|walker_min=88.999|walker_med=108.297|walker_max=115.131
STEP|n=483700000|unique=4981945|accepted=36119885|rate=116960.9/s|walker_min=66.044|walker_med=108.745|walker_max=114.538
STEP|n=483800000|unique=4982731|accepted=36120671|rate=116962.8/s|walker_min=82.005|walker_med=108.727|walker_max=115.050
STEP|n=483900000|unique=4983563|accepted=36121503|rate=116964.8/s|walker_min=74.677|walker_med=105.202|walker_max=114.891
STEP|n=484000000|unique=4984422|accepted=36122362|rate=116966.6/s|walker_min=75.933|walker_med=107.788|walker_max=114.452
STEP|n=484100000|unique=4985383|accepted=36123323|rate=116968.3/s|walker_min=76.651|walker_med=104.085|walker_max=115.166
STEP|n=484200000|unique=4986445|accepted=36124385|rate=116969.9/s|walker_min=70.350|walker_med=108.491|walker_max=114.605
STEP|n=484300000|unique=4987339|accepted=36125279|rate=116971.7/s|walker_min=76.151|walker_med=110.436|walker_max=115.089
STEP|n=484400000|unique=4988344|accepted=36126284|rate=116973.3/s|walker_min=68.303|walker_med=108.831|walker_max=114.828
STEP|n=484500000|unique=4989347|accepted=36127287|rate=116974.9/s|walker_min=90.525|walker_med=107.878|walker_max=115.049
STEP|n=484600000|unique=4990261|accepted=36128201|rate=116976.6/s|walker_min=85.772|walker_med=107.687|walker_max=114.646
STEP|n=484700000|unique=4991134|accepted=36129074|rate=116978.3/s|walker_min=78.027|walker_med=103.631|walker_max=115.131
STEP|n=484800000|unique=4992034|accepted=36129974|rate=116979.8/s|walker_min=70.988|walker_med=103.971|walker_max=114.050
STEP|n=484900000|unique=4993052|accepted=36130992|rate=116981.3/s|walker_min=72.721|walker_med=100.335|walker_max=114.609
STEP|n=485000000|unique=4993970|accepted=36131910|rate=116982.3/s|walker_min=60.044|walker_med=93.842|walker_max=114.465
STEP|n=485100000|unique=4994854|accepted=36132794|rate=116983.4/s|walker_min=62.164|walker_med=103.919|walker_max=114.882
STEP|n=485200000|unique=4995729|accepted=36133669|rate=116984.9/s|walker_min=75.195|walker_med=102.779|walker_max=113.839
STEP|n=485300000|unique=4996807|accepted=36134747|rate=116986.5/s|walker_min=77.566|walker_med=108.221|walker_max=115.008
STEP|n=485400000|unique=4997782|accepted=36135722|rate=116988.3/s|walker_min=77.341|walker_med=109.190|walker_max=114.819
STEP|n=485500000|unique=4998806|accepted=36136746|rate=116990.1/s|walker_min=83.346|walker_med=109.585|walker_max=115.032
STEP|n=485600000|unique=4999727|accepted=36137667|rate=116991.9/s|walker_min=82.145|walker_med=107.259|walker_max=114.902
STEP|n=485700000|unique=5000513|accepted=36138453|rate=116993.5/s|walker_min=90.381|walker_med=108.451|walker_max=113.932
STEP|n=485800000|unique=5001423|accepted=36139363|rate=116995.1/s|walker_min=73.083|walker_med=107.023|walker_max=114.792
STEP|n=485900000|unique=5002313|accepted=36140253|rate=116996.9/s|walker_min=98.005|walker_med=109.189|walker_max=114.780
STEP|n=486000000|unique=5003194|accepted=36141134|rate=116998.7/s|walker_min=81.569|walker_med=107.771|walker_max=115.016
STEP|n=486100000|unique=5003922|accepted=36141862|rate=117000.3/s|walker_min=87.624|walker_med=106.215|walker_max=115.170
STEP|n=486200000|unique=5004762|accepted=36142702|rate=117001.9/s|walker_min=85.466|walker_med=111.117|walker_max=114.700
STEP|n=486300000|unique=5005527|accepted=36143467|rate=117003.6/s|walker_min=76.336|walker_med=108.497|walker_max=114.282
STEP|n=486400000|unique=5006339|accepted=36144279|rate=117005.3/s|walker_min=85.923|walker_med=107.920|walker_max=114.562
STEP|n=486500000|unique=5007262|accepted=36145202|rate=117007.0/s|walker_min=75.210|walker_med=105.918|walker_max=114.742
STEP|n=486600000|unique=5008141|accepted=36146081|rate=117008.7/s|walker_min=66.400|walker_med=103.128|walker_max=114.998
STEP|n=486700000|unique=5009021|accepted=36146961|rate=117010.3/s|walker_min=69.782|walker_med=106.086|walker_max=114.815
STEP|n=486800000|unique=5009768|accepted=36147708|rate=117011.9/s|walker_min=55.365|walker_med=103.286|walker_max=115.110
STEP|n=486900000|unique=5010634|accepted=36148574|rate=117013.2/s|walker_min=70.614|walker_med=102.018|walker_max=114.401
STEP|n=487000000|unique=5011504|accepted=36149444|rate=117014.3/s|walker_min=50.364|walker_med=93.344|walker_max=115.064
STEP|n=487100000|unique=5012540|accepted=36150480|rate=117015.5/s|walker_min=52.037|walker_med=99.228|walker_max=114.804
STEP|n=487200000|unique=5013425|accepted=36151365|rate=117016.9/s|walker_min=52.949|walker_med=101.809|walker_max=115.129
STEP|n=487300000|unique=5014226|accepted=36152166|rate=117018.5/s|walker_min=83.553|walker_med=107.168|walker_max=115.040
STEP|n=487400000|unique=5015100|accepted=36153040|rate=117020.3/s|walker_min=77.782|walker_med=103.515|walker_max=115.048
STEP|n=487500000|unique=5016037|accepted=36153977|rate=117022.1/s|walker_min=59.065|walker_med=104.510|walker_max=114.713
STEP|n=487600000|unique=5016957|accepted=36154897|rate=117023.7/s|walker_min=89.177|walker_med=106.723|walker_max=114.917
STEP|n=487700000|unique=5017863|accepted=36155803|rate=117025.5/s|walker_min=66.281|walker_med=103.957|walker_max=114.574
STEP|n=487800000|unique=5018689|accepted=36156629|rate=117027.2/s|walker_min=85.553|walker_med=107.761|walker_max=114.099
STEP|n=487900000|unique=5019699|accepted=36157639|rate=117029.1/s|walker_min=87.771|walker_med=110.391|walker_max=115.001
STEP|n=488000000|unique=5020637|accepted=36158577|rate=117031.1/s|walker_min=77.451|walker_med=105.588|walker_max=114.868
STEP|n=488100000|unique=5021616|accepted=36159556|rate=117032.9/s|walker_min=86.149|walker_med=106.416|walker_max=115.065
STEP|n=488200000|unique=5022550|accepted=36160490|rate=117034.6/s|walker_min=73.855|walker_med=106.122|walker_max=115.055
STEP|n=488300000|unique=5023394|accepted=36161334|rate=117036.2/s|walker_min=83.527|walker_med=107.432|walker_max=115.016
STEP|n=488400000|unique=5024104|accepted=36162044|rate=117037.8/s|walker_min=90.681|walker_med=106.080|walker_max=114.896
STEP|n=488500000|unique=5024896|accepted=36162836|rate=117039.5/s|walker_min=68.379|walker_med=104.618|walker_max=114.969
STEP|n=488600000|unique=5025707|accepted=36163647|rate=117041.1/s|walker_min=87.652|walker_med=104.380|walker_max=114.686
STEP|n=488700000|unique=5026491|accepted=36164431|rate=117042.7/s|walker_min=58.435|walker_med=106.507|walker_max=115.044
STEP|n=488800000|unique=5027403|accepted=36165343|rate=117044.2/s|walker_min=79.357|walker_med=103.384|walker_max=114.218
STEP|n=488900000|unique=5028294|accepted=36166234|rate=117045.5/s|walker_min=72.273|walker_med=100.741|walker_max=114.107
STEP|n=489000000|unique=5029157|accepted=36167097|rate=117046.5/s|walker_min=55.090|walker_med=93.096|walker_max=113.828
STEP|n=489100000|unique=5029965|accepted=36167905|rate=117047.7/s|walker_min=68.792|walker_med=102.551|walker_max=114.774
STEP|n=489200000|unique=5030919|accepted=36168859|rate=117049.1/s|walker_min=85.083|walker_med=104.254|walker_max=114.983
STEP|n=489300000|unique=5031905|accepted=36169845|rate=117050.6/s|walker_min=83.493|walker_med=109.796|walker_max=114.965
STEP|n=489400000|unique=5032798|accepted=36170738|rate=117052.3/s|walker_min=79.466|walker_med=103.029|walker_max=114.847
STEP|n=489500000|unique=5033788|accepted=36171728|rate=117053.9/s|walker_min=67.584|walker_med=105.658|walker_max=115.019
STEP|n=489600000|unique=5034683|accepted=36172623|rate=117055.6/s|walker_min=72.145|walker_med=108.422|walker_max=114.480
STEP|n=489700000|unique=5035560|accepted=36173500|rate=117057.3/s|walker_min=80.971|walker_med=109.921|walker_max=114.890
STEP|n=489800000|unique=5036359|accepted=36174299|rate=117059.0/s|walker_min=86.460|walker_med=108.509|walker_max=114.587
STEP|n=489900000|unique=5037353|accepted=36175293|rate=117060.7/s|walker_min=74.273|walker_med=108.244|walker_max=113.484
STEP|n=490000000|unique=5038437|accepted=36176377|rate=117062.5/s|walker_min=70.463|walker_med=106.435|walker_max=115.024
STEP|n=490100000|unique=5039347|accepted=36177287|rate=117064.2/s|walker_min=63.731|walker_med=107.200|walker_max=114.983
STEP|n=490200000|unique=5040307|accepted=36178247|rate=117065.9/s|walker_min=80.610|walker_med=109.457|walker_max=115.112
STEP|n=490300000|unique=5041188|accepted=36179128|rate=117067.5/s|walker_min=83.438|walker_med=106.878|walker_max=114.434
STEP|n=490400000|unique=5042102|accepted=36180042|rate=117069.2/s|walker_min=76.816|walker_med=109.861|walker_max=114.929
STEP|n=490500000|unique=5042955|accepted=36180895|rate=117070.9/s|walker_min=84.411|walker_med=107.517|walker_max=114.828
STEP|n=490600000|unique=5043751|accepted=36181691|rate=117072.4/s|walker_min=80.944|walker_med=109.772|walker_max=115.030
STEP|n=490700000|unique=5044585|accepted=36182525|rate=117073.9/s|walker_min=76.348|walker_med=108.164|walker_max=114.582
STEP|n=490800000|unique=5045522|accepted=36183462|rate=117075.5/s|walker_min=70.721|walker_med=107.416|walker_max=114.819
STEP|n=490900000|unique=5046375|accepted=36184315|rate=117077.3/s|walker_min=85.486|walker_med=106.164|walker_max=114.980
STEP|n=491000000|unique=5047373|accepted=36185313|rate=117078.4/s|walker_min=54.919|walker_med=99.338|walker_max=114.466
STEP|n=491100000|unique=5048255|accepted=36186195|rate=117079.5/s|walker_min=65.183|walker_med=99.644|walker_max=113.905
STEP|n=491200000|unique=5049151|accepted=36187091|rate=117080.9/s|walker_min=62.675|walker_med=103.202|walker_max=113.925
STEP|n=491300000|unique=5050167|accepted=36188107|rate=117082.3/s|walker_min=68.853|walker_med=109.892|walker_max=115.060
STEP|n=491400000|unique=5051111|accepted=36189051|rate=117084.0/s|walker_min=86.781|walker_med=104.944|walker_max=115.103
STEP|n=491500000|unique=5051922|accepted=36189862|rate=117085.6/s|walker_min=70.286|walker_med=111.916|walker_max=114.689
STEP|n=491600000|unique=5052747|accepted=36190687|rate=117087.3/s|walker_min=84.546|walker_med=108.586|walker_max=114.526
STEP|n=491700000|unique=5053633|accepted=36191573|rate=117089.0/s|walker_min=82.499|walker_med=106.891|walker_max=115.161
STEP|n=491800000|unique=5054537|accepted=36192477|rate=117090.6/s|walker_min=85.859|walker_med=107.417|walker_max=114.845
STEP|n=491900000|unique=5055388|accepted=36193328|rate=117092.3/s|walker_min=90.029|walker_med=107.819|walker_max=115.022
STEP|n=492000000|unique=5056227|accepted=36194167|rate=117093.8/s|walker_min=80.246|walker_med=110.980|walker_max=114.912
STEP|n=492100000|unique=5057061|accepted=36195001|rate=117095.4/s|walker_min=68.044|walker_med=109.662|walker_max=115.123
STEP|n=492200000|unique=5057892|accepted=36195832|rate=117097.1/s|walker_min=66.682|walker_med=107.571|walker_max=114.586
STEP|n=492300000|unique=5058933|accepted=36196873|rate=117098.8/s|walker_min=82.290|walker_med=107.584|walker_max=114.721
STEP|n=492400000|unique=5059855|accepted=36197795|rate=117100.6/s|walker_min=82.417|walker_med=110.713|walker_max=114.671
STEP|n=492500000|unique=5060789|accepted=36198729|rate=117102.2/s|walker_min=77.365|walker_med=107.861|walker_max=114.861
STEP|n=492600000|unique=5061769|accepted=36199709|rate=117103.7/s|walker_min=75.800|walker_med=102.105|walker_max=114.618
STEP|n=492700000|unique=5062759|accepted=36200699|rate=117105.3/s|walker_min=70.266|walker_med=105.441|walker_max=113.537
STEP|n=492800000|unique=5063836|accepted=36201776|rate=117107.0/s|walker_min=78.868|walker_med=105.962|walker_max=115.014
STEP|n=492900000|unique=5064929|accepted=36202869|rate=117105.5/s|walker_min=57.832|walker_med=97.468|walker_max=113.630
STEP|n=493000000|unique=5066042|accepted=36203982|rate=117106.7/s|walker_min=49.930|walker_med=90.682|walker_max=114.851
STEP|n=493100000|unique=5067017|accepted=36204957|rate=117107.8/s|walker_min=64.845|walker_med=103.690|walker_max=114.605
STEP|n=493200000|unique=5067910|accepted=36205850|rate=117109.2/s|walker_min=69.264|walker_med=104.015|walker_max=114.167
STEP|n=493300000|unique=5068777|accepted=36206717|rate=117110.8/s|walker_min=72.602|walker_med=99.452|walker_max=115.094
STEP|n=493400000|unique=5069699|accepted=36207639|rate=117112.5/s|walker_min=65.004|walker_med=103.948|walker_max=114.671
STEP|n=493500000|unique=5070619|accepted=36208559|rate=117114.2/s|walker_min=71.497|walker_med=106.818|walker_max=115.068
STEP|n=493600000|unique=5071482|accepted=36209422|rate=117115.7/s|walker_min=81.786|walker_med=106.695|walker_max=114.724
STEP|n=493700000|unique=5072443|accepted=36210383|rate=117117.4/s|walker_min=68.778|walker_med=108.782|walker_max=114.980
STEP|n=493800000|unique=5073280|accepted=36211220|rate=117119.1/s|walker_min=84.395|walker_med=109.407|walker_max=115.005
STEP|n=493900000|unique=5074197|accepted=36212137|rate=117120.8/s|walker_min=82.973|walker_med=108.931|walker_max=114.739
STEP|n=494000000|unique=5075020|accepted=36212960|rate=117122.5/s|walker_min=91.252|walker_med=108.751|walker_max=114.276
STEP|n=494100000|unique=5075878|accepted=36213818|rate=117124.3/s|walker_min=81.311|walker_med=108.770|walker_max=115.165
STEP|n=494200000|unique=5076719|accepted=36214659|rate=117126.0/s|walker_min=92.612|walker_med=109.725|walker_max=115.165
STEP|n=494300000|unique=5077486|accepted=36215426|rate=117127.5/s|walker_min=51.818|walker_med=106.173|walker_max=114.463
STEP|n=494400000|unique=5078345|accepted=36216285|rate=117129.1/s|walker_min=92.155|walker_med=106.762|walker_max=114.473
STEP|n=494500000|unique=5079203|accepted=36217143|rate=117130.7/s|walker_min=79.342|walker_med=109.268|walker_max=115.097
STEP|n=494600000|unique=5080043|accepted=36217983|rate=117132.4/s|walker_min=65.669|walker_med=108.530|walker_max=114.719
STEP|n=494700000|unique=5080937|accepted=36218877|rate=117134.0/s|walker_min=65.451|walker_med=107.066|walker_max=114.122
STEP|n=494800000|unique=5081900|accepted=36219840|rate=117135.5/s|walker_min=75.424|walker_med=103.545|walker_max=114.944
STEP|n=494900000|unique=5082988|accepted=36220928|rate=117137.0/s|walker_min=71.037|walker_med=105.259|walker_max=114.557
STEP|n=495000000|unique=5083892|accepted=36221832|rate=117138.4/s|walker_min=61.509|walker_med=98.943|walker_max=112.563
STEP|n=495100000|unique=5084718|accepted=36222658|rate=117139.6/s|walker_min=76.426|walker_med=102.404|walker_max=114.594
STEP|n=495200000|unique=5085665|accepted=36223605|rate=117140.9/s|walker_min=75.941|walker_med=107.503|walker_max=114.864
STEP|n=495300000|unique=5086595|accepted=36224535|rate=117142.4/s|walker_min=81.791|walker_med=106.083|walker_max=114.654
STEP|n=495400000|unique=5087567|accepted=36225507|rate=117144.1/s|walker_min=88.717|walker_med=104.570|walker_max=114.464
STEP|n=495500000|unique=5088342|accepted=36226282|rate=117145.8/s|walker_min=78.989|walker_med=108.002|walker_max=115.013
STEP|n=495600000|unique=5089280|accepted=36227220|rate=117147.5/s|walker_min=83.459|walker_med=106.460|walker_max=115.128
STEP|n=495700000|unique=5090232|accepted=36228172|rate=117149.2/s|walker_min=75.195|walker_med=106.096|walker_max=114.406
STEP|n=495800000|unique=5091244|accepted=36229184|rate=117151.0/s|walker_min=83.519|walker_med=108.033|walker_max=114.217
STEP|n=495900000|unique=5092060|accepted=36230000|rate=117152.6/s|walker_min=82.052|walker_med=108.223|walker_max=115.140
STEP|n=496000000|unique=5092860|accepted=36230800|rate=117154.3/s|walker_min=74.517|walker_med=106.690|walker_max=114.960
STEP|n=496100000|unique=5093679|accepted=36231619|rate=117156.0/s|walker_min=69.123|walker_med=108.622|walker_max=115.063
STEP|n=496200000|unique=5094720|accepted=36232660|rate=117157.8/s|walker_min=88.917|walker_med=106.502|walker_max=115.152
STEP|n=496300000|unique=5095481|accepted=36233421|rate=117159.4/s|walker_min=66.375|walker_med=108.255|walker_max=115.049
STEP|n=496400000|unique=5096285|accepted=36234225|rate=117161.2/s|walker_min=94.518|walker_med=108.368|walker_max=115.155
STEP|n=496500000|unique=5097221|accepted=36235161|rate=117162.8/s|walker_min=82.811|walker_med=105.142|walker_max=114.676
STEP|n=496600000|unique=5098036|accepted=36235976|rate=117164.6/s|walker_min=80.527|walker_med=103.699|walker_max=114.322
STEP|n=496700000|unique=5098956|accepted=36236896|rate=117166.2/s|walker_min=57.044|walker_med=109.229|walker_max=115.129
STEP|n=496800000|unique=5099763|accepted=36237703|rate=117167.7/s|walker_min=50.339|walker_med=103.931|walker_max=113.915
STEP|n=496900000|unique=5100655|accepted=36238595|rate=117169.3/s|walker_min=59.397|walker_med=106.443|walker_max=114.893
STEP|n=497000000|unique=5101488|accepted=36239428|rate=117170.5/s|walker_min=53.224|walker_med=92.894|walker_max=113.730
STEP|n=497100000|unique=5102393|accepted=36240333|rate=117171.7/s|walker_min=77.785|walker_med=99.634|walker_max=114.365
STEP|n=497200000|unique=5103210|accepted=36241150|rate=117173.1/s|walker_min=60.615|walker_med=104.453|walker_max=114.522
STEP|n=497300000|unique=5104051|accepted=36241991|rate=117174.6/s|walker_min=84.284|walker_med=106.466|walker_max=115.067
STEP|n=497400000|unique=5104856|accepted=36242796|rate=117176.2/s|walker_min=64.955|walker_med=107.115|walker_max=115.005
STEP|n=497500000|unique=5105656|accepted=36243596|rate=117177.9/s|walker_min=79.453|walker_med=103.357|walker_max=115.003
STEP|n=497600000|unique=5106476|accepted=36244416|rate=117179.5/s|walker_min=87.752|walker_med=105.217|walker_max=115.107
STEP|n=497700000|unique=5107305|accepted=36245245|rate=117180.9/s|walker_min=70.526|walker_med=106.864|walker_max=114.108
STEP|n=497800000|unique=5108201|accepted=36246141|rate=117182.5/s|walker_min=86.253|walker_med=110.075|walker_max=114.915
STEP|n=497900000|unique=5109043|accepted=36246983|rate=117184.0/s|walker_min=98.040|walker_med=109.559|walker_max=115.170
STEP|n=498000000|unique=5110051|accepted=36247991|rate=117185.8/s|walker_min=84.914|walker_med=107.943|walker_max=114.906
STEP|n=498100000|unique=5111020|accepted=36248960|rate=117187.4/s|walker_min=77.410|walker_med=109.570|walker_max=115.149
STEP|n=498200000|unique=5111932|accepted=36249872|rate=117189.1/s|walker_min=81.314|walker_med=104.175|walker_max=115.116
STEP|n=498300000|unique=5112961|accepted=36250901|rate=117190.7/s|walker_min=76.151|walker_med=106.920|walker_max=114.803
STEP|n=498400000|unique=5113852|accepted=36251792|rate=117192.4/s|walker_min=92.030|walker_med=107.864|walker_max=115.152
STEP|n=498500000|unique=5114755|accepted=36252695|rate=117194.1/s|walker_min=80.339|walker_med=109.160|walker_max=115.143
STEP|n=498600000|unique=5115657|accepted=36253597|rate=117195.7/s|walker_min=85.944|walker_med=105.896|walker_max=114.996
STEP|n=498700000|unique=5116525|accepted=36254465|rate=117197.2/s|walker_min=71.773|walker_med=103.668|walker_max=115.056
STEP|n=498800000|unique=5117289|accepted=36255229|rate=117198.5/s|walker_min=75.012|walker_med=100.353|walker_max=114.682
STEP|n=498900000|unique=5118289|accepted=36256229|rate=117199.8/s|walker_min=63.339|walker_med=101.310|walker_max=114.334
STEP|n=499000000|unique=5119213|accepted=36257153|rate=117200.8/s|walker_min=61.845|walker_med=93.330|walker_max=113.917
STEP|n=499100000|unique=5120008|accepted=36257948|rate=117201.9/s|walker_min=64.120|walker_med=100.373|walker_max=114.011
STEP|n=499200000|unique=5120900|accepted=36258840|rate=117203.2/s|walker_min=71.618|walker_med=99.963|walker_max=113.505
STEP|n=499300000|unique=5121782|accepted=36259722|rate=117204.7/s|walker_min=68.108|walker_med=106.169|walker_max=114.553
STEP|n=499400000|unique=5122739|accepted=36260679|rate=117206.4/s|walker_min=71.909|walker_med=108.639|walker_max=115.036
STEP|n=499500000|unique=5123563|accepted=36261503|rate=117207.8/s|walker_min=87.062|walker_med=109.426|walker_max=114.955
STEP|n=499600000|unique=5124482|accepted=36262422|rate=117209.5/s|walker_min=65.124|walker_med=107.127|walker_max=115.109
STEP|n=499700000|unique=5125203|accepted=36263143|rate=117211.1/s|walker_min=77.323|walker_med=107.908|walker_max=115.151
STEP|n=499800000|unique=5126063|accepted=36264003|rate=117212.9/s|walker_min=90.958|walker_med=107.851|walker_max=115.149
STEP|n=499900000|unique=5126862|accepted=36264802|rate=117214.4/s|walker_min=89.599|walker_med=108.552|walker_max=114.767
STEP|n=500000000|unique=5127664|accepted=36265604|rate=117215.9/s|walker_min=74.424|walker_med=109.934|walker_max=115.087
CHECKPOINT|step=500000000|unique=5127664|saved=3000000|min=46.3601|max=109.17
STEP|n=500100000|unique=5128602|accepted=36266542|rate=117002.1/s|walker_min=80.761|walker_med=110.707|walker_max=115.041
STEP|n=500200000|unique=5129433|accepted=36267373|rate=117003.7/s|walker_min=84.604|walker_med=109.474|walker_max=114.858
STEP|n=500300000|unique=5130392|accepted=36268332|rate=117002.4/s|walker_min=72.678|walker_med=103.926|walker_max=114.852
STEP|n=500400000|unique=5131210|accepted=36269150|rate=117004.0/s|walker_min=83.453|walker_med=104.534|walker_max=114.957
STEP|n=500500000|unique=5132112|accepted=36270052|rate=117005.5/s|walker_min=87.130|walker_med=105.430|walker_max=112.214
STEP|n=500600000|unique=5132930|accepted=36270870|rate=117007.1/s|walker_min=63.500|walker_med=105.434|walker_max=114.679
STEP|n=500700000|unique=5133849|accepted=36271789|rate=117008.7/s|walker_min=87.172|walker_med=104.612|walker_max=112.708
STEP|n=500800000|unique=5134849|accepted=36272789|rate=117010.4/s|walker_min=70.777|walker_med=99.850|walker_max=114.859
STEP|n=500900000|unique=5135679|accepted=36273619|rate=117011.9/s|walker_min=63.167|walker_med=99.765|walker_max=114.731
STEP|n=501000000|unique=5136462|accepted=36274402|rate=117013.0/s|walker_min=53.637|walker_med=99.893|walker_max=113.026
STEP|n=501100000|unique=5137326|accepted=36275266|rate=117014.1/s|walker_min=76.925|walker_med=104.028|walker_max=114.260
STEP|n=501200000|unique=5138247|accepted=36276187|rate=117015.3/s|walker_min=68.490|walker_med=100.413|walker_max=115.152
STEP|n=501300000|unique=5139041|accepted=36276981|rate=117016.9/s|walker_min=78.255|walker_med=103.442|walker_max=114.782
STEP|n=501400000|unique=5139957|accepted=36277897|rate=117018.6/s|walker_min=84.783|walker_med=107.877|walker_max=114.599
STEP|n=501500000|unique=5140898|accepted=36278838|rate=117020.2/s|walker_min=84.303|walker_med=106.938|walker_max=114.786
STEP|n=501600000|unique=5141722|accepted=36279662|rate=117021.8/s|walker_min=81.755|walker_med=103.333|walker_max=114.723
STEP|n=501700000|unique=5142531|accepted=36280471|rate=117023.4/s|walker_min=81.713|walker_med=106.136|walker_max=114.159
STEP|n=501800000|unique=5143480|accepted=36281420|rate=117025.0/s|walker_min=76.251|walker_med=106.493|walker_max=115.161
STEP|n=501900000|unique=5144462|accepted=36282402|rate=117026.2/s|walker_min=80.567|walker_med=107.224|walker_max=113.554
STEP|n=502000000|unique=5145315|accepted=36283255|rate=117027.9/s|walker_min=86.083|walker_med=109.089|walker_max=114.111
STEP|n=502100000|unique=5146220|accepted=36284160|rate=117029.4/s|walker_min=80.964|walker_med=108.200|walker_max=114.730
STEP|n=502200000|unique=5147131|accepted=36285071|rate=117031.0/s|walker_min=82.988|walker_med=108.138|walker_max=115.167
STEP|n=502300000|unique=5147993|accepted=36285933|rate=117032.7/s|walker_min=68.518|walker_med=102.345|walker_max=114.954
STEP|n=502400000|unique=5148877|accepted=36286817|rate=117034.3/s|walker_min=88.766|walker_med=107.213|walker_max=114.987
STEP|n=502500000|unique=5149795|accepted=36287735|rate=117035.9/s|walker_min=86.671|walker_med=104.430|walker_max=115.092
STEP|n=502600000|unique=5150733|accepted=36288673|rate=117037.5/s|walker_min=79.578|walker_med=104.008|walker_max=115.049
STEP|n=502700000|unique=5151544|accepted=36289484|rate=117039.1/s|walker_min=85.309|walker_med=106.610|walker_max=114.953
STEP|n=502800000|unique=5152589|accepted=36290529|rate=117040.7/s|walker_min=77.095|walker_med=106.742|walker_max=114.073
STEP|n=502900000|unique=5153435|accepted=36291375|rate=117042.2/s|walker_min=77.730|walker_med=102.413|walker_max=114.179
STEP|n=503000000|unique=5154276|accepted=36292216|rate=117043.2/s|walker_min=51.849|walker_med=96.674|walker_max=114.853
STEP|n=503100000|unique=5155047|accepted=36292987|rate=117044.2/s|walker_min=62.499|walker_med=102.658|walker_max=114.982
STEP|n=503200000|unique=5155882|accepted=36293822|rate=117045.5/s|walker_min=78.039|walker_med=102.914|walker_max=114.622
STEP|n=503300000|unique=5156975|accepted=36294915|rate=117047.2/s|walker_min=85.597|walker_med=106.273|walker_max=114.918
STEP|n=503400000|unique=5158013|accepted=36295953|rate=117048.7/s|walker_min=74.111|walker_med=106.656|walker_max=114.924
STEP|n=503500000|unique=5158973|accepted=36296913|rate=117050.4/s|walker_min=79.083|walker_med=108.153|walker_max=114.740
STEP|n=503600000|unique=5159871|accepted=36297811|rate=117052.0/s|walker_min=92.018|walker_med=106.064|walker_max=115.124
STEP|n=503700000|unique=5160600|accepted=36298540|rate=117053.7/s|walker_min=75.678|walker_med=107.303|walker_max=115.147
STEP|n=503800000|unique=5161279|accepted=36299219|rate=117055.2/s|walker_min=85.388|walker_med=108.214|walker_max=114.873
STEP|n=503900000|unique=5162024|accepted=36299964|rate=117056.9/s|walker_min=92.220|walker_med=109.228|walker_max=115.161
STEP|n=504000000|unique=5162845|accepted=36300785|rate=117058.5/s|walker_min=74.888|walker_med=107.261|walker_max=114.255
STEP|n=504100000|unique=5163642|accepted=36301582|rate=117060.2/s|walker_min=62.687|walker_med=106.729|walker_max=114.990
STEP|n=504200000|unique=5164405|accepted=36302345|rate=117061.9/s|walker_min=90.009|walker_med=106.608|walker_max=114.938
STEP|n=504300000|unique=5165222|accepted=36303162|rate=117063.5/s|walker_min=90.236|walker_med=105.862|walker_max=114.818
STEP|n=504400000|unique=5166123|accepted=36304063|rate=117065.1/s|walker_min=82.916|walker_med=103.270|walker_max=115.101
STEP|n=504500000|unique=5166973|accepted=36304913|rate=117066.7/s|walker_min=86.240|walker_med=110.050|walker_max=114.591
STEP|n=504600000|unique=5167754|accepted=36305694|rate=117068.3/s|walker_min=79.572|walker_med=107.281|walker_max=114.967
STEP|n=504700000|unique=5168704|accepted=36306644|rate=117069.9/s|walker_min=86.471|walker_med=106.615|walker_max=115.127
STEP|n=504800000|unique=5169500|accepted=36307440|rate=117071.4/s|walker_min=61.945|walker_med=100.706|walker_max=114.641
STEP|n=504900000|unique=5170460|accepted=36308400|rate=117072.8/s|walker_min=61.051|walker_med=101.355|walker_max=112.939
STEP|n=505000000|unique=5171304|accepted=36309244|rate=117073.9/s|walker_min=51.184|walker_med=92.777|walker_max=115.079
STEP|n=505100000|unique=5172155|accepted=36310095|rate=117074.9/s|walker_min=61.069|walker_med=102.809|walker_max=115.052
STEP|n=505200000|unique=5173083|accepted=36311023|rate=117076.3/s|walker_min=82.126|walker_med=107.901|walker_max=114.864
STEP|n=505300000|unique=5173943|accepted=36311883|rate=117077.7/s|walker_min=76.106|walker_med=106.928|walker_max=115.154
STEP|n=505400000|unique=5174623|accepted=36312563|rate=117079.3/s|walker_min=81.994|walker_med=104.553|walker_max=115.077
STEP|n=505500000|unique=5175542|accepted=36313482|rate=117081.1/s|walker_min=49.433|walker_med=105.293|walker_max=114.651
STEP|n=505600000|unique=5176504|accepted=36314444|rate=117082.8/s|walker_min=78.896|walker_med=107.113|walker_max=114.721
STEP|n=505700000|unique=5177362|accepted=36315302|rate=117084.5/s|walker_min=83.504|walker_med=105.483|walker_max=114.675
STEP|n=505800000|unique=5178227|accepted=36316167|rate=117086.1/s|walker_min=73.282|walker_med=108.429|walker_max=114.981
STEP|n=505900000|unique=5179177|accepted=36317117|rate=117087.7/s|walker_min=78.744|walker_med=107.982|walker_max=114.923
STEP|n=506000000|unique=5179952|accepted=36317892|rate=117089.3/s|walker_min=84.864|walker_med=105.880|walker_max=114.612
STEP|n=506100000|unique=5180803|accepted=36318743|rate=117090.9/s|walker_min=67.634|walker_med=107.205|walker_max=115.048
STEP|n=506200000|unique=5181644|accepted=36319584|rate=117092.6/s|walker_min=85.248|walker_med=105.608|walker_max=114.018
STEP|n=506300000|unique=5182506|accepted=36320446|rate=117094.2/s|walker_min=80.368|walker_med=106.984|walker_max=114.458
STEP|n=506400000|unique=5183239|accepted=36321179|rate=117095.9/s|walker_min=75.875|walker_med=103.900|walker_max=115.071
STEP|n=506500000|unique=5184032|accepted=36321972|rate=117097.4/s|walker_min=76.272|walker_med=105.145|walker_max=115.137
STEP|n=506600000|unique=5184937|accepted=36322877|rate=117098.9/s|walker_min=80.192|walker_med=107.181|walker_max=114.653
STEP|n=506700000|unique=5185802|accepted=36323742|rate=117100.4/s|walker_min=83.721|walker_med=102.579|walker_max=114.068
STEP|n=506800000|unique=5186601|accepted=36324541|rate=117101.8/s|walker_min=78.090|walker_med=107.633|walker_max=115.153
STEP|n=506900000|unique=5187467|accepted=36325407|rate=117103.2/s|walker_min=73.014|walker_med=105.518|walker_max=114.974
STEP|n=507000000|unique=5188251|accepted=36326191|rate=117104.2/s|walker_min=54.530|walker_med=88.857|walker_max=111.222
STEP|n=507100000|unique=5189008|accepted=36326948|rate=117104.9/s|walker_min=53.413|walker_med=104.668|walker_max=113.520
STEP|n=507200000|unique=5189852|accepted=36327792|rate=117106.2/s|walker_min=70.811|walker_med=107.332|walker_max=115.142
STEP|n=507300000|unique=5190754|accepted=36328694|rate=117107.7/s|walker_min=85.500|walker_med=105.455|walker_max=114.774
STEP|n=507400000|unique=5191673|accepted=36329613|rate=117109.3/s|walker_min=76.231|walker_med=106.118|walker_max=114.570
STEP|n=507500000|unique=5192585|accepted=36330525|rate=117110.9/s|walker_min=83.411|walker_med=107.348|walker_max=114.324
STEP|n=507600000|unique=5193402|accepted=36331342|rate=117112.6/s|walker_min=80.186|walker_med=107.507|walker_max=114.667
STEP|n=507700000|unique=5194192|accepted=36332132|rate=117114.4/s|walker_min=80.073|walker_med=107.938|walker_max=114.782
STEP|n=507800000|unique=5194993|accepted=36332933|rate=117116.0/s|walker_min=85.008|walker_med=108.944|walker_max=114.954
STEP|n=507900000|unique=5195782|accepted=36333722|rate=117117.4/s|walker_min=86.994|walker_med=107.544|walker_max=114.816
STEP|n=508000000|unique=5196559|accepted=36334499|rate=117119.0/s|walker_min=90.302|walker_med=107.372|walker_max=114.564
STEP|n=508100000|unique=5197401|accepted=36335341|rate=117120.6/s|walker_min=90.119|walker_med=108.510|walker_max=114.720
STEP|n=508200000|unique=5198333|accepted=36336273|rate=117122.2/s|walker_min=86.011|walker_med=106.671|walker_max=115.051
STEP|n=508300000|unique=5199179|accepted=36337119|rate=117124.1/s|walker_min=72.749|walker_med=104.872|walker_max=114.844
STEP|n=508400000|unique=5200075|accepted=36338015|rate=117125.9/s|walker_min=73.828|walker_med=107.389|walker_max=115.056
STEP|n=508500000|unique=5200883|accepted=36338823|rate=117127.3/s|walker_min=82.844|walker_med=107.660|walker_max=115.118
STEP|n=508600000|unique=5201660|accepted=36339600|rate=117128.6/s|walker_min=80.735|walker_med=109.817|walker_max=114.546
STEP|n=508700000|unique=5202382|accepted=36340322|rate=117130.0/s|walker_min=68.621|walker_med=107.635|walker_max=114.648
STEP|n=508800000|unique=5203234|accepted=36341174|rate=117131.5/s|walker_min=75.535|walker_med=100.844|walker_max=114.453
STEP|n=508900000|unique=5203974|accepted=36341914|rate=117132.8/s|walker_min=56.672|walker_med=105.116|walker_max=114.862
STEP|n=509000000|unique=5204769|accepted=36342709|rate=117134.0/s|walker_min=61.503|walker_med=90.441|walker_max=115.020
STEP|n=509100000|unique=5205533|accepted=36343473|rate=117134.8/s|walker_min=54.159|walker_med=99.986|walker_max=114.003
STEP|n=509200000|unique=5206235|accepted=36344175|rate=117136.1/s|walker_min=69.347|walker_med=100.863|walker_max=114.968
STEP|n=509300000|unique=5207071|accepted=36345011|rate=117137.6/s|walker_min=74.180|walker_med=110.201|walker_max=115.086
STEP|n=509400000|unique=5208007|accepted=36345947|rate=117139.1/s|walker_min=82.888|walker_med=107.642|walker_max=115.042
STEP|n=509500000|unique=5208790|accepted=36346730|rate=117140.7/s|walker_min=87.757|walker_med=109.158|walker_max=114.663
STEP|n=509600000|unique=5209633|accepted=36347573|rate=117142.4/s|walker_min=77.104|walker_med=107.737|walker_max=114.969
STEP|n=509700000|unique=5210485|accepted=36348425|rate=117144.1/s|walker_min=89.099|walker_med=108.361|walker_max=114.921
STEP|n=509800000|unique=5211221|accepted=36349161|rate=117145.8/s|walker_min=81.564|walker_med=105.826|walker_max=114.056
STEP|n=509900000|unique=5212105|accepted=36350045|rate=117147.4/s|walker_min=92.947|walker_med=109.190|walker_max=115.039
STEP|n=510000000|unique=5212921|accepted=36350861|rate=117149.0/s|walker_min=72.417|walker_med=109.551|walker_max=114.863
STEP|n=510100000|unique=5213844|accepted=36351784|rate=117150.7/s|walker_min=89.475|walker_med=105.112|walker_max=114.707
STEP|n=510200000|unique=5214691|accepted=36352631|rate=117152.4/s|walker_min=85.147|walker_med=109.450|walker_max=114.893
STEP|n=510300000|unique=5215630|accepted=36353570|rate=117154.1/s|walker_min=81.480|walker_med=107.680|walker_max=114.841
STEP|n=510400000|unique=5216500|accepted=36354440|rate=117155.8/s|walker_min=81.428|walker_med=105.289|walker_max=114.914
STEP|n=510500000|unique=5217425|accepted=36355365|rate=117157.4/s|walker_min=63.920|walker_med=105.392|walker_max=115.116
STEP|n=510600000|unique=5218241|accepted=36356181|rate=117159.0/s|walker_min=73.019|walker_med=106.964|walker_max=113.904
STEP|n=510700000|unique=5219131|accepted=36357071|rate=117160.4/s|walker_min=89.242|walker_med=107.702|walker_max=114.673
STEP|n=510800000|unique=5220148|accepted=36358088|rate=117161.9/s|walker_min=74.311|walker_med=104.027|walker_max=114.321
STEP|n=510900000|unique=5221136|accepted=36359076|rate=117163.3/s|walker_min=65.503|walker_med=95.137|walker_max=112.964
STEP|n=511000000|unique=5222037|accepted=36359977|rate=117164.4/s|walker_min=66.328|walker_med=94.108|walker_max=112.990
STEP|n=511100000|unique=5222894|accepted=36360834|rate=117165.5/s|walker_min=53.583|walker_med=100.257|walker_max=115.144
STEP|n=511200000|unique=5223842|accepted=36361782|rate=117166.8/s|walker_min=76.718|walker_med=103.541|walker_max=113.133
STEP|n=511300000|unique=5224763|accepted=36362703|rate=117168.4/s|walker_min=69.264|walker_med=104.727|walker_max=114.053
STEP|n=511400000|unique=5225582|accepted=36363522|rate=117169.8/s|walker_min=87.904|walker_med=108.509|walker_max=114.570
STEP|n=511500000|unique=5226343|accepted=36364283|rate=117171.3/s|walker_min=71.071|walker_med=105.544|walker_max=115.053
STEP|n=511600000|unique=5227274|accepted=36365214|rate=117173.0/s|walker_min=83.511|walker_med=106.770|walker_max=115.110
STEP|n=511700000|unique=5228137|accepted=36366077|rate=117174.6/s|walker_min=76.630|walker_med=108.120|walker_max=115.173
STEP|n=511800000|unique=5229130|accepted=36367070|rate=117176.2/s|walker_min=83.941|walker_med=106.212|walker_max=114.674
STEP|n=511900000|unique=5229875|accepted=36367815|rate=117177.8/s|walker_min=82.459|walker_med=108.907|walker_max=114.703
STEP|n=512000000|unique=5230617|accepted=36368557|rate=117179.2/s|walker_min=73.526|walker_med=107.063|walker_max=114.975
STEP|n=512100000|unique=5231445|accepted=36369385|rate=117180.8/s|walker_min=83.347|walker_med=108.360|walker_max=114.174
STEP|n=512200000|unique=5232126|accepted=36370066|rate=117182.3/s|walker_min=87.367|walker_med=108.626|walker_max=115.060
STEP|n=512300000|unique=5232802|accepted=36370742|rate=117183.9/s|walker_min=61.445|walker_med=105.364|walker_max=114.720
STEP|n=512400000|unique=5233776|accepted=36371716|rate=117185.5/s|walker_min=69.949|walker_med=108.565|walker_max=114.875
STEP|n=512500000|unique=5234728|accepted=36372668|rate=117186.9/s|walker_min=84.258|walker_med=108.482|walker_max=114.483
STEP|n=512600000|unique=5235635|accepted=36373575|rate=117188.5/s|walker_min=57.223|walker_med=105.065|walker_max=115.072
STEP|n=512700000|unique=5236669|accepted=36374609|rate=117190.0/s|walker_min=73.252|walker_med=104.159|walker_max=114.325
STEP|n=512800000|unique=5237452|accepted=36375392|rate=117191.5/s|walker_min=71.428|walker_med=101.748|walker_max=115.106
STEP|n=512900000|unique=5238154|accepted=36376094|rate=117192.7/s|walker_min=63.499|walker_med=101.143|walker_max=114.906
STEP|n=513000000|unique=5239094|accepted=36377034|rate=117193.8/s|walker_min=61.913|walker_med=95.223|walker_max=111.473
STEP|n=513100000|unique=5239843|accepted=36377783|rate=117194.9/s|walker_min=63.236|walker_med=98.166|walker_max=114.463
STEP|n=513200000|unique=5240720|accepted=36378660|rate=117196.2/s|walker_min=78.397|walker_med=103.717|walker_max=114.444
STEP|n=513300000|unique=5241605|accepted=36379545|rate=117197.7/s|walker_min=69.212|walker_med=104.661|walker_max=115.000
STEP|n=513400000|unique=5242311|accepted=36380251|rate=117199.1/s|walker_min=79.226|walker_med=108.446|walker_max=114.555
STEP|n=513500000|unique=5243144|accepted=36381084|rate=117200.3/s|walker_min=82.762|walker_med=103.227|walker_max=115.063
STEP|n=513600000|unique=5243875|accepted=36381815|rate=117201.8/s|walker_min=97.603|walker_med=107.802|walker_max=115.131
STEP|n=513700000|unique=5244647|accepted=36382587|rate=117203.3/s|walker_min=75.295|walker_med=108.141|walker_max=114.965
STEP|n=513800000|unique=5245572|accepted=36383512|rate=117205.0/s|walker_min=75.778|walker_med=104.447|walker_max=114.716
STEP|n=513900000|unique=5246488|accepted=36384428|rate=117206.5/s|walker_min=86.973|walker_med=108.952|walker_max=115.148
STEP|n=514000000|unique=5247385|accepted=36385325|rate=117207.7/s|walker_min=73.756|walker_med=105.398|walker_max=114.557
STEP|n=514100000|unique=5248256|accepted=36386196|rate=117209.2/s|walker_min=92.862|walker_med=108.123|walker_max=115.135
STEP|n=514200000|unique=5249017|accepted=36386957|rate=117210.7/s|walker_min=84.698|walker_med=107.343|walker_max=114.537
STEP|n=514300000|unique=5249877|accepted=36387817|rate=117212.2/s|walker_min=88.800|walker_med=107.580|walker_max=114.941
STEP|n=514400000|unique=5250833|accepted=36388773|rate=117213.8/s|walker_min=71.466|walker_med=109.005|walker_max=115.066
STEP|n=514500000|unique=5251729|accepted=36389669|rate=117215.3/s|walker_min=59.848|walker_med=108.346|walker_max=115.033
STEP|n=514600000|unique=5252549|accepted=36390489|rate=117216.9/s|walker_min=74.085|walker_med=105.999|walker_max=114.269
STEP|n=514700000|unique=5253417|accepted=36391357|rate=117218.3/s|walker_min=62.891|walker_med=105.189|walker_max=114.844
STEP|n=514800000|unique=5254261|accepted=36392201|rate=117219.8/s|walker_min=65.646|walker_med=101.918|walker_max=113.316
STEP|n=514900000|unique=5255187|accepted=36393127|rate=117221.1/s|walker_min=58.155|walker_med=97.976|walker_max=114.213
STEP|n=515000000|unique=5255960|accepted=36393900|rate=117222.0/s|walker_min=62.032|walker_med=98.422|walker_max=114.741
STEP|n=515100000|unique=5256677|accepted=36394617|rate=117222.8/s|walker_min=55.276|walker_med=93.708|walker_max=115.181
STEP|n=515200000|unique=5257481|accepted=36395421|rate=117224.2/s|walker_min=82.817|walker_med=103.646|walker_max=115.125
STEP|n=515300000|unique=5258371|accepted=36396311|rate=117225.6/s|walker_min=89.724|walker_med=107.235|walker_max=115.139
STEP|n=515400000|unique=5259186|accepted=36397126|rate=117227.0/s|walker_min=79.997|walker_med=108.308|walker_max=114.997
STEP|n=515500000|unique=5259978|accepted=36397918|rate=117228.6/s|walker_min=76.819|walker_med=106.428|walker_max=114.917
STEP|n=515600000|unique=5260687|accepted=36398627|rate=117230.1/s|walker_min=79.547|walker_med=107.596|walker_max=115.015
STEP|n=515700000|unique=5261656|accepted=36399596|rate=117231.6/s|walker_min=89.366|walker_med=108.468|walker_max=114.576
STEP|n=515800000|unique=5262550|accepted=36400490|rate=117233.2/s|walker_min=89.243|walker_med=109.171|walker_max=114.897
STEP|n=515900000|unique=5263435|accepted=36401375|rate=117231.9/s|walker_min=83.688|walker_med=107.033|walker_max=115.152
STEP|n=516000000|unique=5264195|accepted=36402135|rate=117233.5/s|walker_min=73.023|walker_med=108.300|walker_max=114.512
STEP|n=516100000|unique=5264958|accepted=36402898|rate=117235.0/s|walker_min=75.551|walker_med=108.845|walker_max=114.599
STEP|n=516200000|unique=5265762|accepted=36403702|rate=117236.6/s|walker_min=79.282|walker_med=109.402|walker_max=115.153
STEP|n=516300000|unique=5266557|accepted=36404497|rate=117238.1/s|walker_min=64.686|walker_med=105.095|walker_max=115.077
STEP|n=516400000|unique=5267300|accepted=36405240|rate=117239.6/s|walker_min=86.222|walker_med=108.678|walker_max=115.134
STEP|n=516500000|unique=5268029|accepted=36405969|rate=117241.2/s|walker_min=67.092|walker_med=109.780|walker_max=115.136
STEP|n=516600000|unique=5268859|accepted=36406799|rate=117242.8/s|walker_min=89.446|walker_med=110.415|walker_max=114.538
STEP|n=516700000|unique=5269691|accepted=36407631|rate=117244.4/s|walker_min=90.323|walker_med=108.496|walker_max=114.070
STEP|n=516800000|unique=5270452|accepted=36408392|rate=117245.8/s|walker_min=73.500|walker_med=103.855|walker_max=115.087
STEP|n=516900000|unique=5271282|accepted=36409222|rate=117247.0/s|walker_min=56.877|walker_med=105.928|walker_max=114.429
STEP|n=517000000|unique=5272062|accepted=36410002|rate=117248.2/s|walker_min=56.102|walker_med=90.288|walker_max=114.971
STEP|n=517100000|unique=5272892|accepted=36410832|rate=117249.2/s|walker_min=71.796|walker_med=103.755|walker_max=115.129
STEP|n=517200000|unique=5273846|accepted=36411786|rate=117250.6/s|walker_min=65.972|walker_med=100.816|walker_max=113.817
STEP|n=517300000|unique=5274635|accepted=36412575|rate=117252.0/s|walker_min=64.579|walker_med=105.155|walker_max=114.597
STEP|n=517400000|unique=5275498|accepted=36413438|rate=117253.4/s|walker_min=69.729|walker_med=106.515|walker_max=115.077
STEP|n=517500000|unique=5276284|accepted=36414224|rate=117254.9/s|walker_min=87.860|walker_med=110.089|walker_max=114.469
STEP|n=517600000|unique=5277175|accepted=36415115|rate=117256.5/s|walker_min=80.255|walker_med=106.307|walker_max=115.027
STEP|n=517700000|unique=5277982|accepted=36415922|rate=117258.0/s|walker_min=79.675|walker_med=105.776|walker_max=114.532
STEP|n=517800000|unique=5278719|accepted=36416659|rate=117259.5/s|walker_min=90.610|walker_med=108.200|walker_max=115.146
STEP|n=517900000|unique=5279474|accepted=36417414|rate=117261.1/s|walker_min=81.652|walker_med=109.044|walker_max=114.730
STEP|n=518000000|unique=5280273|accepted=36418213|rate=117262.7/s|walker_min=88.554|walker_med=106.990|walker_max=114.822
STEP|n=518100000|unique=5281061|accepted=36419001|rate=117264.2/s|walker_min=78.867|walker_med=106.315|walker_max=114.855
STEP|n=518200000|unique=5281868|accepted=36419808|rate=117265.7/s|walker_min=66.004|walker_med=105.838|walker_max=114.570
STEP|n=518300000|unique=5282848|accepted=36420788|rate=117267.2/s|walker_min=79.220|walker_med=106.449|walker_max=114.962
STEP|n=518400000|unique=5283669|accepted=36421609|rate=117268.8/s|walker_min=79.440|walker_med=106.200|walker_max=114.829
STEP|n=518500000|unique=5284458|accepted=36422398|rate=117270.3/s|walker_min=93.920|walker_med=108.232|walker_max=114.726
STEP|n=518600000|unique=5285337|accepted=36423277|rate=117271.9/s|walker_min=80.963|walker_med=104.832|walker_max=115.170
STEP|n=518700000|unique=5286215|accepted=36424155|rate=117273.3/s|walker_min=80.482|walker_med=104.659|walker_max=114.564
STEP|n=518800000|unique=5286962|accepted=36424902|rate=117274.6/s|walker_min=70.870|walker_med=103.779|walker_max=114.570
STEP|n=518900000|unique=5287939|accepted=36425879|rate=117275.9/s|walker_min=52.949|walker_med=97.204|walker_max=112.981
STEP|n=519000000|unique=5288798|accepted=36426738|rate=117276.8/s|walker_min=63.281|walker_med=93.268|walker_max=113.477
STEP|n=519100000|unique=5289634|accepted=36427574|rate=117277.9/s|walker_min=78.184|walker_med=97.265|walker_max=114.863
STEP|n=519200000|unique=5290422|accepted=36428362|rate=117279.1/s|walker_min=72.884|walker_med=105.844|walker_max=114.769
STEP|n=519300000|unique=5291256|accepted=36429196|rate=117280.6/s|walker_min=68.439|walker_med=106.184|walker_max=114.642
STEP|n=519400000|unique=5292117|accepted=36430057|rate=117282.0/s|walker_min=76.174|walker_med=106.412|walker_max=114.910
STEP|n=519500000|unique=5293067|accepted=36431007|rate=117283.6/s|walker_min=53.016|walker_med=106.557|walker_max=114.952
STEP|n=519600000|unique=5293780|accepted=36431720|rate=117285.1/s|walker_min=71.691|walker_med=108.261|walker_max=114.928
STEP|n=519700000|unique=5294711|accepted=36432651|rate=117286.7/s|walker_min=88.283|walker_med=108.717|walker_max=114.695
STEP|n=519800000|unique=5295376|accepted=36433316|rate=117288.3/s|walker_min=85.637|walker_med=108.507|walker_max=115.152
STEP|n=519900000|unique=5296185|accepted=36434125|rate=117289.8/s|walker_min=79.772|walker_med=104.257|walker_max=114.277
STEP|n=520000000|unique=5296896|accepted=36434836|rate=117291.3/s|walker_min=79.782|walker_med=107.957|walker_max=114.740
STEP|n=520100000|unique=5297740|accepted=36435680|rate=117292.8/s|walker_min=70.544|walker_med=107.767|walker_max=114.572
STEP|n=520200000|unique=5298459|accepted=36436399|rate=117294.3/s|walker_min=85.217|walker_med=109.790|walker_max=114.682
STEP|n=520300000|unique=5299241|accepted=36437181|rate=117295.8/s|walker_min=84.457|walker_med=108.982|walker_max=114.971
STEP|n=520400000|unique=5300208|accepted=36438148|rate=117297.3/s|walker_min=89.042|walker_med=107.911|walker_max=114.958
STEP|n=520500000|unique=5301055|accepted=36438995|rate=117298.7/s|walker_min=85.888|walker_med=107.610|walker_max=114.019
STEP|n=520600000|unique=5302016|accepted=36439956|rate=117300.2/s|walker_min=73.221|walker_med=108.864|walker_max=115.079
STEP|n=520700000|unique=5302925|accepted=36440865|rate=117301.7/s|walker_min=71.124|walker_med=102.358|walker_max=115.118
STEP|n=520800000|unique=5303832|accepted=36441772|rate=117303.1/s|walker_min=81.406|walker_med=106.097|walker_max=114.925
STEP|n=520900000|unique=5304801|accepted=36442741|rate=117304.4/s|walker_min=54.679|walker_med=103.573|walker_max=114.794
STEP|n=521000000|unique=5305590|accepted=36443530|rate=117305.5/s|walker_min=61.174|walker_med=99.744|walker_max=114.771
STEP|n=521100000|unique=5306417|accepted=36444357|rate=117306.5/s|walker_min=68.611|walker_med=104.850|walker_max=115.060
STEP|n=521200000|unique=5307210|accepted=36445150|rate=117307.8/s|walker_min=64.615|walker_med=105.061|walker_max=114.457
STEP|n=521300000|unique=5307942|accepted=36445882|rate=117309.2/s|walker_min=71.849|walker_med=106.739|walker_max=114.718
STEP|n=521400000|unique=5308802|accepted=36446742|rate=117310.7/s|walker_min=85.284|walker_med=109.622|walker_max=115.154
STEP|n=521500000|unique=5309646|accepted=36447586|rate=117312.2/s|walker_min=74.346|walker_med=106.018|walker_max=115.154
STEP|n=521600000|unique=5310542|accepted=36448482|rate=117313.8/s|walker_min=90.257|walker_med=107.222|walker_max=114.781
STEP|n=521700000|unique=5311496|accepted=36449436|rate=117315.5/s|walker_min=91.336|walker_med=106.767|walker_max=114.576
STEP|n=521800000|unique=5312426|accepted=36450366|rate=117317.0/s|walker_min=70.485|walker_med=105.841|walker_max=114.722
STEP|n=521900000|unique=5313150|accepted=36451090|rate=117318.4/s|walker_min=73.559|walker_med=105.202|walker_max=114.731
STEP|n=522000000|unique=5314005|accepted=36451945|rate=117319.7/s|walker_min=90.296|walker_med=108.175|walker_max=115.062
STEP|n=522100000|unique=5314928|accepted=36452868|rate=117321.2/s|walker_min=78.885|walker_med=107.779|walker_max=114.650
STEP|n=522200000|unique=5315737|accepted=36453677|rate=117322.6/s|walker_min=81.010|walker_med=109.145|walker_max=115.168
STEP|n=522300000|unique=5316564|accepted=36454504|rate=117324.1/s|walker_min=80.382|walker_med=106.991|walker_max=114.960
STEP|n=522400000|unique=5317380|accepted=36455320|rate=117326.4/s|walker_min=84.378|walker_med=107.780|walker_max=115.179
STEP|n=522500000|unique=5318112|accepted=36456052|rate=117328.8/s|walker_min=80.001|walker_med=105.867|walker_max=114.867
STEP|n=522600000|unique=5318835|accepted=36456775|rate=117331.0/s|walker_min=89.570|walker_med=107.873|walker_max=114.597
STEP|n=522700000|unique=5319470|accepted=36457410|rate=117333.0/s|walker_min=76.154|walker_med=107.250|walker_max=115.136
STEP|n=522800000|unique=5320271|accepted=36458211|rate=117335.1/s|walker_min=77.545|walker_med=108.860|walker_max=115.034
STEP|n=522900000|unique=5321119|accepted=36459059|rate=117337.2/s|walker_min=57.364|walker_med=103.343|walker_max=114.979
STEP|n=523000000|unique=5321831|accepted=36459771|rate=117339.2/s|walker_min=55.128|walker_med=92.530|walker_max=114.681
STEP|n=523100000|unique=5322599|accepted=36460539|rate=117341.0/s|walker_min=53.303|walker_med=99.873|walker_max=113.098
STEP|n=523200000|unique=5323392|accepted=36461332|rate=117342.9/s|walker_min=74.566|walker_med=102.387|walker_max=115.063
STEP|n=523300000|unique=5324234|accepted=36462174|rate=117345.1/s|walker_min=70.044|walker_med=107.195|walker_max=114.891
STEP|n=523400000|unique=5324949|accepted=36462889|rate=117347.1/s|walker_min=83.327|walker_med=104.992|walker_max=114.538
STEP|n=523500000|unique=5325672|accepted=36463612|rate=117349.5/s|walker_min=78.285|walker_med=105.319|walker_max=115.073
STEP|n=523600000|unique=5326518|accepted=36464458|rate=117351.9/s|walker_min=69.564|walker_med=109.657|walker_max=115.095
STEP|n=523700000|unique=5327227|accepted=36465167|rate=117354.3/s|walker_min=82.012|walker_med=106.436|walker_max=114.547
STEP|n=523800000|unique=5328008|accepted=36465948|rate=117356.5/s|walker_min=93.845|walker_med=106.877|walker_max=115.108
STEP|n=523900000|unique=5328744|accepted=36466684|rate=117358.7/s|walker_min=75.996|walker_med=107.057|walker_max=115.094
STEP|n=524000000|unique=5329580|accepted=36467520|rate=117360.8/s|walker_min=69.774|walker_med=107.341|walker_max=115.031
STEP|n=524100000|unique=5330398|accepted=36468338|rate=117363.1/s|walker_min=84.146|walker_med=106.722|walker_max=115.179
STEP|n=524200000|unique=5331244|accepted=36469184|rate=117365.6/s|walker_min=82.026|walker_med=105.437|walker_max=114.344
STEP|n=524300000|unique=5332054|accepted=36469994|rate=117368.1/s|walker_min=82.039|walker_med=108.982|walker_max=114.944
STEP|n=524400000|unique=5332821|accepted=36470761|rate=117370.3/s|walker_min=82.018|walker_med=107.139|walker_max=114.894
STEP|n=524500000|unique=5333561|accepted=36471501|rate=117372.4/s|walker_min=78.987|walker_med=105.607|walker_max=114.181
STEP|n=524600000|unique=5334338|accepted=36472278|rate=117374.5/s|walker_min=64.097|walker_med=107.400|walker_max=114.433
STEP|n=524700000|unique=5335083|accepted=36473023|rate=117376.8/s|walker_min=77.387|walker_med=107.175|walker_max=114.622
STEP|n=524800000|unique=5335923|accepted=36473863|rate=117379.2/s|walker_min=79.152|walker_med=106.896|walker_max=114.314
STEP|n=524900000|unique=5336912|accepted=36474852|rate=117381.4/s|walker_min=71.214|walker_med=100.262|walker_max=114.494
STEP|n=525000000|unique=5337839|accepted=36475779|rate=117383.2/s|walker_min=53.824|walker_med=97.911|walker_max=113.432
STEP|n=525100000|unique=5338599|accepted=36476539|rate=117384.3/s|walker_min=70.968|walker_med=103.942|walker_max=115.107
STEP|n=525200000|unique=5339425|accepted=36477365|rate=117385.7/s|walker_min=56.825|walker_med=104.290|walker_max=114.183
STEP|n=525300000|unique=5340219|accepted=36478159|rate=117387.6/s|walker_min=48.745|walker_med=105.231|walker_max=115.094
STEP|n=525400000|unique=5341034|accepted=36478974|rate=117389.6/s|walker_min=58.160|walker_med=107.254|walker_max=115.173
STEP|n=525500000|unique=5341784|accepted=36479724|rate=117391.7/s|walker_min=68.082|walker_med=107.794|walker_max=115.167
STEP|n=525600000|unique=5342566|accepted=36480506|rate=117393.5/s|walker_min=75.525|walker_med=109.537|walker_max=115.155
STEP|n=525700000|unique=5343335|accepted=36481275|rate=117395.1/s|walker_min=90.703|walker_med=108.236|walker_max=115.061
STEP|n=525800000|unique=5344079|accepted=36482019|rate=117396.8/s|walker_min=84.620|walker_med=107.263|walker_max=114.724
STEP|n=525900000|unique=5344847|accepted=36482787|rate=117398.0/s|walker_min=89.193|walker_med=110.673|walker_max=115.161
STEP|n=526000000|unique=5345559|accepted=36483499|rate=117399.4/s|walker_min=90.881|walker_med=106.105|walker_max=115.059
STEP|n=526100000|unique=5346360|accepted=36484300|rate=117400.9/s|walker_min=75.552|walker_med=106.278|walker_max=115.035
STEP|n=526200000|unique=5347164|accepted=36485104|rate=117403.0/s|walker_min=78.009|walker_med=100.596|walker_max=114.940
STEP|n=526300000|unique=5348068|accepted=36486008|rate=117404.9/s|walker_min=76.802|walker_med=106.207|walker_max=114.099
STEP|n=526400000|unique=5349084|accepted=36487024|rate=117407.1/s|walker_min=81.982|walker_med=107.908|walker_max=115.107
STEP|n=526500000|unique=5349870|accepted=36487810|rate=117408.5/s|walker_min=69.183|walker_med=109.037|walker_max=115.008
STEP|n=526600000|unique=5350772|accepted=36488712|rate=117409.9/s|walker_min=91.715|walker_med=107.836|walker_max=115.133
STEP|n=526700000|unique=5351741|accepted=36489681|rate=117411.2/s|walker_min=52.906|walker_med=107.643|walker_max=114.788
STEP|n=526800000|unique=5352488|accepted=36490428|rate=117413.0/s|walker_min=70.993|walker_med=104.438|walker_max=115.149
STEP|n=526900000|unique=5353249|accepted=36491189|rate=117414.6/s|walker_min=68.342|walker_med=99.695|walker_max=115.009
STEP|n=527000000|unique=5354171|accepted=36492111|rate=117415.9/s|walker_min=53.636|walker_med=88.457|walker_max=109.089
STEP|n=527100000|unique=5355014|accepted=36492954|rate=117416.9/s|walker_min=71.955|walker_med=96.847|walker_max=114.764
STEP|n=527200000|unique=5355990|accepted=36493930|rate=117418.1/s|walker_min=80.692|walker_med=104.449|walker_max=114.668
STEP|n=527300000|unique=5356832|accepted=36494772|rate=117419.5/s|walker_min=67.730|walker_med=102.356|walker_max=115.073
STEP|n=527400000|unique=5357695|accepted=36495635|rate=117421.2/s|walker_min=67.264|walker_med=104.840|walker_max=114.815
STEP|n=527500000|unique=5358532|accepted=36496472|rate=117422.7/s|walker_min=92.783|walker_med=106.875|walker_max=115.115
STEP|n=527600000|unique=5359370|accepted=36497310|rate=117424.5/s|walker_min=82.640|walker_med=106.694|walker_max=114.489
STEP|n=527700000|unique=5360225|accepted=36498165|rate=117426.7/s|walker_min=69.019|walker_med=107.758|walker_max=114.973
STEP|n=527800000|unique=5361226|accepted=36499166|rate=117428.9/s|walker_min=72.030|walker_med=108.958|walker_max=115.118
STEP|n=527900000|unique=5361912|accepted=36499852|rate=117430.9/s|walker_min=69.240|walker_med=108.223|walker_max=114.879
STEP|n=528000000|unique=5362642|accepted=36500582|rate=117432.4/s|walker_min=70.179|walker_med=109.715|walker_max=115.152
STEP|n=528100000|unique=5363439|accepted=36501379|rate=117434.0/s|walker_min=88.336|walker_med=106.189|walker_max=114.976
STEP|n=528200000|unique=5364360|accepted=36502300|rate=117435.6/s|walker_min=74.591|walker_med=109.690|walker_max=114.889
STEP|n=528300000|unique=5365143|accepted=36503083|rate=117437.5/s|walker_min=80.594|walker_med=106.744|walker_max=114.103
STEP|n=528400000|unique=5365882|accepted=36503822|rate=117439.4/s|walker_min=75.619|walker_med=108.027|walker_max=114.802
STEP|n=528500000|unique=5366745|accepted=36504685|rate=117441.1/s|walker_min=84.032|walker_med=106.657|walker_max=114.867
STEP|n=528600000|unique=5367530|accepted=36505470|rate=117442.6/s|walker_min=64.752|walker_med=107.028|walker_max=114.229
STEP|n=528700000|unique=5368304|accepted=36506244|rate=117444.1/s|walker_min=79.188|walker_med=105.977|walker_max=114.692
STEP|n=528800000|unique=5369120|accepted=36507060|rate=117446.0/s|walker_min=66.590|walker_med=101.984|walker_max=114.868
STEP|n=528900000|unique=5370090|accepted=36508030|rate=117447.6/s|walker_min=60.960|walker_med=97.385|walker_max=115.125
STEP|n=529000000|unique=5370968|accepted=36508908|rate=117449.0/s|walker_min=57.651|walker_med=95.461|walker_max=113.100
STEP|n=529100000|unique=5371772|accepted=36509712|rate=117450.5/s|walker_min=58.265|walker_med=90.476|walker_max=114.969
STEP|n=529200000|unique=5372593|accepted=36510533|rate=117452.3/s|walker_min=85.026|walker_med=103.412|walker_max=114.874
STEP|n=529300000|unique=5373500|accepted=36511440|rate=117454.3/s|walker_min=55.682|walker_med=106.067|walker_max=114.149
STEP|n=529400000|unique=5374392|accepted=36512332|rate=117456.3/s|walker_min=89.193|walker_med=105.433|walker_max=114.842
STEP|n=529500000|unique=5375109|accepted=36513049|rate=117458.2/s|walker_min=70.997|walker_med=107.271|walker_max=115.141
STEP|n=529600000|unique=5375829|accepted=36513769|rate=117460.4/s|walker_min=82.522|walker_med=104.667|walker_max=115.064
STEP|n=529700000|unique=5376641|accepted=36514581|rate=117462.6/s|walker_min=80.856|walker_med=108.896|walker_max=115.064
STEP|n=529800000|unique=5377538|accepted=36515478|rate=117464.8/s|walker_min=80.782|walker_med=106.749|walker_max=114.885
STEP|n=529900000|unique=5378306|accepted=36516246|rate=117467.1/s|walker_min=73.381|walker_med=105.012|walker_max=115.084
STEP|n=530000000|unique=5379146|accepted=36517086|rate=117469.2/s|walker_min=89.392|walker_med=105.154|walker_max=114.299
STEP|n=530100000|unique=5380065|accepted=36518005|rate=117471.3/s|walker_min=94.299|walker_med=108.269|walker_max=115.114
STEP|n=530200000|unique=5380785|accepted=36518725|rate=117473.3/s|walker_min=96.660|walker_med=108.007|walker_max=115.170
STEP|n=530300000|unique=5381623|accepted=36519563|rate=117475.1/s|walker_min=87.487|walker_med=104.678|walker_max=114.568
STEP|n=530400000|unique=5382484|accepted=36520424|rate=117477.2/s|walker_min=72.509|walker_med=106.596|walker_max=115.119
STEP|n=530500000|unique=5383297|accepted=36521237|rate=117479.4/s|walker_min=84.481|walker_med=107.695|walker_max=114.893
STEP|n=530600000|unique=5384252|accepted=36522192|rate=117481.6/s|walker_min=86.157|walker_med=108.027|walker_max=115.071
STEP|n=530700000|unique=5385238|accepted=36523178|rate=117483.5/s|walker_min=47.375|walker_med=104.690|walker_max=114.979
STEP|n=530800000|unique=5386202|accepted=36524142|rate=117485.4/s|walker_min=83.034|walker_med=106.606|walker_max=114.968
STEP|n=530900000|unique=5387004|accepted=36524944|rate=117487.4/s|walker_min=72.641|walker_med=99.249|walker_max=113.466
STEP|n=531000000|unique=5387779|accepted=36525719|rate=117489.1/s|walker_min=59.380|walker_med=98.270|walker_max=114.661
STEP|n=531100000|unique=5388535|accepted=36526475|rate=117490.8/s|walker_min=66.808|walker_med=101.441|walker_max=114.497
STEP|n=531200000|unique=5389418|accepted=36527358|rate=117492.7/s|walker_min=67.331|walker_med=105.575|walker_max=115.019
STEP|n=531300000|unique=5390304|accepted=36528244|rate=117494.5/s|walker_min=65.608|walker_med=109.599|walker_max=115.117
STEP|n=531400000|unique=5391079|accepted=36529019|rate=117496.4/s|walker_min=85.318|walker_med=109.629|walker_max=114.756
STEP|n=531500000|unique=5391870|accepted=36529810|rate=117498.1/s|walker_min=79.194|walker_med=109.491|walker_max=114.728
STEP|n=531600000|unique=5392760|accepted=36530700|rate=117499.5/s|walker_min=59.645|walker_med=103.437|walker_max=114.728
STEP|n=531700000|unique=5393578|accepted=36531518|rate=117501.0/s|walker_min=82.472|walker_med=108.013|walker_max=115.109
STEP|n=531800000|unique=5394392|accepted=36532332|rate=117503.0/s|walker_min=73.751|walker_med=105.817|walker_max=115.063
STEP|n=531900000|unique=5395192|accepted=36533132|rate=117505.2/s|walker_min=55.309|walker_med=106.418|walker_max=114.406
STEP|n=532000000|unique=5396058|accepted=36533998|rate=117507.5/s|walker_min=85.315|walker_med=110.129|walker_max=114.869
STEP|n=532100000|unique=5396909|accepted=36534849|rate=117509.5/s|walker_min=74.743|walker_med=100.493|walker_max=114.799
STEP|n=532200000|unique=5397774|accepted=36535714|rate=117508.8/s|walker_min=80.502|walker_med=107.613|walker_max=115.075
STEP|n=532300000|unique=5398564|accepted=36536504|rate=117510.8/s|walker_min=62.983|walker_med=105.176|walker_max=115.111
STEP|n=532400000|unique=5399403|accepted=36537343|rate=117513.2/s|walker_min=92.037|walker_med=105.927|walker_max=114.627
STEP|n=532500000|unique=5400284|accepted=36538224|rate=117515.5/s|walker_min=87.509|walker_med=110.172|walker_max=115.082
STEP|n=532600000|unique=5401038|accepted=36538978|rate=117517.8/s|walker_min=67.725|walker_med=107.813|walker_max=115.069
STEP|n=532700000|unique=5401885|accepted=36539825|rate=117519.7/s|walker_min=78.903|walker_med=108.527|walker_max=114.908
STEP|n=532800000|unique=5402615|accepted=36540555|rate=117521.6/s|walker_min=72.225|walker_med=104.312|walker_max=114.395
STEP|n=532900000|unique=5403531|accepted=36541471|rate=117523.6/s|walker_min=74.770|walker_med=104.105|walker_max=114.920
STEP|n=533000000|unique=5404332|accepted=36542272|rate=117525.7/s|walker_min=49.930|walker_med=97.399|walker_max=114.271
STEP|n=533100000|unique=5405258|accepted=36543198|rate=117527.7/s|walker_min=72.900|walker_med=103.659|walker_max=114.744
STEP|n=533200000|unique=5406094|accepted=36544034|rate=117530.0/s|walker_min=80.308|walker_med=103.892|walker_max=113.344
STEP|n=533300000|unique=5406973|accepted=36544913|rate=117532.0/s|walker_min=83.747|walker_med=104.265|walker_max=114.243
STEP|n=533400000|unique=5407804|accepted=36545744|rate=117534.0/s|walker_min=82.851|walker_med=106.713|walker_max=114.309
STEP|n=533500000|unique=5408579|accepted=36546519|rate=117536.1/s|walker_min=82.676|walker_med=109.675|walker_max=114.743
STEP|n=533600000|unique=5409379|accepted=36547319|rate=117538.6/s|walker_min=78.037|walker_med=107.948|walker_max=114.483
STEP|n=533700000|unique=5410114|accepted=36548054|rate=117541.0/s|walker_min=88.333|walker_med=109.024|walker_max=115.173
STEP|n=533800000|unique=5410781|accepted=36548721|rate=117543.4/s|walker_min=54.261|walker_med=108.391|walker_max=115.170
STEP|n=533900000|unique=5411600|accepted=36549540|rate=117545.6/s|walker_min=79.877|walker_med=109.702|walker_max=114.915
STEP|n=534000000|unique=5412522|accepted=36550462|rate=117547.6/s|walker_min=78.766|walker_med=107.676|walker_max=114.612
STEP|n=534100000|unique=5413231|accepted=36551171|rate=117549.8/s|walker_min=97.079|walker_med=108.430|walker_max=115.120
STEP|n=534200000|unique=5413971|accepted=36551911|rate=117552.3/s|walker_min=74.421|walker_med=104.693|walker_max=115.057
STEP|n=534300000|unique=5414736|accepted=36552676|rate=117554.8/s|walker_min=87.548|walker_med=109.759|walker_max=114.585
STEP|n=534400000|unique=5415425|accepted=36553365|rate=117557.4/s|walker_min=78.346|walker_med=107.288|walker_max=114.950
STEP|n=534500000|unique=5416114|accepted=36554054|rate=117559.6/s|walker_min=71.924|walker_med=108.720|walker_max=115.065
STEP|n=534600000|unique=5416873|accepted=36554813|rate=117561.6/s|walker_min=87.945|walker_med=110.476|walker_max=115.133
STEP|n=534700000|unique=5417460|accepted=36555400|rate=117563.6/s|walker_min=75.248|walker_med=105.373|walker_max=114.344
STEP|n=534800000|unique=5418186|accepted=36556126|rate=117565.8/s|walker_min=73.646|walker_med=105.781|walker_max=113.742
STEP|n=534900000|unique=5418888|accepted=36556828|rate=117568.0/s|walker_min=60.862|walker_med=105.122|walker_max=114.334
STEP|n=535000000|unique=5419669|accepted=36557609|rate=117570.0/s|walker_min=57.933|walker_med=88.125|walker_max=114.353
STEP|n=535100000|unique=5420450|accepted=36558390|rate=117571.2/s|walker_min=74.730|walker_med=100.638|walker_max=114.655
STEP|n=535200000|unique=5421241|accepted=36559181|rate=117572.6/s|walker_min=64.995|walker_med=104.544|walker_max=114.850
STEP|n=535300000|unique=5421952|accepted=36559892|rate=117574.0/s|walker_min=71.060|walker_med=106.546|walker_max=114.442
STEP|n=535400000|unique=5422922|accepted=36560862|rate=117576.1/s|walker_min=90.570|walker_med=105.649|walker_max=115.160
STEP|n=535500000|unique=5423689|accepted=36561629|rate=117578.4/s|walker_min=72.220|walker_med=107.464|walker_max=114.853
STEP|n=535600000|unique=5424537|accepted=36562477|rate=117580.5/s|walker_min=84.098|walker_med=105.399|walker_max=114.790
STEP|n=535700000|unique=5425354|accepted=36563294|rate=117582.1/s|walker_min=91.673|walker_med=105.614|walker_max=114.395
STEP|n=535800000|unique=5426145|accepted=36564085|rate=117583.7/s|walker_min=67.068|walker_med=109.531|walker_max=115.022
STEP|n=535900000|unique=5426919|accepted=36564859|rate=117585.3/s|walker_min=72.392|walker_med=101.715|walker_max=114.962
STEP|n=536000000|unique=5427796|accepted=36565736|rate=117587.4/s|walker_min=77.028|walker_med=107.636|walker_max=114.881
STEP|n=536100000|unique=5428467|accepted=36566407|rate=117589.4/s|walker_min=89.351|walker_med=110.273|walker_max=115.081
STEP|n=536200000|unique=5429330|accepted=36567270|rate=117591.5/s|walker_min=82.919|walker_med=106.160|walker_max=115.124
STEP|n=536300000|unique=5430131|accepted=36568071|rate=117593.0/s|walker_min=93.540|walker_med=109.182|walker_max=114.865
STEP|n=536400000|unique=5430956|accepted=36568896|rate=117594.4/s|walker_min=76.776|walker_med=103.933|walker_max=115.012
STEP|n=536500000|unique=5431716|accepted=36569656|rate=117596.0/s|walker_min=76.865|walker_med=108.003|walker_max=114.343
STEP|n=536600000|unique=5432628|accepted=36570568|rate=117598.1/s|walker_min=77.621|walker_med=107.020|walker_max=115.047
STEP|n=536700000|unique=5433499|accepted=36571439|rate=117600.2/s|walker_min=63.431|walker_med=106.934|walker_max=114.336
STEP|n=536800000|unique=5434321|accepted=36572261|rate=117602.0/s|walker_min=84.742|walker_med=106.387|walker_max=115.029
STEP|n=536900000|unique=5435231|accepted=36573171|rate=117603.4/s|walker_min=52.226|walker_med=100.133|walker_max=113.993
STEP|n=537000000|unique=5436257|accepted=36574197|rate=117604.7/s|walker_min=63.319|walker_med=93.049|walker_max=113.563
STEP|n=537100000|unique=5437062|accepted=36575002|rate=117605.9/s|walker_min=81.947|walker_med=103.498|walker_max=115.081
STEP|n=537200000|unique=5437821|accepted=36575761|rate=117607.7/s|walker_min=63.615|walker_med=104.310|walker_max=114.447
STEP|n=537300000|unique=5438653|accepted=36576593|rate=117609.7/s|walker_min=82.777|walker_med=102.449|walker_max=113.442
STEP|n=537400000|unique=5439587|accepted=36577527|rate=117611.5/s|walker_min=67.036|walker_med=105.794|walker_max=114.116
STEP|n=537500000|unique=5440383|accepted=36578323|rate=117613.0/s|walker_min=79.440|walker_med=106.845|walker_max=114.836
STEP|n=537600000|unique=5441096|accepted=36579036|rate=117614.5/s|walker_min=81.068|walker_med=106.197|walker_max=113.425
STEP|n=537700000|unique=5441883|accepted=36579823|rate=117616.3/s|walker_min=85.159|walker_med=108.342|walker_max=114.940
STEP|n=537800000|unique=5442775|accepted=36580715|rate=117618.6/s|walker_min=85.140|walker_med=109.000|walker_max=115.105
STEP|n=537900000|unique=5443649|accepted=36581589|rate=117620.7/s|walker_min=84.948|walker_med=108.940|walker_max=114.973
STEP|n=538000000|unique=5444362|accepted=36582302|rate=117622.6/s|walker_min=88.422|walker_med=109.932|walker_max=115.087
STEP|n=538100000|unique=5445114|accepted=36583054|rate=117624.2/s|walker_min=92.523|walker_med=107.717|walker_max=114.942
STEP|n=538200000|unique=5445938|accepted=36583878|rate=117625.7/s|walker_min=82.511|walker_med=108.824|walker_max=115.068
STEP|n=538300000|unique=5446788|accepted=36584728|rate=117627.5/s|walker_min=86.352|walker_med=106.547|walker_max=114.590
STEP|n=538400000|unique=5447653|accepted=36585593|rate=117629.6/s|walker_min=70.589|walker_med=109.799|walker_max=114.993
STEP|n=538500000|unique=5448546|accepted=36586486|rate=117631.6/s|walker_min=82.955|walker_med=103.781|walker_max=113.556
STEP|n=538600000|unique=5449305|accepted=36587245|rate=117633.3/s|walker_min=74.858|walker_med=106.494|walker_max=114.788
STEP|n=538700000|unique=5450192|accepted=36588132|rate=117634.8/s|walker_min=72.167|walker_med=107.911|walker_max=113.649
STEP|n=538800000|unique=5450977|accepted=36588917|rate=117636.1/s|walker_min=78.020|walker_med=107.135|walker_max=115.126
STEP|n=538900000|unique=5451654|accepted=36589594|rate=117637.8/s|walker_min=60.891|walker_med=102.002|walker_max=114.673
STEP|n=539000000|unique=5452394|accepted=36590334|rate=117639.5/s|walker_min=47.349|walker_med=94.109|walker_max=115.055
STEP|n=539100000|unique=5453143|accepted=36591083|rate=117641.1/s|walker_min=62.008|walker_med=100.058|walker_max=113.655
STEP|n=539200000|unique=5453926|accepted=36591866|rate=117642.8/s|walker_min=69.031|walker_med=102.801|walker_max=114.758
STEP|n=539300000|unique=5454818|accepted=36592758|rate=117644.2/s|walker_min=58.843|walker_med=106.556|walker_max=114.897
STEP|n=539400000|unique=5455609|accepted=36593549|rate=117645.7/s|walker_min=79.530|walker_med=107.715|walker_max=113.564
STEP|n=539500000|unique=5456464|accepted=36594404|rate=117647.7/s|walker_min=85.136|walker_med=107.072|walker_max=115.155
STEP|n=539600000|unique=5457264|accepted=36595204|rate=117649.8/s|walker_min=79.383|walker_med=104.951|walker_max=114.801
STEP|n=539700000|unique=5458056|accepted=36595996|rate=117651.9/s|walker_min=88.095|walker_med=109.459|walker_max=115.048
STEP|n=539800000|unique=5458909|accepted=36596849|rate=117653.6/s|walker_min=76.266|walker_med=106.714|walker_max=114.329
STEP|n=539900000|unique=5459693|accepted=36597633|rate=117655.2/s|walker_min=60.992|walker_med=107.633|walker_max=114.932
STEP|n=540000000|unique=5460464|accepted=36598404|rate=117656.8/s|walker_min=78.471|walker_med=108.363|walker_max=115.126
STEP|n=540100000|unique=5461290|accepted=36599230|rate=117658.0/s|walker_min=83.455|walker_med=106.355|walker_max=114.273
STEP|n=540200000|unique=5462132|accepted=36600072|rate=117659.0/s|walker_min=77.099|walker_med=106.323|walker_max=114.489
STEP|n=540300000|unique=5462851|accepted=36600791|rate=117660.6/s|walker_min=90.779|walker_med=108.018|walker_max=115.066
STEP|n=540400000|unique=5463581|accepted=36601521|rate=117662.5/s|walker_min=86.755|walker_med=107.118|walker_max=114.837
STEP|n=540500000|unique=5464467|accepted=36602407|rate=117664.4/s|walker_min=61.570|walker_med=108.142|walker_max=113.233
STEP|n=540600000|unique=5465292|accepted=36603232|rate=117665.9/s|walker_min=90.248|walker_med=106.862|walker_max=115.095
STEP|n=540700000|unique=5466263|accepted=36604203|rate=117667.3/s|walker_min=77.344|walker_med=102.508|walker_max=115.134
STEP|n=540800000|unique=5467123|accepted=36605063|rate=117668.6/s|walker_min=76.061|walker_med=106.477|walker_max=115.035
STEP|n=540900000|unique=5467874|accepted=36605814|rate=117670.1/s|walker_min=56.777|walker_med=98.045|walker_max=115.050
STEP|n=541000000|unique=5468790|accepted=36606730|rate=117671.5/s|walker_min=53.979|walker_med=99.241|walker_max=113.198
STEP|n=541100000|unique=5469568|accepted=36607508|rate=117672.9/s|walker_min=59.203|walker_med=100.183|walker_max=114.197
STEP|n=541200000|unique=5470437|accepted=36608377|rate=117674.1/s|walker_min=82.550|walker_med=104.862|walker_max=114.418
STEP|n=541300000|unique=5471164|accepted=36609104|rate=117675.3/s|walker_min=65.247|walker_med=105.891|walker_max=114.883
STEP|n=541400000|unique=5471924|accepted=36609864|rate=117676.6/s|walker_min=83.214|walker_med=107.787|walker_max=114.911
STEP|n=541500000|unique=5472763|accepted=36610703|rate=117678.5/s|walker_min=72.981|walker_med=102.216|walker_max=114.676
STEP|n=541600000|unique=5473581|accepted=36611521|rate=117680.3/s|walker_min=74.703|walker_med=108.910|walker_max=115.151
STEP|n=541700000|unique=5474332|accepted=36612272|rate=117682.2/s|walker_min=83.725|walker_med=109.998|walker_max=115.095
STEP|n=541800000|unique=5475173|accepted=36613113|rate=117683.6/s|walker_min=89.436|walker_med=106.992|walker_max=114.986
STEP|n=541900000|unique=5475958|accepted=36613898|rate=117684.9/s|walker_min=88.860|walker_med=107.199|walker_max=114.387
STEP|n=542000000|unique=5476785|accepted=36614725|rate=117686.4/s|walker_min=81.024|walker_med=108.676|walker_max=115.167
STEP|n=542100000|unique=5477454|accepted=36615394|rate=117688.2/s|walker_min=89.347|walker_med=108.296|walker_max=114.988
STEP|n=542200000|unique=5478276|accepted=36616216|rate=117690.0/s|walker_min=80.594|walker_med=109.820|walker_max=114.557
STEP|n=542300000|unique=5479100|accepted=36617040|rate=117691.8/s|walker_min=87.668|walker_med=107.097|walker_max=113.412
STEP|n=542400000|unique=5479912|accepted=36617852|rate=117693.3/s|walker_min=89.853|walker_med=105.490|walker_max=114.985
STEP|n=542500000|unique=5480614|accepted=36618554|rate=117694.7/s|walker_min=72.998|walker_med=104.393|walker_max=115.048
STEP|n=542600000|unique=5481411|accepted=36619351|rate=117696.1/s|walker_min=73.919|walker_med=105.224|walker_max=113.463
STEP|n=542700000|unique=5482190|accepted=36620130|rate=117697.8/s|walker_min=61.943|walker_med=104.872|walker_max=114.724
STEP|n=542800000|unique=5483011|accepted=36620951|rate=117699.6/s|walker_min=80.431|walker_med=103.429|walker_max=114.557
STEP|n=542900000|unique=5483823|accepted=36621763|rate=117701.0/s|walker_min=64.237|walker_med=101.576|walker_max=115.137
STEP|n=543000000|unique=5484579|accepted=36622519|rate=117702.1/s|walker_min=50.379|walker_med=90.791|walker_max=114.361
STEP|n=543100000|unique=5485333|accepted=36623273|rate=117702.9/s|walker_min=60.824|walker_med=97.088|walker_max=113.875
STEP|n=543200000|unique=5486164|accepted=36624104|rate=117704.1/s|walker_min=47.349|walker_med=96.049|walker_max=113.544
STEP|n=543300000|unique=5486982|accepted=36624922|rate=117705.8/s|walker_min=79.687|walker_med=104.226|walker_max=114.880
STEP|n=543400000|unique=5487842|accepted=36625782|rate=117707.7/s|walker_min=83.783|walker_med=105.051|walker_max=114.504
STEP|n=543500000|unique=5488583|accepted=36626523|rate=117709.3/s|walker_min=83.895|walker_med=106.257|walker_max=115.069
STEP|n=543600000|unique=5489457|accepted=36627397|rate=117710.9/s|walker_min=74.440|walker_med=107.054|walker_max=114.977
STEP|n=543700000|unique=5490227|accepted=36628167|rate=117712.4/s|walker_min=80.903|walker_med=108.369|walker_max=114.901
STEP|n=543800000|unique=5491032|accepted=36628972|rate=117714.2/s|walker_min=60.815|walker_med=106.528|walker_max=114.494
STEP|n=543900000|unique=5491890|accepted=36629830|rate=117716.1/s|walker_min=86.380|walker_med=111.947|walker_max=114.874
STEP|n=544000000|unique=5492775|accepted=36630715|rate=117717.9/s|walker_min=59.143|walker_med=106.982|walker_max=114.927
STEP|n=544100000|unique=5493645|accepted=36631585|rate=117720.0/s|walker_min=88.644|walker_med=107.434|walker_max=114.747
STEP|n=544200000|unique=5494507|accepted=36632447|rate=117721.9/s|walker_min=88.422|walker_med=107.220|walker_max=115.047
STEP|n=544300000|unique=5495271|accepted=36633211|rate=117723.7/s|walker_min=83.054|walker_med=106.388|walker_max=114.244
STEP|n=544400000|unique=5495944|accepted=36633884|rate=117725.7/s|walker_min=81.805|walker_med=106.089|walker_max=115.027
STEP|n=544500000|unique=5496689|accepted=36634629|rate=117727.8/s|walker_min=80.837|walker_med=106.619|walker_max=114.312
STEP|n=544600000|unique=5497418|accepted=36635358|rate=117730.0/s|walker_min=80.562|walker_med=104.374|walker_max=114.630
STEP|n=544700000|unique=5498220|accepted=36636160|rate=117731.9/s|walker_min=83.754|walker_med=104.499|walker_max=113.149
STEP|n=544800000|unique=5499002|accepted=36636942|rate=117733.7/s|walker_min=78.596|walker_med=103.174|walker_max=114.264
STEP|n=544900000|unique=5499860|accepted=36637800|rate=117735.4/s|walker_min=68.380|walker_med=100.488|walker_max=114.526
STEP|n=545000000|unique=5500909|accepted=36638849|rate=117737.3/s|walker_min=53.016|walker_med=101.459|walker_max=114.959
STEP|n=545100000|unique=5501663|accepted=36639603|rate=117739.0/s|walker_min=50.963|walker_med=98.621|walker_max=115.064
STEP|n=545200000|unique=5502471|accepted=36640411|rate=117740.9/s|walker_min=60.289|walker_med=107.315|walker_max=114.506
STEP|n=545300000|unique=5503263|accepted=36641203|rate=117742.8/s|walker_min=64.226|walker_med=105.250|walker_max=114.157
STEP|n=545400000|unique=5504134|accepted=36642074|rate=117744.6/s|walker_min=86.547|walker_med=104.489|walker_max=114.524
STEP|n=545500000|unique=5504946|accepted=36642886|rate=117746.4/s|walker_min=78.511|walker_med=104.084|walker_max=114.583
STEP|n=545600000|unique=5505598|accepted=36643538|rate=117748.4/s|walker_min=82.747|walker_med=103.704|walker_max=114.552
STEP|n=545700000|unique=5506324|accepted=36644264|rate=117750.4/s|walker_min=55.389|walker_med=104.486|walker_max=113.247
STEP|n=545800000|unique=5507088|accepted=36645028|rate=117752.6/s|walker_min=84.101|walker_med=107.899|walker_max=114.793
STEP|n=545900000|unique=5507794|accepted=36645734|rate=117754.6/s|walker_min=84.063|walker_med=108.451|walker_max=114.431
STEP|n=546000000|unique=5508473|accepted=36646413|rate=117756.6/s|walker_min=91.081|walker_med=106.876|walker_max=114.927
STEP|n=546100000|unique=5509253|accepted=36647193|rate=117758.5/s|walker_min=74.592|walker_med=108.364|walker_max=115.137
STEP|n=546200000|unique=5509973|accepted=36647913|rate=117760.7/s|walker_min=63.152|walker_med=107.460|walker_max=114.894
STEP|n=546300000|unique=5510782|accepted=36648722|rate=117762.8/s|walker_min=82.069|walker_med=107.806|walker_max=114.134
STEP|n=546400000|unique=5511566|accepted=36649506|rate=117764.9/s|walker_min=69.639|walker_med=108.059|walker_max=114.966
STEP|n=546500000|unique=5512371|accepted=36650311|rate=117766.8/s|walker_min=81.221|walker_med=108.025|walker_max=115.026
STEP|n=546600000|unique=5513161|accepted=36651101|rate=117768.7/s|walker_min=85.346|walker_med=104.764|walker_max=114.467
STEP|n=546700000|unique=5514045|accepted=36651985|rate=117770.6/s|walker_min=69.794|walker_med=105.464|walker_max=114.183
STEP|n=546800000|unique=5514942|accepted=36652882|rate=117772.4/s|walker_min=81.809|walker_med=105.586|walker_max=113.865
STEP|n=546900000|unique=5515757|accepted=36653697|rate=117774.3/s|walker_min=60.032|walker_med=102.226|walker_max=113.470
STEP|n=547000000|unique=5516508|accepted=36654448|rate=117775.8/s|walker_min=56.488|walker_med=93.165|walker_max=113.559
STEP|n=547100000|unique=5517370|accepted=36655310|rate=117777.3/s|walker_min=77.208|walker_med=101.532|walker_max=114.255
STEP|n=547200000|unique=5518260|accepted=36656200|rate=117779.0/s|walker_min=72.270|walker_med=105.883|walker_max=114.776
STEP|n=547300000|unique=5519110|accepted=36657050|rate=117780.3/s|walker_min=86.163|walker_med=104.133|walker_max=114.976
STEP|n=547400000|unique=5519954|accepted=36657894|rate=117782.1/s|walker_min=86.322|walker_med=105.239|walker_max=114.764
STEP|n=547500000|unique=5520740|accepted=36658680|rate=117784.0/s|walker_min=77.845|walker_med=106.485|walker_max=114.754
STEP|n=547600000|unique=5521465|accepted=36659405|rate=117785.9/s|walker_min=81.329|walker_med=106.708|walker_max=114.647
STEP|n=547700000|unique=5522212|accepted=36660152|rate=117787.5/s|walker_min=76.908|walker_med=107.765|walker_max=115.123
STEP|n=547800000|unique=5522894|accepted=36660834|rate=117788.7/s|walker_min=80.137|walker_med=105.863|walker_max=115.072
STEP|n=547900000|unique=5523623|accepted=36661563|rate=117790.2/s|walker_min=88.099|walker_med=105.120|walker_max=114.513
STEP|n=548000000|unique=5524482|accepted=36662422|rate=117792.2/s|walker_min=67.996|walker_med=109.360|walker_max=115.156
STEP|n=548100000|unique=5525318|accepted=36663258|rate=117794.3/s|walker_min=84.998|walker_med=105.344|walker_max=114.732
STEP|n=548200000|unique=5526019|accepted=36663959|rate=117796.6/s|walker_min=86.764|walker_med=108.524|walker_max=115.025
STEP|n=548300000|unique=5526783|accepted=36664723|rate=117798.5/s|walker_min=86.104|walker_med=109.837|walker_max=115.074
STEP|n=548400000|unique=5527526|accepted=36665466|rate=117800.3/s|walker_min=84.645|walker_med=106.956|walker_max=115.095
STEP|n=548500000|unique=5528312|accepted=36666252|rate=117802.1/s|walker_min=92.246|walker_med=108.569|walker_max=115.096
STEP|n=548600000|unique=5529031|accepted=36666971|rate=117804.1/s|walker_min=64.989|walker_med=104.780|walker_max=114.910
STEP|n=548700000|unique=5529853|accepted=36667793|rate=117806.1/s|walker_min=77.194|walker_med=105.783|walker_max=114.959
STEP|n=548800000|unique=5530651|accepted=36668591|rate=117805.3/s|walker_min=76.022|walker_med=100.321|walker_max=114.466
STEP|n=548900000|unique=5531434|accepted=36669374|rate=117806.9/s|walker_min=75.145|walker_med=102.986|walker_max=114.738
STEP|n=549000000|unique=5532048|accepted=36669988|rate=117808.3/s|walker_min=49.137|walker_med=95.405|walker_max=112.091
STEP|n=549100000|unique=5532920|accepted=36670860|rate=117809.8/s|walker_min=58.362|walker_med=104.431|walker_max=114.673
STEP|n=549200000|unique=5533746|accepted=36671686|rate=117811.7/s|walker_min=61.440|walker_med=105.136|walker_max=114.879
STEP|n=549300000|unique=5534533|accepted=36672473|rate=117813.7/s|walker_min=78.006|walker_med=101.137|walker_max=114.407
STEP|n=549400000|unique=5535278|accepted=36673218|rate=117815.7/s|walker_min=82.605|walker_med=104.422|walker_max=114.604
STEP|n=549500000|unique=5536024|accepted=36673964|rate=117817.7/s|walker_min=92.943|walker_med=110.417|walker_max=115.145
STEP|n=549600000|unique=5536859|accepted=36674799|rate=117819.7/s|walker_min=84.334|walker_med=106.389|walker_max=114.890
STEP|n=549700000|unique=5537693|accepted=36675633|rate=117821.6/s|walker_min=81.509|walker_med=106.050|walker_max=114.798
STEP|n=549800000|unique=5538474|accepted=36676414|rate=117823.8/s|walker_min=77.347|walker_med=103.322|walker_max=115.060
STEP|n=549900000|unique=5539314|accepted=36677254|rate=117826.0/s|walker_min=68.023|walker_med=107.314|walker_max=115.141
STEP|n=550000000|unique=5540060|accepted=36678000|rate=117828.2/s|walker_min=51.798|walker_med=108.796|walker_max=114.985
CHECKPOINT|step=550000000|unique=5540060|saved=3000000|min=46.3601|max=108.44
STEP|n=550100000|unique=5540721|accepted=36678661|rate=117629.9/s|walker_min=83.859|walker_med=107.301|walker_max=115.001
STEP|n=550200000|unique=5541519|accepted=36679459|rate=117631.3/s|walker_min=60.035|walker_med=108.758|walker_max=114.179
STEP|n=550300000|unique=5542405|accepted=36680345|rate=117629.9/s|walker_min=79.359|walker_med=105.544|walker_max=114.632
STEP|n=550400000|unique=5543224|accepted=36681164|rate=117631.2/s|walker_min=73.479|walker_med=103.121|walker_max=113.418
STEP|n=550500000|unique=5544170|accepted=36682110|rate=117632.6/s|walker_min=66.187|walker_med=109.887|walker_max=114.882
STEP|n=550600000|unique=5544777|accepted=36682717|rate=117633.9/s|walker_min=66.108|walker_med=106.880|walker_max=114.822
STEP|n=550700000|unique=5545481|accepted=36683421|rate=117635.2/s|walker_min=78.261|walker_med=104.807|walker_max=114.929
STEP|n=550800000|unique=5546218|accepted=36684158|rate=117636.9/s|walker_min=72.605|walker_med=106.755|walker_max=113.778
STEP|n=550900000|unique=5547069|accepted=36685009|rate=117638.6/s|walker_min=65.361|walker_med=99.091|walker_max=112.506
STEP|n=551000000|unique=5548122|accepted=36686062|rate=117640.2/s|walker_min=53.491|walker_med=94.023|walker_max=113.815
STEP|n=551100000|unique=5548973|accepted=36686913|rate=117641.2/s|walker_min=56.457|walker_med=99.960|walker_max=114.206
STEP|n=551200000|unique=5549812|accepted=36687752|rate=117642.4/s|walker_min=60.013|walker_med=99.496|walker_max=112.886
STEP|n=551300000|unique=5550637|accepted=36688577|rate=117643.8/s|walker_min=74.023|walker_med=102.655|walker_max=113.754
STEP|n=551400000|unique=5551486|accepted=36689426|rate=117645.8/s|walker_min=77.561|walker_med=102.902|walker_max=114.910
STEP|n=551500000|unique=5552314|accepted=36690254|rate=117647.9/s|walker_min=66.900|walker_med=110.610|walker_max=115.107
STEP|n=551600000|unique=5553126|accepted=36691066|rate=117649.9/s|walker_min=83.136|walker_med=104.736|walker_max=114.702
STEP|n=551700000|unique=5553915|accepted=36691855|rate=117651.3/s|walker_min=71.844|walker_med=108.677|walker_max=115.052
STEP|n=551800000|unique=5554578|accepted=36692518|rate=117652.7/s|walker_min=78.011|walker_med=107.198|walker_max=114.594
STEP|n=551900000|unique=5555311|accepted=36693251|rate=117654.4/s|walker_min=77.413|walker_med=107.013|walker_max=114.354
STEP|n=552000000|unique=5555996|accepted=36693936|rate=117656.5/s|walker_min=56.551|walker_med=111.153|walker_max=114.977
STEP|n=552100000|unique=5556791|accepted=36694731|rate=117658.6/s|walker_min=91.624|walker_med=109.206|walker_max=114.501
STEP|n=552200000|unique=5557518|accepted=36695458|rate=117660.7/s|walker_min=75.464|walker_med=110.425|walker_max=115.179
STEP|n=552300000|unique=5558286|accepted=36696226|rate=117662.1/s|walker_min=88.285|walker_med=109.641|walker_max=115.080
STEP|n=552400000|unique=5559094|accepted=36697034|rate=117663.6/s|walker_min=85.691|walker_med=107.180|walker_max=114.947
STEP|n=552500000|unique=5559920|accepted=36697860|rate=117665.0/s|walker_min=89.674|walker_med=109.184|walker_max=114.984
STEP|n=552600000|unique=5560691|accepted=36698631|rate=117666.9/s|walker_min=69.364|walker_med=103.494|walker_max=113.718
STEP|n=552700000|unique=5561476|accepted=36699416|rate=117668.7/s|walker_min=63.994|walker_med=106.876|walker_max=115.025
STEP|n=552800000|unique=5562296|accepted=36700236|rate=117670.3/s|walker_min=83.524|walker_med=102.452|walker_max=114.912
STEP|n=552900000|unique=5563045|accepted=36700985|rate=117671.4/s|walker_min=67.748|walker_med=106.973|walker_max=114.786
STEP|n=553000000|unique=5563777|accepted=36701717|rate=117672.5/s|walker_min=47.349|walker_med=89.553|walker_max=114.103
STEP|n=553100000|unique=5564553|accepted=36702493|rate=117673.6/s|walker_min=54.455|walker_med=100.704|walker_max=114.936
STEP|n=553200000|unique=5565306|accepted=36703246|rate=117675.2/s|walker_min=70.776|walker_med=101.184|walker_max=114.573
STEP|n=553300000|unique=5565982|accepted=36703922|rate=117676.9/s|walker_min=88.541|walker_med=106.216|walker_max=115.072
STEP|n=553400000|unique=5566803|accepted=36704743|rate=117678.4/s|walker_min=88.816|walker_med=106.602|walker_max=115.028
STEP|n=553500000|unique=5567559|accepted=36705499|rate=117679.8/s|walker_min=60.622|walker_med=104.436|walker_max=114.227
STEP|n=553600000|unique=5568252|accepted=36706192|rate=117681.2/s|walker_min=75.308|walker_med=105.361|walker_max=115.104
STEP|n=553700000|unique=5568938|accepted=36706878|rate=117683.0/s|walker_min=83.521|walker_med=103.255|walker_max=115.148
STEP|n=553800000|unique=5569594|accepted=36707534|rate=117684.9/s|walker_min=78.914|walker_med=108.893|walker_max=115.116
STEP|n=553900000|unique=5570369|accepted=36708309|rate=117686.8/s|walker_min=84.964|walker_med=107.589|walker_max=115.105
STEP|n=554000000|unique=5571071|accepted=36709011|rate=117688.5/s|walker_min=63.532|walker_med=105.670|walker_max=115.111
STEP|n=554100000|unique=5571714|accepted=36709654|rate=117690.0/s|walker_min=83.544|walker_med=108.733|walker_max=114.689
STEP|n=554200000|unique=5572501|accepted=36710441|rate=117691.4/s|walker_min=85.846|walker_med=108.497|walker_max=114.618
STEP|n=554300000|unique=5573400|accepted=36711340|rate=117693.3/s|walker_min=91.283|walker_med=104.126|walker_max=115.125
STEP|n=554400000|unique=5574149|accepted=36712089|rate=117695.3/s|walker_min=76.264|walker_med=106.902|walker_max=115.005
STEP|n=554500000|unique=5574862|accepted=36712802|rate=117697.2/s|walker_min=82.879|walker_med=109.576|walker_max=114.084
STEP|n=554600000|unique=5575714|accepted=36713654|rate=117698.8/s|walker_min=86.783|walker_med=106.678|walker_max=114.961
STEP|n=554700000|unique=5576606|accepted=36714546|rate=117700.3/s|walker_min=85.214|walker_med=105.770|walker_max=114.885
STEP|n=554800000|unique=5577312|accepted=36715252|rate=117701.6/s|walker_min=71.627|walker_med=104.548|walker_max=114.252
STEP|n=554900000|unique=5578063|accepted=36716003|rate=117703.3/s|walker_min=58.532|walker_med=103.346|walker_max=114.901
STEP|n=555000000|unique=5578740|accepted=36716680|rate=117705.0/s|walker_min=64.356|walker_med=93.444|walker_max=115.157
STEP|n=555100000|unique=5579532|accepted=36717472|rate=117706.4/s|walker_min=66.137|walker_med=100.283|walker_max=113.668
STEP|n=555200000|unique=5580289|accepted=36718229|rate=117707.7/s|walker_min=53.440|walker_med=103.095|walker_max=115.113
STEP|n=555300000|unique=5580885|accepted=36718825|rate=117708.9/s|walker_min=71.493|walker_med=107.778|walker_max=114.944
STEP|n=555400000|unique=5581576|accepted=36719516|rate=117710.3/s|walker_min=74.693|walker_med=106.172|walker_max=115.096
STEP|n=555500000|unique=5582372|accepted=36720312|rate=117712.2/s|walker_min=81.904|walker_med=108.029|walker_max=114.890
STEP|n=555600000|unique=5583103|accepted=36721043|rate=117714.1/s|walker_min=50.758|walker_med=105.528|walker_max=114.912
STEP|n=555700000|unique=5583728|accepted=36721668|rate=117716.1/s|walker_min=92.706|walker_med=105.708|walker_max=115.074
STEP|n=555800000|unique=5584433|accepted=36722373|rate=117717.6/s|walker_min=71.215|walker_med=106.926|walker_max=113.657
STEP|n=555900000|unique=5585119|accepted=36723059|rate=117719.1/s|walker_min=77.549|walker_med=108.108|walker_max=115.137
STEP|n=556000000|unique=5585849|accepted=36723789|rate=117720.6/s|walker_min=84.941|walker_med=107.200|walker_max=115.141
STEP|n=556100000|unique=5586528|accepted=36724468|rate=117722.4/s|walker_min=77.955|walker_med=107.147|walker_max=115.058
STEP|n=556200000|unique=5587284|accepted=36725224|rate=117724.4/s|walker_min=86.127|walker_med=106.787|walker_max=114.818
STEP|n=556300000|unique=5588025|accepted=36725965|rate=117726.3/s|walker_min=85.018|walker_med=105.482|walker_max=115.159
STEP|n=556400000|unique=5588804|accepted=36726744|rate=117727.7/s|walker_min=77.016|walker_med=105.347|walker_max=114.911
STEP|n=556500000|unique=5589618|accepted=36727558|rate=117729.1/s|walker_min=82.801|walker_med=104.354|walker_max=115.003
STEP|n=556600000|unique=5590323|accepted=36728263|rate=117730.6/s|walker_min=54.700|walker_med=101.899|walker_max=114.769
STEP|n=556700000|unique=5591152|accepted=36729092|rate=117732.4/s|walker_min=64.237|walker_med=103.975|walker_max=115.105
STEP|n=556800000|unique=5592044|accepted=36729984|rate=117734.3/s|walker_min=67.840|walker_med=104.433|walker_max=114.822
STEP|n=556900000|unique=5592963|accepted=36730903|rate=117732.8/s|walker_min=56.352|walker_med=99.027|walker_max=114.988
STEP|n=557000000|unique=5593791|accepted=36731731|rate=117733.7/s|walker_min=59.337|walker_med=92.580|walker_max=113.979
STEP|n=557100000|unique=5594453|accepted=36732393|rate=117734.6/s|walker_min=53.738|walker_med=102.378|walker_max=114.615
STEP|n=557200000|unique=5595223|accepted=36733163|rate=117736.2/s|walker_min=72.686|walker_med=108.628|walker_max=114.817
STEP|n=557300000|unique=5596094|accepted=36734034|rate=117738.4/s|walker_min=56.752|walker_med=108.627|walker_max=115.082
STEP|n=557400000|unique=5596913|accepted=36734853|rate=117740.5/s|walker_min=77.703|walker_med=101.355|walker_max=115.181
STEP|n=557500000|unique=5597812|accepted=36735752|rate=117742.3/s|walker_min=78.401|walker_med=104.736|walker_max=114.256
STEP|n=557600000|unique=5598562|accepted=36736502|rate=117743.8/s|walker_min=81.915|walker_med=107.895|walker_max=114.638
STEP|n=557700000|unique=5599356|accepted=36737296|rate=117745.4/s|walker_min=78.312|walker_med=106.064|walker_max=114.981
STEP|n=557800000|unique=5600159|accepted=36738099|rate=117747.0/s|walker_min=74.902|walker_med=104.771|walker_max=114.937
STEP|n=557900000|unique=5600911|accepted=36738851|rate=117749.0/s|walker_min=86.472|walker_med=107.653|walker_max=114.253
STEP|n=558000000|unique=5601546|accepted=36739486|rate=117750.9/s|walker_min=80.615|walker_med=105.977|walker_max=115.133
STEP|n=558100000|unique=5602296|accepted=36740236|rate=117752.6/s|walker_min=76.008|walker_med=106.296|walker_max=114.777
STEP|n=558200000|unique=5603113|accepted=36741053|rate=117754.1/s|walker_min=84.419|walker_med=108.650|walker_max=115.180
STEP|n=558300000|unique=5603838|accepted=36741778|rate=117755.4/s|walker_min=77.442|walker_med=109.114|walker_max=114.757
STEP|n=558400000|unique=5604518|accepted=36742458|rate=117757.2/s|walker_min=79.342|walker_med=110.258|walker_max=115.054
STEP|n=558500000|unique=5605229|accepted=36743169|rate=117759.1/s|walker_min=73.358|walker_med=109.095|walker_max=114.874
STEP|n=558600000|unique=5605837|accepted=36743777|rate=117760.9/s|walker_min=82.219|walker_med=108.876|walker_max=114.723
STEP|n=558700000|unique=5606570|accepted=36744510|rate=117762.5/s|walker_min=87.928|walker_med=105.685|walker_max=114.974
STEP|n=558800000|unique=5607410|accepted=36745350|rate=117763.9/s|walker_min=72.242|walker_med=108.201|walker_max=114.905
STEP|n=558900000|unique=5608192|accepted=36746132|rate=117765.2/s|walker_min=48.969|walker_med=103.542|walker_max=114.138
STEP|n=559000000|unique=5609016|accepted=36746956|rate=117766.5/s|walker_min=60.582|walker_med=95.818|walker_max=114.413
STEP|n=559100000|unique=5609740|accepted=36747680|rate=117768.0/s|walker_min=60.611|walker_med=101.556|walker_max=111.099
STEP|n=559200000|unique=5610526|accepted=36748466|rate=117769.7/s|walker_min=77.868|walker_med=103.211|walker_max=115.007
STEP|n=559300000|unique=5611250|accepted=36749190|rate=117771.1/s|walker_min=73.710|walker_med=102.878|walker_max=114.683
STEP|n=559400000|unique=5612050|accepted=36749990|rate=117772.5/s|walker_min=75.326|walker_med=106.888|walker_max=114.683
STEP|n=559500000|unique=5613051|accepted=36750991|rate=117773.9/s|walker_min=86.701|walker_med=107.379|walker_max=115.172
STEP|n=559600000|unique=5613709|accepted=36751649|rate=117775.7/s|walker_min=67.177|walker_med=102.717|walker_max=114.683
STEP|n=559700000|unique=5614560|accepted=36752500|rate=117777.6/s|walker_min=87.949|walker_med=109.064|walker_max=114.806
STEP|n=559800000|unique=5615321|accepted=36753261|rate=117779.5/s|walker_min=74.558|walker_med=107.269|walker_max=114.642
STEP|n=559900000|unique=5616174|accepted=36754114|rate=117781.1/s|walker_min=87.047|walker_med=105.531|walker_max=114.214
STEP|n=560000000|unique=5616941|accepted=36754881|rate=117782.6/s|walker_min=75.273|walker_med=106.559|walker_max=113.940
STEP|n=560100000|unique=5617615|accepted=36755555|rate=117784.0/s|walker_min=80.265|walker_med=105.130|walker_max=115.028
STEP|n=560200000|unique=5618444|accepted=36756384|rate=117786.1/s|walker_min=65.579|walker_med=107.479|walker_max=115.099
STEP|n=560300000|unique=5619122|accepted=36757062|rate=117788.4/s|walker_min=86.269|walker_med=108.820|walker_max=115.177
STEP|n=560400000|unique=5619935|accepted=36757875|rate=117790.6/s|walker_min=80.527|walker_med=102.139|walker_max=114.228
STEP|n=560500000|unique=5620747|accepted=36758687|rate=117792.2/s|walker_min=94.691|walker_med=107.132|walker_max=114.524
STEP|n=560600000|unique=5621471|accepted=36759411|rate=117793.7/s|walker_min=81.756|walker_med=109.681|walker_max=115.042
STEP|n=560700000|unique=5622221|accepted=36760161|rate=117795.2/s|walker_min=69.037|walker_med=107.678|walker_max=115.049
STEP|n=560800000|unique=5622899|accepted=36760839|rate=117797.2/s|walker_min=63.240|walker_med=103.687|walker_max=114.642
STEP|n=560900000|unique=5623697|accepted=36761637|rate=117799.2/s|walker_min=64.821|walker_med=102.258|walker_max=114.959
STEP|n=561000000|unique=5624456|accepted=36762396|rate=117801.1/s|walker_min=50.673|walker_med=98.913|walker_max=113.476
STEP|n=561100000|unique=5625206|accepted=36763146|rate=117802.0/s|walker_min=59.845|walker_med=106.668|walker_max=114.929
STEP|n=561200000|unique=5626027|accepted=36763967|rate=117803.3/s|walker_min=61.906|walker_med=104.855|walker_max=114.612
STEP|n=561300000|unique=5626910|accepted=36764850|rate=117804.7/s|walker_min=83.662|walker_med=107.358|walker_max=114.245
STEP|n=561400000|unique=5627568|accepted=36765508|rate=117807.0/s|walker_min=89.842|walker_med=106.477|walker_max=113.924
STEP|n=561500000|unique=5628271|accepted=36766211|rate=117809.3/s|walker_min=80.369|walker_med=109.444|walker_max=115.057
STEP|n=561600000|unique=5629015|accepted=36766955|rate=117811.5/s|walker_min=87.056|walker_med=108.609|walker_max=114.514
STEP|n=561700000|unique=5629661|accepted=36767601|rate=117812.9/s|walker_min=69.356|walker_med=106.119|walker_max=114.531
STEP|n=561800000|unique=5630305|accepted=36768245|rate=117814.4/s|walker_min=81.566|walker_med=105.264|walker_max=115.098
STEP|n=561900000|unique=5631067|accepted=36769007|rate=117816.1/s|walker_min=57.044|walker_med=106.629|walker_max=115.167
STEP|n=562000000|unique=5631847|accepted=36769787|rate=117818.5/s|walker_min=87.351|walker_med=107.926|walker_max=114.456
STEP|n=562100000|unique=5632703|accepted=36770643|rate=117820.9/s|walker_min=84.698|walker_med=103.260|walker_max=115.051
STEP|n=562200000|unique=5633541|accepted=36771481|rate=117823.2/s|walker_min=81.828|walker_med=104.772|walker_max=115.052
STEP|n=562300000|unique=5634258|accepted=36772198|rate=117824.7/s|walker_min=78.728|walker_med=103.001|walker_max=114.799
STEP|n=562400000|unique=5635006|accepted=36772946|rate=117826.1/s|walker_min=86.192|walker_med=108.370|walker_max=115.057
STEP|n=562500000|unique=5635708|accepted=36773648|rate=117827.7/s|walker_min=86.970|walker_med=104.712|walker_max=114.382
STEP|n=562600000|unique=5636421|accepted=36774361|rate=117829.8/s|walker_min=77.011|walker_med=108.509|walker_max=114.006
STEP|n=562700000|unique=5637293|accepted=36775233|rate=117832.0/s|walker_min=67.684|walker_med=104.731|walker_max=115.085
STEP|n=562800000|unique=5638003|accepted=36775943|rate=117834.0/s|walker_min=51.175|walker_med=102.827|walker_max=114.719
STEP|n=562900000|unique=5638727|accepted=36776667|rate=117835.2/s|walker_min=68.577|walker_med=99.620|walker_max=115.016
STEP|n=563000000|unique=5639306|accepted=36777246|rate=117836.1/s|walker_min=49.560|walker_med=96.787|walker_max=111.906
STEP|n=563100000|unique=5639964|accepted=36777904|rate=117837.0/s|walker_min=61.333|walker_med=97.562|walker_max=114.239
STEP|n=563200000|unique=5640782|accepted=36778722|rate=117839.0/s|walker_min=78.458|walker_med=107.771|walker_max=114.665
STEP|n=563300000|unique=5641650|accepted=36779590|rate=117841.2/s|walker_min=72.763|walker_med=104.653|walker_max=115.163
STEP|n=563400000|unique=5642504|accepted=36780444|rate=117843.5/s|walker_min=66.971|walker_med=105.255|walker_max=114.976
STEP|n=563500000|unique=5643215|accepted=36781155|rate=117844.9/s|walker_min=83.055|walker_med=104.372|walker_max=114.424
STEP|n=563600000|unique=5643951|accepted=36781891|rate=117846.4/s|walker_min=88.438|walker_med=107.360|walker_max=115.143
STEP|n=563700000|unique=5644719|accepted=36782659|rate=117848.0/s|walker_min=81.399|walker_med=107.952|walker_max=115.060
STEP|n=563800000|unique=5645474|accepted=36783414|rate=117850.4/s|walker_min=78.984|walker_med=109.178|walker_max=115.009
STEP|n=563900000|unique=5646259|accepted=36784199|rate=117852.7/s|walker_min=92.195|walker_med=107.085|walker_max=114.876
STEP|n=564000000|unique=5646919|accepted=36784859|rate=117854.9/s|walker_min=79.442|walker_med=106.823|walker_max=114.687
STEP|n=564100000|unique=5647662|accepted=36785602|rate=117856.2/s|walker_min=85.353|walker_med=109.057|walker_max=114.752
STEP|n=564200000|unique=5648386|accepted=36786326|rate=117857.8/s|walker_min=70.575|walker_med=107.968|walker_max=114.862
STEP|n=564300000|unique=5649131|accepted=36787071|rate=117859.5/s|walker_min=90.017|walker_med=105.985|walker_max=114.286
STEP|n=564400000|unique=5649975|accepted=36787915|rate=117861.8/s|walker_min=85.382|walker_med=104.747|walker_max=114.918
STEP|n=564500000|unique=5650900|accepted=36788840|rate=117864.1/s|walker_min=80.901|walker_med=104.511|walker_max=113.725
STEP|n=564600000|unique=5651610|accepted=36789550|rate=117866.2/s|walker_min=83.055|walker_med=104.919|walker_max=114.170
STEP|n=564700000|unique=5652278|accepted=36790218|rate=117867.6/s|walker_min=80.153|walker_med=103.703|walker_max=115.077
STEP|n=564800000|unique=5653016|accepted=36790956|rate=117869.0/s|walker_min=62.197|walker_med=102.802|walker_max=114.705
STEP|n=564900000|unique=5653831|accepted=36791771|rate=117870.7/s|walker_min=65.779|walker_med=102.650|walker_max=114.783
STEP|n=565000000|unique=5654794|accepted=36792734|rate=117872.7/s|walker_min=65.222|walker_med=96.427|walker_max=114.606
STEP|n=565100000|unique=5655497|accepted=36793437|rate=117874.4/s|walker_min=66.032|walker_med=98.823|walker_max=114.783
STEP|n=565200000|unique=5656334|accepted=36794274|rate=117876.0/s|walker_min=87.867|walker_med=105.530|walker_max=114.647
STEP|n=565300000|unique=5656993|accepted=36794933|rate=117877.2/s|walker_min=77.717|walker_med=106.340|walker_max=115.067
STEP|n=565400000|unique=5657788|accepted=36795728|rate=117878.5/s|walker_min=74.896|walker_med=108.472|walker_max=115.063
STEP|n=565500000|unique=5658496|accepted=36796436|rate=117880.3/s|walker_min=79.688|walker_med=108.993|walker_max=115.122
STEP|n=565600000|unique=5659203|accepted=36797143|rate=117882.6/s|walker_min=80.113|walker_med=106.655|walker_max=114.503
STEP|n=565700000|unique=5659955|accepted=36797895|rate=117884.7/s|walker_min=78.320|walker_med=107.048|walker_max=114.384
STEP|n=565800000|unique=5660715|accepted=36798655|rate=117886.6/s|walker_min=87.318|walker_med=110.988|walker_max=115.143
STEP|n=565900000|unique=5661462|accepted=36799402|rate=117888.0/s|walker_min=82.841|walker_med=106.280|walker_max=114.988
STEP|n=566000000|unique=5662146|accepted=36800086|rate=117889.3/s|walker_min=77.571|walker_med=108.629|walker_max=115.095
STEP|n=566100000|unique=5662795|accepted=36800735|rate=117891.2/s|walker_min=85.486|walker_med=110.077|walker_max=114.903
STEP|n=566200000|unique=5663550|accepted=36801490|rate=117893.4/s|walker_min=87.768|walker_med=107.462|walker_max=114.892
STEP|n=566300000|unique=5664262|accepted=36802202|rate=117895.6/s|walker_min=74.189|walker_med=106.834|walker_max=115.092
STEP|n=566400000|unique=5665004|accepted=36802944|rate=117897.6/s|walker_min=97.776|walker_med=107.448|walker_max=114.922
STEP|n=566500000|unique=5665754|accepted=36803694|rate=117899.1/s|walker_min=78.303|walker_med=106.933|walker_max=114.979
STEP|n=566600000|unique=5666467|accepted=36804407|rate=117900.6/s|walker_min=88.702|walker_med=106.181|walker_max=114.791
STEP|n=566700000|unique=5667106|accepted=36805046|rate=117902.3/s|walker_min=77.621|walker_med=106.230|walker_max=115.083
STEP|n=566800000|unique=5667957|accepted=36805897|rate=117904.4/s|walker_min=78.453|walker_med=104.871|walker_max=114.335
STEP|n=566900000|unique=5668674|accepted=36806614|rate=117906.4/s|walker_min=52.213|walker_med=103.764|walker_max=114.940
STEP|n=567000000|unique=5669430|accepted=36807370|rate=117907.8/s|walker_min=51.444|walker_med=89.478|walker_max=114.382
STEP|n=567100000|unique=5670359|accepted=36808299|rate=117908.8/s|walker_min=72.645|walker_med=103.692|walker_max=114.879
STEP|n=567200000|unique=5671274|accepted=36809214|rate=117909.9/s|walker_min=66.562|walker_med=106.315|walker_max=114.375
STEP|n=567300000|unique=5672054|accepted=36809994|rate=117911.6/s|walker_min=56.173|walker_med=103.789|walker_max=114.548
STEP|n=567400000|unique=5672885|accepted=36810825|rate=117913.7/s|walker_min=92.624|walker_med=107.581|walker_max=114.695
STEP|n=567500000|unique=5673686|accepted=36811626|rate=117915.8/s|walker_min=62.664|walker_med=106.435|walker_max=114.801
STEP|n=567600000|unique=5674377|accepted=36812317|rate=117917.5/s|walker_min=84.802|walker_med=109.143|walker_max=114.413
STEP|n=567700000|unique=5675038|accepted=36812978|rate=117918.8/s|walker_min=64.410|walker_med=105.525|walker_max=114.400
STEP|n=567800000|unique=5675720|accepted=36813660|rate=117917.5/s|walker_min=72.968|walker_med=110.564|walker_max=114.943
STEP|n=567900000|unique=5676370|accepted=36814310|rate=117919.5/s|walker_min=74.973|walker_med=109.454|walker_max=114.942
STEP|n=568000000|unique=5677043|accepted=36814983|rate=117921.7/s|walker_min=87.559|walker_med=107.265|walker_max=114.610
STEP|n=568100000|unique=5677761|accepted=36815701|rate=117923.9/s|walker_min=81.776|walker_med=105.717|walker_max=114.682
STEP|n=568200000|unique=5678507|accepted=36816447|rate=117925.4/s|walker_min=65.276|walker_med=107.267|walker_max=114.730
STEP|n=568300000|unique=5679233|accepted=36817173|rate=117926.8/s|walker_min=82.220|walker_med=104.900|walker_max=114.052
STEP|n=568400000|unique=5679909|accepted=36817849|rate=117928.2/s|walker_min=86.046|walker_med=107.198|walker_max=115.172
STEP|n=568500000|unique=5680583|accepted=36818523|rate=117930.3/s|walker_min=64.620|walker_med=107.974|walker_max=114.548
STEP|n=568600000|unique=5681476|accepted=36819416|rate=117932.5/s|walker_min=64.574|walker_med=108.893|walker_max=115.130
STEP|n=568700000|unique=5682160|accepted=36820100|rate=117934.7/s|walker_min=83.435|walker_med=105.984|walker_max=114.979
STEP|n=568800000|unique=5682840|accepted=36820780|rate=117936.1/s|walker_min=77.253|walker_med=101.031|walker_max=115.005
STEP|n=568900000|unique=5683522|accepted=36821462|rate=117937.3/s|walker_min=67.979|walker_med=104.040|walker_max=114.088
STEP|n=569000000|unique=5684194|accepted=36822134|rate=117938.1/s|walker_min=56.687|walker_med=95.682|walker_max=114.117
STEP|n=569100000|unique=5684999|accepted=36822939|rate=117939.9/s|walker_min=55.157|walker_med=102.732|walker_max=114.305
STEP|n=569200000|unique=5685781|accepted=36823721|rate=117941.9/s|walker_min=79.710|walker_med=104.031|walker_max=114.464
STEP|n=569300000|unique=5686578|accepted=36824518|rate=117943.9/s|walker_min=84.203|walker_med=105.799|walker_max=115.025
STEP|n=569400000|unique=5687300|accepted=36825240|rate=117945.3/s|walker_min=82.841|walker_med=102.674|walker_max=115.077
STEP|n=569500000|unique=5687992|accepted=36825932|rate=117946.6/s|walker_min=72.765|walker_med=102.275|walker_max=114.676
STEP|n=569600000|unique=5688871|accepted=36826811|rate=117948.1/s|walker_min=66.589|walker_med=105.972|walker_max=112.470
STEP|n=569700000|unique=5689696|accepted=36827636|rate=117950.4/s|walker_min=81.204|walker_med=107.877|walker_max=114.926
STEP|n=569800000|unique=5690493|accepted=36828433|rate=117952.6/s|walker_min=83.101|walker_med=107.295|walker_max=114.895
STEP|n=569900000|unique=5691371|accepted=36829311|rate=117954.8/s|walker_min=64.711|walker_med=107.626|walker_max=114.989
STEP|n=570000000|unique=5692115|accepted=36830055|rate=117956.3/s|walker_min=73.776|walker_med=108.959|walker_max=115.007
STEP|n=570100000|unique=5692886|accepted=36830826|rate=117957.8/s|walker_min=73.941|walker_med=109.123|walker_max=115.088
STEP|n=570200000|unique=5693669|accepted=36831609|rate=117959.2/s|walker_min=70.634|walker_med=110.410|walker_max=115.111
STEP|n=570300000|unique=5694370|accepted=36832310|rate=117961.5/s|walker_min=66.333|walker_med=105.659|walker_max=115.094
STEP|n=570400000|unique=5695146|accepted=36833086|rate=117963.6/s|walker_min=80.640|walker_med=107.659|walker_max=114.504
STEP|n=570500000|unique=5695787|accepted=36833727|rate=117965.8/s|walker_min=90.992|walker_med=105.387|walker_max=115.135
STEP|n=570600000|unique=5696561|accepted=36834501|rate=117967.1/s|walker_min=83.439|walker_med=106.238|walker_max=114.962
STEP|n=570700000|unique=5697244|accepted=36835184|rate=117968.4/s|walker_min=74.199|walker_med=104.806|walker_max=115.094
STEP|n=570800000|unique=5697908|accepted=36835848|rate=117969.8/s|walker_min=78.467|walker_med=103.518|walker_max=114.760
STEP|n=570900000|unique=5698645|accepted=36836585|rate=117971.9/s|walker_min=66.692|walker_med=99.871|walker_max=115.116
STEP|n=571000000|unique=5699340|accepted=36837280|rate=117973.9/s|walker_min=64.230|walker_med=86.578|walker_max=113.413
STEP|n=571100000|unique=5700152|accepted=36838092|rate=117975.7/s|walker_min=67.327|walker_med=105.341|walker_max=114.727
STEP|n=571200000|unique=5700951|accepted=36838891|rate=117977.1/s|walker_min=65.683|walker_med=105.722|walker_max=114.664
STEP|n=571300000|unique=5701788|accepted=36839728|rate=117978.4/s|walker_min=56.245|walker_med=104.243|walker_max=112.982
STEP|n=571400000|unique=5702610|accepted=36840550|rate=117979.7/s|walker_min=79.972|walker_med=107.023|walker_max=114.492
STEP|n=571500000|unique=5703323|accepted=36841263|rate=117981.9/s|walker_min=79.146|walker_med=107.978|walker_max=115.049
STEP|n=571600000|unique=5704013|accepted=36841953|rate=117984.1/s|walker_min=75.728|walker_med=110.489|walker_max=115.083
STEP|n=571700000|unique=5704763|accepted=36842703|rate=117986.3/s|walker_min=88.565|walker_med=107.953|walker_max=114.961
STEP|n=571800000|unique=5705484|accepted=36843424|rate=117987.7/s|walker_min=68.450|walker_med=105.920|walker_max=114.773
STEP|n=571900000|unique=5706219|accepted=36844159|rate=117988.9/s|walker_min=58.018|walker_med=105.541|walker_max=115.149
STEP|n=572000000|unique=5706867|accepted=36844807|rate=117990.4/s|walker_min=86.605|walker_med=110.440|walker_max=114.738
STEP|n=572100000|unique=5707569|accepted=36845509|rate=117992.5/s|walker_min=75.268|walker_med=104.486|walker_max=115.139
STEP|n=572200000|unique=5708348|accepted=36846288|rate=117994.6/s|walker_min=80.988|walker_med=108.506|walker_max=114.441
STEP|n=572300000|unique=5709203|accepted=36847143|rate=117996.7/s|walker_min=69.998|walker_med=105.928|walker_max=115.107
STEP|n=572400000|unique=5709996|accepted=36847936|rate=117998.0/s|walker_min=82.411|walker_med=104.210|walker_max=114.976
STEP|n=572500000|unique=5710648|accepted=36848588|rate=117999.4/s|walker_min=76.049|walker_med=105.731|walker_max=115.114
STEP|n=572600000|unique=5711240|accepted=36849180|rate=118001.0/s|walker_min=79.594|walker_med=108.014|walker_max=115.099
STEP|n=572700000|unique=5711914|accepted=36849854|rate=118003.2/s|walker_min=76.693|walker_med=102.528|walker_max=114.974
STEP|n=572800000|unique=5712650|accepted=36850590|rate=118005.2/s|walker_min=65.521|walker_med=105.085|walker_max=114.694
STEP|n=572900000|unique=5713357|accepted=36851297|rate=118007.1/s|walker_min=69.009|walker_med=104.271|walker_max=112.844
STEP|n=573000000|unique=5714182|accepted=36852122|rate=118008.1/s|walker_min=60.744|walker_med=93.447|walker_max=114.545
STEP|n=573100000|unique=5714980|accepted=36852920|rate=118009.1/s|walker_min=57.399|walker_med=96.623|walker_max=113.643
STEP|n=573200000|unique=5715883|accepted=36853823|rate=118010.7/s|walker_min=66.582|walker_med=103.615|walker_max=114.667
STEP|n=573300000|unique=5716735|accepted=36854675|rate=118012.7/s|walker_min=76.801|walker_med=101.926|walker_max=114.455
STEP|n=573400000|unique=5717563|accepted=36855503|rate=118014.8/s|walker_min=78.161|walker_med=105.065|walker_max=115.014
STEP|n=573500000|unique=5718303|accepted=36856243|rate=118016.8/s|walker_min=60.363|walker_med=106.041|walker_max=114.376
STEP|n=573600000|unique=5719161|accepted=36857101|rate=118018.2/s|walker_min=77.399|walker_med=102.317|walker_max=115.065
STEP|n=573700000|unique=5719917|accepted=36857857|rate=118019.5/s|walker_min=69.314|walker_med=108.624|walker_max=115.122
STEP|n=573800000|unique=5720671|accepted=36858611|rate=118021.0/s|walker_min=89.703|walker_med=105.030|walker_max=114.185
STEP|n=573900000|unique=5721362|accepted=36859302|rate=118022.1/s|walker_min=81.700|walker_med=105.040|walker_max=114.921
STEP|n=574000000|unique=5722126|accepted=36860066|rate=118023.3/s|walker_min=79.347|walker_med=106.716|walker_max=114.780
STEP|n=574100000|unique=5722783|accepted=36860723|rate=118024.8/s|walker_min=62.294|walker_med=105.468|walker_max=115.108
STEP|n=574200000|unique=5723530|accepted=36861470|rate=118026.8/s|walker_min=92.666|walker_med=106.355|walker_max=115.125
STEP|n=574300000|unique=5724420|accepted=36862360|rate=118028.9/s|walker_min=75.306|walker_med=108.580|walker_max=114.856
STEP|n=574400000|unique=5725244|accepted=36863184|rate=118030.5/s|walker_min=85.020|walker_med=104.071|walker_max=114.640
STEP|n=574500000|unique=5726193|accepted=36864133|rate=118031.7/s|walker_min=66.898|walker_med=105.349|walker_max=115.071
STEP|n=574600000|unique=5727015|accepted=36864955|rate=118032.8/s|walker_min=67.795|walker_med=107.293|walker_max=114.864
STEP|n=574700000|unique=5727813|accepted=36865753|rate=118034.4/s|walker_min=63.094|walker_med=102.739|walker_max=115.021
STEP|n=574800000|unique=5728573|accepted=36866513|rate=118036.2/s|walker_min=73.617|walker_med=104.045|walker_max=114.007
STEP|n=574900000|unique=5729288|accepted=36867228|rate=118037.9/s|walker_min=68.604|walker_med=101.290|walker_max=114.312
STEP|n=575000000|unique=5730045|accepted=36867985|rate=118039.1/s|walker_min=54.219|walker_med=97.092|walker_max=115.178
STEP|n=575100000|unique=5730753|accepted=36868693|rate=118039.9/s|walker_min=54.215|walker_med=98.627|walker_max=114.592
STEP|n=575200000|unique=5731540|accepted=36869480|rate=118040.9/s|walker_min=67.028|walker_med=100.916|walker_max=115.152
STEP|n=575300000|unique=5732184|accepted=36870124|rate=118042.4/s|walker_min=73.892|walker_med=103.454|walker_max=114.682
STEP|n=575400000|unique=5732926|accepted=36870866|rate=118044.0/s|walker_min=95.509|walker_med=109.000|walker_max=114.990
STEP|n=575500000|unique=5733650|accepted=36871590|rate=118045.8/s|walker_min=77.694|walker_med=104.284|walker_max=115.015
STEP|n=575600000|unique=5734412|accepted=36872352|rate=118047.1/s|walker_min=63.126|walker_med=109.368|walker_max=115.066
STEP|n=575700000|unique=5735162|accepted=36873102|rate=118048.3/s|walker_min=80.744|walker_med=106.671|walker_max=115.029
STEP|n=575800000|unique=5736047|accepted=36873987|rate=118049.6/s|walker_min=83.818|walker_med=107.751|walker_max=114.629
STEP|n=575900000|unique=5736728|accepted=36874668|rate=118051.5/s|walker_min=95.655|walker_med=107.388|walker_max=115.022
STEP|n=576000000|unique=5737358|accepted=36875298|rate=118053.3/s|walker_min=56.044|walker_med=108.642|walker_max=114.975
STEP|n=576100000|unique=5738078|accepted=36876018|rate=118055.2/s|walker_min=84.020|walker_med=102.132|walker_max=115.080
STEP|n=576200000|unique=5738788|accepted=36876728|rate=118056.6/s|walker_min=73.185|walker_med=109.451|walker_max=115.075
STEP|n=576300000|unique=5739363|accepted=36877303|rate=118057.9/s|walker_min=74.088|walker_med=107.153|walker_max=114.110
STEP|n=576400000|unique=5740043|accepted=36877983|rate=118059.2/s|walker_min=87.672|walker_med=106.719|walker_max=114.811
STEP|n=576500000|unique=5740708|accepted=36878648|rate=118061.0/s|walker_min=79.336|walker_med=106.247|walker_max=115.141
STEP|n=576600000|unique=5741409|accepted=36879349|rate=118063.0/s|walker_min=73.527|walker_med=105.635|walker_max=114.869
STEP|n=576700000|unique=5742195|accepted=36880135|rate=118064.8/s|walker_min=67.240|walker_med=103.524|walker_max=115.162
STEP|n=576800000|unique=5742847|accepted=36880787|rate=118066.0/s|walker_min=82.416|walker_med=102.068|walker_max=114.023
STEP|n=576900000|unique=5743673|accepted=36881613|rate=118067.0/s|walker_min=66.297|walker_med=98.514|walker_max=114.587
STEP|n=577000000|unique=5744314|accepted=36882254|rate=118067.8/s|walker_min=62.577|walker_med=93.137|walker_max=114.159
STEP|n=577100000|unique=5745027|accepted=36882967|rate=118069.2/s|walker_min=50.379|walker_med=99.435|walker_max=115.131
STEP|n=577200000|unique=5745724|accepted=36883664|rate=118070.8/s|walker_min=67.618|walker_med=107.225|walker_max=114.944
STEP|n=577300000|unique=5746376|accepted=36884316|rate=118072.5/s|walker_min=59.435|walker_med=103.298|walker_max=114.524
STEP|n=577400000|unique=5747144|accepted=36885084|rate=118073.6/s|walker_min=73.094|walker_med=104.287|walker_max=114.958
STEP|n=577500000|unique=5747833|accepted=36885773|rate=118074.8/s|walker_min=76.319|walker_med=107.377|walker_max=115.149
STEP|n=577600000|unique=5748545|accepted=36886485|rate=118076.2/s|walker_min=89.280|walker_med=107.996|walker_max=115.173
STEP|n=577700000|unique=5749283|accepted=36887223|rate=118078.3/s|walker_min=79.042|walker_med=106.598|walker_max=114.706
STEP|n=577800000|unique=5750031|accepted=36887971|rate=118080.2/s|walker_min=83.779|walker_med=106.454|walker_max=114.930
STEP|n=577900000|unique=5750690|accepted=36888630|rate=118082.1/s|walker_min=73.702|walker_med=107.346|walker_max=114.793
STEP|n=578000000|unique=5751323|accepted=36889263|rate=118083.3/s|walker_min=69.028|walker_med=109.039|walker_max=114.780
STEP|n=578100000|unique=5752121|accepted=36890061|rate=118084.6/s|walker_min=83.221|walker_med=111.290|walker_max=115.085
STEP|n=578200000|unique=5752897|accepted=36890837|rate=118086.2/s|walker_min=79.732|walker_med=110.304|walker_max=115.005
STEP|n=578300000|unique=5753589|accepted=36891529|rate=118088.1/s|walker_min=74.673|walker_med=105.278|walker_max=115.137
STEP|n=578400000|unique=5754304|accepted=36892244|rate=118090.1/s|walker_min=80.179|walker_med=102.912|walker_max=115.115
STEP|n=578500000|unique=5755087|accepted=36893027|rate=118091.9/s|walker_min=76.447|walker_med=104.209|walker_max=115.116
STEP|n=578600000|unique=5755845|accepted=36893785|rate=118093.2/s|walker_min=80.516|walker_med=104.289|walker_max=115.057
STEP|n=578700000|unique=5756593|accepted=36894533|rate=118094.5/s|walker_min=72.665|walker_med=101.091|walker_max=114.001
STEP|n=578800000|unique=5757362|accepted=36895302|rate=118096.0/s|walker_min=72.009|walker_med=103.276|walker_max=114.829
STEP|n=578900000|unique=5758146|accepted=36896086|rate=118097.8/s|walker_min=62.552|walker_med=105.152|walker_max=115.070
STEP|n=579000000|unique=5758857|accepted=36896797|rate=118099.3/s|walker_min=47.375|walker_med=89.073|walker_max=112.893
STEP|n=579100000|unique=5759597|accepted=36897537|rate=118100.5/s|walker_min=55.926|walker_med=100.274|walker_max=114.365
STEP|n=579200000|unique=5760440|accepted=36898380|rate=118101.6/s|walker_min=72.880|walker_med=102.417|walker_max=115.138
STEP|n=579300000|unique=5761251|accepted=36899191|rate=118102.7/s|walker_min=71.448|walker_med=105.420|walker_max=115.023
STEP|n=579400000|unique=5762158|accepted=36900098|rate=118104.3/s|walker_min=81.238|walker_med=105.336|walker_max=115.062
STEP|n=579500000|unique=5762928|accepted=36900868|rate=118106.3/s|walker_min=96.695|walker_med=108.348|walker_max=115.125
STEP|n=579600000|unique=5763738|accepted=36901678|rate=118108.3/s|walker_min=86.737|walker_med=107.475|walker_max=114.987
STEP|n=579700000|unique=5764567|accepted=36902507|rate=118109.9/s|walker_min=93.646|walker_med=108.030|walker_max=115.162
STEP|n=579800000|unique=5765250|accepted=36903190|rate=118111.1/s|walker_min=81.240|walker_med=106.279|walker_max=114.833
STEP|n=579900000|unique=5765941|accepted=36903881|rate=118112.4/s|walker_min=78.206|walker_med=104.414|walker_max=114.996
STEP|n=580000000|unique=5766793|accepted=36904733|rate=118114.0/s|walker_min=88.126|walker_med=108.065|walker_max=114.968
STEP|n=580100000|unique=5767476|accepted=36905416|rate=118115.9/s|walker_min=60.269|walker_med=108.036|walker_max=115.148
STEP|n=580200000|unique=5768139|accepted=36906079|rate=118117.8/s|walker_min=86.934|walker_med=107.492|walker_max=115.084
STEP|n=580300000|unique=5768873|accepted=36906813|rate=118119.3/s|walker_min=72.098|walker_med=108.071|walker_max=113.955
STEP|n=580400000|unique=5769639|accepted=36907579|rate=118120.5/s|walker_min=86.977|walker_med=104.506|walker_max=114.392
STEP|n=580500000|unique=5770427|accepted=36908367|rate=118121.7/s|walker_min=58.038|walker_med=105.402|walker_max=115.068
STEP|n=580600000|unique=5771021|accepted=36908961|rate=118123.4/s|walker_min=66.382|walker_med=111.252|walker_max=115.082
STEP|n=580700000|unique=5771632|accepted=36909572|rate=118125.3/s|walker_min=80.610|walker_med=105.487|walker_max=114.793
STEP|n=580800000|unique=5772473|accepted=36910413|rate=118127.1/s|walker_min=61.031|walker_med=106.732|walker_max=114.668
STEP|n=580900000|unique=5773095|accepted=36911035|rate=118128.3/s|walker_min=50.221|walker_med=99.246|walker_max=114.800
STEP|n=581000000|unique=5773778|accepted=36911718|rate=118129.1/s|walker_min=54.736|walker_med=91.341|walker_max=115.020
STEP|n=581100000|unique=5774510|accepted=36912450|rate=118129.9/s|walker_min=66.010|walker_med=103.329|walker_max=113.583
STEP|n=581200000|unique=5775307|accepted=36913247|rate=118131.4/s|walker_min=76.613|walker_med=102.056|walker_max=114.908
STEP|n=581300000|unique=5775925|accepted=36913865|rate=118133.2/s|walker_min=87.361|walker_med=102.118|walker_max=114.072
STEP|n=581400000|unique=5776652|accepted=36914592|rate=118135.0/s|walker_min=79.569|walker_med=105.311|walker_max=115.181
STEP|n=581500000|unique=5777452|accepted=36915392|rate=118136.3/s|walker_min=81.879|walker_med=105.204|walker_max=114.090
STEP|n=581600000|unique=5778153|accepted=36916093|rate=118137.6/s|walker_min=81.191|walker_med=105.658|walker_max=115.015
STEP|n=581700000|unique=5778864|accepted=36916804|rate=118138.8/s|walker_min=92.746|walker_med=109.558|walker_max=114.697
STEP|n=581800000|unique=5779724|accepted=36917664|rate=118140.7/s|walker_min=93.153|walker_med=109.305|walker_max=114.979
STEP|n=581900000|unique=5780390|accepted=36918330|rate=118142.6/s|walker_min=88.817|walker_med=108.369|walker_max=115.169
STEP|n=582000000|unique=5781081|accepted=36919021|rate=118144.4/s|walker_min=85.010|walker_med=109.680|walker_max=114.857
STEP|n=582100000|unique=5781746|accepted=36919686|rate=118145.8/s|walker_min=67.054|walker_med=109.926|walker_max=114.953
STEP|n=582200000|unique=5782446|accepted=36920386|rate=118147.1/s|walker_min=74.696|walker_med=106.959|walker_max=114.815
STEP|n=582300000|unique=5783190|accepted=36921130|rate=118148.6/s|walker_min=74.894|walker_med=107.983|walker_max=115.026
STEP|n=582400000|unique=5783848|accepted=36921788|rate=118150.4/s|walker_min=66.320|walker_med=107.267|walker_max=114.750
STEP|n=582500000|unique=5784571|accepted=36922511|rate=118152.3/s|walker_min=76.302|walker_med=105.185|walker_max=114.098
STEP|n=582600000|unique=5785229|accepted=36923169|rate=118154.1/s|walker_min=81.278|walker_med=108.106|walker_max=115.079
STEP|n=582700000|unique=5785997|accepted=36923937|rate=118155.3/s|walker_min=69.050|walker_med=103.885|walker_max=114.679
STEP|n=582800000|unique=5786731|accepted=36924671|rate=118156.6/s|walker_min=58.171|walker_med=103.591|walker_max=114.383
STEP|n=582900000|unique=5787566|accepted=36925506|rate=118157.8/s|walker_min=74.565|walker_med=105.965|walker_max=114.892
STEP|n=583000000|unique=5788191|accepted=36926131|rate=118159.3/s|walker_min=57.864|walker_med=96.338|walker_max=113.915
STEP|n=583100000|unique=5788876|accepted=36926816|rate=118160.8/s|walker_min=51.409|walker_med=99.437|walker_max=114.730
STEP|n=583200000|unique=5789600|accepted=36927540|rate=118162.4/s|walker_min=75.537|walker_med=103.130|walker_max=115.131
STEP|n=583300000|unique=5790268|accepted=36928208|rate=118163.5/s|walker_min=79.209|walker_med=107.953|walker_max=114.710
STEP|n=583400000|unique=5790971|accepted=36928911|rate=118164.6/s|walker_min=64.596|walker_med=108.526|walker_max=114.973
STEP|n=583500000|unique=5791671|accepted=36929611|rate=118166.0/s|walker_min=66.007|walker_med=104.235|walker_max=114.714
STEP|n=583600000|unique=5792517|accepted=36930457|rate=118167.9/s|walker_min=82.876|walker_med=103.447|walker_max=114.940
STEP|n=583700000|unique=5793127|accepted=36931067|rate=118169.7/s|walker_min=73.786|walker_med=105.675|walker_max=115.153
STEP|n=583800000|unique=5793897|accepted=36931837|rate=118171.2/s|walker_min=75.612|walker_med=109.261|walker_max=114.851
STEP|n=583900000|unique=5794595|accepted=36932535|rate=118172.6/s|walker_min=91.347|walker_med=105.508|walker_max=115.031
STEP|n=584000000|unique=5795210|accepted=36933150|rate=118173.9/s|walker_min=79.235|walker_med=106.647|walker_max=115.140
STEP|n=584100000|unique=5795898|accepted=36933838|rate=118175.5/s|walker_min=90.969|walker_med=108.763|walker_max=115.139
STEP|n=584200000|unique=5796521|accepted=36934461|rate=118177.4/s|walker_min=69.874|walker_med=105.784|walker_max=115.128
STEP|n=584300000|unique=5797341|accepted=36935281|rate=118179.3/s|walker_min=73.397|walker_med=103.797|walker_max=115.046
STEP|n=584400000|unique=5797988|accepted=36935928|rate=118181.0/s|walker_min=76.969|walker_med=104.167|walker_max=114.519
STEP|n=584500000|unique=5798824|accepted=36936764|rate=118182.3/s|walker_min=83.147|walker_med=105.425|walker_max=115.056
STEP|n=584600000|unique=5799535|accepted=36937475|rate=118183.6/s|walker_min=76.721|walker_med=103.150|walker_max=114.787
STEP|n=584700000|unique=5800251|accepted=36938191|rate=118185.0/s|walker_min=74.497|walker_med=103.835|walker_max=114.952
STEP|n=584800000|unique=5800969|accepted=36938909|rate=118186.8/s|walker_min=81.336|walker_med=104.604|walker_max=115.142
STEP|n=584900000|unique=5801702|accepted=36939642|rate=118188.4/s|walker_min=65.230|walker_med=99.747|walker_max=114.642
STEP|n=585000000|unique=5802485|accepted=36940425|rate=118189.7/s|walker_min=63.203|walker_med=96.817|walker_max=114.553
STEP|n=585100000|unique=5803195|accepted=36941135|rate=118190.6/s|walker_min=55.821|walker_med=95.797|walker_max=113.992
STEP|n=585200000|unique=5803983|accepted=36941923|rate=118191.8/s|walker_min=70.291|walker_med=106.295|walker_max=114.561
STEP|n=585300000|unique=5804812|accepted=36942752|rate=118193.3/s|walker_min=84.130|walker_med=106.417|walker_max=115.012
STEP|n=585400000|unique=5805393|accepted=36943333|rate=118195.2/s|walker_min=79.768|walker_med=107.139|walker_max=114.916
STEP|n=585500000|unique=5806041|accepted=36943981|rate=118197.0/s|walker_min=75.268|walker_med=102.106|walker_max=115.081
STEP|n=585600000|unique=5806689|accepted=36944629|rate=118198.5/s|walker_min=81.522|walker_med=102.945|walker_max=115.156
STEP|n=585700000|unique=5807442|accepted=36945382|rate=118199.7/s|walker_min=89.617|walker_med=106.522|walker_max=115.046
STEP|n=585800000|unique=5808066|accepted=36946006|rate=118201.0/s|walker_min=77.846|walker_med=111.596|walker_max=114.361
STEP|n=585900000|unique=5808649|accepted=36946589|rate=118202.6/s|walker_min=81.038|walker_med=103.109|walker_max=114.675
STEP|n=586000000|unique=5809387|accepted=36947327|rate=118201.8/s|walker_min=82.638|walker_med=108.111|walker_max=114.269
STEP|n=586100000|unique=5810127|accepted=36948067|rate=118203.8/s|walker_min=83.091|walker_med=106.585|walker_max=114.661
STEP|n=586200000|unique=5810894|accepted=36948834|rate=118205.1/s|walker_min=74.523|walker_med=107.391|walker_max=114.398
STEP|n=586300000|unique=5811637|accepted=36949577|rate=118206.3/s|walker_min=77.018|walker_med=106.738|walker_max=114.904
STEP|n=586400000|unique=5812290|accepted=36950230|rate=118207.6/s|walker_min=81.477|walker_med=106.188|walker_max=114.879
STEP|n=586500000|unique=5812994|accepted=36950934|rate=118209.4/s|walker_min=79.674|walker_med=104.275|walker_max=114.241
STEP|n=586600000|unique=5813766|accepted=36951706|rate=118211.2/s|walker_min=65.935|walker_med=102.393|walker_max=115.150
STEP|n=586700000|unique=5814438|accepted=36952378|rate=118213.0/s|walker_min=56.977|walker_med=104.342|walker_max=115.081
STEP|n=586800000|unique=5815247|accepted=36953187|rate=118214.1/s|walker_min=66.687|walker_med=104.442|walker_max=114.061
STEP|n=586900000|unique=5816091|accepted=36954031|rate=118215.1/s|walker_min=73.042|walker_med=97.907|walker_max=114.664
STEP|n=587000000|unique=5816824|accepted=36954764|rate=118216.1/s|walker_min=50.379|walker_med=95.119|walker_max=114.664
STEP|n=587100000|unique=5817484|accepted=36955424|rate=118217.7/s|walker_min=54.765|walker_med=99.186|walker_max=114.664
STEP|n=587200000|unique=5818056|accepted=36955996|rate=118219.4/s|walker_min=74.184|walker_med=107.883|walker_max=114.512
STEP|n=587300000|unique=5818800|accepted=36956740|rate=118221.2/s|walker_min=85.808|walker_med=105.248|walker_max=115.120
STEP|n=587400000|unique=5819555|accepted=36957495|rate=118222.3/s|walker_min=90.588|walker_med=109.172|walker_max=114.777
STEP|n=587500000|unique=5820253|accepted=36958193|rate=118223.6/s|walker_min=75.486|walker_med=108.625|walker_max=114.629
STEP|n=587600000|unique=5820921|accepted=36958861|rate=118224.9/s|walker_min=73.649|walker_med=106.608|walker_max=114.536
STEP|n=587700000|unique=5821623|accepted=36959563|rate=118226.7/s|walker_min=69.943|walker_med=105.591|walker_max=115.146
STEP|n=587800000|unique=5822297|accepted=36960237|rate=118228.6/s|walker_min=78.230|walker_med=109.096|walker_max=115.089
STEP|n=587900000|unique=5822992|accepted=36960932|rate=118230.3/s|walker_min=88.905|walker_med=108.066|walker_max=115.138
STEP|n=588000000|unique=5823753|accepted=36961693|rate=118231.6/s|walker_min=94.596|walker_med=107.932|walker_max=114.305
STEP|n=588100000|unique=5824600|accepted=36962540|rate=118232.9/s|walker_min=72.174|walker_med=108.759|walker_max=115.049
STEP|n=588200000|unique=5825394|accepted=36963334|rate=118234.4/s|walker_min=76.866|walker_med=108.150|walker_max=114.655
STEP|n=588300000|unique=5826178|accepted=36964118|rate=118236.4/s|walker_min=74.324|walker_med=106.556|walker_max=115.026
STEP|n=588400000|unique=5826920|accepted=36964860|rate=118238.2/s|walker_min=66.853|walker_med=104.017|walker_max=115.010
STEP|n=588500000|unique=5827793|accepted=36965733|rate=118240.0/s|walker_min=65.089|walker_med=108.258|walker_max=114.712
STEP|n=588600000|unique=5828519|accepted=36966459|rate=118241.2/s|walker_min=65.247|walker_med=109.396|walker_max=114.945
STEP|n=588700000|unique=5829005|accepted=36966945|rate=118242.4/s|walker_min=88.580|walker_med=110.821|walker_max=114.999
STEP|n=588800000|unique=5829663|accepted=36967603|rate=118243.7/s|walker_min=60.530|walker_med=105.418|walker_max=114.378
STEP|n=588900000|unique=5830436|accepted=36968376|rate=118245.4/s|walker_min=58.395|walker_med=100.484|walker_max=112.047
STEP|n=589000000|unique=5831129|accepted=36969069|rate=118247.0/s|walker_min=56.824|walker_med=93.062|walker_max=115.087
STEP|n=589100000|unique=5831869|accepted=36969809|rate=118247.9/s|walker_min=56.081|walker_med=100.095|walker_max=115.087
STEP|n=589200000|unique=5832606|accepted=36970546|rate=118249.4/s|walker_min=73.056|walker_med=106.953|walker_max=115.123
STEP|n=589300000|unique=5833413|accepted=36971353|rate=118251.1/s|walker_min=78.947|walker_med=101.967|walker_max=114.677
STEP|n=589400000|unique=5834291|accepted=36972231|rate=118252.6/s|walker_min=70.153|walker_med=106.262|walker_max=113.769
STEP|n=589500000|unique=5834903|accepted=36972843|rate=118253.7/s|walker_min=78.087|walker_med=103.801|walker_max=114.739
STEP|n=589600000|unique=5835597|accepted=36973537|rate=118254.9/s|walker_min=80.991|walker_med=107.651|walker_max=115.104
STEP|n=589700000|unique=5836341|accepted=36974281|rate=118256.5/s|walker_min=81.532|walker_med=108.310|walker_max=114.704
STEP|n=589800000|unique=5837068|accepted=36975008|rate=118258.1/s|walker_min=71.831|walker_med=109.488|walker_max=114.968
STEP|n=589900000|unique=5837833|accepted=36975773|rate=118259.9/s|walker_min=81.151|walker_med=106.430|walker_max=114.307
STEP|n=590000000|unique=5838591|accepted=36976531|rate=118261.4/s|walker_min=74.709|walker_med=106.567|walker_max=114.723
STEP|n=590100000|unique=5839244|accepted=36977184|rate=118262.8/s|walker_min=61.908|walker_med=106.948|walker_max=115.070
STEP|n=590200000|unique=5839968|accepted=36977908|rate=118264.0/s|walker_min=75.858|walker_med=107.253|walker_max=113.999
STEP|n=590300000|unique=5840603|accepted=36978543|rate=118265.6/s|walker_min=78.093|walker_med=106.801|walker_max=114.587
STEP|n=590400000|unique=5841382|accepted=36979322|rate=118267.4/s|walker_min=83.422|walker_med=107.384|walker_max=114.391
STEP|n=590500000|unique=5842097|accepted=36980037|rate=118269.2/s|walker_min=76.542|walker_med=107.878|walker_max=114.838
STEP|n=590600000|unique=5842909|accepted=36980849|rate=118270.7/s|walker_min=92.742|walker_med=108.293|walker_max=115.115
STEP|n=590700000|unique=5843767|accepted=36981707|rate=118272.0/s|walker_min=77.818|walker_med=107.824|walker_max=114.587
STEP|n=590800000|unique=5844607|accepted=36982547|rate=118273.2/s|walker_min=70.434|walker_med=103.764|walker_max=114.771
STEP|n=590900000|unique=5845381|accepted=36983321|rate=118274.7/s|walker_min=84.395|walker_med=103.328|walker_max=114.526
STEP|n=591000000|unique=5846070|accepted=36984010|rate=118276.1/s|walker_min=48.615|walker_med=90.238|walker_max=114.151
STEP|n=591100000|unique=5846633|accepted=36984573|rate=118277.4/s|walker_min=66.186|walker_med=99.654|walker_max=114.253
STEP|n=591200000|unique=5847180|accepted=36985120|rate=118278.4/s|walker_min=62.809|walker_med=102.266|walker_max=115.066
STEP|n=591300000|unique=5847798|accepted=36985738|rate=118279.4/s|walker_min=80.525|walker_med=104.298|walker_max=114.572
STEP|n=591400000|unique=5848501|accepted=36986441|rate=118280.6/s|walker_min=74.772|walker_med=108.707|walker_max=114.727
STEP|n=591500000|unique=5849307|accepted=36987247|rate=118282.2/s|walker_min=82.571|walker_med=107.976|walker_max=115.119
STEP|n=591600000|unique=5849960|accepted=36987900|rate=118284.0/s|walker_min=84.824|walker_med=106.382|walker_max=114.721
STEP|n=591700000|unique=5850632|accepted=36988572|rate=118285.8/s|walker_min=66.682|walker_med=104.530|walker_max=114.951
STEP|n=591800000|unique=5851280|accepted=36989220|rate=118287.2/s|walker_min=81.363|walker_med=108.515|walker_max=114.304
STEP|n=591900000|unique=5851861|accepted=36989801|rate=118288.5/s|walker_min=76.573|walker_med=107.960|walker_max=114.756
STEP|n=592000000|unique=5852604|accepted=36990544|rate=118289.8/s|walker_min=83.599|walker_med=106.761|walker_max=114.530
STEP|n=592100000|unique=5853427|accepted=36991367|rate=118291.6/s|walker_min=82.846|walker_med=108.176|walker_max=114.379
STEP|n=592200000|unique=5854235|accepted=36992175|rate=118293.4/s|walker_min=80.500|walker_med=104.763|walker_max=114.727
STEP|n=592300000|unique=5854876|accepted=36992816|rate=118295.2/s|walker_min=73.019|walker_med=106.985|walker_max=115.127
STEP|n=592400000|unique=5855560|accepted=36993500|rate=118296.5/s|walker_min=82.026|walker_med=107.981|walker_max=114.355
STEP|n=592500000|unique=5856185|accepted=36994125|rate=118297.7/s|walker_min=88.065|walker_med=107.837|walker_max=113.977
STEP|n=592600000|unique=5856829|accepted=36994769|rate=118299.0/s|walker_min=62.409|walker_med=102.937|walker_max=115.143
STEP|n=592700000|unique=5857482|accepted=36995422|rate=118300.8/s|walker_min=76.714|walker_med=102.299|walker_max=114.219
STEP|n=592800000|unique=5858203|accepted=36996143|rate=118302.5/s|walker_min=62.413|walker_med=100.330|walker_max=114.735
STEP|n=592900000|unique=5858887|accepted=36996827|rate=118304.1/s|walker_min=65.091|walker_med=106.325|walker_max=114.915
STEP|n=593000000|unique=5859522|accepted=36997462|rate=118305.0/s|walker_min=51.717|walker_med=96.434|walker_max=114.164
STEP|n=593100000|unique=5860215|accepted=36998155|rate=118305.6/s|walker_min=75.855|walker_med=101.032|walker_max=115.043
STEP|n=593200000|unique=5860980|accepted=36998920|rate=118306.8/s|walker_min=67.221|walker_med=106.127|walker_max=114.906
STEP|n=593300000|unique=5861684|accepted=36999624|rate=118308.5/s|walker_min=79.153|walker_med=102.485|walker_max=114.473
STEP|n=593400000|unique=5862512|accepted=37000452|rate=118310.3/s|walker_min=70.305|walker_med=107.275|walker_max=113.620
STEP|n=593500000|unique=5863226|accepted=37001166|rate=118312.0/s|walker_min=78.154|walker_med=108.167|walker_max=115.015
STEP|n=593600000|unique=5863883|accepted=37001823|rate=118313.2/s|walker_min=81.377|walker_med=107.324|walker_max=114.420
STEP|n=593700000|unique=5864640|accepted=37002580|rate=118314.4/s|walker_min=88.075|walker_med=108.049|walker_max=113.637
STEP|n=593800000|unique=5865353|accepted=37003293|rate=118316.0/s|walker_min=77.187|walker_med=107.364|walker_max=115.007
STEP|n=593900000|unique=5866020|accepted=37003960|rate=118317.8/s|walker_min=82.701|walker_med=107.864|walker_max=115.104
STEP|n=594000000|unique=5866794|accepted=37004734|rate=118319.7/s|walker_min=79.397|walker_med=106.764|walker_max=114.894
STEP|n=594100000|unique=5867601|accepted=37005541|rate=118321.5/s|walker_min=86.940|walker_med=109.597|walker_max=115.004
STEP|n=594200000|unique=5868367|accepted=37006307|rate=118322.9/s|walker_min=56.022|walker_med=110.436|walker_max=114.923
STEP|n=594300000|unique=5869153|accepted=37007093|rate=118324.1/s|walker_min=88.005|walker_med=106.144|walker_max=114.669
STEP|n=594400000|unique=5869817|accepted=37007757|rate=118325.7/s|walker_min=77.968|walker_med=105.317|walker_max=114.793
STEP|n=594500000|unique=5870529|accepted=37008469|rate=118327.6/s|walker_min=71.317|walker_med=110.982|walker_max=114.826
STEP|n=594600000|unique=5871297|accepted=37009237|rate=118329.5/s|walker_min=76.718|walker_med=104.012|walker_max=113.415
STEP|n=594700000|unique=5872017|accepted=37009957|rate=118331.2/s|walker_min=73.596|walker_med=108.217|walker_max=113.443
STEP|n=594800000|unique=5872775|accepted=37010715|rate=118332.4/s|walker_min=79.322|walker_med=99.503|walker_max=115.104
STEP|n=594900000|unique=5873466|accepted=37011406|rate=118333.5/s|walker_min=58.621|walker_med=102.305|walker_max=114.488
STEP|n=595000000|unique=5874136|accepted=37012076|rate=118334.5/s|walker_min=53.117|walker_med=94.122|walker_max=114.732
STEP|n=595100000|unique=5874919|accepted=37012859|rate=118335.9/s|walker_min=69.542|walker_med=95.861|walker_max=113.042
STEP|n=595200000|unique=5875605|accepted=37013545|rate=118337.7/s|walker_min=77.789|walker_med=108.789|walker_max=114.745
STEP|n=595300000|unique=5876332|accepted=37014272|rate=118339.3/s|walker_min=59.297|walker_med=107.401|walker_max=114.520
STEP|n=595400000|unique=5877025|accepted=37014965|rate=118340.6/s|walker_min=77.461|walker_med=104.791|walker_max=115.175
STEP|n=595500000|unique=5877702|accepted=37015642|rate=118341.9/s|walker_min=85.792|walker_med=109.130|walker_max=114.760
STEP|n=595600000|unique=5878471|accepted=37016411|rate=118343.5/s|walker_min=87.340|walker_med=106.829|walker_max=114.713
STEP|n=595700000|unique=5879145|accepted=37017085|rate=118345.5/s|walker_min=67.706|walker_med=110.056|walker_max=114.983
STEP|n=595800000|unique=5879895|accepted=37017835|rate=118347.7/s|walker_min=84.783|walker_med=108.381|walker_max=115.119
STEP|n=595900000|unique=5880581|accepted=37018521|rate=118349.6/s|walker_min=88.869|walker_med=110.512|walker_max=114.996
STEP|n=596000000|unique=5881285|accepted=37019225|rate=118351.4/s|walker_min=92.696|walker_med=109.619|walker_max=114.875
STEP|n=596100000|unique=5882022|accepted=37019962|rate=118353.1/s|walker_min=81.771|walker_med=105.239|walker_max=115.020
STEP|n=596200000|unique=5882675|accepted=37020615|rate=118355.0/s|walker_min=66.047|walker_med=102.602|walker_max=115.144
STEP|n=596300000|unique=5883376|accepted=37021316|rate=118357.0/s|walker_min=82.331|walker_med=108.866|walker_max=114.333
STEP|n=596400000|unique=5884141|accepted=37022081|rate=118359.1/s|walker_min=82.495|walker_med=107.385|walker_max=115.034
STEP|n=596500000|unique=5884976|accepted=37022916|rate=118361.0/s|walker_min=76.914|walker_med=106.724|walker_max=114.798
STEP|n=596600000|unique=5885804|accepted=37023744|rate=118362.7/s|walker_min=83.399|walker_med=106.906|walker_max=114.339
STEP|n=596700000|unique=5886567|accepted=37024507|rate=118364.3/s|walker_min=79.968|walker_med=108.435|walker_max=114.874
STEP|n=596800000|unique=5887476|accepted=37025416|rate=118365.6/s|walker_min=81.119|walker_med=106.472|walker_max=114.715
STEP|n=596900000|unique=5888380|accepted=37026320|rate=118367.2/s|walker_min=73.701|walker_med=98.804|walker_max=114.339
STEP|n=597000000|unique=5889094|accepted=37027034|rate=118368.3/s|walker_min=51.597|walker_med=94.575|walker_max=112.496
STEP|n=597100000|unique=5889731|accepted=37027671|rate=118369.4/s|walker_min=73.027|walker_med=102.360|walker_max=113.607
STEP|n=597200000|unique=5890395|accepted=37028335|rate=118370.2/s|walker_min=75.167|walker_med=98.536|walker_max=114.858
STEP|n=597300000|unique=5891118|accepted=37029058|rate=118370.3/s|walker_min=55.202|walker_med=102.568|walker_max=114.551
STEP|n=597400000|unique=5891903|accepted=37029843|rate=118371.9/s|walker_min=86.034|walker_med=105.243|walker_max=115.110
STEP|n=597500000|unique=5892642|accepted=37030582|rate=118373.6/s|walker_min=67.302|walker_med=103.501|walker_max=115.080
STEP|n=597600000|unique=5893359|accepted=37031299|rate=118375.3/s|walker_min=93.762|walker_med=109.423|walker_max=115.069
STEP|n=597700000|unique=5894086|accepted=37032026|rate=118376.6/s|walker_min=78.160|walker_med=105.577|walker_max=115.109
STEP|n=597800000|unique=5894911|accepted=37032851|rate=118377.9/s|walker_min=78.529|walker_med=108.206|walker_max=114.879
STEP|n=597900000|unique=5895589|accepted=37033529|rate=118379.1/s|walker_min=87.598|walker_med=108.012|walker_max=114.283
STEP|n=598000000|unique=5896221|accepted=37034161|rate=118380.9/s|walker_min=66.514|walker_med=108.969|walker_max=115.104
STEP|n=598100000|unique=5896911|accepted=37034851|rate=118382.9/s|walker_min=80.318|walker_med=107.285|walker_max=115.068
STEP|n=598200000|unique=5897650|accepted=37035590|rate=118384.8/s|walker_min=73.837|walker_med=106.310|walker_max=115.117
STEP|n=598300000|unique=5898302|accepted=37036242|rate=118386.3/s|walker_min=73.447|walker_med=108.700|walker_max=114.393
STEP|n=598400000|unique=5898943|accepted=37036883|rate=118387.6/s|walker_min=69.314|walker_med=108.231|walker_max=114.514
STEP|n=598500000|unique=5899623|accepted=37037563|rate=118388.8/s|walker_min=63.658|walker_med=106.079|walker_max=115.131
STEP|n=598600000|unique=5900258|accepted=37038198|rate=118390.5/s|walker_min=71.607|walker_med=106.342|walker_max=114.792
STEP|n=598700000|unique=5900978|accepted=37038918|rate=118392.4/s|walker_min=72.821|walker_med=110.311|walker_max=115.159
STEP|n=598800000|unique=5901648|accepted=37039588|rate=118394.1/s|walker_min=56.633|walker_med=104.620|walker_max=114.846
STEP|n=598900000|unique=5902312|accepted=37040252|rate=118395.8/s|walker_min=57.302|walker_med=103.525|walker_max=114.789
STEP|n=599000000|unique=5903115|accepted=37041055|rate=118397.1/s|walker_min=52.139|walker_med=93.327|walker_max=114.835
STEP|n=599100000|unique=5903768|accepted=37041708|rate=118398.5/s|walker_min=60.885|walker_med=100.354|walker_max=114.158
STEP|n=599200000|unique=5904513|accepted=37042453|rate=118400.5/s|walker_min=71.297|walker_med=102.623|walker_max=113.064
STEP|n=599300000|unique=5905237|accepted=37043177|rate=118402.4/s|walker_min=74.581|walker_med=107.550|walker_max=115.015
STEP|n=599400000|unique=5906021|accepted=37043961|rate=118404.5/s|walker_min=86.259|walker_med=108.961|walker_max=115.116
STEP|n=599500000|unique=5906767|accepted=37044707|rate=118406.3/s|walker_min=84.864|walker_med=106.745|walker_max=115.166
STEP|n=599600000|unique=5907454|accepted=37045394|rate=118407.9/s|walker_min=74.021|walker_med=106.123|walker_max=115.057
STEP|n=599700000|unique=5908204|accepted=37046144|rate=118409.9/s|walker_min=74.494|walker_med=108.158|walker_max=115.095
STEP|n=599800000|unique=5909042|accepted=37046982|rate=118412.0/s|walker_min=50.673|walker_med=107.650|walker_max=115.132
STEP|n=599900000|unique=5909816|accepted=37047756|rate=118414.2/s|walker_min=65.651|walker_med=108.281|walker_max=115.028
STEP|n=600000000|unique=5910493|accepted=37048433|rate=118416.4/s|walker_min=67.962|walker_med=107.712|walker_max=114.831
CHECKPOINT|step=600000000|unique=5910493|saved=3000000|min=46.3601|max=107.856
STEP|n=600100000|unique=5911035|accepted=37048975|rate=118228.4/s|walker_min=87.571|walker_med=106.366|walker_max=115.165
STEP|n=600200000|unique=5911681|accepted=37049621|rate=118229.6/s|walker_min=87.319|walker_med=108.653|walker_max=114.962
STEP|n=600300000|unique=5912407|accepted=37050347|rate=118231.0/s|walker_min=81.840|walker_med=105.961|walker_max=115.167
STEP|n=600400000|unique=5913059|accepted=37050999|rate=118229.6/s|walker_min=84.135|walker_med=105.223|walker_max=115.045
STEP|n=600500000|unique=5913786|accepted=37051726|rate=118230.8/s|walker_min=88.181|walker_med=109.409|walker_max=114.277
STEP|n=600600000|unique=5914391|accepted=37052331|rate=118231.9/s|walker_min=65.673|walker_med=106.248|walker_max=115.130
STEP|n=600700000|unique=5915068|accepted=37053008|rate=118232.9/s|walker_min=84.923|walker_med=106.197|walker_max=114.702
STEP|n=600800000|unique=5915810|accepted=37053750|rate=118234.0/s|walker_min=72.670|walker_med=101.687|walker_max=114.881
STEP|n=600900000|unique=5916484|accepted=37054424|rate=118235.1/s|walker_min=53.643|walker_med=102.415|walker_max=114.932
STEP|n=601000000|unique=5917133|accepted=37055073|rate=118236.1/s|walker_min=58.093|walker_med=99.786|walker_max=114.530
STEP|n=601100000|unique=5917890|accepted=37055830|rate=118237.1/s|walker_min=78.620|walker_med=102.464|walker_max=114.744
STEP|n=601200000|unique=5918738|accepted=37056678|rate=118238.1/s|walker_min=71.896|walker_med=101.125|walker_max=114.569
STEP|n=601300000|unique=5919667|accepted=37057607|rate=118239.1/s|walker_min=73.170|walker_med=104.560|walker_max=114.679
STEP|n=601400000|unique=5920562|accepted=37058502|rate=118240.4/s|walker_min=81.463|walker_med=111.923|walker_max=115.136
STEP|n=601500000|unique=5921246|accepted=37059186|rate=118241.6/s|walker_min=84.536|walker_med=106.472|walker_max=115.114
STEP|n=601600000|unique=5921884|accepted=37059824|rate=118242.6/s|walker_min=76.833|walker_med=107.837|walker_max=113.846
STEP|n=601700000|unique=5922593|accepted=37060533|rate=118243.8/s|walker_min=77.874|walker_med=105.537|walker_max=114.791
STEP|n=601800000|unique=5923352|accepted=37061292|rate=118245.0/s|walker_min=75.719|walker_med=107.306|walker_max=114.410
STEP|n=601900000|unique=5924041|accepted=37061981|rate=118246.3/s|walker_min=89.865|walker_med=108.740|walker_max=115.096
STEP|n=602000000|unique=5924730|accepted=37062670|rate=118247.7/s|walker_min=84.917|walker_med=106.834|walker_max=115.123
STEP|n=602100000|unique=5925608|accepted=37063548|rate=118249.0/s|walker_min=78.349|walker_med=108.149|walker_max=114.764
STEP|n=602200000|unique=5926235|accepted=37064175|rate=118250.2/s|walker_min=89.086|walker_med=105.598|walker_max=115.062
STEP|n=602300000|unique=5926987|accepted=37064927|rate=118251.4/s|walker_min=55.682|walker_med=106.528|walker_max=115.017
STEP|n=602400000|unique=5927700|accepted=37065640|rate=118252.6/s|walker_min=77.394|walker_med=106.373|walker_max=114.947
STEP|n=602500000|unique=5928418|accepted=37066358|rate=118253.9/s|walker_min=93.382|walker_med=108.416|walker_max=114.894
STEP|n=602600000|unique=5929106|accepted=37067046|rate=118255.1/s|walker_min=66.647|walker_med=104.989|walker_max=115.036
STEP|n=602700000|unique=5929808|accepted=37067748|rate=118256.2/s|walker_min=72.841|walker_med=103.464|walker_max=114.641
STEP|n=602800000|unique=5930553|accepted=37068493|rate=118257.3/s|walker_min=61.134|walker_med=102.531|walker_max=113.778
STEP|n=602900000|unique=5931177|accepted=37069117|rate=118258.4/s|walker_min=67.107|walker_med=90.997|walker_max=114.970
STEP|n=603000000|unique=5931805|accepted=37069745|rate=118259.2/s|walker_min=55.074|walker_med=91.381|walker_max=114.024
STEP|n=603100000|unique=5932463|accepted=37070403|rate=118259.9/s|walker_min=59.041|walker_med=101.790|walker_max=114.692
STEP|n=603200000|unique=5933139|accepted=37071079|rate=118261.1/s|walker_min=61.281|walker_med=106.850|walker_max=114.957
STEP|n=603300000|unique=5933727|accepted=37071667|rate=118261.9/s|walker_min=61.531|walker_med=106.710|walker_max=115.096
STEP|n=603400000|unique=5934277|accepted=37072217|rate=118262.8/s|walker_min=73.367|walker_med=107.921|walker_max=114.812
STEP|n=603500000|unique=5934954|accepted=37072894|rate=118263.9/s|walker_min=68.318|walker_med=105.851|walker_max=113.479
STEP|n=603600000|unique=5935584|accepted=37073524|rate=118265.1/s|walker_min=84.446|walker_med=107.737|walker_max=114.898
STEP|n=603700000|unique=5936277|accepted=37074217|rate=118266.3/s|walker_min=84.818|walker_med=104.164|walker_max=114.705
STEP|n=603800000|unique=5936988|accepted=37074928|rate=118267.6/s|walker_min=82.467|walker_med=108.067|walker_max=114.788
STEP|n=603900000|unique=5937643|accepted=37075583|rate=118268.9/s|walker_min=67.363|walker_med=109.636|walker_max=115.060
STEP|n=604000000|unique=5938343|accepted=37076283|rate=118270.2/s|walker_min=88.995|walker_med=106.857|walker_max=114.758
STEP|n=604100000|unique=5939080|accepted=37077020|rate=118271.5/s|walker_min=82.620|walker_med=106.066|walker_max=114.916
STEP|n=604200000|unique=5939750|accepted=37077690|rate=118272.8/s|walker_min=85.384|walker_med=109.178|walker_max=114.869
STEP|n=604300000|unique=5940473|accepted=37078413|rate=118274.0/s|walker_min=81.047|walker_med=106.618|walker_max=114.968
STEP|n=604400000|unique=5941134|accepted=37079074|rate=118275.3/s|walker_min=83.884|walker_med=107.522|walker_max=115.036
STEP|n=604500000|unique=5941824|accepted=37079764|rate=118276.6/s|walker_min=81.792|walker_med=108.285|walker_max=114.997
STEP|n=604600000|unique=5942425|accepted=37080365|rate=118277.7/s|walker_min=77.368|walker_med=106.083|walker_max=114.409
STEP|n=604700000|unique=5943170|accepted=37081110|rate=118278.9/s|walker_min=80.669|walker_med=104.970|walker_max=114.934
STEP|n=604800000|unique=5943752|accepted=37081692|rate=118280.0/s|walker_min=71.225|walker_med=105.441|walker_max=114.904
STEP|n=604900000|unique=5944375|accepted=37082315|rate=118281.0/s|walker_min=60.896|walker_med=101.451|walker_max=115.048
STEP|n=605000000|unique=5944987|accepted=37082927|rate=118282.0/s|walker_min=58.843|walker_med=97.961|walker_max=114.474
STEP|n=605100000|unique=5945563|accepted=37083503|rate=118282.9/s|walker_min=78.900|walker_med=99.021|walker_max=115.112
STEP|n=605200000|unique=5946201|accepted=37084141|rate=118283.9/s|walker_min=71.563|walker_med=104.635|walker_max=113.888
STEP|n=605300000|unique=5947033|accepted=37084973|rate=118285.0/s|walker_min=79.335|walker_med=105.662|walker_max=114.148
STEP|n=605400000|unique=5947723|accepted=37085663|rate=118286.2/s|walker_min=76.169|walker_med=106.432|walker_max=115.150
STEP|n=605500000|unique=5948469|accepted=37086409|rate=118287.5/s|walker_min=84.680|walker_med=108.250|walker_max=115.041
STEP|n=605600000|unique=5949222|accepted=37087162|rate=118288.7/s|walker_min=88.514|walker_med=109.821|walker_max=115.032
STEP|n=605700000|unique=5949926|accepted=37087866|rate=118290.0/s|walker_min=75.854|walker_med=109.870|walker_max=114.566
STEP|n=605800000|unique=5950673|accepted=37088613|rate=118291.2/s|walker_min=95.726|walker_med=109.255|walker_max=114.165
STEP|n=605900000|unique=5951338|accepted=37089278|rate=118292.5/s|walker_min=89.925|walker_med=107.732|walker_max=114.484
STEP|n=606000000|unique=5952042|accepted=37089982|rate=118293.9/s|walker_min=68.709|walker_med=108.275|walker_max=115.032
STEP|n=606100000|unique=5952734|accepted=37090674|rate=118295.1/s|walker_min=87.152|walker_med=105.903|walker_max=114.104
STEP|n=606200000|unique=5953420|accepted=37091360|rate=118296.4/s|walker_min=85.850|walker_med=110.927|walker_max=114.911
STEP|n=606300000|unique=5954064|accepted=37092004|rate=118297.7/s|walker_min=76.504|walker_med=103.261|walker_max=114.598
STEP|n=606400000|unique=5954808|accepted=37092748|rate=118299.0/s|walker_min=80.478|walker_med=106.248|walker_max=115.162
STEP|n=606500000|unique=5955587|accepted=37093527|rate=118300.2/s|walker_min=79.681|walker_med=108.722|walker_max=115.033
STEP|n=606600000|unique=5956347|accepted=37094287|rate=118301.4/s|walker_min=59.576|walker_med=104.902|walker_max=113.889
STEP|n=606700000|unique=5957237|accepted=37095177|rate=118302.7/s|walker_min=69.433|walker_med=102.233|walker_max=114.300
STEP|n=606800000|unique=5958111|accepted=37096051|rate=118304.0/s|walker_min=84.239|walker_med=105.016|walker_max=114.343
STEP|n=606900000|unique=5958841|accepted=37096781|rate=118305.1/s|walker_min=62.349|walker_med=100.780|walker_max=115.030
STEP|n=607000000|unique=5959637|accepted=37097577|rate=118306.0/s|walker_min=60.930|walker_med=99.810|walker_max=114.246
STEP|n=607100000|unique=5960201|accepted=37098141|rate=118306.8/s|walker_min=78.509|walker_med=95.125|walker_max=113.221
STEP|n=607200000|unique=5960852|accepted=37098792|rate=118307.8/s|walker_min=70.040|walker_med=103.306|walker_max=114.295
STEP|n=607300000|unique=5961484|accepted=37099424|rate=118308.9/s|walker_min=71.268|walker_med=104.908|walker_max=114.369
STEP|n=607400000|unique=5962043|accepted=37099983|rate=118310.1/s|walker_min=83.132|walker_med=105.953|walker_max=115.027
STEP|n=607500000|unique=5962675|accepted=37100615|rate=118311.2/s|walker_min=73.544|walker_med=107.502|walker_max=115.047
STEP|n=607600000|unique=5963479|accepted=37101419|rate=118312.4/s|walker_min=83.107|walker_med=106.374|walker_max=114.924
STEP|n=607700000|unique=5964247|accepted=37102187|rate=118313.6/s|walker_min=83.216|walker_med=105.191|walker_max=113.917
STEP|n=607800000|unique=5964876|accepted=37102816|rate=118314.9/s|walker_min=74.793|walker_med=109.720|walker_max=115.178
STEP|n=607900000|unique=5965629|accepted=37103569|rate=118316.2/s|walker_min=63.342|walker_med=104.673|walker_max=113.589
STEP|n=608000000|unique=5966262|accepted=37104202|rate=118317.5/s|walker_min=83.402|walker_med=109.695|walker_max=114.591
STEP|n=608100000|unique=5966946|accepted=37104886|rate=118318.7/s|walker_min=69.484|walker_med=108.721|walker_max=115.180
STEP|n=608200000|unique=5967592|accepted=37105532|rate=118319.9/s|walker_min=81.083|walker_med=108.378|walker_max=115.128
STEP|n=608300000|unique=5968263|accepted=37106203|rate=118321.1/s|walker_min=79.849|walker_med=107.047|walker_max=114.967
STEP|n=608400000|unique=5968961|accepted=37106901|rate=118322.3/s|walker_min=80.393|walker_med=106.218|walker_max=115.039
STEP|n=608500000|unique=5969755|accepted=37107695|rate=118323.7/s|walker_min=81.456|walker_med=105.223|walker_max=114.947
STEP|n=608600000|unique=5970484|accepted=37108424|rate=118325.1/s|walker_min=76.206|walker_med=111.629|walker_max=114.817
STEP|n=608700000|unique=5971226|accepted=37109166|rate=118326.4/s|walker_min=77.582|walker_med=104.369|walker_max=114.818
STEP|n=608800000|unique=5972020|accepted=37109960|rate=118327.5/s|walker_min=77.645|walker_med=98.937|walker_max=114.543
STEP|n=608900000|unique=5972717|accepted=37110657|rate=118328.6/s|walker_min=72.196|walker_med=100.677|walker_max=115.108
STEP|n=609000000|unique=5973427|accepted=37111367|rate=118329.3/s|walker_min=65.373|walker_med=94.095|walker_max=114.584
STEP|n=609100000|unique=5974060|accepted=37112000|rate=118330.3/s|walker_min=63.236|walker_med=99.253|walker_max=114.092
STEP|n=609200000|unique=5974814|accepted=37112754|rate=118331.4/s|walker_min=60.766|walker_med=105.658|walker_max=115.083
STEP|n=609300000|unique=5975625|accepted=37113565|rate=118332.6/s|walker_min=77.322|walker_med=107.746|walker_max=115.144
STEP|n=609400000|unique=5976339|accepted=37114279|rate=118333.9/s|walker_min=78.804|walker_med=105.042|walker_max=114.758
STEP|n=609500000|unique=5977227|accepted=37115167|rate=118335.1/s|walker_min=81.854|walker_med=106.708|walker_max=114.975
STEP|n=609600000|unique=5977907|accepted=37115847|rate=118336.4/s|walker_min=81.305|walker_med=107.002|walker_max=115.059
STEP|n=609700000|unique=5978614|accepted=37116554|rate=118337.7/s|walker_min=78.816|walker_med=105.741|walker_max=115.059
STEP|n=609800000|unique=5979293|accepted=37117233|rate=118338.9/s|walker_min=85.212|walker_med=106.835|walker_max=115.127
STEP|n=609900000|unique=5979989|accepted=37117929|rate=118340.2/s|walker_min=56.081|walker_med=105.392|walker_max=115.163
STEP|n=610000000|unique=5980534|accepted=37118474|rate=118341.4/s|walker_min=90.638|walker_med=107.729|walker_max=114.655
STEP|n=610100000|unique=5981089|accepted=37119029|rate=118342.6/s|walker_min=76.199|walker_med=102.196|walker_max=113.913
STEP|n=610200000|unique=5981729|accepted=37119669|rate=118343.9/s|walker_min=83.808|walker_med=104.741|walker_max=113.715
STEP|n=610300000|unique=5982423|accepted=37120363|rate=118345.2/s|walker_min=80.851|walker_med=106.712|walker_max=115.003
STEP|n=610400000|unique=5983036|accepted=37120976|rate=118346.4/s|walker_min=71.945|walker_med=108.781|walker_max=115.083
STEP|n=610500000|unique=5983726|accepted=37121666|rate=118347.5/s|walker_min=80.098|walker_med=103.662|walker_max=114.100
STEP|n=610600000|unique=5984496|accepted=37122436|rate=118348.7/s|walker_min=73.402|walker_med=108.499|walker_max=114.187
STEP|n=610700000|unique=5985108|accepted=37123048|rate=118349.9/s|walker_min=82.889|walker_med=109.192|walker_max=114.237
STEP|n=610800000|unique=5985784|accepted=37123724|rate=118351.0/s|walker_min=82.381|walker_med=102.432|walker_max=113.831
STEP|n=610900000|unique=5986516|accepted=37124456|rate=118352.5/s|walker_min=56.656|walker_med=97.327|walker_max=114.911
STEP|n=611000000|unique=5987221|accepted=37125161|rate=118353.8/s|walker_min=60.299|walker_med=95.065|walker_max=115.180
STEP|n=611100000|unique=5987970|accepted=37125910|rate=118354.9/s|walker_min=81.445|walker_med=104.130|walker_max=114.919
STEP|n=611200000|unique=5988745|accepted=37126685|rate=118356.1/s|walker_min=80.075|walker_med=109.491|walker_max=114.961
STEP|n=611300000|unique=5989543|accepted=37127483|rate=118357.8/s|walker_min=59.023|walker_med=109.871|walker_max=115.156
STEP|n=611400000|unique=5990216|accepted=37128156|rate=118359.4/s|walker_min=84.574|walker_med=106.062|walker_max=114.938
STEP|n=611500000|unique=5990972|accepted=37128912|rate=118361.0/s|walker_min=74.136|walker_med=105.059|walker_max=115.006
STEP|n=611600000|unique=5991663|accepted=37129603|rate=118362.2/s|walker_min=76.902|walker_med=105.562|walker_max=113.927
STEP|n=611700000|unique=5992294|accepted=37130234|rate=118364.3/s|walker_min=85.297|walker_med=108.252|walker_max=115.011
STEP|n=611800000|unique=5992970|accepted=37130910|rate=118366.2/s|walker_min=85.115|walker_med=107.171|walker_max=114.496
STEP|n=611900000|unique=5993701|accepted=37131641|rate=118367.3/s|walker_min=83.832|walker_med=108.215|walker_max=114.641
STEP|n=612000000|unique=5994347|accepted=37132287|rate=118368.7/s|walker_min=79.143|walker_med=109.697|walker_max=115.147
STEP|n=612100000|unique=5994896|accepted=37132836|rate=118370.0/s|walker_min=91.688|walker_med=109.807|walker_max=114.979
STEP|n=612200000|unique=5995504|accepted=37133444|rate=118371.9/s|walker_min=88.168|walker_med=107.915|walker_max=114.340
STEP|n=612300000|unique=5996268|accepted=37134208|rate=118373.8/s|walker_min=80.294|walker_med=108.779|walker_max=114.954
STEP|n=612400000|unique=5996936|accepted=37134876|rate=118375.5/s|walker_min=85.501|walker_med=109.820|walker_max=114.773
STEP|n=612500000|unique=5997650|accepted=37135590|rate=118376.8/s|walker_min=65.444|walker_med=104.244|walker_max=115.164
STEP|n=612600000|unique=5998313|accepted=37136253|rate=118378.1/s|walker_min=69.781|walker_med=104.194|walker_max=114.176
STEP|n=612700000|unique=5998984|accepted=37136924|rate=118379.4/s|walker_min=87.009|walker_med=104.760|walker_max=114.760
STEP|n=612800000|unique=5999645|accepted=37137585|rate=118381.3/s|walker_min=76.508|walker_med=104.315|walker_max=114.265
STEP|n=612900000|unique=6000409|accepted=37138349|rate=118383.1/s|walker_min=55.413|walker_med=99.101|walker_max=114.388
STEP|n=613000000|unique=6001042|accepted=37138982|rate=118384.5/s|walker_min=48.615|walker_med=92.052|walker_max=114.556
STEP|n=613100000|unique=6001795|accepted=37139735|rate=118385.3/s|walker_min=47.380|walker_med=99.764|walker_max=114.774
STEP|n=613200000|unique=6002506|accepted=37140446|rate=118386.3/s|walker_min=82.382|walker_med=102.630|walker_max=114.480
STEP|n=613300000|unique=6003196|accepted=37141136|rate=118387.6/s|walker_min=72.301|walker_med=105.397|walker_max=114.881
STEP|n=613400000|unique=6003866|accepted=37141806|rate=118389.4/s|walker_min=85.104|walker_med=100.600|walker_max=113.800
STEP|n=613500000|unique=6004578|accepted=37142518|rate=118391.4/s|walker_min=82.735|walker_med=108.000|walker_max=114.863
STEP|n=613600000|unique=6005222|accepted=37143162|rate=118393.0/s|walker_min=85.791|walker_med=108.793|walker_max=114.951
STEP|n=613700000|unique=6005930|accepted=37143870|rate=118394.3/s|walker_min=85.345|walker_med=108.532|walker_max=114.630
STEP|n=613800000|unique=6006577|accepted=37144517|rate=118395.5/s|walker_min=81.400|walker_med=106.232|walker_max=114.999
STEP|n=613900000|unique=6007175|accepted=37145115|rate=118397.1/s|walker_min=83.685|walker_med=105.340|walker_max=114.883
STEP|n=614000000|unique=6007748|accepted=37145688|rate=118399.1/s|walker_min=87.712|walker_med=108.289|walker_max=114.604
STEP|n=614100000|unique=6008443|accepted=37146383|rate=118401.1/s|walker_min=91.462|walker_med=103.529|walker_max=114.887
STEP|n=614200000|unique=6009080|accepted=37147020|rate=118402.7/s|walker_min=75.157|walker_med=108.153|walker_max=114.443
STEP|n=614300000|unique=6009593|accepted=37147533|rate=118403.9/s|walker_min=90.090|walker_med=107.184|walker_max=115.072
STEP|n=614400000|unique=6010272|accepted=37148212|rate=118405.1/s|walker_min=90.568|walker_med=107.242|walker_max=114.120
STEP|n=614500000|unique=6010933|accepted=37148873|rate=118406.9/s|walker_min=59.186|walker_med=105.673|walker_max=114.518
STEP|n=614600000|unique=6011576|accepted=37149516|rate=118408.8/s|walker_min=54.060|walker_med=107.075|walker_max=114.717
STEP|n=614700000|unique=6012238|accepted=37150178|rate=118410.8/s|walker_min=79.833|walker_med=104.086|walker_max=114.371
STEP|n=614800000|unique=6013088|accepted=37151028|rate=118412.3/s|walker_min=61.960|walker_med=105.951|walker_max=114.549
STEP|n=614900000|unique=6013762|accepted=37151702|rate=118413.4/s|walker_min=52.300|walker_med=103.852|walker_max=115.008
STEP|n=615000000|unique=6014333|accepted=37152273|rate=118414.4/s|walker_min=47.380|walker_med=101.082|walker_max=114.851
PRUNE_START|step=615000000|unique=6014333|active_cutoff=115.181599
PRUNE_DONE|step=615000000|unique=4000000|active_cutoff=110.654573|reservoir=200000
STEP|n=615100000|unique=4000391|accepted=37152664|rate=118384.7/s|walker_min=63.812|walker_med=104.141|walker_max=110.463
STEP|n=615200000|unique=4000793|accepted=37153066|rate=118386.3/s|walker_min=67.323|walker_med=98.718|walker_max=108.992
STEP|n=615300000|unique=4001231|accepted=37153504|rate=118387.4/s|walker_min=84.746|walker_med=104.271|walker_max=110.410
STEP|n=615400000|unique=4001592|accepted=37153865|rate=118388.6/s|walker_min=73.169|walker_med=103.810|walker_max=110.649
STEP|n=615500000|unique=4002037|accepted=37154310|rate=118390.1/s|walker_min=80.700|walker_med=103.410|walker_max=110.376
STEP|n=615600000|unique=4002498|accepted=37154771|rate=118391.6/s|walker_min=81.397|walker_med=103.632|walker_max=110.426
STEP|n=615700000|unique=4002904|accepted=37155177|rate=118392.6/s|walker_min=80.435|walker_med=103.510|walker_max=110.616
STEP|n=615800000|unique=4003406|accepted=37155679|rate=118394.2/s|walker_min=78.227|walker_med=104.496|walker_max=110.272
STEP|n=615900000|unique=4003752|accepted=37156025|rate=118396.0/s|walker_min=90.301|walker_med=105.252|walker_max=110.478
STEP|n=616000000|unique=4004133|accepted=37156406|rate=118397.8/s|walker_min=73.105|walker_med=102.395|walker_max=109.546
STEP|n=616100000|unique=4004574|accepted=37156847|rate=118399.3/s|walker_min=76.751|walker_med=102.814|walker_max=110.172
STEP|n=616200000|unique=4005024|accepted=37157297|rate=118400.5/s|walker_min=73.559|walker_med=102.701|walker_max=110.619
STEP|n=616300000|unique=4005393|accepted=37157666|rate=118401.6/s|walker_min=59.249|walker_med=104.247|walker_max=110.410
STEP|n=616400000|unique=4005731|accepted=37158004|rate=118403.0/s|walker_min=70.443|walker_med=99.790|walker_max=109.952
STEP|n=616500000|unique=4006111|accepted=37158384|rate=118404.6/s|walker_min=75.050|walker_med=101.713|walker_max=110.482
STEP|n=616600000|unique=4006512|accepted=37158785|rate=118406.3/s|walker_min=77.019|walker_med=101.759|walker_max=109.962
STEP|n=616700000|unique=4006946|accepted=37159219|rate=118407.6/s|walker_min=82.613|walker_med=101.692|walker_max=110.654
STEP|n=616800000|unique=4007442|accepted=37159715|rate=118408.7/s|walker_min=79.838|walker_med=101.541|walker_max=110.547
STEP|n=616900000|unique=4007921|accepted=37160194|rate=118409.6/s|walker_min=57.314|walker_med=88.617|walker_max=110.047
STEP|n=617000000|unique=4008302|accepted=37160575|rate=118410.8/s|walker_min=56.611|walker_med=93.837|walker_max=110.064
STEP|n=617100000|unique=4008659|accepted=37160932|rate=118412.3/s|walker_min=47.380|walker_med=101.917|walker_max=109.394
STEP|n=617200000|unique=4009092|accepted=37161365|rate=118414.1/s|walker_min=73.509|walker_med=100.907|walker_max=110.440
STEP|n=617300000|unique=4009491|accepted=37161764|rate=118415.3/s|walker_min=77.183|walker_med=101.914|walker_max=110.501
STEP|n=617400000|unique=4009869|accepted=37162142|rate=118416.4/s|walker_min=85.590|walker_med=103.217|walker_max=110.254
STEP|n=617500000|unique=4010338|accepted=37162611|rate=118417.6/s|walker_min=85.434|walker_med=102.077|walker_max=109.626
STEP|n=617600000|unique=4010719|accepted=37162992|rate=118419.3/s|walker_min=75.990|walker_med=98.702|walker_max=110.620
STEP|n=617700000|unique=4011107|accepted=37163380|rate=118421.1/s|walker_min=80.072|walker_med=105.364|walker_max=110.009
STEP|n=617800000|unique=4011590|accepted=37163863|rate=118423.0/s|walker_min=79.551|walker_med=102.092|walker_max=110.440
STEP|n=617900000|unique=4011990|accepted=37164263|rate=118424.3/s|walker_min=73.096|walker_med=105.066|walker_max=110.642
STEP|n=618000000|unique=4012429|accepted=37164702|rate=118425.4/s|walker_min=72.223|walker_med=100.333|walker_max=110.554
STEP|n=618100000|unique=4012766|accepted=37165039|rate=118426.6/s|walker_min=86.146|walker_med=103.436|walker_max=110.273
STEP|n=618200000|unique=4013134|accepted=37165407|rate=118428.2/s|walker_min=63.651|walker_med=102.313|walker_max=110.295
STEP|n=618300000|unique=4013608|accepted=37165881|rate=118430.1/s|walker_min=76.621|walker_med=100.480|walker_max=109.781
STEP|n=618400000|unique=4013972|accepted=37166245|rate=118431.6/s|walker_min=68.552|walker_med=100.344|walker_max=109.497
STEP|n=618500000|unique=4014304|accepted=37166577|rate=118432.8/s|walker_min=69.818|walker_med=101.073|walker_max=109.768
STEP|n=618600000|unique=4014705|accepted=37166978|rate=118433.8/s|walker_min=79.979|walker_med=101.515|walker_max=110.572
STEP|n=618700000|unique=4015105|accepted=37167378|rate=118434.9/s|walker_min=76.226|walker_med=105.822|walker_max=110.196
STEP|n=618800000|unique=4015597|accepted=37167870|rate=118436.6/s|walker_min=78.400|walker_med=99.934|walker_max=110.316
STEP|n=618900000|unique=4015956|accepted=37168229|rate=118438.1/s|walker_min=64.857|walker_med=101.843|walker_max=109.797
STEP|n=619000000|unique=4016333|accepted=37168606|rate=118436.4/s|walker_min=59.034|walker_med=93.907|walker_max=110.602
STEP|n=619100000|unique=4016656|accepted=37168929|rate=118437.1/s|walker_min=64.661|walker_med=93.147|walker_max=109.626
STEP|n=619200000|unique=4017065|accepted=37169338|rate=118438.0/s|walker_min=67.000|walker_med=98.662|walker_max=108.024
STEP|n=619300000|unique=4017443|accepted=37169716|rate=118439.4/s|walker_min=77.407|walker_med=105.046|walker_max=110.545
STEP|n=619400000|unique=4017833|accepted=37170106|rate=118441.2/s|walker_min=68.263|walker_med=101.197|walker_max=110.277
STEP|n=619500000|unique=4018217|accepted=37170490|rate=118443.0/s|walker_min=75.230|walker_med=103.961|walker_max=110.464
STEP|n=619600000|unique=4018655|accepted=37170928|rate=118444.5/s|walker_min=86.684|walker_med=103.321|walker_max=110.265
STEP|n=619700000|unique=4019061|accepted=37171334|rate=118445.7/s|walker_min=59.991|walker_med=103.964|walker_max=110.265
STEP|n=619800000|unique=4019472|accepted=37171745|rate=118446.9/s|walker_min=78.142|walker_med=102.515|walker_max=110.302
STEP|n=619900000|unique=4019900|accepted=37172173|rate=118448.3/s|walker_min=78.613|walker_med=102.516|walker_max=109.919
STEP|n=620000000|unique=4020356|accepted=37172629|rate=118450.0/s|walker_min=94.078|walker_med=102.475|walker_max=110.132
STEP|n=620100000|unique=4020766|accepted=37173039|rate=118451.7/s|walker_min=90.734|walker_med=104.338|walker_max=110.423
STEP|n=620200000|unique=4021126|accepted=37173399|rate=118453.1/s|walker_min=72.509|walker_med=104.364|walker_max=110.556
STEP|n=620300000|unique=4021480|accepted=37173753|rate=118454.3/s|walker_min=62.029|walker_med=105.292|walker_max=110.439
STEP|n=620400000|unique=4021846|accepted=37174119|rate=118455.4/s|walker_min=72.940|walker_med=102.452|walker_max=110.420
STEP|n=620500000|unique=4022193|accepted=37174466|rate=118456.7/s|walker_min=72.134|walker_med=104.095|walker_max=109.843
STEP|n=620600000|unique=4022607|accepted=37174880|rate=118458.2/s|walker_min=77.416|walker_med=99.010|walker_max=109.824
STEP|n=620700000|unique=4022958|accepted=37175231|rate=118459.7/s|walker_min=58.145|walker_med=105.260|walker_max=110.218
STEP|n=620800000|unique=4023398|accepted=37175671|rate=118461.0/s|walker_min=73.963|walker_med=100.378|walker_max=108.318
STEP|n=620900000|unique=4023724|accepted=37175997|rate=118462.1/s|walker_min=62.280|walker_med=95.874|walker_max=110.057
STEP|n=621000000|unique=4024008|accepted=37176281|rate=118462.7/s|walker_min=51.184|walker_med=87.736|walker_max=110.191
STEP|n=621100000|unique=4024318|accepted=37176591|rate=118463.9/s|walker_min=61.440|walker_med=99.773|walker_max=109.483
STEP|n=621200000|unique=4024657|accepted=37176930|rate=118464.9/s|walker_min=63.046|walker_med=100.742|walker_max=110.161
STEP|n=621300000|unique=4025012|accepted=37177285|rate=118465.9/s|walker_min=73.722|walker_med=105.189|walker_max=110.117
STEP|n=621400000|unique=4025405|accepted=37177678|rate=118467.3/s|walker_min=69.003|walker_med=98.291|walker_max=110.519
STEP|n=621500000|unique=4025744|accepted=37178017|rate=118468.9/s|walker_min=84.441|walker_med=102.308|walker_max=110.583
STEP|n=621600000|unique=4026050|accepted=37178323|rate=118470.7/s|walker_min=84.534|walker_med=100.077|walker_max=110.057
STEP|n=621700000|unique=4026472|accepted=37178745|rate=118472.0/s|walker_min=78.445|walker_med=104.266|walker_max=110.651
STEP|n=621800000|unique=4026863|accepted=37179136|rate=118473.1/s|walker_min=81.347|walker_med=100.699|walker_max=110.337
STEP|n=621900000|unique=4027294|accepted=37179567|rate=118474.3/s|walker_min=90.311|walker_med=104.367|walker_max=110.406
STEP|n=622000000|unique=4027603|accepted=37179876|rate=118475.8/s|walker_min=79.417|walker_med=104.153|walker_max=110.188
STEP|n=622100000|unique=4027914|accepted=37180187|rate=118477.4/s|walker_min=86.338|walker_med=103.988|walker_max=110.589
STEP|n=622200000|unique=4028341|accepted=37180614|rate=118479.0/s|walker_min=82.159|walker_med=101.001|walker_max=110.179
STEP|n=622300000|unique=4028724|accepted=37180997|rate=118480.3/s|walker_min=73.824|walker_med=102.005|walker_max=110.055
STEP|n=622400000|unique=4029034|accepted=37181307|rate=118481.5/s|walker_min=80.621|walker_med=101.745|walker_max=110.230
STEP|n=622500000|unique=4029424|accepted=37181697|rate=118482.7/s|walker_min=68.263|walker_med=103.682|walker_max=109.960
STEP|n=622600000|unique=4029785|accepted=37182058|rate=118484.4/s|walker_min=55.413|walker_med=97.967|walker_max=109.960
STEP|n=622700000|unique=4030137|accepted=37182410|rate=118486.2/s|walker_min=71.415|walker_med=100.896|walker_max=110.391
STEP|n=622800000|unique=4030538|accepted=37182811|rate=118487.9/s|walker_min=56.009|walker_med=103.502|walker_max=110.279
STEP|n=622900000|unique=4030979|accepted=37183252|rate=118489.0/s|walker_min=47.349|walker_med=96.030|walker_max=108.739
STEP|n=623000000|unique=4031434|accepted=37183707|rate=118489.8/s|walker_min=61.396|walker_med=98.296|walker_max=107.972
STEP|n=623100000|unique=4031742|accepted=37184015|rate=118490.8/s|walker_min=60.959|walker_med=101.471|walker_max=109.221
STEP|n=623200000|unique=4032083|accepted=37184356|rate=118492.5/s|walker_min=78.879|walker_med=100.488|walker_max=110.044
STEP|n=623300000|unique=4032464|accepted=37184737|rate=118494.0/s|walker_min=76.343|walker_med=100.249|walker_max=110.387
STEP|n=623400000|unique=4032818|accepted=37185091|rate=118495.6/s|walker_min=76.711|walker_med=101.922|walker_max=110.618
STEP|n=623500000|unique=4033191|accepted=37185464|rate=118496.7/s|walker_min=76.347|walker_med=102.117|walker_max=108.945
STEP|n=623600000|unique=4033524|accepted=37185797|rate=118497.9/s|walker_min=72.863|walker_med=100.992|walker_max=110.534
STEP|n=623700000|unique=4033959|accepted=37186232|rate=118497.1/s|walker_min=76.308|walker_med=100.999|walker_max=110.569
STEP|n=623800000|unique=4034331|accepted=37186604|rate=118498.8/s|walker_min=87.698|walker_med=101.720|walker_max=110.036
STEP|n=623900000|unique=4034647|accepted=37186920|rate=118500.4/s|walker_min=80.324|walker_med=104.307|walker_max=110.556
STEP|n=624000000|unique=4035027|accepted=37187300|rate=118501.9/s|walker_min=77.822|walker_med=99.396|walker_max=109.778
STEP|n=624100000|unique=4035517|accepted=37187790|rate=118503.1/s|walker_min=82.900|walker_med=103.632|walker_max=110.575
STEP|n=624200000|unique=4035939|accepted=37188212|rate=118504.4/s|walker_min=75.013|walker_med=102.401|walker_max=110.519
STEP|n=624300000|unique=4036323|accepted=37188596|rate=118505.7/s|walker_min=85.862|walker_med=103.401|walker_max=110.449
STEP|n=624400000|unique=4036809|accepted=37189082|rate=118507.4/s|walker_min=63.405|walker_med=102.437|walker_max=110.528
STEP|n=624500000|unique=4037203|accepted=37189476|rate=118509.1/s|walker_min=72.100|walker_med=101.141|walker_max=110.614
STEP|n=624600000|unique=4037541|accepted=37189814|rate=118510.5/s|walker_min=81.460|walker_med=98.069|walker_max=110.447
STEP|n=624700000|unique=4037942|accepted=37190215|rate=118511.7/s|walker_min=87.550|walker_med=104.070|walker_max=110.183
STEP|n=624800000|unique=4038340|accepted=37190613|rate=118512.9/s|walker_min=68.557|walker_med=99.000|walker_max=109.706
STEP|n=624900000|unique=4038689|accepted=37190962|rate=118514.4/s|walker_min=67.791|walker_med=97.852|walker_max=110.546
STEP|n=625000000|unique=4039024|accepted=37191297|rate=118515.6/s|walker_min=59.720|walker_med=89.555|walker_max=109.800
STEP|n=625100000|unique=4039412|accepted=37191685|rate=118517.1/s|walker_min=78.266|walker_med=97.698|walker_max=109.935
STEP|n=625200000|unique=4039782|accepted=37192055|rate=118518.3/s|walker_min=55.654|walker_med=98.442|walker_max=110.176
STEP|n=625300000|unique=4040264|accepted=37192537|rate=118519.5/s|walker_min=79.235|walker_med=105.494|walker_max=110.531
STEP|n=625400000|unique=4040630|accepted=37192903|rate=118520.7/s|walker_min=73.422|walker_med=99.680|walker_max=109.747
STEP|n=625500000|unique=4040871|accepted=37193144|rate=118522.2/s|walker_min=50.882|walker_med=100.277|walker_max=110.110
STEP|n=625600000|unique=4041247|accepted=37193520|rate=118523.9/s|walker_min=72.073|walker_med=101.656|walker_max=110.566
STEP|n=625700000|unique=4041736|accepted=37194009|rate=118525.8/s|walker_min=83.453|walker_med=100.995|walker_max=110.397
STEP|n=625800000|unique=4042076|accepted=37194349|rate=118527.3/s|walker_min=75.670|walker_med=104.406|walker_max=110.370
STEP|n=625900000|unique=4042377|accepted=37194650|rate=118528.5/s|walker_min=54.159|walker_med=104.964|walker_max=110.591
STEP|n=626000000|unique=4042772|accepted=37195045|rate=118529.5/s|walker_min=57.672|walker_med=101.811|walker_max=110.531
STEP|n=626100000|unique=4043102|accepted=37195375|rate=118530.9/s|walker_min=63.469|walker_med=102.902|walker_max=109.903
STEP|n=626200000|unique=4043491|accepted=37195764|rate=118532.6/s|walker_min=70.478|walker_med=104.413|walker_max=110.492
STEP|n=626300000|unique=4043899|accepted=37196172|rate=118534.2/s|walker_min=79.740|walker_med=102.722|walker_max=110.597
STEP|n=626400000|unique=4044351|accepted=37196624|rate=118535.6/s|walker_min=70.526|walker_med=104.723|walker_max=110.415
STEP|n=626500000|unique=4044698|accepted=37196971|rate=118536.8/s|walker_min=83.378|walker_med=104.211|walker_max=110.425
STEP|n=626600000|unique=4045029|accepted=37197302|rate=118537.9/s|walker_min=77.060|walker_med=99.213|walker_max=110.440
STEP|n=626700000|unique=4045328|accepted=37197601|rate=118539.4/s|walker_min=83.171|walker_med=101.904|walker_max=110.422
STEP|n=626800000|unique=4045679|accepted=37197952|rate=118541.1/s|walker_min=66.062|walker_med=100.229|walker_max=109.654
STEP|n=626900000|unique=4046022|accepted=37198295|rate=118542.7/s|walker_min=65.267|walker_med=97.365|walker_max=110.419
STEP|n=627000000|unique=4046381|accepted=37198654|rate=118543.7/s|walker_min=46.360|walker_med=83.745|walker_max=110.143
STEP|n=627100000|unique=4046729|accepted=37199002|rate=118544.5/s|walker_min=59.938|walker_med=96.235|walker_max=109.657
STEP|n=627200000|unique=4047127|accepted=37199400|rate=118545.4/s|walker_min=63.138|walker_med=104.516|walker_max=110.602
STEP|n=627300000|unique=4047453|accepted=37199726|rate=118547.0/s|walker_min=79.343|walker_med=102.376|walker_max=110.579
STEP|n=627400000|unique=4047812|accepted=37200085|rate=118548.8/s|walker_min=77.203|walker_med=102.603|walker_max=110.615
STEP|n=627500000|unique=4048284|accepted=37200557|rate=118550.6/s|walker_min=82.786|walker_med=99.939|walker_max=109.400
STEP|n=627600000|unique=4048719|accepted=37200992|rate=118551.9/s|walker_min=67.425|walker_med=97.725|walker_max=110.523
STEP|n=627700000|unique=4049156|accepted=37201429|rate=118553.2/s|walker_min=72.639|walker_med=102.972|walker_max=110.518
STEP|n=627800000|unique=4049547|accepted=37201820|rate=118554.5/s|walker_min=76.470|walker_med=105.952|walker_max=110.561
STEP|n=627900000|unique=4049916|accepted=37202189|rate=118556.2/s|walker_min=70.717|walker_med=103.767|walker_max=110.612
STEP|n=628000000|unique=4050340|accepted=37202613|rate=118557.8/s|walker_min=71.182|walker_med=103.960|walker_max=110.479
STEP|n=628100000|unique=4050672|accepted=37202945|rate=118559.6/s|walker_min=80.027|walker_med=103.236|walker_max=110.585
STEP|n=628200000|unique=4051007|accepted=37203280|rate=118560.8/s|walker_min=80.509|walker_med=102.788|walker_max=109.322
STEP|n=628300000|unique=4051452|accepted=37203725|rate=118562.1/s|walker_min=81.234|walker_med=101.530|walker_max=110.373
STEP|n=628400000|unique=4051909|accepted=37204182|rate=118563.3/s|walker_min=69.351|walker_med=101.223|walker_max=110.348
STEP|n=628500000|unique=4052331|accepted=37204604|rate=118564.9/s|walker_min=50.758|walker_med=100.092|walker_max=110.357
STEP|n=628600000|unique=4052820|accepted=37205093|rate=118566.6/s|walker_min=81.449|walker_med=104.669|walker_max=110.183
STEP|n=628700000|unique=4053202|accepted=37205475|rate=118568.3/s|walker_min=86.296|walker_med=103.040|walker_max=110.506
STEP|n=628800000|unique=4053523|accepted=37205796|rate=118569.4/s|walker_min=76.869|walker_med=98.437|walker_max=108.252
STEP|n=628900000|unique=4053907|accepted=37206180|rate=118570.4/s|walker_min=59.452|walker_med=99.115|walker_max=110.076
STEP|n=629000000|unique=4054279|accepted=37206552|rate=118571.4/s|walker_min=52.949|walker_med=94.295|walker_max=107.989
STEP|n=629100000|unique=4054501|accepted=37206774|rate=118572.5/s|walker_min=68.080|walker_med=98.477|walker_max=110.183
STEP|n=629200000|unique=4054846|accepted=37207119|rate=118573.9/s|walker_min=67.694|walker_med=100.942|walker_max=110.462
STEP|n=629300000|unique=4055171|accepted=37207444|rate=118575.3/s|walker_min=59.582|walker_med=102.186|walker_max=110.161
STEP|n=629400000|unique=4055567|accepted=37207840|rate=118576.5/s|walker_min=80.916|walker_med=104.166|walker_max=109.959
STEP|n=629500000|unique=4055909|accepted=37208182|rate=118577.6/s|walker_min=67.266|walker_med=102.489|walker_max=110.523
STEP|n=629600000|unique=4056334|accepted=37208607|rate=118579.0/s|walker_min=79.788|walker_med=102.667|walker_max=110.631
STEP|n=629700000|unique=4056791|accepted=37209064|rate=118580.7/s|walker_min=71.979|walker_med=104.191|walker_max=110.501
STEP|n=629800000|unique=4057162|accepted=37209435|rate=118582.4/s|walker_min=74.217|walker_med=102.655|walker_max=110.447
STEP|n=629900000|unique=4057489|accepted=37209762|rate=118583.9/s|walker_min=86.146|walker_med=104.717|walker_max=110.504
STEP|n=630000000|unique=4057843|accepted=37210116|rate=118585.0/s|walker_min=85.245|walker_med=105.713|walker_max=110.550
STEP|n=630100000|unique=4058209|accepted=37210482|rate=118586.2/s|walker_min=79.209|walker_med=101.003|walker_max=110.178
STEP|n=630200000|unique=4058593|accepted=37210866|rate=118587.5/s|walker_min=52.906|walker_med=101.152|walker_max=110.531
STEP|n=630300000|unique=4058952|accepted=37211225|rate=118589.2/s|walker_min=89.277|walker_med=103.557|walker_max=110.367
STEP|n=630400000|unique=4059283|accepted=37211556|rate=118590.9/s|walker_min=89.000|walker_med=103.234|walker_max=109.143
STEP|n=630500000|unique=4059608|accepted=37211881|rate=118592.4/s|walker_min=72.559|walker_med=101.744|walker_max=110.528
STEP|n=630600000|unique=4059968|accepted=37212241|rate=118593.5/s|walker_min=74.746|walker_med=102.129|walker_max=110.418
STEP|n=630700000|unique=4060331|accepted=37212604|rate=118594.7/s|walker_min=63.986|walker_med=102.059|walker_max=109.815
STEP|n=630800000|unique=4060682|accepted=37212955|rate=118596.0/s|walker_min=71.970|walker_med=95.316|walker_max=109.759
STEP|n=630900000|unique=4061005|accepted=37213278|rate=118597.5/s|walker_min=57.477|walker_med=96.476|walker_max=109.629
STEP|n=631000000|unique=4061364|accepted=37213637|rate=118598.8/s|walker_min=52.037|walker_med=92.727|walker_max=110.534
STEP|n=631100000|unique=4061729|accepted=37214002|rate=118599.9/s|walker_min=76.534|walker_med=100.369|walker_max=109.926
STEP|n=631200000|unique=4062110|accepted=37214383|rate=118601.1/s|walker_min=75.510|walker_med=98.573|walker_max=109.583
STEP|n=631300000|unique=4062530|accepted=37214803|rate=118602.4/s|walker_min=84.194|walker_med=101.980|walker_max=110.133
STEP|n=631400000|unique=4062888|accepted=37215161|rate=118603.8/s|walker_min=66.784|walker_med=99.919|walker_max=110.494
STEP|n=631500000|unique=4063226|accepted=37215499|rate=118605.4/s|walker_min=79.915|walker_med=104.318|walker_max=110.298
STEP|n=631600000|unique=4063581|accepted=37215854|rate=118607.0/s|walker_min=84.076|walker_med=99.904|walker_max=110.292
STEP|n=631700000|unique=4063915|accepted=37216188|rate=118608.4/s|walker_min=71.239|walker_med=102.367|walker_max=110.487
STEP|n=631800000|unique=4064275|accepted=37216548|rate=118609.5/s|walker_min=89.615|walker_med=104.274|walker_max=110.335
STEP|n=631900000|unique=4064664|accepted=37216937|rate=118610.7/s|walker_min=68.648|walker_med=100.534|walker_max=110.371
STEP|n=632000000|unique=4065103|accepted=37217376|rate=118612.3/s|walker_min=65.050|walker_med=103.909|walker_max=110.011
STEP|n=632100000|unique=4065558|accepted=37217831|rate=118614.1/s|walker_min=84.756|walker_med=105.996|walker_max=110.404
STEP|n=632200000|unique=4065913|accepted=37218186|rate=118615.8/s|walker_min=81.836|walker_med=104.325|walker_max=110.495
STEP|n=632300000|unique=4066247|accepted=37218520|rate=118617.3/s|walker_min=80.279|walker_med=104.194|walker_max=110.330
STEP|n=632400000|unique=4066683|accepted=37218956|rate=118618.4/s|walker_min=64.086|walker_med=102.963|walker_max=110.542
STEP|n=632500000|unique=4067093|accepted=37219366|rate=118619.6/s|walker_min=69.118|walker_med=101.571|walker_max=109.934
STEP|n=632600000|unique=4067406|accepted=37219679|rate=118621.0/s|walker_min=78.407|walker_med=102.678|walker_max=110.524
STEP|n=632700000|unique=4067751|accepted=37220024|rate=118622.5/s|walker_min=73.587|walker_med=101.582|walker_max=110.332
STEP|n=632800000|unique=4068205|accepted=37220478|rate=118624.1/s|walker_min=84.832|walker_med=101.284|walker_max=110.222
STEP|n=632900000|unique=4068629|accepted=37220902|rate=118625.3/s|walker_min=68.041|walker_med=99.713|walker_max=110.521
STEP|n=633000000|unique=4069069|accepted=37221342|rate=118626.2/s|walker_min=64.714|walker_med=88.731|walker_max=110.531
STEP|n=633100000|unique=4069363|accepted=37221636|rate=118627.2/s|walker_min=68.756|walker_med=100.219|walker_max=110.554
STEP|n=633200000|unique=4069724|accepted=37221997|rate=118628.6/s|walker_min=55.838|walker_med=100.884|walker_max=110.610
STEP|n=633300000|unique=4070103|accepted=37222376|rate=118630.2/s|walker_min=64.567|walker_med=102.603|walker_max=110.497
STEP|n=633400000|unique=4070501|accepted=37222774|rate=118631.8/s|walker_min=63.245|walker_med=104.738|walker_max=110.653
STEP|n=633500000|unique=4070966|accepted=37223239|rate=118633.1/s|walker_min=83.996|walker_med=103.291|walker_max=110.650
STEP|n=633600000|unique=4071342|accepted=37223615|rate=118634.2/s|walker_min=82.421|walker_med=102.746|walker_max=110.544
STEP|n=633700000|unique=4071788|accepted=37224061|rate=118635.4/s|walker_min=73.023|walker_med=104.043|walker_max=110.168
STEP|n=633800000|unique=4072131|accepted=37224404|rate=118637.0/s|walker_min=88.724|walker_med=104.049|walker_max=110.014
STEP|n=633900000|unique=4072427|accepted=37224700|rate=118638.4/s|walker_min=88.624|walker_med=103.720|walker_max=109.056
STEP|n=634000000|unique=4072763|accepted=37225036|rate=118639.8/s|walker_min=79.208|walker_med=99.620|walker_max=109.960
STEP|n=634100000|unique=4073134|accepted=37225407|rate=118641.5/s|walker_min=62.203|walker_med=99.047|walker_max=110.435
STEP|n=634200000|unique=4073508|accepted=37225781|rate=118643.1/s|walker_min=80.030|walker_med=101.023|walker_max=108.986
STEP|n=634300000|unique=4073897|accepted=37226170|rate=118644.8/s|walker_min=82.481|walker_med=102.425|walker_max=110.544
STEP|n=634400000|unique=4074225|accepted=37226498|rate=118646.2/s|walker_min=81.592|walker_med=103.790|walker_max=110.579
STEP|n=634500000|unique=4074659|accepted=37226932|rate=118647.7/s|walker_min=76.488|walker_med=99.716|walker_max=110.331
STEP|n=634600000|unique=4075072|accepted=37227345|rate=118649.3/s|walker_min=78.235|walker_med=105.689|walker_max=110.543
STEP|n=634700000|unique=4075393|accepted=37227666|rate=118650.9/s|walker_min=71.652|walker_med=99.000|walker_max=109.570
STEP|n=634800000|unique=4075799|accepted=37228072|rate=118652.5/s|walker_min=56.697|walker_med=98.913|walker_max=110.340
STEP|n=634900000|unique=4076206|accepted=37228479|rate=118654.0/s|walker_min=71.715|walker_med=99.278|walker_max=110.574
STEP|n=635000000|unique=4076583|accepted=37228856|rate=118655.4/s|walker_min=49.821|walker_med=92.753|walker_max=110.284
STEP|n=635100000|unique=4076957|accepted=37229230|rate=118656.5/s|walker_min=60.191|walker_med=99.982|walker_max=110.526
STEP|n=635200000|unique=4077295|accepted=37229568|rate=118657.8/s|walker_min=69.133|walker_med=99.929|walker_max=108.164
STEP|n=635300000|unique=4077657|accepted=37229930|rate=118659.4/s|walker_min=76.138|walker_med=99.449|walker_max=110.603
STEP|n=635400000|unique=4078020|accepted=37230293|rate=118661.1/s|walker_min=77.976|walker_med=104.172|walker_max=109.994
STEP|n=635500000|unique=4078402|accepted=37230675|rate=118662.8/s|walker_min=75.615|walker_med=103.563|walker_max=110.453
STEP|n=635600000|unique=4078728|accepted=37231001|rate=118664.3/s|walker_min=76.374|walker_med=103.167|walker_max=110.343
STEP|n=635700000|unique=4079214|accepted=37231487|rate=118665.9/s|walker_min=85.975|walker_med=103.320|walker_max=110.176
STEP|n=635800000|unique=4079638|accepted=37231911|rate=118667.4/s|walker_min=73.066|walker_med=103.593|walker_max=110.648
STEP|n=635900000|unique=4079965|accepted=37232238|rate=118669.2/s|walker_min=85.679|walker_med=105.645|walker_max=110.277
STEP|n=636000000|unique=4080256|accepted=37232529|rate=118670.9/s|walker_min=87.690|walker_med=105.919|walker_max=110.507
STEP|n=636100000|unique=4080592|accepted=37232865|rate=118672.8/s|walker_min=88.612|walker_med=102.092|walker_max=109.784
STEP|n=636200000|unique=4080933|accepted=37233206|rate=118674.4/s|walker_min=80.866|walker_med=104.021|walker_max=109.518
STEP|n=636300000|unique=4081277|accepted=37233550|rate=118675.9/s|walker_min=72.475|walker_med=99.155|walker_max=109.931
STEP|n=636400000|unique=4081607|accepted=37233880|rate=118677.5/s|walker_min=78.196|walker_med=102.152|walker_max=110.562
STEP|n=636500000|unique=4081960|accepted=37234233|rate=118679.4/s|walker_min=81.193|walker_med=102.039|walker_max=110.294
STEP|n=636600000|unique=4082325|accepted=37234598|rate=118681.1/s|walker_min=84.307|walker_med=103.776|walker_max=110.468
STEP|n=636700000|unique=4082653|accepted=37234926|rate=118682.8/s|walker_min=81.644|walker_med=103.568|walker_max=110.142
STEP|n=636800000|unique=4082976|accepted=37235249|rate=118684.2/s|walker_min=62.994|walker_med=99.052|walker_max=110.562
STEP|n=636900000|unique=4083298|accepted=37235571|rate=118685.5/s|walker_min=50.432|walker_med=91.890|walker_max=110.211
STEP|n=637000000|unique=4083619|accepted=37235892|rate=118686.7/s|walker_min=72.047|walker_med=94.016|walker_max=108.666
STEP|n=637100000|unique=4083897|accepted=37236170|rate=118688.0/s|walker_min=61.067|walker_med=96.558|walker_max=109.580
STEP|n=637200000|unique=4084260|accepted=37236533|rate=118689.5/s|walker_min=68.021|walker_med=97.850|walker_max=110.395
STEP|n=637300000|unique=4084507|accepted=37236780|rate=118691.0/s|walker_min=76.476|walker_med=99.709|walker_max=110.580
STEP|n=637400000|unique=4084864|accepted=37237137|rate=118692.5/s|walker_min=59.496|walker_med=102.065|walker_max=110.130
STEP|n=637500000|unique=4085242|accepted=37237515|rate=118693.9/s|walker_min=71.164|walker_med=103.602|walker_max=109.872
STEP|n=637600000|unique=4085618|accepted=37237891|rate=118695.6/s|walker_min=68.250|walker_med=100.636|walker_max=110.094
STEP|n=637700000|unique=4086016|accepted=37238289|rate=118697.4/s|walker_min=79.296|walker_med=102.760|walker_max=110.113
STEP|n=637800000|unique=4086350|accepted=37238623|rate=118699.1/s|walker_min=78.882|walker_med=103.383|walker_max=110.177
STEP|n=637900000|unique=4086746|accepted=37239019|rate=118701.0/s|walker_min=86.604|walker_med=103.439|walker_max=110.183
STEP|n=638000000|unique=4087046|accepted=37239319|rate=118702.5/s|walker_min=85.206|walker_med=104.352|walker_max=110.616
STEP|n=638100000|unique=4087313|accepted=37239586|rate=118704.1/s|walker_min=81.328|walker_med=101.865|walker_max=110.345
STEP|n=638200000|unique=4087660|accepted=37239933|rate=118705.7/s|walker_min=57.384|walker_med=103.337|walker_max=109.492
STEP|n=638300000|unique=4088062|accepted=37240335|rate=118707.4/s|walker_min=75.238|walker_med=101.089|walker_max=110.643
STEP|n=638400000|unique=4088413|accepted=37240686|rate=118709.0/s|walker_min=79.597|walker_med=102.810|walker_max=109.156
STEP|n=638500000|unique=4088747|accepted=37241020|rate=118710.6/s|walker_min=70.093|walker_med=102.591|walker_max=110.451
STEP|n=638600000|unique=4089100|accepted=37241373|rate=118712.0/s|walker_min=79.081|walker_med=102.536|walker_max=110.360
STEP|n=638700000|unique=4089471|accepted=37241744|rate=118713.5/s|walker_min=64.644|walker_med=102.196|walker_max=110.556
STEP|n=638800000|unique=4089913|accepted=37242186|rate=118715.1/s|walker_min=65.368|walker_med=99.101|walker_max=110.489
STEP|n=638900000|unique=4090275|accepted=37242548|rate=118716.9/s|walker_min=79.047|walker_med=97.450|walker_max=110.153
STEP|n=639000000|unique=4090593|accepted=37242866|rate=118718.4/s|walker_min=54.828|walker_med=95.705|walker_max=110.054
STEP|n=639100000|unique=4090934|accepted=37243207|rate=118719.9/s|walker_min=66.893|walker_med=97.741|walker_max=109.422
STEP|n=639200000|unique=4091265|accepted=37243538|rate=118721.4/s|walker_min=68.672|walker_med=100.231|walker_max=109.178
STEP|n=639300000|unique=4091675|accepted=37243948|rate=118722.8/s|walker_min=73.107|walker_med=99.943|walker_max=110.425
STEP|n=639400000|unique=4092037|accepted=37244310|rate=118724.4/s|walker_min=72.864|walker_med=99.237|walker_max=110.213
STEP|n=639500000|unique=4092447|accepted=37244720|rate=118726.2/s|walker_min=78.969|walker_med=104.373|walker_max=110.297
STEP|n=639600000|unique=4092848|accepted=37245121|rate=118728.1/s|walker_min=81.538|walker_med=102.383|walker_max=110.464
STEP|n=639700000|unique=4093185|accepted=37245458|rate=118729.9/s|walker_min=84.161|walker_med=104.142|walker_max=110.453
STEP|n=639800000|unique=4093512|accepted=37245785|rate=118731.4/s|walker_min=75.558|walker_med=103.519|walker_max=110.428
STEP|n=639900000|unique=4093838|accepted=37246111|rate=118733.0/s|walker_min=81.002|walker_med=103.559|walker_max=109.142
STEP|n=640000000|unique=4094207|accepted=37246480|rate=118734.6/s|walker_min=83.096|walker_med=103.275|walker_max=110.269
STEP|n=640100000|unique=4094506|accepted=37246779|rate=118736.3/s|walker_min=67.672|walker_med=103.444|walker_max=110.391
STEP|n=640200000|unique=4094809|accepted=37247082|rate=118738.0/s|walker_min=77.237|walker_med=101.727|walker_max=110.401
STEP|n=640300000|unique=4095177|accepted=37247450|rate=118739.7/s|walker_min=75.263|walker_med=100.984|walker_max=110.467
STEP|n=640400000|unique=4095543|accepted=37247816|rate=118741.3/s|walker_min=81.860|walker_med=103.349|walker_max=110.486
STEP|n=640500000|unique=4095930|accepted=37248203|rate=118742.4/s|walker_min=76.824|walker_med=103.299|walker_max=109.581
STEP|n=640600000|unique=4096312|accepted=37248585|rate=118743.6/s|walker_min=55.157|walker_med=103.068|walker_max=110.421
STEP|n=640700000|unique=4096625|accepted=37248898|rate=118745.1/s|walker_min=72.878|walker_med=98.250|walker_max=109.790
STEP|n=640800000|unique=4097022|accepted=37249295|rate=118746.3/s|walker_min=55.838|walker_med=99.288|walker_max=108.980
STEP|n=640900000|unique=4097367|accepted=37249640|rate=118747.2/s|walker_min=59.812|walker_med=99.348|walker_max=110.588
STEP|n=641000000|unique=4097683|accepted=37249956|rate=118748.2/s|walker_min=60.191|walker_med=85.463|walker_max=109.549
STEP|n=641100000|unique=4097974|accepted=37250247|rate=118749.3/s|walker_min=58.138|walker_med=97.947|walker_max=110.400
STEP|n=641200000|unique=4098339|accepted=37250612|rate=118750.7/s|walker_min=69.774|walker_med=98.824|walker_max=109.859
STEP|n=641300000|unique=4098775|accepted=37251048|rate=118751.8/s|walker_min=61.505|walker_med=101.535|walker_max=110.582
STEP|n=641400000|unique=4099088|accepted=37251361|rate=118752.9/s|walker_min=65.646|walker_med=103.770|walker_max=110.407
STEP|n=641500000|unique=4099421|accepted=37251694|rate=118754.1/s|walker_min=66.710|walker_med=101.618|walker_max=110.242
STEP|n=641600000|unique=4099808|accepted=37252081|rate=118755.6/s|walker_min=79.776|walker_med=101.488|walker_max=110.198
STEP|n=641700000|unique=4100167|accepted=37252440|rate=118757.3/s|walker_min=68.939|walker_med=105.130|walker_max=110.644
STEP|n=641800000|unique=4100459|accepted=37252732|rate=118758.7/s|walker_min=86.225|walker_med=100.568|walker_max=110.090
STEP|n=641900000|unique=4100851|accepted=37253124|rate=118759.8/s|walker_min=75.738|walker_med=103.148|walker_max=110.344
STEP|n=642000000|unique=4101218|accepted=37253491|rate=118760.9/s|walker_min=86.819|walker_med=104.524|walker_max=110.538
STEP|n=642100000|unique=4101624|accepted=37253897|rate=118762.3/s|walker_min=82.770|walker_med=104.399|walker_max=110.648
STEP|n=642200000|unique=4102007|accepted=37254280|rate=118763.9/s|walker_min=59.008|walker_med=101.988|walker_max=110.364
STEP|n=642300000|unique=4102485|accepted=37254758|rate=118765.6/s|walker_min=63.590|walker_med=106.125|walker_max=110.122
STEP|n=642400000|unique=4102864|accepted=37255137|rate=118767.0/s|walker_min=79.364|walker_med=100.530|walker_max=110.409
STEP|n=642500000|unique=4103251|accepted=37255524|rate=118768.2/s|walker_min=71.996|walker_med=100.921|walker_max=110.590
STEP|n=642600000|unique=4103566|accepted=37255839|rate=118769.2/s|walker_min=70.581|walker_med=101.265|walker_max=110.114
STEP|n=642700000|unique=4103975|accepted=37256248|rate=118770.5/s|walker_min=76.808|walker_med=100.204|walker_max=110.419
STEP|n=642800000|unique=4104307|accepted=37256580|rate=118772.2/s|walker_min=81.432|walker_med=98.552|walker_max=110.268
STEP|n=642900000|unique=4104606|accepted=37256879|rate=118773.7/s|walker_min=67.410|walker_med=97.328|walker_max=110.268
STEP|n=643000000|unique=4104871|accepted=37257144|rate=118774.8/s|walker_min=58.231|walker_med=92.081|walker_max=110.447
STEP|n=643100000|unique=4105175|accepted=37257448|rate=118775.7/s|walker_min=55.682|walker_med=95.968|walker_max=110.367
STEP|n=643200000|unique=4105484|accepted=37257757|rate=118776.7/s|walker_min=76.765|walker_med=99.581|walker_max=110.500
STEP|n=643300000|unique=4105795|accepted=37258068|rate=118778.0/s|walker_min=53.625|walker_med=99.315|walker_max=110.335
STEP|n=643400000|unique=4106150|accepted=37258423|rate=118779.5/s|walker_min=76.200|walker_med=102.540|walker_max=109.968
STEP|n=643500000|unique=4106483|accepted=37258756|rate=118781.2/s|walker_min=72.708|walker_med=101.381|walker_max=110.581
STEP|n=643600000|unique=4106855|accepted=37259128|rate=118782.6/s|walker_min=77.984|walker_med=101.305|walker_max=109.566
STEP|n=643700000|unique=4107167|accepted=37259440|rate=118783.7/s|walker_min=79.876|walker_med=103.248|walker_max=110.307
STEP|n=643800000|unique=4107430|accepted=37259703|rate=118784.8/s|walker_min=67.294|walker_med=101.640|walker_max=110.231
STEP|n=643900000|unique=4107733|accepted=37260006|rate=118786.2/s|walker_min=88.939|walker_med=101.760|walker_max=109.598
STEP|n=644000000|unique=4108130|accepted=37260403|rate=118787.8/s|walker_min=80.975|walker_med=104.264|walker_max=110.641
STEP|n=644100000|unique=4108510|accepted=37260783|rate=118789.5/s|walker_min=81.328|walker_med=103.643|walker_max=110.358
STEP|n=644200000|unique=4108889|accepted=37261162|rate=118790.8/s|walker_min=65.543|walker_med=104.612|walker_max=109.843
STEP|n=644300000|unique=4109241|accepted=37261514|rate=118791.9/s|walker_min=83.759|walker_med=105.058|walker_max=110.057
STEP|n=644400000|unique=4109682|accepted=37261955|rate=118793.1/s|walker_min=57.018|walker_med=105.216|walker_max=110.428
STEP|n=644500000|unique=4110035|accepted=37262308|rate=118794.6/s|walker_min=62.164|walker_med=102.106|walker_max=109.916
STEP|n=644600000|unique=4110316|accepted=37262589|rate=118796.1/s|walker_min=80.939|walker_med=100.838|walker_max=110.641
STEP|n=644700000|unique=4110744|accepted=37263017|rate=118797.7/s|walker_min=77.874|walker_med=98.919|walker_max=110.650
STEP|n=644800000|unique=4111181|accepted=37263454|rate=118798.9/s|walker_min=63.041|walker_med=100.730|walker_max=110.249
STEP|n=644900000|unique=4111581|accepted=37263854|rate=118799.8/s|walker_min=76.496|walker_med=98.236|walker_max=110.357
STEP|n=645000000|unique=4111967|accepted=37264240|rate=118800.7/s|walker_min=53.910|walker_med=89.747|walker_max=110.405
STEP|n=645100000|unique=4112273|accepted=37264546|rate=118802.1/s|walker_min=52.650|walker_med=100.927|walker_max=110.582
STEP|n=645200000|unique=4112559|accepted=37264832|rate=118803.6/s|walker_min=65.791|walker_med=100.034|walker_max=110.618
STEP|n=645300000|unique=4112981|accepted=37265254|rate=118805.2/s|walker_min=83.197|walker_med=104.319|walker_max=110.076
STEP|n=645400000|unique=4113415|accepted=37265688|rate=118806.4/s|walker_min=65.531|walker_med=100.750|walker_max=110.374
STEP|n=645500000|unique=4113803|accepted=37266076|rate=118807.5/s|walker_min=75.607|walker_med=104.224|walker_max=110.449
STEP|n=645600000|unique=4114167|accepted=37266440|rate=118808.6/s|walker_min=72.857|walker_med=103.916|walker_max=110.390
STEP|n=645700000|unique=4114417|accepted=37266690|rate=118810.1/s|walker_min=65.373|walker_med=102.010|walker_max=109.766
STEP|n=645800000|unique=4114724|accepted=37266997|rate=118811.6/s|walker_min=72.981|walker_med=105.091|walker_max=110.597
STEP|n=645900000|unique=4115076|accepted=37267349|rate=118813.3/s|walker_min=71.108|walker_med=103.666|walker_max=110.572
STEP|n=646000000|unique=4115469|accepted=37267742|rate=118814.4/s|walker_min=83.572|walker_med=105.244|walker_max=110.131
STEP|n=646100000|unique=4115851|accepted=37268124|rate=118815.7/s|walker_min=77.657|walker_med=103.098|walker_max=110.444
STEP|n=646200000|unique=4116204|accepted=37268477|rate=118816.9/s|walker_min=82.019|walker_med=101.556|walker_max=110.343
STEP|n=646300000|unique=4116538|accepted=37268811|rate=118818.6/s|walker_min=74.840|walker_med=105.683|walker_max=110.571
STEP|n=646400000|unique=4116945|accepted=37269218|rate=118820.2/s|walker_min=88.380|walker_med=104.360|walker_max=110.170
STEP|n=646500000|unique=4117320|accepted=37269593|rate=118821.7/s|walker_min=73.260|walker_med=104.653|walker_max=110.588
STEP|n=646600000|unique=4117610|accepted=37269883|rate=118822.8/s|walker_min=66.456|walker_med=102.059|walker_max=109.647
STEP|n=646700000|unique=4117925|accepted=37270198|rate=118823.9/s|walker_min=68.892|walker_med=102.858|walker_max=109.934
STEP|n=646800000|unique=4118309|accepted=37270582|rate=118825.1/s|walker_min=49.944|walker_med=96.961|walker_max=110.490
STEP|n=646900000|unique=4118623|accepted=37270896|rate=118826.6/s|walker_min=58.472|walker_med=93.604|walker_max=110.288
STEP|n=647000000|unique=4118917|accepted=37271190|rate=118827.9/s|walker_min=54.659|walker_med=90.109|walker_max=109.976
STEP|n=647100000|unique=4119239|accepted=37271512|rate=118829.1/s|walker_min=51.497|walker_med=100.087|walker_max=110.215
STEP|n=647200000|unique=4119673|accepted=37271946|rate=118830.2/s|walker_min=74.419|walker_med=101.948|walker_max=110.585
STEP|n=647300000|unique=4120069|accepted=37272342|rate=118831.2/s|walker_min=53.371|walker_med=98.908|walker_max=109.606
STEP|n=647400000|unique=4120354|accepted=37272627|rate=118832.5/s|walker_min=56.850|walker_med=102.641|walker_max=110.631
STEP|n=647500000|unique=4120618|accepted=37272891|rate=118834.1/s|walker_min=63.715|walker_med=106.696|walker_max=110.153
STEP|n=647600000|unique=4120891|accepted=37273164|rate=118835.7/s|walker_min=62.136|walker_med=102.360|walker_max=110.017
STEP|n=647700000|unique=4121202|accepted=37273475|rate=118837.3/s|walker_min=77.204|walker_med=105.709|walker_max=109.972
STEP|n=647800000|unique=4121533|accepted=37273806|rate=118838.4/s|walker_min=62.673|walker_med=104.997|walker_max=110.570
STEP|n=647900000|unique=4121914|accepted=37274187|rate=118839.5/s|walker_min=84.210|walker_med=103.566|walker_max=110.111
STEP|n=648000000|unique=4122228|accepted=37274501|rate=118840.8/s|walker_min=62.377|walker_med=101.300|walker_max=110.451
STEP|n=648100000|unique=4122498|accepted=37274771|rate=118842.3/s|walker_min=79.326|walker_med=103.617|walker_max=110.544
STEP|n=648200000|unique=4122819|accepted=37275092|rate=118843.8/s|walker_min=67.720|walker_med=100.015|walker_max=109.858
STEP|n=648300000|unique=4123178|accepted=37275451|rate=118845.3/s|walker_min=60.207|walker_med=97.523|walker_max=110.344
STEP|n=648400000|unique=4123643|accepted=37275916|rate=118846.4/s|walker_min=67.590|walker_med=104.704|walker_max=110.623
STEP|n=648500000|unique=4123970|accepted=37276243|rate=118847.5/s|walker_min=69.795|walker_med=105.008|walker_max=110.549
STEP|n=648600000|unique=4124323|accepted=37276596|rate=118848.8/s|walker_min=60.823|walker_med=100.572|walker_max=110.530
STEP|n=648700000|unique=4124698|accepted=37276971|rate=118850.3/s|walker_min=72.142|walker_med=103.425|walker_max=110.319
STEP|n=648800000|unique=4125060|accepted=37277333|rate=118851.9/s|walker_min=73.014|walker_med=101.403|walker_max=110.381
STEP|n=648900000|unique=4125486|accepted=37277759|rate=118853.2/s|walker_min=67.009|walker_med=96.676|walker_max=110.503
STEP|n=649000000|unique=4125746|accepted=37278019|rate=118853.9/s|walker_min=60.357|walker_med=91.048|walker_max=110.074
STEP|n=649100000|unique=4126016|accepted=37278289|rate=118854.5/s|walker_min=52.668|walker_med=89.990|walker_max=107.735
STEP|n=649200000|unique=4126341|accepted=37278614|rate=118855.6/s|walker_min=66.501|walker_med=99.405|walker_max=108.541
STEP|n=649300000|unique=4126652|accepted=37278925|rate=118857.0/s|walker_min=75.255|walker_med=102.299|walker_max=109.347
STEP|n=649400000|unique=4126992|accepted=37279265|rate=118858.6/s|walker_min=80.311|walker_med=102.485|walker_max=109.506
STEP|n=649500000|unique=4127286|accepted=37279559|rate=118859.9/s|walker_min=76.025|walker_med=103.694|walker_max=110.501
STEP|n=649600000|unique=4127636|accepted=37279909|rate=118861.0/s|walker_min=82.915|walker_med=100.780|walker_max=110.648
STEP|n=649700000|unique=4127927|accepted=37280200|rate=118862.0/s|walker_min=66.400|walker_med=103.630|walker_max=110.415
STEP|n=649800000|unique=4128216|accepted=37280489|rate=118863.4/s|walker_min=77.386|walker_med=100.549|walker_max=110.449
STEP|n=649900000|unique=4128502|accepted=37280775|rate=118864.9/s|walker_min=71.121|walker_med=102.232|walker_max=110.474
STEP|n=650000000|unique=4128874|accepted=37281147|rate=118866.4/s|walker_min=74.564|walker_med=100.889|walker_max=110.261
CHECKPOINT|step=650000000|unique=4128874|saved=3000000|min=46.3601|max=107.408
STEP|n=650100000|unique=4129209|accepted=37281482|rate=118705.5/s|walker_min=73.227|walker_med=100.105|walker_max=110.471
STEP|n=650200000|unique=4129480|accepted=37281753|rate=118706.5/s|walker_min=71.564|walker_med=103.216|walker_max=110.494
STEP|n=650300000|unique=4129782|accepted=37282055|rate=118707.6/s|walker_min=69.897|walker_med=103.321|walker_max=110.442
STEP|n=650400000|unique=4130159|accepted=37282432|rate=118708.6/s|walker_min=76.910|walker_med=103.649|walker_max=110.475
STEP|n=650500000|unique=4130490|accepted=37282763|rate=118709.8/s|walker_min=79.520|walker_med=103.863|walker_max=110.248
STEP|n=650600000|unique=4130845|accepted=37283118|rate=118710.8/s|walker_min=79.260|walker_med=103.195|walker_max=110.276
STEP|n=650700000|unique=4131146|accepted=37283419|rate=118709.9/s|walker_min=78.580|walker_med=102.452|walker_max=110.640
STEP|n=650800000|unique=4131472|accepted=37283745|rate=118710.9/s|walker_min=56.887|walker_med=97.905|walker_max=110.549
STEP|n=650900000|unique=4131738|accepted=37284011|rate=118711.7/s|walker_min=74.732|walker_med=96.914|walker_max=110.490
STEP|n=651000000|unique=4131982|accepted=37284255|rate=118712.7/s|walker_min=56.458|walker_med=89.922|walker_max=105.582
STEP|n=651100000|unique=4132299|accepted=37284572|rate=118713.3/s|walker_min=53.309|walker_med=95.607|walker_max=110.093
STEP|n=651200000|unique=4132699|accepted=37284972|rate=118714.3/s|walker_min=69.738|walker_med=103.955|walker_max=109.682
STEP|n=651300000|unique=4133040|accepted=37285313|rate=118715.3/s|walker_min=78.483|walker_med=103.847|walker_max=109.268
STEP|n=651400000|unique=4133428|accepted=37285701|rate=118716.3/s|walker_min=79.620|walker_med=101.788|walker_max=110.105
STEP|n=651500000|unique=4133829|accepted=37286102|rate=118717.4/s|walker_min=82.294|walker_med=103.259|walker_max=110.454
STEP|n=651600000|unique=4134126|accepted=37286399|rate=118718.6/s|walker_min=57.777|walker_med=103.240|walker_max=110.497
STEP|n=651700000|unique=4134480|accepted=37286753|rate=118719.7/s|walker_min=75.137|walker_med=101.825|walker_max=110.310
STEP|n=651800000|unique=4134908|accepted=37287181|rate=118720.8/s|walker_min=73.385|walker_med=104.529|walker_max=110.509
STEP|n=651900000|unique=4135254|accepted=37287527|rate=118721.8/s|walker_min=85.774|walker_med=103.469|walker_max=110.609
STEP|n=652000000|unique=4135612|accepted=37287885|rate=118722.9/s|walker_min=86.498|walker_med=102.524|walker_max=110.426
STEP|n=652100000|unique=4135964|accepted=37288237|rate=118724.1/s|walker_min=75.893|walker_med=102.078|walker_max=110.211
STEP|n=652200000|unique=4136247|accepted=37288520|rate=118725.2/s|walker_min=56.046|walker_med=102.356|walker_max=109.969
STEP|n=652300000|unique=4136564|accepted=37288837|rate=118726.3/s|walker_min=74.788|walker_med=102.495|walker_max=110.208
STEP|n=652400000|unique=4136909|accepted=37289182|rate=118727.4/s|walker_min=81.564|walker_med=101.913|walker_max=110.497
STEP|n=652500000|unique=4137298|accepted=37289571|rate=118728.5/s|walker_min=77.448|walker_med=104.803|walker_max=110.497
STEP|n=652600000|unique=4137586|accepted=37289859|rate=118729.6/s|walker_min=74.107|walker_med=103.431|walker_max=109.426
STEP|n=652700000|unique=4137886|accepted=37290159|rate=118730.7/s|walker_min=75.556|walker_med=102.345|walker_max=110.299
STEP|n=652800000|unique=4138229|accepted=37290502|rate=118731.8/s|walker_min=76.225|walker_med=96.565|walker_max=110.501
STEP|n=652900000|unique=4138522|accepted=37290795|rate=118732.9/s|walker_min=67.113|walker_med=96.301|walker_max=110.562
STEP|n=653000000|unique=4138803|accepted=37291076|rate=118733.5/s|walker_min=58.924|walker_med=88.251|walker_max=109.975
STEP|n=653100000|unique=4139174|accepted=37291447|rate=118734.3/s|walker_min=65.300|walker_med=91.682|walker_max=110.410
STEP|n=653200000|unique=4139535|accepted=37291808|rate=118735.4/s|walker_min=59.452|walker_med=103.461|walker_max=110.466
STEP|n=653300000|unique=4139887|accepted=37292160|rate=118736.7/s|walker_min=72.087|walker_med=102.231|walker_max=110.155
STEP|n=653400000|unique=4140236|accepted=37292509|rate=118737.8/s|walker_min=75.696|walker_med=101.004|walker_max=110.232
STEP|n=653500000|unique=4140517|accepted=37292790|rate=118738.9/s|walker_min=68.910|walker_med=102.439|walker_max=110.045
STEP|n=653600000|unique=4140750|accepted=37293023|rate=118739.9/s|walker_min=80.978|walker_med=104.036|walker_max=110.453
STEP|n=653700000|unique=4141051|accepted=37293324|rate=118741.0/s|walker_min=72.890|walker_med=104.061|walker_max=110.454
STEP|n=653800000|unique=4141390|accepted=37293663|rate=118742.1/s|walker_min=82.496|walker_med=104.779|walker_max=109.777
STEP|n=653900000|unique=4141782|accepted=37294055|rate=118743.2/s|walker_min=67.913|walker_med=104.199|walker_max=110.627
STEP|n=654000000|unique=4142185|accepted=37294458|rate=118744.4/s|walker_min=84.631|walker_med=105.437|walker_max=110.334
STEP|n=654100000|unique=4142572|accepted=37294845|rate=118745.5/s|walker_min=72.857|walker_med=100.644|walker_max=110.571
STEP|n=654200000|unique=4142864|accepted=37295137|rate=118746.5/s|walker_min=67.298|walker_med=104.428|walker_max=110.413
STEP|n=654300000|unique=4143143|accepted=37295416|rate=118747.6/s|walker_min=78.947|walker_med=103.844|walker_max=110.248
STEP|n=654400000|unique=4143458|accepted=37295731|rate=118748.4/s|walker_min=74.019|walker_med=99.759|walker_max=110.442
STEP|n=654500000|unique=4143796|accepted=37296069|rate=118749.6/s|walker_min=80.448|walker_med=97.458|walker_max=109.309
STEP|n=654600000|unique=4144237|accepted=37296510|rate=118750.7/s|walker_min=70.095|walker_med=102.484|walker_max=110.433
STEP|n=654700000|unique=4144558|accepted=37296831|rate=118751.8/s|walker_min=68.577|walker_med=103.527|walker_max=110.594
STEP|n=654800000|unique=4144893|accepted=37297166|rate=118752.9/s|walker_min=51.316|walker_med=102.829|walker_max=109.358
STEP|n=654900000|unique=4145208|accepted=37297481|rate=118753.9/s|walker_min=55.999|walker_med=94.885|walker_max=110.397
STEP|n=655000000|unique=4145510|accepted=37297783|rate=118754.7/s|walker_min=55.008|walker_med=92.646|walker_max=110.414
STEP|n=655100000|unique=4145795|accepted=37298068|rate=118755.5/s|walker_min=71.888|walker_med=97.426|walker_max=110.036
STEP|n=655200000|unique=4146034|accepted=37298307|rate=118756.5/s|walker_min=84.633|walker_med=100.917|walker_max=110.633
STEP|n=655300000|unique=4146363|accepted=37298636|rate=118757.4/s|walker_min=63.672|walker_med=99.611|walker_max=110.633
STEP|n=655400000|unique=4146771|accepted=37299044|rate=118758.5/s|walker_min=81.033|walker_med=100.383|walker_max=110.361
STEP|n=655500000|unique=4147137|accepted=37299410|rate=118759.7/s|walker_min=71.038|walker_med=103.647|walker_max=110.301
STEP|n=655600000|unique=4147548|accepted=37299821|rate=118761.0/s|walker_min=85.771|walker_med=103.917|walker_max=110.575
STEP|n=655700000|unique=4147856|accepted=37300129|rate=118762.2/s|walker_min=61.799|walker_med=103.727|walker_max=110.348
STEP|n=655800000|unique=4148235|accepted=37300508|rate=118763.2/s|walker_min=58.587|walker_med=100.724|walker_max=109.720
STEP|n=655900000|unique=4148555|accepted=37300828|rate=118764.2/s|walker_min=79.841|walker_med=101.592|walker_max=110.487
STEP|n=656000000|unique=4148898|accepted=37301171|rate=118765.4/s|walker_min=88.746|walker_med=104.264|walker_max=110.647
STEP|n=656100000|unique=4149296|accepted=37301569|rate=118766.6/s|walker_min=79.663|walker_med=104.785|walker_max=109.982
STEP|n=656200000|unique=4149583|accepted=37301856|rate=118767.7/s|walker_min=80.174|walker_med=103.307|walker_max=110.594
STEP|n=656300000|unique=4149856|accepted=37302129|rate=118768.8/s|walker_min=80.979|walker_med=104.221|walker_max=109.528
STEP|n=656400000|unique=4150096|accepted=37302369|rate=118769.8/s|walker_min=80.182|walker_med=104.046|walker_max=110.430
STEP|n=656500000|unique=4150370|accepted=37302643|rate=118771.0/s|walker_min=68.181|walker_med=102.526|walker_max=110.156
STEP|n=656600000|unique=4150673|accepted=37302946|rate=118772.0/s|walker_min=70.891|walker_med=102.737|walker_max=110.470
STEP|n=656700000|unique=4150976|accepted=37303249|rate=118773.1/s|walker_min=66.923|walker_med=98.959|walker_max=110.319
STEP|n=656800000|unique=4151426|accepted=37303699|rate=118774.2/s|walker_min=71.211|walker_med=98.416|walker_max=109.265
STEP|n=656900000|unique=4151802|accepted=37304075|rate=118775.3/s|walker_min=60.096|walker_med=95.598|walker_max=110.406
STEP|n=657000000|unique=4152102|accepted=37304375|rate=118776.0/s|walker_min=51.316|walker_med=89.195|walker_max=108.280
STEP|n=657100000|unique=4152366|accepted=37304639|rate=118776.8/s|walker_min=57.224|walker_med=99.254|walker_max=110.173
STEP|n=657200000|unique=4152692|accepted=37304965|rate=118777.8/s|walker_min=74.251|walker_med=101.365|walker_max=110.405
STEP|n=657300000|unique=4152923|accepted=37305196|rate=118778.9/s|walker_min=87.978|walker_med=103.763|walker_max=110.255
STEP|n=657400000|unique=4153241|accepted=37305514|rate=118780.0/s|walker_min=69.361|walker_med=100.747|walker_max=110.454
STEP|n=657500000|unique=4153622|accepted=37305895|rate=118781.3/s|walker_min=81.188|walker_med=98.253|walker_max=110.578
STEP|n=657600000|unique=4153994|accepted=37306267|rate=118782.5/s|walker_min=79.451|walker_med=105.158|walker_max=110.594
STEP|n=657700000|unique=4154333|accepted=37306606|rate=118783.5/s|walker_min=78.625|walker_med=104.626|walker_max=110.355
STEP|n=657800000|unique=4154680|accepted=37306953|rate=118784.7/s|walker_min=82.824|walker_med=104.629|walker_max=110.525
STEP|n=657900000|unique=4154997|accepted=37307270|rate=118785.9/s|walker_min=81.754|walker_med=105.430|walker_max=110.622
STEP|n=658000000|unique=4155295|accepted=37307568|rate=118787.0/s|walker_min=72.560|walker_med=104.790|walker_max=110.329
STEP|n=658100000|unique=4155629|accepted=37307902|rate=118788.1/s|walker_min=87.928|walker_med=103.707|walker_max=109.871
STEP|n=658200000|unique=4156009|accepted=37308282|rate=118789.2/s|walker_min=83.061|walker_med=102.158|walker_max=110.316
STEP|n=658300000|unique=4156444|accepted=37308717|rate=118790.4/s|walker_min=66.084|walker_med=104.808|walker_max=109.962
STEP|n=658400000|unique=4156832|accepted=37309105|rate=118791.5/s|walker_min=66.605|walker_med=103.082|walker_max=110.222
STEP|n=658500000|unique=4157199|accepted=37309472|rate=118792.8/s|walker_min=83.784|walker_med=101.155|walker_max=110.169
STEP|n=658600000|unique=4157472|accepted=37309745|rate=118793.8/s|walker_min=76.429|walker_med=99.889|walker_max=109.317
STEP|n=658700000|unique=4157827|accepted=37310100|rate=118794.9/s|walker_min=70.454|walker_med=100.898|walker_max=110.632
STEP|n=658800000|unique=4158263|accepted=37310536|rate=118795.9/s|walker_min=64.671|walker_med=99.731|walker_max=110.017
STEP|n=658900000|unique=4158624|accepted=37310897|rate=118796.9/s|walker_min=59.870|walker_med=93.932|walker_max=109.698
STEP|n=659000000|unique=4158954|accepted=37311227|rate=118797.6/s|walker_min=50.994|walker_med=92.336|walker_max=106.472
STEP|n=659100000|unique=4159268|accepted=37311541|rate=118798.3/s|walker_min=59.683|walker_med=95.479|walker_max=110.241
STEP|n=659200000|unique=4159668|accepted=37311941|rate=118799.4/s|walker_min=63.004|walker_med=101.996|walker_max=110.639
STEP|n=659300000|unique=4160084|accepted=37312357|rate=118800.4/s|walker_min=67.284|walker_med=100.631|walker_max=109.577
STEP|n=659400000|unique=4160459|accepted=37312732|rate=118801.5/s|walker_min=74.747|walker_med=103.031|walker_max=110.572
STEP|n=659500000|unique=4160773|accepted=37313046|rate=118802.6/s|walker_min=75.759|walker_med=102.047|walker_max=110.135
STEP|n=659600000|unique=4161080|accepted=37313353|rate=118803.6/s|walker_min=47.324|walker_med=105.462|walker_max=110.648
STEP|n=659700000|unique=4161426|accepted=37313699|rate=118804.7/s|walker_min=87.221|walker_med=101.593|walker_max=110.503
STEP|n=659800000|unique=4161770|accepted=37314043|rate=118805.9/s|walker_min=86.529|walker_med=101.432|walker_max=109.529
STEP|n=659900000|unique=4162148|accepted=37314421|rate=118807.0/s|walker_min=75.781|walker_med=105.487|walker_max=110.357
STEP|n=660000000|unique=4162544|accepted=37314817|rate=118808.1/s|walker_min=59.850|walker_med=103.801|walker_max=110.586
STEP|n=660100000|unique=4162939|accepted=37315212|rate=118809.2/s|walker_min=85.835|walker_med=104.255|walker_max=109.973
STEP|n=660200000|unique=4163360|accepted=37315633|rate=118810.4/s|walker_min=81.954|walker_med=103.961|walker_max=110.538
STEP|n=660300000|unique=4163735|accepted=37316008|rate=118811.7/s|walker_min=63.626|walker_med=101.747|walker_max=110.435
STEP|n=660400000|unique=4164094|accepted=37316367|rate=118812.9/s|walker_min=72.129|walker_med=103.853|walker_max=110.108
STEP|n=660500000|unique=4164424|accepted=37316697|rate=118814.1/s|walker_min=79.587|walker_med=101.100|walker_max=110.613
STEP|n=660600000|unique=4164808|accepted=37317081|rate=118815.3/s|walker_min=79.681|walker_med=101.201|walker_max=110.378
STEP|n=660700000|unique=4165117|accepted=37317390|rate=118816.3/s|walker_min=72.926|walker_med=99.633|walker_max=110.637
STEP|n=660800000|unique=4165487|accepted=37317760|rate=118817.4/s|walker_min=78.358|walker_med=103.348|walker_max=110.552
STEP|n=660900000|unique=4165746|accepted=37318019|rate=118818.4/s|walker_min=48.104|walker_med=93.919|walker_max=110.251
STEP|n=661000000|unique=4165998|accepted=37318271|rate=118819.2/s|walker_min=51.424|walker_med=86.034|walker_max=108.514
STEP|n=661100000|unique=4166238|accepted=37318511|rate=118820.0/s|walker_min=67.785|walker_med=102.130|walker_max=110.632
STEP|n=661200000|unique=4166583|accepted=37318856|rate=118821.0/s|walker_min=65.432|walker_med=101.813|walker_max=110.151
STEP|n=661300000|unique=4166861|accepted=37319134|rate=118822.1/s|walker_min=74.102|walker_med=99.153|walker_max=108.847
STEP|n=661400000|unique=4167143|accepted=37319416|rate=118823.2/s|walker_min=74.142|walker_med=99.778|walker_max=109.445
STEP|n=661500000|unique=4167477|accepted=37319750|rate=118824.4/s|walker_min=74.505|walker_med=99.743|walker_max=109.872
STEP|n=661600000|unique=4167955|accepted=37320228|rate=118825.6/s|walker_min=81.825|walker_med=103.098|walker_max=110.268
STEP|n=661700000|unique=4168365|accepted=37320638|rate=118826.7/s|walker_min=71.947|walker_med=103.951|walker_max=110.596
STEP|n=661800000|unique=4168764|accepted=37321037|rate=118827.7/s|walker_min=63.769|walker_med=103.404|walker_max=110.530
STEP|n=661900000|unique=4169103|accepted=37321376|rate=118828.9/s|walker_min=78.800|walker_med=103.100|walker_max=109.756
STEP|n=662000000|unique=4169369|accepted=37321642|rate=118830.0/s|walker_min=83.494|walker_med=102.135|walker_max=110.471
STEP|n=662100000|unique=4169749|accepted=37322022|rate=118831.2/s|walker_min=68.192|walker_med=105.633|walker_max=110.275
STEP|n=662200000|unique=4170100|accepted=37322373|rate=118830.9/s|walker_min=68.556|walker_med=101.342|walker_max=109.129
STEP|n=662300000|unique=4170465|accepted=37322738|rate=118828.2/s|walker_min=81.041|walker_med=102.697|walker_max=110.331
STEP|n=662400000|unique=4170787|accepted=37323060|rate=118821.9/s|walker_min=85.094|walker_med=103.139|walker_max=110.623
STEP|n=662500000|unique=4171111|accepted=37323384|rate=118806.1/s|walker_min=72.782|walker_med=104.626|walker_max=110.440
STEP|n=662600000|unique=4171430|accepted=37323703|rate=118776.9/s|walker_min=85.776|walker_med=104.121|walker_max=110.551
STEP|n=662700000|unique=4171683|accepted=37323956|rate=118745.4/s|walker_min=71.623|walker_med=99.097|walker_max=110.220
STEP|n=662800000|unique=4171972|accepted=37324245|rate=118707.5/s|walker_min=70.887|walker_med=99.633|walker_max=110.055
STEP|n=662900000|unique=4172302|accepted=37324575|rate=118680.4/s|walker_min=71.023|walker_med=99.765|walker_max=109.946
STEP|n=663000000|unique=4172648|accepted=37324921|rate=118656.0/s|walker_min=46.656|walker_med=90.371|walker_max=108.448
STEP|n=663100000|unique=4172981|accepted=37325254|rate=118629.5/s|walker_min=59.756|walker_med=98.231|walker_max=110.526
STEP|n=663200000|unique=4173331|accepted=37325604|rate=118603.0/s|walker_min=72.550|walker_med=105.164|walker_max=110.555
STEP|n=663300000|unique=4173802|accepted=37326075|rate=118576.6/s|walker_min=76.876|walker_med=104.729|walker_max=110.064
STEP|n=663400000|unique=4174270|accepted=37326543|rate=118548.7/s|walker_min=57.504|walker_med=104.139|walker_max=109.865
STEP|n=663500000|unique=4174666|accepted=37326939|rate=118522.6/s|walker_min=76.505|walker_med=102.433|walker_max=109.695
STEP|n=663600000|unique=4175101|accepted=37327374|rate=118495.6/s|walker_min=90.041|walker_med=106.086|walker_max=110.352
STEP|n=663700000|unique=4175489|accepted=37327762|rate=118469.2/s|walker_min=75.224|walker_med=100.920|walker_max=109.698
STEP|n=663800000|unique=4175898|accepted=37328171|rate=118442.4/s|walker_min=59.720|walker_med=102.033|walker_max=110.185
STEP|n=663900000|unique=4176238|accepted=37328511|rate=118415.2/s|walker_min=77.836|walker_med=100.084|walker_max=110.407
STEP|n=664000000|unique=4176540|accepted=37328813|rate=118388.6/s|walker_min=82.806|walker_med=101.694|walker_max=109.608
STEP|n=664100000|unique=4176819|accepted=37329092|rate=118362.4/s|walker_min=64.406|walker_med=101.230|walker_max=110.614
STEP|n=664200000|unique=4177113|accepted=37329386|rate=118335.9/s|walker_min=73.185|walker_med=103.041|walker_max=110.521
STEP|n=664300000|unique=4177385|accepted=37329658|rate=118309.3/s|walker_min=81.144|walker_med=104.092|walker_max=110.327
STEP|n=664400000|unique=4177728|accepted=37330001|rate=118282.4/s|walker_min=81.020|walker_med=100.839|walker_max=110.429
STEP|n=664500000|unique=4178107|accepted=37330380|rate=118256.0/s|walker_min=73.476|walker_med=102.951|walker_max=110.542
STEP|n=664600000|unique=4178428|accepted=37330701|rate=118229.5/s|walker_min=66.725|walker_med=101.055|walker_max=110.228
STEP|n=664700000|unique=4178685|accepted=37330958|rate=118203.4/s|walker_min=73.920|walker_med=101.849|walker_max=110.317
STEP|n=664800000|unique=4178981|accepted=37331254|rate=118177.2/s|walker_min=53.910|walker_med=97.355|walker_max=110.412
STEP|n=664900000|unique=4179326|accepted=37331599|rate=118151.1/s|walker_min=65.922|walker_med=100.527|walker_max=110.243
STEP|n=665000000|unique=4179672|accepted=37331945|rate=118124.6/s|walker_min=62.271|walker_med=94.994|walker_max=110.475
STEP|n=665100000|unique=4180025|accepted=37332298|rate=118097.4/s|walker_min=66.761|walker_med=95.875|walker_max=110.380
STEP|n=665200000|unique=4180340|accepted=37332613|rate=118071.0/s|walker_min=69.314|walker_med=101.496|walker_max=109.510
STEP|n=665300000|unique=4180616|accepted=37332889|rate=118058.2/s|walker_min=64.616|walker_med=102.559|walker_max=110.392
STEP|n=665400000|unique=4180942|accepted=37333215|rate=118059.1/s|walker_min=70.788|walker_med=102.156|walker_max=110.557
STEP|n=665500000|unique=4181257|accepted=37333530|rate=118060.3/s|walker_min=86.253|walker_med=105.135|walker_max=110.536
STEP|n=665600000|unique=4181666|accepted=37333939|rate=118061.2/s|walker_min=77.523|walker_med=102.452|walker_max=110.555
STEP|n=665700000|unique=4181981|accepted=37334254|rate=118062.1/s|walker_min=73.489|walker_med=103.610|walker_max=110.500
STEP|n=665800000|unique=4182369|accepted=37334642|rate=118063.1/s|walker_min=76.632|walker_med=103.544|walker_max=110.027
STEP|n=665900000|unique=4182718|accepted=37334991|rate=118064.3/s|walker_min=81.459|walker_med=101.988|walker_max=110.439
STEP|n=666000000|unique=4183040|accepted=37335313|rate=118065.4/s|walker_min=69.605|walker_med=104.166|walker_max=110.609
STEP|n=666100000|unique=4183314|accepted=37335587|rate=118066.3/s|walker_min=73.198|walker_med=105.516|walker_max=110.361
STEP|n=666200000|unique=4183618|accepted=37335891|rate=118067.4/s|walker_min=84.017|walker_med=103.580|walker_max=110.589
STEP|n=666300000|unique=4183918|accepted=37336191|rate=118068.5/s|walker_min=71.522|walker_med=102.545|walker_max=110.550
STEP|n=666400000|unique=4184207|accepted=37336480|rate=118069.6/s|walker_min=65.573|walker_med=104.619|walker_max=110.612
STEP|n=666500000|unique=4184549|accepted=37336822|rate=118070.8/s|walker_min=76.744|walker_med=103.692|walker_max=110.390
STEP|n=666600000|unique=4184877|accepted=37337150|rate=118071.9/s|walker_min=66.729|walker_med=103.890|walker_max=109.492
STEP|n=666700000|unique=4185220|accepted=37337493|rate=118072.6/s|walker_min=51.717|walker_med=102.366|walker_max=110.649
STEP|n=666800000|unique=4185634|accepted=37337907|rate=118073.4/s|walker_min=77.880|walker_med=101.992|walker_max=110.579
STEP|n=666900000|unique=4186001|accepted=37338274|rate=118074.5/s|walker_min=78.109|walker_med=93.982|walker_max=110.090
STEP|n=667000000|unique=4186365|accepted=37338638|rate=118075.3/s|walker_min=54.673|walker_med=93.852|walker_max=108.894
STEP|n=667100000|unique=4186745|accepted=37339018|rate=118076.3/s|walker_min=62.026|walker_med=91.996|walker_max=110.432
STEP|n=667200000|unique=4187139|accepted=37339412|rate=118077.3/s|walker_min=64.316|walker_med=99.305|walker_max=110.596
STEP|n=667300000|unique=4187415|accepted=37339688|rate=118078.2/s|walker_min=65.055|walker_med=104.300|walker_max=109.991
STEP|n=667400000|unique=4187711|accepted=37339984|rate=118079.2/s|walker_min=79.530|walker_med=101.728|walker_max=110.387
STEP|n=667500000|unique=4188084|accepted=37340357|rate=118080.4/s|walker_min=70.486|walker_med=100.831|walker_max=110.579
STEP|n=667600000|unique=4188394|accepted=37340667|rate=118081.5/s|walker_min=66.486|walker_med=103.711|walker_max=110.193
STEP|n=667700000|unique=4188675|accepted=37340948|rate=118082.4/s|walker_min=78.074|walker_med=104.023|walker_max=110.557
STEP|n=667800000|unique=4188974|accepted=37341247|rate=118083.4/s|walker_min=82.199|walker_med=106.137|walker_max=110.559
STEP|n=667900000|unique=4189434|accepted=37341707|rate=118084.6/s|walker_min=72.531|walker_med=104.896|walker_max=110.593
STEP|n=668000000|unique=4189687|accepted=37341960|rate=118085.7/s|walker_min=85.266|walker_med=104.844|walker_max=110.108
STEP|n=668100000|unique=4189951|accepted=37342224|rate=118086.7/s|walker_min=76.576|walker_med=104.475|walker_max=110.046
STEP|n=668200000|unique=4190254|accepted=37342527|rate=118087.9/s|walker_min=81.631|walker_med=102.432|walker_max=110.309
STEP|n=668300000|unique=4190563|accepted=37342836|rate=118088.8/s|walker_min=78.606|walker_med=104.206|walker_max=110.155
STEP|n=668400000|unique=4190913|accepted=37343186|rate=118089.9/s|walker_min=75.463|walker_med=104.424|walker_max=110.537
STEP|n=668500000|unique=4191264|accepted=37343537|rate=118091.0/s|walker_min=67.523|walker_med=100.425|walker_max=110.453
STEP|n=668600000|unique=4191606|accepted=37343879|rate=118092.1/s|walker_min=80.124|walker_med=103.732|walker_max=110.493
STEP|n=668700000|unique=4192052|accepted=37344325|rate=118093.2/s|walker_min=64.141|walker_med=98.081|walker_max=110.326
STEP|n=668800000|unique=4192383|accepted=37344656|rate=118094.2/s|walker_min=63.978|walker_med=102.844|walker_max=110.613
STEP|n=668900000|unique=4192591|accepted=37344864|rate=118095.1/s|walker_min=56.583|walker_med=100.625|walker_max=109.074
STEP|n=669000000|unique=4192841|accepted=37345114|rate=118095.7/s|walker_min=53.016|walker_med=89.967|walker_max=110.145
STEP|n=669100000|unique=4193076|accepted=37345349|rate=118096.4/s|walker_min=65.815|walker_med=97.318|walker_max=110.636
STEP|n=669200000|unique=4193478|accepted=37345751|rate=118097.2/s|walker_min=60.896|walker_med=97.135|walker_max=109.336
STEP|n=669300000|unique=4193853|accepted=37346126|rate=118098.0/s|walker_min=59.985|walker_med=102.382|walker_max=110.276
STEP|n=669400000|unique=4194316|accepted=37346589|rate=118098.9/s|walker_min=78.293|walker_med=101.698|walker_max=110.243
STEP|n=669500000|unique=4194693|accepted=37346966|rate=118100.0/s|walker_min=79.001|walker_med=104.048|walker_max=110.452
STEP|n=669600000|unique=4194954|accepted=37347227|rate=118101.1/s|walker_min=71.698|walker_med=101.683|walker_max=109.850
STEP|n=669700000|unique=4195260|accepted=37347533|rate=118102.2/s|walker_min=76.120|walker_med=99.094|walker_max=109.974
STEP|n=669800000|unique=4195566|accepted=37347839|rate=118103.3/s|walker_min=73.322|walker_med=105.087|walker_max=110.580
STEP|n=669900000|unique=4195890|accepted=37348163|rate=118104.4/s|walker_min=82.246|walker_med=103.090|walker_max=110.530
STEP|n=670000000|unique=4196235|accepted=37348508|rate=118105.5/s|walker_min=78.376|walker_med=103.981|walker_max=110.597
STEP|n=670100000|unique=4196592|accepted=37348865|rate=118106.7/s|walker_min=76.053|walker_med=104.445|walker_max=110.599
STEP|n=670200000|unique=4196939|accepted=37349212|rate=118107.6/s|walker_min=88.296|walker_med=103.619|walker_max=110.545
STEP|n=670300000|unique=4197381|accepted=37349654|rate=118108.8/s|walker_min=77.670|walker_med=106.817|walker_max=110.642
STEP|n=670400000|unique=4197741|accepted=37350014|rate=118109.8/s|walker_min=76.726|walker_med=101.426|walker_max=109.664
STEP|n=670500000|unique=4198099|accepted=37350372|rate=118110.9/s|walker_min=53.608|walker_med=100.042|walker_max=110.492
STEP|n=670600000|unique=4198398|accepted=37350671|rate=118112.0/s|walker_min=75.586|walker_med=102.594|walker_max=110.492
STEP|n=670700000|unique=4198696|accepted=37350969|rate=118113.1/s|walker_min=74.458|walker_med=102.824|walker_max=110.492
STEP|n=670800000|unique=4199029|accepted=37351302|rate=118114.1/s|walker_min=80.104|walker_med=99.582|walker_max=110.528
STEP|n=670900000|unique=4199347|accepted=37351620|rate=118115.1/s|walker_min=73.206|walker_med=93.590|walker_max=110.528
STEP|n=671000000|unique=4199662|accepted=37351935|rate=118115.9/s|walker_min=65.159|walker_med=95.091|walker_max=109.651
STEP|n=671100000|unique=4199941|accepted=37352214|rate=118116.8/s|walker_min=48.532|walker_med=100.328|walker_max=110.488
STEP|n=671200000|unique=4200256|accepted=37352529|rate=118117.9/s|walker_min=59.532|walker_med=102.398|walker_max=108.975
STEP|n=671300000|unique=4200635|accepted=37352908|rate=118119.0/s|walker_min=73.939|walker_med=103.928|walker_max=110.516
STEP|n=671400000|unique=4201055|accepted=37353328|rate=118120.0/s|walker_min=73.893|walker_med=100.896|walker_max=110.486
STEP|n=671500000|unique=4201367|accepted=37353640|rate=118121.1/s|walker_min=55.439|walker_med=100.149|walker_max=110.345
STEP|n=671600000|unique=4201725|accepted=37353998|rate=118122.3/s|walker_min=67.023|walker_med=101.795|walker_max=110.202
STEP|n=671700000|unique=4202044|accepted=37354317|rate=118123.5/s|walker_min=89.994|walker_med=103.352|walker_max=110.157
STEP|n=671800000|unique=4202464|accepted=37354737|rate=118124.7/s|walker_min=74.105|walker_med=104.924|walker_max=110.532
STEP|n=671900000|unique=4202813|accepted=37355086|rate=118125.5/s|walker_min=81.416|walker_med=100.802|walker_max=109.752
STEP|n=672000000|unique=4203133|accepted=37355406|rate=118126.6/s|walker_min=92.040|walker_med=103.173|walker_max=110.508
STEP|n=672100000|unique=4203448|accepted=37355721|rate=118127.8/s|walker_min=78.290|walker_med=104.965|walker_max=110.346
STEP|n=672200000|unique=4203743|accepted=37356016|rate=118128.9/s|walker_min=72.451|walker_med=98.393|walker_max=109.583
STEP|n=672300000|unique=4204053|accepted=37356326|rate=118130.0/s|walker_min=83.784|walker_med=103.370|walker_max=110.465
STEP|n=672400000|unique=4204379|accepted=37356652|rate=118131.2/s|walker_min=53.735|walker_med=96.579|walker_max=109.362
STEP|n=672500000|unique=4204705|accepted=37356978|rate=118132.1/s|walker_min=78.758|walker_med=101.866|walker_max=110.424
STEP|n=672600000|unique=4205048|accepted=37357321|rate=118133.3/s|walker_min=81.959|walker_med=102.493|walker_max=110.166
STEP|n=672700000|unique=4205399|accepted=37357672|rate=118134.3/s|walker_min=84.612|walker_med=99.253|walker_max=110.415
STEP|n=672800000|unique=4205751|accepted=37358024|rate=118135.4/s|walker_min=70.962|walker_med=98.853|walker_max=109.382
STEP|n=672900000|unique=4206085|accepted=37358358|rate=118136.4/s|walker_min=56.164|walker_med=97.929|walker_max=110.553
STEP|n=673000000|unique=4206324|accepted=37358597|rate=118137.2/s|walker_min=50.882|walker_med=91.619|walker_max=105.821
STEP|n=673100000|unique=4206589|accepted=37358862|rate=118138.1/s|walker_min=52.601|walker_med=95.608|walker_max=110.284
STEP|n=673200000|unique=4206956|accepted=37359229|rate=118139.2/s|walker_min=68.288|walker_med=94.754|walker_max=109.966
STEP|n=673300000|unique=4207327|accepted=37359600|rate=118140.0/s|walker_min=68.285|walker_med=99.553|walker_max=109.684
STEP|n=673400000|unique=4207682|accepted=37359955|rate=118141.1/s|walker_min=79.951|walker_med=102.223|walker_max=110.488
STEP|n=673500000|unique=4207983|accepted=37360256|rate=118141.1/s|walker_min=86.284|walker_med=103.873|walker_max=110.521
STEP|n=673600000|unique=4208395|accepted=37360668|rate=118138.3/s|walker_min=83.084|walker_med=101.528|walker_max=110.649
STEP|n=673700000|unique=4208787|accepted=37361060|rate=118131.5/s|walker_min=79.945|walker_med=103.091|walker_max=109.859
STEP|n=673800000|unique=4209137|accepted=37361410|rate=118114.1/s|walker_min=63.337|walker_med=104.608|walker_max=110.582
STEP|n=673900000|unique=4209537|accepted=37361810|rate=118086.4/s|walker_min=74.501|walker_med=103.232|walker_max=110.520
STEP|n=674000000|unique=4209995|accepted=37362268|rate=118056.0/s|walker_min=81.572|walker_med=102.871|walker_max=109.855
STEP|n=674100000|unique=4210294|accepted=37362567|rate=118025.6/s|walker_min=74.134|walker_med=103.119|walker_max=110.526
STEP|n=674200000|unique=4210635|accepted=37362908|rate=117997.7/s|walker_min=84.807|walker_med=100.489|walker_max=110.635
STEP|n=674300000|unique=4210950|accepted=37363223|rate=117975.8/s|walker_min=89.889|walker_med=103.114|walker_max=109.293
STEP|n=674400000|unique=4211246|accepted=37363519|rate=117951.2/s|walker_min=60.606|walker_med=102.505|walker_max=110.391
STEP|n=674500000|unique=4211526|accepted=37363799|rate=117925.7/s|walker_min=86.342|walker_med=102.429|walker_max=110.515
STEP|n=674600000|unique=4211808|accepted=37364081|rate=117900.3/s|walker_min=62.004|walker_med=100.675|walker_max=110.343
STEP|n=674700000|unique=4212117|accepted=37364390|rate=117874.7/s|walker_min=82.199|walker_med=98.745|walker_max=109.461
STEP|n=674800000|unique=4212462|accepted=37364735|rate=117848.5/s|walker_min=69.656|walker_med=99.519|walker_max=110.284
STEP|n=674900000|unique=4212769|accepted=37365042|rate=117822.3/s|walker_min=61.825|walker_med=100.922|walker_max=109.269
STEP|n=675000000|unique=4213122|accepted=37365395|rate=117795.8/s|walker_min=51.320|walker_med=92.135|walker_max=110.281
STEP|n=675100000|unique=4213445|accepted=37365718|rate=117769.3/s|walker_min=55.814|walker_med=94.891|walker_max=110.079
STEP|n=675200000|unique=4213739|accepted=37366012|rate=117742.9/s|walker_min=55.439|walker_med=98.425|walker_max=110.179
STEP|n=675300000|unique=4214031|accepted=37366304|rate=117717.2/s|walker_min=77.150|walker_med=97.535|walker_max=110.125
STEP|n=675400000|unique=4214375|accepted=37366648|rate=117691.7/s|walker_min=77.427|walker_med=105.894|walker_max=110.336
STEP|n=675500000|unique=4214704|accepted=37366977|rate=117666.2/s|walker_min=65.479|walker_med=103.852|walker_max=110.629
STEP|n=675600000|unique=4215016|accepted=37367289|rate=117641.0/s|walker_min=85.644|walker_med=101.703|walker_max=109.577
STEP|n=675700000|unique=4215320|accepted=37367593|rate=117615.6/s|walker_min=75.788|walker_med=102.572|walker_max=109.739
STEP|n=675800000|unique=4215668|accepted=37367941|rate=117589.8/s|walker_min=69.666|walker_med=102.511|walker_max=110.104
STEP|n=675900000|unique=4216035|accepted=37368308|rate=117564.8/s|walker_min=84.365|walker_med=102.250|walker_max=110.598
STEP|n=676000000|unique=4216331|accepted=37368604|rate=117539.7/s|walker_min=56.906|walker_med=104.268|walker_max=110.551
STEP|n=676100000|unique=4216749|accepted=37369022|rate=117514.6/s|walker_min=67.979|walker_med=103.370|walker_max=109.984
STEP|n=676200000|unique=4217155|accepted=37369428|rate=117489.7/s|walker_min=76.925|walker_med=103.634|walker_max=110.562
STEP|n=676300000|unique=4217534|accepted=37369807|rate=117464.3/s|walker_min=85.184|walker_med=105.075|walker_max=110.126
STEP|n=676400000|unique=4217838|accepted=37370111|rate=117438.8/s|walker_min=78.829|walker_med=101.234|walker_max=110.538
STEP|n=676500000|unique=4218198|accepted=37370471|rate=117412.5/s|walker_min=86.690|walker_med=104.814|walker_max=110.641
STEP|n=676600000|unique=4218494|accepted=37370767|rate=117386.8/s|walker_min=65.627|walker_med=103.055|walker_max=110.196
STEP|n=676700000|unique=4218916|accepted=37371189|rate=117361.8/s|walker_min=72.171|walker_med=104.285|walker_max=110.518
STEP|n=676800000|unique=4219263|accepted=37371536|rate=117336.5/s|walker_min=80.952|walker_med=99.843|walker_max=110.117
STEP|n=676900000|unique=4219553|accepted=37371826|rate=117311.2/s|walker_min=56.676|walker_med=97.554|walker_max=110.329
STEP|n=677000000|unique=4219902|accepted=37372175|rate=117285.5/s|walker_min=63.700|walker_med=97.299|walker_max=110.289
STEP|n=677100000|unique=4220299|accepted=37372572|rate=117260.0/s|walker_min=65.733|walker_med=95.603|walker_max=110.043
STEP|n=677200000|unique=4220758|accepted=37373031|rate=117235.4/s|walker_min=69.618|walker_med=102.676|walker_max=110.603
STEP|n=677300000|unique=4221169|accepted=37373442|rate=117210.7/s|walker_min=73.355|walker_med=100.144|walker_max=110.547
STEP|n=677400000|unique=4221535|accepted=37373808|rate=117186.2/s|walker_min=76.103|walker_med=101.022|walker_max=110.399
STEP|n=677500000|unique=4221898|accepted=37374171|rate=117161.4/s|walker_min=68.130|walker_med=101.722|walker_max=110.599
STEP|n=677600000|unique=4222270|accepted=37374543|rate=117136.6/s|walker_min=83.651|walker_med=106.401|walker_max=110.618
STEP|n=677700000|unique=4222598|accepted=37374871|rate=117111.7/s|walker_min=77.380|walker_med=105.105|walker_max=110.394
STEP|n=677800000|unique=4222893|accepted=37375166|rate=117086.4/s|walker_min=59.799|walker_med=103.140|walker_max=110.450
STEP|n=677900000|unique=4223332|accepted=37375605|rate=117061.9/s|walker_min=74.917|walker_med=102.972|walker_max=110.438
STEP|n=678000000|unique=4223775|accepted=37376048|rate=117037.1/s|walker_min=80.444|walker_med=101.665|walker_max=110.440
STEP|n=678100000|unique=4224138|accepted=37376411|rate=117012.2/s|walker_min=83.677|walker_med=99.329|walker_max=110.328
STEP|n=678200000|unique=4224522|accepted=37376795|rate=116987.5/s|walker_min=88.692|walker_med=104.272|walker_max=110.411
STEP|n=678300000|unique=4224895|accepted=37377168|rate=116963.1/s|walker_min=66.032|walker_med=95.930|walker_max=109.685
STEP|n=678400000|unique=4225220|accepted=37377493|rate=116938.1/s|walker_min=61.017|walker_med=101.352|walker_max=110.217
STEP|n=678500000|unique=4225505|accepted=37377778|rate=116913.6/s|walker_min=81.434|walker_med=102.374|walker_max=110.538
STEP|n=678600000|unique=4225811|accepted=37378084|rate=116888.7/s|walker_min=72.702|walker_med=102.701|walker_max=110.448
STEP|n=678700000|unique=4226090|accepted=37378363|rate=116864.2/s|walker_min=67.584|walker_med=101.712|walker_max=110.392
STEP|n=678800000|unique=4226393|accepted=37378666|rate=116839.9/s|walker_min=64.406|walker_med=100.085|walker_max=110.584
STEP|n=678900000|unique=4226765|accepted=37379038|rate=116813.9/s|walker_min=54.368|walker_med=99.077|walker_max=110.565
STEP|n=679000000|unique=4227075|accepted=37379348|rate=116786.1/s|walker_min=57.073|walker_med=94.776|walker_max=110.018
STEP|n=679100000|unique=4227307|accepted=37379580|rate=116757.0/s|walker_min=49.005|walker_med=101.056|walker_max=110.027
STEP|n=679200000|unique=4227577|accepted=37379850|rate=116729.8/s|walker_min=62.237|walker_med=102.761|walker_max=110.230
STEP|n=679300000|unique=4227834|accepted=37380107|rate=116702.7/s|walker_min=84.302|walker_med=103.058|walker_max=109.520
STEP|n=679400000|unique=4228106|accepted=37380379|rate=116680.6/s|walker_min=82.821|walker_med=98.587|walker_max=109.454
STEP|n=679500000|unique=4228404|accepted=37380677|rate=116656.8/s|walker_min=85.809|walker_med=101.013|walker_max=110.640
STEP|n=679600000|unique=4228753|accepted=37381026|rate=116632.6/s|walker_min=80.348|walker_med=104.320|walker_max=110.506
STEP|n=679700000|unique=4229101|accepted=37381374|rate=116608.6/s|walker_min=80.799|walker_med=103.354|walker_max=110.389
STEP|n=679800000|unique=4229413|accepted=37381686|rate=116584.4/s|walker_min=60.764|walker_med=103.330|walker_max=109.952
STEP|n=679900000|unique=4229798|accepted=37382071|rate=116560.4/s|walker_min=86.041|walker_med=103.877|walker_max=110.302
STEP|n=680000000|unique=4230156|accepted=37382429|rate=116536.5/s|walker_min=84.613|walker_med=100.404|walker_max=110.228
STEP|n=680100000|unique=4230490|accepted=37382763|rate=116512.3/s|walker_min=56.697|walker_med=104.985|walker_max=110.622
STEP|n=680200000|unique=4230800|accepted=37383073|rate=116488.3/s|walker_min=85.181|walker_med=100.878|walker_max=109.355
STEP|n=680300000|unique=4231134|accepted=37383407|rate=116464.2/s|walker_min=71.725|walker_med=100.594|walker_max=110.463
STEP|n=680400000|unique=4231525|accepted=37383798|rate=116440.3/s|walker_min=82.727|walker_med=103.619|walker_max=110.483
STEP|n=680500000|unique=4231862|accepted=37384135|rate=116416.3/s|walker_min=75.855|walker_med=102.098|walker_max=110.022
STEP|n=680600000|unique=4232131|accepted=37384404|rate=116392.0/s|walker_min=64.828|walker_med=103.039|walker_max=110.115
STEP|n=680700000|unique=4232429|accepted=37384702|rate=116367.1/s|walker_min=71.493|walker_med=104.177|walker_max=110.627
STEP|n=680800000|unique=4232737|accepted=37385010|rate=116342.6/s|walker_min=54.659|walker_med=101.303|walker_max=110.602
STEP|n=680900000|unique=4233006|accepted=37385279|rate=116317.6/s|walker_min=52.424|walker_med=92.383|walker_max=110.268
STEP|n=681000000|unique=4233254|accepted=37385527|rate=116292.5/s|walker_min=54.137|walker_med=87.666|walker_max=109.811
STEP|n=681100000|unique=4233528|accepted=37385801|rate=116268.0/s|walker_min=54.930|walker_med=102.580|walker_max=110.422
STEP|n=681200000|unique=4233833|accepted=37386106|rate=116242.7/s|walker_min=66.913|walker_med=99.777|walker_max=110.650
STEP|n=681300000|unique=4234108|accepted=37386381|rate=116218.8/s|walker_min=72.321|walker_med=100.828|walker_max=110.326
STEP|n=681400000|unique=4234464|accepted=37386737|rate=116194.7/s|walker_min=78.585|walker_med=104.992|walker_max=110.470
STEP|n=681500000|unique=4234919|accepted=37387192|rate=116171.1/s|walker_min=71.227|walker_med=103.643|walker_max=109.437
STEP|n=681600000|unique=4235315|accepted=37387588|rate=116147.3/s|walker_min=79.302|walker_med=101.818|walker_max=110.347
STEP|n=681700000|unique=4235718|accepted=37387991|rate=116123.6/s|walker_min=84.386|walker_med=103.330|walker_max=109.451
STEP|n=681800000|unique=4236142|accepted=37388415|rate=116099.3/s|walker_min=80.540|walker_med=103.114|walker_max=110.258
STEP|n=681900000|unique=4236458|accepted=37388731|rate=116075.2/s|walker_min=76.397|walker_med=99.698|walker_max=109.832
STEP|n=682000000|unique=4236774|accepted=37389047|rate=116051.4/s|walker_min=73.996|walker_med=103.097|walker_max=110.222
STEP|n=682100000|unique=4237096|accepted=37389369|rate=116027.8/s|walker_min=77.613|walker_med=101.355|walker_max=110.519
STEP|n=682200000|unique=4237399|accepted=37389672|rate=116004.1/s|walker_min=72.110|walker_med=101.698|walker_max=110.354
STEP|n=682300000|unique=4237723|accepted=37389996|rate=115978.7/s|walker_min=81.093|walker_med=102.537|walker_max=110.453
STEP|n=682400000|unique=4237994|accepted=37390267|rate=115955.2/s|walker_min=68.299|walker_med=100.234|walker_max=109.964
STEP|n=682500000|unique=4238366|accepted=37390639|rate=115932.0/s|walker_min=74.171|walker_med=103.581|walker_max=109.987
STEP|n=682600000|unique=4238793|accepted=37391066|rate=115908.6/s|walker_min=70.995|walker_med=105.181|walker_max=110.622
STEP|n=682700000|unique=4239106|accepted=37391379|rate=115884.6/s|walker_min=84.832|walker_med=104.506|walker_max=110.155
STEP|n=682800000|unique=4239393|accepted=37391666|rate=115860.7/s|walker_min=71.511|walker_med=98.971|walker_max=109.823
STEP|n=682900000|unique=4239715|accepted=37391988|rate=115837.2/s|walker_min=69.010|walker_med=98.080|walker_max=110.399
STEP|n=683000000|unique=4239980|accepted=37392253|rate=115813.3/s|walker_min=56.851|walker_med=92.008|walker_max=108.672
STEP|n=683100000|unique=4240266|accepted=37392539|rate=115789.1/s|walker_min=54.530|walker_med=94.689|walker_max=110.111
STEP|n=683200000|unique=4240575|accepted=37392848|rate=115765.0/s|walker_min=64.265|walker_med=101.102|walker_max=110.289
STEP|n=683300000|unique=4240896|accepted=37393169|rate=115741.3/s|walker_min=75.144|walker_med=99.515|walker_max=110.619
STEP|n=683400000|unique=4241178|accepted=37393451|rate=115717.9/s|walker_min=73.406|walker_med=98.172|walker_max=110.364
STEP|n=683500000|unique=4241483|accepted=37393756|rate=115694.4/s|walker_min=70.487|walker_med=102.944|walker_max=110.138
STEP|n=683600000|unique=4241772|accepted=37394045|rate=115670.8/s|walker_min=81.616|walker_med=102.499|walker_max=110.590
STEP|n=683700000|unique=4242122|accepted=37394395|rate=115647.6/s|walker_min=80.948|walker_med=103.171|walker_max=109.772
STEP|n=683800000|unique=4242496|accepted=37394769|rate=115624.4/s|walker_min=77.534|walker_med=105.006|walker_max=110.301
STEP|n=683900000|unique=4242837|accepted=37395110|rate=115601.2/s|walker_min=61.555|walker_med=102.692|walker_max=110.551
STEP|n=684000000|unique=4243163|accepted=37395436|rate=115578.0/s|walker_min=89.091|walker_med=101.553|walker_max=109.652
STEP|n=684100000|unique=4243491|accepted=37395764|rate=115554.7/s|walker_min=70.543|walker_med=101.531|walker_max=110.610
STEP|n=684200000|unique=4243787|accepted=37396060|rate=115530.6/s|walker_min=86.882|walker_med=105.119|walker_max=109.881
STEP|n=684300000|unique=4244119|accepted=37396392|rate=115507.2/s|walker_min=71.977|walker_med=102.034|walker_max=110.339
STEP|n=684400000|unique=4244469|accepted=37396742|rate=115483.9/s|walker_min=85.302|walker_med=100.010|walker_max=109.622
STEP|n=684500000|unique=4244842|accepted=37397115|rate=115460.6/s|walker_min=85.725|walker_med=102.847|walker_max=110.651
STEP|n=684600000|unique=4245225|accepted=37397498|rate=115437.6/s|walker_min=60.969|walker_med=100.732|walker_max=109.652
STEP|n=684700000|unique=4245616|accepted=37397889|rate=115414.0/s|walker_min=77.727|walker_med=103.261|walker_max=110.306
STEP|n=684800000|unique=4245964|accepted=37398237|rate=115390.0/s|walker_min=60.173|walker_med=99.232|walker_max=109.679
STEP|n=684900000|unique=4246322|accepted=37398595|rate=115366.5/s|walker_min=59.041|walker_med=98.793|walker_max=109.656
STEP|n=685000000|unique=4246652|accepted=37398925|rate=115342.6/s|walker_min=55.579|walker_med=93.081|walker_max=109.684
STEP|n=685100000|unique=4246947|accepted=37399220|rate=115319.0/s|walker_min=63.671|walker_med=100.539|walker_max=110.396
STEP|n=685200000|unique=4247231|accepted=37399504|rate=115293.1/s|walker_min=80.523|walker_med=99.959|walker_max=110.345
STEP|n=685300000|unique=4247474|accepted=37399747|rate=115270.2/s|walker_min=81.369|walker_med=101.204|walker_max=110.512
STEP|n=685400000|unique=4247728|accepted=37400001|rate=115247.0/s|walker_min=61.992|walker_med=98.459|walker_max=109.542
STEP|n=685500000|unique=4248076|accepted=37400349|rate=115224.1/s|walker_min=67.991|walker_med=103.733|walker_max=110.343
STEP|n=685600000|unique=4248393|accepted=37400666|rate=115200.8/s|walker_min=67.808|walker_med=104.988|walker_max=110.647
STEP|n=685700000|unique=4248690|accepted=37400963|rate=115177.3/s|walker_min=73.913|walker_med=105.269|walker_max=110.346
STEP|n=685800000|unique=4249029|accepted=37401302|rate=115154.3/s|walker_min=78.405|walker_med=101.305|walker_max=110.277
STEP|n=685900000|unique=4249439|accepted=37401712|rate=115131.3/s|walker_min=69.917|walker_med=103.897|walker_max=110.580
STEP|n=686000000|unique=4249780|accepted=37402053|rate=115108.2/s|walker_min=72.266|walker_med=102.451|walker_max=109.192
STEP|n=686100000|unique=4250103|accepted=37402376|rate=115085.3/s|walker_min=64.238|walker_med=104.729|walker_max=110.583
STEP|n=686200000|unique=4250386|accepted=37402659|rate=115061.9/s|walker_min=82.498|walker_med=103.661|walker_max=110.152
STEP|n=686300000|unique=4250689|accepted=37402962|rate=115038.3/s|walker_min=81.846|walker_med=101.185|walker_max=109.660
STEP|n=686400000|unique=4251018|accepted=37403291|rate=115015.3/s|walker_min=74.500|walker_med=101.696|walker_max=110.255
STEP|n=686500000|unique=4251367|accepted=37403640|rate=114992.1/s|walker_min=90.599|walker_med=101.728|walker_max=110.176
STEP|n=686600000|unique=4251812|accepted=37404085|rate=114968.7/s|walker_min=54.659|walker_med=105.088|walker_max=110.577
STEP|n=686700000|unique=4252166|accepted=37404439|rate=114945.5/s|walker_min=78.749|walker_med=102.262|walker_max=110.185
STEP|n=686800000|unique=4252527|accepted=37404800|rate=114922.2/s|walker_min=70.006|walker_med=98.993|walker_max=109.222
STEP|n=686900000|unique=4252805|accepted=37405078|rate=114898.8/s|walker_min=60.811|walker_med=92.844|walker_max=110.164
STEP|n=687000000|unique=4253224|accepted=37405497|rate=114875.2/s|walker_min=55.657|walker_med=90.280|walker_max=110.013
STEP|n=687100000|unique=4253470|accepted=37405743|rate=114850.4/s|walker_min=62.008|walker_med=100.330|walker_max=109.596
STEP|n=687200000|unique=4253806|accepted=37406079|rate=114826.8/s|walker_min=75.760|walker_med=101.636|walker_max=110.551
STEP|n=687300000|unique=4254096|accepted=37406369|rate=114803.5/s|walker_min=78.057|walker_med=103.730|walker_max=110.256
STEP|n=687400000|unique=4254402|accepted=37406675|rate=114780.3/s|walker_min=80.833|walker_med=104.195|walker_max=109.887
STEP|n=687500000|unique=4254753|accepted=37407026|rate=114756.7/s|walker_min=76.231|walker_med=103.566|walker_max=110.561
STEP|n=687600000|unique=4255056|accepted=37407329|rate=114733.9/s|walker_min=73.184|walker_med=105.198|walker_max=110.306
STEP|n=687700000|unique=4255343|accepted=37407616|rate=114711.0/s|walker_min=76.448|walker_med=100.748|walker_max=110.194
STEP|n=687800000|unique=4255602|accepted=37407875|rate=114688.0/s|walker_min=67.330|walker_med=101.270|walker_max=110.391
STEP|n=687900000|unique=4255831|accepted=37408104|rate=114665.4/s|walker_min=62.859|walker_med=101.001|walker_max=110.370
STEP|n=688000000|unique=4256175|accepted=37408448|rate=114642.0/s|walker_min=79.876|walker_med=103.779|walker_max=110.061
STEP|n=688100000|unique=4256618|accepted=37408891|rate=114617.9/s|walker_min=71.516|walker_med=103.554|walker_max=109.560
STEP|n=688200000|unique=4256901|accepted=37409174|rate=114595.3/s|walker_min=68.153|walker_med=105.010|walker_max=110.564
STEP|n=688300000|unique=4257232|accepted=37409505|rate=114572.6/s|walker_min=66.330|walker_med=101.951|walker_max=110.615
STEP|n=688400000|unique=4257661|accepted=37409934|rate=114550.1/s|walker_min=76.824|walker_med=104.020|walker_max=110.541
STEP|n=688500000|unique=4258068|accepted=37410341|rate=114527.5/s|walker_min=66.431|walker_med=101.618|walker_max=109.872
STEP|n=688600000|unique=4258433|accepted=37410706|rate=114504.9/s|walker_min=73.382|walker_med=100.614|walker_max=110.107
STEP|n=688700000|unique=4258740|accepted=37411013|rate=114481.9/s|walker_min=80.047|walker_med=99.509|walker_max=110.521
STEP|n=688800000|unique=4259087|accepted=37411360|rate=114459.5/s|walker_min=69.238|walker_med=101.660|walker_max=110.597
STEP|n=688900000|unique=4259464|accepted=37411737|rate=114436.9/s|walker_min=79.254|walker_med=92.871|walker_max=108.456
STEP|n=689000000|unique=4259793|accepted=37412066|rate=114413.7/s|walker_min=54.760|walker_med=92.441|walker_max=110.049
STEP|n=689100000|unique=4260103|accepted=37412376|rate=114390.4/s|walker_min=64.401|walker_med=93.614|walker_max=108.618
STEP|n=689200000|unique=4260447|accepted=37412720|rate=114367.6/s|walker_min=79.761|walker_med=101.629|walker_max=110.345
STEP|n=689300000|unique=4260737|accepted=37413010|rate=114345.1/s|walker_min=78.625|walker_med=99.642|walker_max=107.751
STEP|n=689400000|unique=4261106|accepted=37413379|rate=114322.8/s|walker_min=56.471|walker_med=105.054|walker_max=110.632
STEP|n=689500000|unique=4261464|accepted=37413737|rate=114300.4/s|walker_min=54.700|walker_med=100.719|walker_max=110.363
STEP|n=689600000|unique=4261816|accepted=37414089|rate=114278.0/s|walker_min=67.288|walker_med=104.199|walker_max=110.648
STEP|n=689700000|unique=4262141|accepted=37414414|rate=114255.6/s|walker_min=90.026|walker_med=104.490|walker_max=110.281
STEP|n=689800000|unique=4262496|accepted=37414769|rate=114233.3/s|walker_min=67.292|walker_med=102.135|walker_max=110.597
STEP|n=689900000|unique=4262760|accepted=37415033|rate=114211.0/s|walker_min=77.841|walker_med=102.273|walker_max=110.268
STEP|n=690000000|unique=4263155|accepted=37415428|rate=114188.4/s|walker_min=84.062|walker_med=103.754|walker_max=109.962
STEP|n=690100000|unique=4263439|accepted=37415712|rate=114165.7/s|walker_min=85.574|walker_med=104.257|walker_max=110.640
STEP|n=690200000|unique=4263831|accepted=37416104|rate=114143.2/s|walker_min=76.682|walker_med=103.777|walker_max=110.527
STEP|n=690300000|unique=4264107|accepted=37416380|rate=114120.6/s|walker_min=67.030|walker_med=100.279|walker_max=110.196
STEP|n=690400000|unique=4264480|accepted=37416753|rate=114098.4/s|walker_min=81.538|walker_med=104.435|walker_max=110.574
STEP|n=690500000|unique=4264836|accepted=37417109|rate=114073.2/s|walker_min=88.320|walker_med=102.076|walker_max=110.574
STEP|n=690600000|unique=4265169|accepted=37417442|rate=114051.0/s|walker_min=89.375|walker_med=102.140|walker_max=110.580
STEP|n=690700000|unique=4265480|accepted=37417753|rate=114028.5/s|walker_min=57.398|walker_med=99.652|walker_max=110.125
STEP|n=690800000|unique=4265783|accepted=37418056|rate=114006.2/s|walker_min=62.516|walker_med=100.286|walker_max=110.532
STEP|n=690900000|unique=4266081|accepted=37418354|rate=113983.0/s|walker_min=70.589|walker_med=92.440|walker_max=107.760
STEP|n=691000000|unique=4266394|accepted=37418667|rate=113958.6/s|walker_min=54.159|walker_med=91.189|walker_max=109.560
STEP|n=691100000|unique=4266675|accepted=37418948|rate=113935.8/s|walker_min=68.021|walker_med=95.903|walker_max=109.744
STEP|n=691200000|unique=4266971|accepted=37419244|rate=113913.5/s|walker_min=73.096|walker_med=97.333|walker_max=110.339
STEP|n=691300000|unique=4267270|accepted=37419543|rate=113890.9/s|walker_min=71.595|walker_med=102.987|walker_max=110.594
STEP|n=691400000|unique=4267614|accepted=37419887|rate=113868.7/s|walker_min=57.171|walker_med=102.498|walker_max=109.116
STEP|n=691500000|unique=4267972|accepted=37420245|rate=113846.5/s|walker_min=92.391|walker_med=102.554|walker_max=110.489
STEP|n=691600000|unique=4268307|accepted=37420580|rate=113824.1/s|walker_min=81.616|walker_med=103.102|walker_max=110.509
STEP|n=691700000|unique=4268602|accepted=37420875|rate=113802.2/s|walker_min=79.259|walker_med=103.057|walker_max=110.572
STEP|n=691800000|unique=4268858|accepted=37421131|rate=113780.2/s|walker_min=84.753|walker_med=103.961|walker_max=110.243
STEP|n=691900000|unique=4269232|accepted=37421505|rate=113758.1/s|walker_min=86.399|walker_med=102.348|walker_max=110.544
STEP|n=692000000|unique=4269573|accepted=37421846|rate=113736.0/s|walker_min=88.587|walker_med=104.439|walker_max=110.023
STEP|n=692100000|unique=4269899|accepted=37422172|rate=113713.9/s|walker_min=91.650|walker_med=104.789|walker_max=110.212
STEP|n=692200000|unique=4270297|accepted=37422570|rate=113691.8/s|walker_min=76.560|walker_med=100.252|walker_max=110.570
STEP|n=692300000|unique=4270694|accepted=37422967|rate=113670.0/s|walker_min=75.256|walker_med=100.178|walker_max=110.092
STEP|n=692400000|unique=4271027|accepted=37423300|rate=113647.7/s|walker_min=69.939|walker_med=97.476|walker_max=110.220
STEP|n=692500000|unique=4271342|accepted=37423615|rate=113625.1/s|walker_min=76.125|walker_med=104.035|walker_max=109.943
STEP|n=692600000|unique=4271614|accepted=37423887|rate=113602.6/s|walker_min=76.972|walker_med=101.241|walker_max=110.632
STEP|n=692700000|unique=4271907|accepted=37424180|rate=113580.2/s|walker_min=69.749|walker_med=96.796|walker_max=110.524
STEP|n=692800000|unique=4272291|accepted=37424564|rate=113556.1/s|walker_min=80.974|walker_med=103.014|walker_max=110.486
STEP|n=692900000|unique=4272646|accepted=37424919|rate=113533.7/s|walker_min=58.253|walker_med=101.235|walker_max=110.636
STEP|n=693000000|unique=4272904|accepted=37425177|rate=113511.0/s|walker_min=57.122|walker_med=90.768|walker_max=110.593
STEP|n=693100000|unique=4273099|accepted=37425372|rate=113488.1/s|walker_min=56.633|walker_med=89.716|walker_max=110.423
STEP|n=693200000|unique=4273439|accepted=37425712|rate=113465.8/s|walker_min=56.492|walker_med=97.939|walker_max=110.002
STEP|n=693300000|unique=4273703|accepted=37425976|rate=113443.6/s|walker_min=80.433|walker_med=101.997|walker_max=109.996
STEP|n=693400000|unique=4274066|accepted=37426339|rate=113421.5/s|walker_min=71.370|walker_med=99.755|walker_max=110.638
STEP|n=693500000|unique=4274334|accepted=37426607|rate=113399.3/s|walker_min=67.491|walker_med=96.271|walker_max=110.507
STEP|n=693600000|unique=4274598|accepted=37426871|rate=113375.4/s|walker_min=78.731|walker_med=102.422|walker_max=110.431
STEP|n=693700000|unique=4274854|accepted=37427127|rate=113351.7/s|walker_min=57.399|walker_med=104.470|walker_max=110.265
STEP|n=693800000|unique=4275177|accepted=37427450|rate=113328.6/s|walker_min=83.634|walker_med=104.866|walker_max=110.042
STEP|n=693900000|unique=4275539|accepted=37427812|rate=113306.2/s|walker_min=83.295|walker_med=101.257|walker_max=109.624
STEP|n=694000000|unique=4275844|accepted=37428117|rate=113284.5/s|walker_min=91.742|walker_med=104.081|walker_max=110.016
STEP|n=694100000|unique=4276147|accepted=37428420|rate=113262.7/s|walker_min=83.987|walker_med=105.439|walker_max=110.359
STEP|n=694200000|unique=4276491|accepted=37428764|rate=113241.0/s|walker_min=68.020|walker_med=102.968|walker_max=110.514
STEP|n=694300000|unique=4276754|accepted=37429027|rate=113219.3/s|walker_min=72.504|walker_med=100.939|walker_max=110.604
STEP|n=694400000|unique=4277031|accepted=37429304|rate=113197.7/s|walker_min=85.339|walker_med=103.816|walker_max=110.331
STEP|n=694500000|unique=4277357|accepted=37429630|rate=113176.1/s|walker_min=71.079|walker_med=102.996|walker_max=109.522
STEP|n=694600000|unique=4277688|accepted=37429961|rate=113154.2/s|walker_min=53.549|walker_med=102.713|walker_max=110.428
STEP|n=694700000|unique=4278059|accepted=37430332|rate=113132.6/s|walker_min=83.367|walker_med=105.066|walker_max=110.578
STEP|n=694800000|unique=4278427|accepted=37430700|rate=113110.8/s|walker_min=75.059|walker_med=100.100|walker_max=109.811
STEP|n=694900000|unique=4278788|accepted=37431061|rate=113088.8/s|walker_min=74.718|walker_med=97.276|walker_max=109.531
STEP|n=695000000|unique=4279150|accepted=37431423|rate=113066.6/s|walker_min=53.269|walker_med=98.948|walker_max=110.387
STEP|n=695100000|unique=4279457|accepted=37431730|rate=113044.1/s|walker_min=63.293|walker_med=92.637|walker_max=110.212
STEP|n=695200000|unique=4279905|accepted=37432178|rate=113022.5/s|walker_min=61.360|walker_med=99.155|walker_max=110.521
STEP|n=695300000|unique=4280265|accepted=37432538|rate=113001.0/s|walker_min=73.415|walker_med=101.342|walker_max=110.142
STEP|n=695400000|unique=4280573|accepted=37432846|rate=112979.5/s|walker_min=64.089|walker_med=101.051|walker_max=110.309
STEP|n=695500000|unique=4280934|accepted=37433207|rate=112957.8/s|walker_min=84.095|walker_med=102.336|walker_max=110.578
STEP|n=695600000|unique=4281276|accepted=37433549|rate=112935.6/s|walker_min=69.176|walker_med=103.593|walker_max=110.604
STEP|n=695700000|unique=4281573|accepted=37433846|rate=112913.6/s|walker_min=65.376|walker_med=102.299|walker_max=110.359
STEP|n=695800000|unique=4281809|accepted=37434082|rate=112892.0/s|walker_min=75.988|walker_med=102.710|walker_max=109.649
STEP|n=695900000|unique=4282095|accepted=37434368|rate=112870.6/s|walker_min=77.278|walker_med=103.352|walker_max=110.378
STEP|n=696000000|unique=4282352|accepted=37434625|rate=112849.4/s|walker_min=82.243|walker_med=103.695|walker_max=110.106
STEP|n=696100000|unique=4282671|accepted=37434944|rate=112828.1/s|walker_min=88.974|walker_med=103.817|walker_max=110.617
STEP|n=696200000|unique=4282953|accepted=37435226|rate=112806.5/s|walker_min=69.284|walker_med=104.151|walker_max=110.519
STEP|n=696300000|unique=4283278|accepted=37435551|rate=112784.9/s|walker_min=72.500|walker_med=103.591|walker_max=109.777
STEP|n=696400000|unique=4283588|accepted=37435861|rate=112763.7/s|walker_min=80.048|walker_med=105.474|walker_max=110.634
STEP|n=696500000|unique=4283924|accepted=37436197|rate=112742.1/s|walker_min=72.838|walker_med=101.045|walker_max=110.555
STEP|n=696600000|unique=4284203|accepted=37436476|rate=112720.8/s|walker_min=64.172|walker_med=99.508|walker_max=109.574
STEP|n=696700000|unique=4284466|accepted=37436739|rate=112698.2/s|walker_min=52.067|walker_med=101.978|walker_max=110.402
STEP|n=696800000|unique=4284743|accepted=37437016|rate=112675.9/s|walker_min=76.797|walker_med=98.220|walker_max=110.189
STEP|n=696900000|unique=4285088|accepted=37437361|rate=112654.5/s|walker_min=51.114|walker_med=93.323|walker_max=109.281
STEP|n=697000000|unique=4285371|accepted=37437644|rate=112632.6/s|walker_min=58.435|walker_med=93.904|walker_max=110.572
STEP|n=697100000|unique=4285691|accepted=37437964|rate=112610.8/s|walker_min=55.439|walker_med=97.987|walker_max=109.337
STEP|n=697200000|unique=4286000|accepted=37438273|rate=112588.9/s|walker_min=63.920|walker_med=101.547|walker_max=110.540
STEP|n=697300000|unique=4286315|accepted=37438588|rate=112567.4/s|walker_min=74.118|walker_med=99.359|walker_max=110.199
STEP|n=697400000|unique=4286630|accepted=37438903|rate=112546.1/s|walker_min=53.999|walker_med=104.388|walker_max=110.584
STEP|n=697500000|unique=4286933|accepted=37439206|rate=112525.1/s|walker_min=60.157|walker_med=104.422|walker_max=110.524
STEP|n=697600000|unique=4287345|accepted=37439618|rate=112504.1/s|walker_min=54.132|walker_med=102.714|walker_max=110.131
STEP|n=697700000|unique=4287682|accepted=37439955|rate=112483.0/s|walker_min=87.667|walker_med=103.768|walker_max=110.426
STEP|n=697800000|unique=4288062|accepted=37440335|rate=112461.7/s|walker_min=77.798|walker_med=102.178|walker_max=110.641
STEP|n=697900000|unique=4288457|accepted=37440730|rate=112440.6/s|walker_min=81.307|walker_med=106.049|walker_max=110.626
STEP|n=698000000|unique=4288810|accepted=37441083|rate=112419.2/s|walker_min=80.835|walker_med=105.939|walker_max=110.441
STEP|n=698100000|unique=4289081|accepted=37441354|rate=112398.3/s|walker_min=76.792|walker_med=102.996|walker_max=110.547
STEP|n=698200000|unique=4289462|accepted=37441735|rate=112377.6/s|walker_min=84.375|walker_med=105.475|walker_max=110.610
STEP|n=698300000|unique=4289820|accepted=37442093|rate=112356.2/s|walker_min=78.758|walker_med=102.212|walker_max=110.605
STEP|n=698400000|unique=4290124|accepted=37442397|rate=112334.8/s|walker_min=81.724|walker_med=103.028|walker_max=110.486
STEP|n=698500000|unique=4290412|accepted=37442685|rate=112313.7/s|walker_min=69.271|walker_med=99.869|walker_max=109.025
STEP|n=698600000|unique=4290773|accepted=37443046|rate=112292.6/s|walker_min=63.031|walker_med=102.647|walker_max=110.315
STEP|n=698700000|unique=4291143|accepted=37443416|rate=112271.4/s|walker_min=55.831|walker_med=101.873|walker_max=110.019
STEP|n=698800000|unique=4291413|accepted=37443686|rate=112250.3/s|walker_min=84.526|walker_med=105.103|walker_max=110.155
STEP|n=698900000|unique=4291680|accepted=37443953|rate=112229.0/s|walker_min=68.626|walker_med=94.351|walker_max=107.978
STEP|n=699000000|unique=4291928|accepted=37444201|rate=112207.1/s|walker_min=54.411|walker_med=91.911|walker_max=109.711
STEP|n=699100000|unique=4292198|accepted=37444471|rate=112185.0/s|walker_min=59.916|walker_med=92.864|walker_max=109.872
STEP|n=699200000|unique=4292492|accepted=37444765|rate=112163.5/s|walker_min=56.977|walker_med=101.118|walker_max=110.197
STEP|n=699300000|unique=4292799|accepted=37445072|rate=112142.3/s|walker_min=70.431|walker_med=101.348|walker_max=109.355
STEP|n=699400000|unique=4293149|accepted=37445422|rate=112121.0/s|walker_min=51.849|walker_med=100.216|walker_max=110.427
STEP|n=699500000|unique=4293444|accepted=37445717|rate=112100.0/s|walker_min=81.022|walker_med=103.135|walker_max=110.593
STEP|n=699600000|unique=4293719|accepted=37445992|rate=112078.0/s|walker_min=77.835|walker_med=104.794|walker_max=110.593
STEP|n=699700000|unique=4294047|accepted=37446320|rate=112056.8/s|walker_min=76.394|walker_med=103.302|walker_max=110.488
STEP|n=699800000|unique=4294283|accepted=37446556|rate=112036.2/s|walker_min=71.331|walker_med=100.359|walker_max=110.488
STEP|n=699900000|unique=4294572|accepted=37446845|rate=112015.4/s|walker_min=80.373|walker_med=101.950|walker_max=110.549
STEP|n=700000000|unique=4294897|accepted=37447170|rate=111994.7/s|walker_min=73.053|walker_med=102.084|walker_max=109.968
CHECKPOINT|step=700000000|unique=4294897|saved=3000000|min=46.3601|max=107.049
STEP|n=700100000|unique=4295181|accepted=37447454|rate=111650.8/s|walker_min=65.569|walker_med=101.533|walker_max=110.633
STEP|n=700200000|unique=4295481|accepted=37447754|rate=111629.9/s|walker_min=81.717|walker_med=100.652|walker_max=110.566
STEP|n=700300000|unique=4295781|accepted=37448054|rate=111609.0/s|walker_min=74.823|walker_med=104.318|walker_max=110.649
STEP|n=700400000|unique=4296135|accepted=37448408|rate=111588.2/s|walker_min=60.729|walker_med=102.166|walker_max=110.008
STEP|n=700500000|unique=4296521|accepted=37448794|rate=111567.4/s|walker_min=85.254|walker_med=100.095|walker_max=110.158
STEP|n=700600000|unique=4296791|accepted=37449064|rate=111546.5/s|walker_min=58.679|walker_med=100.822|walker_max=110.227
STEP|n=700700000|unique=4297132|accepted=37449405|rate=111522.9/s|walker_min=73.309|walker_med=98.168|walker_max=110.501
STEP|n=700800000|unique=4297432|accepted=37449705|rate=111502.1/s|walker_min=71.224|walker_med=99.973|walker_max=110.454
STEP|n=700900000|unique=4297694|accepted=37449967|rate=111481.0/s|walker_min=63.296|walker_med=95.299|walker_max=110.597
STEP|n=701000000|unique=4298095|accepted=37450368|rate=111459.9/s|walker_min=64.125|walker_med=88.186|walker_max=108.443
STEP|n=701100000|unique=4298435|accepted=37450708|rate=111438.4/s|walker_min=73.715|walker_med=93.156|walker_max=108.318
STEP|n=701200000|unique=4298783|accepted=37451056|rate=111417.1/s|walker_min=59.008|walker_med=97.926|walker_max=110.557
STEP|n=701300000|unique=4298982|accepted=37451255|rate=111396.0/s|walker_min=56.870|walker_med=98.581|walker_max=110.524
STEP|n=701400000|unique=4299238|accepted=37451511|rate=111375.1/s|walker_min=66.075|walker_med=104.769|walker_max=110.593
STEP|n=701500000|unique=4299581|accepted=37451854|rate=111354.8/s|walker_min=83.367|walker_med=104.454|walker_max=110.558
STEP|n=701600000|unique=4299927|accepted=37452200|rate=111333.0/s|walker_min=72.184|walker_med=99.051|walker_max=110.483
STEP|n=701700000|unique=4300273|accepted=37452546|rate=111309.7/s|walker_min=67.213|walker_med=104.553|walker_max=110.541
STEP|n=701800000|unique=4300660|accepted=37452933|rate=111284.9/s|walker_min=77.062|walker_med=100.671|walker_max=110.355
STEP|n=701900000|unique=4301032|accepted=37453305|rate=111262.2/s|walker_min=84.316|walker_med=104.658|walker_max=110.409
STEP|n=702000000|unique=4301338|accepted=37453611|rate=111243.8/s|walker_min=56.825|walker_med=102.556|walker_max=110.014
STEP|n=702100000|unique=4301658|accepted=37453931|rate=111224.7/s|walker_min=78.897|walker_med=104.905|walker_max=110.414
STEP|n=702200000|unique=4301945|accepted=37454218|rate=111204.5/s|walker_min=65.907|walker_med=104.755|walker_max=110.544
STEP|n=702300000|unique=4302306|accepted=37454579|rate=111184.3/s|walker_min=84.382|walker_med=99.580|walker_max=110.534
STEP|n=702400000|unique=4302677|accepted=37454950|rate=111163.9/s|walker_min=68.651|walker_med=103.351|walker_max=110.159
STEP|n=702500000|unique=4303061|accepted=37455334|rate=111143.5/s|walker_min=68.802|walker_med=99.501|walker_max=110.353
STEP|n=702600000|unique=4303557|accepted=37455830|rate=111123.4/s|walker_min=78.226|walker_med=102.793|walker_max=110.529
STEP|n=702700000|unique=4303881|accepted=37456154|rate=111103.1/s|walker_min=77.423|walker_med=103.504|walker_max=110.496
STEP|n=702800000|unique=4304290|accepted=37456563|rate=111082.9/s|walker_min=74.311|walker_med=101.330|walker_max=110.271
STEP|n=702900000|unique=4304620|accepted=37456893|rate=111062.6/s|walker_min=71.713|walker_med=102.008|walker_max=109.863
STEP|n=703000000|unique=4304950|accepted=37457223|rate=111041.7/s|walker_min=56.291|walker_med=89.664|walker_max=110.231
STEP|n=703100000|unique=4305287|accepted=37457560|rate=111020.9/s|walker_min=65.029|walker_med=100.556|walker_max=110.434
STEP|n=703200000|unique=4305635|accepted=37457908|rate=111000.3/s|walker_min=72.031|walker_med=97.872|walker_max=110.133
STEP|n=703300000|unique=4305955|accepted=37458228|rate=110979.7/s|walker_min=81.913|walker_med=103.665|walker_max=109.874
STEP|n=703400000|unique=4306300|accepted=37458573|rate=110959.5/s|walker_min=74.925|walker_med=101.338|walker_max=110.231
STEP|n=703500000|unique=4306662|accepted=37458935|rate=110939.2/s|walker_min=69.944|walker_med=105.566|walker_max=109.265
STEP|n=703600000|unique=4307026|accepted=37459299|rate=110919.0/s|walker_min=66.331|walker_med=101.813|walker_max=110.035
STEP|n=703700000|unique=4307418|accepted=37459691|rate=110899.0/s|walker_min=80.693|walker_med=106.003|walker_max=110.585
STEP|n=703800000|unique=4307786|accepted=37460059|rate=110879.0/s|walker_min=71.909|walker_med=102.166|walker_max=110.403
STEP|n=703900000|unique=4308098|accepted=37460371|rate=110858.9/s|walker_min=79.998|walker_med=102.227|walker_max=110.584
STEP|n=704000000|unique=4308367|accepted=37460640|rate=110838.6/s|walker_min=80.070|walker_med=103.087|walker_max=110.242
STEP|n=704100000|unique=4308707|accepted=37460980|rate=110818.4/s|walker_min=68.613|walker_med=101.491|walker_max=110.420
STEP|n=704200000|unique=4309029|accepted=37461302|rate=110798.3/s|walker_min=75.450|walker_med=103.267|walker_max=110.446
STEP|n=704300000|unique=4309261|accepted=37461534|rate=110778.0/s|walker_min=73.647|walker_med=103.777|walker_max=110.367
STEP|n=704400000|unique=4309566|accepted=37461839|rate=110757.9/s|walker_min=85.309|walker_med=104.608|walker_max=110.272
STEP|n=704500000|unique=4309905|accepted=37462178|rate=110736.8/s|walker_min=84.106|walker_med=104.824|walker_max=110.285
STEP|n=704600000|unique=4310144|accepted=37462417|rate=110716.0/s|walker_min=82.915|walker_med=102.061|walker_max=110.246
STEP|n=704700000|unique=4310406|accepted=37462679|rate=110695.9/s|walker_min=70.102|walker_med=102.315|walker_max=109.231
STEP|n=704800000|unique=4310710|accepted=37462983|rate=110675.7/s|walker_min=81.716|walker_med=101.981|walker_max=110.649
STEP|n=704900000|unique=4310934|accepted=37463207|rate=110655.5/s|walker_min=49.828|walker_med=97.795|walker_max=110.198
STEP|n=705000000|unique=4311215|accepted=37463488|rate=110634.7/s|walker_min=61.143|walker_med=91.179|walker_max=108.324
STEP|n=705100000|unique=4311452|accepted=37463725|rate=110613.9/s|walker_min=57.165|walker_med=97.488|walker_max=110.539
STEP|n=705200000|unique=4311687|accepted=37463960|rate=110593.5/s|walker_min=72.672|walker_med=99.695|walker_max=110.539
STEP|n=705300000|unique=4312028|accepted=37464301|rate=110573.4/s|walker_min=67.979|walker_med=99.692|walker_max=110.586
STEP|n=705400000|unique=4312308|accepted=37464581|rate=110553.3/s|walker_min=57.427|walker_med=102.145|walker_max=110.088
STEP|n=705500000|unique=4312678|accepted=37464951|rate=110533.5/s|walker_min=91.712|walker_med=102.024|walker_max=109.737
STEP|n=705600000|unique=4312994|accepted=37465267|rate=110513.4/s|walker_min=70.394|walker_med=100.048|walker_max=110.111
STEP|n=705700000|unique=4313339|accepted=37465612|rate=110493.5/s|walker_min=76.422|walker_med=103.646|walker_max=110.585
STEP|n=705800000|unique=4313661|accepted=37465934|rate=110473.6/s|walker_min=80.046|walker_med=102.502|walker_max=108.018
STEP|n=705900000|unique=4313960|accepted=37466233|rate=110453.8/s|walker_min=81.597|walker_med=102.551|walker_max=109.495
STEP|n=706000000|unique=4314269|accepted=37466542|rate=110433.9/s|walker_min=84.022|walker_med=103.631|walker_max=110.454
STEP|n=706100000|unique=4314625|accepted=37466898|rate=110414.1/s|walker_min=66.645|walker_med=102.768|walker_max=110.541
STEP|n=706200000|unique=4314915|accepted=37467188|rate=110393.9/s|walker_min=85.310|walker_med=102.807|walker_max=110.641
STEP|n=706300000|unique=4315310|accepted=37467583|rate=110374.1/s|walker_min=63.375|walker_med=105.832|walker_max=110.092
STEP|n=706400000|unique=4315728|accepted=37468001|rate=110354.4/s|walker_min=51.409|walker_med=101.515|walker_max=110.579
STEP|n=706500000|unique=4316091|accepted=37468364|rate=110334.7/s|walker_min=84.507|walker_med=103.878|walker_max=110.278
STEP|n=706600000|unique=4316387|accepted=37468660|rate=110314.8/s|walker_min=84.529|walker_med=100.327|walker_max=109.739
STEP|n=706700000|unique=4316697|accepted=37468970|rate=110294.6/s|walker_min=81.336|walker_med=100.780|walker_max=110.600
STEP|n=706800000|unique=4316994|accepted=37469267|rate=110274.7/s|walker_min=58.854|walker_med=95.802|walker_max=109.923
STEP|n=706900000|unique=4317300|accepted=37469573|rate=110254.3/s|walker_min=65.368|walker_med=95.353|walker_max=109.218
STEP|n=707000000|unique=4317600|accepted=37469873|rate=110233.3/s|walker_min=60.960|walker_med=86.129|walker_max=110.460
STEP|n=707100000|unique=4317871|accepted=37470144|rate=110211.7/s|walker_min=64.422|walker_med=100.089|walker_max=110.350
STEP|n=707200000|unique=4318102|accepted=37470375|rate=110191.6/s|walker_min=72.593|walker_med=100.427|walker_max=110.206
STEP|n=707300000|unique=4318366|accepted=37470639|rate=110171.6/s|walker_min=71.105|walker_med=94.549|walker_max=109.996
STEP|n=707400000|unique=4318622|accepted=37470895|rate=110149.0/s|walker_min=60.588|walker_med=104.280|walker_max=110.464
STEP|n=707500000|unique=4318916|accepted=37471189|rate=110127.0/s|walker_min=62.137|walker_med=100.435|walker_max=110.368
STEP|n=707600000|unique=4319223|accepted=37471496|rate=110108.2/s|walker_min=74.912|walker_med=102.082|walker_max=110.592
STEP|n=707700000|unique=4319501|accepted=37471774|rate=110088.8/s|walker_min=65.234|walker_med=100.891|walker_max=109.690
STEP|n=707800000|unique=4319807|accepted=37472080|rate=110069.2/s|walker_min=65.118|walker_med=104.117|walker_max=109.961
STEP|n=707900000|unique=4320043|accepted=37472316|rate=110049.3/s|walker_min=83.507|walker_med=103.642|walker_max=110.610
STEP|n=708000000|unique=4320361|accepted=37472634|rate=110029.9/s|walker_min=80.130|walker_med=102.222|walker_max=110.265
STEP|n=708100000|unique=4320634|accepted=37472907|rate=110010.1/s|walker_min=71.701|walker_med=103.233|walker_max=110.285
STEP|n=708200000|unique=4320897|accepted=37473170|rate=109990.5/s|walker_min=59.582|walker_med=101.566|walker_max=109.922
STEP|n=708300000|unique=4321218|accepted=37473491|rate=109971.0/s|walker_min=86.570|walker_med=105.690|walker_max=110.513
STEP|n=708400000|unique=4321601|accepted=37473874|rate=109951.5/s|walker_min=93.784|walker_med=107.037|walker_max=110.528
STEP|n=708500000|unique=4321914|accepted=37474187|rate=109931.9/s|walker_min=76.022|walker_med=100.823|walker_max=110.536
STEP|n=708600000|unique=4322167|accepted=37474440|rate=109912.0/s|walker_min=79.839|walker_med=102.442|walker_max=109.385
STEP|n=708700000|unique=4322564|accepted=37474837|rate=109892.1/s|walker_min=58.842|walker_med=98.843|walker_max=109.908
STEP|n=708800000|unique=4322846|accepted=37475119|rate=109872.2/s|walker_min=64.565|walker_med=96.296|walker_max=110.508
STEP|n=708900000|unique=4323110|accepted=37475383|rate=109852.3/s|walker_min=68.351|walker_med=96.368|walker_max=109.914
STEP|n=709000000|unique=4323366|accepted=37475639|rate=109832.0/s|walker_min=59.234|walker_med=88.298|walker_max=109.985
STEP|n=709100000|unique=4323718|accepted=37475991|rate=109811.9/s|walker_min=66.385|walker_med=99.372|walker_max=109.319
STEP|n=709200000|unique=4324116|accepted=37476389|rate=109792.2/s|walker_min=71.778|walker_med=99.314|walker_max=109.556
STEP|n=709300000|unique=4324467|accepted=37476740|rate=109771.8/s|walker_min=65.110|walker_med=100.913|walker_max=110.012
STEP|n=709400000|unique=4324728|accepted=37477001|rate=109752.1/s|walker_min=77.716|walker_med=104.506|walker_max=110.446
STEP|n=709500000|unique=4324998|accepted=37477271|rate=109732.5/s|walker_min=72.820|walker_med=101.333|walker_max=109.894
STEP|n=709600000|unique=4325346|accepted=37477619|rate=109713.0/s|walker_min=82.201|walker_med=100.263|walker_max=110.495
STEP|n=709700000|unique=4325693|accepted=37477966|rate=109693.4/s|walker_min=81.596|walker_med=100.988|walker_max=110.381
STEP|n=709800000|unique=4326002|accepted=37478275|rate=109674.0/s|walker_min=75.258|walker_med=102.730|walker_max=110.449
STEP|n=709900000|unique=4326295|accepted=37478568|rate=109654.5/s|walker_min=72.622|walker_med=102.712|walker_max=110.359
STEP|n=710000000|unique=4326611|accepted=37478884|rate=109635.0/s|walker_min=78.349|walker_med=104.604|walker_max=109.888
STEP|n=710100000|unique=4326942|accepted=37479215|rate=109615.7/s|walker_min=86.465|walker_med=103.905|walker_max=110.489
STEP|n=710200000|unique=4327271|accepted=37479544|rate=109596.4/s|walker_min=81.822|walker_med=101.350|walker_max=110.620
STEP|n=710300000|unique=4327613|accepted=37479886|rate=109575.8/s|walker_min=81.523|walker_med=101.187|walker_max=110.620
STEP|n=710400000|unique=4327948|accepted=37480221|rate=109556.3/s|walker_min=85.747|walker_med=102.978|walker_max=109.696
STEP|n=710500000|unique=4328207|accepted=37480480|rate=109537.0/s|walker_min=88.417|walker_med=102.952|walker_max=110.394
STEP|n=710600000|unique=4328478|accepted=37480751|rate=109517.7/s|walker_min=77.581|walker_med=100.171|walker_max=110.631
STEP|n=710700000|unique=4328675|accepted=37480948|rate=109498.4/s|walker_min=61.839|walker_med=103.255|walker_max=110.592
STEP|n=710800000|unique=4328969|accepted=37481242|rate=109478.8/s|walker_min=67.991|walker_med=99.210|walker_max=110.449
STEP|n=710900000|unique=4329326|accepted=37481599|rate=109459.2/s|walker_min=57.136|walker_med=96.398|walker_max=110.047
STEP|n=711000000|unique=4329649|accepted=37481922|rate=109439.3/s|walker_min=55.289|walker_med=95.727|walker_max=109.111
STEP|n=711100000|unique=4329897|accepted=37482170|rate=109419.5/s|walker_min=55.189|walker_med=88.166|walker_max=109.491
STEP|n=711200000|unique=4330270|accepted=37482543|rate=109399.8/s|walker_min=78.499|walker_med=100.869|walker_max=110.446
STEP|n=711300000|unique=4330597|accepted=37482870|rate=109380.5/s|walker_min=62.950|walker_med=101.775|walker_max=110.408
STEP|n=711400000|unique=4330836|accepted=37483109|rate=109361.0/s|walker_min=75.792|walker_med=99.883|walker_max=110.184
STEP|n=711500000|unique=4331089|accepted=37483362|rate=109341.6/s|walker_min=59.911|walker_med=102.341|walker_max=110.640
STEP|n=711600000|unique=4331324|accepted=37483597|rate=109322.1/s|walker_min=78.978|walker_med=98.806|walker_max=110.650
STEP|n=711700000|unique=4331608|accepted=37483881|rate=109302.9/s|walker_min=83.104|walker_med=103.188|walker_max=110.336
STEP|n=711800000|unique=4331862|accepted=37484135|rate=109283.8/s|walker_min=74.116|walker_med=100.291|walker_max=109.741
STEP|n=711900000|unique=4332175|accepted=37484448|rate=109264.7/s|walker_min=88.162|walker_med=104.455|walker_max=110.422
STEP|n=712000000|unique=4332579|accepted=37484852|rate=109245.7/s|walker_min=75.161|walker_med=103.753|walker_max=110.606
STEP|n=712100000|unique=4332919|accepted=37485192|rate=109226.7/s|walker_min=84.263|walker_med=104.445|walker_max=109.952
STEP|n=712200000|unique=4333220|accepted=37485493|rate=109207.6/s|walker_min=71.560|walker_med=101.576|walker_max=109.427
STEP|n=712300000|unique=4333547|accepted=37485820|rate=109188.8/s|walker_min=87.271|walker_med=104.590|walker_max=110.530
STEP|n=712400000|unique=4333849|accepted=37486122|rate=109169.7/s|walker_min=78.112|walker_med=101.853|walker_max=110.295
STEP|n=712500000|unique=4334092|accepted=37486365|rate=109150.4/s|walker_min=76.484|walker_med=102.153|walker_max=110.204
STEP|n=712600000|unique=4334355|accepted=37486628|rate=109131.1/s|walker_min=80.778|walker_med=102.828|walker_max=109.795
STEP|n=712700000|unique=4334626|accepted=37486899|rate=109111.9/s|walker_min=76.179|walker_med=103.858|walker_max=110.640
STEP|n=712800000|unique=4334964|accepted=37487237|rate=109092.4/s|walker_min=77.178|walker_med=100.147|walker_max=110.431
STEP|n=712900000|unique=4335292|accepted=37487565|rate=109073.0/s|walker_min=63.585|walker_med=95.010|walker_max=110.276
STEP|n=713000000|unique=4335602|accepted=37487875|rate=109053.4/s|walker_min=48.532|walker_med=88.809|walker_max=109.547
STEP|n=713100000|unique=4335929|accepted=37488202|rate=109034.0/s|walker_min=69.959|walker_med=98.471|walker_max=110.390
STEP|n=713200000|unique=4336218|accepted=37488491|rate=109013.1/s|walker_min=88.996|walker_med=101.645|walker_max=110.098
STEP|n=713300000|unique=4336455|accepted=37488728|rate=108993.5/s|walker_min=77.581|walker_med=98.830|walker_max=110.479
STEP|n=713400000|unique=4336758|accepted=37489031|rate=108974.6/s|walker_min=69.879|walker_med=100.354|walker_max=110.487
STEP|n=713500000|unique=4337036|accepted=37489309|rate=108955.7/s|walker_min=81.385|walker_med=103.067|walker_max=109.789
STEP|n=713600000|unique=4337350|accepted=37489623|rate=108936.9/s|walker_min=73.118|walker_med=104.680|walker_max=110.632
STEP|n=713700000|unique=4337661|accepted=37489934|rate=108917.6/s|walker_min=76.036|walker_med=100.790|walker_max=110.494
STEP|n=713800000|unique=4337960|accepted=37490233|rate=108898.6/s|walker_min=77.958|walker_med=104.695|walker_max=110.615
STEP|n=713900000|unique=4338235|accepted=37490508|rate=108879.5/s|walker_min=78.694|walker_med=102.229|walker_max=109.862
STEP|n=714000000|unique=4338504|accepted=37490777|rate=108860.7/s|walker_min=86.602|walker_med=101.230|walker_max=110.477
STEP|n=714100000|unique=4338774|accepted=37491047|rate=108841.8/s|walker_min=80.256|walker_med=103.736|walker_max=110.182
STEP|n=714200000|unique=4339013|accepted=37491286|rate=108822.8/s|walker_min=79.735|walker_med=105.522|walker_max=110.037
STEP|n=714300000|unique=4339260|accepted=37491533|rate=108804.2/s|walker_min=82.085|walker_med=105.209|walker_max=110.553
STEP|n=714400000|unique=4339617|accepted=37491890|rate=108785.1/s|walker_min=76.291|walker_med=105.928|walker_max=110.151
STEP|n=714500000|unique=4339906|accepted=37492179|rate=108766.4/s|walker_min=76.174|walker_med=101.312|walker_max=110.478
STEP|n=714600000|unique=4340143|accepted=37492416|rate=108747.9/s|walker_min=74.871|walker_med=99.644|walker_max=110.612
STEP|n=714700000|unique=4340495|accepted=37492768|rate=108729.3/s|walker_min=66.780|walker_med=99.545|walker_max=110.411
STEP|n=714800000|unique=4340827|accepted=37493100|rate=108710.2/s|walker_min=64.410|walker_med=102.502|walker_max=110.332
STEP|n=714900000|unique=4341079|accepted=37493352|rate=108691.8/s|walker_min=71.572|walker_med=103.797|walker_max=110.277
STEP|n=715000000|unique=4341340|accepted=37493613|rate=108672.6/s|walker_min=67.459|walker_med=94.365|walker_max=109.866
STEP|n=715100000|unique=4341677|accepted=37493950|rate=108652.7/s|walker_min=70.225|walker_med=94.437|walker_max=109.810
STEP|n=715200000|unique=4342031|accepted=37494304|rate=108633.6/s|walker_min=74.448|walker_med=100.147|walker_max=110.400
STEP|n=715300000|unique=4342329|accepted=37494602|rate=108614.6/s|walker_min=66.319|walker_med=101.526|walker_max=110.479
STEP|n=715400000|unique=4342595|accepted=37494868|rate=108595.8/s|walker_min=71.935|walker_med=99.046|walker_max=108.836
STEP|n=715500000|unique=4342876|accepted=37495149|rate=108577.0/s|walker_min=71.175|walker_med=102.771|walker_max=110.634
STEP|n=715600000|unique=4343184|accepted=37495457|rate=108558.3/s|walker_min=82.291|walker_med=101.870|walker_max=110.273
STEP|n=715700000|unique=4343472|accepted=37495745|rate=108539.4/s|walker_min=84.361|walker_med=103.176|walker_max=110.565
STEP|n=715800000|unique=4343866|accepted=37496139|rate=108520.7/s|walker_min=89.546|walker_med=102.958|walker_max=110.471
STEP|n=715900000|unique=4344137|accepted=37496410|rate=108502.1/s|walker_min=71.170|walker_med=101.364|walker_max=110.011
STEP|n=716000000|unique=4344429|accepted=37496702|rate=108483.6/s|walker_min=76.929|walker_med=106.090|walker_max=110.566
STEP|n=716100000|unique=4344780|accepted=37497053|rate=108464.0/s|walker_min=82.149|walker_med=104.587|walker_max=110.591
STEP|n=716200000|unique=4345125|accepted=37497398|rate=108445.1/s|walker_min=92.035|walker_med=104.129|walker_max=110.613
STEP|n=716300000|unique=4345423|accepted=37497696|rate=108426.7/s|walker_min=70.647|walker_med=102.791|walker_max=110.478
STEP|n=716400000|unique=4345715|accepted=37497988|rate=108407.9/s|walker_min=87.335|walker_med=103.921|walker_max=110.553
STEP|n=716500000|unique=4345976|accepted=37498249|rate=108389.2/s|walker_min=81.022|walker_med=104.430|walker_max=110.553
STEP|n=716600000|unique=4346237|accepted=37498510|rate=108370.4/s|walker_min=64.646|walker_med=102.197|walker_max=110.238
STEP|n=716700000|unique=4346482|accepted=37498755|rate=108351.8/s|walker_min=70.145|walker_med=98.019|walker_max=109.059
STEP|n=716800000|unique=4346838|accepted=37499111|rate=108333.0/s|walker_min=57.699|walker_med=103.989|walker_max=109.854
STEP|n=716900000|unique=4347109|accepted=37499382|rate=108314.3/s|walker_min=64.906|walker_med=98.960|walker_max=110.451
STEP|n=717000000|unique=4347452|accepted=37499725|rate=108295.2/s|walker_min=63.338|walker_med=92.649|walker_max=110.281
STEP|n=717100000|unique=4347760|accepted=37500033|rate=108276.1/s|walker_min=71.710|walker_med=94.488|walker_max=110.448
STEP|n=717200000|unique=4348079|accepted=37500352|rate=108257.0/s|walker_min=77.487|walker_med=99.050|walker_max=110.127
STEP|n=717300000|unique=4348456|accepted=37500729|rate=108238.3/s|walker_min=79.773|walker_med=106.750|walker_max=110.562
STEP|n=717400000|unique=4348788|accepted=37501061|rate=108219.7/s|walker_min=58.360|walker_med=100.605|walker_max=110.470
STEP|n=717500000|unique=4349185|accepted=37501458|rate=108199.5/s|walker_min=80.708|walker_med=97.828|walker_max=110.429
STEP|n=717600000|unique=4349542|accepted=37501815|rate=108181.5/s|walker_min=63.448|walker_med=103.136|walker_max=109.540
STEP|n=717700000|unique=4349861|accepted=37502134|rate=108163.1/s|walker_min=87.439|walker_med=104.987|walker_max=110.252
STEP|n=717800000|unique=4350275|accepted=37502548|rate=108144.7/s|walker_min=66.813|walker_med=101.215|walker_max=110.153
STEP|n=717900000|unique=4350635|accepted=37502908|rate=108126.4/s|walker_min=80.234|walker_med=100.983|walker_max=109.430
STEP|n=718000000|unique=4350904|accepted=37503177|rate=108107.8/s|walker_min=72.582|walker_med=104.288|walker_max=110.375
STEP|n=718100000|unique=4351165|accepted=37503438|rate=108089.3/s|walker_min=66.318|walker_med=104.884|walker_max=110.213
STEP|n=718200000|unique=4351474|accepted=37503747|rate=108070.9/s|walker_min=85.538|walker_med=106.116|walker_max=110.567
STEP|n=718300000|unique=4351781|accepted=37504054|rate=108052.4/s|walker_min=80.583|walker_med=102.671|walker_max=110.600
STEP|n=718400000|unique=4352184|accepted=37504457|rate=108033.6/s|walker_min=52.302|walker_med=99.766|walker_max=110.550
STEP|n=718500000|unique=4352465|accepted=37504738|rate=108015.0/s|walker_min=70.975|walker_med=102.507|walker_max=110.533
STEP|n=718600000|unique=4352762|accepted=37505035|rate=107996.2/s|walker_min=77.155|walker_med=102.239|walker_max=110.608
STEP|n=718700000|unique=4353072|accepted=37505345|rate=107977.7/s|walker_min=60.228|walker_med=99.010|walker_max=110.554
STEP|n=718800000|unique=4353366|accepted=37505639|rate=107959.0/s|walker_min=70.698|walker_med=103.206|walker_max=109.904
STEP|n=718900000|unique=4353738|accepted=37506011|rate=107940.4/s|walker_min=80.739|walker_med=104.450|walker_max=110.533
STEP|n=719000000|unique=4354041|accepted=37506314|rate=107920.1/s|walker_min=52.195|walker_med=94.343|walker_max=110.629
STEP|n=719100000|unique=4354340|accepted=37506613|rate=107901.0/s|walker_min=55.452|walker_med=100.313|walker_max=110.435
STEP|n=719200000|unique=4354631|accepted=37506904|rate=107882.4/s|walker_min=67.474|walker_med=103.001|walker_max=110.459
STEP|n=719300000|unique=4354869|accepted=37507142|rate=107863.8/s|walker_min=74.740|walker_med=102.463|walker_max=110.416
STEP|n=719400000|unique=4355268|accepted=37507541|rate=107845.3/s|walker_min=75.019|walker_med=98.751|walker_max=110.303
STEP|n=719500000|unique=4355617|accepted=37507890|rate=107826.8/s|walker_min=82.457|walker_med=104.387|walker_max=110.083
STEP|n=719600000|unique=4355896|accepted=37508169|rate=107808.6/s|walker_min=77.412|walker_med=103.092|walker_max=110.176
STEP|n=719700000|unique=4356185|accepted=37508458|rate=107790.6/s|walker_min=86.497|walker_med=103.288|walker_max=110.286
STEP|n=719800000|unique=4356486|accepted=37508759|rate=107772.4/s|walker_min=88.004|walker_med=103.310|walker_max=110.467
STEP|n=719900000|unique=4356798|accepted=37509071|rate=107754.2/s|walker_min=78.393|walker_med=105.651|walker_max=110.524
STEP|n=720000000|unique=4357070|accepted=37509343|rate=107736.0/s|walker_min=76.003|walker_med=104.405|walker_max=110.470
STEP|n=720100000|unique=4357361|accepted=37509634|rate=107717.7/s|walker_min=73.864|walker_med=99.095|walker_max=110.615
STEP|n=720200000|unique=4357704|accepted=37509977|rate=107699.6/s|walker_min=73.839|walker_med=104.504|walker_max=110.034
STEP|n=720300000|unique=4358076|accepted=37510349|rate=107681.1/s|walker_min=84.439|walker_med=106.313|walker_max=110.649
STEP|n=720400000|unique=4358382|accepted=37510655|rate=107663.0/s|walker_min=76.439|walker_med=101.203|walker_max=110.480
STEP|n=720500000|unique=4358643|accepted=37510916|rate=107644.9/s|walker_min=81.316|walker_med=106.004|walker_max=110.460
STEP|n=720600000|unique=4358906|accepted=37511179|rate=107626.5/s|walker_min=80.743|walker_med=104.768|walker_max=110.397
STEP|n=720700000|unique=4359222|accepted=37511495|rate=107608.2/s|walker_min=71.775|walker_med=102.392|walker_max=109.934
STEP|n=720800000|unique=4359559|accepted=37511832|rate=107590.2/s|walker_min=73.428|walker_med=99.496|walker_max=109.217
STEP|n=720900000|unique=4359852|accepted=37512125|rate=107572.0/s|walker_min=80.249|walker_med=99.379|walker_max=109.621
STEP|n=721000000|unique=4360179|accepted=37512452|rate=107553.3/s|walker_min=53.289|walker_med=95.653|walker_max=109.621
STEP|n=721100000|unique=4360420|accepted=37512693|rate=107534.5/s|walker_min=55.777|walker_med=96.712|walker_max=109.269
STEP|n=721200000|unique=4360682|accepted=37512955|rate=107516.2/s|walker_min=85.241|walker_med=101.953|walker_max=110.489
STEP|n=721300000|unique=4361004|accepted=37513277|rate=107498.3/s|walker_min=75.992|walker_med=102.881|walker_max=110.572
STEP|n=721400000|unique=4361295|accepted=37513568|rate=107479.4/s|walker_min=60.747|walker_med=101.551|walker_max=110.128
STEP|n=721500000|unique=4361605|accepted=37513878|rate=107460.2/s|walker_min=74.043|walker_med=100.136|walker_max=110.233
STEP|n=721600000|unique=4361973|accepted=37514246|rate=107442.1/s|walker_min=80.478|walker_med=99.019|walker_max=110.219
STEP|n=721700000|unique=4362228|accepted=37514501|rate=107424.2/s|walker_min=82.296|walker_med=102.559|walker_max=110.150
STEP|n=721800000|unique=4362593|accepted=37514866|rate=107406.3/s|walker_min=82.983|walker_med=104.487|walker_max=110.436
STEP|n=721900000|unique=4362902|accepted=37515175|rate=107386.7/s|walker_min=71.274|walker_med=103.991|walker_max=109.273
STEP|n=722000000|unique=4363193|accepted=37515466|rate=107368.9/s|walker_min=72.306|walker_med=105.172|walker_max=110.639
STEP|n=722100000|unique=4363444|accepted=37515717|rate=107351.0/s|walker_min=83.880|walker_med=102.095|walker_max=110.639
STEP|n=722200000|unique=4363710|accepted=37515983|rate=107333.2/s|walker_min=73.881|walker_med=100.608|walker_max=110.604
STEP|n=722300000|unique=4364014|accepted=37516287|rate=107315.4/s|walker_min=77.878|walker_med=102.765|walker_max=110.302
STEP|n=722400000|unique=4364259|accepted=37516532|rate=107297.3/s|walker_min=82.306|walker_med=102.039|walker_max=110.567
STEP|n=722500000|unique=4364460|accepted=37516733|rate=107278.4/s|walker_min=84.403|walker_med=103.105|walker_max=110.275
STEP|n=722600000|unique=4364724|accepted=37516997|rate=107256.5/s|walker_min=68.624|walker_med=99.346|walker_max=110.449
STEP|n=722700000|unique=4364945|accepted=37517218|rate=107233.7/s|walker_min=66.342|walker_med=98.442|walker_max=110.021
STEP|n=722800000|unique=4365288|accepted=37517561|rate=107213.7/s|walker_min=60.789|walker_med=101.588|walker_max=110.508
STEP|n=722900000|unique=4365625|accepted=37517898|rate=107198.3/s|walker_min=57.576|walker_med=98.385|walker_max=110.450
STEP|n=723000000|unique=4365918|accepted=37518191|rate=107180.6/s|walker_min=59.753|walker_med=94.982|walker_max=109.971
STEP|n=723100000|unique=4366197|accepted=37518470|rate=107162.0/s|walker_min=72.920|walker_med=101.704|walker_max=110.420
STEP|n=723200000|unique=4366537|accepted=37518810|rate=107143.7/s|walker_min=63.523|walker_med=97.531|walker_max=110.116
STEP|n=723300000|unique=4366903|accepted=37519176|rate=107125.8/s|walker_min=59.380|walker_med=101.856|walker_max=110.406
STEP|n=723400000|unique=4367206|accepted=37519479|rate=107107.9/s|walker_min=78.274|walker_med=103.589|walker_max=110.525
STEP|n=723500000|unique=4367449|accepted=37519722|rate=107089.8/s|walker_min=73.094|walker_med=101.003|walker_max=110.361
STEP|n=723600000|unique=4367767|accepted=37520040|rate=107071.9/s|walker_min=79.272|walker_med=101.241|walker_max=110.280
STEP|n=723700000|unique=4368130|accepted=37520403|rate=107053.5/s|walker_min=88.483|walker_med=103.490|walker_max=110.452
STEP|n=723800000|unique=4368418|accepted=37520691|rate=107035.6/s|walker_min=80.908|walker_med=103.423|walker_max=110.510
STEP|n=723900000|unique=4368686|accepted=37520959|rate=107017.8/s|walker_min=71.663|walker_med=104.486|walker_max=110.431
STEP|n=724000000|unique=4368932|accepted=37521205|rate=106999.9/s|walker_min=92.014|walker_med=103.357|walker_max=110.151
STEP|n=724100000|unique=4369173|accepted=37521446|rate=106982.3/s|walker_min=73.476|walker_med=103.712|walker_max=110.190
STEP|n=724200000|unique=4369471|accepted=37521744|rate=106964.5/s|walker_min=80.324|walker_med=105.273|walker_max=110.442
STEP|n=724300000|unique=4369786|accepted=37522059|rate=106946.7/s|walker_min=67.607|walker_med=104.646|walker_max=110.032
STEP|n=724400000|unique=4370186|accepted=37522459|rate=106928.7/s|walker_min=73.805|walker_med=99.457|walker_max=110.407
STEP|n=724500000|unique=4370517|accepted=37522790|rate=106910.8/s|walker_min=68.613|walker_med=101.755|walker_max=110.084
STEP|n=724600000|unique=4370787|accepted=37523060|rate=106893.1/s|walker_min=77.218|walker_med=103.120|walker_max=110.062
STEP|n=724700000|unique=4371193|accepted=37523466|rate=106875.3/s|walker_min=68.146|walker_med=98.872|walker_max=110.501
STEP|n=724800000|unique=4371417|accepted=37523690|rate=106855.4/s|walker_min=69.320|walker_med=97.498|walker_max=110.169
STEP|n=724900000|unique=4371694|accepted=37523967|rate=106837.7/s|walker_min=72.387|walker_med=97.880|walker_max=110.085
STEP|n=725000000|unique=4371979|accepted=37524252|rate=106819.7/s|walker_min=53.637|walker_med=90.881|walker_max=109.498
STEP|n=725100000|unique=4372292|accepted=37524565|rate=106801.2/s|walker_min=70.424|walker_med=100.247|walker_max=110.617
STEP|n=725200000|unique=4372560|accepted=37524833|rate=106783.1/s|walker_min=72.643|walker_med=100.609|walker_max=109.735
STEP|n=725300000|unique=4372850|accepted=37525123|rate=106765.2/s|walker_min=64.675|walker_med=101.654|walker_max=110.451
STEP|n=725400000|unique=4373125|accepted=37525398|rate=106747.4/s|walker_min=78.735|walker_med=103.493|walker_max=110.631
STEP|n=725500000|unique=4373401|accepted=37525674|rate=106729.8/s|walker_min=78.427|walker_med=99.860|walker_max=110.130
STEP|n=725600000|unique=4373612|accepted=37525885|rate=106712.1/s|walker_min=77.915|walker_med=98.870|walker_max=109.896
STEP|n=725700000|unique=4373912|accepted=37526185|rate=106694.6/s|walker_min=81.824|walker_med=101.893|walker_max=110.442
STEP|n=725800000|unique=4374228|accepted=37526501|rate=106677.1/s|walker_min=92.220|walker_med=105.199|walker_max=110.576
STEP|n=725900000|unique=4374454|accepted=37526727|rate=106659.4/s|walker_min=52.949|walker_med=105.765|walker_max=110.500
STEP|n=726000000|unique=4374713|accepted=37526986|rate=106641.9/s|walker_min=62.636|walker_med=100.283|walker_max=109.078
STEP|n=726100000|unique=4374979|accepted=37527252|rate=106624.1/s|walker_min=84.000|walker_med=100.615|walker_max=110.070
STEP|n=726200000|unique=4375243|accepted=37527516|rate=106606.6/s|walker_min=83.318|walker_med=102.389|walker_max=110.245
STEP|n=726300000|unique=4375564|accepted=37527837|rate=106589.2/s|walker_min=78.239|walker_med=104.755|walker_max=110.471
STEP|n=726400000|unique=4375827|accepted=37528100|rate=106571.1/s|walker_min=82.178|walker_med=104.122|walker_max=110.508
STEP|n=726500000|unique=4376060|accepted=37528333|rate=106553.6/s|walker_min=75.431|walker_med=102.196|walker_max=109.512
STEP|n=726600000|unique=4376320|accepted=37528593|rate=106536.1/s|walker_min=71.605|walker_med=103.787|walker_max=110.631
STEP|n=726700000|unique=4376608|accepted=37528881|rate=106518.3/s|walker_min=70.802|walker_med=101.083|walker_max=110.611
STEP|n=726800000|unique=4376847|accepted=37529120|rate=106500.8/s|walker_min=70.325|walker_med=99.388|walker_max=110.181
STEP|n=726900000|unique=4377155|accepted=37529428|rate=106483.2/s|walker_min=74.643|walker_med=100.988|walker_max=110.367
STEP|n=727000000|unique=4377418|accepted=37529691|rate=106464.6/s|walker_min=53.303|walker_med=93.347|walker_max=105.998
STEP|n=727100000|unique=4377710|accepted=37529983|rate=106446.5/s|walker_min=55.814|walker_med=100.346|walker_max=110.093
STEP|n=727200000|unique=4378039|accepted=37530312|rate=106428.6/s|walker_min=71.869|walker_med=96.437|walker_max=110.312
STEP|n=727300000|unique=4378316|accepted=37530589|rate=106410.8/s|walker_min=65.604|walker_med=100.473|walker_max=110.268
STEP|n=727400000|unique=4378611|accepted=37530884|rate=106393.2/s|walker_min=65.770|walker_med=101.577|walker_max=110.358
STEP|n=727500000|unique=4378912|accepted=37531185|rate=106375.8/s|walker_min=57.165|walker_med=100.413|walker_max=110.275
STEP|n=727600000|unique=4379212|accepted=37531485|rate=106358.2/s|walker_min=68.676|walker_med=102.328|walker_max=110.385
STEP|n=727700000|unique=4379552|accepted=37531825|rate=106339.2/s|walker_min=80.222|walker_med=101.248|walker_max=110.205
STEP|n=727800000|unique=4379866|accepted=37532139|rate=106322.2/s|walker_min=80.993|walker_med=101.008|walker_max=110.499
STEP|n=727900000|unique=4380184|accepted=37532457|rate=106305.0/s|walker_min=80.654|walker_med=103.189|walker_max=109.814
STEP|n=728000000|unique=4380506|accepted=37532779|rate=106287.6/s|walker_min=80.720|walker_med=104.236|walker_max=109.829
STEP|n=728100000|unique=4380874|accepted=37533147|rate=106270.3/s|walker_min=73.921|walker_med=104.468|walker_max=110.301
STEP|n=728200000|unique=4381231|accepted=37533504|rate=106252.9/s|walker_min=77.798|walker_med=105.938|walker_max=110.437
STEP|n=728300000|unique=4381553|accepted=37533826|rate=106235.9/s|walker_min=69.958|walker_med=101.934|walker_max=110.642
STEP|n=728400000|unique=4381916|accepted=37534189|rate=106218.8/s|walker_min=73.670|walker_med=104.824|walker_max=110.453
STEP|n=728500000|unique=4382258|accepted=37534531|rate=106201.8/s|walker_min=76.728|walker_med=102.737|walker_max=110.088
STEP|n=728600000|unique=4382602|accepted=37534875|rate=106184.6/s|walker_min=82.954|walker_med=99.580|walker_max=108.578
STEP|n=728700000|unique=4382928|accepted=37535201|rate=106167.1/s|walker_min=80.975|walker_med=97.778|walker_max=110.647
STEP|n=728800000|unique=4383250|accepted=37535523|rate=106149.7/s|walker_min=72.648|walker_med=96.642|walker_max=109.381
STEP|n=728900000|unique=4383493|accepted=37535766|rate=106132.2/s|walker_min=69.662|walker_med=96.665|walker_max=109.556
STEP|n=729000000|unique=4383779|accepted=37536052|rate=106114.4/s|walker_min=53.224|walker_med=91.976|walker_max=109.432
STEP|n=729100000|unique=4384054|accepted=37536327|rate=106096.6/s|walker_min=75.932|walker_med=97.924|walker_max=110.352
STEP|n=729200000|unique=4384295|accepted=37536568|rate=106079.3/s|walker_min=60.158|walker_med=101.151|walker_max=110.114
STEP|n=729300000|unique=4384592|accepted=37536865|rate=106061.8/s|walker_min=76.300|walker_med=101.729|walker_max=110.342
STEP|n=729400000|unique=4384846|accepted=37537119|rate=106044.4/s|walker_min=76.007|walker_med=103.790|walker_max=110.518
STEP|n=729500000|unique=4385163|accepted=37537436|rate=106027.1/s|walker_min=60.363|walker_med=99.048|walker_max=110.173
STEP|n=729600000|unique=4385464|accepted=37537737|rate=106009.7/s|walker_min=78.770|walker_med=103.654|walker_max=110.168
STEP|n=729700000|unique=4385734|accepted=37538007|rate=105992.5/s|walker_min=82.234|walker_med=103.647|walker_max=110.599
STEP|n=729800000|unique=4386035|accepted=37538308|rate=105975.4/s|walker_min=75.250|walker_med=101.384|walker_max=109.739
STEP|n=729900000|unique=4386317|accepted=37538590|rate=105958.6/s|walker_min=76.925|walker_med=104.923|walker_max=110.144
STEP|n=730000000|unique=4386740|accepted=37539013|rate=105941.7/s|walker_min=84.103|walker_med=104.781|walker_max=110.641
STEP|n=730100000|unique=4387083|accepted=37539356|rate=105924.5/s|walker_min=81.385|walker_med=105.167|walker_max=110.614
STEP|n=730200000|unique=4387352|accepted=37539625|rate=105907.2/s|walker_min=72.159|walker_med=103.524|walker_max=110.499
STEP|n=730300000|unique=4387620|accepted=37539893|rate=105889.9/s|walker_min=77.016|walker_med=102.335|walker_max=110.616
STEP|n=730400000|unique=4387915|accepted=37540188|rate=105872.8/s|walker_min=72.734|walker_med=104.252|walker_max=109.437
STEP|n=730500000|unique=4388222|accepted=37540495|rate=105855.7/s|walker_min=73.687|walker_med=100.097|walker_max=110.492
STEP|n=730600000|unique=4388589|accepted=37540862|rate=105836.8/s|walker_min=86.286|walker_med=102.283|walker_max=110.456
STEP|n=730700000|unique=4388888|accepted=37541161|rate=105820.2/s|walker_min=69.102|walker_med=99.801|walker_max=110.204
STEP|n=730800000|unique=4389204|accepted=37541477|rate=105803.2/s|walker_min=65.894|walker_med=101.629|walker_max=109.866
STEP|n=730900000|unique=4389477|accepted=37541750|rate=105785.9/s|walker_min=47.406|walker_med=101.257|walker_max=110.011
STEP|n=731000000|unique=4389676|accepted=37541949|rate=105768.0/s|walker_min=55.478|walker_med=88.889|walker_max=109.429
STEP|n=731100000|unique=4389952|accepted=37542225|rate=105750.4/s|walker_min=61.578|walker_med=97.693|walker_max=110.409
STEP|n=731200000|unique=4390276|accepted=37542549|rate=105733.3/s|walker_min=73.670|walker_med=101.922|walker_max=110.329
STEP|n=731300000|unique=4390669|accepted=37542942|rate=105716.3/s|walker_min=78.953|walker_med=102.071|walker_max=110.478
STEP|n=731400000|unique=4390931|accepted=37543204|rate=105699.3/s|walker_min=75.896|walker_med=104.562|walker_max=110.552
STEP|n=731500000|unique=4391210|accepted=37543483|rate=105682.2/s|walker_min=75.116|walker_med=103.362|walker_max=110.636
STEP|n=731600000|unique=4391535|accepted=37543808|rate=105665.2/s|walker_min=56.015|walker_med=101.385|walker_max=110.411
STEP|n=731700000|unique=4391838|accepted=37544111|rate=105648.2/s|walker_min=87.308|walker_med=102.030|walker_max=110.625
STEP|n=731800000|unique=4392176|accepted=37544449|rate=105631.3/s|walker_min=68.686|walker_med=102.903|walker_max=109.926
STEP|n=731900000|unique=4392462|accepted=37544735|rate=105614.3/s|walker_min=76.264|walker_med=104.513|walker_max=110.577
STEP|n=732000000|unique=4392736|accepted=37545009|rate=105597.5/s|walker_min=90.438|walker_med=106.356|walker_max=110.609
STEP|n=732100000|unique=4393030|accepted=37545303|rate=105580.6/s|walker_min=83.422|walker_med=99.703|walker_max=109.942
STEP|n=732200000|unique=4393267|accepted=37545540|rate=105563.6/s|walker_min=75.933|walker_med=102.529|walker_max=110.419
STEP|n=732300000|unique=4393566|accepted=37545839|rate=105546.8/s|walker_min=63.494|walker_med=101.691|walker_max=110.574
STEP|n=732400000|unique=4393908|accepted=37546181|rate=105530.0/s|walker_min=76.360|walker_med=102.423|walker_max=110.161
STEP|n=732500000|unique=4394258|accepted=37546531|rate=105513.1/s|walker_min=76.894|walker_med=104.489|walker_max=110.388
STEP|n=732600000|unique=4394510|accepted=37546783|rate=105495.9/s|walker_min=77.979|walker_med=103.237|walker_max=110.486
STEP|n=732700000|unique=4394788|accepted=37547061|rate=105479.1/s|walker_min=48.689|walker_med=101.296|walker_max=109.915
STEP|n=732800000|unique=4395116|accepted=37547389|rate=105462.2/s|walker_min=58.780|walker_med=100.520|walker_max=110.541
STEP|n=732900000|unique=4395378|accepted=37547651|rate=105445.2/s|walker_min=66.631|walker_med=100.837|walker_max=110.513
STEP|n=733000000|unique=4395598|accepted=37547871|rate=105427.6/s|walker_min=52.037|walker_med=91.056|walker_max=108.788
STEP|n=733100000|unique=4395795|accepted=37548068|rate=105409.9/s|walker_min=66.014|walker_med=99.423|walker_max=109.841
STEP|n=733200000|unique=4396113|accepted=37548386|rate=105392.9/s|walker_min=60.261|walker_med=95.514|walker_max=109.702
STEP|n=733300000|unique=4396347|accepted=37548620|rate=105375.9/s|walker_min=61.427|walker_med=102.408|walker_max=110.505
STEP|n=733400000|unique=4396638|accepted=37548911|rate=105359.1/s|walker_min=78.801|walker_med=101.211|walker_max=110.308
STEP|n=733500000|unique=4396884|accepted=37549157|rate=105340.7/s|walker_min=80.170|walker_med=104.611|walker_max=110.487
STEP|n=733600000|unique=4397191|accepted=37549464|rate=105323.9/s|walker_min=76.801|walker_med=104.157|walker_max=110.472
STEP|n=733700000|unique=4397552|accepted=37549825|rate=105306.7/s|walker_min=76.871|walker_med=103.040|walker_max=110.417
STEP|n=733800000|unique=4397824|accepted=37550097|rate=105290.0/s|walker_min=76.612|walker_med=102.966|walker_max=110.514
STEP|n=733900000|unique=4398232|accepted=37550505|rate=105273.5/s|walker_min=68.407|walker_med=101.297|walker_max=109.908
STEP|n=734000000|unique=4398535|accepted=37550808|rate=105256.6/s|walker_min=79.070|walker_med=105.675|walker_max=110.505
STEP|n=734100000|unique=4398834|accepted=37551107|rate=105239.8/s|walker_min=84.598|walker_med=103.280|walker_max=110.482
STEP|n=734200000|unique=4399204|accepted=37551477|rate=105223.1/s|walker_min=70.350|walker_med=99.930|walker_max=110.541
STEP|n=734300000|unique=4399505|accepted=37551778|rate=105206.5/s|walker_min=82.079|walker_med=105.671|walker_max=110.174
STEP|n=734400000|unique=4399793|accepted=37552066|rate=105189.9/s|walker_min=82.899|walker_med=103.137|walker_max=110.306
STEP|n=734500000|unique=4400149|accepted=37552422|rate=105173.3/s|walker_min=83.538|walker_med=98.743|walker_max=110.367
STEP|n=734600000|unique=4400476|accepted=37552749|rate=105156.5/s|walker_min=71.650|walker_med=104.895|walker_max=110.421
STEP|n=734700000|unique=4400748|accepted=37553021|rate=105139.8/s|walker_min=78.987|walker_med=102.833|walker_max=110.106
STEP|n=734800000|unique=4401077|accepted=37553350|rate=105123.1/s|walker_min=75.630|walker_med=100.410|walker_max=109.876
STEP|n=734900000|unique=4401410|accepted=37553683|rate=105106.4/s|walker_min=71.911|walker_med=100.588|walker_max=110.031
STEP|n=735000000|unique=4401622|accepted=37553895|rate=105089.0/s|walker_min=65.540|walker_med=92.183|walker_max=109.325
STEP|n=735100000|unique=4401889|accepted=37554162|rate=105071.9/s|walker_min=63.918|walker_med=97.615|walker_max=109.747
STEP|n=735200000|unique=4402190|accepted=37554463|rate=105055.0/s|walker_min=58.358|walker_med=97.851|walker_max=110.222
STEP|n=735300000|unique=4402561|accepted=37554834|rate=105038.3/s|walker_min=76.609|walker_med=100.037|walker_max=109.876
STEP|n=735400000|unique=4402817|accepted=37555090|rate=105021.6/s|walker_min=69.900|walker_med=103.119|walker_max=109.927
STEP|n=735500000|unique=4403048|accepted=37555321|rate=105004.8/s|walker_min=71.964|walker_med=101.007|walker_max=110.648
STEP|n=735600000|unique=4403238|accepted=37555511|rate=104988.2/s|walker_min=76.947|walker_med=100.574|walker_max=110.254
STEP|n=735700000|unique=4403519|accepted=37555792|rate=104971.4/s|walker_min=66.870|walker_med=102.509|walker_max=109.715
STEP|n=735800000|unique=4403805|accepted=37556078|rate=104954.7/s|walker_min=63.251|walker_med=102.051|walker_max=110.400
STEP|n=735900000|unique=4404130|accepted=37556403|rate=104938.2/s|walker_min=73.717|walker_med=105.061|walker_max=110.397
STEP|n=736000000|unique=4404398|accepted=37556671|rate=104921.6/s|walker_min=68.475|walker_med=103.499|walker_max=110.619
STEP|n=736100000|unique=4404693|accepted=37556966|rate=104905.0/s|walker_min=85.224|walker_med=104.367|walker_max=110.329
STEP|n=736200000|unique=4404973|accepted=37557246|rate=104888.5/s|walker_min=81.522|walker_med=103.023|walker_max=110.577
STEP|n=736300000|unique=4405294|accepted=37557567|rate=104872.1/s|walker_min=85.145|walker_med=99.910|walker_max=110.432
STEP|n=736400000|unique=4405626|accepted=37557899|rate=104853.9/s|walker_min=71.150|walker_med=102.071|walker_max=110.520
STEP|n=736500000|unique=4405979|accepted=37558252|rate=104837.8/s|walker_min=69.678|walker_med=103.677|walker_max=109.976
STEP|n=736600000|unique=4406381|accepted=37558654|rate=104821.5/s|walker_min=84.597|walker_med=102.314|walker_max=110.648
STEP|n=736700000|unique=4406639|accepted=37558912|rate=104804.9/s|walker_min=69.433|walker_med=98.039|walker_max=110.449
STEP|n=736800000|unique=4407020|accepted=37559293|rate=104788.3/s|walker_min=47.406|walker_med=96.979|walker_max=110.522
STEP|n=736900000|unique=4407301|accepted=37559574|rate=104771.7/s|walker_min=57.705|walker_med=99.182|walker_max=110.431
STEP|n=737000000|unique=4407590|accepted=37559863|rate=104754.9/s|walker_min=57.592|walker_med=86.813|walker_max=110.046
STEP|n=737100000|unique=4407796|accepted=37560069|rate=104736.1/s|walker_min=68.705|walker_med=98.423|walker_max=109.824
STEP|n=737200000|unique=4408093|accepted=37560366|rate=104714.9/s|walker_min=56.485|walker_med=103.077|walker_max=110.622
STEP|n=737300000|unique=4408390|accepted=37560663|rate=104695.3/s|walker_min=75.744|walker_med=102.322|walker_max=110.227
STEP|n=737400000|unique=4408660|accepted=37560933|rate=104677.8/s|walker_min=86.072|walker_med=105.577|walker_max=110.441
STEP|n=737500000|unique=4408951|accepted=37561224|rate=104664.3/s|walker_min=76.190|walker_med=105.007|walker_max=110.604
STEP|n=737600000|unique=4409260|accepted=37561533|rate=104648.3/s|walker_min=71.069|walker_med=100.794|walker_max=110.570
STEP|n=737700000|unique=4409553|accepted=37561826|rate=104632.0/s|walker_min=79.377|walker_med=106.010|walker_max=110.455
STEP|n=737800000|unique=4409808|accepted=37562081|rate=104615.6/s|walker_min=60.697|walker_med=104.937|walker_max=110.226
STEP|n=737900000|unique=4410136|accepted=37562409|rate=104599.2/s|walker_min=78.471|walker_med=105.991|walker_max=110.392
STEP|n=738000000|unique=4410439|accepted=37562712|rate=104582.7/s|walker_min=86.053|walker_med=104.846|walker_max=110.274
STEP|n=738100000|unique=4410692|accepted=37562965|rate=104566.3/s|walker_min=78.359|walker_med=102.658|walker_max=109.944
STEP|n=738200000|unique=4410970|accepted=37563243|rate=104549.3/s|walker_min=59.226|walker_med=103.742|walker_max=110.390
STEP|n=738300000|unique=4411243|accepted=37563516|rate=104532.9/s|walker_min=69.357|walker_med=102.224|walker_max=109.806
STEP|n=738400000|unique=4411549|accepted=37563822|rate=104516.6/s|walker_min=57.482|walker_med=106.582|walker_max=110.567
STEP|n=738500000|unique=4411991|accepted=37564264|rate=104500.4/s|walker_min=59.071|walker_med=103.038|walker_max=110.014
STEP|n=738600000|unique=4412309|accepted=37564582|rate=104484.1/s|walker_min=75.802|walker_med=102.951|walker_max=110.266
STEP|n=738700000|unique=4412656|accepted=37564929|rate=104467.7/s|walker_min=72.434|walker_med=100.779|walker_max=110.636
STEP|n=738800000|unique=4412970|accepted=37565243|rate=104451.1/s|walker_min=74.444|walker_med=105.035|walker_max=110.283
STEP|n=738900000|unique=4413316|accepted=37565589|rate=104434.5/s|walker_min=55.093|walker_med=101.086|walker_max=109.132
STEP|n=739000000|unique=4413712|accepted=37565985|rate=104417.7/s|walker_min=58.093|walker_med=91.901|walker_max=107.975
STEP|n=739100000|unique=4413938|accepted=37566211|rate=104400.8/s|walker_min=56.752|walker_med=99.391|walker_max=110.654
STEP|n=739200000|unique=4414349|accepted=37566622|rate=104383.8/s|walker_min=80.472|walker_med=99.659|walker_max=108.274
STEP|n=739300000|unique=4414685|accepted=37566958|rate=104366.3/s|walker_min=75.181|walker_med=101.321|walker_max=110.325
STEP|n=739400000|unique=4414930|accepted=37567203|rate=104350.1/s|walker_min=65.453|walker_med=104.244|walker_max=110.406
STEP|n=739500000|unique=4415130|accepted=37567403|rate=104333.9/s|walker_min=70.230|walker_med=103.655|walker_max=110.284
STEP|n=739600000|unique=4415375|accepted=37567648|rate=104317.5/s|walker_min=80.263|walker_med=104.809|walker_max=109.955
STEP|n=739700000|unique=4415691|accepted=37567964|rate=104301.3/s|walker_min=82.406|walker_med=104.930|walker_max=109.683
STEP|n=739800000|unique=4415992|accepted=37568265|rate=104285.0/s|walker_min=73.439|walker_med=101.127|walker_max=110.600
STEP|n=739900000|unique=4416328|accepted=37568601|rate=104268.8/s|walker_min=70.980|walker_med=101.401|walker_max=110.513
STEP|n=740000000|unique=4416628|accepted=37568901|rate=104252.7/s|walker_min=83.539|walker_med=106.425|walker_max=110.641
STEP|n=740100000|unique=4416922|accepted=37569195|rate=104236.6/s|walker_min=78.979|walker_med=101.811|walker_max=110.299
STEP|n=740200000|unique=4417249|accepted=37569522|rate=104220.5/s|walker_min=85.069|walker_med=104.072|walker_max=110.488
STEP|n=740300000|unique=4417586|accepted=37569859|rate=104204.3/s|walker_min=84.081|walker_med=106.219|walker_max=110.466
STEP|n=740400000|unique=4417919|accepted=37570192|rate=104187.3/s|walker_min=71.242|walker_med=101.295|walker_max=108.659
STEP|n=740500000|unique=4418238|accepted=37570511|rate=104171.2/s|walker_min=85.470|walker_med=104.453|walker_max=110.461
STEP|n=740600000|unique=4418572|accepted=37570845|rate=104155.1/s|walker_min=73.929|walker_med=101.088|walker_max=109.572
STEP|n=740700000|unique=4418866|accepted=37571139|rate=104138.9/s|walker_min=73.614|walker_med=102.336|walker_max=109.218
STEP|n=740800000|unique=4419122|accepted=37571395|rate=104122.6/s|walker_min=68.086|walker_med=98.429|walker_max=110.482
STEP|n=740900000|unique=4419395|accepted=37571668|rate=104106.2/s|walker_min=77.284|walker_med=95.822|walker_max=109.999
STEP|n=741000000|unique=4419739|accepted=37572012|rate=104089.2/s|walker_min=53.667|walker_med=89.805|walker_max=108.771
STEP|n=741100000|unique=4420045|accepted=37572318|rate=104072.4/s|walker_min=63.664|walker_med=96.718|walker_max=109.797
STEP|n=741200000|unique=4420423|accepted=37572696|rate=104055.6/s|walker_min=66.268|walker_med=100.254|walker_max=110.543
STEP|n=741300000|unique=4420726|accepted=37572999|rate=104039.4/s|walker_min=75.401|walker_med=102.418|walker_max=110.463
STEP|n=741400000|unique=4420993|accepted=37573266|rate=104023.0/s|walker_min=65.746|walker_med=101.919|walker_max=110.327
STEP|n=741500000|unique=4421378|accepted=37573651|rate=104006.9/s|walker_min=70.564|walker_med=101.247|walker_max=110.547
STEP|n=741600000|unique=4421658|accepted=37573931|rate=103990.9/s|walker_min=82.838|walker_med=103.349|walker_max=109.687
STEP|n=741700000|unique=4421897|accepted=37574170|rate=103974.6/s|walker_min=85.798|walker_med=104.158|walker_max=110.519
STEP|n=741800000|unique=4422219|accepted=37574492|rate=103958.3/s|walker_min=56.687|walker_med=105.605|walker_max=110.618
STEP|n=741900000|unique=4422465|accepted=37574738|rate=103942.0/s|walker_min=87.269|walker_med=104.090|walker_max=110.210
STEP|n=742000000|unique=4422727|accepted=37575000|rate=103925.9/s|walker_min=83.483|walker_med=102.377|walker_max=110.062
STEP|n=742100000|unique=4423117|accepted=37575390|rate=103909.2/s|walker_min=83.801|walker_med=105.806|walker_max=110.627
STEP|n=742200000|unique=4423402|accepted=37575675|rate=103892.5/s|walker_min=87.966|walker_med=103.150|walker_max=110.417
STEP|n=742300000|unique=4423655|accepted=37575928|rate=103876.9/s|walker_min=77.444|walker_med=101.752|walker_max=110.376
STEP|n=742400000|unique=4423922|accepted=37576195|rate=103860.7/s|walker_min=84.041|walker_med=105.310|walker_max=110.621
STEP|n=742500000|unique=4424232|accepted=37576505|rate=103844.6/s|walker_min=55.682|walker_med=101.899|walker_max=110.588
STEP|n=742600000|unique=4424573|accepted=37576846|rate=103827.2/s|walker_min=63.009|walker_med=100.360|walker_max=110.289
STEP|n=742700000|unique=4424856|accepted=37577129|rate=103809.4/s|walker_min=75.914|walker_med=101.099|walker_max=110.597
STEP|n=742800000|unique=4425173|accepted=37577446|rate=103792.0/s|walker_min=60.959|walker_med=100.203|walker_max=110.171
STEP|n=742900000|unique=4425470|accepted=37577743|rate=103776.5/s|walker_min=48.615|walker_med=97.612|walker_max=110.438
STEP|n=743000000|unique=4425805|accepted=37578078|rate=103760.2/s|walker_min=49.547|walker_med=91.643|walker_max=108.735
STEP|n=743100000|unique=4426035|accepted=37578308|rate=103743.8/s|walker_min=78.088|walker_med=101.956|walker_max=109.708
STEP|n=743200000|unique=4426250|accepted=37578523|rate=103727.5/s|walker_min=62.470|walker_med=102.156|walker_max=110.234
STEP|n=743300000|unique=4426485|accepted=37578758|rate=103711.5/s|walker_min=71.247|walker_med=101.847|walker_max=109.839
STEP|n=743400000|unique=4426783|accepted=37579056|rate=103695.2/s|walker_min=83.011|walker_med=101.849|walker_max=109.508
STEP|n=743500000|unique=4427063|accepted=37579336|rate=103679.3/s|walker_min=76.245|walker_med=103.859|walker_max=109.845
STEP|n=743600000|unique=4427310|accepted=37579583|rate=103663.4/s|walker_min=60.604|walker_med=105.127|walker_max=110.444
STEP|n=743700000|unique=4427590|accepted=37579863|rate=103647.6/s|walker_min=83.201|walker_med=104.066|walker_max=109.919
STEP|n=743800000|unique=4427863|accepted=37580136|rate=103631.7/s|walker_min=72.595|walker_med=101.955|walker_max=110.529
STEP|n=743900000|unique=4428157|accepted=37580430|rate=103616.0/s|walker_min=89.516|walker_med=105.277|walker_max=110.429
STEP|n=744000000|unique=4428373|accepted=37580646|rate=103600.0/s|walker_min=82.529|walker_med=101.925|walker_max=110.257
STEP|n=744100000|unique=4428694|accepted=37580967|rate=103584.0/s|walker_min=69.840|walker_med=103.714|walker_max=110.230
STEP|n=744200000|unique=4429056|accepted=37581329|rate=103568.3/s|walker_min=83.400|walker_med=101.359|walker_max=109.630
STEP|n=744300000|unique=4429398|accepted=37581671|rate=103552.7/s|walker_min=65.588|walker_med=102.844|walker_max=110.545
STEP|n=744400000|unique=4429646|accepted=37581919|rate=103537.0/s|walker_min=83.247|walker_med=101.955|walker_max=110.152
STEP|n=744500000|unique=4429937|accepted=37582210|rate=103521.3/s|walker_min=75.934|walker_med=99.393|walker_max=109.730
STEP|n=744600000|unique=4430363|accepted=37582636|rate=103505.4/s|walker_min=74.760|walker_med=100.229|walker_max=110.261
STEP|n=744700000|unique=4430728|accepted=37583001|rate=103487.4/s|walker_min=75.214|walker_med=100.358|walker_max=110.140
STEP|n=744800000|unique=4430980|accepted=37583253|rate=103471.6/s|walker_min=54.562|walker_med=98.298|walker_max=110.133
STEP|n=744900000|unique=4431327|accepted=37583600|rate=103455.8/s|walker_min=67.733|walker_med=97.713|walker_max=108.989
STEP|n=745000000|unique=4431631|accepted=37583904|rate=103438.2/s|walker_min=60.393|walker_med=94.319|walker_max=110.043
STEP|n=745100000|unique=4431902|accepted=37584175|rate=103421.9/s|walker_min=59.719|walker_med=94.924|walker_max=107.716
STEP|n=745200000|unique=4432142|accepted=37584415|rate=103405.9/s|walker_min=54.440|walker_med=97.768|walker_max=109.410
STEP|n=745300000|unique=4432407|accepted=37584680|rate=103390.1/s|walker_min=67.263|walker_med=98.673|walker_max=110.429
STEP|n=745400000|unique=4432715|accepted=37584988|rate=103374.3/s|walker_min=73.369|walker_med=104.423|walker_max=110.226
STEP|n=745500000|unique=4432978|accepted=37585251|rate=103358.5/s|walker_min=79.422|walker_med=100.793|walker_max=109.837
STEP|n=745600000|unique=4433345|accepted=37585618|rate=103342.9/s|walker_min=72.759|walker_med=98.851|walker_max=110.636
STEP|n=745700000|unique=4433732|accepted=37586005|rate=103327.4/s|walker_min=68.520|walker_med=105.044|walker_max=110.505
STEP|n=745800000|unique=4434033|accepted=37586306|rate=103311.9/s|walker_min=71.896|walker_med=104.726|walker_max=109.987
STEP|n=745900000|unique=4434349|accepted=37586622|rate=103296.4/s|walker_min=55.249|walker_med=102.043|walker_max=110.491
STEP|n=746000000|unique=4434618|accepted=37586891|rate=103280.7/s|walker_min=74.522|walker_med=102.433|walker_max=110.514
STEP|n=746100000|unique=4434988|accepted=37587261|rate=103265.1/s|walker_min=78.388|walker_med=103.052|walker_max=110.523
STEP|n=746200000|unique=4435251|accepted=37587524|rate=103249.3/s|walker_min=76.240|walker_med=100.657|walker_max=109.207
STEP|n=746300000|unique=4435509|accepted=37587782|rate=103233.5/s|walker_min=68.121|walker_med=102.552|walker_max=110.147
STEP|n=746400000|unique=4435701|accepted=37587974|rate=103218.1/s|walker_min=82.849|walker_med=105.304|walker_max=110.294
STEP|n=746500000|unique=4436011|accepted=37588284|rate=103202.5/s|walker_min=74.925|walker_med=103.403|walker_max=110.408
STEP|n=746600000|unique=4436248|accepted=37588521|rate=103187.0/s|walker_min=74.450|walker_med=100.481|walker_max=110.646
STEP|n=746700000|unique=4436532|accepted=37588805|rate=103171.0/s|walker_min=56.465|walker_med=100.254|walker_max=110.625
STEP|n=746800000|unique=4436821|accepted=37589094|rate=103155.4/s|walker_min=64.822|walker_med=101.062|walker_max=109.834
STEP|n=746900000|unique=4437154|accepted=37589427|rate=103139.6/s|walker_min=77.942|walker_med=99.787|walker_max=109.375
STEP|n=747000000|unique=4437395|accepted=37589668|rate=103123.6/s|walker_min=54.431|walker_med=90.567|walker_max=109.711
STEP|n=747100000|unique=4437633|accepted=37589906|rate=103107.7/s|walker_min=65.797|walker_med=97.341|walker_max=110.289
STEP|n=747200000|unique=4437882|accepted=37590155|rate=103092.2/s|walker_min=74.860|walker_med=103.270|walker_max=110.592
STEP|n=747300000|unique=4438136|accepted=37590409|rate=103076.8/s|walker_min=70.392|walker_med=103.011|walker_max=109.947
STEP|n=747400000|unique=4438454|accepted=37590727|rate=103061.1/s|walker_min=74.349|walker_med=104.256|walker_max=110.560
STEP|n=747500000|unique=4438744|accepted=37591017|rate=103045.5/s|walker_min=83.106|walker_med=104.192|walker_max=109.968
STEP|n=747600000|unique=4438981|accepted=37591254|rate=103029.7/s|walker_min=77.165|walker_med=104.630|walker_max=110.461
STEP|n=747700000|unique=4439272|accepted=37591545|rate=103014.3/s|walker_min=85.264|walker_med=103.002|walker_max=109.908
STEP|n=747800000|unique=4439553|accepted=37591826|rate=102999.0/s|walker_min=87.760|walker_med=106.352|walker_max=110.602
STEP|n=747900000|unique=4439813|accepted=37592086|rate=102982.4/s|walker_min=76.283|walker_med=103.410|walker_max=110.323
STEP|n=748000000|unique=4440129|accepted=37592402|rate=102966.6/s|walker_min=75.461|walker_med=101.463|walker_max=110.110
STEP|n=748100000|unique=4440468|accepted=37592741|rate=102951.3/s|walker_min=88.594|walker_med=101.734|walker_max=109.477
STEP|n=748200000|unique=4440760|accepted=37593033|rate=102936.0/s|walker_min=78.311|walker_med=102.207|walker_max=110.140
STEP|n=748300000|unique=4441146|accepted=37593419|rate=102920.9/s|walker_min=67.500|walker_med=101.867|walker_max=110.603
STEP|n=748400000|unique=4441436|accepted=37593709|rate=102905.4/s|walker_min=79.571|walker_med=104.458|walker_max=110.607
STEP|n=748500000|unique=4441727|accepted=37594000|rate=102890.1/s|walker_min=81.736|walker_med=102.310|walker_max=110.588
STEP|n=748600000|unique=4442009|accepted=37594282|rate=102874.7/s|walker_min=84.443|walker_med=103.050|walker_max=110.638
STEP|n=748700000|unique=4442282|accepted=37594555|rate=102859.2/s|walker_min=72.912|walker_med=103.054|walker_max=110.525
STEP|n=748800000|unique=4442601|accepted=37594874|rate=23846.6/s|walker_min=78.414|walker_med=99.398|walker_max=109.107
STEP|n=748900000|unique=4442919|accepted=37595192|rate=23844.5/s|walker_min=59.982|walker_med=101.343|walker_max=110.313
STEP|n=749000000|unique=4443146|accepted=37595419|rate=23842.6/s|walker_min=53.562|walker_med=87.479|walker_max=108.668
STEP|n=749100000|unique=4443337|accepted=37595610|rate=23842.1/s|walker_min=55.824|walker_med=96.551|walker_max=107.899
STEP|n=749200000|unique=4443622|accepted=37595895|rate=23841.7/s|walker_min=79.749|walker_med=99.423|walker_max=109.902
STEP|n=749300000|unique=4444049|accepted=37596322|rate=23842.1/s|walker_min=87.838|walker_med=101.809|walker_max=110.156
STEP|n=749400000|unique=4444298|accepted=37596571|rate=23842.5/s|walker_min=72.157|walker_med=105.318|walker_max=110.583
STEP|n=749500000|unique=4444573|accepted=37596846|rate=23841.5/s|walker_min=83.989|walker_med=102.954|walker_max=110.625
STEP|n=749600000|unique=4444847|accepted=37597120|rate=23839.3/s|walker_min=82.291|walker_med=105.442|walker_max=110.406
STEP|n=749700000|unique=4445119|accepted=37597392|rate=23838.2/s|walker_min=88.973|walker_med=104.381|walker_max=110.163
STEP|n=749800000|unique=4445359|accepted=37597632|rate=23836.6/s|walker_min=63.307|walker_med=105.031|walker_max=109.976
STEP|n=749900000|unique=4445617|accepted=37597890|rate=23836.5/s|walker_min=63.143|walker_med=103.280|walker_max=110.519
STEP|n=750000000|unique=4445890|accepted=37598163|rate=23837.3/s|walker_min=74.737|walker_med=102.759|walker_max=110.561
CHECKPOINT|step=750000000|unique=4445890|saved=3000000|min=46.3601|max=106.746
STEP|n=750100000|unique=4446178|accepted=37598451|rate=23815.4/s|walker_min=55.631|walker_med=101.475|walker_max=110.266
STEP|n=750200000|unique=4446453|accepted=37598726|rate=23816.3/s|walker_min=82.763|walker_med=100.478|walker_max=109.580
STEP|n=750300000|unique=4446756|accepted=37599029|rate=23817.3/s|walker_min=61.241|walker_med=100.875|walker_max=109.207
STEP|n=750400000|unique=4447072|accepted=37599345|rate=23818.3/s|walker_min=74.155|walker_med=102.941|walker_max=110.173
STEP|n=750500000|unique=4447380|accepted=37599653|rate=23819.0/s|walker_min=87.776|walker_med=102.861|walker_max=110.062
STEP|n=750600000|unique=4447631|accepted=37599904|rate=23818.0/s|walker_min=65.724|walker_med=100.815|walker_max=109.606
STEP|n=750700000|unique=4447974|accepted=37600247|rate=23817.7/s|walker_min=72.845|walker_med=100.330|walker_max=110.560
STEP|n=750800000|unique=4448331|accepted=37600604|rate=23818.4/s|walker_min=62.137|walker_med=99.453|walker_max=108.826
STEP|n=750900000|unique=4448696|accepted=37600969|rate=23819.2/s|walker_min=72.738|walker_med=97.763|walker_max=110.545
STEP|n=751000000|unique=4449065|accepted=37601338|rate=23820.2/s|walker_min=59.137|walker_med=91.242|walker_max=110.324
STEP|n=751100000|unique=4449345|accepted=37601618|rate=23821.2/s|walker_min=66.961|walker_med=100.024|walker_max=110.490
STEP|n=751200000|unique=4449614|accepted=37601887|rate=23820.9/s|walker_min=75.779|walker_med=99.347|walker_max=110.135
STEP|n=751300000|unique=4449899|accepted=37602172|rate=23821.9/s|walker_min=75.640|walker_med=102.306|walker_max=110.094
STEP|n=751400000|unique=4450185|accepted=37602458|rate=23822.9/s|walker_min=73.798|walker_med=103.400|walker_max=109.950
STEP|n=751500000|unique=4450431|accepted=37602704|rate=23824.3/s|walker_min=80.120|walker_med=101.921|walker_max=110.416
STEP|n=751600000|unique=4450721|accepted=37602994|rate=23825.7/s|walker_min=88.187|walker_med=104.412|walker_max=110.432
STEP|n=751700000|unique=4450957|accepted=37603230|rate=23827.1/s|walker_min=52.597|walker_med=102.480|walker_max=110.496
STEP|n=751800000|unique=4451227|accepted=37603500|rate=23828.5/s|walker_min=82.833|walker_med=104.644|walker_max=109.942
STEP|n=751900000|unique=4451480|accepted=37603753|rate=23829.9/s|walker_min=84.927|walker_med=107.052|walker_max=110.585
STEP|n=752000000|unique=4451778|accepted=37604051|rate=23831.2/s|walker_min=72.521|walker_med=105.039|walker_max=110.596
STEP|n=752100000|unique=4451986|accepted=37604259|rate=23832.6/s|walker_min=77.134|walker_med=102.798|walker_max=110.539
STEP|n=752200000|unique=4452278|accepted=37604551|rate=23833.9/s|walker_min=71.642|walker_med=102.826|walker_max=110.586
STEP|n=752300000|unique=4452553|accepted=37604826|rate=23835.0/s|walker_min=68.458|walker_med=100.717|walker_max=110.275
STEP|n=752400000|unique=4452721|accepted=37604994|rate=23836.0/s|walker_min=87.771|walker_med=102.767|walker_max=110.345
STEP|n=752500000|unique=4452916|accepted=37605189|rate=23837.3/s|walker_min=79.597|walker_med=102.561|walker_max=110.341
STEP|n=752600000|unique=4453120|accepted=37605393|rate=23838.6/s|walker_min=79.760|walker_med=102.430|walker_max=109.972
STEP|n=752700000|unique=4453384|accepted=37605657|rate=23840.0/s|walker_min=76.421|walker_med=102.128|walker_max=108.962
STEP|n=752800000|unique=4453620|accepted=37605893|rate=23840.7/s|walker_min=72.254|walker_med=100.222|walker_max=110.027
STEP|n=752900000|unique=4453897|accepted=37606170|rate=23841.7/s|walker_min=75.924|walker_med=100.445|walker_max=110.242
STEP|n=753000000|unique=4454190|accepted=37606463|rate=23842.8/s|walker_min=58.843|walker_med=91.676|walker_max=110.503
STEP|n=753100000|unique=4454390|accepted=37606663|rate=23843.9/s|walker_min=60.768|walker_med=98.575|walker_max=110.003
STEP|n=753200000|unique=4454676|accepted=37606949|rate=23845.3/s|walker_min=60.537|walker_med=100.925|walker_max=109.901
STEP|n=753300000|unique=4455043|accepted=37607316|rate=23846.7/s|walker_min=79.669|walker_med=102.704|walker_max=110.462
STEP|n=753400000|unique=4455390|accepted=37607663|rate=23848.0/s|walker_min=73.348|walker_med=101.945|walker_max=110.541
STEP|n=753500000|unique=4455706|accepted=37607979|rate=23849.4/s|walker_min=69.007|walker_med=102.157|walker_max=110.280
STEP|n=753600000|unique=4455987|accepted=37608260|rate=23850.9/s|walker_min=77.683|walker_med=101.384|walker_max=110.017
STEP|n=753700000|unique=4456225|accepted=37608498|rate=23852.4/s|walker_min=60.301|walker_med=100.903|walker_max=110.546
STEP|n=753800000|unique=4456521|accepted=37608794|rate=23854.0/s|walker_min=63.649|walker_med=104.375|walker_max=109.439
STEP|n=753900000|unique=4456854|accepted=37609127|rate=23855.5/s|walker_min=86.526|walker_med=101.532|walker_max=110.143
STEP|n=754000000|unique=4457126|accepted=37609399|rate=23856.1/s|walker_min=74.080|walker_med=101.620|walker_max=110.524
STEP|n=754100000|unique=4457411|accepted=37609684|rate=23854.8/s|walker_min=72.288|walker_med=100.537|walker_max=110.183
STEP|n=754200000|unique=4457680|accepted=37609953|rate=23856.3/s|walker_min=66.777|walker_med=100.815|walker_max=110.258
STEP|n=754300000|unique=4457931|accepted=37610204|rate=23858.9/s|walker_min=80.351|walker_med=104.567|walker_max=109.200
STEP|n=754400000|unique=4458218|accepted=37610491|rate=23861.4/s|walker_min=75.450|walker_med=101.185|walker_max=110.207
STEP|n=754500000|unique=4458558|accepted=37610831|rate=23864.0/s|walker_min=75.029|walker_med=101.819|walker_max=110.488
STEP|n=754600000|unique=4458799|accepted=37611072|rate=23866.6/s|walker_min=76.613|walker_med=103.119|walker_max=110.232
STEP|n=754700000|unique=4459064|accepted=37611337|rate=23869.1/s|walker_min=74.845|walker_med=102.210|walker_max=110.022
STEP|n=754800000|unique=4459378|accepted=37611651|rate=23871.7/s|walker_min=63.532|walker_med=101.173|walker_max=110.248
STEP|n=754900000|unique=4459624|accepted=37611897|rate=23874.2/s|walker_min=72.504|walker_med=94.756|walker_max=108.735
STEP|n=755000000|unique=4459796|accepted=37612069|rate=23876.8/s|walker_min=55.682|walker_med=98.519|walker_max=109.142
STEP|n=755100000|unique=4459993|accepted=37612266|rate=23879.3/s|walker_min=56.551|walker_med=98.638|walker_max=109.041
STEP|n=755200000|unique=4460250|accepted=37612523|rate=23881.9/s|walker_min=53.857|walker_med=100.887|walker_max=109.402
STEP|n=755300000|unique=4460530|accepted=37612803|rate=23884.4/s|walker_min=79.005|walker_med=103.550|walker_max=109.973
STEP|n=755400000|unique=4460705|accepted=37612978|rate=23887.0/s|walker_min=73.822|walker_med=100.599|walker_max=110.458
STEP|n=755500000|unique=4460954|accepted=37613227|rate=23889.6/s|walker_min=84.546|walker_med=101.058|walker_max=110.628
STEP|n=755600000|unique=4461209|accepted=37613482|rate=23892.1/s|walker_min=83.819|walker_med=99.581|walker_max=110.291
STEP|n=755700000|unique=4461484|accepted=37613757|rate=23894.7/s|walker_min=73.127|walker_med=104.163|walker_max=110.646
STEP|n=755800000|unique=4461721|accepted=37613994|rate=23897.2/s|walker_min=80.101|walker_med=101.906|walker_max=109.605
STEP|n=755900000|unique=4461989|accepted=37614262|rate=23899.8/s|walker_min=78.432|walker_med=103.602|walker_max=110.565
STEP|n=756000000|unique=4462200|accepted=37614473|rate=23902.3/s|walker_min=72.891|walker_med=103.744|walker_max=110.457
STEP|n=756100000|unique=4462581|accepted=37614854|rate=23904.9/s|walker_min=61.690|walker_med=102.073|walker_max=109.544
STEP|n=756200000|unique=4462965|accepted=37615238|rate=23907.4/s|walker_min=87.496|walker_med=106.748|walker_max=110.457
STEP|n=756300000|unique=4463281|accepted=37615554|rate=23910.0/s|walker_min=85.331|walker_med=105.379|walker_max=109.792
STEP|n=756400000|unique=4463592|accepted=37615865|rate=23912.6/s|walker_min=70.818|walker_med=104.261|walker_max=110.443
STEP|n=756500000|unique=4463909|accepted=37616182|rate=23915.1/s|walker_min=77.779|walker_med=102.968|walker_max=110.540
STEP|n=756600000|unique=4464220|accepted=37616493|rate=23917.7/s|walker_min=70.897|walker_med=103.192|walker_max=110.162
STEP|n=756700000|unique=4464507|accepted=37616780|rate=23920.3/s|walker_min=84.140|walker_med=104.910|walker_max=110.097
STEP|n=756800000|unique=4464826|accepted=37617099|rate=23922.8/s|walker_min=51.600|walker_med=100.759|walker_max=110.370
STEP|n=756900000|unique=4465150|accepted=37617423|rate=23925.4/s|walker_min=66.597|walker_med=99.725|walker_max=110.273
STEP|n=757000000|unique=4465443|accepted=37617716|rate=23927.9/s|walker_min=52.799|walker_med=93.088|walker_max=110.468
STEP|n=757100000|unique=4465727|accepted=37618000|rate=23930.5/s|walker_min=77.591|walker_med=98.134|walker_max=110.482
STEP|n=757200000|unique=4465968|accepted=37618241|rate=23933.0/s|walker_min=79.488|walker_med=100.565|walker_max=110.521
STEP|n=757300000|unique=4466349|accepted=37618622|rate=23935.6/s|walker_min=67.839|walker_med=101.471|walker_max=110.523
STEP|n=757400000|unique=4466642|accepted=37618915|rate=23938.2/s|walker_min=73.960|walker_med=101.509|walker_max=110.482
STEP|n=757500000|unique=4466956|accepted=37619229|rate=23940.7/s|walker_min=53.371|walker_med=98.749|walker_max=109.448
STEP|n=757600000|unique=4467220|accepted=37619493|rate=23943.3/s|walker_min=78.329|walker_med=100.899|walker_max=110.305
STEP|n=757700000|unique=4467434|accepted=37619707|rate=23945.8/s|walker_min=65.325|walker_med=101.654|walker_max=109.928
STEP|n=757800000|unique=4467844|accepted=37620117|rate=23948.4/s|walker_min=75.057|walker_med=102.472|walker_max=110.207
STEP|n=757900000|unique=4468154|accepted=37620427|rate=23951.0/s|walker_min=77.573|walker_med=102.696|walker_max=110.585
STEP|n=758000000|unique=4468445|accepted=37620718|rate=23953.5/s|walker_min=60.897|walker_med=102.281|walker_max=110.342
STEP|n=758100000|unique=4468720|accepted=37620993|rate=23956.1/s|walker_min=55.309|walker_med=103.541|walker_max=110.167
STEP|n=758200000|unique=4469016|accepted=37621289|rate=23958.7/s|walker_min=85.633|walker_med=100.005|walker_max=110.420
STEP|n=758300000|unique=4469347|accepted=37621620|rate=23961.2/s|walker_min=73.958|walker_med=106.203|walker_max=110.574
STEP|n=758400000|unique=4469652|accepted=37621925|rate=23963.8/s|walker_min=79.275|walker_med=102.237|walker_max=110.097
STEP|n=758500000|unique=4469883|accepted=37622156|rate=23966.3/s|walker_min=70.585|walker_med=101.455|walker_max=110.023
STEP|n=758600000|unique=4470153|accepted=37622426|rate=23968.9/s|walker_min=64.688|walker_med=103.461|walker_max=109.791
STEP|n=758700000|unique=4470458|accepted=37622731|rate=23971.5/s|walker_min=79.520|walker_med=104.393|walker_max=109.660
STEP|n=758800000|unique=4470728|accepted=37623001|rate=23974.0/s|walker_min=57.705|walker_med=102.488|walker_max=109.771
STEP|n=758900000|unique=4471013|accepted=37623286|rate=23976.6/s|walker_min=67.430|walker_med=99.330|walker_max=108.417
STEP|n=759000000|unique=4471284|accepted=37623557|rate=23979.1/s|walker_min=61.277|walker_med=89.915|walker_max=109.199
STEP|n=759100000|unique=4471615|accepted=37623888|rate=23981.7/s|walker_min=65.527|walker_med=92.204|walker_max=110.024
STEP|n=759200000|unique=4471931|accepted=37624204|rate=23984.2/s|walker_min=63.260|walker_med=100.093|walker_max=109.366
STEP|n=759300000|unique=4472237|accepted=37624510|rate=23986.8/s|walker_min=78.771|walker_med=105.081|walker_max=110.375
STEP|n=759400000|unique=4472579|accepted=37624852|rate=23989.4/s|walker_min=64.809|walker_med=102.893|walker_max=110.143
STEP|n=759500000|unique=4472888|accepted=37625161|rate=23992.0/s|walker_min=75.526|walker_med=102.824|walker_max=110.392
STEP|n=759600000|unique=4473108|accepted=37625381|rate=23994.5/s|walker_min=75.491|walker_med=103.457|walker_max=109.672
STEP|n=759700000|unique=4473406|accepted=37625679|rate=23997.1/s|walker_min=86.710|walker_med=103.353|walker_max=110.466
STEP|n=759800000|unique=4473699|accepted=37625972|rate=23999.7/s|walker_min=76.815|walker_med=102.804|walker_max=109.957
STEP|n=759900000|unique=4474001|accepted=37626274|rate=24002.2/s|walker_min=77.912|walker_med=103.530|walker_max=110.650
STEP|n=760000000|unique=4474315|accepted=37626588|rate=24004.8/s|walker_min=66.736|walker_med=102.014|walker_max=110.300
STEP|n=760100000|unique=4474569|accepted=37626842|rate=24007.4/s|walker_min=73.571|walker_med=102.595|walker_max=110.354
STEP|n=760200000|unique=4474860|accepted=37627133|rate=24010.0/s|walker_min=69.399|walker_med=103.222|walker_max=110.431
STEP|n=760300000|unique=4475111|accepted=37627384|rate=24012.5/s|walker_min=72.407|walker_med=103.024|walker_max=110.329
STEP|n=760400000|unique=4475360|accepted=37627633|rate=24015.1/s|walker_min=81.328|walker_med=102.333|walker_max=110.125
STEP|n=760500000|unique=4475620|accepted=37627893|rate=24017.6/s|walker_min=76.455|walker_med=102.926|walker_max=110.427
STEP|n=760600000|unique=4475944|accepted=37628217|rate=24020.2/s|walker_min=75.359|walker_med=100.490|walker_max=109.665
STEP|n=760700000|unique=4476279|accepted=37628552|rate=24022.8/s|walker_min=75.761|walker_med=99.898|walker_max=110.470
STEP|n=760800000|unique=4476548|accepted=37628821|rate=24025.3/s|walker_min=76.430|walker_med=101.818|walker_max=110.534
STEP|n=760900000|unique=4476775|accepted=37629048|rate=24027.9/s|walker_min=64.143|walker_med=98.286|walker_max=110.298
STEP|n=761000000|unique=4476995|accepted=37629268|rate=24030.4/s|walker_min=64.497|walker_med=86.337|walker_max=110.601
STEP|n=761100000|unique=4477311|accepted=37629584|rate=24033.0/s|walker_min=69.448|walker_med=95.884|walker_max=110.494
STEP|n=761200000|unique=4477607|accepted=37629880|rate=24035.6/s|walker_min=58.413|walker_med=98.419|walker_max=108.348
STEP|n=761300000|unique=4477879|accepted=37630152|rate=24038.1/s|walker_min=80.280|walker_med=101.657|walker_max=110.492
STEP|n=761400000|unique=4478169|accepted=37630442|rate=24040.7/s|walker_min=59.596|walker_med=101.883|walker_max=110.587
STEP|n=761500000|unique=4478540|accepted=37630813|rate=24043.3/s|walker_min=57.373|walker_med=99.321|walker_max=110.341
STEP|n=761600000|unique=4478894|accepted=37631167|rate=24045.8/s|walker_min=71.774|walker_med=102.630|walker_max=110.644
STEP|n=761700000|unique=4479249|accepted=37631522|rate=24048.4/s|walker_min=65.110|walker_med=103.519|walker_max=110.329
STEP|n=761800000|unique=4479484|accepted=37631757|rate=24050.9/s|walker_min=82.116|walker_med=105.561|walker_max=110.539
STEP|n=761900000|unique=4479769|accepted=37632042|rate=24053.5/s|walker_min=72.690|walker_med=102.914|walker_max=110.327
STEP|n=762000000|unique=4480138|accepted=37632411|rate=24056.0/s|walker_min=77.558|walker_med=104.174|walker_max=110.421
STEP|n=762100000|unique=4480421|accepted=37632694|rate=24058.6/s|walker_min=76.540|walker_med=102.254|walker_max=110.268
STEP|n=762200000|unique=4480705|accepted=37632978|rate=24061.2/s|walker_min=65.673|walker_med=99.752|walker_max=109.643
STEP|n=762300000|unique=4480971|accepted=37633244|rate=24063.7/s|walker_min=76.313|walker_med=101.011|walker_max=110.033
STEP|n=762400000|unique=4481347|accepted=37633620|rate=24066.3/s|walker_min=64.230|walker_med=102.333|walker_max=110.503
STEP|n=762500000|unique=4481686|accepted=37633959|rate=24068.8/s|walker_min=68.262|walker_med=100.838|walker_max=110.410
STEP|n=762600000|unique=4481954|accepted=37634227|rate=24071.4/s|walker_min=78.876|walker_med=99.084|walker_max=110.570
STEP|n=762700000|unique=4482221|accepted=37634494|rate=24073.9/s|walker_min=84.910|walker_med=101.746|walker_max=110.556
STEP|n=762800000|unique=4482499|accepted=37634772|rate=24076.5/s|walker_min=54.679|walker_med=99.609|walker_max=110.276
STEP|n=762900000|unique=4482796|accepted=37635069|rate=24079.0/s|walker_min=67.444|walker_med=99.113|walker_max=110.635
STEP|n=763000000|unique=4483055|accepted=37635328|rate=24081.6/s|walker_min=60.395|walker_med=92.649|walker_max=109.360
STEP|n=763100000|unique=4483341|accepted=37635614|rate=24084.1/s|walker_min=51.849|walker_med=97.640|walker_max=110.306
STEP|n=763200000|unique=4483574|accepted=37635847|rate=24086.7/s|walker_min=58.788|walker_med=99.353|walker_max=108.990
STEP|n=763300000|unique=4483817|accepted=37636090|rate=24089.3/s|walker_min=77.906|walker_med=104.390|walker_max=110.483
STEP|n=763400000|unique=4484101|accepted=37636374|rate=24091.8/s|walker_min=66.718|walker_med=102.942|walker_max=110.613
STEP|n=763500000|unique=4484371|accepted=37636644|rate=24094.3/s|walker_min=72.572|walker_med=103.552|walker_max=110.284
STEP|n=763600000|unique=4484608|accepted=37636881|rate=24096.9/s|walker_min=84.717|walker_med=103.018|walker_max=110.310
STEP|n=763700000|unique=4484874|accepted=37637147|rate=24099.4/s|walker_min=69.843|walker_med=103.507|walker_max=110.638
STEP|n=763800000|unique=4485167|accepted=37637440|rate=24102.0/s|walker_min=54.467|walker_med=101.865|walker_max=109.918
STEP|n=763900000|unique=4485507|accepted=37637780|rate=24104.6/s|walker_min=80.664|walker_med=103.749|walker_max=110.610
STEP|n=764000000|unique=4485784|accepted=37638057|rate=24107.1/s|walker_min=73.181|walker_med=104.899|walker_max=110.313
STEP|n=764100000|unique=4486061|accepted=37638334|rate=24109.7/s|walker_min=74.501|walker_med=102.126|walker_max=110.652
STEP|n=764200000|unique=4486347|accepted=37638620|rate=24112.2/s|walker_min=80.819|walker_med=104.602|walker_max=109.510
STEP|n=764300000|unique=4486570|accepted=37638843|rate=24114.7/s|walker_min=71.124|walker_med=100.474|walker_max=110.564
STEP|n=764400000|unique=4486812|accepted=37639085|rate=24117.3/s|walker_min=78.530|walker_med=103.719|walker_max=109.370
STEP|n=764500000|unique=4487053|accepted=37639326|rate=24119.8/s|walker_min=90.911|walker_med=103.018|walker_max=110.103
STEP|n=764600000|unique=4487312|accepted=37639585|rate=24122.4/s|walker_min=81.789|walker_med=100.171|walker_max=110.284
STEP|n=764700000|unique=4487635|accepted=37639908|rate=24124.9/s|walker_min=83.607|walker_med=101.008|walker_max=110.618
STEP|n=764800000|unique=4487935|accepted=37640208|rate=24127.5/s|walker_min=57.848|walker_med=97.892|walker_max=110.625
STEP|n=764900000|unique=4488207|accepted=37640480|rate=24130.0/s|walker_min=54.538|walker_med=100.319|walker_max=110.637
STEP|n=765000000|unique=4488417|accepted=37640690|rate=24132.5/s|walker_min=53.016|walker_med=92.827|walker_max=107.670
STEP|n=765100000|unique=4488635|accepted=37640908|rate=24135.0/s|walker_min=65.605|walker_med=95.172|walker_max=110.324
STEP|n=765200000|unique=4488872|accepted=37641145|rate=24137.6/s|walker_min=61.839|walker_med=100.104|walker_max=110.034
STEP|n=765300000|unique=4489168|accepted=37641441|rate=24140.1/s|walker_min=73.165|walker_med=102.109|walker_max=110.173
STEP|n=765400000|unique=4489488|accepted=37641761|rate=24142.6/s|walker_min=69.061|walker_med=97.812|walker_max=109.936
STEP|n=765500000|unique=4489818|accepted=37642091|rate=24145.2/s|walker_min=71.931|walker_med=98.994|walker_max=109.986
STEP|n=765600000|unique=4490076|accepted=37642349|rate=24147.7/s|walker_min=82.226|walker_med=104.637|walker_max=110.299
STEP|n=765700000|unique=4490375|accepted=37642648|rate=24150.3/s|walker_min=80.480|walker_med=102.707|walker_max=110.368
STEP|n=765800000|unique=4490725|accepted=37642998|rate=24152.8/s|walker_min=90.692|walker_med=101.621|walker_max=110.413
STEP|n=765900000|unique=4491094|accepted=37643367|rate=24155.3/s|walker_min=75.608|walker_med=103.255|walker_max=110.619
STEP|n=766000000|unique=4491438|accepted=37643711|rate=24157.9/s|walker_min=82.854|walker_med=101.960|walker_max=109.625
STEP|n=766100000|unique=4491675|accepted=37643948|rate=24160.4/s|walker_min=86.930|walker_med=103.661|walker_max=110.148
STEP|n=766200000|unique=4491974|accepted=37644247|rate=24163.0/s|walker_min=76.213|walker_med=102.937|walker_max=110.268
STEP|n=766300000|unique=4492270|accepted=37644543|rate=24165.6/s|walker_min=70.818|walker_med=99.605|walker_max=109.643
STEP|n=766400000|unique=4492537|accepted=37644810|rate=24168.1/s|walker_min=71.166|walker_med=103.456|walker_max=110.160
STEP|n=766500000|unique=4492786|accepted=37645059|rate=24170.7/s|walker_min=75.202|walker_med=102.525|walker_max=110.443
STEP|n=766600000|unique=4493012|accepted=37645285|rate=24173.2/s|walker_min=71.662|walker_med=103.534|walker_max=110.315
STEP|n=766700000|unique=4493253|accepted=37645526|rate=24175.8/s|walker_min=78.642|walker_med=100.426|walker_max=109.566
STEP|n=766800000|unique=4493526|accepted=37645799|rate=24178.3/s|walker_min=55.571|walker_med=97.538|walker_max=110.320
STEP|n=766900000|unique=4493739|accepted=37646012|rate=24180.9/s|walker_min=56.825|walker_med=100.387|walker_max=109.381
STEP|n=767000000|unique=4493933|accepted=37646206|rate=24183.4/s|walker_min=50.745|walker_med=90.322|walker_max=105.573
STEP|n=767100000|unique=4494154|accepted=37646427|rate=24186.0/s|walker_min=73.094|walker_med=96.757|walker_max=110.422
STEP|n=767200000|unique=4494512|accepted=37646785|rate=24188.5/s|walker_min=67.198|walker_med=100.445|walker_max=110.165
STEP|n=767300000|unique=4494787|accepted=37647060|rate=24191.0/s|walker_min=69.659|walker_med=102.909|walker_max=110.292
STEP|n=767400000|unique=4495040|accepted=37647313|rate=24193.6/s|walker_min=59.127|walker_med=102.799|walker_max=110.306
STEP|n=767500000|unique=4495300|accepted=37647573|rate=24196.2/s|walker_min=78.146|walker_med=102.553|walker_max=110.399
STEP|n=767600000|unique=4495658|accepted=37647931|rate=24198.7/s|walker_min=81.165|walker_med=103.359|walker_max=110.596
STEP|n=767700000|unique=4495952|accepted=37648225|rate=24201.3/s|walker_min=82.163|walker_med=102.189|walker_max=110.455
STEP|n=767800000|unique=4496221|accepted=37648494|rate=24203.8/s|walker_min=56.877|walker_med=99.609|walker_max=108.835
STEP|n=767900000|unique=4496485|accepted=37648758|rate=24206.4/s|walker_min=66.970|walker_med=99.194|walker_max=109.938
STEP|n=768000000|unique=4496751|accepted=37649024|rate=24209.0/s|walker_min=73.785|walker_med=103.657|walker_max=110.441
STEP|n=768100000|unique=4496951|accepted=37649224|rate=24211.5/s|walker_min=76.621|walker_med=101.297|walker_max=110.560
STEP|n=768200000|unique=4497192|accepted=37649465|rate=24214.1/s|walker_min=88.589|walker_med=106.258|walker_max=110.605
STEP|n=768300000|unique=4497520|accepted=37649793|rate=24216.6/s|walker_min=80.654|walker_med=106.923|walker_max=110.343
STEP|n=768400000|unique=4497755|accepted=37650028|rate=24219.2/s|walker_min=75.088|walker_med=104.529|walker_max=110.619
STEP|n=768500000|unique=4498023|accepted=37650296|rate=24221.7/s|walker_min=79.675|walker_med=102.656|walker_max=110.383
STEP|n=768600000|unique=4498224|accepted=37650497|rate=24224.3/s|walker_min=77.540|walker_med=102.345|walker_max=110.023
STEP|n=768700000|unique=4498552|accepted=37650825|rate=24226.8/s|walker_min=82.481|walker_med=102.249|walker_max=110.533
STEP|n=768800000|unique=4498851|accepted=37651124|rate=24229.4/s|walker_min=62.219|walker_med=99.598|walker_max=109.714
STEP|n=768900000|unique=4499116|accepted=37651389|rate=24232.0/s|walker_min=62.169|walker_med=94.698|walker_max=110.436
STEP|n=769000000|unique=4499368|accepted=37651641|rate=24234.5/s|walker_min=61.960|walker_med=93.071|walker_max=110.436
STEP|n=769100000|unique=4499609|accepted=37651882|rate=24237.0/s|walker_min=54.838|walker_med=97.088|walker_max=110.249
STEP|n=769200000|unique=4499822|accepted=37652095|rate=24239.6/s|walker_min=72.850|walker_med=100.642|walker_max=109.356
STEP|n=769300000|unique=4500038|accepted=37652311|rate=24242.1/s|walker_min=73.849|walker_med=99.827|walker_max=110.561
STEP|n=769400000|unique=4500365|accepted=37652638|rate=24244.7/s|walker_min=76.923|walker_med=104.319|walker_max=110.631
STEP|n=769500000|unique=4500746|accepted=37653019|rate=24247.2/s|walker_min=67.664|walker_med=102.206|walker_max=110.375
STEP|n=769600000|unique=4501061|accepted=37653334|rate=24249.8/s|walker_min=80.210|walker_med=101.805|walker_max=110.512
STEP|n=769700000|unique=4501316|accepted=37653589|rate=24252.3/s|walker_min=75.825|walker_med=103.591|walker_max=110.494
STEP|n=769800000|unique=4501513|accepted=37653786|rate=24254.9/s|walker_min=83.777|walker_med=103.228|walker_max=110.306
STEP|n=769900000|unique=4501791|accepted=37654064|rate=24257.4/s|walker_min=83.219|walker_med=101.566|walker_max=110.505
STEP|n=770000000|unique=4502031|accepted=37654304|rate=24260.0/s|walker_min=87.191|walker_med=104.955|walker_max=110.622
STEP|n=770100000|unique=4502356|accepted=37654629|rate=24262.5/s|walker_min=78.296|walker_med=101.776|walker_max=110.432
STEP|n=770200000|unique=4502708|accepted=37654981|rate=24265.1/s|walker_min=69.668|walker_med=103.758|walker_max=110.427
STEP|n=770300000|unique=4502977|accepted=37655250|rate=24267.6/s|walker_min=94.360|walker_med=104.339|walker_max=110.427
STEP|n=770400000|unique=4503198|accepted=37655471|rate=24270.2/s|walker_min=74.630|walker_med=102.149|walker_max=110.611
STEP|n=770500000|unique=4503464|accepted=37655737|rate=24272.8/s|walker_min=74.373|walker_med=104.464|walker_max=110.357
STEP|n=770600000|unique=4503765|accepted=37656038|rate=24275.3/s|walker_min=82.641|walker_med=102.091|walker_max=110.283
STEP|n=770700000|unique=4504026|accepted=37656299|rate=24277.9/s|walker_min=79.412|walker_med=100.391|walker_max=109.895
STEP|n=770800000|unique=4504371|accepted=37656644|rate=24280.4/s|walker_min=74.476|walker_med=98.794|walker_max=109.949
STEP|n=770900000|unique=4504712|accepted=37656985|rate=24283.0/s|walker_min=69.613|walker_med=100.679|walker_max=110.640
STEP|n=771000000|unique=4504976|accepted=37657249|rate=24285.5/s|walker_min=61.046|walker_med=89.792|walker_max=107.646
STEP|n=771100000|unique=4505209|accepted=37657482|rate=24288.0/s|walker_min=52.601|walker_med=98.268|walker_max=110.035
STEP|n=771200000|unique=4505454|accepted=37657727|rate=24290.6/s|walker_min=66.992|walker_med=102.109|walker_max=110.365
STEP|n=771300000|unique=4505741|accepted=37658014|rate=24293.1/s|walker_min=80.634|walker_med=102.740|walker_max=110.077
STEP|n=771400000|unique=4506041|accepted=37658314|rate=24295.7/s|walker_min=73.989|walker_med=102.907|walker_max=110.429
STEP|n=771500000|unique=4506331|accepted=37658604|rate=24298.2/s|walker_min=78.958|walker_med=100.580|walker_max=110.569
STEP|n=771600000|unique=4506538|accepted=37658811|rate=24300.8/s|walker_min=85.931|walker_med=103.376|walker_max=110.542
STEP|n=771700000|unique=4506754|accepted=37659027|rate=24303.3/s|walker_min=71.809|walker_med=104.047|walker_max=109.404
STEP|n=771800000|unique=4506984|accepted=37659257|rate=24305.9/s|walker_min=75.324|walker_med=102.375|walker_max=110.378
STEP|n=771900000|unique=4507334|accepted=37659607|rate=24308.4/s|walker_min=75.497|walker_med=106.316|walker_max=110.528
STEP|n=772000000|unique=4507604|accepted=37659877|rate=24311.0/s|walker_min=89.490|walker_med=104.755|walker_max=110.440
STEP|n=772100000|unique=4507866|accepted=37660139|rate=24313.6/s|walker_min=81.204|walker_med=103.235|walker_max=110.471
STEP|n=772200000|unique=4508112|accepted=37660385|rate=24316.1/s|walker_min=75.075|walker_med=101.204|walker_max=109.015
STEP|n=772300000|unique=4508430|accepted=37660703|rate=24318.6/s|walker_min=75.558|walker_med=103.188|walker_max=110.620
STEP|n=772400000|unique=4508717|accepted=37660990|rate=24321.2/s|walker_min=85.641|walker_med=103.923|walker_max=110.333
STEP|n=772500000|unique=4508964|accepted=37661237|rate=24323.7/s|walker_min=75.396|walker_med=103.868|walker_max=109.901
STEP|n=772600000|unique=4509247|accepted=37661520|rate=24326.3/s|walker_min=78.871|walker_med=103.776|walker_max=110.583
STEP|n=772700000|unique=4509566|accepted=37661839|rate=24328.8/s|walker_min=80.799|walker_med=100.193|walker_max=109.791
STEP|n=772800000|unique=4509863|accepted=37662136|rate=24331.4/s|walker_min=62.688|walker_med=99.884|walker_max=110.234
STEP|n=772900000|unique=4510179|accepted=37662452|rate=24333.9/s|walker_min=60.860|walker_med=95.788|walker_max=110.064
STEP|n=773000000|unique=4510477|accepted=37662750|rate=24336.5/s|walker_min=59.114|walker_med=93.912|walker_max=110.513
STEP|n=773100000|unique=4510744|accepted=37663017|rate=24339.0/s|walker_min=70.818|walker_med=98.770|walker_max=110.054
STEP|n=773200000|unique=4510988|accepted=37663261|rate=24341.5/s|walker_min=77.059|walker_med=102.400|walker_max=110.371
STEP|n=773300000|unique=4511283|accepted=37663556|rate=24344.1/s|walker_min=82.128|walker_med=103.380|walker_max=110.294
STEP|n=773400000|unique=4511574|accepted=37663847|rate=24346.7/s|walker_min=76.998|walker_med=102.787|walker_max=110.641
STEP|n=773500000|unique=4511867|accepted=37664140|rate=24349.2/s|walker_min=75.228|walker_med=101.025|walker_max=110.559
STEP|n=773600000|unique=4512096|accepted=37664369|rate=24351.8/s|walker_min=76.229|walker_med=99.370|walker_max=110.343
STEP|n=773700000|unique=4512344|accepted=37664617|rate=24354.3/s|walker_min=88.802|walker_med=103.267|walker_max=110.033
STEP|n=773800000|unique=4512583|accepted=37664856|rate=24356.8/s|walker_min=76.432|walker_med=104.794|walker_max=110.433
STEP|n=773900000|unique=4512851|accepted=37665124|rate=24359.4/s|walker_min=91.788|walker_med=102.148|walker_max=110.538
STEP|n=774000000|unique=4513153|accepted=37665426|rate=24362.0/s|walker_min=79.883|walker_med=105.018|walker_max=110.342
STEP|n=774100000|unique=4513471|accepted=37665744|rate=24364.5/s|walker_min=72.280|walker_med=103.780|walker_max=110.421
STEP|n=774200000|unique=4513791|accepted=37666064|rate=24367.1/s|walker_min=73.576|walker_med=101.876|walker_max=110.057
STEP|n=774300000|unique=4514089|accepted=37666362|rate=24369.6/s|walker_min=71.516|walker_med=103.435|walker_max=110.153
STEP|n=774400000|unique=4514369|accepted=37666642|rate=24372.2/s|walker_min=75.988|walker_med=101.453|walker_max=109.895
STEP|n=774500000|unique=4514560|accepted=37666833|rate=24374.7/s|walker_min=73.208|walker_med=101.963|walker_max=110.338
STEP|n=774600000|unique=4514809|accepted=37667082|rate=24377.2/s|walker_min=80.778|walker_med=105.331|walker_max=110.578
STEP|n=774700000|unique=4515119|accepted=37667392|rate=24379.8/s|walker_min=57.776|walker_med=104.941|walker_max=110.511
STEP|n=774800000|unique=4515446|accepted=37667719|rate=24382.3/s|walker_min=59.539|walker_med=98.071|walker_max=110.134
STEP|n=774900000|unique=4515696|accepted=37667969|rate=24384.8/s|walker_min=72.124|walker_med=99.886|walker_max=110.050
STEP|n=775000000|unique=4515952|accepted=37668225|rate=24387.4/s|walker_min=55.793|walker_med=90.822|walker_max=108.960
STEP|n=775100000|unique=4516255|accepted=37668528|rate=24389.9/s|walker_min=55.926|walker_med=98.906|walker_max=109.985
STEP|n=775200000|unique=4516463|accepted=37668736|rate=24392.4/s|walker_min=74.723|walker_med=102.103|walker_max=110.580
STEP|n=775300000|unique=4516736|accepted=37669009|rate=24394.9/s|walker_min=63.527|walker_med=97.370|walker_max=110.518
STEP|n=775400000|unique=4516966|accepted=37669239|rate=24397.5/s|walker_min=78.730|walker_med=102.936|walker_max=109.977
STEP|n=775500000|unique=4517154|accepted=37669427|rate=24400.0/s|walker_min=81.327|walker_med=102.442|walker_max=110.083
STEP|n=775600000|unique=4517375|accepted=37669648|rate=24402.5/s|walker_min=80.200|walker_med=102.159|walker_max=110.434
STEP|n=775700000|unique=4517607|accepted=37669880|rate=24405.1/s|walker_min=60.218|walker_med=102.756|walker_max=109.841
STEP|n=775800000|unique=4517872|accepted=37670145|rate=24407.6/s|walker_min=63.794|walker_med=99.587|walker_max=110.640
STEP|n=775900000|unique=4518199|accepted=37670472|rate=24410.2/s|walker_min=80.980|walker_med=100.706|walker_max=110.270
STEP|n=776000000|unique=4518504|accepted=37670777|rate=24412.8/s|walker_min=86.030|walker_med=103.244|walker_max=110.595
STEP|n=776100000|unique=4518792|accepted=37671065|rate=24415.3/s|walker_min=81.360|walker_med=102.286|walker_max=110.347
STEP|n=776200000|unique=4519068|accepted=37671341|rate=24417.8/s|walker_min=67.687|walker_med=101.487|walker_max=110.636
STEP|n=776300000|unique=4519326|accepted=37671599|rate=24420.4/s|walker_min=76.320|walker_med=102.995|walker_max=110.169
STEP|n=776400000|unique=4519598|accepted=37671871|rate=24422.9/s|walker_min=82.957|walker_med=103.223|walker_max=110.064
STEP|n=776500000|unique=4519817|accepted=37672090|rate=24425.5/s|walker_min=71.409|walker_med=99.562|walker_max=110.635
STEP|n=776600000|unique=4520177|accepted=37672450|rate=24428.0/s|walker_min=80.565|walker_med=104.759|walker_max=110.503
STEP|n=776700000|unique=4520475|accepted=37672748|rate=24430.6/s|walker_min=68.239|walker_med=102.634|walker_max=110.369
STEP|n=776800000|unique=4520771|accepted=37673044|rate=24433.1/s|walker_min=70.348|walker_med=100.087|walker_max=110.464
STEP|n=776900000|unique=4521028|accepted=37673301|rate=24435.7/s|walker_min=61.863|walker_med=95.179|walker_max=110.617
STEP|n=777000000|unique=4521310|accepted=37673583|rate=24438.2/s|walker_min=51.509|walker_med=94.730|walker_max=108.324
STEP|n=777100000|unique=4521553|accepted=37673826|rate=24440.7/s|walker_min=64.032|walker_med=97.933|walker_max=109.353
STEP|n=777200000|unique=4521735|accepted=37674008|rate=24443.2/s|walker_min=73.302|walker_med=104.338|walker_max=110.509
STEP|n=777300000|unique=4521940|accepted=37674213|rate=24445.8/s|walker_min=63.245|walker_med=103.720|walker_max=110.573
STEP|n=777400000|unique=4522250|accepted=37674523|rate=24448.3/s|walker_min=75.870|walker_med=102.075|walker_max=110.633
STEP|n=777500000|unique=4522527|accepted=37674800|rate=24450.8/s|walker_min=75.605|walker_med=101.761|walker_max=110.437
STEP|n=777600000|unique=4522754|accepted=37675027|rate=24453.4/s|walker_min=73.396|walker_med=101.307|walker_max=110.361
STEP|n=777700000|unique=4523012|accepted=37675285|rate=24456.0/s|walker_min=59.509|walker_med=99.579|walker_max=109.838
STEP|n=777800000|unique=4523317|accepted=37675590|rate=24458.5/s|walker_min=71.133|walker_med=102.640|walker_max=110.414
STEP|n=777900000|unique=4523579|accepted=37675852|rate=24461.1/s|walker_min=75.791|walker_med=101.785|walker_max=110.337
STEP|n=778000000|unique=4523847|accepted=37676120|rate=24463.6/s|walker_min=87.126|walker_med=101.836|walker_max=110.387
STEP|n=778100000|unique=4524111|accepted=37676384|rate=24466.2/s|walker_min=79.662|walker_med=103.629|walker_max=109.873
STEP|n=778200000|unique=4524336|accepted=37676609|rate=24468.7/s|walker_min=69.357|walker_med=100.823|walker_max=110.502
STEP|n=778300000|unique=4524634|accepted=37676907|rate=24471.2/s|walker_min=63.253|walker_med=100.321|walker_max=109.564
STEP|n=778400000|unique=4524870|accepted=37677143|rate=24473.7/s|walker_min=87.836|walker_med=102.303|walker_max=110.437
STEP|n=778500000|unique=4525164|accepted=37677437|rate=24476.3/s|walker_min=79.242|walker_med=106.809|walker_max=110.554
STEP|n=778600000|unique=4525468|accepted=37677741|rate=24478.8/s|walker_min=74.809|walker_med=99.919|walker_max=110.315
STEP|n=778700000|unique=4525705|accepted=37677978|rate=24481.3/s|walker_min=68.657|walker_med=101.442|walker_max=109.390
STEP|n=778800000|unique=4525936|accepted=37678209|rate=24483.9/s|walker_min=74.319|walker_med=102.492|walker_max=110.599
STEP|n=778900000|unique=4526200|accepted=37678473|rate=24486.4/s|walker_min=67.948|walker_med=96.206|walker_max=110.517
STEP|n=779000000|unique=4526458|accepted=37678731|rate=24488.9/s|walker_min=59.397|walker_med=89.504|walker_max=109.742
STEP|n=779100000|unique=4526678|accepted=37678951|rate=24491.4/s|walker_min=62.602|walker_med=96.226|walker_max=109.345
STEP|n=779200000|unique=4526929|accepted=37679202|rate=24494.0/s|walker_min=55.571|walker_med=101.508|walker_max=110.088
STEP|n=779300000|unique=4527164|accepted=37679437|rate=24496.5/s|walker_min=71.177|walker_med=99.156|walker_max=110.093
STEP|n=779400000|unique=4527341|accepted=37679614|rate=24499.1/s|walker_min=73.554|walker_med=103.601|walker_max=110.194
STEP|n=779500000|unique=4527579|accepted=37679852|rate=24501.6/s|walker_min=78.745|walker_med=105.236|walker_max=110.430
STEP|n=779600000|unique=4527873|accepted=37680146|rate=24504.1/s|walker_min=88.487|walker_med=104.580|walker_max=110.576
STEP|n=779700000|unique=4528126|accepted=37680399|rate=24506.7/s|walker_min=74.931|walker_med=103.941|walker_max=110.352
STEP|n=779800000|unique=4528370|accepted=37680643|rate=24509.2/s|walker_min=74.341|walker_med=105.236|walker_max=110.427
STEP|n=779900000|unique=4528638|accepted=37680911|rate=24511.8/s|walker_min=85.225|walker_med=105.829|walker_max=110.528
STEP|n=780000000|unique=4528939|accepted=37681212|rate=24514.3/s|walker_min=81.091|walker_med=105.625|walker_max=110.213
STEP|n=780100000|unique=4529253|accepted=37681526|rate=24516.9/s|walker_min=78.925|walker_med=102.243|walker_max=110.284
STEP|n=780200000|unique=4529501|accepted=37681774|rate=24519.4/s|walker_min=77.829|walker_med=101.880|walker_max=110.125
STEP|n=780300000|unique=4529797|accepted=37682070|rate=24521.9/s|walker_min=78.461|walker_med=103.177|walker_max=110.257
STEP|n=780400000|unique=4530175|accepted=37682448|rate=24524.5/s|walker_min=82.550|walker_med=101.472|walker_max=110.299
STEP|n=780500000|unique=4530464|accepted=37682737|rate=24527.0/s|walker_min=66.540|walker_med=100.508|walker_max=110.588
STEP|n=780600000|unique=4530766|accepted=37683039|rate=24529.5/s|walker_min=81.460|walker_med=103.418|walker_max=110.450
STEP|n=780700000|unique=4530997|accepted=37683270|rate=24532.0/s|walker_min=55.777|walker_med=97.178|walker_max=110.217
STEP|n=780800000|unique=4531274|accepted=37683547|rate=24534.5/s|walker_min=72.375|walker_med=97.590|walker_max=109.782
STEP|n=780900000|unique=4531550|accepted=37683823|rate=24537.1/s|walker_min=66.987|walker_med=98.444|walker_max=109.543
STEP|n=781000000|unique=4531802|accepted=37684075|rate=24539.6/s|walker_min=55.093|walker_med=84.238|walker_max=110.535
STEP|n=781100000|unique=4531989|accepted=37684262|rate=24542.1/s|walker_min=59.720|walker_med=97.982|walker_max=107.684
STEP|n=781200000|unique=4532296|accepted=37684569|rate=24544.6/s|walker_min=69.555|walker_med=101.357|walker_max=110.192
STEP|n=781300000|unique=4532528|accepted=37684801|rate=24547.2/s|walker_min=78.998|walker_med=100.341|walker_max=110.513
STEP|n=781400000|unique=4532744|accepted=37685017|rate=24549.7/s|walker_min=68.099|walker_med=103.095|walker_max=110.512
STEP|n=781500000|unique=4532909|accepted=37685182|rate=24552.2/s|walker_min=68.757|walker_med=101.302|walker_max=110.566
STEP|n=781600000|unique=4533134|accepted=37685407|rate=24554.7/s|walker_min=65.616|walker_med=103.121|walker_max=110.448
STEP|n=781700000|unique=4533404|accepted=37685677|rate=24557.3/s|walker_min=64.575|walker_med=101.956|walker_max=110.515
STEP|n=781800000|unique=4533655|accepted=37685928|rate=24559.8/s|walker_min=53.973|walker_med=104.510|walker_max=110.278
STEP|n=781900000|unique=4533866|accepted=37686139|rate=24562.3/s|walker_min=73.801|walker_med=104.328|walker_max=109.997
STEP|n=782000000|unique=4534163|accepted=37686436|rate=24564.8/s|walker_min=84.752|walker_med=105.939|walker_max=110.423
STEP|n=782100000|unique=4534369|accepted=37686642|rate=24567.3/s|walker_min=67.408|walker_med=103.259|walker_max=110.251
STEP|n=782200000|unique=4534657|accepted=37686930|rate=24569.9/s|walker_min=77.362|walker_med=103.262|walker_max=110.593
STEP|n=782300000|unique=4534881|accepted=37687154|rate=24572.4/s|walker_min=83.603|walker_med=105.073|walker_max=110.626
STEP|n=782400000|unique=4535138|accepted=37687411|rate=24574.9/s|walker_min=65.604|walker_med=104.270|walker_max=110.148
STEP|n=782500000|unique=4535348|accepted=37687621|rate=24577.5/s|walker_min=82.509|walker_med=102.531|walker_max=110.379
STEP|n=782600000|unique=4535530|accepted=37687803|rate=24580.0/s|walker_min=57.470|walker_med=101.830|walker_max=110.488
STEP|n=782700000|unique=4535785|accepted=37688058|rate=24582.5/s|walker_min=71.391|walker_med=100.427|walker_max=109.641
STEP|n=782800000|unique=4536086|accepted=37688359|rate=24585.0/s|walker_min=79.740|walker_med=103.384|walker_max=110.612
STEP|n=782900000|unique=4536447|accepted=37688720|rate=24587.5/s|walker_min=69.906|walker_med=88.900|walker_max=110.537
STEP|n=783000000|unique=4536692|accepted=37688965|rate=24590.1/s|walker_min=53.999|walker_med=99.028|walker_max=110.559
STEP|n=783100000|unique=4536951|accepted=37689224|rate=24592.6/s|walker_min=55.093|walker_med=94.504|walker_max=109.573
STEP|n=783200000|unique=4537202|accepted=37689475|rate=24595.1/s|walker_min=80.509|walker_med=102.578|walker_max=110.247
STEP|n=783300000|unique=4537423|accepted=37689696|rate=24597.6/s|walker_min=56.697|walker_med=101.119|walker_max=110.563
STEP|n=783400000|unique=4537712|accepted=37689985|rate=24600.1/s|walker_min=73.920|walker_med=100.980|walker_max=110.465
STEP|n=783500000|unique=4537966|accepted=37690239|rate=24602.6/s|walker_min=68.602|walker_med=102.224|walker_max=110.568
STEP|n=783600000|unique=4538237|accepted=37690510|rate=24605.1/s|walker_min=66.493|walker_med=102.707|walker_max=110.536
STEP|n=783700000|unique=4538476|accepted=37690749|rate=24607.6/s|walker_min=82.848|walker_med=103.223|walker_max=110.461
STEP|n=783800000|unique=4538759|accepted=37691032|rate=24610.1/s|walker_min=72.438|walker_med=102.031|walker_max=110.522
STEP|n=783900000|unique=4539004|accepted=37691277|rate=24612.6/s|walker_min=86.298|walker_med=104.231|walker_max=110.617
STEP|n=784000000|unique=4539234|accepted=37691507|rate=24615.1/s|walker_min=88.603|walker_med=104.524|walker_max=110.374
STEP|n=784100000|unique=4539467|accepted=37691740|rate=24617.6/s|walker_min=70.359|walker_med=102.183|walker_max=110.522
STEP|n=784200000|unique=4539717|accepted=37691990|rate=24620.2/s|walker_min=66.105|walker_med=105.739|walker_max=110.491
STEP|n=784300000|unique=4539987|accepted=37692260|rate=24622.7/s|walker_min=82.755|walker_med=103.187|walker_max=109.996
STEP|n=784400000|unique=4540211|accepted=37692484|rate=24625.3/s|walker_min=81.323|walker_med=103.958|walker_max=110.525
STEP|n=784500000|unique=4540464|accepted=37692737|rate=24627.8/s|walker_min=82.143|walker_med=101.744|walker_max=110.513
STEP|n=784600000|unique=4540659|accepted=37692932|rate=24630.3/s|walker_min=66.278|walker_med=105.027|walker_max=110.591
STEP|n=784700000|unique=4540847|accepted=37693120|rate=24632.9/s|walker_min=70.498|walker_med=102.099|walker_max=110.120
STEP|n=784800000|unique=4541101|accepted=37693374|rate=24635.4/s|walker_min=59.276|walker_med=100.253|walker_max=110.300
STEP|n=784900000|unique=4541315|accepted=37693588|rate=24637.9/s|walker_min=56.482|walker_med=90.610|walker_max=110.011
STEP|n=785000000|unique=4541542|accepted=37693815|rate=24640.5/s|walker_min=51.798|walker_med=96.538|walker_max=110.144
STEP|n=785100000|unique=4541852|accepted=37694125|rate=24643.0/s|walker_min=70.271|walker_med=96.563|walker_max=109.330
STEP|n=785200000|unique=4542116|accepted=37694389|rate=24645.5/s|walker_min=54.564|walker_med=95.168|walker_max=110.003
STEP|n=785300000|unique=4542290|accepted=37694563|rate=24648.0/s|walker_min=63.600|walker_med=99.472|walker_max=110.432
STEP|n=785400000|unique=4542515|accepted=37694788|rate=24650.6/s|walker_min=62.776|walker_med=98.475|walker_max=110.280
STEP|n=785500000|unique=4542745|accepted=37695018|rate=24653.1/s|walker_min=79.016|walker_med=103.614|walker_max=110.535
STEP|n=785600000|unique=4543000|accepted=37695273|rate=24655.6/s|walker_min=71.770|walker_med=101.626|walker_max=110.327
STEP|n=785700000|unique=4543277|accepted=37695550|rate=24658.2/s|walker_min=84.022|walker_med=102.598|walker_max=110.471
STEP|n=785800000|unique=4543488|accepted=37695761|rate=24660.7/s|walker_min=80.324|walker_med=102.503|walker_max=110.425
STEP|n=785900000|unique=4543749|accepted=37696022|rate=24663.3/s|walker_min=68.686|walker_med=104.134|walker_max=110.386
STEP|n=786000000|unique=4544010|accepted=37696283|rate=24665.8/s|walker_min=78.604|walker_med=102.376|walker_max=109.307
STEP|n=786100000|unique=4544223|accepted=37696496|rate=24668.3/s|walker_min=57.470|walker_med=102.478|walker_max=110.417
STEP|n=786200000|unique=4544454|accepted=37696727|rate=24670.9/s|walker_min=82.762|walker_med=97.995|walker_max=110.328
STEP|n=786300000|unique=4544679|accepted=37696952|rate=24673.4/s|walker_min=74.835|walker_med=102.194|walker_max=110.403
STEP|n=786400000|unique=4544903|accepted=37697176|rate=24676.0/s|walker_min=90.088|walker_med=103.959|walker_max=110.651
STEP|n=786500000|unique=4545109|accepted=37697382|rate=24678.5/s|walker_min=76.643|walker_med=101.174|walker_max=110.593
STEP|n=786600000|unique=4545360|accepted=37697633|rate=24681.0/s|walker_min=68.914|walker_med=100.319|walker_max=110.188
STEP|n=786700000|unique=4545612|accepted=37697885|rate=24683.5/s|walker_min=86.094|walker_med=100.279|walker_max=110.607
STEP|n=786800000|unique=4545821|accepted=37698094|rate=24686.1/s|walker_min=51.509|walker_med=98.782|walker_max=110.613
STEP|n=786900000|unique=4546060|accepted=37698333|rate=24688.6/s|walker_min=52.424|walker_med=102.161|walker_max=110.641
STEP|n=787000000|unique=4546315|accepted=37698588|rate=24691.1/s|walker_min=57.416|walker_med=89.696|walker_max=109.186
STEP|n=787100000|unique=4546569|accepted=37698842|rate=24693.6/s|walker_min=59.810|walker_med=100.941|walker_max=109.561
STEP|n=787200000|unique=4546777|accepted=37699050|rate=24696.1/s|walker_min=78.947|walker_med=99.021|walker_max=110.570
STEP|n=787300000|unique=4547039|accepted=37699312|rate=24698.7/s|walker_min=73.772|walker_med=99.559|walker_max=110.603
STEP|n=787400000|unique=4547327|accepted=37699600|rate=24701.2/s|walker_min=74.407|walker_med=98.717|walker_max=110.310
STEP|n=787500000|unique=4547592|accepted=37699865|rate=24703.8/s|walker_min=72.462|walker_med=105.344|walker_max=110.011
STEP|n=787600000|unique=4547910|accepted=37700183|rate=24706.3/s|walker_min=76.505|walker_med=103.582|walker_max=110.444
STEP|n=787700000|unique=4548283|accepted=37700556|rate=24708.8/s|walker_min=90.592|walker_med=103.407|walker_max=110.534
STEP|n=787800000|unique=4548613|accepted=37700886|rate=24711.3/s|walker_min=61.281|walker_med=102.658|walker_max=110.553
STEP|n=787900000|unique=4548866|accepted=37701139|rate=24713.9/s|walker_min=93.264|walker_med=106.420|walker_max=110.289
STEP|n=788000000|unique=4549115|accepted=37701388|rate=24716.4/s|walker_min=84.595|walker_med=101.634|walker_max=109.998
STEP|n=788100000|unique=4549413|accepted=37701686|rate=24719.0/s|walker_min=80.887|walker_med=102.789|walker_max=110.077
STEP|n=788200000|unique=4549672|accepted=37701945|rate=24721.5/s|walker_min=67.808|walker_med=105.468|walker_max=110.632
STEP|n=788300000|unique=4550044|accepted=37702317|rate=24724.0/s|walker_min=86.534|walker_med=103.623|walker_max=110.611
STEP|n=788400000|unique=4550347|accepted=37702620|rate=24726.6/s|walker_min=73.144|walker_med=101.257|walker_max=110.440
STEP|n=788500000|unique=4550651|accepted=37702924|rate=24729.1/s|walker_min=70.016|walker_med=105.808|walker_max=110.532
STEP|n=788600000|unique=4550906|accepted=37703179|rate=24731.7/s|walker_min=76.849|walker_med=104.329|walker_max=109.976
STEP|n=788700000|unique=4551118|accepted=37703391|rate=24734.2/s|walker_min=72.775|walker_med=101.874|walker_max=109.876
STEP|n=788800000|unique=4551424|accepted=37703697|rate=24736.7/s|walker_min=74.560|walker_med=99.604|walker_max=110.280
STEP|n=788900000|unique=4551707|accepted=37703980|rate=24739.3/s|walker_min=56.358|walker_med=100.129|walker_max=110.612
STEP|n=789000000|unique=4551935|accepted=37704208|rate=24741.8/s|walker_min=53.636|walker_med=91.121|walker_max=110.112
STEP|n=789100000|unique=4552118|accepted=37704391|rate=24744.3/s|walker_min=60.107|walker_med=94.402|walker_max=110.048
STEP|n=789200000|unique=4552366|accepted=37704639|rate=24746.8/s|walker_min=69.393|walker_med=97.921|walker_max=110.611
STEP|n=789300000|unique=4552625|accepted=37704898|rate=24749.4/s|walker_min=59.845|walker_med=103.320|walker_max=110.373
STEP|n=789400000|unique=4552970|accepted=37705243|rate=24751.9/s|walker_min=75.463|walker_med=101.833|walker_max=110.622
STEP|n=789500000|unique=4553251|accepted=37705524|rate=24754.4/s|walker_min=75.192|walker_med=102.980|walker_max=110.622
STEP|n=789600000|unique=4553541|accepted=37705814|rate=24757.0/s|walker_min=74.473|walker_med=105.261|walker_max=110.447
STEP|n=789700000|unique=4553779|accepted=37706052|rate=24759.5/s|walker_min=63.610|walker_med=103.138|walker_max=110.627
STEP|n=789800000|unique=4553993|accepted=37706266|rate=24762.1/s|walker_min=55.115|walker_med=104.156|walker_max=110.408
STEP|n=789900000|unique=4554361|accepted=37706634|rate=24764.6/s|walker_min=80.709|walker_med=103.874|walker_max=110.525
STEP|n=790000000|unique=4554675|accepted=37706948|rate=24767.1/s|walker_min=73.280|walker_med=101.369|walker_max=110.407
STEP|n=790100000|unique=4554946|accepted=37707219|rate=24769.6/s|walker_min=81.378|walker_med=103.467|walker_max=110.532
STEP|n=790200000|unique=4555240|accepted=37707513|rate=24772.1/s|walker_min=75.645|walker_med=105.470|walker_max=110.287
STEP|n=790300000|unique=4555550|accepted=37707823|rate=24774.6/s|walker_min=64.879|walker_med=102.208|walker_max=110.515
STEP|n=790400000|unique=4555869|accepted=37708142|rate=24777.2/s|walker_min=79.022|walker_med=103.620|walker_max=110.371
STEP|n=790500000|unique=4556095|accepted=37708368|rate=24779.7/s|walker_min=77.219|walker_med=100.553|walker_max=110.503
STEP|n=790600000|unique=4556404|accepted=37708677|rate=24782.2/s|walker_min=80.537|walker_med=100.032|walker_max=110.584
STEP|n=790700000|unique=4556715|accepted=37708988|rate=24784.8/s|walker_min=80.845|walker_med=102.467|walker_max=110.401
STEP|n=790800000|unique=4557004|accepted=37709277|rate=24787.3/s|walker_min=82.250|walker_med=99.075|walker_max=110.568
STEP|n=790900000|unique=4557240|accepted=37709513|rate=24789.8/s|walker_min=63.026|walker_med=98.647|walker_max=110.260
STEP|n=791000000|unique=4557460|accepted=37709733|rate=24792.3/s|walker_min=58.253|walker_med=93.368|walker_max=110.602
STEP|n=791100000|unique=4557663|accepted=37709936|rate=24794.8/s|walker_min=76.518|walker_med=100.222|walker_max=109.666
STEP|n=791200000|unique=4557902|accepted=37710175|rate=24797.3/s|walker_min=54.260|walker_med=99.979|walker_max=109.926
STEP|n=791300000|unique=4558166|accepted=37710439|rate=24799.8/s|walker_min=72.023|walker_med=105.101|walker_max=110.598
STEP|n=791400000|unique=4558416|accepted=37710689|rate=24802.3/s|walker_min=74.308|walker_med=103.792|walker_max=110.441
STEP|n=791500000|unique=4558622|accepted=37710895|rate=24804.8/s|walker_min=52.195|walker_med=103.712|walker_max=110.331
STEP|n=791600000|unique=4558876|accepted=37711149|rate=24807.3/s|walker_min=77.310|walker_med=101.991|walker_max=110.420
STEP|n=791700000|unique=4559148|accepted=37711421|rate=24809.8/s|walker_min=70.983|walker_med=105.153|walker_max=109.810
STEP|n=791800000|unique=4559487|accepted=37711760|rate=24812.3/s|walker_min=68.231|walker_med=104.747|walker_max=110.487
STEP|n=791900000|unique=4559784|accepted=37712057|rate=24814.8/s|walker_min=78.588|walker_med=102.538|walker_max=110.418
STEP|n=792000000|unique=4560050|accepted=37712323|rate=24817.3/s|walker_min=86.998|walker_med=104.432|walker_max=110.643
STEP|n=792100000|unique=4560325|accepted=37712598|rate=24819.8/s|walker_min=70.982|walker_med=102.003|walker_max=108.542
STEP|n=792200000|unique=4560618|accepted=37712891|rate=24822.4/s|walker_min=75.529|walker_med=103.819|walker_max=110.086
STEP|n=792300000|unique=4560895|accepted=37713168|rate=24824.9/s|walker_min=77.986|walker_med=104.297|walker_max=109.542
STEP|n=792400000|unique=4561157|accepted=37713430|rate=24827.4/s|walker_min=85.355|walker_med=104.665|walker_max=109.958
STEP|n=792500000|unique=4561365|accepted=37713638|rate=24829.9/s|walker_min=77.056|walker_med=100.766|walker_max=110.020
STEP|n=792600000|unique=4561639|accepted=37713912|rate=24832.4/s|walker_min=63.096|walker_med=102.546|walker_max=110.563
STEP|n=792700000|unique=4561923|accepted=37714196|rate=24834.9/s|walker_min=64.931|walker_med=98.486|walker_max=110.455
STEP|n=792800000|unique=4562229|accepted=37714502|rate=24837.4/s|walker_min=75.561|walker_med=102.456|walker_max=110.602
STEP|n=792900000|unique=4562490|accepted=37714763|rate=24839.9/s|walker_min=54.260|walker_med=98.422|walker_max=110.547
STEP|n=793000000|unique=4562766|accepted=37715039|rate=24842.4/s|walker_min=70.580|walker_med=95.494|walker_max=110.108
STEP|n=793100000|unique=4563007|accepted=37715280|rate=24845.0/s|walker_min=68.610|walker_med=97.866|walker_max=110.353
STEP|n=793200000|unique=4563228|accepted=37715501|rate=24847.5/s|walker_min=79.791|walker_med=99.965|walker_max=110.418
STEP|n=793300000|unique=4563459|accepted=37715732|rate=24850.0/s|walker_min=62.578|walker_med=100.851|walker_max=110.155
STEP|n=793400000|unique=4563714|accepted=37715987|rate=24852.6/s|walker_min=71.941|walker_med=100.752|walker_max=110.596
STEP|n=793500000|unique=4564026|accepted=37716299|rate=24855.1/s|walker_min=78.833|walker_med=103.666|walker_max=110.457
STEP|n=793600000|unique=4564285|accepted=37716558|rate=24857.6/s|walker_min=74.458|walker_med=98.891|walker_max=110.157
STEP|n=793700000|unique=4564552|accepted=37716825|rate=24860.1/s|walker_min=59.753|walker_med=104.079|walker_max=110.488
STEP|n=793800000|unique=4564818|accepted=37717091|rate=24862.6/s|walker_min=85.104|walker_med=99.863|walker_max=109.815
STEP|n=793900000|unique=4565134|accepted=37717407|rate=24865.1/s|walker_min=88.259|walker_med=104.542|walker_max=110.368
STEP|n=794000000|unique=4565414|accepted=37717687|rate=24867.7/s|walker_min=73.756|walker_med=106.591|walker_max=110.616
STEP|n=794100000|unique=4565733|accepted=37718006|rate=24870.2/s|walker_min=79.794|walker_med=105.520|walker_max=110.654
STEP|n=794200000|unique=4565994|accepted=37718267|rate=24872.7/s|walker_min=86.254|walker_med=104.674|walker_max=110.557
STEP|n=794300000|unique=4566250|accepted=37718523|rate=24875.3/s|walker_min=84.370|walker_med=106.892|walker_max=110.594
STEP|n=794400000|unique=4566497|accepted=37718770|rate=24877.8/s|walker_min=79.892|walker_med=105.261|walker_max=110.230
STEP|n=794500000|unique=4566676|accepted=37718949|rate=24880.3/s|walker_min=78.486|walker_med=104.197|walker_max=110.331
STEP|n=794600000|unique=4566894|accepted=37719167|rate=24882.9/s|walker_min=79.128|walker_med=100.272|walker_max=110.041
STEP|n=794700000|unique=4567127|accepted=37719400|rate=24885.4/s|walker_min=81.462|walker_med=101.855|walker_max=109.462
STEP|n=794800000|unique=4567368|accepted=37719641|rate=24887.9/s|walker_min=67.590|walker_med=98.128|walker_max=110.422
STEP|n=794900000|unique=4567586|accepted=37719859|rate=24890.4/s|walker_min=59.720|walker_med=94.915|walker_max=110.092
STEP|n=795000000|unique=4567817|accepted=37720090|rate=24892.9/s|walker_min=55.731|walker_med=86.949|walker_max=109.876
STEP|n=795100000|unique=4568060|accepted=37720333|rate=24895.5/s|walker_min=50.908|walker_med=95.775|walker_max=110.079
STEP|n=795200000|unique=4568408|accepted=37720681|rate=24898.0/s|walker_min=57.068|walker_med=97.584|walker_max=110.455
STEP|n=795300000|unique=4568637|accepted=37720910|rate=24900.5/s|walker_min=75.139|walker_med=103.436|walker_max=110.624
STEP|n=795400000|unique=4568952|accepted=37721225|rate=24903.1/s|walker_min=69.582|walker_med=101.859|walker_max=110.538
STEP|n=795500000|unique=4569299|accepted=37721572|rate=24905.6/s|walker_min=78.789|walker_med=104.041|walker_max=110.650
STEP|n=795600000|unique=4569604|accepted=37721877|rate=24908.1/s|walker_min=80.498|walker_med=102.591|walker_max=110.257
