
RELATION -2
degree values: [0, 1, 2, 3, 4, 5, 6, 7, 9, 10, 11, 12, 13, 14, 15, 16, 17, 18, 19, 20, 21, 22, 23, 24, 25, 26, 27, 28, 29, 30, 31, 32, 33, 34, 35, 36, 37, 38, 39, 40, 41, 42, 43, 44, 45, 46, 47, 48, 49, 50, 51, 52, 53, 54, 55, 56, 57, 58, 59, 60, 61, 62, 63, 64, 65, 66, 67, 68, 69, 70, 71, 72, 73, 74, 75, 76, 77, 79]
number eigenvalues: 1310
spectrum:
  -29.5574947609 x 1
  -29.3727585671 x 1
  -29.1848404565 x 1
  -29.0966744630 x 1
  -29.0086348416 x 1
  -28.9200173117 x 1
  -28.7959625407 x 1
  -28.5946278131 x 1
  -28.3764030219 x 1
  -28.1641178005 x 1
  -28.0782019419 x 1
  -28.0128043235 x 1
  -27.6441469917 x 1
  -26.8254099363 x 1
  -26.6064208853 x 1
  -22.7176444355 x 1
  -10.5267609117 x 1
  -10.5024312207 x 1
  -10.3663099962 x 1
  -10.3081889461 x 1
  -10.2328540251 x 1
  -10.2056333933 x 1
  -10.1484945078 x 1
  -10.0733316039 x 1
  -9.9869462688 x 1
  -9.9727593168 x 1
  -9.8968376142 x 1
  -9.8711749148 x 1
  -9.8529774823 x 1
  -9.8020691174 x 1
  -9.7260810133 x 1
  -9.7188425885 x 1
  -9.6885094356 x 1
  -9.6807200367 x 1
  -9.6592414826 x 1
  -9.5985733800 x 1
  -9.5937762801 x 1
  -9.5284709371 x 1
  -9.5219191908 x 1
  -9.5055616078 x 1
  -9.4703940498 x 1
  -9.4272651244 x 1
  -9.4082749063 x 1
  -9.3970303266 x 1
  -9.3074199457 x 1
  -9.3003352588 x 1
  -9.2644608758 x 1
  -9.2381559265 x 1
  -9.2271727193 x 1
  -9.2146873746 x 1
  -9.2039776104 x 1
  -9.1644737506 x 1
  -9.1041790812 x 1
  -9.0925083347 x 1
  -9.0575772624 x 1
  -9.0366102178 x 1
  -9.0310336834 x 1
  -8.9851612783 x 1
  -8.9797030341 x 1
  -8.9649437198 x 1
  -8.9499956912 x 1
  -8.9275940013 x 1
  -8.9045116575 x 1
  -8.8778342201 x 1
  -8.8490020008 x 1
  -8.8190704076 x 1
  -8.7997815089 x 1
  -8.7786273731 x 1
  -8.7777561126 x 1
  -8.7526737121 x 1
  -8.7282162077 x 1
  -8.7127402847 x 1
  -8.6886394208 x 1
  -8.6835499931 x 1
  -8.6502844647 x 1
  -8.6285744277 x 1
  -8.6001138350 x 1
  -8.5789986521 x 1
  -8.5723768182 x 1
  -8.5406346521 x 1
  -8.5115094018 x 1
  -8.5019575670 x 1
  -8.4775957145 x 1
  -8.4533909172 x 1
  -8.4140483551 x 1
  -8.4021310052 x 1
  -8.3995381918 x 1
  -8.3814284934 x 1
  -8.3596084923 x 1
  -8.3422350436 x 1
  -8.3101599266 x 1
  -8.2671742896 x 1
  -8.2611197805 x 1
  -8.2566242382 x 1
  -8.2135730640 x 1
  -8.1998156901 x 1
  -8.1872769777 x 1
  -8.1813258749 x 1
  -8.1618413168 x 1
  -8.1436269974 x 1
  -8.1213216327 x 1
  -8.1142756183 x 1
  -8.0981454180 x 1
  -8.0815200503 x 1
  -8.0763423653 x 1
  -8.0431521838 x 1
  -8.0317410897 x 1
  -8.0122381238 x 1
  -7.9968937269 x 1
  -7.9826738012 x 1
  -7.9504806236 x 1
  -7.9239995364 x 1
  -7.9035553811 x 1
  -7.8739278005 x 1
  -7.8640809995 x 1
  -7.8366251795 x 1
  -7.8291643630 x 1
  -7.8054614316 x 1
  -7.7887366067 x 1
  -7.7739056842 x 1
  -7.7476869197 x 1
  -7.7325177429 x 1
  -7.7199519952 x 1
  -7.7113772951 x 1
  -7.7006834462 x 1
  -7.6463321775 x 1
  -7.6381795855 x 1
  -7.6201369752 x 1
  -7.6161662974 x 1
  -7.6064977208 x 1
  -7.5902607455 x 1
  -7.5611421471 x 1
  -7.5423132137 x 1
  -7.5237306882 x 1
  -7.5020382214 x 1
  -7.5011869020 x 1
  -7.4913178841 x 1
  -7.4871784965 x 1
  -7.4457420241 x 1
  -7.4370597360 x 1
  -7.4061691430 x 1
  -7.3964616788 x 1
  -7.3764216450 x 1
  -7.3741745390 x 1
  -7.3470933964 x 1
  -7.3296877900 x 1
  -7.3146909157 x 1
  -7.2826113218 x 1
  -7.2766838599 x 1
  -7.2518835106 x 1
  -7.2347845457 x 1
  -7.2295588942 x 1
  -7.2131221377 x 1
  -7.1892082264 x 1
  -7.1744820924 x 1
  -7.1477716963 x 1
  -7.1381944145 x 1
  -7.1245535840 x 1
  -7.1041053695 x 1
  -7.0867839285 x 1
  -7.0746351334 x 1
  -7.0558720324 x 1
  -7.0419236647 x 1
  -7.0369002117 x 1
  -6.9933735073 x 1
  -6.9821012514 x 1
  -6.9617757223 x 1
  -6.9549806272 x 1
  -6.9280503484 x 1
  -6.9244550926 x 1
  -6.9002925679 x 1
  -6.8902615687 x 1
  -6.8689328103 x 1
  -6.8361591990 x 1
  -6.8292748506 x 1
  -6.8269586774 x 1
  -6.8076704028 x 1
  -6.7915588054 x 1
  -6.7676125294 x 1
  -6.7419666626 x 1
  -6.7289185317 x 1
  -6.7226290613 x 1
  -6.7127227717 x 1
  -6.6865854420 x 1
  -6.6786293604 x 1
  -6.6634561539 x 1
  -6.6486225582 x 1
  -6.6432413907 x 1
  -6.6242770413 x 1
  -6.6132825602 x 1
  -6.5985740726 x 1
  -6.5862167669 x 1
  -6.5443562279 x 1
  -6.5306546232 x 1
  -6.5221247281 x 1
  -6.5070540158 x 1
  -6.5016348185 x 1
  -6.4759365660 x 1
  -6.4731623248 x 1
  -6.4541984876 x 1
  -6.4372949555 x 1
  -6.4035771178 x 1
  -6.3902206512 x 1
  -6.3777720335 x 1
  -6.3554171242 x 1
  -6.3367804954 x 1
  -6.3306591984 x 1
  -6.3205468605 x 1
  -6.2957692548 x 1
  -6.2778586135 x 1
  -6.2572521679 x 1
  -6.2411521655 x 1
  -6.2155769225 x 1
  -6.1939322947 x 1
  -6.1716853399 x 1
  -6.1463018450 x 1
  -6.1449434289 x 1
  -6.1381098443 x 1
  -6.1249478769 x 1
  -6.1088340435 x 1
  -6.0904040172 x 1
  -6.0789015823 x 1
  -6.0592050724 x 1
  -6.0513685381 x 1
  -6.0406309851 x 1
  -6.0100815071 x 1
  -5.9968609126 x 1
  -5.9894780309 x 1
  -5.9684522296 x 1
  -5.9381869206 x 1
  -5.9296034449 x 1
  -5.9193166458 x 1
  -5.9052306733 x 1
  -5.8703073379 x 1
  -5.8464015905 x 1
  -5.8439019889 x 1
  -5.8193964382 x 1
  -5.8043936315 x 1
  -5.7750947934 x 1
  -5.7647081820 x 1
  -5.7580382537 x 1
  -5.7419555454 x 1
  -5.7359977019 x 1
  -5.7035676906 x 1
  -5.6876929336 x 1
  -5.6609743745 x 1
  -5.6482141767 x 1
  -5.6457694756 x 1
  -5.6212513249 x 1
  -5.6087877292 x 1
  -5.6000652053 x 1
  -5.5838881469 x 1
  -5.5696828545 x 1
  -5.5320683270 x 1
  -5.5301459694 x 1
  -5.5132421608 x 1
  -5.5002642908 x 1
  -5.4816329066 x 1
  -5.4739815881 x 1
  -5.4484077624 x 1
  -5.4396833577 x 1
  -5.4249092344 x 1
  -5.4164079410 x 1
  -5.4062105035 x 1
  -5.3579231083 x 1
  -5.3510798558 x 1
  -5.3242317815 x 1
  -5.3154549351 x 1
  -5.2994641301 x 1
  -5.2840214893 x 1
  -5.2706750003 x 1
  -5.2579073192 x 1
  -5.2439864358 x 1
  -5.2284099258 x 1
  -5.2218832771 x 1
  -5.2017636879 x 1
  -5.1889155685 x 1
  -5.1712789862 x 1
  -5.1493656881 x 1
  -5.1396027418 x 1
  -5.1290793069 x 1
  -5.0984809224 x 1
  -5.0761212220 x 1
  -5.0709272843 x 1
  -5.0506514482 x 1
  -5.0458135569 x 1
  -5.0054141830 x 1
  -4.9952355035 x 1
  -4.9844582881 x 1
  -4.9528062173 x 1
  -4.9490007346 x 1
  -4.9472502861 x 1
  -4.9260309981 x 1
  -4.9148618317 x 1
  -4.9016493092 x 1
  -4.8715902297 x 1
  -4.8580313711 x 1
  -4.8384678896 x 1
  -4.8158668973 x 1
  -4.8059343021 x 1
  -4.7935848471 x 1
  -4.7714197898 x 1
  -4.7545332640 x 1
  -4.7237025004 x 1
  -4.7138010958 x 1
  -4.6932525217 x 1
  -4.6747554341 x 1
  -4.6673374268 x 1
  -4.6365367233 x 1
  -4.6167888591 x 1
  -4.6122874034 x 1
  -4.5856613344 x 1
  -4.5687943889 x 1
  -4.5658000069 x 1
  -4.5397506232 x 1
  -4.5305859049 x 1
  -4.5180476022 x 1
  -4.4920091971 x 1
  -4.4826265445 x 1
  -4.4583478557 x 1
  -4.4494771223 x 1
  -4.4333717098 x 1
  -4.4156241094 x 1
  -4.4125825496 x 1
  -4.3878803213 x 1
  -4.3754860653 x 1
  -4.3653052225 x 1
  -4.3284678383 x 1
  -4.3207034071 x 1
  -4.2998920588 x 1
  -4.2884236511 x 1
  -4.2618601142 x 1
  -4.2492064098 x 1
  -4.2264941672 x 1
  -4.2045506988 x 1
  -4.1809109023 x 1
  -4.1506407160 x 1
  -4.1319566210 x 1
  -4.1244930355 x 1
  -4.1060786866 x 1
  -4.0890565575 x 1
  -4.0686557231 x 1
  -4.0554244216 x 1
  -4.0379448688 x 1
  -4.0264077653 x 1
  -4.0200817343 x 1
  -3.9981776038 x 1
  -3.9742304918 x 1
  -3.9589563921 x 1
  -3.9398556619 x 1
  -3.9232368212 x 1
  -3.9103857299 x 1
  -3.9017091878 x 1
  -3.8888595618 x 1
  -3.8759262088 x 1
  -3.8707288160 x 1
  -3.8435186366 x 1
  -3.8168560430 x 1
  -3.8143991368 x 1
  -3.7910261490 x 1
  -3.7832623860 x 1
  -3.7677358817 x 1
  -3.7514362317 x 1
  -3.7403306975 x 1
  -3.7169887401 x 1
  -3.7039318025 x 1
  -3.6981933926 x 1
  -3.6797359716 x 1
  -3.6628964600 x 1
  -3.6338190817 x 1
  -3.6127184618 x 1
  -3.6084108504 x 1
  -3.5778049396 x 1
  -3.5668812076 x 1
  -3.5469008236 x 1
  -3.5258365404 x 1
  -3.5204303940 x 1
  -3.4968042695 x 1
  -3.4624006720 x 1
  -3.4388604241 x 1
  -3.4360857471 x 1
  -3.4081184703 x 1
  -3.4020210142 x 1
  -3.3940859220 x 1
  -3.3869101347 x 1
  -3.3597569366 x 1
  -3.3465729243 x 1
  -3.3230395897 x 1
  -3.3161134208 x 1
  -3.2980203022 x 1
  -3.2819612317 x 1
  -3.2654232737 x 1
  -3.2588634999 x 1
  -3.2424370716 x 1
  -3.1987891886 x 1
  -3.1822065200 x 1
  -3.1703493164 x 1
  -3.1551127637 x 1
  -3.1470617047 x 1
  -3.1209044994 x 1
  -3.1132240288 x 1
  -3.1044748551 x 1
  -3.0872381319 x 1
  -3.0580326719 x 1
  -3.0559826676 x 1
  -3.0319160884 x 1
  -3.0239629845 x 1
  -3.0080713862 x 1
  -2.9921842152 x 1
  -2.9701380874 x 1
  -2.9528308171 x 1
  -2.9432876304 x 1
  -2.9299305201 x 1
  -2.9193370975 x 1
  -2.8917353184 x 1
  -2.8845195148 x 1
  -2.8370753183 x 1
  -2.8186457639 x 1
  -2.8104951627 x 1
  -2.7970395265 x 1
  -2.7732809013 x 1
  -2.7679116741 x 1
  -2.7612166651 x 1
  -2.7426386356 x 1
  -2.7293029707 x 1
  -2.7192919059 x 1
  -2.6977455995 x 1
  -2.6742056478 x 1
  -2.6580072920 x 1
  -2.6430295784 x 1
  -2.6382117365 x 1
  -2.6212401439 x 1
  -2.6157140430 x 1
  -2.5864204583 x 1
  -2.5795621429 x 1
  -2.5429128906 x 1
  -2.5346930513 x 1
  -2.5183060236 x 1
  -2.4960774935 x 1
  -2.4808206326 x 1
  -2.4683767793 x 1
  -2.4569578286 x 1
  -2.4397815869 x 1
  -2.4128092049 x 1
  -2.3900913992 x 1
  -2.3852978032 x 1
  -2.3809035670 x 1
  -2.3593847971 x 1
  -2.3537311682 x 1
  -2.3290006396 x 1
  -2.3232409248 x 1
  -2.2859059316 x 1
  -2.2696371594 x 1
  -2.2593473922 x 1
  -2.2398243874 x 1
  -2.2196770310 x 1
  -2.2178310470 x 1
  -2.1973850592 x 1
  -2.1751514927 x 1
  -2.1548385747 x 1
  -2.1395917203 x 1
  -2.1327005820 x 1
  -2.1233984376 x 1
  -2.0956565019 x 1
  -2.0784960454 x 1
  -2.0633374953 x 1
  -2.0468481316 x 1
  -2.0211528867 x 1
  -2.0153244025 x 1
  -1.9975777890 x 1
  -1.9826042045 x 1
  -1.9744160133 x 1
  -1.9660288950 x 1
  -1.9380162522 x 1
  -1.9298743717 x 1
  -1.9230562286 x 1
  -1.9095303534 x 1
  -1.8921940950 x 1
  -1.8852886802 x 1
  -1.8761026518 x 1
  -1.8452934006 x 1
  -1.8415219416 x 1
  -1.8053695249 x 1
  -1.7856170375 x 1
  -1.7670915566 x 1
  -1.7421042155 x 1
  -1.7344639918 x 1
  -1.7220451487 x 1
  -1.7104822476 x 1
  -1.7038593807 x 1
  -1.6727612042 x 1
  -1.6645628000 x 1
  -1.6574341426 x 1
  -1.6308637109 x 1
  -1.6280778758 x 1
  -1.5958753105 x 1
  -1.5802092198 x 1
  -1.5620606290 x 1
  -1.5571630271 x 1
  -1.5393779430 x 1
  -1.5212808107 x 1
  -1.5096293183 x 1
  -1.5009327588 x 1
  -1.4956714555 x 1
  -1.4732626149 x 1
  -1.4532193348 x 1
  -1.4491703954 x 1
  -1.4412241605 x 1
  -1.4239724765 x 1
  -1.4015537409 x 1
  -1.3820911031 x 1
  -1.3691556239 x 1
  -1.3616214779 x 1
  -1.3543202994 x 1
  -1.3297793133 x 1
  -1.3216232521 x 1
  -1.3039335898 x 1
  -1.2988538361 x 1
  -1.2890369627 x 1
  -1.2565181857 x 1
  -1.2467072528 x 1
  -1.2339721639 x 1
  -1.2194407770 x 1
  -1.2121693810 x 1
  -1.1919409066 x 1
  -1.1646885954 x 1
  -1.1504424262 x 1
  -1.1418935226 x 1
  -1.1331740056 x 1
  -1.1060697801 x 1
  -1.1026385300 x 1
  -1.0816579733 x 1
  -1.0739397362 x 1
  -1.0645006705 x 1
  -1.0629390872 x 1
  -1.0526401693 x 1
  -1.0394032423 x 1
  -1.0219311299 x 1
  -1.0131170227 x 1
  -1.0041965762 x 1
  -0.9896047402 x 1
  -0.9807796312 x 1
  -0.9597010711 x 1
  -0.9519785891 x 1
  -0.9425165053 x 1
  -0.9091805243 x 1
  -0.9062862054 x 1
  -0.8944988831 x 1
  -0.8872665781 x 1
  -0.8771922363 x 1
  -0.8641117743 x 1
  -0.8322048832 x 1
  -0.8255377180 x 1
  -0.8133104680 x 1
  -0.7996100497 x 1
  -0.7912107422 x 1
  -0.7823874432 x 1
  -0.7693641062 x 1
  -0.7636399173 x 1
  -0.7496008660 x 1
  -0.7423616721 x 1
  -0.7189141782 x 1
  -0.7132026381 x 1
  -0.7068935485 x 1
  -0.6882844485 x 1
  -0.6657766406 x 1
  -0.6540697804 x 1
  -0.6413459369 x 1
  -0.6310570199 x 1
  -0.6276016190 x 1
  -0.6085015557 x 1
  -0.5963206761 x 1
  -0.5862042596 x 1
  -0.5801784061 x 1
  -0.5554887997 x 1
  -0.5459876610 x 1
  -0.5403721531 x 1
  -0.5295165758 x 1
  -0.5154036844 x 1
  -0.5079602557 x 1
  -0.5019630346 x 1
  -0.4893048794 x 1
  -0.4743031412 x 1
  -0.4642356908 x 1
  -0.4638399936 x 1
  -0.4535794590 x 1
  -0.4347371036 x 1
  -0.4077182871 x 1
  -0.3939977082 x 1
  -0.3856929584 x 1
  -0.3816303137 x 1
  -0.3727533527 x 1
  -0.3675641461 x 1
  -0.3503773344 x 1
  -0.3359308741 x 1
  -0.3285320434 x 1
  -0.3152122007 x 1
  -0.3052585015 x 1
  -0.2989517986 x 1
  -0.2836587283 x 1
  -0.2804583306 x 1
  -0.2682211363 x 1
  -0.2637409421 x 1
  -0.2541650263 x 1
  -0.2434082613 x 1
  -0.2377238628 x 1
  -0.2185663594 x 1
  -0.2075925630 x 1
  -0.1909493562 x 1
  -0.1859301458 x 1
  -0.1805630841 x 1
  -0.1647615447 x 1
  -0.1582151749 x 1
  -0.1381114440 x 1
  -0.1321914558 x 1
  -0.1269241947 x 1
  -0.1213853307 x 1
  -0.1056258912 x 1
  -0.1010303469 x 1
  -0.0846934091 x 1
  -0.0757635101 x 1
  -0.0740789929 x 1
  -0.0599216630 x 1
  -0.0582703936 x 1
  -0.0440609910 x 1
  -0.0271798797 x 1
  -0.0233983170 x 1
  -0.0111099165 x 1
  -0.0037557762 x 1
  -0.0004987611 x 1
  0.0000000000 x 2
  0.0151172995 x 1
  0.0245335362 x 1
  0.0363031070 x 1
  0.0498089217 x 1
  0.0534184771 x 1
  0.0656222320 x 1
  0.0719434128 x 1
  0.0859383776 x 1
  0.0948850140 x 1
  0.1026247347 x 1
  0.1093028747 x 1
  0.1147629775 x 1
  0.1281476740 x 1
  0.1410117145 x 1
  0.1469404562 x 1
  0.1497112181 x 1
  0.1727952542 x 1
  0.1870988515 x 1
  0.1960200820 x 1
  0.2071715593 x 1
  0.2169574834 x 1
  0.2241302437 x 1
  0.2327958581 x 1
  0.2442142641 x 1
  0.2488289729 x 1
  0.2615789238 x 1
  0.2752555594 x 1
  0.2789179623 x 1
  0.2904195393 x 1
  0.2963166283 x 1
  0.3061953497 x 1
  0.3146959873 x 1
  0.3291957564 x 1
  0.3399072468 x 1
  0.3432837577 x 1
  0.3559139893 x 1
  0.3799014885 x 1
  0.3809419164 x 1
  0.3868311249 x 1
  0.3892748898 x 1
  0.4043122319 x 1
  0.4147242721 x 1
  0.4203579561 x 1
  0.4309667328 x 1
  0.4372586507 x 1
  0.4452148083 x 1
  0.4507559586 x 1
  0.4632045196 x 1
  0.4738505516 x 1
  0.4791936434 x 1
  0.4958561183 x 1
  0.5120612822 x 1
  0.5267475314 x 1
  0.5293535293 x 1
  0.5366477188 x 1
  0.5447816918 x 1
  0.5503413366 x 1
  0.5711918376 x 1
  0.5756016813 x 1
  0.5818688986 x 1
  0.5885012929 x 1
  0.5933454974 x 1
  0.6154837571 x 1
  0.6264520405 x 1
  0.6316501766 x 1
  0.6412896424 x 1
  0.6571875406 x 1
  0.6628163937 x 1
  0.6779183180 x 1
  0.6838518132 x 1
  0.7002585469 x 1
  0.7025435073 x 1
  0.7121670620 x 1
  0.7190158743 x 1
  0.7249368339 x 1
  0.7428598446 x 1
  0.7648406222 x 1
  0.7657538638 x 1
  0.7767816521 x 1
  0.7835503596 x 1
  0.7885625103 x 1
  0.7967650023 x 1
  0.8131163902 x 1
  0.8152906344 x 1
  0.8173030902 x 1
  0.8307653442 x 1
  0.8365389003 x 1
  0.8511468581 x 1
  0.8614778583 x 1
  0.8758590148 x 1
  0.8856426298 x 1
  0.8887140192 x 1
  0.9069594642 x 1
  0.9153927747 x 1
  0.9186904962 x 1
  0.9252219116 x 1
  0.9472836163 x 1
  0.9506763712 x 1
  0.9537654372 x 1
  0.9681712551 x 1
  0.9736125240 x 1
  0.9842908368 x 1
  0.9943361309 x 1
  1.0039187376 x 1
  1.0106223666 x 1
  1.0293517215 x 1
  1.0327085119 x 1
  1.0460344378 x 1
  1.0572808027 x 1
  1.0632660898 x 1
  1.0822049177 x 1
  1.0964473537 x 1
  1.1011279725 x 1
  1.1125485682 x 1
  1.1232878301 x 1
  1.1247971968 x 1
  1.1330906149 x 1
  1.1527709320 x 1
  1.1566907436 x 1
  1.1621067505 x 1
  1.1747288072 x 1
  1.1792700634 x 1
  1.1886398342 x 1
  1.1954559550 x 1
  1.2024476129 x 1
  1.2049795205 x 1
  1.2185532595 x 1
  1.2297156212 x 1
  1.2379265428 x 1
  1.2524180578 x 1
  1.2618757979 x 1
  1.2660481947 x 1
  1.2784184317 x 1
  1.2842861462 x 1
  1.2977024519 x 1
  1.3076747501 x 1
  1.3175390302 x 1
  1.3209459270 x 1
  1.3291295920 x 1
  1.3390660497 x 1
  1.3480329279 x 1
  1.3586298195 x 1
  1.3723760694 x 1
  1.3787720309 x 1
  1.3881540453 x 1
  1.3965995541 x 1
  1.4144214240 x 1
  1.4198824224 x 1
  1.4321697907 x 1
  1.4393854822 x 1
  1.4462249868 x 1
  1.4589899416 x 1
  1.4693593134 x 1
  1.4748218692 x 1
  1.4974122652 x 1
  1.5061762811 x 1
  1.5119073503 x 1
  1.5252790905 x 1
  1.5315306304 x 1
  1.5349055166 x 1
  1.5405459490 x 1
  1.5486005076 x 1
  1.5641836369 x 1
  1.5767573415 x 1
  1.5770431504 x 1
  1.5894085012 x 1
  1.5976116940 x 1
  1.6055108642 x 1
  1.6167581753 x 1
  1.6272781328 x 1
  1.6350132900 x 1
  1.6519557811 x 1
  1.6626640364 x 1
  1.6640458079 x 1
  1.6740306081 x 1
  1.6879763968 x 1
  1.6925931893 x 1
  1.7053370166 x 1
  1.7117614944 x 1
  1.7261234509 x 1
  1.7399329459 x 1
  1.7481389075 x 1
  1.7617191137 x 1
  1.7678869960 x 1
  1.7711610723 x 1
  1.7820182059 x 1
  1.7870367293 x 1
  1.7890412875 x 1
  1.8119674600 x 1
  1.8213989508 x 1
  1.8327270415 x 1
  1.8404149525 x 1
  1.8635149139 x 1
  1.8638701163 x 1
  1.8678469193 x 1
  1.8803985493 x 1
  1.8858295518 x 1
  1.8951621501 x 1
  1.9098406761 x 1
  1.9143409204 x 1
  1.9220198105 x 1
  1.9382690337 x 1
  1.9385387510 x 1
  1.9434446926 x 1
  1.9476683632 x 1
  1.9671152536 x 1
  1.9795127292 x 1
  1.9887712676 x 1
  1.9969143302 x 1
  2.0047680733 x 1
  2.0108160013 x 1
  2.0264221442 x 1
  2.0271864484 x 1
  2.0398948336 x 1
  2.0554314218 x 1
  2.0622707517 x 1
  2.0673613673 x 1
  2.0751364517 x 1
  2.0824134238 x 1
  2.0857993393 x 1
  2.1132815927 x 1
  2.1196515576 x 1
  2.1277508029 x 1
  2.1352932768 x 1
  2.1573583495 x 1
  2.1670916978 x 1
  2.1694143814 x 1
  2.1815552908 x 1
  2.1879569456 x 1
  2.2038517119 x 1
  2.2069350407 x 1
  2.2141069201 x 1
  2.2221015620 x 1
  2.2367278483 x 1
  2.2398695043 x 1
  2.2423281223 x 1
  2.2568826563 x 1
  2.2698230939 x 1
  2.2736155445 x 1
  2.2814150533 x 1
  2.2869744155 x 1
  2.2953755181 x 1
  2.3114292321 x 1
  2.3195764281 x 1
  2.3315967985 x 1
  2.3413443414 x 1
  2.3537547035 x 1
  2.3596076080 x 1
  2.3709895556 x 1
  2.3787370075 x 1
  2.3882944972 x 1
  2.3968939216 x 1
  2.4005371962 x 1
  2.4072109862 x 1
  2.4254447573 x 1
  2.4326910363 x 1
  2.4387046686 x 1
  2.4495099018 x 1
  2.4598249534 x 1
  2.4666467873 x 1
  2.4710310625 x 1
  2.4833552266 x 1
  2.4867005353 x 1
  2.4998117194 x 1
  2.5068432032 x 1
  2.5201384114 x 1
  2.5230949269 x 1
  2.5349506249 x 1
  2.5421683248 x 1
  2.5647174526 x 1
  2.5712841445 x 1
  2.5780567918 x 1
  2.5897572867 x 1
  2.5999930517 x 1
  2.6141335828 x 1
  2.6170322487 x 1
  2.6301790671 x 1
  2.6375432543 x 1
  2.6463188514 x 1
  2.6602874946 x 1
  2.6690945508 x 1
  2.6717974408 x 1
  2.6803390455 x 1
  2.6936097042 x 1
  2.6995404161 x 1
  2.7205346492 x 1
  2.7277886046 x 1
  2.7287158478 x 1
  2.7455966329 x 1
  2.7552353833 x 1
  2.7655362784 x 1
  2.7775203542 x 1
  2.7780837587 x 1
  2.7869798908 x 1
  2.8040526846 x 1
  2.8114384835 x 1
  2.8157829737 x 1
  2.8258621215 x 1
  2.8328433945 x 1
  2.8376093431 x 1
  2.8497788249 x 1
  2.8641275820 x 1
  2.8674030093 x 1
  2.8737103187 x 1
  2.8807809242 x 1
  2.8852213881 x 1
  2.9165672972 x 1
  2.9198406114 x 1
  2.9329234508 x 1
  2.9362008307 x 1
  2.9387839978 x 1
  2.9552529590 x 1
  2.9636165109 x 1
  2.9771635550 x 1
  2.9821915515 x 1
  2.9848521077 x 1
  2.9973354875 x 1
  3.0009859689 x 1
  3.0190991282 x 1
  3.0358427077 x 1
  3.0374482984 x 1
  3.0434891018 x 1
  3.0625504283 x 1
  3.0674473805 x 1
  3.0742234788 x 1
  3.0773622998 x 1
  3.0958006183 x 1
  3.0988164885 x 1
  3.1035217956 x 1
  3.1162127753 x 1
  3.1297917581 x 1
  3.1377666475 x 1
  3.1500509994 x 1
  3.1631620539 x 1
  3.1713222310 x 1
  3.1879205774 x 1
  3.1985006800 x 1
  3.2047569965 x 1
  3.2110550662 x 1
  3.2167396983 x 1
  3.2405639838 x 1
  3.2442156612 x 1
  3.2505120667 x 1
  3.2550912483 x 1
  3.2650431568 x 1
  3.2742055762 x 1
  3.3020691753 x 1
  3.3044452569 x 1
  3.3111586251 x 1
  3.3200833671 x 1
  3.3299506327 x 1
  3.3430006035 x 1
  3.3458339679 x 1
  3.3491698729 x 1
  3.3606023272 x 1
  3.3726985158 x 1
  3.3815851334 x 1
  3.3855998453 x 1
  3.3985241917 x 1
  3.4134097165 x 1
  3.4180423251 x 1
  3.4316963802 x 1
  3.4394227391 x 1
  3.4478610711 x 1
  3.4577000053 x 1
  3.4614375107 x 1
  3.4741154354 x 1
  3.4878439819 x 1
  3.4904157098 x 1
  3.5002586778 x 1
  3.5149833681 x 1
  3.5156017997 x 1
  3.5271683790 x 1
  3.5409961502 x 1
  3.5461339036 x 1
  3.5551349722 x 1
  3.5633667904 x 1
  3.5724367073 x 1
  3.5815933756 x 1
  3.6012139336 x 1
  3.6186758686 x 1
  3.6287588347 x 1
  3.6328076688 x 1
  3.6480456897 x 1
  3.6507340569 x 1
  3.6539075062 x 1
  3.6588539072 x 1
  3.6667235558 x 1
  3.6798041012 x 1
  3.6937248833 x 1
  3.6958938215 x 1
  3.7078363400 x 1
  3.7134303489 x 1
  3.7228259452 x 1
  3.7316179000 x 1
  3.7470016861 x 1
  3.7575961624 x 1
  3.7728251262 x 1
  3.7772997592 x 1
  3.7830942196 x 1
  3.7957727321 x 1
  3.7976523812 x 1
  3.8112817800 x 1
  3.8214351548 x 1
  3.8323606927 x 1
  3.8500132182 x 1
  3.8622945711 x 1
  3.8686123424 x 1
  3.8765984590 x 1
  3.8836007780 x 1
  3.9006448390 x 1
  3.9128425739 x 1
  3.9259936016 x 1
  3.9311652088 x 1
  3.9421872429 x 1
  3.9445771122 x 1
  3.9495813051 x 1
  3.9567836246 x 1
  3.9673539848 x 1
  3.9893343998 x 1
  3.9949222253 x 1
  4.0010061762 x 1
  4.0073211408 x 1
  4.0165454775 x 1
  4.0219881240 x 1
  4.0325285922 x 1
  4.0526061691 x 1
  4.0602504933 x 1
  4.0647941149 x 1
  4.0679030409 x 1
  4.0814093786 x 1
  4.1090563924 x 1
  4.1108689221 x 1
  4.1216147353 x 1
  4.1256825368 x 1
  4.1359503918 x 1
  4.1452567401 x 1
  4.1537066939 x 1
  4.1669781243 x 1
  4.1742733078 x 1
  4.1812418359 x 1
  4.2031357280 x 1
  4.2058431225 x 1
  4.2091179804 x 1
  4.2136872719 x 1
  4.2353941743 x 1
  4.2406724774 x 1
  4.2546327035 x 1
  4.2674503409 x 1
  4.2688660054 x 1
  4.2935093906 x 1
  4.3017527158 x 1
  4.3129546571 x 1
  4.3174917677 x 1
  4.3298161222 x 1
  4.3449931341 x 1
  4.3530832488 x 1
  4.3653223489 x 1
  4.3810685390 x 1
  4.3842771763 x 1
  4.4016168435 x 1
  4.4068279007 x 1
  4.4267438468 x 1
  4.4337427465 x 1
  4.4393639279 x 1
  4.4582918746 x 1
  4.4658840108 x 1
  4.4780350365 x 1
  4.4922110888 x 1
  4.4980144463 x 1
  4.5139412827 x 1
  4.5283753887 x 1
  4.5321519408 x 1
  4.5399113237 x 1
  4.5558341762 x 1
  4.5682542071 x 1
  4.5753917965 x 1
  4.5893407045 x 1
  4.5944255169 x 1
  4.6081111932 x 1
  4.6177020928 x 1
  4.6312482194 x 1
  4.6464912087 x 1
  4.6540796772 x 1
  4.6556487656 x 1
  4.6678243275 x 1
  4.6908818010 x 1
  4.6952582900 x 1
  4.7040985811 x 1
  4.7151562426 x 1
  4.7311510985 x 1
  4.7392199740 x 1
  4.7510407625 x 1
  4.7619556737 x 1
  4.7699800279 x 1
  4.7952506896 x 1
  4.8033267581 x 1
  4.8102429882 x 1
  4.8260842625 x 1
  4.8436896704 x 1
  4.8503473927 x 1
  4.8634805290 x 1
  4.8715254713 x 1
  4.8942766364 x 1
  4.8974582047 x 1
  4.9168863131 x 1
  4.9272254690 x 1
  4.9487975746 x 1
  4.9605907559 x 1
  4.9823034156 x 1
  4.9928198055 x 1
  5.0115292874 x 1
  5.0187099665 x 1
  5.0388571334 x 1
  5.0466485954 x 1
  5.0675442472 x 1
  5.0772704915 x 1
  5.0899402863 x 1
  5.1131667106 x 1
  5.1274045201 x 1
  5.1388895863 x 1
  5.1503024651 x 1
  5.1855581703 x 1
  5.1898387267 x 1
  5.2118221930 x 1
  5.2396747183 x 1
  5.2650092526 x 1
  5.2709587772 x 1
  5.3073415220 x 1
  5.3131347816 x 1
  5.3311577814 x 1
  5.3601142407 x 1
  5.3704154170 x 1
  5.4184293139 x 1
  5.4331371050 x 1
  5.4472788553 x 1
  5.4832828585 x 1
  5.4973621905 x 1
  5.5370562897 x 1
  5.5592197411 x 1
  5.5630168512 x 1
  5.5961386681 x 1
  5.6805171454 x 1
  8.7573388632 x 1
  8.9130938041 x 1
  9.0087214621 x 1
  9.1258237440 x 1
  9.2818788399 x 1
  9.4516260990 x 1
  9.5189188733 x 1
  9.5923654807 x 1
  9.6521672207 x 1
  9.7459555928 x 1
  9.7997265413 x 1
  9.8677958167 x 1
  9.8942658949 x 1
  9.9390041684 x 1
  10.0395080430 x 1
  10.1291976362 x 1
  10.1419088405 x 1
  10.1683710567 x 1
  10.3160293631 x 1
  10.3355802859 x 1
  10.4162622324 x 1
  10.4582153153 x 1
  10.5529012241 x 1
  10.5789357301 x 1
  10.6007434986 x 1
  10.6599702880 x 1
  10.7153512185 x 1
  10.7972808692 x 1
  10.8010899534 x 1
  10.8354657816 x 1
  10.9005175043 x 1
  10.9447531446 x 1
  11.0044482639 x 1
  11.0110822432 x 1
  11.1179395579 x 1
  11.1333811464 x 1
  11.1840986886 x 1
  11.2260968831 x 1
  11.2750383236 x 1
  11.3540101326 x 1
  11.3925712689 x 1
  11.4192938261 x 1
  11.4666306410 x 1
  11.4958469364 x 1
  11.5459114098 x 1
  11.5819605785 x 1
  11.5891785353 x 1
  11.6592308571 x 1
  11.7574185249 x 1
  11.8043831199 x 1
  11.8387102135 x 1
  11.9027329932 x 1
  11.9419988042 x 1
  11.9741272306 x 1
  12.0265228621 x 1
  12.0798413744 x 1
  12.1106226762 x 1
  12.1831260673 x 1
  12.2225527782 x 1
  12.2796506158 x 1
  12.3385218876 x 1
  12.3606348297 x 1
  12.3774433340 x 1
  12.4260233119 x 1
  12.5079611377 x 1
  12.5690639607 x 1
  12.6381647116 x 1
  12.6937441439 x 1
  12.7196411214 x 1
  12.7500987503 x 1
  12.7863611364 x 1
  12.8207758263 x 1
  12.8636309604 x 1
  12.9530711312 x 1
  13.0020227583 x 1
  13.0252863817 x 1
  13.0574020755 x 1
  13.1162511087 x 1
  13.1906039668 x 1
  13.2260683821 x 1
  13.3278640830 x 1
  13.3613734008 x 1
  13.4019889110 x 1
  13.4644857760 x 1
  13.5065739163 x 1
  13.5798556847 x 1
  13.6129539144 x 1
  13.6856067367 x 1
  13.7761561054 x 1
  13.7938679426 x 1
  13.8595981533 x 1
  13.9328518486 x 1
  13.9651400635 x 1
  14.0479237789 x 1
  14.1064253426 x 1
  14.1678010180 x 1
  14.2630127087 x 1
  14.3439330503 x 1
  14.3832742418 x 1
  14.4305828256 x 1
  14.5109026576 x 1
  14.5733699736 x 1
  14.6476126344 x 1
  14.7299888498 x 1
  14.8136748944 x 1
  14.8821239411 x 1
  14.9513029273 x 1
  15.0008182906 x 1
  15.0844137616 x 1
  15.1539946092 x 1
  15.2456948553 x 1
  15.2531705231 x 1
  15.4314093078 x 1
  15.6152821153 x 1
  15.6644296789 x 1
  15.7041473809 x 1
  15.7777594760 x 1
  15.9074528385 x 1
  16.0678638921 x 1
  16.1533522792 x 1
  16.2745936221 x 1
  16.4137889874 x 1
  16.4762138746 x 1
  16.5561242207 x 1
  16.7372403918 x 1
  16.9074683117 x 1
  17.1907751677 x 1
  17.3066705201 x 1
  17.3710897543 x 1
  17.9349343684 x 1
  18.2662833346 x 1
  18.4565279963 x 1
  18.8839865525 x 1
  19.2821596457 x 1
  19.8233527119 x 1
  51.9171034460 x 1

RELATION -1
degree values: [97, 136, 137, 141, 144, 145, 148, 149, 150, 151, 152, 153, 155, 158, 159, 161, 162, 164, 169, 170, 174, 175, 176, 177, 178, 179, 181, 182, 183, 184, 185, 186, 187, 188, 189, 193, 194, 195, 196, 197, 198, 199, 200, 201, 202, 203, 204, 205, 206, 207, 208, 209, 210, 211, 212, 213, 214, 215, 216, 217, 218, 219, 220, 221, 222, 223, 224, 225, 226, 227, 228, 229, 230, 231, 232, 233, 234, 235, 236, 237, 238, 239, 240, 241, 242, 243, 244, 245, 246, 247, 248, 249, 250, 251, 252, 253, 254, 255, 256, 257, 258, 259, 260, 261, 262, 263, 264, 265, 266, 267, 268, 269, 270, 271, 272, 273, 274, 275, 276, 277, 278, 279, 280, 281, 282, 283, 284, 285, 286, 287, 288, 289, 290, 291, 292, 293, 294, 295, 296, 297, 298, 299, 300, 301, 302, 303, 304, 305, 306, 307, 308, 309, 310, 311, 312, 313, 314, 315, 316, 317, 318, 319, 320, 321, 322, 323, 324, 325, 326, 327, 328, 329, 330, 331, 332, 333, 334, 335, 336, 337, 338, 339, 340, 341, 344, 345, 346, 348, 350, 351, 354, 356, 363, 372, 377, 381]
number eigenvalues: 1311
spectrum:
  -86.2018604220 x 1
  -85.6752412580 x 1
  -84.8040448350 x 1
  -84.6882170870 x 1
  -84.2071130955 x 1
  -83.8713791577 x 1
  -83.4906549336 x 1
  -83.3689900684 x 1
  -83.0101199068 x 1
  -82.1888185928 x 1
  -81.8187532004 x 1
  -81.1876820087 x 1
  -80.7099662754 x 1
  -80.0411275144 x 1
  -79.6092743339 x 1
  -78.9618797653 x 1
  -32.9495339208 x 1
  -20.6180981513 x 1
  -20.3267699763 x 1
  -20.2736660469 x 1
  -19.9596509750 x 1
  -19.8808891405 x 1
  -19.6891468433 x 1
  -19.5651756810 x 1
  -19.5275011693 x 1
  -19.3181914271 x 1
  -19.2697136705 x 1
  -19.2319123986 x 1
  -19.1991686389 x 1
  -19.1653015852 x 1
  -19.1007286800 x 1
  -18.9882731881 x 1
  -18.9736947501 x 1
  -18.8402470173 x 1
  -18.8301554852 x 1
  -18.7815798132 x 1
  -18.6906883708 x 1
  -18.6612893884 x 1
  -18.6303211818 x 1
  -18.5374577311 x 1
  -18.5261023755 x 1
  -18.4674174221 x 1
  -18.3989367205 x 1
  -18.3600572077 x 1
  -18.3164505316 x 1
  -18.2402122105 x 1
  -18.1992890119 x 1
  -18.1259474081 x 1
  -18.1071651451 x 1
  -18.0784307247 x 1
  -18.0433630658 x 1
  -18.0152888554 x 1
  -17.9089684539 x 1
  -17.8307337296 x 1
  -17.7801542214 x 1
  -17.7530486230 x 1
  -17.7017852708 x 1
  -17.6463850881 x 1
  -17.6299307038 x 1
  -17.6085935770 x 1
  -17.5662835711 x 1
  -17.4917387424 x 1
  -17.4672345482 x 1
  -17.4624725030 x 1
  -17.4236416856 x 1
  -17.3442606871 x 1
  -17.3003656399 x 1
  -17.2644037034 x 1
  -17.2469156662 x 1
  -17.1732125395 x 1
  -17.1450274439 x 1
  -17.1320053235 x 1
  -17.0961643176 x 1
  -17.0567096008 x 1
  -17.0065404504 x 1
  -16.9657108378 x 1
  -16.9432700717 x 1
  -16.9248425808 x 1
  -16.8305746010 x 1
  -16.8151696560 x 1
  -16.8017212703 x 1
  -16.7583893601 x 1
  -16.7209171022 x 1
  -16.7100897522 x 1
  -16.6397957666 x 1
  -16.6009975047 x 1
  -16.5853674813 x 1
  -16.5452518165 x 1
  -16.4796034261 x 1
  -16.4334982022 x 1
  -16.4285587109 x 1
  -16.3934656695 x 1
  -16.3322419196 x 1
  -16.3090691763 x 1
  -16.2814801321 x 1
  -16.2602388846 x 1
  -16.2112698655 x 1
  -16.1911184501 x 1
  -16.1474175362 x 1
  -16.1131070157 x 1
  -16.0778684662 x 1
  -16.0626969498 x 1
  -15.9985118114 x 1
  -15.9631954113 x 1
  -15.9516739856 x 1
  -15.9141713191 x 1
  -15.8867251562 x 1
  -15.8813883052 x 1
  -15.8234158418 x 1
  -15.7842843780 x 1
  -15.7300640793 x 1
  -15.7128726793 x 1
  -15.6590923039 x 1
  -15.6208178892 x 1
  -15.5949765056 x 1
  -15.5745938143 x 1
  -15.5132884080 x 1
  -15.4995126068 x 1
  -15.4884641515 x 1
  -15.4431714262 x 1
  -15.4173315820 x 1
  -15.3937991488 x 1
  -15.3116605429 x 1
  -15.2813666741 x 1
  -15.2677794573 x 1
  -15.2380786743 x 1
  -15.1996425232 x 1
  -15.1794261492 x 1
  -15.1528504539 x 1
  -15.1119238046 x 1
  -15.0815497182 x 1
  -15.0679221060 x 1
  -15.0376609474 x 1
  -14.9857122529 x 1
  -14.9304538736 x 1
  -14.9101472945 x 1
  -14.9003217574 x 1
  -14.8738975685 x 1
  -14.7592100399 x 1
  -14.7390594294 x 1
  -14.7028944496 x 1
  -14.6921007116 x 1
  -14.6489980971 x 1
  -14.6071132012 x 1
  -14.5804881683 x 1
  -14.5676534684 x 1
  -14.5526343136 x 1
  -14.5019817670 x 1
  -14.4882631358 x 1
  -14.4320157089 x 1
  -14.4188957355 x 1
  -14.4136978103 x 1
  -14.3716036367 x 1
  -14.3666683003 x 1
  -14.2909017613 x 1
  -14.2773352145 x 1
  -14.2527467399 x 1
  -14.2250889922 x 1
  -14.2048145952 x 1
  -14.1436358756 x 1
  -14.0603081614 x 1
  -14.0511125567 x 1
  -14.0377277758 x 1
  -14.0116240118 x 1
  -13.9460340792 x 1
  -13.9299382523 x 1
  -13.9015366488 x 1
  -13.8665757373 x 1
  -13.8629051541 x 1
  -13.8377990924 x 1
  -13.7983480802 x 1
  -13.7627333234 x 1
  -13.7330871007 x 1
  -13.6797581660 x 1
  -13.6570088960 x 1
  -13.6384072196 x 1
  -13.6305514080 x 1
  -13.5748640770 x 1
  -13.5275404080 x 1
  -13.5176677168 x 1
  -13.4756956207 x 1
  -13.4384662133 x 1
  -13.4291938875 x 1
  -13.4187968622 x 1
  -13.3646472715 x 1
  -13.3457510620 x 1
  -13.3257529053 x 1
  -13.2897803461 x 1
  -13.2763521982 x 1
  -13.2425398386 x 1
  -13.2067989722 x 1
  -13.1232283974 x 1
  -13.0767034290 x 1
  -13.0640962544 x 1
  -13.0524883422 x 1
  -13.0198179087 x 1
  -12.9761865880 x 1
  -12.9463564765 x 1
  -12.9155412514 x 1
  -12.9033877392 x 1
  -12.8811561023 x 1
  -12.8348352235 x 1
  -12.8193106408 x 1
  -12.7604603035 x 1
  -12.7469488297 x 1
  -12.7216148649 x 1
  -12.6864264663 x 1
  -12.6432581040 x 1
  -12.5886708968 x 1
  -12.5840380659 x 1
  -12.5725802258 x 1
  -12.5449354541 x 1
  -12.5230648099 x 1
  -12.4883254759 x 1
  -12.4822550505 x 1
  -12.4610745672 x 1
  -12.4149850687 x 1
  -12.4003059055 x 1
  -12.3233689034 x 1
  -12.3078957235 x 1
  -12.2494193721 x 1
  -12.2405410432 x 1
  -12.1943378469 x 1
  -12.1526057077 x 1
  -12.1228324744 x 1
  -12.0739116453 x 1
  -12.0579080970 x 1
  -12.0396857194 x 1
  -12.0054167668 x 1
  -11.9742889619 x 1
  -11.9460511787 x 1
  -11.9094402414 x 1
  -11.8589722305 x 1
  -11.8111449106 x 1
  -11.8048304258 x 1
  -11.7554188801 x 1
  -11.7335322421 x 1
  -11.6965604657 x 1
  -11.6769427975 x 1
  -11.6288869239 x 1
  -11.5996817672 x 1
  -11.5849501487 x 1
  -11.5473966714 x 1
  -11.5268998180 x 1
  -11.4854676737 x 1
  -11.4700593858 x 1
  -11.4479477129 x 1
  -11.4098070130 x 1
  -11.3949064601 x 1
  -11.3674342469 x 1
  -11.3552192730 x 1
  -11.3309600833 x 1
  -11.2839575753 x 1
  -11.2627435095 x 1
  -11.2074563279 x 1
  -11.1861478756 x 1
  -11.1582750491 x 1
  -11.1365749047 x 1
  -11.1102881458 x 1
  -11.0670549540 x 1
  -11.0430873888 x 1
  -10.9934565289 x 1
  -10.9709736312 x 1
  -10.9544858985 x 1
  -10.9420862633 x 1
  -10.9260788053 x 1
  -10.8928756068 x 1
  -10.8348467648 x 1
  -10.8083863735 x 1
  -10.7746702284 x 1
  -10.7678488312 x 1
  -10.7098213596 x 1
  -10.6509993492 x 1
  -10.6350163325 x 1
  -10.6108844793 x 1
  -10.5795214761 x 1
  -10.5455307182 x 1
  -10.5401698363 x 1
  -10.4897849375 x 1
  -10.4680696020 x 1
  -10.4290795499 x 1
  -10.4210300080 x 1
  -10.3952022538 x 1
  -10.3444571250 x 1
  -10.3206106354 x 1
  -10.2951351424 x 1
  -10.2777222887 x 1
  -10.2358359146 x 1
  -10.2080816995 x 1
  -10.2012726111 x 1
  -10.1597082511 x 1
  -10.1141298011 x 1
  -10.0805401999 x 1
  -10.0583292233 x 1
  -10.0191586944 x 1
  -10.0055939149 x 1
  -9.9806456678 x 1
  -9.9600052852 x 1
  -9.9162985034 x 1
  -9.8753627741 x 1
  -9.8565785285 x 1
  -9.8292985735 x 1
  -9.8157950854 x 1
  -9.7854106753 x 1
  -9.7133767468 x 1
  -9.6904061542 x 1
  -9.6692457628 x 1
  -9.6370231897 x 1
  -9.6010032531 x 1
  -9.5982369964 x 1
  -9.5753861616 x 1
  -9.5410788773 x 1
  -9.4846510430 x 1
  -9.4509634675 x 1
  -9.4313516482 x 1
  -9.4200194882 x 1
  -9.4043839825 x 1
  -9.3798516456 x 1
  -9.3618325954 x 1
  -9.3198155660 x 1
  -9.3147568294 x 1
  -9.2651296464 x 1
  -9.2272802461 x 1
  -9.2095060577 x 1
  -9.1577143247 x 1
  -9.1362003129 x 1
  -9.0961905582 x 1
  -9.0861503797 x 1
  -9.0395558031 x 1
  -9.0133746429 x 1
  -8.9997369568 x 1
  -8.9885395596 x 1
  -8.9216907834 x 1
  -8.9094091583 x 1
  -8.8735878628 x 1
  -8.8655466610 x 1
  -8.8302296749 x 1
  -8.8124763427 x 1
  -8.7823977757 x 1
  -8.7566938081 x 1
  -8.7320882365 x 1
  -8.7181724410 x 1
  -8.6381650858 x 1
  -8.6097230935 x 1
  -8.5772698829 x 1
  -8.5710218915 x 1
  -8.5507106367 x 1
  -8.5054758310 x 1
  -8.4837008228 x 1
  -8.4293363879 x 1
  -8.4232647700 x 1
  -8.3823211570 x 1
  -8.3539239290 x 1
  -8.3290375577 x 1
  -8.3124773599 x 1
  -8.2500798322 x 1
  -8.2158693828 x 1
  -8.2038360125 x 1
  -8.1948913515 x 1
  -8.1691910560 x 1
  -8.1594113934 x 1
  -8.1359647756 x 1
  -8.1164990881 x 1
  -8.0787687208 x 1
  -8.0502881409 x 1
  -8.0061523126 x 1
  -7.9820135483 x 1
  -7.9707321161 x 1
  -7.9463934845 x 1
  -7.9006617526 x 1
  -7.8769260609 x 1
  -7.8542284031 x 1
  -7.8123292926 x 1
  -7.7981124104 x 1
  -7.7682311152 x 1
  -7.7450217119 x 1
  -7.7292332810 x 1
  -7.6792362666 x 1
  -7.6219440368 x 1
  -7.6101281090 x 1
  -7.5871645155 x 1
  -7.5680922785 x 1
  -7.5291866751 x 1
  -7.5267184790 x 1
  -7.4586542798 x 1
  -7.4533262796 x 1
  -7.3938933525 x 1
  -7.3913272228 x 1
  -7.3447439546 x 1
  -7.3242313424 x 1
  -7.3044453753 x 1
  -7.2662366714 x 1
  -7.2373043144 x 1
  -7.2236788745 x 1
  -7.1860692616 x 1
  -7.1677373460 x 1
  -7.1308360689 x 1
  -7.0921066406 x 1
  -7.0785858753 x 1
  -7.0541319704 x 1
  -7.0520805093 x 1
  -7.0097218163 x 1
  -6.9734043532 x 1
  -6.9692667273 x 1
  -6.9281601680 x 1
  -6.9226597854 x 1
  -6.8985036976 x 1
  -6.8615450513 x 1
  -6.8480082896 x 1
  -6.8134946884 x 1
  -6.7949904142 x 1
  -6.7526798612 x 1
  -6.7136635134 x 1
  -6.7046248139 x 1
  -6.6659835140 x 1
  -6.6370225038 x 1
  -6.5994417894 x 1
  -6.5823623654 x 1
  -6.5454461418 x 1
  -6.5347397866 x 1
  -6.4979313810 x 1
  -6.4529987467 x 1
  -6.4463010613 x 1
  -6.4175967253 x 1
  -6.3894484250 x 1
  -6.3831039860 x 1
  -6.3329780181 x 1
  -6.3011069463 x 1
  -6.2756876649 x 1
  -6.2426169148 x 1
  -6.2408170272 x 1
  -6.2071815288 x 1
  -6.1635577551 x 1
  -6.1262688492 x 1
  -6.1030678527 x 1
  -6.0801079432 x 1
  -6.0622758235 x 1
  -6.0015243715 x 1
  -5.9894663268 x 1
  -5.9728267683 x 1
  -5.9452375360 x 1
  -5.9233406254 x 1
  -5.8835072093 x 1
  -5.8767409587 x 1
  -5.8509081433 x 1
  -5.8205573878 x 1
  -5.7850226906 x 1
  -5.7684786980 x 1
  -5.7260320961 x 1
  -5.6822228235 x 1
  -5.6679878220 x 1
  -5.6520625693 x 1
  -5.6058231199 x 1
  -5.5774902127 x 1
  -5.5490650678 x 1
  -5.5166983096 x 1
  -5.4787187268 x 1
  -5.4635591058 x 1
  -5.4292494994 x 1
  -5.4195021396 x 1
  -5.3892720941 x 1
  -5.3816730259 x 1
  -5.3380861860 x 1
  -5.3125033702 x 1
  -5.2883014462 x 1
  -5.2561211257 x 1
  -5.2124419064 x 1
  -5.2087117637 x 1
  -5.1638398640 x 1
  -5.1370847003 x 1
  -5.0971401579 x 1
  -5.0654840783 x 1
  -5.0382034923 x 1
  -5.0315136653 x 1
  -4.9933412722 x 1
  -4.9581632190 x 1
  -4.9215089212 x 1
  -4.8967385956 x 1
  -4.8534273616 x 1
  -4.8301291844 x 1
  -4.7991781846 x 1
  -4.7824846509 x 1
  -4.7438258904 x 1
  -4.7254414877 x 1
  -4.7005353806 x 1
  -4.6895320589 x 1
  -4.6511748172 x 1
  -4.6452128084 x 1
  -4.6009677961 x 1
  -4.5444118868 x 1
  -4.5278209160 x 1
  -4.5076511222 x 1
  -4.4924674050 x 1
  -4.4755936005 x 1
  -4.4280347744 x 1
  -4.4123008205 x 1
  -4.3895935996 x 1
  -4.3542093901 x 1
  -4.3374997158 x 1
  -4.3051073639 x 1
  -4.2529617192 x 1
  -4.2457312257 x 1
  -4.2256254722 x 1
  -4.2055578693 x 1
  -4.1669555892 x 1
  -4.1487340843 x 1
  -4.1195418317 x 1
  -4.0907965653 x 1
  -4.0511407845 x 1
  -4.0097253728 x 1
  -3.9883434912 x 1
  -3.9511446555 x 1
  -3.9392947539 x 1
  -3.9143760253 x 1
  -3.8706487825 x 1
  -3.8411509098 x 1
  -3.8156823678 x 1
  -3.7843041423 x 1
  -3.7691899798 x 1
  -3.7463019600 x 1
  -3.7303546006 x 1
  -3.6803424711 x 1
  -3.6678830185 x 1
  -3.6330480666 x 1
  -3.6196628603 x 1
  -3.5836685517 x 1
  -3.5464308317 x 1
  -3.4993132647 x 1
  -3.4727616215 x 1
  -3.4590574468 x 1
  -3.4401029679 x 1
  -3.4140395050 x 1
  -3.3879707918 x 1
  -3.3826816020 x 1
  -3.3571174132 x 1
  -3.3198140782 x 1
  -3.3059973667 x 1
  -3.2544842266 x 1
  -3.2248169343 x 1
  -3.1930063632 x 1
  -3.1619563234 x 1
  -3.1242180297 x 1
  -3.0942992823 x 1
  -3.0904585835 x 1
  -3.0693696831 x 1
  -3.0436742765 x 1
  -3.0131115757 x 1
  -2.9776130184 x 1
  -2.9594169436 x 1
  -2.9275362848 x 1
  -2.8967439224 x 1
  -2.8675534539 x 1
  -2.8466102302 x 1
  -2.7941149903 x 1
  -2.7734166420 x 1
  -2.7598926449 x 1
  -2.7094394228 x 1
  -2.6983636555 x 1
  -2.6752851142 x 1
  -2.6645722295 x 1
  -2.6367354395 x 1
  -2.6014977588 x 1
  -2.5762339066 x 1
  -2.5375522861 x 1
  -2.4900514442 x 1
  -2.4854727086 x 1
  -2.4495134681 x 1
  -2.4408148511 x 1
  -2.4104407297 x 1
  -2.3923482138 x 1
  -2.3871630202 x 1
  -2.3431914510 x 1
  -2.3050403670 x 1
  -2.2982291649 x 1
  -2.2436271456 x 1
  -2.2292233484 x 1
  -2.1982362122 x 1
  -2.1627854526 x 1
  -2.1516060689 x 1
  -2.1291893804 x 1
  -2.0851622829 x 1
  -2.0550022363 x 1
  -2.0316722541 x 1
  -1.9981467537 x 1
  -1.9729888963 x 1
  -1.9644945386 x 1
  -1.9194974764 x 1
  -1.8945132138 x 1
  -1.8755719228 x 1
  -1.8572356492 x 1
  -1.8180772071 x 1
  -1.7849580974 x 1
  -1.7551775647 x 1
  -1.7230450371 x 1
  -1.6936791165 x 1
  -1.6779327402 x 1
  -1.6575285341 x 1
  -1.6274254332 x 1
  -1.6096917511 x 1
  -1.5947496958 x 1
  -1.5925704645 x 1
  -1.5451595754 x 1
  -1.5346163975 x 1
  -1.4609867639 x 1
  -1.4309218110 x 1
  -1.4053851596 x 1
  -1.3579351217 x 1
  -1.3344506173 x 1
  -1.3147437168 x 1
  -1.3091826494 x 1
  -1.2733454107 x 1
  -1.2662615022 x 1
  -1.2025981322 x 1
  -1.1830992907 x 1
  -1.1352035381 x 1
  -1.1269537654 x 1
  -1.0986439862 x 1
  -1.0608250498 x 1
  -1.0550777431 x 1
  -1.0226303814 x 1
  -0.9949977604 x 1
  -0.9843394499 x 1
  -0.9442469745 x 1
  -0.9212370148 x 1
  -0.8889911890 x 1
  -0.8450164334 x 1
  -0.8287993654 x 1
  -0.8098102228 x 1
  -0.7717491134 x 1
  -0.7545659252 x 1
  -0.7398233995 x 1
  -0.7034487038 x 1
  -0.6507428609 x 1
  -0.6103937558 x 1
  -0.6078577704 x 1
  -0.5540970710 x 1
  -0.5107756059 x 1
  -0.4974058632 x 1
  -0.4917983212 x 1
  -0.4639253227 x 1
  -0.4228379665 x 1
  -0.3622739359 x 1
  -0.3547674944 x 1
  -0.3339916532 x 1
  -0.3157329405 x 1
  -0.2868779082 x 1
  -0.2719869473 x 1
  -0.2452618430 x 1
  -0.2288045796 x 1
  -0.2119572522 x 1
  -0.1569013831 x 1
  -0.1015494809 x 1
  -0.0726064762 x 1
  -0.0560428095 x 1
  -0.0241342234 x 1
  0.0057830980 x 1
  0.0348673406 x 1
  0.0401283906 x 1
  0.0573958055 x 1
  0.0709946813 x 1
  0.0995473057 x 1
  0.1484707640 x 1
  0.1560442761 x 1
  0.1735288179 x 1
  0.2143949214 x 1
  0.2412021254 x 1
  0.2824230473 x 1
  0.2982707699 x 1
  0.3268740998 x 1
  0.3451189589 x 1
  0.3860525686 x 1
  0.3921287808 x 1
  0.4257007140 x 1
  0.4856443929 x 1
  0.5185100857 x 1
  0.5465788364 x 1
  0.5594292654 x 1
  0.6044291088 x 1
  0.6436787781 x 1
  0.6740405651 x 1
  0.6809765203 x 1
  0.7363977182 x 1
  0.7720702661 x 1
  0.7840003598 x 1
  0.8194008765 x 1
  0.8448255072 x 1
  0.8967422468 x 1
  0.9088430714 x 1
  0.9461073285 x 1
  0.9645531407 x 1
  0.9838615598 x 1
  1.0129666586 x 1
  1.0187263258 x 1
  1.0342667299 x 1
  1.0736657513 x 1
  1.0924963978 x 1
  1.1310131112 x 1
  1.1836827393 x 1
  1.1895278254 x 1
  1.1972851163 x 1
  1.2516580779 x 1
  1.2898507668 x 1
  1.3047387277 x 1
  1.3321626390 x 1
  1.3604216278 x 1
  1.3808522680 x 1
  1.4100901475 x 1
  1.4376085077 x 1
  1.5017371814 x 1
  1.5440743310 x 1
  1.5486360379 x 1
  1.5739088726 x 1
  1.6193406305 x 1
  1.6289899641 x 1
  1.6432739041 x 1
  1.6698632347 x 1
  1.7106603593 x 1
  1.7696074400 x 1
  1.7834300439 x 1
  1.8444779942 x 1
  1.8656572635 x 1
  1.9004653286 x 1
  1.9068758200 x 1
  1.9292626346 x 1
  1.9513416110 x 1
  1.9820786794 x 1
  1.9952402930 x 1
  2.0278323128 x 1
  2.0576445239 x 1
  2.0781502138 x 1
  2.1237021494 x 1
  2.1590769364 x 1
  2.1890443247 x 1
  2.2152171035 x 1
  2.2246493631 x 1
  2.2956903063 x 1
  2.3022162905 x 1
  2.3450722006 x 1
  2.3616673857 x 1
  2.4063565370 x 1
  2.4382898108 x 1
  2.4593628194 x 1
  2.4870310101 x 1
  2.5215248487 x 1
  2.5511886155 x 1
  2.5623990693 x 1
  2.5811970337 x 1
  2.6536797049 x 1
  2.6786083097 x 1
  2.7057700635 x 1
  2.7602942652 x 1
  2.7657578587 x 1
  2.7964013823 x 1
  2.8048784935 x 1
  2.8364173949 x 1
  2.8754035660 x 1
  2.9126268072 x 1
  2.9486284359 x 1
  2.9756586274 x 1
  2.9951734097 x 1
  3.0151854584 x 1
  3.0385302376 x 1
  3.0915207277 x 1
  3.1538587128 x 1
  3.1778252399 x 1
  3.1899686484 x 1
  3.2207386914 x 1
  3.2543322453 x 1
  3.2914128587 x 1
  3.3100254879 x 1
  3.3335140898 x 1
  3.3517648145 x 1
  3.3838377372 x 1
  3.3940374145 x 1
  3.4608608209 x 1
  3.5010605634 x 1
  3.5228956962 x 1
  3.5355731601 x 1
  3.5761861845 x 1
  3.6130842504 x 1
  3.6297397590 x 1
  3.6649525587 x 1
  3.7001132573 x 1
  3.7359372796 x 1
  3.7744213734 x 1
  3.8033589043 x 1
  3.8064595617 x 1
  3.8207145198 x 1
  3.8726937940 x 1
  3.8951001029 x 1
  3.9452585098 x 1
  3.9683974391 x 1
  4.0126121250 x 1
  4.0360300302 x 1
  4.0593659880 x 1
  4.0948202173 x 1
  4.1208120021 x 1
  4.1532334392 x 1
  4.1870183162 x 1
  4.1966336559 x 1
  4.2156974118 x 1
  4.2846257599 x 1
  4.3278032128 x 1
  4.3371159330 x 1
  4.3920446535 x 1
  4.4161505748 x 1
  4.4418062939 x 1
  4.4676798977 x 1
  4.4765144847 x 1
  4.5411265883 x 1
  4.5667446873 x 1
  4.5947555729 x 1
  4.6107201691 x 1
  4.6473512067 x 1
  4.6822570936 x 1
  4.7262914032 x 1
  4.7519567919 x 1
  4.7892016896 x 1
  4.8139163231 x 1
  4.8539235301 x 1
  4.8637413399 x 1
  4.9253763602 x 1
  4.9583291064 x 1
  4.9779199405 x 1
  5.0107821608 x 1
  5.0320113449 x 1
  5.0610302947 x 1
  5.0858615223 x 1
  5.1504399446 x 1
  5.1779293845 x 1
  5.1819230613 x 1
  5.2243535941 x 1
  5.2533779208 x 1
  5.2811494186 x 1
  5.3305513499 x 1
  5.3549176763 x 1
  5.3853640253 x 1
  5.3973649518 x 1
  5.4227812957 x 1
  5.4654521374 x 1
  5.5268153388 x 1
  5.5379171511 x 1
  5.5522746070 x 1
  5.5727667989 x 1
  5.6139474675 x 1
  5.6354062464 x 1
  5.6890265844 x 1
  5.7121372433 x 1
  5.7216431924 x 1
  5.7440159237 x 1
  5.7862517387 x 1
  5.8196177057 x 1
  5.8589758234 x 1
  5.9106508445 x 1
  5.9173433901 x 1
  5.9335230222 x 1
  5.9702475241 x 1
  5.9901842000 x 1
  6.0395531947 x 1
  6.1258744668 x 1
  6.1376052835 x 1
  6.1768045723 x 1
  6.1791287795 x 1
  6.2082367796 x 1
  6.2796622768 x 1
  6.3095587912 x 1
  6.3333189374 x 1
  6.3506221456 x 1
  6.3784131608 x 1
  6.4154713235 x 1
  6.4617683793 x 1
  6.4837757824 x 1
  6.5172754624 x 1
  6.5385255605 x 1
  6.5713359063 x 1
  6.6199657265 x 1
  6.6562928159 x 1
  6.6661448967 x 1
  6.7180167252 x 1
  6.7451173317 x 1
  6.7784660006 x 1
  6.8337315510 x 1
  6.8559564930 x 1
  6.8584275445 x 1
  6.8850393620 x 1
  6.9048753204 x 1
  6.9612361087 x 1
  7.0209246013 x 1
  7.0531301477 x 1
  7.0658927238 x 1
  7.0926035260 x 1
  7.1405708044 x 1
  7.1677078747 x 1
  7.2184254288 x 1
  7.2641193294 x 1
  7.2799566433 x 1
  7.3147484473 x 1
  7.3547731098 x 1
  7.3610293020 x 1
  7.4116159358 x 1
  7.4328950990 x 1
  7.4657478526 x 1
  7.5286179313 x 1
  7.5433964209 x 1
  7.5734836032 x 1
  7.6255335036 x 1
  7.6280064895 x 1
  7.6506139549 x 1
  7.6986938696 x 1
  7.7248827212 x 1
  7.7580261005 x 1
  7.7771961874 x 1
  7.8006815728 x 1
  7.8297857723 x 1
  7.8747295800 x 1
  7.8938407740 x 1
  7.9227470867 x 1
  7.9551939033 x 1
  8.0289274784 x 1
  8.0407083920 x 1
  8.0599530512 x 1
  8.1081739729 x 1
  8.1537513519 x 1
  8.1970625116 x 1
  8.2151246758 x 1
  8.2357912087 x 1
  8.2562331777 x 1
  8.2664312510 x 1
  8.2997947509 x 1
  8.3233154555 x 1
  8.3689784363 x 1
  8.4198378272 x 1
  8.4427213934 x 1
  8.4926213299 x 1
  8.5334163424 x 1
  8.5566875119 x 1
  8.5785448215 x 1
  8.6387744678 x 1
  8.6650284769 x 1
  8.6782257293 x 1
  8.7178354828 x 1
  8.7515540885 x 1
  8.7928691689 x 1
  8.8434477364 x 1
  8.8611277676 x 1
  8.8744360768 x 1
  8.8971885608 x 1
  8.9703133993 x 1
  8.9843499846 x 1
  9.0060250881 x 1
  9.0592677427 x 1
  9.0757320768 x 1
  9.1071544145 x 1
  9.1566964458 x 1
  9.1890974292 x 1
  9.2150894613 x 1
  9.2326023072 x 1
  9.2639874816 x 1
  9.2980247805 x 1
  9.3448188588 x 1
  9.3796448535 x 1
  9.3903774903 x 1
  9.4239595767 x 1
  9.4725983403 x 1
  9.5206976240 x 1
  9.5440519459 x 1
  9.5630843036 x 1
  9.5877627852 x 1
  9.6374762964 x 1
  9.6578628654 x 1
  9.6758526818 x 1
  9.7151374156 x 1
  9.7621913498 x 1
  9.8094067829 x 1
  9.8254903742 x 1
  9.8577086765 x 1
  9.9123910805 x 1
  9.9279702039 x 1
  9.9995490188 x 1
  10.0061094953 x 1
  10.0509113481 x 1
  10.0602996866 x 1
  10.0968855053 x 1
  10.1357716590 x 1
  10.1747684275 x 1
  10.1866261613 x 1
  10.2341977158 x 1
  10.2936071065 x 1
  10.3071846558 x 1
  10.3342056953 x 1
  10.3881185340 x 1
  10.4060923745 x 1
  10.4436572664 x 1
  10.4543054126 x 1
  10.5139254614 x 1
  10.5365925031 x 1
  10.5632009382 x 1
  10.6206456832 x 1
  10.6430465738 x 1
  10.7027844583 x 1
  10.7349900153 x 1
  10.7675076298 x 1
  10.7867343005 x 1
  10.8286891598 x 1
  10.8589645577 x 1
  10.8822709451 x 1
  10.9120927576 x 1
  10.9403673539 x 1
  10.9576113696 x 1
  10.9894237235 x 1
  11.0305605775 x 1
  11.0651319872 x 1
  11.0930481455 x 1
  11.1768971272 x 1
  11.2155595528 x 1
  11.2316150568 x 1
  11.2401918121 x 1
  11.2707785941 x 1
  11.2987366159 x 1
  11.3295908763 x 1
  11.3673709491 x 1
  11.4297022238 x 1
  11.4494680664 x 1
  11.4648155002 x 1
  11.5098725377 x 1
  11.5272854155 x 1
  11.5795643303 x 1
  11.6084199494 x 1
  11.6219597861 x 1
  11.6598141886 x 1
  11.7165480583 x 1
  11.7393645809 x 1
  11.7605036520 x 1
  11.8185705696 x 1
  11.8509911807 x 1
  11.9047078402 x 1
  11.9121920622 x 1
  11.9786986221 x 1
  12.0052697567 x 1
  12.0146384562 x 1
  12.0664870553 x 1
  12.1261325909 x 1
  12.1473151162 x 1
  12.2072447671 x 1
  12.2155339598 x 1
  12.2321938127 x 1
  12.2637173205 x 1
  12.2731103941 x 1
  12.2824268921 x 1
  12.3184775946 x 1
  12.3772095160 x 1
  12.4587837850 x 1
  12.4748120617 x 1
  12.5359132020 x 1
  12.5902499537 x 1
  12.6394715186 x 1
  12.6459319390 x 1
  12.6873844462 x 1
  12.6923851602 x 1
  12.7267545200 x 1
  12.7654310383 x 1
  12.8048972187 x 1
  12.8430762689 x 1
  12.8636777139 x 1
  12.9205967901 x 1
  12.9274077990 x 1
  12.9696842076 x 1
  13.0012679769 x 1
  13.0112976900 x 1
  13.0584933721 x 1
  13.0941755591 x 1
  13.1121663136 x 1
  13.1538768142 x 1
  13.1931337556 x 1
  13.2420515689 x 1
  13.2788977690 x 1
  13.3314261080 x 1
  13.3704755578 x 1
  13.4042981740 x 1
  13.4585302122 x 1
  13.4702966521 x 1
  13.5051529717 x 1
  13.5136866785 x 1
  13.5467125377 x 1
  13.5757300919 x 1
  13.6124326081 x 1
  13.6553814742 x 1
  13.6636176530 x 1
  13.7092662952 x 1
  13.7715976804 x 1
  13.7947230374 x 1
  13.8323990244 x 1
  13.8620128573 x 1
  13.9134226651 x 1
  13.9293904966 x 1
  13.9618804724 x 1
  13.9892413980 x 1
  14.0668058163 x 1
  14.0925982032 x 1
  14.1022643034 x 1
  14.1455617987 x 1
  14.1826023199 x 1
  14.2001342014 x 1
  14.2386476247 x 1
  14.2904798095 x 1
  14.3367276034 x 1
  14.3558457931 x 1
  14.3928230255 x 1
  14.4281498335 x 1
  14.4755445794 x 1
  14.4922220706 x 1
  14.5630191299 x 1
  14.5979108672 x 1
  14.6070595464 x 1
  14.6546333949 x 1
  14.7087603005 x 1
  14.7523242492 x 1
  14.7709090604 x 1
  14.8039393655 x 1
  14.8170268668 x 1
  14.8371875651 x 1
  14.8857678528 x 1
  14.9571313616 x 1
  14.9828953696 x 1
  15.0249302728 x 1
  15.0367970056 x 1
  15.0824498269 x 1
  15.1205608326 x 1
  15.1667118867 x 1
  15.1989869191 x 1
  15.2635847506 x 1
  15.2750767470 x 1
  15.3378497484 x 1
  15.3595619721 x 1
  15.3895031199 x 1
  15.4363433320 x 1
  15.4654287949 x 1
  15.4883976000 x 1
  15.5126064587 x 1
  15.5326239103 x 1
  15.5692822635 x 1
  15.6055321775 x 1
  15.6357875338 x 1
  15.6911927962 x 1
  15.7787113284 x 1
  15.8064783398 x 1
  15.8465552780 x 1
  15.8732979758 x 1
  15.8995304145 x 1
  15.9438545904 x 1
  15.9754005833 x 1
  16.0295438426 x 1
  16.0505484920 x 1
  16.1034600673 x 1
  16.1286949317 x 1
  16.1711662401 x 1
  16.2104147232 x 1
  16.2271033902 x 1
  16.2494945173 x 1
  16.2680067757 x 1
  16.2865420966 x 1
  16.3949196417 x 1
  16.4377567106 x 1
  16.4620411393 x 1
  16.4794165556 x 1
  16.5145161497 x 1
  16.5389253496 x 1
  16.5650993220 x 1
  16.6037886472 x 1
  16.6459062503 x 1
  16.7064132421 x 1
  16.7365116669 x 1
  16.7666540125 x 1
  16.7760806275 x 1
  16.8254665166 x 1
  16.8794139072 x 1
  16.9079925138 x 1
  17.0022791005 x 1
  17.0429405818 x 1
  17.0923719086 x 1
  17.1414357226 x 1
  17.1580807036 x 1
  17.1701311565 x 1
  17.1836871419 x 1
  17.2254330748 x 1
  17.2813413286 x 1
  17.3504751318 x 1
  17.3771669100 x 1
  17.4287422862 x 1
  17.4551744476 x 1
  17.4953990723 x 1
  17.5314912594 x 1
  17.5881858781 x 1
  17.5955859352 x 1
  17.6608685371 x 1
  17.6888486307 x 1
  17.7091978219 x 1
  17.7438399804 x 1
  17.7910425017 x 1
  17.8197924926 x 1
  17.8387663091 x 1
  17.8786140713 x 1
  18.0043407465 x 1
  18.0062027084 x 1
  18.0773169851 x 1
  18.1436732323 x 1
  18.1758650408 x 1
  18.1871431734 x 1
  18.2368702274 x 1
  18.2856120510 x 1
  18.3423150474 x 1
  18.4024578258 x 1
  18.4476336845 x 1
  18.4761864720 x 1
  18.5028649653 x 1
  18.5256336751 x 1
  18.5645838387 x 1
  18.6676649917 x 1
  18.7227273883 x 1
  18.7646921286 x 1
  18.7807841798 x 1
  18.8693223925 x 1
  18.8844213526 x 1
  18.9257005807 x 1
  18.9694208717 x 1
  18.9865837930 x 1
  19.0654200039 x 1
  19.0736881483 x 1
  19.1091617348 x 1
  19.1512387109 x 1
  19.2126487665 x 1
  19.2395893905 x 1
  19.2964924919 x 1
  19.3156095054 x 1
  19.3722048699 x 1
  19.3982574674 x 1
  19.4753352118 x 1
  19.5485548222 x 1
  19.5639235499 x 1
  19.6119704727 x 1
  19.6701574712 x 1
  19.6914372468 x 1
  19.7192617376 x 1
  19.8009026304 x 1
  19.8344376580 x 1
  19.9086976576 x 1
  19.9179857885 x 1
  19.9604586117 x 1
  20.0177551297 x 1
  20.0720301665 x 1
  20.1148122345 x 1
  20.1904829798 x 1
  20.2155546868 x 1
  20.2865072770 x 1
  20.3433801160 x 1
  20.4332837571 x 1
  20.4654761836 x 1
  20.4917733137 x 1
  20.5536037010 x 1
  20.5962842681 x 1
  20.6098772219 x 1
  20.6923663882 x 1
  20.7212230935 x 1
  20.7904513551 x 1
  20.8542220657 x 1
  20.9663435372 x 1
  20.9992767576 x 1
  21.0684477880 x 1
  21.0984387144 x 1
  21.1530494289 x 1
  21.2000527897 x 1
  21.2220510932 x 1
  21.2595177358 x 1
  21.3906743575 x 1
  21.4195274275 x 1
  21.4491258493 x 1
  21.5006983478 x 1
  21.5222976119 x 1
  21.6798428851 x 1
  21.6968854387 x 1
  21.7577650768 x 1
  21.8284439341 x 1
  21.8547431530 x 1
  21.9736859416 x 1
  22.0093470677 x 1
  22.0943004876 x 1
  22.1139066327 x 1
  22.1951432534 x 1
  22.2138354028 x 1
  22.2710492243 x 1
  22.3805242512 x 1
  22.4370314609 x 1
  22.4579031708 x 1
  22.5988478981 x 1
  22.7378814346 x 1
  22.7491360452 x 1
  22.9066607819 x 1
  22.9368265418 x 1
  23.0888490003 x 1
  23.1052585585 x 1
  23.1618438955 x 1
  23.2815150415 x 1
  23.4583805979 x 1
  23.4757346423 x 1
  23.5978519000 x 1
  23.6567442550 x 1
  23.9443283355 x 1
  24.1342377761 x 1
  24.3793226599 x 1
  24.5177727377 x 1
  282.7717396849 x 1

RELATION 0
degree values: [499, 500, 501, 502, 503, 504, 505, 506, 507, 508, 509, 510, 511, 512, 513, 514, 515, 516, 517, 518, 519, 520, 521, 522, 523, 524, 525, 526, 527, 528, 529, 530, 531, 532, 533, 534, 535, 536, 537, 538, 539, 540, 541, 542, 543, 544, 545, 551, 552, 553, 556, 559, 561, 564, 565, 566, 567, 573, 582, 594, 609, 620]
number eigenvalues: 1311
spectrum:
  -45.1078584302 x 1
  -44.8987270528 x 1
  -44.5395551608 x 1
  -44.1392314181 x 1
  -43.7978484534 x 1
  -43.6792788205 x 1
  -43.5787512065 x 1
  -43.3676541486 x 1
  -43.2843733588 x 1
  -42.8983302347 x 1
  -42.6862431645 x 1
  -42.5161119997 x 1
  -42.4087481955 x 1
  -42.3274994075 x 1
  -42.2146056773 x 1
  -42.1468312880 x 1
  -41.9852263674 x 1
  -41.6420576679 x 1
  -41.6240512564 x 1
  -41.4440134428 x 1
  -41.3237672026 x 1
  -41.2422865045 x 1
  -41.0100245290 x 1
  -40.9015919346 x 1
  -40.7414837168 x 1
  -40.6103803689 x 1
  -40.4358453969 x 1
  -40.3326134268 x 1
  -40.1300773455 x 1
  -39.9926141010 x 1
  -39.9020183590 x 1
  -39.7339240312 x 1
  -39.7194396138 x 1
  -39.5562611958 x 1
  -39.4295546779 x 1
  -39.3239064560 x 1
  -39.2159901643 x 1
  -39.1275140820 x 1
  -39.0704784487 x 1
  -38.8178061151 x 1
  -38.7614729758 x 1
  -38.6624324192 x 1
  -38.6267571371 x 1
  -38.5084254459 x 1
  -38.4656245701 x 1
  -38.3893574527 x 1
  -38.2910084134 x 1
  -38.2158898391 x 1
  -38.0865524285 x 1
  -38.0111464378 x 1
  -37.9006797107 x 1
  -37.8214383495 x 1
  -37.6797394138 x 1
  -37.6447716163 x 1
  -37.6077706115 x 1
  -37.4957490586 x 1
  -37.4449853849 x 1
  -37.3959378188 x 1
  -37.3758125233 x 1
  -37.2828213802 x 1
  -37.2160749722 x 1
  -37.1008700898 x 1
  -37.0154163276 x 1
  -36.9165048730 x 1
  -36.8915447474 x 1
  -36.8486853534 x 1
  -36.7946520993 x 1
  -36.7339297517 x 1
  -36.7129459082 x 1
  -36.6527504743 x 1
  -36.5408875140 x 1
  -36.4606371452 x 1
  -36.4095713539 x 1
  -36.3316676533 x 1
  -36.3025735587 x 1
  -36.1726703026 x 1
  -36.1347733234 x 1
  -36.0934533786 x 1
  -35.9993938921 x 1
  -35.8729048566 x 1
  -35.8117306712 x 1
  -35.7599497973 x 1
  -35.7067639406 x 1
  -35.6541985915 x 1
  -35.6383324162 x 1
  -35.5302283035 x 1
  -35.4806740537 x 1
  -35.3495369884 x 1
  -35.2567552030 x 1
  -35.2452878424 x 1
  -35.2026315576 x 1
  -35.1249137533 x 1
  -35.0368551846 x 1
  -34.9526446509 x 1
  -34.8995027226 x 1
  -34.8711323669 x 1
  -34.7571844705 x 1
  -34.6549761700 x 1
  -34.5187257029 x 1
  -34.4626434862 x 1
  -34.3770192244 x 1
  -34.3010658031 x 1
  -34.2654346731 x 1
  -34.1618660076 x 1
  -34.1485475170 x 1
  -34.0969692019 x 1
  -34.0577875838 x 1
  -34.0263430562 x 1
  -33.9475251578 x 1
  -33.8285052873 x 1
  -33.8070545101 x 1
  -33.6965186749 x 1
  -33.6209582003 x 1
  -33.5595844185 x 1
  -33.3285127462 x 1
  -33.2862219148 x 1
  -33.2613619783 x 1
  -33.2164516535 x 1
  -33.0345189233 x 1
  -32.9571101817 x 1
  -32.8897345904 x 1
  -32.8135390994 x 1
  -32.7490435087 x 1
  -32.6996021149 x 1
  -32.5943627099 x 1
  -32.5670121469 x 1
  -32.4422438516 x 1
  -32.3723295262 x 1
  -32.1726738594 x 1
  -32.1442236960 x 1
  -32.0763182117 x 1
  -31.8283224574 x 1
  -31.7178572042 x 1
  -31.6006564304 x 1
  -31.5623352803 x 1
  -31.3913257530 x 1
  -31.2917271285 x 1
  -31.1850410577 x 1
  -31.1456081095 x 1
  -31.1225519595 x 1
  -30.9326307630 x 1
  -30.8837087946 x 1
  -30.7322738394 x 1
  -30.4719747483 x 1
  -30.1984829332 x 1
  -30.0054089567 x 1
  -29.8611102390 x 1
  -29.7341964590 x 1
  -29.5643856793 x 1
  -29.3841213979 x 1
  -28.9748506885 x 1
  -28.5418429624 x 1
  -22.7390801248 x 1
  -22.3912112119 x 1
  -22.0274313724 x 1
  -21.8176069138 x 1
  -21.6079612772 x 1
  -21.4704461366 x 1
  -21.2593503531 x 1
  -21.0449838881 x 1
  -20.9435288471 x 1
  -20.6371921056 x 1
  -20.5612639389 x 1
  -20.3880524066 x 1
  -20.2769295968 x 1
  -20.1782303005 x 1
  -20.1081278772 x 1
  -20.0041315971 x 1
  -19.8008919406 x 1
  -19.7783102462 x 1
  -19.6987847100 x 1
  -19.5576137892 x 1
  -19.4830390921 x 1
  -19.3475762694 x 1
  -19.2604139858 x 1
  -19.1297042988 x 1
  -19.0050684219 x 1
  -18.9049590071 x 1
  -18.8610112991 x 1
  -18.6984705170 x 1
  -18.6194779985 x 1
  -18.5539883184 x 1
  -18.5150986287 x 1
  -18.4400181229 x 1
  -18.3681939542 x 1
  -18.2897566236 x 1
  -18.2227600248 x 1
  -18.1721619083 x 1
  -18.1352860883 x 1
  -18.0645749442 x 1
  -17.9688099691 x 1
  -17.9081603519 x 1
  -17.8486246328 x 1
  -17.7965974341 x 1
  -17.6823049022 x 1
  -17.6566714911 x 1
  -17.5957653910 x 1
  -17.4622459976 x 1
  -17.4121331849 x 1
  -17.3709914340 x 1
  -17.3338877504 x 1
  -17.2701265637 x 1
  -17.1635097748 x 1
  -17.0941704319 x 1
  -17.0745923317 x 1
  -17.0377322575 x 1
  -16.9555012388 x 1
  -16.8834419198 x 1
  -16.8317209171 x 1
  -16.7672703741 x 1
  -16.6615979436 x 1
  -16.6021505526 x 1
  -16.5625133575 x 1
  -16.5106285926 x 1
  -16.4685823475 x 1
  -16.3667226587 x 1
  -16.3383777310 x 1
  -16.2742743057 x 1
  -16.1878201888 x 1
  -16.1075745829 x 1
  -16.0579645464 x 1
  -16.0134249129 x 1
  -15.9557221247 x 1
  -15.9379505700 x 1
  -15.8693733352 x 1
  -15.7469817446 x 1
  -15.6909797776 x 1
  -15.6345784823 x 1
  -15.5799987355 x 1
  -15.5364947799 x 1
  -15.5316352091 x 1
  -15.4399644219 x 1
  -15.3960055563 x 1
  -15.3736795864 x 1
  -15.3243416390 x 1
  -15.2288660311 x 1
  -15.2194840095 x 1
  -15.1495325695 x 1
  -15.0662431220 x 1
  -15.0338651827 x 1
  -14.9467831115 x 1
  -14.9174685308 x 1
  -14.8887237641 x 1
  -14.8291966992 x 1
  -14.7687383230 x 1
  -14.6889143289 x 1
  -14.6488049381 x 1
  -14.5477951380 x 1
  -14.5020299953 x 1
  -14.4518927777 x 1
  -14.4194132413 x 1
  -14.3647199234 x 1
  -14.3213199590 x 1
  -14.2689976349 x 1
  -14.2220279218 x 1
  -14.1416447142 x 1
  -14.1141201534 x 1
  -14.0868396188 x 1
  -14.0382606811 x 1
  -13.9625282402 x 1
  -13.8847793958 x 1
  -13.8586476528 x 1
  -13.7680249478 x 1
  -13.7645037299 x 1
  -13.7043710804 x 1
  -13.5963919662 x 1
  -13.5376113937 x 1
  -13.5291049000 x 1
  -13.4729307910 x 1
  -13.4187331695 x 1
  -13.3912101728 x 1
  -13.3205443895 x 1
  -13.2899087669 x 1
  -13.2739954369 x 1
  -13.1912449742 x 1
  -13.1550531915 x 1
  -13.0989075231 x 1
  -13.0579404591 x 1
  -12.9621546849 x 1
  -12.9257800758 x 1
  -12.8577082302 x 1
  -12.8198285286 x 1
  -12.7220184960 x 1
  -12.7123389311 x 1
  -12.6741672554 x 1
  -12.6282716642 x 1
  -12.5966532600 x 1
  -12.4838936345 x 1
  -12.4749966140 x 1
  -12.4287222300 x 1
  -12.3583696071 x 1
  -12.3190716808 x 1
  -12.2976787260 x 1
  -12.2937882073 x 1
  -12.2747051287 x 1
  -12.2119633919 x 1
  -12.0990139749 x 1
  -12.0760319516 x 1
  -12.0243898666 x 1
  -11.9771428895 x 1
  -11.9351417735 x 1
  -11.9143667691 x 1
  -11.8831528343 x 1
  -11.8349649359 x 1
  -11.7898691064 x 1
  -11.7238441778 x 1
  -11.6781603712 x 1
  -11.6278834471 x 1
  -11.5697554011 x 1
  -11.5288864341 x 1
  -11.4585082617 x 1
  -11.4052179540 x 1
  -11.3478043605 x 1
  -11.3202311439 x 1
  -11.2763625579 x 1
  -11.2546296021 x 1
  -11.2088665446 x 1
  -11.1639780474 x 1
  -11.1412881384 x 1
  -11.0279215499 x 1
  -11.0001932749 x 1
  -10.9668429364 x 1
  -10.9212913654 x 1
  -10.8463594367 x 1
  -10.8356428686 x 1
  -10.7331266267 x 1
  -10.6880047141 x 1
  -10.6654919564 x 1
  -10.6409886144 x 1
  -10.5591425847 x 1
  -10.5056127666 x 1
  -10.4690378709 x 1
  -10.4250833243 x 1
  -10.3880314382 x 1
  -10.3119848865 x 1
  -10.2481060910 x 1
  -10.1941341479 x 1
  -10.1623176718 x 1
  -10.1010618505 x 1
  -10.0613558136 x 1
  -10.0381448329 x 1
  -9.9602181776 x 1
  -9.9497056959 x 1
  -9.9304340437 x 1
  -9.8911821050 x 1
  -9.8626531717 x 1
  -9.7896310070 x 1
  -9.7058397177 x 1
  -9.6564204426 x 1
  -9.6391473320 x 1
  -9.6136053899 x 1
  -9.5764949797 x 1
  -9.5367240489 x 1
  -9.4809143147 x 1
  -9.3895599180 x 1
  -9.3471271768 x 1
  -9.3244410035 x 1
  -9.3099291862 x 1
  -9.2538027549 x 1
  -9.2068981866 x 1
  -9.1687505754 x 1
  -9.0997185475 x 1
  -9.0856113457 x 1
  -9.0256506666 x 1
  -8.9566043162 x 1
  -8.8991836804 x 1
  -8.8723081631 x 1
  -8.7576002284 x 1
  -8.7479618711 x 1
  -8.6984353547 x 1
  -8.6837188414 x 1
  -8.6550780674 x 1
  -8.6137238852 x 1
  -8.5904131254 x 1
  -8.5291282753 x 1
  -8.4698381022 x 1
  -8.4453485173 x 1
  -8.3886325427 x 1
  -8.3663638235 x 1
  -8.2987414600 x 1
  -8.2592134203 x 1
  -8.2468051075 x 1
  -8.1787327243 x 1
  -8.1486515357 x 1
  -8.1040051080 x 1
  -8.0460149945 x 1
  -8.0059667852 x 1
  -7.9583669339 x 1
  -7.9205823193 x 1
  -7.9061086976 x 1
  -7.8372046985 x 1
  -7.7904796882 x 1
  -7.7608528103 x 1
  -7.6819873657 x 1
  -7.6245004436 x 1
  -7.5351350086 x 1
  -7.5052889023 x 1
  -7.4718191643 x 1
  -7.4360946276 x 1
  -7.4098129659 x 1
  -7.3615278308 x 1
  -7.3193649836 x 1
  -7.2758793659 x 1
  -7.1914466164 x 1
  -7.1731558107 x 1
  -7.1597537652 x 1
  -7.0601456534 x 1
  -7.0269474530 x 1
  -7.0200706801 x 1
  -6.9763766732 x 1
  -6.9583499220 x 1
  -6.8978864969 x 1
  -6.8298557319 x 1
  -6.8112923648 x 1
  -6.7724544524 x 1
  -6.7416375866 x 1
  -6.7105788491 x 1
  -6.6680594963 x 1
  -6.6236049787 x 1
  -6.5922021707 x 1
  -6.5553558955 x 1
  -6.4923779135 x 1
  -6.4616574039 x 1
  -6.4282291996 x 1
  -6.3576849543 x 1
  -6.3492083997 x 1
  -6.3039120702 x 1
  -6.2358878630 x 1
  -6.2014470442 x 1
  -6.1455771342 x 1
  -6.1404272599 x 1
  -6.0682859536 x 1
  -6.0023405453 x 1
  -5.9800409204 x 1
  -5.9481544750 x 1
  -5.8719158765 x 1
  -5.8340100730 x 1
  -5.7934852896 x 1
  -5.7596301465 x 1
  -5.6787678571 x 1
  -5.6583062807 x 1
  -5.6127701862 x 1
  -5.5592693178 x 1
  -5.5262617996 x 1
  -5.4898053837 x 1
  -5.4601461181 x 1
  -5.4300116058 x 1
  -5.3792042612 x 1
  -5.3381512620 x 1
  -5.2986428006 x 1
  -5.2922374645 x 1
  -5.2626728223 x 1
  -5.1960400952 x 1
  -5.1427376896 x 1
  -5.1132959766 x 1
  -5.0649886476 x 1
  -5.0190022944 x 1
  -4.9871825501 x 1
  -4.9435525708 x 1
  -4.8541657587 x 1
  -4.8093677424 x 1
  -4.7812633806 x 1
  -4.7377987383 x 1
  -4.7269671105 x 1
  -4.6853915492 x 1
  -4.6564143539 x 1
  -4.6095927561 x 1
  -4.5557649106 x 1
  -4.5452466266 x 1
  -4.4835791909 x 1
  -4.4316718009 x 1
  -4.3933220090 x 1
  -4.3410459007 x 1
  -4.3222330297 x 1
  -4.2546911085 x 1
  -4.2321347952 x 1
  -4.1792819758 x 1
  -4.1608582774 x 1
  -4.1196742007 x 1
  -4.0977122007 x 1
  -4.0717767855 x 1
  -3.9868134409 x 1
  -3.9752698021 x 1
  -3.9374555962 x 1
  -3.8971148903 x 1
  -3.8435519363 x 1
  -3.8125212977 x 1
  -3.7671273288 x 1
  -3.7170045652 x 1
  -3.6972951231 x 1
  -3.6629275758 x 1
  -3.6131040052 x 1
  -3.5899576435 x 1
  -3.5489176679 x 1
  -3.5254903963 x 1
  -3.5014371692 x 1
  -3.4481116176 x 1
  -3.4016323981 x 1
  -3.3592362745 x 1
  -3.3228072090 x 1
  -3.2713438134 x 1
  -3.2446677632 x 1
  -3.1893447506 x 1
  -3.1607283167 x 1
  -3.1427448472 x 1
  -3.1163111205 x 1
  -3.0361478815 x 1
  -2.9956007192 x 1
  -2.9817386156 x 1
  -2.9513003592 x 1
  -2.9095092937 x 1
  -2.8481203152 x 1
  -2.8158912949 x 1
  -2.7976531080 x 1
  -2.7856970574 x 1
  -2.7576991811 x 1
  -2.6754020480 x 1
  -2.6460495611 x 1
  -2.5656092065 x 1
  -2.5598206995 x 1
  -2.4895396280 x 1
  -2.4661065684 x 1
  -2.4085374292 x 1
  -2.4060087809 x 1
  -2.3633040491 x 1
  -2.3400627358 x 1
  -2.3227755024 x 1
  -2.2775911456 x 1
  -2.2344704074 x 1
  -2.1885956901 x 1
  -2.1424050047 x 1
  -2.0901460107 x 1
  -2.0784220716 x 1
  -2.0486366798 x 1
  -1.9759529666 x 1
  -1.9371928118 x 1
  -1.8981958708 x 1
  -1.8741143336 x 1
  -1.8389876560 x 1
  -1.8191607709 x 1
  -1.8107175244 x 1
  -1.7359462768 x 1
  -1.7007203049 x 1
  -1.6501182386 x 1
  -1.6198516680 x 1
  -1.5492818228 x 1
  -1.5425483871 x 1
  -1.5129133735 x 1
  -1.4630699296 x 1
  -1.4254496838 x 1
  -1.4171581247 x 1
  -1.3874572050 x 1
  -1.3504940381 x 1
  -1.2921565108 x 1
  -1.2616970390 x 1
  -1.2180290651 x 1
  -1.1818885939 x 1
  -1.1229444402 x 1
  -1.1109894677 x 1
  -1.0718838026 x 1
  -1.0464111261 x 1
  -1.0365529396 x 1
  -1.0093419952 x 1
  -0.9753478116 x 1
  -0.9372669486 x 1
  -0.9062688757 x 1
  -0.8273212582 x 1
  -0.8015385223 x 1
  -0.7750430959 x 1
  -0.6929508316 x 1
  -0.6553267187 x 1
  -0.6388336954 x 1
  -0.6158112481 x 1
  -0.5226778752 x 1
  -0.5118659401 x 1
  -0.4891449736 x 1
  -0.4138562154 x 1
  -0.3881150137 x 1
  -0.3415757858 x 1
  -0.2997628429 x 1
  -0.2755896491 x 1
  -0.2559163873 x 1
  -0.1746060690 x 1
  -0.1469075067 x 1
  -0.1245276925 x 1
  -0.0773378709 x 1
  -0.0517596423 x 1
  -0.0252674299 x 1
  0.0142406782 x 1
  0.0382126262 x 1
  0.0425982331 x 1
  0.0729363551 x 1
  0.1157794181 x 1
  0.1309888406 x 1
  0.1585684680 x 1
  0.2121147438 x 1
  0.2212012751 x 1
  0.2372111028 x 1
  0.3077452216 x 1
  0.3188485239 x 1
  0.3508980739 x 1
  0.3828576757 x 1
  0.4662930242 x 1
  0.4748346290 x 1
  0.5111229359 x 1
  0.5402262425 x 1
  0.5514943820 x 1
  0.5996921998 x 1
  0.6579405555 x 1
  0.6967625379 x 1
  0.7312820012 x 1
  0.7465471354 x 1
  0.7928343133 x 1
  0.8079241077 x 1
  0.8785656753 x 1
  0.9108427500 x 1
  0.9219542093 x 1
  0.9890099210 x 1
  0.9957997422 x 1
  1.0339016158 x 1
  1.0653271639 x 1
  1.0797854814 x 1
  1.1306016904 x 1
  1.1839540811 x 1
  1.2131517502 x 1
  1.2592732423 x 1
  1.2853510950 x 1
  1.3214420003 x 1
  1.3474387454 x 1
  1.3592596927 x 1
  1.3868995610 x 1
  1.4371621873 x 1
  1.4601634766 x 1
  1.4747888149 x 1
  1.5283504455 x 1
  1.5680098839 x 1
  1.5936385188 x 1
  1.6459009084 x 1
  1.6877226310 x 1
  1.7012193336 x 1
  1.7185478300 x 1
  1.7486900226 x 1
  1.7979570527 x 1
  1.8105873888 x 1
  1.8462742124 x 1
  1.8900233385 x 1
  1.9554996099 x 1
  1.9772229044 x 1
  2.0226939776 x 1
  2.0570776879 x 1
  2.1007459174 x 1
  2.1326885856 x 1
  2.1541650912 x 1
  2.1761509096 x 1
  2.2197575196 x 1
  2.2547422794 x 1
  2.2804708866 x 1
  2.3071290757 x 1
  2.3445650696 x 1
  2.3883271468 x 1
  2.4044918117 x 1
  2.4555695921 x 1
  2.4860481014 x 1
  2.4968015928 x 1
  2.5476736502 x 1
  2.5685023953 x 1
  2.6349304704 x 1
  2.6785668034 x 1
  2.7125006397 x 1
  2.7351853977 x 1
  2.7665060487 x 1
  2.8022957978 x 1
  2.8209990387 x 1
  2.9043421420 x 1
  2.9241629593 x 1
  2.9461955785 x 1
  2.9679653696 x 1
  3.0148720274 x 1
  3.0509170741 x 1
  3.0703730812 x 1
  3.1004842923 x 1
  3.1181290629 x 1
  3.1764474505 x 1
  3.2224253783 x 1
  3.2800192307 x 1
  3.3265373755 x 1
  3.3498083180 x 1
  3.3685871663 x 1
  3.4307138099 x 1
  3.4553201760 x 1
  3.4867398057 x 1
  3.4949506386 x 1
  3.5652529368 x 1
  3.5806275175 x 1
  3.6343185637 x 1
  3.6462860919 x 1
  3.6729101458 x 1
  3.7001436193 x 1
  3.7543505044 x 1
  3.7859467824 x 1
  3.8342738599 x 1
  3.8759702400 x 1
  3.8944669523 x 1
  3.9168891585 x 1
  3.9397305545 x 1
  3.9634895961 x 1
  3.9690407287 x 1
  4.0125900415 x 1
  4.0504246307 x 1
  4.1032115000 x 1
  4.1382884202 x 1
  4.1571187762 x 1
  4.1825920763 x 1
  4.2032436022 x 1
  4.2381477261 x 1
  4.3267911023 x 1
  4.3484635068 x 1
  4.3759654514 x 1
  4.4212556107 x 1
  4.4507046941 x 1
  4.4972208746 x 1
  4.5016468458 x 1
  4.5611567432 x 1
  4.5771594453 x 1
  4.6264579160 x 1
  4.6467039724 x 1
  4.6763396112 x 1
  4.6836374101 x 1
  4.7283507966 x 1
  4.7682320021 x 1
  4.7830430085 x 1
  4.8365386868 x 1
  4.8485721507 x 1
  4.9188183559 x 1
  4.9693053296 x 1
  4.9751900072 x 1
  4.9982546434 x 1
  5.0419920210 x 1
  5.0632707130 x 1
  5.1145396869 x 1
  5.1480010606 x 1
  5.1647777733 x 1
  5.2178704648 x 1
  5.2242395554 x 1
  5.2931040688 x 1
  5.3287940978 x 1
  5.3556188322 x 1
  5.3707973185 x 1
  5.4322025803 x 1
  5.4521242858 x 1
  5.4641343687 x 1
  5.4998376481 x 1
  5.5589181052 x 1
  5.5903909434 x 1
  5.6200056948 x 1
  5.6693610199 x 1
  5.7180519024 x 1
  5.7485578624 x 1
  5.7602434476 x 1
  5.7648886145 x 1
  5.8307764196 x 1
  5.8859044493 x 1
  5.8960055340 x 1
  5.9455637981 x 1
  5.9677276470 x 1
  6.0048924546 x 1
  6.0379203600 x 1
  6.0631326377 x 1
  6.0801784371 x 1
  6.1103575216 x 1
  6.1498631756 x 1
  6.1739462219 x 1
  6.2255072999 x 1
  6.2424103256 x 1
  6.2663019950 x 1
  6.3108600145 x 1
  6.3794567257 x 1
  6.4120722921 x 1
  6.4379776973 x 1
  6.4575807763 x 1
  6.4839082415 x 1
  6.5081607110 x 1
  6.5514473025 x 1
  6.5901029313 x 1
  6.6240452413 x 1
  6.6465207786 x 1
  6.6715565935 x 1
  6.7030170219 x 1
  6.7147284403 x 1
  6.7707781810 x 1
  6.8139242664 x 1
  6.8331866952 x 1
  6.8623844874 x 1
  6.8871208538 x 1
  6.9339555371 x 1
  6.9651188692 x 1
  7.0095283708 x 1
  7.0307814161 x 1
  7.0343304334 x 1
  7.1184318469 x 1
  7.1283744329 x 1
  7.1705858197 x 1
  7.1979867248 x 1
  7.2406760775 x 1
  7.2914520757 x 1
  7.3147860071 x 1
  7.3419627984 x 1
  7.3731527100 x 1
  7.3868930083 x 1
  7.4021518938 x 1
  7.4391269804 x 1
  7.4640678849 x 1
  7.5034707449 x 1
  7.5189897409 x 1
  7.5659194851 x 1
  7.6033012991 x 1
  7.6967721907 x 1
  7.7095334951 x 1
  7.7671586725 x 1
  7.7932648831 x 1
  7.8079228155 x 1
  7.8318874245 x 1
  7.8482587720 x 1
  7.9209527235 x 1
  7.9365333138 x 1
  8.0063005517 x 1
  8.0360646928 x 1
  8.0687605952 x 1
  8.0886113124 x 1
  8.1034797708 x 1
  8.1382418641 x 1
  8.1674058465 x 1
  8.2238708710 x 1
  8.2418023308 x 1
  8.2574575740 x 1
  8.3258450700 x 1
  8.3757758841 x 1
  8.4041659193 x 1
  8.4402134620 x 1
  8.4852899423 x 1
  8.4970240027 x 1
  8.5544573876 x 1
  8.5669404948 x 1
  8.5976430758 x 1
  8.6247938705 x 1
  8.6840231331 x 1
  8.7027959220 x 1
  8.7257988494 x 1
  8.7516107669 x 1
  8.8200321250 x 1
  8.8351670153 x 1
  8.8763357485 x 1
  8.9568892009 x 1
  8.9649776658 x 1
  8.9791724254 x 1
  9.0207873140 x 1
  9.0479054448 x 1
  9.0906800916 x 1
  9.1101394479 x 1
  9.1512768717 x 1
  9.1949804637 x 1
  9.2281023947 x 1
  9.2447738970 x 1
  9.3005311917 x 1
  9.3530137682 x 1
  9.3938855074 x 1
  9.4149215162 x 1
  9.4314928175 x 1
  9.4674238253 x 1
  9.4903586141 x 1
  9.5383926729 x 1
  9.5851717690 x 1
  9.6127654891 x 1
  9.6428822915 x 1
  9.6927388416 x 1
  9.7369374911 x 1
  9.7809810598 x 1
  9.8197627519 x 1
  9.8608697917 x 1
  9.8981896571 x 1
  9.9211141759 x 1
  9.9491899406 x 1
  9.9819919240 x 1
  10.0195655132 x 1
  10.0317117402 x 1
  10.0818417197 x 1
  10.0881812785 x 1
  10.1906037433 x 1
  10.2180426136 x 1
  10.2639424694 x 1
  10.3182035068 x 1
  10.3424785160 x 1
  10.3579961327 x 1
  10.3741880293 x 1
  10.3814902552 x 1
  10.4805388165 x 1
  10.5130157461 x 1
  10.5421176513 x 1
  10.5459591611 x 1
  10.5930602001 x 1
  10.6467653625 x 1
  10.6541041177 x 1
  10.6712272863 x 1
  10.7051135490 x 1
  10.7713891698 x 1
  10.7843918083 x 1
  10.8687811263 x 1
  10.9143479557 x 1
  10.9244417657 x 1
  10.9403242482 x 1
  11.0010300422 x 1
  11.0152507153 x 1
  11.0490674645 x 1
  11.0731968795 x 1
  11.1169891144 x 1
  11.1433428720 x 1
  11.1864964639 x 1
  11.2316823805 x 1
  11.2383188463 x 1
  11.2860322463 x 1
  11.2897200920 x 1
  11.3501877741 x 1
  11.3637535182 x 1
  11.3955152415 x 1
  11.4281934856 x 1
  11.4454170586 x 1
  11.5421393574 x 1
  11.5996833884 x 1
  11.6152810336 x 1
  11.6478832516 x 1
  11.6641330794 x 1
  11.7037900453 x 1
  11.7235921475 x 1
  11.7586219454 x 1
  11.7795662524 x 1
  11.8258376006 x 1
  11.9066351014 x 1
  11.9176532502 x 1
  11.9469304099 x 1
  11.9821741719 x 1
  12.0444033155 x 1
  12.0735013165 x 1
  12.1580003998 x 1
  12.1954190654 x 1
  12.2124132749 x 1
  12.2470379652 x 1
  12.2750655099 x 1
  12.3043557923 x 1
  12.3210097092 x 1
  12.3605065184 x 1
  12.3939570436 x 1
  12.4366909882 x 1
  12.4586477014 x 1
  12.4721971327 x 1
  12.5552608106 x 1
  12.6012536034 x 1
  12.6240964721 x 1
  12.6446419337 x 1
  12.6567495959 x 1
  12.6982164840 x 1
  12.7507348687 x 1
  12.7616110085 x 1
  12.7797024640 x 1
  12.7987453912 x 1
  12.8189484372 x 1
  12.8839213654 x 1
  12.9658846330 x 1
  12.9975592286 x 1
  13.0325559430 x 1
  13.0422546225 x 1
  13.0938342614 x 1
  13.1119563707 x 1
  13.1269795446 x 1
  13.1872930758 x 1
  13.2386084523 x 1
  13.2687679523 x 1
  13.3083071952 x 1
  13.3356137041 x 1
  13.3859432417 x 1
  13.4045116329 x 1
  13.4472310981 x 1
  13.5131579247 x 1
  13.5511256936 x 1
  13.5760535447 x 1
  13.6026018242 x 1
  13.6343754296 x 1
  13.6451387631 x 1
  13.6973286789 x 1
  13.7389693575 x 1
  13.7821845650 x 1
  13.8324475877 x 1
  13.8794700664 x 1
  13.9018297787 x 1
  13.9392604137 x 1
  13.9766384827 x 1
  14.0068154221 x 1
  14.0397090672 x 1
  14.0674527678 x 1
  14.0942159091 x 1
  14.1226612566 x 1
  14.1529652389 x 1
  14.1913469289 x 1
  14.2445052690 x 1
  14.2974104875 x 1
  14.3149682993 x 1
  14.3733379832 x 1
  14.4066817974 x 1
  14.4232930605 x 1
  14.4677909273 x 1
  14.4859766008 x 1
  14.5239321115 x 1
  14.5303721720 x 1
  14.5584348026 x 1
  14.6140548866 x 1
  14.6344655301 x 1
  14.6580116049 x 1
  14.6890125007 x 1
  14.7432622785 x 1
  14.7669675748 x 1
  14.8066212378 x 1
  14.8226553230 x 1
  14.8792542380 x 1
  14.9137834011 x 1
  14.9529867024 x 1
  14.9638294040 x 1
  14.9842980012 x 1
  15.0101752478 x 1
  15.0205856870 x 1
  15.0543475509 x 1
  15.1052754620 x 1
  15.1448538014 x 1
  15.1744220355 x 1
  15.2068650093 x 1
  15.2306048405 x 1
  15.2586321770 x 1
  15.2761121657 x 1
  15.2832591267 x 1
  15.3233668179 x 1
  15.3474976089 x 1
  15.4453683204 x 1
  15.4802097934 x 1
  15.5034814744 x 1
  15.5443567977 x 1
  15.5925152113 x 1
  15.6248800972 x 1
  15.6572336568 x 1
  15.6816155983 x 1
  15.7220010840 x 1
  15.7656767542 x 1
  15.7889630934 x 1
  15.8315849892 x 1
  15.8704847897 x 1
  15.8728598434 x 1
  15.9087621829 x 1
  15.9637343620 x 1
  15.9891936695 x 1
  16.0326315028 x 1
  16.0511427976 x 1
  16.0974652599 x 1
  16.1420044770 x 1
  16.1546192598 x 1
  16.1871604746 x 1
  16.2254546270 x 1
  16.2712468573 x 1
  16.3194859148 x 1
  16.3595015759 x 1
  16.3927502719 x 1
  16.4385995055 x 1
  16.4661647261 x 1
  16.4912982564 x 1
  16.5186476275 x 1
  16.5618890188 x 1
  16.6135912846 x 1
  16.6459144127 x 1
  16.6763701286 x 1
  16.6905452788 x 1
  16.7606960864 x 1
  16.7724466525 x 1
  16.7999292803 x 1
  16.8605128224 x 1
  16.8671085594 x 1
  16.9284560245 x 1
  16.9452886396 x 1
  17.0188457725 x 1
  17.0515180636 x 1
  17.0979992669 x 1
  17.1277595688 x 1
  17.1615682949 x 1
  17.1721581970 x 1
  17.1852834297 x 1
  17.2309775130 x 1
  17.2937070117 x 1
  17.3064959881 x 1
  17.3270055024 x 1
  17.3442231281 x 1
  17.3920662222 x 1
  17.4269740063 x 1
  17.4348229604 x 1
  17.4782380999 x 1
  17.5419117758 x 1
  17.5734362243 x 1
  17.6200237340 x 1
  17.6310498809 x 1
  17.6712753433 x 1
  17.7127125234 x 1
  17.7376183771 x 1
  17.7641380710 x 1
  17.8008568647 x 1
  17.8191959857 x 1
  17.8692698097 x 1
  17.9206334902 x 1
  17.9590177351 x 1
  17.9709097701 x 1
  18.0310042827 x 1
  18.0636552444 x 1
  18.0961724216 x 1
  18.1011070137 x 1
  18.1642958568 x 1
  18.1882750860 x 1
  18.2032345089 x 1
  18.2441065791 x 1
  18.2625998875 x 1
  18.3310332956 x 1
  18.3761337867 x 1
  18.4104388612 x 1
  18.4235960905 x 1
  18.4695123860 x 1
  18.5046731330 x 1
  18.5314926587 x 1
  18.5839008875 x 1
  18.5941020995 x 1
  18.6464770489 x 1
  18.6491506494 x 1
  18.6739070583 x 1
  18.7275213184 x 1
  18.7956871508 x 1
  18.8457223526 x 1
  18.8500076053 x 1
  18.8928237642 x 1
  18.9306977133 x 1
  18.9492584931 x 1
  18.9701012471 x 1
  19.0332222541 x 1
  19.0484947396 x 1
  19.1050727964 x 1
  19.1266071043 x 1
  19.1727226610 x 1
  19.1849183145 x 1
  19.2288621255 x 1
  19.2326501745 x 1
  19.2696913485 x 1
  19.3190271169 x 1
  19.3319200926 x 1
  19.4239859160 x 1
  19.4490287399 x 1
  19.4781571302 x 1
  19.4921926250 x 1
  19.5259319256 x 1
  19.6101031502 x 1
  19.6423999342 x 1
  19.6481283882 x 1
  19.7315896193 x 1
  19.7859092410 x 1
  19.7888767445 x 1
  19.7976594831 x 1
  19.8539976094 x 1
  19.8803721913 x 1
  19.9094561458 x 1
  19.9220318535 x 1
  19.9831907193 x 1
  20.0153568587 x 1
  20.0920595238 x 1
  20.1491792037 x 1
  20.1607839433 x 1
  20.2278468680 x 1
  20.2410338587 x 1
  20.3028818194 x 1
  20.3152156287 x 1
  20.3233674292 x 1
  20.3643612273 x 1
  20.4119587194 x 1
  20.4505149210 x 1
  20.4841837321 x 1
  20.5253650961 x 1
  20.5743139431 x 1
  20.6267879956 x 1
  20.6503047936 x 1
  20.7376834997 x 1
  20.7579079298 x 1
  20.8222741874 x 1
  20.8476969080 x 1
  20.8837393232 x 1
  20.9343752753 x 1
  20.9548708075 x 1
  20.9860851436 x 1
  21.0264141372 x 1
  21.1008755222 x 1
  21.1077560497 x 1
  21.1656985051 x 1
  21.1742300028 x 1
  21.2011597770 x 1
  21.2630790822 x 1
  21.3129757998 x 1
  21.3335088345 x 1
  21.3714971856 x 1
  21.4294002811 x 1
  21.4654412822 x 1
  21.5154189510 x 1
  21.5288654345 x 1
  21.5470466411 x 1
  21.6278581678 x 1
  21.6724004802 x 1
  21.7209232019 x 1
  21.7302657791 x 1
  21.7894131474 x 1
  21.8122240131 x 1
  21.8586355391 x 1
  21.9090146783 x 1
  21.9632371678 x 1
  22.0082944955 x 1
  22.0544198246 x 1
  22.0638964348 x 1
  22.1076133228 x 1
  22.1769696000 x 1
  22.2146687770 x 1
  22.2979221362 x 1
  22.3103296244 x 1
  22.3598495355 x 1
  22.4447052984 x 1
  22.4539080343 x 1
  22.4973254914 x 1
  22.5268154348 x 1
  22.6026867673 x 1
  22.6514465894 x 1
  22.6951906305 x 1
  22.7070120308 x 1
  22.8053883204 x 1
  22.8433706702 x 1
  22.8977071674 x 1
  22.9453384000 x 1
  22.9835800882 x 1
  23.0467872229 x 1
  23.0894570012 x 1
  23.1157674383 x 1
  23.1339337745 x 1
  23.2115682047 x 1
  23.2301019331 x 1
  23.3097779715 x 1
  23.3440335355 x 1
  23.3623052462 x 1
  23.4259045364 x 1
  23.4892860487 x 1
  23.5582577043 x 1
  23.5740833513 x 1
  23.6337723224 x 1
  23.6774158530 x 1
  23.7653604713 x 1
  23.8333025083 x 1
  23.8664612635 x 1
  23.9198660577 x 1
  23.9736872453 x 1
  24.0191699722 x 1
  24.0701408904 x 1
  24.1437276818 x 1
  24.1669000490 x 1
  24.2834947122 x 1
  24.3369694930 x 1
  24.3870956461 x 1
  24.4016535669 x 1
  24.4868432433 x 1
  24.5144889360 x 1
  24.5707736286 x 1
  24.6256074655 x 1
  24.7196165580 x 1
  24.8509699947 x 1
  24.9379457398 x 1
  24.9825849294 x 1
  25.0567564996 x 1
  25.1512152093 x 1
  25.2110150620 x 1
  25.2364065473 x 1
  25.3176058486 x 1
  25.4491673982 x 1
  25.4829103613 x 1
  25.5770487774 x 1
  25.6293708530 x 1
  25.6651394796 x 1
  25.7182131093 x 1
  25.9256631498 x 1
  25.9496490372 x 1
  25.9991274832 x 1
  26.1619966285 x 1
  26.2403800441 x 1
  26.3305784243 x 1
  26.4846545032 x 1
  26.6334271618 x 1
  26.8057955106 x 1
  26.8571931178 x 1
  27.1547458751 x 1
  27.2055378963 x 1
  27.3283657105 x 1
  27.5902239819 x 1
  27.7329944705 x 1
  27.8112720556 x 1
  28.0283503343 x 1
  28.2953096294 x 1
  28.4403271060 x 1
  28.5803211584 x 1
  28.7941875076 x 1
  29.5487848265 x 1
  513.6023134602 x 1

RELATION 1
degree values: [261, 277, 279, 289, 294, 295, 296, 298, 299, 301, 303, 305, 307, 310, 311, 312, 315, 316, 317, 318, 319, 320, 321, 322, 323, 324, 325, 326, 327, 328, 329, 330, 331, 332, 333, 334, 335, 336, 337, 338, 339, 340, 341, 342, 343, 344, 345, 346, 347, 348, 349, 350, 351, 352, 353, 354, 355, 356, 357, 358, 359, 360, 361, 362, 363, 364, 365, 366, 367, 368, 369, 370, 371, 372, 373, 374, 375, 376, 377, 378, 379, 380, 381, 382, 383, 384, 385, 386, 387, 388, 389, 390, 391, 392, 393, 394, 395, 396, 397, 398, 399, 400, 401, 402, 403, 404, 405, 406, 407, 408, 409, 410, 411, 412, 413, 414, 415, 416, 417, 418, 419, 420, 421, 422, 423, 424, 425, 426, 427, 428, 429, 430, 431, 432, 433, 434, 435, 436, 437, 438, 439, 440, 441, 442, 443, 444, 445, 446, 447, 448, 449, 450, 451, 452, 454, 455, 456, 457, 458, 459, 460, 462, 463, 464, 465, 466, 467, 468, 469, 471, 472, 473, 474, 475, 477, 479, 480, 482, 483, 486, 490, 491, 492, 494, 498, 501, 505, 506, 507, 509, 512, 513, 514, 515, 516, 518, 521, 522, 524, 526, 554]
number eigenvalues: 1311
spectrum:
  -30.5186864817 x 1
  -30.3561057970 x 1
  -29.3753578959 x 1
  -29.0427072337 x 1
  -28.7111300805 x 1
  -28.4441102675 x 1
  -27.9322984961 x 1
  -27.7805619808 x 1
  -27.5615052081 x 1
  -27.5053813909 x 1
  -27.3440445874 x 1
  -27.2448137160 x 1
  -27.0320665559 x 1
  -26.9932992243 x 1
  -26.8892827679 x 1
  -26.8196294305 x 1
  -26.5839248821 x 1
  -26.5411716064 x 1
  -26.4832946049 x 1
  -26.4281541686 x 1
  -26.3059188440 x 1
  -26.1198465409 x 1
  -26.0843745306 x 1
  -26.0271382258 x 1
  -25.8986899169 x 1
  -25.7941372774 x 1
  -25.7176125438 x 1
  -25.6833763450 x 1
  -25.6558124139 x 1
  -25.5801582999 x 1
  -25.4529970461 x 1
  -25.3786796229 x 1
  -25.3088063707 x 1
  -25.1791398657 x 1
  -25.1093066449 x 1
  -25.0673813201 x 1
  -25.0198481137 x 1
  -24.9202761910 x 1
  -24.8625536338 x 1
  -24.8377642202 x 1
  -24.7532263569 x 1
  -24.7071110738 x 1
  -24.6492526672 x 1
  -24.5856094616 x 1
  -24.5160324784 x 1
  -24.4474571126 x 1
  -24.4292282067 x 1
  -24.3671474210 x 1
  -24.2820325082 x 1
  -24.2522742067 x 1
  -24.2168539752 x 1
  -24.1397058452 x 1
  -24.0475415949 x 1
  -23.9891067438 x 1
  -23.9503474081 x 1
  -23.8819420642 x 1
  -23.8355744653 x 1
  -23.7404958596 x 1
  -23.6343519819 x 1
  -23.5987828942 x 1
  -23.5568204195 x 1
  -23.5214344329 x 1
  -23.4855034116 x 1
  -23.4294138227 x 1
  -23.3719707742 x 1
  -23.3557219660 x 1
  -23.2829927469 x 1
  -23.1889159153 x 1
  -23.1515045338 x 1
  -23.1314932788 x 1
  -23.0747458141 x 1
  -23.0398621514 x 1
  -22.9863427353 x 1
  -22.9637900882 x 1
  -22.9036387216 x 1
  -22.7923598729 x 1
  -22.7778392339 x 1
  -22.7420292125 x 1
  -22.7076460753 x 1
  -22.6960803519 x 1
  -22.6574070888 x 1
  -22.5557717792 x 1
  -22.5427645489 x 1
  -22.4845392064 x 1
  -22.3385425253 x 1
  -22.3018522488 x 1
  -22.2827797137 x 1
  -22.2584497373 x 1
  -22.2062407947 x 1
  -22.1941857172 x 1
  -22.0848455175 x 1
  -22.0567833003 x 1
  -22.0284825942 x 1
  -21.8865973434 x 1
  -21.8618579550 x 1
  -21.8490783626 x 1
  -21.8292739881 x 1
  -21.7423591325 x 1
  -21.7189500116 x 1
  -21.6896813287 x 1
  -21.6085977019 x 1
  -21.5372024368 x 1
  -21.5207586997 x 1
  -21.4775495298 x 1
  -21.4016868193 x 1
  -21.3822611796 x 1
  -21.2959922655 x 1
  -21.2771810222 x 1
  -21.2207469449 x 1
  -21.1893882635 x 1
  -21.1286476178 x 1
  -21.0858611839 x 1
  -21.0756911484 x 1
  -20.9724190328 x 1
  -20.9442887826 x 1
  -20.8810726966 x 1
  -20.8475678317 x 1
  -20.8197330556 x 1
  -20.7648591572 x 1
  -20.7445581860 x 1
  -20.7242034615 x 1
  -20.7064375741 x 1
  -20.6372889370 x 1
  -20.5707218792 x 1
  -20.5548160882 x 1
  -20.4673219894 x 1
  -20.4472726181 x 1
  -20.4167063278 x 1
  -20.3470236784 x 1
  -20.3343282384 x 1
  -20.2696071167 x 1
  -20.2523787639 x 1
  -20.1758405623 x 1
  -20.1007783731 x 1
  -20.0577356067 x 1
  -20.0351370563 x 1
  -19.9753162466 x 1
  -19.9458171629 x 1
  -19.8997576939 x 1
  -19.8795182689 x 1
  -19.8516938676 x 1
  -19.7966490519 x 1
  -19.7527942005 x 1
  -19.7078255565 x 1
  -19.6593381714 x 1
  -19.6237557262 x 1
  -19.5968442233 x 1
  -19.5552816174 x 1
  -19.4946245998 x 1
  -19.4864708813 x 1
  -19.4564296673 x 1
  -19.3603795723 x 1
  -19.3195192912 x 1
  -19.2862952058 x 1
  -19.2609809929 x 1
  -19.1910957847 x 1
  -19.1192212424 x 1
  -19.1039132722 x 1
  -19.0584380961 x 1
  -19.0073373705 x 1
  -18.9654123939 x 1
  -18.9344128081 x 1
  -18.8878806508 x 1
  -18.8774635921 x 1
  -18.8320438669 x 1
  -18.8233292994 x 1
  -18.7643032626 x 1
  -18.7058147181 x 1
  -18.6872348242 x 1
  -18.6486609354 x 1
  -18.5961427399 x 1
  -18.5735229901 x 1
  -18.5208844696 x 1
  -18.4832410426 x 1
  -18.4555232062 x 1
  -18.4279063833 x 1
  -18.4064487848 x 1
  -18.3306619704 x 1
  -18.2735821149 x 1
  -18.2616380110 x 1
  -18.1826653130 x 1
  -18.1265150574 x 1
  -18.0969409751 x 1
  -18.0694983819 x 1
  -18.0392028119 x 1
  -17.9689310326 x 1
  -17.8833078609 x 1
  -17.8694971209 x 1
  -17.8006774108 x 1
  -17.7920240273 x 1
  -17.7532424898 x 1
  -17.7449165304 x 1
  -17.6871700245 x 1
  -17.6670082685 x 1
  -17.6242498935 x 1
  -17.6046764781 x 1
  -17.5758260941 x 1
  -17.5533944150 x 1
  -17.4918540683 x 1
  -17.4584627122 x 1
  -17.4212614844 x 1
  -17.3951486161 x 1
  -17.3340100278 x 1
  -17.2822733203 x 1
  -17.2574700135 x 1
  -17.1963234594 x 1
  -17.1342153732 x 1
  -17.1023966021 x 1
  -17.0612870405 x 1
  -17.0213826314 x 1
  -16.9861022148 x 1
  -16.9216773643 x 1
  -16.8948568646 x 1
  -16.8589763504 x 1
  -16.8511558121 x 1
  -16.8286993416 x 1
  -16.7949752685 x 1
  -16.7292375377 x 1
  -16.7056822618 x 1
  -16.6399151789 x 1
  -16.6220874187 x 1
  -16.5651744606 x 1
  -16.5060738782 x 1
  -16.4657096696 x 1
  -16.4223770109 x 1
  -16.3959766092 x 1
  -16.3557832317 x 1
  -16.3429631533 x 1
  -16.2672033961 x 1
  -16.2532085160 x 1
  -16.2068165054 x 1
  -16.1895610009 x 1
  -16.1752316494 x 1
  -16.1307043485 x 1
  -16.0894886441 x 1
  -16.0413821946 x 1
  -16.0154358952 x 1
  -15.9579946911 x 1
  -15.9317378883 x 1
  -15.8800582445 x 1
  -15.8447610802 x 1
  -15.7844619861 x 1
  -15.7636828078 x 1
  -15.7089130727 x 1
  -15.6933860087 x 1
  -15.6575170413 x 1
  -15.6123430907 x 1
  -15.5959659112 x 1
  -15.5249485047 x 1
  -15.4956844300 x 1
  -15.4735737136 x 1
  -15.4414317411 x 1
  -15.3957807836 x 1
  -15.3550566678 x 1
  -15.3406476806 x 1
  -15.3015735123 x 1
  -15.2710141972 x 1
  -15.2280605483 x 1
  -15.1895590711 x 1
  -15.1631288875 x 1
  -15.1391557185 x 1
  -15.1052045698 x 1
  -15.0787521483 x 1
  -15.0507212904 x 1
  -15.0262262134 x 1
  -14.9421302383 x 1
  -14.9039962336 x 1
  -14.8778951626 x 1
  -14.8554394131 x 1
  -14.8369195328 x 1
  -14.7740948973 x 1
  -14.7397544142 x 1
  -14.7316427440 x 1
  -14.6529662929 x 1
  -14.6179032799 x 1
  -14.6122683496 x 1
  -14.5537598523 x 1
  -14.5289657479 x 1
  -14.4794544365 x 1
  -14.4169154669 x 1
  -14.3725178579 x 1
  -14.3538128347 x 1
  -14.2917726089 x 1
  -14.2808426995 x 1
  -14.2598937297 x 1
  -14.1927295704 x 1
  -14.1618690668 x 1
  -14.1385057114 x 1
  -14.0999398161 x 1
  -14.0906912643 x 1
  -14.0594797797 x 1
  -14.0160161387 x 1
  -13.9359427856 x 1
  -13.9288779923 x 1
  -13.8596301836 x 1
  -13.8184956227 x 1
  -13.7819356711 x 1
  -13.7640526720 x 1
  -13.7165256921 x 1
  -13.6746652866 x 1
  -13.6163355145 x 1
  -13.6088475611 x 1
  -13.5399298435 x 1
  -13.5154421609 x 1
  -13.4871340218 x 1
  -13.4167495190 x 1
  -13.3647168537 x 1
  -13.3305354437 x 1
  -13.3219403345 x 1
  -13.2788007642 x 1
  -13.2578941426 x 1
  -13.2232941485 x 1
  -13.1885571963 x 1
  -13.1435537343 x 1
  -13.1066455915 x 1
  -13.0923116855 x 1
  -13.0237103720 x 1
  -12.9887050001 x 1
  -12.9601250639 x 1
  -12.9348668171 x 1
  -12.8815771879 x 1
  -12.8102018525 x 1
  -12.7914889852 x 1
  -12.7719129075 x 1
  -12.7225459203 x 1
  -12.7193985734 x 1
  -12.6768958885 x 1
  -12.6347783454 x 1
  -12.6161380104 x 1
  -12.5704348637 x 1
  -12.5339561948 x 1
  -12.5105991600 x 1
  -12.4345301206 x 1
  -12.4258919705 x 1
  -12.3540773200 x 1
  -12.3020631589 x 1
  -12.2834910584 x 1
  -12.2440004816 x 1
  -12.1990109472 x 1
  -12.1391382235 x 1
  -12.1332841016 x 1
  -12.0945444279 x 1
  -12.0739401546 x 1
  -12.0260644400 x 1
  -12.0070122471 x 1
  -11.9385994533 x 1
  -11.9076069897 x 1
  -11.8730624869 x 1
  -11.8156790049 x 1
  -11.7781326649 x 1
  -11.7643446929 x 1
  -11.7182415757 x 1
  -11.6736163589 x 1
  -11.6574894537 x 1
  -11.6306406237 x 1
  -11.5660397050 x 1
  -11.5320038171 x 1
  -11.4998253318 x 1
  -11.4692987830 x 1
  -11.4496171382 x 1
  -11.4115072042 x 1
  -11.3366096041 x 1
  -11.3166984721 x 1
  -11.2756492859 x 1
  -11.2112597163 x 1
  -11.1841561103 x 1
  -11.1486610690 x 1
  -11.0643477765 x 1
  -11.0281623251 x 1
  -10.9808057544 x 1
  -10.9599712191 x 1
  -10.9548351702 x 1
  -10.9194960811 x 1
  -10.8752491711 x 1
  -10.8340446002 x 1
  -10.8097086162 x 1
  -10.7517526426 x 1
  -10.7062092969 x 1
  -10.6683161942 x 1
  -10.6417385886 x 1
  -10.5821689677 x 1
  -10.5697892218 x 1
  -10.5216053128 x 1
  -10.4795057164 x 1
  -10.4378948329 x 1
  -10.3801022151 x 1
  -10.3538726805 x 1
  -10.3256270853 x 1
  -10.2828115199 x 1
  -10.2580685092 x 1
  -10.2029045303 x 1
  -10.1687785848 x 1
  -10.1234908266 x 1
  -10.1137587045 x 1
  -10.0625592994 x 1
  -10.0394859413 x 1
  -9.9715745576 x 1
  -9.9427995837 x 1
  -9.8920121195 x 1
  -9.8782268521 x 1
  -9.8203582037 x 1
  -9.7763991394 x 1
  -9.7145822155 x 1
  -9.6723661529 x 1
  -9.6676047567 x 1
  -9.6321632437 x 1
  -9.5774301508 x 1
  -9.5672028995 x 1
  -9.4978547309 x 1
  -9.4756128992 x 1
  -9.4184957386 x 1
  -9.3698279881 x 1
  -9.3356208505 x 1
  -9.3015083899 x 1
  -9.2723758201 x 1
  -9.1977465424 x 1
  -9.1957177356 x 1
  -9.1481566302 x 1
  -9.1036764461 x 1
  -9.0949881660 x 1
  -9.0518335669 x 1
  -9.0460408605 x 1
  -8.9695588092 x 1
  -8.9302040461 x 1
  -8.8869277830 x 1
  -8.8491329302 x 1
  -8.8216099038 x 1
  -8.7799834698 x 1
  -8.7386746704 x 1
  -8.6948755796 x 1
  -8.6860290261 x 1
  -8.6648479340 x 1
  -8.6298030681 x 1
  -8.6064858793 x 1
  -8.5295065359 x 1
  -8.4926963146 x 1
  -8.4627147841 x 1
  -8.4376350719 x 1
  -8.3807722188 x 1
  -8.3351296587 x 1
  -8.3011040854 x 1
  -8.2243950257 x 1
  -8.1959542322 x 1
  -8.1826452691 x 1
  -8.1412896720 x 1
  -8.0971248155 x 1
  -8.0644236304 x 1
  -7.9642374345 x 1
  -7.9352604935 x 1
  -7.9141935446 x 1
  -7.8751918437 x 1
  -7.8592281070 x 1
  -7.8429844901 x 1
  -7.8276956127 x 1
  -7.7482481447 x 1
  -7.7021793659 x 1
  -7.6855383438 x 1
  -7.6258478249 x 1
  -7.6115687918 x 1
  -7.5442045301 x 1
  -7.5222718148 x 1
  -7.4464063114 x 1
  -7.4129238410 x 1
  -7.3949565112 x 1
  -7.3293863416 x 1
  -7.2799642211 x 1
  -7.2341514719 x 1
  -7.1568018393 x 1
  -7.1314825074 x 1
  -7.1105791749 x 1
  -7.0819754509 x 1
  -7.0643341307 x 1
  -6.9944614937 x 1
  -6.9330884318 x 1
  -6.9130161622 x 1
  -6.9076093018 x 1
  -6.8496790384 x 1
  -6.8256615319 x 1
  -6.7977975552 x 1
  -6.7334515432 x 1
  -6.6422709826 x 1
  -6.6083533951 x 1
  -6.5697189951 x 1
  -6.5451233506 x 1
  -6.5097192677 x 1
  -6.4608358320 x 1
  -6.4202150406 x 1
  -6.4088211080 x 1
  -6.3523409166 x 1
  -6.3237182402 x 1
  -6.2884255857 x 1
  -6.2738243829 x 1
  -6.2115826838 x 1
  -6.1676640236 x 1
  -6.1561333258 x 1
  -6.1142813157 x 1
  -6.0799177056 x 1
  -6.0262892930 x 1
  -5.9361491662 x 1
  -5.9217365185 x 1
  -5.8909376995 x 1
  -5.8323228115 x 1
  -5.8281240102 x 1
  -5.7626539087 x 1
  -5.7186258385 x 1
  -5.6992208223 x 1
  -5.6327955389 x 1
  -5.5964687674 x 1
  -5.5665643357 x 1
  -5.5443800429 x 1
  -5.4710930190 x 1
  -5.4539680346 x 1
  -5.4166024972 x 1
  -5.3799125367 x 1
  -5.3378508702 x 1
  -5.2862179020 x 1
  -5.2705510045 x 1
  -5.2340825845 x 1
  -5.1962002484 x 1
  -5.0944325655 x 1
  -5.0847358531 x 1
  -5.0565262316 x 1
  -5.0273131152 x 1
  -4.9758661240 x 1
  -4.9546443729 x 1
  -4.8619023178 x 1
  -4.8371906405 x 1
  -4.7977786740 x 1
  -4.7844500958 x 1
  -4.7041965591 x 1
  -4.6833493262 x 1
  -4.6438416138 x 1
  -4.6038404815 x 1
  -4.5538496470 x 1
  -4.5049931097 x 1
  -4.4851012707 x 1
  -4.4391007356 x 1
  -4.3931260733 x 1
  -4.3384851456 x 1
  -4.2892003075 x 1
  -4.2535975533 x 1
  -4.2417028378 x 1
  -4.2141504945 x 1
  -4.1450583347 x 1
  -4.1139780279 x 1
  -4.0853742743 x 1
  -4.0367124294 x 1
  -3.9746004723 x 1
  -3.9631239377 x 1
  -3.8829655366 x 1
  -3.8338907412 x 1
  -3.7876483105 x 1
  -3.7641867473 x 1
  -3.6889761062 x 1
  -3.6562661218 x 1
  -3.6254095923 x 1
  -3.6029909355 x 1
  -3.5699777074 x 1
  -3.5141246242 x 1
  -3.4636754328 x 1
  -3.4499012259 x 1
  -3.4011442546 x 1
  -3.3368366911 x 1
  -3.3268769559 x 1
  -3.3012264067 x 1
  -3.2389196770 x 1
  -3.2208552055 x 1
  -3.1478531271 x 1
  -3.1280346157 x 1
  -3.0861745956 x 1
  -3.0748376691 x 1
  -3.0504843691 x 1
  -3.0043091392 x 1
  -2.9591858325 x 1
  -2.9193192652 x 1
  -2.8805640685 x 1
  -2.8483436814 x 1
  -2.8314422839 x 1
  -2.8022511275 x 1
  -2.7846144904 x 1
  -2.7464119619 x 1
  -2.7140734347 x 1
  -2.6250485301 x 1
  -2.6094966429 x 1
  -2.5643502107 x 1
  -2.5358966083 x 1
  -2.5000113463 x 1
  -2.4618680087 x 1
  -2.4184252223 x 1
  -2.3634586393 x 1
  -2.3446530185 x 1
  -2.2879901501 x 1
  -2.2529898924 x 1
  -2.2197198211 x 1
  -2.1683500192 x 1
  -2.1237752945 x 1
  -2.0906429626 x 1
  -2.0663087024 x 1
  -2.0466106635 x 1
  -2.0280030138 x 1
  -1.9596913459 x 1
  -1.9299648401 x 1
  -1.8939736976 x 1
  -1.8475896177 x 1
  -1.8311787385 x 1
  -1.8113217538 x 1
  -1.7870690035 x 1
  -1.7257599258 x 1
  -1.6614316746 x 1
  -1.6494494483 x 1
  -1.5920436513 x 1
  -1.5435098063 x 1
  -1.5006986246 x 1
  -1.4823224320 x 1
  -1.4553073071 x 1
  -1.4113792066 x 1
  -1.3828826846 x 1
  -1.3512425363 x 1
  -1.2940214288 x 1
  -1.2630612432 x 1
  -1.2346405855 x 1
  -1.1888097188 x 1
  -1.1672669071 x 1
  -1.1181095945 x 1
  -1.0959140094 x 1
  -1.0576842186 x 1
  -1.0488352252 x 1
  -0.9583376159 x 1
  -0.9473037768 x 1
  -0.9173303490 x 1
  -0.8826358248 x 1
  -0.8482586271 x 1
  -0.7739554065 x 1
  -0.7304549575 x 1
  -0.7080699526 x 1
  -0.7004219450 x 1
  -0.6860893506 x 1
  -0.6549146255 x 1
  -0.6452381941 x 1
  -0.5612790353 x 1
  -0.4973912153 x 1
  -0.4798219179 x 1
  -0.4143733271 x 1
  -0.3475655809 x 1
  -0.3114625489 x 1
  -0.2936405815 x 1
  -0.2674420658 x 1
  -0.2377673991 x 1
  -0.1948991579 x 1
  -0.1562071487 x 1
  -0.1259355642 x 1
  -0.0717453761 x 1
  -0.0302875670 x 1
  -0.0097529466 x 1
  0.0351132156 x 1
  0.0470998206 x 1
  0.1240000152 x 1
  0.1745035188 x 1
  0.1906190377 x 1
  0.2011778531 x 1
  0.2509066279 x 1
  0.2750110605 x 1
  0.3398642266 x 1
  0.3675101961 x 1
  0.4026601001 x 1
  0.4406826423 x 1
  0.4522413747 x 1
  0.5088712467 x 1
  0.5396273210 x 1
  0.5555544909 x 1
  0.5909375122 x 1
  0.6162183722 x 1
  0.6538565134 x 1
  0.6733945229 x 1
  0.6932252094 x 1
  0.7608886231 x 1
  0.7984226085 x 1
  0.8327296370 x 1
  0.8485903473 x 1
  0.8970694169 x 1
  0.9283206799 x 1
  0.9437362198 x 1
  0.9839230523 x 1
  1.0201943562 x 1
  1.0465637261 x 1
  1.0662022939 x 1
  1.0852685315 x 1
  1.1000648681 x 1
  1.1284061802 x 1
  1.2186721315 x 1
  1.2338869281 x 1
  1.2859326770 x 1
  1.3126051795 x 1
  1.3741460009 x 1
  1.3772196896 x 1
  1.3838903872 x 1
  1.4034158583 x 1
  1.4133280939 x 1
  1.4498700744 x 1
  1.5370768926 x 1
  1.5655118475 x 1
  1.6074314603 x 1
  1.6669543864 x 1
  1.6808257637 x 1
  1.7062414664 x 1
  1.7244417488 x 1
  1.7473256662 x 1
  1.8359634564 x 1
  1.8538266814 x 1
  1.9026297937 x 1
  1.9700156431 x 1
  1.9833248182 x 1
  2.0186832812 x 1
  2.0574969783 x 1
  2.0695236331 x 1
  2.1257570757 x 1
  2.1505229140 x 1
  2.1737815575 x 1
  2.2216146337 x 1
  2.2418011180 x 1
  2.2806541342 x 1
  2.2989728949 x 1
  2.3026948662 x 1
  2.3752270761 x 1
  2.3990084457 x 1
  2.4253651105 x 1
  2.4609812087 x 1
  2.4992691663 x 1
  2.5048756093 x 1
  2.5460453504 x 1
  2.5625690843 x 1
  2.6007972157 x 1
  2.6565079029 x 1
  2.7194832851 x 1
  2.7578593359 x 1
  2.7815973021 x 1
  2.8034807480 x 1
  2.8214286804 x 1
  2.8484219160 x 1
  2.8729021614 x 1
  2.9145626861 x 1
  2.9332320460 x 1
  2.9378438342 x 1
  2.9909872450 x 1
  3.0186822711 x 1
  3.0228769303 x 1
  3.0369577318 x 1
  3.0779393262 x 1
  3.1233151813 x 1
  3.1452464039 x 1
  3.2275912088 x 1
  3.2355002545 x 1
  3.2604973067 x 1
  3.2868405485 x 1
  3.3264665298 x 1
  3.3776432800 x 1
  3.3929839739 x 1
  3.4197175016 x 1
  3.4348467749 x 1
  3.4611351603 x 1
  3.4942958542 x 1
  3.5300341257 x 1
  3.5778092611 x 1
  3.6053582961 x 1
  3.6486247801 x 1
  3.6854434558 x 1
  3.7258798902 x 1
  3.7730642540 x 1
  3.7906967124 x 1
  3.8210799484 x 1
  3.8479575557 x 1
  3.8854212813 x 1
  3.9226277922 x 1
  3.9446387813 x 1
  3.9735188820 x 1
  3.9936969960 x 1
  4.0161070512 x 1
  4.0706777265 x 1
  4.0979931791 x 1
  4.1058444047 x 1
  4.1751939180 x 1
  4.1874226859 x 1
  4.1998982859 x 1
  4.2378221112 x 1
  4.2860052346 x 1
  4.3120143404 x 1
  4.3285671618 x 1
  4.3902846877 x 1
  4.3931634414 x 1
  4.4323480847 x 1
  4.4411271828 x 1
  4.4976973406 x 1
  4.4986569971 x 1
  4.5282010598 x 1
  4.6035699640 x 1
  4.6081410381 x 1
  4.6516290320 x 1
  4.6705309529 x 1
  4.7136083982 x 1
  4.7373848505 x 1
  4.7547196428 x 1
  4.8161647670 x 1
  4.8605982323 x 1
  4.8992462030 x 1
  4.9315355901 x 1
  4.9640765123 x 1
  5.0061797415 x 1
  5.0422230355 x 1
  5.0600142247 x 1
  5.1188279981 x 1
  5.1284217835 x 1
  5.1534668200 x 1
  5.1676376487 x 1
  5.2003150826 x 1
  5.2206742187 x 1
  5.2578760766 x 1
  5.2874448612 x 1
  5.3030564351 x 1
  5.3406728961 x 1
  5.3505138688 x 1
  5.3940055233 x 1
  5.4175041281 x 1
  5.4456450547 x 1
  5.4713252577 x 1
  5.5010336932 x 1
  5.5166303593 x 1
  5.5548691686 x 1
  5.5923439264 x 1
  5.6588481665 x 1
  5.6682424089 x 1
  5.7178105455 x 1
  5.7389858036 x 1
  5.7695604430 x 1
  5.7859028271 x 1
  5.8111537131 x 1
  5.8178048247 x 1
  5.8351181925 x 1
  5.8781386645 x 1
  5.9000011775 x 1
  5.9283588552 x 1
  5.9822456037 x 1
  6.0222167374 x 1
  6.0646508417 x 1
  6.0840557183 x 1
  6.1234893657 x 1
  6.1336078350 x 1
  6.1839716148 x 1
  6.2046549925 x 1
  6.2455843509 x 1
  6.2733790936 x 1
  6.2975639658 x 1
  6.3245852391 x 1
  6.3662434242 x 1
  6.3944163048 x 1
  6.4257961794 x 1
  6.4936331971 x 1
  6.5096188996 x 1
  6.5282517106 x 1
  6.5619874181 x 1
  6.5755738122 x 1
  6.5853357088 x 1
  6.5914468597 x 1
  6.6242404815 x 1
  6.6567006733 x 1
  6.6684034670 x 1
  6.7564260004 x 1
  6.7841218810 x 1
  6.8070257723 x 1
  6.8182479224 x 1
  6.8671054751 x 1
  6.9124480411 x 1
  6.9215891959 x 1
  6.9732965513 x 1
  6.9812193358 x 1
  7.0311057826 x 1
  7.0377806509 x 1
  7.0700686980 x 1
  7.0826975950 x 1
  7.1511600974 x 1
  7.1875158356 x 1
  7.1920712853 x 1
  7.2258742157 x 1
  7.2518595888 x 1
  7.2922577027 x 1
  7.3007712759 x 1
  7.3685349859 x 1
  7.3726416471 x 1
  7.4273428119 x 1
  7.4644515641 x 1
  7.4872729945 x 1
  7.5045383258 x 1
  7.5284543827 x 1
  7.6167064971 x 1
  7.6299190675 x 1
  7.6526564014 x 1
  7.6699103526 x 1
  7.7082964694 x 1
  7.7172167034 x 1
  7.7745784207 x 1
  7.7865591701 x 1
  7.8043781396 x 1
  7.8272694726 x 1
  7.8635010935 x 1
  7.8757072269 x 1
  7.9310316175 x 1
  7.9608999066 x 1
  7.9910630166 x 1
  7.9956545713 x 1
  8.0433704750 x 1
  8.0685832317 x 1
  8.0960614991 x 1
  8.1124248570 x 1
  8.1600614159 x 1
  8.1827849061 x 1
  8.2082260682 x 1
  8.2205889225 x 1
  8.2966106290 x 1
  8.3202881970 x 1
  8.3421221600 x 1
  8.3523715345 x 1
  8.3844113114 x 1
  8.4236560724 x 1
  8.4702413832 x 1
  8.4837982355 x 1
  8.5323049864 x 1
  8.5547128764 x 1
  8.5905326642 x 1
  8.6027915072 x 1
  8.6231338008 x 1
  8.6498202045 x 1
  8.6863549383 x 1
  8.7022348344 x 1
  8.7453020843 x 1
  8.7700563877 x 1
  8.8069762693 x 1
  8.8349003779 x 1
  8.8602829513 x 1
  8.9139949437 x 1
  8.9465058175 x 1
  8.9825561343 x 1
  8.9981592065 x 1
  9.0467854656 x 1
  9.0880560582 x 1
  9.0985433518 x 1
  9.1345246907 x 1
  9.1727237512 x 1
  9.2033830047 x 1
  9.2308952923 x 1
  9.2884380999 x 1
  9.3220545491 x 1
  9.3419599253 x 1
  9.3596082230 x 1
  9.3737883796 x 1
  9.3953454305 x 1
  9.4424532842 x 1
  9.4739238559 x 1
  9.5110166480 x 1
  9.5397395243 x 1
  9.5930561940 x 1
  9.6185853302 x 1
  9.6437130697 x 1
  9.6736415695 x 1
  9.7079774157 x 1
  9.7200434113 x 1
  9.7504495103 x 1
  9.7626419949 x 1
  9.7951384205 x 1
  9.8207000242 x 1
  9.8721702848 x 1
  9.9084563789 x 1
  9.9397277898 x 1
  9.9634626358 x 1
  9.9743362299 x 1
  10.0036712503 x 1
  10.0590968672 x 1
  10.0858009222 x 1
  10.1115131798 x 1
  10.1423291109 x 1
  10.2114493692 x 1
  10.2163424421 x 1
  10.2222519996 x 1
  10.2613974198 x 1
  10.3182321084 x 1
  10.3300003608 x 1
  10.3493968045 x 1
  10.3781002943 x 1
  10.4064227937 x 1
  10.4260254689 x 1
  10.4812413572 x 1
  10.5348879450 x 1
  10.5603199325 x 1
  10.5831993490 x 1
  10.6090567504 x 1
  10.6398295196 x 1
  10.6912548239 x 1
  10.7219991754 x 1
  10.7854712488 x 1
  10.8027182053 x 1
  10.8285247817 x 1
  10.8946972133 x 1
  10.9235682603 x 1
  10.9433624300 x 1
  10.9772320472 x 1
  10.9922173378 x 1
  11.0150792566 x 1
  11.0511642076 x 1
  11.0830755920 x 1
  11.1092513661 x 1
  11.1500666566 x 1
  11.1955388599 x 1
  11.2064149763 x 1
  11.2476023653 x 1
  11.2773780157 x 1
  11.3182721019 x 1
  11.3209915247 x 1
  11.3547057616 x 1
  11.3720893774 x 1
  11.4243963742 x 1
  11.4542470404 x 1
  11.4830457429 x 1
  11.4878002736 x 1
  11.5372653071 x 1
  11.5718467262 x 1
  11.5953614846 x 1
  11.6207717253 x 1
  11.6715591167 x 1
  11.7011805916 x 1
  11.7486880915 x 1
  11.7561200012 x 1
  11.7704880741 x 1
  11.8179441807 x 1
  11.8458201695 x 1
  11.8804612279 x 1
  11.9338826354 x 1
  11.9589466700 x 1
  11.9939996397 x 1
  12.0115804444 x 1
  12.0305348255 x 1
  12.0690604869 x 1
  12.0827954410 x 1
  12.1119977812 x 1
  12.1774855172 x 1
  12.2146879328 x 1
  12.2377381499 x 1
  12.2506448308 x 1
  12.3336504153 x 1
  12.3607827006 x 1
  12.3738818037 x 1
  12.4238049256 x 1
  12.4607281824 x 1
  12.4871320251 x 1
  12.5408156724 x 1
  12.5857904781 x 1
  12.6121883114 x 1
  12.6247187189 x 1
  12.6745572675 x 1
  12.6815367773 x 1
  12.7224860460 x 1
  12.7763769696 x 1
  12.7791689374 x 1
  12.8329102757 x 1
  12.8597187021 x 1
  12.9020291521 x 1
  12.9240484736 x 1
  12.9549671029 x 1
  12.9914436677 x 1
  13.0237472390 x 1
  13.0574334773 x 1
  13.0916629937 x 1
  13.1340750734 x 1
  13.1457828019 x 1
  13.1580954618 x 1
  13.1902081886 x 1
  13.2207657810 x 1
  13.2658118564 x 1
  13.2886798045 x 1
  13.3123191044 x 1
  13.3272264904 x 1
  13.3875554033 x 1
  13.4048322063 x 1
  13.4187398052 x 1
  13.4790436833 x 1
  13.5289487885 x 1
  13.5684157671 x 1
  13.5975015758 x 1
  13.6265021720 x 1
  13.6447702419 x 1
  13.6672305195 x 1
  13.6976859662 x 1
  13.7529655039 x 1
  13.7912628351 x 1
  13.8253385228 x 1
  13.8622211320 x 1
  13.8671991874 x 1
  13.9306448331 x 1
  13.9555487992 x 1
  13.9997996193 x 1
  14.0266874303 x 1
  14.0496461835 x 1
  14.0607558638 x 1
  14.1128738371 x 1
  14.1628022767 x 1
  14.2371631213 x 1
  14.2614960863 x 1
  14.2917303391 x 1
  14.3141938469 x 1
  14.3292405066 x 1
  14.3898305374 x 1
  14.4303403024 x 1
  14.4603209412 x 1
  14.4779903229 x 1
  14.5314513634 x 1
  14.5880073163 x 1
  14.6061586149 x 1
  14.6365168151 x 1
  14.6621878304 x 1
  14.6905629303 x 1
  14.7167595070 x 1
  14.7441120695 x 1
  14.7804108881 x 1
  14.8112914117 x 1
  14.8641952317 x 1
  14.8721979623 x 1
  14.9287744835 x 1
  14.9660708058 x 1
  15.0164447718 x 1
  15.0246784917 x 1
  15.0460466680 x 1
  15.0883578420 x 1
  15.1207110385 x 1
  15.1576924839 x 1
  15.2074313361 x 1
  15.2223234122 x 1
  15.2559508728 x 1
  15.2871899171 x 1
  15.3533767634 x 1
  15.3842984417 x 1
  15.4142491790 x 1
  15.4755620913 x 1
  15.5100591023 x 1
  15.5455048431 x 1
  15.5690563726 x 1
  15.6129217275 x 1
  15.6255696935 x 1
  15.6761618261 x 1
  15.7018109687 x 1
  15.7133533714 x 1
  15.7539351164 x 1
  15.7849603387 x 1
  15.8411087509 x 1
  15.8881565508 x 1
  15.9297087006 x 1
  15.9538727588 x 1
  15.9656453100 x 1
  15.9983627219 x 1
  16.0696914179 x 1
  16.1026033302 x 1
  16.1537136310 x 1
  16.1833474645 x 1
  16.1949704892 x 1
  16.2479056755 x 1
  16.3092659991 x 1
  16.3174830330 x 1
  16.3855345620 x 1
  16.4030520357 x 1
  16.4244068600 x 1
  16.4591528448 x 1
  16.4899988577 x 1
  16.5301359800 x 1
  16.5493553520 x 1
  16.5783643668 x 1
  16.6191228840 x 1
  16.6669937209 x 1
  16.7146138107 x 1
  16.7356985696 x 1
  16.7817015606 x 1
  16.8347875362 x 1
  16.8904770569 x 1
  16.9037741422 x 1
  16.9414669818 x 1
  16.9617991566 x 1
  17.0022571996 x 1
  17.0730962670 x 1
  17.0892788405 x 1
  17.1484823733 x 1
  17.1998695351 x 1
  17.2125267537 x 1
  17.2681489776 x 1
  17.2858045597 x 1
  17.3177484977 x 1
  17.3807305415 x 1
  17.4073318083 x 1
  17.4290298143 x 1
  17.5234440951 x 1
  17.5296629615 x 1
  17.5838605070 x 1
  17.6554982965 x 1
  17.6913601994 x 1
  17.7070978525 x 1
  17.7878373095 x 1
  17.8343785949 x 1
  17.8549918588 x 1
  17.8705692242 x 1
  17.9216563278 x 1
  17.9491149553 x 1
  17.9967560098 x 1
  18.0603089416 x 1
  18.0635816190 x 1
  18.1047408067 x 1
  18.1242034932 x 1
  18.1927266809 x 1
  18.2368450840 x 1
  18.2564409584 x 1
  18.2900255947 x 1
  18.3281869678 x 1
  18.3976529834 x 1
  18.4047472872 x 1
  18.4524083177 x 1
  18.5450199735 x 1
  18.5480201904 x 1
  18.5837347407 x 1
  18.6400538900 x 1
  18.7014300293 x 1
  18.7485450463 x 1
  18.7908952919 x 1
  18.8244852473 x 1
  18.8661126915 x 1
  18.8830811090 x 1
  18.9711489771 x 1
  18.9925772033 x 1
  19.0105263958 x 1
  19.0586669078 x 1
  19.1484357964 x 1
  19.1565241017 x 1
  19.1799555871 x 1
  19.2417041746 x 1
  19.2676053808 x 1
  19.3763130202 x 1
  19.3803835822 x 1
  19.4148767591 x 1
  19.4955519319 x 1
  19.5135201841 x 1
  19.5861487621 x 1
  19.6363093634 x 1
  19.6858070145 x 1
  19.7462077399 x 1
  19.8114190225 x 1
  19.9112471775 x 1
  19.9255199248 x 1
  20.0068861842 x 1
  20.0580484314 x 1
  20.0981820138 x 1
  20.1072434826 x 1
  20.1656657075 x 1
  20.2111860104 x 1
  20.2587428037 x 1
  20.3219643229 x 1
  20.3490162954 x 1
  20.4331770306 x 1
  20.4940757000 x 1
  20.5668071720 x 1
  20.5904673783 x 1
  20.6908941920 x 1
  20.7161916370 x 1
  20.7705627246 x 1
  20.8241270256 x 1
  20.9012997456 x 1
  21.0135993658 x 1
  21.0267470425 x 1
  21.0704164676 x 1
  21.1174992161 x 1
  21.1916754941 x 1
  21.3250897623 x 1
  21.4301268550 x 1
  21.5159414902 x 1
  21.6026108834 x 1
  21.7381204369 x 1
  21.8312748189 x 1
  21.9443899984 x 1
  22.0181092000 x 1
  22.1616686140 x 1
  22.2456093548 x 1
  22.3254293107 x 1
  22.4341196479 x 1
  22.6090910985 x 1
  22.6486605583 x 1
  22.7902409247 x 1
  22.9718338907 x 1
  23.2446376422 x 1
  23.4104463433 x 1
  23.6985743530 x 1
  23.8352336521 x 1
  24.8645908462 x 1
  27.3698991363 x 1
  78.9148915490 x 1
  79.6767609366 x 1
  80.4945727723 x 1
  80.9547657069 x 1
  81.7971007248 x 1
  82.0921837514 x 1
  82.6346317972 x 1
  83.3616459429 x 1
  83.4304191958 x 1
  84.6697181689 x 1
  85.1111596869 x 1
  85.2499556359 x 1
  85.7850701290 x 1
  86.0059661287 x 1
  86.1852878669 x 1
  86.8680468100 x 1
  384.4307249540 x 1

RELATION 2
degree values: [66, 67, 68, 69, 70, 71, 72, 73, 74, 75, 76, 77, 78, 79, 80, 81, 82, 83, 84, 85, 86, 87, 88, 89, 90, 91, 92, 93, 94, 95, 96, 97, 98, 99, 100, 101, 102, 103, 104, 105, 106, 107, 108, 109, 110, 111, 112, 113, 114, 115, 116, 117, 118, 119, 120, 121, 122, 123, 124, 125, 126, 127, 128, 129, 130, 131, 132, 133, 134, 135, 136, 137, 141, 142, 143, 148, 149]
number eigenvalues: 1311
spectrum:
  -10.7580835609 x 1
  -10.5701379565 x 1
  -10.5372716421 x 1
  -10.4765808283 x 1
  -10.4267249807 x 1
  -10.3935410069 x 1
  -10.3412383866 x 1
  -10.2989689775 x 1
  -10.2400495452 x 1
  -10.2153946302 x 1
  -10.2023928256 x 1
  -10.1456760748 x 1
  -10.1363825511 x 1
  -10.1243257514 x 1
  -10.0676849081 x 1
  -10.0511713290 x 1
  -10.0372868051 x 1
  -10.0134172926 x 1
  -9.9934832037 x 1
  -9.9864970669 x 1
  -9.9616798950 x 1
  -9.9439398506 x 1
  -9.9008350656 x 1
  -9.8906922093 x 1
  -9.8740362549 x 1
  -9.8545815191 x 1
  -9.8440957981 x 1
  -9.8230550982 x 1
  -9.8016466182 x 1
  -9.7887576699 x 1
  -9.7766757277 x 1
  -9.7551766648 x 1
  -9.7376635065 x 1
  -9.7304121071 x 1
  -9.7131891070 x 1
  -9.6995549796 x 1
  -9.6861444575 x 1
  -9.6648832772 x 1
  -9.6516953922 x 1
  -9.6371765844 x 1
  -9.6319018578 x 1
  -9.5947410621 x 1
  -9.5888759381 x 1
  -9.5772525010 x 1
  -9.5640047709 x 1
  -9.5420120148 x 1
  -9.5391151538 x 1
  -9.5097023516 x 1
  -9.5075277477 x 1
  -9.4985717736 x 1
  -9.4765993560 x 1
  -9.4452535979 x 1
  -9.4410803769 x 1
  -9.4300319709 x 1
  -9.4234605441 x 1
  -9.4196061746 x 1
  -9.3850508485 x 1
  -9.3743966394 x 1
  -9.3740381669 x 1
  -9.3478364808 x 1
  -9.3385238377 x 1
  -9.3302836250 x 1
  -9.3216425765 x 1
  -9.3076915137 x 1
  -9.2987525980 x 1
  -9.2853978433 x 1
  -9.2831502233 x 1
  -9.2644349166 x 1
  -9.2511041856 x 1
  -9.2388230508 x 1
  -9.2320080491 x 1
  -9.2166470867 x 1
  -9.2048197360 x 1
  -9.1828594948 x 1
  -9.1697841667 x 1
  -9.1648543863 x 1
  -9.1464858191 x 1
  -9.1444848199 x 1
  -9.1293832365 x 1
  -9.1024362136 x 1
  -9.0997434001 x 1
  -9.0916496235 x 1
  -9.0736971501 x 1
  -9.0599027568 x 1
  -9.0473243663 x 1
  -9.0418951539 x 1
  -9.0279126812 x 1
  -9.0240988137 x 1
  -9.0076756548 x 1
  -8.9972978559 x 1
  -8.9802383708 x 1
  -8.9733959112 x 1
  -8.9719999771 x 1
  -8.9505476739 x 1
  -8.9365652142 x 1
  -8.9237963533 x 1
  -8.9110583417 x 1
  -8.8904205849 x 1
  -8.8753566459 x 1
  -8.8689404419 x 1
  -8.8636881988 x 1
  -8.8450664717 x 1
  -8.8403925511 x 1
  -8.8309942724 x 1
  -8.8258747211 x 1
  -8.8184106399 x 1
  -8.7992282010 x 1
  -8.7915497546 x 1
  -8.7824994201 x 1
  -8.7704898910 x 1
  -8.7588422624 x 1
  -8.7484137645 x 1
  -8.7217471408 x 1
  -8.7161834237 x 1
  -8.7094754135 x 1
  -8.6967086281 x 1
  -8.6882368283 x 1
  -8.6698459456 x 1
  -8.6636199356 x 1
  -8.6529392416 x 1
  -8.6486167638 x 1
  -8.6316691873 x 1
  -8.6280924316 x 1
  -8.6184365623 x 1
  -8.6054168974 x 1
  -8.5956870456 x 1
  -8.5762727346 x 1
  -8.5644485180 x 1
  -8.5537653272 x 1
  -8.5484644321 x 1
  -8.5381358314 x 1
  -8.5351073318 x 1
  -8.5224781015 x 1
  -8.5150802558 x 1
  -8.5033911764 x 1
  -8.5023154177 x 1
  -8.4850693285 x 1
  -8.4752805785 x 1
  -8.4586836683 x 1
  -8.4522983618 x 1
  -8.4338550729 x 1
  -8.4325348691 x 1
  -8.4118399499 x 1
  -8.4083703363 x 1
  -8.4001911997 x 1
  -8.3995428542 x 1
  -8.3862600025 x 1
  -8.3756347927 x 1
  -8.3688370318 x 1
  -8.3487904325 x 1
  -8.3377392720 x 1
  -8.3305399305 x 1
  -8.3239390481 x 1
  -8.3197482197 x 1
  -8.3018899639 x 1
  -8.2884442559 x 1
  -8.2782030193 x 1
  -8.2714384104 x 1
  -8.2561365877 x 1
  -8.2458193698 x 1
  -8.2333523507 x 1
  -8.2288711114 x 1
  -8.2123125145 x 1
  -8.2050309713 x 1
  -8.1889596795 x 1
  -8.1784171287 x 1
  -8.1707832425 x 1
  -8.1623634288 x 1
  -8.1568824654 x 1
  -8.1454866863 x 1
  -8.1308948102 x 1
  -8.1211670310 x 1
  -8.1070140224 x 1
  -8.0946634283 x 1
  -8.0847490888 x 1
  -8.0712906074 x 1
  -8.0653746252 x 1
  -8.0608004296 x 1
  -8.0469046353 x 1
  -8.0416473778 x 1
  -8.0298266492 x 1
  -8.0241221344 x 1
  -7.9999175659 x 1
  -7.9948394178 x 1
  -7.9868915385 x 1
  -7.9825370792 x 1
  -7.9710149662 x 1
  -7.9594311752 x 1
  -7.9504073853 x 1
  -7.9438359103 x 1
  -7.9341522034 x 1
  -7.9230751746 x 1
  -7.9061142554 x 1
  -7.8981400180 x 1
  -7.8899397892 x 1
  -7.8789180704 x 1
  -7.8694148446 x 1
  -7.8578646041 x 1
  -7.8468018267 x 1
  -7.8284025235 x 1
  -7.8258757009 x 1
  -7.8105098467 x 1
  -7.7993701988 x 1
  -7.7913221198 x 1
  -7.7806485467 x 1
  -7.7723124884 x 1
  -7.7623673344 x 1
  -7.7536297016 x 1
  -7.7466630031 x 1
  -7.7327756286 x 1
  -7.7303458524 x 1
  -7.7212452130 x 1
  -7.7197532658 x 1
  -7.7015221926 x 1
  -7.6969499179 x 1
  -7.6830445781 x 1
  -7.6687317922 x 1
  -7.6619478503 x 1
  -7.6454187038 x 1
  -7.6363571221 x 1
  -7.6342005875 x 1
  -7.6314332797 x 1
  -7.6202224341 x 1
  -7.6061505806 x 1
  -7.5958452929 x 1
  -7.5915816879 x 1
  -7.5766156977 x 1
  -7.5668428076 x 1
  -7.5609200754 x 1
  -7.5413885146 x 1
  -7.5242461451 x 1
  -7.5194955163 x 1
  -7.5096734633 x 1
  -7.4982791226 x 1
  -7.4929049176 x 1
  -7.4844772057 x 1
  -7.4819161172 x 1
  -7.4677933502 x 1
  -7.4577697399 x 1
  -7.4511761082 x 1
  -7.4396357175 x 1
  -7.4299564457 x 1
  -7.4229752834 x 1
  -7.4196393011 x 1
  -7.4098341640 x 1
  -7.4025973017 x 1
  -7.3883863346 x 1
  -7.3794290378 x 1
  -7.3610048931 x 1
  -7.3514242480 x 1
  -7.3505834812 x 1
  -7.3319635560 x 1
  -7.3251586106 x 1
  -7.3151715781 x 1
  -7.3039582900 x 1
  -7.2987472388 x 1
  -7.2872559032 x 1
  -7.2799409727 x 1
  -7.2665483666 x 1
  -7.2559873150 x 1
  -7.2450150736 x 1
  -7.2396982263 x 1
  -7.2313606547 x 1
  -7.2214891312 x 1
  -7.2060487718 x 1
  -7.1962775865 x 1
  -7.1928335908 x 1
  -7.1833367974 x 1
  -7.1739379943 x 1
  -7.1699375906 x 1
  -7.1565175789 x 1
  -7.1448816634 x 1
  -7.1402851689 x 1
  -7.1323155092 x 1
  -7.1249435143 x 1
  -7.1152868680 x 1
  -7.0971583257 x 1
  -7.0884057810 x 1
  -7.0776557072 x 1
  -7.0703595131 x 1
  -7.0533103326 x 1
  -7.0501652133 x 1
  -7.0436485668 x 1
  -7.0346785631 x 1
  -7.0280598669 x 1
  -7.0238389809 x 1
  -7.0030128560 x 1
  -6.9909479519 x 1
  -6.9846138315 x 1
  -6.9772405094 x 1
  -6.9686828309 x 1
  -6.9593265315 x 1
  -6.9532216456 x 1
  -6.9473520033 x 1
  -6.9338194718 x 1
  -6.9321846182 x 1
  -6.9122486498 x 1
  -6.9069633393 x 1
  -6.8993871617 x 1
  -6.8828779102 x 1
  -6.8738375429 x 1
  -6.8675079116 x 1
  -6.8562005760 x 1
  -6.8436059228 x 1
  -6.8336138906 x 1
  -6.8318458271 x 1
  -6.8223278916 x 1
  -6.8064861813 x 1
  -6.8012819241 x 1
  -6.7995249623 x 1
  -6.7851683927 x 1
  -6.7757879910 x 1
  -6.7678133580 x 1
  -6.7563200685 x 1
  -6.7528167474 x 1
  -6.7319022717 x 1
  -6.7315781122 x 1
  -6.7257380980 x 1
  -6.7150593576 x 1
  -6.7071560449 x 1
  -6.6908372266 x 1
  -6.6812942447 x 1
  -6.6690449232 x 1
  -6.6659880092 x 1
  -6.6543537810 x 1
  -6.6474726820 x 1
  -6.6453134476 x 1
  -6.6356002313 x 1
  -6.6224492806 x 1
  -6.6021600140 x 1
  -6.5972724631 x 1
  -6.5849657503 x 1
  -6.5742745824 x 1
  -6.5621427574 x 1
  -6.5491566760 x 1
  -6.5381694208 x 1
  -6.5314712582 x 1
  -6.5194109881 x 1
  -6.5099150487 x 1
  -6.5031365322 x 1
  -6.4968405283 x 1
  -6.4891315087 x 1
  -6.4836574865 x 1
  -6.4691513338 x 1
  -6.4564537477 x 1
  -6.4541503135 x 1
  -6.4492415383 x 1
  -6.4322208187 x 1
  -6.4223039395 x 1
  -6.4143633255 x 1
  -6.4079799123 x 1
  -6.4007750664 x 1
  -6.3868595779 x 1
  -6.3813243148 x 1
  -6.3697608049 x 1
  -6.3516072408 x 1
  -6.3404905943 x 1
  -6.3359280736 x 1
  -6.3274834202 x 1
  -6.3162843604 x 1
  -6.3083049299 x 1
  -6.3001585570 x 1
  -6.2925024590 x 1
  -6.2826549817 x 1
  -6.2750951662 x 1
  -6.2657462422 x 1
  -6.2535881819 x 1
  -6.2483399036 x 1
  -6.2241502800 x 1
  -6.2185800994 x 1
  -6.2174450067 x 1
  -6.2076662499 x 1
  -6.1999218760 x 1
  -6.1847037804 x 1
  -6.1820655236 x 1
  -6.1729617838 x 1
  -6.1680243321 x 1
  -6.1583132721 x 1
  -6.1476677042 x 1
  -6.1428610121 x 1
  -6.1225644295 x 1
  -6.1163678867 x 1
  -6.1082597600 x 1
  -6.0959344981 x 1
  -6.0911587967 x 1
  -6.0807980109 x 1
  -6.0698626010 x 1
  -6.0612726954 x 1
  -6.0497226602 x 1
  -6.0293643880 x 1
  -6.0202230575 x 1
  -6.0042785456 x 1
  -5.9949107644 x 1
  -5.9888844778 x 1
  -5.9738259490 x 1
  -5.9677647480 x 1
  -5.9572336603 x 1
  -5.9421867998 x 1
  -5.9315132770 x 1
  -5.9214147005 x 1
  -5.9101595587 x 1
  -5.9003857038 x 1
  -5.8770766580 x 1
  -5.8755038258 x 1
  -5.8684266773 x 1
  -5.8643254103 x 1
  -5.8543552630 x 1
  -5.8381028906 x 1
  -5.8364146069 x 1
  -5.8269852385 x 1
  -5.8228357926 x 1
  -5.8195173325 x 1
  -5.8140655540 x 1
  -5.7940052197 x 1
  -5.7877765468 x 1
  -5.7729395208 x 1
  -5.7684714489 x 1
  -5.7641867128 x 1
  -5.7404680754 x 1
  -5.7330807739 x 1
  -5.7202142313 x 1
  -5.7115590916 x 1
  -5.7067753562 x 1
  -5.6854541145 x 1
  -5.6748509767 x 1
  -5.6648018422 x 1
  -5.6602395219 x 1
  -5.6520319258 x 1
  -5.6456941018 x 1
  -5.6422601225 x 1
  -5.6236320289 x 1
  -5.6177389195 x 1
  -5.6030093042 x 1
  -5.5987343277 x 1
  -5.5841217963 x 1
  -5.5693472710 x 1
  -5.5490478809 x 1
  -5.5369894235 x 1
  -5.5327547415 x 1
  -5.5119282540 x 1
  -5.5054068751 x 1
  -5.4967594670 x 1
  -5.4796764309 x 1
  -5.4619336352 x 1
  -5.4558932223 x 1
  -5.4364742356 x 1
  -5.4299899001 x 1
  -5.4270576143 x 1
  -5.4214835816 x 1
  -5.4071229429 x 1
  -5.4059583197 x 1
  -5.3917911266 x 1
  -5.3690462427 x 1
  -5.3671432622 x 1
  -5.3533402220 x 1
  -5.3470545170 x 1
  -5.3308550541 x 1
  -5.3270895735 x 1
  -5.3167411704 x 1
  -5.2972657178 x 1
  -5.2913520925 x 1
  -5.2842704296 x 1
  -5.2710821908 x 1
  -5.2443510216 x 1
  -5.2419019846 x 1
  -5.2242997474 x 1
  -5.2192606577 x 1
  -5.2042854085 x 1
  -5.1954383815 x 1
  -5.1854112091 x 1
  -5.1732786915 x 1
  -5.1559757243 x 1
  -5.1446007199 x 1
  -5.1425398446 x 1
  -5.1362819441 x 1
  -5.1212858788 x 1
  -5.0982355054 x 1
  -5.0971623952 x 1
  -5.0784523020 x 1
  -5.0649637098 x 1
  -5.0402182848 x 1
  -5.0331891837 x 1
  -5.0286400786 x 1
  -5.0172272567 x 1
  -5.0083859066 x 1
  -4.9867493443 x 1
  -4.9802402968 x 1
  -4.9696635387 x 1
  -4.9519221802 x 1
  -4.9445064777 x 1
  -4.9344170657 x 1
  -4.9163086945 x 1
  -4.9029250069 x 1
  -4.8831966496 x 1
  -4.8790825002 x 1
  -4.8655354204 x 1
  -4.8616206308 x 1
  -4.8484226378 x 1
  -4.8356767306 x 1
  -4.8279670848 x 1
  -4.8178158598 x 1
  -4.7972315979 x 1
  -4.7892529050 x 1
  -4.7694654746 x 1
  -4.7651965704 x 1
  -4.7583882880 x 1
  -4.7256364124 x 1
  -4.7234926796 x 1
  -4.7125896429 x 1
  -4.6908498125 x 1
  -4.6840506264 x 1
  -4.6670913069 x 1
  -4.6555597105 x 1
  -4.6267366564 x 1
  -4.6165216298 x 1
  -4.6082400843 x 1
  -4.5845883277 x 1
  -4.5758453048 x 1
  -4.5661424023 x 1
  -4.5527222655 x 1
  -4.5444739084 x 1
  -4.5282771275 x 1
  -4.5039926410 x 1
  -4.4988237019 x 1
  -4.4906839498 x 1
  -4.4813997352 x 1
  -4.4720388919 x 1
  -4.4557884945 x 1
  -4.4471688668 x 1
  -4.4322540224 x 1
  -4.4026217851 x 1
  -4.3815751560 x 1
  -4.3704347199 x 1
  -4.3671566023 x 1
  -4.3611452740 x 1
  -4.3552437336 x 1
  -4.3269478731 x 1
  -4.3231438278 x 1
  -4.2996778110 x 1
  -4.2956728515 x 1
  -4.2776395924 x 1
  -4.2732447422 x 1
  -4.2570598669 x 1
  -4.2375830646 x 1
  -4.2261833836 x 1
  -4.2231225152 x 1
  -4.2042115393 x 1
  -4.1911753039 x 1
  -4.1745849441 x 1
  -4.1698263142 x 1
  -4.1575187814 x 1
  -4.1431132300 x 1
  -4.1356533066 x 1
  -4.1275071425 x 1
  -4.1184779856 x 1
  -4.1012149918 x 1
  -4.0916609422 x 1
  -4.0625499794 x 1
  -4.0613427959 x 1
  -4.0422580086 x 1
  -4.0346744143 x 1
  -4.0245852390 x 1
  -3.9975928150 x 1
  -3.9864029591 x 1
  -3.9672736245 x 1
  -3.9455728702 x 1
  -3.9130968842 x 1
  -3.9023018389 x 1
  -3.8870280904 x 1
  -3.8730574721 x 1
  -3.8637701829 x 1
  -3.8530858090 x 1
  -3.8405143220 x 1
  -3.8377248944 x 1
  -3.8154813469 x 1
  -3.7964443391 x 1
  -3.7819093284 x 1
  -3.7688134013 x 1
  -3.7451525424 x 1
  -3.7249395457 x 1
  -3.7109092518 x 1
  -3.7067951841 x 1
  -3.6895072480 x 1
  -3.6822347442 x 1
  -3.6620014179 x 1
  -3.6573313633 x 1
  -3.6356910065 x 1
  -3.6215207197 x 1
  -3.6102309115 x 1
  -3.5920894440 x 1
  -3.5881986772 x 1
  -3.5709409705 x 1
  -3.5519903533 x 1
  -3.5428088697 x 1
  -3.5224181925 x 1
  -3.5116845494 x 1
  -3.4995769873 x 1
  -3.4757736864 x 1
  -3.4700083070 x 1
  -3.4565178590 x 1
  -3.4403572731 x 1
  -3.4310528677 x 1
  -3.4152692823 x 1
  -3.4023746981 x 1
  -3.3954659701 x 1
  -3.3769200789 x 1
  -3.3544728475 x 1
  -3.3461405769 x 1
  -3.3227120992 x 1
  -3.3094414090 x 1
  -3.2995418131 x 1
  -3.2722697076 x 1
  -3.2648867229 x 1
  -3.2397627364 x 1
  -3.2240014927 x 1
  -3.2028452145 x 1
  -3.1908420557 x 1
  -3.1764233361 x 1
  -3.1572899997 x 1
  -3.1296496352 x 1
  -3.1184982469 x 1
  -3.0962036173 x 1
  -3.0793850533 x 1
  -3.0487088640 x 1
  -3.0422620568 x 1
  -3.0369197378 x 1
  -3.0313717608 x 1
  -3.0002364373 x 1
  -2.9876593517 x 1
  -2.9535535399 x 1
  -2.9467586239 x 1
  -2.9315722042 x 1
  -2.9053999694 x 1
  -2.8854719428 x 1
  -2.8716255724 x 1
  -2.8663451049 x 1
  -2.8397247581 x 1
  -2.8215317237 x 1
  -2.8107621080 x 1
  -2.7842538370 x 1
  -2.7645898855 x 1
  -2.7605884036 x 1
  -2.7495497564 x 1
  -2.7181600195 x 1
  -2.7015436146 x 1
  -2.6865283585 x 1
  -2.6778913268 x 1
  -2.6674657423 x 1
  -2.6595409446 x 1
  -2.6418934249 x 1
  -2.6185620902 x 1
  -2.5922762218 x 1
  -2.5638322100 x 1
  -2.5586406011 x 1
  -2.5444136413 x 1
  -2.5297728616 x 1
  -2.5236467063 x 1
  -2.5007600438 x 1
  -2.4897940519 x 1
  -2.4826798086 x 1
  -2.4563816366 x 1
  -2.4351651610 x 1
  -2.4195414153 x 1
  -2.3893942850 x 1
  -2.3847501715 x 1
  -2.3793123772 x 1
  -2.3607079643 x 1
  -2.3563647858 x 1
  -2.3059403191 x 1
  -2.2715813459 x 1
  -2.2654422132 x 1
  -2.2507476040 x 1
  -2.2491684693 x 1
  -2.2240646683 x 1
  -2.1973537227 x 1
  -2.1831046866 x 1
  -2.1775043559 x 1
  -2.1480915232 x 1
  -2.1437410320 x 1
  -2.1360425109 x 1
  -2.1258736380 x 1
  -2.0956643944 x 1
  -2.0731720329 x 1
  -2.0388379875 x 1
  -2.0220496026 x 1
  -2.0029214118 x 1
  -1.9648817318 x 1
  -1.9515166572 x 1
  -1.9432130127 x 1
  -1.9343279090 x 1
  -1.8969970046 x 1
  -1.8787581182 x 1
  -1.8768076514 x 1
  -1.8538426815 x 1
  -1.8331352089 x 1
  -1.8005581172 x 1
  -1.7862904777 x 1
  -1.7690179512 x 1
  -1.7497888795 x 1
  -1.7380271753 x 1
  -1.7150515177 x 1
  -1.6988263429 x 1
  -1.6768505637 x 1
  -1.6651259820 x 1
  -1.6380360614 x 1
  -1.6164858819 x 1
  -1.5850758282 x 1
  -1.5719876805 x 1
  -1.5579681460 x 1
  -1.5188027603 x 1
  -1.5006507463 x 1
  -1.4957858709 x 1
  -1.4740621486 x 1
  -1.4586892054 x 1
  -1.4394853532 x 1
  -1.4291195137 x 1
  -1.3973041807 x 1
  -1.3891312893 x 1
  -1.3634444528 x 1
  -1.3578354937 x 1
  -1.3372708636 x 1
  -1.3129529048 x 1
  -1.2925092691 x 1
  -1.2719862171 x 1
  -1.2368842079 x 1
  -1.2205985123 x 1
  -1.2126703666 x 1
  -1.1700114207 x 1
  -1.1311615684 x 1
  -1.1276550616 x 1
  -1.1118030256 x 1
  -1.0989931206 x 1
  -1.0646432759 x 1
  -1.0451837702 x 1
  -1.0100780960 x 1
  -0.9935910226 x 1
  -0.9786624492 x 1
  -0.9702962421 x 1
  -0.9615863975 x 1
  -0.9236947526 x 1
  -0.9058216906 x 1
  -0.8993646033 x 1
  -0.8672791178 x 1
  -0.8394995030 x 1
  -0.8302434594 x 1
  -0.7985597591 x 1
  -0.7926890372 x 1
  -0.7612348228 x 1
  -0.7366794627 x 1
  -0.7222912387 x 1
  -0.6839796255 x 1
  -0.6758447786 x 1
  -0.6634399287 x 1
  -0.6319397857 x 1
  -0.6286525531 x 1
  -0.6069421779 x 1
  -0.5760671172 x 1
  -0.5374546214 x 1
  -0.5277328959 x 1
  -0.5078925278 x 1
  -0.4836011608 x 1
  -0.4670953474 x 1
  -0.4511462896 x 1
  -0.4333202802 x 1
  -0.4168256871 x 1
  -0.3904064472 x 1
  -0.3725955990 x 1
  -0.3627215412 x 1
  -0.3502973390 x 1
  -0.3044854652 x 1
  -0.2959752079 x 1
  -0.2630943066 x 1
  -0.2365674401 x 1
  -0.2188096526 x 1
  -0.2052938517 x 1
  -0.1803707217 x 1
  -0.1666026651 x 1
  -0.1589001761 x 1
  -0.1445901591 x 1
  -0.1333654425 x 1
  -0.0891580924 x 1
  -0.0704723257 x 1
  -0.0615887215 x 1
  -0.0552280844 x 1
  -0.0160809020 x 1
  0.0020035769 x 1
  0.0291806215 x 1
  0.0390291008 x 1
  0.0523815351 x 1
  0.0875571689 x 1
  0.1063775367 x 1
  0.1563271676 x 1
  0.1671746334 x 1
  0.1824111169 x 1
  0.1964217256 x 1
  0.2143894750 x 1
  0.2567298023 x 1
  0.2668666419 x 1
  0.2769181396 x 1
  0.2799434708 x 1
  0.3272263921 x 1
  0.3320790079 x 1
  0.3459109156 x 1
  0.3633087925 x 1
  0.3725621279 x 1
  0.3933067774 x 1
  0.4153134198 x 1
  0.4443805363 x 1
  0.4699934081 x 1
  0.4831641980 x 1
  0.5096633900 x 1
  0.5290278102 x 1
  0.5544095265 x 1
  0.5637575767 x 1
  0.5696773573 x 1
  0.6132794812 x 1
  0.6366389019 x 1
  0.6592479380 x 1
  0.6652597526 x 1
  0.6769828161 x 1
  0.6853964870 x 1
  0.7151557684 x 1
  0.7309913034 x 1
  0.7418183140 x 1
  0.7847807948 x 1
  0.7941329316 x 1
  0.8177103357 x 1
  0.8392283746 x 1
  0.8501064485 x 1
  0.8522177044 x 1
  0.8817435314 x 1
  0.8941066007 x 1
  0.9263926894 x 1
  0.9382211098 x 1
  0.9427861259 x 1
  0.9716325530 x 1
  0.9778573553 x 1
  0.9938267945 x 1
  1.0273014887 x 1
  1.0464663147 x 1
  1.0592784628 x 1
  1.0978353916 x 1
  1.1040504821 x 1
  1.1330771736 x 1
  1.1368357738 x 1
  1.1639007929 x 1
  1.1690246682 x 1
  1.1776480643 x 1
  1.2227489284 x 1
  1.2287870303 x 1
  1.2419001895 x 1
  1.2455006551 x 1
  1.2679401463 x 1
  1.2864383582 x 1
  1.2964816077 x 1
  1.3301428501 x 1
  1.3388174799 x 1
  1.3598497990 x 1
  1.3781463301 x 1
  1.3987824936 x 1
  1.4158969572 x 1
  1.4343313691 x 1
  1.4350748963 x 1
  1.4563666313 x 1
  1.4816011644 x 1
  1.4899152085 x 1
  1.5113580085 x 1
  1.5200604699 x 1
  1.5350009565 x 1
  1.5837363106 x 1
  1.5865962194 x 1
  1.6128325036 x 1
  1.6340865053 x 1
  1.6488021130 x 1
  1.6668675516 x 1
  1.6994136327 x 1
  1.7135417712 x 1
  1.7295630384 x 1
  1.7343765562 x 1
  1.7468675044 x 1
  1.7542874446 x 1
  1.7767839329 x 1
  1.8045503351 x 1
  1.8159442771 x 1
  1.8317128621 x 1
  1.8417517984 x 1
  1.8600452429 x 1
  1.8758010564 x 1
  1.9104235287 x 1
  1.9200054220 x 1
  1.9311598880 x 1
  1.9385128016 x 1
  1.9438385080 x 1
  1.9687879249 x 1
  1.9904268144 x 1
  2.0158621102 x 1
  2.0268731286 x 1
  2.0657131726 x 1
  2.0827025191 x 1
  2.0904316560 x 1
  2.1076049607 x 1
  2.1196225923 x 1
  2.1375878069 x 1
  2.1460410684 x 1
  2.1712951626 x 1
  2.1737736954 x 1
  2.1855550127 x 1
  2.2235333453 x 1
  2.2356583370 x 1
  2.2473496839 x 1
  2.2792857716 x 1
  2.3064602295 x 1
  2.3212036210 x 1
  2.3322699394 x 1
  2.3490940127 x 1
  2.3679499099 x 1
  2.3790625445 x 1
  2.3945853550 x 1
  2.4019037323 x 1
  2.4413039109 x 1
  2.4558503611 x 1
  2.4770718597 x 1
  2.4946101881 x 1
  2.5102571578 x 1
  2.5202227430 x 1
  2.5344227687 x 1
  2.5607960690 x 1
  2.5748564474 x 1
  2.5854146668 x 1
  2.6129058923 x 1
  2.6186555433 x 1
  2.6278935095 x 1
  2.6559807111 x 1
  2.6710246463 x 1
  2.6811443987 x 1
  2.7127641294 x 1
  2.7230186348 x 1
  2.7327603475 x 1
  2.7349915940 x 1
  2.7733457698 x 1
  2.7775031024 x 1
  2.7909751974 x 1
  2.8126390694 x 1
  2.8261476644 x 1
  2.8606915443 x 1
  2.8683230036 x 1
  2.8846610459 x 1
  2.8947057592 x 1
  2.9171957790 x 1
  2.9368734280 x 1
  2.9463691899 x 1
  2.9687694195 x 1
  2.9722717317 x 1
  2.9860785393 x 1
  3.0129505067 x 1
  3.0219154938 x 1
  3.0321027385 x 1
  3.0436427864 x 1
  3.0692732547 x 1
  3.0802098196 x 1
  3.1136091275 x 1
  3.1310916197 x 1
  3.1699955347 x 1
  3.1779812113 x 1
  3.1914349330 x 1
  3.2005242438 x 1
  3.2347352284 x 1
  3.2435660281 x 1
  3.2774739546 x 1
  3.2900064421 x 1
  3.2987426477 x 1
  3.3154630061 x 1
  3.3366270756 x 1
  3.3452695976 x 1
  3.3534772004 x 1
  3.3767968864 x 1
  3.3856505110 x 1
  3.3994620238 x 1
  3.4207398736 x 1
  3.4317808404 x 1
  3.4570293733 x 1
  3.4675288038 x 1
  3.4760366607 x 1
  3.5054861388 x 1
  3.5353880484 x 1
  3.5475266498 x 1
  3.5548855677 x 1
  3.5642455601 x 1
  3.5678399401 x 1
  3.6008084365 x 1
  3.6158185830 x 1
  3.6385692457 x 1
  3.6563888174 x 1
  3.6724969825 x 1
  3.6816751909 x 1
  3.7047341120 x 1
  3.7166477553 x 1
  3.7328227907 x 1
  3.7505292123 x 1
  3.7593003081 x 1
  3.7894239973 x 1
  3.8068539921 x 1
  3.8274923786 x 1
  3.8334398825 x 1
  3.8581218713 x 1
  3.8615871556 x 1
  3.8969780595 x 1
  3.9208252098 x 1
  3.9338330658 x 1
  3.9395829970 x 1
  3.9753807066 x 1
  3.9887264322 x 1
  3.9986690868 x 1
  4.0131894285 x 1
  4.0558108061 x 1
  4.0626267392 x 1
  4.0690418110 x 1
  4.0823139568 x 1
  4.0919487663 x 1
  4.1091401116 x 1
  4.1416036914 x 1
  4.1474036375 x 1
  4.1685355863 x 1
  4.1789290497 x 1
  4.1880092921 x 1
  4.2031351331 x 1
  4.2198733884 x 1
  4.2229673494 x 1
  4.2506155435 x 1
  4.2608396232 x 1
  4.2732552187 x 1
  4.3031373882 x 1
  4.3302868976 x 1
  4.3438156878 x 1
  4.3569001961 x 1
  4.3905558999 x 1
  4.4286800109 x 1
  4.4314684863 x 1
  4.4407568068 x 1
  4.4658689993 x 1
  4.4738439195 x 1
  4.4886457063 x 1
  4.5119478062 x 1
  4.5431787512 x 1
  4.5556801240 x 1
  4.5868498651 x 1
  4.6112874217 x 1
  4.6365258598 x 1
  4.6439724982 x 1
  4.6822276335 x 1
  4.6893499201 x 1
  4.7171359627 x 1
  4.7294044800 x 1
  4.7463768159 x 1
  4.7725430536 x 1
  4.7841781733 x 1
  4.7863296767 x 1
  4.8022242564 x 1
  4.8191253446 x 1
  4.8519236721 x 1
  4.8699554723 x 1
  4.8849898486 x 1
  4.9140176925 x 1
  4.9272270615 x 1
  4.9279534359 x 1
  4.9620394504 x 1
  4.9729975553 x 1
  4.9979288873 x 1
  5.0197643082 x 1
  5.0346205230 x 1
  5.0439914190 x 1
  5.0768288816 x 1
  5.0934114115 x 1
  5.1210834407 x 1
  5.1525497059 x 1
  5.1712800606 x 1
  5.2129220043 x 1
  5.2309173088 x 1
  5.2431866334 x 1
  5.2553360292 x 1
  5.3024341085 x 1
  5.3356028709 x 1
  5.3480859286 x 1
  5.3609767935 x 1
  5.3659383480 x 1
  5.3945908980 x 1
  5.4333682310 x 1
  5.4413802617 x 1
  5.4829107109 x 1
  5.4976239120 x 1
  5.5050687811 x 1
  5.5206452175 x 1
  5.5552474311 x 1
  5.5779442377 x 1
  5.6015290581 x 1
  5.6293144466 x 1
  5.6536662231 x 1
  5.6632156160 x 1
  5.6911570711 x 1
  5.7179167833 x 1
  5.7292689756 x 1
  5.7827234633 x 1
  5.7877230993 x 1
  5.8103701251 x 1
  5.8406335510 x 1
  5.8529605001 x 1
  5.8912024960 x 1
  5.8986201466 x 1
  5.9278169863 x 1
  5.9535139123 x 1
  5.9565514295 x 1
  6.0004951047 x 1
  6.0219870140 x 1
  6.0336868982 x 1
  6.0735306824 x 1
  6.0993395627 x 1
  6.1277114107 x 1
  6.1461574125 x 1
  6.1583412730 x 1
  6.2094066828 x 1
  6.2470688148 x 1
  6.2738879330 x 1
  6.3075234891 x 1
  6.3464390444 x 1
  6.3537431658 x 1
  6.3761141900 x 1
  6.3978551304 x 1
  6.4339168219 x 1
  6.4538869104 x 1
  6.4944933574 x 1
  6.5316818541 x 1
  6.5530849272 x 1
  6.5798192335 x 1
  6.6013215154 x 1
  6.6227413592 x 1
  6.6412981861 x 1
  6.7413868449 x 1
  6.7550846157 x 1
  6.8155668615 x 1
  6.8351308572 x 1
  6.8792142860 x 1
  6.9195899111 x 1
  6.9940445359 x 1
  7.0434399924 x 1
  7.0689068206 x 1
  7.1258019841 x 1
  7.2175101174 x 1
  7.2258962806 x 1
  7.2780657928 x 1
  7.3246314433 x 1
  7.3404029117 x 1
  7.5267834950 x 1
  7.6337398241 x 1
  7.8445895383 x 1
  7.9418694864 x 1
  8.1631016370 x 1
  8.2070897268 x 1
  8.8026880886 x 1
  11.6862634414 x 1
  11.7731579638 x 1
  12.1431942798 x 1
  12.1719953677 x 1
  12.3971034404 x 1
  12.5397948029 x 1
  12.5905183983 x 1
  12.6761120887 x 1
  12.7522765871 x 1
  12.7870464907 x 1
  12.8948359267 x 1
  12.9232552809 x 1
  12.9547495947 x 1
  13.0196386284 x 1
  13.0886547556 x 1
  13.2100343278 x 1
  13.2547691654 x 1
  13.3370998514 x 1
  13.4106189414 x 1
  13.4594703629 x 1
  13.5248718805 x 1
  13.5946020341 x 1
  13.6465601045 x 1
  13.6906819960 x 1
  13.8157462760 x 1
  13.9010311122 x 1
  14.0161053044 x 1
  14.0601048582 x 1
  14.0695306404 x 1
  14.1635111168 x 1
  14.2806201844 x 1
  14.3861379250 x 1
  14.3998455184 x 1
  14.4485083784 x 1
  14.5522680616 x 1
  14.5891016825 x 1
  14.6597256723 x 1
  14.7278237104 x 1
  14.7738411863 x 1
  14.8289166419 x 1
  14.8704527949 x 1
  14.9146034816 x 1
  14.9793595230 x 1
  15.0524208723 x 1
  15.1434746622 x 1
  15.1759265065 x 1
  15.2580940192 x 1
  15.3246811782 x 1
  15.3894888081 x 1
  15.4973426731 x 1
  15.5769881722 x 1
  15.6018512957 x 1
  15.6553314690 x 1
  15.6690232311 x 1
  15.8247905862 x 1
  15.9461331294 x 1
  16.0040268900 x 1
  16.0370757663 x 1
  16.0840374464 x 1
  16.1453763482 x 1
  16.2134280611 x 1
  16.2365936664 x 1
  16.3267539828 x 1
  16.3590409347 x 1
  16.3983862852 x 1
  16.4478484430 x 1
  16.5831619055 x 1
  16.6578818421 x 1
  16.8069698785 x 1
  16.8616076111 x 1
  16.9250798683 x 1
  16.9970771051 x 1
  17.0917750307 x 1
  17.1060378896 x 1
  17.2348914044 x 1
  17.2490802830 x 1
  17.3404870306 x 1
  17.3778193634 x 1
  17.4771893043 x 1
  17.5368695240 x 1
  17.6024659135 x 1
  17.6503798296 x 1
  17.7274979580 x 1
  17.8153635739 x 1
  17.8651707467 x 1
  18.0017988836 x 1
  18.0796640602 x 1
  18.1288987225 x 1
  18.2522009362 x 1
  18.2936915349 x 1
  18.3835648406 x 1
  18.4972560218 x 1
  18.5668543454 x 1
  18.6612918640 x 1
  18.7376695272 x 1
  18.8992643038 x 1
  18.9635497317 x 1
  19.0740236077 x 1
  19.1445798906 x 1
  19.2150920017 x 1
  19.2512644713 x 1
  19.3253737665 x 1
  19.5064325140 x 1
  19.6260485082 x 1
  19.6617950123 x 1
  19.7929997977 x 1
  19.9349761106 x 1
  19.9998320667 x 1
  20.2009521175 x 1
  20.2713586008 x 1
  20.3920500075 x 1
  20.4471309179 x 1
  20.5998745250 x 1
  20.7173885658 x 1
  20.7975322129 x 1
  20.9914082677 x 1
  21.0121061536 x 1
  21.1184672694 x 1
  21.4644620039 x 1
  21.5645803749 x 1
  21.7335279829 x 1
  22.1018151570 x 1
  22.2004209685 x 1
  22.3523357020 x 1
  22.4421325183 x 1
  22.6352038943 x 1
  23.0716944305 x 1
  23.3340750404 x 1
  23.5564770465 x 1
  24.4374448899 x 1
  24.7398445107 x 1
  24.9470813363 x 1
  25.5214328891 x 1
  25.9389941239 x 1
  27.3402296618 x 1
  27.4015723633 x 1
  43.9868570738 x 1
  44.2375181450 x 1
  44.5612582405 x 1
  44.7686819272 x 1
  45.0329597608 x 1
  45.2113728894 x 1
  45.6883201188 x 1
  45.7760717654 x 1
  45.9896243989 x 1
  46.1140375135 x 1
  46.5353275258 x 1
  46.8865800292 x 1
  47.1773320857 x 1
  48.6135664682 x 1
  49.1526198840 x 1
  50.2807849384 x 1
  97.4796906507 x 1
