observation_id,family,parameter,generic_subgroup_rank,retained_rank_lower_bound,retained_quotient_rank,full_curve_rank,cohort,phase,boxes,score_units,dictionary_coverage,dictionary_size,compatible_cover_count,realizable_defect_span_exact,collision_support_size,rational_relation_component_count,split_triple_count,split_triples_with_some_fourth,triple_fourth_incidences,split_quartet_count,simultaneous_carrier_genus,simultaneous_carrier_degree
rank_jump_retrospective_report_v1.json:07ca9:505/794,07ca9,505/794,17,25,8,UNKNOWN,compact-six-r17-h1024-v2,historic_or_prior,43,96050291406849,UNTESTED_NO_VALID_ATLAS_OR_PARAMETER,,,UNTESTED,UNTESTED,UNTESTED,UNTESTED,UNTESTED,UNTESTED,,,
rank_jump_retrospective_report_v1.json:a1-fibration-04:-1647/91,a1-fibration-04,-1647/91,16,25,9,UNKNOWN,prospective-mw16-h4096-v1,historic_or_prior,43,96691200635775,UNTESTED_NO_VALID_ATLAS_OR_PARAMETER,,,UNTESTED,UNTESTED,UNTESTED,UNTESTED,UNTESTED,UNTESTED,,,
rank_jump_retrospective_report_v1.json:a1-fibration-05:307/206,a1-fibration-05,307/206,16,25,9,UNKNOWN,prospective-mw16-h1024-v1,historic_or_prior,43,93223654229337,UNTESTED_NO_VALID_ATLAS_OR_PARAMETER,,,UNTESTED,UNTESTED,UNTESTED,UNTESTED,UNTESTED,UNTESTED,,,
rank_jump_retrospective_report_v1.json:08f72:-704/93,08f72,-704/93,17,24,7,UNKNOWN,,historic_or_prior,,,UNTESTED_NO_VALID_ATLAS_OR_PARAMETER,,,UNTESTED,UNTESTED,UNTESTED,UNTESTED,UNTESTED,UNTESTED,,,
rank_jump_retrospective_report_v1.json:a1-fibration-01:787/103,a1-fibration-01,787/103,16,24,8,UNKNOWN,,historic_or_prior,43,,UNTESTED_NO_VALID_ATLAS_OR_PARAMETER,,,UNTESTED,UNTESTED,UNTESTED,UNTESTED,UNTESTED,UNTESTED,,,
rank_jump_retrospective_report_v1.json:a1-fibration-05:-109/521,a1-fibration-05,-109/521,16,24,8,UNKNOWN,,historic_or_prior,43,,UNTESTED_NO_VALID_ATLAS_OR_PARAMETER,,,UNTESTED,UNTESTED,UNTESTED,UNTESTED,UNTESTED,UNTESTED,,,
rank_jump_retrospective_report_v1.json:a1-fibration-05:-227/647,a1-fibration-05,-227/647,16,24,8,UNKNOWN,,historic_or_prior,43,,UNTESTED_NO_VALID_ATLAS_OR_PARAMETER,,,UNTESTED,UNTESTED,UNTESTED,UNTESTED,UNTESTED,UNTESTED,,,
rank_jump_retrospective_report_v1.json:a1-fibration-05:509/149,a1-fibration-05,509/149,16,24,8,UNKNOWN,,historic_or_prior,43,,UNTESTED_NO_VALID_ATLAS_OR_PARAMETER,,,UNTESTED,UNTESTED,UNTESTED,UNTESTED,UNTESTED,UNTESTED,,,
rank_jump_retrospective_report_v1.json:published-R17:-2300/843,published-R17,-2300/843,17,24,7,UNKNOWN,compact-r17-top64-v1,historic_or_prior,43,94547784214082,COMPLETE_NATIVE_ATLAS,39120,3,2,18,UNKNOWN_NO_COMMON_RELATION_DICTIONARY,1,0,0,0,5,8
rank_jump_retrospective_report_v1.json:published-R17:-695/97,published-R17,-695/97,17,24,7,UNKNOWN,,historic_or_prior,,,COMPLETE_NATIVE_ATLAS,39120,1,0,0,NOT_APPLICABLE,0,0,0,0,0,2
rank_jump_retrospective_report_v1.json:published-R17:33/119,published-R17,33/119,17,24,7,UNKNOWN,,historic_or_prior,,,COMPLETE_NATIVE_ATLAS,39120,7,6,80,UNKNOWN_NO_COMMON_RELATION_DICTIONARY,35,35,140,35,321,128
rank_jump_retrospective_report_v1.json:074d9:-839/505,074d9,-839/505,17,23,6,UNKNOWN,,historic_or_prior,,,UNTESTED_NO_VALID_ATLAS_OR_PARAMETER,,,UNTESTED,UNTESTED,UNTESTED,UNTESTED,UNTESTED,UNTESTED,,,
rank_jump_retrospective_report_v1.json:08234:-506/9,08234,-506/9,17,23,6,UNKNOWN,,historic_or_prior,,,COMPLETE_NATIVE_ATLAS,39120,11,10,179,UNKNOWN_NO_COMMON_RELATION_DICTIONARY,165,165,1320,330,9217,2048
rank_jump_retrospective_report_v1.json:a1-fibration-03:478/49,a1-fibration-03,478/49,16,23,7,UNKNOWN,,historic_or_prior,43,,UNTESTED_NO_VALID_ATLAS_OR_PARAMETER,,,UNTESTED,UNTESTED,UNTESTED,UNTESTED,UNTESTED,UNTESTED,,,
rank_jump_retrospective_report_v1.json:a1-fibration-05:643/7,a1-fibration-05,643/7,16,23,7,UNKNOWN,,historic_or_prior,43,,UNTESTED_NO_VALID_ATLAS_OR_PARAMETER,,,UNTESTED,UNTESTED,UNTESTED,UNTESTED,UNTESTED,UNTESTED,,,
rank_jump_retrospective_report_v1.json:published-R17:-1193/1560,published-R17,-1193/1560,17,23,6,UNKNOWN,,historic_or_prior,,,COMPLETE_NATIVE_ATLAS,39120,1,0,0,NOT_APPLICABLE,0,0,0,0,0,2
rank_jump_retrospective_report_v1.json:published-R17:-1264/1047,published-R17,-1264/1047,17,23,6,UNKNOWN,,historic_or_prior,,,COMPLETE_NATIVE_ATLAS,39120,0,NOT_APPLICABLE,0,NOT_APPLICABLE,0,0,0,0,0,1
rank_jump_retrospective_report_v1.json:published-R17:-3895/3749,published-R17,-3895/3749,17,23,6,UNKNOWN,,historic_or_prior,,,COMPLETE_NATIVE_ATLAS,39120,0,NOT_APPLICABLE,0,NOT_APPLICABLE,0,0,0,0,0,1
rank_jump_retrospective_report_v1.json:published-R17:1229/894,published-R17,1229/894,17,23,6,UNKNOWN,,historic_or_prior,,,COMPLETE_NATIVE_ATLAS,39120,2,1,5,UNKNOWN_NO_COMMON_RELATION_DICTIONARY,0,0,0,0,1,4
rank_jump_retrospective_report_v1.json:published-R17:129/70,published-R17,129/70,17,23,6,UNKNOWN,,historic_or_prior,,,COMPLETE_NATIVE_ATLAS,39120,0,NOT_APPLICABLE,0,NOT_APPLICABLE,0,0,0,0,0,1
rank_jump_retrospective_report_v1.json:published-R17:2291/2392,published-R17,2291/2392,17,23,6,UNKNOWN,,historic_or_prior,,,COMPLETE_NATIVE_ATLAS,39120,0,NOT_APPLICABLE,0,NOT_APPLICABLE,0,0,0,0,0,1
rank_jump_retrospective_report_v1.json:published-R17:44/35,published-R17,44/35,17,23,6,UNKNOWN,,historic_or_prior,,,COMPLETE_NATIVE_ATLAS,39120,3,2,15,UNKNOWN_NO_COMMON_RELATION_DICTIONARY,1,0,0,0,5,8
rank_jump_retrospective_report_v1.json:074d9:148/225,074d9,148/225,17,22,5,UNKNOWN,,historic_or_prior,,,UNTESTED_NO_VALID_ATLAS_OR_PARAMETER,,,UNTESTED,UNTESTED,UNTESTED,UNTESTED,UNTESTED,UNTESTED,,,
rank_jump_retrospective_report_v1.json:11952:744/5,11952,744/5,17,22,5,UNKNOWN,,historic_or_prior,,,PARTIAL_1024,1024,0,NOT_APPLICABLE,0,NOT_APPLICABLE,0,0,0,0,0,1
rank_jump_retrospective_report_v1.json:a1-fibration-01:32/253,a1-fibration-01,32/253,16,22,6,UNKNOWN,,historic_or_prior,43,,UNTESTED_NO_VALID_ATLAS_OR_PARAMETER,,,UNTESTED,UNTESTED,UNTESTED,UNTESTED,UNTESTED,UNTESTED,,,
rank_jump_retrospective_report_v1.json:a1-fibration-01:699/19,a1-fibration-01,699/19,16,22,6,UNKNOWN,,historic_or_prior,43,,UNTESTED_NO_VALID_ATLAS_OR_PARAMETER,,,UNTESTED,UNTESTED,UNTESTED,UNTESTED,UNTESTED,UNTESTED,,,
rank_jump_retrospective_report_v1.json:a1-fibration-04:-20/23,a1-fibration-04,-20/23,16,22,6,UNKNOWN,,historic_or_prior,43,,UNTESTED_NO_VALID_ATLAS_OR_PARAMETER,,,UNTESTED,UNTESTED,UNTESTED,UNTESTED,UNTESTED,UNTESTED,,,
rank_jump_retrospective_report_v1.json:a1-fibration-04:-209/118,a1-fibration-04,-209/118,16,22,6,UNKNOWN,,historic_or_prior,43,,UNTESTED_NO_VALID_ATLAS_OR_PARAMETER,,,UNTESTED,UNTESTED,UNTESTED,UNTESTED,UNTESTED,UNTESTED,,,
rank_jump_retrospective_report_v1.json:a1-fibration-04:-338/47,a1-fibration-04,-338/47,16,22,6,UNKNOWN,,historic_or_prior,43,,UNTESTED_NO_VALID_ATLAS_OR_PARAMETER,,,UNTESTED,UNTESTED,UNTESTED,UNTESTED,UNTESTED,UNTESTED,,,
rank_jump_retrospective_report_v1.json:a1-fibration-05:-279/730,a1-fibration-05,-279/730,16,22,6,UNKNOWN,,historic_or_prior,43,,UNTESTED_NO_VALID_ATLAS_OR_PARAMETER,,,UNTESTED,UNTESTED,UNTESTED,UNTESTED,UNTESTED,UNTESTED,,,
rank_jump_retrospective_report_v1.json:a1-fibration-05:3/17,a1-fibration-05,3/17,16,22,6,UNKNOWN,,historic_or_prior,43,,UNTESTED_NO_VALID_ATLAS_OR_PARAMETER,,,UNTESTED,UNTESTED,UNTESTED,UNTESTED,UNTESTED,UNTESTED,,,
rank_jump_retrospective_report_v1.json:published-R17:-3/148,published-R17,-3/148,17,22,5,UNKNOWN,,historic_or_prior,,,COMPLETE_NATIVE_ATLAS,39120,1,0,0,NOT_APPLICABLE,0,0,0,0,0,2
rank_jump_retrospective_report_v1.json:published-R17:-70/61,published-R17,-70/61,17,22,5,UNKNOWN,,historic_or_prior,,,COMPLETE_NATIVE_ATLAS,39120,13,12,232,UNKNOWN_NO_COMMON_RELATION_DICTIONARY,286,286,2860,715,45057,8192
rank_jump_retrospective_report_v1.json:published-R17:-7540/2317,published-R17,-7540/2317,17,22,5,UNKNOWN,,historic_or_prior,,,COMPLETE_NATIVE_ATLAS,39120,0,NOT_APPLICABLE,0,NOT_APPLICABLE,0,0,0,0,0,1
rank_jump_retrospective_report_v1.json:published-R17:1348/1431,published-R17,1348/1431,17,22,5,UNKNOWN,,historic_or_prior,,,COMPLETE_NATIVE_ATLAS,39120,1,0,0,NOT_APPLICABLE,0,0,0,0,0,2
rank_jump_retrospective_report_v1.json:published-R17:8/39,published-R17,8/39,17,22,5,UNKNOWN,,historic_or_prior,,,COMPLETE_NATIVE_ATLAS,39120,7,6,83,UNKNOWN_NO_COMMON_RELATION_DICTIONARY,35,35,140,35,321,128
rank_jump_retrospective_report_v1.json:07ca9:-2507/3068,07ca9,-2507/3068,17,26,9,UNKNOWN,compact-six-r17-h4096-v1,historic_or_prior,43,98169507050054,UNTESTED_NO_VALID_ATLAS_OR_PARAMETER,,,UNTESTED,UNTESTED,UNTESTED,UNTESTED,UNTESTED,UNTESTED,,,
rank_jump_retrospective_report_v1.json:a1-fibration-02:187/190,a1-fibration-02,187/190,16,21,5,UNKNOWN,,historic_or_prior,43,,UNTESTED_NO_VALID_ATLAS_OR_PARAMETER,,,UNTESTED,UNTESTED,UNTESTED,UNTESTED,UNTESTED,UNTESTED,,,
rank_jump_retrospective_report_v1.json:a1-fibration-03:-181/936,a1-fibration-03,-181/936,16,16,0,UNKNOWN,,historic_or_prior,43,,UNTESTED_NO_VALID_ATLAS_OR_PARAMETER,,,UNTESTED,UNTESTED,UNTESTED,UNTESTED,UNTESTED,UNTESTED,,,
rank_jump_retrospective_report_v1.json:a1-fibration-04:632/611,a1-fibration-04,632/611,16,20,4,UNKNOWN,,historic_or_prior,43,,UNTESTED_NO_VALID_ATLAS_OR_PARAMETER,,,UNTESTED,UNTESTED,UNTESTED,UNTESTED,UNTESTED,UNTESTED,,,
rank_jump_retrospective_report_v1.json:a1-fibration-05:-34/87,a1-fibration-05,-34/87,16,24,8,UNKNOWN,,historic_or_prior,43,,UNTESTED_NO_VALID_ATLAS_OR_PARAMETER,,,UNTESTED,UNTESTED,UNTESTED,UNTESTED,UNTESTED,UNTESTED,,,
rank_jump_retrospective_report_v1.json:a1-fibration-02:28/323,a1-fibration-02,28/323,16,20,4,UNKNOWN,,historic_or_prior,43,,UNTESTED_NO_VALID_ATLAS_OR_PARAMETER,,,UNTESTED,UNTESTED,UNTESTED,UNTESTED,UNTESTED,UNTESTED,,,
rank_jump_retrospective_report_v1.json:a1-fibration-03:873/227,a1-fibration-03,873/227,16,16,0,UNKNOWN,,historic_or_prior,43,,UNTESTED_NO_VALID_ATLAS_OR_PARAMETER,,,UNTESTED,UNTESTED,UNTESTED,UNTESTED,UNTESTED,UNTESTED,,,
rank_jump_retrospective_report_v1.json:a1-fibration-02:39/10,a1-fibration-02,39/10,16,21,5,UNKNOWN,,historic_or_prior,36,,UNTESTED_NO_VALID_ATLAS_OR_PARAMETER,,,UNTESTED,UNTESTED,UNTESTED,UNTESTED,UNTESTED,UNTESTED,,,
rank_jump_retrospective_report_v1.json:a1-fibration-01:-197/118,a1-fibration-01,-197/118,16,20,4,UNKNOWN,,historic_or_prior,43,,UNTESTED_NO_VALID_ATLAS_OR_PARAMETER,,,UNTESTED,UNTESTED,UNTESTED,UNTESTED,UNTESTED,UNTESTED,,,
rank_jump_retrospective_report_v1.json:a1-fibration-02:-601/466,a1-fibration-02,-601/466,16,21,5,UNKNOWN,,historic_or_prior,43,,UNTESTED_NO_VALID_ATLAS_OR_PARAMETER,,,UNTESTED,UNTESTED,UNTESTED,UNTESTED,UNTESTED,UNTESTED,,,
rank_jump_retrospective_report_v1.json:a1-fibration-03:-1013/283,a1-fibration-03,-1013/283,16,16,0,UNKNOWN,,historic_or_prior,43,,UNTESTED_NO_VALID_ATLAS_OR_PARAMETER,,,UNTESTED,UNTESTED,UNTESTED,UNTESTED,UNTESTED,UNTESTED,,,
rank_jump_retrospective_report_v1.json:a1-fibration-01:2407/532,a1-fibration-01,2407/532,16,20,4,UNKNOWN,,historic_or_prior,43,,UNTESTED_NO_VALID_ATLAS_OR_PARAMETER,,,UNTESTED,UNTESTED,UNTESTED,UNTESTED,UNTESTED,UNTESTED,,,
rank_jump_retrospective_report_v1.json:a1-fibration-02:-3581/4061,a1-fibration-02,-3581/4061,16,16,0,UNKNOWN,,historic_or_prior,43,,UNTESTED_NO_VALID_ATLAS_OR_PARAMETER,,,UNTESTED,UNTESTED,UNTESTED,UNTESTED,UNTESTED,UNTESTED,,,
rank_jump_retrospective_report_v1.json:a1-fibration-03:-1193/4073,a1-fibration-03,-1193/4073,16,16,0,UNKNOWN,,historic_or_prior,43,,UNTESTED_NO_VALID_ATLAS_OR_PARAMETER,,,UNTESTED,UNTESTED,UNTESTED,UNTESTED,UNTESTED,UNTESTED,,,
rank_jump_retrospective_report_v1.json:a1-fibration-04:-1905/52,a1-fibration-04,-1905/52,16,25,9,UNKNOWN,,historic_or_prior,43,,UNTESTED_NO_VALID_ATLAS_OR_PARAMETER,,,UNTESTED,UNTESTED,UNTESTED,UNTESTED,UNTESTED,UNTESTED,,,
rank_jump_retrospective_report_v1.json:a1-fibration-01:-3187/3697,a1-fibration-01,-3187/3697,16,17,1,UNKNOWN,,historic_or_prior,43,,UNTESTED_NO_VALID_ATLAS_OR_PARAMETER,,,UNTESTED,UNTESTED,UNTESTED,UNTESTED,UNTESTED,UNTESTED,,,
rank_jump_retrospective_report_v1.json:a1-fibration-02:-1511/3474,a1-fibration-02,-1511/3474,16,16,0,UNKNOWN,,historic_or_prior,43,,UNTESTED_NO_VALID_ATLAS_OR_PARAMETER,,,UNTESTED,UNTESTED,UNTESTED,UNTESTED,UNTESTED,UNTESTED,,,
rank_jump_retrospective_report_v1.json:a1-fibration-03:3769/1361,a1-fibration-03,3769/1361,16,16,0,UNKNOWN,,historic_or_prior,43,,UNTESTED_NO_VALID_ATLAS_OR_PARAMETER,,,UNTESTED,UNTESTED,UNTESTED,UNTESTED,UNTESTED,UNTESTED,,,
rank_jump_retrospective_report_v1.json:a1-fibration-05:-3158/1291,a1-fibration-05,-3158/1291,16,16,0,UNKNOWN,prospective-mw16-h4096-v1,historic_or_prior,43,94196044392844,UNTESTED_NO_VALID_ATLAS_OR_PARAMETER,,,UNTESTED,UNTESTED,UNTESTED,UNTESTED,UNTESTED,UNTESTED,,,
rank_jump_retrospective_report_v1.json:a1-fibration-01:320/2617,a1-fibration-01,320/2617,16,18,2,UNKNOWN,,historic_or_prior,43,,UNTESTED_NO_VALID_ATLAS_OR_PARAMETER,,,UNTESTED,UNTESTED,UNTESTED,UNTESTED,UNTESTED,UNTESTED,,,
rank_jump_retrospective_report_v1.json:a1-fibration-02:-2968/3107,a1-fibration-02,-2968/3107,16,16,0,UNKNOWN,,historic_or_prior,43,,UNTESTED_NO_VALID_ATLAS_OR_PARAMETER,,,UNTESTED,UNTESTED,UNTESTED,UNTESTED,UNTESTED,UNTESTED,,,
rank_jump_retrospective_report_v1.json:a1-fibration-03:3343/780,a1-fibration-03,3343/780,16,16,0,UNKNOWN,,historic_or_prior,43,,UNTESTED_NO_VALID_ATLAS_OR_PARAMETER,,,UNTESTED,UNTESTED,UNTESTED,UNTESTED,UNTESTED,UNTESTED,,,
rank_jump_retrospective_report_v1.json:a1-fibration-04:-2177/2397,a1-fibration-04,-2177/2397,16,16,0,UNKNOWN,prospective-mw16-h4096-v1,historic_or_prior,43,93613610761223,UNTESTED_NO_VALID_ATLAS_OR_PARAMETER,,,UNTESTED,UNTESTED,UNTESTED,UNTESTED,UNTESTED,UNTESTED,,,
rank_jump_retrospective_report_v1.json:a1-fibration-05:1666/3461,a1-fibration-05,1666/3461,16,17,1,UNKNOWN,,historic_or_prior,43,,UNTESTED_NO_VALID_ATLAS_OR_PARAMETER,,,UNTESTED,UNTESTED,UNTESTED,UNTESTED,UNTESTED,UNTESTED,,,
rank_jump_retrospective_report_v1.json:a1-fibration-02:199/3254,a1-fibration-02,199/3254,16,17,1,UNKNOWN,,historic_or_prior,43,,UNTESTED_NO_VALID_ATLAS_OR_PARAMETER,,,UNTESTED,UNTESTED,UNTESTED,UNTESTED,UNTESTED,UNTESTED,,,
rank_jump_retrospective_report_v1.json:a1-fibration-03:3290/1563,a1-fibration-03,3290/1563,16,16,0,UNKNOWN,,historic_or_prior,43,,UNTESTED_NO_VALID_ATLAS_OR_PARAMETER,,,UNTESTED,UNTESTED,UNTESTED,UNTESTED,UNTESTED,UNTESTED,,,
rank_jump_retrospective_report_v1.json:a1-fibration-04:-3076/1981,a1-fibration-04,-3076/1981,16,16,0,UNKNOWN,,historic_or_prior,43,,UNTESTED_NO_VALID_ATLAS_OR_PARAMETER,,,UNTESTED,UNTESTED,UNTESTED,UNTESTED,UNTESTED,UNTESTED,,,
rank_jump_retrospective_report_v1.json:a1-fibration-05:2714/3419,a1-fibration-05,2714/3419,16,17,1,UNKNOWN,,historic_or_prior,43,,UNTESTED_NO_VALID_ATLAS_OR_PARAMETER,,,UNTESTED,UNTESTED,UNTESTED,UNTESTED,UNTESTED,UNTESTED,,,
rank_jump_retrospective_report_v1.json:published-R17:-1561/3133,published-R17,-1561/3133,17,17,0,UNKNOWN,compact-r17-top64-v1,historic_or_prior,43,93955181295586,COMPLETE_NATIVE_ATLAS,39120,0,NOT_APPLICABLE,0,NOT_APPLICABLE,0,0,0,0,0,1
rank_jump_retrospective_report_v1.json:ICARM-351,published-R17,,17,25,8,UNKNOWN,,historic_or_prior,,,UNTESTED_NO_VALID_ATLAS_OR_PARAMETER,,,UNTESTED,UNTESTED,UNTESTED,UNTESTED,UNTESTED,UNTESTED,,,
rank_jump_retrospective_report_v1.json:ICARM-356,published-R17,,17,29,12,UNKNOWN,,historic_or_prior,,,UNTESTED_NO_VALID_ATLAS_OR_PARAMETER,,,UNTESTED,UNTESTED,UNTESTED,UNTESTED,UNTESTED,UNTESTED,,,
rank_jump_retrospective_report_v1.json:ICARM-376,published-R17,,17,22,5,UNKNOWN,,historic_or_prior,,,UNTESTED_NO_VALID_ATLAS_OR_PARAMETER,,,UNTESTED,UNTESTED,UNTESTED,UNTESTED,UNTESTED,UNTESTED,,,
rank_jump_retrospective_report_v1.json:ICARM-377,published-R17,,17,23,6,UNKNOWN,,historic_or_prior,,,UNTESTED_NO_VALID_ATLAS_OR_PARAMETER,,,UNTESTED,UNTESTED,UNTESTED,UNTESTED,UNTESTED,UNTESTED,,,
rank_jump_retrospective_report_v1.json:ICARM-385,published-R17,,17,29,12,UNKNOWN,,historic_or_prior,,,UNTESTED_NO_VALID_ATLAS_OR_PARAMETER,,,UNTESTED,UNTESTED,UNTESTED,UNTESTED,UNTESTED,UNTESTED,,,
rank_jump_retrospective_report_v1.json:ICARM-398,curve398-p16875,,16,30,14,UNKNOWN,,historic_or_prior,,,UNTESTED_NO_VALID_ATLAS_OR_PARAMETER,,,UNTESTED,UNTESTED,UNTESTED,UNTESTED,UNTESTED,UNTESTED,,,
rank_jump_retrospective_report_v1.json:ICARM-400,curve400-p53042,,16,28,12,UNKNOWN,,historic_or_prior,,,UNTESTED_NO_VALID_ATLAS_OR_PARAMETER,,,UNTESTED,UNTESTED,UNTESTED,UNTESTED,UNTESTED,UNTESTED,,,
rank_jump_retrospective_report_v1.json:ICARM-401,curve401-p57487,,16,27,11,UNKNOWN,,historic_or_prior,,,UNTESTED_NO_VALID_ATLAS_OR_PARAMETER,,,UNTESTED,UNTESTED,UNTESTED,UNTESTED,UNTESTED,UNTESTED,,,
rank_jump_retrospective_report_v1.json:ICARM-542,curve542-p30486,,16,26,10,UNKNOWN,,historic_or_prior,,,UNTESTED_NO_VALID_ATLAS_OR_PARAMETER,,,UNTESTED,UNTESTED,UNTESTED,UNTESTED,UNTESTED,UNTESTED,,,
rank_jump_retrospective_report_v1.json:ICARM-543,norm12-orbit-07ca9,,17,29,12,UNKNOWN,,historic_or_prior,,,UNTESTED_NO_VALID_ATLAS_OR_PARAMETER,,,UNTESTED,UNTESTED,UNTESTED,UNTESTED,UNTESTED,UNTESTED,,,
rank_jump_retrospective_report_v1.json:ICARM-548,curve548-p31627,,16,24,8,UNKNOWN,,historic_or_prior,,,UNTESTED_NO_VALID_ATLAS_OR_PARAMETER,,,UNTESTED,UNTESTED,UNTESTED,UNTESTED,UNTESTED,UNTESTED,,,
rank_jump_retrospective_report_v1.json:control-r21-t3_8,published-R17,3/8,17,21,4,UNKNOWN,,historic_or_prior,,,COMPLETE_NATIVE_ATLAS,39120,25,24,840,UNKNOWN_NO_COMMON_RELATION_DICTIONARY,2300,2300,50600,12650,385875969,33554432
rank_jump_retrospective_report_v1.json:control-r25,published-R17,-2/377,17,25,8,UNKNOWN,,historic_or_prior,,,COMPLETE_NATIVE_ATLAS,39120,6,5,62,UNKNOWN_NO_COMMON_RELATION_DICTIONARY,20,20,60,15,129,64
rank_jump_retrospective_report_v1.json:control-r26,published-R17,-308/251,17,26,9,UNKNOWN,,historic_or_prior,,,COMPLETE_NATIVE_ATLAS,39120,3,2,17,UNKNOWN_NO_COMMON_RELATION_DICTIONARY,1,0,0,0,5,8
rank_jump_retrospective_report_v1.json:control-r27,published-R17,2456/135,17,27,10,UNKNOWN,,historic_or_prior,,,COMPLETE_NATIVE_ATLAS,39120,2,1,4,UNKNOWN_NO_COMMON_RELATION_DICTIONARY,0,0,0,0,1,4
rank_jump_retrospective_report_v1.json:control-r28,published-R17,-9529/5471,17,28,11,UNKNOWN,,historic_or_prior,,,COMPLETE_NATIVE_ATLAS,39120,1,0,0,NOT_APPLICABLE,0,0,0,0,0,2
rank_jump_retrospective_report_v1.json:nagao-0001,published-R17,-5643/6760,17,17,0,UNKNOWN,,historic_or_prior,,,COMPLETE_NATIVE_ATLAS,39120,1,0,0,NOT_APPLICABLE,0,0,0,0,0,2
rank_jump_retrospective_report_v1.json:nagao-0002,published-R17,1452/7817,17,17,0,UNKNOWN,,historic_or_prior,,,COMPLETE_NATIVE_ATLAS,39120,0,NOT_APPLICABLE,0,NOT_APPLICABLE,0,0,0,0,0,1
rank_jump_retrospective_report_v1.json:nagao-0003,published-R17,4298/8873,17,17,0,UNKNOWN,,historic_or_prior,,,COMPLETE_NATIVE_ATLAS,39120,0,NOT_APPLICABLE,0,NOT_APPLICABLE,0,0,0,0,0,1
rank_jump_retrospective_report_v1.json:nagao-0004,published-R17,-7634/2859,17,17,0,UNKNOWN,,historic_or_prior,,,COMPLETE_NATIVE_ATLAS,39120,0,NOT_APPLICABLE,0,NOT_APPLICABLE,0,0,0,0,0,1
rank_jump_retrospective_report_v1.json:nagao-0005,published-R17,-841/8544,17,17,0,UNKNOWN,,historic_or_prior,,,COMPLETE_NATIVE_ATLAS,39120,0,NOT_APPLICABLE,0,NOT_APPLICABLE,0,0,0,0,0,1
rank_jump_retrospective_report_v1.json:nagao-0006,published-R17,461/4420,17,17,0,UNKNOWN,,historic_or_prior,,,COMPLETE_NATIVE_ATLAS,39120,0,NOT_APPLICABLE,0,NOT_APPLICABLE,0,0,0,0,0,1
rank_jump_retrospective_report_v1.json:nagao-0007,published-R17,6695/1353,17,17,0,UNKNOWN,,historic_or_prior,,,COMPLETE_NATIVE_ATLAS,39120,0,NOT_APPLICABLE,0,NOT_APPLICABLE,0,0,0,0,0,1
rank_jump_retrospective_report_v1.json:nagao-0008,published-R17,1217/151,17,17,0,UNKNOWN,,historic_or_prior,,,COMPLETE_NATIVE_ATLAS,39120,0,NOT_APPLICABLE,0,NOT_APPLICABLE,0,0,0,0,0,1
rank_jump_retrospective_report_v1.json:nagao-0009,published-R17,9783/7559,17,17,0,UNKNOWN,,historic_or_prior,,,COMPLETE_NATIVE_ATLAS,39120,0,NOT_APPLICABLE,0,NOT_APPLICABLE,0,0,0,0,0,1
rank_jump_retrospective_report_v1.json:nagao-0010,published-R17,9446/3605,17,17,0,UNKNOWN,,historic_or_prior,,,COMPLETE_NATIVE_ATLAS,39120,0,NOT_APPLICABLE,0,NOT_APPLICABLE,0,0,0,0,0,1
compact_r17_initial_measurements_v1.json:compact-r17-top64-v1:2,published-R17,-636/3209,17,18,1,UNKNOWN,compact-r17-top64-v1,initial_measurement,43,97074835226379,COMPLETE_NATIVE_ATLAS,39120,0,NOT_APPLICABLE,0,NOT_APPLICABLE,0,0,0,0,0,1
compact_r17_initial_measurements_v1.json:compact-r17-top64-v1:5,published-R17,-1264/1047,17,23,6,UNKNOWN,compact-r17-top64-v1,initial_measurement,43,96061784854009,COMPLETE_NATIVE_ATLAS,39120,0,NOT_APPLICABLE,0,NOT_APPLICABLE,0,0,0,0,0,1
compact_r17_initial_measurements_v1.json:compact-r17-top64-v1:6,published-R17,444/2623,17,17,0,UNKNOWN,compact-r17-top64-v1,initial_measurement,43,96049044569160,COMPLETE_NATIVE_ATLAS,39120,0,NOT_APPLICABLE,0,NOT_APPLICABLE,0,0,0,0,0,1
compact_r17_initial_measurements_v1.json:compact-r17-top64-v1:7,published-R17,2291/2392,17,23,6,UNKNOWN,compact-r17-top64-v1,initial_measurement,43,96043536665376,COMPLETE_NATIVE_ATLAS,39120,0,NOT_APPLICABLE,0,NOT_APPLICABLE,0,0,0,0,0,1
compact_r17_initial_measurements_v1.json:compact-r17-top64-v1:10,published-R17,825/2224,17,19,2,UNKNOWN,compact-r17-top64-v1,initial_measurement,43,95489802194956,COMPLETE_NATIVE_ATLAS,39120,0,NOT_APPLICABLE,0,NOT_APPLICABLE,0,0,0,0,0,1
compact_r17_initial_measurements_v1.json:compact-r17-top64-v1:11,published-R17,1501/732,17,20,3,UNKNOWN,compact-r17-top64-v1,initial_measurement,43,95486292499921,COMPLETE_NATIVE_ATLAS,39120,1,0,0,NOT_APPLICABLE,0,0,0,0,0,2
compact_r17_initial_measurements_v1.json:compact-r17-top64-v1:15,published-R17,-3895/3749,17,23,6,UNKNOWN,compact-r17-top64-v1,initial_measurement,43,95299631695012,COMPLETE_NATIVE_ATLAS,39120,0,NOT_APPLICABLE,0,NOT_APPLICABLE,0,0,0,0,0,1
compact_r17_initial_measurements_v1.json:compact-r17-top64-v1:16,published-R17,85/2016,17,17,0,UNKNOWN,compact-r17-top64-v1,initial_measurement,43,95231527551847,COMPLETE_NATIVE_ATLAS,39120,0,NOT_APPLICABLE,0,NOT_APPLICABLE,0,0,0,0,0,1
compact_r17_initial_measurements_v1.json:compact-r17-top64-v1:18,published-R17,1101/2566,17,18,1,UNKNOWN,compact-r17-top64-v1,initial_measurement,43,95207467143955,COMPLETE_NATIVE_ATLAS,39120,0,NOT_APPLICABLE,0,NOT_APPLICABLE,0,0,0,0,0,1
compact_r17_initial_measurements_v1.json:compact-r17-top64-v1:19,published-R17,2051/2045,17,18,1,UNKNOWN,compact-r17-top64-v1,initial_measurement,43,95190850316870,COMPLETE_NATIVE_ATLAS,39120,0,NOT_APPLICABLE,0,NOT_APPLICABLE,0,0,0,0,0,1
compact_r17_initial_measurements_v1.json:compact-r17-top64-v1:20,published-R17,-560/1609,17,19,2,UNKNOWN,compact-r17-top64-v1,initial_measurement,43,95167073160049,COMPLETE_NATIVE_ATLAS,39120,0,NOT_APPLICABLE,0,NOT_APPLICABLE,0,0,0,0,0,1
compact_r17_initial_measurements_v1.json:compact-r17-top64-v1:21,published-R17,-585/1223,17,19,2,UNKNOWN,compact-r17-top64-v1,initial_measurement,43,95137979787911,COMPLETE_NATIVE_ATLAS,39120,0,NOT_APPLICABLE,0,NOT_APPLICABLE,0,0,0,0,0,1
compact_r17_initial_measurements_v1.json:compact-r17-top64-v1:22,published-R17,3243/1708,17,18,1,UNKNOWN,compact-r17-top64-v1,initial_measurement,43,95125210228894,COMPLETE_NATIVE_ATLAS,39120,0,NOT_APPLICABLE,0,NOT_APPLICABLE,0,0,0,0,0,1
compact_r17_initial_measurements_v1.json:compact-r17-top64-v1:23,published-R17,1576/2331,17,17,0,UNKNOWN,compact-r17-top64-v1,initial_measurement,43,94937810930907,COMPLETE_NATIVE_ATLAS,39120,0,NOT_APPLICABLE,0,NOT_APPLICABLE,0,0,0,0,0,1
compact_r17_initial_measurements_v1.json:compact-r17-top64-v1:24,published-R17,-3871/1618,17,17,0,UNKNOWN,compact-r17-top64-v1,initial_measurement,43,94909736597760,COMPLETE_NATIVE_ATLAS,39120,0,NOT_APPLICABLE,0,NOT_APPLICABLE,0,0,0,0,0,1
compact_r17_initial_measurements_v1.json:compact-r17-top64-v1:25,published-R17,-1318/2675,17,20,3,UNKNOWN,compact-r17-top64-v1,initial_measurement,43,94889501453592,COMPLETE_NATIVE_ATLAS,39120,2,1,6,UNKNOWN_NO_COMMON_RELATION_DICTIONARY,0,0,0,0,1,4
compact_r17_initial_measurements_v1.json:compact-r17-top64-v1:26,published-R17,2263/1084,17,17,0,UNKNOWN,compact-r17-top64-v1,initial_measurement,43,94880769019076,COMPLETE_NATIVE_ATLAS,39120,0,NOT_APPLICABLE,0,NOT_APPLICABLE,0,0,0,0,0,1
compact_r17_initial_measurements_v1.json:compact-r17-top64-v1:27,published-R17,-3459/2327,17,17,0,UNKNOWN,compact-r17-top64-v1,initial_measurement,43,94846764412970,COMPLETE_NATIVE_ATLAS,39120,0,NOT_APPLICABLE,0,NOT_APPLICABLE,0,0,0,0,0,1
compact_r17_initial_measurements_v1.json:compact-r17-top64-v1:28,published-R17,-4035/1852,17,19,2,UNKNOWN,compact-r17-top64-v1,initial_measurement,43,94796570896704,COMPLETE_NATIVE_ATLAS,39120,1,0,0,NOT_APPLICABLE,0,0,0,0,0,2
compact_r17_initial_measurements_v1.json:compact-r17-top64-v1:29,published-R17,-3086/3229,17,17,0,UNKNOWN,compact-r17-top64-v1,initial_measurement,43,94611834913966,COMPLETE_NATIVE_ATLAS,39120,0,NOT_APPLICABLE,0,NOT_APPLICABLE,0,0,0,0,0,1
compact_r17_initial_measurements_v1.json:compact-r17-top64-v1:30,published-R17,856/1327,17,17,0,UNKNOWN,compact-r17-top64-v1,initial_measurement,43,94608479647482,COMPLETE_NATIVE_ATLAS,39120,0,NOT_APPLICABLE,0,NOT_APPLICABLE,0,0,0,0,0,1
compact_r17_initial_measurements_v1.json:compact-r17-top64-v1:31,published-R17,-1929/3242,17,17,0,UNKNOWN,compact-r17-top64-v1,initial_measurement,43,94605690379262,COMPLETE_NATIVE_ATLAS,39120,0,NOT_APPLICABLE,0,NOT_APPLICABLE,0,0,0,0,0,1
compact_r17_initial_measurements_v1.json:compact-r17-top64-v1:32,published-R17,3056/609,17,18,1,UNKNOWN,compact-r17-top64-v1,initial_measurement,43,94579515394546,COMPLETE_NATIVE_ATLAS,39120,0,NOT_APPLICABLE,0,NOT_APPLICABLE,0,0,0,0,0,1
compact_r17_initial_measurements_v1.json:compact-r17-top64-v1:33,published-R17,-2300/843,17,24,7,UNKNOWN,compact-r17-top64-v1,initial_measurement,43,94547784214082,COMPLETE_NATIVE_ATLAS,39120,3,2,18,UNKNOWN_NO_COMMON_RELATION_DICTIONARY,1,0,0,0,5,8
compact_r17_initial_measurements_v1.json:compact-r17-top64-v1:34,published-R17,-601/1570,17,18,1,UNKNOWN,compact-r17-top64-v1,initial_measurement,43,94535306551850,COMPLETE_NATIVE_ATLAS,39120,0,NOT_APPLICABLE,0,NOT_APPLICABLE,0,0,0,0,0,1
compact_r17_initial_measurements_v1.json:compact-r17-top64-v1:35,published-R17,-1193/1560,17,23,6,UNKNOWN,compact-r17-top64-v1,initial_measurement,43,94436730922224,COMPLETE_NATIVE_ATLAS,39120,1,0,0,NOT_APPLICABLE,0,0,0,0,0,2
compact_r17_initial_measurements_v1.json:compact-r17-top64-v1:36,published-R17,-278/2615,17,17,0,UNKNOWN,compact-r17-top64-v1,initial_measurement,43,94426080150090,COMPLETE_NATIVE_ATLAS,39120,0,NOT_APPLICABLE,0,NOT_APPLICABLE,0,0,0,0,0,1
compact_r17_initial_measurements_v1.json:compact-r17-top64-v1:38,published-R17,1207/1194,17,19,2,UNKNOWN,compact-r17-top64-v1,initial_measurement,43,94349353689705,COMPLETE_NATIVE_ATLAS,39120,0,NOT_APPLICABLE,0,NOT_APPLICABLE,0,0,0,0,0,1
compact_r17_initial_measurements_v1.json:compact-r17-top64-v1:39,published-R17,1263/710,17,19,2,UNKNOWN,compact-r17-top64-v1,initial_measurement,43,94339107849230,COMPLETE_NATIVE_ATLAS,39120,1,0,0,NOT_APPLICABLE,0,0,0,0,0,2
compact_r17_initial_measurements_v1.json:compact-r17-top64-v1:40,published-R17,-1513/3735,17,17,0,UNKNOWN,compact-r17-top64-v1,initial_measurement,43,94329691866281,COMPLETE_NATIVE_ATLAS,39120,0,NOT_APPLICABLE,0,NOT_APPLICABLE,0,0,0,0,0,1
compact_r17_initial_measurements_v1.json:compact-r17-top64-v1:41,published-R17,1229/894,17,23,6,UNKNOWN,compact-r17-top64-v1,initial_measurement,43,94263443259744,COMPLETE_NATIVE_ATLAS,39120,2,1,5,UNKNOWN_NO_COMMON_RELATION_DICTIONARY,0,0,0,0,1,4
compact_r17_initial_measurements_v1.json:compact-r17-top64-v1:42,published-R17,129/70,17,23,6,UNKNOWN,compact-r17-top64-v1,initial_measurement,43,94239572897951,COMPLETE_NATIVE_ATLAS,39120,0,NOT_APPLICABLE,0,NOT_APPLICABLE,0,0,0,0,0,1
compact_r17_initial_measurements_v1.json:compact-r17-top64-v1:43,published-R17,-3162/2135,17,17,0,UNKNOWN,compact-r17-top64-v1,initial_measurement,43,94231043920479,COMPLETE_NATIVE_ATLAS,39120,0,NOT_APPLICABLE,0,NOT_APPLICABLE,0,0,0,0,0,1
compact_r17_initial_measurements_v1.json:compact-r17-top64-v1:44,published-R17,-339/7,17,20,3,UNKNOWN,compact-r17-top64-v1,initial_measurement,43,94228577918214,COMPLETE_NATIVE_ATLAS,39120,0,NOT_APPLICABLE,0,NOT_APPLICABLE,0,0,0,0,0,1
compact_r17_initial_measurements_v1.json:compact-r17-top64-v1:45,published-R17,-3381/3083,17,17,0,UNKNOWN,compact-r17-top64-v1,initial_measurement,43,94216973469498,COMPLETE_NATIVE_ATLAS,39120,0,NOT_APPLICABLE,0,NOT_APPLICABLE,0,0,0,0,0,1
compact_r17_initial_measurements_v1.json:compact-r17-top64-v1:46,published-R17,-2221/1361,17,17,0,UNKNOWN,compact-r17-top64-v1,initial_measurement,43,94179586502154,COMPLETE_NATIVE_ATLAS,39120,0,NOT_APPLICABLE,0,NOT_APPLICABLE,0,0,0,0,0,1
compact_r17_initial_measurements_v1.json:compact-r17-top64-v1:47,published-R17,-639/2575,17,18,1,UNKNOWN,compact-r17-top64-v1,initial_measurement,43,94145893555494,COMPLETE_NATIVE_ATLAS,39120,0,NOT_APPLICABLE,0,NOT_APPLICABLE,0,0,0,0,0,1
compact_r17_initial_measurements_v1.json:compact-r17-top64-v1:48,published-R17,1348/1431,17,22,5,UNKNOWN,compact-r17-top64-v1,initial_measurement,43,94139618237078,COMPLETE_NATIVE_ATLAS,39120,1,0,0,NOT_APPLICABLE,0,0,0,0,0,2
compact_r17_initial_measurements_v1.json:compact-r17-top64-v1:49,published-R17,1966/3615,17,17,0,UNKNOWN,compact-r17-top64-v1,initial_measurement,43,94104425700992,COMPLETE_NATIVE_ATLAS,39120,0,NOT_APPLICABLE,0,NOT_APPLICABLE,0,0,0,0,0,1
compact_r17_initial_measurements_v1.json:compact-r17-top64-v1:50,published-R17,2139/3865,17,18,1,UNKNOWN,compact-r17-top64-v1,initial_measurement,43,94049078766149,COMPLETE_NATIVE_ATLAS,39120,0,NOT_APPLICABLE,0,NOT_APPLICABLE,0,0,0,0,0,1
compact_r17_initial_measurements_v1.json:compact-r17-top64-v1:51,published-R17,-4021/2640,17,17,0,UNKNOWN,compact-r17-top64-v1,initial_measurement,43,94047398590772,COMPLETE_NATIVE_ATLAS,39120,0,NOT_APPLICABLE,0,NOT_APPLICABLE,0,0,0,0,0,1
compact_r17_initial_measurements_v1.json:compact-r17-top64-v1:52,published-R17,-2416/9,17,21,4,UNKNOWN,compact-r17-top64-v1,initial_measurement,43,94031081689835,COMPLETE_NATIVE_ATLAS,39120,2,1,4,UNKNOWN_NO_COMMON_RELATION_DICTIONARY,0,0,0,0,1,4
compact_r17_initial_measurements_v1.json:compact-r17-top64-v1:53,published-R17,-3958/1267,17,17,0,UNKNOWN,compact-r17-top64-v1,initial_measurement,43,94028160456937,COMPLETE_NATIVE_ATLAS,39120,0,NOT_APPLICABLE,0,NOT_APPLICABLE,0,0,0,0,0,1
compact_r17_initial_measurements_v1.json:compact-r17-top64-v1:54,published-R17,3419/3564,17,19,2,UNKNOWN,compact-r17-top64-v1,initial_measurement,43,94017861508878,COMPLETE_NATIVE_ATLAS,39120,1,0,0,NOT_APPLICABLE,0,0,0,0,0,2
compact_r17_initial_measurements_v1.json:compact-r17-top64-v1:55,published-R17,-1853/270,17,17,0,UNKNOWN,compact-r17-top64-v1,initial_measurement,43,94008100471027,COMPLETE_NATIVE_ATLAS,39120,0,NOT_APPLICABLE,0,NOT_APPLICABLE,0,0,0,0,0,1
compact_r17_initial_measurements_v1.json:compact-r17-top64-v1:56,published-R17,2762/3203,17,19,2,UNKNOWN,compact-r17-top64-v1,initial_measurement,43,94006956919151,COMPLETE_NATIVE_ATLAS,39120,0,NOT_APPLICABLE,0,NOT_APPLICABLE,0,0,0,0,0,1
compact_r17_initial_measurements_v1.json:compact-r17-top64-v1:57,published-R17,-511/2711,17,18,1,UNKNOWN,compact-r17-top64-v1,initial_measurement,43,93984039017275,COMPLETE_NATIVE_ATLAS,39120,0,NOT_APPLICABLE,0,NOT_APPLICABLE,0,0,0,0,0,1
compact_r17_initial_measurements_v1.json:compact-r17-top64-v1:58,published-R17,-1561/3133,17,17,0,UNKNOWN,compact-r17-top64-v1,initial_measurement,43,93955181295586,COMPLETE_NATIVE_ATLAS,39120,0,NOT_APPLICABLE,0,NOT_APPLICABLE,0,0,0,0,0,1
compact_r17_initial_measurements_v1.json:compact-r17-top64-v1:59,published-R17,754/3427,17,17,0,UNKNOWN,compact-r17-top64-v1,initial_measurement,43,93915605841185,COMPLETE_NATIVE_ATLAS,39120,0,NOT_APPLICABLE,0,NOT_APPLICABLE,0,0,0,0,0,1
compact_r17_initial_measurements_v1.json:compact-r17-top64-v1:60,published-R17,-1599/3584,17,17,0,UNKNOWN,compact-r17-top64-v1,initial_measurement,43,93906170072956,COMPLETE_NATIVE_ATLAS,39120,0,NOT_APPLICABLE,0,NOT_APPLICABLE,0,0,0,0,0,1
compact_r17_initial_measurements_v1.json:compact-r17-top64-v1:61,published-R17,611/4020,17,17,0,UNKNOWN,compact-r17-top64-v1,initial_measurement,43,93906169295979,COMPLETE_NATIVE_ATLAS,39120,0,NOT_APPLICABLE,0,NOT_APPLICABLE,0,0,0,0,0,1
compact_r17_initial_measurements_v1.json:compact-r17-top64-v1:62,published-R17,2108/1939,17,17,0,UNKNOWN,compact-r17-top64-v1,initial_measurement,43,93901050384619,COMPLETE_NATIVE_ATLAS,39120,0,NOT_APPLICABLE,0,NOT_APPLICABLE,0,0,0,0,0,1
compact_r17_initial_measurements_v1.json:compact-r17-top64-v1:63,published-R17,-894/749,17,20,3,UNKNOWN,compact-r17-top64-v1,initial_measurement,43,93898430076303,COMPLETE_NATIVE_ATLAS,39120,1,0,0,NOT_APPLICABLE,0,0,0,0,0,2
compact_r17_initial_measurements_v1.json:compact-r17-h16384-v1:1,published-R17,-1121/9525,17,17,0,UNKNOWN,compact-r17-h16384-v1,initial_measurement,43,99485401486189,COMPLETE_NATIVE_ATLAS,39120,0,NOT_APPLICABLE,0,NOT_APPLICABLE,0,0,0,0,0,1
compact_r17_initial_measurements_v1.json:compact-r17-h16384-v1:3,published-R17,11744/9849,17,17,0,UNKNOWN,compact-r17-h16384-v1,initial_measurement,43,99465106822511,COMPLETE_NATIVE_ATLAS,39120,0,NOT_APPLICABLE,0,NOT_APPLICABLE,0,0,0,0,0,1
compact_r17_initial_measurements_v1.json:compact-r17-h16384-v1:4,published-R17,10126/15275,17,17,0,UNKNOWN,compact-r17-h16384-v1,initial_measurement,43,98809920228272,COMPLETE_NATIVE_ATLAS,39120,0,NOT_APPLICABLE,0,NOT_APPLICABLE,0,0,0,0,0,1
compact_r17_initial_measurements_v1.json:compact-r17-h16384-v1:5,published-R17,13969/15813,17,17,0,UNKNOWN,compact-r17-h16384-v1,initial_measurement,43,98609330489014,COMPLETE_NATIVE_ATLAS,39120,0,NOT_APPLICABLE,0,NOT_APPLICABLE,0,0,0,0,0,1
compact_r17_initial_measurements_v1.json:compact-r17-h16384-v1:6,published-R17,-848/9373,17,17,0,UNKNOWN,compact-r17-h16384-v1,initial_measurement,43,98399601262397,COMPLETE_NATIVE_ATLAS,39120,0,NOT_APPLICABLE,0,NOT_APPLICABLE,0,0,0,0,0,1
compact_r17_initial_measurements_v1.json:compact-r17-h16384-v1:7,published-R17,4250/9093,17,17,0,UNKNOWN,compact-r17-h16384-v1,initial_measurement,43,98358486733377,COMPLETE_NATIVE_ATLAS,39120,0,NOT_APPLICABLE,0,NOT_APPLICABLE,0,0,0,0,0,1
compact_r17_initial_measurements_v1.json:compact-r17-h16384-v1:8,published-R17,15850/13287,17,17,0,UNKNOWN,compact-r17-h16384-v1,initial_measurement,43,98326482086191,COMPLETE_NATIVE_ATLAS,39120,0,NOT_APPLICABLE,0,NOT_APPLICABLE,0,0,0,0,0,1
compact_r17_initial_measurements_v1.json:compact-r17-h16384-v1:9,published-R17,13833/10535,17,17,0,UNKNOWN,compact-r17-h16384-v1,initial_measurement,43,98108566910080,COMPLETE_NATIVE_ATLAS,39120,0,NOT_APPLICABLE,0,NOT_APPLICABLE,0,0,0,0,0,1
compact_r17_initial_measurements_v1.json:compact-r17-h16384-v1:11,published-R17,5653/7526,17,17,0,UNKNOWN,compact-r17-h16384-v1,initial_measurement,43,97994359219572,COMPLETE_NATIVE_ATLAS,39120,0,NOT_APPLICABLE,0,NOT_APPLICABLE,0,0,0,0,0,1
compact_r17_initial_measurements_v1.json:compact-r17-h16384-v1:12,published-R17,-5284/455,17,19,2,UNKNOWN,compact-r17-h16384-v1,initial_measurement,43,97951965667516,COMPLETE_NATIVE_ATLAS,39120,1,0,0,NOT_APPLICABLE,0,0,0,0,0,2
compact_r17_initial_measurements_v1.json:compact-r17-h16384-v1:13,published-R17,9629/2857,17,17,0,UNKNOWN,compact-r17-h16384-v1,initial_measurement,43,97950641445645,COMPLETE_NATIVE_ATLAS,39120,0,NOT_APPLICABLE,0,NOT_APPLICABLE,0,0,0,0,0,1
compact_r17_initial_measurements_v1.json:compact-r17-h16384-v1:14,published-R17,-8921/2715,17,17,0,UNKNOWN,compact-r17-h16384-v1,initial_measurement,43,97775217693214,COMPLETE_NATIVE_ATLAS,39120,0,NOT_APPLICABLE,0,NOT_APPLICABLE,0,0,0,0,0,1
compact_r17_initial_measurements_v1.json:compact-r17-h16384-v1:15,published-R17,-373/12028,17,17,0,UNKNOWN,compact-r17-h16384-v1,initial_measurement,43,97632064165910,COMPLETE_NATIVE_ATLAS,39120,0,NOT_APPLICABLE,0,NOT_APPLICABLE,0,0,0,0,0,1
compact_r17_initial_measurements_v1.json:compact-r17-h16384-v1:16,published-R17,11992/8347,17,17,0,UNKNOWN,compact-r17-h16384-v1,initial_measurement,43,97411887532547,COMPLETE_NATIVE_ATLAS,39120,0,NOT_APPLICABLE,0,NOT_APPLICABLE,0,0,0,0,0,1
compact_r17_initial_measurements_v1.json:compact-r17-h16384-v1:17,published-R17,13591/9675,17,17,0,UNKNOWN,compact-r17-h16384-v1,initial_measurement,43,97365694442404,COMPLETE_NATIVE_ATLAS,39120,0,NOT_APPLICABLE,0,NOT_APPLICABLE,0,0,0,0,0,1
compact_r17_initial_measurements_v1.json:compact-r17-h16384-v1:18,published-R17,-10485/8323,17,17,0,UNKNOWN,compact-r17-h16384-v1,initial_measurement,43,97322609053158,COMPLETE_NATIVE_ATLAS,39120,0,NOT_APPLICABLE,0,NOT_APPLICABLE,0,0,0,0,0,1
compact_r17_initial_measurements_v1.json:compact-r17-h16384-v1:19,published-R17,8524/2211,17,17,0,UNKNOWN,compact-r17-h16384-v1,initial_measurement,43,97292610039575,COMPLETE_NATIVE_ATLAS,39120,0,NOT_APPLICABLE,0,NOT_APPLICABLE,0,0,0,0,0,1
compact_r17_initial_measurements_v1.json:compact-r17-h16384-v1:20,published-R17,-14817/4960,17,17,0,UNKNOWN,compact-r17-h16384-v1,initial_measurement,43,97262898225586,COMPLETE_NATIVE_ATLAS,39120,0,NOT_APPLICABLE,0,NOT_APPLICABLE,0,0,0,0,0,1
compact_r17_initial_measurements_v1.json:compact-r17-h16384-v1:21,published-R17,2798/7213,17,17,0,UNKNOWN,compact-r17-h16384-v1,initial_measurement,43,97261271903531,COMPLETE_NATIVE_ATLAS,39120,0,NOT_APPLICABLE,0,NOT_APPLICABLE,0,0,0,0,0,1
compact_r17_initial_measurements_v1.json:compact-r17-h16384-v1:22,published-R17,-3106/4753,17,17,0,UNKNOWN,compact-r17-h16384-v1,initial_measurement,43,97142628684144,COMPLETE_NATIVE_ATLAS,39120,1,0,0,NOT_APPLICABLE,0,0,0,0,0,2
compact_r17_initial_measurements_v1.json:compact-r17-h16384-v1:23,published-R17,9181/3402,17,17,0,UNKNOWN,compact-r17-h16384-v1,initial_measurement,43,97141464967769,COMPLETE_NATIVE_ATLAS,39120,0,NOT_APPLICABLE,0,NOT_APPLICABLE,0,0,0,0,0,1
compact_r17_initial_measurements_v1.json:compact-r17-h16384-v1:24,published-R17,-5195/5602,17,17,0,UNKNOWN,compact-r17-h16384-v1,initial_measurement,43,97079491663928,COMPLETE_NATIVE_ATLAS,39120,0,NOT_APPLICABLE,0,NOT_APPLICABLE,0,0,0,0,0,1
compact_r17_initial_measurements_v1.json:compact-r17-h16384-v1:26,published-R17,-4253/2347,17,19,2,UNKNOWN,compact-r17-h16384-v1,initial_measurement,43,97074690693546,COMPLETE_NATIVE_ATLAS,39120,0,NOT_APPLICABLE,0,NOT_APPLICABLE,0,0,0,0,0,1
compact_r17_initial_measurements_v1.json:compact-r17-h16384-v1:27,published-R17,-5353/4106,17,17,0,UNKNOWN,compact-r17-h16384-v1,initial_measurement,43,97031561435902,COMPLETE_NATIVE_ATLAS,39120,0,NOT_APPLICABLE,0,NOT_APPLICABLE,0,0,0,0,0,1
compact_r17_initial_measurements_v1.json:compact-r17-h16384-v1:28,published-R17,-9795/13063,17,18,1,UNKNOWN,compact-r17-h16384-v1,initial_measurement,43,97003928258287,COMPLETE_NATIVE_ATLAS,39120,0,NOT_APPLICABLE,0,NOT_APPLICABLE,0,0,0,0,0,1
compact_r17_initial_measurements_v1.json:compact-r17-h16384-v1:29,published-R17,-14466/15721,17,17,0,UNKNOWN,compact-r17-h16384-v1,initial_measurement,43,96968218773885,COMPLETE_NATIVE_ATLAS,39120,0,NOT_APPLICABLE,0,NOT_APPLICABLE,0,0,0,0,0,1
compact_r17_initial_measurements_v1.json:compact-r17-h16384-v1:30,published-R17,-14809/1336,17,17,0,UNKNOWN,compact-r17-h16384-v1,initial_measurement,43,96937067575804,COMPLETE_NATIVE_ATLAS,39120,0,NOT_APPLICABLE,0,NOT_APPLICABLE,0,0,0,0,0,1
compact_r17_initial_measurements_v1.json:compact-r17-h16384-v1:31,published-R17,4120/14827,17,17,0,UNKNOWN,compact-r17-h16384-v1,initial_measurement,43,96903844761126,COMPLETE_NATIVE_ATLAS,39120,0,NOT_APPLICABLE,0,NOT_APPLICABLE,0,0,0,0,0,1
compact_r17_initial_measurements_v1.json:compact-r17-h16384-v1:32,published-R17,-6726/2305,17,18,1,UNKNOWN,compact-r17-h16384-v1,initial_measurement,43,96901484412967,COMPLETE_NATIVE_ATLAS,39120,1,0,0,NOT_APPLICABLE,0,0,0,0,0,2
compact_r17_initial_measurements_v1.json:compact-r17-h16384-v1:33,published-R17,-15937/10028,17,18,1,UNKNOWN,compact-r17-h16384-v1,initial_measurement,43,96885171728162,COMPLETE_NATIVE_ATLAS,39120,0,NOT_APPLICABLE,0,NOT_APPLICABLE,0,0,0,0,0,1
compact_r17_initial_measurements_v1.json:compact-r17-h16384-v1:35,published-R17,-649/10913,17,17,0,UNKNOWN,compact-r17-h16384-v1,initial_measurement,43,96862013957956,COMPLETE_NATIVE_ATLAS,39120,0,NOT_APPLICABLE,0,NOT_APPLICABLE,0,0,0,0,0,1
compact_r17_initial_measurements_v1.json:compact-r17-h16384-v1:36,published-R17,12344/8655,17,17,0,UNKNOWN,compact-r17-h16384-v1,initial_measurement,43,96861086301611,COMPLETE_NATIVE_ATLAS,39120,0,NOT_APPLICABLE,0,NOT_APPLICABLE,0,0,0,0,0,1
compact_r17_initial_measurements_v1.json:compact-r17-h16384-v1:37,published-R17,-430/7371,17,19,2,UNKNOWN,compact-r17-h16384-v1,initial_measurement,43,96829241079818,COMPLETE_NATIVE_ATLAS,39120,1,0,0,NOT_APPLICABLE,0,0,0,0,0,2
compact_r17_initial_measurements_v1.json:compact-r17-h16384-v1:38,published-R17,4197/4819,17,17,0,UNKNOWN,compact-r17-h16384-v1,initial_measurement,43,96748062999179,COMPLETE_NATIVE_ATLAS,39120,0,NOT_APPLICABLE,0,NOT_APPLICABLE,0,0,0,0,0,1
compact_r17_initial_measurements_v1.json:compact-r17-h16384-v1:39,published-R17,-4113/7910,17,17,0,UNKNOWN,compact-r17-h16384-v1,initial_measurement,43,96744134598649,COMPLETE_NATIVE_ATLAS,39120,0,NOT_APPLICABLE,0,NOT_APPLICABLE,0,0,0,0,0,1
compact_r17_initial_measurements_v1.json:compact-r17-h16384-v1:40,published-R17,-7726/2611,17,18,1,UNKNOWN,compact-r17-h16384-v1,initial_measurement,43,96726341640139,COMPLETE_NATIVE_ATLAS,39120,1,0,0,NOT_APPLICABLE,0,0,0,0,0,2
compact_r17_initial_measurements_v1.json:compact-r17-h16384-v1:41,published-R17,-10358/5863,17,19,2,UNKNOWN,compact-r17-h16384-v1,initial_measurement,43,96721621616123,COMPLETE_NATIVE_ATLAS,39120,0,NOT_APPLICABLE,0,NOT_APPLICABLE,0,0,0,0,0,1
compact_r17_initial_measurements_v1.json:compact-r17-h16384-v1:42,published-R17,4251/1375,17,17,0,UNKNOWN,compact-r17-h16384-v1,initial_measurement,43,96706915051561,COMPLETE_NATIVE_ATLAS,39120,0,NOT_APPLICABLE,0,NOT_APPLICABLE,0,0,0,0,0,1
compact_r17_initial_measurements_v1.json:compact-r17-h16384-v1:43,published-R17,-16246/13195,17,17,0,UNKNOWN,compact-r17-h16384-v1,initial_measurement,43,96656464884845,COMPLETE_NATIVE_ATLAS,39120,0,NOT_APPLICABLE,0,NOT_APPLICABLE,0,0,0,0,0,1
compact_r17_initial_measurements_v1.json:compact-r17-h16384-v1:44,published-R17,14981/15381,17,17,0,UNKNOWN,compact-r17-h16384-v1,initial_measurement,43,96644257690969,COMPLETE_NATIVE_ATLAS,39120,0,NOT_APPLICABLE,0,NOT_APPLICABLE,0,0,0,0,0,1
compact_r17_initial_measurements_v1.json:compact-r17-h16384-v1:45,published-R17,7127/1266,17,19,2,UNKNOWN,compact-r17-h16384-v1,initial_measurement,43,96630039026784,COMPLETE_NATIVE_ATLAS,39120,0,NOT_APPLICABLE,0,NOT_APPLICABLE,0,0,0,0,0,1
compact_r17_initial_measurements_v1.json:compact-r17-h16384-v1:46,published-R17,14771/6673,17,17,0,UNKNOWN,compact-r17-h16384-v1,initial_measurement,43,96621161119882,COMPLETE_NATIVE_ATLAS,39120,0,NOT_APPLICABLE,0,NOT_APPLICABLE,0,0,0,0,0,1
compact_r17_initial_measurements_v1.json:compact-r17-h16384-v1:47,published-R17,-14287/5405,17,17,0,UNKNOWN,compact-r17-h16384-v1,initial_measurement,43,96554439989680,COMPLETE_NATIVE_ATLAS,39120,0,NOT_APPLICABLE,0,NOT_APPLICABLE,0,0,0,0,0,1
compact_r17_initial_measurements_v1.json:compact-r17-h16384-v1:48,published-R17,-15472/8615,17,19,2,UNKNOWN,compact-r17-h16384-v1,initial_measurement,43,96553981716665,COMPLETE_NATIVE_ATLAS,39120,1,0,0,NOT_APPLICABLE,0,0,0,0,0,2
compact_r17_initial_measurements_v1.json:compact-r17-h16384-v1:49,published-R17,-3712/10017,17,17,0,UNKNOWN,compact-r17-h16384-v1,initial_measurement,43,96474143833099,COMPLETE_NATIVE_ATLAS,39120,0,NOT_APPLICABLE,0,NOT_APPLICABLE,0,0,0,0,0,1
compact_r17_initial_measurements_v1.json:compact-r17-h16384-v1:50,published-R17,-8382/14489,17,17,0,UNKNOWN,compact-r17-h16384-v1,initial_measurement,43,96454879685112,COMPLETE_NATIVE_ATLAS,39120,0,NOT_APPLICABLE,0,NOT_APPLICABLE,0,0,0,0,0,1
compact_r17_initial_measurements_v1.json:compact-r17-h16384-v1:51,published-R17,-3359/9754,17,17,0,UNKNOWN,compact-r17-h16384-v1,initial_measurement,43,96416724667574,COMPLETE_NATIVE_ATLAS,39120,0,NOT_APPLICABLE,0,NOT_APPLICABLE,0,0,0,0,0,1
compact_r17_initial_measurements_v1.json:compact-r17-h16384-v1:52,published-R17,5735/11074,17,19,2,UNKNOWN,compact-r17-h16384-v1,initial_measurement,43,96400344249231,COMPLETE_NATIVE_ATLAS,39120,1,0,0,NOT_APPLICABLE,0,0,0,0,0,2
compact_r17_initial_measurements_v1.json:compact-r17-h16384-v1:53,published-R17,-1291/11334,17,17,0,UNKNOWN,compact-r17-h16384-v1,initial_measurement,43,96398648523594,COMPLETE_NATIVE_ATLAS,39120,0,NOT_APPLICABLE,0,NOT_APPLICABLE,0,0,0,0,0,1
compact_r17_initial_measurements_v1.json:compact-r17-h16384-v1:55,published-R17,-8387/1750,17,17,0,UNKNOWN,compact-r17-h16384-v1,initial_measurement,43,96349474875263,COMPLETE_NATIVE_ATLAS,39120,0,NOT_APPLICABLE,0,NOT_APPLICABLE,0,0,0,0,0,1
compact_r17_initial_measurements_v1.json:compact-r17-h16384-v1:56,published-R17,1641/15448,17,17,0,UNKNOWN,compact-r17-h16384-v1,initial_measurement,43,96304902447410,COMPLETE_NATIVE_ATLAS,39120,0,NOT_APPLICABLE,0,NOT_APPLICABLE,0,0,0,0,0,1
compact_r17_initial_measurements_v1.json:compact-r17-h16384-v1:57,published-R17,8637/3040,17,19,2,UNKNOWN,compact-r17-h16384-v1,initial_measurement,43,96300314879494,COMPLETE_NATIVE_ATLAS,39120,1,0,0,NOT_APPLICABLE,0,0,0,0,0,2
compact_r17_initial_measurements_v1.json:compact-r17-h16384-v1:58,published-R17,10126/11795,17,17,0,UNKNOWN,compact-r17-h16384-v1,initial_measurement,43,96291854473360,COMPLETE_NATIVE_ATLAS,39120,0,NOT_APPLICABLE,0,NOT_APPLICABLE,0,0,0,0,0,1
compact_r17_initial_measurements_v1.json:compact-r17-h16384-v1:59,published-R17,-10481/8914,17,17,0,UNKNOWN,compact-r17-h16384-v1,initial_measurement,43,96287757053976,COMPLETE_NATIVE_ATLAS,39120,0,NOT_APPLICABLE,0,NOT_APPLICABLE,0,0,0,0,0,1
compact_r17_initial_measurements_v1.json:compact-r17-h16384-v1:60,published-R17,-4659/2815,17,17,0,UNKNOWN,compact-r17-h16384-v1,initial_measurement,43,96264041054661,COMPLETE_NATIVE_ATLAS,39120,0,NOT_APPLICABLE,0,NOT_APPLICABLE,0,0,0,0,0,1
compact_r17_initial_measurements_v1.json:compact-r17-h16384-v1:61,published-R17,-11412/11111,17,17,0,UNKNOWN,compact-r17-h16384-v1,initial_measurement,43,96255128943671,COMPLETE_NATIVE_ATLAS,39120,0,NOT_APPLICABLE,0,NOT_APPLICABLE,0,0,0,0,0,1
compact_r17_initial_measurements_v1.json:compact-r17-h16384-v1:62,published-R17,-15266/10685,17,17,0,UNKNOWN,compact-r17-h16384-v1,initial_measurement,43,96246620299246,COMPLETE_NATIVE_ATLAS,39120,0,NOT_APPLICABLE,0,NOT_APPLICABLE,0,0,0,0,0,1
compact_r17_initial_measurements_v1.json:compact-r17-h16384-v1:63,published-R17,-7540/2317,17,21,4,UNKNOWN,compact-r17-h16384-v1,initial_measurement,43,96246266745874,COMPLETE_NATIVE_ATLAS,39120,0,NOT_APPLICABLE,0,NOT_APPLICABLE,0,0,0,0,0,1
rank_jump_completed_cohort_panel_v1.json:074d9-001,074d9,-670/1129,17,24,7,UNKNOWN,compact192_r17_results_v1.json,completed_initial,43,,UNTESTED_NO_VALID_ATLAS_OR_PARAMETER,,,UNTESTED,UNTESTED,UNTESTED,UNTESTED,UNTESTED,UNTESTED,,,
rank_jump_completed_cohort_panel_v1.json:074d9-002,074d9,-2336/731,17,25,8,UNKNOWN,compact192_r17_results_v1.json,completed_initial,43,,UNTESTED_NO_VALID_ATLAS_OR_PARAMETER,,,UNTESTED,UNTESTED,UNTESTED,UNTESTED,UNTESTED,UNTESTED,,,
rank_jump_completed_cohort_panel_v1.json:074d9-003,074d9,-807/115,17,23,6,UNKNOWN,compact192_r17_results_v1.json,completed_initial,43,,UNTESTED_NO_VALID_ATLAS_OR_PARAMETER,,,UNTESTED,UNTESTED,UNTESTED,UNTESTED,UNTESTED,UNTESTED,,,
rank_jump_completed_cohort_panel_v1.json:074d9-004,074d9,1133/1165,17,21,4,UNKNOWN,compact192_r17_results_v1.json,completed_initial,43,,UNTESTED_NO_VALID_ATLAS_OR_PARAMETER,,,UNTESTED,UNTESTED,UNTESTED,UNTESTED,UNTESTED,UNTESTED,,,
rank_jump_completed_cohort_panel_v1.json:074d9-005,074d9,-1773/136,17,24,7,UNKNOWN,compact192_r17_results_v1.json,completed_initial,43,,UNTESTED_NO_VALID_ATLAS_OR_PARAMETER,,,UNTESTED,UNTESTED,UNTESTED,UNTESTED,UNTESTED,UNTESTED,,,
rank_jump_completed_cohort_panel_v1.json:074d9-006,074d9,1224/931,17,22,5,UNKNOWN,compact192_r17_results_v1.json,completed_initial,43,,UNTESTED_NO_VALID_ATLAS_OR_PARAMETER,,,UNTESTED,UNTESTED,UNTESTED,UNTESTED,UNTESTED,UNTESTED,,,
rank_jump_completed_cohort_panel_v1.json:074d9-007,074d9,-297/335,17,22,5,UNKNOWN,compact192_r17_results_v1.json,completed_initial,43,,UNTESTED_NO_VALID_ATLAS_OR_PARAMETER,,,UNTESTED,UNTESTED,UNTESTED,UNTESTED,UNTESTED,UNTESTED,,,
rank_jump_completed_cohort_panel_v1.json:074d9-008,074d9,1019/3300,17,18,1,UNKNOWN,compact192_r17_results_v1.json,completed_initial,43,,UNTESTED_NO_VALID_ATLAS_OR_PARAMETER,,,UNTESTED,UNTESTED,UNTESTED,UNTESTED,UNTESTED,UNTESTED,,,
rank_jump_completed_cohort_panel_v1.json:074d9-009,074d9,-578/3795,17,19,2,UNKNOWN,compact192_r17_results_v1.json,completed_initial,43,,UNTESTED_NO_VALID_ATLAS_OR_PARAMETER,,,UNTESTED,UNTESTED,UNTESTED,UNTESTED,UNTESTED,UNTESTED,,,
rank_jump_completed_cohort_panel_v1.json:074d9-010,074d9,1811/3542,17,17,0,UNKNOWN,compact192_r17_results_v1.json,completed_initial,43,,UNTESTED_NO_VALID_ATLAS_OR_PARAMETER,,,UNTESTED,UNTESTED,UNTESTED,UNTESTED,UNTESTED,UNTESTED,,,
rank_jump_completed_cohort_panel_v1.json:074d9-011,074d9,-2021/2823,17,24,7,UNKNOWN,compact192_r17_results_v1.json,completed_initial,43,,UNTESTED_NO_VALID_ATLAS_OR_PARAMETER,,,UNTESTED,UNTESTED,UNTESTED,UNTESTED,UNTESTED,UNTESTED,,,
rank_jump_completed_cohort_panel_v1.json:074d9-012,074d9,-661/900,17,23,6,UNKNOWN,compact192_r17_results_v1.json,completed_initial,43,,UNTESTED_NO_VALID_ATLAS_OR_PARAMETER,,,UNTESTED,UNTESTED,UNTESTED,UNTESTED,UNTESTED,UNTESTED,,,
rank_jump_completed_cohort_panel_v1.json:074d9-013,074d9,-2789/1357,17,22,5,UNKNOWN,compact192_r17_results_v1.json,completed_initial,43,,UNTESTED_NO_VALID_ATLAS_OR_PARAMETER,,,UNTESTED,UNTESTED,UNTESTED,UNTESTED,UNTESTED,UNTESTED,,,
rank_jump_completed_cohort_panel_v1.json:074d9-014,074d9,32/3951,17,17,0,UNKNOWN,compact192_r17_results_v1.json,completed_initial,43,,UNTESTED_NO_VALID_ATLAS_OR_PARAMETER,,,UNTESTED,UNTESTED,UNTESTED,UNTESTED,UNTESTED,UNTESTED,,,
rank_jump_completed_cohort_panel_v1.json:074d9-015,074d9,-1173/3370,17,18,1,UNKNOWN,compact192_r17_results_v1.json,completed_initial,43,,UNTESTED_NO_VALID_ATLAS_OR_PARAMETER,,,UNTESTED,UNTESTED,UNTESTED,UNTESTED,UNTESTED,UNTESTED,,,
rank_jump_completed_cohort_panel_v1.json:074d9-016,074d9,-1028/2399,17,18,1,UNKNOWN,compact192_r17_results_v1.json,completed_initial,43,,UNTESTED_NO_VALID_ATLAS_OR_PARAMETER,,,UNTESTED,UNTESTED,UNTESTED,UNTESTED,UNTESTED,UNTESTED,,,
rank_jump_completed_cohort_panel_v1.json:074d9-017,074d9,905/3564,17,17,0,UNKNOWN,compact192_r17_results_v1.json,completed_initial,43,,UNTESTED_NO_VALID_ATLAS_OR_PARAMETER,,,UNTESTED,UNTESTED,UNTESTED,UNTESTED,UNTESTED,UNTESTED,,,
rank_jump_completed_cohort_panel_v1.json:074d9-018,074d9,2824/885,17,17,0,UNKNOWN,compact192_r17_results_v1.json,completed_initial,43,,UNTESTED_NO_VALID_ATLAS_OR_PARAMETER,,,UNTESTED,UNTESTED,UNTESTED,UNTESTED,UNTESTED,UNTESTED,,,
rank_jump_completed_cohort_panel_v1.json:074d9-019,074d9,-1223/3329,17,21,4,UNKNOWN,compact192_r17_results_v1.json,completed_initial,43,,UNTESTED_NO_VALID_ATLAS_OR_PARAMETER,,,UNTESTED,UNTESTED,UNTESTED,UNTESTED,UNTESTED,UNTESTED,,,
rank_jump_completed_cohort_panel_v1.json:074d9-020,074d9,-661/194,17,21,4,UNKNOWN,compact192_r17_results_v1.json,completed_initial,43,,UNTESTED_NO_VALID_ATLAS_OR_PARAMETER,,,UNTESTED,UNTESTED,UNTESTED,UNTESTED,UNTESTED,UNTESTED,,,
rank_jump_completed_cohort_panel_v1.json:074d9-021,074d9,26/57,17,24,7,UNKNOWN,compact192_r17_results_v1.json,completed_initial,43,,UNTESTED_NO_VALID_ATLAS_OR_PARAMETER,,,UNTESTED,UNTESTED,UNTESTED,UNTESTED,UNTESTED,UNTESTED,,,
rank_jump_completed_cohort_panel_v1.json:074d9-022,074d9,-2324/2523,17,18,1,UNKNOWN,compact192_r17_results_v1.json,completed_initial,43,,UNTESTED_NO_VALID_ATLAS_OR_PARAMETER,,,UNTESTED,UNTESTED,UNTESTED,UNTESTED,UNTESTED,UNTESTED,,,
rank_jump_completed_cohort_panel_v1.json:074d9-023,074d9,-3292/1837,17,19,2,UNKNOWN,compact192_r17_results_v1.json,completed_initial,43,,UNTESTED_NO_VALID_ATLAS_OR_PARAMETER,,,UNTESTED,UNTESTED,UNTESTED,UNTESTED,UNTESTED,UNTESTED,,,
rank_jump_completed_cohort_panel_v1.json:074d9-024,074d9,173/429,17,21,4,UNKNOWN,compact192_r17_results_v1.json,completed_initial,43,,UNTESTED_NO_VALID_ATLAS_OR_PARAMETER,,,UNTESTED,UNTESTED,UNTESTED,UNTESTED,UNTESTED,UNTESTED,,,
rank_jump_completed_cohort_panel_v1.json:074d9-025,074d9,121/695,17,20,3,UNKNOWN,compact192_r17_results_v1.json,completed_initial,43,,UNTESTED_NO_VALID_ATLAS_OR_PARAMETER,,,UNTESTED,UNTESTED,UNTESTED,UNTESTED,UNTESTED,UNTESTED,,,
rank_jump_completed_cohort_panel_v1.json:074d9-026,074d9,4075/4018,17,17,0,UNKNOWN,compact192_r17_results_v1.json,completed_initial,43,,UNTESTED_NO_VALID_ATLAS_OR_PARAMETER,,,UNTESTED,UNTESTED,UNTESTED,UNTESTED,UNTESTED,UNTESTED,,,
rank_jump_completed_cohort_panel_v1.json:074d9-027,074d9,-676/921,17,23,6,UNKNOWN,compact192_r17_results_v1.json,completed_initial,43,,UNTESTED_NO_VALID_ATLAS_OR_PARAMETER,,,UNTESTED,UNTESTED,UNTESTED,UNTESTED,UNTESTED,UNTESTED,,,
rank_jump_completed_cohort_panel_v1.json:074d9-028,074d9,1381/558,17,22,5,UNKNOWN,compact192_r17_results_v1.json,completed_initial,43,,UNTESTED_NO_VALID_ATLAS_OR_PARAMETER,,,UNTESTED,UNTESTED,UNTESTED,UNTESTED,UNTESTED,UNTESTED,,,
rank_jump_completed_cohort_panel_v1.json:074d9-029,074d9,3013/980,17,17,0,UNKNOWN,compact192_r17_results_v1.json,completed_initial,43,,UNTESTED_NO_VALID_ATLAS_OR_PARAMETER,,,UNTESTED,UNTESTED,UNTESTED,UNTESTED,UNTESTED,UNTESTED,,,
rank_jump_completed_cohort_panel_v1.json:074d9-030,074d9,-1449/1094,17,24,7,UNKNOWN,compact192_r17_results_v1.json,completed_initial,43,,UNTESTED_NO_VALID_ATLAS_OR_PARAMETER,,,UNTESTED,UNTESTED,UNTESTED,UNTESTED,UNTESTED,UNTESTED,,,
rank_jump_completed_cohort_panel_v1.json:074d9-031,074d9,38/353,17,23,6,UNKNOWN,compact192_r17_results_v1.json,completed_initial,43,,UNTESTED_NO_VALID_ATLAS_OR_PARAMETER,,,UNTESTED,UNTESTED,UNTESTED,UNTESTED,UNTESTED,UNTESTED,,,
rank_jump_completed_cohort_panel_v1.json:074d9-032,074d9,-935/2279,17,21,4,UNKNOWN,compact192_r17_results_v1.json,completed_initial,43,,UNTESTED_NO_VALID_ATLAS_OR_PARAMETER,,,UNTESTED,UNTESTED,UNTESTED,UNTESTED,UNTESTED,UNTESTED,,,
rank_jump_completed_cohort_panel_v1.json:07ca9-001,07ca9,760/211,17,26,9,UNKNOWN,compact192_r17_results_v1.json,completed_initial,43,,UNTESTED_NO_VALID_ATLAS_OR_PARAMETER,,,UNTESTED,UNTESTED,UNTESTED,UNTESTED,UNTESTED,UNTESTED,,,
rank_jump_completed_cohort_panel_v1.json:07ca9-002,07ca9,561/26,17,24,7,UNKNOWN,compact192_r17_results_v1.json,completed_initial,43,,UNTESTED_NO_VALID_ATLAS_OR_PARAMETER,,,UNTESTED,UNTESTED,UNTESTED,UNTESTED,UNTESTED,UNTESTED,,,
rank_jump_completed_cohort_panel_v1.json:07ca9-003,07ca9,422/879,17,24,7,UNKNOWN,compact192_r17_results_v1.json,completed_initial,43,,UNTESTED_NO_VALID_ATLAS_OR_PARAMETER,,,UNTESTED,UNTESTED,UNTESTED,UNTESTED,UNTESTED,UNTESTED,,,
rank_jump_completed_cohort_panel_v1.json:07ca9-004,07ca9,117/238,17,24,7,UNKNOWN,compact192_r17_results_v1.json,completed_initial,43,,UNTESTED_NO_VALID_ATLAS_OR_PARAMETER,,,UNTESTED,UNTESTED,UNTESTED,UNTESTED,UNTESTED,UNTESTED,,,
rank_jump_completed_cohort_panel_v1.json:07ca9-005,07ca9,869/2730,17,24,7,UNKNOWN,compact192_r17_results_v1.json,completed_initial,43,,UNTESTED_NO_VALID_ATLAS_OR_PARAMETER,,,UNTESTED,UNTESTED,UNTESTED,UNTESTED,UNTESTED,UNTESTED,,,
rank_jump_completed_cohort_panel_v1.json:07ca9-006,07ca9,-575/1207,17,26,9,UNKNOWN,compact192_r17_results_v1.json,completed_initial,43,,UNTESTED_NO_VALID_ATLAS_OR_PARAMETER,,,UNTESTED,UNTESTED,UNTESTED,UNTESTED,UNTESTED,UNTESTED,,,
rank_jump_completed_cohort_panel_v1.json:07ca9-007,07ca9,-1193/99,17,25,8,UNKNOWN,compact192_r17_results_v1.json,completed_initial,43,,UNTESTED_NO_VALID_ATLAS_OR_PARAMETER,,,UNTESTED,UNTESTED,UNTESTED,UNTESTED,UNTESTED,UNTESTED,,,
rank_jump_completed_cohort_panel_v1.json:07ca9-008,07ca9,965/1196,17,23,6,UNKNOWN,compact192_r17_results_v1.json,completed_initial,43,,UNTESTED_NO_VALID_ATLAS_OR_PARAMETER,,,UNTESTED,UNTESTED,UNTESTED,UNTESTED,UNTESTED,UNTESTED,,,
rank_jump_completed_cohort_panel_v1.json:07ca9-009,07ca9,-3693/1163,17,18,1,UNKNOWN,compact192_r17_results_v1.json,completed_initial,43,,UNTESTED_NO_VALID_ATLAS_OR_PARAMETER,,,UNTESTED,UNTESTED,UNTESTED,UNTESTED,UNTESTED,UNTESTED,,,
rank_jump_completed_cohort_panel_v1.json:07ca9-010,07ca9,3160/287,17,18,1,UNKNOWN,compact192_r17_results_v1.json,completed_initial,43,,UNTESTED_NO_VALID_ATLAS_OR_PARAMETER,,,UNTESTED,UNTESTED,UNTESTED,UNTESTED,UNTESTED,UNTESTED,,,
rank_jump_completed_cohort_panel_v1.json:07ca9-011,07ca9,3307/1128,17,26,9,UNKNOWN,compact192_r17_results_v1.json,completed_initial,43,,UNTESTED_NO_VALID_ATLAS_OR_PARAMETER,,,UNTESTED,UNTESTED,UNTESTED,UNTESTED,UNTESTED,UNTESTED,,,
rank_jump_completed_cohort_panel_v1.json:07ca9-012,07ca9,-1620/3023,17,19,2,UNKNOWN,compact192_r17_results_v1.json,completed_initial,43,,UNTESTED_NO_VALID_ATLAS_OR_PARAMETER,,,UNTESTED,UNTESTED,UNTESTED,UNTESTED,UNTESTED,UNTESTED,,,
rank_jump_completed_cohort_panel_v1.json:07ca9-013,07ca9,2393/1860,17,25,8,UNKNOWN,compact192_r17_results_v1.json,completed_initial,43,,UNTESTED_NO_VALID_ATLAS_OR_PARAMETER,,,UNTESTED,UNTESTED,UNTESTED,UNTESTED,UNTESTED,UNTESTED,,,
rank_jump_completed_cohort_panel_v1.json:07ca9-014,07ca9,3775/2497,17,18,1,UNKNOWN,compact192_r17_results_v1.json,completed_initial,43,,UNTESTED_NO_VALID_ATLAS_OR_PARAMETER,,,UNTESTED,UNTESTED,UNTESTED,UNTESTED,UNTESTED,UNTESTED,,,
rank_jump_completed_cohort_panel_v1.json:07ca9-015,07ca9,-1742/4013,17,18,1,UNKNOWN,compact192_r17_results_v1.json,completed_initial,43,,UNTESTED_NO_VALID_ATLAS_OR_PARAMETER,,,UNTESTED,UNTESTED,UNTESTED,UNTESTED,UNTESTED,UNTESTED,,,
rank_jump_completed_cohort_panel_v1.json:07ca9-016,07ca9,3065/48,17,20,3,UNKNOWN,compact192_r17_results_v1.json,completed_initial,43,,UNTESTED_NO_VALID_ATLAS_OR_PARAMETER,,,UNTESTED,UNTESTED,UNTESTED,UNTESTED,UNTESTED,UNTESTED,,,
rank_jump_completed_cohort_panel_v1.json:07ca9-017,07ca9,3435/3841,17,17,0,UNKNOWN,compact192_r17_results_v1.json,completed_initial,43,,UNTESTED_NO_VALID_ATLAS_OR_PARAMETER,,,UNTESTED,UNTESTED,UNTESTED,UNTESTED,UNTESTED,UNTESTED,,,
rank_jump_completed_cohort_panel_v1.json:07ca9-018,07ca9,-2402/1309,17,23,6,UNKNOWN,compact192_r17_results_v1.json,completed_initial,43,,UNTESTED_NO_VALID_ATLAS_OR_PARAMETER,,,UNTESTED,UNTESTED,UNTESTED,UNTESTED,UNTESTED,UNTESTED,,,
rank_jump_completed_cohort_panel_v1.json:07ca9-019,07ca9,1053/2968,17,23,6,UNKNOWN,compact192_r17_results_v1.json,completed_initial,43,,UNTESTED_NO_VALID_ATLAS_OR_PARAMETER,,,UNTESTED,UNTESTED,UNTESTED,UNTESTED,UNTESTED,UNTESTED,,,
rank_jump_completed_cohort_panel_v1.json:07ca9-020,07ca9,3076/2339,17,22,5,UNKNOWN,compact192_r17_results_v1.json,completed_initial,43,,UNTESTED_NO_VALID_ATLAS_OR_PARAMETER,,,UNTESTED,UNTESTED,UNTESTED,UNTESTED,UNTESTED,UNTESTED,,,
rank_jump_completed_cohort_panel_v1.json:07ca9-021,07ca9,2935/1939,17,17,0,UNKNOWN,compact192_r17_results_v1.json,completed_initial,43,,UNTESTED_NO_VALID_ATLAS_OR_PARAMETER,,,UNTESTED,UNTESTED,UNTESTED,UNTESTED,UNTESTED,UNTESTED,,,
rank_jump_completed_cohort_panel_v1.json:07ca9-022,07ca9,197/116,17,23,6,UNKNOWN,compact192_r17_results_v1.json,completed_initial,43,,UNTESTED_NO_VALID_ATLAS_OR_PARAMETER,,,UNTESTED,UNTESTED,UNTESTED,UNTESTED,UNTESTED,UNTESTED,,,
rank_jump_completed_cohort_panel_v1.json:07ca9-023,07ca9,3/377,17,25,8,UNKNOWN,compact192_r17_results_v1.json,completed_initial,43,,UNTESTED_NO_VALID_ATLAS_OR_PARAMETER,,,UNTESTED,UNTESTED,UNTESTED,UNTESTED,UNTESTED,UNTESTED,,,
rank_jump_completed_cohort_panel_v1.json:07ca9-024,07ca9,1443/986,17,22,5,UNKNOWN,compact192_r17_results_v1.json,completed_initial,43,,UNTESTED_NO_VALID_ATLAS_OR_PARAMETER,,,UNTESTED,UNTESTED,UNTESTED,UNTESTED,UNTESTED,UNTESTED,,,
rank_jump_completed_cohort_panel_v1.json:07ca9-025,07ca9,167/887,17,22,5,UNKNOWN,compact192_r17_results_v1.json,completed_initial,43,,UNTESTED_NO_VALID_ATLAS_OR_PARAMETER,,,UNTESTED,UNTESTED,UNTESTED,UNTESTED,UNTESTED,UNTESTED,,,
rank_jump_completed_cohort_panel_v1.json:07ca9-026,07ca9,-1982/1505,17,18,1,UNKNOWN,compact192_r17_results_v1.json,completed_initial,43,,UNTESTED_NO_VALID_ATLAS_OR_PARAMETER,,,UNTESTED,UNTESTED,UNTESTED,UNTESTED,UNTESTED,UNTESTED,,,
rank_jump_completed_cohort_panel_v1.json:07ca9-027,07ca9,-455/2801,17,18,1,UNKNOWN,compact192_r17_results_v1.json,completed_initial,43,,UNTESTED_NO_VALID_ATLAS_OR_PARAMETER,,,UNTESTED,UNTESTED,UNTESTED,UNTESTED,UNTESTED,UNTESTED,,,
rank_jump_completed_cohort_panel_v1.json:07ca9-028,07ca9,-1539/1700,17,19,2,UNKNOWN,compact192_r17_results_v1.json,completed_initial,43,,UNTESTED_NO_VALID_ATLAS_OR_PARAMETER,,,UNTESTED,UNTESTED,UNTESTED,UNTESTED,UNTESTED,UNTESTED,,,
rank_jump_completed_cohort_panel_v1.json:07ca9-029,07ca9,956/2219,17,18,1,UNKNOWN,compact192_r17_results_v1.json,completed_initial,43,,UNTESTED_NO_VALID_ATLAS_OR_PARAMETER,,,UNTESTED,UNTESTED,UNTESTED,UNTESTED,UNTESTED,UNTESTED,,,
rank_jump_completed_cohort_panel_v1.json:07ca9-030,07ca9,3172/245,17,20,3,UNKNOWN,compact192_r17_results_v1.json,completed_initial,43,,UNTESTED_NO_VALID_ATLAS_OR_PARAMETER,,,UNTESTED,UNTESTED,UNTESTED,UNTESTED,UNTESTED,UNTESTED,,,
rank_jump_completed_cohort_panel_v1.json:07ca9-031,07ca9,79/964,17,18,1,UNKNOWN,compact192_r17_results_v1.json,completed_initial,43,,UNTESTED_NO_VALID_ATLAS_OR_PARAMETER,,,UNTESTED,UNTESTED,UNTESTED,UNTESTED,UNTESTED,UNTESTED,,,
rank_jump_completed_cohort_panel_v1.json:07ca9-032,07ca9,1572/785,17,22,5,UNKNOWN,compact192_r17_results_v1.json,completed_initial,43,,UNTESTED_NO_VALID_ATLAS_OR_PARAMETER,,,UNTESTED,UNTESTED,UNTESTED,UNTESTED,UNTESTED,UNTESTED,,,
rank_jump_completed_cohort_panel_v1.json:08234-001,08234,-1383/595,17,20,3,UNKNOWN,compact192_r17_results_v1.json,completed_initial,43,,COMPLETE_NATIVE_ATLAS,39120,0,NOT_APPLICABLE,0,NOT_APPLICABLE,0,0,0,0,0,1
rank_jump_completed_cohort_panel_v1.json:08234-002,08234,-20/2827,17,19,2,UNKNOWN,compact192_r17_results_v1.json,completed_initial,43,,COMPLETE_NATIVE_ATLAS,39120,1,0,0,NOT_APPLICABLE,0,0,0,0,0,2
rank_jump_completed_cohort_panel_v1.json:08234-003,08234,326/5,17,24,7,UNKNOWN,compact192_r17_results_v1.json,completed_initial,43,,COMPLETE_NATIVE_ATLAS,39120,4,3,18,UNKNOWN_NO_COMMON_RELATION_DICTIONARY,4,4,4,1,17,16
rank_jump_completed_cohort_panel_v1.json:08234-004,08234,3305/3579,17,17,0,UNKNOWN,compact192_r17_results_v1.json,completed_initial,43,,COMPLETE_NATIVE_ATLAS,39120,0,NOT_APPLICABLE,0,NOT_APPLICABLE,0,0,0,0,0,1
rank_jump_completed_cohort_panel_v1.json:08234-005,08234,-1007/2292,17,17,0,UNKNOWN,compact192_r17_results_v1.json,completed_initial,43,,COMPLETE_NATIVE_ATLAS,39120,0,NOT_APPLICABLE,0,NOT_APPLICABLE,0,0,0,0,0,1
rank_jump_completed_cohort_panel_v1.json:08234-006,08234,-2641/3542,17,17,0,UNKNOWN,compact192_r17_results_v1.json,completed_initial,43,,COMPLETE_NATIVE_ATLAS,39120,0,NOT_APPLICABLE,0,NOT_APPLICABLE,0,0,0,0,0,1
rank_jump_completed_cohort_panel_v1.json:08234-007,08234,-2243/880,17,18,1,UNKNOWN,compact192_r17_results_v1.json,completed_initial,43,,COMPLETE_NATIVE_ATLAS,39120,0,NOT_APPLICABLE,0,NOT_APPLICABLE,0,0,0,0,0,1
rank_jump_completed_cohort_panel_v1.json:08234-008,08234,509/3808,17,17,0,UNKNOWN,compact192_r17_results_v1.json,completed_initial,43,,COMPLETE_NATIVE_ATLAS,39120,0,NOT_APPLICABLE,0,NOT_APPLICABLE,0,0,0,0,0,1
rank_jump_completed_cohort_panel_v1.json:08234-009,08234,774/149,17,25,8,UNKNOWN,compact192_r17_results_v1.json,completed_initial,43,,COMPLETE_NATIVE_ATLAS,39120,4,3,23,UNKNOWN_NO_COMMON_RELATION_DICTIONARY,4,4,4,1,17,16
rank_jump_completed_cohort_panel_v1.json:08234-010,08234,464/3753,17,17,0,UNKNOWN,compact192_r17_results_v1.json,completed_initial,43,,COMPLETE_NATIVE_ATLAS,39120,0,NOT_APPLICABLE,0,NOT_APPLICABLE,0,0,0,0,0,1
rank_jump_completed_cohort_panel_v1.json:08234-011,08234,-1247/4079,17,17,0,UNKNOWN,compact192_r17_results_v1.json,completed_initial,43,,COMPLETE_NATIVE_ATLAS,39120,0,NOT_APPLICABLE,0,NOT_APPLICABLE,0,0,0,0,0,1
rank_jump_completed_cohort_panel_v1.json:08234-012,08234,-1258/1679,17,17,0,UNKNOWN,compact192_r17_results_v1.json,completed_initial,43,,COMPLETE_NATIVE_ATLAS,39120,0,NOT_APPLICABLE,0,NOT_APPLICABLE,0,0,0,0,0,1
rank_jump_completed_cohort_panel_v1.json:08234-013,08234,-1569/1505,17,17,0,UNKNOWN,compact192_r17_results_v1.json,completed_initial,43,,COMPLETE_NATIVE_ATLAS,39120,0,NOT_APPLICABLE,0,NOT_APPLICABLE,0,0,0,0,0,1
rank_jump_completed_cohort_panel_v1.json:08234-014,08234,1807/245,17,19,2,UNKNOWN,compact192_r17_results_v1.json,completed_initial,43,,COMPLETE_NATIVE_ATLAS,39120,0,NOT_APPLICABLE,0,NOT_APPLICABLE,0,0,0,0,0,1
rank_jump_completed_cohort_panel_v1.json:08234-015,08234,-3301/1950,17,17,0,UNKNOWN,compact192_r17_results_v1.json,completed_initial,43,,COMPLETE_NATIVE_ATLAS,39120,0,NOT_APPLICABLE,0,NOT_APPLICABLE,0,0,0,0,0,1
rank_jump_completed_cohort_panel_v1.json:08234-016,08234,2683/3919,17,17,0,UNKNOWN,compact192_r17_results_v1.json,completed_initial,43,,COMPLETE_NATIVE_ATLAS,39120,0,NOT_APPLICABLE,0,NOT_APPLICABLE,0,0,0,0,0,1
rank_jump_completed_cohort_panel_v1.json:08234-017,08234,-4068/1435,17,17,0,UNKNOWN,compact192_r17_results_v1.json,completed_initial,43,,COMPLETE_NATIVE_ATLAS,39120,0,NOT_APPLICABLE,0,NOT_APPLICABLE,0,0,0,0,0,1
rank_jump_completed_cohort_panel_v1.json:08234-018,08234,-1501/1623,17,17,0,UNKNOWN,compact192_r17_results_v1.json,completed_initial,43,,COMPLETE_NATIVE_ATLAS,39120,0,NOT_APPLICABLE,0,NOT_APPLICABLE,0,0,0,0,0,1
rank_jump_completed_cohort_panel_v1.json:08234-019,08234,-208/1817,17,20,3,UNKNOWN,compact192_r17_results_v1.json,completed_initial,43,,COMPLETE_NATIVE_ATLAS,39120,0,NOT_APPLICABLE,0,NOT_APPLICABLE,0,0,0,0,0,1
rank_jump_completed_cohort_panel_v1.json:08234-020,08234,-2185/106,17,22,5,UNKNOWN,compact192_r17_results_v1.json,completed_initial,43,,COMPLETE_NATIVE_ATLAS,39120,3,2,14,UNKNOWN_NO_COMMON_RELATION_DICTIONARY,1,0,0,0,5,8
rank_jump_completed_cohort_panel_v1.json:08234-021,08234,-3815/1356,17,18,1,UNKNOWN,compact192_r17_results_v1.json,completed_initial,43,,COMPLETE_NATIVE_ATLAS,39120,0,NOT_APPLICABLE,0,NOT_APPLICABLE,0,0,0,0,0,1
rank_jump_completed_cohort_panel_v1.json:08234-022,08234,-274/2833,17,17,0,UNKNOWN,compact192_r17_results_v1.json,completed_initial,43,,COMPLETE_NATIVE_ATLAS,39120,0,NOT_APPLICABLE,0,NOT_APPLICABLE,0,0,0,0,0,1
rank_jump_completed_cohort_panel_v1.json:08234-023,08234,3545/2676,17,18,1,UNKNOWN,compact192_r17_results_v1.json,completed_initial,43,,COMPLETE_NATIVE_ATLAS,39120,0,NOT_APPLICABLE,0,NOT_APPLICABLE,0,0,0,0,0,1
rank_jump_completed_cohort_panel_v1.json:08234-024,08234,541/3360,17,17,0,UNKNOWN,compact192_r17_results_v1.json,completed_initial,43,,COMPLETE_NATIVE_ATLAS,39120,0,NOT_APPLICABLE,0,NOT_APPLICABLE,0,0,0,0,0,1
rank_jump_completed_cohort_panel_v1.json:08234-025,08234,435/2477,17,17,0,UNKNOWN,compact192_r17_results_v1.json,completed_initial,43,,COMPLETE_NATIVE_ATLAS,39120,0,NOT_APPLICABLE,0,NOT_APPLICABLE,0,0,0,0,0,1
rank_jump_completed_cohort_panel_v1.json:08234-026,08234,-11/235,17,23,6,UNKNOWN,compact192_r17_results_v1.json,completed_initial,43,,COMPLETE_NATIVE_ATLAS,39120,0,NOT_APPLICABLE,0,NOT_APPLICABLE,0,0,0,0,0,1
rank_jump_completed_cohort_panel_v1.json:08234-027,08234,2627/65,17,22,5,UNKNOWN,compact192_r17_results_v1.json,completed_initial,43,,COMPLETE_NATIVE_ATLAS,39120,2,1,3,UNKNOWN_NO_COMMON_RELATION_DICTIONARY,0,0,0,0,1,4
rank_jump_completed_cohort_panel_v1.json:08234-028,08234,458/2195,17,17,0,UNKNOWN,compact192_r17_results_v1.json,completed_initial,43,,COMPLETE_NATIVE_ATLAS,39120,0,NOT_APPLICABLE,0,NOT_APPLICABLE,0,0,0,0,0,1
rank_jump_completed_cohort_panel_v1.json:08234-029,08234,-3809/1589,17,17,0,UNKNOWN,compact192_r17_results_v1.json,completed_initial,43,,COMPLETE_NATIVE_ATLAS,39120,0,NOT_APPLICABLE,0,NOT_APPLICABLE,0,0,0,0,0,1
rank_jump_completed_cohort_panel_v1.json:08234-030,08234,3217/3864,17,18,1,UNKNOWN,compact192_r17_results_v1.json,completed_initial,43,,COMPLETE_NATIVE_ATLAS,39120,0,NOT_APPLICABLE,0,NOT_APPLICABLE,0,0,0,0,0,1
rank_jump_completed_cohort_panel_v1.json:08234-031,08234,-833/3139,17,18,1,UNKNOWN,compact192_r17_results_v1.json,completed_initial,43,,COMPLETE_NATIVE_ATLAS,39120,0,NOT_APPLICABLE,0,NOT_APPLICABLE,0,0,0,0,0,1
rank_jump_completed_cohort_panel_v1.json:08234-032,08234,-46/4089,17,17,0,UNKNOWN,compact192_r17_results_v1.json,completed_initial,43,,COMPLETE_NATIVE_ATLAS,39120,0,NOT_APPLICABLE,0,NOT_APPLICABLE,0,0,0,0,0,1
rank_jump_completed_cohort_panel_v1.json:08f72-001,08f72,-3292/1853,17,25,8,UNKNOWN,compact192_r17_results_v1.json,completed_initial,49,,UNTESTED_NO_VALID_ATLAS_OR_PARAMETER,,,UNTESTED,UNTESTED,UNTESTED,UNTESTED,UNTESTED,UNTESTED,,,
rank_jump_completed_cohort_panel_v1.json:08f72-002,08f72,2007/112,17,23,6,UNKNOWN,compact192_r17_results_v1.json,completed_initial,49,,UNTESTED_NO_VALID_ATLAS_OR_PARAMETER,,,UNTESTED,UNTESTED,UNTESTED,UNTESTED,UNTESTED,UNTESTED,,,
rank_jump_completed_cohort_panel_v1.json:08f72-003,08f72,-2751/886,17,24,7,UNKNOWN,compact192_r17_results_v1.json,completed_initial,49,,UNTESTED_NO_VALID_ATLAS_OR_PARAMETER,,,UNTESTED,UNTESTED,UNTESTED,UNTESTED,UNTESTED,UNTESTED,,,
rank_jump_completed_cohort_panel_v1.json:08f72-004,08f72,-2129/1207,17,25,8,UNKNOWN,compact192_r17_results_v1.json,completed_initial,49,,UNTESTED_NO_VALID_ATLAS_OR_PARAMETER,,,UNTESTED,UNTESTED,UNTESTED,UNTESTED,UNTESTED,UNTESTED,,,
rank_jump_completed_cohort_panel_v1.json:08f72-005,08f72,-2799/491,17,23,6,UNKNOWN,compact192_r17_results_v1.json,completed_initial,49,,UNTESTED_NO_VALID_ATLAS_OR_PARAMETER,,,UNTESTED,UNTESTED,UNTESTED,UNTESTED,UNTESTED,UNTESTED,,,
rank_jump_completed_cohort_panel_v1.json:08f72-006,08f72,107/603,17,24,7,UNKNOWN,compact192_r17_results_v1.json,completed_initial,49,,UNTESTED_NO_VALID_ATLAS_OR_PARAMETER,,,UNTESTED,UNTESTED,UNTESTED,UNTESTED,UNTESTED,UNTESTED,,,
rank_jump_completed_cohort_panel_v1.json:08f72-007,08f72,3802/3713,17,18,1,UNKNOWN,compact192_r17_results_v1.json,completed_initial,49,,UNTESTED_NO_VALID_ATLAS_OR_PARAMETER,,,UNTESTED,UNTESTED,UNTESTED,UNTESTED,UNTESTED,UNTESTED,,,
rank_jump_completed_cohort_panel_v1.json:08f72-008,08f72,-2335/1986,17,19,2,UNKNOWN,compact192_r17_results_v1.json,completed_initial,49,,UNTESTED_NO_VALID_ATLAS_OR_PARAMETER,,,UNTESTED,UNTESTED,UNTESTED,UNTESTED,UNTESTED,UNTESTED,,,
rank_jump_completed_cohort_panel_v1.json:08f72-009,08f72,1055/1833,17,24,7,UNKNOWN,compact192_r17_results_v1.json,completed_initial,49,,UNTESTED_NO_VALID_ATLAS_OR_PARAMETER,,,UNTESTED,UNTESTED,UNTESTED,UNTESTED,UNTESTED,UNTESTED,,,
rank_jump_completed_cohort_panel_v1.json:08f72-010,08f72,4071/52,17,25,8,UNKNOWN,compact192_r17_results_v1.json,completed_initial,49,,UNTESTED_NO_VALID_ATLAS_OR_PARAMETER,,,UNTESTED,UNTESTED,UNTESTED,UNTESTED,UNTESTED,UNTESTED,,,
rank_jump_completed_cohort_panel_v1.json:08f72-011,08f72,-3791/529,17,25,8,UNKNOWN,compact192_r17_results_v1.json,completed_initial,49,,UNTESTED_NO_VALID_ATLAS_OR_PARAMETER,,,UNTESTED,UNTESTED,UNTESTED,UNTESTED,UNTESTED,UNTESTED,,,
rank_jump_completed_cohort_panel_v1.json:08f72-012,08f72,2401/2866,17,17,0,UNKNOWN,compact192_r17_results_v1.json,completed_initial,49,,UNTESTED_NO_VALID_ATLAS_OR_PARAMETER,,,UNTESTED,UNTESTED,UNTESTED,UNTESTED,UNTESTED,UNTESTED,,,
rank_jump_completed_cohort_panel_v1.json:08f72-013,08f72,146/59,17,23,6,UNKNOWN,compact192_r17_results_v1.json,completed_initial,49,,UNTESTED_NO_VALID_ATLAS_OR_PARAMETER,,,UNTESTED,UNTESTED,UNTESTED,UNTESTED,UNTESTED,UNTESTED,,,
rank_jump_completed_cohort_panel_v1.json:08f72-014,08f72,-1205/3663,17,19,2,UNKNOWN,compact192_r17_results_v1.json,completed_initial,49,,UNTESTED_NO_VALID_ATLAS_OR_PARAMETER,,,UNTESTED,UNTESTED,UNTESTED,UNTESTED,UNTESTED,UNTESTED,,,
rank_jump_completed_cohort_panel_v1.json:08f72-015,08f72,-2884/621,17,23,6,UNKNOWN,compact192_r17_results_v1.json,completed_initial,49,,UNTESTED_NO_VALID_ATLAS_OR_PARAMETER,,,UNTESTED,UNTESTED,UNTESTED,UNTESTED,UNTESTED,UNTESTED,,,
rank_jump_completed_cohort_panel_v1.json:08f72-016,08f72,-2449/1927,17,22,5,UNKNOWN,compact192_r17_results_v1.json,completed_initial,49,,UNTESTED_NO_VALID_ATLAS_OR_PARAMETER,,,UNTESTED,UNTESTED,UNTESTED,UNTESTED,UNTESTED,UNTESTED,,,
rank_jump_completed_cohort_panel_v1.json:08f72-017,08f72,-692/3645,17,17,0,UNKNOWN,compact192_r17_results_v1.json,completed_initial,49,,UNTESTED_NO_VALID_ATLAS_OR_PARAMETER,,,UNTESTED,UNTESTED,UNTESTED,UNTESTED,UNTESTED,UNTESTED,,,
rank_jump_completed_cohort_panel_v1.json:08f72-018,08f72,-3941/146,17,21,4,UNKNOWN,compact192_r17_results_v1.json,completed_initial,49,,UNTESTED_NO_VALID_ATLAS_OR_PARAMETER,,,UNTESTED,UNTESTED,UNTESTED,UNTESTED,UNTESTED,UNTESTED,,,
rank_jump_completed_cohort_panel_v1.json:08f72-019,08f72,-2336/3251,17,18,1,UNKNOWN,compact192_r17_results_v1.json,completed_initial,49,,UNTESTED_NO_VALID_ATLAS_OR_PARAMETER,,,UNTESTED,UNTESTED,UNTESTED,UNTESTED,UNTESTED,UNTESTED,,,
rank_jump_completed_cohort_panel_v1.json:08f72-020,08f72,-1737/1790,17,22,5,UNKNOWN,compact192_r17_results_v1.json,completed_initial,49,,UNTESTED_NO_VALID_ATLAS_OR_PARAMETER,,,UNTESTED,UNTESTED,UNTESTED,UNTESTED,UNTESTED,UNTESTED,,,
rank_jump_completed_cohort_panel_v1.json:08f72-021,08f72,-1264/2397,17,18,1,UNKNOWN,compact192_r17_results_v1.json,completed_initial,49,,UNTESTED_NO_VALID_ATLAS_OR_PARAMETER,,,UNTESTED,UNTESTED,UNTESTED,UNTESTED,UNTESTED,UNTESTED,,,
rank_jump_completed_cohort_panel_v1.json:08f72-022,08f72,-2939/3121,17,19,2,UNKNOWN,compact192_r17_results_v1.json,completed_initial,49,,UNTESTED_NO_VALID_ATLAS_OR_PARAMETER,,,UNTESTED,UNTESTED,UNTESTED,UNTESTED,UNTESTED,UNTESTED,,,
rank_jump_completed_cohort_panel_v1.json:08f72-023,08f72,1427/1684,17,19,2,UNKNOWN,compact192_r17_results_v1.json,completed_initial,49,,UNTESTED_NO_VALID_ATLAS_OR_PARAMETER,,,UNTESTED,UNTESTED,UNTESTED,UNTESTED,UNTESTED,UNTESTED,,,
rank_jump_completed_cohort_panel_v1.json:08f72-024,08f72,3293/2326,17,18,1,UNKNOWN,compact192_r17_results_v1.json,completed_initial,49,,UNTESTED_NO_VALID_ATLAS_OR_PARAMETER,,,UNTESTED,UNTESTED,UNTESTED,UNTESTED,UNTESTED,UNTESTED,,,
rank_jump_completed_cohort_panel_v1.json:08f72-025,08f72,2462/289,17,20,3,UNKNOWN,compact192_r17_results_v1.json,completed_initial,49,,UNTESTED_NO_VALID_ATLAS_OR_PARAMETER,,,UNTESTED,UNTESTED,UNTESTED,UNTESTED,UNTESTED,UNTESTED,,,
rank_jump_completed_cohort_panel_v1.json:08f72-026,08f72,1308/277,17,23,6,UNKNOWN,compact192_r17_results_v1.json,completed_initial,49,,UNTESTED_NO_VALID_ATLAS_OR_PARAMETER,,,UNTESTED,UNTESTED,UNTESTED,UNTESTED,UNTESTED,UNTESTED,,,
rank_jump_completed_cohort_panel_v1.json:08f72-027,08f72,-2267/1326,17,21,4,UNKNOWN,compact192_r17_results_v1.json,completed_initial,49,,UNTESTED_NO_VALID_ATLAS_OR_PARAMETER,,,UNTESTED,UNTESTED,UNTESTED,UNTESTED,UNTESTED,UNTESTED,,,
rank_jump_completed_cohort_panel_v1.json:08f72-028,08f72,-2434/3359,17,17,0,UNKNOWN,compact192_r17_results_v1.json,completed_initial,49,,UNTESTED_NO_VALID_ATLAS_OR_PARAMETER,,,UNTESTED,UNTESTED,UNTESTED,UNTESTED,UNTESTED,UNTESTED,,,
rank_jump_completed_cohort_panel_v1.json:08f72-029,08f72,281/3078,17,21,4,UNKNOWN,compact192_r17_results_v1.json,completed_initial,49,,UNTESTED_NO_VALID_ATLAS_OR_PARAMETER,,,UNTESTED,UNTESTED,UNTESTED,UNTESTED,UNTESTED,UNTESTED,,,
rank_jump_completed_cohort_panel_v1.json:08f72-030,08f72,-543/229,17,24,7,UNKNOWN,compact192_r17_results_v1.json,completed_initial,49,,UNTESTED_NO_VALID_ATLAS_OR_PARAMETER,,,UNTESTED,UNTESTED,UNTESTED,UNTESTED,UNTESTED,UNTESTED,,,
rank_jump_completed_cohort_panel_v1.json:08f72-031,08f72,-517/543,17,24,7,UNKNOWN,compact192_r17_results_v1.json,completed_initial,49,,UNTESTED_NO_VALID_ATLAS_OR_PARAMETER,,,UNTESTED,UNTESTED,UNTESTED,UNTESTED,UNTESTED,UNTESTED,,,
rank_jump_completed_cohort_panel_v1.json:08f72-032,08f72,-2198/1425,17,19,2,UNKNOWN,compact192_r17_results_v1.json,completed_initial,49,,UNTESTED_NO_VALID_ATLAS_OR_PARAMETER,,,UNTESTED,UNTESTED,UNTESTED,UNTESTED,UNTESTED,UNTESTED,,,
rank_jump_completed_cohort_panel_v1.json:103b2-001,103b2,-1616/419,17,23,6,UNKNOWN,compact192_r17_results_v1.json,completed_initial,43,,UNTESTED_NO_VALID_ATLAS_OR_PARAMETER,,,UNTESTED,UNTESTED,UNTESTED,UNTESTED,UNTESTED,UNTESTED,,,
rank_jump_completed_cohort_panel_v1.json:103b2-002,103b2,3325/593,17,20,3,UNKNOWN,compact192_r17_results_v1.json,completed_initial,43,,UNTESTED_NO_VALID_ATLAS_OR_PARAMETER,,,UNTESTED,UNTESTED,UNTESTED,UNTESTED,UNTESTED,UNTESTED,,,
rank_jump_completed_cohort_panel_v1.json:103b2-003,103b2,-2254/1257,17,25,8,UNKNOWN,compact192_r17_results_v1.json,completed_initial,43,,UNTESTED_NO_VALID_ATLAS_OR_PARAMETER,,,UNTESTED,UNTESTED,UNTESTED,UNTESTED,UNTESTED,UNTESTED,,,
rank_jump_completed_cohort_panel_v1.json:103b2-004,103b2,-3939/2032,17,22,5,UNKNOWN,compact192_r17_results_v1.json,completed_initial,43,,UNTESTED_NO_VALID_ATLAS_OR_PARAMETER,,,UNTESTED,UNTESTED,UNTESTED,UNTESTED,UNTESTED,UNTESTED,,,
rank_jump_completed_cohort_panel_v1.json:103b2-005,103b2,-1049/2296,17,17,0,UNKNOWN,compact192_r17_results_v1.json,completed_initial,43,,UNTESTED_NO_VALID_ATLAS_OR_PARAMETER,,,UNTESTED,UNTESTED,UNTESTED,UNTESTED,UNTESTED,UNTESTED,,,
rank_jump_completed_cohort_panel_v1.json:103b2-006,103b2,1502/931,17,21,4,UNKNOWN,compact192_r17_results_v1.json,completed_initial,43,,UNTESTED_NO_VALID_ATLAS_OR_PARAMETER,,,UNTESTED,UNTESTED,UNTESTED,UNTESTED,UNTESTED,UNTESTED,,,
rank_jump_completed_cohort_panel_v1.json:103b2-007,103b2,-4021/1422,17,19,2,UNKNOWN,compact192_r17_results_v1.json,completed_initial,43,,UNTESTED_NO_VALID_ATLAS_OR_PARAMETER,,,UNTESTED,UNTESTED,UNTESTED,UNTESTED,UNTESTED,UNTESTED,,,
rank_jump_completed_cohort_panel_v1.json:103b2-008,103b2,2566/3809,17,25,8,UNKNOWN,compact192_r17_results_v1.json,completed_initial,43,,UNTESTED_NO_VALID_ATLAS_OR_PARAMETER,,,UNTESTED,UNTESTED,UNTESTED,UNTESTED,UNTESTED,UNTESTED,,,
rank_jump_completed_cohort_panel_v1.json:103b2-009,103b2,420/2119,17,20,3,UNKNOWN,compact192_r17_results_v1.json,completed_initial,43,,UNTESTED_NO_VALID_ATLAS_OR_PARAMETER,,,UNTESTED,UNTESTED,UNTESTED,UNTESTED,UNTESTED,UNTESTED,,,
rank_jump_completed_cohort_panel_v1.json:103b2-010,103b2,3466/307,17,22,5,UNKNOWN,compact192_r17_results_v1.json,completed_initial,43,,UNTESTED_NO_VALID_ATLAS_OR_PARAMETER,,,UNTESTED,UNTESTED,UNTESTED,UNTESTED,UNTESTED,UNTESTED,,,
rank_jump_completed_cohort_panel_v1.json:103b2-011,103b2,-3017/954,17,18,1,UNKNOWN,compact192_r17_results_v1.json,completed_initial,43,,UNTESTED_NO_VALID_ATLAS_OR_PARAMETER,,,UNTESTED,UNTESTED,UNTESTED,UNTESTED,UNTESTED,UNTESTED,,,
rank_jump_completed_cohort_panel_v1.json:103b2-012,103b2,1139/1293,17,24,7,UNKNOWN,compact192_r17_results_v1.json,completed_initial,43,,UNTESTED_NO_VALID_ATLAS_OR_PARAMETER,,,UNTESTED,UNTESTED,UNTESTED,UNTESTED,UNTESTED,UNTESTED,,,
rank_jump_completed_cohort_panel_v1.json:103b2-013,103b2,41/38,17,23,6,UNKNOWN,compact192_r17_results_v1.json,completed_initial,43,,UNTESTED_NO_VALID_ATLAS_OR_PARAMETER,,,UNTESTED,UNTESTED,UNTESTED,UNTESTED,UNTESTED,UNTESTED,,,
rank_jump_completed_cohort_panel_v1.json:103b2-014,103b2,-1588/3431,17,25,8,UNKNOWN,compact192_r17_results_v1.json,completed_initial,43,,UNTESTED_NO_VALID_ATLAS_OR_PARAMETER,,,UNTESTED,UNTESTED,UNTESTED,UNTESTED,UNTESTED,UNTESTED,,,
rank_jump_completed_cohort_panel_v1.json:103b2-015,103b2,2018/167,17,21,4,UNKNOWN,compact192_r17_results_v1.json,completed_initial,43,,UNTESTED_NO_VALID_ATLAS_OR_PARAMETER,,,UNTESTED,UNTESTED,UNTESTED,UNTESTED,UNTESTED,UNTESTED,,,
rank_jump_completed_cohort_panel_v1.json:103b2-016,103b2,-1788/7,17,23,6,UNKNOWN,compact192_r17_results_v1.json,completed_initial,43,,UNTESTED_NO_VALID_ATLAS_OR_PARAMETER,,,UNTESTED,UNTESTED,UNTESTED,UNTESTED,UNTESTED,UNTESTED,,,
rank_jump_completed_cohort_panel_v1.json:103b2-017,103b2,-778/259,17,24,7,UNKNOWN,compact192_r17_results_v1.json,completed_initial,43,,UNTESTED_NO_VALID_ATLAS_OR_PARAMETER,,,UNTESTED,UNTESTED,UNTESTED,UNTESTED,UNTESTED,UNTESTED,,,
rank_jump_completed_cohort_panel_v1.json:103b2-018,103b2,3010/3753,17,17,0,UNKNOWN,compact192_r17_results_v1.json,completed_initial,43,,UNTESTED_NO_VALID_ATLAS_OR_PARAMETER,,,UNTESTED,UNTESTED,UNTESTED,UNTESTED,UNTESTED,UNTESTED,,,
rank_jump_completed_cohort_panel_v1.json:103b2-019,103b2,48/7,17,23,6,UNKNOWN,compact192_r17_results_v1.json,completed_initial,43,,UNTESTED_NO_VALID_ATLAS_OR_PARAMETER,,,UNTESTED,UNTESTED,UNTESTED,UNTESTED,UNTESTED,UNTESTED,,,
rank_jump_completed_cohort_panel_v1.json:103b2-020,103b2,2124/2429,17,20,3,UNKNOWN,compact192_r17_results_v1.json,completed_initial,43,,UNTESTED_NO_VALID_ATLAS_OR_PARAMETER,,,UNTESTED,UNTESTED,UNTESTED,UNTESTED,UNTESTED,UNTESTED,,,
rank_jump_completed_cohort_panel_v1.json:103b2-021,103b2,-1105/3308,17,17,0,UNKNOWN,compact192_r17_results_v1.json,completed_initial,43,,UNTESTED_NO_VALID_ATLAS_OR_PARAMETER,,,UNTESTED,UNTESTED,UNTESTED,UNTESTED,UNTESTED,UNTESTED,,,
rank_jump_completed_cohort_panel_v1.json:103b2-022,103b2,1413/448,17,20,3,UNKNOWN,compact192_r17_results_v1.json,completed_initial,43,,UNTESTED_NO_VALID_ATLAS_OR_PARAMETER,,,UNTESTED,UNTESTED,UNTESTED,UNTESTED,UNTESTED,UNTESTED,,,
rank_jump_completed_cohort_panel_v1.json:103b2-023,103b2,513/2044,17,18,1,UNKNOWN,compact192_r17_results_v1.json,completed_initial,43,,UNTESTED_NO_VALID_ATLAS_OR_PARAMETER,,,UNTESTED,UNTESTED,UNTESTED,UNTESTED,UNTESTED,UNTESTED,,,
rank_jump_completed_cohort_panel_v1.json:103b2-024,103b2,1986/1147,17,22,5,UNKNOWN,compact192_r17_results_v1.json,completed_initial,43,,UNTESTED_NO_VALID_ATLAS_OR_PARAMETER,,,UNTESTED,UNTESTED,UNTESTED,UNTESTED,UNTESTED,UNTESTED,,,
rank_jump_completed_cohort_panel_v1.json:103b2-025,103b2,3371/300,17,22,5,UNKNOWN,compact192_r17_results_v1.json,completed_initial,43,,UNTESTED_NO_VALID_ATLAS_OR_PARAMETER,,,UNTESTED,UNTESTED,UNTESTED,UNTESTED,UNTESTED,UNTESTED,,,
rank_jump_completed_cohort_panel_v1.json:103b2-026,103b2,1130/789,17,24,7,UNKNOWN,compact192_r17_results_v1.json,completed_initial,43,,UNTESTED_NO_VALID_ATLAS_OR_PARAMETER,,,UNTESTED,UNTESTED,UNTESTED,UNTESTED,UNTESTED,UNTESTED,,,
rank_jump_completed_cohort_panel_v1.json:103b2-027,103b2,2390/1319,17,23,6,UNKNOWN,compact192_r17_results_v1.json,completed_initial,43,,UNTESTED_NO_VALID_ATLAS_OR_PARAMETER,,,UNTESTED,UNTESTED,UNTESTED,UNTESTED,UNTESTED,UNTESTED,,,
rank_jump_completed_cohort_panel_v1.json:103b2-028,103b2,1505/2721,17,17,0,UNKNOWN,compact192_r17_results_v1.json,completed_initial,43,,UNTESTED_NO_VALID_ATLAS_OR_PARAMETER,,,UNTESTED,UNTESTED,UNTESTED,UNTESTED,UNTESTED,UNTESTED,,,
rank_jump_completed_cohort_panel_v1.json:103b2-029,103b2,726/761,17,26,9,UNKNOWN,compact192_r17_results_v1.json,completed_initial,43,,UNTESTED_NO_VALID_ATLAS_OR_PARAMETER,,,UNTESTED,UNTESTED,UNTESTED,UNTESTED,UNTESTED,UNTESTED,,,
rank_jump_completed_cohort_panel_v1.json:103b2-030,103b2,-2101/756,17,25,8,UNKNOWN,compact192_r17_results_v1.json,completed_initial,43,,UNTESTED_NO_VALID_ATLAS_OR_PARAMETER,,,UNTESTED,UNTESTED,UNTESTED,UNTESTED,UNTESTED,UNTESTED,,,
rank_jump_completed_cohort_panel_v1.json:103b2-031,103b2,-4047/3037,17,17,0,UNKNOWN,compact192_r17_results_v1.json,completed_initial,43,,UNTESTED_NO_VALID_ATLAS_OR_PARAMETER,,,UNTESTED,UNTESTED,UNTESTED,UNTESTED,UNTESTED,UNTESTED,,,
rank_jump_completed_cohort_panel_v1.json:103b2-032,103b2,1055/1671,17,18,1,UNKNOWN,compact192_r17_results_v1.json,completed_initial,43,,UNTESTED_NO_VALID_ATLAS_OR_PARAMETER,,,UNTESTED,UNTESTED,UNTESTED,UNTESTED,UNTESTED,UNTESTED,,,
rank_jump_completed_cohort_panel_v1.json:11952-001,11952,-3891/1396,17,17,0,UNKNOWN,compact192_r17_results_v1.json,completed_initial,49,,PARTIAL_1024,1024,0,NOT_APPLICABLE,0,NOT_APPLICABLE,0,0,0,0,0,1
rank_jump_completed_cohort_panel_v1.json:11952-002,11952,402/517,17,22,5,UNKNOWN,compact192_r17_results_v1.json,completed_initial,49,,PARTIAL_1024,1024,0,NOT_APPLICABLE,0,NOT_APPLICABLE,0,0,0,0,0,1
rank_jump_completed_cohort_panel_v1.json:11952-003,11952,3148/2791,17,25,8,UNKNOWN,compact192_r17_results_v1.json,completed_initial,49,,PARTIAL_1024,1024,0,NOT_APPLICABLE,0,NOT_APPLICABLE,0,0,0,0,0,1
rank_jump_completed_cohort_panel_v1.json:11952-004,11952,2872/2073,17,20,3,UNKNOWN,compact192_r17_results_v1.json,completed_initial,49,,PARTIAL_1024,1024,0,NOT_APPLICABLE,0,NOT_APPLICABLE,0,0,0,0,0,1
rank_jump_completed_cohort_panel_v1.json:11952-005,11952,-3482/2395,17,20,3,UNKNOWN,compact192_r17_results_v1.json,completed_initial,49,,PARTIAL_1024,1024,0,NOT_APPLICABLE,0,NOT_APPLICABLE,0,0,0,0,0,1
rank_jump_completed_cohort_panel_v1.json:11952-006,11952,-3814/2675,17,24,7,UNKNOWN,compact192_r17_results_v1.json,completed_initial,49,,PARTIAL_1024,1024,0,NOT_APPLICABLE,0,NOT_APPLICABLE,0,0,0,0,0,1
rank_jump_completed_cohort_panel_v1.json:11952-007,11952,914/2111,17,25,8,UNKNOWN,compact192_r17_results_v1.json,completed_initial,49,,PARTIAL_1024,1024,0,NOT_APPLICABLE,0,NOT_APPLICABLE,0,0,0,0,0,1
rank_jump_completed_cohort_panel_v1.json:11952-008,11952,3058/1387,17,23,6,UNKNOWN,compact192_r17_results_v1.json,completed_initial,49,,PARTIAL_1024,1024,0,NOT_APPLICABLE,0,NOT_APPLICABLE,0,0,0,0,0,1
rank_jump_completed_cohort_panel_v1.json:11952-009,11952,3950/4007,17,20,3,UNKNOWN,compact192_r17_results_v1.json,completed_initial,49,,PARTIAL_1024,1024,0,NOT_APPLICABLE,0,NOT_APPLICABLE,0,0,0,0,0,1
rank_jump_completed_cohort_panel_v1.json:11952-010,11952,-1826/2583,17,26,9,UNKNOWN,compact192_r17_results_v1.json,completed_initial,49,,PARTIAL_1024,1024,0,NOT_APPLICABLE,0,NOT_APPLICABLE,0,0,0,0,0,1
rank_jump_completed_cohort_panel_v1.json:11952-011,11952,1972/1459,17,22,5,UNKNOWN,compact192_r17_results_v1.json,completed_initial,49,,PARTIAL_1024,1024,0,NOT_APPLICABLE,0,NOT_APPLICABLE,0,0,0,0,0,1
rank_jump_completed_cohort_panel_v1.json:11952-012,11952,3063/824,17,19,2,UNKNOWN,compact192_r17_results_v1.json,completed_initial,49,,PARTIAL_1024,1024,0,NOT_APPLICABLE,0,NOT_APPLICABLE,0,0,0,0,0,1
rank_jump_completed_cohort_panel_v1.json:11952-013,11952,2015/3019,17,20,3,UNKNOWN,compact192_r17_results_v1.json,completed_initial,49,,PARTIAL_1024,1024,0,NOT_APPLICABLE,0,NOT_APPLICABLE,0,0,0,0,0,1
rank_jump_completed_cohort_panel_v1.json:11952-014,11952,420/2827,17,22,5,UNKNOWN,compact192_r17_results_v1.json,completed_initial,49,,PARTIAL_1024,1024,0,NOT_APPLICABLE,0,NOT_APPLICABLE,0,0,0,0,0,1
rank_jump_completed_cohort_panel_v1.json:11952-015,11952,54/2153,17,18,1,UNKNOWN,compact192_r17_results_v1.json,completed_initial,49,,PARTIAL_1024,1024,0,NOT_APPLICABLE,0,NOT_APPLICABLE,0,0,0,0,0,1
rank_jump_completed_cohort_panel_v1.json:11952-016,11952,775/803,17,24,7,UNKNOWN,compact192_r17_results_v1.json,completed_initial,49,,PARTIAL_1024,1024,0,NOT_APPLICABLE,0,NOT_APPLICABLE,0,0,0,0,0,1
rank_jump_completed_cohort_panel_v1.json:11952-017,11952,-1046/2299,17,20,3,UNKNOWN,compact192_r17_results_v1.json,completed_initial,49,,PARTIAL_1024,1024,0,NOT_APPLICABLE,0,NOT_APPLICABLE,0,0,0,0,0,1
rank_jump_completed_cohort_panel_v1.json:11952-018,11952,2324/1991,17,24,7,UNKNOWN,compact192_r17_results_v1.json,completed_initial,49,,PARTIAL_1024,1024,0,NOT_APPLICABLE,0,NOT_APPLICABLE,0,0,0,0,0,1
rank_jump_completed_cohort_panel_v1.json:11952-019,11952,-8/27,17,22,5,UNKNOWN,compact192_r17_results_v1.json,completed_initial,49,,PARTIAL_1024,1024,0,NOT_APPLICABLE,0,NOT_APPLICABLE,0,0,0,0,0,1
rank_jump_completed_cohort_panel_v1.json:11952-020,11952,-4055/2356,17,18,1,UNKNOWN,compact192_r17_results_v1.json,completed_initial,49,,PARTIAL_1024,1024,0,NOT_APPLICABLE,0,NOT_APPLICABLE,0,0,0,0,0,1
rank_jump_completed_cohort_panel_v1.json:11952-021,11952,1490/943,17,23,6,UNKNOWN,compact192_r17_results_v1.json,completed_initial,49,,PARTIAL_1024,1024,0,NOT_APPLICABLE,0,NOT_APPLICABLE,0,0,0,0,0,1
rank_jump_completed_cohort_panel_v1.json:11952-022,11952,-1055/1376,17,20,3,UNKNOWN,compact192_r17_results_v1.json,completed_initial,49,,PARTIAL_1024,1024,0,NOT_APPLICABLE,0,NOT_APPLICABLE,0,0,0,0,0,1
rank_jump_completed_cohort_panel_v1.json:11952-023,11952,-1171/1683,17,17,0,UNKNOWN,compact192_r17_results_v1.json,completed_initial,49,,PARTIAL_1024,1024,0,NOT_APPLICABLE,0,NOT_APPLICABLE,0,0,0,0,0,1
rank_jump_completed_cohort_panel_v1.json:11952-024,11952,2741/2074,17,18,1,UNKNOWN,compact192_r17_results_v1.json,completed_initial,49,,PARTIAL_1024,1024,0,NOT_APPLICABLE,0,NOT_APPLICABLE,0,0,0,0,0,1
rank_jump_completed_cohort_panel_v1.json:11952-025,11952,1737/530,17,22,5,UNKNOWN,compact192_r17_results_v1.json,completed_initial,49,,PARTIAL_1024,1024,0,NOT_APPLICABLE,0,NOT_APPLICABLE,0,0,0,0,0,1
rank_jump_completed_cohort_panel_v1.json:11952-026,11952,939/4016,17,18,1,UNKNOWN,compact192_r17_results_v1.json,completed_initial,49,,PARTIAL_1024,1024,0,NOT_APPLICABLE,0,NOT_APPLICABLE,0,0,0,0,0,1
rank_jump_completed_cohort_panel_v1.json:11952-027,11952,-815/1919,17,18,1,UNKNOWN,compact192_r17_results_v1.json,completed_initial,49,,PARTIAL_1024,1024,0,NOT_APPLICABLE,0,NOT_APPLICABLE,0,0,0,0,0,1
rank_jump_completed_cohort_panel_v1.json:11952-028,11952,-1919/3168,17,18,1,UNKNOWN,compact192_r17_results_v1.json,completed_initial,49,,PARTIAL_1024,1024,0,NOT_APPLICABLE,0,NOT_APPLICABLE,0,0,0,0,0,1
rank_jump_completed_cohort_panel_v1.json:11952-029,11952,3170/1609,17,20,3,UNKNOWN,compact192_r17_results_v1.json,completed_initial,49,,PARTIAL_1024,1024,0,NOT_APPLICABLE,0,NOT_APPLICABLE,0,0,0,0,0,1
rank_jump_completed_cohort_panel_v1.json:11952-030,11952,1551/1252,17,24,7,UNKNOWN,compact192_r17_results_v1.json,completed_initial,49,,PARTIAL_1024,1024,0,NOT_APPLICABLE,0,NOT_APPLICABLE,0,0,0,0,0,1
rank_jump_completed_cohort_panel_v1.json:11952-031,11952,-1667/631,17,20,3,UNKNOWN,compact192_r17_results_v1.json,completed_initial,49,,PARTIAL_1024,1024,0,NOT_APPLICABLE,0,NOT_APPLICABLE,0,0,0,0,0,1
rank_jump_completed_cohort_panel_v1.json:11952-032,11952,1292/601,17,24,7,UNKNOWN,compact192_r17_results_v1.json,completed_initial,49,,PARTIAL_1024,1024,0,NOT_APPLICABLE,0,NOT_APPLICABLE,0,0,0,0,0,1
rank_jump_completed_cohort_panel_v1.json:a1-fibration-01-015,a1-fibration-01,-557/3572,16,26,10,UNKNOWN,extended20_mw16_results_v1.json,completed_initial,43,,UNTESTED_NO_VALID_ATLAS_OR_PARAMETER,,,UNTESTED,UNTESTED,UNTESTED,UNTESTED,UNTESTED,UNTESTED,,,
rank_jump_completed_cohort_panel_v1.json:a1-fibration-01-052,a1-fibration-01,-1867/270,16,26,10,UNKNOWN,extended20_mw16_results_v1.json,completed_initial,43,,UNTESTED_NO_VALID_ATLAS_OR_PARAMETER,,,UNTESTED,UNTESTED,UNTESTED,UNTESTED,UNTESTED,UNTESTED,,,
rank_jump_completed_cohort_panel_v1.json:a1-fibration-01-000,a1-fibration-01,2407/532,16,23,7,UNKNOWN,extended20_mw16_results_v1.json,completed_initial,43,,UNTESTED_NO_VALID_ATLAS_OR_PARAMETER,,,UNTESTED,UNTESTED,UNTESTED,UNTESTED,UNTESTED,UNTESTED,,,
rank_jump_completed_cohort_panel_v1.json:a1-fibration-01-003,a1-fibration-01,787/103,16,24,8,UNKNOWN,extended20_mw16_results_v1.json,completed_initial,43,,UNTESTED_NO_VALID_ATLAS_OR_PARAMETER,,,UNTESTED,UNTESTED,UNTESTED,UNTESTED,UNTESTED,UNTESTED,,,
rank_jump_completed_cohort_panel_v1.json:a1-fibration-02-014,a1-fibration-02,3161/432,16,26,10,UNKNOWN,extended20_mw16_results_v1.json,completed_initial,43,,UNTESTED_NO_VALID_ATLAS_OR_PARAMETER,,,UNTESTED,UNTESTED,UNTESTED,UNTESTED,UNTESTED,UNTESTED,,,
rank_jump_completed_cohort_panel_v1.json:a1-fibration-02-089,a1-fibration-02,-1330/2323,16,20,4,UNKNOWN,extended20_mw16_results_v1.json,completed_initial,43,,UNTESTED_NO_VALID_ATLAS_OR_PARAMETER,,,UNTESTED,UNTESTED,UNTESTED,UNTESTED,UNTESTED,UNTESTED,,,
rank_jump_completed_cohort_panel_v1.json:a1-fibration-02-215,a1-fibration-02,3853/666,16,24,8,UNKNOWN,extended20_mw16_results_v1.json,completed_initial,43,,UNTESTED_NO_VALID_ATLAS_OR_PARAMETER,,,UNTESTED,UNTESTED,UNTESTED,UNTESTED,UNTESTED,UNTESTED,,,
rank_jump_completed_cohort_panel_v1.json:a1-fibration-02-164,a1-fibration-02,2675/728,16,18,2,UNKNOWN,extended20_mw16_results_v1.json,completed_initial,43,,UNTESTED_NO_VALID_ATLAS_OR_PARAMETER,,,UNTESTED,UNTESTED,UNTESTED,UNTESTED,UNTESTED,UNTESTED,,,
rank_jump_completed_cohort_panel_v1.json:a1-fibration-03-017,a1-fibration-03,2555/33,16,24,8,UNKNOWN,extended20_mw16_results_v1.json,completed_initial,43,,UNTESTED_NO_VALID_ATLAS_OR_PARAMETER,,,UNTESTED,UNTESTED,UNTESTED,UNTESTED,UNTESTED,UNTESTED,,,
rank_jump_completed_cohort_panel_v1.json:a1-fibration-03-120,a1-fibration-03,3877/95,16,20,4,UNKNOWN,extended20_mw16_results_v1.json,completed_initial,43,,UNTESTED_NO_VALID_ATLAS_OR_PARAMETER,,,UNTESTED,UNTESTED,UNTESTED,UNTESTED,UNTESTED,UNTESTED,,,
rank_jump_completed_cohort_panel_v1.json:a1-fibration-03-239,a1-fibration-03,-2849/227,16,18,2,UNKNOWN,extended20_mw16_results_v1.json,completed_initial,43,,UNTESTED_NO_VALID_ATLAS_OR_PARAMETER,,,UNTESTED,UNTESTED,UNTESTED,UNTESTED,UNTESTED,UNTESTED,,,
rank_jump_completed_cohort_panel_v1.json:a1-fibration-03-178,a1-fibration-03,1784/39,16,24,8,UNKNOWN,extended20_mw16_results_v1.json,completed_initial,43,,UNTESTED_NO_VALID_ATLAS_OR_PARAMETER,,,UNTESTED,UNTESTED,UNTESTED,UNTESTED,UNTESTED,UNTESTED,,,
rank_jump_completed_cohort_panel_v1.json:a1-fibration-04-000,a1-fibration-04,-1905/52,16,26,10,UNKNOWN,extended20_mw16_results_v1.json,completed_initial,43,,UNTESTED_NO_VALID_ATLAS_OR_PARAMETER,,,UNTESTED,UNTESTED,UNTESTED,UNTESTED,UNTESTED,UNTESTED,,,
rank_jump_completed_cohort_panel_v1.json:a1-fibration-04-001,a1-fibration-04,-1647/91,16,25,9,UNKNOWN,extended20_mw16_results_v1.json,completed_initial,43,,UNTESTED_NO_VALID_ATLAS_OR_PARAMETER,,,UNTESTED,UNTESTED,UNTESTED,UNTESTED,UNTESTED,UNTESTED,,,
rank_jump_completed_cohort_panel_v1.json:a1-fibration-04-024,a1-fibration-04,-2138/473,16,24,8,UNKNOWN,extended20_mw16_results_v1.json,completed_initial,43,,UNTESTED_NO_VALID_ATLAS_OR_PARAMETER,,,UNTESTED,UNTESTED,UNTESTED,UNTESTED,UNTESTED,UNTESTED,,,
rank_jump_completed_cohort_panel_v1.json:a1-fibration-04-186,a1-fibration-04,-1786/317,16,24,8,UNKNOWN,extended20_mw16_results_v1.json,completed_initial,43,,UNTESTED_NO_VALID_ATLAS_OR_PARAMETER,,,UNTESTED,UNTESTED,UNTESTED,UNTESTED,UNTESTED,UNTESTED,,,
rank_jump_completed_cohort_panel_v1.json:a1-fibration-05-000,a1-fibration-05,-34/87,16,24,8,UNKNOWN,extended20_mw16_results_v1.json,completed_initial,43,,UNTESTED_NO_VALID_ATLAS_OR_PARAMETER,,,UNTESTED,UNTESTED,UNTESTED,UNTESTED,UNTESTED,UNTESTED,,,
rank_jump_completed_cohort_panel_v1.json:a1-fibration-05-004,a1-fibration-05,509/149,16,24,8,UNKNOWN,extended20_mw16_results_v1.json,completed_initial,43,,UNTESTED_NO_VALID_ATLAS_OR_PARAMETER,,,UNTESTED,UNTESTED,UNTESTED,UNTESTED,UNTESTED,UNTESTED,,,
rank_jump_completed_cohort_panel_v1.json:a1-fibration-05-010,a1-fibration-05,3/17,16,22,6,UNKNOWN,extended20_mw16_results_v1.json,completed_initial,43,,UNTESTED_NO_VALID_ATLAS_OR_PARAMETER,,,UNTESTED,UNTESTED,UNTESTED,UNTESTED,UNTESTED,UNTESTED,,,
rank_jump_completed_cohort_panel_v1.json:a1-fibration-05-008,a1-fibration-05,-227/647,16,24,8,UNKNOWN,extended20_mw16_results_v1.json,completed_initial,43,,UNTESTED_NO_VALID_ATLAS_OR_PARAMETER,,,UNTESTED,UNTESTED,UNTESTED,UNTESTED,UNTESTED,UNTESTED,,,
full11952_64_r17_results_v1.json:11952-0814660,11952,108687/71224,17,17,0,UNKNOWN,full11952_64_r17_results_v1.json,completed_initial,49,,PARTIAL_1024,1024,0,NOT_APPLICABLE,0,NOT_APPLICABLE,0,0,0,0,0,1
full11952_64_r17_results_v1.json:11952-0462373,11952,-23071/53128,17,17,0,UNKNOWN,full11952_64_r17_results_v1.json,completed_initial,49,,PARTIAL_1024,1024,0,NOT_APPLICABLE,0,NOT_APPLICABLE,0,0,0,0,0,1
full11952_64_r17_results_v1.json:11952-0635908,11952,60116/105691,17,17,0,UNKNOWN,full11952_64_r17_results_v1.json,completed_initial,49,,PARTIAL_1024,1024,0,NOT_APPLICABLE,0,NOT_APPLICABLE,0,0,0,0,0,1
full11952_64_r17_results_v1.json:11952-0144384,11952,-25276/15643,17,17,0,UNKNOWN,full11952_64_r17_results_v1.json,completed_initial,49,,PARTIAL_1024,1024,0,NOT_APPLICABLE,0,NOT_APPLICABLE,0,0,0,0,0,1
full11952_64_r17_results_v1.json:11952-0891932,11952,11019/11983,17,23,6,UNKNOWN,full11952_64_r17_results_v1.json,completed_initial,49,,PARTIAL_1024,1024,0,NOT_APPLICABLE,0,NOT_APPLICABLE,0,0,0,0,0,1
full11952_64_r17_results_v1.json:11952-0307284,11952,-344/49753,17,17,0,UNKNOWN,full11952_64_r17_results_v1.json,completed_initial,49,,PARTIAL_1024,1024,0,NOT_APPLICABLE,0,NOT_APPLICABLE,0,0,0,0,0,1
full11952_64_r17_results_v1.json:11952-0627148,11952,49376/87241,17,17,0,UNKNOWN,full11952_64_r17_results_v1.json,completed_initial,49,,PARTIAL_1024,1024,0,NOT_APPLICABLE,0,NOT_APPLICABLE,0,0,0,0,0,1
full11952_64_r17_results_v1.json:11952-0962587,11952,4286/1881,17,27,10,UNKNOWN,full11952_64_r17_results_v1.json,completed_initial,49,,PARTIAL_1024,1024,0,NOT_APPLICABLE,0,NOT_APPLICABLE,0,0,0,0,0,1
full11952_64_r17_results_v1.json:11952-0616990,11952,121683/72886,17,17,0,UNKNOWN,full11952_64_r17_results_v1.json,completed_initial,49,,PARTIAL_1024,1024,0,NOT_APPLICABLE,0,NOT_APPLICABLE,0,0,0,0,0,1
full11952_64_r17_results_v1.json:11952-0988170,11952,31014/26507,17,17,0,UNKNOWN,full11952_64_r17_results_v1.json,completed_initial,49,,PARTIAL_1024,1024,0,NOT_APPLICABLE,0,NOT_APPLICABLE,0,0,0,0,0,1
full11952_64_r17_results_v1.json:11952-0200129,11952,-49607/95623,17,17,0,UNKNOWN,full11952_64_r17_results_v1.json,completed_initial,49,,PARTIAL_1024,1024,0,NOT_APPLICABLE,0,NOT_APPLICABLE,0,0,0,0,0,1
full11952_64_r17_results_v1.json:11952-0008416,11952,-24004/56337,17,17,0,UNKNOWN,full11952_64_r17_results_v1.json,completed_initial,49,,PARTIAL_1024,1024,0,NOT_APPLICABLE,0,NOT_APPLICABLE,0,0,0,0,0,1
full11952_64_r17_results_v1.json:11952-0274988,11952,-55985/50714,17,18,1,UNKNOWN,full11952_64_r17_results_v1.json,completed_initial,49,,PARTIAL_1024,1024,0,NOT_APPLICABLE,0,NOT_APPLICABLE,0,0,0,0,0,1
full11952_64_r17_results_v1.json:11952-0656455,11952,19734/19715,17,19,2,UNKNOWN,full11952_64_r17_results_v1.json,completed_initial,49,,PARTIAL_1024,1024,0,NOT_APPLICABLE,0,NOT_APPLICABLE,0,0,0,0,0,1
full11952_64_r17_results_v1.json:11952-0028737,11952,-57142/93241,17,18,1,UNKNOWN,full11952_64_r17_results_v1.json,completed_initial,49,,PARTIAL_1024,1024,0,NOT_APPLICABLE,0,NOT_APPLICABLE,0,0,0,0,0,1
full11952_64_r17_results_v1.json:11952-0492110,11952,-79231/56258,17,17,0,UNKNOWN,full11952_64_r17_results_v1.json,completed_initial,49,,PARTIAL_1024,1024,0,NOT_APPLICABLE,0,NOT_APPLICABLE,0,0,0,0,0,1
full11952_64_r17_results_v1.json:11952-0738816,11952,7429/22948,17,17,0,UNKNOWN,full11952_64_r17_results_v1.json,completed_initial,49,,PARTIAL_1024,1024,0,NOT_APPLICABLE,0,NOT_APPLICABLE,0,0,0,0,0,1
full11952_64_r17_results_v1.json:11952-0767049,11952,118504/130523,17,17,0,UNKNOWN,full11952_64_r17_results_v1.json,completed_initial,49,,PARTIAL_1024,1024,0,NOT_APPLICABLE,0,NOT_APPLICABLE,0,0,0,0,0,1
full11952_64_r17_results_v1.json:11952-0969227,11952,82717/11110,17,17,0,UNKNOWN,full11952_64_r17_results_v1.json,completed_initial,49,,PARTIAL_1024,1024,0,NOT_APPLICABLE,0,NOT_APPLICABLE,0,0,0,0,0,1
full11952_64_r17_results_v1.json:11952-0923754,11952,53861/20237,17,17,0,UNKNOWN,full11952_64_r17_results_v1.json,completed_initial,49,,PARTIAL_1024,1024,0,NOT_APPLICABLE,0,NOT_APPLICABLE,0,0,0,0,0,1
full11952_64_r17_results_v1.json:11952-0323072,11952,-24231/30328,17,17,0,UNKNOWN,full11952_64_r17_results_v1.json,completed_initial,49,,PARTIAL_1024,1024,0,NOT_APPLICABLE,0,NOT_APPLICABLE,0,0,0,0,0,1
full11952_64_r17_results_v1.json:11952-0686311,11952,26679/94525,17,17,0,UNKNOWN,full11952_64_r17_results_v1.json,completed_initial,49,,PARTIAL_1024,1024,0,NOT_APPLICABLE,0,NOT_APPLICABLE,0,0,0,0,0,1
full11952_64_r17_results_v1.json:11952-1021465,11952,97961/5068,17,18,1,UNKNOWN,full11952_64_r17_results_v1.json,completed_initial,49,,PARTIAL_1024,1024,0,NOT_APPLICABLE,0,NOT_APPLICABLE,0,0,0,0,0,1
full11952_64_r17_results_v1.json:11952-0636952,11952,14526/106717,17,17,0,UNKNOWN,full11952_64_r17_results_v1.json,completed_initial,49,,PARTIAL_1024,1024,0,NOT_APPLICABLE,0,NOT_APPLICABLE,0,0,0,0,0,1
full11952_64_r17_results_v1.json:11952-0553003,11952,89032/35897,17,17,0,UNKNOWN,full11952_64_r17_results_v1.json,completed_initial,49,,PARTIAL_1024,1024,0,NOT_APPLICABLE,0,NOT_APPLICABLE,0,0,0,0,0,1
full11952_64_r17_results_v1.json:11952-0855241,11952,48642/31367,17,17,0,UNKNOWN,full11952_64_r17_results_v1.json,completed_initial,49,,PARTIAL_1024,1024,0,NOT_APPLICABLE,0,NOT_APPLICABLE,0,0,0,0,0,1
full11952_64_r17_results_v1.json:11952-0223272,11952,-39749/82357,17,17,0,UNKNOWN,full11952_64_r17_results_v1.json,completed_initial,49,,PARTIAL_1024,1024,0,NOT_APPLICABLE,0,NOT_APPLICABLE,0,0,0,0,0,1
full11952_64_r17_results_v1.json:11952-0551990,11952,16487/26679,17,17,0,UNKNOWN,full11952_64_r17_results_v1.json,completed_initial,49,,PARTIAL_1024,1024,0,NOT_APPLICABLE,0,NOT_APPLICABLE,0,0,0,0,0,1
full11952_64_r17_results_v1.json:11952-0601378,11952,89074/31895,17,28,11,UNKNOWN,full11952_64_r17_results_v1.json,completed_initial,49,,PARTIAL_1024,1024,0,NOT_APPLICABLE,0,NOT_APPLICABLE,0,0,0,0,0,1
full11952_64_r17_results_v1.json:11952-0339465,11952,-8897/3736,17,17,0,UNKNOWN,full11952_64_r17_results_v1.json,completed_initial,49,,PARTIAL_1024,1024,0,NOT_APPLICABLE,0,NOT_APPLICABLE,0,0,0,0,0,1
full11952_64_r17_results_v1.json:11952-0228367,11952,-118486/447,17,17,0,UNKNOWN,full11952_64_r17_results_v1.json,completed_initial,49,,PARTIAL_1024,1024,0,NOT_APPLICABLE,0,NOT_APPLICABLE,0,0,0,0,0,1
full11952_64_r17_results_v1.json:11952-0439666,11952,-105474/78683,17,17,0,UNKNOWN,full11952_64_r17_results_v1.json,completed_initial,49,,PARTIAL_1024,1024,0,NOT_APPLICABLE,0,NOT_APPLICABLE,0,0,0,0,0,1
full11952_64_r17_results_v1.json:11952-1021975,11952,29124/118733,17,17,0,UNKNOWN,full11952_64_r17_results_v1.json,completed_initial,49,,PARTIAL_1024,1024,0,NOT_APPLICABLE,0,NOT_APPLICABLE,0,0,0,0,0,1
full11952_64_r17_results_v1.json:11952-0302717,11952,-78101/27216,17,18,1,UNKNOWN,full11952_64_r17_results_v1.json,completed_initial,49,,PARTIAL_1024,1024,0,NOT_APPLICABLE,0,NOT_APPLICABLE,0,0,0,0,0,1
full11952_64_r17_results_v1.json:11952-0559616,11952,11021/36934,17,18,1,UNKNOWN,full11952_64_r17_results_v1.json,completed_initial,49,,PARTIAL_1024,1024,0,NOT_APPLICABLE,0,NOT_APPLICABLE,0,0,0,0,0,1
full11952_64_r17_results_v1.json:11952-0338045,11952,-39167/126613,17,17,0,UNKNOWN,full11952_64_r17_results_v1.json,completed_initial,49,,PARTIAL_1024,1024,0,NOT_APPLICABLE,0,NOT_APPLICABLE,0,0,0,0,0,1
full11952_64_r17_results_v1.json:11952-0729129,11952,125611/96657,17,17,0,UNKNOWN,full11952_64_r17_results_v1.json,completed_initial,49,,PARTIAL_1024,1024,0,NOT_APPLICABLE,0,NOT_APPLICABLE,0,0,0,0,0,1
full11952_64_r17_results_v1.json:11952-0101406,11952,-11998/42183,17,20,3,UNKNOWN,full11952_64_r17_results_v1.json,completed_initial,49,,PARTIAL_1024,1024,0,NOT_APPLICABLE,0,NOT_APPLICABLE,0,0,0,0,0,1
full11952_64_r17_results_v1.json:11952-0772264,11952,124596/46565,17,17,0,UNKNOWN,full11952_64_r17_results_v1.json,completed_initial,49,,PARTIAL_1024,1024,0,NOT_APPLICABLE,0,NOT_APPLICABLE,0,0,0,0,0,1
full11952_64_r17_results_v1.json:11952-0545280,11952,50507/59434,17,17,0,UNKNOWN,full11952_64_r17_results_v1.json,completed_initial,49,,PARTIAL_1024,1024,0,NOT_APPLICABLE,0,NOT_APPLICABLE,0,0,0,0,0,1
full11952_64_r17_results_v1.json:11952-0788483,11952,17950/24069,17,18,1,UNKNOWN,full11952_64_r17_results_v1.json,completed_initial,49,,PARTIAL_1024,1024,0,NOT_APPLICABLE,0,NOT_APPLICABLE,0,0,0,0,0,1
full11952_64_r17_results_v1.json:11952-0701049,11952,86365/19802,17,17,0,UNKNOWN,full11952_64_r17_results_v1.json,completed_initial,49,,PARTIAL_1024,1024,0,NOT_APPLICABLE,0,NOT_APPLICABLE,0,0,0,0,0,1
full11952_64_r17_results_v1.json:11952-0880880,11952,106174/76473,17,17,0,UNKNOWN,full11952_64_r17_results_v1.json,completed_initial,49,,PARTIAL_1024,1024,0,NOT_APPLICABLE,0,NOT_APPLICABLE,0,0,0,0,0,1
full11952_64_r17_results_v1.json:11952-0381952,11952,-29318/107243,17,17,0,UNKNOWN,full11952_64_r17_results_v1.json,completed_initial,49,,PARTIAL_1024,1024,0,NOT_APPLICABLE,0,NOT_APPLICABLE,0,0,0,0,0,1
full11952_64_r17_results_v1.json:11952-0699413,11952,3183/61783,17,17,0,UNKNOWN,full11952_64_r17_results_v1.json,completed_initial,49,,PARTIAL_1024,1024,0,NOT_APPLICABLE,0,NOT_APPLICABLE,0,0,0,0,0,1
full11952_64_r17_results_v1.json:11952-0458563,11952,-31737/73600,17,17,0,UNKNOWN,full11952_64_r17_results_v1.json,completed_initial,49,,PARTIAL_1024,1024,0,NOT_APPLICABLE,0,NOT_APPLICABLE,0,0,0,0,0,1
full11952_64_r17_results_v1.json:11952-0317111,11952,-90169/11884,17,17,0,UNKNOWN,full11952_64_r17_results_v1.json,completed_initial,49,,PARTIAL_1024,1024,0,NOT_APPLICABLE,0,NOT_APPLICABLE,0,0,0,0,0,1
full11952_64_r17_results_v1.json:11952-0996902,11952,51063/38812,17,17,0,UNKNOWN,full11952_64_r17_results_v1.json,completed_initial,49,,PARTIAL_1024,1024,0,NOT_APPLICABLE,0,NOT_APPLICABLE,0,0,0,0,0,1
full11952_64_r17_results_v1.json:11952-0766167,11952,91849/31193,17,18,1,UNKNOWN,full11952_64_r17_results_v1.json,completed_initial,49,,PARTIAL_1024,1024,0,NOT_APPLICABLE,0,NOT_APPLICABLE,0,0,0,0,0,1
full11952_64_r17_results_v1.json:11952-0150973,11952,-49050/4391,17,18,1,UNKNOWN,full11952_64_r17_results_v1.json,completed_initial,49,,PARTIAL_1024,1024,0,NOT_APPLICABLE,0,NOT_APPLICABLE,0,0,0,0,0,1
full11952_64_r17_results_v1.json:11952-0648705,11952,130349/28916,17,17,0,UNKNOWN,full11952_64_r17_results_v1.json,completed_initial,49,,PARTIAL_1024,1024,0,NOT_APPLICABLE,0,NOT_APPLICABLE,0,0,0,0,0,1
full11952_64_r17_results_v1.json:11952-0417830,11952,-79672/60209,17,17,0,UNKNOWN,full11952_64_r17_results_v1.json,completed_initial,49,,PARTIAL_1024,1024,0,NOT_APPLICABLE,0,NOT_APPLICABLE,0,0,0,0,0,1
full11952_64_r17_results_v1.json:11952-0176139,11952,-26826/53593,17,17,0,UNKNOWN,full11952_64_r17_results_v1.json,completed_initial,49,,PARTIAL_1024,1024,0,NOT_APPLICABLE,0,NOT_APPLICABLE,0,0,0,0,0,1
full11952_64_r17_results_v1.json:11952-0360551,11952,-55348/58049,17,17,0,UNKNOWN,full11952_64_r17_results_v1.json,completed_initial,49,,PARTIAL_1024,1024,0,NOT_APPLICABLE,0,NOT_APPLICABLE,0,0,0,0,0,1
full11952_64_r17_results_v1.json:11952-0905799,11952,21103/72426,17,17,0,UNKNOWN,full11952_64_r17_results_v1.json,completed_initial,49,,PARTIAL_1024,1024,0,NOT_APPLICABLE,0,NOT_APPLICABLE,0,0,0,0,0,1
full11952_64_r17_results_v1.json:11952-0000035,11952,-109526/19457,17,17,0,UNKNOWN,full11952_64_r17_results_v1.json,completed_initial,49,,PARTIAL_1024,1024,0,NOT_APPLICABLE,0,NOT_APPLICABLE,0,0,0,0,0,1
full11952_64_r17_results_v1.json:11952-1046320,11952,36459/127996,17,17,0,UNKNOWN,full11952_64_r17_results_v1.json,completed_initial,49,,PARTIAL_1024,1024,0,NOT_APPLICABLE,0,NOT_APPLICABLE,0,0,0,0,0,1
full11952_64_r17_results_v1.json:11952-0066581,11952,-563/11395,17,17,0,UNKNOWN,full11952_64_r17_results_v1.json,completed_initial,49,,PARTIAL_1024,1024,0,NOT_APPLICABLE,0,NOT_APPLICABLE,0,0,0,0,0,1
full11952_64_r17_results_v1.json:11952-0569419,11952,32303/100441,17,17,0,UNKNOWN,full11952_64_r17_results_v1.json,completed_initial,49,,PARTIAL_1024,1024,0,NOT_APPLICABLE,0,NOT_APPLICABLE,0,0,0,0,0,1
full11952_64_r17_results_v1.json:11952-0061750,11952,-11171/87161,17,17,0,UNKNOWN,full11952_64_r17_results_v1.json,completed_initial,49,,PARTIAL_1024,1024,0,NOT_APPLICABLE,0,NOT_APPLICABLE,0,0,0,0,0,1
full11952_64_r17_results_v1.json:11952-0058449,11952,-94579/115,17,17,0,UNKNOWN,full11952_64_r17_results_v1.json,completed_initial,49,,PARTIAL_1024,1024,0,NOT_APPLICABLE,0,NOT_APPLICABLE,0,0,0,0,0,1
full11952_64_r17_results_v1.json:11952-0847980,11952,29871/57977,17,18,1,UNKNOWN,full11952_64_r17_results_v1.json,completed_initial,49,,PARTIAL_1024,1024,0,NOT_APPLICABLE,0,NOT_APPLICABLE,0,0,0,0,0,1
full11952_64_r17_results_v1.json:11952-1015808,11952,14557/17345,17,19,2,UNKNOWN,full11952_64_r17_results_v1.json,completed_initial,49,,PARTIAL_1024,1024,0,NOT_APPLICABLE,0,NOT_APPLICABLE,0,0,0,0,0,1
full11952_64_r17_results_v1.json:11952-0907309,11952,43803/104173,17,17,0,UNKNOWN,full11952_64_r17_results_v1.json,completed_initial,49,,PARTIAL_1024,1024,0,NOT_APPLICABLE,0,NOT_APPLICABLE,0,0,0,0,0,1
full11952_late64_r17_results_v1.json:11952-0959582,11952,110314/102227,17,27,10,UNKNOWN,full11952_late64_r17_results_v1.json,completed_initial,49,,PARTIAL_1024,1024,0,NOT_APPLICABLE,0,NOT_APPLICABLE,0,0,0,0,0,1
full11952_late64_r17_results_v1.json:11952-0280670,11952,-26370/48677,17,17,0,UNKNOWN,full11952_late64_r17_results_v1.json,completed_initial,49,,PARTIAL_1024,1024,0,NOT_APPLICABLE,0,NOT_APPLICABLE,0,0,0,0,0,1
full11952_late64_r17_results_v1.json:11952-0671851,11952,2618/26913,17,26,9,UNKNOWN,full11952_late64_r17_results_v1.json,completed_initial,49,,PARTIAL_1024,1024,0,NOT_APPLICABLE,0,NOT_APPLICABLE,0,0,0,0,0,1
full11952_late64_r17_results_v1.json:11952-0970821,11952,130724/36713,17,19,2,UNKNOWN,full11952_late64_r17_results_v1.json,completed_initial,49,,PARTIAL_1024,1024,0,NOT_APPLICABLE,0,NOT_APPLICABLE,0,0,0,0,0,1
full11952_late64_r17_results_v1.json:11952-0908880,11952,31901/82672,17,17,0,UNKNOWN,full11952_late64_r17_results_v1.json,completed_initial,49,,PARTIAL_1024,1024,0,NOT_APPLICABLE,0,NOT_APPLICABLE,0,0,0,0,0,1
full11952_late64_r17_results_v1.json:11952-0090121,11952,-24046/30897,17,17,0,UNKNOWN,full11952_late64_r17_results_v1.json,completed_initial,49,,PARTIAL_1024,1024,0,NOT_APPLICABLE,0,NOT_APPLICABLE,0,0,0,0,0,1
full11952_late64_r17_results_v1.json:11952-0509073,11952,-119091/96227,17,17,0,UNKNOWN,full11952_late64_r17_results_v1.json,completed_initial,49,,PARTIAL_1024,1024,0,NOT_APPLICABLE,0,NOT_APPLICABLE,0,0,0,0,0,1
full11952_late64_r17_results_v1.json:11952-0109166,11952,-59441/101590,17,17,0,UNKNOWN,full11952_late64_r17_results_v1.json,completed_initial,49,,PARTIAL_1024,1024,0,NOT_APPLICABLE,0,NOT_APPLICABLE,0,0,0,0,0,1
full11952_late64_r17_results_v1.json:11952-0929095,11952,101436/94999,17,18,1,UNKNOWN,full11952_late64_r17_results_v1.json,completed_initial,49,,PARTIAL_1024,1024,0,NOT_APPLICABLE,0,NOT_APPLICABLE,0,0,0,0,0,1
full11952_late64_r17_results_v1.json:11952-0426330,11952,-60038/18241,17,17,0,UNKNOWN,full11952_late64_r17_results_v1.json,completed_initial,49,,PARTIAL_1024,1024,0,NOT_APPLICABLE,0,NOT_APPLICABLE,0,0,0,0,0,1
full11952_late64_r17_results_v1.json:11952-0784385,11952,98624/110077,17,17,0,UNKNOWN,full11952_late64_r17_results_v1.json,completed_initial,49,,PARTIAL_1024,1024,0,NOT_APPLICABLE,0,NOT_APPLICABLE,0,0,0,0,0,1
full11952_late64_r17_results_v1.json:11952-0857337,11952,1808/10891,17,17,0,UNKNOWN,full11952_late64_r17_results_v1.json,completed_initial,49,,PARTIAL_1024,1024,0,NOT_APPLICABLE,0,NOT_APPLICABLE,0,0,0,0,0,1
full11952_late64_r17_results_v1.json:11952-0654631,11952,80307/78079,17,17,0,UNKNOWN,full11952_late64_r17_results_v1.json,completed_initial,49,,PARTIAL_1024,1024,0,NOT_APPLICABLE,0,NOT_APPLICABLE,0,0,0,0,0,1
full11952_late64_r17_results_v1.json:11952-0046276,11952,-3058/78939,17,17,0,UNKNOWN,full11952_late64_r17_results_v1.json,completed_initial,49,,PARTIAL_1024,1024,0,NOT_APPLICABLE,0,NOT_APPLICABLE,0,0,0,0,0,1
full11952_late64_r17_results_v1.json:11952-0315399,11952,-77456/92777,17,17,0,UNKNOWN,full11952_late64_r17_results_v1.json,completed_initial,49,,PARTIAL_1024,1024,0,NOT_APPLICABLE,0,NOT_APPLICABLE,0,0,0,0,0,1
full11952_late64_r17_results_v1.json:11952-0043220,11952,-24256/116821,17,18,1,UNKNOWN,full11952_late64_r17_results_v1.json,completed_initial,49,,PARTIAL_1024,1024,0,NOT_APPLICABLE,0,NOT_APPLICABLE,0,0,0,0,0,1
full11952_late64_r17_results_v1.json:11952-0637442,11952,46703/90334,17,17,0,UNKNOWN,full11952_late64_r17_results_v1.json,completed_initial,49,,PARTIAL_1024,1024,0,NOT_APPLICABLE,0,NOT_APPLICABLE,0,0,0,0,0,1
full11952_late64_r17_results_v1.json:11952-0003079,11952,-24466/29703,17,17,0,UNKNOWN,full11952_late64_r17_results_v1.json,completed_initial,49,,PARTIAL_1024,1024,0,NOT_APPLICABLE,0,NOT_APPLICABLE,0,0,0,0,0,1
full11952_late64_r17_results_v1.json:11952-0552991,11952,10120/98361,17,17,0,UNKNOWN,full11952_late64_r17_results_v1.json,completed_initial,49,,PARTIAL_1024,1024,0,NOT_APPLICABLE,0,NOT_APPLICABLE,0,0,0,0,0,1
full11952_late64_r17_results_v1.json:11952-0649211,11952,84029/23796,17,19,2,UNKNOWN,full11952_late64_r17_results_v1.json,completed_initial,49,,PARTIAL_1024,1024,0,NOT_APPLICABLE,0,NOT_APPLICABLE,0,0,0,0,0,1
full11952_late64_r17_results_v1.json:11952-0697366,11952,44221/115027,17,17,0,UNKNOWN,full11952_late64_r17_results_v1.json,completed_initial,49,,PARTIAL_1024,1024,0,NOT_APPLICABLE,0,NOT_APPLICABLE,0,0,0,0,0,1
full11952_late64_r17_results_v1.json:11952-0952348,11952,61891/837,17,17,0,UNKNOWN,full11952_late64_r17_results_v1.json,completed_initial,49,,PARTIAL_1024,1024,0,NOT_APPLICABLE,0,NOT_APPLICABLE,0,0,0,0,0,1
full11952_late64_r17_results_v1.json:11952-1037461,11952,107703/74731,17,17,0,UNKNOWN,full11952_late64_r17_results_v1.json,completed_initial,49,,PARTIAL_1024,1024,0,NOT_APPLICABLE,0,NOT_APPLICABLE,0,0,0,0,0,1
full11952_late64_r17_results_v1.json:11952-0313949,11952,-115175/54886,17,17,0,UNKNOWN,full11952_late64_r17_results_v1.json,completed_initial,49,,PARTIAL_1024,1024,0,NOT_APPLICABLE,0,NOT_APPLICABLE,0,0,0,0,0,1
full11952_late64_r17_results_v1.json:11952-0035843,11952,-60405/106567,17,17,0,UNKNOWN,full11952_late64_r17_results_v1.json,completed_initial,49,,PARTIAL_1024,1024,0,NOT_APPLICABLE,0,NOT_APPLICABLE,0,0,0,0,0,1
full11952_late64_r17_results_v1.json:11952-0816645,11952,88187/27196,17,17,0,UNKNOWN,full11952_late64_r17_results_v1.json,completed_initial,49,,PARTIAL_1024,1024,0,NOT_APPLICABLE,0,NOT_APPLICABLE,0,0,0,0,0,1
full11952_late64_r17_results_v1.json:11952-0675988,11952,96282/84265,17,17,0,UNKNOWN,full11952_late64_r17_results_v1.json,completed_initial,49,,PARTIAL_1024,1024,0,NOT_APPLICABLE,0,NOT_APPLICABLE,0,0,0,0,0,1
full11952_late64_r17_results_v1.json:11952-0116916,11952,-52923/86245,17,17,0,UNKNOWN,full11952_late64_r17_results_v1.json,completed_initial,49,,PARTIAL_1024,1024,0,NOT_APPLICABLE,0,NOT_APPLICABLE,0,0,0,0,0,1
full11952_late64_r17_results_v1.json:11952-0348049,11952,-1099/79528,17,17,0,UNKNOWN,full11952_late64_r17_results_v1.json,completed_initial,49,,PARTIAL_1024,1024,0,NOT_APPLICABLE,0,NOT_APPLICABLE,0,0,0,0,0,1
full11952_late64_r17_results_v1.json:11952-0188928,11952,-27813/32114,17,17,0,UNKNOWN,full11952_late64_r17_results_v1.json,completed_initial,49,,PARTIAL_1024,1024,0,NOT_APPLICABLE,0,NOT_APPLICABLE,0,0,0,0,0,1
full11952_late64_r17_results_v1.json:11952-0881212,11952,28699/88762,17,17,0,UNKNOWN,full11952_late64_r17_results_v1.json,completed_initial,49,,PARTIAL_1024,1024,0,NOT_APPLICABLE,0,NOT_APPLICABLE,0,0,0,0,0,1
full11952_late64_r17_results_v1.json:11952-0250241,11952,-123173/96745,17,17,0,UNKNOWN,full11952_late64_r17_results_v1.json,completed_initial,49,,PARTIAL_1024,1024,0,NOT_APPLICABLE,0,NOT_APPLICABLE,0,0,0,0,0,1
full11952_late64_r17_results_v1.json:11952-0175156,11952,-117677/81239,17,21,4,UNKNOWN,full11952_late64_r17_results_v1.json,completed_initial,49,,PARTIAL_1024,1024,1,0,0,NOT_APPLICABLE,0,0,0,0,0,2
full11952_late64_r17_results_v1.json:11952-0470307,11952,-130384/44951,17,17,0,UNKNOWN,full11952_late64_r17_results_v1.json,completed_initial,49,,PARTIAL_1024,1024,0,NOT_APPLICABLE,0,NOT_APPLICABLE,0,0,0,0,0,1
full11952_late64_r17_results_v1.json:11952-0403547,11952,-37321/105237,17,17,0,UNKNOWN,full11952_late64_r17_results_v1.json,completed_initial,49,,PARTIAL_1024,1024,0,NOT_APPLICABLE,0,NOT_APPLICABLE,0,0,0,0,0,1
full11952_late64_r17_results_v1.json:11952-0021006,11952,-107953/120874,17,17,0,UNKNOWN,full11952_late64_r17_results_v1.json,completed_initial,49,,PARTIAL_1024,1024,0,NOT_APPLICABLE,0,NOT_APPLICABLE,0,0,0,0,0,1
full11952_late64_r17_results_v1.json:11952-0652800,11952,90709/76028,17,17,0,UNKNOWN,full11952_late64_r17_results_v1.json,completed_initial,49,,PARTIAL_1024,1024,0,NOT_APPLICABLE,0,NOT_APPLICABLE,0,0,0,0,0,1
full11952_late64_r17_results_v1.json:11952-0067682,11952,-129707/52357,17,17,0,UNKNOWN,full11952_late64_r17_results_v1.json,completed_initial,49,,PARTIAL_1024,1024,0,NOT_APPLICABLE,0,NOT_APPLICABLE,0,0,0,0,0,1
full11952_late64_r17_results_v1.json:11952-0840198,11952,53673/125546,17,18,1,UNKNOWN,full11952_late64_r17_results_v1.json,completed_initial,49,,PARTIAL_1024,1024,0,NOT_APPLICABLE,0,NOT_APPLICABLE,0,0,0,0,0,1
full11952_late64_r17_results_v1.json:11952-0292998,11952,-95511/64061,17,17,0,UNKNOWN,full11952_late64_r17_results_v1.json,completed_initial,49,,PARTIAL_1024,1024,0,NOT_APPLICABLE,0,NOT_APPLICABLE,0,0,0,0,0,1
full11952_late64_r17_results_v1.json:11952-1004724,11952,48368/118699,17,17,0,UNKNOWN,full11952_late64_r17_results_v1.json,completed_initial,49,,PARTIAL_1024,1024,0,NOT_APPLICABLE,0,NOT_APPLICABLE,0,0,0,0,0,1
full11952_late64_r17_results_v1.json:11952-0867511,11952,93962/10911,17,17,0,UNKNOWN,full11952_late64_r17_results_v1.json,completed_initial,49,,PARTIAL_1024,1024,0,NOT_APPLICABLE,0,NOT_APPLICABLE,0,0,0,0,0,1
full11952_late64_r17_results_v1.json:11952-0525933,11952,124501/2052,17,17,0,UNKNOWN,full11952_late64_r17_results_v1.json,completed_initial,49,,PARTIAL_1024,1024,0,NOT_APPLICABLE,0,NOT_APPLICABLE,0,0,0,0,0,1
full11952_late64_r17_results_v1.json:11952-0304226,11952,-36361/105043,17,17,0,UNKNOWN,full11952_late64_r17_results_v1.json,completed_initial,49,,PARTIAL_1024,1024,0,NOT_APPLICABLE,0,NOT_APPLICABLE,0,0,0,0,0,1
full11952_late64_r17_results_v1.json:11952-0484356,11952,-97918/78771,17,19,2,UNKNOWN,full11952_late64_r17_results_v1.json,completed_initial,49,,PARTIAL_1024,1024,0,NOT_APPLICABLE,0,NOT_APPLICABLE,0,0,0,0,0,1
full11952_late64_r17_results_v1.json:11952-0706370,11952,13539/64868,17,17,0,UNKNOWN,full11952_late64_r17_results_v1.json,completed_initial,49,,PARTIAL_1024,1024,0,NOT_APPLICABLE,0,NOT_APPLICABLE,0,0,0,0,0,1
full11952_late64_r17_results_v1.json:11952-0278044,11952,-12949/91680,17,17,0,UNKNOWN,full11952_late64_r17_results_v1.json,completed_initial,49,,PARTIAL_1024,1024,0,NOT_APPLICABLE,0,NOT_APPLICABLE,0,0,0,0,0,1
full11952_late64_r17_results_v1.json:11952-0321176,11952,-10687/64116,17,17,0,UNKNOWN,full11952_late64_r17_results_v1.json,completed_initial,49,,PARTIAL_1024,1024,0,NOT_APPLICABLE,0,NOT_APPLICABLE,0,0,0,0,0,1
full11952_late64_r17_results_v1.json:11952-0202081,11952,-119202/43403,17,17,0,UNKNOWN,full11952_late64_r17_results_v1.json,completed_initial,49,,PARTIAL_1024,1024,0,NOT_APPLICABLE,0,NOT_APPLICABLE,0,0,0,0,0,1
full11952_late64_r17_results_v1.json:11952-0003128,11952,-49154/12295,17,17,0,UNKNOWN,full11952_late64_r17_results_v1.json,completed_initial,49,,PARTIAL_1024,1024,0,NOT_APPLICABLE,0,NOT_APPLICABLE,0,0,0,0,0,1
full11952_late64_r17_results_v1.json:11952-0474125,11952,-75217/79775,17,17,0,UNKNOWN,full11952_late64_r17_results_v1.json,completed_initial,49,,PARTIAL_1024,1024,0,NOT_APPLICABLE,0,NOT_APPLICABLE,0,0,0,0,0,1
full11952_late64_r17_results_v1.json:11952-1003566,11952,73890/124841,17,17,0,UNKNOWN,full11952_late64_r17_results_v1.json,completed_initial,49,,PARTIAL_1024,1024,0,NOT_APPLICABLE,0,NOT_APPLICABLE,0,0,0,0,0,1
full11952_late64_r17_results_v1.json:11952-0889458,11952,38293/104138,17,17,0,UNKNOWN,full11952_late64_r17_results_v1.json,completed_initial,49,,PARTIAL_1024,1024,0,NOT_APPLICABLE,0,NOT_APPLICABLE,0,0,0,0,0,1
full11952_late64_r17_results_v1.json:11952-0787136,11952,58903/22018,17,17,0,UNKNOWN,full11952_late64_r17_results_v1.json,completed_initial,49,,PARTIAL_1024,1024,0,NOT_APPLICABLE,0,NOT_APPLICABLE,0,0,0,0,0,1
full11952_late64_r17_results_v1.json:11952-0951298,11952,9201/29507,17,17,0,UNKNOWN,full11952_late64_r17_results_v1.json,completed_initial,49,,PARTIAL_1024,1024,0,NOT_APPLICABLE,0,NOT_APPLICABLE,0,0,0,0,0,1
full11952_late64_r17_results_v1.json:11952-0735792,11952,59195/62878,17,17,0,UNKNOWN,full11952_late64_r17_results_v1.json,completed_initial,49,,PARTIAL_1024,1024,0,NOT_APPLICABLE,0,NOT_APPLICABLE,0,0,0,0,0,1
full11952_late64_r17_results_v1.json:11952-0513211,11952,-113467/49131,17,17,0,UNKNOWN,full11952_late64_r17_results_v1.json,completed_initial,49,,PARTIAL_1024,1024,0,NOT_APPLICABLE,0,NOT_APPLICABLE,0,0,0,0,0,1
full11952_late64_r17_results_v1.json:11952-0695407,11952,61359/86351,17,17,0,UNKNOWN,full11952_late64_r17_results_v1.json,completed_initial,49,,PARTIAL_1024,1024,0,NOT_APPLICABLE,0,NOT_APPLICABLE,0,0,0,0,0,1
full11952_late64_r17_results_v1.json:11952-0739615,11952,8240/3493,17,20,3,UNKNOWN,full11952_late64_r17_results_v1.json,completed_initial,49,,PARTIAL_1024,1024,0,NOT_APPLICABLE,0,NOT_APPLICABLE,0,0,0,0,0,1
full11952_late64_r17_results_v1.json:11952-0629884,11952,19770/82127,17,18,1,UNKNOWN,full11952_late64_r17_results_v1.json,completed_initial,49,,PARTIAL_1024,1024,0,NOT_APPLICABLE,0,NOT_APPLICABLE,0,0,0,0,0,1
full11952_late64_r17_results_v1.json:11952-0085426,11952,-126484/30887,17,17,0,UNKNOWN,full11952_late64_r17_results_v1.json,completed_initial,49,,PARTIAL_1024,1024,0,NOT_APPLICABLE,0,NOT_APPLICABLE,0,0,0,0,0,1
full11952_late64_r17_results_v1.json:11952-0411591,11952,-49299/107300,17,17,0,UNKNOWN,full11952_late64_r17_results_v1.json,completed_initial,49,,PARTIAL_1024,1024,0,NOT_APPLICABLE,0,NOT_APPLICABLE,0,0,0,0,0,1
full11952_late64_r17_results_v1.json:11952-0539177,11952,43717/79902,17,17,0,UNKNOWN,full11952_late64_r17_results_v1.json,completed_initial,49,,PARTIAL_1024,1024,0,NOT_APPLICABLE,0,NOT_APPLICABLE,0,0,0,0,0,1
full11952_late64_r17_results_v1.json:11952-0514560,11952,-37929/40942,17,17,0,UNKNOWN,full11952_late64_r17_results_v1.json,completed_initial,49,,PARTIAL_1024,1024,0,NOT_APPLICABLE,0,NOT_APPLICABLE,0,0,0,0,0,1
