path	role	area	claim_ids	sha256
CLEANUP_REPORT_2026-09-12.md	reference	core		f91496b54339d5088cea71508ab9ba1cbc0c66a78fd800a2767d8831d4dd946f
DISCOVERY_RETROSPECTIVE_AUDIT_2026-09-04.md	reference	core		3ac24be634c82712bc7851750cedbc2b25c2f1c994bd1a45397036df301eddaf
KNOWLEDGE_BASE.md	reference	core		38c6b7040066fb9c7c536f2efda9015d278a39ec87cfb499775878bc7d5eb00d
README.md	reference	core		32a8c45da3a1ed33942119de24f7657ecdb683e25d1aa2b8825d2abd1e0e5edd
REPRODUCE.md	reference	core		387c59bda88b0a8b6f870174a8f407d952cd8839ff3ebc28f4a5734df6512592
RESEARCH_TIMELINE.md	reference	core		626fdb0244de17eb6d30b53095f59e7fdffb23f60e965d2ff95903daeef16de0
RESEARCH_VALUE_REVIEW_2026-09-04.md	reference	core		dd5e4d45675b631457d2b24c25aaa8aaa1c5a34603a100359be03c4c8a98837c
archive/README.md	historical	core		341193e0d8c2dc43e60f1ae90902d953aa2572b4937cc12c61687c65b967d09d
archive/RESEARCH_VALUE_REVIEW_GVC_PROPOSAL_2026-09-04.md	historical	core		60e1cddbc9f01400fde00805253b95d43010541412fb9269b5e29ea6c5ca7cfa
archive/STREAMLINING_2026-09-03.md	historical	core		c9d9ecbe9f56c1d536c113ab6a4470641661a1bf2fef51cd6fafa36d97c3e657
archive/V3_DETACHED_HANDOFF_2026-09-07.md	historical	core		2436fea0622ebfd84d8339029424405890ee92f87d0a3041e8d644873707d561
archive/cancellation-components/BOUNDARY_EXHAUSTION_CERTIFICATE.md	historical	core		f5056bd8381e6356d2c1bd21fc7d014d091490080fcecd95838d6446de96957b
archive/cancellation-components/BOUNDARY_EXHAUSTION_INDEPENDENT_AUDIT.md	historical	core		3dfe27aefc77555e6a40e2d71e39a92d4959aa601a13bdd0fbdab03411a72474
archive/cancellation-components/BOUNDARY_INTERSECTION_OBSTRUCTION.md	historical	core		26389aae85988bea602b74a08558f2320d4aa3d460ae63f799d8cfc4d7ccee2e
archive/cancellation-components/BOUNDARY_INVARIANT_LADDER.md	historical	core		ac87cc4c53789857aa9ecb578b2efddc64dec3d85e51479280fe61bf66d6c6b1
archive/cancellation-components/CANONICAL_BOUNDARY_INTERSECTION_INVARIANT.md	historical	core		92e95c6457a4d2825598a3fc2aa15470a5f674528ef88112eae6afbad21bc708
archive/cancellation-components/GENERALIZED_CANCELLATION_MECHANISM.md	historical	core		55798c410955ca2f5f3807e276aaed05e8da24b6d17d44c112bb4f7f3f99cadb
archive/cancellation-components/MASTER_CANCELLATION_CONSTRUCTION.md	historical	core		373a010e60302a2de47917b029757b8e3855fde156d0a2653c1ee976d728e859
archive/cancellation-components/MONODROMY_DECK_RIGIDITY.md	historical	core		0fce51950238007f2904eaa1ea7821b6c3167936716046f9cb40c889ee0fd982
archive/cancellation-components/OPEN_PROBLEMS.md	historical	core		245bf9bd70e8f2a9b89231433ac92226f5b07cfa151e7f5d31db09549e23e52a
archive/cancellation-components/PARAMETER_DISCRIMINANT.md	historical	core		6120de044dc9287265170637da8d35d8bf7e9d5c514d5bdae7dfc3f0857500ee
archive/cancellation-components/PARAMETER_GALOIS_GROUPS.md	historical	core		9c6c8e0378ad420ea93986a7677d947a8ffe59ff8420085303d0b6256d58567e
archive/cancellation-components/PARAMETER_IRREDUCIBILITY.md	historical	core		150986bfb1b2d80ce4393b1c4904a3a54f9aab467b19d314d8e72498c6e7cbe2
archive/cancellation-components/README.md	historical	core		26f61bf557232610fd314460ba2186e8fb1595e27b272da0fdd5f1596343d8ce
archive/cancellation-components/RESOLVENT_RAMIFICATION_SIGNATURE.md	historical	core		df2a82ae77ea5529357c0445e8975f710dfd0811dc67d8ca5c1f1b04c2ab9005
archive/cancellation-components/SCHEME_BOUNDARY_ALL_PARAMETERS.md	historical	core		459482c21268eaeb7953521df2122366e6b9763f436babccc976e145009bca2f
archive/cancellation-components/TARGET_BOUNDARY_AUTOMORPHISM_GROUP.md	historical	core		99ef7303c3c9ebb1c02ba7f0442ca439845022d5531c9d2a90d8a8bb613eb72b
archive/cancellation-components/TARGET_DEPENDENT_RESOLVENT_CLASSIFICATION.md	historical	core		a9529e2d8c4315068acd7ec9f1ddf5a79ce0d055dcec4a0e6f6fe6f0f912cb04
archive/cancellation-components/TARGET_FIXED_PARAMETER_RIGIDITY.md	historical	core		e7d64cd3d90dcc59aae61407cf0b073c66ed2d7f4d83d97f916c310088dcbc8b
archive/cancellation-components/THREE_WEIGHT_CANCELLATION_CLASSIFICATION.md	historical	core		f03bba1b7324571b2c5c4fbaf97c0e332a9b3c1976387e4eb346a08e56dc6029
archive/cancellation-components/TWO_FACTOR_RESOLVENT_CLASSIFICATION.md	historical	core		8828921fb6201e4365265fdf28f4f98d5c74eb2d9f15e2e25d000e1cd97faa0f
archive/cancellation-components/UPSTAIRS_DOWNSTAIRS_BOUNDARY_INCIDENCE.md	historical	core		93f7b747388a55ef702ec409fef8b04965e998e28297544e2ffd40154af5b976
archive/core-support/FACTS.md	historical	core		32deb3c4745ee04b4b9f3ed89b921262fc441636b34851a9516bc45a83171897
archive/core-support/FOUNDATIONAL_INVARIANCE_REGRESSION.md	historical	core		8e63bc7df15ad6f0b80b4981dc65ed9493c35a5daa74ce6b33c10a1621bfca84
archive/core-support/FOUNDATIONAL_THROUGH_WEIGHTED_GEOMETRY.md	historical	core		86b4aec2f49925b153ac9b0602057438852597789eee5f69746c7cf83fda1feb
archive/core-support/NORMALIZED_FACTORIZATION_SLICE.md	historical	core		6c7a43e6b8fa674ff482044820164fb21e65df4f3b4518f97acef16098dc8016
archive/core-support/README.md	historical	core		75d63678546feb62db1bb1333dd82b3cacc062332c51d6560a91ffc7e95e1982
archive/core-support/WEIGHTED_INDEPENDENT_AUDIT.md	historical	core		8f429ef54aa0df3c23a37fa79f0041be9617ea2cc452489b2d9ab3bc5fd5a235
archive/core-support/WEIGHTED_MARKED_ROOT_MODEL.md	historical	core		8c431bfca025dc7ab892423c496dd35f210c488002a33b6281a732bcc1d54378
archive/dc2-closed-branches/DC2_DEGREE_EIGHT_MARKED_ROOT_SEARCH.md	historical	core		fc52179a507cf7d405980baf4649f2c65af951894216ce8a325cff2b1a5c832a
archive/dc2-closed-branches/DC2_DEGREE_SEVEN_MARKED_ROOT_SEARCH.md	historical	core		dd644073fc631862b64b245a250988d9acda2649d371234342f4fa2b9cdf70e3
archive/dc2-closed-branches/README.md	historical	core		aae025562c6812014948e984a4e20dfaee5b6c08c71d695bcde7ab77474b5be4
archive/derived-constructions/CUBIC_HOMOGENEOUS_REDUCTION.md	historical	core		9bee23930a69bb43acd1a13f3dcea7174f1bc56330dda5fea48dd79c97d43b71
archive/derived-constructions/CUBIC_LINEAR_REDUCTION.md	historical	core		cab7f4381550a0c927db14236115eccdff1ae34f12d402fc618b91ded7d4726b
archive/derived-constructions/IMAGES_AND_SURJECTIVITY_RESEARCH_MEMO.md	historical	core		67ee5abab370040bbf7a46a27d21a859f46be5a77e829ab862cb967c378b0856
archive/derived-constructions/NORMAL_COVERINGS_COMPONENT_COMPLEXITY_RESEARCH.md	historical	core		e6d606c42a988a1a2b0cd8db440ba23633ed9d12b378c25e95ad4aef66de7875
archive/derived-constructions/README.md	historical	core		e00cb2affd971fb0d233b76810646dc2cad29b0d8277aa619772c390560e687c
archive/elkies-k3/README.md	historical	elkies-k3		9f8f7b92fd6a9e46359922ffc31392d2e22d399c8f075f6b50e30273218444d7
archive/elkies-k3/early-experiments/ATTACK_MW3.md	historical	elkies-k3		d75370432a2540e72e2ae524e6ea81dd35f6709e913775ea38fc121ebe68f0d3
archive/elkies-k3/early-experiments/E6_SECTION_ATTACK.md	historical	elkies-k3		46d00d332fa2aeeb7da46355846b69f23f7099e76edf64ab3b08ec9702c2cf8b
archive/elkies-k3/early-experiments/EXPERIMENT_ATKIN_LEHNER_CM.md	historical	elkies-k3		5892429436d76db97ff42ac18daa245177d08ca2d1eaa90085b4a99318cafa17
archive/elkies-k3/early-experiments/EXPERIMENT_CM_EMBEDDINGS.md	historical	elkies-k3		faa35bd4389318e1fbb1e0cb5e201706872a594464063b50cb9d52f5e220e505
archive/elkies-k3/early-experiments/EXPERIMENT_CM_GENERIC_EMBED.md	historical	elkies-k3		8b01d89a4f0eddc1cff32a28c8904760bc06d90cd95dcc51ce7601c63c2ab6b0
archive/elkies-k3/early-experiments/EXPERIMENT_CM_T2_LATTICES.md	historical	elkies-k3		914e9ff5292f2ec61b2c01536d963e008dbc6af78886699a8c6f2e576e97e327
archive/elkies-k3/early-experiments/EXPERIMENT_EXACT_GROSS.md	historical	elkies-k3		7fe56fbe742716670d77dbf336beed2af1dfe1c16d10b9d42a389a39f81e39fd
archive/elkies-k3/early-experiments/EXPERIMENT_EXPLICIT_X3.md	historical	elkies-k3		a3570ae9373ac102f793e817a2b2f575e776d4945e075d715cf7bdd37b7b477e
archive/elkies-k3/early-experiments/EXPERIMENT_GROSS_COMPANION.md	historical	elkies-k3		4e643197dc3674459d58364d49f644d5d5c095185874fe73431c9f4335508754
archive/elkies-k3/early-experiments/EXPERIMENT_HEEGNER_ORBITS.md	historical	elkies-k3		fc394bea5d582fea2edeb29e5ddf8d63bc78cbc4e0db15d915ec9cf8551a0680
archive/elkies-k3/early-experiments/EXPERIMENT_MODP_RECONSTRUCTION.md	historical	elkies-k3		a9b8060614fda1b58c274aec265ec48ecf3e9e7edd8dfd7c22ac21be9fb99c80
archive/elkies-k3/early-experiments/EXPERIMENT_MW3_NODE.md	historical	elkies-k3		73ea9ac8032b04495a11f95493882d8f848e644946b6e4e7ca091a8cccc37e01
archive/elkies-k3/early-experiments/EXPERIMENT_MW4B_NODE.md	historical	elkies-k3		bfcea86a47fb9b02a6226278e29a86163309910e368c1761a16da2a22fa03af7
archive/elkies-k3/early-experiments/EXPERIMENT_MW4_NODE.md	historical	elkies-k3		8a03aac50a1a09f1eab8097d1d3be58495b7bed96aafad6647f7ee4631e39206
archive/elkies-k3/early-experiments/EXPERIMENT_Q15_MW4_NODE.md	historical	elkies-k3		d3d4cd12bf1e823c0b7d039ae2b5a2ef05cc75e28f2512929e6a260bef5e2c92
archive/elkies-k3/early-experiments/EXPERIMENT_Q90_MW7_NODE.md	historical	elkies-k3		8405d717060965ac0f80201f460f0b90e05dde104ebc3665e9601467499f59c5
archive/elkies-k3/early-experiments/EXPERIMENT_RANK3_JUMP.md	historical	elkies-k3		66c13c89527889a9cb53b85e289c035ffc2092b6c20e6508b72e745a8b0ab1de
archive/elkies-k3/early-experiments/Q8O376_RR_BRANCH_AUDIT_2026-08-26.md	historical	elkies-k3		f05ede015bc357f646a549777fa7c32171485f5741d8061e845fcff9e06fda22
archive/elkies-k3/early-experiments/README.md	historical	elkies-k3		3178099fb0f39b01827b5e8cce680d911350303b2edc2019984c99210ae8d65f
archive/elliptic-curves/CURVE302_PARENT_PRE_MW17_2026-09-07.md	historical	elliptic-curves		7deb4acef5ee4e0e4e5c472be049a2d03606be228fa4718a32e03aaa618c21f5
archive/elliptic-curves/EXTENDED_CACHE_RETENTION_GATE_2026-09-06_PRE_COMPLETION.md	historical	elliptic-curves		88adf3d7b966078b499ec0529648f3bbbea16ac918f104aa52d2f1d0f6eaf5f8
archive/elliptic-curves/README.md	historical	elliptic-curves		6c09dd2dfb879252be5984feeed1b165c47761cd15ce2aca8780032eecfead4b
archive/elliptic-curves/external-audit-2026-09-04/README.md	historical	elliptic-curves		55ff94d3f81c1c690dda2c783ab351810f85a9b396a970a286437a26718b61ab
archive/elliptic-curves/low-height-mw-sublattices-preverification-2026-09-06/README.md	historical	elliptic-curves		c132b6d40e405dc388c7e902cb8a09d69f4abf0553f7444e9fffaba76f41ffd2
archive/elliptic-curves/notes/FERMIGIER_MIXED_SMALL_PRIME_SEARCH.md	historical	elliptic-curves		dc10765e7e50737aa8dd3771571a1ddeec32d74c784899e30fbc237c663836d3
archive/elliptic-curves/notes/FERMIGIER_RANK20_DIRECTION_SEARCH.md	historical	elliptic-curves		8a6719bab514a2ff877106e203a1fdfcecbca592eb963234e591f5b8e625d468
archive/elliptic-curves/notes/FERMIGIER_RANK20_RESIDUAL_SELMER_PROGRESS_2026-08-20.md	historical	elliptic-curves		51c4e4035d937b996e9c32400e5853dcb0bb91e0dba60f74f37472a740670381
archive/elliptic-curves/runtime-source-snapshots-2026-09-05/README.md	historical	elliptic-curves		b6e81c981cbbb87f38eafd2712aaa47a20d1c0c4ee7c6e01179a260b84187602
archive/geometry-support/CONTACT_PARTITION_STRATA.md	historical	core		27bab600f583cdafbe3bdaf0b4e0e9b478961f6f60ac49f843487c2c4f4a62df
archive/geometry-support/DEFORMED_SEED_BOUNDARY.md	historical	core		d3e18962e1a64eefa2604cfd697a8f7a92fadf2a3fa256ddc3fc92a55e7c57ae
archive/geometry-support/DEGREE_TWELVE_INDEPENDENT_AUDIT.md	historical	core		b6306c236e57447d45f1744c9767634e1bee8da9abe37f59879ba6d4ef5c2c81
archive/geometry-support/DICRITICAL_BLOWUP_GEOMETRY.md	historical	core		b1055f1dee6c15d6b13e4b5b213be155e7679f1f25eed76103d6da0fb283e950
archive/geometry-support/QUARTIC_INDEPENDENT_AUDIT.md	historical	core		1764ce80415d593d5bdc1d8e7e21614c67ca2c7a50b33d075e2013e681939b00
archive/geometry-support/README.md	historical	core		a8f604445e2939f31bcb572f642fb28ae6354e6efee348f037750256f776f8e4
archive/geometry-support/REPEATED_ROOT_BOUNDARY.md	historical	core		43d17f1d37fc6eb76c04ebf7d94aba2e5632d2266eaa0f40e57bc205c7032c44
archive/geometry-support/UNIFORM_EXCEPTIONAL_SEEDS.md	historical	core		93d2bab1fb2ad0fd37037cf1a80de56e84ce3e8f796db3ff6308e3aa890f4caa
archive/geometry-support/UNIQUE_OMITTED_VALUE.md	historical	core		de4a827041d787c98184a840188bb6111e405f97467b7e9cfe419d05b9e2f2f5
archive/hc4-motion-transport-2026-09-05/README.md	historical	core		d4735dbbfb3025219f7086cac81d3db8ea8e436bcf6607fa91f6c580aefc6a6e
archive/hc4-superseded-branches/HC4_DIRECT_DEGREE_FILTRATION.md	historical	core		cbd9482b5a6e299170402ddc7d7820135e786467d0e1ff703c7be49a6c96ac93
archive/hc4-superseded-branches/HC4_DIRECT_MINIMAL_REPEATED_HESSIAN.md	historical	core		3f27d7c4d5dd723308ca7860b744d4932565f052bd4a4eabfd9ff95af157b15f
archive/hc4-superseded-branches/HC4_FINAL_RANK_THREE_CONE_OBSTRUCTION.md	historical	core		f0a588927336001fc61a987f2fee84486f43a2733d68898cb40cd84b5af8d127
archive/hc4-superseded-branches/HC4_POLYNOMIAL_GRAPH_CLOSURE.md	historical	core		81eb00dbc19757229242755d116874ee62819ef7ef73bc43fd7c38c0dfd76e91
archive/hc4-superseded-branches/HC4_PROJECTIVE_RAMIFICATION_AT_INFINITY.md	historical	core		277c12a1d1747f40009ef427a812818de4aecb0bfad56653a790d48abffb1809
archive/hc4-superseded-branches/HC4_RANK_THREE_WRONSKIAN_TO_JC2_PROGRAM.md	historical	core		394ee7e1ac9f1a6c612b70d97624115c28a0c4caf86f8c94de30fef1e304e201
archive/hc4-superseded-branches/README.md	historical	core		1b2a0fecf921fe3eb48c40d6f409693b43e1c5b466d3224dc76424c35bba5b46
archive/high-dimensional-gmc/README.md	historical	core		66c7ebe4668f5c5ffe576e8bd995cb034ca034b664db74d1a822929d7753e553
archive/high-dimensional-gmc/THREE_REAL_WEIGHTED_GAUSSIAN_SEARCH.md	historical	core		bb8eb32e9b8a0051c661b628855b644fe5cef8c020991109808861edbece492e
archive/legacy-notes/CANCELLATION_CHANGELOG_2026-07-22.md	historical	core		4c91b78953874e2a14251a564c648ad88e83df42c3bf088dfe84e364fc4a0bc3
archive/legacy-notes/CANCELLATION_RESEARCH_ROADMAP_2026-07-22.md	historical	core		00af18283e12d8cce758fae30a24e4e55fe59fcd5ecefe4646d849c75f9209b6
archive/legacy-notes/COMMUTING_FLOWS.md	historical	core		7d36e00dd1749e86bff7f728e6e2a1268b146163b308e5ef44a43c21de5b0946
archive/legacy-notes/CONSTRUCTION.md	historical	core		7c642c7d1e62fcbf18624a448ab0ee7b43c266cac9ac2686668e7fd87eee993e
archive/legacy-notes/DIRECT_CONSEQUENCES.md	historical	core		1f722ffa342ab7aa9b31b571fa9b3ae43bdca4f6be5042a0c191e5c2371b0246
archive/legacy-notes/DIRECT_DIXMIER_AND_COTANGENT_LIFT.md	historical	core		97313d177db02688891b121f15b0eb0b72440ee6615996b64b34964cb74a6c40
archive/legacy-notes/FINITE_FIELD_VALUE_DISTRIBUTION.md	historical	core		51df6a936a2dfd3769b85f05410c69ca2c049f4853b898fdee99b73f52c4fa3f
archive/legacy-notes/GRADIENT_INFINITY.md	historical	core		f3c6a4224349ff500f7b5e4ca63a1729b6981fe210563fb935c9aed347481285
archive/legacy-notes/HISTORICAL_DEPENDENCY_NOTES.md	historical	core		c9615588ab5fc6a8dc625f5f14e648a8c250c0715563a2017242b4dfef3f8f85
archive/legacy-notes/HISTORICAL_IMPLEMENTATION_NOTES.md	historical	core		44d816c568a60a87812fd0992ee962887ee278b2fd47dce23fd181eeab8ba970
archive/legacy-notes/HISTORICAL_VERIFICATION_CHECKLIST.md	historical	core		df48402541c5adc151d79b1053a4e8c2596bddd023c4b0fbfff0aec9a6a5aeb0
archive/legacy-notes/IMPLICATIONS_AND_RESEARCH.md	historical	core		99064f1cb73c98536ca2600f6df66e08998d7179296b88930e75a59d1f25b489
archive/legacy-notes/MASTER_GEOMETRY.md	historical	core		d7a441fa320ae248b96f21419b53c004aa98eec542e4f80517888070f10ba3bd
archive/legacy-notes/NONPROPER_FIBER_BENCHMARK.md	historical	core		bbd5f479bb7233814e91a0fdb714825444ff4c62898c38b1d6bbee4013c1e750
archive/legacy-notes/PROVENANCE_AUDIT.md	historical	core		94be0fa1e7de64d1f043e4096996b5ab719a2a7926b78a4f554b4a3f7e44414d
archive/legacy-notes/SOURCES.md	historical	core		68f963b82de8ec0fc9f9e8b8f2f8ec3f5c24e963f86ccbd517f4937873acb8a1
archive/legacy-notes/WEIGHTED_SEED_SCAN.md	historical	core		880310ea201b7a10265796ffb720782788bee4e0312d2e45c1242e6be63c0749
archive/non-elliptic/ARITHMETIC_KELLER_FIBER_ENGINEERING.md	historical	core		4e29eeb4fd5e0f35309071fd597c43ca7e2e37fa37b97b6f5f012ec7b30ad0b7
archive/non-elliptic/DEGREEWISE_MULTIPLICITY_AUDIT.md	historical	core	T1,M1	440d2a4bc4fd606ad58dcb1a179524072152b6c46dc4a0d0585649f068fabf79
archive/non-elliptic/DISCOVERY_RETROSPECTIVE_AUDIT_2026-09-04.md	historical	core		d9abc38ffd25f12333d6550438da5bc51e04b6e21fcb67c8004eda331843458a
archive/non-elliptic/FIXED_QUINTIC_GALOIS_STRATIFICATION.md	historical	core	FQGS1	666f1994601270ae93dece55124b39d2a4155d854a7cccf14855759458ac6e31
archive/non-elliptic/FIXED_QUINTIC_MODULI_DOMINANCE.md	historical	core	AZ1,AZ2,AZ3,AZ4,AZ5	7d5d856e6b17d713e1d0ed305c747af85a134c1068d44f65ff0e77666a978226
archive/non-elliptic/HC4_AFFINE_MOVING_KERNEL_PENCILS.md	historical	hessian	HC4RSD2	7f264549ef83ab9a8bd0a0347ebb566d26666a1da5ba6ed9a0b7a74a4967506f
archive/non-elliptic/HC4_AFFINE_PIVOT_COLLISION_FIBERS.md	historical	hessian	HC4RSD7	a538a808d207b23a4a2ed0a1909a2609d36db5a73d5f394ea999b5481b17dadb
archive/non-elliptic/HC4_AFFINE_PIVOT_COVERAGE_GATE.md	historical	hessian	HC4RSD6	f59e975356fe572f17f2042e2b2d5b7e1895237d2cfe6348ace3a2bbfa05f67f
archive/non-elliptic/HC4_AFFINE_PLANE_SCHUBERT_BRIDGE.md	historical	hessian		2dcab21205f06b4afa6f11436eff24dd264b7334dae77061cdc80173b00e1570
archive/non-elliptic/HC4_ALL_DEGREE_FRONTEND_EXPERIMENTS.md	historical	hessian	HC4FSD2,HC4FSD3	d0c7c712dd93fc027b979f9754df67fb60ddbfb856b9b52b59ac7f6d8a48d26d
archive/non-elliptic/HC4_CONSTANT_METRIC_MOVING_NILPOTENT_CLOSURE.md	historical	hessian		948a7de1aeda2cd42397d0f4fae5a2319c9bc75fa71f7eadd27d83bf458af1bc
archive/non-elliptic/HC4_DC2_CANONICAL_SEARCH_PROTOCOL.md	historical	hessian		f426a93392619ad5b0084ea1d2737ac9d47e5df77ab67b4bf0d9a09192088da8
archive/non-elliptic/HC4_DEGREE_EIGHT_CONSTANT_JORDAN_CLOSURE.md	historical	hessian		6bed2f057916a734061cfc061010a94803f0c1bf9aa7be16fe02fe460faf00f6
archive/non-elliptic/HC4_DEGREE_NINE_SCALAR_CLOSURE.md	historical	hessian		78e246dd9875c0f05f8194cde35889b2ac7a97d0677891154a18298f3158f651
archive/non-elliptic/HC4_DIRECT_DOUBLE_LINEAR_HESSIAN_GATE.md	historical	hessian	HC4DIR27	cf5eda30a992c2cdf7e227937df845c1cbe99b902350530e68335b19d881e74a
archive/non-elliptic/HC4_DIRECT_HOMOGENEOUS_FILTRATION.md	historical	hessian	HC4FSD1	d66208fe92791ba2bf811487ec5876d898f731e90c6c5d961baacc2f52763a6e
archive/non-elliptic/HC4_DIRECT_SEPTUPLE_LINEAR_HESSIAN_GATE.md	historical	hessian	HC4NHM2	57dc70f20721f1e338022f490a865a05f03632091d65a255c463ea02af7934e5
archive/non-elliptic/HC4_DIRECT_SQUAREFREE_HESSIAN_OBSTRUCTION.md	historical	hessian	HC4DIR2	144fc2028118579f5dde2c620334a9329e3ca4d3fd809b91178e70079d70f222
archive/non-elliptic/HC4_DOUBLE_CONIC_BALANCED_FOUR_ROOT_CLOSURE.md	historical	hessian	HC4NHM18	0e6cac3d8ae4f4bf8e049c7d43686297ff44c6017eb0aa6ba13ed2475d0fb26d
archive/non-elliptic/HC4_DOUBLE_CONIC_INVARIANT_SATURATION_GATE.md	historical	hessian	HC4NHM21	ae136b1c9e1968106ddf80b5a8fbeea291c232c557d532b9797aa4f38c45a6d1
archive/non-elliptic/HC4_DOUBLE_CONIC_NORMAL_LAYERS.md	historical	hessian	HC4NHM15	f824f8653de0816e587fa581d33a91e73dd5ed2b0e07d7f8d8bd22b8a819f0c6
archive/non-elliptic/HC4_DOUBLE_SCHUR_GAUGE_AUDIT.md	historical	hessian	HC4DSG1,HC4TTS1,HC4TQ2,HC4QTS1	a4e1e091a278ae3e5deade5c284d263b292b507e56a09d2f7fbc6cfe2673afdb
archive/non-elliptic/HC4_EXACT_SEXTUPLE_PURE_CUBE_SCALAR_PARENT.md	historical	hessian	HC4DIR28	80035ca6a04dbc7db43924b37c5d02f7aa3ecda1979e75191d7aa680b8e6249c
archive/non-elliptic/HC4_EXCEPTIONAL_SCHUR_LOCUS.md	historical	hessian	HC4QSE4	cd58318c59177a913cb46f7c79ab7377f4986d149439a03c8b52fdda5798d001
archive/non-elliptic/HC4_FINAL_FROBENIUS_CLOSURE.md	historical	hessian		80bef5e59ed39ac32558c3c092c80dabae04777831cabcff4a57302fb2789add
archive/non-elliptic/HC4_FINAL_RANK_THREE_DEVELOPABLE_IMAGE.md	historical	hessian		2f5327cc945614484b7baf678cb229e75e7c6b267cda9c8f946417b4f9455514
archive/non-elliptic/HC4_FINAL_RANK_THREE_KRYLOV_FLAG.md	historical	hessian		b83ceae9b36cb7c4228572e0ffb1d18d23fff9ee140cc959b9ad455820f6f58c
archive/non-elliptic/HC4_FINAL_RANK_THREE_SMOOTH_CHART_OBSTRUCTION.md	historical	hessian		41aa8c6a2e1bfccbcc892a6f5589c95d2fbade6aba102e46118d75aa29ccf16f
archive/non-elliptic/HC4_FINITE_FIELD_SEARCH.md	historical	hessian	HC4FF1	335c3d4c691438a873742263f5150fea55223bae1a8e1d72e9eaefecd9bfa70e
archive/non-elliptic/HC4_FITTING_DENOMINATOR_EXTRACTION.md	historical	hessian	HC4QSE5	b35ca2c345c5d732633f1a892e6eede42e6db738b3243cda4f50b4fae738eea8
archive/non-elliptic/HC4_GENERAL_SCALAR_PATTERNS.md	historical	hessian		d089849399d0f0405d4a6cde37b915ecc89db757d16f5a027ea31ad7b3328348
archive/non-elliptic/HC4_GLOBAL_SMOOTH_DEVELOPABLE_OBSTRUCTION.md	historical	hessian		806fe171827be9b8e6362d0b89854843cfeff002205011ad840f54821d265e21
archive/non-elliptic/HC4_HIGHER_DEGREE_PENCIL_OBSTRUCTIONS.md	historical	hessian	HC4RSD17,HC4RSD18,HC4RSD19,HC4RSD20,HC4RSD21,HC4RSD22,HC4RSD23,HC4RSD24,HC4RSD25,HC4RSD26,HC4RSD27,HC4RSD28,HC4RSD29,HC4RSD30,HC4RSD31,HC4RSD32,HC4RSD33,HC4RSD34,HC4RSD35,HC4RSD36,HC4RSD37,HC4RSD38,HC4RSD39,HC4RSD40	fd1f84b47451e9f0223e84849aba55a69c087796afd49598308c1e0146dab9d3
archive/non-elliptic/HC4_HOMOGENEOUS_CONE_PENCIL_CLASSIFICATION.md	historical	hessian		de6d148300a46286957340b302472e58fa912c4009313caad79002cf9b5c2b87
archive/non-elliptic/HC4_MENG_DENSE_CUBIC_QUARTIC.md	historical	hessian	HC4CQ1	87622ce06221b9deb2a3d99366188dc1eb1c14de71b60fb8241cdcd12e641800
archive/non-elliptic/HC4_MENG_SPARSE_QUARTIC_AUDIT.md	historical	hessian	HC4MQ1,HC4MDQ,HC4HQ1,HC4MC3,HC4MC4,HC4MCK	8ceb6e0c6755d410b3037352a6b4d1855794b866192afa978e34dff996466523
archive/non-elliptic/HC4_MENG_SPARSE_SEXTIC_AUDIT.md	historical	hessian	HC4MS6,HC4MQS6,HC4JQS4,HC4DCK	94a76e14ce463f0018fcc7542677f76e0d0b15c19764ab711b35821b06c0e385
archive/non-elliptic/HC4_MENG_TRIPLE_RANK_ONE.md	historical	hessian	HC4T11,HC4TC1	d362e49baa6fc1a5576fcafb301e0ba4840e6ca5bed6230e1a974252d52d666b
archive/non-elliptic/HC4_MENG_TRIPLE_RANK_THREE.md	historical	hessian	HC4T31	7e0bd81c76c2bd7c6e1a32fceffd8bce5bbf70339ea7ff2f1d32a2f0ca134b69
archive/non-elliptic/HC4_MENG_TRIPLE_RANK_TWO.md	historical	hessian	HC4T21	11450d52f5421d8299243849775127d2a51c0a12fd35da1d26f0af26f378ae9a
archive/non-elliptic/HC4_MENG_YANG_GRAPH_OBSTRUCTIONS.md	historical	hessian	OP-HC4-SCHUR,HC4MYA1,HC4MYG3,HC4MYG4,HC4MYGJ1,HC4MYGJ2,HC4MYG5J,HC4MYG5S	de99a57a9f97ed7c30a9e608e1324be6d3f65799def32540a0032a0efab7c8ed
archive/non-elliptic/HC4_MENG_YANG_POLYNOMIAL_TERMINATION.md	historical	hessian	HC4MYPT1,HC4MYPT2,HC4MYPT3,HC4MYPT4,HC4MYPT5,HC4MYPT6	9b17602e35905b6a231bfd315013f7dae8ba9d75efad22ecdfcd26373caddb41
archive/non-elliptic/HC4_MENG_YANG_QUINTIC_SCHUR_FRONTIER.md	historical	hessian	HC4MYG5N,HC4MYG5K,HC4MYR89	7cfbe80d90190d1e88ffa1cb1e006e624ec5387c01932286e3f458e5fc5f61b7
archive/non-elliptic/HC4_MINIMAL_EXCESS_COMPLETE.md	historical	hessian		5c91c12f9abdb29cbdaa0a90120680d14a3c9ad4fd6e71840d732648a22f1d07
archive/non-elliptic/HC4_MINIMAL_EXCESS_TAIL_DESCENT.md	historical	hessian		726762976ccef1e9761e43b0fe33c5b731b390e126cd1168858ea76e9ab24ae6
archive/non-elliptic/HC4_MINIMAL_EXCESS_TWO_TAIL_CLOSURE.md	historical	hessian		b9e6e2a7a329463f69c1b1ddd6d19b0c0cbc804dbe272b4e1114fa68b597eda9
archive/non-elliptic/HC4_MIXED_CANONICAL_PIVOT_SEARCH.md	historical	hessian	HC4MCP1,HC4MCP2,HC4MCP3,HC4MCP4,HC4MCP5,HC4MCP6,HC4MCP7,HC4MCP9,HC4MCP10	5443f7be3457be8b37ac2130a65569018dcb141bedced66f3b03d2fca6a746f3
archive/non-elliptic/HC4_MOTION_FRAME_TRANSPORT_AUDIT.md	historical	hessian	HC4MRA1	317c8d33becb96bd7c56e6f87c2cc9093e69957669dd885a6ed843effcaff295
archive/non-elliptic/HC4_NEGATIVE_MOTION_POLYNOMIAL_OBSTRUCTION.md	historical	hessian	HC4MRA2	e215edd5e3938743be0961c0c2c773d15b5b95dc526d8a77aae0c1e0105689a5
archive/non-elliptic/HC4_NONCOORDINATE_COISOTROPIC_GATE.md	historical	hessian	HC4MCP8	faaa996f8bfcb539861913e4a98f45527736a1ca73ce14a3f278f2cfb7da4e1b
archive/non-elliptic/HC4_NONREDUCED_HESSIAN_SCHUR_MODULE.md	historical	hessian	HC4NHM1	5fbeb1a76011762843633f710a1c840b0ee875c9e7530fdd5dc26d99fa2405f2
archive/non-elliptic/HC4_OCTUPLE_NONUPLE_LINEAR_HESSIAN_GATE.md	historical	hessian	HC4NHM3	5845c700c1664988e9f6254fc9e8276d7227edf67046614a073cb164e76a3bec
archive/non-elliptic/HC4_PARAMETER_MOVING_AFFINE_KERNEL_PENCILS.md	historical	hessian	HC4RSD3	c829d02d02a0cfe4278d8f8aa64bb954f87e8169b007b6107c0b593a97f2e627
archive/non-elliptic/HC4_PC2_GRAPH_POLARIZATION_AUDIT.md	historical	hessian		79446ad27a5fb54c461dba101420566268f66d7b3d69eca113cfb3309fe3c787
archive/non-elliptic/HC4_PROJECTIVE_POLAR_GEOMETRY.md	historical	hessian	OP-HC4-D5,HC4PPG1,HC4PPG2,HC4PPG3,HC4PPG4,HC4PPG5,HC4PPG6,HC4PPG7,HC4PPG8,HC4PPG9	d82662130eec52f03d4827048974ae45a83ed43f9c39cef71e108135efed4062
archive/non-elliptic/HC4_QUADRATIC_PIVOT_RANK_OBSTRUCTION.md	historical	hessian	HC4RSD8	f438c5068cde8344ad96fd48d1027f7e3046634ee8e965cc8557c8949392ca5b
archive/non-elliptic/HC4_QUADRATIC_RANK_ONE_PIVOTS.md	historical	hessian	HC4RSD10	79e9eb053fc7e6d814b34ed5feab3184a182ab6ae8d8888307a4564d2429eeb3
archive/non-elliptic/HC4_QUADRATIC_RANK_TWO_PIVOTS.md	historical	hessian	HC4RSD9	f9bda5f6a264e350d8d7e6ddd38e6dc42ccc859c1095d16df0e987a9793f2623
archive/non-elliptic/HC4_QUINTIC_COMMON_DIRECTION.md	historical	hessian	HC4BL4,HC4BL5,HC4CD5,HC4QF1,HC4QS1,HC4QSG2,HC4QSE1,HC4QSE2,HC4QSE3	0da73a2edb47421594ac9450c4085b4d6905a1f263f7d6a749680c19fa0995dc
archive/non-elliptic/HC4_RANK_THREE_AFFINE_GENERATOR_WRONSKIAN.md	historical	hessian		5a4b1c13385b55916e63ad617ce1caeccf653783852ef2b37c2b73dbf222d0ae
archive/non-elliptic/HC4_RANK_THREE_COFACTOR_FLAG.md	historical	hessian		c1ba090ee3db29b73f3befb7930505c9d6a29b48a2228a71f86a7e15f0a9bc59
archive/non-elliptic/HC4_RANK_THREE_FIXED_KERNEL_CLOSURE.md	historical	hessian		e3830bbd0d407543ef3f68621145625df96b0585fae95cc30394ca5139507493
archive/non-elliptic/HC4_RANK_THREE_NULL_FIBER_REDUCTION.md	historical	hessian		6c5cba774d9ebb4e84e7d06c215b1ae2993e47f64f36a17b1430574d2e245b7a
archive/non-elliptic/HC4_RANK_THREE_ONE_ACTIVE_DIRECTION_OBSTRUCTION.md	historical	hessian		1c604197418bf22e962a0ac7483efe4d93f55b07b65dcbe4bd5b4227ac72dd5f
archive/non-elliptic/HC4_RANK_THREE_WRONSKIAN_TO_JC2.md	historical	hessian		9e242e9fc575740186bea9f3542d06b396194a19a9a4d9b4435b3f4df9abe005
archive/non-elliptic/HC4_RANK_TWO_APEX_REDUCTION.md	historical	hessian		eb71c49d72117889b9382810cbd5001b1ae9e90a9ccc6d141b0a6549cf0bc5da
archive/non-elliptic/HC4_RANK_TWO_COMPLETE_CLOSURE.md	historical	hessian		0e6d48d2274cc24cf442a34a55bbe93a1d6040f3a1e7a0eceb33d9e5235a883f
archive/non-elliptic/HC4_RANK_TWO_KERNEL_SYNCHRONIZATION.md	historical	hessian		7c8aaa44324f3a0e62bdd00c054fc405d56757d9318329a58546b715bcdd37de
archive/non-elliptic/HC4_RANK_TWO_LENGTH_THREE_COMPLETE_CLOSURE.md	historical	hessian		9230347e4631661d72990b4224a8817ae950916823dcf00e554163e01e1ce67b
archive/non-elliptic/HC4_RANK_TWO_LENGTH_THREE_REDUCTION.md	historical	hessian		eb7cc9c12bfc33feed558d18102fc27aaf2aa5cf50830c8bf0a6d90b63c59b6d
archive/non-elliptic/HC4_RANK_TWO_LENGTH_THREE_SPLIT_METRIC.md	historical	hessian		716b922387148e4221e0fc2ecf736a10f10f23834f7722f851525f15cab4125d
archive/non-elliptic/HC4_RANK_TWO_QUASITRANSLATION.md	historical	hessian		3daf274482ce2bf9e4f5b1ca72488940d76162aa2b54934dc2dfbf69d6ee48d7
archive/non-elliptic/HC4_RELATIVE_NILPOTENT_MASTER_REDUCTION.md	historical	hessian	HC4MR1,HC4MR2,HC4MR3,HC4MR4	f23000e3bd6c8f15739189e8b5ba15f4a1944462bbebca6c4e98a4b3d46678dd
archive/non-elliptic/HC4_REMAINING_THREE_ONE_QUARTIC_DENOMINATOR_GATE.md	historical	hessian	HC4NHM6	3585aba660ac1f58417173b58bf136d99deb42886fdb75157cee0a534d134cf4
archive/non-elliptic/HC4_REVERSE_SCHUR_DESCENT.md	historical	hessian	HC4RSD1	274e40fcbee8fdf3573b3b42bb8fe5d40823010b63d268af384c6ff602e7608e
archive/non-elliptic/HC4_SCALAR_CANCELLATION_DICHOTOMY.md	historical	hessian	HC4RSD11,HC4RSD12,HC4RSD13,HC4RSD14,HC4RSD15,HC4RSD16	ff9f76b1208de48aa3e32a3ff02bbb4b3c0737a3bf1ff12eab5c4489cd1a9b4a
archive/non-elliptic/HC4_SMOOTH_CONIC_DIVISIBLE_TOP_GATE.md	historical	hessian	HC4NHM13	fd92ec29e18c1d40b579704ecd553d219e93791618cbb7963ad34ce5ac62cb94
archive/non-elliptic/HC4_SMOOTH_CUBIC_ORTHOGONAL_NORMAL_FORM.md	historical	hessian	HC4NHM19	609877048430a8234ee1ec7d690192ef0abea597623bb61bd7e0e030c4378732
archive/non-elliptic/HC4_SMOOTH_QUARTIC_FERMAT_SYMMETRY_ORBITS.md	historical	hessian	HC4NHM23	2b6812caaa7047b0d421a084c06c96442283f5577ec506b2f38176c6de3d54ff
archive/non-elliptic/HC4_SMOOTH_QUARTIC_FINAL_LINE_ORBITS.md	historical	hessian	HC4NHM24	a8090b2181a07fb292fe15aa74f91073c09033d5824fc5b4ca80b70fde8f3746
archive/non-elliptic/HC4_SMOOTH_QUARTIC_PIVOT_POLAR_GEOMETRY.md	historical	hessian	HC4NHM20	62927f6988b8cacc81b70219ed528b7d265d5e8c564d20019c0d8ba799ced31a
archive/non-elliptic/HC4_SMOOTH_QUARTIC_POLAR_CONIC_GENERIC_GATE.md	historical	hessian	HC4NHM22	2b45f1c0288b4d368c4a801dfee3053b4b95707157be10f806a481df023e0d95
archive/non-elliptic/HC4_SMOOTH_QUARTIC_RECIPROCAL_FRONTEND.md	historical	hessian	HC4NHM14	480a95b817edc258844899f06ef2083b874ee232771dad70516822180fe92408
archive/non-elliptic/HC4_SMOOTH_QUARTIC_SQUAREFREE_LINE_EXCEPTIONAL_SLICES.md	historical	hessian	HC4NHM17	c87f8357cf7f84b6049d9e96243704f9b8a5b014e0ceda01045367d57dfd8abd
archive/non-elliptic/HC4_SMOOTH_QUARTIC_SQUAREFREE_LINE_GENERIC_GATE.md	historical	hessian	HC4NHM16	715f11b0d883b74bdea422f23e1f6aee139ef076baf9b0f814212b5b847939d1
archive/non-elliptic/HC4_SOURCE_DUAL_BIGRADING.md	historical	hessian	HC4SDW,HC4E46	c7e777d9105c10a376e333bb2c39c825b2b19636ad0d0a8569b35b577e3b8281
archive/non-elliptic/HC4_SQUAREFREE_QUARTIC_CONCURRENCE_CLOSURE.md	historical	hessian	HC4NHM10	07568176af87022925a9b4b3d6a71bf8d90b23fa947a9a238a0c9f3e34c36411
archive/non-elliptic/HC4_SQUAREFREE_QUARTIC_DENOMINATOR_FRONTEND.md	historical	hessian	HC4NHM9	ac3241c1db50c14c970241f8ce223e0d2792d8b903675310379ddda8831bd223
archive/non-elliptic/HC4_SQUAREFREE_QUARTIC_GENERAL_POSITION_CLOSURE.md	historical	hessian	HC4NHM11	1f4d24252e1e7cc212f828c7de937d0b5ca6c5dcbb4a64a891b438f30e1714e9
archive/non-elliptic/HC4_SQUAREFREE_QUARTIC_TANGENT_FOURTH_CLOSURE.md	historical	hessian	HC4NHM12	e8b45ecee7ddf7417e1056e2bc7c2bf3b3f2ea2c5ae42c186f4d9cbcf89738bb
archive/non-elliptic/HC4_TRACE_FOCAL_DIMENSION_FOUR_MIRACLE.md	historical	hessian		a3d659e44803c992c17b0bee0b3bb985910a256a91fbe29b2742da29df7e683a
archive/non-elliptic/HC4_TWO_COMPONENT_QUASITRANSLATION_KERNELS.md	historical	hessian	HC4RSD5	dc63bfb08fe7468f372f6ac7f3026b5f9c2f088146e2d1d7e8abeb8937d1b312
archive/non-elliptic/HC4_TWO_LINE_QUARTIC_DENOMINATOR_PACKET.md	historical	hessian	HC4NHM4	0e8ae0c7ce2029d80290f8fca0fd531e3a6f20b3bb22888e14638452c53a5458
archive/non-elliptic/HC4_TWO_LINE_QUARTIC_DENOMINATOR_PROLONGATION.md	historical	hessian	HC4NHM5	bc1e8a55870a23353b1e0dbc7acd172aba0fcc69dd16a57435a0a60c99ccf11b
archive/non-elliptic/HC4_TWO_ONE_ONE_QUARTIC_DENOMINATOR_GATE.md	historical	hessian	HC4NHM8	448dfc6cf93921e816145692b61882fea87044fada2342f24a5496f30ffd8479
archive/non-elliptic/HC4_TWO_TWO_QUARTIC_DENOMINATOR_GATE.md	historical	hessian	HC4NHM7	94f5116031b8c8cab64db05f8e812a4b42992a80126fd7890160ee27ea03c912
archive/non-elliptic/HC4_UNIVARIATE_SHEAR_KERNEL_PENCILS.md	historical	hessian	HC4RSD4	0c2a11a1211aef4064d95a9e42c69174d0f028370a81a3d85bfd4a0d22142dec
archive/non-elliptic/HC5_NONLINEAR_TORIC_DESCENT.md	historical	hessian	HC5T1,HC4NSL2D4	c0aadd1e4df0c656b5aa84a62acdb954bbb89eeacc63ebb965e885232c2d8748
archive/non-elliptic/JC2_HC4_SHARED_BOUNDARY_PROGRAM.md	historical	hessian	PIC4,GJT4	eaba2558b2fc426830ee28c5439c3f741d4e5eef377d831a027f1bbdf41683b7
archive/non-elliptic/KELLER_BECKMANN_BLACK_SPECIALIZATION.md	historical	core	KBB1	ebbb377e06fea69d8a6e94948a6fd88ec737205769a1bcf4b0bf35756f6ef856
archive/non-elliptic/KELLER_INVERSE_GALOIS_PROGRAM.md	historical	core		7a528d65c3cc9b2ae47bb269c9e79899b3ce1f332b7a1e0a8dee6487118a1780
archive/non-elliptic/KNOWLEDGE_BASE.md	historical	core		c1d39a86181269f8b880a5031cbfddaf9e20b6997dedcd68737bb42153cdebca
archive/non-elliptic/MARKED_ROOT_KELLER_MAPS.md	historical	core		7ea068cf61e0de0d5809850d6941b161c0e72ec7b0a08267c50b69ea00835ec4
archive/non-elliptic/MENG_YANG_SCHUR_DESCENT_BRIDGE.md	historical	hessian	MYSD1	661922464157a83cb7f45f21dd95bb10b6dadaba409dcd11d12fa2afc86d97e4
archive/non-elliptic/NEW_COUNTEREXAMPLE_SEARCHES.md	historical	core	HRFROB	f0bbe73e6b3b4e1a4bc348754b456298f9f7cf4d10e25d980190cd4f7b0ac40a
archive/non-elliptic/OPEN_PROBLEMS_FOR_MAP_EXTENSIONS.md	historical	core		3c25fb5662cadf791be0c81f355854720dcf2713cd19dc20bdd2092789095396
archive/non-elliptic/PARAMETRIC_INVERSE_GALOIS_KELLER.md	historical	core		d019db7288d647a0c76950e11b5f10382d3731aa7c610175fb93674611ea3cb5
archive/non-elliptic/PROJECTIVE_GRADIENT_SEGRE_MACHINERY.md	historical	hessian	PGS1,PGS2,PGS3	9b0995d5fe0e5a211b11d4710693dfd663d17dd92f056640eea4dca169e320a7
archive/non-elliptic/README.md	historical	core		cdb9e032cadd4b5a52c4bd90e728a7e8610ae6713f19ca099d035ad683a2ab00
archive/non-elliptic/REPRODUCE.md	historical	core		fab2e25c7144b81f98f0c29206985ed207274cf6a34f5e7ec657c7a8037189ea
archive/non-elliptic/RESEARCH_README_BEFORE_ARCHIVE.md	historical	core		b58e1a06c0467b4a5e22f0abb0a148012a8e42390189421a5aaf568e895ee0a1
archive/non-elliptic/RESEARCH_TIMELINE.md	historical	core		fb73868ae5c3410d95c6fc215c087e1fb9bd31d04c89663994536ac67b0d5c2b
archive/non-elliptic/RESEARCH_VALUE_REVIEW_2026-09-04.md	historical	core		a404455c4b3e238c5eba13778b6b8b171367d62bee9d7de6ebdb1854155ddcb3
archive/non-elliptic/SCHUR_DESCENT_CONTINUATIONS.md	historical	hessian	SDX1,SDX2	7410aac9c7d518b44db87cb118b335a1c87c153c894f6dd663a03ad7a1f206bd
archive/non-elliptic/STATUS.md	historical	core		43cda8bb9d05d601a06611b48737bfbafab3d3d2e7aee3e94bc38f5bf5966981
archive/non-elliptic/UNIFYING_THESIS.md	historical	core		0e0b84a201ee0541c99b063557030254664feed006c875a0cd3dcb65314b0054
archive/non-elliptic/archive/README.md	historical	core		bd1977120ace45585111b5c7040a181e8c38e19f4698e2644445345d30407f8e
archive/non-elliptic/archive/RESEARCH_VALUE_REVIEW_GVC_PROPOSAL_2026-09-04.md	historical	core		c82abbafb8e853c7959abe4c7cdcc0bff23955bcd045147fd8f96a3189ea26ef
archive/non-elliptic/archive/STREAMLINING_2026-09-03.md	historical	core		c9d9ecbe9f56c1d536c113ab6a4470641661a1bf2fef51cd6fafa36d97c3e657
archive/non-elliptic/archive/V3_DETACHED_HANDOFF_2026-09-07.md	historical	core		2436fea0622ebfd84d8339029424405890ee92f87d0a3041e8d644873707d561
archive/non-elliptic/arithmetic/ARITHMETIC_DYNAMICS_OF_KELLER_MAPS.md	historical	core	ADK1	c72d63e6f08fc4bf21841e0039f7725fc0e15a8dca33a10e08994523b6342c11
archive/non-elliptic/arithmetic/GQ2_LOCAL_FIBER_CERTIFICATES.md	historical	core	GQ2A1,GQ2A2	91748176973041bd27bc6938763d9e0f3c100204d0e046b32d61c52f79266a99
archive/non-elliptic/arithmetic/PROOF_CARRYING_COMPILATION.md	historical	core		9e277a28f3f77a3c61c943dc66c2ef9dc03c6ba44df85377b8ee8353c9920c05
archive/non-elliptic/arithmetic/P_ADIC_INVERSE_BRANCHES.md	historical	core	PAD1	780c7570e8c1daf7a0c20e92ca5c96185387b1de3a3c7fe1f053466c3883e6bd
archive/non-elliptic/blog/vibe-mathing-with-receipts.md	historical	core		1c9708eda0a4ebf600257fb397db53417ed142d3a26573be8cf4d3f97184c06a
archive/non-elliptic/cancellation/ARITHMETIC.md	historical	core	OP-ARITH	72a3937a0966050beb9d716770f5dc5a1234d0bacb31912c12fa46b982820944
archive/non-elliptic/cancellation/BOUNDARY_GEOMETRY.md	historical	core	B1	2825a1679ae67d1568170be4da5c3185d7d1a172079e8f1f8d6e60088b550f63
archive/non-elliptic/cancellation/CONSTRUCTION.md	historical	core	C1	81f88855881a5e6fe74adfe5ce38eb8e336bde13d5e52e59c47ad60bf0957a3f
archive/non-elliptic/cancellation/CONTACT_RESULTANT.md	historical	core	CR1,CR2,CR3,CR4,CR5,CR6,CR7,CR8,OP-CR	ba7f2491df641b4c5dd69bac5b65fd59544bafd80d7fb660dbe5dd00bda96a2d
archive/non-elliptic/cancellation/CONTROLLED_BOUNDARY_SUSPENSIONS.md	historical	core	BCI1	14a2b441ffb6f049f2a945a9287679b9a4727e960ede0f487aefe110d931afab
archive/non-elliptic/cancellation/CONTROLLED_DIVISOR_EQUIVARIANT_CLASSIFICATION.md	historical	core		58f4d3c7fa95cbbabbe1c4dab7f28e13e1a9cbf60e8d0bed71f70b8f516cb3aa
archive/non-elliptic/cancellation/CUBIC_CLOSURE_ATTACKS.md	historical	core	OBCL3,FTD3	33667c3829b4876a47f3dd0d729b0b2b3621ae5d765c82603801d6f20d090a64
archive/non-elliptic/cancellation/CUBIC_GAUGE_STRAIGHTENING.md	historical	core	SBC3,CG3	4731a8296e85f9b1eb56b9c8ebb96356e05247d66af16f5f7eacfc0188729d0a
archive/non-elliptic/cancellation/CUBIC_MARKING_EXTRACTION.md	historical	core	CM3	ea8197025073b4d996a2a5ea993d1ba760237148e6e23265da150cacd92e6ecf
archive/non-elliptic/cancellation/CUBIC_NORMALIZATION_FRONTEND.md	historical	core	CF3,CCF3,KBD6,KSD6,KSDF6,KSTA6,KSP6,KSGP6,KDFP6,KAFP6,KST3,KDSQ6,NSDP6,NADPALL,SSADPALL,KDCD3,SHD3	34d2e93fbebbf1d39eec8976d24208e41d16d6039c5957c7d4368b7dabdc6dca
archive/non-elliptic/cancellation/DIAGONAL_TWO_PRIME_IRREDUCIBILITY.md	historical	core	AR1	4a6d2e58aa62578e4888731b6fcff166f74369b93ef911064bb382c78b8e9f8c
archive/non-elliptic/cancellation/ESCAPE_THREE_SUSPENSION_FAMILIES.md	historical	core		2bb187243787dd0bcdaa106ae2dedbf02f913abac06786f62ccde5ce515390c2
archive/non-elliptic/cancellation/FINITE_VALUATION_ALGEBRAIZATION.md	historical	core		47b2d1701a2d17f91cee833dde54d723c1386720b6fbe128fa5e1c15fa6ec83d
archive/non-elliptic/cancellation/FIXED_R_GALOIS_UPGRADE.md	historical	core		9d997a2476a6dd5ffbbcced095b75ee2bb8f01d9bcf0f8805859dfaa02d30a8e
archive/non-elliptic/cancellation/FIXED_R_NEWTON_RAMIFICATION.md	historical	core		2834b9ae879f7d96728058355bbe841bc78215f81392b31273054108756d7811
archive/non-elliptic/cancellation/FOURTH_SUSPENSION_PRIMITIVE_ROOT_REDUCTION.md	historical	core		344b7a167d3a8a8c4cae1090e50f2d3c8aab953ab88b89a777f789fa56545d77
archive/non-elliptic/cancellation/FOURTH_SUSPENSION_VALUATION_FAN.md	historical	core		13757b17052ac6b06c73d5fd701f4835bd181195d482951f1e087d0922b22d3e
archive/non-elliptic/cancellation/FREE_DISCRIMINANT_SAITO_EXPERIMENT.md	historical	core		36ea8bdda358789bd52b22b0bf1104bc81d095b14b1507ac966518dc2475625d
archive/non-elliptic/cancellation/GENERAL_MARKED_ROOT_ALGEBRAIZATION.md	historical	core		f480afeec9bd3946da8ab24d8a637eeeadf1a408aa2a1d6ada078085d53934dc
archive/non-elliptic/cancellation/INTRINSIC_MARKED_LINE_EXTRACTION.md	historical	core		e82e375af38563b89b09263748b0f38a41d5bd823e05ea75a2c75bc06f7c6f91
archive/non-elliptic/cancellation/INVERSE_MONODROMY.md	historical	core		c324055e76e37db1ae4e4ede5419885d5ff53855ec6e30e068b6954b5673369d
archive/non-elliptic/cancellation/LOGARITHMIC_BOUNDARY_TYPE_CLASSIFICATION.md	historical	core		908ea2f1283cb717c91ba3adaf9f8eed21fa16facf8a648f4fa9f4c4f01d3fae
archive/non-elliptic/cancellation/LOG_GEOMETRY_OF_SUSPENSIONS.md	historical	core		4d7c9c079abc9d6f2955607bfb7fdc218acc5b666edee8e5c849945b43e1ccb3
archive/non-elliptic/cancellation/MINIMAL_BOUNDARY_CLASSIFICATION.md	historical	core	MBP1,MB3,BMP3,OP-SUSP	679588d9e5e89a6c4c9df9a864762074822f2875e49a1f5c0c6b78529647ea15
archive/non-elliptic/cancellation/MINIMAL_BOUNDARY_INVARIANT_PIPELINE.md	historical	core	MBPA1	742faf9efb228354be68096831d92e2c50689e769d710d5a64b52fcc02915e1c
archive/non-elliptic/cancellation/NO_ALGEBRAIC_TORUS_EQUIVARIANCE.md	historical	core	LTS2	76f75fb75b99f27d2212f4d0e0796648d25caaa8ea98e63913b65373a3aebf28
archive/non-elliptic/cancellation/NO_LINEAR_TORUS_COUNTEREXAMPLE.md	historical	core	LTS1	5b0523b35b9663e66d01c698793ae1344c8f1d76a6d1cf3f7fd073e91caeeeb8
archive/non-elliptic/cancellation/ODD_SQUARE_LOCAL_CYCLES.md	historical	core		63e924efeb1ab14d4fc97e1e1f6ce39041d47180a46dda60ff1e0424250ceefd
archive/non-elliptic/cancellation/ONE_BOUNDARY_CHART_CLASSIFICATION.md	historical	core		fbc215f43375a8a00b96d7ff4ab321a25b3417b2ffbdcc038535978339caec2c
archive/non-elliptic/cancellation/PUNCTURE_RANK_FRONTIER.md	historical	core	TPR1	1696587b55a3230059d9cc6653224d5d2ebd589f166dc463bb8bdf1a299711da
archive/non-elliptic/cancellation/QUARTIC_LR_SPARSITY_SEARCH.md	historical	core		9e9195516748cdc712352c573de32a0360310fe996c4f6fdbbcaf3f42d0d0a53
archive/non-elliptic/cancellation/R6_BRANCH_ATLAS.md	historical	core		8e3c6fde601d762352af1f7c03e374d72b651512d848c857c7ec2028c826473a
archive/non-elliptic/cancellation/RECIPROCAL_LINK_CLASSIFIER.md	historical	core		e117368f0b7077b221c64d54a521c9d755ad839f300f78a652ae813833730fc9
archive/non-elliptic/cancellation/RESEARCH_ROADMAP.md	historical	core		ae2d47ef13dbf98ff4d0c5915921be3b1c37905a8893278eefd372b60cd9798b
archive/non-elliptic/cancellation/RIGIDITY.md	historical	core	P1	9400542fb657a2a1425bf951998ca0235de237354853364f1e202de1790922a7
archive/non-elliptic/cancellation/ROOT_ENGINEERED_QUADRATIC_GAUGE.md	historical	core	RQG1	98dbaa83a885509add71e2c843c5840eee35010a735cb0209f6cedc4f2d01276
archive/non-elliptic/cancellation/UNIVERSAL_CUBIC_QUARTIC_KERNEL_SATURATION.md	historical	core	KDFL10,KFSY24,KDFT6,KDFC6,KLC6,KCA3,KCTS3,KGCA10,NCFS2	c5a4ef25cfcad22e94d8b7353d47ba7dadbd7a3c8784ed109af9f61e053d9dff
archive/non-elliptic/cancellation/UNIVERSAL_CUBIC_UNGRADED_TESTBED.md	historical	core	UCUT3,OP-UG3	e15f1efd75d400220aa4fe6f823e17852925088d60679ab37898b79396a52863
archive/non-elliptic/extended-geometry/A4_AFFINE_KELLER_FRONTIER.md	historical	geometry	KIG2	27b003a399728a3c8b14f0162c75ca27925b0d98262700c5daddb5aeb498e44e
archive/non-elliptic/extended-geometry/A4_BOUNDARY_COLORING_SURGERY.md	historical	geometry		0181820d7232e6b667b9d10c3d0c0ce6e50468ca66f3b07d9f7815b5d3cad1c8
archive/non-elliptic/extended-geometry/A4_KELLER_INVERSE_COVER.md	historical	geometry	KIG1	1757d24fd403f64e272e2e26436917315d255b1898e49733e78aaa8e4a8e8083
archive/non-elliptic/extended-geometry/A4_LEDGER_REDUCTION_AND_RIGIDITY.md	historical	geometry	KIG3	ab8b083fd3f895b5c4e4ed622012c8160994a49dad43252cbf7ef17efb240acf
archive/non-elliptic/extended-geometry/A4_NORMALIZED_BOUNDARY_ASSEMBLY_AUDIT.md	historical	geometry	KIG6	02be13df890daa8422368e3317d227988c95eaad4e21e636e56c1a6ff73b6594
archive/non-elliptic/extended-geometry/A4_PURE_TARGET_LEDGER_LIFT.md	historical	geometry	KIG4	0cfb74274eba04166cfbfe9e7f01c7c1f3a7f104e318267c61766a2fa8fb951e
archive/non-elliptic/extended-geometry/A4_ROOT_INCIDENCE_DERIVATIVE_SPLIT.md	historical	geometry	KIG7,KIG8,KIG9,KIG10,KIG11,KIG12,KIG13,KIG14,KIG15,KIG16,KIG17,KIG18,KIG19,KIG23,KIG24,KIG25,KIG26,KIG27	20460221065afaa89fb7767a24ec7a7597ac6b0162caa432cc2b29540874ed3e
archive/non-elliptic/extended-geometry/A4_TWO_MASK_FACTORIZATION_FRONTIER.md	historical	geometry	KIG5	c42f7fe08f1033acf7b744bfddab98dd33967e35677320a3bf7d7b374c71fbc4
archive/non-elliptic/extended-geometry/ABSOLUTE_DIHEDRAL_D5_MODIFICATION_FRONTIER.md	historical	geometry	D5AM1	20f490b85d5ab1e8477c1e37eb3d7d0f02ff2e8a01119689dd136e7f464027be
archive/non-elliptic/extended-geometry/ABSOLUTE_INVERSE_GALOIS_CYCLIC_DIHEDRAL_AUDIT.md	historical	geometry	CDIG1	f3a5e4de46ebc517f1a1e5282be2e54c31fe3cf9b0647c7eb4aec1975f28d37c
archive/non-elliptic/extended-geometry/ABSOLUTE_SUNADA_KELLER_RESEARCH.md	historical	geometry		8ad3fe7dc9602ae163c3738e69d52695628bd54beba852d521f43bf88b50c30b
archive/non-elliptic/extended-geometry/AFFINE_SOURCE_TRIPLE_ROOT_COX_MAP.md	historical	geometry	CL14	c6e568adaf34c2318cac9d8c48f5ea93d648365f6eb12a98361e4df440fdf5d5
archive/non-elliptic/extended-geometry/ALGEBRAIC_HAAR_QUADRIC_AND_SL2.md	historical	geometry	AQH1,ASL2H1,OP-AHQ	0c8ceb59365875b3c9f9fdb6d474438b18646da40c7e81b3da98ab17bd89a3b5
archive/non-elliptic/extended-geometry/ALTERNATIVE_ANNIHILATION_MECHANISMS.md	historical	geometry		ede9bc9361e874a1ffa9e161439e837d4e83c565f724e6f90927eb8e367d4871
archive/non-elliptic/extended-geometry/ARITHMETIC_DENSITY_OF_EXCEPTIONAL_SEEDS.md	historical	geometry	AD1	50621044528a8d8090c405ca3c90b382e91e09c8de34d53aedbbadecac8e183f
archive/non-elliptic/extended-geometry/ARITHMETIC_INDISTINGUISHABILITY.md	historical	geometry		f0a8fe034f301ab0fc5d5f1155f8056679b55622705d305f10d5aa5e9d026a52
archive/non-elliptic/extended-geometry/BACKWARD_CUBIC_REDUCTION.md	historical	geometry	BCR1	7824083eb541a366a3e47fc4062a06395a6c69d7003c182b3e2028c0fc536778
archive/non-elliptic/extended-geometry/BINARY_CUBIC_ALL_ROOT_PARTITIONS_GVC.md	historical	geometry	GVC2D6R3	efd62c3f37a86d72475411746e9191eae77814f07c59dd74f4c1f1051fca1945
archive/non-elliptic/extended-geometry/BINARY_CUBIC_SEPTIC_GVC.md	historical	geometry	GVC2D7R3	6d2124cc7abe7ab4903179a1b4106817d57900e1c05c6d6fdc7b8952509dda65
archive/non-elliptic/extended-geometry/BINARY_DEGREE_FIVE_GVC_FRONTIER.md	historical	geometry	GVC2D5F,GVC2D5U	d1b6aa0490f75a97f49dc8a52ac7fd83dc90edf69953c0d28ea2d628e57f4c59
archive/non-elliptic/extended-geometry/BINARY_DEGREE_SEVEN_GVC.md	historical	geometry	GVC2D7H,GVC2D7U	b6c4b89574d79f99a10192e86c4ca8ddc1d72ba89100221afab3f04303663a93
archive/non-elliptic/extended-geometry/BINARY_GVC_AFFINE_SINGLETON_LOCALIZATION.md	historical	geometry	GVC2ASL,GVC2HMF,GVC2TGI	dfc1754bcca5ebc8cea537da12b5c095d0796d4db6641e3e08645ebc9061e8e0
archive/non-elliptic/extended-geometry/BINARY_GVC_ENVELOPE_CLOSURE.md	historical	geometry	GVC2ENV,GVC2FER	7c69f138b4343c838f837b854c8e2069c7edfd836e6223f10bf5d13717f94e75
archive/non-elliptic/extended-geometry/BINARY_GVC_FINITE_CERTIFICATE.md	historical	geometry	GVC2SC,GVC2OC	f0d263bf2fb4188f70585149d89528528e3b5f270b5958edb422262ceef569cd
archive/non-elliptic/extended-geometry/BINARY_GVC_FIRST_GHOST_SOURCE_COLLAPSE_AND_RAY_RIGIDITY.md	historical	geometry	GVC2FG	ddc8d12d1f9c730dbfac1ce911cbbe047ee8969f31cf18d75e68d18b394e4865
archive/non-elliptic/extended-geometry/BINARY_GVC_NONFREE_FACTORIZATION_TOMOGRAPHY.md	historical	geometry	GVC2CRR,GVC2NFT	1d238ae4ca0e4bb519e3911ae02bf78aafeeddbf195bafe2e9af985ad6ce6f40
archive/non-elliptic/extended-geometry/BINARY_GVC_PRIME_POWER_TOMOGRAPHY.md	historical	geometry	GVC2PPT,GVC2S6T	8698ed1edcdb1e5075eeeadf213e1067637eb3606929da89f1ce0b16788a8420
archive/non-elliptic/extended-geometry/BINARY_GVC_PRIMITIVE_TRANSLATION_OBSERVABILITY.md	historical	geometry	GVC2PTO,GVC2TSE,GVC2FAP,GVC2ARS,GVC2AF4,GVC2CBI,GVC2PAE,GVC2CCO	50ee1876447bf1aa7abd5e5017a3c3150c9f59b0513d21da5ad65f3a61b9134c
archive/non-elliptic/extended-geometry/BINARY_GVC_TRANSLATION_TANGENT_RIGIDITY.md	historical	geometry	GVC2TTR	01ef237d4f40b141b71755fb09121e1ae5dff0e67a2343c0e7b1db7f4516e723
archive/non-elliptic/extended-geometry/BINARY_GVC_UNIFORM_FACE_TERMINATION.md	historical	geometry	GVC2UFT,GVC2O33,GVC2FCG,GVC2GSD,GVC2QG,GVC2WR,GVC2ERU,GVC2RUT,GVC2TTD,GVC2FTS,GVC2WTD,GVC2ALL,GVC2F5S	6b2da3d4d4f37fd2df9e1aaefb07ca1d1187d657e1376669668f60a902371576
archive/non-elliptic/extended-geometry/BINARY_QUADRATIC_ALL_ROOT_PARTITIONS_GVC.md	historical	geometry	GVC2D6R2,GVC2D6U	8e0dabbdc53cea6e4ad4a3b682f40f956242eed791ed480d0b8a9c4665e85be1
archive/non-elliptic/extended-geometry/BINARY_QUADRATIC_SEPTIC_GVC.md	historical	geometry	GVC2D7R2	98ea62b6b739988d669042dab28adf06f5ec66b3d6c54040abbd4e249aa571df
archive/non-elliptic/extended-geometry/BINARY_QUARTIC_ALL_ROOT_PARTITIONS_GVC.md	historical	geometry	GVC2D6R4	44a61e527d33653f8b9fd62e52dfdb76c4a0a3dc05e145e95d16a98021660997
archive/non-elliptic/extended-geometry/BINARY_QUARTIC_DOUBLE_ROOT_GVC.md	historical	geometry	GVC2D5Q2	9ca455473497d7a583e36263ad6af4aa3ce722e7bec05b2beff6c47732da90b8
archive/non-elliptic/extended-geometry/BINARY_QUARTIC_QUADRUPLE_ROOT_GVC.md	historical	geometry	GVC2D5Q4	b5fde39927cc024f69d42f66d4927e6f441cd860833df97614f73cced1e4c99a
archive/non-elliptic/extended-geometry/BINARY_QUARTIC_TRIPLE_SIMPLE_ROOT_GVC.md	historical	geometry	GVC2D5Q31	bff7b9c7d054786fe04a16db8f7b7298fb7d0dfb42ef95140aa554857752e9aa
archive/non-elliptic/extended-geometry/BINARY_QUINTIC_ALL_ROOT_PARTITIONS_GVC.md	historical	geometry	GVC2D6R5	9c0178f589d9e88cb0ddb2340d78f17c0c38b4511e4e23698cd08a1f6d9827ad
archive/non-elliptic/extended-geometry/BINARY_QUINTIC_QUINTUPLE_ROOT_GVC.md	historical	geometry	GVC2D6Q5	09bc5affaf1a62062dadf729afc724ae8ec1080a40018d5421d1a21c7ec319b0
archive/non-elliptic/extended-geometry/BINARY_REPEATED_QUARTIC_GVC_JET_SEARCH.md	historical	geometry	GVC2D5RJ	878ff7a4f4c9fa01430af5ba0233e0677a91a1ab2fed4ee599b6e8a925a898b3
archive/non-elliptic/extended-geometry/BOUNDARY_OBSTRUCTION_THEORY.md	historical	geometry	BOT1,BOT5,BOT6,BOT4,BOT2,BOT3	2cd254b5cd65750b33294d8433df3ccbbc40cdb31bdfa19a46c0f7af6a120666
archive/non-elliptic/extended-geometry/BOUNDARY_PACKAGE_COMPILER.md	historical	geometry	PWB7	9517e30dadde20c149a248ca97cd0d7077ad4d5d18309c6645e1d759a0f4a297
archive/non-elliptic/extended-geometry/BRANCH_GRAPH_WONDERFUL_PULLBACK.md	historical	geometry	BW1,BW2	1e88f1ee7c9dd3511891db9ee5477331e881a844c8299992312b940bd0047630
archive/non-elliptic/extended-geometry/BRANCH_SCALE_FAN.md	historical	geometry	BF1,BT1,BA1,BR1,BM1,BH1,BI1,BSF1	70922a32d33a39dad46826991fef81cfd96e4e7f5045518f81b4c19939fc4d2f
archive/non-elliptic/extended-geometry/CANONICAL_FAMILY_IMAGE.md	historical	geometry	I1	9cc7ebe982c5e8435d56a2ed28c6e7792ee59d6c9984179d8dcad35bf43034e9
archive/non-elliptic/extended-geometry/CELLULAR_POSTNIKOV_TRANSITIVITY.md	historical	geometry	HRCELL6	9904ba86c07e704df58f54502bacbe4a6ab3cc959df5c3d9578cff303316b6d3
archive/non-elliptic/extended-geometry/CIRCUIT_COMPLEXITY_BCW_CORE.md	historical	geometry		7e4945e2911a4788f458839b3be2c9f4abd281b6517938b508be573a298df526
archive/non-elliptic/extended-geometry/COEFFICIENT_HYPERSURFACE_COX_OBSTRUCTION.md	historical	geometry	CL11	ed9e34f30054af3a2a9d8951f277744551fcdf6c2904924678b5068f3ded756e
archive/non-elliptic/extended-geometry/COINCIDENT_ROOT_REBUILD.md	historical	geometry	E1	7ad78309a7c786d737920bf6de039ad0a2da822185724c7566b8b3b60bda2619
archive/non-elliptic/extended-geometry/COLLISION_AXIS_UNIMODULAR_FRONTEND.md	historical	geometry	CAUF1	8a1098c56ac14d53aef82039797b80aadef1c07bb9dd631d03947144d33ba079
archive/non-elliptic/extended-geometry/COLORED_DIVISOR_SPAN_OBSTRUCTION.md	historical	geometry	CDS1	a60d109f06c42e23195ac6e3eb13cd7e3e018513c5d53dce6c0fffa8967bcd91
archive/non-elliptic/extended-geometry/COMBINATORIAL_COMPLETED_LOCAL_RINGS.md	historical	geometry		1748005323d1a4ff191310655c30ca839d66d5a71e3b2883b6eb1baad18b1ea6
archive/non-elliptic/extended-geometry/COMMON_RIGHT_FACTOR_SYNCHRONIZATION.md	historical	geometry	HRCF,HR42J,HR42K,HR42R,HR42Q	6f5d1e059b97248bdc1bb49cc6f79213b7bb149981f574a3f078f8160671c953
archive/non-elliptic/extended-geometry/COMPLETED_MOMENT_ALGEBRA_RESEARCH.md	historical	geometry	SIC2MDF35,SIC2MSP35,SIC2MIA36,SIC2B33C,SIC2B33N,SIC2MCR	d5d21f20f55adefa2850b5b78e716b729418bc8865fe244bb350b737d98ae508
archive/non-elliptic/extended-geometry/COMPLEXITY_COMPRESSION_PROGRAMME.md	historical	geometry		cd78bd400c57e18d2002a92a0a4bc66abd2e3e5a81d98d7e2d5727ecc4c9e853
archive/non-elliptic/extended-geometry/COMPLEXITY_FILTERED_CONTACT.md	historical	geometry	O4,O6,O7,O8,O2,O5,OP-LR-REES,OP-LR-II,OP-LR-NE	e5a0665bf763b32f64b9b0c656a3c8ffcb0fb01abc1f0b65190cce7d32f333e6
archive/non-elliptic/extended-geometry/COMPONENT_NORMALIZATION.md	historical	geometry	E3	0a8f17f7ba0cb02c858cd4caa1abc7065513a480df129aaf2f97c278a6fe675b
archive/non-elliptic/extended-geometry/CONDUCTOR_FIRST_FOUNDATIONAL_CUSP_KELLER.md	historical	geometry	COND2	1fb03cf7d3f9495a45692dfefae139a97b5e0273f1b771038debca323ededacd
archive/non-elliptic/extended-geometry/CONDUCTOR_FIRST_ONE_CHART_OBSTRUCTION.md	historical	geometry	COND1	8aec47bde0be47d54b608873a1500928ba56d51a6eb59fe09422930de1888e83
archive/non-elliptic/extended-geometry/CONDUCTOR_REROOTING_AMBIGUITY.md	historical	geometry		285dca591e38bae6f6bd4ca64fbecc2c3269cbafc449cdd3bb83d4161dab2ae8
archive/non-elliptic/extended-geometry/CONDUCTOR_THREE_BOUNDARY_COX_FILL_OBSTRUCTION.md	historical	geometry	COND3	d516e113198a2f3801ec120eedeb276b75881e60899ff76dfb61c8e9004dd281
archive/non-elliptic/extended-geometry/CONFLUENT_KELLER_COLLISION_PROTOCOL.md	historical	geometry		7b7e8f196f88b0d7c52838388c67f3edb7eda2fadb5c7d2af1294aa419b6e79c
archive/non-elliptic/extended-geometry/CONSECUTIVE_FACTOR_CONTACT_CLASSIFICATION.md	historical	geometry	CF1	179a948352e067e0af0cd2018b4a455895aa3e6bacb029ab4c4b828ad5aa9ab2
archive/non-elliptic/extended-geometry/CONTACT_ATOM_PRINCIPLE.md	historical	geometry	E2	38aa298aea9514b48ee8bd4f1a7055d91c92833730ad4ae5ed5c1c2c1652a4e4
archive/non-elliptic/extended-geometry/COX_LEDGER_LINEAR_FACTORS.md	historical	geometry	CL2	94e981ad843eca877090c63b661bb6d027c96a0cabd44219714e481e056880df
archive/non-elliptic/extended-geometry/COX_LEDGER_THREE_FACTOR.md	historical	geometry	CL1	c9e3095569eaf2af52775edb08de11730080b626dd6e27de24115a8983b4d6d8
archive/non-elliptic/extended-geometry/COX_VECTOR_BUNDLE_STABILIZATION_OBSTRUCTION.md	historical	geometry	CL12	b77571d704c611a2d359a3dd4b56fe7367d420ae3fcbad2dcbc62666ebe410f8
archive/non-elliptic/extended-geometry/CUBIC_DUAL_NUMBER_ORBIT_TANGENCY.md	historical	geometry		6755f9032a0ed579c6968dfda0ddd108452429889b8d88b35ce259141c9e7137
archive/non-elliptic/extended-geometry/CUBIC_GAUSSIAN_NULL_CONE_THEOREM.md	historical	geometry	G2N	736b4c0b0f456f8ddae63b4cda4ce5ab35d2b7ff570a9f57c8c2c495e8405e28
archive/non-elliptic/extended-geometry/CUSP_PROFILE_SUSPENSION_THEOREM.md	historical	geometry	GVC3CPS	ea90fc46aeac569df431a8d89430065af38ef930b34c5585fed5146c7c20d6b4
archive/non-elliptic/extended-geometry/D1_F2_COEFFICIENT_SPACE_PROOF.md	historical	geometry		3000b6baa2341ac276d4bad51d4c86d55ca1a25fbead65be7e150e3395e05e8d
archive/non-elliptic/extended-geometry/D5_NONLINEAR_MODIFICATION_OBSTRUCTION_CLASSIFICATION.md	historical	geometry	D5NOC1	a0d398f81384feee936dce631080c94f4f6a2a5deda4d8df55cc90c81fb26e9d
archive/non-elliptic/extended-geometry/D5_TWO_MASK_BLOWDOWN_OBSTRUCTIONS.md	historical	geometry	D5TMB1	77a01ff1e3e0187148e6c51732ca20e2214f82520c76188889116f22ad2e471d
archive/non-elliptic/extended-geometry/DANIELEWSKI_ALL_DEGREE_OBSTRUCTION_AUDIT.md	historical	geometry	CL25	342faf40a82860ddd240d9960ed8ba0ac83cdf4456ec8c9f54055db660cbd91b
archive/non-elliptic/extended-geometry/DANIELEWSKI_COUPLED_ATTACK_PROGRAM.md	historical	geometry	CL22	a3aa5167d61426dc81ac9e42abb5fb418c1df835313d59508fc715201e2c38af
archive/non-elliptic/extended-geometry/DANIELEWSKI_DE_RHAM_COMPILER.md	historical	geometry	CL23	720aebdbdeabb95f31c3b376ebf56d460ee72b8c5137cc9bb726409bfcc3365e
archive/non-elliptic/extended-geometry/DANIELEWSKI_FULL_QUADRATIC_OBSTRUCTION.md	historical	geometry	CL24	7bbd213c34fb66ea07720bc27bee01d32d7c4f294d708c83e564dc30282efe99
archive/non-elliptic/extended-geometry/DANIELEWSKI_MINIMAL_COUPLED_ANSATZ.md	historical	geometry	CL20	a6953b54d2a5d848cc77a7a884f53cddbd1209e3972a1103c9608a4fde97d422
archive/non-elliptic/extended-geometry/DANIELEWSKI_MULTI_DICRITICAL_FAMILY.md	historical	geometry	CL18	26c7a4e144649e3abc874b01df82aacf15014e899e81164cbeb87fc545747532
archive/non-elliptic/extended-geometry/DANIELEWSKI_ONE_DICRITICAL_CONTRACTION_AUDIT.md	historical	geometry		4b22cb25255bfde2db88d08ee53ed9faf5291cb0bc413ae82cf1b5b1b5a6f728
archive/non-elliptic/extended-geometry/DANIELEWSKI_POISSON_CONTRACTION_FRONTIER.md	historical	geometry	CL19	42c8b1d9f4b50ab24317c2a536ffa1fa9c4344efe91481bb3df2f306fdefe3d0
archive/non-elliptic/extended-geometry/DANIELEWSKI_QUADRATIC_INTERACTION_FRONTIER.md	historical	geometry	CL21	093057b2bd34a83416d9240ba6c10601de78608bcdd90ee1917bc1149f3648dc
archive/non-elliptic/extended-geometry/DAVENPORT_BOUNDARY_INVOLUTION.md	historical	geometry	AS7	7840729d4dee2cb9cca9eb7fe814d357213480afee4b591ff2cf985321b24ec1
archive/non-elliptic/extended-geometry/DAVENPORT_CONSTANT_NORMAL_BASIS_SCREEN.md	historical	geometry		96a78ba4ac05fe44f76172709c55e7003f53a889fb1eef7ffd6d74f8256e29d7
archive/non-elliptic/extended-geometry/DAVENPORT_COX_BOUNDARY_OBSTRUCTION.md	historical	geometry	AS2	fb66449c406a570b58e8eb1e69d762930dff8f919aebcb4e868329e46bfd0acf
archive/non-elliptic/extended-geometry/DAVENPORT_DERIVATIVE_CENTER_MISMATCH.md	historical	geometry	AS6	8641531f86be8c8f8bf0555aae942a15c7f5d6b569bf9dee1b916cef03e343c9
archive/non-elliptic/extended-geometry/DAVENPORT_EXCEPTIONAL_TWIST_OBSTRUCTION.md	historical	geometry	CL9	ff8444cc8e03ff0e951f529d85e4674e5252bbbbe805f9fbd9019617dc9160d5
archive/non-elliptic/extended-geometry/DAVENPORT_INDEPENDENT_MARKED_LINE_OPENING.md	historical	geometry	AS18	5a7d1d5e65c1f721bc49902bba46621c1e3bdb08a2a4918d268cf7025a1273e5
archive/non-elliptic/extended-geometry/DAVENPORT_NODE_SEPARATING_AFFINE_MODIFICATION.md	historical	geometry	AS8	16c8561224f76f7b92d8368948110d4a456d6cdaba0efb90f80838733603bc15
archive/non-elliptic/extended-geometry/DAVENPORT_POST_COORDINATE_ATTACKS.md	historical	geometry	AS9,AS10,AS11,AS12,AS13,AS14,AS15,AS16,AS17,OP-GS	66d17d9d1034c428f1701f06f45f552ebed8a614741672a47f586ce3d8e704d7
archive/non-elliptic/extended-geometry/DAVENPORT_PROPORTIONAL_TANGENT_SECTIONS.md	historical	geometry	AS4	83b25f71f0d9764190ca45d6925a3507b83300c745003ca03f647c4bf163ea67
archive/non-elliptic/extended-geometry/DAVENPORT_QUADRATIC_SURVIVORS.md	historical	geometry		80cc3e3adc4b9c2319b4f9fa192d9a3054505fa9eda3f7af7422e2c1aa77d0a3
archive/non-elliptic/extended-geometry/DAVENPORT_QUADRATIC_U_INCIDENCE.md	historical	geometry		95e802db1ba1741949689f50a8990e0faaf34c6c4721ee4d034f9a59709f06a5
archive/non-elliptic/extended-geometry/DAVENPORT_QUADRATIC_VECTOR_DEVELOPABILITY.md	historical	geometry		2fcf141c11e8ed110a92e42784b0ecf294b27febb8fd7119dad3aaf5851a4f94
archive/non-elliptic/extended-geometry/DAVENPORT_TANGENT_MARK_CURVE.md	historical	geometry	AS3	78419004ee694a9cc4f93c59d3bd1b4abfc4fd07f1eb0c2a38f8bd545732c212
archive/non-elliptic/extended-geometry/DAVENPORT_WEIGHTED_GLUE_OBSTRUCTION.md	historical	geometry	AS5	07300f1b6ce47674ede0451024fd4582354282c708b938daa8c197c63bf768a5
archive/non-elliptic/extended-geometry/DC2_CLASSICAL_SYMBOL_CENSUS.md	historical	geometry		65fc51c0d28f0a8038630ebd961bbef59526cebc8e79772495137ea868814be3
archive/non-elliptic/extended-geometry/DC2_CLASSICAL_SYMBOL_FAMILY_SEARCH.md	historical	geometry		8ead52f4d1bed503323b24e0791b2afeb4c652513825f79fa31703b3b7431e24
archive/non-elliptic/extended-geometry/DC2_DEGREE_NINE_MARKED_ROOT_SEARCH.md	historical	geometry		6caa1c5fb1ade3dae0bf65daed0fe8bb0e8184e8f408a88c656aad8a623d6c35
archive/non-elliptic/extended-geometry/DC2_HESSIAN_SYMBOL_OPTIMIZATION.md	historical	geometry		f7fd7982298b50035eca80b2423ae7e5690298dc2e793d5a80c770529da5a38e
archive/non-elliptic/extended-geometry/DC2_HIGHER_NILPOTENCE_R21_FRONTIER.md	historical	geometry	DC2HN1,DC2SB1,DC2HL1,DC2HL2,DC2HL3,DC2QB1	ccd33ceefed1fa9bbeb6eb746f793127b53a47682511a92b2933bc0f416a6c19
archive/non-elliptic/extended-geometry/DC2_MARKED_ROOT_DEGREE_LADDER.md	historical	geometry		f1f77eab49eccd1211960c2f135f93023bda967b82832c1a233e25de4114c65e
archive/non-elliptic/extended-geometry/DECORATED_NORMALIZATION_INVARIANT.md	historical	geometry	WB1,D1,F2,D2	b159122649691039cfd99458792b4ad06c33b760cf69ebf29f7222306c606983
archive/non-elliptic/extended-geometry/DEFECT_SYMBOL_APOLARITY.md	historical	geometry	KNC1	a27dea8402482f083f968baae9c7f56ab87756d78cfea7e0a44b29c069f1f4f6
archive/non-elliptic/extended-geometry/DEGREE12_LOCAL_SINGULARITY.md	historical	geometry	E4	55aa7bd5dff972b98769eadbb8b0d4c596d344579114c5d22b3064002c97cf91
archive/non-elliptic/extended-geometry/DEGREE18_HESSIAN_RITT_NESTED_POWER.md	historical	geometry		62e034d8e2e3f8a64a8c945987df24f6553c42fc1fe1fac1c5d6d93d43ef4e9d
archive/non-elliptic/extended-geometry/DEGREE18_TRIPLE_INTERSECTION.md	historical	geometry	E7	2f78de7b677981ac7195d2c27417fbde1eab4855474e897b7a297cc7fdf2f2be
archive/non-elliptic/extended-geometry/DEGREE30_HESSIAN_SYNCHRONIZATION_ATTACKS.md	historical	geometry		399bf6c58a06433d067b17390adcb6d5bc6dadea0804bea0b93300042a7c74ca
archive/non-elliptic/extended-geometry/DEGREE42_HIGHER_GCD_STRATA.md	historical	geometry		761957c1ac4e7ef2eb5aa039a3e678cf37ad1d021eca96055633d7ed928aaa76
archive/non-elliptic/extended-geometry/DEGREE42_RITT_RELATIVE_COTANGENT_CONE.md	historical	geometry	HR42C	25262c0fe34371328486b9e000855815364fdc3bc9400d16b4c0271d96a59233
archive/non-elliptic/extended-geometry/DEGREE_FIVE_RANK_TWO_DESCENT.md	historical	geometry	R3	26282a728acc46101992739ab61a6d2f739ff0ade6adf91a2c33a90b6d91b735
archive/non-elliptic/extended-geometry/DEGREE_FIVE_STABLE_MODULI.md	historical	geometry	D5	f9370dfecf818a2100866ba221017b2c4c6d2d9b4021427c6d293f56314bfc65
archive/non-elliptic/extended-geometry/DEGREE_FOUR_FOUNDATIONAL_WEIGHT_EXCLUSION.md	historical	geometry		88a218ab9558f898ddddfac1f8fd6a348b2886c20fb48e4148ea1199706403a7
archive/non-elliptic/extended-geometry/DEGREE_FOUR_MARKED_ROOT_CLASSIFICATION.md	historical	geometry		590786f661f981e27772fc057cd368741a8b18fb42d02dfe2085c477099573eb
archive/non-elliptic/extended-geometry/DEGREE_FOUR_MOMENT_FIELD.md	historical	geometry	SIC2C4D,SIC2C4SP,SIC2C4P1M	b7b9e9905eb2f052d9bdb9e62665e05d02799a25375fdf9c8f1bd94127b46c7b
archive/non-elliptic/extended-geometry/DEGREE_FOUR_Q2_AUGMENTED_NULLCONE.md	historical	geometry	SIC2Q2NJ4,SIC2Q2C3D4	a7916a1aeb35a46d3f11a062f89bd87ccbf0225ead11b105a5d583d6f12cbc76
archive/non-elliptic/extended-geometry/DEGREE_SIX_RELATIVE_QUANTIZATION_OBSTRUCTION.md	historical	geometry	QO10	0854ab56f63cfd5d8ecd967cae47031b5a202912bfa226b6668089847186e257
archive/non-elliptic/extended-geometry/DEGREE_SIX_RITT_ATLAS.md	historical	geometry		9bc1378903e622c8111b27a600dd1c3e509a5de9250a370bd3454e102f17960a
archive/non-elliptic/extended-geometry/DEGREE_SIX_RITT_BOUNDARY_ATLAS.md	historical	geometry	HR6B	17de979ebe552be4ebac180bda12d5ebbd1667707a4660264aab47ff4ecaed6d
archive/non-elliptic/extended-geometry/DICRITICAL_COMPACTIFICATION.md	historical	geometry	DC1	79d25cf70abc9fb6574dc4917b3dd8ac77ab900868edb2db4aa880e64d577586
archive/non-elliptic/extended-geometry/DIHEDRAL_ALL_DEGREE_AFFINE_COMPLETION_OBSTRUCTIONS.md	historical	geometry	DNACO1	fe94e5d2e91e6de08e09d859c8c867d87b428b31d847541410fcb86591632308
archive/non-elliptic/extended-geometry/DIRECT_C_MINUS_9_A2_QUANTIZATION.md	historical	geometry		e4c30c76ef60de8ebf3a9db6bd0f911b6556d054c5b4c53777cf7f38a0ec4111
archive/non-elliptic/extended-geometry/DIRECT_SPARSE_A2_WEYL_SEARCH.md	historical	geometry		8a99dbcf69116c92b5602990e494390b568ae9e7f7386d175368407ee98b72c1
archive/non-elliptic/extended-geometry/DUAL_LINEAR_SIC2.md	historical	geometry	DLSIC2	7920cebc682e5ccf7f0e8e6aa33f0f75ed158ea89f1fd576c6c7cdd248cc7150
archive/non-elliptic/extended-geometry/DVORSKY_GVC5_COUNTEREXAMPLE.md	historical	geometry	DVG1	1fa06c3d478fe9c04e3b22c3aaa62ad6fc43c01a83e27a62f34b2fb979d3497b
archive/non-elliptic/extended-geometry/DVORSKY_ONE_PAIR_SCHUR_OBSTRUCTION.md	historical	geometry	DVG4	6a9f9186d130dcdf5653a105aea1e2119110aebd80cf887243baf10bbf803994
archive/non-elliptic/extended-geometry/EASY_HESSIAN_WITNESS.md	historical	geometry		09f3fe5666af1dc9a727c2eed5c335cb6a264d270109d2ce896e518bec53a804
archive/non-elliptic/extended-geometry/EFFECTIVE_NON_NULLNESS_CERTIFICATES.md	historical	geometry		9e99c7fb9bd7cfa8e2fe2848e302320f44f4178d9eee85927b0fef4a8bca13c9
archive/non-elliptic/extended-geometry/EXACT_DESCENDANT_THRESHOLD_PROGRAM.md	historical	geometry		24c4b433e4b4cc0de1e784e95617e8b3b1be0e1b8f2fda98d04601ec14d4072a
archive/non-elliptic/extended-geometry/EXCEPTIONAL_SEED_COMPONENT_HUNT.md	historical	geometry		558ccfcaceb24930085af49287b53db9882e916bd1c55107eafc41a016ad27a0
archive/non-elliptic/extended-geometry/EXTERNAL_CONSEQUENCES_AND_PROVENANCE.md	historical	geometry		89cc32c6799675baa6cb18d4f41da3b45d99873dc8ba4328ea9a8c69e998c43f
archive/non-elliptic/extended-geometry/EXTERNAL_QUARTIC_ISLANDS.md	historical	geometry	Q2	ed1e322427485fdeb1489870e4723649574414e97147b0f30381e7b90b9cc7bb
archive/non-elliptic/extended-geometry/F20_COLORED_COX_PACKET_FRONTIER.md	historical	geometry	F20CP1	30bd4ae4f20a1c4d549471e3275c28ef138d117eeee9f4a41ea0f69b9521452c
archive/non-elliptic/extended-geometry/F20_EXCEPTIONAL_COX_ATLAS.md	historical	geometry	F20EC1	a17059d7348edf25a493e90aae7a9a82f263322fc12b308ed87a2e767deb8c65
archive/non-elliptic/extended-geometry/F20_EXCEPTIONAL_COX_CORNERS.md	historical	geometry	F20CC1	a3ecaa48927ead3333484f37ea4c23d31426e2be7f1ca9d09a500aba7d695c75
archive/non-elliptic/extended-geometry/F20_GLOBAL_MULTI_REES_COX_ALGEBRA.md	historical	geometry	F20MR1	c87e03807d0bae8cff721f72decb2bd420eab2abdb8893009abd61e18be4eb15
archive/non-elliptic/extended-geometry/F20_NORMALIZED_COX_CONDUCTOR_FRONTIER.md	historical	geometry	F20NC1	e7f23e8c43b6d0d8c546fa48fd044e79a68a55438ab8470a4a26fe40598c1b25
archive/non-elliptic/extended-geometry/F20_STRICT_BOUNDARY_ATTACHMENTS.md	historical	geometry	F20SB1	59ea99972e1392c1cabe89d3f8ec2d7898f1f965ada74652919c5a8af0251e4c
archive/non-elliptic/extended-geometry/FACTORIALLY_WEIGHTED_MULTITORUS_THEOREM.md	historical	geometry	FWT1,PSMT1	35320ee8f1165d8a023e6d447425244b69dd8cd36f4eb11fdbe71c7c7a901c86
archive/non-elliptic/extended-geometry/FACTORIAL_MOMENT_WITNESSES.md	historical	geometry	FM1	4e4b24f37788e5c7f07e2fda2289599d2b0b3137bab21fd0726e8de643400270
archive/non-elliptic/extended-geometry/FACTORIAL_TRACE_INDEPENDENCE.md	historical	geometry	FTI1,FTI2	0765962ff1f5000c75b6dada8cc21d3c6ff355c79f7cea83f1ea79822d87f383
archive/non-elliptic/extended-geometry/FACTORIZED_BCW_CIRCUIT_EXPLORATION.md	historical	geometry		14e6237fd1a2553f699609d81f902bf32b7c00fe3a22803b7c506a5737fa30f0
archive/non-elliptic/extended-geometry/FERRAND_NORM_TRANSFER_BLOCKS.md	historical	geometry	E9	f6f38f2d2e5d7490f8c0ea835b835662453cdc21867796d34781bfcf901153ea
archive/non-elliptic/extended-geometry/FINITE_FIELD_CHEBOTAREV.md	historical	geometry	FF1	4a67424a1651d918d9ac098d51d6f41a41d56fa8dd4c3ce55aea5114340dbce6
archive/non-elliptic/extended-geometry/FINITE_FIELD_DETECTION_LIMITS.md	historical	geometry		8a078a108f1dc6c865cc1a814566cc307de33f7ea9fdba7f808870e75fc90ac5
archive/non-elliptic/extended-geometry/FIXED_GMC_SIC_PROOF.md	historical	geometry	GS1	7d4d9d1d9ca1833fc2d714c104ab112aee36406250d67a8b6affbd0af5df690c
archive/non-elliptic/extended-geometry/FIXED_RANK_DIXMIER_REDUCTION.md	historical	geometry		64c1d0fa2bcac1c8c0645cdfca6876f1de69caaad061fa965c9ef1de5fab2e1f
archive/non-elliptic/extended-geometry/FIXED_RANK_HESSIAN_FRONTIER.md	historical	geometry		e1d4a404e67bcbca779930dd54083b8dcb26be1967b54f743aef5ab182ca8e60
archive/non-elliptic/extended-geometry/FORMAL_GAUSSIAN_LAGRANGE_LEMMA.md	historical	geometry	GL1	1299752c6b71392bb00580ca3104b2ed813490034e43cf90dfbc0e0b8f573061
archive/non-elliptic/extended-geometry/FORMAL_ORBIT_TRIVIALITY.md	historical	geometry	O1	9bc4bf9472fe42bd155a7ab3e69247bfbb02e56274e12ab0f47540d42dd600f0
archive/non-elliptic/extended-geometry/FOUNDATIONAL_WEIGHTED_COEFFICIENT_SCHEME.md	historical	geometry	FC1,OP-FC	020bb98afc073ec86e8bdf2b7b2ff65df1e9d7d9f962d539abe68904aa9e6db7
archive/non-elliptic/extended-geometry/FOUR_PAIR_DVORSKY_SLICE_OBSTRUCTION.md	historical	geometry	DVG2	c051f1e8fa3695db787e7eb1b72188f23f3bde48fa9e7712d61206e40c344108
archive/non-elliptic/extended-geometry/GAUSSIAN_EXCEPTIONAL_MOMENT_GEOMETRY.md	historical	geometry	WG3,WG4	c101e81113d91218f31fa8a2d22b172f2ad2a230060811f17caeceb9759de9e8
archive/non-elliptic/extended-geometry/GENERAL_HESSIAN_RITT_INTERSECTIONS.md	historical	geometry	HRSYNC	842e72be3c1eb3331d825c43915e7e8941fca10a0f0ae7198d819edc65323723
archive/non-elliptic/extended-geometry/GENERAL_RADIAL_SOURCE_ATLAS.md	historical	geometry	GRS1	3a1d03e1703f2d3b6a004a974a0845457f37415a1e3de816006ae23fd15248e8
archive/non-elliptic/extended-geometry/GENERIC_DISCRIMINANT_CURVE.md	historical	geometry	G1	c78e2390dff1532ead7394837d707cc0dc155e5c7c7e66b08d7d5612cf1ecd04
archive/non-elliptic/extended-geometry/GLOBAL_LOW_DEGREE_SUPPORT_CENSUS.md	historical	geometry	GLDC1,OP-GLDC	92d732b2edc61725d195ce3cdc8eeeb9b6e628d74888ffa765ea0c88d3e3f54b
archive/non-elliptic/extended-geometry/GLOBAL_SUNADA_KELLER_COVERS.md	historical	geometry	AS1	d12e3b4774c17e96e0464d0122bda5de0129e27bc3134f608286b735ca9cd95c
archive/non-elliptic/extended-geometry/GMC2_RESEARCH_PROGRAM.md	historical	geometry	G3X,OP-GAUSS	8f8642b9ee96ce42b389bb0e936fae1b6dd43c589bfd3ba14f8f09244e305a01
archive/non-elliptic/extended-geometry/GVC3_DEGREE10_DISTINCT_FOUR_CHANNEL_FRONTIER.md	historical	geometry	GVC3D10F,GVC3D10C,GVC3D10F5S,GVC3D10F5G	d90b85f975690fc23e2d2ff676980e6aaf32c5a2e8dad0dc054fdd02f8e365d1
archive/non-elliptic/extended-geometry/GVC3_FOUR_COHERENT_CHANNEL_FRONTIER.md	historical	geometry	GVC3FCCB	849f6aaed3e6c5de438d28abc43adaef66c5c841fd4e08b988c2ab31e9487252
archive/non-elliptic/extended-geometry/GVC3_HARMONIC_CUBIC_PROFILE_MODULAR_SEARCH.md	historical	geometry	GVC3HCB,GVC3HCM	b3ee011ab7f6d9744d4039942c9a1e059f64273b66f52e87032410e6bbc3760a
archive/non-elliptic/extended-geometry/GVC3_HOMOGENEOUS_SPILLOVERS.md	historical	geometry	GVC3HS	ff459f65034009fee44b929cae76881df0e1f7bf11a2a5146e4d14a5fe5eb524
archive/non-elliptic/extended-geometry/GVC3_INDEPENDENT_PARITY_QUARTIC_OBSTRUCTION.md	historical	geometry	GVC3IPQ	1bb55aa0e816b26861ef85ae7536dbc4c77a852c1c389ec6985535bc303f87cb
archive/non-elliptic/extended-geometry/GVC3_ISOTROPIC_HARMONIC_CHANNEL_OBSTRUCTION.md	historical	geometry	GVC3IHC	d39bc44425b8b0566722dfc4d2716e1780562a1498dcec9867e1d243ddb948ae
archive/non-elliptic/extended-geometry/GVC3_POWER_TAIL_AND_MINIMUM_FRONTIER.md	historical	geometry	GVC3PT,OP-GVC3-MIN	5fff1bb5aae08c4bb968d7b4945086944d698a54fcc7bd08c8f9fdcd014b474f
archive/non-elliptic/extended-geometry/HASSE_TYPICAL_SEED_RECOVERY.md	historical	geometry	HT1	e6c716d1c036811b523ca8226bdb048875732df977a7e64daf4d199396d5a780
archive/non-elliptic/extended-geometry/HESSIAN_RANK_34_DOUBLE_IDENTITY_SLICE.md	historical	geometry	LR5	980eec138db21cdf2c67edcc8bcdf0ca35cd399b621710a8c92edff0a7cba7ee
archive/non-elliptic/extended-geometry/HESSIAN_RANK_35_IDENTITY_SLICE.md	historical	geometry	LR4	6ea579d1f39030258c3e3ff7a61dd05e00d736f6f5bdb829814a383d9d53488e
archive/non-elliptic/extended-geometry/HESSIAN_RITT_CELLULAR_COTANGENT_PROTOTYPE.md	historical	geometry	HRCELL1,HRCELL2,HRCELL3,HRCELL4,HRCELL5	8745a51e5845f742e1d7d9133275e5919027ff57daa8a7779511081d3dc5aa56
archive/non-elliptic/extended-geometry/HESSIAN_RITT_COTANGENT_DESCENT_COMPARISON.md	historical	geometry	HRCELL7,HRCELL9,HRCELL10,HRCELL11,HRCELL12,HRCELL13	7dc5394f6a8c19ce24f7118a0be1a4839b144d70a22a3cf862f3c288c106d35d
archive/non-elliptic/extended-geometry/HESSIAN_RITT_DEFORMATION_COMPLEX.md	historical	geometry	OP-RITT	1337d68de48a15bbb58afb657542ee7617468a15488a4d8a6d7c2817a6ed2c86
archive/non-elliptic/extended-geometry/HESSIAN_RITT_INCIDENCE.md	historical	geometry	HR6,HR12	0a5a2d639cfafa8b8c5ae21a63df51a6aa40f2d308cd3a2a859f497b1ec9ed97
archive/non-elliptic/extended-geometry/HIGHER_DIMENSIONAL_GMC_RESTRICTED_SUPPORTS.md	historical	geometry		65af7ca7ed31c5b744edb9b9893143644c5e25dd4651c6d844b526cec609e1fc
archive/non-elliptic/extended-geometry/HILBERT14_INVARIANT_KERNEL_PROGRAM.md	historical	geometry	H14C1	bbc853f621e214217dd686f21781f15ea4871dbe9436d2ddd5e53ef1a9a18503
archive/non-elliptic/extended-geometry/HOLONOMIC_HYPERGEOMETRIC_ALGORITHMS.md	historical	geometry		29e0304864a7f1292e3d749a142a4ae4548fe1d84afae7cf4469f5d41c199c92
archive/non-elliptic/extended-geometry/HOPF_LIFT_CLASSIFICATION.md	historical	geometry	HLC1	5e3694e920922f9e3dd42d26bac58d1622b595b154fd81cc4aadcecc53e22d60
archive/non-elliptic/extended-geometry/HURWITZ_LL_COMPACTIFICATION.md	historical	geometry		1e118888ec2ac4eedac2c82d9ed8c65c30d6e1677fce7658e0e6aa78133b60a4
archive/non-elliptic/extended-geometry/HURWITZ_LL_STACKY_SKELETON.md	historical	geometry		7e02860a7f33877275fc57dc4e313fd9aafa014b5d3eab62ec25d8bbc264cc1c
archive/non-elliptic/extended-geometry/HVC38_CROSS_CONSTRUCTION_FRONTIER.md	historical	geometry	BCR3	d0b73f8f5514427be2afbbbb2b1a4222b7ce605616ac9680f7d69789d7a7ddcf
archive/non-elliptic/extended-geometry/HVC38_GAP_CLOSURE.md	historical	geometry	BCR6	4d7a6510aef352237ac471cf8a9c9517c86002e86a9c1300cf49bf737eaa02f3
archive/non-elliptic/extended-geometry/HVC38_MAXIMAL_BLOCK_CLOSURE.md	historical	geometry	BCR9	c92f3af0b1a07b2c691fd260c38fecdeb01ff9d6a06e624c415e81ff2bd70f6a
archive/non-elliptic/extended-geometry/IMAGE_MATHIEU_COMPRESSION_PROGRAM.md	historical	geometry		e6bf9530be7d03dce582767006ace731ee2abed7e5219b5d7c5cddf3a7b8541f
archive/non-elliptic/extended-geometry/IMAGE_VANISHING_COUNTEREXAMPLES.md	historical	geometry	IV1	bcd85e45b14d7815fdcc2cf853a6efd5dc9448997f08869ab7fe52d5583ab794
archive/non-elliptic/extended-geometry/INCIDENCE_COVER_AUTOMORPHISMS.md	historical	geometry	IA1	bbd88a3195be9a7069e35d9eb78b6d9e7aa84f2a54c2561b9592a2be7a1678e0
archive/non-elliptic/extended-geometry/INDEX_THREE_SHALLOW_SEGRE_RIGIDITY.md	historical	geometry		e6cef6a9311d70d02f504786fdbfdc5877c7b2faa35dccf87b2bdb9c014644b2
archive/non-elliptic/extended-geometry/IND_GROUP_CONSTRUCTIBILITY.md	historical	geometry		888eb05f22163c5bef22aaec7775e21e562313ecfc02f3bc05a624d668b11b1f
archive/non-elliptic/extended-geometry/INTRINSIC_SELECTOR_ATTACK.md	historical	geometry	IS1	b5d12920313598dc6d1816f976669b2723a53a4656cc7dd4d95f5b1e6ebeb02f
archive/non-elliptic/extended-geometry/JELONEK_COEFFICIENT_COMPONENTS.md	historical	geometry	OP-CCDM,CSK1,CSK2,CSK3,CSK4,CSK5	bdca55f60473a2a13238723722480d05d365969442ed5c768b72976fa7b916b6
archive/non-elliptic/extended-geometry/K12_CUBIC_GRAPH_BILINEAR_OBSTRUCTION.md	historical	geometry	BCR11	24c885b2e8bd65be4da5c00a3d9b1b1ff3a8e93cb94cc137a277c980466b8734
archive/non-elliptic/extended-geometry/K12_CUBIC_TARGET_COMPLETION_OBSTRUCTION.md	historical	geometry	BCR12	5980557549f1190d3593cce8c630544be37dd2b478584181afc1915ed83fbac5
archive/non-elliptic/extended-geometry/K12_PARAMETERIZED_COMPLETION_FRONTIER.md	historical	geometry	BCR5	57a3515d7e8001d6c346f36fb162c541ba36fa1497fbce1256851d6a695213af
archive/non-elliptic/extended-geometry/K12_SINGLE_DEFECT_QUARTIC_COMPLETION.md	historical	geometry	BCR8	ebc382965d26f6a2f9ccdbe076ede1208f654a59f1fcd59e5f6038f6699111f7
archive/non-elliptic/extended-geometry/K12_TENSOR_OPTIMIZATION_FRONTIER.md	historical	geometry	BCR10	8764a4542d120ab60799b3460e28595e1baa02d50e3ab8e96ca272385f189534
archive/non-elliptic/extended-geometry/K12_TO_K11_COORDINATE_PAIR_FRONTIER.md	historical	geometry	BCR4	b97c1f651743cb69a8a992b425926d771ed266b79881dafacb95ae6bf6346056
archive/non-elliptic/extended-geometry/K12_Z8_CUBIC_COMPLETION.md	historical	geometry	BCR7	e42008afbce8174dcb87fcaa1e3c38477cb9ff48f12a15dc878fc5829cac5c59
archive/non-elliptic/extended-geometry/KELLER_PROVENANCE_COMPRESSION.md	historical	geometry	KPC1,KPC2,KPC3,KPC4,KPC5,KPC6	e1eff5a6de0a7a90ea1973d8e63534cd614c5607819b31215e61170434ce8fd0
archive/non-elliptic/extended-geometry/LABELLED_NODE_SATURATION.md	historical	geometry	LN1	509ac875eca66c6d33301eb219320453155fa782e60ece187a1c6b7ba1b5cbaf
archive/non-elliptic/extended-geometry/LEXICOGRAPHIC_PRIME_ISOLATION.md	historical	geometry		3f39711ec2a1e376f1e067e30d1183d983e136a153be751581fb7455d7ed0a50
archive/non-elliptic/extended-geometry/LINEAR_HYPERPLANE_COX_CLASSIFICATION.md	historical	geometry	CL10	3cbc00e2e3f0a3ee98625c660220b25a6a5738f61e6e7a6a6ce0d8778a5f8aae
archive/non-elliptic/extended-geometry/LND_MATHIEU_SLICE_CONDUCTOR_FRONTIER.md	historical	geometry	LND-RZF,LND-MCF,LND-ZDF,LND-NDD,LND-PLS,LND-RPL,LND-CPL,LND-NPL,LND-NPF,LND-PDP,LND-PCD,LND-PCG,LND-PMI,LND-MLT,LND-GTR,LND-LIC,LND-RRL,LND-TPR,LND-MSI,LND-GCS,LND-CIL,LND-IAC,LND-CPM	53fc66eb9961a5f004e2fa0b688ea6e0ec4839d2fa51805e0ba5002fa3bd2b20
archive/non-elliptic/extended-geometry/LONG_SU2_AND_BCW_REPRODUCTIONS.md	historical	geometry	LSO3,LR1	889a04054f409f1777646af21fdbb039323b848cab925da8e9f88337dcc0f53e
archive/non-elliptic/extended-geometry/LOW_COMPLEXITY_CUBIC_KELLER.md	historical	geometry		0d679b1dbcca4a5686e7b02b40409f06641d925135fb5d00ed48ffdf26c3ab5f
archive/non-elliptic/extended-geometry/LOW_DEGREE_CYCLIC_RITT_INTERSECTIONS.md	historical	geometry		a12f2dde61bb81312bd8186e31d77f1f8f407c3750be54d18ea61435d9463365
archive/non-elliptic/extended-geometry/LR_MIXED_BCH_NORMAL_CLASSES.md	historical	geometry	O11	d82951ea3f4ff256c5360a30df1e71b0b5c83995842829e7d0f963db7c351a03
archive/non-elliptic/extended-geometry/LR_REES_SAGBI_MODULE_COMPUTATION.md	historical	geometry	O9	3cac821b6c8501ca2fa4f240d1ab789d2308b961e4087b7db110328b27ff66d0
archive/non-elliptic/extended-geometry/LR_ROOTED_TREE_NORMAL_CLASSES.md	historical	geometry	O10	27b78db363432a29b79ec24c0e9c3aef8e078cacb512fbf868df042d33cf1e06
archive/non-elliptic/extended-geometry/LYASHKO_LOOIJENGA_RITT_REDUCTION.md	historical	geometry	HRLL	a100ce6f8707adbb3090ee94b1f151aca49854e24e60f296c5b22e6147fb1545
archive/non-elliptic/extended-geometry/MACFARLANE_G20_DIMENSION_REDUCTION_AUDIT.md	historical	geometry		405837964ff2d9564f6f2e174261c79971aa31e6f11c18b1cea0c0760380fe08
archive/non-elliptic/extended-geometry/MARKED_POINT_DIMENSION_BARRIER.md	historical	geometry	MP1	64eb92a19be87228f4359c7df85eaead8ba25e4762fe7acff0511db98ca7f8c8
archive/non-elliptic/extended-geometry/MINIMAL_COUNTEREXAMPLE_SCOREBOARD.md	historical	geometry		363949ce6d83dc8369dbb70443fea3f3237f2c7ab53444bb91c74e5909e10192
archive/non-elliptic/extended-geometry/MIXED_SIGN_GRADINGS_LITERATURE_RECONCILIATION.md	historical	geometry		946ffab23f2cbc342ba0c0223fd3475ea82c0176e9f74c86ae08487463fb842e
archive/non-elliptic/extended-geometry/MOMENT_PRONY_DETERMINANTAL_GEOMETRY.md	historical	geometry	WG5	d2292610f5bf3a4b4715b29a521d7831d1fb86a646fecfa7628b6b58367b7a89
archive/non-elliptic/extended-geometry/MONODROMY_INERTIA_CHARACTERS.md	historical	geometry	MIC1	3cdb4f561e8143259b9bcb0f10b86cfff0ebb6b6eb16837eb2bfa3fd27490b59
archive/non-elliptic/extended-geometry/MULTIBOUNDARY_HILBERT14_CONTROL.md	historical	geometry	H14M1	d7cdb743e3b4099f789d61e3e71035d90de612f3da90c23e9c6539ff92d12eb0
archive/non-elliptic/extended-geometry/NASKRECKI_PROVENANCE_NOTE.md	historical	geometry		f1e48a489e32d14d3f1f3613e7952fb8829eb4fbf81710f2560b6e013e22b543
archive/non-elliptic/extended-geometry/NATURAL_TORUS_HAMILTONIAN_REDUCTION.md	historical	geometry		a1a5251ac531251f5173354cf5f30026326020616e1e57afbb0a5239028a1708
archive/non-elliptic/extended-geometry/NONSURJECTIVE_ENUMERATIVE_GEOMETRY.md	historical	geometry	E5	8f3730d3a0e948ce4c2b5fe508ee84603e002bfa42b90a24aa265e38d2a2b74f
archive/non-elliptic/extended-geometry/OMITTED_COMPONENT_INTERSECTION_ALGEBRA.md	historical	geometry	E8	d186d09ff3ac283f89d136045b110c08e84744714124b4e5fda70dee9e2eeffd
archive/non-elliptic/extended-geometry/OMITTED_VALUE_CLASSIFICATION.md	historical	geometry	I2	64fc76208bbfef73bde08cc15dfec8fb1a38f17d67d8003f81a32c45b1169536
archive/non-elliptic/extended-geometry/ORDINARY_DEGREE_SIX_BOUNDARY_AUDIT.md	historical	geometry	OD6BA	3207ec77b7bf9eb6952ced2a54debb29b88e803dfce52331872e11ce3982a503
archive/non-elliptic/extended-geometry/ORDINARY_DELTA_LOW_RANK_FRONTIER.md	historical	geometry		7dc7c38a368b60360f32b2eda53928726ecdcb9638bdbd738e3b33694301ee4e
archive/non-elliptic/extended-geometry/ORIENTED_CUBIC_AFFINE_DESCENT.md	historical	geometry	CL5	83f13662eee2bd30c75225ef61761f67327075cf5d12291a3adc97e8ecc24c29
archive/non-elliptic/extended-geometry/ORIENTED_CUBIC_COX_CHART.md	historical	geometry	CL3	e33f52d0716f7347f77ab744aab9f7c6ea5efcea581d2cc353146495394c5ff6
archive/non-elliptic/extended-geometry/ORIENTED_CUBIC_QUOTIENT_RIGIDITY.md	historical	geometry	CL8	ccf3631cf8184759929b5f6440e0569ed7136f50065e3b7fd2b5c68f531be627
archive/non-elliptic/extended-geometry/ORIENTED_DAVENPORT_COX_MAPS.md	historical	geometry	CL7	0ed9f0b49dfc7084e2444ab8c56a4fd3399d949557caec508fdf9b7bc842750f
archive/non-elliptic/extended-geometry/ORIENTED_LINEAR_FACTOR_COX_MAPS.md	historical	geometry	CL6	f0aae8bb14457ad7460851bf58272046a0c87fb77eef6cc90be7abe12008263d
archive/non-elliptic/extended-geometry/PARTITION_LATTICE_GEOMETRY.md	historical	geometry	E6	3380fbbed42cef60725b62d4e2e76735ec5ce26e5e05738c84315f42da5a30e0
archive/non-elliptic/extended-geometry/PLANE_WILD_BOUNDARY_ATLAS.md	historical	geometry	PWB1,PWB2,PWB3,PWB4,PWB5,PWB6	e1dcb1e487c775369e707019920493dc1eaf87d585807d0b540134683fd4b92b
archive/non-elliptic/extended-geometry/POLYNOMIAL_MONODROMY_FORESTS.md	historical	geometry	MFS1	e143db62f247facf665b807b6c4e6696ba1a92a14cedd173571258608bba09e1
archive/non-elliptic/extended-geometry/POSITIVE_CHARACTERISTIC_DEFORMATION_LANDSCAPE.md	historical	geometry	PCDL1	af86ce802a3b25a1c427980e1d8a5fd62524fdd0e234324d6458aa32a524625a
archive/non-elliptic/extended-geometry/POSITIVE_RETURN_SEMIGROUP_JET_RIGIDITY.md	historical	geometry	GVC2PRJ	b7686f5e3f8ad964ca06d59450833579d5da3c357ffefd95ab25103cdf3b740a
archive/non-elliptic/extended-geometry/PRIME_ENDPOINT_BESSEL_FACTORIAL_RIGIDITY.md	historical	geometry	G2Q	129d4959afdedfe69127de5a50be9073e503e5e984c0436e40e7dc9656b69e89
archive/non-elliptic/extended-geometry/PRIME_SEPARATING_RADIAL_MOMENTS.md	historical	geometry		1823143ba3e15b3d1109d0231b0add5f97cfde43db15022a5e8f9cb1ebf562bc
archive/non-elliptic/extended-geometry/PRIMITIVE_MULTIPLICITY_TRIPLE_ROOT_MAP.md	historical	geometry	CL15	4d52f694d0d0114ee386f0fc91997d3b2e9d309693931b2265302a3ce076b1a1
archive/non-elliptic/extended-geometry/PSL2_11_KELLER_ACTION_SPECTRUM.md	historical	geometry	OP-KMON,KAS1,KAS2,KAS3,KAS4,KAS5	c971c348020ac576189221d6e2ecd2192560c252b483af1e88359e37d5546823
archive/non-elliptic/extended-geometry/QUADRATIC_CUBIC_FACTORIZATION_SLICE.md	historical	geometry	PF1,PF2,OP-PF	414a25abf103632ba891f97b09f317fdcdb264933af27cbfbc5d5b518cf1b390
archive/non-elliptic/extended-geometry/QUADRATIC_LADDER_AND_POISSON_AUDIT.md	historical	geometry	QP1,OP-QP-PROV	cbfe537426616e9410630afabff2e400aa13e647f277a2946528f1f5a575bd71
archive/non-elliptic/extended-geometry/QUADRATIC_QUARTIC_HILBERT14_SLICE.md	historical	geometry	H14Q1	7d578569841306eee75ce9e243cf2bb6feb3b1744eda98d368be62483da6bfc5
archive/non-elliptic/extended-geometry/QUANTUM_RESIDUE_OBSTRUCTION.md	historical	geometry	QRF1,QRF2,OP-QO	96958c7b951bc3f7ef091f0f8cf37fbf45e5e520b464b7953566037d850963c4
archive/non-elliptic/extended-geometry/QUARTIC_HN_RANK10_MATROID_SURVIVORS.md	historical	geometry	QHNW2,QHNW3,QHNW4,QHNW5,OP-QHNW10	69b7d93ac2658fdc7be0bc3b52ff72256f2cb87b4cc7e2952e9d24243edd4518
archive/non-elliptic/extended-geometry/QUARTIC_HN_WARING_RIGIDITY.md	historical	geometry	QHNW1	0172b65a060935a588eeba6f6d5e954283ab83a2aa0c6db8b3ddb2c8429a5cbf
archive/non-elliptic/extended-geometry/QUARTIC_WEIGHTED_GEOMETRY.md	historical	geometry	Q1,Q3	a91129e8713bee6e8e8d501cf9ccdd1e71f7c1df11c6e693d6b4cd44d97b7a08
archive/non-elliptic/extended-geometry/RANK_STRATIFIED_MOMENT_PROGRAM.md	historical	geometry	RSMCENSUS	e941e29d271d57cd5f782c582da346d144684e49b6906492b0b5b65c6f2ee71b
archive/non-elliptic/extended-geometry/RANK_TWO_FILTERED_QUANTIZATION_OBSTRUCTION.md	historical	geometry	QO1,QO2,QO3,QO4,QO5,QO6,QO7,QO8,QO9	a90edb63beecc017caec229c079baa887d989bedcf4a6f3b82a0703d4f4ec89f
archive/non-elliptic/extended-geometry/RANK_TWO_SYMPLECTIC_DESCENT.md	historical	geometry	R1,R2	f4c0b5347e8e6bcff13edb9e50ab75fab731de57e34f503768cee5605a673d0e
archive/non-elliptic/extended-geometry/README.md	historical	geometry		bfd17c1fd397d9ee6b50097e8a20892225013dca8b4571d93912b00f19a41f10
archive/non-elliptic/extended-geometry/RECURSIVE_RESONANCE_ATLAS.md	historical	geometry	H1-UNMODIFIED,H1-STACK,RRA1	07a2708b90f6765202cea75068e63b065c4d32e86bbcdf86183215aabec10159
archive/non-elliptic/extended-geometry/RELATION_COMPLEX_DEFORMATION_THEORY.md	historical	geometry		8b681f935b37a0b1f5f720717c7359dcc2a315dc33113795b224be0550f75595
archive/non-elliptic/extended-geometry/RELATIVE_SCALING_BOUNDARY_LATTICE.md	historical	geometry	BL1	b4827f09b79c1f9d48709b9e4f2a463cd4229f176ab194b0d5589f1d4bb87e3f
archive/non-elliptic/extended-geometry/RESTRICTED_HESSIAN_SYNCHRONIZATION_THEOREM.md	historical	geometry		7004edeca4211c90fe2da83e913fe052d50ec7c1151e6fbd6e6b6672835ec904
archive/non-elliptic/extended-geometry/RESTRICTED_MINIMA_ATTACK_PROGRAM.md	historical	geometry		b94489ff4234579e41d5aaaad4cac48c8604188fafa97a573482ba20dbc81d55
archive/non-elliptic/extended-geometry/RESTRICTED_MINIMA_FRONTIER.md	historical	geometry	LR2,LR3,RMIN-ID9,OP-RMIN	af116665cf2e6cdecada91e16f0bf1842f093094e489e8c84f073441a3b2415e
archive/non-elliptic/extended-geometry/RESTRICTED_QUANTUM_DEFORMATION_COCYCLES.md	historical	geometry		9c616af6eab54d96698d15d349ea3dbcc487c009d2a4385752b3adfede78f1df
archive/non-elliptic/extended-geometry/RITT_CELLULAR_COTANGENT_COMPLETION.md	historical	geometry	HRCELL8	444807cd4a1bc5f2be16b707607b2cd09d51d1f379120a0907b2b17109315541
archive/non-elliptic/extended-geometry/RITT_CONTACT_MONOIDS.md	historical	geometry		17932a212ec5ed90802690a2c1c940c681721e55e90d1c6082af3853d8b318a5
archive/non-elliptic/extended-geometry/RITT_MOVE_2_COMPLEX.md	historical	geometry	HR30C	441395f378233155667eef4678317197d2864c498240d6c9938d13730c619de9
archive/non-elliptic/extended-geometry/S4_COLLISION_FRAME_KELLER_FRONTIER.md	historical	geometry	KIG20,KIG21,KIG22	6f3b1d36df18eece8fbcac4d30788a15a77b3113100b2ae42f6a3da355659b4e
archive/non-elliptic/extended-geometry/SELECTED_ROOT_TORELLI_AUDIT.md	historical	geometry		252762ccb9ac33a72147733f3f81a2b73f636c46f6430c85d5cc6e108669bc83
archive/non-elliptic/extended-geometry/SEPARABLE_GVC_ESCAPE_OBSTRUCTIONS.md	historical	geometry	GVC2NHO	073a6c449cea18db953dee5827d3a19cdae2457119384a1b975d3c4c176156c1
archive/non-elliptic/extended-geometry/SMOOTH_DANIELEWSKI_TRIPLE_ROOT_MAP.md	historical	geometry	CL17	c9fae1d0070ca0655a907eaf94033494f36b95846d97aa013bf669c04751c408
archive/non-elliptic/extended-geometry/SOURCE_GRAPH_FINITE_NORMALIZATION.md	historical	geometry	H1-COARSE,H2,H3,SFG1	1f88f0c5c9625eb1ff9ee36f9ab7ab9178614e356283cc6790718537f2616512
archive/non-elliptic/extended-geometry/SOURCE_VERTEX_RIGIDITY.md	historical	geometry	SVR1	f70a3d448ba70fad5f75d83b21fdfc5f54ac48f0bfd1d73892ce6ab6fd23562e
archive/non-elliptic/extended-geometry/SPARSE_FACTORIAL_MOMENT_FRONTIER.md	historical	geometry	FM2	7f718a4372a07b072a4de3c4d56d4ae03dcb208be6b99682fef7ca961cc7c710
archive/non-elliptic/extended-geometry/SPLIT_SYMBOL_GVC_THEOREM.md	historical	geometry	GVCSS	3b22a1567f4b1698a8eba15f5deabfb8c0be835162ebe0b05e42cc57f1d27dcf
archive/non-elliptic/extended-geometry/STABLE_KELLER_MODULI_PROBLEM.md	historical	geometry	OP-KMOD,WMC1,WQG1,WQRS1,WQCA1,WQSM1	2c1b9aeb66b516d5a2b4ac05e7bf8512600b243769fc2df1b0a10485ee77bec0
archive/non-elliptic/extended-geometry/STABLE_NORMAL_FORM_AUDIT.md	historical	geometry	SN1	196afdbd144a78b6ccc29fd17dc38e577f391a8087b99ed1a16946afb87cd7dd
archive/non-elliptic/extended-geometry/STRATIFIED_ADELIC_FIBER_ENGINEERING.md	historical	geometry	SAF1	433887096985f8d2210151c7c53027299806268a383ab4b8a48cb5d81c7b022e
archive/non-elliptic/extended-geometry/SUPPORT_SATURATION_COMPILER.md	historical	geometry	HR42S	406e567e38f82926eb56557071db91b85f84da8001d9670c85aa4c5a4b1a1590
archive/non-elliptic/extended-geometry/SYMPLECTIC_STABLE_MODULI.md	historical	geometry	SM1	bfec7c7a637b5e7cc0bc2bd1537cfd4295ffd9f3043f46b3fd9b0fb96743fcb5
archive/non-elliptic/extended-geometry/SYMPLECTIC_WEYL_LIFT.md	historical	geometry	SW1	297577e4cfb9b3a8f55f7bd6a550ec6ebd3e43910527b46558cc4a6b53de8bba
archive/non-elliptic/extended-geometry/TANGENT_CORE_BCW_BYPASS.md	historical	geometry		96143beb62eaa442fa7cbc7562c8d1564b346c4baa1130fc030e6999912fc217
archive/non-elliptic/extended-geometry/THREE_PAIR_IMAGE_MATHIEU_COUNTEREXAMPLE.md	historical	geometry	DVG3,G4F	2f1efc23caadae260a1a675faa6c43bfa2f3c851b34b3aeab3be73862d4fb9a6
archive/non-elliptic/extended-geometry/THREE_PUNCTURE_DOUBLE_INCIDENCE_CORE.md	historical	geometry		fcb683023d237be583f08f690939b882666e98fdb37725667da710f800d5094f
archive/non-elliptic/extended-geometry/THREE_PUNCTURE_NONLINEAR_COMPLETION_FRONTIER.md	historical	geometry	TPA6	aee1643db1c24acf56e908648bec28d912b614b6e976a05af8f4170bedf59e42
archive/non-elliptic/extended-geometry/THREE_REAL_GMC_MINIMAL_FAILURES.md	historical	geometry	G3M	ec6e0c870c6463cdf181aea9d7fc5990668ae10a9ec1731df422d30ab5d9ba73
archive/non-elliptic/extended-geometry/THREE_VARIABLE_GVC_CONFLUENT_TAG.md	historical	geometry		7dc57dc85f6e0efdf75db1739b2b6d6d390ab6de585b5ac4eed4e39f94ba5e4f
archive/non-elliptic/extended-geometry/THREE_VARIABLE_GVC_TAGGED_LIFT.md	historical	geometry	GVC3TAG,GVC3CH,GVC3TAGX,OP-GVC3-LIFT	7310f5c4ba9b2b7c2aa45ec16386e9b99d3274b4f2e04078bd773f59bcd520bf
archive/non-elliptic/extended-geometry/THREE_VARIABLE_HOMOGENEOUS_GVC_COUNTEREXAMPLE.md	historical	geometry	GVC3HC	eae8830f49d983b9c6b82589d9feeeeedd8e88becbe619bffed2b0168ffc2262
archive/non-elliptic/extended-geometry/THRESHOLD_CONTACT_ATOM_SCHEMA.md	historical	geometry	CA1	ffa65fee82f357ed650d88b3b832df1e4deb292118677f5275fc54a111cd6f71
archive/non-elliptic/extended-geometry/TORIC_COX_PERMUTATION_MAPS.md	historical	geometry	CL4	51600ff748b45054f985f28b5c3594bd1ba3b4f738eca719547bcf42056457f0
archive/non-elliptic/extended-geometry/TOROIDAL_BOUNDARY_FEASIBILITY.md	historical	geometry	TBF1	ca3ca48a62c8ba3980dc7ee65f978bfeb361568493575aedd49cfcabdb7c22ed
archive/non-elliptic/extended-geometry/TORUS_FILTERED_LR_MODULE.md	historical	geometry	O3	f8cd84ef5f6385c7c7b88697d4c2cdab3c3a460531a551d2b60b9338f0536c47
archive/non-elliptic/extended-geometry/TRANSPORT_CURVATURE_FRONTIER.md	historical	geometry		0988da94e0e85a5cee3416cd095db6bf1ffd35afcd013db1cd9490d466d7f633
archive/non-elliptic/extended-geometry/TRIPLE_ROOT_AFFINE_COMPLETION_OBSTRUCTION.md	historical	geometry	CL13	81e4e992c64337189dfc7481fd71e3dca8640ca2361a536bb8925595bc45d95b
archive/non-elliptic/extended-geometry/TRIPLE_ROOT_AFFINE_MODIFICATION_CHAIN.md	historical	geometry	CL16	3e575ddbae003d4d837c6355b3d4dd7c0b0efd2ab9357897c301b73565cfeb46
archive/non-elliptic/extended-geometry/TWO_PAIR_COUNTEREXAMPLE_ALGEBRAIZATION_RESEARCH.md	historical	geometry	SIC2C4L5	12213e7036d9d9b45b8fa88e46403f9683f3761ef005a97b81c506534ab01b64
archive/non-elliptic/extended-geometry/TWO_PAIR_COUNTEREXAMPLE_LOCAL_MODULI.md	historical	geometry	SIC2C4L,SIC2C4L4,SIC2C4I	03f0e853d1aa27a8423f7a985aad489c021dcdeee17718464452693f00692e93
archive/non-elliptic/extended-geometry/TWO_PAIR_DEGREE_FIVE_MULTIPLIER_OBSTRUCTION.md	historical	geometry	SIC2D5M	8c34a983539b616ca0bd75983095f1207e488ed2b8ae339eb1c8c0158dcb4ae3
archive/non-elliptic/extended-geometry/TWO_PAIR_IMAGE_MATHIEU_COUNTEREXAMPLE.md	historical	geometry	SIC2C4	7f7c78a729910136bf5ca28eceda86778e73309bde4e9752f1cd8da4354a00aa
archive/non-elliptic/extended-geometry/TWO_PAIR_OPPOSITE_MONOMIAL_OBSTRUCTION.md	historical	geometry	SIC2OPM,SIC2D5OH,SIC2HDMF,SIC2D8MF,SIC2LP	68cc6a03037363d1261a169e4913b9972f3261190aa620997ea81725369779e6
archive/non-elliptic/extended-geometry/TWO_PAIR_PRIMITIVE_PREFIX_OBSTRUCTION.md	historical	geometry	SIC2PF	e6c7b7506b5e17e024130cae32a0a7750eef86abd4c617f65bbda0c55beca7cb
archive/non-elliptic/extended-geometry/TWO_PAIR_SIC_BIDEGREE22_FRONTIER.md	historical	geometry	SIC2B22	fef865dec26ad99d3531151801528a624cc0bfdff6f8e0509e57c02ca8721288
archive/non-elliptic/extended-geometry/TWO_PAIR_SIC_BIDEGREE33_FRONTIER.md	historical	geometry	SIC2B33SP8,SIC2B33R9,SIC2B33F9,SIC2B33X9,SIC2B33L9,SIC2B33M9,SIC2B33FL9,SIC2B33FI9,SIC2B33SP9,SIC2C3R2PC6,SIC2B33AW14,SIC2B33S,SIC2B33A,SIC2B33F,SIC2B33Q,SIC2B33T0,SIC2B33T1,SIC2B33U6,SIC2B33R7,SIC2B33I,SIC2B33P8,SIC2B33C9,SIC2B33QRS,SIC2B33B,OP-SIC2-B33	346d8e9da14d7b64f2fa01eef95cd65dc4d9870135d8e330823d4485d22135fa
archive/non-elliptic/extended-geometry/TWO_PAIR_SIC_BIDEGREE33_RANK_TWO_FINITE_PREFIX.md	historical	geometry	SIC2C3R2FP9,SIC2C3R2HUR,SIC2C3R2HURF3,SIC2C3R2HURJ6,SIC2C3R2HURM1,SIC2C3R2HURBF9	f61549b74122b057daf82ee32d1ff3afec035f15593fbc7d090efa369610fce1
archive/non-elliptic/extended-geometry/TWO_PAIR_SIC_BIDEGREE33_RANK_TWO_HOLONOMIC_PROBE.md	historical	geometry	SIC2C3H27,SIC2C3RJ18,SIC2C3IC14,SIC2C3DM1,SIC2C3OG14,SIC2C3PF14M,SIC2C3PF14Q0,SIC2C3PFCM,SIC2C3PFCQ0,SIC2C3PB108	aae1ae28e66f9f295edd7a4a4ed002b25bff99003df3d9498ece4a1876fff47a
archive/non-elliptic/extended-geometry/TWO_PAIR_SIC_BIDEGREE33_RODRIGUES_SURVIVOR.md	historical	geometry	SIC2B33RDS,SIC2B33NQL	9df2d848d41c7a87b8d3e1700c3467db85b65b37b084e9bdabeb69fd2028bac6
archive/non-elliptic/extended-geometry/TWO_PAIR_SIC_BIDEGREE44_RANK_FRONTIER.md	historical	geometry	SIC2C4R2,SIC2C4R2S,GVC2C4P,GVC2C4R2F	e8ee4fff99d26ee954b3673e49bd47e782f26385bb91521321d68a2158a465cb
archive/non-elliptic/extended-geometry/TWO_PAIR_SIC_BIDEGREE44_RANK_TWO_ALL_ORDER_AUDIT.md	historical	geometry	SIC2C4R2T8,SIC2C4R2T8B,SIC2C4R2OD8,SIC2C4R2ODB10,SIC2C4R2SS1,SIC2C4R2DS8	123d1c5ac0dbbb977fbc98b61e50fceb7333b3abe56899e3d97c859e103c2618
archive/non-elliptic/extended-geometry/TWO_PAIR_SIC_CHARACTERISTIC_P.md	historical	geometry	SIC2C4P	60a4082b6aa0c99fbe081b8d50118497e71c01357fb1564bfa96d5e742435a57
archive/non-elliptic/extended-geometry/TWO_PAIR_SIC_FROBENIUS_CURVATURE_BRIDGE.md	historical	geometry		c6415f2981a6f5751c0b7dee6d7ee974c2709c01b6675a934f744b89d6433873
archive/non-elliptic/extended-geometry/TWO_PAIR_SIC_MOMENT_NULLCONE_PROGRAM.md	historical	geometry	SIC2MA,SIC2M7,OP-SIC2-MN	f4dc383877824ced291368a2deee19159246aec471dd05920a3caf3f93bf94a4
archive/non-elliptic/extended-geometry/TWO_PAIR_SIC_ORDINARY_DEGREE_LT8_MIXED_FRONTIER.md	historical	geometry	SIC2M221331,SIC2M331441,SIC2MDC4,SIC2M2332PS,SIC2M2332GL	0ae1f766f5347a13bc454744691fdd484c7bc9830e1b1d5da80738cac048e465
archive/non-elliptic/extended-geometry/TWO_REAL_GMC_CLOSURE_PROGRAM.md	historical	geometry	G2E	0f61108259065cad9bd4950688add5c6258aa86526820d08626832d27c5c0b38
archive/non-elliptic/extended-geometry/TWO_REAL_GMC_FRONTIER.md	historical	geometry	G2F,G2C,G2D	26f33ec08cd7c5d51e69e10596190d5dcdeb239f3cb3a89e90549729ed3025a6
archive/non-elliptic/extended-geometry/TWO_REAL_GMC_LOWER_FACE_THEOREM.md	historical	geometry	G2T	5211b737aeeb91b9620533ee85f10feacc69b20aea0a19d1f47f78888e815c9c
archive/non-elliptic/extended-geometry/TWO_REAL_GMC_SUPPORT_GRAPH_EXPLORATION.md	historical	geometry	G2S	badf636188ce35dcdc1d79f07afa46e866523d0308631ce82438d9294612ed3d
archive/non-elliptic/extended-geometry/TWO_VARIABLE_CUBIC_GVC_THEOREM.md	historical	geometry	GVC2C3	347cfafe6f12025aa45b2faa48c61a0f296f12b4a06cebdf25f3a4f249a557d1
archive/non-elliptic/extended-geometry/TWO_VARIABLE_GVC_REPRESENTATION_PROGRAM.md	historical	geometry	OP-GVC2-RP	3343e67b9153e0ef772c68363a802109ebca432965211dbd4e252516c1af670b
archive/non-elliptic/extended-geometry/TWO_VARIABLE_LOW_ROOT_GVC_THEOREMS.md	historical	geometry	GVC2R2,GVC2C4T,GVC2C4S	8b7d9976df4c44d098924470aefaa9a9cf2171524b7bcbd9f1aeb0135cb5d0e0
archive/non-elliptic/extended-geometry/UNIFIED_DEFORMATION_COMPLEX.md	historical	geometry		1517fb1f677a3cc717a926b7efe549ebcc268ee70a8979730d30a9e65be00a02
archive/non-elliptic/extended-geometry/UNIQUE_OMITTED_VALUE.md	historical	geometry	I3	726013e6efc3f57a380cf468726752aaf2c6e3a63be44becb97d3873b3ce1557
archive/non-elliptic/extended-geometry/UNIT_STAR_GAUSSIAN_RIGIDITY.md	historical	geometry	G2R	fd2b40cf1a2017ea94be80fb05f69ca88542689faf1944e4259bcc779c498f31
archive/non-elliptic/extended-geometry/UNIVERSAL_DECOMPOSITION_CATEGORY.md	historical	geometry		a644cdd5a17c5bd5f476d505d8d305a1054064c3496de289ad9e5baa3c60fe33
archive/non-elliptic/extended-geometry/WEIGHTED_GAUSSIAN_BRIDGE.md	historical	geometry	WG1,WG2	9d754da53a4c97024967864c1e771a8716e7c6bc00b5189da2966680d4a10cee
archive/non-elliptic/extended-geometry/WEIGHTED_INVARIANT_JACOBIAN_REDUCTION.md	historical	geometry	WI1	d75a2816e067427f599eb1546d0e35877dc74571785089e5044568b4b171109e
archive/non-elliptic/extended-geometry/WEIGHTED_TANGENT_SUSPENSION.md	historical	geometry	WT1	4a0c77b3fee979af7a377189a42ec9ab1aba7d8358b926d4b5728101586a344c
archive/non-elliptic/formal/README.md	historical	formal		d27b6d101ee1320d5785ea4b1a8c62addb19f2ccbdb3ba04d1f88ac0a368e56c
archive/non-elliptic/formal/discriminant-pencils/README.md	historical	formal		b05a3fca559a9999432184b12b28d40862c377ed95c52f5d210d223fc5a4d49a
archive/non-elliptic/formal/finite-etale-keller/README.md	historical	formal		fa8553141097db619cbad4e74d285fd70554bf5037033076bc9071b064a8b6f7
archive/non-elliptic/formal/gmc2/README.md	historical	formal		b212d957d05d9a959644b3be1549f7ff724c4b5d72edfdf3018435b9024d376d
archive/non-elliptic/formal/gvc/README.md	historical	formal		5cfbe900cdf568c9fd6f6ef1f2e4f98ed42c152e33efb17b84e310c3698d6304
archive/non-elliptic/formal/support-saturation/README.md	historical	formal		16b8f75f8710dbea8095400cb6b542cfbf0b7c249b70e04b5480641052418e17
archive/non-elliptic/knowledge/ALGORITHMS.md	historical	core		37740af1e6a333cdebaa01e4f7ba582b70bd57de1fdce223bf2d5e91c6321a81
archive/non-elliptic/knowledge/FAILED_ROUTES.md	historical	core		e7b918387abae54d6d977c6183f6d00e878b87930d021b179c287cab60b01273
archive/non-elliptic/knowledge/LEGACY_WORK_REVIEW.md	historical	core		8a401044d4ee806dbf65b71f6616cb4ba769533839a4a40375bc14f0bb1ce935
archive/non-elliptic/knowledge/PARTIAL_REVIEW.md	historical	core		07761b3fcc41d298b375381a9ed702a89acced1b7c073e67e8acb5cd45fe0886
archive/non-elliptic/knowledge/WORK_LEDGER.md	historical	core		8a48e71fad5f080bc7a8c105467846c438db3f0c388724b24f892eed997fa5fd
archive/non-elliptic/papers/README.md	historical	papers		68bb1139227c107be66e5a7e0666bc7adaeae21d6cc3364535c326b32dc6bca3
archive/non-elliptic/papers/common-arithmetic-fibers/LITERATURE_AUDIT.md	historical	papers		cb4d446308421d72c052cb6870fbb8a1305fc88745fda395a72203f92d2ccc38
archive/non-elliptic/papers/common-arithmetic-fibers/PRIME_TO_CHARACTERISTIC_EXTENSION.md	historical	papers		8a66256a0989ab7779fed2594f60fc6cbba5f3af4e6fa119c2c18317d77125f4
archive/non-elliptic/papers/common-arithmetic-fibers/README.md	historical	papers		23214b9d3bba1327f64020b8b7f411979eb36af2bb8635b3301c17eacd5332b8
archive/non-elliptic/papers/common-arithmetic-fibers/VERIFICATION.md	historical	papers		e0f25e121d5f9912e3d82da526291af534be32e5cf6382a1202f9b8ff45ab9bf
archive/non-elliptic/papers/discriminant-pencils/AUDIT.md	historical	papers		698591380f5bcccd6d10b3281208742ef6787d124d9ec86c8f7193f6ce0308dc
archive/non-elliptic/papers/discriminant-pencils/README.md	historical	papers		fb4d735569e8a01c8b3cd27f297d9a4f61d310b174172f8ee2fca830040f1cb5
archive/non-elliptic/papers/exact-real-chamber-spectra/README.md	historical	papers		1625e85a3c21d66e7fbcae65edab4a9b9ae18d0e1cccb3f78bb70fde4f11b35f
archive/non-elliptic/papers/fixed-map-hasse-failures/LITERATURE_AUDIT.md	historical	papers		613392321a0f74e95d23820f335657b8807f4f43b03f2fa3d685057127d656ba
archive/non-elliptic/papers/fixed-map-hasse-failures/README.md	historical	papers		0067342e505e491b6fcce638fdd7f920bcc9f9faa9725eccd439089a5cc13fae
archive/non-elliptic/papers/fixed-map-hasse-failures/VERIFICATION.md	historical	papers		4c925a3147206b11077993af23cda3e288ce5c4b00785bc0430e3353719ecfe8
archive/non-elliptic/papers/gaussian-moments-two-variables/README.md	historical	papers		59f578d792739d7ecb5a480692632906a03dfad99dbb6ce6ac9097eda2f1a254
archive/non-elliptic/papers/generalized-vanishing-two-variables/README.md	historical	papers		4079a214122b5e38f1b532eb8c49f54bf2850067eaf553a223edc30f05d2b919
archive/non-elliptic/papers/generalized-vanishing-two-variables/VERIFICATION.md	historical	papers		5ca9f066e7e7c0b86956132a48b46388a19d475e1c104e6984ae488cd97dc5a8
archive/non-elliptic/papers/quadratic-gauge-nonproperness/README.md	historical	papers		1c2e0a338e897235f68d7f3fd3569095a20389aabe5e74cf63346c990885fec7
archive/non-elliptic/papers/sparse-minimality-gaussian-moments-dimension-three/README.md	historical	papers		e02cc6a8ed311268f4e1ef0df38a75d301e14755b22f6ac0f6a534ba56b74c70
archive/non-elliptic/papers/three-pair-image-counterexample/README.md	historical	papers		bf6c10664292f5c2e02d1797fb8e011024d5e6945dd09469504558d207535cf5
archive/non-elliptic/papers/tschirnhaus-keller-non-descent/README.md	historical	papers		48a0420738bb1c81d62700655ca5a461586b4de846ad580134583f21273d3ba1
archive/non-elliptic/plane-jc/AFFINE_KELLER_STRICT_LOG_ETALE_RESOLUTION.md	historical	plane-jc	PAER1	b590f0e84dd4b0bd96911a5abeefd4ace0d52d6dc54dd17f5827c4cfc6f67916
archive/non-elliptic/plane-jc/AFFINE_SUPPORT_NEWTON_BRIDGE.md	historical	plane-jc	PASB1	63ce0f707d3a1b7b642c53c63a23a18533238dd9a7cdd5c260c126e75d6c40c0
archive/non-elliptic/plane-jc/AUDIT_COMPLETION.md	historical	plane-jc		c607170b1ecc17c3da51b4474a0614d484d19d532e9d34fb0640178fb7584a93
archive/non-elliptic/plane-jc/BOUNDARY_LATTICE_PREFILTER.md	historical	plane-jc		d5424549f0017aa0789446d1a3310a3e9b77fdd9014808506e53704fddba8ac6
archive/non-elliptic/plane-jc/CASE1_FULL_BAND_CONTINUATION.md	historical	plane-jc	C1FBC1	6c2c2178e1abf246c179ea37b15fe33f0ff2dfd2e0faf5071373864ed81dc024
archive/non-elliptic/plane-jc/CASE2_EXPLICIT_SYZYGY_PROOF.md	historical	plane-jc		29dd07c928a2d04c2edaaae876b35a1b6fc1f24f4107bbc4b51dd000286f0c43
archive/non-elliptic/plane-jc/CERTIFIED_SPARSE_SUPPORT_EXCLUSIONS.md	historical	plane-jc	PJS1	b10516d3ab5d553a9929b2817c83b8a186c104e57577858beb1d9e282028c4df
archive/non-elliptic/plane-jc/COMMON_POWER_CARRIER_WRONSKIAN.md	historical	plane-jc	PCW1	952e82cc20d05e213fe7ced556ac46bf527160859de147061ec547f27786a461
archive/non-elliptic/plane-jc/CONDUCTOR_JET_TRUNCATION.md	historical	plane-jc	CJT1	7a52636ffd3b4e7bf3ef605739c3d8fbcc553427d275d249679a47ff8bb0e45a
archive/non-elliptic/plane-jc/COPRIME_CARRIER_JET_DISCRIMINANT_PATTERN.md	historical	plane-jc	PCJDP1	9e5c524ea18cf3f51c4f6e330f8763fbb4ec543782e10e4900c61c1ba7fcb473
archive/non-elliptic/plane-jc/DEGREE_FRONTIER_125.md	historical	plane-jc	PJ1	687da8682d0eb2a3d11e48ed89e41fbe11cb626afc7a4d75c213b9dc353bba7e
archive/non-elliptic/plane-jc/F2_75_125_CARRIER_SPECIALIZATIONS.md	historical	plane-jc	PF2CS1	f43a6417d34ee9b9020be455b9addcfb4b6afbd5a971e47d4cb3c3c3cb1a72e2
archive/non-elliptic/plane-jc/F2_75_125_CARRIER_WRONSKIAN_CLASSIFIER.md	historical	plane-jc	PF2CW1	1fc2aa96627668884f26392e41a5b5685c1664934e372404e403bb271f31252e
archive/non-elliptic/plane-jc/F2_75_125_DERIVATION.md	historical	plane-jc	PF2L1,PF2ER1	5afa29ca91526409fa7e62103f5c1fe8179414564d3c55845574b80ae1299640
archive/non-elliptic/plane-jc/F2_75_125_GLOBAL_ATTACHMENT_COMPILER.md	historical	plane-jc	PF2GA1	7a62da8685ab9f0c6795c6fc42e020fc4b3b4cf09e9991a44676ad53c63c9a07
archive/non-elliptic/plane-jc/F2_75_125_NONLINEAR_FORCING.md	historical	plane-jc	PF2NF1	24dbc0167a634cb371cecfc9233f533d0ccce7481d538e96cb28dcae0c93d7cd
archive/non-elliptic/plane-jc/F2_A6_SIMPLE_SPECTATOR_GLUING.md	historical	plane-jc	PF2SG1	1a0401f1fda84cff32cd6631947e8d73ccf8c43f5fcdd382c8f00f797b52c9f3
archive/non-elliptic/plane-jc/F2_AFFINE_CHAU_TANGENCY_OBSTRUCTION.md	historical	plane-jc		4a9d65a2d4c5fe829a2402f179584d590451b1e55c4b755e9b72db1179fe2128
archive/non-elliptic/plane-jc/F2_AFFINE_GLOBAL_RAMIFICATION_BUDGET.md	historical	plane-jc	PF2GRB1	11818e2ab74705ed09f53cd7ea9aa41158c2b61f6c8a11b44a21aaecc2e861ae
archive/non-elliptic/plane-jc/F2_AFFINE_K1_A4_A2_A1_FILLING_OBSTRUCTION.md	historical	plane-jc		6867be3b024b47d2ee34169321c80b30f2f7cb19e73c72c0bdbd20f61cf399c3
archive/non-elliptic/plane-jc/F2_AFFINE_K1_CARRIER_JET_FACTORIZATION.md	historical	plane-jc	PF2K1JF1	07088928ce33ad2661d32cbb2b03244eb4866dd5bc58acee51fd71cad01ecbdd
archive/non-elliptic/plane-jc/F2_AFFINE_K1_COMPLEMENT_MONODROMY.md	historical	plane-jc	PF2K1M1	9729e297e207612f7623f7a084b2ef9753e6be469532e6514d22a714ff49a91e
archive/non-elliptic/plane-jc/F2_AFFINE_K1_COMPLETE_CHAIN_BUDGET.md	historical	plane-jc	PF2K1CB1	3d2b47b68a50d291e06fa9163938d0469be118c19b38fa4b866be4f705f35191
archive/non-elliptic/plane-jc/F2_AFFINE_K1_COMPLETE_SINGULARITY_ATLAS.md	historical	plane-jc		43844fe2b451100073f73cc18074a4bc8f3d7af5b495d56e88d03bbaf1d71fad
archive/non-elliptic/plane-jc/F2_AFFINE_K1_E8_CUBIC_FILLING_OBSTRUCTION.md	historical	plane-jc		1409d50e5b1cb9f9016a10cbf20778a8b24dc3887e8376dd96e226da3ed1e1b7
archive/non-elliptic/plane-jc/F2_AFFINE_K1_E8_MONODROMY.md	historical	plane-jc	PF2K1E8M1	7953f6006fa0a575c1d59ad0e14fb9ce9b5b404a527396c654093b38df08533c
archive/non-elliptic/plane-jc/F2_AFFINE_K1_E8_ORBIFOLD_ATLAS.md	historical	plane-jc	PF2K1E8O1	e8215ce1e38adfee32ab634be193ddc8b903b57edf9872647293c2dc8f0eea32
archive/non-elliptic/plane-jc/F2_AFFINE_K1_KELLER_PULLBACK.md	historical	plane-jc	PF2K1PB1	d541e08c86ca6c26e208dd98633025f3b050dd39101a136284791be888ccdf0d
archive/non-elliptic/plane-jc/F2_AFFINE_K1_LOG_CH2.md	historical	plane-jc	PF2K1L1	a68c198e9bc541cda060b8027964deac4657b7f25d04a0dd0760ca19a5735243
archive/non-elliptic/plane-jc/F2_AFFINE_K1_SEVERE_COMPLEMENT_ATLAS.md	historical	plane-jc		1c4f287997bdfc86315145a99073c95168c62ea48b045431e0c2b80bacbc0dec
archive/non-elliptic/plane-jc/F2_AFFINE_K1_TAME_NODE_PACKET.md	historical	plane-jc	PF2K1TN1	2ce9ef9ffb31621352e13d2dee9edd95d2538257485b1d8df8736d919f8c0675
archive/non-elliptic/plane-jc/F2_AFFINE_PURITY_FRONTIER.md	historical	plane-jc	PF2APF1	cb8318010f3fa1e11bf9843cdbef1bb43d19572682fdac947ca78985d84f7367
archive/non-elliptic/plane-jc/F2_AFFINE_PURITY_PUNCTURE_ATTACHMENT.md	historical	plane-jc	PF2PPA1	d80dd2c2bab7f2c26f3b6fe2ba485874ea9e96b3d6241d6f3f62157da770e6e6
archive/non-elliptic/plane-jc/F2_AFFINE_TARGET_CURVE_ATLAS.md	historical	plane-jc	PF2ATC1	8e8002aa75a3e773879e39a3986cbfdab6527fcd76fe225eff67a4ec0dcca1b4
archive/non-elliptic/plane-jc/F2_AFFINE_TARGET_K1_COLLISION.md	historical	plane-jc	PF2K1C1	0336f323d18c44b510c882ba5187b4cad8c1dfe2b9c2edbb1cc9252b5477e2c3
archive/non-elliptic/plane-jc/F2_AFFINE_TARGET_K1_CONDUCTOR_CONSERVATION.md	historical	plane-jc	PF2K1CC1	a6e226b56a765c991121bca9c03f432d19c3d6fb73bb820aaed112d960f5b9ff
archive/non-elliptic/plane-jc/F2_AFFINE_TARGET_K1_IMPLICIT_CONDUCTOR.md	historical	plane-jc	PF2K1I1	53a987906f8f4339bf5fa9f20c8dab26800f026718d4bce68e30d211c9e28ccb
archive/non-elliptic/plane-jc/F2_BOUNDARY_HANDOFF.md	historical	plane-jc	PF2BH1	ea176a6d9350920c80c7d9bad7ad8c65577fb90145cc1c607f498191d1d02015
archive/non-elliptic/plane-jc/F2_CARRIER_LOG_NODE_PROFILE.md	historical	plane-jc	PF2CLP1	e18c42aea571253868b87a826cca2d9929289e650234b3b54342abaf88429a5f
archive/non-elliptic/plane-jc/F2_DEGREE_6_10_POLYNOMIAL_GAP.md	historical	plane-jc	PF2D6O1	df8bfb3fa19760ad78b40714b40e90f98903cc8ef4b9833315eba8d5611edbc1
archive/non-elliptic/plane-jc/F2_GEOMETRIC_DEGREE_SIEVE.md	historical	plane-jc		0983abdbc265e7bfa2d21eb55761dc1d74111ebe00a48167cd058ff7311fb449
archive/non-elliptic/plane-jc/F2_GEOMETRIC_DEGREE_SIX_STEIN_REDUCTION.md	historical	plane-jc	PF2D6E1	57e5dc7c9ac6c6d0c03847cb2b5f9b5bced9f79733f340f97ff8d045f3a38e6c
archive/non-elliptic/plane-jc/F2_KUMMER_ORBIT_TRANSFER.md	historical	plane-jc	PF2KO1	bdb90ef7b7ff446f4790a399eb210a543f8d01d6c27fe3214753a9be9a3492a4
archive/non-elliptic/plane-jc/F2_LOG_NODE_PROFILE.md	historical	plane-jc	PF2LNP1	e4b988fd292fecd950ba6d94604d5b9c104677616ca0bb452035e5c3dd0ece18
archive/non-elliptic/plane-jc/F2_MODIFIED_CHART_BRIDGE.md	historical	plane-jc	PF2MCB1	663762aa4bdde838f37c925e0ab6d1c89ed16a401c3e0d0e2800cf892f8ed39e
archive/non-elliptic/plane-jc/F2_MODIFIED_LAURENT_FAMILY.md	historical	plane-jc	PF2TF1,PF2MS1	84add749a597e57650c40b9822068155e070e815fdbd26d76997f6da53f9e943
archive/non-elliptic/plane-jc/F2_OUTGOING_TERMINAL_TAIL.md	historical	plane-jc	PF2OTT1	964283559d09435f376d21c6b7d18d6b5723f0874bb8aaaa40ce9b2a84a46468
archive/non-elliptic/plane-jc/F2_TERMINAL_RESIDUE_COVER.md	historical	plane-jc	PF2TR1,PF2GC1	41a5516c48751252bdbbf1bc6e04096ffdd96ce7481d79d9dfeace3f28a88317
archive/non-elliptic/plane-jc/F2_UPSTREAM_CARRIER_EXTRACTION_PROFILE.md	historical	plane-jc	PF2UCE1	99aeff6384cf0ed19457cffc312f7a4a675764b1a0e493841b19083ddcb4a946
archive/non-elliptic/plane-jc/FINITE_NORMALIZATION_PROGRAM.md	historical	plane-jc	PFN2	3aeb952a5ed371653fb739ecbad8ea2018a520e82c3fae55c21e98e717b82475
archive/non-elliptic/plane-jc/FOUNDATIONAL_QUOTIENT_AUDIT.md	historical	plane-jc		2141f03f04b7c8f30c9a0b2d3b2f85a909e4f7903c2c391dfe3c252d20e97038
archive/non-elliptic/plane-jc/FRONTIER_CLOSING_ATTACKS.md	historical	plane-jc	RSE3	b73081d19e99c98ced0e0f67390c2ba5cc95f89492a4592fdc745f3846e6d7fe
archive/non-elliptic/plane-jc/FRONTIER_LOG_SCALE_AUDIT.md	historical	plane-jc	RSE1,RSE2,RSE4	403ab901e2b0a1bdadc6ea2ddf28ffe664ecf6b149b065e8e047c587d06e7d7e
archive/non-elliptic/plane-jc/INTRINSIC_A2_BOUNDARY_GATE.md	historical	plane-jc	A2B1	26c7f4653bf339dfb9a33649eb932cd8664335f6249313ee39522026ac099723
archive/non-elliptic/plane-jc/JC2_72_108_BELYI_DEFORMATION_CLOSURE.md	historical	plane-jc	PJ72B1	7862cdc8529e6f70a9bea1d4189a7724ba596958d66cf0407a4680588da9c357
archive/non-elliptic/plane-jc/JC2_72_108_DETERMINANTAL_CLOSURE.md	historical	plane-jc	PJ72Q1,PJ72108D1	6aecffc990a90627f4695c6f340ad7d626b6598b320159182175c1e71b15a0a8
archive/non-elliptic/plane-jc/JC2_FINITE_NORMALIZATION_FRONTIER.md	historical	plane-jc	PCC3	1ab7918bfb8298cb8c258975c93118f63f180b38dada738fe2b8d35161ba87ff
archive/non-elliptic/plane-jc/JC2_GLOBAL_COX_PACKET_ATTACK.md	historical	plane-jc	QCL4,QBX4,QLD4,QGM4,DZE4,MPP1,OP-PLANE-NORM	21e160a90c05a9131d57cd87ab862667b80e45c47731b5a9b3b58427fb03a7b3
archive/non-elliptic/plane-jc/JC2_QUARTIC_PACKET_FRONTIER.md	historical	plane-jc	QPK4	4ca3cb9253df08722c0c4291da419e7b0aac041a0c41f10b18800f0c44172ba7
archive/non-elliptic/plane-jc/KELLER_PENCIL_AT_INFINITY_EXPERIMENT.md	historical	plane-jc	KPI4	ef6aa7dc37469f801ff7871761354176ba3fe29e2e420761bae3fd7464735ce4
archive/non-elliptic/plane-jc/LAURENT_BAND_FRONTEND.md	historical	plane-jc		6a6f6f056e4e48eb92455d9a502a326a540df7de23f043fd04d60240dca95e0c
archive/non-elliptic/plane-jc/LOGARITHMIC_CH2_BUDGET.md	historical	plane-jc	LCHB1	dc61a1e827e1e2bd08f7ae3ca84ea20e4a7b072f4011ea606f6634e0e4b9edbe
archive/non-elliptic/plane-jc/LOG_BOUNDARY_COMPILER.md	historical	plane-jc	LBC1	bc98cbd7cae18e337b469af6ef7f907e9506a5b40a86a29beea8b54e9ef9fc17
archive/non-elliptic/plane-jc/LOG_COKERNEL_CYCLIC_SUBMODULE_POSITIVITY.md	historical	plane-jc	LCSP1	bda7b2378e1a517c726abb1538bcdf58a8008bd21221f1b361e65a06778a9c73
archive/non-elliptic/plane-jc/LOG_CONDUCTOR_DEGREE_SHIFT.md	historical	plane-jc	LCDS1	81e95de0e52507292d0b56db895df780e924ffaf2f8a686c9c5cd424184573e6
archive/non-elliptic/plane-jc/LOG_CONTRACTED_COMMON_FACTOR_BUDGET.md	historical	plane-jc		96606c526c95ea822af88bcbbad4a0c268e6416c17fee03cd0ea611f916fe0c0
archive/non-elliptic/plane-jc/LOG_CONTRACTED_DIVISOR_SMITH_CLASSIFICATION.md	historical	plane-jc	LCDSC1	51a2c412b903e123f0b25bbe956496199b0b0856f7861e116e6bb46353879c5a
archive/non-elliptic/plane-jc/LOG_CUSP_ATTACHMENT_DICHOTOMY.md	historical	plane-jc	LCAD1	adc2c61ab3ab69e5467aece82471e808c9bd441810354a3b1869e81d4e52d125
archive/non-elliptic/plane-jc/LOG_CYCLIC_BOUNDARY_BLOWUP_CONSERVATION.md	historical	plane-jc	LCBBC1	ea4fbbde9a08a5015d1019379f51903daa57dba7611f92e52f4e85ac2d617564
archive/non-elliptic/plane-jc/LOG_CYCLIC_COKERNEL_TWIST.md	historical	plane-jc	LCCT1	626445e93ab4f196feaf729f2301a9d233a0cb5068b82689d78a5e708b953612
archive/non-elliptic/plane-jc/LOG_KERNEL_GAUSS_DEGREE.md	historical	plane-jc	LKGD1	0ef5060d6c2dcc0656ea0bccf86b71df25fcb0fef4584a6bd0ecaa5120a501dd
archive/non-elliptic/plane-jc/LOG_TANGENTIAL_KERNEL_TRIVIALIZATION.md	historical	plane-jc	LTKT1	c40a262f0e8dc88996b1667f7aef5df063b9c11bc5d942329a2150808643e50b
archive/non-elliptic/plane-jc/LOG_UNIBRANCH_ATTACHMENT_FITTING.md	historical	plane-jc	LUAF1	7c153f89dcef9a80b28834655710260487a25a3b12e90e888b4f1c862f8e31b4
archive/non-elliptic/plane-jc/MARKED_MULTIPOLE_PEAK_EXPERIMENT.md	historical	plane-jc	MPPX1	6829ccff8d7dcee7948d03e07cd5c64e4308df0b7d8477bb484f456d4dafe75f
archive/non-elliptic/plane-jc/NEWTON_BOUNDARY_DICTIONARY.md	historical	plane-jc		5be832f6b4dac88a008febcf6cca5d242e12247ded62a91081a2e261971fa6f6
archive/non-elliptic/plane-jc/NEWTON_DERHAM_COMPILER.md	historical	plane-jc		529c11289849f1a2cd1c3f37ed75f57327c84b585a64d427d777dec4d965be92
archive/non-elliptic/plane-jc/NEXT_DEGREE_FRONTIER.md	historical	plane-jc	OP-PLANE	8284977339293d7efde34c1ba06bb2efe38b87ca6373256f15b97b80c3ea6e56
archive/non-elliptic/plane-jc/OREVKOV_RESIDUE_DEGREE_BUDGET.md	historical	plane-jc		187ee3f1c5185a06b5ad1743e3e47d8057b408961f06f71a5e084492e8b31c3f
archive/non-elliptic/plane-jc/PAIR_72_108_REPRODUCTION.md	historical	plane-jc		d3f18707682142e4ab08045268dd8b6e26a1e0fccf6a19fce533eef5842e1cda
archive/non-elliptic/plane-jc/PLANE_BOUNDARY_EXCLUSION.md	historical	plane-jc		48d3a3c61bad584c8a08dd3842f3518e7655a5bdf75ef76e5df5f667b5074221
archive/non-elliptic/plane-jc/POISSON_SQUARE_RIGIDITY.md	historical	plane-jc	PS1	ac5a2a613d5734d62f2c15357dcdc7224dbf7ccfcf9dbe0e8c9c377cdbb439b9
archive/non-elliptic/plane-jc/PROP43_EXHAUSTIVENESS_AUDIT.md	historical	plane-jc	PJ43A1	484a08c86c8e35c316b5ccea359b998541b01406a6e32048add38dd925266435
archive/non-elliptic/plane-jc/PROVENANCE.md	historical	plane-jc		6bb30feb0bc431e52c023ea9baae6ecc23508d6c94b39b8d4d4756a71f513508
archive/non-elliptic/plane-jc/QUARTIC_ENDPOINT_SEMIGROUP_EXPERIMENT.md	historical	plane-jc	QES4	d6a95b691edc47e5dbd749d7e8b915ba990c3021ada0786d453b5130fe5be70a
archive/non-elliptic/plane-jc/README.md	historical	plane-jc		8010943d463a09be460768b397985922daead0f7055e64dfc0368c94e980d171
archive/non-elliptic/plane-jc/SEARCH_POLICY.md	historical	plane-jc		e5d5eaa1ee83142683321043c90b9092ffa82e913b2e2e9d83eb8c99f993e1c1
archive/non-elliptic/plane-jc/SUPERELLIPTIC_DERHAM_ENGINE.md	historical	plane-jc	SGMPF1	fb8fddab68c3eb38ada3a93e7c2295f2f3cb1cf42cf566c5eb6e7ad0844d5b64
archive/non-elliptic/plane-jc/UNIBRANCH_SPECTATOR_COUNTERMODELS.md	historical	plane-jc	PUSC1	2e116a4a16586099afa03e78757c9fbc8712edc1205dcac80f0d758bbd5b6494
archive/non-elliptic/plane-jc/UNIVERSAL_COMPLETE_CHAIN_BOUNDARY_SATURATION.md	historical	plane-jc	UCBS1	4d6402dfb96a261d3e67ff57bfc2c797728f4e1b005e57214206aa310b3f3c6b
archive/non-elliptic/plane-jc/WEIGHTED_WRONSKIAN_FIRST_BLOCK.md	historical	plane-jc		b2c444182a2e15fbe4c88d506365a00b238dfab433321326252c2aef62ef4f36
archive/non-elliptic/plane-jc/cas/README.md	historical	plane-jc		d601f7316399f297db737f5adb7ff561da72126e8cb4a1dfb2451844c2a97774
archive/non-elliptic/plane-jc/external/zenodo-21479814/bilLkarkariy-jc2-72-108-exact-certificates-d9ea4fd/LICENSES.md	historical	plane-jc		0eec137d52bdeae9abc400bdc651b4d1a699daf3c8db66a590d3ace2dc36d079
archive/non-elliptic/plane-jc/external/zenodo-21479814/bilLkarkariy-jc2-72-108-exact-certificates-d9ea4fd/README.md	historical	plane-jc		11b07d34b2ddfa72c6768a6ff28a11d358e54a9daac9a2e76b8c268e32c57176
archive/non-elliptic/plane-jc/external/zenodo-21479814/bilLkarkariy-jc2-72-108-exact-certificates-d9ea4fd/release_bundle/exact_replay/JC2_72_108_EXACT_REPORT.md	historical	plane-jc		92bf501e825dac7aae587172bf6b6792f626aef73c060a0b2dfa3b561722ecfa
archive/non-elliptic/plane-jc/external/zenodo-21479814/bilLkarkariy-jc2-72-108-exact-certificates-d9ea4fd/release_bundle/exact_replay/JC2_HNE0_PROGRESS.md	historical	plane-jc		924b3c0f9f1e712d251fb1c81221a2d97a9b71e9939087038c9f9d7a447dd6ce
archive/non-elliptic/plane-jc/external/zenodo-21479814/bilLkarkariy-jc2-72-108-exact-certificates-d9ea4fd/release_bundle/exact_replay/README.md	historical	plane-jc		f73007682420f9d2474c09e9b3f4d26f609caa344ce49e06bab63f29579f3ccd
archive/non-elliptic/verified/ADELIC_FIBER_ENGINEERING.md	historical	core	AF1	33df04bd13438aa9036f46c2cb14989b1f490467a6742cf1ae982e32cca8b040
archive/non-elliptic/verified/ALL_DEGREE_RATIONAL_FIBERS.md	historical	core	RF1	75591ccb456cd9511953b55209063c226c0ab40a7e3809976343acbce8ec72ca
archive/non-elliptic/verified/ALL_DEGREE_SCALAR_VACUA.md	historical	core		1f2717bd63040447a4951c226a2e7ca2ca630c6e30b1b6236a4da59a63fd87f6
archive/non-elliptic/verified/ALL_RANK_COLLISION_PROJECTIVE_DESCENT.md	historical	core	ARPD1	968df249d49fd095d297318b566b5fd383d628971feadcdf22b68f7a67050b64
archive/non-elliptic/verified/COLLISION_IDEALS_EXTERNAL_AUDIT.md	historical	core	CIO1	7ee7f0f952cd13d6a92556414c94fafdacb0a9d2041438e009e0df53518627ae
archive/non-elliptic/verified/COMMON_ARITHMETIC_FIBERS.md	historical	core	CAF1	4fa452e77f9b515b209bd42aee75a4d958b825fe04d337cdeb2fc3af8fb82431
archive/non-elliptic/verified/CONSTANT_KERNEL_QUOTIENT.md	historical	core		bd34e44ab7faa3860a243071cca4a5bb5c6594f665c594b6ab3d9f13a97ae591
archive/non-elliptic/verified/DEGREE_FOUR_EQUIVARIANT_CLASSIFICATION.md	historical	core		374f0f9a7fb107266c5cb9fc4167afa8422b0fd1fdff85e9e63ab044bdfe8019
archive/non-elliptic/verified/ETALE_MONOID_ATOMIC_SPECTRUM.md	historical	core	AMS1,AMS2	c9bb39c95f865e7dd6f0cec8330c40f5ace933b2407200a8b19279852a78b3b5
archive/non-elliptic/verified/FINITE_ETALE_KELLER_FIBERS.md	historical	core	FEKC1	c0d33aea09b5addb21837c2065cd15149aa7aa60b4b70056f9ff45d7a4917ac1
archive/non-elliptic/verified/FINITE_MARKED_PLANE_NONRECONSTRUCTION.md	historical	core	FMFNR1	7fd8c53f4a775f4bd768a1d8179c6e955c0be871ffcab2718c5059e984b888d7
archive/non-elliptic/verified/FIXED_QUINTIC_ARITHMETIC_ZOO.md	historical	core		f1751fde19a9388ce748a5b7ae001595c3a8a0d94bbf81ec51d59b23e24811a4
archive/non-elliptic/verified/FOUNDATIONAL_GEOMETRY.md	historical	core	F1	cf42c9cf7a32f4d1c448ff786415f423b074a00144ff95569fb491c6283c238b
archive/non-elliptic/verified/FOUNDATIONAL_INCIDENCE_CONSTRUCTION.md	historical	core		826d70ee35b0c7b90f524a083aabc5b679d9cdc0c9f3f542e4adcdc06de084c7
archive/non-elliptic/verified/GENERIC_TSCHIRNHAUS_NON_DESCENT.md	historical	core	GTND1,OP-KDESC,OP-KCOMP	1bf2583fd0fabe10efbce37fbd3382478203b71c669e8376083bccfe4bdbba09
archive/non-elliptic/verified/GEOMETRIC_DEGREE_SPECTRUM.md	historical	core	GD1	9bd08a24c50e675fd9e792bb255dbf835ec71f3b65db443cc448b1d7ed080137
archive/non-elliptic/verified/GRUNWALD_KELLER_CONSTRAINT.md	historical	core	GKC1,A5GK1	42094a091b01236938a2f8dedce7f1fd28b405afe6a37cdc158cd3605f0cd56a
archive/non-elliptic/verified/HASSE_PRINCIPLE_KELLER_FIBER.md	historical	core	HP1	eb34f1c2ba7f7a37844f422a261c970846f126641e31887edd1437484e969eb5
archive/non-elliptic/verified/HUQ_KURUVILLA_CHARACTERISTIC_TWO_AUDIT.md	historical	core	HKM2,HKM2-ALLFIELDS	2e88aabf474cffdaabd72ffed9501d10c761989ca4993c06ead0882dd5ce6c34
archive/non-elliptic/verified/HUQ_KURUVILLA_PLANE_BOUNDARY_NORMALIZATION.md	historical	core	HKM2B1	39a4bfa026e462ea18ccd6c135707e68d21f5c5d6d29f2a4e618c95a0825ec04
archive/non-elliptic/verified/HUQ_KURUVILLA_PLANE_W2_OBSTRUCTION.md	historical	core	HKM2W1,HKM2W2,HKM2W3,HKM2W4	a78c57569c83efe79e75cb108062d53338c222432acce627dfa40bff3efd1634
archive/non-elliptic/verified/IMAGE_AND_NONPROPERNESS.md	historical	core		eb49ac934ef82c510b02bfce7432b6fb693bcd7971ca22956e8f4d2fd400b45c
archive/non-elliptic/verified/IMPRIMITIVE_KELLER_FACTORIZATION.md	historical	core	IKF1,WR12	c70aebe3e17f39e75e7463c565585610e5c97df812b9deabb09d0c7645b24282
archive/non-elliptic/verified/INCIDENCE_SUSPENSION_DEGREE_FOUR_CLASSIFICATION.md	historical	core	ICS1	500ca7f3267b150ad837ef99a7ec2fb48d4e604f745e223f638043fc26958de9
archive/non-elliptic/verified/INDECOMPOSABLE_COMPOSITE_DEGREE.md	historical	core	IC12	937b631279f569d493e75d9e9f514085e538db5db8b689dbfd7e8aaaff08403e
archive/non-elliptic/verified/INFINITE_HASSE_KELLER_FIBERS.md	historical	core		0a8e64dffac48f5021f68ccc366fd64f03ffb8bfafb70a31cdaaf964f9173871
archive/non-elliptic/verified/INTEGRAL_HASSE_JACOBIAN_ONE.md	historical	core		6b1bff32fc81ff5e621f3454fa6c27eeae86534253813dd58c0577ca7e24f476
archive/non-elliptic/verified/INTERSECTIVE_POLYNOMIAL_TRANSFER.md	historical	core		c2f2c4a0af2feaf073725cfdf29e85eb17d629bc9d8e19efd58576517b7350f1
archive/non-elliptic/verified/KELLER_RITT_PRODUCT_THEOREM.md	historical	core	KRP1	22ffcbe5943c4a2277dbb17a47c4be5ab6040af08cf29734ea982254eb1e5b9d
archive/non-elliptic/verified/KELLER_TSCHIRNHAUS_DESCENT_567.md	historical	core	KTD567	4bdf4e5425fbcef7c7fb0e90ec1223a21f4b9f3183d9966c26aa3eea972f2f61
archive/non-elliptic/verified/LEAN_FOUNDATIONAL_MAP.md	historical	core		227777ac437d98d973fe269a11049e8434852f7ce4ae6e7fc705f87225249d3a
archive/non-elliptic/verified/LOCALLY_PRESCRIBED_COMMON_FIBERS.md	historical	core	LPCF1	878e60fe75fa7091582bea71e460854068f01a0da996808b28ab0ea3eafe1e96
archive/non-elliptic/verified/LOCAL_GLOBAL_KELLER_FIBERS.md	historical	core	LGF1,ALM1	25a16c62fc661cf32f1a0f68571ea14f105cc7e84f4099790f167a3ac5be8e5f
archive/non-elliptic/verified/LOW_RANK_MULTIPLICITY_BOUNDARIES.md	historical	core	UKFM2	37e852bb0461af7f7d1023ab8d5c8f2f774f469f42baba15040b5d752c17be88
archive/non-elliptic/verified/MARKED_Q2_STABLE_SEPARATION.md	historical	core	GQ2A3	caefdd46c94f1fdefeae59dcae9fff0f5e3e08830f0fb26b46858b8803601ba9
archive/non-elliptic/verified/MARKED_ROOT_MODEL.md	historical	core		cbe8c17a2db02c58a88e6e0a12f71d1fdc7fb8e8c8aebe4311643e692b152d80
archive/non-elliptic/verified/MINIMAL_HASSE_PRINCIPLE_KELLER_FIBER.md	historical	core		59544fe4c41bbec96b0176cdde4dae3726677186956d5f76569d8ece145fc1a7
archive/non-elliptic/verified/MULTIPLICATIVE_HASSE_KELLER_FIBERS.md	historical	core		04958595e158ff428ce88ae241c8d317fbe7d1584f8d1448a149d93bcdab7760
archive/non-elliptic/verified/NORMALIZED_FACTORIZATION_MODEL.md	historical	core		c2f61f2f620d631f6f2a40de2a981836a6843911dc1797f7aea798b356896640
archive/non-elliptic/verified/NORMAL_COVERING_HASSE_FIBERS.md	historical	core	NCF1,NCF2	ac1b174dae7e1185745638b61c23be33bb870b538ec59d0522c37b1cf6079a4b
archive/non-elliptic/verified/POLYNOMIAL_GAUGE_DECORATED_TORELLI.md	historical	core	PGDT1	429109e606c72068fd9e3d175e304094e681521a70593c294320ec4fc8b822e5
archive/non-elliptic/verified/PRIMITIVE_MONODROMY_ATOMICITY.md	historical	core	PMA1	baac592016eef8ff4874081310826dd845f629c98bbd7dc0f3899e6ca697836f
archive/non-elliptic/verified/QUADRATIC_CANCELLATION_STABLE_INTERSECTION.md	historical	core	RQG4	cbf8f2ee671398760b2e9910533350289079c06af6d6fbfbacdb85dae6f985bd
archive/non-elliptic/verified/QUADRATIC_GAUGE_DECORATED_RECEIVER.md	historical	core	QGDR1	e208aaeb6e01050f1bc08e1e588a6f11bb10cb49580e9854ff5703504428f7d7
archive/non-elliptic/verified/QUADRATIC_GAUGE_STABLE_MODULI.md	historical	core	RQG3,RQG5	1041e21f40ab0fb3cefd9af5a0c5965e5888e118c8644e3efe3124c65b399cbc
archive/non-elliptic/verified/QUADRATIC_WEIGHTED_STABLE_SEPARATION.md	historical	core	RQG2	71bd3908ba8acec753c4df73fbeebe087f7ea3f9d34e7abe5d8486d7ff6764bc
archive/non-elliptic/verified/RANK_FIVE_STABLE_TARGET_STABILIZER.md	historical	core	R5STS1,R5UI1,R5K55H1	2058a2cf68ac563fcc937ba69905aa14bdee641f968d8cea9c2844f0c83bc93a
archive/non-elliptic/verified/RANK_FIVE_TSCHIRNHAUS_TRANSITION_LOCUS.md	historical	core	R5TTL1	7903f34ce0d1975d12cf4f7beccf6177920e5f100ac44623155d7f45e3528e81
archive/non-elliptic/verified/RANK_FOUR_COLLISION_CROSS_RATIO.md	historical	core	R4CR1	21c82fcb866a53f50322631443cbf626eb453393684efe8c3f2bdbadc3b5cac9
archive/non-elliptic/verified/RANK_FOUR_NONPROJECTIVE_KELLER_LIFT.md	historical	core	R4NP1,R4NP2	add92f33d976a37e79091d7e6fc4184edbd40ac5cce04eb27f6c3acd31e718b7
archive/non-elliptic/verified/RANK_THREE_COLLISION_DESCENT.md	historical	core	R3CD1	d9907ec3365b4fa93372fd20a82592fc58e58d0895c23c80565af711547cc271
archive/non-elliptic/verified/README.md	historical	core		cbd04ca69230122b36d6d495a742a0d78cd1f97f894b1bf8ada93c9fe898a73c
archive/non-elliptic/verified/REAL_FIBER_SPECTRUM.md	historical	core	RS1	335ab3be8705050db2510a6b495447a5f16502ff0c2c59f42d74030d9fd82149
archive/non-elliptic/verified/SAME_DEGREE_STABLE_INEQUIVALENCE.md	historical	core		1b9ebfc4743469ce4c23ad389f74648facce83b5eea5febc906a9dba4a207206
archive/non-elliptic/verified/SPLIT_AND_CONNECTED_FULL_FIBERS.md	historical	core	SCF1	3221eca7c72b632e280b1a5c66ff297073b85c0a5004417dd71cc8ac422f6287
archive/non-elliptic/verified/STABLE_INTRUDER_DESCENT_CRITERION.md	historical	core	SIDC1	1a03db521faa1ae67725b200ac3dcf0c7bf27fc6dd2a2d04100c7723d324bb41
archive/non-elliptic/verified/STABLE_NORMALIZATION_FUNCTORIALITY.md	historical	core	S1	f75d56652a0434d1813252ebb35f1291e808612464445effa7105b7a97abfd3d
archive/non-elliptic/verified/SUPPORT_SATURATION_PRINCIPLE.md	historical	core	SST1	62ab2a0c561346b4dad0a7638b236fc9966a30e0dd7e5375a6142eddc10a8ace
archive/non-elliptic/verified/TANGENT_MAP_CORE.md	historical	core	W1	e33f1958ae0694bef5ca450583b521a37c1fb7eba59d71ef2461e1867f8d9453
archive/non-elliptic/verified/TWELVE_VARIABLE_DEGREE_THREE_KELLER_COUNTEREXAMPLE.md	historical	core	BCR2	66ca76270d8bfba8cc0279eaf2411958151027ed0f37f5e3bc4124fd627c1c71
archive/non-elliptic/verified/TWO_MARKED_FIBER_GAUGE_RECONSTRUCTION.md	historical	core	TMFGR1	d23f87a9ca72a4c8dec45dae29e0ea4d6f99cfa84189e1463478ca6ab5bae46d
archive/non-elliptic/verified/UNIVERSAL_ATOMIC_MAP_ADVERSARIAL_AUDIT.md	historical	core		57aaefea260549b2c2940d079972806f6c516a3f211cf9e01f024e0e27cd8989
archive/non-elliptic/verified/UNIVERSAL_CUBIC_GAUGE_MULTIPLICITY.md	historical	core	UCFM1	01c8528d4ee5ac7be27a7cceab5e5f1c4d17b4334dd9f0a26d5fb136adeed214
archive/non-elliptic/verified/UNIVERSAL_KELLER_FIBER_MULTIPLICITY.md	historical	core	UKFM1	133af258b5f8145bbcebc123c7e214adb2198d5b13c170cab0210469e00a18d8
archive/non-elliptic/verified/UNIVERSAL_MULTIPLICITY_ADVERSARIAL_AUDIT.md	historical	core		06b04d6be1089408a8317a182fe17922ef074eccb1a7705c09fcf1fb1a023d95
archive/non-elliptic/verified/UNIVERSAL_MULTIPLICITY_WITNESS_CARDS.md	historical	core	UKFMW1	327b3037ee86c498b8c60d6d0bc4c7f48d63dbb3ede3c52161ea78535d04c78c
archive/non-elliptic/verified/UNIVERSAL_POWER_SHIFTED_GAUGE_MULTIPLICITY.md	historical	core	UPGM1	9e61137e03712c3832f004f5f77061e0f066b287fb975969473a3774d87e538a
archive/non-elliptic/verified/UNIVERSAL_QUARTIC_FIBER_MULTIPLICITY.md	historical	core	UQFM1	150c77479907d55ca03bcce7c5382976ba2f2596102a972e92103827de2f076e
archive/non-elliptic/verified/UNIVERSAL_QUARTIC_GAUGE_MULTIPLICITY.md	historical	core	UQFM3	bfc0cd9a26eac89171aea1ff9fa8c845df878ca720109067ca47a11626befb98
archive/non-elliptic/verified/UNIVERSAL_QUINTIC_CALCULATOR.md	historical	core	UQC1	cfc68bf2fb48c0f690984d5099a9fb93cf228e7407216947ac24b2a422e564e3
archive/non-elliptic/verified/UNIVERSAL_QUINTIC_FIBER_MULTIPLICITY.md	historical	core	UQFM2	1ddfeef228b530a1a01e97dff7bd0f77cf0c3afeb4b32e7fb78c45fd9ac6b8ff
archive/non-elliptic/verified/UNIVERSAL_QUINTIC_TARGET_LINE_SEARCH.md	historical	core	UQTL1	132f54b674174d4a63bb54151765a6e687ce2b0628aa7e0deda431c34a49d911
archive/non-elliptic/verified/UNIVERSAL_RELATIVE_KELLER_MAP.md	historical	core	URKC1,URK1,UAM1	4cced623c100a90859996e5aea69219a241c56c20ca087f1a9d4caa50209c1c5
archive/non-elliptic/verified/UNIVERSAL_SYMMETRIC_MONODROMY.md	historical	core	UM1	107bbc988a97f9b47d4dd7254dc4c337ffc3cea3c1a4b16a1a9f3e77e77ed4d5
archive/non-elliptic/verified/WEIGHTED_SEED_THEOREM.md	historical	core		fa3cfacb5ba5d620ded328fe6e996e1fbc38709018f7c1a884fc917caf7bfbde
archive/non-elliptic/verified/WEIGHTED_TANGENT_FORMULA_AUDIT.md	historical	core		64142efb60f61df4fcc6f81766f0acd0fdac017505faf6e48fb035a467f03400
archive/non-elliptic/verified/WHOLE_PLANE_STABLE_MULTIPLICITY.md	historical	core	WPSM1	917c41ead91ef17e7b1fbe5ca3587860664030b8b4b52876a24ba348e9b0c5b0
archive/plane-jc-closed-branches/JC2_DEGREE108_BELYI_REDUCTION.md	historical	core		6ab8096815e227d28db29b0fd349b7b5aa71f07a0dafcaa3c791be1ff53ce8e3
archive/plane-jc-closed-branches/JC2_DEGREE108_LAURENT_NORMAL_FORM.md	historical	core		6946da54da202bd04cc58aad7956a5ff648aa262d7f11f7b55de5d789a159fe9
archive/plane-jc-closed-branches/JC2_DUAL_SCHUR_CURVATURE_OBSTRUCTION.md	historical	core		65a1368652d8165a5b4d24f10fd75ab61fe657a8b267807929c8943e78391375
archive/plane-jc-closed-branches/README.md	historical	core		46c6d62b8292a92b165cf8556b60c3e80d0d79e36680b6e2b179f2ad420d94b4
archive/provenance-audits/NASKRECKI_SIX_QUESTIONS_AUDIT.md	historical	core		942332184dd73de505df6c823ee78404005d961b842e410dea89b09a072c1db1
archive/provenance-audits/REPOSITORY_EXPERIMENT_LIFECYCLE_AUDIT_2026-09-02.md	historical	core		2bd6377126bc005b05d53aa01d9e2fd0fab340a3b55defd1513ca77acc18a909
archive/provenance-audits/STATUS_HASH_REFRESH_2026-08-25.md	historical	core		3912f6671121f846b30e4c5aab1d152559318275d5327fa5c5fcf1caa47fa933
archive/repository-cleanup-2026-09-12/README.md	historical	core		05307f375dbc5bfd4763ab1e54aea75a55582ae7c07ff92563e3e913ded9a367
archive/tooling/DEGREE6_SPARSE_EQUIVARIANT_SEARCH.md	historical	core		59767ec095457d4620e61bb78f48e35d5396e221ee4feea67d78f55e7c44f05f
archive/tooling/LOWER_COORDINATE_DEGREE_SURJECTIVE_SEARCH.md	historical	core		18c8f69a86741f9058bcbaa0ac86b09470065b866949d0186cdc1ba1db9ba7d9
archive/tooling/MALLE_KELLER_CENSUS.md	historical	core		993308bd6a9422fbc86d9b0f2de108ec57f13cd12024044fd5ec0aa694b9a00d
archive/tooling/README.md	historical	core		4d3b3e098e59e617e7c1808fa63bd764ee0f0dfadea9f0d695d259dad56fd5a2
archive/tooling/artifacts/README.md	historical	core		6d4782982c12b747665351df6afc4d6a1e39b97de2d338586b999d3196a4e32f
archive/transfer-program/README.md	historical	core		107abbb81d2ee5843a18d00482027c5fcb8c74dfab196b4dba55c919e28f6219
archive/transfer-program/cubic-factorization-obstruction.md	historical	core		57d21227cdd3f4f5bea132bd67f0f04a0ebca00b4c3cd8331fd984048a79e33e
archive/transfer-program/failed-all-k-details/ALLOCATION_BRANCH_INTERSECTIONS.md	historical	core		8cf9b290c73f8511b60bccd73b92d25c13aca84b7e5a79a59652b04136a2dce1
archive/transfer-program/failed-all-k-details/ALL_K_CONDUCTOR_RIBBON_AUDIT.md	historical	core		5318f2fcf13e4fba0cefe2714711a293e694394d0ca9c47ca84321cd20895ad9
archive/transfer-program/failed-all-k-details/ALL_K_DEFORMATION_AUDIT.md	historical	core		8692e065818cc2b54c68ff0d9840b5ae737a00971abec0ae526857a337bec639
archive/transfer-program/failed-all-k-details/ALL_K_TRANSFER_BLOCK_THEOREM.md	historical	core		fa3f4bae31a0a8a4b189cf60e67856131fb7faf17d04a85a0c4318248afaf64b
archive/transfer-program/failed-all-k-details/DIRECT_TRANSFER_BASIS.md	historical	core		49b9c0e82120f54b62e7f94bcb1dcaf3eab73f549e4a21289a3d48f970eb6ed3
archive/transfer-program/failed-all-k-details/MASTER_QUOTIENT_THEOREM.md	historical	core		3930f5278a1f37ce80cfaffe10edadee0885529bb4dad7b85caca006970f11fb
archive/transfer-program/failed-all-k-details/README.md	historical	core		a42149876447b590355f12212f8c8afb1183368ecba2dd07f00ee0036216d830
archive/transfer-program/failed-all-k-details/UNIVERSAL_FACTORIZATION_GEOMETRY.md	historical	core		77c90e613a5d7fd58e4d529b8e2589ec52bb76a0d357c6ca6a91506ce4155aff
archive/transfer-program/failed-all-k-filtrations.md	historical	core		1315e8f6083510f21526e9dd22c81447d4ccd95b3b9c4202352e50b7ef4deebc
archive/transfer-program/three-four-transfer-computations.md	historical	core		4507029cb9f5ebfcdf4bf02116f31e50a88d948db11458847485f8714f65a6a4
archive/transfer-program/two-transfer-example.md	historical	core		581da72b455abbb26953c146e3ada3e63077c52e6242a8a389f08b44cf4a77f2
elkies-k3/A11_EQUATION_COST_ROUTE_HANDOFF_2026-08-24.md	canonical	elkies-k3	EC-K3-H3-A11-R17-PHYSICAL-Q4O208-PROMOTED-ROUTE,EC-K3-H3-A11-R17-Q6O1307-PROMOTED-LATTICE-ROUTE,EC-K3-H3-A11-R17-PHYSICAL-Q10-PROMOTED-ROUTE,EC-K3-H3-A11-R17-Q4O230-Q6O1315-PROMOTED-LATTICE-ROUTE,EC-K3-H3-FIRST-Q8-Q4O11-PROMOTED-LATTICE-ROUTE,EC-K3-H3-D13-R17-Q4O11-PROMOTED-LATTICE-ROUTE	ad70791a06fbbea7a1e48912a91078e199a33c961673bc8a1a466978d89c9a4d
elkies-k3/AGENTS.md	reference	elkies-k3		1cd0f210687bdb09b18286054d11abac7cbee267bb801ce375ad44f59aaf1ef2
elkies-k3/ARITHMETIC_RANK_TRANSFER_2026-09-03.md	reference	elkies-k3		d54ac49148f39f8d549786c4e30d987bc33eab58d206a6540a302aac75b27bd4
elkies-k3/BISECTION_COLLISION_SEARCH.md	canonical	elkies-k3	EC-K3-H3-Q6,EC-K3-H3-Q8-AMBIENT,EC-K3-H3-Q8-GENERIC-COMPONENT-CHART-FRAMES,EC-K3-H3-Q8-E7-4-7-GENERIC-RESIDUES,EC-K3-H3-Q8-ALL-GENERIC-E7-RESIDUE-COVER,EC-K3-H3-Q8-GENERIC-COMPONENT-CONDITION-BLOCK,EC-K3-H3-Q8-EXTRA7-SMOOTH-GENERIC-REJECTION,EC-K3-H3-Q8-EXTRA8-SMOOTH-GENERIC-REJECTION,EC-K3-H3-Q8-EXTRA9-SMOOTH-GENERIC-REJECTION,EC-K3-H3-Q8-EXTRA11-SMOOTH-GENERIC-REJECTION,EC-K3-H3-Q8-UNMARKED-E7-NODE-FRAMES,EC-K3-H3-Q8-E7-2-5-NODE-FRAME,EC-K3-H3-Q8-ALL-E7-NODE-PRINCIPAL-BIDEGREE-TEMPLATE,EC-K3-H3-Q8-INITIAL-NODE-CONDITION-BLOCK,EC-K3-H3-Q8-E7-4-3-PRINCIPAL-NODE-CLEARING,EC-K3-H3-Q8-E7-4-3-NODE-DIVISIBILITY-GEOMETRY,EC-K3-H3-Q8-E7-4-3-NODE-FRAME,EC-K3-H3-Q8-SMOOTH-PRINCIPAL-PART-CONDITION-BLOCK,EC-K3-H3-Q8-E7-5-6-GENERIC-RESIDUES,EC-K3-H3-Q8-EXTRA10-E7-4-7-GENERIC-RESIDUE-OBSTRUCTION,EC-K3-H3-Q8-ALL-COMPONENT-GENERIC,EC-K3-H3-Q8-EXTRA7-ALL-COMPONENT-SINGLETON-OBSTRUCTION,EC-K3-H3-Q8-SMOOTH-LINE-BUNDLE-LATTICE,EC-K3-H3-Q8-ENDPOINT-SMOOTH-OBSTRUCTION,EC-K3-H3-Q8-ENLARGED-ENDPOINT-SMOOTH-KERNEL,EC-K3-H3-Q8-EXTRA4-MARKED-E7-COVER,EC-K3-H3-Q8-EXTRA4-E8-COVER,EC-K3-H3-Q8-EXTRA7-E3-GENERIC-OBSTRUCTION,EC-K3-H3-Q8-E7-SLACK1-OBSTRUCTION,EC-K3-H3-Q8-EXTRA13-NODE-OBSTRUCTION,EC-K3-H3-Q8-EXTRA10-NODE-OBSTRUCTION,EC-K3-H3-Q8-EXTRA10-ALL-COMPONENT-GENERIC-OBSTRUCTION,EC-K3-H3-Q8-CHILD-MARKING,EC-K3-H3-Q8-CHILD-PHYSICAL-ROOT-TARGET,EC-K3-H3-Q8-CHILD-IISTAR-VERTICAL-IDEAL,EC-K3-H3-Q8-CHILD-IVSTAR-VERTICAL-IDEAL-PAIR,EC-K3-H3-Q8-CHILD-IVSTAR-ORIENTATION,EC-K3-H3-Q8-CHILD-ADDITIVE-CHORD-BLOCKS,EC-K3-H3-Q8-CHILD-SATURATED-ANSATZ-PROBE,EC-K3-H3-Q8-CHILD-SATURATED-PENCIL-OBSTRUCTION,EC-K3-H3-Q8-CHILD-FINITE-MODULE-MODULAR,EC-K3-H3-Q8-CHILD-FINITE-Q-MODULE-QQ,EC-K3-H3-Q8-CHILD-NEF-LOCAL-MODULE,EC-K3-H3-Q8-CHILD-COMPONENT-NEF-BISECTION-PENCIL,EC-K3-H3-Q8-CHILD-COMPONENT-NEF-CHORD-TRANSPORT,EC-K3-H3-Q8-CHILD-COMPONENT-NEF-GENERIC-BISECTION-BRANCH,EC-K3-H3-Q8-CHILD-COMPONENT-NEF-TRANSLATION-ADDITIVE-JETS,EC-K3-H3-Q8-CHILD-Q-FRAME-POLE-PROFILE,EC-K3-H3-Q8-CHILD-Q-FRAME-NORMALIZATION-MODULAR,EC-K3-H3-Q8-CHILD-Q-FRAME-NORMALIZATION-CRT,EC-K3-H3-Q8-CHILD-Q-REGULAR-FRAME,EC-K3-H3-Q8-CHILD-Q-REGULAR-FINITE-MODULE,EC-K3-H3-Q8-CHILD-Q-REGULAR-SMOOTH-FRAME,EC-K3-H3-Q8-CHILD-Q-REGULAR-GENERATOR-OBSTRUCTION,EC-K3-H3-Q8-CHILD-DIAGONAL-PENCIL-OBSTRUCTION,EC-K3-H3-Q8-CHILD-SMOOTH-MODULE,EC-K3-H3-Q8-CHILD-IVSTAR-ENTRANCE,EC-K3-H3-Q8-CHILD-IVSTAR-COMPONENT,EC-K3-H3-Q8-E7-TARGET,EC-K3-H3-Q8-E8-TARGET,EC-K3-H3-Q8-E8-MODULE,EC-K3-BISECT-ORBIT,EC-K3-BISECT-DISJOINT-FRONTIER,EC-K3-ALT-BISECT-ORBIT,EC-K3-BISECT-EXTENSION-PROTOCOL,EC-K3-BISECT-EQUATION-BATCH,EC-K3-Q80-UNMARKED-FIRST-Q4-COLLISION	7686e3e1d5f0a4f66635d87aebd8add8de953450e933db2934c67ec54408e59b
elkies-k3/BISECTION_PAIR_COVER_GEOMETRY_2026-08-31.md	canonical	elkies-k3	EC-K3-BISECT-BIQUADRATIC-R19	72a6adbce4635fef2572188c21782c4377ae970454e310124b9e9dded34be29e
elkies-k3/CONSTRUCTION_ROUTES.md	reference	elkies-k3		31c410d7a94a3623107085af0597eb119ec61b125638099baa18a772a0cdda69
elkies-k3/CURVE302_COMPLETE_P6_TRIANGLE_GATE_2026-09-07.md	canonical	elkies-k3	EC-K3-CURVE302-COMPLETE-P6-TRIANGLE-GATE	6b26cf28289eb4e4957318e4cad00c441520736b37101b3f64289f671795c46b
elkies-k3/CURVE302_SHARED_BRANCH_GATE.md	canonical	elkies-k3	EC-K3-CURVE302-SHARED-BRANCH-GATE,EC-K3-CURVE302-RATIONAL-BRANCH-CARRIER,EC-K3-CURVE302-BRANCH-CARRIER-ARITHMETIC,EC-K3-CURVE302-BRANCH-JACOBIAN-ENLARGEMENT	c2b844710fdf6f82aab6e0edd8d54ac5c6297cd77c053a11910eb35a0cbf020e
elkies-k3/CURVE302_SHORTWORD_TRIANGLES_2026-09-07.md	canonical	elkies-k3	EC-K3-CURVE302-TEN-SHORTWORD-TRIANGLES	df23a223b32b026c099a8d5e9ecce1ce0dbb07b3dff5839cd8b0f6baf845ff07
elkies-k3/CURVE302_SIX_MW15_TRIANGLES_2026-09-07.md	canonical	elkies-k3	EC-K3-CURVE302-SIX-MW15-TRIANGLES	4037c6246e452c77ae4e9999dc6b80a7d8f4cb7539080bf3d51b6154dbe1ce90
elkies-k3/CURVE302_TRIANGLE_MW14_2026-09-07.md	canonical	elkies-k3	EC-K3-CURVE302-TRIANGLE-MW14,EC-K3-CURVE302-TRIANGLE-6-8-MW14,EC-K3-CURVE302-TRIANGLE-BRANCH-SEPARATION	8989f6366a8d9fe34e6c726da6917ce6b04ee1ad481638c06985ed65f02c5878
elkies-k3/CUSTOM_NS_HALF_LATTICE_RANK_JUMP_SWEEP_2026-09-04.md	canonical	elkies-k3	EC-K3-CUSTOM-NS-HALF-LATTICE-SWEEP	8f51ab35b88a83c219a2619da7f7ccf7082b7ba428204d3e9af4844bda68808d
elkies-k3/DEFECT_GRAPH_SMALL_GENUS_DYNAMICS_2026-09-03.md	reference	elkies-k3		fe73710c5728add248b5e59457d919350edb826534954ebde395097b850e2e78
elkies-k3/DET1236_MARKED_SHIMURA_CURVE_2026-09-04.md	canonical	elkies-k3	EC-K3-DET1236-GENUS2-RATIONAL-POINTS,EC-K3-DET1236-MARKED-SHIMURA-CURVE,EC-K3-DET1236-V4-LOCAL-CONSISTENCY,EC-K3-DET1236-RATIONAL-CM-LOCUS,EC-K3-DET1236-CANDIDATE-DOUBLE-COVER	b0dc1767c30b56b4d57083492e52e9d0163f8a93ec570d06ff68e63af5707333
elkies-k3/DET378_QQ_MARKING_OBSTRUCTION_2026-09-04.md	canonical	elkies-k3	EC-K3-DET378-QQ-MARKING-OBSTRUCTION	ddc60387757844d2a945f703f059fef81df7c566ed3305b701d1b40da6268b63
elkies-k3/DET500_DET750_QQ_MARKING_OBSTRUCTIONS_2026-09-04.md	canonical	elkies-k3	EC-K3-DET500-DET750-QQ-MARKING-OBSTRUCTIONS	d1dbaa2ea642be48cf13ee7a0a354f12e493025a505506b491d096bdc169e700
elkies-k3/DETERMINANT_AWARE_FOUNDRY_RANKING_2026-09-02.md	canonical	elkies-k3	EC-K3-DIFFERENT-NS-ARITHMETIC-GATE-RERANK	b2011d9bd50607fa4a1442c92da0c80f5a6f890aaf0293cd2586fa87a2573be7
elkies-k3/DIFFERENT_NS_ARITHMETIC_MW17_FOUNDRY_OBJECTIVE_2026-09-04.md	canonical	elkies-k3	EC-K3-ARITHMETIC-FIRST-MARKED-T-FOUNDRY,OP-K3-DIFFERENT-NS-ARITHMETIC-MW17	fc46b84437bdf8986e9e886fa3bf527d4a1043791bac12866f11f6632b9fbde1
elkies-k3/E6A1_ORBIT103_SPECIALIZATION_SEARCH_2026-09-02.md	canonical	elkies-k3	EC-K3-E6A1-RHO19-ORBIT103-SPECIALIZATION-RANK7	5ce3da3037fce2db971636f6ae096b5a4f7923f2837dc62d6c7c7dfebd4bf73e
elkies-k3/E6A1_RHO19_GENUINE_Q2_NEIGHBORS_2026-09-02.md	canonical	elkies-k3	EC-K3-E6A1-RHO19-GENUINE-Q2-MW3	b6c8e51432df2427b5cc56068711165afe5615e5eaa5e2614d44e1f2c1658646
elkies-k3/E6A1_RHO19_K3_DISSECTION_2026-09-02.md	reference	elkies-k3		24c429d9a88dabd679ece589b4d7b8a59e177d348425923837ba2af3a1411b98
elkies-k3/E6A1_RHO19_ORBIT103_WEIERSTRASS_2026-09-02.md	canonical	elkies-k3	EC-K3-E6A1-RHO19-ORBIT103-EQUATION,EC-K3-E6A1-RHO19-ORBIT103-ARITHMETIC-RANK2	9756627a7a8e8d1bd9122af1a646c5adef32d5f0e7095cea43d103e025e49bce
elkies-k3/E6A1_RHO19_ORBIT96_WEIERSTRASS_GALOIS_2026-09-02.md	canonical	elkies-k3	EC-K3-E6A1-RHO19-ORBIT96-A7D7-GALOIS	bd6f020bdfa1cee02f09c794ce2b5371d8a419fbab629d206b58bcd06f2d691d
elkies-k3/E6_II_RANK3_QUADRATIC_BASE_CHANGE_2026-09-02.md	canonical	elkies-k3	EC-K3-RES-QBC-E6-II-RANK3-RHO19,EC-K3-RES-QBC-E6-II-Q2-MW4,EC-K3-RES-D6-RATIONALIZED-SECTION-CHART	650a3e67e038b8d4352c19b2018bff17c789dbc3805e250585722ac52b028b28
elkies-k3/E6_MW3_ATTACK.md	reference	elkies-k3		5293e21d5470cc37c4612627f563be99afbdb58045d3518357f6ab0539a37849
elkies-k3/E6_MW3_PROGRESS_2026-08-20.md	reference	elkies-k3		6e3370f3827ee671aac6cef2bd3f5507e6b62abdfda09c5cbf73527de8d601bd
elkies-k3/E6_NEIGHBOR_CHAIN.md	reference	elkies-k3		c37d923775d0ee29a492296c23d11e578543131a9f789b6208b773b4d934d403
elkies-k3/E6_P1_SLICED.md	reference	elkies-k3		7109756a0b1ebff94566a54b7ad4ec0e34ac37e81aaf35c123f736056c35394e
elkies-k3/E6_P2_REDUCTION_2026-08-20.md	reference	elkies-k3		7fb34ffb0a2a1777c521d1c57de2f85d4223a6466a90f1f75473c133ffb464ee
elkies-k3/E6_RANK4_DET78_NIEMEIER_CLASSIFICATION_2026-09-03.md	canonical	elkies-k3	EC-K3-E6-RANK4-DET78-GLOBAL-ROOTFUL	6ff71008a18633acbe070b8068d43489bf911fd22a89e40c95f726f1af2d0911
elkies-k3/E6_RANK4_LINEAR_CHORD_INCIDENCE_2026-09-02.md	canonical	elkies-k3	EC-K3-RES-QBC-E6-RANK4-LINEAR-CHORD,EC-K3-E6-RANK4-ROOTLESS-Q2Q4-CENSUS	cb006258ff7ad1af753fd9547c5b60f7eb8168d4843aa724d0c2721c12c4a331
elkies-k3/E6_REDUCED_P1.md	reference	elkies-k3		da71a4f62a4869e3862ca71108a3e34a6debd78de6007e23c89dc59a0d20e6a7
elkies-k3/E8_A2_ALL_I3_FAMILY.md	reference	elkies-k3		1cafdc073309d9f0de6416580ee4914563345d74ea263da1cda09b89a417f795
elkies-k3/E8_A2_KODAIRA_CORRECTION.md	reference	elkies-k3		3c1c0cd2c8ca8e6b89cb4cfb96a0f54d91d77567522244c718824eaf861f9d1e
elkies-k3/E8_A2_MIXED_FAMILY.md	reference	elkies-k3		793b38b50aa479fa48d9ffab90651e003795f12e58956dbfbd4509c2114758ea
elkies-k3/ELKIES_2026_R17_PAPER_IMPACT_2026-08-27.md	canonical	elkies-k3	EC-K3-ELKIES-2026-R17,EC-K3-ELKIES-2026-HIGH-RANK-CALIBRATIONS,EC-K3-ELKIES-2026-NAGAO-POSITIVE-CONTROL,EC-K3-ELKIES-2026-R28-BAD-PLACE-KUMMER,EC-K3-ELKIES-2026-R28-S-CLASS-PILOT,EC-K3-ELKIES-2026-R28-LOCAL-COVERAGE,EC-K3-ELKIES-2026-R28-PUBLIC-SELMER-CONTROLS,EC-K3-ELKIES-2026-RESIDUAL-SELMER-GATE,EC-K3-ELKIES-2026-R18-COVER,EC-K3-ELKIES-2026-R19-PAIRED	d300228836654d4b44b734a02d53d3f53e49d6085088ab9f83dccbdcd1e7efe3
elkies-k3/ELKIES_K3_PROCESS_ATLAS.md	reference	elkies-k3		d2fedaafcb7d3e70e4813e5c9c89bd0170e71ea97bf646215eb293a678e5e72f
elkies-k3/ELLIPTIC_NEIGHBOR_COMPILER.md	reference	elkies-k3		50c5fa107a203684e065cb4e492297e23903761aca7cb5f3c9b59669cec0b397
elkies-k3/EXACT_NEIGHBOR_ENGINE.md	reference	elkies-k3		921c94b7d5e2c2466b1a50d8908a766c252470ecf408b58b5683a73f10f8098d
elkies-k3/FIXED_CORRIDOR_REVERSE_LIFT_2026-08-26.md	canonical	elkies-k3	EC-K3-H3-FIXED-REVERSE-A1-2A1-QQ,EC-K3-H3-FIXED-REVERSE-3A1-QQ,EC-K3-H3-FIXED-REVERSE-4A1-QQ	08f706a229ff3edeb6fb5f09600d3f65a5a26882f242566ff63c531b2d3de5f8
elkies-k3/GOLAY_DET720_QQ_MARKING_OBSTRUCTION_2026-09-04.md	canonical	elkies-k3	EC-K3-GOLAY-DET720-QQ-MARKING-OBSTRUCTION	6570055afe5df107d768ef1e3135dbfce7e908f0acf1fe1e31dd71e7fed1a32f
elkies-k3/GOLAY_OCTAD_LATTICE_DESIGN_2026-09-01.md	canonical	elkies-k3	EC-K3-GOLAY-DET720-NS-SATURATION,EC-K3-GOLAY-DET720-PHYSICAL-CORRIDOR	c2d5119f310abe49bb81c02f40d302bb8530b5e165e98cc8a7f349f20c72d178
elkies-k3/H3_D12_Q80_CROSSOVER_AUDIT_2026-08-24.md	canonical	elkies-k3	EC-K3-H3-D12-Q80-CROSSOVER-AUDIT	003e427fc4facf93cb123130b933dbb323712fd9dc2d75c50a4281cf7ee76e5c
elkies-k3/H3_PREFERRED_PATH.md	reference	elkies-k3		ff2f7e6c109288f2a2051127199cf6617f53431f79610768447917fa98309bf6
elkies-k3/H3_Q24_EFFECTIVE_CLUSTER_2026-08-23.md	reference	elkies-k3		0f2b21bf19a1b0e262c00fa44a78b73c76d502ee142b015a1145c1e0bbdb4331
elkies-k3/H3_Q24_FRONTIER_2026-08-23.md	reference	elkies-k3		45a67d2a837aeac6d11245edd15203174a07c00d43c02e59094ca3b6cdd531bf
elkies-k3/H3_Q24_R17_CLOSEOUT_2026-08-23.md	reference	elkies-k3		6149c040b1ce6a5f86bb8d0a53ff2e02d1df44fc366e1b8e5b1a70b9fc03e8ad
elkies-k3/H3_Q8_CURRENT_FRONTIER.md	reference	elkies-k3		d9966762b6ad80ed411ced57fd75e2a04cbf190f65aa404f881f6847780d0dc6
elkies-k3/H3_Q8_MODULE_INTERSECTION_2026-08-22.md	reference	elkies-k3		3a1d3a0c21b4428db67d4fe5c9b0278ad8316d264cb84eb065737a6c1c987d8e
elkies-k3/H3_Q8_MODULE_INTERSECTION_CONTINUATION_2026-08-22.md	reference	elkies-k3		2900b3bb60f731135e1605cdc0f1e2f292697c6631d74e98c3b9d64f99898d29
elkies-k3/H3_Q8_REAUDIT_2026-08-22.md	canonical	elkies-k3	EC-K3-H3-Q8-QQ-D13	aa2b9df92111b418d29fb697d945f977c80bee817ee9c878dbdfd0eb362c4573
elkies-k3/ICARM_A1_MW16_ATLAS_2026-09-04.md	canonical	elkies-k3	EC-K3-ICARM-A1-MW16-ATLAS	89acc22307073d275286b48ae3ae079686265748135fc831198b81ab02940020
elkies-k3/ICARM_CURVE302_RANK31_HANDOFF_2026-08-23.md	reference	elkies-k3		174cf0879e7c7fd7af5979fed3f2588856f511cbd8bcbfc12032b8b7d9836e8b
elkies-k3/INTEGRAL_RANK_TRANSFER_GLUE_CALCULUS_2026-09-02.md	canonical	elkies-k3	EC-K3-INTEGRAL-RANK-TRANSFER-BRIDGE-PREDICTOR-BENCHMARK,EC-K3-E6-DET78-PROSPECTIVE-BRIDGE-NEGATIVE	9dc0be76e7cd90389b45f090a6d9ef521a06eecb991c917b3bc3419d2f72e1c6
elkies-k3/INVERSE_ADE_ADAPTIVE_BACKEND_2026-09-03.md	reference	elkies-k3		3b38da192e5ca9a90c9ccc35c5181fb0383bfb28ce13c1e436d0444171d56711
elkies-k3/INVERSE_ADE_PROJECTIVE_BIRTH_STRATA_2026-09-03.md	reference	elkies-k3		4075a5e42861066c41a9f2eae729d3dca17bb52a607ab9dacd89c1f1dda1a78b
elkies-k3/INVERSE_ADE_TARGET_PLANNER_2026-09-03.md	reference	elkies-k3		9155875f46078942a029b97b3fefd08ba12a4ec220ea1aa64061d862de369e0a
elkies-k3/J2_GEOMETRIC_ACCESSIBILITY_2026-09-03.md	canonical	elkies-k3	EC-K3-H3-ROOTLESS-J2-MINIMAL-ACCESSIBILITY	7e02860315676f60a815346872cd80ddcc8237aed663d9a17bbc691e06772529
elkies-k3/KUMAR_E7E8_BACKTRACK.md	reference	elkies-k3		43a938f6161a45c4641901858257c2c992f4763f1c8190b54a8e7a6e426c5d94
elkies-k3/LATTICE_FOUNDRY_EMPIRICAL_SOURCE_RANKING_2026-09-02.md	reference	elkies-k3		28399d8fee502dcc697978420ae4c81535b5060864d166b8ef35c3e4903a99d0
elkies-k3/LATTICE_FOUNDRY_EQUATION_FIRST_SHORTLIST_2026-09-02.md	canonical	elkies-k3	EC-K3-NS0031-MARKED-SOURCE-PRECURSOR	f2d62a222e0eae622c7e0296225b74e9c9935b0f22ed55b2b70bface78161c2b
elkies-k3/LATTICE_FOUNDRY_REPORT_2026-09-01.md	reference	elkies-k3		d06db3ad50e4d235604972d527d94471945cfea499317f75cc28b04c03c0cd4f
elkies-k3/LATTICE_FOUNDRY_SOURCE_FIRST_OBJECTIVE_2026-09-01.md	canonical	elkies-k3	EC-K3-LATTICE-FOUNDRY-PRESCRIBED-ROOT-MW1-CENSUS	505023351cdaba5b4924f724c956dca882419efdcfe9c6dfdfb7b04bc605c27f
elkies-k3/LITERATURE_AND_NOVELTY_MAP_2026-09-03.md	reference	elkies-k3		358647eeec23010f39aa3237c7a0c6b6ab1bd7a6e1e3755d7abaa3d3660b0b2e
elkies-k3/LOWER_Q_FIBRATION_PATH_SEARCH_2026-08-20.md	reference	elkies-k3		4bccae51a079ae288e09fb82d3acc434fd32525cd740e14104de56ea1e56988a
elkies-k3/LOWER_ROOT_TWO_TWIST_SEARCH_2026-09-02.md	canonical	elkies-k3	EC-K3-RES-D5-TWO-MARKED-TWO-TWIST-POLYNOMIAL,EC-K3-RES-D5-TWO-MARKED-LOW-SLICE-ELIMINANTS,EC-K3-RES-A4-TWO-POINT-TATE-SLICE-OBSTRUCTION	f41e61328b130d31b0659972a0f6e66c47d9dec6f03fd79018bef7ff83cb738a
elkies-k3/MARKED_U_REALIZATION_PLANNER_2026-09-03.md	reference	elkies-k3		69839d2528d909ffbe6512039f55985540846ee63ca7197ae8ec8029ef63819e
elkies-k3/MW1_OPTIMAL_FIBRATION_PATH_2026-08-21.md	reference	elkies-k3		9dd95c8fe4b7b5400b7403288210ebf5d5c14e77b48e06faae9c82ae8fc9e115
elkies-k3/MW2_FIBRATION_PATH_2026-08-21.md	reference	elkies-k3		f06c1d3916af359e3d803ed1f26c6ad741443d0e7e808cafa370b99dfb988707
elkies-k3/MW2_RANK17_TRANSPORT_2026-08-21.md	reference	elkies-k3		7ffdcb3009e69aca41f9220a9f118a4aa53da80f259c56cbd2cce2d6ad6fb088
elkies-k3/MW3_A10_REDUCTION_2026-08-20.md	reference	elkies-k3		73c51dbb14a3ea5e6af5195f822adf45a02d7b99fff2697b4165028d4de20359
elkies-k3/MW3_COMPONENT_LABELS.md	reference	elkies-k3		b17f4defa580060427ca6ebc071f90247132560b7d9f71050badba7b7f12a50a
elkies-k3/MW3_CONSTRUCTION.md	reference	elkies-k3		f91830558731dc317f84d650028f3276b8169c0f4b372f3f4190ccd6be29e811
elkies-k3/MW3_LOCAL_TATE.md	reference	elkies-k3		953e473c479c0ae5743f1082e40ef735947d8422d3a5aa7cefe4c9ff76c6232a
elkies-k3/NS0024_ARITHMETIC_MW17_FOUNDRY_OBJECTIVE_2026-09-04.md	canonical	elkies-k3	OP-K3-NS0024-ARITHMETIC-MW17	b03a49d9daf2ed1ba5615a3858cdd9975f1d7124da092cc9f017105b5d6c2b0d
elkies-k3/NS0024_DIRECT_QQ_INOSE_OBSTRUCTION_2026-09-04.md	canonical	elkies-k3	EC-K3-NS0024-DIRECT-QQ-INOSE-OBSTRUCTION	bf9c73d30b14ea02efc9ce1091b7a0b2bc85cc6af8f87ad3bf14dbe6d2bdf0ee
elkies-k3/NS0024_EDGE1_COMPILER_PREPARATION_2026-09-01.md	reference	elkies-k3		650e3a610243bbefb5e7ecd34718fd75769f39949247427f6d81d850a8ad39d0
elkies-k3/NS0024_MW4_MODULAR_RECOVERY_2026-09-01.md	reference	elkies-k3		b8458bce9a5e33efd3038a7950e93449eff1a36fd29021608f99004162666f5a
elkies-k3/NS0024_NEW_ROOTLESS_SOURCE_ROUTE_2026-09-03.md	reference	elkies-k3		ee7e8dc99cd6cc32c08ef44a6f0bf76bd5b77fbb74d1a5578fc723b9efc8ca0d
elkies-k3/NS0024_QQ_MARKING_OBSTRUCTION_2026-09-04.md	canonical	elkies-k3	EC-K3-NS0024-QQ-MARKING-OBSTRUCTION	b019e726275a02f3fc38e4f3dea7fd43a32faa5db3963cdf983e9b17bd1e51a8
elkies-k3/NS0031_MARKED_FORMAL_BRANCH_2026-09-04.md	canonical	elkies-k3	EC-K3-NS0031-MARKED-FORMAL-BRANCH,EC-K3-NS0031-MARKED-RATIONAL-PARAMETER-SCAN	ed7e28bd74bdd52165cc25ea74b686793f0be88f15ae022b73d43ac5014569f8
elkies-k3/NS0031_QQ_MARKING_OBSTRUCTION_2026-09-04.md	canonical	elkies-k3	EC-K3-NS0031-QQ-MARKING-OBSTRUCTION	e6196934847acd91ade119712a10576d94cb65189a616db0cb8653b85a726918
elkies-k3/ORBIT42_EQUATION_LIFT.md	canonical	elkies-k3	EC-K3-H3-Q24-O42-I8STAR-MARKING,EC-K3-H3-Q24-O42-ZERO-POLE-AUDIT,EC-K3-H3-Q24-O42-SPINOR-ZERO-POLE,EC-K3-H3-Q24-O42-SECTION-CANDIDATES,EC-K3-H3-Q24-O42-QQ-A11,EC-K3-H3-A11-Q8-CONSTRUCTION-TARGET,EC-K3-H3-A11-Q8-QQ-2A5,EC-K3-H3-A11-Q8-TARGET-COSET-BRIDGE,EC-K3-H3-Q24-O42-FAST-Q6-AUDIT	47240038512bd4c47e57e44fdb7c4fdf86d293abcfb030664a7e8ed228af63d9
elkies-k3/OTHER_RANK17_FIBRATION_RECOVERY_2026-08-31.md	canonical	elkies-k3	EC-K3-H3-OTHER-R17-J2-CANDIDATE	e85b5673786d31cbb07fe619e4265787926d7d1accc1f6dfd936daaca1423c4b
elkies-k3/OTHER_RANK17_GATE_B_AUDIT_2026-08-31.md	reference	elkies-k3		300239a7aa477d5bef8ab7ad27a8b24e0a44d83a511b7dd1b5ef527377b030b0
elkies-k3/PASTEN_SALGADO_NONTHIN_RANK_JUMPS_2026-08-31.md	canonical	elkies-k3	EC-K3-R17-NONTHIN-RANK-JUMPS	7aca4432e101e9d447d55e81068cbc3767ae81ccc5ffedf2dcebe293798689c8
elkies-k3/PICARD20_MW1_OPTIMAL_PATH_2026-08-21.md	reference	elkies-k3		df42512d71f62257c930102d52619529b01763f40c2d7199d922a04e6acae346
elkies-k3/PICARD20_NS_EXTENSION_2026-08-21.md	reference	elkies-k3		5fd56016cb5d94798741a38eaf15aa3b26b6c828a2fb2e1f2e057a1d531a4d4e
elkies-k3/PICARD20_Q8_CHORD_2026-08-21.md	reference	elkies-k3		985e6d014c3d2c1cee51d641c402e917fcc4d1076a6d0ed5a98a49643b636684
elkies-k3/PRIOR_WORK_SHORTCUT_AND_ENDPOINT_CERTIFICATION_2026-08-25.md	canonical	elkies-k3	EC-K3-H3-Q4O208-Q4O1584-QQ,EC-K3-H3-Q4O208-Q4O1599-QQ-A3-2A2,EC-K3-H3-Q4O208-Q4O323-QQ-A3-2A2,EC-K3-H3-Q4O1584-Q4O164-QQ,EC-K3-H3-Q4O164-Q8O376-MOD131-HORIZONTAL,EC-K3-H3-Q4O164-Q8O376-QQ-HORIZONTAL,EC-K3-H3-Q4O164-Q8O376-QQ-SMOOTH-RR,EC-K3-H3-Q12O5867-DEGREE1-SECTION-QQ,EC-K3-H3-Q12O5867-QQ-ROOTLESS,EC-K3-H3-Q12O5867-QQ-R17-BASIS,EC-K3-H3-Q12O5867-ENDPOINT-QQ,EC-K3-H3-Q4O208-R17-CURRENT-MARKED-ROUTE	0b5fe28d73e98bfb980540764791b3efa7063b2633a6773ef38ebc309ac042b1
elkies-k3/PUBLISHED_R17_SMALL_ISOGENY_EXCLUSIONS_2026-09-01.md	canonical	elkies-k3	EC-K3-ELKIES-2026-R17-SMALL-ISOGENY-EXCLUSIONS	448f028e68b1bf75ebcbd2dc1aafcc0e76f1f9d0929fe27b3ed77c144d18db66
elkies-k3/Q12O5867_GENUS_ONE_POINT_FACTORY_2026-08-31.md	canonical	elkies-k3	EC-K3-H3-Q12O5867-POINT-FACTORY,EC-K3-H3-Q12O5867-TWO-PRIMARY-BOUNDARY	fd606864fd51dd85ea23dd5bfa2d878ac30628f3feae8f57d3db0a26e04a0465
elkies-k3/Q12O5867_ROOTLESS_RANK32_NAGAO_SIEVE.md	reference	elkies-k3		d20f640290a4c2cfffea6f2024f42433649e5687a1d175479188e4d2f51f82ac
elkies-k3/Q24_NATIVE_SUFFIX_LEDGER_2026-08-23.md	reference	elkies-k3		42c61edf1dd77d9b462f243f9490dd79c98f07dc603b12d9687c25a0ec324f81
elkies-k3/Q80_ALTERNATE_ROOTLESS_EQUATION_HANDOFF_2026-09-03.md	canonical	elkies-k3	EC-K3-Q80-THIRD-Q12-EXACT-LINEAR-CONDUCTOR,EC-K3-Q80-THIRD-Q12-EXACT-SPECIALIZED-QUARTICS,EC-K3-Q80-THIRD-Q12-EXACT-GENERIC-QUARTICS	79a27f9f9fa94d80daff8b2c1c4232bc0ed6f43af59fe699a56033e24fb0ab3f
elkies-k3/Q80_CM24_EQUATION_LEDGER_2026-08-22.md	reference	elkies-k3		7057075c7d798f04918df0d98b7185384da9c0b94d859e0d060247a406e103aa
elkies-k3/Q80_FINAL_Q6_CLOSEOUT_2026-08-23.md	reference	elkies-k3		ddb21b8a8bc60ee45fb23d5d128a9a32c4cd6cbb6a14d43a4bd0ef69af199cf8
elkies-k3/Q80_LOWQ_SUFFIX_PROVENANCE_2026-08-23.md	reference	elkies-k3		1c131ecf251e9fcd60f011914fb4d76596ec791b0a6741193da932621dc5bc41
elkies-k3/Q80_LOW_Q_ALTERNATE_2026-08-22.md	reference	elkies-k3		f1fe2b364fb625a4a4aee1bcd7cca7cc6dbc89cedc4464c27bc19551857f5171
elkies-k3/Q80_THIRD_Q12_COMMON_PRODUCER_2026-09-01.md	reference	elkies-k3		d38d866f91484dfa338f7e33a7c051424dbce7158a622d76ac4efaa11f4b3792
elkies-k3/Q80_TO_ROOTLESS_PATH_2026-08-21.md	reference	elkies-k3		40521f5aaa955700dcd9176af480a5ca24c427ba96fa6bb977bf308aca3a5111
elkies-k3/QUADRATIC_TWIST_RANK_CENSUS_2026-08-31.md	reference	elkies-k3		0319e2faa217f88817984e2dff33d52544f2ba9a63019cfaafebf9423e26dbbd
elkies-k3/R17_074D9_CROSS_FIBRE_CARRIER_TRANSFER_2026-09-04.md	canonical	elkies-k3	EC-K3-R17-074D9-RIGID-CROSS-FIBRE-TRANSFER,EC-K3-R17-074D9-NORM8-CROSS-FIBRE-TRANSFER-16,EC-K3-R17-074D9-LATE-POINT-HOLDOUT	2e4bb7c6e9571f5c406c9751c432bb5dd6608b7c84f14245eeb5ccc6c47fd9d3
elkies-k3/R17_074D9_LOCAL_KUMMER_MEET_2026-09-04.md	canonical	elkies-k3	EC-K3-R17-074D9-LOCAL-KUMMER-SEPARATION,EC-K3-R17-074D9-QUOTIENT-ARITHMETIC-BLOCK-OBSTRUCTION	6d2c17fc7cb8bfebe20dc0f0a6a2f563b6bb6d4fcb0af2c4912f231f5767e0f3
elkies-k3/R17_074D9_RECORD_TWIST_MW_AUDIT_2026-09-04.md	canonical	elkies-k3	EC-K3-R17-074D9-RECORD-TWIST-MW-OBSTRUCTION	f8819b0d51b6bde2110215c59ade9801ecb833c702146f7ffdb0888838102ac0
elkies-k3/R17_103B2_ANTI_INVARIANT_RANK_AUDIT_2026-09-03.md	canonical	elkies-k3	EC-K3-R17-NORM12-103B2-ISOTROPIC-FRAME,EC-K3-R17-POINTED-COVER-JACOBIAN-CONTROL-H10000	2ef39f2512289ef3cf54a44f8fca225d1e7a720c6bc49fedb849b95eb3f0d86e
elkies-k3/R17_ALTERNATE_Q80_ALL17_PRODUCT_TWIST_CLASSIFICATION_2026-09-04.md	canonical	elkies-k3	EC-K3-R17-NORM12-11952-PRODUCT-ALL17-TORIC-CLASSIFICATION	f1058aed68a8b18ed1a401184ca3b284d5c8cc06467a1e5dd37b894d44222389
elkies-k3/R17_ALTERNATE_Q80_ARITHMETIC_LABORATORY_2026-09-03.md	canonical	elkies-k3	EC-K3-R17-NORM12-11952-INHERITED-COVERS,EC-K3-R17-NORM12-11952-INHERITED-PRODUCTS,EC-K3-R17-NORM12-11952-ALTERNATE-LAB-1024	b4bcbd0200c7a32c4dcd166333ea5b58ca309118a0a2b6ce3faa70f922ce7189
elkies-k3/R17_ALTERNATE_Q80_ARITHMETIC_RANK_2026-09-03.md	canonical	elkies-k3	EC-K3-R17-ALTERNATE-Q80-ARITHMETIC-RANK17	216e1f639d66765796511ddc91e7e085881eaee645835ace0c17295d5ae0800a
elkies-k3/R17_ALTERNATE_Q80_PRODUCT_BISECTION_INVERSION_2026-09-03.md	canonical	elkies-k3	EC-K3-R17-NORM12-11952-PRODUCT-BISECTION-INVERSION	13f6dda95d203bfd2cc921ab70294f0bdd239a7af25d5ad8eae61b1b081cbec3
elkies-k3/R17_ALTERNATE_Q80_PRODUCT_TWIST_RANK_ZERO_2026-09-04.md	canonical	elkies-k3	EC-K3-R17-NORM12-11952-PRODUCT-RANK55-GEOMETRIC-RANK-ZERO	6a59fa12c01effbc28cc95aaf0d35d37f10dcd1114ebd9f3ae3b6e0888a23c8a
elkies-k3/R17_ALTERNATE_Q80_SINGLETON_TWIST_FROBENIUS_BOUNDS_2026-09-04.md	canonical	elkies-k3	EC-K3-R17-NORM12-11952-RANK55-SINGLETON-FROBENIUS-BOUNDS	25448483e6eacfbf30ed4f8ea8dcd1d0f3e7364f560a2ad8e3a49086e61c9cd0
elkies-k3/R17_ALTERNATE_Q80_V4_PRODUCT_TWIST_LABORATORY_2026-09-03.md	canonical	elkies-k3	EC-K3-R17-NORM12-11952-V4-RATIONAL-PAIR-SHORTLIST-64,EC-K3-R17-NORM12-11952-V4-BASE-RANK-SCREEN-64	856ba4dbfcd2d89d2dccc3910001122f105373ff48a663cf9a01b85229eaef7f
elkies-k3/R17_ALTERNATE_Q80_V4_RECORD_CAMPAIGN_2026-09-04.md	canonical	elkies-k3	EC-K3-R17-NORM12-11952-V4-RANK-ONE-RECORD-CAMPAIGN	582c9562607856a05ced6a2829112378f933f7b84c1635831dd767767db19cbd
elkies-k3/R17_CARRIER_RECEPTIVITY_PROFILE_2026-09-04.md	reference	elkies-k3		2c6d255fa3549aba506e4a88dcb06217bfd4be63d6cc6838d73c076170052e93
elkies-k3/R17_DEEP_COVER_EXCEPTIONAL_QUOTIENTS_2026-09-02.md	canonical	elkies-k3	EC-K3-ELKIES-2026-LOW-GENUS-COVER-QUOTIENTS	9c353e6c7925c546e9f45dceec9db14372e7fae341c0862cc847202c5b2ee584
elkies-k3/R17_EXCEPTIONAL_SPECIALIZATION_RELATIONS_2026-09-02.md	reference	elkies-k3		5388b621aa72df295dc910e25b149a4f465db3afb26feed4c61d7f80df02cc04
elkies-k3/R17_EXTREME_ANCHORED_MW18_CONTINUATION_HANDOFF_2026-09-04.md	canonical	elkies-k3	EC-K3-R17-EXTREME-ANCHORED-MW18-SPECIALIZATIONS	76136e438afe713e288de6c91536b13aad243f32d1b56e0f44716142a650991a
elkies-k3/R17_EXTREME_ANCHORED_MW18_COVERS_2026-09-04.md	canonical	elkies-k3	EC-K3-R17-EXTREME-ANCHORED-MW18-COVERS	1d8099812d99d7c71d7b6c91a6ede155dfd1c3279f0ade395bccd7f27aa571f3
elkies-k3/R17_GENUS_ONE_BISECTION_SPLITTING_SEARCH_2026-09-02.md	canonical	elkies-k3	EC-K3-R17-GENUS1-HIGH-THROUGHPUT-SPLITTING,EC-K3-R17-NORM12-103B2-MW-LATTICE-SIEVE,EC-K3-R17-NORM12-103B2-HARD-FIBRE-PRODUCT-H300000	893ce26c313a4e98c6b0d89f914e6fe2807edfb4eeb2a2231866f50189f07044
elkies-k3/R17_KUMMER_CLASSGROUP_PRESSURE_COMPARISON_2026-09-04.md	canonical	elkies-k3	EC-K3-R17-KUMMER-CLASSGROUP-PRESSURE-COMPARISON	5960ee6dec5c2e3a9dd49587ba15f0309064783c84ba587441cb22023ae02818
elkies-k3/R17_MULTISECTION_DIVERSITY_2026-09-02.md	reference	elkies-k3		a3b2934401beeb42901af347c21619439e357e84356e1aa31b88b0cbc5722257
elkies-k3/R17_NATIVE_ICARM_CALIBRATION_AUDIT_2026-09-04.md	canonical	elkies-k3	EC-K3-R17-NORM12-NATIVE-ICARM-CALIBRATION-AUDIT	5622dfa422a6eec7d8fcf1b7e5288a1c073f4ffb3c04fff1f7e911dd47d1b0af
elkies-k3/R17_NONCYCLIC_4A1_DIRECT_FIBRATION_2026-09-04.md	canonical	elkies-k3	EC-K3-R17-NONCYCLIC-4A1-DIRECT-EQUATION	153a07358d1306f9b4275b923abfa1e2efbb68c4348090142dc385d4c8b61f47
elkies-k3/R17_NORM12_ALTERNATE_CHART_CHARACTER_SWEEP_2026-09-04.md	canonical	elkies-k3	EC-K3-R17-NORM12-ALTERNATE-CHART-CHARACTER-SWEEP	8c0e8c4cf762c806368b575a9a415179b328c3c2d80e984068c2794ca15ec75d
elkies-k3/R17_NORM12_BISECTION_CHARACTER_EXHAUSTION_2026-09-03.md	canonical	elkies-k3	EC-K3-R17-NORM12-11952-COMPLETE-BISECTION-CHARACTER-EXHAUSTION,EC-K3-R17-NORM12-103B2-DIRECT-BISECTION-CHARACTER-EXHAUSTION	7d29a23d0581694b612f6bb004ee282302de2e588f600c9840a30f33b298153a
elkies-k3/R17_NORM12_ORBIT11952_DIRECT_FIBRATION_2026-09-03.md	canonical	elkies-k3	EC-K3-R17-NORM12-11952-DIRECT-Q80-EQUATION,EC-K3-R17-NORM12-11952-CONTROL-J-PREIMAGES	741f9a4991abd152fce20d0822aa5e90fe893fd3f9a3b176516a41870010cd02
elkies-k3/R17_NORM12_RATIONAL_NORMALIZATION_BOUNDARY_2026-09-04.md	canonical	elkies-k3	EC-K3-R17-NORM12-SINGULAR-GENUS1-RATIONAL-NORMALIZATION-EXHAUSTION,EC-K3-R17-NORM12-GENUS2-RATIONAL-NORMALIZATION-SCREEN	1d22ee2b3a750d6a240ef983f6b6651bfc83c9c01ddf2300c552d8e159665050
elkies-k3/R17_NORM12_RECORD_LINEAGE_SWEEP_2026-09-04.md	canonical	elkies-k3	EC-K3-R17-NORM12-RECORD-LINEAGE-ATLAS	38df095edeb5c85efdcf3951d944c6186c5e42cb42507aee7ea95db858a2d78c
elkies-k3/R17_NORM12_SINGLETON_PO0_TOP200_2026-09-04.md	canonical	elkies-k3	EC-K3-R17-NORM12-11952-SINGLETON-PO0-TOP200	0c965131c7f9b916a53823d0edc34671e388e0943582dc4c8ebb192cf82e6480
elkies-k3/R17_PRODUCT_19BAD_083AD_ARITHMETIC_RANK_ZERO_2026-09-05.md	canonical	elkies-k3	EC-K3-R17-PRODUCT-19BAD-083AD-ARITHMETIC-RANK-ZERO	c56f6a9e253313db710627fd58d965b44e122d1b5cc38047e216cd109922a39e
elkies-k3/R17_PRODUCT_REGULATOR_OBSTRUCTION_SWEEP_2026-09-05.md	canonical	elkies-k3	EC-K3-R17-PRODUCT-REGULATOR-OBSTRUCTION-SWEEP	383ae47ed67e9bcdb9e6a1a3f5903150af2c0fb53aaba53a056c31e42263e160
elkies-k3/R17_PRODUCT_SURVIVOR_GALOIS_HEIGHT_GATE_2026-09-04.md	canonical	elkies-k3	EC-K3-R17-PRODUCT-SURVIVOR-GALOIS-HEIGHT-GATE	03880956fe856b23057745311ee61490b5cdb0950d438bfeae9065feb2ba2c83
elkies-k3/R17_PRODUCT_TATE_COHOMOLOGY_REDUCTION_2026-09-04.md	canonical	elkies-k3	EC-K3-R17-NORM12-11952-PRODUCT-ZERO-TATE-CLASS-EXCLUSION	a03280a308be356c3251fb88ece9e095e943be9ccf7bc9b1d057c57b2ba6f699
elkies-k3/R17_PROSPECTIVE_CRT_RANK_JUMP_EXPERIMENT_2026-09-04.md	canonical	elkies-k3	EC-K3-R17-074D9-PROSPECTIVE-CRT-LOCAL-STABILITY,EC-K3-R17-074D9-PROSPECTIVE-CRT-ESCAPE-EXPERIMENT,EC-K3-R17-074D9-HALF-LATTICE-PROMOTION-GATE	927e079efdbad8457131708564fd71ae04a2de1f12860c1ef0ceb5943d39187a
elkies-k3/R17_PROSPECTIVE_ORDINARY_FAMILY_HOLDOUT_2026-09-04.md	canonical	elkies-k3	EC-K3-R17-NORM12-HIGHEST-RANK-TRANSPORTS,EC-K3-R17-NORM12-PROSPECTIVE-FAMILY-HOLDOUT	5808b75e09de075b2ce072e7fd0834816706368469a828ccbf4e453bf81811cc
elkies-k3/R17_QUOTIENT_RANK_ESCAPE_DETECTOR_V2_2026-09-04.md	canonical	elkies-k3	EC-K3-R17-074D9-QUOTIENT-RANK-ESCAPE-DETECTOR-V2	81dd2b6d36b6c0f1d366549214e625bb10cc3e5fcbe2abac8e8e44b2174e9130
elkies-k3/R17_RANK28_CONSTRUCTION_FINGERPRINTS_2026-09-02.md	reference	elkies-k3		e322ff4ad7a542207cb245109ea139186b9a68e011de6ea5152631a03fee5917
elkies-k3/R17_RANK28_GENUS_ONE_BISECTIONS_2026-09-02.md	canonical	elkies-k3	EC-K3-R17-RANK28-GENUS1-BISECTION-PILOT,EC-K3-R17-RANK28-INTEGRAL-CHARACTER-GLUE,EC-K3-R17-RANK28-GENUS1-SIMULTANEOUS-SPLITTING-H10000,EC-K3-R17-RANK28-GENUS1-MIXED-TRACE-SPLITTING-H10000	2e2b0c515cf095daa769e892ace02581478a76d312c0bb03a99e6ff3487ee6a8
elkies-k3/R17_RATIONAL_QUADRATIC_MW20_HANDOFF_2026-09-04.md	reference	elkies-k3		da4a08f38475efe25d816f42af9320006f9bb8bafe0fec69e25e8125b28196fe
elkies-k3/R17_RATIONAL_QUADRATIC_MW20_SEARCH_2026-09-04.md	reference	elkies-k3		b7bdb79d0195661f524e10604d70480267ecdefe3940cfe8ea527713a4e62889
elkies-k3/R17_RATIONAL_V4_DEEP_TRACE_EXHAUSTION_2026-09-04.md	canonical	elkies-k3	EC-K3-R17-NORM12-11952-COMPLETE-RATIONAL-V4-DEEP-TRACE-EXHAUSTION	aa7bcd1d84b72a87a79e5aae63c7fea1bfc418c67466a2d79481d2f09068c6ec
elkies-k3/R17_RESIDUAL_SELMER_FINGERPRINT_AND_SIEVE_2026-09-04.md	reference	elkies-k3		71fc3547b7abbefc0b0160653fa1bb1cfe5ce8b47f0a416be212102a0b0c6e57
elkies-k3/R17_SAME_CURVE_MARKED_U_PANEL_2026-09-04.md	reference	elkies-k3		016fb2536c1e59d4ad953ca4df2fae4adfc4c7c7ee98a1ce6c2abd2ba787ce73
elkies-k3/R17_VISIBILITY_COMPLEXITY_2026-09-03.md	canonical	elkies-k3	EC-K3-R17-MULTISECTION-VISIBILITY-FILTRATION	3447a0d2a297d30d90014e4dcc51f30207f32d6706b60a9ed86f2af87ef285f3
elkies-k3/RANK17_TO_H3_REVERSE_TRANSPORT_2026-08-23.md	canonical	elkies-k3	EC-K3-H3-D13-MW17-LATTICE-CHAIN	5f0728240a8b9f701f7e5b989db25ec59a2a712dfe7a0a766ffd8fe5d910e445
elkies-k3/RANK19_ARITHMETIC_MARKING_CLASSIFIER_2026-09-04.md	canonical	elkies-k3	EC-K3-RANK19-ARITHMETIC-MARKING-CLASSIFIER	34b3871abb59fd58f546da0d0cb5d5c071c4c7e4d34c7bae47cfd9fac392f9b6
elkies-k3/RANK7_AUXILIARY_CATALOGUE_2026-09-01.md	reference	elkies-k3		e3eb301661e07fdbec03e1ca4a16cf720b4927080873cb43a847af8d658a9324
elkies-k3/RANK_GROWTH_SEARCH.md	reference	elkies-k3		ee65f562624439b6a6663d9026b23a50d02e18340061bb2c0c6dae02d5895bdc
elkies-k3/RANK_MUTATION_AND_LIFT_THEOREMS.md	canonical	elkies-k3	EC-K3-BISECT-MULTIQUADRATIC-CHARACTERS,EC-K3-H3-ROOTLESS-J1-UNIFORM-BOUND,EC-K3-INTEGRAL-RANK-TRANSFER-CALCULUS,EC-K3-INTEGRAL-CHARACTER-GLUE,EC-K3-R17-NORM12-103B2-INTEGRAL-GLUE,EC-K3-INTEGRAL-RANK-TRANSFER-THETA-CONVOLUTION,EC-K3-INTEGRAL-RANK-TRANSFER-CORE-GENERATION,EC-K3-INTEGRAL-RANK-TRANSFER-REVERSE-THETA,EC-K3-INTEGRAL-RANK-TRANSFER-WEIL-COMPRESSION,EC-K3-INTEGRAL-RANK-TRANSFER-MODULAR-DIMENSION-SIEVE,EC-K3-INTEGRAL-RANK-TRANSFER-MASKED-CORE-GENERATION,EC-K3-INTEGRAL-RANK-TRANSFER-MASKED-CORE-CONTROLS,EC-K3-INTEGRAL-RANK-TRANSFER-DEFECT-DIRECTED-Q80,EC-K3-INTEGRAL-RANK-TRANSFER-DEFECT-BIRTH-DEATH,EC-K3-INTEGRAL-RANK-TRANSFER-DEFECT-GRAPH-REACHABILITY,EC-K3-INTEGRAL-RANK-TRANSFER-MARKED-ROOTLESS-REACHABILITY,EC-K3-NS0024-COMPLETED-CORE-RANK-TRANSFER,EC-K3-INTEGRAL-RANK-TRANSFER-ROOT-SYSTEM-SIGNATURE,EC-K3-INVERSE-ADE-PROJECTIVE-BIRTH-STRATA,EC-K3-NS0024-INVERSE-ADE-MUTATION,EC-K3-ARITHMETIC-RANK-TRANSFER,EC-K3-RELATIVE-U-BRIDGE-LIFTING,EC-K3-LOCAL-BRIDGE-MUTATION-H1C,EC-K3-PRIME-LOCAL-BRIDGE-MUTATION-H1D,EC-K3-UNIVERSAL-DEGREE2-FIBRATION-COMPILER	8597ab4d43d472cca758373ca07df8ba1d69b3003c01d79f9934f5e333897ea3
elkies-k3/RATIONAL_SOLUBILITY_AND_RESIDUAL_SELMER_THEOREMS.md	canonical	elkies-k3	EC-RATIONAL-SOLUBILITY-RESIDUAL-SELMER,EC-EXCEPTIONAL-SOLUBLE-SELMER-PANEL	d946d9c0beec8fc357a9a8c29ab8e4bff267f4c2c33f341d111d6eb5fabb2d7a
elkies-k3/RATIONAL_SURFACE_BASE_CHANGE_AUDIT_2026-09-02.md	reference	elkies-k3		d8b796ababc52261618845711003ca997d4da929ab94f2f931cd3171b5e0ecfc
elkies-k3/RATIONAL_SURFACE_QUADRATIC_RANK_SEARCH_2026-09-02.md	canonical	elkies-k3	EC-K3-RES-QBC-E6A1-RHO19	d98a7881e91539fdd63acfecee9583834b931021e18b172aef5e8f4baa86ec85
elkies-k3/README.md	reference	elkies-k3		a11e48340278b0f45a8799423cd6cef5213eec2d49856c87984cb28da2c8b12f
elkies-k3/RECONSTRUCTION_PROGRESS.md	reference	elkies-k3		5a6beec04e058dc61e27d00ee74af3e83b215fa97f4571168aaaa100d513a0c5
elkies-k3/RELATIVE_U_BRIDGE_LIFTING_2026-09-03.md	canonical	elkies-k3	EC-K3-NS0024-RELATIVE-U-FIRST-EDGE-OBSTRUCTION	425095412431cdb5616eb6e8dace18d887cf9597d815dff6dfa7ac4d47b550da
elkies-k3/RESEARCH_UPDATE_2026-08-20.md	reference	elkies-k3		331615789a5188d7714b3dbdaa8f26e616f12224646a97f131980c682dea04d1
elkies-k3/RESEARCH_UPDATE_2026-08-22.md	reference	elkies-k3		c4cafe4fd45155532c7fecb6037a4df8fd8cd00e77edad889272e33d89f8d7c8
elkies-k3/ROOTLESS_GENUS_THEORY_2026-09-03.md	canonical	elkies-k3	EC-K3-ROOTLESS-GENUS-MASS	1788898fbc66af08300a12e61bbfaff6027a64133f46ad8df7a80a47488762f2
elkies-k3/ROOTLESS_J2_COMPLETENESS_TRACK_2026-08-31.md	canonical	elkies-k3	EC-K3-H3-ROOTLESS-J2-COMPLETE	bfea9ab8688413eab7e0a86366459726c167791efcffeac212d1120dd1b60f01
elkies-k3/SAME_NS_COMPILER_ROUTES_2026-09-02.md	canonical	elkies-k3	EC-K3-NS0031-F017-PHYSICAL-CORRIDOR	f496e04ac1fe8b38f6993679913a29a72cc1db7253bcd7b2f9981ccc6e159496
elkies-k3/SCRIPT_ROUTE_AND_FAILURE_LEDGER.md	reference	elkies-k3		f28881935c2d02e2f712411187804001837cc4f82da82d3150cffe69d7033449
elkies-k3/SECTION_FIRST_NORMAL_FORM_COMPILER_2026-09-02.md	reference	elkies-k3		bf1dbf2b0b1ecf98a21534b94afc923ddaf987809e7936be9c74e1b72ff61e93
elkies-k3/SEMISTABLE_MW2_PROFILE_AUDIT_2026-08-21.md	reference	elkies-k3		3f24febeba9c580075b8ec3489095c0bcd5fde3fd5ce0ed5422535572d129aa0
elkies-k3/SINGLE_PLANNER_READY_FOUNDRY_ROUTE_2026-09-03.md	reference	elkies-k3		212f8bb7490f5a66680cb84b65ba6cf814497413aeda7f21896ef1740a0b5930
elkies-k3/SPECIALIZATION_QUOTIENT_AND_RANK_JUMP_THEOREMS.md	canonical	elkies-k3	EC-SPECIALIZATION-QUOTIENT-RANK-JUMP-THEOREMS	72b39b19ab20b27a5cb952b2f80814dc4cd9576538314ffca4b97c8b894bac1b
elkies-k3/SURFACE_FIBRATION_CHARACTER_GRAPH_2026-09-04.md	reference	elkies-k3		6444169bd9787011dd76015b276934d57dbe0e761221e33805ddcb406894010c
elkies-k3/THREE_MW3_BRANCHES.md	reference	elkies-k3		574d587e7293931ede957890f8981970d6def23c4ed196d024a496b3b8bae944
elkies-k3/UMBRAL_COMPLEMENT_ORBIT_PILOT_2026-09-02.md	reference	elkies-k3		36595067853dc34eee9cfe2aee31112e601b7bbbac9eb055a223b67b2bf7705b
elkies-k3/data/fibrations/q80-final-q6-char0/Q80_CHAR0_FINAL_Q6_CERTIFICATE.md	reference	elkies-k3		fa243de9c10527437b9f93b8b2c73b6072d983f6246cd0833a169f74bd845422
elkies-k3/data/fibrations/q80-orbit1222-char0/Q80_CHAR0_ORBIT1222_CRITICAL_FACTOR_MU.md	reference	elkies-k3		f55c1b43cae80cd7e6c5fb19dcca42110e214ff71793e1e211006b8dd82904ee
elkies-k3/data/fibrations/q80-orbit1222-char0/Q80_CHAR0_ORBIT1222_FINAL_CERTIFICATE.md	reference	elkies-k3		84ac26027ebf0c159617b26b102bbbf203b39ece04dfb6f7aa7000517f20e425
elkies-k3/data/fibrations/q80-orbit1222-char0/Q80_CHAR0_ORBIT1222_JACOBIAN_TWIST.md	reference	elkies-k3		11aa90a4d0f8004f49b549bac02e9fd5727dedd5963824c5924a5990ca53d9c8
elkies-k3/data/fibrations/q80-orbit1222-char0/Q80_CHAR0_ORBIT1222_WEIERSTRASS.md	reference	elkies-k3		72c85ce0d870785df8344df72812c4905712971b59740be57b6c265c7c22d6f5
elkies-k3/data/fibrations/q80-q4-1938-char0/Q80_CHAR0_Q4_6855_RESOLVED_RR_CERTIFICATE.md	reference	elkies-k3		098167075e01c80ba9f7a63d5ac7002bc551e847f498551a9d0366a156a031e1
elkies-k3/data/fibrations/q80-q4-candidate1-char0/Q80_CHAR0_Q4_CANDIDATE1_FAMILY_CERTIFICATE.md	reference	elkies-k3		6cf768abfcb910e8061cb958f6b1bd9effc18d9cdc55e116c9503167f9d109b4
elkies-k3/data/fibrations/q80-q6-7774-char0/Q80_CHAR0_Q4_1938_HORIZONTAL.md	reference	elkies-k3		9a4cc57ce499776ae3137a04685fa8bd5383a94b55d686693041744d2e532bf6
elkies-k3/data/fibrations/q80-q6-7774-char0/Q80_CHAR0_Q4_1938_RESOLVED_RR_CERTIFICATE.md	reference	elkies-k3		905c4f3d89c833414b954555057a893eca8dcf0301bd824c5aec1dc1150c4a22
elkies-k3/data/fibrations/q80-q6-7774-char0/Q80_CHAR0_Q6_7774_RESOLVED_RR_CERTIFICATE.md	reference	elkies-k3		05a702bbfcc88e26e37a6b053966cd8d08ca8f7dee86f54fc49bd25cb2139d56
elkies-k3/data/k3-model/README.md	reference	elkies-k3		b30e2f98ae230ccd955bcfd8f899364016a4b5edc1a9f2987acc5dcf8e6f4080
elkies-k3/results/IDENTIFICATION-NOTES.md	reference	elkies-k3		e19dba94066a43929345e10c56e3339bc42b984912691472d6bc3f3fc3265023
elkies-k3/results/glue-structure-summary.md	reference	elkies-k3		b1d0263b10daa443dcaaf6d41e4518bcd1d3f5df6421b03c3007117e7a3871f4
elkies-k3/scripts/README.md	reference	elkies-k3		ec341de277e73ee65024096eedf2aa630dd39002d68b9eda2aa1f0c0eed20e1e
elkies-k3/scripts/archive/Q24_HENSEL_SRR_DEAD_END.md	historical	elkies-k3		556970306a70a364345050a498eea0ea0c92e333033bd86665467ed6d5ea43c7
elkies-k3/scripts/archive/README.md	historical	elkies-k3		fe83c48262bbcb86a993201aceb2687893f808d8e410b48910c1c98f6dedc37c
elkies-k3/scripts/archive/q24-bak-20260823/README.md	historical	elkies-k3		81a7ec67e97f1d63bc2e90f109163b7ba5a15bc2c84c03b3bc1f022121a94445
elkies-k3/scripts/q80-orbit1222-char0/README.md	reference	elkies-k3		718d50616897ac6c5e8d380747089c2d1a8f5b59e11ef747344d2bb68c895de0
elkies-k3/scripts/success-path/README.md	reference	elkies-k3		bc5c3e52373e9c7ed59e965773306a471309203fcff407d34bd42c9dc89b98e0
elliptic-curves/AGENTS.md	reference	elliptic-curves		f038673ba15f98848edc3c71141ff5854cf17a6dc3a8ce24d661b7d606f89656
elliptic-curves/ELKIES_RANK18_SOURCE_RECOVERY_AUDIT.md	reference	elliptic-curves		943e2f94d43db3794abb9994f07a21b84bf2fa826a9496944b4d2b6ef6115f3c
elliptic-curves/README.md	canonical	elliptic-curves	OP-EC-RANK-CONDUCTOR,OP-EC-NEXT	7324322a962c2fb179431f8fd73b07d134b9fc14ac2f6e7db3b1545cdb6879c4
elliptic-curves/REPRODUCE.md	reference	elliptic-curves		5b63d001519a805501b0b8b03f536a1c393a6be13a9036c201eefd02a50ef1eb
elliptic-curves/SOURCES.md	reference	elliptic-curves		f7c77e24df67c3fd028feb9a1512bce34479f09fd52eef65216b9f013560def3
elliptic-curves/THEORY.md	canonical	elliptic-curves	ECR17,ECR20,ECR22,ECG12,ECR29,EC-CRT-BEAM-NONMONOTONE	136ffe8b4a6800a539b1fbd52b2fc9d07459dc4006ea0bcefb898c9f2328f76b
elliptic-curves/cas/README.md	reference	elliptic-curves		9e3fc18d6872e22dbf55bdbe2724f8a04c129f1c0ddf89d550cc5f1e19847e3e
elliptic-curves/cas/newfamily/README.md	reference	elliptic-curves		deaca0dcec5b48285edecd92b7077593fa4f2cba3fe87bedf19681dabd39e9fd
elliptic-curves/cas/research_runtime/README.md	reference	elliptic-curves		d98ceeb5d84941d95df4158b6dfb451057c4d90c64f364bfb9fd893b77e3d096
elliptic-curves/data/ICARM_CURRENT.md	reference	elliptic-curves		17394fc72822c4b96322ff92bc0c35f37b3b950e083948a22c3a32d695c30f5d
elliptic-curves/notes/ACCESSIBILITY_CLOSURE_AND_11952_RANK_BOUND_2026-09-11.md	canonical	elliptic-curves	EC-ACCESSIBILITY-CLOSURE-11952-RANK-CRITERION-20260911	a557a293811280f3bd711f7bad69ab4be9bbf720044601f3d055a2820f7c0eec
elliptic-curves/notes/ADAPTIVE_HALF_LATTICE_V2_2026-09-07.md	canonical	elliptic-curves	EC-ADAPTIVE-HALF-LATTICE-CASCADE-V2-20260907	3d30091a07305e57073791f8f9e38e4ba0e9884955f3577d7a6a62e25fb42a35
elliptic-curves/notes/ADAPTIVE_HALF_LATTICE_V3_2026-09-07.md	canonical	elliptic-curves	EC-ADAPTIVE-HALF-LATTICE-CASCADE-V3-20260908	84e8d232c99100da504bbaec87053d16890a4654a407bb3a386dd773525254ee
elliptic-curves/notes/ADAPTIVE_HALF_LATTICE_VISIBILITY_2026-09-07.md	canonical	elliptic-curves	EC-ADAPTIVE-HALF-LATTICE-CASCADE-20260907	922f1ae1a1e3a744718a8483b55bb40eda98db8f788a6667ce3bab22ebe5e9e9
elliptic-curves/notes/BASELINES_AND_LITERATURE.md	canonical	elliptic-curves	EC-KIH14,EC-E29	301bf8a9f72f52af2eadbcc1f43eb720996d72f1176181c444b8d30e2012ebc4
elliptic-curves/notes/BLIND_FACTOR_FREE_CONTROL_AND_PROSPECTIVE_EXPOSURE_2026-09-07.md	canonical	elliptic-curves	EC-BLIND-FACTOR-FREE-28-20260907,EC-PROSPECTIVE-FACTOR-FREE-PORTFOLIO-20260907,EC-DET1092-PROSPECTIVE-POINT-PILOT-20260907	3b828e51c54e5cb9ce8d24755cad41bcb5f06cba14a22427fa192985164cb6b1
elliptic-curves/notes/BNF_FREE_RESIDUAL_2SELMER.md	reference	elliptic-curves		d247fb61e7ee501f8474c9c656a916c6f120945fe2db39001e358cbf5598d839
elliptic-curves/notes/BOUNDED_PRIME_EXPOSURE_AND_HEIGHT_FLOOR_2026-09-07.md	canonical	elliptic-curves	EC-INVARIANT-QUARTIC-HEIGHT-FLOOR-20260907,EC-BOUNDED-PRIME-POINT-EXPOSURE-20260907	f2349c6a0c08a2a9927d0fed74b51d99003eafab7be8f20504e961dc115954b3
elliptic-curves/notes/BROAD_MW16_HIGHER_POPULATION_2026-09-06.md	canonical	elliptic-curves	EC-MW16-BROADER-POPULATION-SCORE-COMPARISON-20260906,EC-MW16-BROADER-POPULATION-THREE-CURVES-20260906	0a0a5a022c4db749ea1d9fc75efdc6a365bff861fcd05ab30bd60f2d72f7077a
elliptic-curves/notes/BROAD_MW17_MATCHED_SEARCH_2026-09-10.md	reference	elliptic-curves		ce73639f6168216a5023c4cb22e38b4976ceb3c7abc28c9f41da6bb077c43758
elliptic-curves/notes/BROAD_RANK22_CURVE_LEDGER_2026-09-12.md	canonical	elliptic-curves	EC-BROAD-RANK22-LEDGER-20260912	c81cf10fb960af16c02e040661179bd60b96d7845b020670fa902942e9e0109e
elliptic-curves/notes/BROAD_RANK_CURVE_LEDGER_2026-09-12.md	canonical	elliptic-curves	EC-BROAD-RANK-LEDGER-20260912,EC-BROAD-RANK-CONDUCTORS-V1-20260912,EC-BROAD-RANK-CONDUCTORS-V2-20260912	e1cc52fc68007838313d5df54b869c1392c74464c56214a7bceeec8977c07634
elliptic-curves/notes/BROAD_RANK_SEARCH_2026-09-10.md	reference	elliptic-curves		8b252052f67fd5b2049fd3fb0d81cf74423f10ae2d69661611a1907e578e1122
elliptic-curves/notes/CLASS1_PROSPECTIVE_ORDINARY_SEARCH_2026-09-10.md	reference	elliptic-curves		1e3bad222a89a0a7e29b74ac6c136b262a79552b3a8817da9cb623e850a91fa1
elliptic-curves/notes/CLASS_SPAN_GRH_MACHINERY.md	canonical	elliptic-curves	EC-CLASS-SPAN-GRH-MACHINERY-20260906	fac918d849d2b09309b2d8edb827c20cb364c9d8718277beecc043b2f4e81300
elliptic-curves/notes/COMPACT192_FIVE_RANK26_CURVES_2026-09-06.md	canonical	elliptic-curves	EC-COMPACT192-FIVE-RANK26-20260906	83bad9986fc55f3762120e862c09ca11c2d69e38219a0b9d663a1c55b45ff5b8
elliptic-curves/notes/COMPACT192_SPECIALIZED_FOLLOWUP_2026-09-06.md	canonical	elliptic-curves	EC-COMPACT192-SPECIALIZED-EXPOSURE-20260906	e619fa9ba6f105d7e67439c7fe14428c4d048cc9420441eb5571224f206d11b8
elliptic-curves/notes/COMPACT192_UNSEARCHED_TRIAL_2026-09-06.md	canonical	elliptic-curves	EC-COMPACT192-84-NEW-CURVES-20260906	c63b598a62ca45208ab631c4e2629d9c63bcf01220484dc81e5acbc9b4b45936
elliptic-curves/notes/COMPACT_CROSS_FAMILY_INCIDENCE_2026-09-05.md	canonical	elliptic-curves	EC-COMPACT-CROSS-FAMILY-INCIDENCE-20260905	f1f6277989038c2631c108e0f6ef2363c06b3203092180408c4aeaca49a7a045
elliptic-curves/notes/COMPACT_ENDPOINT_AUDIT_2026-09-06.md	canonical	elliptic-curves	EC-COMPACT-ENDPOINT-AUDIT-20260906	5775dc82b80ce958f9c3c79f38642deadfccd90eccad30d522edad1ef639370b
elliptic-curves/notes/COMPACT_FIVE_MW16_ATLAS_2026-09-05.md	canonical	elliptic-curves	EC-COMPACT-FIVE-MW16-ATLAS-20260905	b11ffc18de0d1c7e528ae281ae0bdef24728362f926d1023c80541db30a4c488
elliptic-curves/notes/COMPACT_SIX_R17_ATLAS_2026-09-05.md	canonical	elliptic-curves	EC-COMPACT-SIX-R17-ATLAS-20260905	cbd3201db2b1ec8a13145df87448d3865ac381d45a5b916c6a775ee38cd42d09
elliptic-curves/notes/CONDUCTOR_FIRST_NEAR_MISS_DESCENT.md	canonical	elliptic-curves	EC-CF-NEARMISS-DESCENT-INPUTS	68342e87caa7d9ddcac1506d8941de25fb0f7a288adb6d9dfebe0cc15eb37206
elliptic-curves/notes/CONDUCTOR_PARAMETER_RECOVERY.md	reference	elliptic-curves		7077bcc6dea0a103081905526f938d1777ede8de28eb174bba7ae01c14f61f63
elliptic-curves/notes/CONDUCTOR_SHORT_PASS_ROSTER_2026-09-09.md	reference	elliptic-curves		5b1806ccef43217677d66f03a76cd815e44e287c06ab50ddbd5452d655e4fd98
elliptic-curves/notes/CORRECTED_MW16_HIGHER_POPULATION_2026-09-06.md	canonical	elliptic-curves	EC-MW16-CORRECTED-POPULATION-NEW-RANK23-20260906	71af18f7e0dfd885b1ed61641a4f90a3b50ab58a2c386f95f34ab8ba49bfdb73
elliptic-curves/notes/CRT_LATTICE_PIPELINE.md	canonical	elliptic-curves	EC-CRT1,EC-FSEED1	4319cd9b78a772e7ca33c8b7d0e6018f821f568bd1f3353a53a35062a55416db
elliptic-curves/notes/CURRENT_CATALOGUE_AND_PUBLIC28_2026-09-07.md	canonical	elliptic-curves	EC-INVENTORY200-CURRENT-CATALOGUE-PUBLIC28-20260907	9098cb3274122a3b9de7ba11579427a2915a88798fe6ca0c128e153623670e31
elliptic-curves/notes/CURRENT_ICARM_DATABASE_AND_CONTROLS_2026-09-07.md	canonical	elliptic-curves	EC-ICARM-CURRENT626-RECOVERY-CONTROLS-20260907	8430dcf8fd748dab1262dce628cedc0e025837d7183002d54a1a197dc9d3dce2
elliptic-curves/notes/CURVE113_PRODUCTIVE_V3_SEARCH_2026-09-09.md	canonical	elliptic-curves	EC-CURVE113-PRODUCTIVE-V3-M26-20260909	e0c0ace68f5b136bd5c3f52f46ad78d2423b0ee585f79209c830e4aee78b247f
elliptic-curves/notes/CURVE116_PRODUCTIVE_V3_SEARCH_2026-09-09.md	canonical	elliptic-curves	EC-CURVE116-PRODUCTIVE-V3-M26-20260909	5f6dd0096799bd067e373f4188f5d61ac0d4c95a04c0c4f51a1afdc65d4daaf6
elliptic-curves/notes/CURVE188_PRODUCTIVE_V3_SEARCH_2026-09-09.md	canonical	elliptic-curves	EC-INVENTORY188-RETAINED-CLOUD-SPAN-20260909	bba8c44c4950db099ad56f0a1b1ce066495c067dcdf0f1e04e25f5f54a8ce990
elliptic-curves/notes/CURVE200_PRODUCTIVE_V3_SEARCH_2026-09-09.md	canonical	elliptic-curves	EC-CURVE200-PRODUCTIVE-V3-M26-20260909	87ca8730d128793e1cd6a2e00c291e3538c34eae63487a95b37fd5cea190c620
elliptic-curves/notes/CURVE302_CHART_EXPOSURE_CONTROLS_2026-09-11.md	reference	elliptic-curves		d0dd92770adaa5053fcf80ffe8bccda1901ef9bb1b3c4db6d88a96192eea5c41
elliptic-curves/notes/CURVE302_CHART_REPLAY_ADAPTER_2026-09-11.md	reference	elliptic-curves		a8a72219cd7f567f27439ee55602c980b4f0bddec8b4e6e1cd934fd89b4bc5c9
elliptic-curves/notes/CURVE302_CLASS1_BRIDGE_AND_SHARED_CARRIERS_2026-09-10.md	canonical	elliptic-curves	EC-CURVE302-CLASS1-PRESCRIBED-CORE-GLUE-OBSTRUCTION-20260910,EC-CURVE302-CLASS1-TRANSPORT-AND-CARRIER-GATES-20260910	a1265b58e768025441549b2e4254381ed723345a175393a6ee4ecbcc5d9fa7da
elliptic-curves/notes/CURVE302_CLOSURE_FOLLOWUP_2026-09-11.md	reference	elliptic-curves		27f5adf1cc7055577607228d5f9b90e1c5ddfc7dc366e47899f073e0f3c358f9
elliptic-curves/notes/CURVE302_CLOSURE_STRUCTURE_EXPERIMENTS_2026-09-11.md	reference	elliptic-curves		6deb6842e22f019cc94989064d8a3ee0c0ddea89d6535e87de3674a7115704a3
elliptic-curves/notes/CURVE302_CLOSURE_TRANSITION_GRAPH_2026-09-11.md	reference	elliptic-curves		b29348e978faa6cd0d4c9eae039cdb033d894b02229604dc93df7581283107ad
elliptic-curves/notes/CURVE302_COMPLETE_GENERIC_PARITY_2026-09-07.md	canonical	elliptic-curves	EC-CURVE302-COMPLETE-GENERIC-PARITY-20260907	14427155ca46e249b473d1a03453374fae378fb47a984f6dee12d13a9549716a
elliptic-curves/notes/CURVE302_CONSTRUCTION_RECOVERY.md	canonical	elliptic-curves	EC-K3-CURVE302-SECTION-SATURATION,OP-EC-CURVE302-CONSTRUCTION-RECOVERY,EC-K3-CURVE302-CONIC-COVER-SCREEN,EC-K3-CURVE302-FULL-MW9,EC-CURVE302-INVERSE-FERMIGIER-H8,EC-CURVE302-MW-QUARTIC-PAIR-CONTROL,EC-CURVE302-MW-PACKET-CONTROL,EC-CURVE302-MW-PACKET-RANK17-H190,EC-CURVE302-INVERSE-KIHARA,EC-K3-CURVE302-FIXED-MW14-INVERSE,EC-CURVE302-MW14-16-PACKETS,EC-CURVE302-ENLARGED-PACKET-CONTROL,EC-CURVE302-VARIABLE-PACKET-RECOGNIZER,EC-CURVE302-WIDE-PACKETS,EC-CURVE302-PARITY-DOMAIN,EC-CURVE302-ISOGENY-CLASS,EC-CURVE302-SMALL-PRIME-SATURATION,EC-CURVE302-VISIBLE-SUBSPACE-INTAKE,EC-CURVE302-SIGNATURE-PACKETS,EC-CURVE302-SIX-MESTRE-PARENT-INVERSE	f3cceff9a2061ce24e400f1ced5e7bfabc0c543b8b19d2db3c9ab3a439a65470
elliptic-curves/notes/CURVE302_CORE_GROWTH_BRIDGES_2026-09-11.md	reference	elliptic-curves		77a10110a4383fe8acae98e6261d877ac2c0d160de2c98a205fda8251fb3bdd6
elliptic-curves/notes/CURVE302_DESCENT_ANATOMY_2026-09-10.md	canonical	elliptic-curves	EC-CURVE302-EXACT-STRICT-DESCENT-ANATOMY-20260910	790cfbdd70d22b41b92912eb99f768e5129d0827f17566fb1d529e828822d6a6
elliptic-curves/notes/CURVE302_DET1092_RECONSTRUCTION_2026-09-07.md	canonical	elliptic-curves	EC-CURVE302-DET1092-RECONSTRUCTION	6e700eaef3c344ac058812b72a9b9e18505c960a873a46d06266f194aaca61b7
elliptic-curves/notes/CURVE302_EXACT_SHARED_CORE_2026-09-11.md	canonical	elliptic-curves	EC-CURVE302-EXACT-SHARED-CORE-20260911	bd7977acdbe3fe652dc74a363a17be0632762450c9d80d7a139bdc7abcd32762
elliptic-curves/notes/CURVE302_EXCEPTIONAL_SUBGROUP_ORDER_2026-09-07.md	reference	elliptic-curves		02b1a1f1f93aa7264ad3eae8c7f75e4106e8920e95fe031aa72b1c46188af451
elliptic-curves/notes/CURVE302_FIXED_RESOLVENT_ORBIT_SEARCH_2026-09-07.md	reference	elliptic-curves		86566e95c4f93a63ab13fdd636e90eb5859ec2d92af0f21d103609a82a943130
elliptic-curves/notes/CURVE302_FOCUSED_POINT_EXPOSURE_2026-09-07.md	canonical	elliptic-curves	EC-CURVE302-FOCUSED-POINT-EXPOSURE-20260907	1606337233e20bb4edaa503d6d09f1b27b04b1d365bd335851edc136e237bc5a
elliptic-curves/notes/CURVE302_INTEGRAL_SHELL_LIFT_GATE_2026-09-07.md	canonical	elliptic-curves	EC-CURVE302-INTEGRAL-SHELL-K3-LIFT-GATE	d3cf28cd17df0a2de3fc6e19fe2fa57b36230181e2c755df96e9fbf9ac5f8b43
elliptic-curves/notes/CURVE302_LOW_DEGREE_MULTISECTIONS_2026-09-07.md	canonical	elliptic-curves	EC-CURVE302-PARENT-DEGREE2-MULTISECTION-QUOTIENT,EC-CURVE302-PARENT-CHEAPEST-LATTICE-BISECTION	83c2b9d67bcddcd6847f27509d3ce4519e622a0469daebd42fbd0e77121bf5e2
elliptic-curves/notes/CURVE302_M24_BISECTION_ORBIT117420_2026-09-07.md	reference	elliptic-curves		fd4fb04e3ca566d1709b7513b5b8373cc9c23de9cf29393d44c3e5112ea53a1d
elliptic-curves/notes/CURVE302_PARENT_RELATIVE_BLOCKS_2026-09-06.md	canonical	elliptic-curves	EC-CURVE302-PARENT-RELATIVE-BLOCKS	42456be3e11579743438bab68a56760c99798b7541d0b70ab3ccf3d83b22af7b
elliptic-curves/notes/CURVE302_PARENT_SEARCH_AND_GEOMETRY_2026-09-07.md	canonical	elliptic-curves	EC-CURVE302-PARENT-GEOMETRIC-PICARD19,EC-CURVE302-PARENT-QUADRATIC-DESCENT-GATE	131f895c83eede896fb453eb846da77c9465c70a19ea29cf722322fa8f3adc8c
elliptic-curves/notes/CURVE302_POSITIVE_EXPOSURE_TABLES_2026-09-11.md	reference	elliptic-curves		e99c4f48c1e016d77f89256b6d1334506da3be30389a6169105703f8682f7169
elliptic-curves/notes/CURVE302_PROVENANCE_REQUEST.md	reference	elliptic-curves		f9b4750261c4b57059d1f324977584e407b3259dd9d1ae8a410c53da341e381f
elliptic-curves/notes/CURVE302_RECOVERED_MW17_PARENT_2026-09-07.md	canonical	elliptic-curves	EC-CURVE302-RECOVERED-MW17-PARENT	48bce6d1c795ee7b3f5847451f6e6a1ee31ccc03e82d91a07970b751cd3220b3
elliptic-curves/notes/CURVE302_RECOVERED_QUOTIENT_LOCAL_FILTRATION_2026-09-07.md	reference	elliptic-curves		f16e1df7ee38a854bf448c862804804e13ca74d1a9c0f33dbb2cbe99c9c2ea23
elliptic-curves/notes/CURVE302_RECOVERED_SUBGROUP_CALIBRATION_2026-09-07.md	canonical	elliptic-curves	EC-CURVE302-RECOVERY-CALIBRATION-20260907	7cf99a91ff7a0f8fb00358f799e048599fb00400d74bb96609fe0d4a1dc59dce
elliptic-curves/notes/CURVE302_RELATIVE_DESCENT_AND_MATCHED_FIBRES_2026-09-10.md	canonical	elliptic-curves	EC-CURVE302-RELATIVE-IDEAL-ANATOMY-SEED-OBSTRUCTION-20260910,EC-RANK-JUMP-MATCHED-DESCENT-PANEL-20260910	26dd28f1862a449aee763b6ff62a96548ae55e6166ef1352fe099cc9516a9a63
elliptic-curves/notes/CURVE302_RESIDUAL_STRICT_BOOTSTRAP_CHAIN_2026-09-07.md	reference	elliptic-curves		7a762afe033e72194662b24db171901283615a109074fbbb58d361d50eb8989e
elliptic-curves/notes/CURVE302_RESIDUAL_VISIBILITY_GEOMETRY_2026-09-07.md	reference	elliptic-curves		b3c9f62f042ee2fad4483f7392828f6ba2b1bf54e07b343c5552622aaaeea211
elliptic-curves/notes/CURVE302_SEEDED_V3_RESULTS_2026-09-08.md	canonical	elliptic-curves	EC-CURVE302-SEEDED-V3-AMPLIFIER-20260908	6c42b73aa3113d9d8d2218ccb451c0083c349938c6ff09c713fccc121e865f6b
elliptic-curves/notes/CURVE302_SEED_PANEL_PARALLEL_2026-09-08.md	reference	elliptic-curves		ba8720e22364f4a3aca52ff966c044fd335660798762a9d5d5abfaaf7df1eeaa
elliptic-curves/notes/CURVE302_SEED_UNIVERSALITY_RESULTS_2026-09-09.md	canonical	elliptic-curves	EC-CURVE302-SEED-UNIVERSALITY-PANEL-20260909	b2bcae902c11f1160b60e90b6b2497c8984c642a5369690c8adef16cb5486150
elliptic-curves/notes/CURVE302_SHORT_CORE_CONTROLS_2026-09-11.md	reference	elliptic-curves		0f01288d2bec0535b39b297b5e5d23d1bd2d5518049f013e9ef7826051dce28b
elliptic-curves/notes/CURVE302_SHORT_VECTOR_CORE_EXPERIMENTS_2026-09-11.md	canonical	elliptic-curves	EC-CURVE302-SHORT-VECTOR-CORE-20260911	a7b6d581e80d20b6ec1b219488d57f9015fbb2dd25a6dd5266c2a109482956bc
elliptic-curves/notes/CURVE302_V2_ACTIVE_SUBGROUP_BEAM_2026-09-07.md	reference	elliptic-curves		8fe36e802ba3015b4c792c2ad6124703b6f75cd68e5d6f511305c6cb46065e9e
elliptic-curves/notes/CURVE302_V3_ANATOMY_AND_FINITE_ATLAS_2026-09-11.md	reference	elliptic-curves		bd81abcd2fa4e3c19e1cb11acafecd7fec7c00e7d79d44939c9e198ef9ec2de2
elliptic-curves/notes/CURVE385_ITERATED_HALF_LATTICE_RECOVERY_2026-09-04.md	reference	elliptic-curves		0548d59e7665169f01683fe96c6490ac9700e619691a9306d6ee9c4e28bab860
elliptic-curves/notes/CURVE385_SPARSE_QUOTIENT_RANK32_PRIMARY_2026-09-04.md	canonical	elliptic-curves	EC-K3-R17-CURVE385-INDEPENDENT-RESTART-BUDGETS	342383ececad13e739d3d331668e4b76b879de90a39a272aa61f6ef7a8421c1b
elliptic-curves/notes/CURVE52_SHORT_V3_SEARCH_2026-09-09.md	canonical	elliptic-curves	EC-CURVE52-SHORT-V3-M26-20260909	0bfe36bf3e377d4eceedd317d2eddd0422af8ba34d535f10c13e33d066b08e1d
elliptic-curves/notes/CURVE74_SHORT_V3_SEARCH_2026-09-09.md	reference	elliptic-curves		47ca1b4b0f35bfc2424201565f1725adf858b8d474785fab574c5d4345cf2aee
elliptic-curves/notes/CURVE90_PRODUCTIVE_V3_SEARCH_2026-09-09.md	reference	elliptic-curves		f0e6f6fb5111659d5fcefbb30da9d789a4014647cb5809f9a0923f6b55334809
elliptic-curves/notes/CURVE92_PRODUCTIVE_V3_SEARCH_2026-09-09.md	reference	elliptic-curves		81957490a0bd4b449c73afface3831882abbf640c91ba85a46604e2e8aa3003b
elliptic-curves/notes/CURVES273_302_PAIRED_PARENT_FINGERPRINTS_2026-09-07.md	reference	elliptic-curves		49ef2f7ea4b6c31f59257508796ab7de83df948f071b897ff75c3b0f2c2a3c26
elliptic-curves/notes/DET1092_ALL_PRIME_DIVISION_AND_MULTISECTION_THEOREM_2026-09-09.md	canonical	elliptic-curves	EC-DET1092-ALL-PRIME-DIVISION-MULTISECTION-THEOREM-20260909	24f4c57166ee71dbca08f1f2e5eff471064e4728b7a19bca278f41ea24eb1057
elliptic-curves/notes/DET1092_BAD_FIBRE_KUMMER_OBSTRUCTION_2026-09-09.md	canonical	elliptic-curves	EC-DET1092-BAD-FIBRE-ONLY-KUMMER-OBSTRUCTION-20260909	fc54b6223279ae7642e8ceb21e4f83282df60bc1783d7657857e4d6a15dcc846
elliptic-curves/notes/DET1092_BASIS_CASCADE_2026-09-08.md	reference	elliptic-curves		228c377b5aba30d43f805e0122f7ef4925fc890847059d2330bbea0c7ff94edd
elliptic-curves/notes/DET1092_BIFIBRATION_CONIC_SEEDS_2026-09-09.md	canonical	elliptic-curves	EC-DET1092-BIFIBRATION-CONIC-SEEDS-20260909	632ce5073de351529d56c1fdbb09808b1adee1de6398bbd6d5abff370a46b9be
elliptic-curves/notes/DET1092_BLIND_MW16_RECONSTRUCTION_2026-09-08.md	canonical	elliptic-curves	EC-DET1092-BLIND-MW16-RECONSTRUCTION-20260908	618171a8583d8aefb25449de58a94563602914bc95f30b229079db7178aeff8e
elliptic-curves/notes/DET1092_BRAUER_SECTION_AND_LOCAL_GATE_2026-09-08.md	canonical	elliptic-curves	EC-DET1092-BRAUER-SECTION-LOCAL-GATE-20260908	e07ffdbca2cfdb1ada8715aaa24a1163cd95589ab5d311702bdfc4f9e89b607d
elliptic-curves/notes/DET1092_CONIC_SEED_PROGRESSION_2026-09-08.md	canonical	elliptic-curves	EC-DET1092-CONIC-UNIFORM-SEED-PROGRESSION-20260908	996a29f8a2225ecc30f3644c517c269c9299f942e69b40e71a097312a1ae4c6c
elliptic-curves/notes/DET1092_EUCLIDEAN_BISECTION_FORMULA_2026-09-09.md	canonical	elliptic-curves	EC-DET1092-EUCLIDEAN-BISECTION-FORMULA-20260909	08da337ca0d7ac6329ad41673277d207e93193b1bdcd31b152f79be7fe41d819
elliptic-curves/notes/DET1092_FIRST_UNLOCK_JACOBIAN_CLASS_2026-09-08.md	canonical	elliptic-curves	EC-DET1092-FIRST-UNLOCK-JACOBIAN-CLASS-20260908	5bd9f3f35000c7a3760ba390416f1d4061f23f936bdfd231f3b845c704365a7d
elliptic-curves/notes/DET1092_FIRST_UNLOCK_RR_NET_2026-09-08.md	canonical	elliptic-curves	EC-DET1092-FIRST-UNLOCK-RR-NET-20260908	7e8cd83f62eccddc5022cd1a070e1aa8b01062f1cf30328eeec7d927b4745d9f
elliptic-curves/notes/DET1092_FIRST_WITNESS_PENCIL_GENUS_GATE_2026-09-08.md	canonical	elliptic-curves	EC-DET1092-FIRST-WITNESS-PENCIL-GENUS-GATE-20260908	fa12c90a3edef6df56166b3f15f626b99c5d6983780410254910b8244311cfb8
elliptic-curves/notes/DET1092_FUNNEL_FIRST_SEEDS_2026-09-08.md	canonical	elliptic-curves	EC-DET1092-FUNNEL-FIRST-SEEDS-20260908	0da087a475de92797c4f064defad4ff0b55522240ce8018bb7112300252c86ff
elliptic-curves/notes/DET1092_GENERIC_TRANSLATION_ORBIT_OBSTRUCTION_2026-09-09.md	canonical	elliptic-curves	EC-DET1092-SIGNED-SOURCE-TRANSLATION-OBSTRUCTION-20260909	3a3c5e8a531590f10bf08da6951ce40d437d4568b2bf1d7148c047d025c594c7
elliptic-curves/notes/DET1092_GENUS_ONE_FIRST_SEED_COVER_2026-09-08.md	canonical	elliptic-curves	EC-DET1092-GENUS1-FIRST-SEED-CARRIER-20260908	567c93316c3904f6ad32b6e7738bb27d2d58bc38df8f2121c72864440af67c73
elliptic-curves/notes/DET1092_GENUS_ONE_PICARD_SPECIFICITY_2026-09-08.md	canonical	elliptic-curves	EC-DET1092-GENUS1-FULL-PICARD-SPECIFICITY-20260908	dc65de1ada799feddc2a87d3543d1ef5a2d7b537a0fbc09fb2de01d40940c1a1
elliptic-curves/notes/DET1092_GENUS_ONE_TRANSPORT_OBSTRUCTION_2026-09-08.md	canonical	elliptic-curves	EC-DET1092-GENUS1-TRANSPORT-OBSTRUCTION-20260908	f903187bc3a6175a96ef5de2c574f3ce4b8cf60598de00a23ecf74f212e326bd
elliptic-curves/notes/DET1092_INTRINSIC_LOW_DEGREE_SOURCE_OBSTRUCTION_2026-09-09.md	canonical	elliptic-curves	EC-DET1092-INTRINSIC-LOW-DEGREE-SOURCE-OBSTRUCTION-20260909	05b22fe7f3de286cb1c298435adc0c8ca4a344406203623af8c8d8273a7389e5
elliptic-curves/notes/DET1092_LOCAL_INCIDENCE_AND_DEPENDENCE_SEPARATION_2026-09-09.md	canonical	elliptic-curves	EC-DET1092-LOCAL-INCIDENCE-DEPENDENCE-SEPARATION-20260909	cb070d4a3fda9ae0e2305d794840dd9641ece4fb5a6f163a4bdd7ca1225abb1e
elliptic-curves/notes/DET1092_LOW_SHELL_CASCADE_2026-09-07.md	reference	elliptic-curves		22da23870887c4b8d2e81885a23d83a336b0f3bc0be926c860f9007e46b337b8
elliptic-curves/notes/DET1092_MARKED_KUMMER_TRANSPORT_2026-09-08.md	canonical	elliptic-curves	EC-DET1092-RR-TORSION-TRANSPORT-OBSTRUCTION-20260908,EC-DET1092-MARKED-KUMMER-NORM-OBSTRUCTIONS-20260908	076a68ae0f76b80fc885eeb62def80dfbe87229c9acbb2210ea91e6ae2b8640c
elliptic-curves/notes/DET1092_MARKING_AND_CM_GATE_2026-09-07.md	canonical	elliptic-curves	EC-DET1092-LITERAL-MARKING-20260907,EC-DET1092-RATIONAL-CM-LOCUS-20260907	e2576c3b0a8c9eb5f86685f4e0c2a8e5656956376245f459decec215cec538ea
elliptic-curves/notes/DET1092_MODULAR_BISECTION_INCIDENCE_GATE_2026-09-09.md	canonical	elliptic-curves	EC-DET1092-MODULAR-BISECTION-INCIDENCE-GATE-20260909	fba59fb81fb16648ee59622ad854a277bd486fc6305b5541775e6b9add033a23
elliptic-curves/notes/DET1092_NORM8_DEGENERATION_AND_SMOOTH_ATLAS_OBSTRUCTION_2026-09-09.md	canonical	elliptic-curves	EC-DET1092-NORM8-RATIONAL-DEGENERATION-OBSTRUCTION-20260909,EC-DET1092-COMPLETE-SMOOTH-BISECTION-ATLAS-NONUNIVERSAL-20260909	c221203556a1d0cbccccedbac7b700f850012410e2cc96bda6d658640da9f470
elliptic-curves/notes/DET1092_RANK18_BASE_CHANGE_AND_INITIAL_UNLOCK_2026-09-08.md	canonical	elliptic-curves	EC-DET1092-FIRST-UNLOCK-BISECTION-OBSTRUCTIONS-20260908,EC-DET1092-ORBIT8044-Q-RATIONAL-RANK18-20260908	f9748111cd780dafc33cc3e08e9f709c770d5cbbd7262fc0cba6737fc5b895a1
elliptic-curves/notes/DET1092_RATIONAL_BISECTION_INDEX_AND_ODD_DIVISOR_CONSTRUCTION_2026-09-09.md	canonical	elliptic-curves	EC-DET1092-RATIONAL-BISECTION-INDEX-CONSTRUCTION-20260909	660b0ab975c89e58d73bd9ed62350570a38444d72fe88b9c52f35caccf442a91
elliptic-curves/notes/DET1092_RECIPROCAL_QUARTIC_AND_COVER_CLASS_2026-09-09.md	canonical	elliptic-curves	EC-DET1092-RECIPROCAL-QUARTIC-COVER-CLASS-20260909	91580f5b9a30349be11c259c5ff3292c98d03cc8f21a761c0c5543e1da7fc339
elliptic-curves/notes/DET1092_RECORD_SCALE_CAMPAIGN_2026-09-07.md	canonical	elliptic-curves	EC-DET1092-RECORD-SCALE-CAMPAIGN-20260907	d9e3fe89c0ab020ba148454a91e75221a6cbb63a51005c70a3fe72c8080ddcf7
elliptic-curves/notes/DET1092_REDUCED_PARAMETER_CHART_2026-09-07.md	canonical	elliptic-curves	EC-DET1092-REDUCED-PARAMETER-CHART-20260907,EC-DET1092-REDUCED-CHART-POINT-EXPOSURE-20260907	a43465c66d9400299efbbb26e610727c49c6a9ea05bcdeff463ae0d075196cc3
elliptic-curves/notes/DET1092_ROOTLESS_J2_CENSUS_2026-09-10.md	canonical	elliptic-curves	EC-DET1092-ROOTLESS-J2-COMPLETE-20260910	f6e81a2f690e86a67db4da98004afbe2931e7efd56ba28924aa9300d3b63935c
elliptic-curves/notes/DET1092_RR_COMPLETE_DYADIC_IMAGES_2026-09-08.md	canonical	elliptic-curves	EC-DET1092-RR-COMPLETE-DYADIC-IMAGES-20260908	e825d48f575a875c622eb172a317e0c5f566db756f9e1a1283a63d43f4289db4
elliptic-curves/notes/DET1092_RR_FULL_SELMER_COMPARISON_2026-09-08.md	canonical	elliptic-curves	EC-DET1092-RR-GOOD-LOCAL-IMAGES-20260908,EC-DET1092-RR-FULL-SELMER-COMPARISON-20260908	8f4a334ed8f621110da7aab5ea4747ede2ed34d96fe17842dcb58ebc06bd2e8a
elliptic-curves/notes/DET1092_RR_GENERIC_POINT_SPECIFICITY_2026-09-08.md	canonical	elliptic-curves	EC-DET1092-RR-GENERIC-POINT-SPECIFICITY-20260908	926171ff1a17a38bccf4b310e2298d0ee26aeb407cd35fe265d156169af0f2ea
elliptic-curves/notes/DET1092_RR_NET_REDUCIBLE_LOCUS_2026-09-08.md	canonical	elliptic-curves	EC-DET1092-RR-NET-REDUCIBLE-LOCUS-20260908	1b1ca90652c52831c6ca7a87cd06ef7f289cfc5f8b6603260ad68f67cebe77a8
elliptic-curves/notes/DET1092_RR_NET_SINGULAR_MEMBER_GATE_2026-09-08.md	canonical	elliptic-curves	EC-DET1092-RR-NET-SINGULAR-HALVING-GATE-20260908	c3d37e0e230fec9ce9d809bcd192e0c8457a58bed5e733eb76da2c4ff5d3aaab
elliptic-curves/notes/DET1092_RR_PLANE_AND_JACOBIAN_GATE_2026-09-08.md	canonical	elliptic-curves	EC-DET1092-FIRST-PENCIL-ELLIPTIC-INVOLUTION-20260908,EC-DET1092-RR-PLANE-JACOBIAN-GATE-20260908	a267516206d489f2daf9decbc68cd3930dcec871773ec8a5fd216c5b9679ca41
elliptic-curves/notes/DET1092_RR_REAL_DYADIC_DESCENT_2026-09-08.md	canonical	elliptic-curves	EC-DET1092-RR-REAL-DYADIC-DESCENT-20260908	1628f727f8a68ab94515c65d38e171981eb53ca4bf52a89315dbef0e2b711f60
elliptic-curves/notes/DET1092_SAVED_UNIT_RELATION_OBSTRUCTION_2026-09-09.md	canonical	elliptic-curves	EC-DET1092-SAVED-UNIT-RELATION-OBSTRUCTION-20260909	3b2ee938e96a5be3bd979ac0191649e3de460c164d6ee1a25b5c1f0dbd7d2f32
elliptic-curves/notes/DET1092_SEARCH_FUNNEL_2026-09-08.md	reference	elliptic-curves		1b107228ebd32a750327b1e866bb4f38f5c81139f319ee779bf2eb9ec6642671
elliptic-curves/notes/DET1092_SEED_DENSITY_AND_LIMITING_LATTICE_2026-09-08.md	canonical	elliptic-curves	EC-DET1092-SEED-DENSITY-LIMITING-LATTICE-20260908	212edd0e429de2f8e66ca330cbabdcf1004b386f1ab0ca939a7cbb079bf4ab02
elliptic-curves/notes/DET1092_SEED_KUMMER_COVER_2026-09-08.md	canonical	elliptic-curves	EC-DET1092-POLYNOMIAL-SEED-LIFT-OBSTRUCTION-20260908,EC-DET1092-FIRST-SEED-LOCAL-COMPATIBILITY-20260908,EC-DET1092-SEED-KUMMER-NORM-LIFT-GATE-20260908	e47303ac536619f4a932f8e7f5d5093763fe038d12bee7248152b7af3c7f6ba1
elliptic-curves/notes/DET1092_SEED_NORM_QUADRIC_AND_INTEGRAL_GATE_2026-09-09.md	canonical	elliptic-curves	EC-DET1092-SEED-NORM-QUADRIC-INTEGRAL-GATE-20260909	457ee70b43575aeed83b54efe42af0355629bebbd5cf126d9f0386d71daea7a2
elliptic-curves/notes/DET1092_SEED_VIRTUAL_UNIT_AND_IDEAL_PARITY_2026-09-09.md	canonical	elliptic-curves	EC-DET1092-SEED-ARTIN-TWO-NORM-EQUATIONS-20260909,EC-DET1092-SEED-VIRTUAL-UNIT-IDEAL-PARITY-20260909	23fc0eb3e1c1cd80a6981f1bf378ea128af3aa079e546872036c482b9fbc91fd
elliptic-curves/notes/DET1092_SINGLE_SEED_COVER_2026-09-08.md	canonical	elliptic-curves	EC-DET1092-SEED-PENCIL-CALIBRATION-GATE-20260908,EC-DET1092-SINGLE-SEED-COVERS-20260908	9c130ee0850cd0a1708e0a4e065ded9bb1263c6bed79fea44adac62d8963adc5
elliptic-curves/notes/DET1092_SMALL_CONIC_SEED_2026-09-08.md	canonical	elliptic-curves	EC-DET1092-SMALL-CONIC-SEED-20260908	7cf28b2938b82752261e83992f08aef0f5d7cb1ca6e3972abbaa747b787c475b
elliptic-curves/notes/DET1092_SPLIT_SEED_HALVING_DICHOTOMY_2026-09-08.md	canonical	elliptic-curves	EC-DET1092-SPLIT-SEED-HALVING-DICHOTOMY-20260908	3d2d417f97619d8df68019fb7ffd125fa5e98af74d41a1325b464b10c6cb1e57
elliptic-curves/notes/DET1092_SURFACE_BRAUER_TRIVIALITY_2026-09-09.md	canonical	elliptic-curves	EC-DET1092-GLOBAL-SURFACE-BRAUER-TRIVIALITY-20260909	b094b29e7f5d4bbc35ac4d0d236d78082738bca6201390ed9778eac4687f2cb4
elliptic-curves/notes/DET1092_TRACE_PARITY_DESCENT_2026-09-09.md	canonical	elliptic-curves	EC-DET1092-TRACE-PARITY-KUMMER-DESCENT-20260909	d1e4aefda791fdbdf14f7d437aff7d5c9f183e578d1307f6a2eecb9bed2de54f
elliptic-curves/notes/DET1092_TRACE_TWIST_KUMMER_OBSTRUCTION_2026-09-08.md	canonical	elliptic-curves	EC-DET1092-TRACE-TWIST-KUMMER-OBSTRUCTION-20260908	d75ef5050b9bfc33167a5150521b02b420fd1349806dc9c397a67d4dd6a82b37
elliptic-curves/notes/DET1092_TWO_COVER_BRANCH_GATE_2026-09-08.md	canonical	elliptic-curves	EC-DET1092-TWO-COVER-RANK19-GENUS-GATE-20260908	8726820baf172e6f8c81244b8e748e56ea95415266bb50074fc08891f178fc55
elliptic-curves/notes/DET1092_TWO_FIBRATION_DEGREE_GAP_2026-09-09.md	canonical	elliptic-curves	EC-DET1092-TWO-FIBRATION-GLOBAL-DEGREE-GAP-20260909	acaa0ea9c61e6604af9c18cbeb72872f0e60fb965d4ad6f7ca8570651ff8a875
elliptic-curves/notes/DET1092_TWO_FIBRATION_SEED_CONSTRUCTION_2026-09-08.md	canonical	elliptic-curves	EC-DET1092-TWO-FIBRATION-RATIONAL-SEEDS-20260908	59cc61f06d8c71a5fd0fc9ea1af9673ecae0782159a9997122319d82db084e7c
elliptic-curves/notes/DET1092_TWO_SIDED_CONIC_MINIMUM_2026-09-09.md	canonical	elliptic-curves	EC-DET1092-TWO-SIDED-CONIC-MINIMUM-20260909	2533ae78b5622f80ce59da3824e9b90ffa88906075fede7449d267aa544a960f
elliptic-curves/notes/DET1092_UNIFORM_SMOOTH_BISECTION_REDUCTION_2026-09-09.md	canonical	elliptic-curves	EC-DET1092-UNIFORM-SMOOTH-BISECTION-REDUCTION-20260909	6f88f2d24cbf204789009da6cccfa162adf723436a7c208840ff55176075b7d9
elliptic-curves/notes/DET1092_UNIT_INTERSECTION_SPECIALIZATION_OBSTRUCTION_2026-09-09.md	canonical	elliptic-curves	EC-DET1092-UNIT-INTERSECTION-SPECIALIZATION-OBSTRUCTION-20260909	e2ea0d8ac7156e483a22f04cd76405c79b53d7d164b52d22439dfe585f6e0cbe
elliptic-curves/notes/DET1092_UNIVERSAL_RR_DESCENT_PREFLIGHT_2026-09-08.md	canonical	elliptic-curves	EC-DET1092-RR-INHERITED-POINT-20260908,EC-DET1092-RR-FIBRE-COVER-GATE-20260908,EC-DET1092-UNIVERSAL-RR-DESCENT-PREFLIGHT-20260908	e6adc49d8209c65c77fc00b3a8049fad869a2c8e8178992d2995511922f6ad67
elliptic-curves/notes/DET1092_UNRAMIFIED_KUMMER_OBSTRUCTION_2026-09-09.md	canonical	elliptic-curves	EC-DET1092-ALL-DEGREE-UNRAMIFIED-KUMMER-OBSTRUCTION-20260909	5c835f407567d9611235b7415ec88d864ef5f8100cbb7d18d2d9ba880db100a1
elliptic-curves/notes/DET1092_V3_EIGHT_PILOT.md	reference	elliptic-curves		5e6a138b32cadbe000484e71d9d3659da3a9634062f5c62e576218d56358f681
elliptic-curves/notes/DET1092_V4_WIDE_BOOTSTRAP.md	reference	elliptic-curves		3d9fa0ab0bf1c03b822566a993213fa78a520814267638cbc610ce49a91c07f8
elliptic-curves/notes/ELKIES_BISECTION_SPECIALIZATION_CONTROLS.md	canonical	elliptic-curves	EC-K3-ELKIES-2026-BISECTION-SPECIALIZATION-CONTROLS	cdc428e34869dbc6aa6111adbfea17e2087d827b8a01cea8eda7f5037900ff86
elliptic-curves/notes/ELKIES_BISECTION_VISIBILITY_AND_RECORD_CURVES.md	canonical	elliptic-curves	EC-K3-ELKIES-2026-BISECTION-VISIBILITY-RECORD-CURVES	f922fbd9a90b9dfe0a7b85c63e22a3f1e8718dd95f2d0ce60cf8c103fb7e8602
elliptic-curves/notes/ELKIES_R17_RELATIVE_2SELMER_PIPELINE.md	reference	elliptic-curves		c3da77b9b00fa938a445726bcc3187455381c424aa788115a721336e8a6d6e11
elliptic-curves/notes/ELKIES_RANK_JUMP_FINGERPRINTS.md	reference	elliptic-curves		3091cc021207ca0c0d61f8e7c80ee8d6e2a5104c5421ea110603fd4dc2370fc3
elliptic-curves/notes/ELLIPTIC_BREAKTHROUGH_AUDIT_2026-09-05.md	reference	elliptic-curves		779c00babae7397b6e8f58e34dc29d907f905f0e6f91f5aee84c6ebf0be2e40d
elliptic-curves/notes/ENDPOINT_POINT_TRIAL_2026-09-06.md	canonical	elliptic-curves	EC-ENDPOINT-POINT-EXPOSURE-20260906	6f708be4770980a9967a7dfed5ac982e7b48c698d370be8c5a822c8ff7d2d391
elliptic-curves/notes/ENDPOINT_SECTION_SPANS_2026-09-06.md	canonical	elliptic-curves	EC-ENDPOINT-SECTION-SPANS-20260906	ee2ddce2531e301af93808d4defdbef2cc83b7fd69b20affc52035d106433a07
elliptic-curves/notes/EUCLIDEAN_FOUR_SPLIT_ADMISSIONS_2026-09-10.md	canonical	elliptic-curves	EC-EUCLIDEAN-FOUR-SPLIT-ADMISSIONS-20260910	bfa82a3223eb7bf21bd538240d3dc86037872418c8029dc6a8a72aa755c26fb6
elliptic-curves/notes/EUCLIDEAN_SEED_SEARCH_PIVOT_2026-09-10.md	reference	elliptic-curves		4df5055febb2a28a961a92d63e7a1186a32646d78db95fcaa308d68195b434ad
elliptic-curves/notes/EXACT_PARITY_AND_COORDINATE_AUDIT_2026-09-06.md	canonical	elliptic-curves	EC-R17-EXACT-PARITY-MINIMA-20260906	d4086120d930e15253271f478664b411d33c980685d47dcff0d665a16e61b847
elliptic-curves/notes/EXCEPTIONAL_BRANCH_CODE.md	canonical	elliptic-curves	EC-FXBC1	0f5fbfe6cfdfac81d957a70713fe5abd8cd90b71159b94c48fd180ce512ccddf
elliptic-curves/notes/EXCEPTIONAL_SOLUBLE_VS_SHA_PANEL_2026-09-05.md	canonical	elliptic-curves	EC-EXCEPTIONAL-SOLUBLE-VS-SHA-COMPARISON	b484641573ccc4dad6892cb1802e1bd16dc55c3a0cb86fe8ab8b989baaaf94f7
elliptic-curves/notes/EXTENDED_CACHE_RETENTION_GATE_2026-09-06.md	reference	elliptic-curves		a3a5689b7209ef1fac580e524c01f08c87c955bb36addb944cab50b06687b7e9
elliptic-curves/notes/EXTENDED_PRIME_RANK27_DISCOVERIES_2026-09-06.md	canonical	elliptic-curves	EC-NEW-PAIRED-RANK27-CURVES-20260906	e7a127ea772b22d48b0b724ecde655b3ce14e5b50c36787fcffd16b4bc7829c9
elliptic-curves/notes/EXTERNAL_AUDIT_2026-09-04.md	reference	elliptic-curves		a66605b10d3c66d375c2051cf1b5aa9d12856690bcad19b9a41d54d179ec50a7
elliptic-curves/notes/FAST_POINT_PIPELINE_AUDIT_2026-09-06.md	reference	elliptic-curves		3f7e14e6f40c97c617f5dd35732cae190848e41db73ce17e2dc928741d2ad171
elliptic-curves/notes/FERMIGIER_BASELINE_EVALUATION.md	reference	elliptic-curves		df8eb763a410cfdb5a0b6411790052d603e53a2f9fe8db044de1ef3301e285c1
elliptic-curves/notes/FERMIGIER_LABELLED_CORPUS.md	reference	elliptic-curves		b1f2e0cb96c8e27e9eb261e76eafd391bb251f4884148f4e0182ab4e54ab71f2
elliptic-curves/notes/FERMIGIER_RANK20_MWRANK_DESCENT.md	reference	elliptic-curves		2a354fdda2f39b83693a3df04abba81d476a2e4a058ee162e67ba78cb90cea74
elliptic-curves/notes/FERMIGIER_RANK20_PARI_DESCENT.md	reference	elliptic-curves		c289eb158fe1fe0caaacaf3b0e4aed737f1440b2f968e949802ef997cf980b5a
elliptic-curves/notes/FERMIGIER_RANK20_RELATIVE_DESCENT_EXPERIMENT.md	reference	elliptic-curves		e4c65c0caf8613963628360e0e8495b272e44c92a6b55e135e4f2ff2fd9ce307
elliptic-curves/notes/FERMIGIER_RANK20_RESIDUAL_SELMER.md	reference	elliptic-curves		59d670cd7c7ea75d33c2b9cd541ccdb10e9cf2ec0cda8a435933a27ea04dd92a
elliptic-curves/notes/FERMIGIER_RANK_JUMP_REPLAY.md	reference	elliptic-curves		61aaffa9cf1abaa8cc48d45d31bbed910d7a06c5c4aa64e53736f9619550ab39
elliptic-curves/notes/FERMIGIER_REPRODUCTION.md	canonical	elliptic-curves	EC-FERM1,EC-FRANK1,EC-FG12,EC-FXPT1,EC-FXPT2,EC-FXPT3,EC-FXPT4,EC-FXPT5,EC-FXPT6,EC-R20	ddcf76ae8b0c3d303ba07e8258157c413f2c9a54bbfcf9620373e9546a8b4d30
elliptic-curves/notes/FIBRE_HEIGHT_POPULATION_2026-09-05.md	reference	elliptic-curves		ad7aed7893d06bd64bf4f872a698eb6492152f4a9fb8c279d26a6709029e30ea
elliptic-curves/notes/FIXED_CUBIC_FIELD_VARYING_CURVE_EXPERIMENT_2026-09-04.md	canonical	elliptic-curves	EC-FIXED-CUBIC-VARYING-CURVE-LOCAL-KUMMER,EC-FIXED-CUBIC-U-MINUS1-RANK1	92b8764122422f0f299f9a3b6eb2e6abf3b5bd4911e82ef7e791225d34f9891f
elliptic-curves/notes/FIXED_CUBIC_U_MINUS1_CASSELS_TATE_2026-09-05.md	canonical	elliptic-curves	EC-FIXED-CUBIC-U-MINUS1-CASSELS-TATE,EC-FIXED-CUBIC-RADICAL-MINIMAL-MODELS,EC-FIXED-CUBIC-RADICAL-SEARCH-GEOMETRY,EC-FIXED-CUBIC-TANGENT-CONIC-GATE,EC-FIXED-CUBIC-CONIC-SOLVER-COMPARISON,EC-FIXED-CUBIC-CONIC-LONG-SEARCH	56bb59adf0440839071e54efdfa84d59a3656440224f77fe95cb7b363a939113
elliptic-curves/notes/FIXED_FIELD_COMPARISON_2026-09-05.md	canonical	elliptic-curves	EC-FIXED-FIELD-COMPARISON	3285f9831f58f9dc2f13d32ee8ad5270bb0b019b8da25f9f0e4711378cefa2ea
elliptic-curves/notes/FOUNDRY_CURVE_LEDGER_2026-09-09.md	canonical	elliptic-curves	EC-FOUNDRY-CURVE-LEDGER-SNAPSHOT-20260909	a3093c265eb38a4642bd9eaa6985e623c597276675943b7321dee923facbf0fe
elliptic-curves/notes/FOUNDRY_CURVE_LEDGER_V2_2026-09-10.md	canonical	elliptic-curves	EC-FOUNDRY-V3-LEDGER-CONDUCTORS-SNAPSHOT-20260910	54ae76cbe63a9ce5411a187fe5eb86c3ba4f00bd82f2dff5df34d874de50253a
elliptic-curves/notes/FOUNDRY_V3_CONDUCTOR_COMPLETION_2026-09-12.md	canonical	elliptic-curves	EC-FOUNDRY-V3-CONDUCTORS-V2-20260912	32d182975b063cb713f8c162e05634b59c98de76234c2dc3790bb1ca666e2231
elliptic-curves/notes/FRESH6_RETAINED_SEED_COHORT_2026-09-09.md	canonical	elliptic-curves	EC-FRESH6-FIRST-M18-20260909,EC-FRESH6-V3-M19-20260909,EC-FRESH6-COMPLEMENT-M23-20260909,EC-FRESH6-074D9-M24-20260909,EC-FRESH6-08F72-M24-20260909,EC-FRESH6-103B2-M25-20260909,EC-FRESH6-08F72-CONDUCTOR-20260909	88047cbc2f4e825df61b575ab44160182e736536b6ebde6b4cc0bacca23f83dc
elliptic-curves/notes/FULL11952_LATE_BAND_TRIAL_2026-09-06.md	canonical	elliptic-curves	EC-FULL11952-LATE-BAND-NEW-RANK27-20260906	1dff642d07306b1dcb07142c62f57df91672575b9cc80668f9ca6097d32757e1
elliptic-curves/notes/FULL11952_NEW_RANK27_2026-09-06.md	canonical	elliptic-curves	EC-FULL11952-NEW-RANK27-20260906,EC-FULL11952-SPECIALIZED-EXPOSURE-20260906,EC-INVENTORY187-CROSS-FAMILY-INCIDENCE-20260906,EC-FULL11952-MILLION-HEIGHT-EXPOSURE-20260906,EC-LARGER-PARITY-FIXED-EXPOSURE-20260906	93c290ede46c9060471019e5ce4a1aec88c316db138fc21f7910a6506fd2a0e4
elliptic-curves/notes/FULL11952_RETENTION_TRIAL_2026-09-06.md	canonical	elliptic-curves	EC-FULL11952-KNOWN29-RETENTION-20260906	c52548dce00e99130d75fbc3ce077ec1a9c461619f274c3954747385f5de35f2
elliptic-curves/notes/GENERATED_FAMILY_DISCOVERY.md	canonical	elliptic-curves	EC-ICARM-GENERATED-FAMILY-DISCOVERY	2be2a2b2a00e7550877fb403315e7472870f3919129206a8fc006f7b8ec7548c
elliptic-curves/notes/GENERIC_RANK_CEILING_FIBRATION_PIVOT_2026-09-10.md	canonical	elliptic-curves	EC-DET1092-NISHIYAMA-AUXILIARY-20260910	aba80cabbe47101f37548bdfc0e195433f1f7bc14789ee9495d1cfdd809f38a6
elliptic-curves/notes/HALF_LATTICE_FAKE_DESCENT_REPLAY_2026-09-04.md	reference	elliptic-curves		3bcd8e39223c615c439d3aa76dbc1e9e75175d037b8f5024c1a9219804e1c1ab
elliptic-curves/notes/HALF_LATTICE_HEIGHT_COMPRESSION_MECHANISM_2026-09-04.md	canonical	elliptic-curves	EC-HALF-LATTICE-HEIGHT-COMPRESSION,EC-CURVE385-HEIGHT-COMPRESSION-BUILDER-PILOT	3cecfcd062455871c718e92710f05c40dc4d38946f5679fedde62339ede1bc8d
elliptic-curves/notes/HIGHER26_MILLION_HEIGHT_2026-09-06.md	reference	elliptic-curves		51f4d6aa30c36f5832990c439d80ed6ed3bb720faaad68ff1a11a971ec1f41d2
elliptic-curves/notes/HIGHER_PARAMETER_RANK26_2026-09-06.md	canonical	elliptic-curves	EC-HIGHER-PARAMETER-NEW-RANK26-20260906	06ca887aeb6df5d25872adce492edef4010a436a499ef4a1d6a0689552c4a9d9
elliptic-curves/notes/HIGHER_R17_MASKED_CONTROLS_2026-09-06.md	reference	elliptic-curves		00ebfc6238283db97ec2a767b7c7c2c806c4720c093bd097c7fedf76ba379480
elliptic-curves/notes/HIGHER_RANK26_FOLLOWUP_2026-09-06.md	reference	elliptic-curves		b81c6ad4411dc2d1aaf6d0184678521ab46ff45660636d34f5f837d02514e06b
elliptic-curves/notes/HIGH_RANK_CONSTRUCTION_AND_SEARCH_LEDGER_2026-09-10.md	reference	elliptic-curves		d7cb3778a9e7883bb958762ee1d68e33b16fd6c3a67f47801b85a64765ffc938
elliptic-curves/notes/HIGH_RANK_SEARCH_FOUNDRY_2026-09-09.md	reference	elliptic-curves		65fbed81f233a7cebe361ec5d43180011bf87533a5e6b61951fcfb548bea6500
elliptic-curves/notes/HIGH_RANK_SHORT_PASS_ROSTER_2026-09-09.md	reference	elliptic-curves		8131b97d0094d70034c131b5d2f7e686dac6ce504fe8f3bb45bf1693e71c3297
elliptic-curves/notes/ICARM626_PUBLICATION_AND_SUBMISSIONS_2026-09-07.md	reference	elliptic-curves		e1f67df0745e3e9f5168ecb5ede87629d14fa19c232c820bcf0e57f1dcc4688c
elliptic-curves/notes/ICARM_573_CURVE_REFRESH_OVERVIEW_2026-09-04.md	canonical	elliptic-curves	EC-K3-R17-NORM12-ICARM-573-REFRESH	40ed2e6125de6687f22933494c324e3ae28311cc1db550e42dbd362d23dcb6c3
elliptic-curves/notes/ICARM_7FFF_ZIP_SEQUENCE.md	canonical	elliptic-curves	EC-R21-ICARM,EC-ICARM-CONSTRUCTION-FINGERPRINTS	cca0e9442f86160a12ba47c9b025934e26d10ef9e3eb89874993ffb97dcff9d5
elliptic-curves/notes/ICARM_CURVE245_RANK20.md	canonical	elliptic-curves	EC-R20-IC245	a75b1c254d0a66e00471e205c92c1db0ea3bc8c6bbd469f7671e0705cd758545
elliptic-curves/notes/ICARM_CURVE273_CONSTRUCTION_INVESTIGATION.md	canonical	elliptic-curves	EC-K3-H3-SOURCE,EC-K3-H3-PTS	4038c1213cd60227592a6ebf5554fb39c8c15ecb1b0e466ffc32c7848e1f47ec
elliptic-curves/notes/ICARM_CURVE273_RANK30.md	canonical	elliptic-curves	ECR30	82949c154654d5748a0565e969f9a4d78a32dffb17f58b8b568ebb5922b89374
elliptic-curves/notes/ICARM_CURVE302_CONSTRUCTION_INVESTIGATION.md	reference	elliptic-curves		0a8d04211b7737213ab5f6c17e6862dd9a844937e67ee29c5148d47b9fd1da1d
elliptic-curves/notes/ICARM_CURVE302_INVERSE_FIBRATIONS_2026-09-06.md	canonical	elliptic-curves	EC-K3-CURVE302-INVERSE-NINE-DIRECTIONS	a17212fcb2fac54144c5317f9f6b4d5597ee3f8a2ac555a2625ce3d6d60ec580
elliptic-curves/notes/ICARM_CURVE302_POINT_CLOUD_RECONSTRUCTION.md	canonical	elliptic-curves	EC-ICARM-CURVE302-POINT-CLOUD	d9bffef0b786df9b0f95d2e3883c68b434ec62ca00b4df20624526a936a2d013
elliptic-curves/notes/ICARM_CURVE302_RANK31.md	canonical	elliptic-curves	ECR31	36a72396fffc5dca4f4f7201d46b0c4540b20900909dbe30681d04d99b117956
elliptic-curves/notes/ICARM_CURVE356_RANK29_AND_CONSTRUCTION.md	canonical	elliptic-curves	ECR29-IC356	20d3940e89f3848da5c79397471311a9f5a5fafdf6390f0cdc38bbee356ec679
elliptic-curves/notes/ICARM_CURVE394_RANK21.md	canonical	elliptic-curves	EC-R21-ICARM394	6bb94847d4b9a77c651dbe1c79515026e515d7a278d54439fece1f3b56372f9a
elliptic-curves/notes/ICARM_CURVE398_RANK30_AND_CONSTRUCTION.md	canonical	elliptic-curves	EC-ICARM-CURVE398-RANK30-CONSTRUCTION,EC-K3-CURVE398-A1-MW16-RECOVERY,EC-K3-CURVE398-TWO-PARENT-COLLISION	0c5da71d43d62d88c6e05051f749a012fa87ccf3efca209956410ffdac33dc95
elliptic-curves/notes/ICARM_MW16_BLIND_LADDER_AND_PROSPECTIVE_GATE_2026-09-04.md	canonical	elliptic-curves	EC-K3-ICARM-MW16-BLIND-LADDER,EC-K3-ICARM-MW16-POINTED-SIEVE	b4a7ae741b27c47f819c577fa283486f01950ec5180b4b3f6605d86c55d551bb
elliptic-curves/notes/ICARM_WGXLI_RANK17_BOUNDED_REBASING.md	canonical	elliptic-curves	EC-ICARM-WGXLI-R17-BOUNDED-REBASING	88d0bd78798005233d9a348c2e414be870a500965893868c21dab73069386592
elliptic-curves/notes/ICARM_WGXLI_RANK17_FIRST_JET_ELIMINATION.md	canonical	elliptic-curves	EC-ICARM-WGXLI-R17-FIRST-JET	dd4fcafa1a98fa8178804d1e0b802ae30945b717b39c4766eb3dfd08d70ec64d
elliptic-curves/notes/ICARM_WGXLI_RANK17_LINEAGE.md	canonical	elliptic-curves	EC-ICARM-WGXLI-R17-LINEAGE	4c858a360c2420a4ef1ffbba24c6b08048a7ee7d1dd35b5f25b99b42f87a4906
elliptic-curves/notes/INVENTORY185_INCIDENCE_2026-09-06.md	canonical	elliptic-curves	EC-INVENTORY185-CROSS-FAMILY-INCIDENCE-20260906	11c806fdf7c77175ae5b9a31354786e9a5c66996757ee1c07a35c0d55cceab0a
elliptic-curves/notes/INVENTORY187_CONDUCTOR_BOUNDS_2026-09-06.md	canonical	elliptic-curves	EC-INVENTORY187-CONDUCTOR-BOUNDS-20260906	a52c321f06a6f4dcc4dadea2d8e902d570533235f5acac64406eda31d6f9d278
elliptic-curves/notes/INVENTORY188_CHART_COVERAGE_2026-09-07.md	canonical	elliptic-curves	EC-INVENTORY188-KNOWN28-CHART-COVERAGE-20260907	a8a53d26f1d4eb8341107f018fd3a63f08488fa01b44d83ffff80ce2ec4983c8
elliptic-curves/notes/INVENTORY188_EXCEPTIONAL_DIRECTION_RECOVERY_2026-09-07.md	canonical	elliptic-curves	EC-INVENTORY188-POINT-SEARCH-RECOVERY-20260907	ec35e582587a527dac454fc91f4347cdc9e95039017a5cdc95ad877f14784949
elliptic-curves/notes/INVENTORY201_TABLE_AND_CONDUCTORS_2026-09-07.md	canonical	elliptic-curves	EC-INVENTORY201-README-METRICS-20260907,EC-INVENTORY201-CONDUCTOR-CONTINUATION-V2-20260907	a49599206a04f7085d425900d3e4a96a255cf47b37c9e93a9f99a7073355084e
elliptic-curves/notes/INVENTORY70_CROSS_FAMILY_INCIDENCE_2026-09-06.md	canonical	elliptic-curves	EC-INVENTORY70-CROSS-FAMILY-INCIDENCE-20260906	3b047c471cb0eaaf68d680e1d0d0ff2dc4657645e472c889cc90dfee82ed4278
elliptic-curves/notes/INVENTORY_REFRESH_2026-09-09.md	canonical	elliptic-curves	EC-R17-PANEL-08234-HIGH02-TABLE-METRICS-20260910,EC-INVENTORY321-CONDUCTOR-SNAPSHOT4-20260909,EC-INVENTORY291-CONDUCTOR-SNAPSHOT3-20260909,EC-INVENTORY291-CONDUCTOR-SNAPSHOT2-20260909,EC-INVENTORY291-CONDUCTOR-SNAPSHOT-20260909	69a085ad843e7b5061d1bca98cc6400df313b19d2d9148858d892cd56ee02302
elliptic-curves/notes/INVENTORY_SEED_SUPPLEMENT_2026-09-08.md	reference	elliptic-curves		bf6911ecb529520b6b06fb14a8e3b1c906cc4eb910fa5d54887888c7ceb7cefe
elliptic-curves/notes/JOINT11952_FRESH_ANNULUS_2026-09-06.md	canonical	elliptic-curves	EC-JOINT11952-HIGHER64-POINT-EXPOSURE-20260906	69f5174c92aec739b3d554c800a39d98f3f7f11d6e5587b4e51f14f626a7eee6
elliptic-curves/notes/KIHARA_CONIC_RANK13_CONSTRUCTION_2026-09-07.md	canonical	elliptic-curves	EC-KIHARA-CONIC-PRIMITIVE-RANK13-20260907	3cbe88b538c45e98424d3891f5e420084a01b4207317c67805d84e77fea7298b
elliptic-curves/notes/KIHARA_FIRST_PARENT_PICARD_AND_RANK_2026-09-07.md	canonical	elliptic-curves	EC-KIHARA-FIRST-PARENT-PICARD-20260907	d4714f8d22fefe31d075e11834dace9cabde2c4c6f1d619560989f5d8e68f6d8
elliptic-curves/notes/KIHARA_PARENT_EXPANSION_AND_SEED_INDEX_2026-09-07.md	canonical	elliptic-curves	EC-KIHARA-FOUR-PARENT-EXPANSION-20260907	81f180c8d70699a2599b0e9bf3a877dddb4f49a6c10ace2e5944813b12a4b1cc
elliptic-curves/notes/KIHARA_POSITIVE_PARENT_POINT_PILOT_2026-09-07.md	canonical	elliptic-curves	EC-KIHARA-POSITIVE-PARENT-FIBRE-PILOT-20260907	ffdfa6896705564609551f3a30376652b958794b487e7ce87c1bf5990142444d
elliptic-curves/notes/KIHARA_QUADRATIC_SECTION_AND_PARENT_COVERAGE_2026-09-07.md	canonical	elliptic-curves	EC-KIHARA-FIRST-PARENT-FULL-GEOMETRIC-NS-20260907,EC-KIHARA-UNRESTRICTED-SECTION-AND-PATH-COVERAGE-20260907	a57eaf53909616e07f1671ef8e08838b59b4d570cd3dab428c5637ac0a097453
elliptic-curves/notes/KIHARA_RANK14_IDENTITIES.md	reference	elliptic-curves		d7fd3c959a398224b137ce1d907a686a7c32e0fdb725211422e58cef39a19158
elliptic-curves/notes/KIHARA_THREE_POSITIVE_PARENT_EXPANSION_2026-09-07.md	canonical	elliptic-curves	EC-KIHARA-THREE-POSITIVE-PARENTS-20260907	3fb5688382cde4fc17121c3db2b192781fd79ffc55d465711d2761bbf02776df
elliptic-curves/notes/LATENT_LATTICE_CALIBRATION.md	reference	elliptic-curves		b5fb31e2287e9266316083eea00ee9dc5d9c83e416eefde77e678541199e120b
elliptic-curves/notes/LATENT_LATTICE_REVERSE_ENGINEERING_REPORT.md	reference	elliptic-curves		f42ed0139f3cbcc124fc023ac3723c7344dde6bf539165babb855123ed843776
elliptic-curves/notes/LATEST_EIGHT_CROSS_FAMILY_INCIDENCE_2026-09-06.md	canonical	elliptic-curves	EC-LATEST8-CROSS-FAMILY-INCIDENCE-20260906	9a0278957a99358b6ce58e6d6dc37d9ac9e7b6b4c35dbb70d2105ce7ab70ead9
elliptic-curves/notes/LOCAL_FEATURE_RANK25_2026-09-06.md	canonical	elliptic-curves	EC-LOCAL-FEATURE-NEW-RANK25-20260906	242c4350455a364527c0fc6b559063440bc86b3c2ca64516d1d75aca132c8fc9
elliptic-curves/notes/LOWHEIGHT_FRESH6_SEED_COHORT_2026-09-09.md	canonical	elliptic-curves	EC-LOWHEIGHT-FRESH6-FIRST-M18-20260909,EC-LOWHEIGHT-FRESH6-AMPLIFICATION-20260909,EC-LOWHEIGHT-FRESH6-103B2-M25-20260909,EC-LOWHEIGHT-FRESH6-07CA9-M24-20260909	9a1275d55e4a983af5ae29bedaaba592d01687bae49e697322bfce3f869c92c8
elliptic-curves/notes/LOW_HEIGHT_MW_SUBLATTICES_2026-09-06.md	canonical	elliptic-curves	EC-LOW-HEIGHT-MW-SUBLATTICES-20260906	cc4114deb4f0e8acf95a43a0ed9bd316c96c331d9442e7f358420f3e6b9704a6
elliptic-curves/notes/M18_LANDSCAPE_COMPARISON_2026-09-08.md	canonical	elliptic-curves	EC-M18-FROZEN-LANDSCAPE-COMPARISON-20260908	9b6bea9c5d5f92b9a86c6b3aed8d3fef9983b7117d84b793a179069333e409e8
elliptic-curves/notes/MESTRE_AFFINE_SECTION_MODULI.md	canonical	elliptic-curves	EC-MF2S13,EC-MD235,EC-MD235-SEED-RELATION,EC-MD235-GENERIC-RELATION,EC-MD6C	b561532d35e3e68e7977a54020159e8fd85cbd3b98277b3f11c3d29fe36a388d
elliptic-curves/notes/MESTRE_DEGREE3_COMPONENT_GATE_2026-09-07.md	canonical	elliptic-curves	EC-MESTRE-DEGREE3-COMPONENT-GATE-20260907	6e96ed94d5f4a4aba599e3c847c8b145ad1364477fe88d80a33b668c32656963
elliptic-curves/notes/MESTRE_DEGREE_THREE_PENCILS_2026-09-07.md	canonical	elliptic-curves	EC-MESTRE-DEGREE-THREE-PENCIL-GATE-20260907,EC-MESTRE-RETAINED-DEGREE-THREE-PORTFOLIO-20260907	70cd31807428a11429d3fd444bf8ccaf27eeb09e11b6595459190939214e37d6
elliptic-curves/notes/MESTRE_DEGREE_TWO_RANK_GATE_2026-09-07.md	canonical	elliptic-curves	EC-MESTRE-ALL-DEGREE-TWO-MW13-BOUND-20260907	f3966c287920a4ab3295631c48b08f27f24c6f82616972413c2aadb1daf3773e
elliptic-curves/notes/MESTRE_DETERMINANT468_PARENTS_2026-09-07.md	canonical	elliptic-curves	EC-MESTRE-SIX-DETERMINANT468-PARENTS-20260907	be865ca463aa08ef2bfb9248cea85758bc6ddbeac52d7b832ee74860f5f7ded6
elliptic-curves/notes/MESTRE_DSQUARE_FOUR_SCREEN.md	canonical	elliptic-curves	EC-MD17	9d28c731a11fb0dd3e21036db245572d8b911759de2b3bc483f74f37e278358c
elliptic-curves/notes/MESTRE_DSQUARE_RANK19_FRONTIERS.md	canonical	elliptic-curves	EC-MD19	e7230da4bb215f66c3157ccf8b7690154bca309d481f5ab7c75758406f25d3d4
elliptic-curves/notes/MESTRE_EXPLICIT_CHORD_FIBRATIONS_2026-09-07.md	canonical	elliptic-curves	EC-MESTRE-NINE-EXPLICIT-CHORD-FIBRATIONS-20260907	126392ff25a8070867c1dd28c4e385cb8a5c390792267e4e47a21477dd0cc8cc
elliptic-curves/notes/MESTRE_FULL_NS_GRAMS_2026-09-07.md	canonical	elliptic-curves	EC-MESTRE-SIX-FULL-NS-GRAMS-20260907	cd1512caa483d4eb93ee5b3397f2f1ae7f16203732b3d47d93d9dde8ffc83c5d
elliptic-curves/notes/MESTRE_PARENT_CALIBRATION_2026-09-07.md	canonical	elliptic-curves	EC-MESTRE-PARENT-CALIBRATION-20260907,EC-MESTRE-PARENT-QUOTIENT-GEOMETRY-20260907	f4882085b08a7ac92bcf29ff1ba3d85f328be8d71f4c56f3ad2a8e60f23b4045
elliptic-curves/notes/MESTRE_RANK13_02393128133175.md	canonical	elliptic-curves	EC-MR13	4d1d8d22cc152ea70e49eb32d48cbb96443b77879299cf9e4714393096edb84f
elliptic-curves/notes/MESTRE_TWO_SECTION_INCIDENCE_GERM.md	canonical	elliptic-curves	EC-M2S-GERM	05bbe89b161a3847e8697f5cfd4a65f12a35871f73568c180e25b83abad8243e
elliptic-curves/notes/MILLION_HEIGHT_AND_MW16_EXTENSION_2026-09-06.md	canonical	elliptic-curves	EC-MW16-THREE-NEW-RANK26-20260906	a10f0473ae04a5b4bb914d99fac8a3c19a08a3a3a60068af406c892d2b256878
elliptic-curves/notes/MIXED_REDUCED_PARENT_POINT_EXPOSURE_2026-09-07.md	canonical	elliptic-curves	EC-MIXED-REDUCED-PARENT-POINT-EXPOSURE-20260907	12df0906e7764590b1711bd456bc32546c06137f13df27afeea0f32a60d3ca82
elliptic-curves/notes/MW16_FRESH_OUTER_RETENTION_2026-09-06.md	canonical	elliptic-curves	EC-FRESH-MW16-FOUR-OUTER-CURVES-20260906	7015331a0415182091710c05a39f550dbb5ad16f0d6d48db19de741580491206
elliptic-curves/notes/MW16_FULL_SCORE_OUTER_PREPARATION_2026-09-06.md	reference	elliptic-curves		2a248b00d7137a8aa5064aa6185d04cd6486e9bf4b9c6284130af316bd5c83ef
elliptic-curves/notes/MW16_JOINT_HIGHER_ANNULI_2026-09-06.md	canonical	elliptic-curves	EC-MW16-HIGHER60-POINT-EXPOSURE-20260906	8640cec2a1e5cc95998b8b09f1852c0386f6a5b228c0a7545eaeaeef2c4ad120
elliptic-curves/notes/MW16_OMITTED_GOOD_PRIMES_2026-09-06.md	canonical	elliptic-curves	EC-MW16-OMITTED-GOOD-PRIMES-20260906	e2d1d43363a00be5596a56b8b4f6aa997d9516ab8296814fd7bebbe9a4ac3540
elliptic-curves/notes/MW16_OUTER_PARAMETER_BANDS_2026-09-06.md	canonical	elliptic-curves	EC-MW16-OUTER-BANDS-TWO-RANK23-20260906	68c138e170c8c5c0135d5d5f1f35d8a2428cf510a288ab3315776348b34a861a
elliptic-curves/notes/MW16_RANK27_VISIBILITY_AND_TRANSLATION_CLASSES_2026-09-06.md	canonical	elliptic-curves	EC-MW16-RANK27-TRANSLATION-VISIBILITY-20260906,EC-MW16-RANK27-MILLION-CENSORED-20260906	99ef2d2d123be55ae635cb244c3d90c0f8310da317a4ca922494909b63119a1a
elliptic-curves/notes/MW16_SENSITIVITY_RECOVERY_2026-09-05.md	canonical	elliptic-curves	EC-K3-ICARM-MW16-SENSITIVITY	3055c3c6ed2eb4d79ba98ff3a461fb28c578d7b11eb2158ef16968294e07b6cd
elliptic-curves/notes/MW17_JUMP_V2_2026-09-04.md	canonical	elliptic-curves	EC-K3-MW17-JUMP-V2-ZERO-GAIN-RESCUE	4d30ebecf42348a238a2b862569bdc674eefbb9cd05f89540391df57d415f973
elliptic-curves/notes/MW18_DEEP_CENTRE_CALIBRATION_2026-09-05.md	reference	elliptic-curves		1db01a022252b290ea94472beadfe69488cabd3610286bf364508f27ad97a176
elliptic-curves/notes/NAGAO_SECTION7_RANK_JUMP_REPLAY.md	reference	elliptic-curves		9fdb19e068eede9d7de13e802c6722cca1b932921bf15e8434c92afeeb471338
elliptic-curves/notes/NATIVE_CARRIER_THIRD_DIRECTION_2026-09-06.md	canonical	elliptic-curves	EC-NATIVE-CARRIER-EXPLICIT-THIRD-DIRECTION-20260906,EC-NATIVE-CARRIER-FULLSPAN-CUBE-HEIGHTS-20260906,EC-NATIVE-CARRIER-AUXILIARY-TWO-SATURATION-20260906	5134023d1e7e9f794e3056a16aa870589e498e3fb13a91eb02e6c8568593cdb7
elliptic-curves/notes/NATIVE_RANK3_CARRIER_IMAGES_2026-09-06.md	canonical	elliptic-curves	EC-NATIVE-RANK3-CARRIER-IMAGE-HEIGHTS-20260906,EC-NATIVE-CARRIER-TWELVE-RANK19-20260906	c027d78394269107e4d4b426601f427870ac87d2fd9dd4c1cd400fd32ce6b914
elliptic-curves/notes/NEW11952_OUTER_ANNULUS_2026-09-06.md	canonical	elliptic-curves	EC-NEW11952-OUTER64-POINT-EXPOSURE-20260906,EC-NEW11952-FOUR-MASKED-RECOVERIES-20260906	bf22467479dd9aaee494fd06f9f35259f29f0ad4092103954854b198edac601e
elliptic-curves/notes/NEW27_SMALL_PRIME_SATURATION_2026-09-06.md	canonical	elliptic-curves	EC-NEW27-SMALL-PRIME-SATURATION-20260906	1cf6988b785a408c6bb9c2fd0972186a57773dea721d06043b4c6c79818bff40
elliptic-curves/notes/NEWFAMILY_HIDDEN_GENERIC_BASIS_AND_HALF_LATTICE.md	reference	elliptic-curves		a2dc1283b9c63bff80fbca2e043367c431c6d25577b532748e16217fbb3e1571
elliptic-curves/notes/NEWFAMILY_QUARTIC_ROOTS_AND_CONSTANT_SECTIONS.md	reference	elliptic-curves		d8e91a6960c707c4d7a076e15fc661e048281c160997e48d861d742d05257d59
elliptic-curves/notes/NEWFAMILY_RANK14_T83_6.md	canonical	elliptic-curves	EC-NF-R14	4be6afe0b95f2dfe3410de62d883d2f4002e2e0350508228f6936e2dd23b3af1
elliptic-curves/notes/NEWFAMILY_REPLAY_CHECKLIST.md	reference	elliptic-curves		472466fd99705c46b975630acef94159f06d80e3c6af471fbda434b1aaa98400
elliptic-curves/notes/NEWFAMILY_SEVEN_EXTRA_RANK9.md	reference	elliptic-curves		467357ad1f3eea0a84222f7b1174ac22a113587b086649397b5c9036d79ff21b
elliptic-curves/notes/NEW_COMPACT_ATLAS_CURVES_2026-09-05.md	canonical	elliptic-curves	EC-COMPACT-ATLAS-NEW-CURVES-20260905	7acd2dba9ae8e2fb9a1161a4090a24158f6c24b8c14657ee631f22a40ece25ad
elliptic-curves/notes/NEW_COMPACT_R17_CURVES_2026-09-05.md	canonical	elliptic-curves	EC-COMPACT-R17-NEW-CURVES-20260905	7f8ef56e174547395261cd8e92c7945053f9220ba0b2ce57950a8fc448a12624
elliptic-curves/notes/NEW_COMPACT_RANK26_CURVE_2026-09-05.md	canonical	elliptic-curves	EC-NEW-COMPACT-RANK26-20260905	ac2a090352e03b98ca5e8345bc2670bfe92d84d0f43387d575a70ceba6612af3
elliptic-curves/notes/NEW_CURVE_CONDUCTOR_RECORD_SCREEN_2026-09-07.md	canonical	elliptic-curves	EC-INVENTORY201-CONDUCTOR-RECORD-SCREEN-20260907	9e092f75cd14bf31b398e15f29c26aa477a3fb269f2e00ecfc361d77d30c075a
elliptic-curves/notes/NEW_MW16_RANK27_2026-09-06.md	canonical	elliptic-curves	EC-NEW-MW16-RANK27-20260906	904ea9f1c0c1a0ed1b32093fa623d258cbe98d50b575379675fba5f129b36b27
elliptic-curves/notes/NEW_RANK26_FOLLOWUP_2026-09-05.md	canonical	elliptic-curves	EC-LATEST7-CROSS-FAMILY-INCIDENCE-20260905	7efb39083fc2b714d0f67f51249a210cca9269891e2626df3cf22c289d8885d3
elliptic-curves/notes/NEW_SMALL_CONDUCTOR_CURVE_2026-09-05.md	canonical	elliptic-curves	EC-PROSPECTIVE-MW16-NEXT12-NEW-CURVES-20260905,EC-NEW-RANK22-SMALL-CONDUCTOR-20260905,EC-SMALL-CONDUCTOR-TARGETED-STUDY-20260906	0e945bf09dd10a5ae214eee2abbee10a3c23732eb406b610851f071933cd98d6
elliptic-curves/notes/NEXT24_RANK27_DISCOVERY_2026-09-06.md	canonical	elliptic-curves	EC-NEXT24-NEW-RANK27-20260906	01fd738efddff9fdd9c5b392c0a058bf498c296c14f7bf4cbf90fba1cde2ca86
elliptic-curves/notes/ORBIT8044_SEED_FACTORY_2026-09-08.md	canonical	elliptic-curves	EC-ORBIT8044-PARAMETRIZED-SEED-FACTORY-20260908	fa278a076076d15d52a2d20d471ccc598717d3e484c50803e28afa79d570fda3
elliptic-curves/notes/OUTER131072_TRIAL_2026-09-06.md	canonical	elliptic-curves	EC-OUTER131072-POINT-EXPOSURE-20260906	5771d1f2dffe612d06f7f0e59bd7e683c9eb51c62d4a5d2e12eb074ced136bec
elliptic-curves/notes/PAIRED_PRODUCT_SCORE_2026-09-06.md	canonical	elliptic-curves	EC-PAIRED-PRODUCT-SCORE-AUDIT-20260906	b180a87ef37d17050e3e3b704cc57afa08558a0d543c92e02b29106a2681a326
elliptic-curves/notes/PARENT_PORTFOLIO_AND_SECTION_LABEL_AUDIT_2026-09-07.md	canonical	elliptic-curves	EC-PARENT-PORTFOLIO-SIX-MESTRE-20260907	33c913de66d66663590758b67c76efdac0b955f9c331fd6a79e6fd3864d07db8
elliptic-curves/notes/PARENT_SEARCH_FOUNDRY_2026-09-10.md	canonical	elliptic-curves	EC-PARENT-FOUNDRY-NEW-A1-CONSTRUCTIONS-20260910	408b61e67e5748db668cca7ac734d96eb9ea7f5280a0700060aa5388016e2726
elliptic-curves/notes/POINTED_QUARTIC_CENTRE_CLASSES_2026-09-07.md	canonical	elliptic-curves	EC-POINTED-QUARTIC-CENTRE-CLASSES-20260907	cf651528111a19627b6d842e373844b919871a5319bcbced662a7dbb7b7a8d60
elliptic-curves/notes/POINTED_QUARTIC_SEARCH.md	reference	elliptic-curves		84b66af3e3f98eb274e66a0b1fcbe892e5160ef035e5c24975a515c74bed51a4
elliptic-curves/notes/POINTED_QUARTIC_SIEVE.md	reference	elliptic-curves		da1e1f6f1dd83145a13b45697326fd3d0bd79416862b5ccc3b0b11f5fc534574
elliptic-curves/notes/PRINCIPAL28_EXCEPTIONAL_ANCESTRY_2026-09-12.md	canonical	elliptic-curves	EC-PRINCIPAL28-EXCEPTIONAL-ANCESTRY-20260912,OP-EC-RANK-JUMP-MECHANISM-20260910	bdf847223440f589d340416d4de691b5696bc9f4a2e51420a8ac74c9553b5c44
elliptic-curves/notes/PRODUCTIVE_PARENT_SPAN_REASSESSMENT_2026-09-09.md	reference	elliptic-curves		34bb1899e4348eab953d2afa791310ae7c8c2bafc032f777db1653cb82c5fa6e
elliptic-curves/notes/PRODUCT_FIRST_RETENTION_2026-09-06.md	canonical	elliptic-curves	EC-PRODUCT-FIRST-RETENTION-AUDIT-20260906	389620f9d2fc1de7d722acd4fecb97655a0039d5442ec87ad1be974951197a94
elliptic-curves/notes/PROSPECTIVE_COMPACT_MW16_PILOT_2026-09-05.md	canonical	elliptic-curves	EC-PROSPECTIVE-COMPACT-MW16-NEW-CURVES-20260905,EC-PROSPECTIVE-COMPACT-MW16-WIDE-NEW-CURVE-20260905	d857052ef6e56893f7a309631aa1e0b2f0ffe5655191f8a013ceece898e4ded2
elliptic-curves/notes/QUOTIENT_GEOMETRY_TABLE_2026-09-04.md	reference	elliptic-curves		8c8857a79b70daa04420cae4cec4f445a8f8053d2dd0da4aeaca9a0dd3255fdb
elliptic-curves/notes/R17_FROZEN_NAGAO_SHELL_2026-09-02.md	reference	elliptic-curves		e88ae6b6a609318bc68c4202a8ff9ae86ab4114dd9e6bf13a9579f057b2d8ee6
elliptic-curves/notes/R17_FULL_SCORE_RANGE_PREPARATION_2026-09-06.md	canonical	elliptic-curves	EC-R17-FULL-SCORE-PRIME-MINIMALITY-20260906	a465b34a15299ae7d39d590aced0f5d12750d14761b4b5c6406298965f8c1245
elliptic-curves/notes/R17_INTEGRAL_13_PARAMETER_CHARTS_2026-09-06.md	canonical	elliptic-curves	EC-R17-13-SCALE-CLASSIFICATION-20260906	e0fde8f29b9f4a434d8d4e535f0bead196c9f98bdcd290cd96016ef577b6a0f1
elliptic-curves/notes/R17_MW29_RELATIVE_SCLASS_RETRY_2026-09-04.md	reference	elliptic-curves		cfbb9d8c599e98de96b4120f8763e385bb8ea5eaaad91e96539acf278e7e748d
elliptic-curves/notes/R17_RECORD_PAIR_HIGHER_2POWER_SELMER_PROGRAM.md	reference	elliptic-curves		052182092f7db4dd02bff4e1e3670daf1225e68f3e8422b54d9236506e41cf33
elliptic-curves/notes/R17_REFRESH_BLIND_JUMP_LADDER_2026-09-04.md	canonical	elliptic-curves	EC-K3-R17-REFRESH-BLIND-JUMP-LADDER	0d7dd24491ecd60986f4497bf0982b828e4d96e3ec9087cc12efae778d230c44
elliptic-curves/notes/R17_SCALING_PRIME_SUPPORT_2026-09-06.md	canonical	elliptic-curves	EC-R17-SCALING-PRIME-SUPPORT-20260906	b64386bd3d1e843b62624160cf93629d938ba4f9548be416579d7fa929f9f0f2
elliptic-curves/notes/R17_SIXTY_SEED_COMPLEMENT_PANEL_2026-09-09.md	canonical	elliptic-curves	EC-R17-SIXTY-SEED-COMPLEMENT-PANEL-20260909	45857828a7851d6a90f8bf9e8a9731c0037c8011f2fadc7d12ddf2fd2cc1a953
elliptic-curves/notes/R17_SMALL_FIELD_CLASS_QUOTIENT_LAB.md	reference	elliptic-curves		9b2538e60753cdcc701c641c1468c6b1ca83cf6f3c62db2d2ceb0b70632d8590
elliptic-curves/notes/R17_SMALL_PRIME_MINIMALITY_2026-09-06.md	canonical	elliptic-curves	EC-R17-SMALL-PRIME-MINIMALITY-20260906	f9c65d439304d7d6770f8d06cc2db79db078edea822e6caba2dc3a2656432d1b
elliptic-curves/notes/R17_TRAINING_DATA_PROTOCOL.md	canonical	elliptic-curves	EC-K3-R17-TRAINING-EXACT-ARITHMETIC-GROUP-GATE	5f9fa7022401e21e9f0ae69b8cc63a2f9555150116d51984500cec5b10a4d78b
elliptic-curves/notes/RANK_JUMP_DIAGNOSTICS_2026-09-05.md	reference	elliptic-curves		b9ec91a968fa3661912624d7e584c3cdf6c92baf361b17ba668293e96995328a
elliptic-curves/notes/RANK_JUMP_LABORATORY.md	reference	elliptic-curves		cc0f2953376a187e01a6a1e6578604ee976df8c1e59e72fc263b323f8917aded
elliptic-curves/notes/RANK_JUMP_REASSESSMENT_2026-09-05.md	reference	elliptic-curves		406db25932e6bb064de5afa6aeb44540f708e4842b5d6052c9fd246b48209683
elliptic-curves/notes/RANK_TRIANGLE_ANCESTRY_AND_DESCENT_2026-09-12.md	canonical	elliptic-curves	EC-RANK-TRIANGLE-BOUNDED-ANCESTRY-PANEL-20260912	e51982bb641e8a7e7dc0131100025d11ca48dd85005a867dcf4c54f0458e2927
elliptic-curves/notes/RECORDED_POINT_ADMISSION_AUDIT_2026-09-05.md	canonical	elliptic-curves	EC-RECORDED-POINT-MOD2-ADMISSION-AUDIT-20260905	85eef5161ff17a8d6f61f67fc5fd1e5a6ba34095bd1f5e1fbff8e7d6c2d8d5c2
elliptic-curves/notes/RECORD_CURVES_273_302_FIRST17_SUBGROUPS.md	reference	elliptic-curves		9f62e8a90ef28fd9977573bd4cd8ed6f014b67655aa32cae6fa453c62b288183
elliptic-curves/notes/RECORD_CURVES_28_29_273_302_HEIGHT_LATTICES.md	reference	elliptic-curves		c66b0d79ce2da21702a5e59c81c5b716572ec55c2c061d39bd6f19458e99c7bb
elliptic-curves/notes/RETAINED26_SOURCE_GAPS_AND_COMPLETED_EXPOSURE_2026-09-07.md	canonical	elliptic-curves	EC-RETAINED26-SOURCE-GAP-EXPOSURE-20260907	86ccf18fb82d1573a24b23836e9a7953ef41fb14a15c745052924cc12ee16ac3
elliptic-curves/notes/RETAINED_MW16_NEAR_FINALISTS_2026-09-07.md	canonical	elliptic-curves	EC-MW16-RETAINED-NEAR-FINALISTS-20260907	9d76d9f4a4b9393cd029e5968983f2a22d247df6bbfe89c9f336146e703cb19a
elliptic-curves/notes/RETAINED_MW16_SCORE_STRATA_2026-09-06.md	canonical	elliptic-curves	EC-MW16-RETAINED-SCORE-STRATA-NEW-RANK25-20260906	861eca9e014e921daaeb078e8a5f1500ea4bb8273cdf25807f2abc59cef7f908
elliptic-curves/notes/RETAINED_OUTER_AND_NATIVE_EXPOSURE_2026-09-07.md	canonical	elliptic-curves	EC-RETAINED-OUTER26-EXPOSURE-20260907,EC-RETAINED-NATIVE19-FACTOR-FREE-EXPOSURE-20260907	54e952b22359bbc1b71ee07d0782d395836e60f2d5533f568934e9047ce92332
elliptic-curves/notes/RETENTION_RANK27_FOLLOWUPS_2026-09-06.md	reference	elliptic-curves		0182916245ce60f405f3ff0fec16b053c28d025ea667a5c59e413c20ac21b60f
elliptic-curves/notes/SEARCH_IMPROVEMENTS_FROM_PARALLEL_RESULTS_2026-09-07.md	canonical	elliptic-curves	EC-RETAINED-NORM-RAMIFICATION-PREFLIGHT-20260907	f6d14f2c292f0509b70d3ba29840e305aca7cd9a6458b69d205bf221c9b9e7f3
elliptic-curves/notes/SECOND_FRESH6_SEED_COHORT_2026-09-09.md	canonical	elliptic-curves	EC-SECOND-FRESH6-FIRST-M18-20260909,EC-SECOND-FRESH6-103B2-M20-20260909,EC-SECOND-FRESH6-103B2-M23-20260909,EC-SECOND-FRESH6-103B2-M26-20260909,EC-SECOND-FRESH6-11952-M22-20260909,EC-SECOND-FRESH6-08234-M22-20260909,EC-SECOND-FRESH6-074D9-07CA9-M20-20260909	fe1c1b878309135716d276ab67510489348849f159787f31952b3df625c1cd98
elliptic-curves/notes/SHARED_RESEARCH_RUNTIME.md	reference	elliptic-curves		8a70dd6e56368143093261c023f3854a735ac4c81765c166427f2e233bc11db6
elliptic-curves/notes/SKEW_PARAMETER_BOXES_2026-09-06.md	canonical	elliptic-curves	EC-SKEW-PARAMETER-AUDIT-20260906	9a4c8f6a58e124a4f0b97f3cef2584e54127f53d246f3cd69e9bbee290384367
elliptic-curves/notes/SMALL_CONDUCTOR_CLASS_COMPLETION_PROOF_2026-09-06.md	canonical	elliptic-curves	EC-SMALL-CONDUCTOR-CLASS-TARGET-20260906	4bccd42eb5c7dc809135937f6ddbcc5f6e00af9b50cd16b485edcfc1e5f41f36
elliptic-curves/notes/SMALL_CONDUCTOR_CLASS_TARGET_2026-09-06.md	canonical	elliptic-curves	EC-SMALL-CONDUCTOR-CLASS-LOWER16-20260906,EC-SMALL-CONDUCTOR-CLASS-CHARACTERS-20260906	ed48b2bc14c8e4cb3448d32dc3c0e71e7a71d15d229b622611b3630e04a2a3ab
elliptic-curves/notes/SMALL_CONDUCTOR_DESCENT_SHORTCUT_2026-09-06.md	canonical	elliptic-curves	EC-SMALL-CONDUCTOR-DESCENT-SHORTCUT-20260906,EC-SMALL-CONDUCTOR-NORM-BATCH-20260906,EC-SMALL-CONDUCTOR-SPECIAL-PRIMES-20260906,EC-SMALL-CONDUCTOR-SMALLER-BASE-20260906,EC-SMALL-CONDUCTOR-SMALL-BASE-TARGETS-20260906	4ebff5116bf4ce69c8eb0ebb6cf1d0bf3dd4613bcaba6c8558895649a3b5d748
elliptic-curves/notes/SMALL_CONDUCTOR_FOLLOWUP_2026-09-05.md	reference	elliptic-curves		05f306e9a224d75082cbdbd5e68319cb92606ed62122e9345618c8d571a35ff9
elliptic-curves/notes/SOLUBLE_PAIR_CARRIER_HEIGHT_GATE_2026-09-06.md	canonical	elliptic-curves	EC-SOLUBLE-PAIR-CARRIER-HEIGHT-GATE-20260906,EC-SOLUBLE-PAIR-INVARIANT-HEIGHT-GATE-20260906,EC-SOLUBLE-PAIR-ANCHOR-EXACT-SPAN-20260906	f4a23fee08389ddeae656680688ac77cc36a0e1bcee00b87094fd572b3818ac0
elliptic-curves/notes/SPECIALIZED_PARITY_CONTROL_2026-09-06.md	canonical	elliptic-curves	EC-SPECIALIZED-PARITY-CONTROL-20260906	d03e7ef80ac290c99d83acd08067751feb20f1dd690d9152bd9920b308572ae8
elliptic-curves/notes/STRUCTURAL_SEARCH_GROUNDWORK.md	reference	elliptic-curves		4378bbd82c9a138a18024a21b75175227aededee6abe65d6ad00eef389a84b2a
elliptic-curves/notes/SUBMITTED627_630_BAD_PRIMES_2026-09-07.md	canonical	elliptic-curves	EC-SUBMITTED627-630-EXACT-CONDUCTORS-20260907	d1445b796f58a85e9e6a5e12e27598e546bbb51061b3fc2d59df2c3b581eeaba
elliptic-curves/notes/TRANSLATED_HEIGHT_AND_DISCARDED_SHARDS_2026-09-06.md	canonical	elliptic-curves	EC-NATIVE29-TRANSLATED-HEIGHT-20260906,EC-DISCARDED-SHARD-NEW-CURVES-20260906	bacce9e7b5f36d1af6010fa2493ec373448d80b8f48ce35086726a6f4a33d921
elliptic-curves/notes/TWO_CLASS_RELATION_PILOT_2026-09-12.md	reference	elliptic-curves		e7539474d2c390ccd3a3dadee343151860a4e1a3cc260ba3c8a695abcc86e6ec
elliptic-curves/notes/UNATTENDED_NORM12_SEARCH_2026-09-09.md	reference	elliptic-curves		5b3ab0cef6b72278adaf02075559002648bb3a03ce10c5ac7f9695a6cb449fe4
elliptic-curves/notes/V3_DETACHED_HANDOFF_2026-09-07.md	reference	elliptic-curves		d3f1e5dae7f8cd3ca9c2d20de649d04d78a67b2bc9181c502833f2e8fa874743
elliptic-curves/notes/V3_FUTURE_SEARCH_PERFORMANCE_2026-09-08.md	reference	elliptic-curves		67aebf0f41fb17954ec529bd98777f77bf85c17fa180021d6c3845519150067b
elliptic-curves/notes/V3_TRANSFER_AUTORUN_2026-09-07.md	reference	elliptic-curves		9bd7da89ecd5ec8bf21d220af3e76bea7e997c8e464b5a0c7edcd2736b213d3c
elliptic-curves/notes/V3_TRANSFER_NEXT_STEP_2026-09-07.md	reference	elliptic-curves		b11743f68c41097865cec4935c27677d6c2b465c8e24295913ad13d095c2aade
elliptic-curves/notes/V3_WARM_RUNBOOK.md	reference	elliptic-curves		9cfc1c380946fce5bef3769d81a19b0f61aa2136ab592bfdb463a2fbbfac9506
elliptic-curves/notes/V4_SELECTION_CHECKPOINT_REPAIR_2026-09-08.md	reference	elliptic-curves		9ca5b8f7e3841ccf61e112f9e0b75038b0c9edb2898cb1741802888217ae022e
elliptic-curves/notes/WIDER_RETENTION_DISCOVERIES_2026-09-06.md	canonical	elliptic-curves	EC-WIDER-RETENTION-TWO-NEW-RANK27-20260906	5a8193b1b28ac3f537ca627c06e116bcedfde0f04e43776ef9cbe6f99960b2c7
elliptic-curves/notes/WIDE_ARITHMETIC_PROFILE_2026-09-12.md	reference	elliptic-curves		3b01be1424df1f412c8e8b2a107fcc1e60d5a8ff72e833e3f5c5dbf9e7281115
elliptic-curves/notes/X1092_CLASS1_FROZEN_ARITHMETIC_GATE_2026-09-10.md	reference	elliptic-curves		95c31163467da745bcff7e5a367cc427e572fbe82bf2e12aa407ac0bb7783ea2
elliptic-curves/notes/X1092_CLASS1_RATIONAL_MW17_REALIZATION_2026-09-10.md	canonical	elliptic-curves	EC-X1092-CLASS1-RATIONAL-MW17-20260910	92f7c528597a7f36093ea77f1816d7d895f7b7d304d6e95f4498ab0d782c8829
elliptic-curves/notes/X1092_CLASS3_RATIONAL_MW17_REALIZATION_2026-09-10.md	canonical	elliptic-curves	EC-X1092-CLASS3-RATIONAL-MW17-20260910	c764f0240d77d9c97853555946aa086f5a56c0c1725a3f5ba569fdd9e80039a4
elliptic-curves/notes/X1092_ELKIES_PAIR_SEARCH_2026-09-10.md	reference	elliptic-curves		e2186e0b74641471f7aebc2c01ed1154644a2d338ad3c2ea3d37baa746a8ff6d
elliptic-curves/notes/X1092_FRAME_BREADTH_COMMISSIONING_2026-09-10.md	reference	elliptic-curves		b427b5aed7d0ea989d1e043615b16d41421088f6f1de9554024712ad0ffbd603
elliptic-curves/notes/X1092_SEED_CARRIER_EXPERIMENT_LEDGER_2026-09-11.md	reference	elliptic-curves		538e2e9a52ebc152bb24a02ae958850089e65eaccc7061edc7cf33e810d3fce8
elliptic-curves/rank-jump/ADDITIVE_COLLISION_BLOCKS_HAVE_FULL_PRIVATE_RAMIFICATION.md	reference	elliptic-curves		29b8b90f8d54599e06b93afabc8f0c0bfcb8c85597c8eab2f456fa0877b7012b
elliptic-curves/rank-jump/ADDITIVE_COMPONENT_KUMMER_COMPATIBILITY.md	reference	elliptic-curves		d19f05a6592b46903d824dbc1c36cb75f2b43ab0ecb32d8c3390c39123b2e41b
elliptic-curves/rank-jump/ADDITIVE_NORM_CARRIERS_AND_THE_TEN_SECTION_NODE.md	reference	elliptic-curves		ba88950e6ccdda65868080fe33b62299658c25d4028825d9cba2d35dcb80fb56
elliptic-curves/rank-jump/AFFINE_SELMER_AND_CT.md	reference	elliptic-curves		de438211edfe87909f22da92f43730aaa3b7a85fa47e27caf2cbbf2c9a67d204
elliptic-curves/rank-jump/ALL_IN_FIELD_ROOTS_OF_THE_RETAINED_POOL_ARE_EXHAUSTED.md	reference	elliptic-curves		632f0a1d6a541fa56504b7e00bb51858ab2f9030fc8b53dfa826ef1c8d6a18bc
elliptic-curves/rank-jump/ANALYSIS.md	reference	elliptic-curves		af0a03ae068a9108d967a79be43de0c51585ac8d8d3f34e9c47b57adfe1d82f6
elliptic-curves/rank-jump/A_QUARTIC_GOVERNS_THE_LAST_GLOBAL_CLASS.md	reference	elliptic-curves		01d3bac2f07e1bed28b083aa6787a1eb78c40209cd46d68b52e092846c7c56ab
elliptic-curves/rank-jump/BAD_PLACE_CLASS_FIELD_BLOCKS.md	reference	elliptic-curves		e4f7bd32e162b9d1ac025c0abdae47996ea90cc6507ab1bcbe7ffa95024c7a2c
elliptic-curves/rank-jump/BAD_PRIME_QUOTIENT_SUPPORT.md	reference	elliptic-curves		2714cfb3ef094252f26386d0cffd745c64c962c41acf5104ff1d5fe258fdcfc4
elliptic-curves/rank-jump/BLIND_CONSTRUCTED_CLASS_RECOVERY_2026-09-12.md	canonical	elliptic-curves	EC-CONSTRUCTED-STRICT-BLIND-RECOVERY-20260912	dbca9c8cdc724287ad96d5cc8a9ce79c328e6545f83c404c3c9d22b6facc83c0
elliptic-curves/rank-jump/BRANCH_BLOCKS_AND_SPECIALIZATION.md	reference	elliptic-curves		edeff9d8ff47792ee77d69050ee2bf5e73de2b87625acf05741f284c854646a0
elliptic-curves/rank-jump/BRANCH_FIBRES_BOUND_NATIVE_CLASS_CREATION.md	reference	elliptic-curves		9858adb639669c580ddc31062abd2873219f7fa6e7b3e3d4907249bd4e9b6ad1
elliptic-curves/rank-jump/CANONICAL_DOUBLING_ERASES_THE_NATIVE_SOLUBILITY_CLASS.md	reference	elliptic-curves		43782bef7650bbc4d9debfb8c6a36c2357877922404feb253fc91ff7c288c05c
elliptic-curves/rank-jump/CARRIER_CLOSURE_AND_DEPENDENCY_CONTINUATION_2026-09-12.md	canonical	elliptic-curves	EC-MW16-MARKED-CARRIER-INCIDENCE-CLOSURE-20260912,EC-MW16-FROZEN-DEPENDENCY-CONTINUATION-OBSTRUCTION-20260912	097a68559709a5101c1b25cc048ad546dabcce9aad4f7e415da5c69e7d0cdfbb
elliptic-curves/rank-jump/CENTRAL_GOVERNING_FIELDS_CANNOT_CREATE_THE_JUMP_CLASSES.md	reference	elliptic-curves		5516323865b4e1aaa5072c666ef040d6b2d252df501861107d80beb83eec16e0
elliptic-curves/rank-jump/CLASS_CREATION_NEEDS_COMPLETE_RELATIONS_AT_TWO.md	reference	elliptic-curves		a1f97cb50164dffa96897725433f02a456b0f394760d72a77406437e34b27259
elliptic-curves/rank-jump/CLASS_CREATION_REQUIRES_NEW_UNRAMIFIED_COVERS.md	reference	elliptic-curves		01c9cacbf2bc6af3a3a551d48f04c4fd7c67504c32871ecd5e5e06091fef162d
elliptic-curves/rank-jump/COLLISION_DEFECTS_SPAN_ALL_NATIVE_CHARACTERS.md	reference	elliptic-curves		a404e61b2a73f09a905b0e5a32485bad65eec70079f2377eed4c82d42779a277
elliptic-curves/rank-jump/COLLISION_PRIMES_CONTROL_THE_REMAINING_LIFT.md	reference	elliptic-curves		49de1a693f78ef08901f0ae7f55e5cd31c648f5253b99117f9d6da12281cf84e
elliptic-curves/rank-jump/COMPACT_SUNIT_CORRECTIONS_REMAIN_UNCONSTRUCTED.md	reference	elliptic-curves		00af12351421483f873f7f0306c051fd49e5c1de0f2f9e70a1657bd9fb941522
elliptic-curves/rank-jump/CONDITIONALLY_EXACT_SOLUBLE_BLOCK_REFERENCE.md	reference	elliptic-curves		ac2b1482fbb2641bbf412109fa2aaaabdff963a40192759f306d6498755b0058
elliptic-curves/rank-jump/CONSTRUCTED_CLASS_BLOCK_AND_RATIONAL_LIFTS.md	reference	elliptic-curves		74e93a0206f25f93d349c413f62ccd02525728cbabf4e375ee8ececd874a3c58
elliptic-curves/rank-jump/CT_VARIATION_AND_BLOCKS.md	reference	elliptic-curves		a5c8ee02eb58c11241f25f71e098d42440fe9641995641d122f6bc42cf10ae4d
elliptic-curves/rank-jump/CUBIC_BRIDGE_AND_NORM_GAP.md	reference	elliptic-curves		1fb8c7c37aeef2f9888e0b13bbc543fb2334fdb8aa18800d1344116d3c5dc9da
elliptic-curves/rank-jump/CUP_IDEAL_AND_STRICT_LIFTING_OBSTRUCTION.md	reference	elliptic-curves		27c21e80ec0e84c494a6bfc49f89d86b5525c590bd70abc42be5606c3b36cc11
elliptic-curves/rank-jump/CURVE302_CONSTRUCTOR_TRANSFER_CHECKPOINT.md	reference	elliptic-curves		22c950700af4df5d3bae273b551d312fcf1a34079c928f606703ac28b27f1a87
elliptic-curves/rank-jump/DEGREE_ONE_RELATIONS_DO_NOT_EXPLAIN_THE_LARGEST_JUMPS.md	reference	elliptic-curves		af99dc30c2e0dacd2934b6dbd5ea1eec54aff7af55ee05266d98d658980e9ed5
elliptic-curves/rank-jump/DERIVATIVE_RECIPROCITY_AND_COMPLETE_BOUNDARY.md	reference	elliptic-curves		f5e950ef52261209640ac32a088de174d2424739694684b6550d744cb429d327
elliptic-curves/rank-jump/DIRECT_NATIVE_RELATION_TEST_GIVES_A_LOCAL_OBSTRUCTION.md	reference	elliptic-curves		5fab4b53b1f38b978f9393c9f4d4ee85c7708ec439c05a2ec4c70bd62dfdd30a
elliptic-curves/rank-jump/DYADIC_REAL_QUOTIENT_SUPPORT.md	reference	elliptic-curves		0999b274a5aaf95da3cb74e134d53dcc9fde8f21a771f83459df89065c64c34b
elliptic-curves/rank-jump/EARLY_RELATION_POOL_EXHAUSTION.md	reference	elliptic-curves		e350fbf01c62a86b883209f37badae8e13f13fdabb49c2bfd4ab9e912fb1b4e6
elliptic-curves/rank-jump/EQUAL_CLASS_COMPATIBILITY_IS_NOT_SUFFICIENT.md	reference	elliptic-curves		28fb2a29ecebab59293f0321263a09f55f40be3520ada273560a7f136d17e29f
elliptic-curves/rank-jump/EQUAL_CLASS_HIGH_HEIGHT_CONSTRAINT.md	reference	elliptic-curves		43c03dc23aefd5357fd32930226a2b8cd559f6ef65270a84de179c1aadeaf1b3
elliptic-curves/rank-jump/EXPLICIT_PAIR_GOVERNING_OCTIC.md	reference	elliptic-curves		a560f3f22b5c30dde50d8fbc1df55d3415c4dd443c085cd60165cf83dd4287a6
elliptic-curves/rank-jump/EXPLICIT_PROJECTION_FIBRES.md	reference	elliptic-curves		ab9df1e25bf385e04661b94853168813818b05078271eb7ae3365b90bed74ae7
elliptic-curves/rank-jump/FIBRE_REPORTS.md	reference	elliptic-curves		08a78f93230a3835f8cca31aa91ec856e3f1ba30913000ae4a8a4ec344672acc
elliptic-curves/rank-jump/FIXED_CUBIC_TRANSFER_REQUIRES_HIGH_GENUS.md	reference	elliptic-curves		805e974abe962d6a9a5c56c90175f422c693d1670640f9a357f668f3d398130c
elliptic-curves/rank-jump/FIXED_INCIDENCE_SIX_DIRECTION_SOLUBILITY_SWITCH.md	reference	elliptic-curves		00f6f38eef57f0cc5ef681e9c22febbfcfec8cab3d6ba05724663fa756d0fd78
elliptic-curves/rank-jump/FIXED_WORD_HAS_FINITE_SELMER_SPECIALIZATIONS_2026-09-12.md	canonical	elliptic-curves	EC-MW16-FIXED-WORD-FINITE-SELMER-SPECIALIZATIONS-20260912	07eb601b9ff888d587a0c901c1a662a40a30e196ad4c4b528f621a15ab01babd
elliptic-curves/rank-jump/FIXING_THE_RESOLVENT_POLYNOMIAL_TESTS_SOLUBILITY.md	reference	elliptic-curves		4968338b67885a0482b4989aad01d3ceb07923d67d0dca9926f3d7836e33b67a
elliptic-curves/rank-jump/FOURTH_DIRECTION_SPLITS_ONLY_ON_THE_RATIONAL_COMPONENT.md	reference	elliptic-curves		8a00888bceb57c7b9b21045182a57124f2dc89413ea8c4f753a8ca90243072cf
elliptic-curves/rank-jump/FOURTH_LIFT_HAS_FULL_SIGN_GALOIS_GROUP.md	reference	elliptic-curves		e30ac722973f845205191956e7a0089613c6d78a7957a4f5619494cd1a2cd2c7
elliptic-curves/rank-jump/FOUR_DIVISION_RAMIFICATION_CANNOT_SUPPLY_THE_JUMP.md	reference	elliptic-curves		ed6bb58d69fc0ff691873d122b1f424a22540035826a2b6dd2a4fecffd1b22b9
elliptic-curves/rank-jump/FRESH_CONSTRUCTOR_TRANSFER_2026-09-12.md	canonical	elliptic-curves	EC-MW16-FRESH-CONSTRUCTOR-TRANSFER-PREFLIGHT-20260912	2b10d4c1e6aef56fbb8c30d81c0d685d8f0ee39b56a6b3447e8c904e06f1a332
elliptic-curves/rank-jump/FRESH_NORM_PROJECTION_RAMIFICATION_GATE.md	reference	elliptic-curves		021a2cc0e4c9f1a78cbd9549ec86669871ec0ace81dcccc665e50766e144b0a5
elliptic-curves/rank-jump/FRESH_RANK27_GOVERNING_AND_CT_COMPARISON.md	reference	elliptic-curves		09f0dbb18ec079e07362e6d2df649285e551a54ec20e754d0f6a31547fc18678
elliptic-curves/rank-jump/FRESH_STRICT_BLOCK_NECESSITIES.md	reference	elliptic-curves		ddc70464c59171af5c045c92043db3ea910657057edfb3a0dd3d7ead816f58b1
elliptic-curves/rank-jump/FRESH_SYMBOLIC_DISCRIMINANT_GATE.md	reference	elliptic-curves		4e2e92f1688796ab4f41de332b0e0c581f62c8b1b484b6da4546978a6058c453
elliptic-curves/rank-jump/FULL_BRANCH_SPLITTING_AND_THREE_CHARACTER_GATE.md	reference	elliptic-curves		f88ec6823a1337f4c9023a29badb7ac6bd6f4b68fd0d5d506a24271f141b4ca8
elliptic-curves/rank-jump/FULL_GOVERNING_BLOCK_SEPARATES_SELMER_INCIDENCE_AND_CT.md	reference	elliptic-curves		8cb40f6ec2fca48c0a4e00bc4ca1d0d741b8a10a2b27bc7561904d80fdc3ba63
elliptic-curves/rank-jump/FULL_QUARTETS_HAVE_A_GENUS_THREE_DESCENT_TARGET.md	reference	elliptic-curves		b32e0819ac9a83023b159bf16fae1d29e1b4076a24a3d5f295981e4f6c5d02f6
elliptic-curves/rank-jump/FULL_SELMER_RAMIFICATION_BLOCK.md	reference	elliptic-curves		915c096174816ddc091be340357e1243d391bfb8506976b9917ef988d140cd57
elliptic-curves/rank-jump/GENERIC_CHORD_BLOCKS_HAVE_PRIVATE_RAMIFICATION.md	reference	elliptic-curves		570bbd9c4d6e1ad4262e3cb9c1ccb4dace94ff92e4d716952197c7da0fb8943f
elliptic-curves/rank-jump/GENERIC_FOURTH_DIVISION_HAS_NO_NEW_SELMER_CLASSES.md	reference	elliptic-curves		37deea783b84b98dff59f0ac9a8e9b8ed100581399983a179b841edbe47fabe9
elliptic-curves/rank-jump/GENERIC_IDEALS_AND_SUNIT_CORRECTIONS_CARRY_INCIDENCE.md	reference	elliptic-curves		035443fd7f30c81e5e523f969274fdfba5c6de884d52ff58ac132b48a839db82
elliptic-curves/rank-jump/GENERIC_SUBGROUP_FORCES_TWIST_CONTRACTION.md	reference	elliptic-curves		51783d112d9bb0e5373c92fa17d4725422e1347853660b0b122a83a3fa42667e
elliptic-curves/rank-jump/GENUS_TWO_DESCENT_ORGANIZES_THE_NATIVE_TRIPLE_LIFT.md	reference	elliptic-curves		6a67c73fd145931fc05ce27610605a55943b62382e50a042c63d060a2e90987f
elliptic-curves/rank-jump/GENUS_TWO_SOLUBILITY_FACTOR_HAS_NO_ELLIPTIC_QUOTIENT.md	reference	elliptic-curves		1ec13fe5dcf7af2f48e69a4946099917121ff71f2a872c318cb26bf08a782033
elliptic-curves/rank-jump/GLOBAL_CARRIER_SOLUBILITY_AND_SPECIALIZATION.md	reference	elliptic-curves		08e9002bdf04ce775e0f9583effa039297116de55f2b31fea2d5e3acf0381000
elliptic-curves/rank-jump/GOVERNING_COCHAINS_SEPARATE_INCIDENCE_FROM_OBSTRUCTION.md	reference	elliptic-curves		4511db4682832827202b3982ea866c31d38fe30d823771695f6a76a67a3152a1
elliptic-curves/rank-jump/HALVING_FIELDS_AND_BLOCKS.md	reference	elliptic-curves		d2de674c5589d8d767fec99699f58f54f7b541dc2bd8f01bfaa73b6eeae04451
elliptic-curves/rank-jump/HISTORIC_RETAINED_FACTOR_BOUNDARY.md	reference	elliptic-curves		9963c1877b502ee02f8d88f8c8a4fa4aed24be091a8da357eda2f4865a6f2ce8
elliptic-curves/rank-jump/HORIZONTAL_BLOCK_OBSTRUCTION_ON_A1.md	reference	elliptic-curves		de2f880ca4002210ef8f7ef316d8618fd77bafe84ea47671630a11dbc38363da
elliptic-curves/rank-jump/INDEPENDENT_BLOCKS_AND_RANK_OBSTRUCTIONS.md	canonical	elliptic-curves	EC-INDEPENDENT-BLOCKS-RANK-OBSTRUCTIONS,EC-INDEPENDENT-BLOCKS-OBSTRUCTION-REPLAY-20260906	869502391cbe747cc78b8774afacbb3ea68e02a8d0c39f042d88d6d4a4f31be4
elliptic-curves/rank-jump/INDEPENDENT_SCALAR_CUP_AND_TWIST_BLOCKS.md	reference	elliptic-curves		91e1306308e018a081a34f788e7e0d5c0ada67212adf9c3f3b3290baef998067
elliptic-curves/rank-jump/INTEGRAL_GALOIS_MIXING_IS_NOT_RANK_GAIN.md	reference	elliptic-curves		dae57b5ef84f93005ec65e7cfe5d7cc98805da6513d4f690d2d1829f87a45ffb
elliptic-curves/rank-jump/JACOBIAN_GLUING_AND_SHA_BLOCKS.md	reference	elliptic-curves		12dd4f0ec2d0906e46dc3ae14c3af6e1575870f3db4f0640410d3db8ca24b919
elliptic-curves/rank-jump/JACOBIAN_LOCAL_CONDITIONS_AND_CT.md	reference	elliptic-curves		df8a0d693a72221c31c431712ca5092ef737a06dc9c86a9298b435807bded16a
elliptic-curves/rank-jump/JACOBIAN_SELMER_LIFTS_CAN_BE_SHA.md	reference	elliptic-curves		d9b73f769191ccfc4b3584823565c0a7674aef1fcf60e59c6dce8e39d6cd7bad
elliptic-curves/rank-jump/LARGE_JUMPS_EXCEED_THE_GENERIC_SELMER_POOL.md	reference	elliptic-curves		2260e79a6249aaba168fbc1a98d449048ff8eb34840780f9d483843a7ead6f09
elliptic-curves/rank-jump/LINEAR_TWIST_SOLUBLE_BLOCKS.md	reference	elliptic-curves		93c75e2bd9ef1cd9e688f6a3cbc6e191e4ac1360ba3b0bcd51569b99849be3da
elliptic-curves/rank-jump/LOCAL_COLLISION_AND_RECIPROCITY.md	reference	elliptic-curves		3bee15d8afe4761bf079d1db607958bb2774fdadfb3a5a3417d3ec99d09798f1
elliptic-curves/rank-jump/LOCAL_SOLUBILITY_IS_NOT_PAIRWISE.md	reference	elliptic-curves		dea8de334ff1e5ccabedce18929d5c88ca29282e5945facb973306c2af611b43
elliptic-curves/rank-jump/LOW_DEGREE_TRIPLE_RELATIONS_CONCENTRATE_ON_THE_PLUS4_CONTROL.md	reference	elliptic-curves		35b6e1dbf6fbad189e992640ecdd11667c4f73c95acd675af1ca2dcaff101fd8
elliptic-curves/rank-jump/MARKED_TWO_CLASS_PROPAGATION_2026-09-12.md	canonical	elliptic-curves	EC-MARKED-TWO-CLASS-PROPAGATION-THEOREM-20260912,EC-MW16-MARKED-BISECTION-PREFIX-MISS-20260912	492fff6086b5b3473b88368737828b0471a253a4eb0e550792b90dd839cc43b7
elliptic-curves/rank-jump/MATCHED103B2_INDEPENDENT_NORM_RELATION_GATE.md	reference	elliptic-curves		f2891cf6c27e7a76152a2b532d7fd529b9238b5a2b8b3929a59d3dcf3ed62431
elliptic-curves/rank-jump/MATCHED103B2_JUMP_REQUIRES_NINE_STRICT_DIRECTIONS.md	reference	elliptic-curves		ad5f45740adcf8c1b73eca2181d991146905e7dbf64325ba6ec9b222ed3c3a60
elliptic-curves/rank-jump/MATCHED103B2_RELATION_CIRCUIT_CAPACITY.md	reference	elliptic-curves		70ddb75a9276c844a2bc62a693e8e5018be6bf61c3b8f7784719e5a96a26c9bd
elliptic-curves/rank-jump/MATCHED_TRANSLATES_SEPARATE_RATIONAL_SPLITTING_FROM_LATTICE_CAPACITY.md	reference	elliptic-curves		7659d65ae7e69d9deab9a43c78f0a05282ea419238b35b980a208d0b1b4bbcdd
elliptic-curves/rank-jump/MINIMAL_CARRIER_AND_RATIONAL_SPLITTING_OF_A_TWO_DIRECTION_BLOCK.md	reference	elliptic-curves		70b903e6cd6c494a0f2c2c20b623b268730c71b41d42fe368c4800ac99d4604b
elliptic-curves/rank-jump/MIXED_CHARACTER_PAIRED_BOUNDS.md	reference	elliptic-curves		47ed70a1f1653171aa239c37decd6cf836bd3ee2d5b6808b15d48c85b477ccab
elliptic-curves/rank-jump/NATIVE_PAIR_CARRIER_HAS_A_SHA_OBSTRUCTION.md	reference	elliptic-curves		26c5b123d16d4abe3b82cb3d3bb0b329016575ffe6d23f28a9f4b9de38eb4236
elliptic-curves/rank-jump/NATIVE_SINGLE_COVER_CANNOT_EXPLAIN_THE_WHOLE_PLUS8.md	reference	elliptic-curves		98222b35706a342841226e1744ec86ce21db6b018c9a54f1a96bdf4a2accf223
elliptic-curves/rank-jump/NONSCALAR_CUP_BLOCK_AND_SELF_GLUING.md	reference	elliptic-curves		a10a65963af08b0f58a5b0e21d0f0a80bb75b40fff1313a4b816eaca22fa0160
elliptic-curves/rank-jump/NORM_LIFTS_CAN_BE_ENTIRELY_SHA.md	reference	elliptic-curves		afff7f23f2b3566a5c944c196667d49c1237a79f02b92bc8b7db9577fbfa7fa7
elliptic-curves/rank-jump/NORM_SIX_INTERSECTION_FORCES_NATIVE_PAIR_SOLUBILITY.md	reference	elliptic-curves		78915c68ebe1ca353957bd595b1cbe772d15265f85d496d4b30d781b55434ca8
elliptic-curves/rank-jump/NORM_SQUARE_EVENT_AND_EXTREMAL_K3.md	reference	elliptic-curves		141af1f2d97e71456e43089f226be48b3d3f145e581dbd8651dada8916438f88
elliptic-curves/rank-jump/OBLIQUE_BLOCKS_BEYOND_THE_HORIZONTAL_OBSTRUCTION.md	reference	elliptic-curves		fe9a3aabb714828ed4c1dacba29eed13abcac2bda423b1134c05f626c18e834b
elliptic-curves/rank-jump/ONE_AUXILIARY_POINT_HAS_A_MULTIPLICITY_BOUND.md	reference	elliptic-curves		1f433378be328c564ef59990f29dc2477de7d69a0e8f4d0507c5abf0bb4fea62
elliptic-curves/rank-jump/ONE_COMMON_CLASS_FOR_A_LARGE_NATIVE_BLOCK.md	reference	elliptic-curves		289030359ea81c7976a19d28b6b5113d31c341be3f1090a8435048158716c1d9
elliptic-curves/rank-jump/ONE_SQUARE_CONDITION_TWO_RATIONAL_DIRECTIONS.md	reference	elliptic-curves		93bc6ef5b7db3650f416bb04146563d8de3cbc27d0a690c5dc889b5dc22d3c15
elliptic-curves/rank-jump/ORIGINAL_SECANTS_HAVE_NO_SHARED_SOLUBLE_BLOCK.md	reference	elliptic-curves		f21079019452935fba8e28080a56ec88a67babdcbe48f19db3de52efd44ca63a
elliptic-curves/rank-jump/OTHER_GENERIC_FIBRES_DO_NOT_SUPPLY_THE_JUMP_BLOCK.md	reference	elliptic-curves		da460bf3bbbebddc14aac621540623f29a8d726d46410a0fd6b1ad68f177615f
elliptic-curves/rank-jump/PAIRED_SOLUBILITY_AND_SPECIALIZATION_COLLAPSE.md	reference	elliptic-curves		dac60107db1a27710ad8fa3c8b68176921d1185a45602855c9b2212a2615853d
elliptic-curves/rank-jump/PARAMETER_COVERS_HAVE_ROOM_BUT_NO_BLOCK_CERTIFICATE.md	reference	elliptic-curves		f574ef252461e1ca50211696f79a3049dd9efe7f68df8aa2521572d3a4695c91
elliptic-curves/rank-jump/POSITIVE_CLASS_CONSTRUCTION_AND_THE_302_PIVOT.md	reference	elliptic-curves		d13f74dc6d4d4c1a350b4f12242415d3d6470d5ef1eb3c0e87ac9c3bf23478b3
elliptic-curves/rank-jump/PRODUCTION_TWIST_INCIDENCE_AND_SOLUBILITY.md	reference	elliptic-curves		61574e1fe6e92f02c8560945758de4f58fd2ef24ad45eec5ecb88be45e69f89f
elliptic-curves/rank-jump/RANK_JUMP_MECHANISM_THEOREMS.md	canonical	elliptic-curves	EC-RANK-JUMP-MECHANISM-THEOREMS,EC-RANK-JUMP-MECHANISM-REPLAY-20260906	78c3d19207f938ffbe573e5e7d81682da1760db5e298601fba76e9af7c071bb2
elliptic-curves/rank-jump/README.md	reference	elliptic-curves		552ffcda5c0b713d6340ff234b63f43a0f16cb34d6de1fa22643670f186387ab
elliptic-curves/rank-jump/RELATION_ROOTS_CREATE_RAMIFICATION_NOT_THE_MISSING_BLOCK.md	reference	elliptic-curves		40cc7a0610e37e3d930c5248d1a19e0e63018f3ffc707dd77ad4f19bbc03bc91
elliptic-curves/rank-jump/RELATIVE_FULL_SELMER_THEOREM.md	reference	elliptic-curves		3f31524e4618883ed4272413b2b031228b3b4a8e0859b1efad301aa044d00274
elliptic-curves/rank-jump/RESEARCH_PIVOT_AFTER_THE_CARRIER_PANEL.md	reference	elliptic-curves		f971e13f41eeafa889d1cc0f3a3ee14d05e02a00bd1c9386925016704d3d0363
elliptic-curves/rank-jump/RETAINED_NORM_RELATIONS_DO_NOT_YET_SUPPLY_THE_BLOCK.md	reference	elliptic-curves		f62612576c61a726346da192ffc4ef106efc0984fa99c58b31590072201170a3
elliptic-curves/rank-jump/ROOT_CURVE_TORSION_AND_REAL_CAPACITY.md	reference	elliptic-curves		7db1a857aad99adc1b37414d1e0e5aaf62c92a3d408228b320be385f6942c5d7
elliptic-curves/rank-jump/SAME_CLASS_FACTOR_DIFFERENT_SOLUBILITY.md	reference	elliptic-curves		d0da13cc9d65121dcd3bc0d58322b4bd6749a3303dcaa5ab1c835a82764ab85c
elliptic-curves/rank-jump/SCALAR_TWIST_BLOCKS_ARE_ELLIPTIC_NORM_DEFECTS.md	reference	elliptic-curves		be0a6cdad4143d9a1d387b21e39f6e24eeea26e16c549a10e880a03db8cb323b
elliptic-curves/rank-jump/SECANT_PENCILS_DO_NOT_EXPLAIN_THE_ORIGINAL_JUMP.md	reference	elliptic-curves		977e607cdb31d1e03b494943a97917961bee1550af73eadc2285fb07c8f24958
elliptic-curves/rank-jump/SHARED_QUADRICS_AND_RULINGS.md	reference	elliptic-curves		9fb569d8d894c3b251733ef39b5465209f5ab674261e4fd2c04b9cd08520a324
elliptic-curves/rank-jump/SINGULAR_FIBRES_HAVE_FULL_SYMMETRIC_GALOIS_ACTION.md	reference	elliptic-curves		54e129c8f1e9b657fb460c83301bd135089ae75fd81b85a38a5ca19e829108ca
elliptic-curves/rank-jump/SOLUBILITY_FIRST_ON_COMPLETED_FIBRES.md	reference	elliptic-curves		083fa239935baeb2f8bfaa35b195df0e1fa5306c15f445d3413cb48da1001e68
elliptic-curves/rank-jump/SOLUBLE_COVER_STRUCTURE_DOES_NOT_TRACK_JUMP_SIZE.md	reference	elliptic-curves		b9eda58be7d4a2d674d363184ceebd81ae44998000923290963ffa534d831492
elliptic-curves/rank-jump/SOLUBLE_ELEMENTARY_S_CLASS_BLOCKS.md	reference	elliptic-curves		63ff8e055c2f2d407486a1b0486d49ba76d4163f524cb54b3b5c0521d4e9a6b7
elliptic-curves/rank-jump/SOLUBLE_QUARTETS_REQUIRE_HIGHER_GENUS_LIFTS.md	reference	elliptic-curves		4ce727a94823493baae7e7d13351495e252a6af4d1454ec5166ff06ca33da2e8
elliptic-curves/rank-jump/STRICT_BLOCKS_NEED_IDEALS_OUTSIDE_BAD_SUPPORT.md	reference	elliptic-curves		4e0abd0e521728b0aeac2362b9b058c1ea8b0c03a487078a9a237b9d2bd8284c
elliptic-curves/rank-jump/STRICT_CLASS_CREATION_IS_A_STANDARD_S3_BLOCK.md	reference	elliptic-curves		338a01436b0c23c0754e50000274b00828e047d9880b171ab9da0125bfb99863
elliptic-curves/rank-jump/STRICT_HALF_IDEALS_AND_UNIT_KERNEL.md	reference	elliptic-curves		5dae9b11901ed2ab3c901d96a021ab3363a3cb7f1b2da3a430a4402f69a42996
elliptic-curves/rank-jump/STRICT_SELMER_AND_ARTIN_BLOCKS.md	reference	elliptic-curves		c09e39d21b0c24edf1de35bd009fab3a4401458f99c8bdfee913dd1139ef5498
elliptic-curves/rank-jump/SYNCHRONIZING_COVERS_CAN_ADD_AN_OBSTRUCTION.md	reference	elliptic-curves		b03900a6122f40a7b29db582bdd3e3ea0cdecee880d5201ff58e128d8daa608d
elliptic-curves/rank-jump/THE_GENERIC_TWO_POWER_DIVISION_TOWER_IS_CLOSED.md	reference	elliptic-curves		c426aa098006e48c51685e07f294cafc3ebb4b520e8f616b700069a2d5cd62b1
elliptic-curves/rank-jump/THE_LAST_GLOBAL_CLASS_IS_ABSENT.md	reference	elliptic-curves		da70392aa5a96a0a7bd6cc70349efb3f49ec17b26f6b2dbd361341e5be89bc1d
elliptic-curves/rank-jump/TORSION_DIFFERENCE_AND_CT.md	reference	elliptic-curves		40408f7f2c6ea8656712bc66b301d7b5709240aee16ed60841a01ebcae25c12a
elliptic-curves/rank-jump/TRIPLE_CHARACTER_GENUS_ONE_BOUNDS.md	reference	elliptic-curves		2658c65f24c832e834abb2e3f2408640b94f0fe7117a79d55a2b1c84e81227b3
elliptic-curves/rank-jump/TWO_CONSTRUCTED_STRICT_CLASSES_AND_302.md	reference	elliptic-curves		92ae59daf078cc4a1348024ca8d4ef4c6dbc0629859ca51bd6f6fa3c527b5b28
elliptic-curves/rank-jump/TWO_COVER_GEOMETRY_IS_AUTOMATIC.md	reference	elliptic-curves		e2f95985d68ae59d04de237810d6e5c30fc4d9d05b8b8c639704b3716959972b
elliptic-curves/rank-jump/UNPOINTED_NORM_COCHAINS_AND_THE_DYADIC_BLOCK_SWITCH.md	reference	elliptic-curves		dde983b006700cc82493f486c503f69a780e20bad6115db5d48166362aa0d6bc
elliptic-curves/scripts/README.md	reference	elliptic-curves		38c7bdf2c83df97aa7298a11bd6685802c79cd296428f3a2effbcf0300bad832
replay/CATALOGUE.md	canonical	elliptic-curves	EC-K3-H3-Q24-EXACT-SECTION,EC-K3-H3-Q24-QQ-D12	5bc4c863af3776501a62713eec0ad4397d64866a1db1bf0dfe7fe839a490fc97
