root	fingerprint_index	identity	score	curve_max	line_max	anchor_count	v_pairings	anchors
root-000029	2452	0	5.85044504703737e-13	5.220100634428849e-14	5.85044504703737e-13	9	0 0 2 2 2 1 1 1 1	V2:+2 V3:+2 V4:+2 D02:-2 D03:-2 D04:-2 D12:-2 D13:-2 D14:-2
root-000029	2455	0	2.1955787589350288e-12	7.833202612509214e-16	2.1955787589350288e-12	9	0 0 -2 -2 -1 -1 -2 -1 -1	V2:-2 V3:-2 V6:-2 D02:+2 D03:+2 D06:+2 D12:+2 D13:+2 D16:+2
root-000029	2473	0	2.406868679581628e-12	6.076979618729316e-14	2.406868679581628e-12	9	0 0 -2 -1 -1 -2 -1 -1 -2	V2:-2 V5:-2 V8:-2 D02:+2 D05:+2 D08:+2 D12:+2 D15:+2 D18:+2
root-000029	2467	0	4.405773989361776e-12	3.6291904056807073e-16	4.405773989361776e-12	9	0 0 -2 -1 -2 -1 -1 -1 -2	V2:-2 V4:-2 V8:-2 D02:+2 D04:+2 D08:+2 D12:+2 D14:+2 D18:+2
root-000029	831	0	6.963899838562207e-12	5.7070563769508175e-15	6.963899838562207e-12	9	-2 0 0 -1 -1 -2 -1 -2 -1	V0:-2 V5:-2 V7:-2 D01:-2 D02:-2 D15:+2 D17:+2 D25:+2 D27:+2
root-000029	837	0	9.48451520757581e-12	3.129318614362189e-16	9.48451520757581e-12	9	-2 0 0 -1 -1 -1 -2 -1 -2	V0:-2 V6:-2 V8:-2 D01:-2 D02:-2 D16:+2 D18:+2 D26:+2 D28:+2
root-000029	817	0	1.0638768018784536e-11	2.997378261577181e-16	1.0638768018784536e-11	9	-2 0 0 -2 -1 -1 -1 -2 -1	V0:-2 V3:-2 V7:-2 D01:-2 D02:-2 D13:+2 D17:+2 D23:+2 D27:+2
root-000029	1536	0	1.9449685056989966e-11	2.9855452483474317e-16	1.9449685056989966e-11	9	1 1 1 0 2 1 2 0 2	V4:+2 V6:+2 V8:+2 D34:-2 D36:-2 D38:-2 D47:+2 D67:+2 D78:-2
root-000029	828	0	2.1946441324191023e-11	2.0491356582667883e-12	2.1946441324191023e-11	9	2 0 0 1 2 1 1 1 2	V0:+2 V4:+2 V8:+2 D01:+2 D02:+2 D14:-2 D18:-2 D24:-2 D28:-2
root-000029	397	0	2.7115906162503006e-11	3.01335939283328e-16	2.7115906162503006e-11	9	-2 -1 -1 -1 -2 -1 -2 0 0	V0:-2 V4:-2 V6:-2 D07:-2 D08:-2 D47:-2 D48:-2 D67:-2 D68:-2
root-000029	2463	0	2.790507784342947e-11	2.9022897974487387e-16	2.790507784342947e-11	9	0 0 -2 -1 -2 -1 -2 -1 -1	V2:-2 V4:-2 V6:-2 D02:+2 D04:+2 D06:+2 D12:+2 D14:+2 D16:+2
root-000029	814	0	2.7992225426863153e-11	1.470082541144982e-11	2.7992225426863153e-11	9	2 0 0 2 1 2 1 1 1	V0:+2 V3:+2 V5:+2 D01:+2 D02:+2 D13:-2 D15:-2 D23:-2 D25:-2
root-000029	505	0	2.97544643618204e-11	3.0134187378844685e-16	2.97544643618204e-11	9	-2 -1 -1 0 0 -1 -2 -2 -1	V0:-2 V6:-2 V7:-2 D03:-2 D04:-2 D36:+2 D37:+2 D46:+2 D47:+2
root-000029	1437	0	3.125633164500637e-11	3.0133672247634963e-16	3.125633164500637e-11	9	-1 -1 -2 0 0 -1 -2 -1 -2	V2:-2 V6:-2 V8:-2 D23:-2 D24:-2 D36:+2 D38:+2 D46:+2 D48:+2
root-000029	714	0	3.153554529084413e-11	3.0140943863556843e-16	3.153554529084413e-11	9	2 0 1 2 1 1 0 2 1	V0:+2 V3:+2 V7:+2 D01:+2 D06:+2 D13:-2 D17:-2 D36:+2 D67:-2
root-000029	2476	0	3.194673210850219e-11	2.7967596213069573e-16	3.194673210850219e-11	9	0 0 2 1 1 1 2 2 1	V2:+2 V6:+2 V7:+2 D02:-2 D06:-2 D07:-2 D12:-2 D16:-2 D17:-2
root-000029	1012	0	3.254876941078101e-11	2.4172769322463984e-16	3.254876941078101e-11	9	1 2 1 2 0 1 0 2 1	V1:+2 V3:+2 V7:+2 D14:+2 D16:+2 D34:+2 D36:+2 D47:-2 D67:-2
root-000029	834	0	3.337416449888499e-11	6.765613888651286e-14	3.337416449888499e-11	9	2 0 0 1 1 2 1 1 2	V0:+2 V5:+2 V8:+2 D01:+2 D02:+2 D15:-2 D18:-2 D25:-2 D28:-2
root-000029	1310	0	3.38162795540456e-11	3.0133517046963765e-16	3.38162795540456e-11	9	1 1 2 2 0 1 1 0 2	V2:+2 V3:+2 V8:+2 D24:+2 D27:+2 D34:+2 D37:+2 D48:-2 D78:-2
root-000029	54	0	3.527628483998336e-11	3.013338845192285e-16	3.527628483998336e-11	9	2 2 1 1 2 1 0 1 0	V0:+2 V1:+2 V4:+2 D06:+2 D08:+2 D16:+2 D18:+2 D46:+2 D48:+2
root-000029	912	0	3.7277698504410914e-11	3.0516816535240204e-16	3.7277698504410914e-11	9	1 2 2 1 0 1 0 2 1	V1:+2 V2:+2 V7:+2 D14:+2 D16:+2 D24:+2 D26:+2 D47:-2 D67:-2
root-000029	2268	0	3.8228151642902303e-11	3.01336585856849e-16	3.8228151642902303e-11	9	0 1 2 1 0 1 2 1 2	V2:+2 V6:+2 V8:+2 D02:-2 D06:-2 D08:-2 D24:+2 D46:-2 D48:-2
root-000029	1810	0	3.9186625266543966e-11	3.477234054250459e-14	3.9186625266543966e-11	9	1 0 1 2 2 1 2 0 1	V3:+2 V4:+2 V6:+2 D13:-2 D14:-2 D16:-2 D37:+2 D47:+2 D67:+2
root-000029	2474	0	4.018084302024464e-11	6.45924909987316e-14	4.018084302024464e-11	9	0 0 2 1 1 2 1 1 2	V2:+2 V5:+2 V8:+2 D02:-2 D05:-2 D08:-2 D12:-2 D15:-2 D18:-2
root-000029	2178	0	4.027216799279357e-11	3.0139984601385563e-16	4.027216799279357e-11	9	0 1 2 2 2 0 1 1 1	V2:+2 V3:+2 V4:+2 D02:-2 D03:-2 D04:-2 D25:+2 D35:+2 D45:+2
root-000029	1735	0	4.162443824976597e-11	3.0133650315938647e-16	4.162443824976597e-11	9	-1 0 -2 -1 -2 -1 0 -2 -1	V2:-2 V4:-2 V7:-2 D12:+2 D14:+2 D17:+2 D26:-2 D46:-2 D67:+2
root-000029	691	0	4.191697046876609e-11	3.008990948618791e-16	4.191697046876609e-11	9	-2 0 -1 -2 -2 -1 -1 -1 0	V0:-2 V3:-2 V4:-2 D01:-2 D08:-2 D13:+2 D14:+2 D38:-2 D48:-2
root-000029	48	0	4.198924832390744e-11	3.2104047389053823e-16	4.198924832390744e-11	9	2 2 1 2 0 1 0 1 1	V0:+2 V1:+2 V3:+2 D04:+2 D06:+2 D14:+2 D16:+2 D34:+2 D36:+2
root-000029	461	0	4.351693077467578e-11	3.0132995730579676e-16	4.351693077467578e-11	9	-2 -1 -1 0 -2 -1 -1 -2 0	V0:-2 V4:-2 V7:-2 D03:-2 D08:-2 D34:+2 D37:+2 D48:-2 D78:-2
root-000029	282	0	4.494255040338273e-11	3.0114994622878317e-16	4.494255040338273e-11	9	2 1 2 1 0 1 0 2 1	V0:+2 V2:+2 V7:+2 D04:+2 D06:+2 D24:+2 D26:+2 D47:-2 D67:-2
root-000029	2458	0	4.51173764010524e-11	7.804627240668773e-16	4.51173764010524e-11	9	0 0 2 2 1 1 1 2 1	V2:+2 V3:+2 V7:+2 D02:-2 D03:-2 D07:-2 D12:-2 D13:-2 D17:-2
root-000029	564	0	4.6603348109275696e-11	3.0122018872578666e-16	4.6603348109275696e-11	9	2 1 0 1 2 1 1 0 2	V0:+2 V4:+2 V8:+2 D02:+2 D07:+2 D24:-2 D28:-2 D47:+2 D78:-2
root-000029	1359	0	4.774018361553786e-11	3.0137059100525205e-16	4.774018361553786e-11	9	-1 -1 -2 -1 0 -2 -2 0 -1	V2:-2 V5:-2 V6:-2 D24:-2 D27:-2 D45:+2 D46:+2 D57:-2 D67:-2
root-000029	508	0	4.787734368629709e-11	3.0133623133866872e-16	4.787734368629709e-11	9	2 1 1 0 0 1 2 1 2	V0:+2 V6:+2 V8:+2 D03:+2 D04:+2 D36:-2 D38:-2 D46:-2 D48:-2
root-000029	146	0	4.794270980646581e-11	3.0149400237234314e-16	4.794270980646581e-11	9	2 2 1 0 0 1 2 1 1	V0:+2 V1:+2 V6:+2 D03:+2 D04:+2 D13:+2 D14:+2 D36:-2 D46:-2
root-000029	2233	0	4.8049059915757863e-11	3.028366043838545e-16	4.8049059915757863e-11	9	0 -1 -2 -1 -2 0 -1 -1 -2	V2:-2 V4:-2 V8:-2 D02:+2 D04:+2 D08:+2 D25:-2 D45:-2 D58:+2
root-000029	96	0	5.107651084081097e-11	3.0134770636778904e-16	5.107651084081097e-11	9	2 2 1 1 0 1 2 0 1	V0:+2 V1:+2 V6:+2 D04:+2 D07:+2 D14:+2 D17:+2 D46:-2 D67:+2
root-000029	95	0	5.24237940718998e-11	3.012318709911154e-16	5.24237940718998e-11	9	-2 -2 -1 -1 0 -1 -2 0 -1	V0:-2 V1:-2 V6:-2 D04:-2 D07:-2 D14:-2 D17:-2 D46:+2 D67:-2
root-000029	2076	0	5.337330291651519e-11	3.0542403327608827e-16	5.337330291651519e-11	9	0 2 1 1 2 1 0 2 1	V1:+2 V4:+2 V7:+2 D01:-2 D04:-2 D07:-2 D16:+2 D46:+2 D67:-2
root-000029	614	0	5.566227519851848e-11	3.0127978397265547e-16	5.566227519851848e-11	9	2 1 0 0 2 1 2 1 1	V0:+2 V4:+2 V6:+2 D02:+2 D03:+2 D24:-2 D26:-2 D34:-2 D36:-2
root-000029	626	0	5.7137720991604936e-11	3.0206459860698206e-16	5.7137720991604936e-11	9	2 1 0 0 1 1 2 2 1	V0:+2 V6:+2 V7:+2 D02:+2 D03:+2 D26:-2 D27:-2 D36:-2 D37:-2
root-000029	695	0	5.7464167052765085e-11	3.013993505698272e-16	5.7464167052765085e-11	9	-2 0 -1 -2 -2 -1 0 -1 -1	V0:-2 V3:-2 V4:-2 D01:-2 D06:-2 D13:+2 D14:+2 D36:-2 D46:-2
root-000029	1706	0	5.889161653269273e-11	3.013358579540658e-16	5.889161653269273e-11	9	1 0 2 2 1 1 0 1 2	V2:+2 V3:+2 V8:+2 D12:-2 D13:-2 D18:-2 D26:+2 D36:+2 D68:-2
root-000029	2176	0	5.89593650962912e-11	3.013144320211383e-16	5.89593650962912e-11	9	0 1 2 2 2 1 0 1 1	V2:+2 V3:+2 V4:+2 D02:-2 D03:-2 D04:-2 D26:+2 D36:+2 D46:+2
root-000029	380	0	5.896299951378871e-11	3.013381508407646e-16	5.896299951378871e-11	9	2 1 1 2 0 1 1 0 2	V0:+2 V3:+2 V8:+2 D04:+2 D07:+2 D34:+2 D37:+2 D48:-2 D78:-2
root-000029	1313	0	5.97427485763048e-11	3.013377714946452e-16	5.97427485763048e-11	9	-1 -1 -2 -2 0 -1 0 -1 -2	V2:-2 V3:-2 V8:-2 D24:-2 D26:-2 D34:-2 D36:-2 D48:+2 D68:+2
root-000029	2273	0	6.12295721115958e-11	3.014782730945655e-16	6.12295721115958e-11	9	0 -1 -2 0 -2 -1 -2 -1 -1	V2:-2 V4:-2 V6:-2 D02:+2 D04:+2 D06:+2 D23:-2 D34:+2 D36:+2
root-000029	71	0	6.171340092267906e-11	2.987590398764379e-16	6.171340092267906e-11	9	-2 -2 -1 -1 -1 -1 0 -2 0	V0:-2 V1:-2 V7:-2 D06:-2 D08:-2 D16:-2 D18:-2 D67:+2 D78:-2
root-000029	6	0	6.269922225182224e-11	9.619764883013228e-13	6.269922225182224e-11	9	2 2 2 1 1 1 0 0 1	V0:+2 V1:+2 V2:+2 D06:+2 D07:+2 D16:+2 D17:+2 D26:+2 D27:+2
root-000029	232	0	6.292271792832892e-11	3.0132103742294736e-16	6.292271792832892e-11	9	2 1 2 1 2 1 1 0 0	V0:+2 V2:+2 V4:+2 D07:+2 D08:+2 D27:+2 D28:+2 D47:+2 D48:+2
root-000029	94	0	6.365794676598761e-11	3.013638918442573e-16	6.365794676598761e-11	9	2 2 1 1 0 1 2 1 0	V0:+2 V1:+2 V6:+2 D04:+2 D08:+2 D14:+2 D18:+2 D46:-2 D68:+2
root-000029	101	0	6.584543242195531e-11	3.2867042878405433e-16	6.584543242195531e-11	9	-2 -2 -1 -1 0 -1 0 -2 -1	V0:-2 V1:-2 V7:-2 D04:-2 D06:-2 D14:-2 D16:-2 D47:+2 D67:+2
root-000029	1778	0	6.622189698319785e-11	3.013322142376039e-16	6.622189698319785e-11	9	1 0 2 1 0 1 2 1 2	V2:+2 V6:+2 V8:+2 D12:-2 D16:-2 D18:-2 D24:+2 D46:-2 D48:-2
root-000029	2199	0	6.716335869134602e-11	3.0134511158914624e-16	6.716335869134602e-11	9	0 -1 -2 -2 -1 0 -1 -2 -1	V2:-2 V3:-2 V7:-2 D02:+2 D03:+2 D07:+2 D25:-2 D35:-2 D57:+2
root-000029	824	0	6.767421219356508e-11	4.551870339760997e-12	6.767421219356508e-11	9	2 0 0 1 2 1 2 1 1	V0:+2 V4:+2 V6:+2 D01:+2 D02:+2 D14:-2 D16:-2 D24:-2 D26:-2
root-000029	705	0	6.8045972889856e-11	3.0012424642672896e-16	6.8045972889856e-11	9	-2 0 -1 -2 -1 -1 -2 -1 0	V0:-2 V3:-2 V6:-2 D01:-2 D08:-2 D13:+2 D16:+2 D38:-2 D68:-2
root-000029	2262	0	6.808840549444406e-11	3.0133386995572025e-16	6.808840549444406e-11	9	0 1 2 1 0 2 1 2 1	V2:+2 V5:+2 V7:+2 D02:-2 D05:-2 D07:-2 D24:+2 D45:-2 D47:-2
root-000029	200	0	6.849110400413803e-11	2.9603176305013136e-16	6.849110400413803e-11	9	2 2 0 1 0 1 1 1 2	V0:+2 V1:+2 V8:+2 D02:+2 D04:+2 D12:+2 D14:+2 D28:-2 D48:-2
root-000029	706	0	6.853631713406857e-11	3.0103090642429065e-16	6.853631713406857e-11	9	2 0 1 2 1 1 2 1 0	V0:+2 V3:+2 V6:+2 D01:+2 D08:+2 D13:-2 D16:-2 D38:+2 D68:+2
root-000029	1703	0	6.942284020086653e-11	3.015529432017125e-16	6.942284020086653e-11	9	-1 0 -2 -2 -1 -1 0 -2 -1	V2:-2 V3:-2 V7:-2 D12:+2 D13:+2 D17:+2 D26:-2 D36:-2 D67:+2
root-000029	1717	0	6.945588336309855e-11	3.016907888419169e-16	6.945588336309855e-11	9	-1 0 -2 -2 0 -1 -1 -2 -1	V2:-2 V3:-2 V7:-2 D12:+2 D13:+2 D17:+2 D24:-2 D34:-2 D47:+2
root-000029	597	0	7.115123696757144e-11	3.0141238687367705e-16	7.115123696757144e-11	9	-2 -1 0 -1 -1 0 -1 -2 -2	V0:-2 V7:-2 V8:-2 D02:-2 D05:-2 D27:+2 D28:+2 D57:+2 D58:+2
root-000029	2215	0	7.294129352868106e-11	3.013278071090663e-16	7.294129352868106e-11	9	0 -1 -2 -1 -2 -2 0 -1 -1	V2:-2 V4:-2 V5:-2 D02:+2 D04:+2 D05:+2 D26:-2 D46:-2 D56:-2
root-000029	69	0	7.332660217273706e-11	3.0036030917894327e-16	7.332660217273706e-11	9	-2 -2 -1 -1 -1 -1 -2 0 0	V0:-2 V1:-2 V6:-2 D07:-2 D08:-2 D17:-2 D18:-2 D67:-2 D68:-2
root-000029	559	0	7.65871746311866e-11	3.0131575174903154e-16	7.65871746311866e-11	9	-2 -1 0 -1 -2 -1 -2 0 -1	V0:-2 V4:-2 V6:-2 D02:-2 D07:-2 D24:+2 D26:+2 D47:-2 D67:-2
root-000029	325	0	7.726788310348485e-11	3.0134653296079524e-16	7.726788310348485e-11	9	-2 -1 -2 0 0 -1 -2 -1 -1	V0:-2 V2:-2 V6:-2 D03:-2 D04:-2 D23:-2 D24:-2 D36:+2 D46:+2
root-000029	589	0	7.742997241370463e-11	3.0131019509420037e-16	7.742997241370463e-11	9	-2 -1 0 -1 -1 -1 -2 0 -2	V0:-2 V6:-2 V8:-2 D02:-2 D07:-2 D26:+2 D28:+2 D67:-2 D78:+2
root-000029	2460	0	7.745209414100757e-11	2.8676287874788864e-16	7.745209414100757e-11	9	0 0 2 2 1 1 1 1 2	V2:+2 V3:+2 V8:+2 D02:-2 D03:-2 D08:-2 D12:-2 D13:-2 D18:-2
root-000029	278	0	7.76197104049445e-11	3.013156797712926e-16	7.76197104049445e-11	9	2 1 2 1 0 1 1 2 0	V0:+2 V2:+2 V7:+2 D04:+2 D08:+2 D24:+2 D28:+2 D47:-2 D78:+2
root-000029	2243	0	7.767515776901327e-11	3.013294819301878e-16	7.767515776901327e-11	9	0 -1 -2 -1 -1 -2 0 -2 -1	V2:-2 V5:-2 V7:-2 D02:+2 D05:+2 D07:+2 D26:-2 D56:-2 D67:+2
root-000029	2220	0	7.785261243184807e-11	3.0131876762975397e-16	7.785261243184807e-11	9	0 1 2 1 2 1 2 0 1	V2:+2 V4:+2 V6:+2 D02:-2 D04:-2 D06:-2 D27:+2 D47:+2 D67:+2
root-000029	1725	0	7.80448585603211e-11	3.013659162519794e-16	7.80448585603211e-11	9	-1 0 -2 -1 -2 -2 0 -1 -1	V2:-2 V4:-2 V5:-2 D12:+2 D14:+2 D15:+2 D26:-2 D46:-2 D56:-2
root-000029	276	0	7.987283946798001e-11	3.0132795186234133e-16	7.987283946798001e-11	9	2 1 2 1 0 1 2 0 1	V0:+2 V2:+2 V6:+2 D04:+2 D07:+2 D24:+2 D27:+2 D46:-2 D67:+2
root-000029	2281	0	8.077394126095174e-11	3.01313107977406e-16	8.077394126095174e-11	9	0 -1 -2 0 -1 -2 -1 -2 -1	V2:-2 V5:-2 V7:-2 D02:+2 D05:+2 D07:+2 D23:-2 D35:+2 D37:+2
root-000029	353	0	8.20098156863776e-11	3.013294532989546e-16	8.20098156863776e-11	9	-2 -1 -1 -2 -1 -1 0 0 -2	V0:-2 V3:-2 V8:-2 D06:-2 D07:-2 D36:-2 D37:-2 D68:+2 D78:+2
root-000029	606	0	8.469093618788076e-11	3.010123532232905e-16	8.469093618788076e-11	9	2 1 0 1 0 1 2 2 1	V0:+2 V6:+2 V7:+2 D02:+2 D04:+2 D26:-2 D27:-2 D46:-2 D47:-2
root-000029	999	0	8.469670535044378e-11	3.0966962755263658e-16	8.469670535044378e-11	9	-1 -2 -1 -2 0 -2 -1 0 -1	V1:-2 V3:-2 V5:-2 D14:-2 D17:-2 D34:-2 D37:-2 D45:+2 D57:-2
root-000029	563	0	8.533614218074527e-11	3.013424015640089e-16	8.533614218074527e-11	9	-2 -1 0 -1 -2 -1 -1 0 -2	V0:-2 V4:-2 V8:-2 D02:-2 D07:-2 D24:+2 D28:+2 D47:-2 D78:+2
root-000029	1372	0	8.560723904058111e-11	3.0134663830777963e-16	8.560723904058111e-11	9	1 1 2 1 0 1 2 0 2	V2:+2 V6:+2 V8:+2 D24:+2 D27:+2 D46:-2 D48:-2 D67:+2 D78:-2
root-000029	549	0	8.570717542395864e-11	3.013245346166624e-16	8.570717542395864e-11	9	-2 -1 0 -2 0 -1 -1 -1 -2	V0:-2 V3:-2 V8:-2 D02:-2 D04:-2 D23:+2 D28:+2 D34:-2 D48:+2
root-000029	152	0	8.657269130464915e-11	3.0133930630181653e-16	8.657269130464915e-11	9	2 2 0 2 1 1 1 1 0	V0:+2 V1:+2 V3:+2 D02:+2 D08:+2 D12:+2 D18:+2 D23:-2 D38:+2
root-000029	514	0	8.669714290632865e-11	3.0134417322029304e-16	8.669714290632865e-11	9	2 1 0 2 2 1 1 0 1	V0:+2 V3:+2 V4:+2 D02:+2 D07:+2 D23:-2 D24:-2 D37:+2 D47:+2
root-000029	617	0	8.737683914895e-11	3.1192264867037185e-16	8.737683914895e-11	9	-2 -1 0 0 -2 -1 -1 -1 -2	V0:-2 V4:-2 V8:-2 D02:-2 D03:-2 D24:+2 D28:+2 D34:+2 D38:+2
root-000029	2180	0	8.768938602375676e-11	3.0133698300431526e-16	8.768938602375676e-11	9	0 1 2 2 1 2 1 1 0	V2:+2 V3:+2 V5:+2 D02:-2 D03:-2 D05:-2 D28:+2 D38:+2 D58:+2
root-000029	326	0	9.040951406328735e-11	3.012786666422872e-16	9.040951406328735e-11	9	2 1 2 0 0 1 2 1 1	V0:+2 V2:+2 V6:+2 D03:+2 D04:+2 D23:+2 D24:+2 D36:-2 D46:-2
root-000029	608	0	9.081912905515993e-11	3.013296584005685e-16	9.081912905515993e-11	9	2 1 0 1 0 1 2 1 2	V0:+2 V6:+2 V8:+2 D02:+2 D04:+2 D26:-2 D28:-2 D46:-2 D48:-2
root-000029	535	0	9.265680655421788e-11	3.013646368704466e-16	9.265680655421788e-11	9	-2 -1 0 -2 -1 -1 0 -1 -2	V0:-2 V3:-2 V8:-2 D02:-2 D06:-2 D23:+2 D28:+2 D36:-2 D68:+2
root-000029	2174	0	9.269821454496454e-11	3.0174740820636567e-16	9.269821454496454e-11	9	0 1 2 2 2 1 1 0 1	V2:+2 V3:+2 V4:+2 D02:-2 D03:-2 D04:-2 D27:+2 D37:+2 D47:+2
root-000029	607	0	9.336088155214235e-11	3.0132962677706595e-16	9.336088155214235e-11	9	-2 -1 0 -1 0 -1 -2 -1 -2	V0:-2 V6:-2 V8:-2 D02:-2 D04:-2 D26:+2 D28:+2 D46:+2 D48:+2
root-000029	2285	0	9.336391718677638e-11	3.1722022816473957e-16	9.336391718677638e-11	9	0 -1 -2 0 -1 -1 -2 -2 -1	V2:-2 V6:-2 V7:-2 D02:+2 D06:+2 D07:+2 D23:-2 D36:+2 D37:+2
root-000029	2224	0	9.616738346306887e-11	3.0134379936797765e-16	9.616738346306887e-11	9	0 1 2 1 2 1 1 0 2	V2:+2 V4:+2 V8:+2 D02:-2 D04:-2 D08:-2 D27:+2 D47:+2 D78:-2
root-000029	2287	0	9.786782409391786e-11	3.015368918542163e-16	9.786782409391786e-11	9	0 -1 -2 0 -1 -1 -2 -1 -2	V2:-2 V6:-2 V8:-2 D02:+2 D06:+2 D08:+2 D23:-2 D36:+2 D38:+2
root-000029	2196	0	9.814962602999744e-11	3.008810828302642e-16	9.814962602999744e-11	9	0 1 2 2 1 1 0 1 2	V2:+2 V3:+2 V8:+2 D02:-2 D03:-2 D08:-2 D26:+2 D36:+2 D68:-2
root-000029	2183	0	9.834355405899614e-11	3.01342797487264e-16	9.834355405899614e-11	9	0 -1 -2 -2 -1 -2 0 -1 -1	V2:-2 V3:-2 V5:-2 D02:+2 D03:+2 D05:+2 D26:-2 D36:-2 D56:-2
root-000029	545	0	1.0023115509427217e-10	3.0132501536026155e-16	1.0023115509427217e-10	9	-2 -1 0 -2 0 -1 -2 -1 -1	V0:-2 V3:-2 V6:-2 D02:-2 D04:-2 D23:+2 D26:+2 D34:-2 D46:+2
root-000029	441	0	1.0145998314561695e-10	3.0133466554877706e-16	1.0145998314561695e-10	9	-2 -1 -1 -1 0 -1 -2 0 -2	V0:-2 V6:-2 V8:-2 D04:-2 D07:-2 D46:+2 D48:+2 D67:-2 D78:+2
root-000029	600	0	1.0751545518878679e-10	3.013292702292034e-16	1.0751545518878679e-10	9	2 1 0 1 0 2 2 1 1	V0:+2 V5:+2 V6:+2 D02:+2 D04:+2 D25:-2 D26:-2 D45:-2 D46:-2
root-000029	711	0	1.0913287977007607e-10	3.0118324142398e-16	1.0913287977007607e-10	9	-2 0 -1 -2 -1 -1 -1 0 -2	V0:-2 V3:-2 V8:-2 D01:-2 D07:-2 D13:+2 D18:+2 D37:-2 D78:+2
root-000029	111	0	1.0923857730226108e-10	3.0133340613307394e-16	1.0923857730226108e-10	9	-2 -2 -1 0 -2 -1 -1 -1 0	V0:-2 V1:-2 V4:-2 D03:-2 D08:-2 D13:-2 D18:-2 D34:+2 D48:-2
root-000029	2228	0	1.1162252221643183e-10	3.0123734425156015e-16	1.1162252221643183e-10	9	0 1 2 1 2 1 0 1 2	V2:+2 V4:+2 V8:+2 D02:-2 D04:-2 D08:-2 D26:+2 D46:+2 D68:-2
root-000029	584	0	1.1189989025986967e-10	3.013177669950619e-16	1.1189989025986967e-10	9	2 1 0 1 1 2 0 2 1	V0:+2 V5:+2 V7:+2 D02:+2 D06:+2 D25:-2 D27:-2 D56:+2 D67:-2
root-000029	636	0	1.1194288783208592e-10	3.0979693052773945e-16	1.1194288783208592e-10	9	2 0 2 2 1 1 0 1 1	V0:+2 V2:+2 V3:+2 D01:+2 D06:+2 D12:-2 D13:-2 D26:+2 D36:+2
root-000029	2241	0	1.1277005331141516e-10	3.013279545906641e-16	1.1277005331141516e-10	9	0 -1 -2 -1 -1 -2 -1 0 -2	V2:-2 V5:-2 V8:-2 D02:+2 D05:+2 D08:+2 D27:-2 D57:-2 D78:+2
root-000029	128	0	1.128046068657278e-10	3.0147460012345565e-16	1.128046068657278e-10	9	2 2 1 0 1 1 2 0 1	V0:+2 V1:+2 V6:+2 D03:+2 D07:+2 D13:+2 D17:+2 D36:-2 D67:+2
root-000029	53	0	1.1301602917266262e-10	3.013305293200725e-16	1.1301602917266262e-10	9	-2 -2 -1 -1 -2 -1 0 -1 0	V0:-2 V1:-2 V4:-2 D06:-2 D08:-2 D16:-2 D18:-2 D46:-2 D48:-2
root-000029	629	0	1.1303335810736653e-10	3.0152236797185575e-16	1.1303335810736653e-10	9	-2 -1 0 0 -1 -1 -1 -2 -2	V0:-2 V7:-2 V8:-2 D02:-2 D03:-2 D27:+2 D28:+2 D37:+2 D38:+2
root-000029	161	0	1.1513814326739492e-10	2.704103231799018e-16	1.1513814326739492e-10	9	-2 -2 0 -1 -2 -1 -1 -1 0	V0:-2 V1:-2 V4:-2 D02:-2 D08:-2 D12:-2 D18:-2 D24:+2 D48:-2
root-000029	382	0	1.163658325672066e-10	3.013481204997209e-16	1.163658325672066e-10	9	2 1 1 2 0 1 0 2 1	V0:+2 V3:+2 V7:+2 D04:+2 D06:+2 D34:+2 D36:+2 D47:-2 D67:-2
root-000029	1369	0	1.1779280421956238e-10	3.0133668184544393e-16	1.1779280421956238e-10	9	-1 -1 -2 -1 0 -1 -2 -2 0	V2:-2 V6:-2 V7:-2 D24:-2 D28:-2 D46:+2 D47:+2 D68:-2 D78:-2
root-000029	2205	0	1.182107358641037e-10	3.01323744985627e-16	1.182107358641037e-10	9	0 -1 -2 -2 0 -1 -2 -1 -1	V2:-2 V3:-2 V6:-2 D02:+2 D03:+2 D06:+2 D24:-2 D34:-2 D46:+2
root-000029	422	0	1.1913554398538026e-10	3.0085873010780036e-16	1.1913554398538026e-10	9	2 1 1 1 1 0 2 2 0	V0:+2 V6:+2 V7:+2 D05:+2 D08:+2 D56:-2 D57:-2 D68:+2 D78:+2
root-000029	538	0	1.196491864495489e-10	3.084914206460307e-16	1.196491864495489e-10	9	2 1 0 2 1 0 2 1 1	V0:+2 V3:+2 V6:+2 D02:+2 D05:+2 D23:-2 D26:-2 D35:+2 D56:-2
root-000029	573	0	1.2664337131352208e-10	3.0133996484542457e-16	1.2664337131352208e-10	9	-2 -1 0 -1 -2 0 -1 -1 -2	V0:-2 V4:-2 V8:-2 D02:-2 D05:-2 D24:+2 D28:+2 D45:-2 D58:+2
root-000029	540	0	1.2700391251669065e-10	3.0138061799079343e-16	1.2700391251669065e-10	9	2 1 0 2 1 0 1 2 1	V0:+2 V3:+2 V7:+2 D02:+2 D05:+2 D23:-2 D27:-2 D35:+2 D57:-2
root-000029	2270	0	1.2923030449066394e-10	3.013235780198464e-16	1.2923030449066394e-10	9	0 1 2 1 0 1 1 2 2	V2:+2 V7:+2 V8:+2 D02:-2 D07:-2 D08:-2 D24:+2 D47:-2 D48:-2
root-000029	2272	0	1.2994696017273067e-10	3.013421111773677e-16	1.2994696017273067e-10	9	0 1 2 0 2 2 1 1 1	V2:+2 V4:+2 V5:+2 D02:-2 D04:-2 D05:-2 D23:+2 D34:-2 D35:-2
root-000029	2271	0	1.3052678864494533e-10	3.0134239524847683e-16	1.3052678864494533e-10	9	0 -1 -2 0 -2 -2 -1 -1 -1	V2:-2 V4:-2 V5:-2 D02:+2 D04:+2 D05:+2 D23:-2 D34:+2 D35:+2
root-000029	2255	0	1.3067369113960344e-10	3.0133366739784827e-16	1.3067369113960344e-10	9	0 -1 -2 -1 -1 0 -2 -1 -2	V2:-2 V6:-2 V8:-2 D02:+2 D06:+2 D08:+2 D25:-2 D56:+2 D58:+2
root-000029	2246	0	1.3143970364871273e-10	3.0130479753693753e-16	1.3143970364871273e-10	9	0 1 2 1 1 2 0 1 2	V2:+2 V5:+2 V8:+2 D02:-2 D05:-2 D08:-2 D26:+2 D56:+2 D68:-2
root-000029	361	0	1.3213913352301018e-10	3.0125072887326975e-16	1.3213913352301018e-10	9	-2 -1 -1 -2 -1 0 -1 0 -2	V0:-2 V3:-2 V8:-2 D05:-2 D07:-2 D35:-2 D37:-2 D58:+2 D78:+2
root-000029	1763	0	1.322042353904747e-10	3.0128322410666023e-16	1.322042353904747e-10	9	-1 0 -2 -1 -1 0 -2 -2 -1	V2:-2 V6:-2 V7:-2 D12:+2 D16:+2 D17:+2 D25:-2 D56:+2 D57:+2
root-000029	207	0	1.3228212009644204e-10	3.0134360297104623e-16	1.3228212009644204e-10	9	-2 -2 0 0 -1 -1 -1 -2 -1	V0:-2 V1:-2 V7:-2 D02:-2 D03:-2 D12:-2 D13:-2 D27:+2 D37:+2
root-000029	550	0	1.3373429310661368e-10	3.0127549338459673e-16	1.3373429310661368e-10	9	2 1 0 2 0 1 1 1 2	V0:+2 V3:+2 V8:+2 D02:+2 D04:+2 D23:-2 D28:-2 D34:+2 D48:-2
root-000029	2188	0	1.3377654122432886e-10	3.012951692169085e-16	1.3377654122432886e-10	9	0 1 2 2 1 1 2 0 1	V2:+2 V3:+2 V6:+2 D02:-2 D03:-2 D06:-2 D27:+2 D37:+2 D67:+2
root-000029	826	0	1.3479000178649848e-10	9.972889068711284e-12	1.3479000178649848e-10	9	2 0 0 1 2 1 1 2 1	V0:+2 V4:+2 V7:+2 D01:+2 D02:+2 D14:-2 D17:-2 D24:-2 D27:-2
root-000029	2172	0	1.3755878341789668e-10	3.013289957112629e-16	1.3755878341789668e-10	9	0 1 2 2 2 1 1 1 0	V2:+2 V3:+2 V4:+2 D02:-2 D03:-2 D04:-2 D28:+2 D38:+2 D48:+2
root-000029	83	0	1.3813521298977408e-10	3.005393642302509e-16	1.3813521298977408e-10	9	-2 -2 -1 -1 -1 0 0 -2 -1	V0:-2 V1:-2 V7:-2 D05:-2 D06:-2 D15:-2 D16:-2 D57:+2 D67:+2
root-000029	585	0	1.388796720721344e-10	3.012927227268493e-16	1.388796720721344e-10	9	-2 -1 0 -1 -1 -2 0 -1 -2	V0:-2 V5:-2 V8:-2 D02:-2 D06:-2 D25:+2 D28:+2 D56:-2 D68:+2
root-000029	839	0	1.3971014410852786e-10	9.382145753402194e-12	1.3971014410852786e-10	9	-2 0 0 -1 -1 -1 -1 -2 -2	V0:-2 V7:-2 V8:-2 D01:-2 D02:-2 D17:+2 D18:+2 D27:+2 D28:+2
root-000029	840	0	1.3981298738303054e-10	8.726496972347789e-12	1.3981298738303054e-10	9	2 0 0 1 1 1 1 2 2	V0:+2 V7:+2 V8:+2 D01:+2 D02:+2 D17:-2 D18:-2 D27:-2 D28:-2
root-000029	731	0	1.40590766026356e-10	3.01067012242086e-16	1.40590766026356e-10	9	-2 0 -1 -1 -2 -2 -1 -1 0	V0:-2 V4:-2 V5:-2 D01:-2 D08:-2 D14:+2 D15:+2 D48:-2 D58:-2
root-000029	590	0	1.4113816930954997e-10	3.0130964850280375e-16	1.4113816930954997e-10	9	2 1 0 1 1 1 2 0 2	V0:+2 V6:+2 V8:+2 D02:+2 D07:+2 D26:-2 D28:-2 D67:+2 D78:-2
root-000029	555	0	1.418777031549376e-10	3.012808627508738e-16	1.418777031549376e-10	9	-2 -1 0 -1 -2 -2 0 -1 -1	V0:-2 V4:-2 V5:-2 D02:-2 D06:-2 D24:+2 D25:+2 D46:-2 D56:-2
root-000029	611	0	1.4359219892822228e-10	3.0104294568247524e-16	1.4359219892822228e-10	9	-2 -1 0 0 -2 -2 -1 -1 -1	V0:-2 V4:-2 V5:-2 D02:-2 D03:-2 D24:+2 D25:+2 D34:+2 D35:+2
root-000029	2242	0	1.4456559140935162e-10	3.012562977230575e-16	1.4456559140935162e-10	9	0 1 2 1 1 2 1 0 2	V2:+2 V5:+2 V8:+2 D02:-2 D05:-2 D08:-2 D27:+2 D57:+2 D78:-2
root-000029	612	0	1.4472119800119525e-10	3.009851844329552e-16	1.4472119800119525e-10	9	2 1 0 0 2 2 1 1 1	V0:+2 V4:+2 V5:+2 D02:+2 D03:+2 D24:-2 D25:-2 D34:-2 D35:-2
root-000029	384	0	1.4760805573245498e-10	3.013204125783665e-16	1.4760805573245498e-10	9	2 1 1 2 0 1 0 1 2	V0:+2 V3:+2 V8:+2 D04:+2 D06:+2 D34:+2 D36:+2 D48:-2 D68:-2
root-000029	581	0	1.4793812045047647e-10	3.0123400075177935e-16	1.4793812045047647e-10	9	-2 -1 0 -1 -1 -2 -1 0 -2	V0:-2 V5:-2 V8:-2 D02:-2 D07:-2 D25:+2 D28:+2 D57:-2 D78:+2
root-000029	568	0	1.484865682463713e-10	3.0131483130380493e-16	1.484865682463713e-10	9	2 1 0 1 2 1 0 1 2	V0:+2 V4:+2 V8:+2 D02:+2 D06:+2 D24:-2 D28:-2 D46:+2 D68:-2
root-000029	2223	0	1.4855530185094804e-10	3.0126482199658053e-16	1.4855530185094804e-10	9	0 -1 -2 -1 -2 -1 -1 0 -2	V2:-2 V4:-2 V8:-2 D02:+2 D04:+2 D08:+2 D27:-2 D47:-2 D78:+2
root-000029	168	0	1.516064062345936e-10	3.0133153118523612e-16	1.516064062345936e-10	9	2 2 0 1 2 0 1 1 1	V0:+2 V1:+2 V4:+2 D02:+2 D05:+2 D12:+2 D15:+2 D24:-2 D45:+2
root-000029	1705	0	1.5197325444355722e-10	3.0119247759991517e-16	1.5197325444355722e-10	9	-1 0 -2 -2 -1 -1 0 -1 -2	V2:-2 V3:-2 V8:-2 D12:+2 D13:+2 D18:+2 D26:-2 D36:-2 D68:+2
root-000029	1283	0	1.519897779688653e-10	3.0155949913757565e-16	1.519897779688653e-10	9	-1 -1 -2 -2 -1 -1 0 0 -2	V2:-2 V3:-2 V8:-2 D26:-2 D27:-2 D36:-2 D37:-2 D68:+2 D78:+2
root-000029	98	0	1.5221696446894647e-10	3.0328895654579625e-16	1.5221696446894647e-10	9	2 2 1 1 0 1 1 2 0	V0:+2 V1:+2 V7:+2 D04:+2 D08:+2 D14:+2 D18:+2 D47:-2 D78:+2
root-000029	2171	0	1.5415999767765963e-10	3.013340312230221e-16	1.5415999767765963e-10	9	0 -1 -2 -2 -2 -1 -1 -1 0	V2:-2 V3:-2 V4:-2 D02:+2 D03:+2 D04:+2 D28:-2 D38:-2 D48:-2
root-000029	2266	0	1.5797317321646605e-10	3.0131529891470015e-16	1.5797317321646605e-10	9	0 1 2 1 0 1 2 2 1	V2:+2 V6:+2 V7:+2 D02:-2 D06:-2 D07:-2 D24:+2 D46:-2 D47:-2
root-000029	2259	0	1.584728342706344e-10	3.0131220806265677e-16	1.584728342706344e-10	9	0 -1 -2 -1 0 -2 -2 -1 -1	V2:-2 V5:-2 V6:-2 D02:+2 D05:+2 D06:+2 D24:-2 D45:+2 D46:+2
root-000029	2254	0	1.5852831099377136e-10	3.0158185980367946e-16	1.5852831099377136e-10	9	0 1 2 1 1 0 2 2 1	V2:+2 V6:+2 V7:+2 D02:-2 D06:-2 D07:-2 D25:+2 D56:-2 D57:-2
root-000029	684	0	1.5857790979328682e-10	3.0013945824790155e-16	1.5857790979328682e-10	9	2 0 2 0 1 2 1 1 1	V0:+2 V2:+2 V5:+2 D01:+2 D03:+2 D12:-2 D15:-2 D23:+2 D35:-2
root-000029	2222	0	1.5977446786033937e-10	3.013146704961376e-16	1.5977446786033937e-10	9	0 1 2 1 2 1 1 2 0	V2:+2 V4:+2 V7:+2 D02:-2 D04:-2 D07:-2 D28:+2 D48:+2 D78:+2
root-000029	2221	0	1.60907404917937e-10	3.013139334360046e-16	1.60907404917937e-10	9	0 -1 -2 -1 -2 -1 -1 -2 0	V2:-2 V4:-2 V7:-2 D02:+2 D04:+2 D07:+2 D28:-2 D48:-2 D78:-2
root-000029	491	0	1.6150220577137333e-10	3.0147570479297243e-16	1.6150220577137333e-10	9	-2 -1 -1 0 -1 -1 0 -2 -2	V0:-2 V7:-2 V8:-2 D03:-2 D06:-2 D37:+2 D38:+2 D67:+2 D68:+2
root-000029	51	0	1.631055214891846e-10	3.012983110341626e-16	1.631055214891846e-10	9	-2 -2 -1 -1 -2 -1 -1 0 0	V0:-2 V1:-2 V4:-2 D07:-2 D08:-2 D17:-2 D18:-2 D47:-2 D48:-2
root-000029	1438	0	1.6648968513246057e-10	3.0133579047402045e-16	1.6648968513246057e-10	9	1 1 2 0 0 1 2 1 2	V2:+2 V6:+2 V8:+2 D23:+2 D24:+2 D36:-2 D38:-2 D46:-2 D48:-2
root-000029	1899	0	1.6657468666461688e-10	3.17914268689611e-16	1.6657468666461688e-10	9	-1 0 -1 -1 0 -1 -2 -2 -2	V6:-2 V7:-2 V8:-2 D16:+2 D17:+2 D18:+2 D46:+2 D47:+2 D48:+2
root-000029	569	0	1.669959545051908e-10	3.0124665200921347e-16	1.669959545051908e-10	9	-2 -1 0 -1 -2 0 -2 -1 -1	V0:-2 V4:-2 V6:-2 D02:-2 D05:-2 D24:+2 D26:+2 D45:-2 D56:+2
root-000029	2300	0	1.6706194248790947e-10	3.4931854335863466e-16	1.6706194248790947e-10	9	0 1 1 2 2 1 2 0 1	V3:+2 V4:+2 V6:+2 D03:-2 D04:-2 D06:-2 D37:+2 D47:+2 D67:+2
root-000029	2198	0	1.681216892761722e-10	3.0136770542405536e-16	1.681216892761722e-10	9	0 1 2 2 1 0 2 1 1	V2:+2 V3:+2 V6:+2 D02:-2 D03:-2 D06:-2 D25:+2 D35:+2 D56:-2
root-000029	1731	0	1.6998237501988852e-10	3.0045215447608354e-16	1.6998237501988852e-10	9	-1 0 -2 -1 -2 -1 -1 -2 0	V2:-2 V4:-2 V7:-2 D12:+2 D14:+2 D17:+2 D28:-2 D48:-2 D78:-2
root-000029	404	0	1.7004851101464417e-10	3.0140459767149924e-16	1.7004851101464417e-10	9	2 1 1 1 2 0 2 1 0	V0:+2 V4:+2 V6:+2 D05:+2 D08:+2 D45:+2 D48:+2 D56:-2 D68:+2
root-000029	2211	0	1.7173371364405916e-10	3.0133524867778743e-16	1.7173371364405916e-10	9	0 -1 -2 -1 -2 -2 -1 -1 0	V2:-2 V4:-2 V5:-2 D02:+2 D04:+2 D05:+2 D28:-2 D48:-2 D58:-2
root-000029	1452	0	1.7362322637500234e-10	8.622952609812695e-16	1.7362322637500234e-10	9	1 1 1 2 2 1 0 0 2	V3:+2 V4:+2 V8:+2 D36:+2 D37:+2 D46:+2 D47:+2 D68:-2 D78:-2
root-000029	462	0	1.7449690965508373e-10	3.0132500372651957e-16	1.7449690965508373e-10	9	2 1 1 0 2 1 1 2 0	V0:+2 V4:+2 V7:+2 D03:+2 D08:+2 D34:-2 D37:-2 D48:+2 D78:+2
root-000029	466	0	1.7478514250717972e-10	3.0140020544463247e-16	1.7478514250717972e-10	9	2 1 1 0 2 1 0 2 1	V0:+2 V4:+2 V7:+2 D03:+2 D06:+2 D34:-2 D37:-2 D46:+2 D67:-2
root-000029	1559	0	1.8334403033124352e-10	5.009903232311579e-16	1.8334403033124352e-10	9	-1 -1 -1 0 0 -1 -2 -2 -2	V6:-2 V7:-2 V8:-2 D36:+2 D37:+2 D38:+2 D46:+2 D47:+2 D48:+2
root-000029	533	0	1.871134919529902e-10	3.0181536123989754e-16	1.871134919529902e-10	9	-2 -1 0 -2 -1 -1 0 -2 -1	V0:-2 V3:-2 V7:-2 D02:-2 D06:-2 D23:+2 D27:+2 D36:-2 D67:+2
root-000029	516	0	1.8912436474504202e-10	3.0255457799249426e-16	1.8912436474504202e-10	9	2 1 0 2 2 1 0 1 1	V0:+2 V3:+2 V4:+2 D02:+2 D06:+2 D23:-2 D24:-2 D36:+2 D46:+2
root-000029	1196	0	1.929789893590001e-10	2.9089833169454773e-16	1.929789893590001e-10	9	1 2 0 1 2 1 0 2 1	V1:+2 V4:+2 V7:+2 D12:+2 D16:+2 D24:-2 D27:-2 D46:+2 D67:-2
root-000029	561	0	1.9636465791034988e-10	3.0113221593567248e-16	1.9636465791034988e-10	9	-2 -1 0 -1 -2 -1 -1 -2 0	V0:-2 V4:-2 V7:-2 D02:-2 D08:-2 D24:+2 D27:+2 D48:-2 D78:-2
root-000029	2186	0	1.9857911931409983e-10	3.011942329264504e-16	1.9857911931409983e-10	9	0 1 2 2 1 1 2 1 0	V2:+2 V3:+2 V6:+2 D02:-2 D03:-2 D06:-2 D28:+2 D38:+2 D68:+2
root-000029	1314	0	1.9884763143599834e-10	3.0143710604264234e-16	1.9884763143599834e-10	9	1 1 2 2 0 1 0 1 2	V2:+2 V3:+2 V8:+2 D24:+2 D26:+2 D34:+2 D36:+2 D48:-2 D68:-2
root-000029	566	0	1.9901869271100852e-10	3.112732087726494e-16	1.9901869271100852e-10	9	2 1 0 1 2 1 0 2 1	V0:+2 V4:+2 V7:+2 D02:+2 D06:+2 D24:-2 D27:-2 D46:+2 D67:-2
root-000029	1785	0	2.0183214941873571e-10	3.013623680312574e-16	2.0183214941873571e-10	9	-1 0 -2 0 -2 -1 -1 -2 -1	V2:-2 V4:-2 V7:-2 D12:+2 D14:+2 D17:+2 D23:-2 D34:+2 D37:+2
root-000029	2225	0	2.0206859806751695e-10	3.100915954461111e-16	2.0206859806751695e-10	9	0 -1 -2 -1 -2 -1 0 -2 -1	V2:-2 V4:-2 V7:-2 D02:+2 D04:+2 D07:+2 D26:-2 D46:-2 D67:+2
root-000029	2187	0	2.036677093251657e-10	3.0144845669195013e-16	2.036677093251657e-10	9	0 -1 -2 -2 -1 -1 -2 0 -1	V2:-2 V3:-2 V6:-2 D02:+2 D03:+2 D06:+2 D27:-2 D37:-2 D67:-2
root-000029	908	0	2.0636275797529263e-10	3.051869991478688e-16	2.0636275797529263e-10	9	1 2 2 1 0 1 1 2 0	V1:+2 V2:+2 V7:+2 D14:+2 D18:+2 D24:+2 D28:+2 D47:-2 D78:+2
root-000029	2479	0	2.0983250070626775e-10	5.0775161284130236e-11	2.0983250070626775e-10	9	0 0 -2 -1 -1 -1 -1 -2 -2	V2:-2 V7:-2 V8:-2 D02:+2 D07:+2 D08:+2 D12:+2 D17:+2 D18:+2
root-000029	2216	0	2.105577568814593e-10	3.012224829358533e-16	2.105577568814593e-10	9	0 1 2 1 2 2 0 1 1	V2:+2 V4:+2 V5:+2 D02:-2 D04:-2 D05:-2 D26:+2 D46:+2 D56:+2
root-000029	2247	0	2.122593000470635e-10	2.9780423051341144e-16	2.122593000470635e-10	9	0 -1 -2 -1 -1 -1 -2 -2 0	V2:-2 V6:-2 V7:-2 D02:+2 D06:+2 D07:+2 D28:-2 D68:-2 D78:-2
root-000029	162	0	2.1263237806169142e-10	2.6519095686837653e-16	2.1263237806169142e-10	9	2 2 0 1 2 1 1 1 0	V0:+2 V1:+2 V4:+2 D02:+2 D08:+2 D12:+2 D18:+2 D24:-2 D48:+2
root-000029	1309	0	2.1439540988780084e-10	3.0130708618918246e-16	2.1439540988780084e-10	9	-1 -1 -2 -2 0 -1 -1 0 -2	V2:-2 V3:-2 V8:-2 D24:-2 D27:-2 D34:-2 D37:-2 D48:+2 D78:+2
root-000029	165	0	2.167364841823214e-10	3.370681203329933e-16	2.167364841823214e-10	9	-2 -2 0 -1 -2 -1 0 -1 -1	V0:-2 V1:-2 V4:-2 D02:-2 D06:-2 D12:-2 D16:-2 D24:+2 D46:-2
root-000029	52	0	2.1833937120323696e-10	3.012884911168086e-16	2.1833937120323696e-10	9	2 2 1 1 2 1 1 0 0	V0:+2 V1:+2 V4:+2 D07:+2 D08:+2 D17:+2 D18:+2 D47:+2 D48:+2
root-000029	2192	0	2.1871803776170117e-10	3.0131507327856985e-16	2.1871803776170117e-10	9	0 1 2 2 1 1 1 0 2	V2:+2 V3:+2 V8:+2 D02:-2 D03:-2 D08:-2 D27:+2 D37:+2 D78:-2
root-000029	1864	0	2.2277089869376552e-10	3.123822175900656e-16	2.2277089869376552e-10	9	1 0 1 1 2 2 2 0 1	V4:+2 V5:+2 V6:+2 D14:-2 D15:-2 D16:-2 D47:+2 D57:+2 D67:+2
root-000029	2026	0	2.2372830618081957e-10	3.134984463920661e-16	2.2372830618081957e-10	9	0 2 1 2 2 1 0 1 1	V1:+2 V3:+2 V4:+2 D01:-2 D03:-2 D04:-2 D16:+2 D36:+2 D46:+2
root-000029	619	0	2.2465491233220534e-10	3.007048079409723e-16	2.2465491233220534e-10	9	-2 -1 0 0 -1 -2 -2 -1 -1	V0:-2 V5:-2 V6:-2 D02:-2 D03:-2 D25:+2 D26:+2 D35:+2 D36:+2
root-000029	583	0	2.2553934710563158e-10	3.012635353767125e-16	2.2553934710563158e-10	9	-2 -1 0 -1 -1 -2 0 -2 -1	V0:-2 V5:-2 V7:-2 D02:-2 D06:-2 D25:+2 D27:+2 D56:-2 D67:+2
root-000029	443	0	2.2996482035072822e-10	3.0139015707931973e-16	2.2996482035072822e-10	9	-2 -1 -1 -1 0 -1 0 -2 -2	V0:-2 V7:-2 V8:-2 D04:-2 D06:-2 D47:+2 D48:+2 D67:+2 D68:+2
root-000029	3	0	2.3039666788987612e-10	4.6186432973211536e-11	2.3039666788987612e-10	9	-2 -2 -2 -1 -1 -1 0 -1 0	V0:-2 V1:-2 V2:-2 D06:-2 D08:-2 D16:-2 D18:-2 D26:-2 D28:-2
root-000029	102	0	2.3144654042179093e-10	3.0139186997690177e-16	2.3144654042179093e-10	9	2 2 1 1 0 1 0 2 1	V0:+2 V1:+2 V7:+2 D04:+2 D06:+2 D14:+2 D16:+2 D47:-2 D67:-2
root-000029	771	0	2.3230286527272513e-10	3.014292721103094e-16	2.3230286527272513e-10	9	-2 0 -1 -1 -1 -1 0 -2 -2	V0:-2 V7:-2 V8:-2 D01:-2 D06:-2 D17:+2 D18:+2 D67:+2 D68:+2
root-000029	2248	0	2.3336698300999556e-10	3.008030871413084e-16	2.3336698300999556e-10	9	0 1 2 1 1 1 2 2 0	V2:+2 V6:+2 V7:+2 D02:-2 D06:-2 D07:-2 D28:+2 D68:+2 D78:+2
root-000029	2153	0	2.35953135502287e-10	6.103374239632605e-11	2.35953135502287e-10	9	0 -2 0 -1 -2 -1 -2 -1 -1	V1:-2 V4:-2 V6:-2 D01:+2 D04:+2 D06:+2 D12:-2 D24:+2 D26:+2
root-000029	97	0	2.422519464497125e-10	3.013343399234542e-16	2.422519464497125e-10	9	-2 -2 -1 -1 0 -1 -1 -2 0	V0:-2 V1:-2 V7:-2 D04:-2 D08:-2 D14:-2 D18:-2 D47:+2 D78:-2
root-000029	1371	0	2.443399401112678e-10	3.0141444253765853e-16	2.443399401112678e-10	9	-1 -1 -2 -1 0 -1 -2 0 -2	V2:-2 V6:-2 V8:-2 D24:-2 D27:-2 D46:+2 D48:+2 D67:-2 D78:+2
root-000029	571	0	2.461739030899557e-10	3.0139855817563293e-16	2.461739030899557e-10	9	-2 -1 0 -1 -2 0 -1 -2 -1	V0:-2 V4:-2 V7:-2 D02:-2 D05:-2 D24:+2 D27:+2 D45:-2 D57:+2
root-000029	2284	0	2.4761190134713013e-10	3.0133242857239927e-16	2.4761190134713013e-10	9	0 1 2 0 1 2 1 1 2	V2:+2 V5:+2 V8:+2 D02:-2 D05:-2 D08:-2 D23:+2 D35:-2 D38:-2
root-000029	2165	0	2.493106262197381e-10	2.493106262197381e-10	2.210754892461442e-11	9	0 -2 0 -1 -1 -1 -2 -2 -1	V1:-2 V6:-2 V7:-2 D01:+2 D06:+2 D07:+2 D12:-2 D26:+2 D27:+2
root-000029	624	0	2.5135176974732134e-10	3.013332163750949e-16	2.5135176974732134e-10	9	2 1 0 0 1 2 1 1 2	V0:+2 V5:+2 V8:+2 D02:+2 D03:+2 D25:-2 D28:-2 D35:-2 D38:-2
root-000029	618	0	2.526229601853549e-10	2.974735692980982e-16	2.526229601853549e-10	9	2 1 0 0 2 1 1 1 2	V0:+2 V4:+2 V8:+2 D02:+2 D03:+2 D24:-2 D28:-2 D34:-2 D38:-2
root-000029	2288	0	2.5305064095245673e-10	2.989904711864433e-16	2.5305064095245673e-10	9	0 1 2 0 1 1 2 1 2	V2:+2 V6:+2 V8:+2 D02:-2 D06:-2 D08:-2 D23:+2 D36:-2 D38:-2
root-000029	547	0	2.5745763075693095e-10	3.0124037696730636e-16	2.5745763075693095e-10	9	-2 -1 0 -2 0 -1 -1 -2 -1	V0:-2 V3:-2 V7:-2 D02:-2 D04:-2 D23:+2 D27:+2 D34:-2 D47:+2
root-000029	592	0	2.5810520873664376e-10	3.013351083480909e-16	2.5810520873664376e-10	9	2 1 0 1 1 1 0 2 2	V0:+2 V7:+2 V8:+2 D02:+2 D06:+2 D27:-2 D28:-2 D67:-2 D68:-2
root-000029	1690	0	2.6266022162309147e-10	2.882448853619239e-16	2.6266022162309147e-10	9	1 0 2 2 1 2 1 1 0	V2:+2 V3:+2 V5:+2 D12:-2 D13:-2 D15:-2 D28:+2 D38:+2 D58:+2
root-000029	92	0	2.643949147486118e-10	2.697946078600467e-16	2.643949147486118e-10	9	2 2 1 1 0 2 0 1 1	V0:+2 V1:+2 V5:+2 D04:+2 D06:+2 D14:+2 D16:+2 D45:-2 D56:+2
root-000029	2213	0	2.7057722467370626e-10	3.0111080121885767e-16	2.7057722467370626e-10	9	0 -1 -2 -1 -2 -2 -1 0 -1	V2:-2 V4:-2 V5:-2 D02:+2 D04:+2 D05:+2 D27:-2 D47:-2 D57:-2
root-000029	1391	0	2.7099497298254593e-10	3.014028750338453e-16	2.7099497298254593e-10	9	-1 -1 -2 0 -2 -1 -1 -2 0	V2:-2 V4:-2 V7:-2 D23:-2 D28:-2 D34:+2 D37:+2 D48:-2 D78:-2
root-000029	408	0	2.7146500698184386e-10	3.014620804117708e-16	2.7146500698184386e-10	9	2 1 1 1 2 0 1 2 0	V0:+2 V4:+2 V7:+2 D05:+2 D08:+2 D45:+2 D48:+2 D57:-2 D78:+2
root-000029	512	0	2.727987232338926e-10	3.0134364564607355e-16	2.727987232338926e-10	9	2 1 0 2 2 1 1 1 0	V0:+2 V3:+2 V4:+2 D02:+2 D08:+2 D23:-2 D24:-2 D38:+2 D48:+2
root-000029	2238	0	2.7384677124939606e-10	3.0113454915570603e-16	2.7384677124939606e-10	9	0 1 2 1 1 2 2 0 1	V2:+2 V5:+2 V6:+2 D02:-2 D05:-2 D06:-2 D27:+2 D57:+2 D67:+2
root-000029	1827	0	2.7422473859950664e-10	1.482449747993444e-10	2.7422473859950664e-10	9	-1 0 -1 -2 -1 -2 -2 0 -1	V3:-2 V5:-2 V6:-2 D13:+2 D15:+2 D16:+2 D37:-2 D57:-2 D67:-2
root-000029	664	0	2.7582302679026423e-10	3.0117062641900853e-16	2.7582302679026423e-10	9	2 0 2 1 1 1 0 2 1	V0:+2 V2:+2 V7:+2 D01:+2 D06:+2 D12:-2 D17:-2 D26:+2 D67:-2
root-000029	2214	0	2.8253609617613194e-10	3.011123311640205e-16	2.8253609617613194e-10	9	0 1 2 1 2 2 1 0 1	V2:+2 V4:+2 V5:+2 D02:-2 D04:-2 D05:-2 D27:+2 D47:+2 D57:+2
root-000029	15	0	2.836544853168643e-10	8.481375596348251e-12	2.836544853168643e-10	9	-2 -2 -2 -1 0 -1 -1 0 -1	V0:-2 V1:-2 V2:-2 D04:-2 D07:-2 D14:-2 D17:-2 D24:-2 D27:-2
root-000029	1779	0	2.851993366473813e-10	3.006959671510086e-16	2.851993366473813e-10	9	-1 0 -2 -1 0 -1 -1 -2 -2	V2:-2 V7:-2 V8:-2 D12:+2 D17:+2 D18:+2 D24:-2 D47:+2 D48:+2
root-000029	794	0	2.874645743137192e-10	3.015090588751086e-16	2.874645743137192e-10	9	2 0 1 0 2 1 2 1 1	V0:+2 V4:+2 V6:+2 D01:+2 D03:+2 D14:-2 D16:-2 D34:-2 D36:-2
root-000029	2206	0	2.893420177119949e-10	3.013814188384464e-16	2.893420177119949e-10	9	0 1 2 2 0 1 2 1 1	V2:+2 V3:+2 V6:+2 D02:-2 D03:-2 D06:-2 D24:+2 D34:+2 D46:-2
root-000029	852	0	2.903829335868177e-10	3.0094037810369873e-16	2.903829335868177e-10	9	1 2 2 2 1 0 0 1 1	V1:+2 V2:+2 V3:+2 D15:+2 D16:+2 D25:+2 D26:+2 D35:+2 D36:+2
root-000029	553	0	2.9044448921524137e-10	3.0083437555665635e-16	2.9044448921524137e-10	9	-2 -1 0 -1 -2 -2 -1 0 -1	V0:-2 V4:-2 V5:-2 D02:-2 D07:-2 D24:+2 D25:+2 D47:-2 D57:-2
root-000029	1683	0	2.926392033652806e-10	3.011763317757107e-16	2.926392033652806e-10	9	-1 0 -2 -2 -2 -1 -1 0 -1	V2:-2 V3:-2 V4:-2 D12:+2 D13:+2 D14:+2 D27:-2 D37:-2 D47:-2
root-000029	1587	0	2.9531189205947854e-10	1.2008428085283433e-10	2.9531189205947854e-10	9	-1 -1 0 -2 -1 -2 -2 0 -1	V3:-2 V5:-2 V6:-2 D23:+2 D25:+2 D26:+2 D37:-2 D57:-2 D67:-2
root-000029	539	0	2.964252892303708e-10	3.017135790384165e-16	2.964252892303708e-10	9	-2 -1 0 -2 -1 0 -1 -2 -1	V0:-2 V3:-2 V7:-2 D02:-2 D05:-2 D23:+2 D27:+2 D35:-2 D57:+2
root-000029	47	0	2.999688361403806e-10	4.2803933803738415e-16	2.999688361403806e-10	9	-2 -2 -1 -2 0 -1 0 -1 -1	V0:-2 V1:-2 V3:-2 D04:-2 D06:-2 D14:-2 D16:-2 D34:-2 D36:-2
root-000029	65	0	3.029065472419965e-10	3.0063334071391173e-16	3.029065472419965e-10	9	-2 -2 -1 -1 -1 -2 0 -1 0	V0:-2 V1:-2 V5:-2 D06:-2 D08:-2 D16:-2 D18:-2 D56:-2 D58:-2
root-000029	164	0	3.0731651965495023e-10	6.251989520934548e-16	3.0731651965495023e-10	9	2 2 0 1 2 1 1 0 1	V0:+2 V1:+2 V4:+2 D02:+2 D07:+2 D12:+2 D17:+2 D24:-2 D47:+2
root-000029	562	0	3.0818747529281363e-10	3.00161307398621e-16	3.0818747529281363e-10	9	2 1 0 1 2 1 1 2 0	V0:+2 V4:+2 V7:+2 D02:+2 D08:+2 D24:-2 D27:-2 D48:+2 D78:+2
root-000029	692	0	3.0888484961370683e-10	3.0128011171772965e-16	3.0888484961370683e-10	9	2 0 1 2 2 1 1 1 0	V0:+2 V3:+2 V4:+2 D01:+2 D08:+2 D13:-2 D14:-2 D38:+2 D48:+2
root-000029	511	0	3.100472687524824e-10	3.011508483057938e-16	3.100472687524824e-10	9	-2 -1 0 -2 -2 -1 -1 -1 0	V0:-2 V3:-2 V4:-2 D02:-2 D08:-2 D23:+2 D24:+2 D38:-2 D48:-2
root-000029	525	0	3.1465287138018943e-10	3.014279686154318e-16	3.1465287138018943e-10	9	-2 -1 0 -2 -1 -1 -2 -1 0	V0:-2 V3:-2 V6:-2 D02:-2 D08:-2 D23:+2 D26:+2 D38:-2 D68:-2
root-000029	2203	0	3.169517069476504e-10	3.0111054732519964e-16	3.169517069476504e-10	9	0 -1 -2 -2 0 -2 -1 -1 -1	V2:-2 V3:-2 V5:-2 D02:+2 D03:+2 D05:+2 D24:-2 D34:-2 D45:+2
root-000029	772	0	3.1994683941098237e-10	3.0147573587464746e-16	3.1994683941098237e-10	9	2 0 1 1 1 1 0 2 2	V0:+2 V7:+2 V8:+2 D01:+2 D06:+2 D17:-2 D18:-2 D67:-2 D68:-2
root-000029	1578	0	3.2430085478740134e-10	5.588427079161287e-15	3.2430085478740134e-10	9	1 1 0 2 2 1 0 1 2	V3:+2 V4:+2 V8:+2 D23:-2 D24:-2 D28:-2 D36:+2 D46:+2 D68:-2
root-000029	2275	0	3.274458191727033e-10	3.013270310841018e-16	3.274458191727033e-10	9	0 -1 -2 0 -2 -1 -1 -2 -1	V2:-2 V4:-2 V7:-2 D02:+2 D04:+2 D07:+2 D23:-2 D34:+2 D37:+2
root-000029	2277	0	3.28387239563568e-10	3.237018971426304e-16	3.28387239563568e-10	9	0 -1 -2 0 -2 -1 -1 -1 -2	V2:-2 V4:-2 V8:-2 D02:+2 D04:+2 D08:+2 D23:-2 D34:+2 D38:+2
root-000029	2100	0	3.3678927943464783e-10	2.796219546075094e-16	3.3678927943464783e-10	9	0 2 1 1 1 1 2 0 2	V1:+2 V6:+2 V8:+2 D01:-2 D06:-2 D08:-2 D17:+2 D67:+2 D78:-2
root-000029	510	0	3.378558088323633e-10	3.0141478740674464e-16	3.378558088323633e-10	9	2 1 1 0 0 1 1 2 2	V0:+2 V7:+2 V8:+2 D03:+2 D04:+2 D37:-2 D38:-2 D47:-2 D48:-2
root-000029	178	0	3.3828532559988693e-10	2.997616736022131e-16	3.3828532559988693e-10	9	2 2 0 1 1 1 2 0 1	V0:+2 V1:+2 V6:+2 D02:+2 D07:+2 D12:+2 D17:+2 D26:-2 D67:+2
root-000029	44	0	3.410407151123062e-10	2.62822160138663e-15	3.410407151123062e-10	9	2 2 1 2 0 1 1 1 0	V0:+2 V1:+2 V3:+2 D04:+2 D08:+2 D14:+2 D18:+2 D34:+2 D38:+2
root-000029	1617	0	3.433505917049677e-10	1.300530520118427e-10	3.433505917049677e-10	9	-1 -1 0 -2 0 -1 -2 -1 -2	V3:-2 V6:-2 V8:-2 D23:+2 D26:+2 D28:+2 D34:-2 D46:+2 D48:+2
root-000029	2006	0	3.468474561999494e-10	8.06395656040632e-16	3.468474561999494e-10	9	0 2 2 1 0 1 2 1 1	V1:+2 V2:+2 V6:+2 D01:-2 D02:-2 D06:-2 D14:+2 D24:+2 D46:-2
root-000029	177	0	3.4749272540867277e-10	3.0016160779402644e-16	3.4749272540867277e-10	9	-2 -2 0 -1 -1 -1 -2 0 -1	V0:-2 V1:-2 V6:-2 D02:-2 D07:-2 D12:-2 D17:-2 D26:+2 D67:-2
root-000029	34	0	3.4880807666580937e-10	1.9952416287804125e-15	3.4880807666580937e-10	9	2 2 1 2 1 1 0 1 0	V0:+2 V1:+2 V3:+2 D06:+2 D08:+2 D16:+2 D18:+2 D36:+2 D38:+2
root-000029	33	0	3.5210080666751363e-10	2.0328811310976232e-15	3.5210080666751363e-10	9	-2 -2 -1 -2 -1 -1 0 -1 0	V0:-2 V1:-2 V3:-2 D06:-2 D08:-2 D16:-2 D18:-2 D36:-2 D38:-2
root-000029	1760	0	3.580560291237657e-10	2.668903753191674e-16	3.580560291237657e-10	9	1 0 2 1 1 1 2 0 2	V2:+2 V6:+2 V8:+2 D12:-2 D16:-2 D18:-2 D27:+2 D67:+2 D78:-2
root-000029	1761	0	3.610370378803334e-10	3.014529099359079e-16	3.610370378803334e-10	9	-1 0 -2 -1 -1 -1 0 -2 -2	V2:-2 V7:-2 V8:-2 D12:+2 D17:+2 D18:+2 D26:-2 D67:+2 D68:+2
root-000029	1	0	3.6520320621791225e-10	1.7342592831367622e-11	3.6520320621791225e-10	9	-2 -2 -2 -1 -1 -1 -1 0 0	V0:-2 V1:-2 V2:-2 D07:-2 D08:-2 D17:-2 D18:-2 D27:-2 D28:-2
root-000029	444	0	3.652790242788028e-10	3.0125188570858047e-16	3.652790242788028e-10	9	2 1 1 1 0 1 0 2 2	V0:+2 V7:+2 V8:+2 D04:+2 D06:+2 D47:-2 D48:-2 D67:-2 D68:-2
root-000029	183	0	3.7122904360245763e-10	3.017776902297758e-16	3.7122904360245763e-10	9	-2 -2 0 -1 -1 -1 0 -2 -1	V0:-2 V1:-2 V7:-2 D02:-2 D06:-2 D12:-2 D16:-2 D27:+2 D67:+2
root-000029	2286	0	3.719980726530731e-10	3.0179170286312195e-16	3.719980726530731e-10	9	0 1 2 0 1 1 2 2 1	V2:+2 V6:+2 V7:+2 D02:-2 D06:-2 D07:-2 D23:+2 D36:-2 D37:-2
root-000029	657	0	3.7444162795884604e-10	2.645069830758095e-16	3.7444162795884604e-10	9	-2 0 -2 -1 -1 -1 -2 0 -1	V0:-2 V2:-2 V6:-2 D01:-2 D07:-2 D12:+2 D16:+2 D27:-2 D67:-2
root-000029	60	0	3.828837044641037e-10	3.0112721765360417e-16	3.828837044641037e-10	9	2 2 1 1 2 0 1 0 1	V0:+2 V1:+2 V4:+2 D05:+2 D07:+2 D15:+2 D17:+2 D45:+2 D47:+2
root-000029	991	0	3.8708428918004166e-10	6.100250647758036e-16	3.8708428918004166e-10	9	-1 -2 -1 -2 -1 0 -1 0 -2	V1:-2 V3:-2 V8:-2 D15:-2 D17:-2 D35:-2 D37:-2 D58:+2 D78:+2
root-000029	1347	0	3.878059853853474e-10	3.0316066805648325e-16	3.878059853853474e-10	9	-1 -1 -2 -1 -1 -2 0 -2 0	V2:-2 V5:-2 V7:-2 D26:-2 D28:-2 D56:-2 D58:-2 D67:+2 D78:-2
root-000029	90	0	3.987826029498809e-10	4.252440371722388e-16	3.987826029498809e-10	9	2 2 1 1 0 2 1 0 1	V0:+2 V1:+2 V5:+2 D04:+2 D07:+2 D14:+2 D17:+2 D45:-2 D57:+2
root-000029	517	0	4.1158007834852386e-10	3.0148948371215163e-16	4.1158007834852386e-10	9	-2 -1 0 -2 -2 0 -1 -1 -1	V0:-2 V3:-2 V4:-2 D02:-2 D05:-2 D23:+2 D24:+2 D35:-2 D45:-2
root-000029	184	0	4.115832623939194e-10	2.9311182139864665e-16	4.115832623939194e-10	9	2 2 0 1 1 1 0 2 1	V0:+2 V1:+2 V7:+2 D02:+2 D06:+2 D12:+2 D16:+2 D27:-2 D67:-2
root-000029	2263	0	4.136633136462697e-10	3.012112897568137e-16	4.136633136462697e-10	9	0 -1 -2 -1 0 -2 -1 -1 -2	V2:-2 V5:-2 V8:-2 D02:+2 D05:+2 D08:+2 D24:-2 D45:+2 D48:+2
root-000029	2264	0	4.144600916936796e-10	3.012079056046197e-16	4.144600916936796e-10	9	0 1 2 1 0 2 1 1 2	V2:+2 V5:+2 V8:+2 D02:-2 D05:-2 D08:-2 D24:+2 D45:-2 D48:-2
root-000029	759	0	4.155753066356169e-10	2.841428984652634e-16	4.155753066356169e-10	9	-2 0 -1 -1 -1 -2 -1 -2 0	V0:-2 V5:-2 V7:-2 D01:-2 D08:-2 D15:+2 D17:+2 D58:-2 D78:-2
root-000029	1998	0	4.1752012768341326e-10	3.011931555071428e-16	4.1752012768341326e-10	9	0 2 2 1 1 0 2 1 1	V1:+2 V2:+2 V6:+2 D01:-2 D02:-2 D06:-2 D15:+2 D25:+2 D56:-2
root-000029	1005	0	4.244732838967238e-10	5.375639419473348e-16	4.244732838967238e-10	9	-1 -2 -1 -2 0 -1 -2 0 -1	V1:-2 V3:-2 V6:-2 D14:-2 D17:-2 D34:-2 D37:-2 D46:+2 D67:-2
root-000029	2244	0	4.275481283198142e-10	3.0125067227218426e-16	4.275481283198142e-10	9	0 1 2 1 1 2 0 2 1	V2:+2 V5:+2 V7:+2 D02:-2 D05:-2 D07:-2 D26:+2 D56:+2 D67:-2
root-000029	1436	0	4.313201333150798e-10	3.0620997385428594e-16	4.313201333150798e-10	9	1 1 2 0 0 1 2 2 1	V2:+2 V6:+2 V7:+2 D23:+2 D24:+2 D36:-2 D37:-2 D46:-2 D47:-2
root-000029	332	0	4.3581080534581416e-10	3.0158067710938205e-16	4.3581080534581416e-10	9	2 1 1 2 2 1 1 0 0	V0:+2 V3:+2 V4:+2 D07:+2 D08:+2 D37:+2 D38:+2 D47:+2 D48:+2
root-000029	2009	0	4.5312014456610025e-10	1.6550489628584763e-15	4.5312014456610025e-10	9	0 -2 -2 -1 0 -1 -1 -1 -2	V1:-2 V2:-2 V8:-2 D01:+2 D02:+2 D08:+2 D14:-2 D24:-2 D48:+2
root-000029	982	0	4.6132364789142536e-10	3.8727013960991267e-16	4.6132364789142536e-10	9	1 2 1 2 1 1 0 2 0	V1:+2 V3:+2 V7:+2 D16:+2 D18:+2 D36:+2 D38:+2 D67:-2 D78:+2
root-000029	179	0	4.623751778311178e-10	1.8077497148716456e-13	4.623751778311178e-10	9	-2 -2 0 -1 -1 -1 -1 -2 0	V0:-2 V1:-2 V7:-2 D02:-2 D08:-2 D12:-2 D18:-2 D27:+2 D78:-2
root-000029	729	0	4.6540181281035116e-10	2.645217613152996e-16	4.6540181281035116e-10	9	-2 0 -1 -2 0 -1 -1 -1 -2	V0:-2 V3:-2 V8:-2 D01:-2 D04:-2 D13:+2 D18:+2 D34:-2 D48:+2
root-000029	1414	0	4.72503901339754e-10	3.352220412113468e-16	4.72503901339754e-10	9	1 1 2 0 1 2 0 2 1	V2:+2 V5:+2 V7:+2 D23:+2 D26:+2 D35:-2 D37:-2 D56:+2 D67:-2
root-000029	1008	0	4.780918564060007e-10	4.2824253153309474e-16	4.780918564060007e-10	9	1 2 1 2 0 1 1 2 0	V1:+2 V3:+2 V7:+2 D14:+2 D18:+2 D34:+2 D38:+2 D47:-2 D78:+2
root-000029	91	0	4.873392189344672e-10	5.234248756708027e-14	4.873392189344672e-10	9	-2 -2 -1 -1 0 -2 0 -1 -1	V0:-2 V1:-2 V5:-2 D04:-2 D06:-2 D14:-2 D16:-2 D45:+2 D56:-2
root-000029	175	0	4.905548816239772e-10	3.1388743036958006e-14	4.905548816239772e-10	9	-2 -2 0 -1 -1 -1 -2 -1 0	V0:-2 V1:-2 V6:-2 D02:-2 D08:-2 D12:-2 D18:-2 D26:+2 D68:-2
root-000029	79	0	4.911056331444602e-10	2.938649295644615e-16	4.911056331444602e-10	9	-2 -2 -1 -1 -1 0 -1 -2 0	V0:-2 V1:-2 V7:-2 D05:-2 D08:-2 D15:-2 D18:-2 D57:+2 D78:-2
root-000029	1031	0	5.093286853112298e-10	1.3042537723770595e-15	5.093286853112298e-10	9	-1 -2 -1 -1 -2 -1 0 0 -2	V1:-2 V4:-2 V8:-2 D16:-2 D17:-2 D46:-2 D47:-2 D68:+2 D78:+2
root-000029	198	0	5.104218054546884e-10	5.509662794352151e-15	5.104218054546884e-10	9	2 2 0 1 0 1 1 2 1	V0:+2 V1:+2 V7:+2 D02:+2 D04:+2 D12:+2 D14:+2 D27:-2 D47:-2
root-000029	31	0	5.104886728130064e-10	3.6402137873849436e-15	5.104886728130064e-10	9	-2 -2 -1 -2 -1 -1 -1 0 0	V0:-2 V1:-2 V3:-2 D07:-2 D08:-2 D17:-2 D18:-2 D37:-2 D38:-2
root-000029	1103	0	5.117960951619805e-10	2.3659715244403274e-16	5.117960951619805e-10	9	-1 -2 -1 0 -2 0 -1 -1 -2	V1:-2 V4:-2 V8:-2 D13:-2 D15:-2 D34:+2 D38:+2 D45:-2 D58:+2
root-000029	676	0	5.216964072417599e-10	2.590486602829498e-16	5.216964072417599e-10	9	2 0 2 1 0 1 2 1 1	V0:+2 V2:+2 V6:+2 D01:+2 D04:+2 D12:-2 D16:-2 D24:+2 D46:-2
root-000029	790	0	5.658220378486046e-10	2.980375836395384e-16	5.658220378486046e-10	9	2 0 1 1 0 1 1 2 2	V0:+2 V7:+2 V8:+2 D01:+2 D04:+2 D17:-2 D18:-2 D47:-2 D48:-2
root-000029	2161	0	5.663845083678232e-10	5.663845083678232e-10	5.342541418718693e-11	9	0 -2 0 -1 -1 -2 -1 -2 -1	V1:-2 V5:-2 V7:-2 D01:+2 D05:+2 D07:+2 D12:-2 D25:+2 D27:+2
root-000029	656	0	5.744428259823564e-10	9.303619314843633e-16	5.744428259823564e-10	9	2 0 2 1 1 1 2 1 0	V0:+2 V2:+2 V6:+2 D01:+2 D08:+2 D12:-2 D16:-2 D28:+2 D68:+2
root-000029	386	0	5.754844087401301e-10	3.0016736264070634e-16	5.754844087401301e-10	9	2 1 1 2 0 0 2 1 1	V0:+2 V3:+2 V6:+2 D04:+2 D05:+2 D34:+2 D35:+2 D46:-2 D56:-2
root-000029	331	0	5.785180550827597e-10	2.99559085032863e-16	5.785180550827597e-10	9	-2 -1 -1 -2 -2 -1 -1 0 0	V0:-2 V3:-2 V4:-2 D07:-2 D08:-2 D37:-2 D38:-2 D47:-2 D48:-2
root-000029	506	0	5.792998021661621e-10	3.093020122362173e-16	5.792998021661621e-10	9	2 1 1 0 0 1 2 2 1	V0:+2 V6:+2 V7:+2 D03:+2 D04:+2 D36:-2 D37:-2 D46:-2 D47:-2
root-000029	143	0	5.854367567205689e-10	6.168776027926162e-15	5.854367567205689e-10	9	-2 -2 -1 0 0 -2 -1 -1 -1	V0:-2 V1:-2 V5:-2 D03:-2 D04:-2 D13:-2 D14:-2 D35:+2 D45:+2
root-000029	1118	0	5.958247380022154e-10	6.904767759523743e-16	5.958247380022154e-10	9	1 2 1 0 1 1 2 2 0	V1:+2 V6:+2 V7:+2 D13:+2 D18:+2 D36:-2 D37:-2 D68:+2 D78:+2
root-000029	970	0	6.037524191150873e-10	3.0063145687469013e-16	6.037524191150873e-10	9	1 2 1 2 2 0 1 0 1	V1:+2 V3:+2 V4:+2 D15:+2 D17:+2 D35:+2 D37:+2 D45:+2 D47:+2
root-000029	133	0	6.157126361665017e-10	3.330957983714517e-16	6.157126361665017e-10	9	-2 -2 -1 0 -1 -1 0 -2 -1	V0:-2 V1:-2 V7:-2 D03:-2 D06:-2 D13:-2 D16:-2 D37:+2 D67:+2
root-000029	2348	0	6.240575773623649e-10	6.240575773623649e-10	3.9739141059709276e-10	9	0 1 1 2 0 1 2 1 2	V3:+2 V6:+2 V8:+2 D03:-2 D06:-2 D08:-2 D34:+2 D46:-2 D48:-2
root-000029	861	0	6.266687405294693e-10	2.995632199915141e-16	6.266687405294693e-10	9	-1 -2 -2 -1 -2 -1 -1 0 0	V1:-2 V2:-2 V4:-2 D17:-2 D18:-2 D27:-2 D28:-2 D47:-2 D48:-2
root-000029	1694	0	6.272088689878921e-10	3.3397110618209937e-16	6.272088689878921e-10	9	1 0 2 2 1 2 0 1 1	V2:+2 V3:+2 V5:+2 D12:-2 D13:-2 D15:-2 D26:+2 D36:+2 D56:+2
root-000029	124	0	6.331597746831028e-10	4.63828306874599e-15	6.331597746831028e-10	9	2 2 1 0 1 2 0 1 1	V0:+2 V1:+2 V5:+2 D03:+2 D06:+2 D13:+2 D16:+2 D35:-2 D56:+2
root-000029	1028	0	6.352869107585551e-10	3.0246974738768515e-16	6.352869107585551e-10	9	1 2 1 1 2 1 2 0 0	V1:+2 V4:+2 V6:+2 D17:+2 D18:+2 D47:+2 D48:+2 D67:+2 D68:+2
root-000029	1176	0	6.555023473403484e-10	3.142767035462302e-16	6.555023473403484e-10	9	1 2 0 2 0 1 2 1 1	V1:+2 V3:+2 V6:+2 D12:+2 D14:+2 D23:-2 D26:-2 D34:+2 D46:-2
root-000029	2075	0	6.613993305017044e-10	5.803359998363447e-16	6.613993305017044e-10	9	0 -2 -1 -1 -2 -1 0 -2 -1	V1:-2 V4:-2 V7:-2 D01:+2 D04:+2 D07:+2 D16:-2 D46:-2 D67:+2
root-000029	996	0	6.676851466679059e-10	7.080095677252734e-16	6.676851466679059e-10	9	1 2 1 2 1 0 0 1 2	V1:+2 V3:+2 V8:+2 D15:+2 D16:+2 D35:+2 D36:+2 D58:-2 D68:-2
root-000029	2237	0	6.753063006318149e-10	2.9973252758828673e-16	6.753063006318149e-10	9	0 -1 -2 -1 -1 -2 -2 0 -1	V2:-2 V5:-2 V6:-2 D02:+2 D05:+2 D06:+2 D27:-2 D57:-2 D67:-2
root-000029	1122	0	6.782919341518456e-10	3.0203328107289747e-16	6.782919341518456e-10	9	1 2 1 0 1 1 0 2 2	V1:+2 V7:+2 V8:+2 D13:+2 D16:+2 D37:-2 D38:-2 D67:-2 D68:-2
root-000029	900	0	6.904778243036897e-10	1.0595717370918594e-14	6.904778243036897e-10	9	1 2 2 1 0 2 1 0 1	V1:+2 V2:+2 V5:+2 D14:+2 D17:+2 D24:+2 D27:+2 D45:-2 D57:+2
root-000029	700	0	6.951935101074666e-10	3.3254666799665387e-16	6.951935101074666e-10	9	2 0 1 2 1 2 1 1 0	V0:+2 V3:+2 V5:+2 D01:+2 D08:+2 D13:-2 D15:-2 D38:+2 D58:+2
root-000029	2170	0	7.002328212620299e-10	7.002328212620299e-10	9.138148994691482e-12	9	0 2 0 1 1 1 1 2 2	V1:+2 V7:+2 V8:+2 D01:-2 D07:-2 D08:-2 D12:+2 D27:-2 D28:-2
root-000029	1286	0	7.021572711032559e-10	2.9819105047393346e-16	7.021572711032559e-10	9	1 1 2 2 1 0 2 1 0	V2:+2 V3:+2 V6:+2 D25:+2 D28:+2 D35:+2 D38:+2 D56:-2 D68:+2
root-000029	998	0	7.043047628549405e-10	7.710556110915914e-16	7.043047628549405e-10	9	1 2 1 2 0 2 1 1 0	V1:+2 V3:+2 V5:+2 D14:+2 D18:+2 D34:+2 D38:+2 D45:-2 D58:+2
root-000029	1092	0	7.096732729066531e-10	3.0305925880430536e-16	7.096732729066531e-10	9	1 2 1 0 2 1 1 2 0	V1:+2 V4:+2 V7:+2 D13:+2 D18:+2 D34:-2 D37:-2 D48:+2 D78:+2
root-000029	2126	0	7.115176298592242e-10	9.267379980857274e-16	7.115176298592242e-10	9	0 2 1 0 2 1 1 2 1	V1:+2 V4:+2 V7:+2 D01:-2 D04:-2 D07:-2 D13:+2 D34:-2 D37:-2
root-000029	1001	0	7.118472580413355e-10	5.703132153849568e-16	7.118472580413355e-10	9	-1 -2 -1 -2 0 -2 0 -1 -1	V1:-2 V3:-2 V5:-2 D14:-2 D16:-2 D34:-2 D36:-2 D45:+2 D56:-2
root-000029	2250	0	7.146826220796722e-10	2.996249686242824e-16	7.146826220796722e-10	9	0 1 2 1 1 1 2 0 2	V2:+2 V6:+2 V8:+2 D02:-2 D06:-2 D08:-2 D27:+2 D67:+2 D78:-2
root-000029	2156	0	7.244365275746943e-10	7.244365275746943e-10	4.265380433547985e-11	9	0 2 0 1 2 1 1 2 1	V1:+2 V4:+2 V7:+2 D01:-2 D04:-2 D07:-2 D12:+2 D24:-2 D27:-2
root-000029	446	0	7.25255790487188e-10	2.854505415238961e-16	7.25255790487188e-10	9	2 1 1 1 0 0 2 2 1	V0:+2 V6:+2 V7:+2 D04:+2 D05:+2 D46:-2 D47:-2 D56:-2 D57:-2
root-000029	969	0	7.287246749996135e-10	7.31783327105202e-16	7.287246749996135e-10	9	-1 -2 -1 -2 -2 0 -1 0 -1	V1:-2 V3:-2 V4:-2 D15:-2 D17:-2 D35:-2 D37:-2 D45:-2 D47:-2
root-000029	145	0	7.328760998200643e-10	3.394996338003076e-16	7.328760998200643e-10	9	-2 -2 -1 0 0 -1 -2 -1 -1	V0:-2 V1:-2 V6:-2 D03:-2 D04:-2 D13:-2 D14:-2 D36:+2 D46:+2
root-000029	881	0	7.371876664926444e-10	2.9799344169262187e-16	7.371876664926444e-10	9	-1 -2 -2 -1 -1 -1 0 -2 0	V1:-2 V2:-2 V7:-2 D16:-2 D18:-2 D26:-2 D28:-2 D67:+2 D78:-2
root-000029	713	0	7.424444597458365e-10	2.480535538154085e-16	7.424444597458365e-10	9	-2 0 -1 -2 -1 -1 0 -2 -1	V0:-2 V3:-2 V7:-2 D01:-2 D06:-2 D13:+2 D17:+2 D36:-2 D67:+2
root-000029	2480	0	7.529756703133356e-10	5.384551686613897e-10	7.529756703133356e-10	9	0 0 2 1 1 1 1 2 2	V2:+2 V7:+2 V8:+2 D02:-2 D07:-2 D08:-2 D12:-2 D17:-2 D18:-2
root-000029	68	0	7.538241806056536e-10	3.2354708221969953e-15	7.538241806056536e-10	9	2 2 1 1 1 2 0 0 1	V0:+2 V1:+2 V5:+2 D06:+2 D07:+2 D16:+2 D17:+2 D56:+2 D57:+2
root-000029	130	0	7.61414542690458e-10	3.2405595722270545e-16	7.61414542690458e-10	9	2 2 1 0 1 1 1 2 0	V0:+2 V1:+2 V7:+2 D03:+2 D08:+2 D13:+2 D18:+2 D37:-2 D78:+2
root-000029	2459	0	7.785886726067323e-10	2.287708606957479e-12	7.785886726067323e-10	9	0 0 -2 -2 -1 -1 -1 -1 -2	V2:-2 V3:-2 V8:-2 D02:+2 D03:+2 D08:+2 D12:+2 D13:+2 D18:+2
root-000029	1091	0	7.835625070839517e-10	3.070822911990124e-16	7.835625070839517e-10	9	-1 -2 -1 0 -2 -1 -1 -2 0	V1:-2 V4:-2 V7:-2 D13:-2 D18:-2 D34:+2 D37:+2 D48:-2 D78:-2
root-000029	899	0	7.92452362258753e-10	2.938389154526261e-14	7.92452362258753e-10	9	-1 -2 -2 -1 0 -2 -1 0 -1	V1:-2 V2:-2 V5:-2 D14:-2 D17:-2 D24:-2 D27:-2 D45:+2 D57:-2
root-000029	985	0	8.061753091415753e-10	3.308580503367414e-16	8.061753091415753e-10	9	-1 -2 -1 -2 -1 0 -2 -1 0	V1:-2 V3:-2 V6:-2 D15:-2 D18:-2 D35:-2 D38:-2 D56:+2 D68:-2
root-000029	1809	0	8.064736428176804e-10	3.1162217675987496e-10	8.064736428176804e-10	9	-1 0 -1 -2 -2 -1 -2 0 -1	V3:-2 V4:-2 V6:-2 D13:+2 D14:+2 D16:+2 D37:-2 D47:-2 D67:-2
root-000029	1692	0	8.342279524409257e-10	2.7106533871075746e-16	8.342279524409257e-10	9	1 0 2 2 1 2 1 0 1	V2:+2 V3:+2 V5:+2 D12:-2 D13:-2 D15:-2 D27:+2 D37:+2 D57:+2
root-000029	2074	0	8.443841221603828e-10	2.928427951639897e-16	8.443841221603828e-10	9	0 2 1 1 2 1 1 0 2	V1:+2 V4:+2 V8:+2 D01:-2 D04:-2 D08:-2 D17:+2 D47:+2 D78:-2
root-000029	1445	0	8.459968877854975e-10	2.5945078193285306e-14	8.459968877854975e-10	9	-1 -1 -1 -2 -2 -2 0 0 -1	V3:-2 V4:-2 V5:-2 D36:-2 D37:-2 D46:-2 D47:-2 D56:-2 D57:-2
root-000029	305	0	8.633724265974554e-10	2.2877325446213903e-16	8.633724265974554e-10	9	-2 -1 -2 0 -1 -1 -2 -1 0	V0:-2 V2:-2 V6:-2 D03:-2 D08:-2 D23:-2 D28:-2 D36:+2 D68:-2
root-000029	1486	0	8.675716429837265e-10	6.516287797012703e-16	8.675716429837265e-10	9	1 1 1 2 0 2 0 2 1	V3:+2 V5:+2 V7:+2 D34:+2 D36:+2 D45:-2 D47:-2 D56:+2 D67:-2
root-000029	2148	0	8.762409543067694e-10	3.714258459353802e-11	8.762409543067694e-10	9	0 2 0 2 1 1 1 2 1	V1:+2 V3:+2 V7:+2 D01:-2 D03:-2 D07:-2 D12:+2 D23:-2 D27:-2
root-000029	2154	0	8.859626365875783e-10	2.580928828065779e-10	8.859626365875783e-10	9	0 2 0 1 2 1 2 1 1	V1:+2 V4:+2 V6:+2 D01:-2 D04:-2 D06:-2 D12:+2 D24:-2 D26:-2
root-000029	42	0	8.974987154341412e-10	3.188338410569101e-16	8.974987154341412e-10	9	2 2 1 2 1 0 0 1 1	V0:+2 V1:+2 V3:+2 D05:+2 D06:+2 D15:+2 D16:+2 D35:+2 D36:+2
root-000029	388	0	9.003378813546368e-10	2.8346294874483033e-16	9.003378813546368e-10	9	2 1 1 2 0 0 1 2 1	V0:+2 V3:+2 V7:+2 D04:+2 D05:+2 D34:+2 D35:+2 D47:-2 D57:-2
root-000029	668	0	9.033285166713442e-10	4.53873855542015e-16	9.033285166713442e-10	9	2 0 2 1 1 0 2 1 1	V0:+2 V2:+2 V6:+2 D01:+2 D05:+2 D12:-2 D16:-2 D25:+2 D56:-2
root-000029	80	0	9.080469149830093e-10	2.514476910349305e-16	9.080469149830093e-10	9	2 2 1 1 1 0 1 2 0	V0:+2 V1:+2 V7:+2 D05:+2 D08:+2 D15:+2 D18:+2 D57:-2 D78:+2
root-000029	2189	0	9.10383112016431e-10	2.9872676988537833e-16	9.10383112016431e-10	9	0 -1 -2 -2 -1 -1 -1 -2 0	V2:-2 V3:-2 V7:-2 D02:+2 D03:+2 D07:+2 D28:-2 D38:-2 D78:-2
root-000029	1753	0	9.114102280560787e-10	3.4424109321785203e-16	9.114102280560787e-10	9	-1 0 -2 -1 -1 -2 0 -2 -1	V2:-2 V5:-2 V7:-2 D12:+2 D15:+2 D17:+2 D26:-2 D56:-2 D67:+2
root-000029	1186	0	9.339351388144356e-10	3.0067845627038266e-16	9.339351388144356e-10	9	1 2 0 1 2 2 0 1 1	V1:+2 V4:+2 V5:+2 D12:+2 D16:+2 D24:-2 D25:-2 D46:+2 D56:+2
root-000029	2475	0	9.34452348833048e-10	7.304528503948258e-10	9.34452348833048e-10	9	0 0 -2 -1 -1 -1 -2 -2 -1	V2:-2 V6:-2 V7:-2 D02:+2 D06:+2 D07:+2 D12:+2 D16:+2 D17:+2
root-000029	815	0	9.396673582537135e-10	1.2128919561832506e-10	9.396673582537135e-10	9	-2 0 0 -2 -1 -1 -2 -1 -1	V0:-2 V3:-2 V6:-2 D01:-2 D02:-2 D13:+2 D16:+2 D23:+2 D26:+2
root-000029	816	0	9.398007910413393e-10	1.2622103831592387e-10	9.398007910413393e-10	9	2 0 0 2 1 1 2 1 1	V0:+2 V3:+2 V6:+2 D01:+2 D02:+2 D13:-2 D16:-2 D23:-2 D26:-2
root-000029	863	0	9.470001684419134e-10	2.970232815672225e-16	9.470001684419134e-10	9	-1 -2 -2 -1 -2 -1 0 -1 0	V1:-2 V2:-2 V4:-2 D16:-2 D18:-2 D26:-2 D28:-2 D46:-2 D48:-2
root-000029	785	0	9.480483845676008e-10	2.1112648564515706e-16	9.480483845676008e-10	9	-2 0 -1 -1 0 -1 -2 -2 -1	V0:-2 V6:-2 V7:-2 D01:-2 D04:-2 D16:+2 D17:+2 D46:+2 D47:+2
root-000029	1971	0	9.499968919384955e-10	9.769616621934137e-15	9.499968919384955e-10	9	0 -2 -2 -1 -2 -1 -1 -1 0	V1:-2 V2:-2 V4:-2 D01:+2 D02:+2 D04:+2 D18:-2 D28:-2 D48:-2
root-000029	2083	0	9.57121180101984e-10	2.203650460655901e-14	9.57121180101984e-10	9	0 -2 -1 -1 -2 0 -1 -1 -2	V1:-2 V4:-2 V8:-2 D01:+2 D04:+2 D08:+2 D15:-2 D45:-2 D58:+2
root-000029	2084	0	9.589343881742631e-10	2.2235031632501738e-14	9.589343881742631e-10	9	0 2 1 1 2 0 1 1 2	V1:+2 V4:+2 V8:+2 D01:-2 D04:-2 D08:-2 D15:+2 D45:+2 D58:-2
root-000029	64	0	9.676434998697055e-10	6.643739072673299e-15	9.676434998697055e-10	9	2 2 1 1 1 2 1 0 0	V0:+2 V1:+2 V5:+2 D07:+2 D08:+2 D17:+2 D18:+2 D57:+2 D58:+2
root-000029	107	0	9.68152705780012e-10	2.435785641494527e-16	9.68152705780012e-10	9	-2 -2 -1 -1 0 0 -1 -2 -1	V0:-2 V1:-2 V7:-2 D04:-2 D05:-2 D14:-2 D15:-2 D47:+2 D57:+2
root-000029	820	0	9.729870292942348e-10	1.4562855923221092e-10	9.729870292942348e-10	9	2 0 0 2 1 1 1 1 2	V0:+2 V3:+2 V8:+2 D01:+2 D02:+2 D13:-2 D18:-2 D23:-2 D28:-2
root-000029	2146	0	9.74618689646726e-10	9.74618689646726e-10	2.752541199864942e-10	9	0 2 0 2 1 1 2 1 1	V1:+2 V3:+2 V6:+2 D01:-2 D03:-2 D06:-2 D12:+2 D23:-2 D26:-2
root-000029	1137	0	9.755849524698076e-10	2.950610832213501e-16	9.755849524698076e-10	9	-1 -2 -1 0 0 -1 -2 -1 -2	V1:-2 V6:-2 V8:-2 D13:-2 D14:-2 D36:+2 D38:+2 D46:+2 D48:+2
root-000029	641	0	9.776102949558894e-10	2.2068283764672828e-16	9.776102949558894e-10	9	-2 0 -2 -1 -2 -1 -1 -1 0	V0:-2 V2:-2 V4:-2 D01:-2 D08:-2 D12:+2 D14:+2 D28:-2 D48:-2
root-000029	2166	0	9.798691843746145e-10	9.798691843746145e-10	3.2249572952977416e-11	9	0 2 0 1 1 1 2 2 1	V1:+2 V6:+2 V7:+2 D01:-2 D06:-2 D07:-2 D12:+2 D26:-2 D27:-2
root-000029	1072	0	9.834280634962305e-10	2.8560893877328e-16	9.834280634962305e-10	9	1 2 1 1 0 1 2 0 2	V1:+2 V6:+2 V8:+2 D14:+2 D17:+2 D46:-2 D48:-2 D67:+2 D78:-2
root-000029	642	0	9.904361906833202e-10	2.1909831507657025e-16	9.904361906833202e-10	9	2 0 2 1 2 1 1 1 0	V0:+2 V2:+2 V4:+2 D01:+2 D08:+2 D12:-2 D14:-2 D28:+2 D48:+2
root-000029	427	0	9.989467128664858e-10	2.361348095167352e-16	9.989467128664858e-10	9	-2 -1 -1 -1 0 -2 -2 -1 0	V0:-2 V5:-2 V6:-2 D04:-2 D08:-2 D45:+2 D46:+2 D58:-2 D68:-2
root-000029	811	0	1.0043789240872383e-09	5.3787669458746976e-12	1.0043789240872383e-09	9	-2 0 0 -2 -2 -1 -1 -1 -1	V0:-2 V3:-2 V4:-2 D01:-2 D02:-2 D13:+2 D14:+2 D23:+2 D24:+2
root-000029	1204	0	1.0148139316041274e-09	2.4974116053403823e-14	1.0148139316041274e-09	9	1 2 0 1 2 0 1 1 2	V1:+2 V4:+2 V8:+2 D12:+2 D15:+2 D24:-2 D28:-2 D45:+2 D58:-2
root-000029	2167	0	1.0155771779096767e-09	1.8852679316593744e-10	1.0155771779096767e-09	9	0 -2 0 -1 -1 -1 -2 -1 -2	V1:-2 V6:-2 V8:-2 D01:+2 D06:+2 D08:+2 D12:-2 D26:+2 D28:+2
root-000029	1803	0	1.0156270524824633e-09	8.687376992722199e-10	1.0156270524824633e-09	9	-1 0 -1 -2 -2 -2 -1 0 -1	V3:-2 V4:-2 V5:-2 D13:+2 D14:+2 D15:+2 D37:-2 D47:-2 D57:-2
root-000029	359	0	1.0225625888765795e-09	2.879232544174802e-16	1.0225625888765795e-09	9	-2 -1 -1 -2 -1 0 -1 -2 0	V0:-2 V3:-2 V7:-2 D05:-2 D08:-2 D35:-2 D38:-2 D57:+2 D78:-2
root-000029	1071	0	1.022953527342606e-09	2.8633600281025837e-16	1.022953527342606e-09	9	-1 -2 -1 -1 0 -1 -2 0 -2	V1:-2 V6:-2 V8:-2 D14:-2 D17:-2 D46:+2 D48:+2 D67:-2 D78:+2
root-000029	1138	0	1.0231550917464168e-09	2.921291449774185e-16	1.0231550917464168e-09	9	1 2 1 0 0 1 2 1 2	V1:+2 V6:+2 V8:+2 D13:+2 D14:+2 D36:-2 D38:-2 D46:-2 D48:-2
root-000029	479	0	1.0306916540942061e-09	5.220167606686294e-16	1.0306916540942061e-09	9	-2 -1 -1 0 -1 -2 -1 -2 0	V0:-2 V5:-2 V7:-2 D03:-2 D08:-2 D35:+2 D37:+2 D58:-2 D78:-2
root-000029	964	0	1.0349767414323847e-09	3.0415152016124923e-16	1.0349767414323847e-09	9	1 2 1 2 2 1 0 1 0	V1:+2 V3:+2 V4:+2 D16:+2 D18:+2 D36:+2 D38:+2 D46:+2 D48:+2
root-000029	2117	0	1.0521044667265708e-09	2.9678638872108815e-16	1.0521044667265708e-09	9	0 -2 -1 -1 0 -1 -2 -1 -2	V1:-2 V6:-2 V8:-2 D01:+2 D06:+2 D08:+2 D14:-2 D46:+2 D48:+2
root-000029	2118	0	1.0703375451767164e-09	2.9661245057391076e-16	1.0703375451767164e-09	9	0 2 1 1 0 1 2 1 2	V1:+2 V6:+2 V8:+2 D01:-2 D06:-2 D08:-2 D14:+2 D46:-2 D48:-2
root-000029	737	0	1.0717885271378487e-09	2.0417197549418898e-16	1.0717885271378487e-09	9	-2 0 -1 -1 -2 -1 -2 -1 0	V0:-2 V4:-2 V6:-2 D01:-2 D08:-2 D14:+2 D16:+2 D48:-2 D68:-2
root-000029	1041	0	1.0720369925374973e-09	5.752604475479826e-16	1.0720369925374973e-09	9	-1 -2 -1 -1 -2 0 0 -2 -1	V1:-2 V4:-2 V7:-2 D15:-2 D16:-2 D45:-2 D46:-2 D57:+2 D67:+2
root-000029	1993	0	1.0753330932865624e-09	2.4483792405282085e-15	1.0753330932865624e-09	9	0 -2 -2 -1 -1 -1 0 -2 -1	V1:-2 V2:-2 V7:-2 D01:+2 D02:+2 D07:+2 D16:-2 D26:-2 D67:+2
root-000029	1994	0	1.075555002258431e-09	2.4493071979462133e-15	1.075555002258431e-09	9	0 2 2 1 1 1 0 2 1	V1:+2 V2:+2 V7:+2 D01:-2 D02:-2 D07:-2 D16:+2 D26:+2 D67:-2
root-000029	1029	0	1.077956144390587e-09	2.92920354903923e-16	1.077956144390587e-09	9	-1 -2 -1 -1 -2 -1 0 -2 0	V1:-2 V4:-2 V7:-2 D16:-2 D18:-2 D46:-2 D48:-2 D67:+2 D78:-2
root-000029	2060	0	1.081149329419894e-09	2.93241538900528e-16	1.081149329419894e-09	9	0 2 1 2 0 1 1 1 2	V1:+2 V3:+2 V8:+2 D01:-2 D03:-2 D08:-2 D14:+2 D34:+2 D48:-2
root-000029	862	0	1.08830119745227e-09	2.9550206843836444e-16	1.08830119745227e-09	9	1 2 2 1 2 1 1 0 0	V1:+2 V2:+2 V4:+2 D17:+2 D18:+2 D27:+2 D28:+2 D47:+2 D48:+2
root-000029	1027	0	1.091917584973749e-09	3.014872123969742e-16	1.091917584973749e-09	9	-1 -2 -1 -1 -2 -1 -2 0 0	V1:-2 V4:-2 V6:-2 D17:-2 D18:-2 D47:-2 D48:-2 D67:-2 D68:-2
root-000029	501	0	1.097529872862224e-09	4.157179119552351e-16	1.097529872862224e-09	9	-2 -1 -1 0 0 -2 -1 -2 -1	V0:-2 V5:-2 V7:-2 D03:-2 D04:-2 D35:+2 D37:+2 D45:+2 D47:+2
root-000029	742	0	1.1103908949712798e-09	1.957563814738467e-16	1.1103908949712798e-09	9	2 0 1 1 2 1 1 2 0	V0:+2 V4:+2 V7:+2 D01:+2 D08:+2 D14:-2 D17:-2 D48:+2 D78:+2
root-000029	155	0	1.1222971458484794e-09	4.8912653122964014e-14	1.1222971458484794e-09	9	-2 -2 0 -2 -1 -1 0 -1 -1	V0:-2 V1:-2 V3:-2 D02:-2 D06:-2 D12:-2 D16:-2 D23:+2 D36:-2
root-000029	156	0	1.1246771591547294e-09	4.793501595534955e-14	1.1246771591547294e-09	9	2 2 0 2 1 1 0 1 1	V0:+2 V1:+2 V3:+2 D02:+2 D06:+2 D12:+2 D16:+2 D23:-2 D36:+2
root-000029	1237	0	1.1262996474460236e-09	2.9516989793357377e-16	1.1262996474460236e-09	9	-1 -2 0 -1 0 -1 -2 -1 -2	V1:-2 V6:-2 V8:-2 D12:-2 D14:-2 D26:+2 D28:+2 D46:+2 D48:+2
root-000029	2099	0	1.1487548281630784e-09	3.1556157549430385e-16	1.1487548281630784e-09	9	0 -2 -1 -1 -1 -1 -2 0 -2	V1:-2 V6:-2 V8:-2 D01:+2 D06:+2 D08:+2 D17:-2 D67:-2 D78:+2
root-000029	2007	0	1.1751194890574252e-09	7.745775140941688e-14	1.1751194890574252e-09	9	0 -2 -2 -1 0 -1 -1 -2 -1	V1:-2 V2:-2 V7:-2 D01:+2 D02:+2 D07:+2 D14:-2 D24:-2 D47:+2
root-000029	328	0	1.181120792007941e-09	4.0862703669719976e-16	1.181120792007941e-09	9	2 1 2 0 0 1 1 2 1	V0:+2 V2:+2 V7:+2 D03:+2 D04:+2 D23:+2 D24:+2 D37:-2 D47:-2
root-000029	1054	0	1.1817736205566005e-09	1.9486085650857344e-14	1.1817736205566005e-09	9	1 2 1 1 1 0 2 0 2	V1:+2 V6:+2 V8:+2 D15:+2 D17:+2 D56:-2 D58:-2 D67:+2 D78:-2
root-000029	2366	0	1.1821096426818964e-09	2.077341526281679e-12	1.1821096426818964e-09	9	0 1 1 1 2 1 2 0 2	V4:+2 V6:+2 V8:+2 D04:-2 D06:-2 D08:-2 D47:+2 D67:+2 D78:-2
root-000029	205	0	1.1824932325392044e-09	3.124795051794706e-16	1.1824932325392044e-09	9	-2 -2 0 0 -1 -1 -2 -1 -1	V0:-2 V1:-2 V6:-2 D02:-2 D03:-2 D12:-2 D13:-2 D26:+2 D36:+2
root-000029	1197	0	1.2018170281647564e-09	8.87917137889503e-16	1.2018170281647564e-09	9	-1 -2 0 -1 -2 -1 0 -1 -2	V1:-2 V4:-2 V8:-2 D12:-2 D16:-2 D24:+2 D28:+2 D46:-2 D68:+2
root-000029	1086	0	1.2058942464386512e-09	2.6086365725590257e-16	1.2058942464386512e-09	9	1 2 1 0 2 2 0 1 1	V1:+2 V4:+2 V5:+2 D13:+2 D16:+2 D34:-2 D35:-2 D46:+2 D56:+2
root-000029	151	0	1.2115660868969497e-09	2.5007313633279586e-11	1.2115660868969497e-09	9	-2 -2 0 -2 -1 -1 -1 -1 0	V0:-2 V1:-2 V3:-2 D02:-2 D08:-2 D12:-2 D18:-2 D23:+2 D38:-2
root-000029	1492	0	1.2125735362430446e-09	1.5725524594049634e-12	1.2125735362430446e-09	9	1 1 1 2 0 1 2 0 2	V3:+2 V6:+2 V8:+2 D34:+2 D37:+2 D46:-2 D48:-2 D67:+2 D78:-2
root-000029	652	0	1.2126513289274345e-09	3.3589907715837562e-15	1.2126513289274345e-09	9	2 0 2 1 1 2 1 0 1	V0:+2 V2:+2 V5:+2 D01:+2 D07:+2 D12:-2 D15:-2 D27:+2 D57:+2
root-000029	1875	0	1.2138928530888412e-09	2.107482615784532e-10	1.2138928530888412e-09	9	-1 0 -1 -1 -2 -1 -2 0 -2	V4:-2 V6:-2 V8:-2 D14:+2 D16:+2 D18:+2 D47:-2 D67:-2 D78:+2
root-000029	210	0	1.2294349261956704e-09	5.517295642377385e-11	1.2294349261956704e-09	9	2 2 0 0 1 1 1 1 2	V0:+2 V1:+2 V8:+2 D02:+2 D03:+2 D12:+2 D13:+2 D28:-2 D38:-2
root-000029	21	0	1.2329007222557904e-09	1.2329007222557904e-09	2.978722432591069e-10	9	-2 -2 -2 0 -1 -1 -1 -1 0	V0:-2 V1:-2 V2:-2 D03:-2 D08:-2 D13:-2 D18:-2 D23:-2 D28:-2
root-000029	153	0	1.2342849025722764e-09	7.478451986588542e-15	1.2342849025722764e-09	9	-2 -2 0 -2 -1 -1 -1 0 -1	V0:-2 V1:-2 V3:-2 D02:-2 D07:-2 D12:-2 D17:-2 D23:+2 D37:-2
root-000029	147	0	1.24692391706981e-09	4.3913977802052347e-16	1.24692391706981e-09	9	-2 -2 -1 0 0 -1 -1 -2 -1	V0:-2 V1:-2 V7:-2 D03:-2 D04:-2 D13:-2 D14:-2 D37:+2 D47:+2
root-000029	1106	0	1.2497250751462712e-09	1.377356306853348e-15	1.2497250751462712e-09	9	1 2 1 0 1 2 2 1 0	V1:+2 V5:+2 V6:+2 D13:+2 D18:+2 D35:-2 D36:-2 D58:+2 D68:+2
root-000029	2389	0	1.2727315138734663e-09	5.825981534149124e-10	1.2727315138734663e-09	9	0 -1 -1 -1 0 -1 -2 -2 -2	V6:-2 V7:-2 V8:-2 D06:+2 D07:+2 D08:+2 D46:+2 D47:+2 D48:+2
root-000029	209	0	1.2786942307746256e-09	3.700298734058335e-12	1.2786942307746256e-09	9	-2 -2 0 0 -1 -1 -1 -1 -2	V0:-2 V1:-2 V8:-2 D02:-2 D03:-2 D12:-2 D13:-2 D28:+2 D38:+2
root-000029	208	0	1.2828968309465266e-09	2.3259939732000882e-15	1.2828968309465266e-09	9	2 2 0 0 1 1 1 2 1	V0:+2 V1:+2 V7:+2 D02:+2 D03:+2 D12:+2 D13:+2 D27:-2 D37:-2
root-000029	898	0	1.283220806485483e-09	4.938528334107041e-12	1.283220806485483e-09	9	1 2 2 1 0 2 1 1 0	V1:+2 V2:+2 V5:+2 D14:+2 D18:+2 D24:+2 D28:+2 D45:-2 D58:+2
root-000029	2070	0	1.285033157360102e-09	2.872640298552976e-15	1.285033157360102e-09	9	0 2 1 1 2 1 2 0 1	V1:+2 V4:+2 V6:+2 D01:-2 D04:-2 D06:-2 D17:+2 D47:+2 D67:+2
root-000029	1069	0	1.2869603164603143e-09	3.0508261023188817e-16	1.2869603164603143e-09	9	-1 -2 -1 -1 0 -1 -2 -2 0	V1:-2 V6:-2 V7:-2 D14:-2 D18:-2 D46:+2 D47:+2 D68:-2 D78:-2
root-000029	879	0	1.335728815253567e-09	7.78629150572429e-16	1.335728815253567e-09	9	-1 -2 -2 -1 -1 -1 -2 0 0	V1:-2 V2:-2 V6:-2 D17:-2 D18:-2 D27:-2 D28:-2 D67:-2 D68:-2
root-000029	667	0	1.3385120782926445e-09	1.1642195290088822e-15	1.3385120782926445e-09	9	-2 0 -2 -1 -1 0 -2 -1 -1	V0:-2 V2:-2 V6:-2 D01:-2 D05:-2 D12:+2 D16:+2 D25:-2 D56:+2
root-000029	160	0	1.3482026954328165e-09	7.060386008229996e-13	1.3482026954328165e-09	9	2 2 0 2 0 1 1 1 1	V0:+2 V1:+2 V3:+2 D02:+2 D04:+2 D12:+2 D14:+2 D23:-2 D34:+2
root-000029	159	0	1.3486400416024207e-09	7.22291715874091e-13	1.3486400416024207e-09	9	-2 -2 0 -2 0 -1 -1 -1 -1	V0:-2 V1:-2 V3:-2 D02:-2 D04:-2 D12:-2 D14:-2 D23:+2 D34:-2
root-000029	35	0	1.3536503082768745e-09	3.359749020300172e-14	1.3536503082768745e-09	9	-2 -2 -1 -2 -1 -1 0 0 -1	V0:-2 V1:-2 V3:-2 D06:-2 D07:-2 D16:-2 D17:-2 D36:-2 D37:-2
root-000029	360	0	1.354320698878285e-09	2.7935648714345943e-16	1.354320698878285e-09	9	2 1 1 2 1 0 1 2 0	V0:+2 V3:+2 V7:+2 D05:+2 D08:+2 D35:+2 D38:+2 D57:-2 D78:+2
root-000029	1986	0	1.3570266795956749e-09	1.4443598198129523e-12	1.3570266795956749e-09	9	0 2 2 1 1 1 2 1 0	V1:+2 V2:+2 V6:+2 D01:-2 D02:-2 D06:-2 D18:+2 D28:+2 D68:+2
root-000029	1290	0	1.3631248299923394e-09	2.7893661727516594e-16	1.3631248299923394e-09	9	1 1 2 2 1 0 1 2 0	V2:+2 V3:+2 V7:+2 D25:+2 D28:+2 D35:+2 D38:+2 D57:-2 D78:+2
root-000029	36	0	1.3637259327417957e-09	3.410111835809225e-14	1.3637259327417957e-09	9	2 2 1 2 1 1 0 0 1	V0:+2 V1:+2 V3:+2 D06:+2 D07:+2 D16:+2 D17:+2 D36:+2 D37:+2
root-000029	1985	0	1.3668250054266113e-09	1.478390916321466e-12	1.3668250054266113e-09	9	0 -2 -2 -1 -1 -1 -2 -1 0	V1:-2 V2:-2 V6:-2 D01:+2 D02:+2 D06:+2 D18:-2 D28:-2 D68:-2
root-000029	1602	0	1.389659350838631e-09	2.8726431752767666e-15	1.389659350838631e-09	9	1 1 0 2 1 1 0 2 2	V3:+2 V7:+2 V8:+2 D23:-2 D27:-2 D28:-2 D36:+2 D67:-2 D68:-2
root-000029	1096	0	1.3924934758071346e-09	8.227480309887743e-15	1.3924934758071346e-09	9	1 2 1 0 2 1 0 2 1	V1:+2 V4:+2 V7:+2 D13:+2 D16:+2 D34:-2 D37:-2 D46:+2 D67:-2
root-000029	2329	0	1.3931675451342996e-09	4.307593682719985e-10	1.3931675451342996e-09	9	0 -1 -1 -2 -1 -1 -2 0 -2	V3:-2 V6:-2 V8:-2 D03:+2 D06:+2 D08:+2 D37:-2 D67:-2 D78:+2
root-000029	1089	0	1.41853472952333e-09	4.682219042522987e-14	1.41853472952333e-09	9	-1 -2 -1 0 -2 -1 -2 0 -1	V1:-2 V4:-2 V6:-2 D13:-2 D17:-2 D34:+2 D36:+2 D47:-2 D67:-2
root-000029	1461	0	1.4330632694528542e-09	4.838395608901661e-12	1.4330632694528542e-09	9	-1 -1 -1 -2 -2 0 0 -2 -1	V3:-2 V4:-2 V7:-2 D35:-2 D36:-2 D45:-2 D46:-2 D57:+2 D67:+2
root-000029	973	0	1.4389925397509549e-09	2.1668039969920373e-11	1.4389925397509549e-09	9	-1 -2 -1 -2 -1 -2 -1 0 0	V1:-2 V3:-2 V5:-2 D17:-2 D18:-2 D37:-2 D38:-2 D57:-2 D58:-2
root-000029	1624	0	1.4481992642231744e-09	4.236808050145284e-10	1.4481992642231744e-09	9	1 1 0 1 2 2 2 0 1	V4:+2 V5:+2 V6:+2 D24:-2 D25:-2 D26:-2 D47:+2 D57:+2 D67:+2
root-000029	1036	0	1.4732023512566166e-09	2.52393795282234e-14	1.4732023512566166e-09	9	1 2 1 1 2 0 2 0 1	V1:+2 V4:+2 V6:+2 D15:+2 D17:+2 D45:+2 D47:+2 D56:-2 D67:+2
root-000029	758	0	1.477700057521586e-09	6.233736721838524e-16	1.477700057521586e-09	9	2 0 1 1 1 2 2 0 1	V0:+2 V5:+2 V6:+2 D01:+2 D07:+2 D15:-2 D16:-2 D57:+2 D67:+2
root-000029	2303	0	1.4806116539967097e-09	1.436354162320157e-10	1.4806116539967097e-09	9	0 -1 -1 -2 -2 -1 -1 0 -2	V3:-2 V4:-2 V8:-2 D03:+2 D04:+2 D08:+2 D37:-2 D47:-2 D78:+2
root-000029	1860	0	1.5102734653047937e-09	1.904657993138627e-11	1.5102734653047937e-09	9	1 0 1 2 0 1 1 2 2	V3:+2 V7:+2 V8:+2 D13:-2 D17:-2 D18:-2 D34:+2 D47:-2 D48:-2
root-000029	1259	0	1.535443170192463e-09	4.273402500026746e-13	1.535443170192463e-09	9	-1 -2 0 0 -1 -1 -1 -2 -2	V1:-2 V7:-2 V8:-2 D12:-2 D13:-2 D27:+2 D28:+2 D37:+2 D38:+2
root-000029	963	0	1.536493380663207e-09	2.97463654077966e-16	1.536493380663207e-09	9	-1 -2 -1 -2 -2 -1 0 -1 0	V1:-2 V3:-2 V4:-2 D16:-2 D18:-2 D36:-2 D38:-2 D46:-2 D48:-2
root-000029	2136	0	1.5411546173438202e-09	1.3589842522537739e-15	1.5411546173438202e-09	9	0 2 1 0 1 1 2 2 1	V1:+2 V6:+2 V7:+2 D01:-2 D06:-2 D07:-2 D13:+2 D36:-2 D37:-2
root-000029	846	0	1.5429125875767245e-09	4.107652038786151e-14	1.5429125875767245e-09	9	1 2 2 2 1 1 0 0 1	V1:+2 V2:+2 V3:+2 D16:+2 D17:+2 D26:+2 D27:+2 D36:+2 D37:+2
root-000029	924	0	1.545224965905548e-09	3.0957075595375796e-16	1.545224965905548e-09	9	1 2 2 0 2 1 1 0 1	V1:+2 V2:+2 V4:+2 D13:+2 D17:+2 D23:+2 D27:+2 D34:-2 D47:+2
root-000029	962	0	1.5561698434100237e-09	2.974544995592572e-16	1.5561698434100237e-09	9	1 2 1 2 2 1 1 0 0	V1:+2 V3:+2 V4:+2 D17:+2 D18:+2 D37:+2 D38:+2 D47:+2 D48:+2
root-000029	2041	0	1.5753041809810335e-09	1.7581042257157713e-15	1.5753041809810335e-09	9	0 -2 -1 -2 -1 -1 -1 0 -2	V1:-2 V3:-2 V8:-2 D01:+2 D03:+2 D08:+2 D17:-2 D37:-2 D78:+2
root-000029	1966	0	1.5794422912709458e-09	8.484104624181431e-14	1.5794422912709458e-09	9	0 2 2 2 1 1 0 1 1	V1:+2 V2:+2 V3:+2 D01:-2 D02:-2 D03:-2 D16:+2 D26:+2 D36:+2
root-000029	1247	0	1.5861429139202645e-09	1.5352189083741343e-11	1.5861429139202645e-09	9	-1 -2 0 0 -2 -1 -1 -1 -2	V1:-2 V4:-2 V8:-2 D12:-2 D13:-2 D24:+2 D28:+2 D34:+2 D38:+2
root-000029	842	0	1.5925506715793353e-09	6.588120091888423e-13	1.5925506715793353e-09	9	1 2 2 2 1 1 1 0 0	V1:+2 V2:+2 V3:+2 D17:+2 D18:+2 D27:+2 D28:+2 D37:+2 D38:+2
root-000029	26	0	1.595227606110422e-09	1.595227606110422e-09	2.862528024674942e-10	9	2 2 2 0 1 1 0 1 1	V0:+2 V1:+2 V2:+2 D03:+2 D06:+2 D13:+2 D16:+2 D23:+2 D26:+2
root-000029	1121	0	1.600350582883089e-09	8.146885847533193e-16	1.600350582883089e-09	9	-1 -2 -1 0 -1 -1 0 -2 -2	V1:-2 V7:-2 V8:-2 D13:-2 D16:-2 D37:+2 D38:+2 D67:+2 D68:+2
root-000029	701	0	1.6031569057434756e-09	3.2912527493653846e-16	1.6031569057434756e-09	9	-2 0 -1 -2 -1 -2 -1 0 -1	V0:-2 V3:-2 V5:-2 D01:-2 D07:-2 D13:+2 D15:+2 D37:-2 D57:-2
root-000029	1629	0	1.6057936835775697e-09	6.489544302985904e-10	1.6057936835775697e-09	9	-1 -1 0 -1 -2 -2 0 -2 -1	V4:-2 V5:-2 V7:-2 D24:+2 D25:+2 D27:+2 D46:-2 D56:-2 D67:+2
root-000029	202	0	1.6153147873378825e-09	1.6208164765183978e-12	1.6153147873378825e-09	9	2 2 0 0 2 1 1 1 1	V0:+2 V1:+2 V4:+2 D02:+2 D03:+2 D12:+2 D13:+2 D24:-2 D34:-2
root-000029	201	0	1.6156162260449192e-09	1.630898584401956e-12	1.6156162260449192e-09	9	-2 -2 0 0 -2 -1 -1 -1 -1	V0:-2 V1:-2 V4:-2 D02:-2 D03:-2 D12:-2 D13:-2 D24:+2 D34:+2
root-000029	1136	0	1.6256715389927021e-09	1.3177333889050299e-15	1.6256715389927021e-09	9	1 2 1 0 0 1 2 2 1	V1:+2 V6:+2 V7:+2 D13:+2 D14:+2 D36:-2 D37:-2 D46:-2 D47:-2
root-000029	1869	0	1.627683240068468e-09	1.6201354255490148e-09	1.627683240068468e-09	9	-1 0 -1 -1 -2 -2 0 -2 -1	V4:-2 V5:-2 V7:-2 D14:+2 D15:+2 D17:+2 D46:-2 D56:-2 D67:+2
root-000029	1042	0	1.647032980087873e-09	1.6054309724933933e-16	1.647032980087873e-09	9	1 2 1 1 2 0 0 2 1	V1:+2 V4:+2 V7:+2 D15:+2 D16:+2 D45:+2 D46:+2 D57:-2 D67:-2
root-000029	853	0	1.6482068185878558e-09	1.7151731738264133e-10	1.6482068185878558e-09	9	-1 -2 -2 -2 0 -1 -1 -1 0	V1:-2 V2:-2 V3:-2 D14:-2 D18:-2 D24:-2 D28:-2 D34:-2 D38:-2
root-000029	2155	0	1.6510466327446238e-09	3.753361755600689e-10	1.6510466327446238e-09	9	0 -2 0 -1 -2 -1 -1 -2 -1	V1:-2 V4:-2 V7:-2 D01:+2 D04:+2 D07:+2 D12:-2 D24:+2 D27:+2
root-000029	1255	0	1.6559795383254915e-09	1.5551401705076393e-15	1.6559795383254915e-09	9	-1 -2 0 0 -1 -1 -2 -2 -1	V1:-2 V6:-2 V7:-2 D12:-2 D13:-2 D26:+2 D27:+2 D36:+2 D37:+2
root-000029	1861	0	1.6867366074059392e-09	4.0336532831758905e-13	1.6867366074059392e-09	9	-1 0 -1 -1 -2 -2 -2 -1 0	V4:-2 V5:-2 V6:-2 D14:+2 D15:+2 D16:+2 D48:-2 D58:-2 D68:-2
root-000029	1002	0	1.6932980349931271e-09	1.0577201598418027e-15	1.6932980349931271e-09	9	1 2 1 2 0 2 0 1 1	V1:+2 V3:+2 V5:+2 D14:+2 D16:+2 D34:+2 D36:+2 D45:-2 D56:+2
root-000029	1996	0	1.710189667318765e-09	3.5008425943229493e-12	1.710189667318765e-09	9	0 2 2 1 1 1 0 1 2	V1:+2 V2:+2 V8:+2 D01:-2 D02:-2 D08:-2 D16:+2 D26:+2 D68:-2
root-000029	2147	0	1.7269000960121184e-09	1.1078587978129966e-10	1.7269000960121184e-09	9	0 -2 0 -2 -1 -1 -1 -2 -1	V1:-2 V3:-2 V7:-2 D01:+2 D03:+2 D07:+2 D12:-2 D23:+2 D27:+2
root-000029	1989	0	1.7274737367966862e-09	2.0004261513256477e-11	1.7274737367966862e-09	9	0 -2 -2 -1 -1 -1 -1 -2 0	V1:-2 V2:-2 V7:-2 D01:+2 D02:+2 D07:+2 D18:-2 D28:-2 D78:-2
root-000029	776	0	1.7313276230852073e-09	5.2673238593917247e-14	1.7313276230852073e-09	9	2 0 1 1 1 0 2 1 2	V0:+2 V6:+2 V8:+2 D01:+2 D05:+2 D16:-2 D18:-2 D56:-2 D58:-2
root-000029	2127	0	1.7342958108868938e-09	1.0179123940536448e-10	1.7342958108868938e-09	9	0 -2 -1 0 -2 -1 -1 -1 -2	V1:-2 V4:-2 V8:-2 D01:+2 D04:+2 D08:+2 D13:-2 D34:+2 D38:+2
root-000029	2257	0	1.742347629013024e-09	2.238721973942644e-12	1.742347629013024e-09	9	0 -1 -2 -1 -1 0 -1 -2 -2	V2:-2 V7:-2 V8:-2 D02:+2 D07:+2 D08:+2 D25:-2 D57:+2 D58:+2
root-000029	45	0	1.749766582672347e-09	4.8855851226664807e-14	1.749766582672347e-09	9	-2 -2 -1 -2 0 -1 -1 0 -1	V0:-2 V1:-2 V3:-2 D04:-2 D07:-2 D14:-2 D17:-2 D34:-2 D37:-2
root-000029	2202	0	1.7571689793359037e-09	6.582001412857103e-16	1.7571689793359037e-09	9	0 1 2 2 1 0 1 1 2	V2:+2 V3:+2 V8:+2 D02:-2 D03:-2 D08:-2 D25:+2 D35:+2 D58:-2
root-000029	46	0	1.7791014637589309e-09	4.880572574668088e-14	1.7791014637589309e-09	9	2 2 1 2 0 1 1 0 1	V0:+2 V1:+2 V3:+2 D04:+2 D07:+2 D14:+2 D17:+2 D34:+2 D37:+2
root-000029	1161	0	1.7799401831085393e-09	2.3396057190884753e-15	1.7799401831085393e-09	9	-1 -2 0 -2 -1 -1 -1 0 -2	V1:-2 V3:-2 V8:-2 D12:-2 D17:-2 D23:+2 D28:+2 D37:-2 D78:+2
root-000029	2169	0	1.7849346445331093e-09	3.19168693828727e-10	1.7849346445331093e-09	9	0 -2 0 -1 -1 -1 -1 -2 -2	V1:-2 V7:-2 V8:-2 D01:+2 D07:+2 D08:+2 D12:-2 D27:+2 D28:+2
root-000029	1476	0	1.804287022352898e-09	7.496062849181699e-11	1.804287022352898e-09	9	1 1 1 2 1 0 0 2 2	V3:+2 V7:+2 V8:+2 D35:+2 D36:+2 D57:-2 D58:-2 D67:-2 D68:-2
root-000029	1053	0	1.8152250371733005e-09	1.288654341391095e-12	1.8152250371733005e-09	9	-1 -2 -1 -1 -1 0 -2 0 -2	V1:-2 V6:-2 V8:-2 D15:-2 D17:-2 D56:+2 D58:+2 D67:-2 D78:+2
root-000029	1047	0	1.8187656294932002e-09	9.99751677676638e-13	1.8187656294932002e-09	9	-1 -2 -1 -1 -1 -2 0 -2 0	V1:-2 V5:-2 V7:-2 D16:-2 D18:-2 D56:-2 D58:-2 D67:+2 D78:-2
root-000029	43	0	1.831036509313933e-09	9.6419713517012e-12	1.831036509313933e-09	9	-2 -2 -1 -2 0 -1 -1 -1 0	V0:-2 V1:-2 V3:-2 D04:-2 D08:-2 D14:-2 D18:-2 D34:-2 D38:-2
root-000029	875	0	1.8453010984851901e-09	1.4841219333789688e-11	1.8453010984851901e-09	9	-1 -2 -2 -1 -1 -2 0 -1 0	V1:-2 V2:-2 V5:-2 D16:-2 D18:-2 D26:-2 D28:-2 D56:-2 D58:-2
root-000029	1220	0	1.8599306958547738e-09	1.0180248853518337e-14	1.8599306958547738e-09	9	1 2 0 1 1 1 2 0 2	V1:+2 V6:+2 V8:+2 D12:+2 D17:+2 D26:-2 D28:-2 D67:+2 D78:-2
root-000029	838	0	1.8646215700008945e-09	7.838792126680116e-14	1.8646215700008945e-09	9	2 0 0 1 1 1 2 1 2	V0:+2 V6:+2 V8:+2 D01:+2 D02:+2 D16:-2 D18:-2 D26:-2 D28:-2
root-000029	827	0	1.87392146244747e-09	4.422625054993552e-10	1.87392146244747e-09	9	-2 0 0 -1 -2 -1 -1 -1 -2	V0:-2 V4:-2 V8:-2 D01:-2 D02:-2 D14:+2 D18:+2 D24:+2 D28:+2
root-000029	2230	0	1.8849634362323884e-09	7.832688725254029e-13	1.8849634362323884e-09	9	0 1 2 1 2 0 2 1 1	V2:+2 V4:+2 V6:+2 D02:-2 D04:-2 D06:-2 D25:+2 D45:+2 D56:-2
root-000029	1070	0	1.885373005269018e-09	2.953805796492654e-15	1.885373005269018e-09	9	1 2 1 1 0 1 2 2 0	V1:+2 V6:+2 V7:+2 D14:+2 D18:+2 D46:-2 D47:-2 D68:+2 D78:+2
root-000029	1898	0	1.8859497925367137e-09	1.8859497925367137e-09	1.8245400274790708e-09	9	1 0 1 1 0 2 1 2 2	V5:+2 V7:+2 V8:+2 D15:-2 D17:-2 D18:-2 D45:-2 D47:-2 D48:-2
root-000029	2024	0	1.8920553424788553e-09	7.212017014524669e-16	1.8920553424788553e-09	9	0 2 1 2 2 1 1 0 1	V1:+2 V3:+2 V4:+2 D01:-2 D03:-2 D04:-2 D17:+2 D37:+2 D47:+2
root-000029	983	0	1.8928822674167168e-09	1.2540060214663244e-15	1.8928822674167168e-09	9	-1 -2 -1 -2 -1 -1 0 0 -2	V1:-2 V3:-2 V8:-2 D16:-2 D17:-2 D36:-2 D37:-2 D68:+2 D78:+2
root-000029	1453	0	1.894767277352263e-09	2.285287752656448e-10	1.894767277352263e-09	9	-1 -1 -1 -2 -2 0 -2 -1 0	V3:-2 V4:-2 V6:-2 D35:-2 D38:-2 D45:-2 D48:-2 D56:+2 D68:-2
root-000029	1658	0	1.9018630496550488e-09	1.6441735009448605e-09	1.9018630496550488e-09	9	1 1 0 1 0 2 1 2 2	V5:+2 V7:+2 V8:+2 D25:-2 D27:-2 D28:-2 D45:-2 D47:-2 D48:-2
root-000029	324	0	1.9058404872742774e-09	1.2502506659113838e-13	1.9058404872742774e-09	9	2 1 2 0 0 2 1 1 1	V0:+2 V2:+2 V5:+2 D03:+2 D04:+2 D23:+2 D24:+2 D35:-2 D45:-2
root-000029	1895	0	1.910942630195925e-09	8.967578656274723e-10	1.910942630195925e-09	9	-1 0 -1 -1 0 -2 -2 -1 -2	V5:-2 V6:-2 V8:-2 D15:+2 D16:+2 D18:+2 D45:+2 D46:+2 D48:+2
root-000029	2023	0	1.917257628176782e-09	7.428037361828301e-16	1.917257628176782e-09	9	0 -2 -1 -2 -2 -1 -1 0 -1	V1:-2 V3:-2 V4:-2 D01:+2 D03:+2 D04:+2 D17:-2 D37:-2 D47:-2
root-000029	2201	0	1.920057344198907e-09	9.164983758291095e-15	1.920057344198907e-09	9	0 -1 -2 -2 -1 0 -1 -1 -2	V2:-2 V3:-2 V8:-2 D02:+2 D03:+2 D08:+2 D25:-2 D35:-2 D58:+2
root-000029	2385	0	1.9499173845665678e-09	1.1982345986841622e-09	1.9499173845665678e-09	9	0 -1 -1 -1 0 -2 -2 -1 -2	V5:-2 V6:-2 V8:-2 D05:+2 D06:+2 D08:+2 D45:+2 D46:+2 D48:+2
root-000029	1095	0	1.952126470197224e-09	9.97251505150569e-16	1.952126470197224e-09	9	-1 -2 -1 0 -2 -1 0 -2 -1	V1:-2 V4:-2 V7:-2 D13:-2 D16:-2 D34:+2 D37:+2 D46:-2 D67:+2
root-000029	2018	0	1.9600225447910836e-09	5.163852630822504e-14	1.9600225447910836e-09	9	0 2 2 0 1 1 1 2 1	V1:+2 V2:+2 V7:+2 D01:-2 D02:-2 D07:-2 D13:+2 D23:+2 D37:-2
root-000029	1162	0	1.9687209591193607e-09	2.779151971954685e-15	1.9687209591193607e-09	9	1 2 0 2 1 1 1 0 2	V1:+2 V3:+2 V8:+2 D12:+2 D17:+2 D23:-2 D28:-2 D37:+2 D78:-2
root-000029	943	0	1.9700772389157263e-09	9.617156445120605e-16	1.9700772389157263e-09	9	-1 -2 -2 0 -1 -1 0 -2 -1	V1:-2 V2:-2 V7:-2 D13:-2 D16:-2 D23:-2 D26:-2 D37:+2 D67:+2
root-000029	2378	0	1.9775105898071487e-09	1.8598696409302825e-12	1.9775105898071487e-09	9	0 1 1 1 1 2 2 0 2	V5:+2 V6:+2 V8:+2 D05:-2 D06:-2 D08:-2 D57:+2 D67:+2 D78:-2
root-000029	979	0	1.995134636236075e-09	3.22416051430946e-15	1.995134636236075e-09	9	-1 -2 -1 -2 -1 -1 -2 0 0	V1:-2 V3:-2 V6:-2 D17:-2 D18:-2 D37:-2 D38:-2 D67:-2 D68:-2
root-000029	1048	0	2.0155764961757078e-09	2.401535311175986e-12	2.0155764961757078e-09	9	1 2 1 1 1 2 0 2 0	V1:+2 V5:+2 V7:+2 D16:+2 D18:+2 D56:+2 D58:+2 D67:-2 D78:+2
root-000029	2278	0	2.0294560598062213e-09	2.0262273650346087e-12	2.0294560598062213e-09	9	0 1 2 0 2 1 1 1 2	V2:+2 V4:+2 V8:+2 D02:-2 D04:-2 D08:-2 D23:+2 D34:-2 D38:-2
root-000029	2456	0	2.0376514872370746e-09	2.0376514872370746e-09	1.5086656432117197e-10	9	0 0 2 2 1 1 2 1 1	V2:+2 V3:+2 V6:+2 D02:-2 D03:-2 D06:-2 D12:-2 D13:-2 D16:-2
root-000029	784	0	2.038160592490367e-09	1.0510608057890944e-15	2.038160592490367e-09	9	2 0 1 1 0 2 1 1 2	V0:+2 V5:+2 V8:+2 D01:+2 D04:+2 D15:-2 D18:-2 D45:-2 D48:-2
root-000029	1568	0	2.04952674018609e-09	3.6250124382785025e-12	2.04952674018609e-09	9	1 1 0 2 2 1 2 1 0	V3:+2 V4:+2 V6:+2 D23:-2 D24:-2 D26:-2 D38:+2 D48:+2 D68:+2
root-000029	2234	0	2.0504317918330776e-09	1.380331786296082e-11	2.0504317918330776e-09	9	0 1 2 1 2 0 1 1 2	V2:+2 V4:+2 V8:+2 D02:-2 D04:-2 D08:-2 D25:+2 D45:+2 D58:-2
root-000029	783	0	2.0588007102975845e-09	8.877989455931833e-16	2.0588007102975845e-09	9	-2 0 -1 -1 0 -2 -1 -1 -2	V0:-2 V5:-2 V8:-2 D01:-2 D04:-2 D15:+2 D18:+2 D45:+2 D48:+2
root-000029	1450	0	2.0935603243703647e-09	3.2803739135500415e-15	2.0935603243703647e-09	9	1 1 1 2 2 1 0 2 0	V3:+2 V4:+2 V7:+2 D36:+2 D38:+2 D46:+2 D48:+2 D67:-2 D78:+2
root-000029	1449	0	2.0947974905864595e-09	5.539258051398405e-16	2.0947974905864595e-09	9	-1 -1 -1 -2 -2 -1 0 -2 0	V3:-2 V4:-2 V7:-2 D36:-2 D38:-2 D46:-2 D48:-2 D67:+2 D78:-2
root-000029	1013	0	2.11760486942098e-09	4.0848710914547844e-16	2.11760486942098e-09	9	-1 -2 -1 -2 0 -1 0 -1 -2	V1:-2 V3:-2 V8:-2 D14:-2 D16:-2 D34:-2 D36:-2 D48:+2 D68:+2
root-000029	1963	0	2.140532468027627e-09	8.881402889049084e-14	2.140532468027627e-09	9	0 -2 -2 -2 -1 -1 -1 0 -1	V1:-2 V2:-2 V3:-2 D01:+2 D02:+2 D03:+2 D17:-2 D27:-2 D37:-2
root-000029	1964	0	2.142158581791248e-09	8.933528729264647e-14	2.142158581791248e-09	9	0 2 2 2 1 1 1 0 1	V1:+2 V2:+2 V3:+2 D01:-2 D02:-2 D03:-2 D17:+2 D27:+2 D37:+2
root-000029	2359	0	2.145617970417735e-09	2.145617970417735e-09	1.79523002869755e-09	9	0 -1 -1 -1 -2 -2 0 -2 -1	V4:-2 V5:-2 V7:-2 D04:+2 D05:+2 D07:+2 D46:-2 D56:-2 D67:+2
root-000029	1839	0	2.146237622820637e-09	7.007056147879035e-10	2.146237622820637e-09	9	-1 0 -1 -2 -1 -1 -2 0 -2	V3:-2 V6:-2 V8:-2 D13:+2 D16:+2 D18:+2 D37:-2 D67:-2 D78:+2
root-000029	1975	0	2.163443745106834e-09	7.489640972211683e-14	2.163443745106834e-09	9	0 -2 -2 -1 -2 -1 0 -1 -1	V1:-2 V2:-2 V4:-2 D01:+2 D02:+2 D04:+2 D16:-2 D26:-2 D46:-2
root-000029	876	0	2.1802642424512583e-09	1.6004769267092763e-13	2.1802642424512583e-09	9	1 2 2 1 1 2 0 1 0	V1:+2 V2:+2 V5:+2 D16:+2 D18:+2 D26:+2 D28:+2 D56:+2 D58:+2
root-000029	901	0	2.1951509634848788e-09	2.4953721144003545e-10	2.1951509634848788e-09	9	-1 -2 -2 -1 0 -2 0 -1 -1	V1:-2 V2:-2 V5:-2 D14:-2 D16:-2 D24:-2 D26:-2 D45:+2 D56:-2
root-000029	1636	0	2.1999629909667423e-09	1.1136428298400126e-10	2.1999629909667423e-09	9	1 1 0 1 2 1 2 0 2	V4:+2 V6:+2 V8:+2 D24:-2 D26:-2 D28:-2 D47:+2 D67:+2 D78:-2
root-000029	2019	0	2.2376960948834663e-09	2.2376960948834663e-09	1.2166999207830441e-09	9	0 -2 -2 0 -1 -1 -1 -1 -2	V1:-2 V2:-2 V8:-2 D01:+2 D02:+2 D08:+2 D13:-2 D23:-2 D38:+2
root-000029	1465	0	2.2773997078120785e-09	2.8761855968691577e-15	2.2773997078120785e-09	9	-1 -1 -1 -2 -1 -2 -2 0 0	V3:-2 V5:-2 V6:-2 D37:-2 D38:-2 D57:-2 D58:-2 D67:-2 D68:-2
root-000029	1101	0	2.298591378796772e-09	5.1683409606539205e-11	2.298591378796772e-09	9	-1 -2 -1 0 -2 0 -1 -2 -1	V1:-2 V4:-2 V7:-2 D13:-2 D15:-2 D34:+2 D37:+2 D45:-2 D57:+2
root-000029	1889	0	2.300098328651006e-09	4.664672181127775e-10	2.300098328651006e-09	9	-1 0 -1 -1 -1 -2 0 -2 -2	V5:-2 V7:-2 V8:-2 D15:+2 D17:+2 D18:+2 D56:-2 D67:+2 D68:+2
root-000029	1102	0	2.3079807006977388e-09	5.277617598456015e-11	2.3079807006977388e-09	9	1 2 1 0 2 0 1 2 1	V1:+2 V4:+2 V7:+2 D13:+2 D15:+2 D34:-2 D37:-2 D45:+2 D57:-2
root-000029	25	0	2.3184763923188953e-09	2.3184763923188953e-09	1.1308577383978974e-09	9	-2 -2 -2 0 -1 -1 0 -1 -1	V0:-2 V1:-2 V2:-2 D03:-2 D06:-2 D13:-2 D16:-2 D23:-2 D26:-2
root-000029	1992	0	2.3227803090467567e-09	6.99550419703573e-11	2.3227803090467567e-09	9	0 2 2 1 1 1 1 0 2	V1:+2 V2:+2 V8:+2 D01:-2 D02:-2 D08:-2 D17:+2 D27:+2 D78:-2
root-000029	1489	0	2.32611149789121e-09	1.3405375506086503e-15	2.32611149789121e-09	9	-1 -1 -1 -2 0 -1 -2 -2 0	V3:-2 V6:-2 V7:-2 D34:-2 D38:-2 D46:+2 D47:+2 D68:-2 D78:-2
root-000029	1011	0	2.3369110443703894e-09	1.2750970244002474e-13	2.3369110443703894e-09	9	-1 -2 -1 -2 0 -1 0 -2 -1	V1:-2 V3:-2 V7:-2 D14:-2 D16:-2 D34:-2 D36:-2 D47:+2 D67:+2
root-000029	1009	0	2.367962541026684e-09	3.811473395140167e-16	2.367962541026684e-09	9	-1 -2 -1 -2 0 -1 -1 0 -2	V1:-2 V3:-2 V8:-2 D14:-2 D17:-2 D34:-2 D37:-2 D48:+2 D78:+2
root-000029	1897	0	2.3720423926369526e-09	2.3720423926369526e-09	2.089395914450116e-09	9	-1 0 -1 -1 0 -2 -1 -2 -2	V5:-2 V7:-2 V8:-2 D15:+2 D17:+2 D18:+2 D45:+2 D47:+2 D48:+2
root-000029	2258	0	2.3771156455197582e-09	9.39109474391915e-15	2.3771156455197582e-09	9	0 1 2 1 1 0 1 2 2	V2:+2 V7:+2 V8:+2 D02:-2 D07:-2 D08:-2 D25:+2 D57:-2 D58:-2
root-000029	2305	0	2.3837747422192945e-09	1.2864084889548223e-09	2.3837747422192945e-09	9	0 -1 -1 -2 -2 -1 0 -2 -1	V3:-2 V4:-2 V7:-2 D03:+2 D04:+2 D07:+2 D36:-2 D46:-2 D67:+2
root-000029	2330	0	2.4019406139684616e-09	7.902255071133672e-10	2.4019406139684616e-09	9	0 1 1 2 1 1 2 0 2	V3:+2 V6:+2 V8:+2 D03:-2 D06:-2 D08:-2 D37:+2 D67:+2 D78:-2
root-000029	1124	0	2.4397536867682964e-09	5.221199437691991e-11	2.4397536867682964e-09	9	1 2 1 0 1 0 2 2 1	V1:+2 V6:+2 V7:+2 D13:+2 D15:+2 D36:-2 D37:-2 D56:-2 D57:-2
root-000029	1893	0	2.4578716723337947e-09	8.335220295686333e-14	2.4578716723337947e-09	9	-1 0 -1 -1 0 -2 -2 -2 -1	V5:-2 V6:-2 V7:-2 D15:+2 D16:+2 D17:+2 D45:+2 D46:+2 D47:+2
root-000029	2231	0	2.4684031611010066e-09	3.2578343828454024e-13	2.4684031611010066e-09	9	0 -1 -2 -1 -2 0 -1 -2 -1	V2:-2 V4:-2 V7:-2 D02:+2 D04:+2 D07:+2 D25:-2 D45:-2 D57:+2
root-000029	1577	0	2.4714977540424136e-09	2.9901035165403002e-12	2.4714977540424136e-09	9	-1 -1 0 -2 -2 -1 0 -1 -2	V3:-2 V4:-2 V8:-2 D23:+2 D24:+2 D28:+2 D36:-2 D46:-2 D68:+2
root-000029	596	0	2.4943804729745465e-09	6.245779609650567e-14	2.4943804729745465e-09	9	2 1 0 1 1 0 2 1 2	V0:+2 V6:+2 V8:+2 D02:+2 D05:+2 D26:-2 D28:-2 D56:-2 D58:-2
root-000029	1123	0	2.5015779056755584e-09	5.7448252751429705e-11	2.5015779056755584e-09	9	-1 -2 -1 0 -1 0 -2 -2 -1	V1:-2 V6:-2 V7:-2 D13:-2 D15:-2 D36:+2 D37:+2 D56:+2 D57:+2
root-000029	1457	0	2.5037878968823735e-09	9.44291667200505e-10	2.5037878968823735e-09	9	-1 -1 -1 -2 -2 0 -1 -2 0	V3:-2 V4:-2 V7:-2 D35:-2 D38:-2 D45:-2 D48:-2 D57:+2 D78:-2
root-000029	537	0	2.516520010691157e-09	3.307901903127628e-16	2.516520010691157e-09	9	-2 -1 0 -2 -1 0 -2 -1 -1	V0:-2 V3:-2 V6:-2 D02:-2 D05:-2 D23:+2 D26:+2 D35:-2 D56:+2
root-000029	873	0	2.538754812051441e-09	1.3688718540067278e-13	2.538754812051441e-09	9	-1 -2 -2 -1 -1 -2 -1 0 0	V1:-2 V2:-2 V5:-2 D17:-2 D18:-2 D27:-2 D28:-2 D57:-2 D58:-2
root-000029	1157	0	2.5571215999919532e-09	2.1367505807787057e-15	2.5571215999919532e-09	9	-1 -2 0 -2 -1 -1 -2 0 -1	V1:-2 V3:-2 V6:-2 D12:-2 D17:-2 D23:+2 D26:+2 D37:-2 D67:-2
root-000029	4	0	2.5585246782637083e-09	2.5585246782637083e-09	1.0892913733086891e-09	9	2 2 2 1 1 1 0 1 0	V0:+2 V1:+2 V2:+2 D06:+2 D08:+2 D16:+2 D18:+2 D26:+2 D28:+2
root-000029	903	0	2.5606266952681206e-09	3.0353325830918645e-15	2.5606266952681206e-09	9	-1 -2 -2 -1 0 -1 -2 -1 0	V1:-2 V2:-2 V6:-2 D14:-2 D18:-2 D24:-2 D28:-2 D46:+2 D68:-2
root-000029	1058	0	2.5725705162926917e-09	2.6531301605541557e-13	2.5725705162926917e-09	9	1 2 1 1 0 2 2 1 0	V1:+2 V5:+2 V6:+2 D14:+2 D18:+2 D45:-2 D46:-2 D58:+2 D68:+2
root-000029	1165	0	2.5737396832430547e-09	1.788061427068569e-15	2.5737396832430547e-09	9	-1 -2 0 -2 -1 -1 0 -1 -2	V1:-2 V3:-2 V8:-2 D12:-2 D16:-2 D23:+2 D28:+2 D36:-2 D68:+2
root-000029	1166	0	2.5826982818033654e-09	1.7965692238872905e-15	2.5826982818033654e-09	9	1 2 0 2 1 1 0 1 2	V1:+2 V3:+2 V8:+2 D12:+2 D16:+2 D23:-2 D28:-2 D36:+2 D68:-2
root-000029	144	0	2.590665491205949e-09	2.8434253579745804e-12	2.590665491205949e-09	9	2 2 1 0 0 2 1 1 1	V0:+2 V1:+2 V5:+2 D03:+2 D04:+2 D13:+2 D14:+2 D35:-2 D45:-2
root-000029	1813	0	2.5928846626743253e-09	4.220470346883058e-10	2.5928846626743253e-09	9	-1 0 -1 -2 -2 -1 -1 0 -2	V3:-2 V4:-2 V8:-2 D13:+2 D14:+2 D18:+2 D37:-2 D47:-2 D78:+2
root-000029	120	0	2.6184544466593293e-09	3.51462186457053e-12	2.6184544466593293e-09	9	2 2 1 0 1 2 1 1 0	V0:+2 V1:+2 V5:+2 D03:+2 D08:+2 D13:+2 D18:+2 D35:-2 D58:+2
root-000029	911	0	2.6269552463820683e-09	1.1466966439549867e-14	2.6269552463820683e-09	9	-1 -2 -2 -1 0 -1 0 -2 -1	V1:-2 V2:-2 V7:-2 D14:-2 D16:-2 D24:-2 D26:-2 D47:+2 D67:+2
root-000029	119	0	2.640243301747504e-09	3.5860883853455156e-12	2.640243301747504e-09	9	-2 -2 -1 0 -1 -2 -1 -1 0	V0:-2 V1:-2 V5:-2 D03:-2 D08:-2 D13:-2 D18:-2 D35:+2 D58:-2
root-000029	1840	0	2.6508558219736017e-09	1.1627874568781856e-09	2.6508558219736017e-09	9	1 0 1 2 1 1 2 0 2	V3:+2 V6:+2 V8:+2 D13:-2 D16:-2 D18:-2 D37:+2 D67:+2 D78:-2
root-000029	1713	0	2.6515291336055855e-09	1.926501634227548e-15	2.6515291336055855e-09	9	-1 0 -2 -2 0 -2 -1 -1 -1	V2:-2 V3:-2 V5:-2 D12:+2 D13:+2 D15:+2 D24:-2 D34:-2 D45:+2
root-000029	1032	0	2.6964285013566878e-09	1.082595351010579e-14	2.6964285013566878e-09	9	1 2 1 1 2 1 0 0 2	V1:+2 V4:+2 V8:+2 D16:+2 D17:+2 D46:+2 D47:+2 D68:-2 D78:-2
root-000029	1862	0	2.7025782770761856e-09	1.6995124852583564e-12	2.7025782770761856e-09	9	1 0 1 1 2 2 2 1 0	V4:+2 V5:+2 V6:+2 D14:-2 D15:-2 D16:-2 D48:+2 D58:+2 D68:+2
root-000029	1061	0	2.7119021966899507e-09	3.407878057995243e-13	2.7119021966899507e-09	9	-1 -2 -1 -1 0 -2 -1 -2 0	V1:-2 V5:-2 V7:-2 D14:-2 D18:-2 D45:+2 D47:+2 D58:-2 D78:-2
root-000029	1074	0	2.718099997302945e-09	3.530268127519972e-16	2.718099997302945e-09	9	1 2 1 1 0 1 0 2 2	V1:+2 V7:+2 V8:+2 D14:+2 D16:+2 D47:-2 D48:-2 D67:-2 D68:-2
root-000029	17	0	2.7381677767694655e-09	2.7381677767694655e-09	1.2219320793920019e-09	9	-2 -2 -2 -1 0 -1 0 -1 -1	V0:-2 V1:-2 V2:-2 D04:-2 D06:-2 D14:-2 D16:-2 D24:-2 D26:-2
root-000029	954	0	2.7489893943288103e-09	3.07674769207574e-12	2.7489893943288103e-09	9	1 2 2 0 0 2 1 1 1	V1:+2 V2:+2 V5:+2 D13:+2 D14:+2 D23:+2 D24:+2 D35:-2 D45:-2
root-000029	1046	0	2.778675989930357e-09	2.338900655602875e-15	2.778675989930357e-09	9	1 2 1 1 1 2 2 0 0	V1:+2 V5:+2 V6:+2 D17:+2 D18:+2 D57:+2 D58:+2 D67:+2 D68:+2
root-000029	1066	0	2.7805759609374352e-09	1.9444422034481153e-13	2.7805759609374352e-09	9	1 2 1 1 0 2 0 2 1	V1:+2 V5:+2 V7:+2 D14:+2 D16:+2 D45:-2 D47:-2 D56:+2 D67:-2
root-000029	1522	0	2.7993276240591926e-09	8.822981168038845e-11	2.7993276240591926e-09	9	1 1 1 0 2 2 2 1 0	V4:+2 V5:+2 V6:+2 D34:-2 D35:-2 D36:-2 D48:+2 D58:+2 D68:+2
root-000029	9	0	2.8013921223922563e-09	8.761284422984071e-10	2.8013921223922563e-09	9	-2 -2 -2 -1 -1 0 -1 0 -1	V0:-2 V1:-2 V2:-2 D05:-2 D07:-2 D15:-2 D17:-2 D25:-2 D27:-2
root-000029	1576	0	2.8065706186246716e-09	2.8065706186246716e-09	8.570973824438197e-10	9	1 1 0 2 2 1 0 2 1	V3:+2 V4:+2 V7:+2 D23:-2 D24:-2 D27:-2 D36:+2 D46:+2 D67:-2
root-000029	2143	0	2.8515000013878014e-09	5.774877214171253e-10	2.8515000013878014e-09	9	0 -2 0 -2 -1 -2 -1 -1 -1	V1:-2 V3:-2 V5:-2 D01:+2 D03:+2 D05:+2 D12:-2 D23:+2 D25:+2
root-000029	1466	0	2.889144586833068e-09	1.0181231312229838e-13	2.889144586833068e-09	9	1 1 1 2 1 2 2 0 0	V3:+2 V5:+2 V6:+2 D37:+2 D38:+2 D57:+2 D58:+2 D67:+2 D68:+2
root-000029	1475	0	2.9212711048023084e-09	5.907048990708575e-10	2.9212711048023084e-09	9	-1 -1 -1 -2 -1 0 0 -2 -2	V3:-2 V7:-2 V8:-2 D35:-2 D36:-2 D57:+2 D58:+2 D67:+2 D68:+2
root-000029	953	0	2.9284961748740125e-09	2.918670194224723e-12	2.9284961748740125e-09	9	-1 -2 -2 0 0 -2 -1 -1 -1	V1:-2 V2:-2 V5:-2 D13:-2 D14:-2 D23:-2 D24:-2 D35:+2 D45:+2
root-000029	981	0	2.9436007889518795e-09	2.6091684911715722e-14	2.9436007889518795e-09	9	-1 -2 -1 -2 -1 -1 0 -2 0	V1:-2 V3:-2 V7:-2 D16:-2 D18:-2 D36:-2 D38:-2 D67:+2 D78:-2
root-000029	22	0	2.9515048965878687e-09	2.9515048965878687e-09	1.1445766374615363e-09	9	2 2 2 0 1 1 1 1 0	V0:+2 V1:+2 V2:+2 D03:+2 D08:+2 D13:+2 D18:+2 D23:+2 D28:+2
root-000029	1073	0	2.9645043793726645e-09	3.747541066569401e-16	2.9645043793726645e-09	9	-1 -2 -1 -1 0 -1 0 -2 -2	V1:-2 V7:-2 V8:-2 D14:-2 D16:-2 D47:+2 D48:+2 D67:+2 D68:+2
root-000029	978	0	2.981941534868104e-09	6.168706927704448e-11	2.981941534868104e-09	9	1 2 1 2 1 2 0 0 1	V1:+2 V3:+2 V5:+2 D16:+2 D17:+2 D36:+2 D37:+2 D56:+2 D57:+2
root-000029	2304	0	3.0371002409533133e-09	1.2883742200291608e-09	3.0371002409533133e-09	9	0 1 1 2 2 1 1 0 2	V3:+2 V4:+2 V8:+2 D03:-2 D04:-2 D08:-2 D37:+2 D47:+2 D78:-2
root-000029	1515	0	3.0582303386530505e-09	2.0875113756796183e-10	3.0582303386530505e-09	9	-1 -1 -1 -1 0 -2 -2 0 -2	V5:-2 V6:-2 V8:-2 D45:+2 D46:+2 D48:+2 D57:-2 D67:-2 D78:+2
root-000029	1076	0	3.0617217591867036e-09	2.0150944811648763e-15	3.0617217591867036e-09	9	1 2 1 1 0 0 2 2 1	V1:+2 V6:+2 V7:+2 D14:+2 D15:+2 D46:-2 D47:-2 D56:-2 D57:-2
root-000029	1000	0	3.062548209584228e-09	2.3532746485720892e-11	3.062548209584228e-09	9	1 2 1 2 0 2 1 0 1	V1:+2 V3:+2 V5:+2 D14:+2 D17:+2 D34:+2 D37:+2 D45:-2 D57:+2
root-000029	929	0	3.07552196189173e-09	5.132784696153007e-12	3.07552196189173e-09	9	-1 -2 -2 0 -1 -2 -1 -1 0	V1:-2 V2:-2 V5:-2 D13:-2 D18:-2 D23:-2 D28:-2 D35:+2 D58:-2
root-000029	29	0	3.0756311628416502e-09	3.0756311628416502e-09	1.1245627601348093e-09	9	-2 -2 -2 0 0 -1 -1 -1 -1	V0:-2 V1:-2 V2:-2 D03:-2 D04:-2 D13:-2 D14:-2 D23:-2 D24:-2
root-000029	2451	0	3.0891864398595195e-09	3.348953396664483e-10	3.0891864398595195e-09	9	0 0 -2 -2 -2 -1 -1 -1 -1	V2:-2 V3:-2 V4:-2 D02:+2 D03:+2 D04:+2 D12:+2 D13:+2 D14:+2
root-000029	1484	0	3.1081945124018804e-09	6.387231297578648e-10	3.1081945124018804e-09	9	1 1 1 2 0 2 1 0 2	V3:+2 V5:+2 V8:+2 D34:+2 D37:+2 D45:-2 D48:-2 D57:+2 D78:-2
root-000029	1620	0	3.1143360986542832e-09	3.027874683504224e-09	3.1143360986542832e-09	9	1 1 0 2 0 1 1 2 2	V3:+2 V7:+2 V8:+2 D23:-2 D27:-2 D28:-2 D34:+2 D47:-2 D48:-2
root-000029	967	0	3.1270667774382843e-09	3.8994577977079402e-16	3.1270667774382843e-09	9	-1 -2 -1 -2 -2 0 -1 -1 0	V1:-2 V3:-2 V4:-2 D15:-2 D18:-2 D35:-2 D38:-2 D45:-2 D48:-2
root-000029	2349	0	3.1417067146725166e-09	1.0855781951919409e-09	3.1417067146725166e-09	9	0 -1 -1 -2 0 -1 -1 -2 -2	V3:-2 V7:-2 V8:-2 D03:+2 D07:+2 D08:+2 D34:-2 D47:+2 D48:+2
root-000029	971	0	3.1507915516572896e-09	1.2722571433370311e-15	3.1507915516572896e-09	9	-1 -2 -1 -2 -2 0 0 -1 -1	V1:-2 V3:-2 V4:-2 D15:-2 D16:-2 D35:-2 D36:-2 D45:-2 D46:-2
root-000029	2105	0	3.151675029579065e-09	1.1346169590446038e-12	3.151675029579065e-09	9	0 -2 -1 -1 -1 0 -2 -1 -2	V1:-2 V6:-2 V8:-2 D01:+2 D06:+2 D08:+2 D15:-2 D56:+2 D58:+2
root-000029	1623	0	3.1574714566251066e-09	6.888787541103043e-10	3.1574714566251066e-09	9	-1 -1 0 -1 -2 -2 -2 0 -1	V4:-2 V5:-2 V6:-2 D24:+2 D25:+2 D26:+2 D47:-2 D57:-2 D67:-2
root-000029	1059	0	3.1593745012499686e-09	1.6126470089123657e-14	3.1593745012499686e-09	9	-1 -2 -1 -1 0 -2 -2 0 -1	V1:-2 V5:-2 V6:-2 D14:-2 D17:-2 D45:+2 D46:+2 D57:-2 D67:-2
root-000029	1547	0	3.164164438174538e-09	1.6135544992925832e-14	3.164164438174538e-09	9	-1 -1 -1 0 -1 -2 -2 0 -2	V5:-2 V6:-2 V8:-2 D35:+2 D36:+2 D38:+2 D57:-2 D67:-2 D78:+2
root-000029	1665	0	3.1747125209938738e-09	3.1747125209938738e-09	2.896250159412615e-09	9	-1 -1 0 0 -2 -2 -1 -1 -2	V4:-2 V5:-2 V8:-2 D24:+2 D25:+2 D28:+2 D34:+2 D35:+2 D38:+2
root-000029	2149	0	3.1760393712621995e-09	3.1760393712621995e-09	1.8447905676007817e-09	9	0 -2 0 -2 -1 -1 -1 -1 -2	V1:-2 V3:-2 V8:-2 D01:+2 D03:+2 D08:+2 D12:-2 D23:+2 D28:+2
root-000029	1447	0	3.1897324309844965e-09	5.782573422590282e-13	3.1897324309844965e-09	9	-1 -1 -1 -2 -2 -1 -2 0 0	V3:-2 V4:-2 V6:-2 D37:-2 D38:-2 D47:-2 D48:-2 D67:-2 D68:-2
root-000029	1600	0	3.2012492870069564e-09	3.4910532483874213e-10	3.2012492870069564e-09	9	1 1 0 2 1 1 2 0 2	V3:+2 V6:+2 V8:+2 D23:-2 D26:-2 D28:-2 D37:+2 D67:+2 D78:-2
root-000029	2168	0	3.208170273506398e-09	3.208170273506398e-09	1.649750259457585e-09	9	0 2 0 1 1 1 2 1 2	V1:+2 V6:+2 V8:+2 D01:-2 D06:-2 D08:-2 D12:+2 D26:-2 D28:-2
root-000029	904	0	3.2203283747736686e-09	4.9340151698275666e-15	3.2203283747736686e-09	9	1 2 2 1 0 1 2 1 0	V1:+2 V2:+2 V6:+2 D14:+2 D18:+2 D24:+2 D28:+2 D46:-2 D68:+2
root-000029	1222	0	3.22618263673353e-09	4.501581826792057e-15	3.22618263673353e-09	9	1 2 0 1 1 1 0 2 2	V1:+2 V7:+2 V8:+2 D12:+2 D16:+2 D27:-2 D28:-2 D67:-2 D68:-2
root-000029	2190	0	3.267680842511317e-09	3.041952380258371e-13	3.267680842511317e-09	9	0 1 2 2 1 1 1 2 0	V2:+2 V3:+2 V7:+2 D02:-2 D03:-2 D07:-2 D28:+2 D38:+2 D78:+2
root-000029	2101	0	3.2846846809664646e-09	4.62619466406025e-15	3.2846846809664646e-09	9	0 -2 -1 -1 -1 -1 0 -2 -2	V1:-2 V7:-2 V8:-2 D01:+2 D07:+2 D08:+2 D16:-2 D67:+2 D68:+2
root-000029	1104	0	3.3040768670928038e-09	1.2306813290195863e-09	3.3040768670928038e-09	9	1 2 1 0 2 0 1 1 2	V1:+2 V4:+2 V8:+2 D13:+2 D15:+2 D34:-2 D38:-2 D45:+2 D58:-2
root-000029	18	0	3.3317957138706508e-09	3.3317957138706508e-09	9.845472553749574e-10	9	2 2 2 1 0 1 0 1 1	V0:+2 V1:+2 V2:+2 D04:+2 D06:+2 D14:+2 D16:+2 D24:+2 D26:+2
root-000029	1573	0	3.3444935294438415e-09	1.594394469941304e-09	3.3444935294438415e-09	9	-1 -1 0 -2 -2 -1 -1 0 -2	V3:-2 V4:-2 V8:-2 D23:+2 D24:+2 D28:+2 D37:-2 D47:-2 D78:+2
root-000029	2462	0	3.3477610616491047e-09	3.3477610616491047e-09	2.931810472299207e-09	9	0 0 2 1 2 2 1 1 1	V2:+2 V4:+2 V5:+2 D02:-2 D04:-2 D05:-2 D12:-2 D14:-2 D15:-2
root-000029	2145	0	3.3837020443029023e-09	3.3837020443029023e-09	1.789092153993508e-09	9	0 -2 0 -2 -1 -1 -2 -1 -1	V1:-2 V3:-2 V6:-2 D01:+2 D03:+2 D06:+2 D12:-2 D23:+2 D26:+2
root-000029	1088	0	3.4002033228460446e-09	5.011293280268582e-16	3.4002033228460446e-09	9	1 2 1 0 2 1 2 1 0	V1:+2 V4:+2 V6:+2 D13:+2 D18:+2 D34:-2 D36:-2 D48:+2 D68:+2
root-000029	1055	0	3.4014003056182094e-09	1.1624550094745647e-14	3.4014003056182094e-09	9	-1 -2 -1 -1 -1 0 0 -2 -2	V1:-2 V7:-2 V8:-2 D15:-2 D16:-2 D57:+2 D58:+2 D67:+2 D68:+2
root-000029	1808	0	3.4525129638821493e-09	6.225187764152515e-11	3.4525129638821493e-09	9	1 0 1 2 2 1 2 1 0	V3:+2 V4:+2 V6:+2 D13:-2 D14:-2 D16:-2 D38:+2 D48:+2 D68:+2
root-000029	966	0	3.4526992718323988e-09	5.211653454878235e-15	3.4526992718323988e-09	9	1 2 1 2 2 1 0 0 1	V1:+2 V3:+2 V4:+2 D16:+2 D17:+2 D36:+2 D37:+2 D46:+2 D47:+2
root-000029	933	0	3.4552906817897034e-09	2.8280514897581707e-12	3.4552906817897034e-09	9	-1 -2 -2 0 -1 -2 0 -1 -1	V1:-2 V2:-2 V5:-2 D13:-2 D16:-2 D23:-2 D26:-2 D35:+2 D56:-2
root-000029	7	0	3.5194028619372553e-09	2.7277821165568353e-09	3.5194028619372553e-09	9	-2 -2 -2 -1 -1 0 -1 -1 0	V0:-2 V1:-2 V2:-2 D05:-2 D08:-2 D15:-2 D18:-2 D25:-2 D28:-2
root-000029	1656	0	3.5224736086133346e-09	4.870915822753109e-11	3.5224736086133346e-09	9	1 1 0 1 0 2 2 1 2	V5:+2 V6:+2 V8:+2 D25:-2 D26:-2 D28:-2 D45:-2 D46:-2 D48:-2
root-000029	1518	0	3.543400633278402e-09	1.163274297556331e-09	3.543400633278402e-09	9	1 1 1 1 0 2 0 2 2	V5:+2 V7:+2 V8:+2 D45:-2 D47:-2 D48:-2 D56:+2 D67:-2 D68:-2
root-000029	1659	0	3.555669272914306e-09	1.6958614782293318e-09	3.555669272914306e-09	9	-1 -1 0 -1 0 -1 -2 -2 -2	V6:-2 V7:-2 V8:-2 D26:+2 D27:+2 D28:+2 D46:+2 D47:+2 D48:+2
root-000029	1649	0	3.5573730479256666e-09	5.9599352622417e-10	3.5573730479256666e-09	9	-1 -1 0 -1 -1 -2 0 -2 -2	V5:-2 V7:-2 V8:-2 D25:+2 D27:+2 D28:+2 D56:-2 D67:+2 D68:+2
root-000029	1494	0	3.5599757718612767e-09	1.2128090916687725e-10	3.5599757718612767e-09	9	1 1 1 2 0 1 0 2 2	V3:+2 V7:+2 V8:+2 D34:+2 D36:+2 D47:-2 D48:-2 D67:-2 D68:-2
root-000029	1564	0	3.6153302917450347e-09	3.6153302917450347e-09	2.20403704247943e-09	9	1 1 0 2 2 2 1 0 1	V3:+2 V4:+2 V5:+2 D23:-2 D24:-2 D25:-2 D37:+2 D47:+2 D57:+2
root-000029	12	0	3.62546581849789e-09	2.560012584675129e-09	3.62546581849789e-09	9	2 2 2 1 1 0 0 1 1	V0:+2 V1:+2 V2:+2 D05:+2 D06:+2 D15:+2 D16:+2 D25:+2 D26:+2
root-000029	11	0	3.6359546350629907e-09	2.853319235738595e-09	3.6359546350629907e-09	9	-2 -2 -2 -1 -1 0 0 -1 -1	V0:-2 V1:-2 V2:-2 D05:-2 D06:-2 D15:-2 D16:-2 D25:-2 D26:-2
root-000029	1148	0	3.635970602270314e-09	3.858867827255886e-12	3.635970602270314e-09	9	1 2 0 2 2 0 1 1 1	V1:+2 V3:+2 V4:+2 D12:+2 D15:+2 D23:-2 D24:-2 D35:+2 D45:+2
root-000029	1854	0	3.6384463658951242e-09	8.199906204838778e-11	3.6384463658951242e-09	9	1 0 1 2 0 2 1 1 2	V3:+2 V5:+2 V8:+2 D13:-2 D15:-2 D18:-2 D34:+2 D45:-2 D48:-2
root-000029	1147	0	3.643926005181379e-09	4.029446409457239e-12	3.643926005181379e-09	9	-1 -2 0 -2 -2 0 -1 -1 -1	V1:-2 V3:-2 V4:-2 D12:-2 D15:-2 D23:+2 D24:+2 D35:-2 D45:-2
root-000029	1625	0	3.6581010625584797e-09	9.175472753748834e-11	3.6581010625584797e-09	9	-1 -1 0 -1 -2 -2 -1 -2 0	V4:-2 V5:-2 V7:-2 D24:+2 D25:+2 D27:+2 D48:-2 D58:-2 D78:-2
root-000029	1079	0	3.6584902983918305e-09	5.449509230707027e-16	3.6584902983918305e-09	9	-1 -2 -1 -1 0 0 -1 -2 -2	V1:-2 V7:-2 V8:-2 D14:-2 D15:-2 D47:+2 D48:+2 D57:+2 D58:+2
root-000029	1574	0	3.6629139156616534e-09	6.843906133386531e-10	3.6629139156616534e-09	9	1 1 0 2 2 1 1 0 2	V3:+2 V4:+2 V8:+2 D23:-2 D24:-2 D28:-2 D37:+2 D47:+2 D78:-2
root-000029	2080	0	3.674646673262058e-09	2.5600759822100453e-12	3.674646673262058e-09	9	0 2 1 1 2 0 2 1 1	V1:+2 V4:+2 V6:+2 D01:-2 D04:-2 D06:-2 D15:+2 D45:+2 D56:-2
root-000029	2047	0	3.680463179837194e-09	1.8259498604314453e-12	3.680463179837194e-09	9	0 -2 -1 -2 -1 0 -2 -1 -1	V1:-2 V3:-2 V6:-2 D01:+2 D03:+2 D06:+2 D15:-2 D35:-2 D56:+2
root-000029	20	0	3.6899415648510145e-09	3.123515505717133e-09	3.6899415648510145e-09	9	2 2 2 1 0 0 1 1 1	V0:+2 V1:+2 V2:+2 D04:+2 D05:+2 D14:+2 D15:+2 D24:+2 D25:+2
root-000029	1129	0	3.6922858236833003e-09	1.9063466860538035e-15	3.6922858236833003e-09	9	-1 -2 -1 0 0 -2 -2 -1 -1	V1:-2 V5:-2 V6:-2 D13:-2 D14:-2 D35:+2 D36:+2 D45:+2 D46:+2
root-000029	2388	0	3.697444145799893e-09	1.9499881338518475e-09	3.697444145799893e-09	9	0 1 1 1 0 2 1 2 2	V5:+2 V7:+2 V8:+2 D05:-2 D07:-2 D08:-2 D45:-2 D47:-2 D48:-2
root-000029	1818	0	3.707368406947838e-09	3.707368406947838e-09	3.1874423378390407e-09	9	1 0 1 2 2 1 0 1 2	V3:+2 V4:+2 V8:+2 D13:-2 D14:-2 D18:-2 D36:+2 D46:+2 D68:-2
root-000029	1565	0	3.711283768654891e-09	4.878063417895235e-10	3.711283768654891e-09	9	-1 -1 0 -2 -2 -2 0 -1 -1	V3:-2 V4:-2 V5:-2 D23:+2 D24:+2 D25:+2 D36:-2 D46:-2 D56:-2
root-000029	1816	0	3.7352097527117105e-09	3.7352097527117105e-09	1.0657031426351328e-09	9	1 0 1 2 2 1 0 2 1	V3:+2 V4:+2 V7:+2 D13:-2 D14:-2 D17:-2 D36:+2 D46:+2 D67:-2
root-000029	1650	0	3.7503541461877e-09	1.3879041196570001e-09	3.7503541461877e-09	9	1 1 0 1 1 2 0 2 2	V5:+2 V7:+2 V8:+2 D25:-2 D27:-2 D28:-2 D56:+2 D67:-2 D68:-2
root-000029	1563	0	3.756632192868432e-09	3.756632192868432e-09	1.3924482631985749e-09	9	-1 -1 0 -2 -2 -2 -1 0 -1	V3:-2 V4:-2 V5:-2 D23:+2 D24:+2 D25:+2 D37:-2 D47:-2 D57:-2
root-000029	972	0	3.7678492220734744e-09	1.5646918967598259e-15	3.7678492220734744e-09	9	1 2 1 2 2 0 0 1 1	V1:+2 V3:+2 V4:+2 D15:+2 D16:+2 D35:+2 D36:+2 D45:+2 D46:+2
root-000029	1035	0	3.781848006696085e-09	7.773026300042533e-13	3.781848006696085e-09	9	-1 -2 -1 -1 -2 0 -2 0 -1	V1:-2 V4:-2 V6:-2 D15:-2 D17:-2 D45:-2 D47:-2 D56:+2 D67:-2
root-000029	1244	0	3.8515132890989696e-09	1.0675163620291852e-11	3.8515132890989696e-09	9	1 2 0 0 2 1 2 1 1	V1:+2 V4:+2 V6:+2 D12:+2 D13:+2 D24:-2 D26:-2 D34:-2 D36:-2
root-000029	2387	0	3.911306901667644e-09	5.959483142839523e-10	3.911306901667644e-09	9	0 -1 -1 -1 0 -2 -1 -2 -2	V5:-2 V7:-2 V8:-2 D05:+2 D07:+2 D08:+2 D45:+2 D47:+2 D48:+2
root-000029	10	0	3.949232070966746e-09	3.949232070966746e-09	3.518663648220433e-09	9	2 2 2 1 1 0 1 0 1	V0:+2 V1:+2 V2:+2 D05:+2 D07:+2 D15:+2 D17:+2 D25:+2 D27:+2
root-000029	1132	0	3.971002256640518e-09	2.9033534990285504e-15	3.971002256640518e-09	9	1 2 1 0 0 2 1 2 1	V1:+2 V5:+2 V7:+2 D13:+2 D14:+2 D35:-2 D37:-2 D45:-2 D47:-2
root-000029	1460	0	3.9799170146528e-09	3.9697325718939414e-09	3.9799170146528e-09	9	1 1 1 2 2 0 1 0 2	V3:+2 V4:+2 V8:+2 D35:+2 D37:+2 D45:+2 D47:+2 D58:-2 D78:-2
root-000029	2386	0	3.9821587056141855e-09	3.4284331979663948e-09	3.9821587056141855e-09	9	0 1 1 1 0 2 2 1 2	V5:+2 V6:+2 V8:+2 D05:-2 D06:-2 D08:-2 D45:-2 D46:-2 D48:-2
root-000029	1131	0	3.986989753189539e-09	2.9187950774935784e-15	3.986989753189539e-09	9	-1 -2 -1 0 0 -2 -1 -2 -1	V1:-2 V5:-2 V7:-2 D13:-2 D14:-2 D35:+2 D37:+2 D45:+2 D47:+2
root-000029	1442	0	3.997856801543189e-09	3.942908304812692e-09	3.997856801543189e-09	9	1 1 1 2 2 2 1 0 0	V3:+2 V4:+2 V5:+2 D37:+2 D38:+2 D47:+2 D48:+2 D57:+2 D58:+2
root-000029	2457	0	3.998385802457081e-09	3.998385802457081e-09	4.477804538971378e-10	9	0 0 -2 -2 -1 -1 -1 -2 -1	V2:-2 V3:-2 V7:-2 D02:+2 D03:+2 D07:+2 D12:+2 D13:+2 D17:+2
root-000029	995	0	4.019857692356355e-09	4.2672170799700545e-15	4.019857692356355e-09	9	-1 -2 -1 -2 -1 0 0 -1 -2	V1:-2 V3:-2 V8:-2 D15:-2 D16:-2 D35:-2 D36:-2 D58:+2 D68:+2
root-000029	1903	0	4.025160510893199e-09	3.945706008120917e-10	4.025160510893199e-09	9	-1 0 -1 0 -2 -2 -1 -2 -1	V4:-2 V5:-2 V7:-2 D14:+2 D15:+2 D17:+2 D34:+2 D35:+2 D37:+2
root-000029	1167	0	4.0320149593928906e-09	4.696946394085971e-12	4.0320149593928906e-09	9	-1 -2 0 -2 -1 0 -2 -1 -1	V1:-2 V3:-2 V6:-2 D12:-2 D15:-2 D23:+2 D26:+2 D35:-2 D56:+2
root-000029	2343	0	4.042867091281828e-09	2.5505803795526167e-11	4.042867091281828e-09	9	0 -1 -1 -2 0 -2 -1 -1 -2	V3:-2 V5:-2 V8:-2 D03:+2 D05:+2 D08:+2 D34:-2 D45:+2 D48:+2
root-000029	855	0	4.046954807996747e-09	5.398899354718349e-13	4.046954807996747e-09	9	-1 -2 -2 -2 0 -1 -1 0 -1	V1:-2 V2:-2 V3:-2 D14:-2 D17:-2 D24:-2 D27:-2 D34:-2 D37:-2
root-000029	1502	0	4.047778897863288e-09	1.2937955631438882e-09	4.047778897863288e-09	9	1 1 1 1 2 2 2 0 0	V4:+2 V5:+2 V6:+2 D47:+2 D48:+2 D57:+2 D58:+2 D67:+2 D68:+2
root-000029	1130	0	4.049346096865976e-09	2.154279068768339e-15	4.049346096865976e-09	9	1 2 1 0 0 2 2 1 1	V1:+2 V5:+2 V6:+2 D13:+2 D14:+2 D35:-2 D36:-2 D45:-2 D46:-2
root-000029	856	0	4.051577865635792e-09	5.421701055389492e-13	4.051577865635792e-09	9	1 2 2 2 0 1 1 0 1	V1:+2 V2:+2 V3:+2 D14:+2 D17:+2 D24:+2 D27:+2 D34:+2 D37:+2
root-000029	28	0	4.0806606203798845e-09	4.0806606203798845e-09	4.044805680076071e-09	9	2 2 2 0 1 0 1 1 1	V0:+2 V1:+2 V2:+2 D03:+2 D05:+2 D13:+2 D15:+2 D23:+2 D25:+2
root-000029	1228	0	4.131206649290226e-09	2.213528590666356e-12	4.131206649290226e-09	9	1 2 0 1 1 0 1 2 2	V1:+2 V7:+2 V8:+2 D12:+2 D15:+2 D27:-2 D28:-2 D57:-2 D58:-2
root-000029	952	0	4.136813830124068e-09	6.705888030275115e-11	4.136813830124068e-09	9	1 2 2 0 1 0 1 1 2	V1:+2 V2:+2 V8:+2 D13:+2 D15:+2 D23:+2 D25:+2 D38:-2 D58:-2
root-000029	2326	0	4.140782774123435e-09	1.5671216584071591e-09	4.140782774123435e-09	9	0 1 1 2 1 2 0 1 2	V3:+2 V5:+2 V8:+2 D03:-2 D05:-2 D08:-2 D36:+2 D56:+2 D68:-2
root-000029	2384	0	4.143666951489785e-09	9.646024135264592e-14	4.143666951489785e-09	9	0 1 1 1 0 2 2 2 1	V5:+2 V6:+2 V7:+2 D05:-2 D06:-2 D07:-2 D45:-2 D46:-2 D47:-2
root-000029	931	0	4.162414474505661e-09	6.257511989172524e-12	4.162414474505661e-09	9	-1 -2 -2 0 -1 -2 -1 0 -1	V1:-2 V2:-2 V5:-2 D13:-2 D17:-2 D23:-2 D27:-2 D35:+2 D57:-2
root-000029	955	0	4.162557940317149e-09	1.780263412239325e-15	4.162557940317149e-09	9	-1 -2 -2 0 0 -1 -2 -1 -1	V1:-2 V2:-2 V6:-2 D13:-2 D14:-2 D23:-2 D24:-2 D36:+2 D46:+2
root-000029	300	0	4.184246412802908e-09	2.7520254965382455e-13	4.184246412802908e-09	9	2 1 2 0 1 2 1 1 0	V0:+2 V2:+2 V5:+2 D03:+2 D08:+2 D23:+2 D28:+2 D35:-2 D58:+2
root-000029	934	0	4.211296607232201e-09	1.4446470437247061e-11	4.211296607232201e-09	9	1 2 2 0 1 2 0 1 1	V1:+2 V2:+2 V5:+2 D13:+2 D16:+2 D23:+2 D26:+2 D35:-2 D56:+2
root-000029	23	0	4.26019455616026e-09	4.26019455616026e-09	1.7645434351931929e-09	9	-2 -2 -2 0 -1 -1 -1 0 -1	V0:-2 V1:-2 V2:-2 D03:-2 D07:-2 D13:-2 D17:-2 D23:-2 D27:-2
root-000029	2048	0	4.2681302013575364e-09	6.126361053027772e-13	4.2681302013575364e-09	9	0 2 1 2 1 0 2 1 1	V1:+2 V3:+2 V6:+2 D01:-2 D03:-2 D06:-2 D15:+2 D35:+2 D56:-2
root-000029	775	0	4.315574411821662e-09	5.118423578687653e-13	4.315574411821662e-09	9	-2 0 -1 -1 -1 0 -2 -1 -2	V0:-2 V6:-2 V8:-2 D01:-2 D05:-2 D16:+2 D18:+2 D56:+2 D58:+2
root-000029	2256	0	4.321030138621091e-09	4.321030138621091e-09	2.2682262001552653e-09	9	0 1 2 1 1 0 2 1 2	V2:+2 V6:+2 V8:+2 D02:-2 D06:-2 D08:-2 D25:+2 D56:-2 D58:-2
root-000029	2232	0	4.36653024935678e-09	4.36653024935678e-09	2.153698068061556e-09	9	0 1 2 1 2 0 1 2 1	V2:+2 V4:+2 V7:+2 D02:-2 D04:-2 D07:-2 D25:+2 D45:+2 D57:-2
root-000029	1455	0	4.367737168682775e-09	3.5059332788891587e-09	4.367737168682775e-09	9	-1 -1 -1 -2 -2 0 -2 0 -1	V3:-2 V4:-2 V6:-2 D35:-2 D37:-2 D45:-2 D47:-2 D56:+2 D67:-2
root-000029	1019	0	4.379216711798562e-09	5.304772019979877e-15	4.379216711798562e-09	9	-1 -2 -1 -2 0 0 -1 -1 -2	V1:-2 V3:-2 V8:-2 D14:-2 D15:-2 D34:-2 D35:-2 D48:+2 D58:+2
root-000029	2478	0	4.3805833145515885e-09	4.3805833145515885e-09	1.5659962215863743e-10	9	0 0 2 1 1 1 2 1 2	V2:+2 V6:+2 V8:+2 D02:-2 D06:-2 D08:-2 D12:-2 D16:-2 D18:-2
root-000029	2468	0	4.409269832436991e-09	4.409269832436991e-09	1.1100802877404939e-10	9	0 0 2 1 2 1 1 1 2	V2:+2 V4:+2 V8:+2 D02:-2 D04:-2 D08:-2 D12:-2 D14:-2 D18:-2
root-000029	2197	0	4.431970898946108e-09	4.00787258136754e-14	4.431970898946108e-09	9	0 -1 -2 -2 -1 0 -2 -1 -1	V2:-2 V3:-2 V6:-2 D02:+2 D03:+2 D06:+2 D25:-2 D35:-2 D56:+2
root-000029	19	0	4.433758193092239e-09	4.433758193092239e-09	3.0870185863705673e-09	9	-2 -2 -2 -1 0 0 -1 -1 -1	V0:-2 V1:-2 V2:-2 D04:-2 D05:-2 D14:-2 D15:-2 D24:-2 D25:-2
root-000029	1689	0	4.446046474415074e-09	1.612370477404325e-12	4.446046474415074e-09	9	-1 0 -2 -2 -1 -2 -1 -1 0	V2:-2 V3:-2 V5:-2 D12:+2 D13:+2 D15:+2 D28:-2 D38:-2 D58:-2
root-000029	1135	0	4.456147768890744e-09	1.0294524878265748e-14	4.456147768890744e-09	9	-1 -2 -1 0 0 -1 -2 -2 -1	V1:-2 V6:-2 V7:-2 D13:-2 D14:-2 D36:+2 D37:+2 D46:+2 D47:+2
root-000029	2464	0	4.483735160931701e-09	4.896558510219024e-10	4.483735160931701e-09	9	0 0 2 1 2 1 2 1 1	V2:+2 V4:+2 V6:+2 D02:-2 D04:-2 D06:-2 D12:-2 D14:-2 D16:-2
root-000029	2466	0	4.500226413739483e-09	4.798944260061269e-10	4.500226413739483e-09	9	0 0 2 1 2 1 1 2 1	V2:+2 V4:+2 V7:+2 D02:-2 D04:-2 D07:-2 D12:-2 D14:-2 D17:-2
root-000029	2380	0	4.513057658865376e-09	7.288345812905831e-10	4.513057658865376e-09	9	0 1 1 1 1 2 0 2 2	V5:+2 V7:+2 V8:+2 D05:-2 D07:-2 D08:-2 D56:+2 D67:-2 D68:-2
root-000029	2477	0	4.54164261753931e-09	5.257842955948211e-10	4.54164261753931e-09	9	0 0 -2 -1 -1 -1 -2 -1 -2	V2:-2 V6:-2 V8:-2 D02:+2 D06:+2 D08:+2 D12:+2 D16:+2 D18:+2
root-000029	2356	0	4.554200659217592e-09	5.009713673140543e-10	4.554200659217592e-09	9	0 1 1 1 2 2 1 2 0	V4:+2 V5:+2 V7:+2 D04:-2 D05:-2 D07:-2 D48:+2 D58:+2 D78:+2
root-000029	2307	0	4.561413099136021e-09	2.979865411710118e-10	4.561413099136021e-09	9	0 -1 -1 -2 -2 -1 0 -1 -2	V3:-2 V4:-2 V8:-2 D03:+2 D04:+2 D08:+2 D36:-2 D46:-2 D68:+2
root-000029	660	0	4.61109445201377e-09	9.437509563716182e-14	4.61109445201377e-09	9	2 0 2 1 1 1 1 2 0	V0:+2 V2:+2 V7:+2 D01:+2 D08:+2 D12:-2 D17:-2 D28:+2 D78:+2
root-000029	1119	0	4.625297656951867e-09	1.3290315988915422e-13	4.625297656951867e-09	9	-1 -2 -1 0 -1 -1 -2 0 -2	V1:-2 V6:-2 V8:-2 D13:-2 D17:-2 D36:+2 D38:+2 D67:-2 D78:+2
root-000029	1614	0	4.655093223014948e-09	4.655093223014948e-09	3.816869242384369e-09	9	1 1 0 2 0 2 1 1 2	V3:+2 V5:+2 V8:+2 D23:-2 D25:-2 D28:-2 D34:+2 D45:-2 D48:-2
root-000029	1635	0	4.6606360976612785e-09	4.51233855282384e-09	4.6606360976612785e-09	9	-1 -1 0 -1 -2 -1 -2 0 -2	V4:-2 V6:-2 V8:-2 D24:+2 D26:+2 D28:+2 D47:-2 D67:-2 D78:+2
root-000029	845	0	4.695140335200883e-09	1.7703277721801364e-12	4.695140335200883e-09	9	-1 -2 -2 -2 -1 -1 0 0 -1	V1:-2 V2:-2 V3:-2 D16:-2 D17:-2 D26:-2 D27:-2 D36:-2 D37:-2
root-000029	1888	0	4.717647013028524e-09	1.3329578308149648e-09	4.717647013028524e-09	9	1 0 1 1 1 2 2 0 2	V5:+2 V6:+2 V8:+2 D15:-2 D16:-2 D18:-2 D57:+2 D67:+2 D78:-2
root-000029	2152	0	4.722165595832592e-09	2.8870017907908392e-09	4.722165595832592e-09	9	0 2 0 1 2 2 1 1 1	V1:+2 V4:+2 V5:+2 D01:-2 D04:-2 D05:-2 D12:+2 D24:-2 D25:-2
root-000029	2159	0	4.735988176319893e-09	2.8865828206874722e-09	4.735988176319893e-09	9	0 -2 0 -1 -1 -2 -2 -1 -1	V1:-2 V5:-2 V6:-2 D01:+2 D05:+2 D06:+2 D12:-2 D25:+2 D26:+2
root-000029	14	0	4.738084510959458e-09	4.738084510959458e-09	9.208647635931561e-10	9	2 2 2 1 0 1 1 1 0	V0:+2 V1:+2 V2:+2 D04:+2 D08:+2 D14:+2 D18:+2 D24:+2 D28:+2
root-000029	1065	0	4.7526754901387345e-09	1.0741421355687721e-12	4.7526754901387345e-09	9	-1 -2 -1 -1 0 -2 0 -2 -1	V1:-2 V5:-2 V7:-2 D14:-2 D16:-2 D45:+2 D47:+2 D56:-2 D67:+2
root-000029	1804	0	4.77794294403068e-09	1.8424972915638732e-09	4.77794294403068e-09	9	1 0 1 2 2 2 1 0 1	V3:+2 V4:+2 V5:+2 D13:-2 D14:-2 D15:-2 D37:+2 D47:+2 D57:+2
root-000029	1832	0	4.784840430211e-09	2.490931859983003e-09	4.784840430211e-09	9	1 0 1 2 1 2 1 0 2	V3:+2 V5:+2 V8:+2 D13:-2 D15:-2 D18:-2 D37:+2 D57:+2 D78:-2
root-000029	2294	0	4.841754062242091e-09	1.2130259926752998e-09	4.841754062242091e-09	9	0 1 1 2 2 2 1 0 1	V3:+2 V4:+2 V5:+2 D03:-2 D04:-2 D05:-2 D37:+2 D47:+2 D57:+2
root-000029	1519	0	4.878855805598111e-09	4.729865328383791e-13	4.878855805598111e-09	9	-1 -1 -1 -1 0 0 -2 -2 -2	V6:-2 V7:-2 V8:-2 D46:+2 D47:+2 D48:+2 D56:+2 D57:+2 D58:+2
root-000029	1655	0	4.922630472081298e-09	4.684545693595486e-09	4.922630472081298e-09	9	-1 -1 0 -1 0 -2 -2 -1 -2	V5:-2 V6:-2 V8:-2 D25:+2 D26:+2 D28:+2 D45:+2 D46:+2 D48:+2
root-000029	751	0	4.9441113815444824e-09	1.0445444535319904e-12	4.9441113815444824e-09	9	-2 0 -1 -1 -2 0 -1 -2 -1	V0:-2 V4:-2 V7:-2 D01:-2 D05:-2 D14:+2 D17:+2 D45:-2 D57:+2
root-000029	2317	0	4.951378070044481e-09	4.951378070044481e-09	2.5447265883577798e-09	9	0 -1 -1 -2 -1 -2 -2 0 -1	V3:-2 V5:-2 V6:-2 D03:+2 D05:+2 D06:+2 D37:-2 D57:-2 D67:-2
root-000029	1062	0	4.994013483329115e-09	4.5622416915543275e-12	4.994013483329115e-09	9	1 2 1 1 0 2 1 2 0	V1:+2 V5:+2 V7:+2 D14:+2 D18:+2 D45:-2 D47:-2 D58:+2 D78:+2
root-000029	1490	0	5.033004037498073e-09	8.276490828322987e-13	5.033004037498073e-09	9	1 1 1 2 0 1 2 2 0	V3:+2 V6:+2 V7:+2 D34:+2 D38:+2 D46:-2 D47:-2 D68:+2 D78:+2
root-000029	1493	0	5.033580551375418e-09	3.8184865881853204e-10	5.033580551375418e-09	9	-1 -1 -1 -2 0 -1 0 -2 -2	V3:-2 V7:-2 V8:-2 D34:-2 D36:-2 D47:+2 D48:+2 D67:+2 D68:+2
root-000029	1044	0	5.035087180007994e-09	2.371110997328578e-12	5.035087180007994e-09	9	1 2 1 1 2 0 0 1 2	V1:+2 V4:+2 V8:+2 D15:+2 D16:+2 D45:+2 D46:+2 D58:-2 D68:-2
root-000029	595	0	5.071481121653284e-09	5.071481121653284e-09	3.963896537123274e-09	9	-2 -1 0 -1 -1 0 -2 -1 -2	V0:-2 V6:-2 V8:-2 D02:-2 D05:-2 D26:+2 D28:+2 D56:+2 D58:+2
root-000029	5	0	5.072450879006235e-09	5.072450879006235e-09	9.088511653402892e-10	9	-2 -2 -2 -1 -1 -1 0 0 -1	V0:-2 V1:-2 V2:-2 D06:-2 D07:-2 D16:-2 D17:-2 D26:-2 D27:-2
root-000029	2392	0	5.076073387830643e-09	1.937329725041544e-09	5.076073387830643e-09	9	0 1 1 0 2 2 2 1 1	V4:+2 V5:+2 V6:+2 D04:-2 D05:-2 D06:-2 D34:-2 D35:-2 D36:-2
root-000029	1020	0	5.086080559719159e-09	1.3135574439739073e-14	5.086080559719159e-09	9	1 2 1 2 0 0 1 1 2	V1:+2 V3:+2 V8:+2 D14:+2 D15:+2 D34:+2 D35:+2 D48:-2 D58:-2
root-000029	2157	0	5.095541687945149e-09	5.095541687945149e-09	1.5533955040978323e-09	9	0 -2 0 -1 -2 -1 -1 -1 -2	V1:-2 V4:-2 V8:-2 D01:+2 D04:+2 D08:+2 D12:-2 D24:+2 D28:+2
root-000029	1441	0	5.099639964027913e-09	5.099639964027913e-09	3.3881118209532355e-09	9	-1 -1 -1 -2 -2 -2 -1 0 0	V3:-2 V4:-2 V5:-2 D37:-2 D38:-2 D47:-2 D48:-2 D57:-2 D58:-2
root-000029	1896	0	5.11111494877067e-09	5.11111494877067e-09	5.064514000296498e-09	9	1 0 1 1 0 2 2 1 2	V5:+2 V6:+2 V8:+2 D15:-2 D16:-2 D18:-2 D45:-2 D46:-2 D48:-2
root-000029	1260	0	5.13333460506318e-09	2.219666031429331e-14	5.13333460506318e-09	9	1 2 0 0 1 1 1 2 2	V1:+2 V7:+2 V8:+2 D12:+2 D13:+2 D27:-2 D28:-2 D37:-2 D38:-2
root-000029	24	0	5.1516868508452444e-09	5.1516868508452444e-09	1.0539040839608173e-09	9	2 2 2 0 1 1 1 0 1	V0:+2 V1:+2 V2:+2 D03:+2 D07:+2 D13:+2 D17:+2 D23:+2 D27:+2
root-000029	1257	0	5.185622518488358e-09	1.6034088867861014e-10	5.185622518488358e-09	9	-1 -2 0 0 -1 -1 -2 -1 -2	V1:-2 V6:-2 V8:-2 D12:-2 D13:-2 D26:+2 D28:+2 D36:+2 D38:+2
root-000029	1523	0	5.22668687409975e-09	5.014118782291885e-09	5.22668687409975e-09	9	-1 -1 -1 0 -2 -2 -2 0 -1	V4:-2 V5:-2 V6:-2 D34:+2 D35:+2 D36:+2 D47:-2 D57:-2 D67:-2
root-000029	1193	0	5.260036066242907e-09	1.760155414411472e-14	5.260036066242907e-09	9	-1 -2 0 -1 -2 -1 -1 0 -2	V1:-2 V4:-2 V8:-2 D12:-2 D17:-2 D24:+2 D28:+2 D47:-2 D78:+2
root-000029	1828	0	5.262652889489012e-09	4.5289409097615186e-10	5.262652889489012e-09	9	1 0 1 2 1 2 2 0 1	V3:+2 V5:+2 V6:+2 D13:-2 D15:-2 D16:-2 D37:+2 D57:+2 D67:+2
root-000029	1487	0	5.27371506151685e-09	2.7421535763650974e-09	5.27371506151685e-09	9	-1 -1 -1 -2 0 -2 0 -1 -2	V3:-2 V5:-2 V8:-2 D34:-2 D36:-2 D45:+2 D48:+2 D56:-2 D68:+2
root-000029	8	0	5.300695580466022e-09	3.152594466374075e-10	5.300695580466022e-09	9	2 2 2 1 1 0 1 1 0	V0:+2 V1:+2 V2:+2 D05:+2 D08:+2 D15:+2 D18:+2 D25:+2 D28:+2
root-000029	1817	0	5.301597073045756e-09	1.9781009506957553e-10	5.301597073045756e-09	9	-1 0 -1 -2 -2 -1 0 -1 -2	V3:-2 V4:-2 V8:-2 D13:+2 D14:+2 D18:+2 D36:-2 D46:-2 D68:+2
root-000029	2073	0	5.323550525995348e-09	1.902835962020355e-14	5.323550525995348e-09	9	0 -2 -1 -1 -2 -1 -1 0 -2	V1:-2 V4:-2 V8:-2 D01:+2 D04:+2 D08:+2 D17:-2 D47:-2 D78:+2
root-000029	975	0	5.3315678464265e-09	5.763509865459985e-10	5.3315678464265e-09	9	-1 -2 -1 -2 -1 -2 0 -1 0	V1:-2 V3:-2 V5:-2 D16:-2 D18:-2 D36:-2 D38:-2 D56:-2 D58:-2
root-000029	1446	0	5.3442412251104924e-09	4.877349620769288e-09	5.3442412251104924e-09	9	1 1 1 2 2 2 0 0 1	V3:+2 V4:+2 V5:+2 D36:+2 D37:+2 D46:+2 D47:+2 D56:+2 D57:+2
root-000029	16	0	5.362739899743132e-09	5.362739899743132e-09	8.953372580314224e-10	9	2 2 2 1 0 1 1 0 1	V0:+2 V1:+2 V2:+2 D04:+2 D07:+2 D14:+2 D17:+2 D24:+2 D27:+2
root-000029	1470	0	5.39108700182923e-09	4.476831347094441e-10	5.39108700182923e-09	9	1 1 1 2 1 2 0 0 2	V3:+2 V5:+2 V8:+2 D36:+2 D37:+2 D56:+2 D57:+2 D68:-2 D78:-2
root-000029	1443	0	5.405402298206777e-09	5.405402298206777e-09	4.006514269763948e-09	9	-1 -1 -1 -2 -2 -2 0 -1 0	V3:-2 V4:-2 V5:-2 D36:-2 D38:-2 D46:-2 D48:-2 D56:-2 D58:-2
root-000029	1201	0	5.409464242841442e-09	1.704173759834973e-11	5.409464242841442e-09	9	-1 -2 0 -1 -2 0 -1 -2 -1	V1:-2 V4:-2 V7:-2 D12:-2 D15:-2 D24:+2 D27:+2 D45:-2 D57:+2
root-000029	2293	0	5.412514043188153e-09	2.5027607579970436e-09	5.412514043188153e-09	9	0 -1 -1 -2 -2 -2 -1 0 -1	V3:-2 V4:-2 V5:-2 D03:+2 D04:+2 D05:+2 D37:-2 D47:-2 D57:-2
root-000029	1473	0	5.429840637907095e-09	9.33262397388452e-10	5.429840637907095e-09	9	-1 -1 -1 -2 -1 0 -2 0 -2	V3:-2 V6:-2 V8:-2 D35:-2 D37:-2 D56:+2 D58:+2 D67:-2 D78:+2
root-000029	1258	0	5.433579853189423e-09	3.433138867954188e-11	5.433579853189423e-09	9	1 2 0 0 1 1 2 1 2	V1:+2 V6:+2 V8:+2 D12:+2 D13:+2 D26:-2 D28:-2 D36:-2 D38:-2
root-000029	1859	0	5.46052968660767e-09	2.2792777416419362e-10	5.46052968660767e-09	9	-1 0 -1 -2 0 -1 -1 -2 -2	V3:-2 V7:-2 V8:-2 D13:+2 D17:+2 D18:+2 D34:-2 D47:+2 D48:+2
root-000029	2	0	5.497746464050302e-09	5.497746464050302e-09	8.957505524216565e-10	9	2 2 2 1 1 1 1 0 0	V0:+2 V1:+2 V2:+2 D07:+2 D08:+2 D17:+2 D18:+2 D27:+2 D28:+2
root-000029	662	0	5.518005970683851e-09	4.378067787353605e-12	5.518005970683851e-09	9	2 0 2 1 1 1 1 0 2	V0:+2 V2:+2 V8:+2 D01:+2 D07:+2 D12:-2 D18:-2 D27:+2 D78:-2
root-000029	822	0	5.532215135224428e-09	1.761493329203633e-09	5.532215135224428e-09	9	2 0 0 1 2 2 1 1 1	V0:+2 V4:+2 V5:+2 D01:+2 D02:+2 D14:-2 D15:-2 D24:-2 D25:-2
root-000029	1524	0	5.537118171966293e-09	5.537118171966293e-09	4.979136104516532e-09	9	1 1 1 0 2 2 2 0 1	V4:+2 V5:+2 V6:+2 D34:-2 D35:-2 D36:-2 D47:+2 D57:+2 D67:+2
root-000029	821	0	5.538005684013725e-09	1.7376376342710679e-09	5.538005684013725e-09	9	-2 0 0 -1 -2 -2 -1 -1 -1	V0:-2 V4:-2 V5:-2 D01:-2 D02:-2 D14:+2 D15:+2 D24:+2 D25:+2
root-000029	830	0	5.558769242681967e-09	1.7564926544795724e-09	5.558769242681967e-09	9	2 0 0 1 1 2 2 1 1	V0:+2 V5:+2 V6:+2 D01:+2 D02:+2 D15:-2 D16:-2 D25:-2 D26:-2
root-000029	829	0	5.562568102224333e-09	1.7428662345107697e-09	5.562568102224333e-09	9	-2 0 0 -1 -1 -2 -2 -1 -1	V0:-2 V5:-2 V6:-2 D01:-2 D02:-2 D15:+2 D16:+2 D25:+2 D26:+2
root-000029	2093	0	5.56926777304907e-09	3.494426737349037e-16	5.56926777304907e-09	9	0 -2 -1 -1 -1 -2 0 -2 -1	V1:-2 V5:-2 V7:-2 D01:+2 D05:+2 D07:+2 D16:-2 D56:-2 D67:+2
root-000029	832	0	5.581216117346295e-09	1.725341310831008e-09	5.581216117346295e-09	9	2 0 0 1 1 2 1 2 1	V0:+2 V5:+2 V7:+2 D01:+2 D02:+2 D15:-2 D17:-2 D25:-2 D27:-2
root-000029	936	0	5.5850023037712446e-09	5.788591330165679e-15	5.5850023037712446e-09	9	1 2 2 0 1 1 2 1 0	V1:+2 V2:+2 V6:+2 D13:+2 D18:+2 D23:+2 D28:+2 D36:-2 D68:+2
root-000029	1200	0	5.610713732334099e-09	6.311176535353475e-11	5.610713732334099e-09	9	1 2 0 1 2 0 2 1 1	V1:+2 V4:+2 V6:+2 D12:+2 D15:+2 D24:-2 D26:-2 D45:+2 D56:-2
root-000029	318	0	5.618364285724239e-09	1.6621239056223986e-09	5.618364285724239e-09	9	2 1 2 0 1 0 2 1 1	V0:+2 V2:+2 V6:+2 D03:+2 D05:+2 D23:+2 D25:+2 D36:-2 D56:-2
root-000029	1456	0	5.62346635450377e-09	5.62346635450377e-09	3.7104838500561964e-09	9	1 1 1 2 2 0 2 0 1	V3:+2 V4:+2 V6:+2 D35:+2 D37:+2 D45:+2 D47:+2 D56:-2 D67:+2
root-000029	1459	0	5.6352691832686346e-09	1.188219563821803e-09	5.6352691832686346e-09	9	-1 -1 -1 -2 -2 0 -1 0 -2	V3:-2 V4:-2 V8:-2 D35:-2 D37:-2 D45:-2 D47:-2 D58:+2 D78:+2
root-000029	1533	0	5.6486634242290615e-09	1.9145502689057496e-09	5.6486634242290615e-09	9	-1 -1 -1 0 -2 -1 -2 -2 0	V4:-2 V6:-2 V7:-2 D34:+2 D36:+2 D37:+2 D48:-2 D68:-2 D78:-2
root-000029	1619	0	5.7413109718082436e-09	2.913269447554505e-10	5.7413109718082436e-09	9	-1 -1 0 -2 0 -1 -1 -2 -2	V3:-2 V7:-2 V8:-2 D23:+2 D27:+2 D28:+2 D34:-2 D47:+2 D48:+2
root-000029	1454	0	5.741552748883602e-09	1.9468747120676955e-09	5.741552748883602e-09	9	1 1 1 2 2 0 2 1 0	V3:+2 V4:+2 V6:+2 D35:+2 D38:+2 D45:+2 D48:+2 D56:-2 D68:+2
root-000029	2469	0	5.747895268919828e-09	3.0676399685851575e-10	5.747895268919828e-09	9	0 0 -2 -1 -1 -2 -2 -1 -1	V2:-2 V5:-2 V6:-2 D02:+2 D05:+2 D06:+2 D12:+2 D15:+2 D16:+2
root-000029	1485	0	5.777017404458201e-09	7.761623932849576e-10	5.777017404458201e-09	9	-1 -1 -1 -2 0 -2 0 -2 -1	V3:-2 V5:-2 V7:-2 D34:-2 D36:-2 D45:+2 D47:+2 D56:-2 D67:+2
root-000029	833	0	5.8307253552358535e-09	2.4785374940128196e-09	5.8307253552358535e-09	9	-2 0 0 -1 -1 -2 -1 -1 -2	V0:-2 V5:-2 V8:-2 D01:-2 D02:-2 D15:+2 D18:+2 D25:+2 D28:+2
root-000029	30	0	5.844040527427201e-09	5.844040527427201e-09	1.1551062609552605e-09	9	2 2 2 0 0 1 1 1 1	V0:+2 V1:+2 V2:+2 D03:+2 D04:+2 D13:+2 D14:+2 D23:+2 D24:+2
root-000029	594	0	5.903161849472983e-09	1.4005045720323065e-10	5.903161849472983e-09	9	2 1 0 1 1 0 2 2 1	V0:+2 V6:+2 V7:+2 D02:+2 D05:+2 D26:-2 D27:-2 D56:-2 D57:-2
root-000029	1483	0	5.926231783970061e-09	5.07956542158671e-10	5.926231783970061e-09	9	-1 -1 -1 -2 0 -2 -1 0 -2	V3:-2 V5:-2 V8:-2 D34:-2 D37:-2 D45:+2 D48:+2 D57:-2 D78:+2
root-000029	948	0	5.941914883791233e-09	1.1631079389545585e-09	5.941914883791233e-09	9	1 2 2 0 1 0 2 1 1	V1:+2 V2:+2 V6:+2 D13:+2 D15:+2 D23:+2 D25:+2 D36:-2 D56:-2
root-000029	1527	0	5.990742964125201e-09	8.611658297497576e-10	5.990742964125201e-09	9	-1 -1 -1 0 -2 -2 -1 0 -2	V4:-2 V5:-2 V8:-2 D34:+2 D35:+2 D38:+2 D47:-2 D57:-2 D78:+2
root-000029	122	0	5.999381957547247e-09	5.25175017649748e-13	5.999381957547247e-09	9	2 2 1 0 1 2 1 0 1	V0:+2 V1:+2 V5:+2 D03:+2 D07:+2 D13:+2 D17:+2 D35:-2 D57:+2
root-000029	2470	0	6.001651329322791e-09	4.715755420745161e-10	6.001651329322791e-09	9	0 0 2 1 1 2 2 1 1	V2:+2 V5:+2 V6:+2 D02:-2 D05:-2 D06:-2 D12:-2 D15:-2 D16:-2
root-000029	1588	0	6.007464228415561e-09	6.353764771414518e-10	6.007464228415561e-09	9	1 1 0 2 1 2 2 0 1	V3:+2 V5:+2 V6:+2 D23:-2 D25:-2 D26:-2 D37:+2 D57:+2 D67:+2
root-000029	2471	0	6.025173009618239e-09	4.799273085385446e-10	6.025173009618239e-09	9	0 0 -2 -1 -1 -2 -1 -2 -1	V2:-2 V5:-2 V7:-2 D02:+2 D05:+2 D07:+2 D12:+2 D15:+2 D17:+2
root-000029	1545	0	6.056006624841071e-09	3.6591274705204265e-09	6.056006624841071e-09	9	-1 -1 -1 0 -1 -2 -2 -2 0	V5:-2 V6:-2 V7:-2 D35:+2 D36:+2 D37:+2 D58:-2 D68:-2 D78:-2
root-000029	2308	0	6.0627870328209064e-09	2.4424565194717998e-09	6.0627870328209064e-09	9	0 1 1 2 2 1 0 1 2	V3:+2 V4:+2 V8:+2 D03:-2 D04:-2 D08:-2 D36:+2 D46:+2 D68:-2
root-000029	733	0	6.154983317478976e-09	1.867638467309391e-15	6.154983317478976e-09	9	-2 0 -1 -1 -2 -2 -1 0 -1	V0:-2 V4:-2 V5:-2 D01:-2 D07:-2 D14:+2 D15:+2 D47:-2 D57:-2
root-000029	813	0	6.17970779681005e-09	2.4554336426141924e-09	6.17970779681005e-09	9	-2 0 0 -2 -1 -2 -1 -1 -1	V0:-2 V3:-2 V5:-2 D01:-2 D02:-2 D13:+2 D15:+2 D23:+2 D25:+2
root-000029	109	0	6.195532990024531e-09	1.793893719343601e-13	6.195532990024531e-09	9	-2 -2 -1 -1 0 0 -1 -1 -2	V0:-2 V1:-2 V8:-2 D04:-2 D05:-2 D14:-2 D15:-2 D48:+2 D58:+2
root-000029	139	0	6.198534453821637e-09	1.815135233728041e-09	6.198534453821637e-09	9	-2 -2 -1 0 -1 0 -1 -2 -1	V0:-2 V1:-2 V7:-2 D03:-2 D05:-2 D13:-2 D15:-2 D37:+2 D57:+2
root-000029	2379	0	6.2671053216318e-09	5.37930752721958e-10	6.2671053216318e-09	9	0 -1 -1 -1 -1 -2 0 -2 -2	V5:-2 V7:-2 V8:-2 D05:+2 D07:+2 D08:+2 D56:-2 D67:+2 D68:+2
root-000029	1403	0	6.267482181207281e-09	1.5058743411150932e-09	6.267482181207281e-09	9	-1 -1 -2 0 -2 0 -1 -1 -2	V2:-2 V4:-2 V8:-2 D23:-2 D25:-2 D34:+2 D38:+2 D45:-2 D58:+2
root-000029	297	0	6.292485137655983e-09	1.5489875654447178e-09	6.292485137655983e-09	9	-2 -1 -2 0 -2 0 -1 -1 -1	V0:-2 V2:-2 V4:-2 D03:-2 D05:-2 D23:-2 D25:-2 D34:+2 D45:-2
root-000029	1811	0	6.297174088059275e-09	6.297174088059275e-09	5.4000427746619515e-09	9	-1 0 -1 -2 -2 -1 -1 -2 0	V3:-2 V4:-2 V7:-2 D13:+2 D14:+2 D17:+2 D38:-2 D48:-2 D78:-2
root-000029	823	0	6.327367962910557e-09	1.3324803592175757e-09	6.327367962910557e-09	9	-2 0 0 -1 -2 -1 -2 -1 -1	V0:-2 V4:-2 V6:-2 D01:-2 D02:-2 D14:+2 D16:+2 D24:+2 D26:+2
root-000029	2454	0	6.35336695439192e-09	5.387819966275964e-10	6.35336695439192e-09	9	0 0 2 2 1 2 1 1 1	V2:+2 V3:+2 V5:+2 D02:-2 D03:-2 D05:-2 D12:-2 D13:-2 D15:-2
root-000029	2365	0	6.357911261614007e-09	6.357911261614007e-09	3.0514397406843042e-09	9	0 -1 -1 -1 -2 -1 -2 0 -2	V4:-2 V6:-2 V8:-2 D04:+2 D06:+2 D08:+2 D47:-2 D67:-2 D78:+2
root-000029	2453	0	6.360132008962735e-09	5.271573339443668e-10	6.360132008962735e-09	9	0 0 -2 -2 -1 -2 -1 -1 -1	V2:-2 V3:-2 V5:-2 D02:+2 D03:+2 D05:+2 D12:+2 D13:+2 D15:+2
root-000029	836	0	6.362996796127618e-09	1.3058456035250401e-09	6.362996796127618e-09	9	2 0 0 1 1 1 2 2 1	V0:+2 V6:+2 V7:+2 D01:+2 D02:+2 D16:-2 D17:-2 D26:-2 D27:-2
root-000029	835	0	6.370174165937215e-09	1.3109826806895625e-09	6.370174165937215e-09	9	-2 0 0 -1 -1 -1 -2 -2 -1	V0:-2 V6:-2 V7:-2 D01:-2 D02:-2 D16:+2 D17:+2 D26:+2 D27:+2
root-000029	1873	0	6.381367943940363e-09	4.324424161744679e-11	6.381367943940363e-09	9	-1 0 -1 -1 -2 -1 -2 -2 0	V4:-2 V6:-2 V7:-2 D14:+2 D16:+2 D17:+2 D48:-2 D68:-2 D78:-2
root-000029	1039	0	6.384069370873136e-09	1.655255340480637e-11	6.384069370873136e-09	9	-1 -2 -1 -1 -2 0 -1 0 -2	V1:-2 V4:-2 V8:-2 D15:-2 D17:-2 D45:-2 D47:-2 D58:+2 D78:+2
root-000029	2332	0	6.3950941879006495e-09	3.975593845382313e-11	6.3950941879006495e-09	9	0 1 1 2 1 1 0 2 2	V3:+2 V7:+2 V8:+2 D03:-2 D07:-2 D08:-2 D36:+2 D67:-2 D68:-2
root-000029	1425	0	6.3953926271295006e-09	1.2835812448024268e-09	6.3953926271295006e-09	9	-1 -1 -2 0 -1 0 -2 -1 -2	V2:-2 V6:-2 V8:-2 D23:-2 D25:-2 D36:+2 D38:+2 D56:+2 D58:+2
root-000029	1427	0	6.407998371156344e-09	1.9540769572030935e-09	6.407998371156344e-09	9	-1 -1 -2 0 -1 0 -1 -2 -2	V2:-2 V7:-2 V8:-2 D23:-2 D25:-2 D37:+2 D38:+2 D57:+2 D58:+2
root-000029	188	0	6.418218496816662e-09	8.65232982398184e-10	6.418218496816662e-09	9	2 2 0 1 1 0 2 1 1	V0:+2 V1:+2 V6:+2 D02:+2 D05:+2 D12:+2 D15:+2 D26:-2 D56:-2
root-000029	878	0	6.419101445930443e-09	1.2549235746929943e-10	6.419101445930443e-09	9	1 2 2 1 1 2 0 0 1	V1:+2 V2:+2 V5:+2 D16:+2 D17:+2 D26:+2 D27:+2 D56:+2 D57:+2
root-000029	1525	0	6.541799838280204e-09	4.870711668370121e-10	6.541799838280204e-09	9	-1 -1 -1 0 -2 -2 -1 -2 0	V4:-2 V5:-2 V7:-2 D34:+2 D35:+2 D37:+2 D48:-2 D58:-2 D78:-2
root-000029	497	0	6.546026551518133e-09	1.9770410262205715e-09	6.546026551518133e-09	9	-2 -1 -1 0 -1 0 -1 -2 -2	V0:-2 V7:-2 V8:-2 D03:-2 D05:-2 D37:+2 D38:+2 D57:+2 D58:+2
root-000029	1248	0	6.562972691504154e-09	5.7416340952927544e-09	6.562972691504154e-09	9	1 2 0 0 2 1 1 1 2	V1:+2 V4:+2 V8:+2 D12:+2 D13:+2 D24:-2 D28:-2 D34:-2 D38:-2
root-000029	1546	0	6.5746044981306105e-09	3.6223312146375857e-09	6.5746044981306105e-09	9	1 1 1 0 1 2 2 2 0	V5:+2 V6:+2 V7:+2 D35:-2 D36:-2 D37:-2 D58:+2 D68:+2 D78:+2
root-000029	1474	0	6.609417883574617e-09	1.0628217265146047e-09	6.609417883574617e-09	9	1 1 1 2 1 0 2 0 2	V3:+2 V6:+2 V8:+2 D35:+2 D37:+2 D56:-2 D58:-2 D67:+2 D78:-2
root-000029	191	0	6.615898654978535e-09	5.193936052065023e-10	6.615898654978535e-09	9	-2 -2 0 -1 -1 0 -1 -1 -2	V0:-2 V1:-2 V8:-2 D02:-2 D05:-2 D12:-2 D15:-2 D28:+2 D58:+2
root-000029	1075	0	6.6605191668236565e-09	1.0081773988812352e-14	6.6605191668236565e-09	9	-1 -2 -1 -1 0 0 -2 -2 -1	V1:-2 V6:-2 V7:-2 D14:-2 D15:-2 D46:+2 D47:+2 D56:+2 D57:+2
root-000029	997	0	6.667886534649492e-09	6.667886534649492e-09	3.254498372649118e-09	9	-1 -2 -1 -2 0 -2 -1 -1 0	V1:-2 V3:-2 V5:-2 D14:-2 D18:-2 D34:-2 D38:-2 D45:+2 D58:-2
root-000029	2081	0	6.673096014406866e-09	1.435725241496547e-09	6.673096014406866e-09	9	0 -2 -1 -1 -2 0 -1 -2 -1	V1:-2 V4:-2 V7:-2 D01:+2 D04:+2 D07:+2 D15:-2 D45:-2 D57:+2
root-000029	812	0	6.6952772215245204e-09	1.2883222763427179e-09	6.6952772215245204e-09	9	2 0 0 2 2 1 1 1 1	V0:+2 V3:+2 V4:+2 D01:+2 D02:+2 D13:-2 D14:-2 D23:-2 D24:-2
root-000029	893	0	6.708299656242173e-09	1.4081588449940128e-09	6.708299656242173e-09	9	-1 -2 -2 -1 -1 0 0 -2 -1	V1:-2 V2:-2 V7:-2 D15:-2 D16:-2 D25:-2 D26:-2 D57:+2 D67:+2
root-000029	818	0	6.7155450089728674e-09	1.2292671776654894e-09	6.7155450089728674e-09	9	2 0 0 2 1 1 1 2 1	V0:+2 V3:+2 V7:+2 D01:+2 D02:+2 D13:-2 D17:-2 D23:-2 D27:-2
root-000029	2104	0	6.73032515352755e-09	1.4242652200647628e-09	6.73032515352755e-09	9	0 2 1 1 1 0 2 2 1	V1:+2 V6:+2 V7:+2 D01:-2 D06:-2 D07:-2 D15:+2 D56:-2 D57:-2
root-000029	1566	0	6.733706709195488e-09	2.9834055831196756e-09	6.733706709195488e-09	9	1 1 0 2 2 2 0 1 1	V3:+2 V4:+2 V5:+2 D23:-2 D24:-2 D25:-2 D36:+2 D46:+2 D56:+2
root-000029	1004	0	6.7430609970345434e-09	6.331655438416317e-13	6.7430609970345434e-09	9	1 2 1 2 0 1 2 1 0	V1:+2 V3:+2 V6:+2 D14:+2 D18:+2 D34:+2 D38:+2 D46:-2 D68:+2
root-000029	1511	0	6.757653231639052e-09	2.2681690260114623e-10	6.757653231639052e-09	9	-1 -1 -1 -1 -2 0 0 -2 -2	V4:-2 V7:-2 V8:-2 D45:-2 D46:-2 D57:+2 D58:+2 D67:+2 D68:+2
root-000029	1514	0	6.770954491007109e-09	7.646519894949585e-14	6.770954491007109e-09	9	1 1 1 1 0 2 2 2 0	V5:+2 V6:+2 V7:+2 D45:-2 D46:-2 D47:-2 D58:+2 D68:+2 D78:+2
root-000029	1040	0	6.787372291216299e-09	3.2533365303047258e-12	6.787372291216299e-09	9	1 2 1 1 2 0 1 0 2	V1:+2 V4:+2 V8:+2 D15:+2 D17:+2 D45:+2 D47:+2 D58:-2 D78:-2
root-000029	2124	0	6.789035909955203e-09	1.554864896485273e-13	6.789035909955203e-09	9	0 2 1 0 2 1 2 1 1	V1:+2 V4:+2 V6:+2 D01:-2 D04:-2 D06:-2 D13:+2 D34:-2 D36:-2
root-000029	1451	0	6.848017770811516e-09	6.848017770811516e-09	5.88353756522182e-09	9	-1 -1 -1 -2 -2 -1 0 0 -2	V3:-2 V4:-2 V8:-2 D36:-2 D37:-2 D46:-2 D47:-2 D68:+2 D78:+2
root-000029	1404	0	6.852065288977954e-09	1.753461423302245e-09	6.852065288977954e-09	9	1 1 2 0 2 0 1 1 2	V2:+2 V4:+2 V8:+2 D23:+2 D25:+2 D34:-2 D38:-2 D45:+2 D58:-2
root-000029	2106	0	6.85965346030667e-09	6.0414871203795605e-09	6.85965346030667e-09	9	0 2 1 1 1 0 2 1 2	V1:+2 V6:+2 V8:+2 D01:-2 D06:-2 D08:-2 D15:+2 D56:-2 D58:-2
root-000029	1097	0	6.864214984148083e-09	1.2590064401410244e-12	6.864214984148083e-09	9	-1 -2 -1 0 -2 -1 0 -1 -2	V1:-2 V4:-2 V8:-2 D13:-2 D16:-2 D34:+2 D38:+2 D46:-2 D68:+2
root-000029	84	0	6.865012863063912e-09	1.466571054456636e-09	6.865012863063912e-09	9	2 2 1 1 1 0 0 2 1	V0:+2 V1:+2 V7:+2 D05:+2 D06:+2 D15:+2 D16:+2 D57:-2 D67:-2
root-000029	89	0	6.869543946978856e-09	5.074840978338716e-09	6.869543946978856e-09	9	-2 -2 -1 -1 0 -2 -1 0 -1	V0:-2 V1:-2 V5:-2 D04:-2 D07:-2 D14:-2 D17:-2 D45:+2 D57:-2
root-000029	63	0	6.888023296561858e-09	4.861646154766699e-09	6.888023296561858e-09	9	-2 -2 -1 -1 -1 -2 -1 0 0	V0:-2 V1:-2 V5:-2 D07:-2 D08:-2 D17:-2 D18:-2 D57:-2 D58:-2
root-000029	1099	0	6.891021236127827e-09	6.425087524820629e-10	6.891021236127827e-09	9	-1 -2 -1 0 -2 0 -2 -1 -1	V1:-2 V4:-2 V6:-2 D13:-2 D15:-2 D34:+2 D36:+2 D45:-2 D56:+2
root-000029	1428	0	6.900852783502944e-09	1.7117306699818572e-09	6.900852783502944e-09	9	1 1 2 0 1 0 1 2 2	V2:+2 V7:+2 V8:+2 D23:+2 D25:+2 D37:-2 D38:-2 D57:-2 D58:-2
root-000029	797	0	6.903877373618263e-09	2.6553577048145248e-11	6.903877373618263e-09	9	-2 0 -1 0 -2 -1 -1 -1 -2	V0:-2 V4:-2 V8:-2 D01:-2 D03:-2 D14:+2 D18:+2 D34:+2 D38:+2
root-000029	1202	0	6.906376345789484e-09	1.997737809423122e-09	6.906376345789484e-09	9	1 2 0 1 2 0 1 2 1	V1:+2 V4:+2 V7:+2 D12:+2 D15:+2 D24:-2 D27:-2 D45:+2 D57:-2
root-000029	204	0	6.928954302187816e-09	1.321453619917051e-12	6.928954302187816e-09	9	2 2 0 0 1 2 1 1 1	V0:+2 V1:+2 V5:+2 D02:+2 D03:+2 D12:+2 D13:+2 D25:-2 D35:-2
root-000029	262	0	6.941844604578713e-09	1.8270694342640541e-09	6.941844604578713e-09	9	2 1 2 1 1 0 1 0 2	V0:+2 V2:+2 V8:+2 D05:+2 D07:+2 D25:+2 D27:+2 D58:-2 D78:-2
root-000029	1997	0	6.942664995345091e-09	2.629545196841788e-10	6.942664995345091e-09	9	0 -2 -2 -1 -1 0 -2 -1 -1	V1:-2 V2:-2 V6:-2 D01:+2 D02:+2 D06:+2 D15:-2 D25:-2 D56:+2
root-000029	1981	0	6.9567100846844425e-09	5.874082526538052e-10	6.9567100846844425e-09	9	0 -2 -2 -1 -1 -2 -1 0 -1	V1:-2 V2:-2 V5:-2 D01:+2 D02:+2 D05:+2 D17:-2 D27:-2 D57:-2
root-000029	650	0	6.967246235152524e-09	2.487839494717378e-09	6.967246235152524e-09	9	2 0 2 1 1 2 1 1 0	V0:+2 V2:+2 V5:+2 D01:+2 D08:+2 D12:-2 D15:-2 D28:+2 D58:+2
root-000029	1626	0	6.977283950214654e-09	5.1654049088272235e-09	6.977283950214654e-09	9	1 1 0 1 2 2 1 2 0	V4:+2 V5:+2 V7:+2 D24:-2 D25:-2 D27:-2 D48:+2 D58:+2 D78:+2
root-000029	67	0	6.991582815501782e-09	5.1665866482224706e-09	6.991582815501782e-09	9	-2 -2 -1 -1 -1 -2 0 0 -1	V0:-2 V1:-2 V5:-2 D06:-2 D07:-2 D16:-2 D17:-2 D56:-2 D57:-2
root-000029	844	0	6.992351372680934e-09	6.885908509629631e-10	6.992351372680934e-09	9	1 2 2 2 1 1 0 1 0	V1:+2 V2:+2 V3:+2 D16:+2 D18:+2 D26:+2 D28:+2 D36:+2 D38:+2
root-000029	2318	0	7.029807314624372e-09	4.6565808660676026e-10	7.029807314624372e-09	9	0 1 1 2 1 2 2 0 1	V3:+2 V5:+2 V6:+2 D03:-2 D05:-2 D06:-2 D37:+2 D57:+2 D67:+2
root-000029	1647	0	7.051060077082785e-09	2.3750139826370646e-09	7.051060077082785e-09	9	-1 -1 0 -1 -1 -2 -2 0 -2	V5:-2 V6:-2 V8:-2 D25:+2 D26:+2 D28:+2 D57:-2 D67:-2 D78:+2
root-000029	2000	0	7.0529957078720635e-09	2.2711911355399672e-11	7.0529957078720635e-09	9	0 2 2 1 1 0 1 2 1	V1:+2 V2:+2 V7:+2 D01:-2 D02:-2 D07:-2 D15:+2 D25:+2 D57:-2
root-000029	1126	0	7.07303606763677e-09	7.326133684898294e-10	7.07303606763677e-09	9	1 2 1 0 1 0 2 1 2	V1:+2 V6:+2 V8:+2 D13:+2 D15:+2 D36:-2 D38:-2 D56:-2 D58:-2
root-000029	1423	0	7.073460272965024e-09	2.4823579060962097e-09	7.073460272965024e-09	9	-1 -1 -2 0 -1 0 -2 -2 -1	V2:-2 V6:-2 V7:-2 D23:-2 D25:-2 D36:+2 D37:+2 D56:+2 D57:+2
root-000029	1857	0	7.079136668389699e-09	2.5286868032774733e-09	7.079136668389699e-09	9	-1 0 -1 -2 0 -1 -2 -1 -2	V3:-2 V6:-2 V8:-2 D13:+2 D16:+2 D18:+2 D34:-2 D46:+2 D48:+2
root-000029	1199	0	7.119065295481008e-09	5.828695088794392e-09	7.119065295481008e-09	9	-1 -2 0 -1 -2 0 -2 -1 -1	V1:-2 V4:-2 V6:-2 D12:-2 D15:-2 D24:+2 D26:+2 D45:-2 D56:+2
root-000029	825	0	7.1296919479379994e-09	2.016175848378544e-09	7.1296919479379994e-09	9	-2 0 0 -1 -2 -1 -1 -2 -1	V0:-2 V4:-2 V7:-2 D01:-2 D02:-2 D14:+2 D17:+2 D24:+2 D27:+2
root-000029	2461	0	7.144376731431097e-09	1.1416037385174656e-10	7.144376731431097e-09	9	0 0 -2 -1 -2 -2 -1 -1 -1	V2:-2 V4:-2 V5:-2 D02:+2 D04:+2 D05:+2 D12:+2 D14:+2 D15:+2
root-000029	1081	0	7.156355012140777e-09	1.0749166791163057e-15	7.156355012140777e-09	9	-1 -2 -1 0 -2 -2 -1 -1 0	V1:-2 V4:-2 V5:-2 D13:-2 D18:-2 D34:+2 D35:+2 D48:-2 D58:-2
root-000029	736	0	7.158248442718674e-09	2.5034296984367678e-15	7.158248442718674e-09	9	2 0 1 1 2 2 0 1 1	V0:+2 V4:+2 V5:+2 D01:+2 D06:+2 D14:-2 D15:-2 D46:+2 D56:+2
root-000029	1224	0	7.196772262597844e-09	5.2738491202172285e-09	7.196772262597844e-09	9	1 2 0 1 1 0 2 2 1	V1:+2 V6:+2 V7:+2 D12:+2 D15:+2 D26:-2 D27:-2 D56:-2 D57:-2
root-000029	118	0	7.2038662419045164e-09	1.4454973169083114e-09	7.2038662419045164e-09	9	2 2 1 0 2 0 1 1 1	V0:+2 V1:+2 V4:+2 D03:+2 D05:+2 D13:+2 D15:+2 D34:-2 D45:+2
root-000029	1399	0	7.215120960783874e-09	1.8668130967064152e-09	7.215120960783874e-09	9	-1 -1 -2 0 -2 0 -2 -1 -1	V2:-2 V4:-2 V6:-2 D23:-2 D25:-2 D34:+2 D36:+2 D45:-2 D56:+2
root-000029	117	0	7.217170274469524e-09	1.4502676637889948e-09	7.217170274469524e-09	9	-2 -2 -1 0 -2 0 -1 -1 -1	V0:-2 V1:-2 V4:-2 D03:-2 D05:-2 D13:-2 D15:-2 D34:+2 D45:-2
root-000029	495	0	7.2374870688153326e-09	1.8243749447204636e-09	7.2374870688153326e-09	9	-2 -1 -1 0 -1 0 -2 -1 -2	V0:-2 V6:-2 V8:-2 D03:-2 D05:-2 D36:+2 D38:+2 D56:+2 D58:+2
root-000029	2001	0	7.254771298090228e-09	2.9377619536175384e-10	7.254771298090228e-09	9	0 -2 -2 -1 -1 0 -1 -1 -2	V1:-2 V2:-2 V8:-2 D01:+2 D02:+2 D08:+2 D15:-2 D25:-2 D58:+2
root-000029	2377	0	7.299335724124803e-09	1.4226905932955822e-09	7.299335724124803e-09	9	0 -1 -1 -1 -1 -2 -2 0 -2	V5:-2 V6:-2 V8:-2 D05:+2 D06:+2 D08:+2 D57:-2 D67:-2 D78:+2
root-000029	1596	0	7.300379995189721e-09	9.106528402123813e-10	7.300379995189721e-09	9	1 1 0 2 1 2 0 1 2	V3:+2 V5:+2 V8:+2 D23:-2 D25:-2 D28:-2 D36:+2 D56:+2 D68:-2
root-000029	1003	0	7.343808354277044e-09	1.994418355119891e-13	7.343808354277044e-09	9	-1 -2 -1 -2 0 -1 -2 -1 0	V1:-2 V3:-2 V6:-2 D14:-2 D18:-2 D34:-2 D38:-2 D46:+2 D68:-2
root-000029	1500	0	7.359616809454719e-09	9.433975761674218e-10	7.359616809454719e-09	9	1 1 1 2 0 0 1 2 2	V3:+2 V7:+2 V8:+2 D34:+2 D35:+2 D47:-2 D48:-2 D57:-2 D58:-2
root-000029	1298	0	7.368461844002867e-09	4.5674425001097115e-09	7.368461844002867e-09	9	1 1 2 2 0 2 1 1 0	V2:+2 V3:+2 V5:+2 D24:+2 D28:+2 D34:+2 D38:+2 D45:-2 D58:+2
root-000029	298	0	7.386032785732188e-09	1.4882690281793669e-09	7.386032785732188e-09	9	2 1 2 0 2 0 1 1 1	V0:+2 V2:+2 V4:+2 D03:+2 D05:+2 D23:+2 D25:+2 D34:-2 D45:+2
root-000029	1083	0	7.392848402417063e-09	8.044208802655176e-16	7.392848402417063e-09	9	-1 -2 -1 0 -2 -2 -1 0 -1	V1:-2 V4:-2 V5:-2 D13:-2 D17:-2 D34:+2 D35:+2 D47:-2 D57:-2
root-000029	1109	0	7.4260935824152385e-09	7.174042504806685e-15	7.4260935824152385e-09	9	-1 -2 -1 0 -1 -2 -1 -2 0	V1:-2 V5:-2 V7:-2 D13:-2 D18:-2 D35:+2 D37:+2 D58:-2 D78:-2
root-000029	819	0	7.47930251066009e-09	1.968715126099492e-09	7.47930251066009e-09	9	-2 0 0 -2 -1 -1 -1 -1 -2	V0:-2 V3:-2 V8:-2 D01:-2 D02:-2 D13:+2 D18:+2 D23:+2 D28:+2
root-000029	1599	0	7.48362951066954e-09	1.172807394509563e-09	7.48362951066954e-09	9	-1 -1 0 -2 -1 -1 -2 0 -2	V3:-2 V6:-2 V8:-2 D23:+2 D26:+2 D28:+2 D37:-2 D67:-2 D78:+2
root-000029	1555	0	7.490696038997906e-09	4.4195266959571156e-10	7.490696038997906e-09	9	-1 -1 -1 0 0 -2 -2 -1 -2	V5:-2 V6:-2 V8:-2 D35:+2 D36:+2 D38:+2 D45:+2 D46:+2 D48:+2
root-000029	173	0	7.519445774894383e-09	4.1978239844391725e-10	7.519445774894383e-09	9	-2 -2 0 -1 -1 -2 0 -1 -1	V0:-2 V1:-2 V5:-2 D02:-2 D06:-2 D12:-2 D16:-2 D25:+2 D56:-2
root-000029	289	0	7.558932638585167e-09	2.4169496939039426e-12	7.558932638585167e-09	9	-2 -1 -2 -1 0 0 -1 -1 -2	V0:-2 V2:-2 V8:-2 D04:-2 D05:-2 D24:-2 D25:-2 D48:+2 D58:+2
root-000029	13	0	7.58513974059654e-09	7.58513974059654e-09	1.220559422412601e-09	9	-2 -2 -2 -1 0 -1 -1 -1 0	V0:-2 V1:-2 V2:-2 D04:-2 D08:-2 D14:-2 D18:-2 D24:-2 D28:-2
root-000029	473	0	7.58748501988067e-09	1.1094543395384922e-09	7.58748501988067e-09	9	-2 -1 -1 0 -2 0 -1 -1 -2	V0:-2 V4:-2 V8:-2 D03:-2 D05:-2 D34:+2 D38:+2 D45:-2 D58:+2
root-000029	520	0	7.623193861529288e-09	2.3400936230880606e-11	7.623193861529288e-09	9	2 1 0 2 1 2 1 1 0	V0:+2 V3:+2 V5:+2 D02:+2 D08:+2 D23:-2 D25:-2 D38:+2 D58:+2
root-000029	683	0	7.629915248656612e-09	5.9828128215772995e-12	7.629915248656612e-09	9	-2 0 -2 0 -1 -2 -1 -1 -1	V0:-2 V2:-2 V5:-2 D01:-2 D03:-2 D12:+2 D15:+2 D23:-2 D35:+2
root-000029	171	0	7.659827676970236e-09	2.7536712901921865e-10	7.659827676970236e-09	9	-2 -2 0 -1 -1 -2 -1 0 -1	V0:-2 V1:-2 V5:-2 D02:-2 D07:-2 D12:-2 D17:-2 D25:+2 D57:-2
root-000029	2235	0	7.754353045112063e-09	7.292535520095709e-13	7.754353045112063e-09	9	0 -1 -2 -1 -1 -2 -2 -1 0	V2:-2 V5:-2 V6:-2 D02:+2 D05:+2 D06:+2 D28:-2 D58:-2 D68:-2
root-000029	518	0	7.774937534740567e-09	2.6092069088836772e-12	7.774937534740567e-09	9	2 1 0 2 2 0 1 1 1	V0:+2 V3:+2 V4:+2 D02:+2 D05:+2 D23:-2 D24:-2 D35:+2 D45:+2
root-000029	1085	0	7.82575894200999e-09	1.610474099406807e-15	7.82575894200999e-09	9	-1 -2 -1 0 -2 -2 0 -1 -1	V1:-2 V4:-2 V5:-2 D13:-2 D16:-2 D34:+2 D35:+2 D46:-2 D56:-2
root-000029	1151	0	7.8581941339008e-09	4.210034242409531e-10	7.8581941339008e-09	9	-1 -2 0 -2 -1 -2 -1 0 -1	V1:-2 V3:-2 V5:-2 D12:-2 D17:-2 D23:+2 D25:+2 D37:-2 D57:-2
root-000029	1467	0	7.8714503204918e-09	1.9211332218890746e-10	7.8714503204918e-09	9	-1 -1 -1 -2 -1 -2 0 -2 0	V3:-2 V5:-2 V7:-2 D36:-2 D38:-2 D56:-2 D58:-2 D67:+2 D78:-2
root-000029	843	0	7.89992918687031e-09	1.1999037560467553e-09	7.89992918687031e-09	9	-1 -2 -2 -2 -1 -1 0 -1 0	V1:-2 V2:-2 V3:-2 D16:-2 D18:-2 D26:-2 D28:-2 D36:-2 D38:-2
root-000029	1980	0	7.912230969194645e-09	1.1603295707939195e-09	7.912230969194645e-09	9	0 2 2 1 1 2 1 1 0	V1:+2 V2:+2 V5:+2 D01:-2 D02:-2 D05:-2 D18:+2 D28:+2 D58:+2
root-000029	1756	0	7.921655233764463e-09	1.9173150374280455e-15	7.921655233764463e-09	9	1 0 2 1 1 2 0 1 2	V2:+2 V5:+2 V8:+2 D12:-2 D15:-2 D18:-2 D26:+2 D56:+2 D68:-2
root-000029	2123	0	7.967820498016454e-09	2.38089346473137e-13	7.967820498016454e-09	9	0 -2 -1 0 -2 -1 -2 -1 -1	V1:-2 V4:-2 V6:-2 D01:+2 D04:+2 D06:+2 D13:-2 D34:+2 D36:+2
root-000029	1788	0	7.988162385380096e-09	2.2198035647882308e-11	7.988162385380096e-09	9	1 0 2 0 2 1 1 1 2	V2:+2 V4:+2 V8:+2 D12:-2 D14:-2 D18:-2 D23:+2 D34:-2 D38:-2
root-000029	319	0	8.004612508112162e-09	1.9552009783665485e-09	8.004612508112162e-09	9	-2 -1 -2 0 -1 0 -1 -2 -1	V0:-2 V2:-2 V7:-2 D03:-2 D05:-2 D23:-2 D25:-2 D37:+2 D57:+2
root-000029	1448	0	8.036231466002373e-09	4.069302251763493e-09	8.036231466002373e-09	9	1 1 1 2 2 1 2 0 0	V3:+2 V4:+2 V6:+2 D37:+2 D38:+2 D47:+2 D48:+2 D67:+2 D68:+2
root-000029	1458	0	8.096704900082073e-09	3.461823614483955e-09	8.096704900082073e-09	9	1 1 1 2 2 0 1 2 0	V3:+2 V4:+2 V7:+2 D35:+2 D38:+2 D45:+2 D48:+2 D57:-2 D78:+2
root-000029	1622	0	8.135991275061861e-09	4.242474138259941e-09	8.135991275061861e-09	9	1 1 0 1 2 2 2 1 0	V4:+2 V5:+2 V6:+2 D24:-2 D25:-2 D26:-2 D48:+2 D58:+2 D68:+2
root-000029	1866	0	8.14061139212068e-09	5.617566952731178e-09	8.14061139212068e-09	9	1 0 1 1 2 2 1 2 0	V4:+2 V5:+2 V7:+2 D14:-2 D15:-2 D17:-2 D48:+2 D58:+2 D78:+2
root-000029	158	0	8.142620703902478e-09	4.07002801135455e-14	8.142620703902478e-09	9	2 2 0 2 1 0 1 1 1	V0:+2 V1:+2 V3:+2 D02:+2 D05:+2 D12:+2 D15:+2 D23:-2 D35:+2
root-000029	157	0	8.149766132566124e-09	3.3144894492495065e-14	8.149766132566124e-09	9	-2 -2 0 -2 -1 0 -1 -1 -1	V0:-2 V1:-2 V3:-2 D02:-2 D05:-2 D12:-2 D15:-2 D23:+2 D35:-2
root-000029	2204	0	8.199286793536614e-09	8.910363799908226e-11	8.199286793536614e-09	9	0 1 2 2 0 2 1 1 1	V2:+2 V3:+2 V5:+2 D02:-2 D03:-2 D05:-2 D24:+2 D34:+2 D45:-2
root-000029	2472	0	8.243718033932736e-09	3.0776086463057715e-11	8.243718033932736e-09	9	0 0 2 1 1 2 1 2 1	V2:+2 V5:+2 V7:+2 D02:-2 D05:-2 D07:-2 D12:-2 D15:-2 D17:-2
root-000029	1820	0	8.274457932703106e-09	2.1166836214150188e-09	8.274457932703106e-09	9	1 0 1 2 2 0 2 1 1	V3:+2 V4:+2 V6:+2 D13:-2 D14:-2 D16:-2 D35:+2 D45:+2 D56:-2
root-000029	593	0	8.31072164645239e-09	4.558766893683084e-09	8.31072164645239e-09	9	-2 -1 0 -1 -1 0 -2 -2 -1	V0:-2 V6:-2 V7:-2 D02:-2 D05:-2 D26:+2 D27:+2 D56:+2 D57:+2
root-000029	574	0	8.379291016238623e-09	2.921284550022763e-09	8.379291016238623e-09	9	2 1 0 1 2 0 1 1 2	V0:+2 V4:+2 V8:+2 D02:+2 D05:+2 D24:-2 D28:-2 D45:+2 D58:-2
root-000029	756	0	8.409857678046769e-09	4.615857275730376e-12	8.409857678046769e-09	9	2 0 1 1 1 2 2 1 0	V0:+2 V5:+2 V6:+2 D01:+2 D08:+2 D15:-2 D16:-2 D58:+2 D68:+2
root-000029	2355	0	8.455580273466405e-09	4.650061256089811e-09	8.455580273466405e-09	9	0 -1 -1 -1 -2 -2 -1 -2 0	V4:-2 V5:-2 V7:-2 D04:+2 D05:+2 D07:+2 D48:-2 D58:-2 D78:-2
root-000029	1752	0	8.54865176744688e-09	7.944850623361005e-15	8.54865176744688e-09	9	1 0 2 1 1 2 1 0 2	V2:+2 V5:+2 V8:+2 D12:-2 D15:-2 D18:-2 D27:+2 D57:+2 D78:-2
root-000029	1528	0	8.567387426806218e-09	3.6193860834896043e-09	8.567387426806218e-09	9	1 1 1 0 2 2 1 0 2	V4:+2 V5:+2 V8:+2 D34:-2 D35:-2 D38:-2 D47:+2 D57:+2 D78:-2
root-000029	572	0	8.608711841867692e-09	4.345185346397294e-09	8.608711841867692e-09	9	2 1 0 1 2 0 1 2 1	V0:+2 V4:+2 V7:+2 D02:+2 D05:+2 D24:-2 D27:-2 D45:+2 D57:-2
root-000029	1496	0	8.669566583097611e-09	2.1448926893332302e-11	8.669566583097611e-09	9	1 1 1 2 0 0 2 2 1	V3:+2 V6:+2 V7:+2 D34:+2 D35:+2 D46:-2 D47:-2 D56:-2 D57:-2
root-000029	851	0	8.690862952280242e-09	4.0425722388242916e-13	8.690862952280242e-09	9	-1 -2 -2 -2 -1 0 0 -1 -1	V1:-2 V2:-2 V3:-2 D15:-2 D16:-2 D25:-2 D26:-2 D35:-2 D36:-2
root-000029	598	0	8.747711555851373e-09	4.519329876820536e-09	8.747711555851373e-09	9	2 1 0 1 1 0 1 2 2	V0:+2 V7:+2 V8:+2 D02:+2 D05:+2 D27:-2 D28:-2 D57:-2 D58:-2
root-000029	496	0	8.750885295748249e-09	8.750885295748249e-09	6.363799458752332e-09	9	2 1 1 0 1 0 2 1 2	V0:+2 V6:+2 V8:+2 D03:+2 D05:+2 D36:-2 D38:-2 D56:-2 D58:-2
root-000029	1858	0	8.771527051844053e-09	4.202275243357685e-09	8.771527051844053e-09	9	1 0 1 2 0 1 2 1 2	V3:+2 V6:+2 V8:+2 D13:-2 D16:-2 D18:-2 D34:+2 D46:-2 D48:-2
root-000029	580	0	8.818782256903013e-09	2.7861760035862564e-12	8.818782256903013e-09	9	2 1 0 1 1 2 1 2 0	V0:+2 V5:+2 V7:+2 D02:+2 D08:+2 D25:-2 D27:-2 D58:+2 D78:+2
root-000029	579	0	8.828475999523594e-09	2.599751379679664e-12	8.828475999523594e-09	9	-2 -1 0 -1 -1 -2 -1 -2 0	V0:-2 V5:-2 V7:-2 D02:-2 D08:-2 D25:+2 D27:+2 D58:-2 D78:-2
root-000029	2239	0	8.831038477145968e-09	1.2946096821496525e-12	8.831038477145968e-09	9	0 -1 -2 -1 -1 -2 -1 -2 0	V2:-2 V5:-2 V7:-2 D02:+2 D05:+2 D07:+2 D28:-2 D58:-2 D78:-2
root-000029	2240	0	8.834322765000481e-09	1.2353876753378551e-12	8.834322765000481e-09	9	0 1 2 1 1 2 1 2 0	V2:+2 V5:+2 V7:+2 D02:-2 D05:-2 D07:-2 D28:+2 D58:+2 D78:+2
root-000029	1469	0	8.906152753674679e-09	1.5771119151278001e-09	8.906152753674679e-09	9	-1 -1 -1 -2 -1 -2 0 0 -2	V3:-2 V5:-2 V8:-2 D36:-2 D37:-2 D56:-2 D57:-2 D68:+2 D78:+2
root-000029	1426	0	8.931718797520589e-09	4.0352087569179015e-09	8.931718797520589e-09	9	1 1 2 0 1 0 2 1 2	V2:+2 V6:+2 V8:+2 D23:+2 D25:+2 D36:-2 D38:-2 D56:-2 D58:-2
root-000029	543	0	9.07716855106786e-09	1.8993935112050213e-12	9.07716855106786e-09	9	-2 -1 0 -2 0 -2 -1 -1 -1	V0:-2 V3:-2 V5:-2 D02:-2 D04:-2 D23:+2 D25:+2 D34:-2 D45:+2
root-000029	544	0	9.079903324122608e-09	1.851059201380788e-12	9.079903324122608e-09	9	2 1 0 2 0 2 1 1 1	V0:+2 V3:+2 V5:+2 D02:+2 D04:+2 D23:-2 D25:-2 D34:+2 D45:-2
root-000029	2236	0	9.150464489004689e-09	1.7842892847429172e-13	9.150464489004689e-09	9	0 1 2 1 1 2 2 1 0	V2:+2 V5:+2 V6:+2 D02:-2 D05:-2 D06:-2 D28:+2 D58:+2 D68:+2
root-000029	2296	0	9.1716402699838e-09	2.7228549443446963e-09	9.1716402699838e-09	9	0 1 1 2 2 2 0 1 1	V3:+2 V4:+2 V5:+2 D03:-2 D04:-2 D05:-2 D36:+2 D46:+2 D56:+2
root-000029	132	0	9.25029447269305e-09	1.7777013884462088e-09	9.25029447269305e-09	9	2 2 1 0 1 1 1 0 2	V0:+2 V1:+2 V8:+2 D03:+2 D07:+2 D13:+2 D17:+2 D38:-2 D78:-2
root-000029	1557	0	9.258264674075087e-09	1.95957029762196e-09	9.258264674075087e-09	9	-1 -1 -1 0 0 -2 -1 -2 -2	V5:-2 V7:-2 V8:-2 D35:+2 D37:+2 D38:+2 D45:+2 D47:+2 D48:+2
root-000029	1535	0	9.356577012602788e-09	6.4108604856987186e-09	9.356577012602788e-09	9	-1 -1 -1 0 -2 -1 -2 0 -2	V4:-2 V6:-2 V8:-2 D34:+2 D36:+2 D38:+2 D47:-2 D67:-2 D78:+2
root-000029	1648	0	9.380524560526955e-09	8.49375329682177e-09	9.380524560526955e-09	9	1 1 0 1 1 2 2 0 2	V5:+2 V6:+2 V8:+2 D25:-2 D26:-2 D28:-2 D57:+2 D67:+2 D78:-2
root-000029	1586	0	9.387549928143032e-09	1.5282495233756304e-10	9.387549928143032e-09	9	1 1 0 2 1 2 2 1 0	V3:+2 V5:+2 V6:+2 D23:-2 D25:-2 D26:-2 D38:+2 D58:+2 D68:+2
root-000029	2363	0	9.402018346784374e-09	5.392808742951976e-09	9.402018346784374e-09	9	0 -1 -1 -1 -2 -1 -2 -2 0	V4:-2 V6:-2 V7:-2 D04:+2 D06:+2 D07:+2 D48:-2 D68:-2 D78:-2
root-000029	303	0	9.424588870999011e-09	1.2619126868657673e-12	9.424588870999011e-09	9	-2 -1 -2 0 -1 -2 0 -1 -1	V0:-2 V2:-2 V5:-2 D03:-2 D06:-2 D23:-2 D26:-2 D35:+2 D56:-2
root-000029	1512	0	9.512574264719558e-09	4.071425839507145e-09	9.512574264719558e-09	9	1 1 1 1 2 0 0 2 2	V4:+2 V7:+2 V8:+2 D45:+2 D46:+2 D57:-2 D58:-2 D67:-2 D68:-2
root-000029	1887	0	9.54499361753048e-09	9.54499361753048e-09	5.090098749444203e-09	9	-1 0 -1 -1 -1 -2 -2 0 -2	V5:-2 V6:-2 V8:-2 D15:+2 D16:+2 D18:+2 D57:-2 D67:-2 D78:+2
root-000029	1570	0	9.572929648718542e-09	9.572929648718542e-09	6.818341566787883e-09	9	1 1 0 2 2 1 2 0 1	V3:+2 V4:+2 V6:+2 D23:-2 D24:-2 D26:-2 D37:+2 D47:+2 D67:+2
root-000029	1657	0	9.585838764500415e-09	9.585838764500415e-09	4.625983475403431e-09	9	-1 -1 0 -1 0 -2 -1 -2 -2	V5:-2 V7:-2 V8:-2 D25:+2 D27:+2 D28:+2 D45:+2 D47:+2 D48:+2
root-000029	1639	0	9.627780308148129e-09	9.627780308148129e-09	7.384513535060724e-09	9	-1 -1 0 -1 -2 0 -2 -2 -1	V4:-2 V6:-2 V7:-2 D24:+2 D26:+2 D27:+2 D45:-2 D56:+2 D57:+2
root-000029	661	0	9.663245657172696e-09	1.0686125443788152e-13	9.663245657172696e-09	9	-2 0 -2 -1 -1 -1 -1 0 -2	V0:-2 V2:-2 V8:-2 D01:-2 D07:-2 D12:+2 D18:+2 D27:-2 D78:+2
root-000029	1534	0	9.66940202467519e-09	5.767735174857652e-09	9.66940202467519e-09	9	1 1 1 0 2 1 2 2 0	V4:+2 V6:+2 V7:+2 D34:-2 D36:-2 D37:-2 D48:+2 D68:+2 D78:+2
root-000029	2109	0	9.811473924885125e-09	1.0185773951401538e-12	9.811473924885125e-09	9	0 -2 -1 -1 0 -2 -2 -1 -1	V1:-2 V5:-2 V6:-2 D01:+2 D05:+2 D06:+2 D14:-2 D45:+2 D46:+2
root-000029	2212	0	9.90731860764376e-09	6.39661375479611e-14	9.90731860764376e-09	9	0 1 2 1 2 2 1 1 0	V2:+2 V4:+2 V5:+2 D02:-2 D04:-2 D05:-2 D28:+2 D48:+2 D58:+2
root-000029	1745	0	9.955343360932504e-09	7.798709939628671e-13	9.955343360932504e-09	9	-1 0 -2 -1 -1 -2 -2 -1 0	V2:-2 V5:-2 V6:-2 D12:+2 D15:+2 D16:+2 D28:-2 D58:-2 D68:-2
root-000029	1746	0	9.973628194358123e-09	7.803789393742127e-13	9.973628194358123e-09	9	1 0 2 1 1 2 2 1 0	V2:+2 V5:+2 V6:+2 D12:-2 D15:-2 D16:-2 D28:+2 D58:+2 D68:+2
root-000029	2299	0	9.990239245682296e-09	8.341063655780743e-09	9.990239245682296e-09	9	0 -1 -1 -2 -2 -1 -2 0 -1	V3:-2 V4:-2 V6:-2 D03:+2 D04:+2 D06:+2 D37:-2 D47:-2 D67:-2
root-000029	918	0	1.0077854062150214e-08	5.173105193242833e-15	1.0077854062150214e-08	9	1 2 2 1 0 0 1 2 1	V1:+2 V2:+2 V7:+2 D14:+2 D15:+2 D24:+2 D25:+2 D47:-2 D57:-2
root-000029	1687	0	1.016054594652697e-08	4.2460184496515865e-11	1.016054594652697e-08	9	-1 0 -2 -2 -2 0 -1 -1 -1	V2:-2 V3:-2 V4:-2 D12:+2 D13:+2 D14:+2 D25:-2 D35:-2 D45:-2
root-000029	137	0	1.0255931400126556e-08	8.096999925086286e-10	1.0255931400126556e-08	9	-2 -2 -1 0 -1 0 -2 -1 -1	V0:-2 V1:-2 V6:-2 D03:-2 D05:-2 D13:-2 D15:-2 D36:+2 D56:+2
root-000029	192	0	1.0269738330100017e-08	2.1042894668538773e-10	1.0269738330100017e-08	9	2 2 0 1 1 0 1 1 2	V0:+2 V1:+2 V8:+2 D02:+2 D05:+2 D12:+2 D15:+2 D28:-2 D58:-2
root-000029	1488	0	1.0277291976440204e-08	1.0277291976440204e-08	7.866515001454926e-09	9	1 1 1 2 0 2 0 1 2	V3:+2 V5:+2 V8:+2 D34:+2 D36:+2 D45:-2 D48:-2 D56:+2 D68:-2
root-000029	2261	0	1.0283095991572073e-08	1.0972600483218466e-14	1.0283095991572073e-08	9	0 -1 -2 -1 0 -2 -1 -2 -1	V2:-2 V5:-2 V7:-2 D02:+2 D05:+2 D07:+2 D24:-2 D45:+2 D47:+2
root-000029	2014	0	1.0333997683819447e-08	6.764708800909154e-11	1.0333997683819447e-08	9	0 2 2 0 1 2 1 1 1	V1:+2 V2:+2 V5:+2 D01:-2 D02:-2 D05:-2 D13:+2 D23:+2 D35:-2
root-000029	1100	0	1.0354141777954786e-08	2.656262029061973e-10	1.0354141777954786e-08	9	1 2 1 0 2 0 2 1 1	V1:+2 V4:+2 V6:+2 D13:+2 D15:+2 D34:-2 D36:-2 D45:+2 D56:-2
root-000029	1711	0	1.0363085018395612e-08	2.5299440352539306e-11	1.0363085018395612e-08	9	-1 0 -2 -2 -1 0 -1 -1 -2	V2:-2 V3:-2 V8:-2 D12:+2 D13:+2 D18:+2 D25:-2 D35:-2 D58:+2
root-000029	685	0	1.0370379893247228e-08	4.263650778104395e-13	1.0370379893247228e-08	9	-2 0 -2 0 -1 -1 -2 -1 -1	V0:-2 V2:-2 V6:-2 D01:-2 D03:-2 D12:+2 D16:+2 D23:-2 D36:+2
root-000029	2139	0	1.0411954954982842e-08	2.231580706258152e-11	1.0411954954982842e-08	9	0 -2 -1 0 -1 -1 -1 -2 -2	V1:-2 V7:-2 V8:-2 D01:+2 D07:+2 D08:+2 D13:-2 D37:+2 D38:+2
root-000029	1569	0	1.0486156603893955e-08	5.241282357263181e-10	1.0486156603893955e-08	9	-1 -1 0 -2 -2 -1 -2 0 -1	V3:-2 V4:-2 V6:-2 D23:+2 D24:+2 D26:+2 D37:-2 D47:-2 D67:-2
root-000029	2002	0	1.0500699979202105e-08	3.491506251345779e-09	1.0500699979202105e-08	9	0 2 2 1 1 0 1 1 2	V1:+2 V2:+2 V8:+2 D01:-2 D02:-2 D08:-2 D15:+2 D25:+2 D58:-2
root-000029	1134	0	1.05053232295679e-08	1.5624452284564438e-15	1.05053232295679e-08	9	1 2 1 0 0 2 1 1 2	V1:+2 V5:+2 V8:+2 D13:+2 D14:+2 D35:-2 D38:-2 D45:-2 D48:-2
root-000029	1800	0	1.060114051464574e-08	4.839490393732055e-09	1.060114051464574e-08	9	1 0 2 0 1 1 1 2 2	V2:+2 V7:+2 V8:+2 D12:-2 D17:-2 D18:-2 D23:+2 D37:-2 D38:-2
root-000029	601	0	1.0634745252920574e-08	5.853209112385256e-15	1.0634745252920574e-08	9	-2 -1 0 -1 0 -2 -1 -2 -1	V0:-2 V5:-2 V7:-2 D02:-2 D04:-2 D25:+2 D27:+2 D45:+2 D47:+2
root-000029	682	0	1.0635417057802792e-08	5.488866405554121e-13	1.0635417057802792e-08	9	2 0 2 0 2 1 1 1 1	V0:+2 V2:+2 V4:+2 D01:+2 D03:+2 D12:-2 D14:-2 D23:+2 D34:-2
root-000029	1673	0	1.0741155021981415e-08	5.366398820589604e-09	1.0741155021981415e-08	9	-1 -1 0 0 -1 -2 -2 -2 -1	V5:-2 V6:-2 V7:-2 D25:+2 D26:+2 D27:+2 D35:+2 D36:+2 D37:+2
root-000029	1979	0	1.0748562008171683e-08	4.2625575861855577e-10	1.0748562008171683e-08	9	0 -2 -2 -1 -1 -2 -1 -1 0	V1:-2 V2:-2 V5:-2 D01:+2 D02:+2 D05:+2 D18:-2 D28:-2 D58:-2
root-000029	1842	0	1.0771023559471603e-08	2.2822715979035881e-10	1.0771023559471603e-08	9	1 0 1 2 1 1 0 2 2	V3:+2 V7:+2 V8:+2 D13:-2 D17:-2 D18:-2 D36:+2 D67:-2 D68:-2
root-000029	1968	0	1.077881218985108e-08	6.136160063613808e-11	1.077881218985108e-08	9	0 2 2 2 1 0 1 1 1	V1:+2 V2:+2 V3:+2 D01:-2 D02:-2 D03:-2 D15:+2 D25:+2 D35:+2
root-000029	1501	0	1.0790507445250855e-08	5.24792772939957e-11	1.0790507445250855e-08	9	-1 -1 -1 -1 -2 -2 -2 0 0	V4:-2 V5:-2 V6:-2 D47:-2 D48:-2 D57:-2 D58:-2 D67:-2 D68:-2
root-000029	1696	0	1.095077512515614e-08	8.21545206457226e-13	1.095077512515614e-08	9	1 0 2 2 1 1 2 1 0	V2:+2 V3:+2 V6:+2 D12:-2 D13:-2 D16:-2 D28:+2 D38:+2 D68:+2
root-000029	1695	0	1.0951021867856061e-08	8.215632954719347e-13	1.0951021867856061e-08	9	-1 0 -2 -2 -1 -1 -2 -1 0	V2:-2 V3:-2 V6:-2 D12:+2 D13:+2 D16:+2 D28:-2 D38:-2 D68:-2
root-000029	2352	0	1.1035479261347539e-08	8.985412715140602e-13	1.1035479261347539e-08	9	0 1 1 1 2 2 2 1 0	V4:+2 V5:+2 V6:+2 D04:-2 D05:-2 D06:-2 D48:+2 D58:+2 D68:+2
root-000029	66	0	1.1052873697262688e-08	1.1052873697262688e-08	4.492418651002358e-09	9	2 2 1 1 1 2 0 1 0	V0:+2 V1:+2 V5:+2 D06:+2 D08:+2 D16:+2 D18:+2 D56:+2 D58:+2
root-000029	1814	0	1.1057939813107778e-08	2.750715670143528e-09	1.1057939813107778e-08	9	1 0 1 2 2 1 1 0 2	V3:+2 V4:+2 V8:+2 D13:-2 D14:-2 D18:-2 D37:+2 D47:+2 D78:-2
root-000029	1520	0	1.1062627964964603e-08	1.1062627964964603e-08	5.606005827558041e-09	9	1 1 1 1 0 0 2 2 2	V6:+2 V7:+2 V8:+2 D46:-2 D47:-2 D48:-2 D56:-2 D57:-2 D58:-2
root-000029	671	0	1.1099747484941843e-08	7.498223212970935e-09	1.1099747484941843e-08	9	-2 0 -2 -1 -1 0 -1 -1 -2	V0:-2 V2:-2 V8:-2 D01:-2 D05:-2 D12:+2 D18:+2 D25:-2 D58:+2
root-000029	214	0	1.1135314881119857e-08	4.937991998710026e-09	1.1135314881119857e-08	9	2 1 2 2 1 1 0 1 0	V0:+2 V2:+2 V3:+2 D06:+2 D08:+2 D26:+2 D28:+2 D36:+2 D38:+2
root-000029	1634	0	1.1185479414083856e-08	6.97036448386613e-09	1.1185479414083856e-08	9	1 1 0 1 2 1 2 2 0	V4:+2 V6:+2 V7:+2 D24:-2 D26:-2 D27:-2 D48:+2 D68:+2 D78:+2
root-000029	2181	0	1.1355941002580483e-08	3.345942147994362e-15	1.1355941002580483e-08	9	0 -1 -2 -2 -1 -2 -1 0 -1	V2:-2 V3:-2 V5:-2 D02:+2 D03:+2 D05:+2 D27:-2 D37:-2 D57:-2
root-000029	1834	0	1.1412213930629754e-08	1.0750567408747858e-08	1.1412213930629754e-08	9	1 0 1 2 1 2 0 2 1	V3:+2 V5:+2 V7:+2 D13:-2 D15:-2 D17:-2 D36:+2 D56:+2 D67:-2
root-000029	1833	0	1.1453419195839445e-08	3.434172083526505e-09	1.1453419195839445e-08	9	-1 0 -1 -2 -1 -2 0 -2 -1	V3:-2 V5:-2 V7:-2 D13:+2 D15:+2 D17:+2 D36:-2 D56:-2 D67:+2
root-000029	1601	0	1.1523221710778457e-08	2.829648279639486e-10	1.1523221710778457e-08	9	-1 -1 0 -2 -1 -1 0 -2 -2	V3:-2 V7:-2 V8:-2 D23:+2 D27:+2 D28:+2 D36:-2 D67:+2 D68:+2
root-000029	1841	0	1.1524062271394496e-08	1.6400816493370967e-10	1.1524062271394496e-08	9	-1 0 -1 -2 -1 -1 0 -2 -2	V3:-2 V7:-2 V8:-2 D13:+2 D17:+2 D18:+2 D36:-2 D67:+2 D68:+2
root-000029	1870	0	1.1542588699988584e-08	2.657293954746284e-09	1.1542588699988584e-08	9	1 0 1 1 2 2 0 2 1	V4:+2 V5:+2 V7:+2 D14:-2 D15:-2 D17:-2 D46:+2 D56:+2 D67:-2
root-000029	678	0	1.1563925200702263e-08	3.963613285383368e-12	1.1563925200702263e-08	9	2 0 2 1 0 1 1 2 1	V0:+2 V2:+2 V7:+2 D01:+2 D04:+2 D12:-2 D17:-2 D24:+2 D47:-2
root-000029	1688	0	1.1615901315102822e-08	8.733426187446858e-13	1.1615901315102822e-08	9	1 0 2 2 2 0 1 1 1	V2:+2 V3:+2 V4:+2 D12:-2 D13:-2 D14:-2 D25:+2 D35:+2 D45:+2
root-000029	470	0	1.1673616777019996e-08	6.823412113821564e-09	1.1673616777019996e-08	9	2 1 1 0 2 0 2 1 1	V0:+2 V4:+2 V6:+2 D03:+2 D05:+2 D34:-2 D36:-2 D45:+2 D56:-2
root-000029	917	0	1.1703323605873971e-08	6.868635047986169e-15	1.1703323605873971e-08	9	-1 -2 -2 -1 0 0 -1 -2 -1	V1:-2 V2:-2 V7:-2 D14:-2 D15:-2 D24:-2 D25:-2 D47:+2 D57:+2
root-000029	1530	0	1.1846882961272776e-08	5.970953442010042e-11	1.1846882961272776e-08	9	1 1 1 0 2 2 0 2 1	V4:+2 V5:+2 V7:+2 D34:-2 D35:-2 D37:-2 D46:+2 D56:+2 D67:-2
root-000029	1794	0	1.1869456531225817e-08	6.599135156616642e-12	1.1869456531225817e-08	9	1 0 2 0 1 2 1 1 2	V2:+2 V5:+2 V8:+2 D12:-2 D15:-2 D18:-2 D23:+2 D35:-2 D38:-2
root-000029	1400	0	1.1898247536456399e-08	1.1898247536456399e-08	1.0103082850820112e-08	9	1 1 2 0 2 0 2 1 1	V2:+2 V4:+2 V6:+2 D23:+2 D25:+2 D34:-2 D36:-2 D45:+2 D56:-2
root-000029	1876	0	1.1966394227715328e-08	1.1966394227715328e-08	2.106443425696867e-09	9	1 0 1 1 2 1 2 0 2	V4:+2 V6:+2 V8:+2 D14:-2 D16:-2 D18:-2 D47:+2 D67:+2 D78:-2
root-000029	2331	0	1.1984754394021534e-08	4.29187561351298e-10	1.1984754394021534e-08	9	0 -1 -1 -2 -1 -1 0 -2 -2	V3:-2 V7:-2 V8:-2 D03:+2 D07:+2 D08:+2 D36:-2 D67:+2 D68:+2
root-000029	803	0	1.1995275168945765e-08	7.396807113978365e-12	1.1995275168945765e-08	9	-2 0 -1 0 -1 -2 -1 -1 -2	V0:-2 V5:-2 V8:-2 D01:-2 D03:-2 D15:+2 D18:+2 D35:+2 D38:+2
root-000029	1722	0	1.200300202672361e-08	5.738519971660433e-12	1.200300202672361e-08	9	1 0 2 1 2 2 1 1 0	V2:+2 V4:+2 V5:+2 D12:-2 D14:-2 D15:-2 D28:+2 D48:+2 D58:+2
root-000029	989	0	1.2041952627459704e-08	2.58289869769029e-15	1.2041952627459704e-08	9	-1 -2 -1 -2 -1 0 -1 -2 0	V1:-2 V3:-2 V7:-2 D15:-2 D18:-2 D35:-2 D38:-2 D57:+2 D78:-2
root-000029	243	0	1.2044803522955665e-08	1.2044803522955665e-08	6.892856539201495e-09	9	-2 -1 -2 -1 -1 -2 -1 0 0	V0:-2 V2:-2 V5:-2 D07:-2 D08:-2 D27:-2 D28:-2 D57:-2 D58:-2
root-000029	1593	0	1.2084599518407874e-08	8.330042532689774e-10	1.2084599518407874e-08	9	-1 -1 0 -2 -1 -2 0 -2 -1	V3:-2 V5:-2 V7:-2 D23:+2 D25:+2 D27:+2 D36:-2 D56:-2 D67:+2
root-000029	1464	0	1.2085847140837936e-08	1.364105765198985e-09	1.2085847140837936e-08	9	1 1 1 2 2 0 0 1 2	V3:+2 V4:+2 V8:+2 D35:+2 D36:+2 D45:+2 D46:+2 D58:-2 D68:-2
root-000029	346	0	1.229218207390753e-08	1.658550331706574e-10	1.229218207390753e-08	9	2 1 1 2 1 2 0 1 0	V0:+2 V3:+2 V5:+2 D06:+2 D08:+2 D36:+2 D38:+2 D56:+2 D58:+2
root-000029	723	0	1.2308313723250627e-08	7.728148096569618e-14	1.2308313723250627e-08	9	-2 0 -1 -2 0 -2 -1 -1 -1	V0:-2 V3:-2 V5:-2 D01:-2 D04:-2 D13:+2 D15:+2 D34:-2 D45:+2
root-000029	1812	0	1.2345432452269776e-08	2.478825617626596e-09	1.2345432452269776e-08	9	1 0 1 2 2 1 1 2 0	V3:+2 V4:+2 V7:+2 D13:-2 D14:-2 D17:-2 D38:+2 D48:+2 D78:+2
root-000029	1402	0	1.2346481007701033e-08	2.216578855509274e-09	1.2346481007701033e-08	9	1 1 2 0 2 0 1 2 1	V2:+2 V4:+2 V7:+2 D23:+2 D25:+2 D34:-2 D37:-2 D45:+2 D57:-2
root-000029	2179	0	1.2359358058998928e-08	2.213675447772818e-12	1.2359358058998928e-08	9	0 -1 -2 -2 -1 -2 -1 -1 0	V2:-2 V3:-2 V5:-2 D02:+2 D03:+2 D05:+2 D28:-2 D38:-2 D58:-2
root-000029	1916	0	1.245429961563101e-08	1.18431051250714e-08	1.245429961563101e-08	9	1 0 1 0 1 2 2 1 2	V5:+2 V6:+2 V8:+2 D15:-2 D16:-2 D18:-2 D35:-2 D36:-2 D38:-2
root-000029	2364	0	1.2500381704721769e-08	7.496442427028846e-10	1.2500381704721769e-08	9	0 1 1 1 2 1 2 2 0	V4:+2 V6:+2 V7:+2 D04:-2 D06:-2 D07:-2 D48:+2 D68:+2 D78:+2
root-000029	2297	0	1.2563835187270398e-08	8.755412828042641e-09	1.2563835187270398e-08	9	0 -1 -1 -2 -2 -1 -2 -1 0	V3:-2 V4:-2 V6:-2 D03:+2 D04:+2 D06:+2 D38:-2 D48:-2 D68:-2
root-000029	1531	0	1.2568594927710663e-08	4.5078083919051737e-10	1.2568594927710663e-08	9	-1 -1 -1 0 -2 -2 0 -1 -2	V4:-2 V5:-2 V8:-2 D34:+2 D35:+2 D38:+2 D46:-2 D56:-2 D68:+2
root-000029	1707	0	1.2801083697868242e-08	6.530124669001699e-11	1.2801083697868242e-08	9	-1 0 -2 -2 -1 0 -2 -1 -1	V2:-2 V3:-2 V6:-2 D12:+2 D13:+2 D16:+2 D25:-2 D35:-2 D56:+2
root-000029	637	0	1.2816423248040125e-08	5.488838162750243e-13	1.2816423248040125e-08	9	-2 0 -2 -2 -1 0 -1 -1 -1	V0:-2 V2:-2 V3:-2 D01:-2 D05:-2 D12:+2 D13:+2 D25:-2 D35:-2
root-000029	223	0	1.2831718513297292e-08	1.2831718513297292e-08	9.705016924643266e-09	9	-2 -1 -2 -2 0 -1 -1 -1 0	V0:-2 V2:-2 V3:-2 D04:-2 D08:-2 D24:-2 D28:-2 D34:-2 D38:-2
root-000029	638	0	1.286332297035592e-08	4.808847154785901e-13	1.286332297035592e-08	9	2 0 2 2 1 0 1 1 1	V0:+2 V2:+2 V3:+2 D01:+2 D05:+2 D12:-2 D13:-2 D25:+2 D35:+2
root-000029	1556	0	1.2967566080391898e-08	4.715515615219666e-09	1.2967566080391898e-08	9	1 1 1 0 0 2 2 1 2	V5:+2 V6:+2 V8:+2 D35:-2 D36:-2 D38:-2 D45:-2 D46:-2 D48:-2
root-000029	1548	0	1.3175293952886007e-08	6.678708598637843e-09	1.3175293952886007e-08	9	1 1 1 0 1 2 2 0 2	V5:+2 V6:+2 V8:+2 D35:-2 D36:-2 D38:-2 D57:+2 D67:+2 D78:-2
root-000029	1532	0	1.3217244056969378e-08	2.862138234203931e-10	1.3217244056969378e-08	9	1 1 1 0 2 2 0 1 2	V4:+2 V5:+2 V8:+2 D34:-2 D35:-2 D38:-2 D46:+2 D56:+2 D68:-2
root-000029	2158	0	1.3237224404957628e-08	1.3237224404957628e-08	1.2985920043162558e-08	9	0 2 0 1 2 1 1 1 2	V1:+2 V4:+2 V8:+2 D01:-2 D04:-2 D08:-2 D12:+2 D24:-2 D28:-2
root-000029	1463	0	1.3237454932016458e-08	3.960093002722569e-09	1.3237454932016458e-08	9	-1 -1 -1 -2 -2 0 0 -1 -2	V3:-2 V4:-2 V8:-2 D35:-2 D36:-2 D45:-2 D46:-2 D58:+2 D68:+2
root-000029	343	0	1.3242375401819319e-08	1.236634284527136e-10	1.3242375401819319e-08	9	-2 -1 -1 -2 -1 -2 -1 0 0	V0:-2 V3:-2 V5:-2 D07:-2 D08:-2 D37:-2 D38:-2 D57:-2 D58:-2
root-000029	1789	0	1.3262118874782548e-08	1.4335454061654671e-11	1.3262118874782548e-08	9	-1 0 -2 0 -1 -2 -2 -1 -1	V2:-2 V5:-2 V6:-2 D12:+2 D15:+2 D16:+2 D23:-2 D35:+2 D36:+2
root-000029	348	0	1.3647161864230937e-08	1.35666143764652e-10	1.3647161864230937e-08	9	2 1 1 2 1 2 0 0 1	V0:+2 V3:+2 V5:+2 D06:+2 D07:+2 D36:+2 D37:+2 D56:+2 D57:+2
root-000029	1529	0	1.3650349108393233e-08	2.96304301825865e-10	1.3650349108393233e-08	9	-1 -1 -1 0 -2 -2 0 -2 -1	V4:-2 V5:-2 V7:-2 D34:+2 D35:+2 D37:+2 D46:-2 D56:-2 D67:+2
root-000029	1806	0	1.3861266990800901e-08	1.0949966797005125e-08	1.3861266990800901e-08	9	1 0 1 2 2 2 0 1 1	V3:+2 V4:+2 V5:+2 D13:-2 D14:-2 D15:-2 D36:+2 D46:+2 D56:+2
root-000029	1508	0	1.389574089280554e-08	2.0831721514661597e-09	1.389574089280554e-08	9	1 1 1 1 2 0 2 2 0	V4:+2 V6:+2 V7:+2 D45:+2 D48:+2 D56:-2 D57:-2 D68:+2 D78:+2
root-000029	59	0	1.3950828573003153e-08	2.8926523413398173e-13	1.3950828573003153e-08	9	-2 -2 -1 -1 -2 0 -1 0 -1	V0:-2 V1:-2 V4:-2 D05:-2 D07:-2 D15:-2 D17:-2 D45:-2 D47:-2
root-000029	469	0	1.3990906211718465e-08	9.026166221485634e-09	1.3990906211718465e-08	9	-2 -1 -1 0 -2 0 -2 -1 -1	V0:-2 V4:-2 V6:-2 D03:-2 D05:-2 D34:+2 D36:+2 D45:-2 D56:+2
root-000029	1160	0	1.4060251447442103e-08	7.094500204387188e-10	1.4060251447442103e-08	9	1 2 0 2 1 1 1 2 0	V1:+2 V3:+2 V7:+2 D12:+2 D18:+2 D23:-2 D27:-2 D38:+2 D78:+2
root-000029	688	0	1.4082495572425847e-08	1.8667358129521344e-12	1.4082495572425847e-08	9	2 0 2 0 1 1 1 2 1	V0:+2 V2:+2 V7:+2 D01:+2 D03:+2 D12:-2 D17:-2 D23:+2 D37:-2
root-000029	781	0	1.4162046745527456e-08	1.0216468111325803e-10	1.4162046745527456e-08	9	-2 0 -1 -1 0 -2 -1 -2 -1	V0:-2 V5:-2 V7:-2 D01:-2 D04:-2 D15:+2 D17:+2 D45:+2 D47:+2
root-000029	1521	0	1.4183816493048942e-08	8.309117837913084e-09	1.4183816493048942e-08	9	-1 -1 -1 0 -2 -2 -2 -1 0	V4:-2 V5:-2 V6:-2 D34:+2 D35:+2 D36:+2 D48:-2 D58:-2 D68:-2
root-000029	266	0	1.4264335431312484e-08	1.9866558723604586e-09	1.4264335431312484e-08	9	2 1 2 1 1 0 0 1 2	V0:+2 V2:+2 V8:+2 D05:+2 D06:+2 D25:+2 D26:+2 D58:-2 D68:-2
root-000029	265	0	1.4290284672367053e-08	1.982361557711339e-09	1.4290284672367053e-08	9	-2 -1 -2 -1 -1 0 0 -1 -2	V0:-2 V2:-2 V8:-2 D05:-2 D06:-2 D25:-2 D26:-2 D58:+2 D68:+2
root-000029	727	0	1.4305693168043099e-08	1.013289464733643e-10	1.4305693168043099e-08	9	-2 0 -1 -2 0 -1 -1 -2 -1	V0:-2 V3:-2 V7:-2 D01:-2 D04:-2 D13:+2 D17:+2 D34:-2 D47:+2
root-000029	1504	0	1.4397041313679153e-08	8.826546992208038e-09	1.4397041313679153e-08	9	1 1 1 1 2 2 0 2 0	V4:+2 V5:+2 V7:+2 D46:+2 D48:+2 D56:+2 D58:+2 D67:-2 D78:+2
root-000029	1805	0	1.4401612515125172e-08	6.463654736939315e-09	1.4401612515125172e-08	9	-1 0 -1 -2 -2 -2 0 -1 -1	V3:-2 V4:-2 V5:-2 D13:+2 D14:+2 D15:+2 D36:-2 D46:-2 D56:-2
root-000029	1894	0	1.4471167820676824e-08	7.508398936601781e-11	1.4471167820676824e-08	9	1 0 1 1 0 2 2 2 1	V5:+2 V6:+2 V7:+2 D15:-2 D16:-2 D17:-2 D45:-2 D46:-2 D47:-2
root-000029	1675	0	1.4487701664410863e-08	1.4487701664410863e-08	1.3891499451215601e-08	9	-1 -1 0 0 -1 -2 -2 -1 -2	V5:-2 V6:-2 V8:-2 D25:+2 D26:+2 D28:+2 D35:+2 D36:+2 D38:+2
root-000029	2088	0	1.4524868331780202e-08	3.714774359906459e-14	1.4524868331780202e-08	9	0 2 1 1 1 2 2 0 1	V1:+2 V5:+2 V6:+2 D01:-2 D05:-2 D06:-2 D17:+2 D57:+2 D67:+2
root-000029	765	0	1.455337734153037e-08	1.0587676639945813e-12	1.455337734153037e-08	9	-2 0 -1 -1 -1 -2 0 -1 -2	V0:-2 V5:-2 V8:-2 D01:-2 D06:-2 D15:+2 D18:+2 D56:-2 D68:+2
root-000029	1591	0	1.4588826283518739e-08	1.2414655819609132e-08	1.4588826283518739e-08	9	-1 -1 0 -2 -1 -2 -1 0 -2	V3:-2 V5:-2 V8:-2 D23:+2 D25:+2 D28:+2 D37:-2 D57:-2 D78:+2
root-000029	1905	0	1.459608595935757e-08	1.1799433749729643e-08	1.459608595935757e-08	9	-1 0 -1 0 -2 -2 -1 -1 -2	V4:-2 V5:-2 V8:-2 D14:+2 D15:+2 D18:+2 D34:+2 D35:+2 D38:+2
root-000029	867	0	1.4652913868705332e-08	2.1605832156241755e-15	1.4652913868705332e-08	9	-1 -2 -2 -1 -2 0 -1 -1 0	V1:-2 V2:-2 V4:-2 D15:-2 D18:-2 D25:-2 D28:-2 D45:-2 D48:-2
root-000029	1613	0	1.4750818532835763e-08	4.805352328964336e-09	1.4750818532835763e-08	9	-1 -1 0 -2 0 -2 -1 -1 -2	V3:-2 V5:-2 V8:-2 D23:+2 D25:+2 D28:+2 D34:-2 D45:+2 D48:+2
root-000029	1275	0	1.4770003451631592e-08	7.101612479559001e-09	1.4770003451631592e-08	9	-1 -1 -2 -2 -1 -2 0 -1 0	V2:-2 V3:-2 V5:-2 D26:-2 D28:-2 D36:-2 D38:-2 D56:-2 D58:-2
root-000029	1669	0	1.4805548135355503e-08	1.092930087264164e-09	1.4805548135355503e-08	9	-1 -1 0 0 -2 -1 -2 -1 -2	V4:-2 V6:-2 V8:-2 D24:+2 D26:+2 D28:+2 D34:+2 D36:+2 D38:+2
root-000029	2311	0	1.4809462175572214e-08	9.494510072764912e-09	1.4809462175572214e-08	9	0 -1 -1 -2 -2 0 -1 -2 -1	V3:-2 V4:-2 V7:-2 D03:+2 D04:+2 D07:+2 D35:-2 D45:-2 D57:+2
root-000029	2315	0	1.4833442716103915e-08	4.287739217051008e-09	1.4833442716103915e-08	9	0 -1 -1 -2 -1 -2 -2 -1 0	V3:-2 V5:-2 V6:-2 D03:+2 D05:+2 D06:+2 D38:-2 D58:-2 D68:-2
root-000029	1693	0	1.4972663769879872e-08	1.1568331530223389e-12	1.4972663769879872e-08	9	-1 0 -2 -2 -1 -2 0 -1 -1	V2:-2 V3:-2 V5:-2 D12:+2 D13:+2 D15:+2 D26:-2 D36:-2 D56:-2
root-000029	1749	0	1.4989608057992387e-08	2.5017738698854195e-11	1.4989608057992387e-08	9	-1 0 -2 -1 -1 -2 -1 -2 0	V2:-2 V5:-2 V7:-2 D12:+2 D15:+2 D17:+2 D28:-2 D58:-2 D78:-2
root-000029	2033	0	1.4991571891935843e-08	1.1047624042892132e-08	1.4991571891935843e-08	9	0 -2 -1 -2 -1 -2 0 -1 -1	V1:-2 V3:-2 V5:-2 D01:+2 D03:+2 D05:+2 D16:-2 D36:-2 D56:-2
root-000029	2003	0	1.5111000774935364e-08	2.1484860848572635e-09	1.5111000774935364e-08	9	0 -2 -2 -1 0 -2 -1 -1 -1	V1:-2 V2:-2 V5:-2 D01:+2 D02:+2 D05:+2 D14:-2 D24:-2 D45:+2
root-000029	1234	0	1.512297971506808e-08	4.5956711918464826e-15	1.512297971506808e-08	9	1 2 0 1 0 2 1 1 2	V1:+2 V5:+2 V8:+2 D12:+2 D14:+2 D25:-2 D28:-2 D45:-2 D48:-2
root-000029	1845	0	1.5124718626071017e-08	1.4977591264097536e-08	1.5124718626071017e-08	9	-1 0 -1 -2 -1 0 -2 -1 -2	V3:-2 V6:-2 V8:-2 D13:+2 D16:+2 D18:+2 D35:-2 D56:+2 D58:+2
root-000029	1184	0	1.5146564158586197e-08	1.1528712892314e-14	1.5146564158586197e-08	9	1 2 0 1 2 2 1 0 1	V1:+2 V4:+2 V5:+2 D12:+2 D17:+2 D24:-2 D25:-2 D47:+2 D57:+2
root-000029	703	0	1.5289240501564388e-08	1.3304779596336837e-12	1.5289240501564388e-08	9	-2 0 -1 -2 -1 -2 0 -1 -1	V0:-2 V3:-2 V5:-2 D01:-2 D06:-2 D13:+2 D15:+2 D36:-2 D56:-2
root-000029	1831	0	1.5387394700007004e-08	1.5387394700007004e-08	5.947876490963426e-09	9	-1 0 -1 -2 -1 -2 -1 0 -2	V3:-2 V5:-2 V8:-2 D13:+2 D15:+2 D18:+2 D37:-2 D57:-2 D78:+2
root-000029	57	0	1.539879486291519e-08	7.191439461511718e-15	1.539879486291519e-08	9	-2 -2 -1 -1 -2 0 -1 -1 0	V0:-2 V1:-2 V4:-2 D05:-2 D08:-2 D15:-2 D18:-2 D45:-2 D48:-2
root-000029	58	0	1.545445077948999e-08	7.231491246317969e-15	1.545445077948999e-08	9	2 2 1 1 2 0 1 1 0	V0:+2 V1:+2 V4:+2 D05:+2 D08:+2 D15:+2 D18:+2 D45:+2 D48:+2
root-000029	1856	0	1.5475534218657548e-08	1.5475534218657548e-08	1.234511223815605e-08	9	1 0 1 2 0 1 2 2 1	V3:+2 V6:+2 V7:+2 D13:-2 D16:-2 D17:-2 D34:+2 D46:-2 D47:-2
root-000029	1444	0	1.548302561949326e-08	3.4065819823098336e-11	1.548302561949326e-08	9	1 1 1 2 2 2 0 1 0	V3:+2 V4:+2 V5:+2 D36:+2 D38:+2 D46:+2 D48:+2 D56:+2 D58:+2
root-000029	2320	0	1.548305050204048e-08	3.5536260524245426e-10	1.548305050204048e-08	9	0 1 1 2 1 2 1 2 0	V3:+2 V5:+2 V7:+2 D03:-2 D05:-2 D07:-2 D38:+2 D58:+2 D78:+2
root-000029	2465	0	1.5524786994397218e-08	1.8839861195948246e-10	1.5524786994397218e-08	9	0 0 -2 -1 -2 -1 -1 -2 -1	V2:-2 V4:-2 V7:-2 D02:+2 D04:+2 D07:+2 D12:+2 D14:+2 D17:+2
root-000029	1714	0	1.5560292503640565e-08	1.2964230039655483e-11	1.5560292503640565e-08	9	1 0 2 2 0 2 1 1 1	V2:+2 V3:+2 V5:+2 D12:-2 D13:-2 D15:-2 D24:+2 D34:+2 D45:-2
root-000029	1877	0	1.5560979974178012e-08	1.3755612361926354e-09	1.5560979974178012e-08	9	-1 0 -1 -1 -2 -1 0 -2 -2	V4:-2 V7:-2 V8:-2 D14:+2 D17:+2 D18:+2 D46:-2 D67:+2 D68:+2
root-000029	62	0	1.556792784482931e-08	1.7393677120805298e-13	1.556792784482931e-08	9	2 2 1 1 2 0 0 1 1	V0:+2 V1:+2 V4:+2 D05:+2 D06:+2 D15:+2 D16:+2 D45:+2 D46:+2
root-000029	732	0	1.57228605967771e-08	6.708446484940438e-11	1.57228605967771e-08	9	2 0 1 1 2 2 1 1 0	V0:+2 V4:+2 V5:+2 D01:+2 D08:+2 D14:-2 D15:-2 D48:+2 D58:+2
root-000029	1819	0	1.5738973165393706e-08	9.551955155047908e-09	1.5738973165393706e-08	9	-1 0 -1 -2 -2 0 -2 -1 -1	V3:-2 V4:-2 V6:-2 D13:+2 D14:+2 D16:+2 D35:-2 D45:-2 D56:+2
root-000029	322	0	1.5765716876124783e-08	1.225740308243782e-09	1.5765716876124783e-08	9	2 1 2 0 1 0 1 1 2	V0:+2 V2:+2 V8:+2 D03:+2 D05:+2 D23:+2 D25:+2 D38:-2 D58:-2
root-000029	474	0	1.5899088921354375e-08	8.457530153232465e-09	1.5899088921354375e-08	9	2 1 1 0 2 0 1 1 2	V0:+2 V4:+2 V8:+2 D03:+2 D05:+2 D34:-2 D38:-2 D45:+2 D58:-2
root-000029	1150	0	1.590733453407123e-08	1.590733453407123e-08	1.3121729959954165e-08	9	1 2 0 2 1 2 1 1 0	V1:+2 V3:+2 V5:+2 D12:+2 D18:+2 D23:-2 D25:-2 D38:+2 D58:+2
root-000029	1853	0	1.6027816927832728e-08	7.996748725063881e-10	1.6027816927832728e-08	9	-1 0 -1 -2 0 -2 -1 -1 -2	V3:-2 V5:-2 V8:-2 D13:+2 D15:+2 D18:+2 D34:-2 D45:+2 D48:+2
root-000029	2360	0	1.617125221686633e-08	9.50140580243389e-10	1.617125221686633e-08	9	0 1 1 1 2 2 0 2 1	V4:+2 V5:+2 V7:+2 D04:-2 D05:-2 D07:-2 D46:+2 D56:+2 D67:-2
root-000029	2030	0	1.6175598594389776e-08	1.6175598594389776e-08	1.3467741316715504e-08	9	0 2 1 2 1 2 1 1 0	V1:+2 V3:+2 V5:+2 D01:-2 D03:-2 D05:-2 D18:+2 D38:+2 D58:+2
root-000029	2029	0	1.6177818166847216e-08	1.6177818166847216e-08	1.346755061369081e-08	9	0 -2 -1 -2 -1 -2 -1 -1 0	V1:-2 V3:-2 V5:-2 D01:+2 D03:+2 D05:+2 D18:-2 D38:-2 D58:-2
root-000029	1592	0	1.6203325528374905e-08	1.6203325528374905e-08	1.1640117921612257e-08	9	1 1 0 2 1 2 1 0 2	V3:+2 V5:+2 V8:+2 D23:-2 D25:-2 D28:-2 D37:+2 D57:+2 D78:-2
root-000029	1503	0	1.6226690297052434e-08	8.861480316324742e-14	1.6226690297052434e-08	9	-1 -1 -1 -1 -2 -2 0 -2 0	V4:-2 V5:-2 V7:-2 D46:-2 D48:-2 D56:-2 D58:-2 D67:+2 D78:-2
root-000029	1495	0	1.6407747344750105e-08	1.6407747344750105e-08	1.5969602809546646e-08	9	-1 -1 -1 -2 0 0 -2 -2 -1	V3:-2 V6:-2 V7:-2 D34:-2 D35:-2 D46:+2 D47:+2 D56:+2 D57:+2
root-000029	2253	0	1.6480728613390072e-08	2.6795011704289165e-09	1.6480728613390072e-08	9	0 -1 -2 -1 -1 0 -2 -2 -1	V2:-2 V6:-2 V7:-2 D02:+2 D06:+2 D07:+2 D25:-2 D56:+2 D57:+2
root-000029	371	0	1.6483314786495506e-08	4.166296021852978e-09	1.6483314786495506e-08	9	-2 -1 -1 -2 0 -2 0 -1 -1	V0:-2 V3:-2 V5:-2 D04:-2 D06:-2 D34:-2 D36:-2 D45:+2 D56:-2
root-000029	1915	0	1.6498022188037787e-08	1.6498022188037787e-08	1.4727659380371956e-08	9	-1 0 -1 0 -1 -2 -2 -1 -2	V5:-2 V6:-2 V8:-2 D15:+2 D16:+2 D18:+2 D35:+2 D36:+2 D38:+2
root-000029	1797	0	1.6498271873601774e-08	4.9783542415646914e-11	1.6498271873601774e-08	9	-1 0 -2 0 -1 -1 -2 -1 -2	V2:-2 V6:-2 V8:-2 D12:+2 D16:+2 D18:+2 D23:-2 D36:+2 D38:+2
root-000029	1133	0	1.667208215386182e-08	2.5864165962711424e-13	1.667208215386182e-08	9	-1 -2 -1 0 0 -2 -1 -1 -2	V1:-2 V5:-2 V8:-2 D13:-2 D14:-2 D35:+2 D38:+2 D45:+2 D48:+2
root-000029	666	0	1.6694160450008463e-08	5.304400511301466e-13	1.6694160450008463e-08	9	2 0 2 1 1 1 0 1 2	V0:+2 V2:+2 V8:+2 D01:+2 D06:+2 D12:-2 D18:-2 D26:+2 D68:-2
root-000029	1308	0	1.6803135264527154e-08	1.1540413787538374e-10	1.6803135264527154e-08	9	1 1 2 2 0 1 1 2 0	V2:+2 V3:+2 V7:+2 D24:+2 D28:+2 D34:+2 D38:+2 D47:-2 D78:+2
root-000029	1468	0	1.6805627472830595e-08	1.6805627472830595e-08	1.11916903801392e-08	9	1 1 1 2 1 2 0 2 0	V3:+2 V5:+2 V7:+2 D36:+2 D38:+2 D56:+2 D58:+2 D67:-2 D78:+2
root-000029	2350	0	1.683732117989485e-08	1.683732117989485e-08	1.0610107358794982e-08	9	0 1 1 2 0 1 1 2 2	V3:+2 V7:+2 V8:+2 D03:-2 D07:-2 D08:-2 D34:+2 D47:-2 D48:-2
root-000029	1855	0	1.687253799867917e-08	4.073088351985392e-09	1.687253799867917e-08	9	-1 0 -1 -2 0 -1 -2 -2 -1	V3:-2 V6:-2 V7:-2 D13:+2 D16:+2 D17:+2 D34:-2 D46:+2 D47:+2
root-000029	1771	0	1.6874683022221445e-08	7.791962137416596e-11	1.6874683022221445e-08	9	-1 0 -2 -1 0 -2 -1 -2 -1	V2:-2 V5:-2 V7:-2 D12:+2 D15:+2 D17:+2 D24:-2 D45:+2 D47:+2
root-000029	807	0	1.6923913830805095e-08	5.6178664429816014e-11	1.6923913830805095e-08	9	-2 0 -1 0 -1 -1 -2 -1 -2	V0:-2 V6:-2 V8:-2 D01:-2 D03:-2 D16:+2 D18:+2 D36:+2 D38:+2
root-000029	1709	0	1.6940409940639557e-08	1.0893339139036084e-10	1.6940409940639557e-08	9	-1 0 -2 -2 -1 0 -1 -2 -1	V2:-2 V3:-2 V7:-2 D12:+2 D13:+2 D17:+2 D25:-2 D35:-2 D57:+2
root-000029	1772	0	1.6943284481769993e-08	7.74656427098774e-11	1.6943284481769993e-08	9	1 0 2 1 0 2 1 2 1	V2:+2 V5:+2 V7:+2 D12:-2 D15:-2 D17:-2 D24:+2 D45:-2 D47:-2
root-000029	945	0	1.701946347003805e-08	1.9431603214046485e-09	1.701946347003805e-08	9	-1 -2 -2 0 -1 -1 0 -1 -2	V1:-2 V2:-2 V8:-2 D13:-2 D16:-2 D23:-2 D26:-2 D38:+2 D68:+2
root-000029	378	0	1.7029594094768585e-08	1.161937236839414e-10	1.7029594094768585e-08	9	2 1 1 2 0 1 1 2 0	V0:+2 V3:+2 V7:+2 D04:+2 D08:+2 D34:+2 D38:+2 D47:-2 D78:+2
root-000029	627	0	1.704352520377519e-08	7.698432188666971e-09	1.704352520377519e-08	9	-2 -1 0 0 -1 -1 -2 -1 -2	V0:-2 V6:-2 V8:-2 D02:-2 D03:-2 D26:+2 D28:+2 D36:+2 D38:+2
root-000029	1558	0	1.715605898560719e-08	7.462890206632543e-09	1.715605898560719e-08	9	1 1 1 0 0 2 1 2 2	V5:+2 V7:+2 V8:+2 D35:-2 D37:-2 D38:-2 D45:-2 D47:-2 D48:-2
root-000029	960	0	1.7329007566358953e-08	2.8603349836191485e-09	1.7329007566358953e-08	9	1 2 2 0 0 1 1 1 2	V1:+2 V2:+2 V8:+2 D13:+2 D14:+2 D23:+2 D24:+2 D38:-2 D48:-2
root-000029	808	0	1.753411096853443e-08	4.278800423555484e-11	1.753411096853443e-08	9	2 0 1 0 1 1 2 1 2	V0:+2 V6:+2 V8:+2 D01:+2 D03:+2 D16:-2 D18:-2 D36:-2 D38:-2
root-000029	150	0	1.7536068354565676e-08	2.386084929094162e-11	1.7536068354565676e-08	9	2 2 1 0 0 1 1 1 2	V0:+2 V1:+2 V8:+2 D03:+2 D04:+2 D13:+2 D14:+2 D38:-2 D48:-2
root-000029	674	0	1.7571128211298225e-08	1.5903704328923419e-09	1.7571128211298225e-08	9	2 0 2 1 0 2 1 1 1	V0:+2 V2:+2 V5:+2 D01:+2 D04:+2 D12:-2 D15:-2 D24:+2 D45:-2
root-000029	142	0	1.76635167442913e-08	1.6773170202390614e-08	1.76635167442913e-08	9	2 2 1 0 1 0 1 1 2	V0:+2 V1:+2 V8:+2 D03:+2 D05:+2 D13:+2 D15:+2 D38:-2 D58:-2
root-000029	1550	0	1.7697918876289595e-08	1.8806712200658367e-10	1.7697918876289595e-08	9	1 1 1 0 1 2 0 2 2	V5:+2 V7:+2 V8:+2 D35:-2 D37:-2 D38:-2 D56:+2 D67:-2 D68:-2
root-000029	73	0	1.775440441008597e-08	2.6178920273101893e-10	1.775440441008597e-08	9	-2 -2 -1 -1 -1 -1 0 0 -2	V0:-2 V1:-2 V8:-2 D06:-2 D07:-2 D16:-2 D17:-2 D68:+2 D78:+2
root-000029	2298	0	1.7829271980052005e-08	1.2584605442317686e-08	1.7829271980052005e-08	9	0 1 1 2 2 1 2 1 0	V3:+2 V4:+2 V6:+2 D03:-2 D04:-2 D06:-2 D38:+2 D48:+2 D68:+2
root-000029	1513	0	1.788491405988029e-08	4.036921432932503e-09	1.788491405988029e-08	9	-1 -1 -1 -1 0 -2 -2 -2 0	V5:-2 V6:-2 V7:-2 D45:+2 D46:+2 D47:+2 D58:-2 D68:-2 D78:-2
root-000029	238	0	1.7894008249590266e-08	1.8834673567700988e-13	1.7894008249590266e-08	9	2 1 2 1 2 0 1 1 0	V0:+2 V2:+2 V4:+2 D05:+2 D08:+2 D25:+2 D28:+2 D45:+2 D48:+2
root-000029	1499	0	1.7938905753095364e-08	6.378331309108567e-09	1.7938905753095364e-08	9	-1 -1 -1 -2 0 0 -1 -2 -2	V3:-2 V7:-2 V8:-2 D34:-2 D35:-2 D47:+2 D48:+2 D57:+2 D58:+2
root-000029	2382	0	1.79640532804559e-08	1.79640532804559e-08	7.783564028674016e-09	9	0 1 1 1 1 0 2 2 2	V6:+2 V7:+2 V8:+2 D06:-2 D07:-2 D08:-2 D56:-2 D57:-2 D58:-2
root-000029	1549	0	1.8090848703943384e-08	1.0407935275937739e-10	1.8090848703943384e-08	9	-1 -1 -1 0 -1 -2 0 -2 -2	V5:-2 V7:-2 V8:-2 D35:+2 D37:+2 D38:+2 D56:-2 D67:+2 D68:+2
root-000029	316	0	1.8131620369923658e-08	1.1910370744965681e-09	1.8131620369923658e-08	9	2 1 2 0 1 1 0 1 2	V0:+2 V2:+2 V8:+2 D03:+2 D06:+2 D23:+2 D26:+2 D38:-2 D68:-2
root-000029	728	0	1.8152062919770263e-08	1.0209231030969643e-10	1.8152062919770263e-08	9	2 0 1 2 0 1 1 2 1	V0:+2 V3:+2 V7:+2 D01:+2 D04:+2 D13:-2 D17:-2 D34:+2 D47:-2
root-000029	87	0	1.821071703340434e-08	1.121007110207855e-09	1.821071703340434e-08	9	-2 -2 -1 -1 0 -2 -1 -1 0	V0:-2 V1:-2 V5:-2 D04:-2 D08:-2 D14:-2 D18:-2 D45:+2 D58:-2
root-000029	1497	0	1.822018761465068e-08	6.452048534792377e-11	1.822018761465068e-08	9	-1 -1 -1 -2 0 0 -2 -1 -2	V3:-2 V6:-2 V8:-2 D34:-2 D35:-2 D46:+2 D48:+2 D56:+2 D58:+2
root-000029	1526	0	1.825251073941444e-08	2.9489346863343525e-09	1.825251073941444e-08	9	1 1 1 0 2 2 1 2 0	V4:+2 V5:+2 V7:+2 D34:-2 D35:-2 D37:-2 D48:+2 D58:+2 D78:+2
root-000029	1906	0	1.8311549377245764e-08	1.8311549377245764e-08	1.6986172335805715e-08	9	1 0 1 0 2 2 1 1 2	V4:+2 V5:+2 V8:+2 D14:-2 D15:-2 D18:-2 D34:-2 D35:-2 D38:-2
root-000029	1783	0	1.8349644721326886e-08	8.568591629213841e-11	1.8349644721326886e-08	9	-1 0 -2 0 -2 -1 -2 -1 -1	V2:-2 V4:-2 V6:-2 D12:+2 D14:+2 D16:+2 D23:-2 D34:+2 D36:+2
root-000029	299	0	1.8426991104275557e-08	2.912965030928882e-11	1.8426991104275557e-08	9	-2 -1 -2 0 -1 -2 -1 -1 0	V0:-2 V2:-2 V5:-2 D03:-2 D08:-2 D23:-2 D28:-2 D35:+2 D58:-2
root-000029	1419	0	1.865110149485263e-08	1.4475687429211891e-08	1.865110149485263e-08	9	-1 -1 -2 0 -1 -1 -2 0 -2	V2:-2 V6:-2 V8:-2 D23:-2 D27:-2 D36:+2 D38:+2 D67:-2 D78:+2
root-000029	27	0	1.8658491775062902e-08	1.156683760594456e-09	1.8658491775062902e-08	9	-2 -2 -2 0 -1 0 -1 -1 -1	V0:-2 V1:-2 V2:-2 D03:-2 D05:-2 D13:-2 D15:-2 D23:-2 D25:-2
root-000029	1604	0	1.8798452579943904e-08	1.2100140186952648e-08	1.8798452579943904e-08	9	1 1 0 2 1 0 2 2 1	V3:+2 V6:+2 V7:+2 D23:-2 D26:-2 D27:-2 D35:+2 D56:-2 D57:-2
root-000029	1554	0	1.8824303780126554e-08	7.027239003284215e-13	1.8824303780126554e-08	9	1 1 1 0 0 2 2 2 1	V5:+2 V6:+2 V7:+2 D35:-2 D36:-2 D37:-2 D45:-2 D46:-2 D47:-2
root-000029	329	0	1.902372090953489e-08	2.2630901010568014e-11	1.902372090953489e-08	9	-2 -1 -2 0 0 -1 -1 -1 -2	V0:-2 V2:-2 V8:-2 D03:-2 D04:-2 D23:-2 D24:-2 D38:+2 D48:+2
root-000029	672	0	1.9208387231828646e-08	1.9208387231828646e-08	1.1554699207060718e-08	9	2 0 2 1 1 0 1 1 2	V0:+2 V2:+2 V8:+2 D01:+2 D05:+2 D12:-2 D18:-2 D25:+2 D58:-2
root-000029	1471	0	1.9379288968312147e-08	3.3823065611568663e-09	1.9379288968312147e-08	9	-1 -1 -1 -2 -1 0 -2 -2 0	V3:-2 V6:-2 V7:-2 D35:-2 D38:-2 D56:+2 D57:+2 D68:-2 D78:-2
root-000029	1233	0	1.9452653406771586e-08	1.1802932336424324e-14	1.9452653406771586e-08	9	-1 -2 0 -1 0 -2 -1 -1 -2	V1:-2 V5:-2 V8:-2 D12:-2 D14:-2 D25:+2 D28:+2 D45:+2 D48:+2
root-000029	1662	0	1.9562671913494182e-08	1.4258156923143554e-08	1.9562671913494182e-08	9	1 1 0 0 2 2 2 1 1	V4:+2 V5:+2 V6:+2 D24:-2 D25:-2 D26:-2 D34:-2 D35:-2 D36:-2
root-000029	323	0	1.9606507057470957e-08	4.4953494921148483e-11	1.9606507057470957e-08	9	-2 -1 -2 0 0 -2 -1 -1 -1	V0:-2 V2:-2 V5:-2 D03:-2 D04:-2 D23:-2 D24:-2 D35:+2 D45:+2
root-000029	1141	0	1.9629754087647507e-08	4.2178870983086635e-09	1.9629754087647507e-08	9	-1 -2 0 -2 -2 -1 -1 -1 0	V1:-2 V3:-2 V4:-2 D12:-2 D18:-2 D23:+2 D24:+2 D38:-2 D48:-2
root-000029	2390	0	1.965045364997981e-08	1.965045364997981e-08	1.62398738615304e-08	9	0 1 1 1 0 1 2 2 2	V6:+2 V7:+2 V8:+2 D06:-2 D07:-2 D08:-2 D46:-2 D47:-2 D48:-2
root-000029	2113	0	1.965689275074964e-08	1.0984583389297867e-14	1.965689275074964e-08	9	0 -2 -1 -1 0 -2 -1 -1 -2	V1:-2 V5:-2 V8:-2 D01:+2 D05:+2 D08:+2 D14:-2 D45:+2 D48:+2
root-000029	2114	0	1.9662064871540067e-08	1.0716166136269297e-14	1.9662064871540067e-08	9	0 2 1 1 0 2 1 1 2	V1:+2 V5:+2 V8:+2 D01:-2 D05:-2 D08:-2 D14:+2 D45:-2 D48:-2
root-000029	2021	0	2.0030085366730106e-08	4.57689904101013e-09	2.0030085366730106e-08	9	0 -2 -1 -2 -2 -1 -1 -1 0	V1:-2 V3:-2 V4:-2 D01:+2 D03:+2 D04:+2 D18:-2 D38:-2 D48:-2
root-000029	2405	0	2.0085489582038224e-08	1.8637152306338004e-08	2.0085489582038224e-08	9	0 -1 -1 0 -1 -2 -2 -1 -2	V5:-2 V6:-2 V8:-2 D05:+2 D06:+2 D08:+2 D35:+2 D36:+2 D38:+2
root-000029	1796	0	2.011476515349604e-08	1.9389742341108213e-10	2.011476515349604e-08	9	1 0 2 0 1 1 2 2 1	V2:+2 V6:+2 V7:+2 D12:-2 D16:-2 D17:-2 D23:+2 D36:-2 D37:-2
root-000029	793	0	2.0229927331951434e-08	1.0909232562532941e-10	2.0229927331951434e-08	9	-2 0 -1 0 -2 -1 -2 -1 -1	V0:-2 V4:-2 V6:-2 D01:-2 D03:-2 D14:+2 D16:+2 D34:+2 D36:+2
root-000029	423	0	2.0484804706469092e-08	1.3324383143428763e-08	2.0484804706469092e-08	9	-2 -1 -1 -1 -1 0 -2 0 -2	V0:-2 V6:-2 V8:-2 D05:-2 D07:-2 D56:+2 D58:+2 D67:-2 D78:+2
root-000029	85	0	2.0543644483854423e-08	1.8550592165059695e-09	2.0543644483854423e-08	9	-2 -2 -1 -1 -1 0 0 -1 -2	V0:-2 V1:-2 V8:-2 D05:-2 D06:-2 D15:-2 D16:-2 D58:+2 D68:+2
root-000029	86	0	2.0550311859725867e-08	1.8584763225290641e-09	2.0550311859725867e-08	9	2 2 1 1 1 0 0 1 2	V0:+2 V1:+2 V8:+2 D05:+2 D06:+2 D15:+2 D16:+2 D58:-2 D68:-2
root-000029	1838	0	2.0743358784589696e-08	2.665882585768834e-10	2.0743358784589696e-08	9	1 0 1 2 1 1 2 2 0	V3:+2 V6:+2 V7:+2 D13:-2 D16:-2 D17:-2 D38:+2 D68:+2 D78:+2
root-000029	923	0	2.0760890867719273e-08	1.8543589984634013e-09	2.0760890867719273e-08	9	-1 -2 -2 0 -2 -1 -1 0 -1	V1:-2 V2:-2 V4:-2 D13:-2 D17:-2 D23:-2 D27:-2 D34:+2 D47:-2
root-000029	1595	0	2.0954572611208017e-08	1.44480301362799e-08	2.0954572611208017e-08	9	-1 -1 0 -2 -1 -2 0 -1 -2	V3:-2 V5:-2 V8:-2 D23:+2 D25:+2 D28:+2 D36:-2 D56:-2 D68:+2
root-000029	1479	0	2.10752789849856e-08	1.0664892959275434e-08	2.10752789849856e-08	9	-1 -1 -1 -2 0 -2 -2 0 -1	V3:-2 V5:-2 V6:-2 D34:-2 D37:-2 D45:+2 D46:+2 D57:-2 D67:-2
root-000029	2319	0	2.1117226108234266e-08	2.1117226108234266e-08	1.4875633707061255e-08	9	0 -1 -1 -2 -1 -2 -1 -2 0	V3:-2 V5:-2 V7:-2 D03:+2 D05:+2 D07:+2 D38:-2 D58:-2 D78:-2
root-000029	88	0	2.1241794837140972e-08	1.90480781080318e-10	2.1241794837140972e-08	9	2 2 1 1 0 2 1 1 0	V0:+2 V1:+2 V5:+2 D04:+2 D08:+2 D14:+2 D18:+2 D45:-2 D58:+2
root-000029	1478	0	2.131159336859817e-08	1.163157676531754e-08	2.131159336859817e-08	9	1 1 1 2 0 2 2 1 0	V3:+2 V5:+2 V6:+2 D34:+2 D38:+2 D45:-2 D46:-2 D58:+2 D68:+2
root-000029	868	0	2.1419782259357987e-08	3.741715705254199e-13	2.1419782259357987e-08	9	1 2 2 1 2 0 1 1 0	V1:+2 V2:+2 V4:+2 D15:+2 D18:+2 D25:+2 D28:+2 D45:+2 D48:+2
root-000029	463	0	2.1461607011503436e-08	1.8708424170344398e-09	2.1461607011503436e-08	9	-2 -1 -1 0 -2 -1 -1 0 -2	V0:-2 V4:-2 V8:-2 D03:-2 D07:-2 D34:+2 D38:+2 D47:-2 D78:+2
root-000029	1699	0	2.1464693728094657e-08	2.4446305468469135e-11	2.1464693728094657e-08	9	-1 0 -2 -2 -1 -1 -1 -2 0	V2:-2 V3:-2 V7:-2 D12:+2 D13:+2 D17:+2 D28:-2 D38:-2 D78:-2
root-000029	1178	0	2.1578768007159112e-08	1.9073776236348134e-09	2.1578768007159112e-08	9	1 2 0 2 0 1 1 2 1	V1:+2 V3:+2 V7:+2 D12:+2 D14:+2 D23:-2 D27:-2 D34:+2 D47:-2
root-000029	1517	0	2.160435765001177e-08	1.805974068756308e-09	2.160435765001177e-08	9	-1 -1 -1 -1 0 -2 0 -2 -2	V5:-2 V7:-2 V8:-2 D45:+2 D47:+2 D48:+2 D56:-2 D67:+2 D68:+2
root-000029	2404	0	2.1673031536632183e-08	1.3708314175435861e-08	2.1673031536632183e-08	9	0 1 1 0 1 2 2 2 1	V5:+2 V6:+2 V7:+2 D05:-2 D06:-2 D07:-2 D35:-2 D36:-2 D37:-2
root-000029	1618	0	2.1827014884655645e-08	2.1827014884655645e-08	1.1856519273634444e-08	9	1 1 0 2 0 1 2 1 2	V3:+2 V6:+2 V8:+2 D23:-2 D26:-2 D28:-2 D34:+2 D46:-2 D48:-2
root-000029	2427	0	2.1860288480479245e-08	2.1860288480479245e-08	1.0303289599165801e-10	9	0 -1 0 -2 -1 -1 -2 -1 -2	V3:-2 V6:-2 V8:-2 D03:+2 D06:+2 D08:+2 D23:+2 D26:+2 D28:+2
root-000029	1462	0	2.2061678978181043e-08	4.649208101733568e-10	2.2061678978181043e-08	9	1 1 1 2 2 0 0 2 1	V3:+2 V4:+2 V7:+2 D35:+2 D36:+2 D45:+2 D46:+2 D57:-2 D67:-2
root-000029	1571	0	2.2196497374050886e-08	1.2812860360117529e-08	2.2196497374050886e-08	9	-1 -1 0 -2 -2 -1 -1 -2 0	V3:-2 V4:-2 V7:-2 D23:+2 D24:+2 D27:+2 D38:-2 D48:-2 D78:-2
root-000029	1700	0	2.237439755358206e-08	2.1103693977350024e-11	2.237439755358206e-08	9	1 0 2 2 1 1 1 2 0	V2:+2 V3:+2 V7:+2 D12:-2 D13:-2 D17:-2 D28:+2 D38:+2 D78:+2
root-000029	1664	0	2.2480584180760538e-08	1.3570541482728322e-08	2.2480584180760538e-08	9	1 1 0 0 2 2 1 2 1	V4:+2 V5:+2 V7:+2 D24:-2 D25:-2 D27:-2 D34:-2 D35:-2 D37:-2
root-000029	1302	0	2.2549509872942116e-08	1.382069374150214e-08	2.2549509872942116e-08	9	1 1 2 2 0 2 0 1 1	V2:+2 V3:+2 V5:+2 D24:+2 D26:+2 D34:+2 D36:+2 D45:-2 D56:+2
root-000029	74	0	2.264364614042169e-08	5.496645273113323e-10	2.264364614042169e-08	9	2 2 1 1 1 1 0 0 2	V0:+2 V1:+2 V8:+2 D06:+2 D07:+2 D16:+2 D17:+2 D68:-2 D78:-2
root-000029	1424	0	2.2726937110625466e-08	4.635550357725683e-09	2.2726937110625466e-08	9	1 1 2 0 1 0 2 2 1	V2:+2 V6:+2 V7:+2 D23:+2 D25:+2 D36:-2 D37:-2 D56:-2 D57:-2
root-000029	1917	0	2.2729264346778408e-08	1.3287432439481593e-08	2.2729264346778408e-08	9	-1 0 -1 0 -1 -2 -1 -2 -2	V5:-2 V7:-2 V8:-2 D15:+2 D17:+2 D18:+2 D35:+2 D37:+2 D38:+2
root-000029	1480	0	2.287353590856783e-08	6.378277703389436e-10	2.287353590856783e-08	9	1 1 1 2 0 2 2 0 1	V3:+2 V5:+2 V6:+2 D34:+2 D37:+2 D45:-2 D46:-2 D57:+2 D67:+2
root-000029	1821	0	2.289875461194041e-08	2.289875461194041e-08	2.1425035830371587e-08	9	-1 0 -1 -2 -2 0 -1 -2 -1	V3:-2 V4:-2 V7:-2 D13:+2 D14:+2 D17:+2 D35:-2 D45:-2 D57:+2
root-000029	1755	0	2.30106598983164e-08	6.489030244475337e-12	2.30106598983164e-08	9	-1 0 -2 -1 -1 -2 0 -1 -2	V2:-2 V5:-2 V8:-2 D12:+2 D15:+2 D18:+2 D26:-2 D56:-2 D68:+2
root-000029	857	0	2.322558519500181e-08	7.2187565733506115e-09	2.322558519500181e-08	9	-1 -2 -2 -2 0 -1 0 -1 -1	V1:-2 V2:-2 V3:-2 D14:-2 D16:-2 D24:-2 D26:-2 D34:-2 D36:-2
root-000029	1612	0	2.3228299111672295e-08	1.067057878887697e-08	2.3228299111672295e-08	9	1 1 0 2 0 2 1 2 1	V3:+2 V5:+2 V7:+2 D23:-2 D25:-2 D27:-2 D34:+2 D45:-2 D47:-2
root-000029	1477	0	2.3427922039035432e-08	1.0114760944673991e-08	2.3427922039035432e-08	9	-1 -1 -1 -2 0 -2 -2 -1 0	V3:-2 V5:-2 V6:-2 D34:-2 D38:-2 D45:+2 D46:+2 D58:-2 D68:-2
root-000029	2367	0	2.3456508269422438e-08	2.3456508269422438e-08	2.1575276156838766e-08	9	0 -1 -1 -1 -2 -1 0 -2 -2	V4:-2 V7:-2 V8:-2 D04:+2 D07:+2 D08:+2 D46:-2 D67:+2 D68:+2
root-000029	2371	0	2.3598914281892433e-08	2.3598914281892433e-08	1.1610185901985922e-08	9	0 -1 -1 -1 -2 0 -2 -1 -2	V4:-2 V6:-2 V8:-2 D04:+2 D06:+2 D08:+2 D45:-2 D56:+2 D58:+2
root-000029	1491	0	2.3662588370701964e-08	3.304593511910404e-10	2.3662588370701964e-08	9	-1 -1 -1 -2 0 -1 -2 0 -2	V3:-2 V6:-2 V8:-2 D34:-2 D37:-2 D46:+2 D48:+2 D67:-2 D78:+2
root-000029	370	0	2.3691177574688936e-08	3.7898087306981094e-10	2.3691177574688936e-08	9	2 1 1 2 0 2 1 0 1	V0:+2 V3:+2 V5:+2 D04:+2 D07:+2 D34:+2 D37:+2 D45:-2 D57:+2
root-000029	1918	0	2.3691870377031537e-08	2.3691870377031537e-08	9.903398186444863e-09	9	1 0 1 0 1 2 1 2 2	V5:+2 V7:+2 V8:+2 D15:-2 D17:-2 D18:-2 D35:-2 D37:-2 D38:-2
root-000029	1652	0	2.3724455758062007e-08	2.3724455758062007e-08	1.3486025736802174e-08	9	1 1 0 1 1 0 2 2 2	V6:+2 V7:+2 V8:+2 D26:-2 D27:-2 D28:-2 D56:-2 D57:-2 D58:-2
root-000029	1784	0	2.3844979213970147e-08	1.420956279182081e-10	2.3844979213970147e-08	9	1 0 2 0 2 1 2 1 1	V2:+2 V4:+2 V6:+2 D12:-2 D14:-2 D16:-2 D23:+2 D34:-2 D36:-2
root-000029	121	0	2.3947009230069027e-08	2.267700832067045e-08	2.3947009230069027e-08	9	-2 -2 -1 0 -1 -2 -1 0 -1	V0:-2 V1:-2 V5:-2 D03:-2 D07:-2 D13:-2 D17:-2 D35:+2 D57:-2
root-000029	1538	0	2.400565312670445e-08	3.459556743647518e-10	2.400565312670445e-08	9	1 1 1 0 2 1 0 2 2	V4:+2 V7:+2 V8:+2 D34:-2 D37:-2 D38:-2 D46:+2 D67:-2 D68:-2
root-000029	1581	0	2.404167847343286e-08	1.951459444226465e-08	2.404167847343286e-08	9	-1 -1 0 -2 -2 0 -1 -2 -1	V3:-2 V4:-2 V7:-2 D23:+2 D24:+2 D27:+2 D35:-2 D45:-2 D57:+2
root-000029	1852	0	2.4098149981499712e-08	1.87300586158452e-08	2.4098149981499712e-08	9	1 0 1 2 0 2 1 2 1	V3:+2 V5:+2 V7:+2 D13:-2 D15:-2 D17:-2 D34:+2 D45:-2 D47:-2
root-000029	1682	0	2.4207798670489347e-08	1.3301514074003988e-12	2.4207798670489347e-08	9	1 0 2 2 2 1 1 1 0	V2:+2 V3:+2 V4:+2 D12:-2 D13:-2 D14:-2 D28:+2 D38:+2 D48:+2
root-000029	1472	0	2.4261255791975468e-08	5.238753838477903e-09	2.4261255791975468e-08	9	1 1 1 2 1 0 2 2 0	V3:+2 V6:+2 V7:+2 D35:+2 D38:+2 D56:-2 D57:-2 D68:+2 D78:+2
root-000029	2335	0	2.4307751446891428e-08	2.4307751446891428e-08	9.778513497040394e-09	9	0 -1 -1 -2 -1 0 -2 -1 -2	V3:-2 V6:-2 V8:-2 D03:+2 D06:+2 D08:+2 D35:-2 D56:+2 D58:+2
root-000029	648	0	2.4483969387312713e-08	2.900814766579031e-10	2.4483969387312713e-08	9	2 0 2 1 2 0 1 1 1	V0:+2 V2:+2 V4:+2 D01:+2 D05:+2 D12:-2 D14:-2 D25:+2 D45:+2
root-000029	1676	0	2.448475302604833e-08	2.125313150629815e-08	2.448475302604833e-08	9	1 1 0 0 1 2 2 1 2	V5:+2 V6:+2 V8:+2 D25:-2 D26:-2 D28:-2 D35:-2 D36:-2 D38:-2
root-000029	123	0	2.4562293379232806e-08	2.2370205822619165e-08	2.4562293379232806e-08	9	-2 -2 -1 0 -1 -2 0 -1 -1	V0:-2 V1:-2 V5:-2 D03:-2 D06:-2 D13:-2 D16:-2 D35:+2 D56:-2
root-000029	1516	0	2.4621278442154635e-08	3.845199851867591e-09	2.4621278442154635e-08	9	1 1 1 1 0 2 2 0 2	V5:+2 V6:+2 V8:+2 D45:-2 D46:-2 D48:-2 D57:+2 D67:+2 D78:-2
root-000029	2394	0	2.4658040027858696e-08	1.4858928801071968e-08	2.4658040027858696e-08	9	0 1 1 0 2 2 1 2 1	V4:+2 V5:+2 V7:+2 D04:-2 D05:-2 D07:-2 D34:-2 D35:-2 D37:-2
root-000029	169	0	2.4709480615934864e-08	6.662198949299737e-09	2.4709480615934864e-08	9	-2 -2 0 -1 -1 -2 -1 -1 0	V0:-2 V1:-2 V5:-2 D02:-2 D08:-2 D12:-2 D18:-2 D25:+2 D58:-2
root-000029	170	0	2.4722700204624234e-08	6.5921939290251334e-09	2.4722700204624234e-08	9	2 2 0 1 1 2 1 1 0	V0:+2 V1:+2 V5:+2 D02:+2 D08:+2 D12:+2 D18:+2 D25:-2 D58:+2
root-000029	1900	0	2.482158771123457e-08	2.482158771123457e-08	1.2808742299392963e-08	9	1 0 1 1 0 1 2 2 2	V6:+2 V7:+2 V8:+2 D16:-2 D17:-2 D18:-2 D46:-2 D47:-2 D48:-2
root-000029	1815	0	2.482311874575595e-08	2.482311874575595e-08	2.1142396042853672e-08	9	-1 0 -1 -2 -2 -1 0 -2 -1	V3:-2 V4:-2 V7:-2 D13:+2 D14:+2 D17:+2 D36:-2 D46:-2 D67:+2
root-000029	782	0	2.4861517048161045e-08	2.6017983654527993e-12	2.4861517048161045e-08	9	2 0 1 1 0 2 1 2 1	V0:+2 V5:+2 V7:+2 D01:+2 D04:+2 D15:-2 D17:-2 D45:-2 D47:-2
root-000029	1301	0	2.5235193417351198e-08	3.152353520833855e-09	2.5235193417351198e-08	9	-1 -1 -2 -2 0 -2 0 -1 -1	V2:-2 V3:-2 V5:-2 D24:-2 D26:-2 D34:-2 D36:-2 D45:+2 D56:-2
root-000029	312	0	2.5392808375289766e-08	1.343890784078406e-11	2.5392808375289766e-08	9	2 1 2 0 1 1 1 0 2	V0:+2 V2:+2 V8:+2 D03:+2 D07:+2 D23:+2 D27:+2 D38:-2 D78:-2
root-000029	1878	0	2.5413604347498878e-08	4.872142447439136e-09	2.5413604347498878e-08	9	1 0 1 1 2 1 0 2 2	V4:+2 V7:+2 V8:+2 D14:-2 D17:-2 D18:-2 D46:+2 D67:-2 D68:-2
root-000029	1710	0	2.5477486975476044e-08	1.9356695915070354e-10	2.5477486975476044e-08	9	1 0 2 2 1 0 1 2 1	V2:+2 V3:+2 V7:+2 D12:-2 D13:-2 D17:-2 D25:+2 D35:+2 D57:-2
root-000029	1799	0	2.559507714998333e-08	7.395342560619607e-11	2.559507714998333e-08	9	-1 0 -2 0 -1 -1 -1 -2 -2	V2:-2 V7:-2 V8:-2 D12:+2 D17:+2 D18:+2 D23:-2 D37:+2 D38:+2
root-000029	1142	0	2.5595131093426924e-08	1.2118681741318744e-11	2.5595131093426924e-08	9	1 2 0 2 2 1 1 1 0	V1:+2 V3:+2 V4:+2 D12:+2 D18:+2 D23:-2 D24:-2 D38:+2 D48:+2
root-000029	2368	0	2.559632223654159e-08	5.098119915723306e-09	2.559632223654159e-08	9	0 1 1 1 2 1 0 2 2	V4:+2 V7:+2 V8:+2 D04:-2 D07:-2 D08:-2 D46:+2 D67:-2 D68:-2
root-000029	239	0	2.5614410586505715e-08	1.668710338256718e-09	2.5614410586505715e-08	9	-2 -1 -2 -1 -2 0 -1 0 -1	V0:-2 V2:-2 V4:-2 D05:-2 D07:-2 D25:-2 D27:-2 D45:-2 D47:-2
root-000029	1598	0	2.5639550853427112e-08	2.4742490996931453e-08	2.5639550853427112e-08	9	1 1 0 2 1 1 2 2 0	V3:+2 V6:+2 V7:+2 D23:-2 D26:-2 D27:-2 D38:+2 D68:+2 D78:+2
root-000029	2346	0	2.5677830901355505e-08	2.5677830901355505e-08	2.260697671521885e-08	9	0 1 1 2 0 1 2 2 1	V3:+2 V6:+2 V7:+2 D03:-2 D06:-2 D07:-2 D34:+2 D46:-2 D47:-2
root-000029	2406	0	2.5790325747753717e-08	2.5790325747753717e-08	2.0750642042292696e-08	9	0 1 1 0 1 2 2 1 2	V5:+2 V6:+2 V8:+2 D05:-2 D06:-2 D08:-2 D35:-2 D36:-2 D38:-2
root-000029	2323	0	2.5812629387393743e-08	2.5812629387393743e-08	1.6205188398240718e-08	9	0 -1 -1 -2 -1 -2 0 -2 -1	V3:-2 V5:-2 V7:-2 D03:+2 D05:+2 D07:+2 D36:-2 D56:-2 D67:+2
root-000029	1742	0	2.5824455806094273e-08	7.787898738667884e-10	2.5824455806094273e-08	9	1 0 2 1 2 0 1 2 1	V2:+2 V4:+2 V7:+2 D12:-2 D14:-2 D17:-2 D25:+2 D45:+2 D57:-2
root-000029	2022	0	2.587164160051542e-08	1.2632184036543043e-11	2.587164160051542e-08	9	0 2 1 2 2 1 1 1 0	V1:+2 V3:+2 V4:+2 D01:-2 D03:-2 D04:-2 D18:+2 D38:+2 D48:+2
root-000029	1826	0	2.601862392608635e-08	2.601862392608635e-08	1.8123892697645706e-08	9	1 0 1 2 1 2 2 1 0	V3:+2 V5:+2 V6:+2 D13:-2 D15:-2 D16:-2 D38:+2 D58:+2 D68:+2
root-000029	1505	0	2.6101221366508547e-08	2.7318742974149876e-10	2.6101221366508547e-08	9	-1 -1 -1 -1 -2 -2 0 0 -2	V4:-2 V5:-2 V8:-2 D46:-2 D47:-2 D56:-2 D57:-2 D68:+2 D78:+2
root-000029	1507	0	2.61099867111014e-08	2.61099867111014e-08	1.4285389127112812e-08	9	-1 -1 -1 -1 -2 0 -2 -2 0	V4:-2 V6:-2 V7:-2 D45:-2 D48:-2 D56:+2 D57:+2 D68:-2 D78:-2
root-000029	892	0	2.630727768934548e-08	2.630727768934548e-08	2.2298151561474792e-08	9	1 2 2 1 1 0 1 0 2	V1:+2 V2:+2 V8:+2 D15:+2 D17:+2 D25:+2 D27:+2 D58:-2 D78:-2
root-000029	2054	0	2.638656763025853e-08	2.638656763025853e-08	1.740462891651706e-08	9	0 2 1 2 0 2 1 1 1	V1:+2 V3:+2 V5:+2 D01:-2 D03:-2 D05:-2 D14:+2 D34:+2 D45:-2
root-000029	871	0	2.6403490641540245e-08	2.4241470911816517e-09	2.6403490641540245e-08	9	-1 -2 -2 -1 -2 0 0 -1 -1	V1:-2 V2:-2 V4:-2 D15:-2 D16:-2 D25:-2 D26:-2 D45:-2 D46:-2
root-000029	1969	0	2.6515462295245964e-08	2.6515462295245964e-08	2.4406165035298778e-08	9	0 -2 -2 -2 0 -1 -1 -1 -1	V1:-2 V2:-2 V3:-2 D01:+2 D02:+2 D03:+2 D14:-2 D24:-2 D34:-2
root-000029	529	0	2.6588852005491837e-08	1.5199476089956196e-10	2.6588852005491837e-08	9	-2 -1 0 -2 -1 -1 -1 -2 0	V0:-2 V3:-2 V7:-2 D02:-2 D08:-2 D23:+2 D27:+2 D38:-2 D78:-2
root-000029	524	0	2.6639823680341124e-08	8.046074746467784e-09	2.6639823680341124e-08	9	2 1 0 2 1 2 0 1 1	V0:+2 V3:+2 V5:+2 D02:+2 D06:+2 D23:-2 D25:-2 D36:+2 D56:+2
root-000029	1585	0	2.6758782000973798e-08	2.6758782000973798e-08	1.7862343711244836e-08	9	-1 -1 0 -2 -1 -2 -2 -1 0	V3:-2 V5:-2 V6:-2 D23:+2 D25:+2 D26:+2 D38:-2 D58:-2 D68:-2
root-000029	801	0	2.6771130479922506e-08	2.429286504550832e-11	2.6771130479922506e-08	9	-2 0 -1 0 -1 -2 -1 -2 -1	V0:-2 V5:-2 V7:-2 D01:-2 D03:-2 D15:+2 D17:+2 D35:+2 D37:+2
root-000029	1584	0	2.677280418572989e-08	2.677280418572989e-08	5.524824763211879e-09	9	1 1 0 2 2 0 1 1 2	V3:+2 V4:+2 V8:+2 D23:-2 D24:-2 D28:-2 D35:+2 D45:+2 D58:-2
root-000029	1210	0	2.6894006538693355e-08	2.6894006538693355e-08	2.0111869122374016e-08	9	1 2 0 1 1 2 1 2 0	V1:+2 V5:+2 V7:+2 D12:+2 D18:+2 D25:-2 D27:-2 D58:+2 D78:+2
root-000029	304	0	2.6916735672631345e-08	5.6514152057504775e-11	2.6916735672631345e-08	9	2 1 2 0 1 2 0 1 1	V0:+2 V2:+2 V5:+2 D03:+2 D06:+2 D23:+2 D26:+2 D35:-2 D56:+2
root-000029	1159	0	2.693331826123739e-08	2.693331826123739e-08	2.0132375177544295e-08	9	-1 -2 0 -2 -1 -1 -1 -2 0	V1:-2 V3:-2 V7:-2 D12:-2 D18:-2 D23:+2 D27:+2 D38:-2 D78:-2
root-000029	1537	0	2.707423856099422e-08	7.55697389383972e-11	2.707423856099422e-08	9	-1 -1 -1 0 -2 -1 0 -2 -2	V4:-2 V7:-2 V8:-2 D34:+2 D37:+2 D38:+2 D46:-2 D67:+2 D68:+2
root-000029	809	0	2.7089616484748217e-08	7.992424119573807e-11	2.7089616484748217e-08	9	-2 0 -1 0 -1 -1 -1 -2 -2	V0:-2 V7:-2 V8:-2 D01:-2 D03:-2 D17:+2 D18:+2 D37:+2 D38:+2
root-000029	1835	0	2.719158872138769e-08	2.218693045375742e-08	2.719158872138769e-08	9	-1 0 -1 -2 -1 -2 0 -1 -2	V3:-2 V5:-2 V8:-2 D13:+2 D15:+2 D18:+2 D36:-2 D56:-2 D68:+2
root-000029	167	0	2.7399357301350835e-08	2.3957076557459875e-12	2.7399357301350835e-08	9	-2 -2 0 -1 -2 0 -1 -1 -1	V0:-2 V1:-2 V4:-2 D02:-2 D05:-2 D12:-2 D15:-2 D24:+2 D45:-2
root-000029	2395	0	2.746980805980743e-08	2.746980805980743e-08	1.1139332510379376e-08	9	0 -1 -1 0 -2 -2 -1 -1 -2	V4:-2 V5:-2 V8:-2 D04:+2 D05:+2 D08:+2 D34:+2 D35:+2 D38:+2
root-000029	2403	0	2.7622884806205573e-08	2.7622884806205573e-08	1.0312845316231904e-08	9	0 -1 -1 0 -1 -2 -2 -2 -1	V5:-2 V6:-2 V7:-2 D05:+2 D06:+2 D07:+2 D35:+2 D36:+2 D37:+2
root-000029	1637	0	2.7657870175053785e-08	7.528773288023457e-09	2.7657870175053785e-08	9	-1 -1 0 -1 -2 -1 0 -2 -2	V4:-2 V7:-2 V8:-2 D24:+2 D27:+2 D28:+2 D46:-2 D67:+2 D68:+2
root-000029	750	0	2.7695217318607715e-08	2.494587737131232e-09	2.7695217318607715e-08	9	2 0 1 1 2 0 2 1 1	V0:+2 V4:+2 V6:+2 D01:+2 D05:+2 D14:-2 D16:-2 D45:+2 D56:-2
root-000029	2184	0	2.771358663231498e-08	4.290825347114971e-11	2.771358663231498e-08	9	0 1 2 2 1 2 0 1 1	V2:+2 V3:+2 V5:+2 D02:-2 D03:-2 D05:-2 D26:+2 D36:+2 D56:+2
root-000029	2090	0	2.774142589023288e-08	2.774142589023288e-08	2.0759502629204583e-08	9	0 2 1 1 1 2 1 2 0	V1:+2 V5:+2 V7:+2 D01:-2 D05:-2 D07:-2 D18:+2 D58:+2 D78:+2
root-000029	2306	0	2.7742327061894054e-08	7.216176492188024e-09	2.7742327061894054e-08	9	0 1 1 2 2 1 0 2 1	V3:+2 V4:+2 V7:+2 D03:-2 D04:-2 D07:-2 D36:+2 D46:+2 D67:-2
root-000029	2434	0	2.7996438952710183e-08	2.7996438952710183e-08	1.4848520287402602e-08	9	0 1 0 1 2 2 1 2 1	V4:+2 V5:+2 V7:+2 D04:-2 D05:-2 D07:-2 D24:-2 D25:-2 D27:-2
root-000029	1743	0	2.8173393674613825e-08	2.12322159108078e-08	2.8173393674613825e-08	9	-1 0 -2 -1 -2 0 -1 -1 -2	V2:-2 V4:-2 V8:-2 D12:+2 D14:+2 D18:+2 D25:-2 D45:-2 D58:+2
root-000029	1653	0	2.818959046795747e-08	2.3419087439204835e-08	2.818959046795747e-08	9	-1 -1 0 -1 0 -2 -2 -2 -1	V5:-2 V6:-2 V7:-2 D25:+2 D26:+2 D27:+2 D45:+2 D46:+2 D47:+2
root-000029	2322	0	2.8269595212539513e-08	2.8269595212539513e-08	1.688535698093491e-08	9	0 1 1 2 1 2 1 0 2	V3:+2 V5:+2 V8:+2 D03:-2 D05:-2 D08:-2 D37:+2 D57:+2 D78:-2
root-000029	1663	0	2.8324704432968774e-08	2.1713085260122122e-08	2.8324704432968774e-08	9	-1 -1 0 0 -2 -2 -1 -2 -1	V4:-2 V5:-2 V7:-2 D24:+2 D25:+2 D27:+2 D34:+2 D35:+2 D37:+2
root-000029	471	0	2.8324777279689216e-08	1.5386666295906093e-08	2.8324777279689216e-08	9	-2 -1 -1 0 -2 0 -1 -2 -1	V0:-2 V4:-2 V7:-2 D03:-2 D05:-2 D34:+2 D37:+2 D45:-2 D57:+2
root-000029	635	0	2.8435181790855232e-08	1.3028339476121164e-12	2.8435181790855232e-08	9	-2 0 -2 -2 -1 -1 0 -1 -1	V0:-2 V2:-2 V3:-2 D01:-2 D06:-2 D12:+2 D13:+2 D26:-2 D36:-2
root-000029	2351	0	2.8575036827652517e-08	1.2258086655313004e-08	2.8575036827652517e-08	9	0 -1 -1 -1 -2 -2 -2 -1 0	V4:-2 V5:-2 V6:-2 D04:+2 D05:+2 D06:+2 D48:-2 D58:-2 D68:-2
root-000029	2301	0	2.863940075462474e-08	1.079968075323616e-08	2.863940075462474e-08	9	0 -1 -1 -2 -2 -1 -1 -2 0	V3:-2 V4:-2 V7:-2 D03:+2 D04:+2 D07:+2 D38:-2 D48:-2 D78:-2
root-000029	1910	0	2.8681974519904882e-08	2.378063405938302e-08	2.8681974519904882e-08	9	1 0 1 0 2 1 2 1 2	V4:+2 V6:+2 V8:+2 D14:-2 D16:-2 D18:-2 D34:-2 D36:-2 D38:-2
root-000029	2383	0	2.8726069467560335e-08	2.7789617329310402e-08	2.8726069467560335e-08	9	0 -1 -1 -1 0 -2 -2 -2 -1	V5:-2 V6:-2 V7:-2 D05:+2 D06:+2 D07:+2 D45:+2 D46:+2 D47:+2
root-000029	1631	0	2.8731124710194848e-08	3.3362867866024977e-09	2.8731124710194848e-08	9	-1 -1 0 -1 -2 -2 0 -1 -2	V4:-2 V5:-2 V8:-2 D24:+2 D25:+2 D28:+2 D46:-2 D56:-2 D68:+2
root-000029	498	0	2.8745470680764848e-08	7.849968800467714e-09	2.8745470680764848e-08	9	2 1 1 0 1 0 1 2 2	V0:+2 V7:+2 V8:+2 D03:+2 D05:+2 D37:-2 D38:-2 D57:-2 D58:-2
root-000029	1401	0	2.8750282671779614e-08	1.5872525192626204e-08	2.8750282671779614e-08	9	-1 -1 -2 0 -2 0 -1 -2 -1	V2:-2 V4:-2 V7:-2 D23:-2 D25:-2 D34:+2 D37:+2 D45:-2 D57:+2
root-000029	61	0	2.888527592961178e-08	2.6858423476075333e-09	2.888527592961178e-08	9	-2 -2 -1 -1 -2 0 0 -1 -1	V0:-2 V1:-2 V4:-2 D05:-2 D06:-2 D15:-2 D16:-2 D45:-2 D46:-2
root-000029	1594	0	2.9135157400434862e-08	2.9135157400434862e-08	1.2683122710597407e-08	9	1 1 0 2 1 2 0 2 1	V3:+2 V5:+2 V7:+2 D23:-2 D25:-2 D27:-2 D36:+2 D56:+2 D67:-2
root-000029	1773	0	2.9237818565272773e-08	1.3414922439346252e-11	2.9237818565272773e-08	9	-1 0 -2 -1 0 -2 -1 -1 -2	V2:-2 V5:-2 V8:-2 D12:+2 D15:+2 D18:+2 D24:-2 D45:+2 D48:+2
root-000029	2409	0	2.9274144569034293e-08	1.7172725811786043e-08	2.9274144569034293e-08	9	0 -1 -1 0 -1 -1 -2 -2 -2	V6:-2 V7:-2 V8:-2 D06:+2 D07:+2 D08:+2 D36:+2 D37:+2 D38:+2
root-000029	1661	0	2.9310884463139265e-08	2.9052915638009126e-08	2.9310884463139265e-08	9	-1 -1 0 0 -2 -2 -2 -1 -1	V4:-2 V5:-2 V6:-2 D24:+2 D25:+2 D26:+2 D34:+2 D35:+2 D36:+2
root-000029	2391	0	2.9435500411470777e-08	2.81439529212371e-08	2.9435500411470777e-08	9	0 -1 -1 0 -2 -2 -2 -1 -1	V4:-2 V5:-2 V6:-2 D04:+2 D05:+2 D06:+2 D34:+2 D35:+2 D36:+2
root-000029	1677	0	2.9460427995129314e-08	2.5659884290890436e-08	2.9460427995129314e-08	9	-1 -1 0 0 -1 -2 -1 -2 -2	V5:-2 V7:-2 V8:-2 D25:+2 D27:+2 D28:+2 D35:+2 D37:+2 D38:+2
root-000029	883	0	2.9493259411737314e-08	1.9222222788626013e-09	2.9493259411737314e-08	9	-1 -2 -2 -1 -1 -1 0 0 -2	V1:-2 V2:-2 V8:-2 D16:-2 D17:-2 D26:-2 D27:-2 D68:+2 D78:+2
root-000029	884	0	2.94942303873159e-08	1.9238923824361163e-09	2.94942303873159e-08	9	1 2 2 1 1 1 0 0 2	V1:+2 V2:+2 V8:+2 D16:+2 D17:+2 D26:+2 D27:+2 D68:-2 D78:-2
root-000029	1914	0	2.9607112105802003e-08	2.2210522313314062e-08	2.9607112105802003e-08	9	1 0 1 0 1 2 2 2 1	V5:+2 V6:+2 V7:+2 D15:-2 D16:-2 D17:-2 D35:-2 D36:-2 D37:-2
root-000029	895	0	2.9712691562780853e-08	1.0722375852189325e-08	2.9712691562780853e-08	9	-1 -2 -2 -1 -1 0 0 -1 -2	V1:-2 V2:-2 V8:-2 D15:-2 D16:-2 D25:-2 D26:-2 D58:+2 D68:+2
root-000029	1904	0	2.980811781066596e-08	2.4552908371851284e-08	2.980811781066596e-08	9	1 0 1 0 2 2 1 2 1	V4:+2 V5:+2 V7:+2 D14:-2 D15:-2 D17:-2 D34:-2 D35:-2 D37:-2
root-000029	372	0	2.992208027461144e-08	2.424120145488017e-09	2.992208027461144e-08	9	2 1 1 2 0 2 0 1 1	V0:+2 V3:+2 V5:+2 D04:+2 D06:+2 D34:+2 D36:+2 D45:-2 D56:+2
root-000029	2407	0	2.9936166465188765e-08	2.3828331459086113e-08	2.9936166465188765e-08	9	0 -1 -1 0 -1 -2 -1 -2 -2	V5:-2 V7:-2 V8:-2 D05:+2 D07:+2 D08:+2 D35:+2 D37:+2 D38:+2
root-000029	690	0	3.0066726431358026e-08	1.5487207559495723e-08	3.0066726431358026e-08	9	2 0 2 0 1 1 1 1 2	V0:+2 V2:+2 V8:+2 D01:+2 D03:+2 D12:-2 D18:-2 D23:+2 D38:-2
root-000029	1348	0	3.006985618047293e-08	9.475360076143096e-10	3.006985618047293e-08	9	1 1 2 1 1 2 0 2 0	V2:+2 V5:+2 V7:+2 D26:+2 D28:+2 D56:+2 D58:+2 D67:-2 D78:+2
root-000029	1205	0	3.010369678312382e-08	3.010369678312382e-08	2.4336568364600683e-08	9	-1 -2 0 -1 -1 -2 -2 -1 0	V1:-2 V5:-2 V6:-2 D12:-2 D18:-2 D25:+2 D26:+2 D58:-2 D68:-2
root-000029	2396	0	3.0266247138294564e-08	3.0266247138294564e-08	1.6057809705583493e-08	9	0 1 1 0 2 2 1 1 2	V4:+2 V5:+2 V8:+2 D04:-2 D05:-2 D08:-2 D34:-2 D35:-2 D38:-2
root-000029	2325	0	3.0349968370368114e-08	2.046819087290379e-08	3.0349968370368114e-08	9	0 -1 -1 -2 -1 -2 0 -1 -2	V3:-2 V5:-2 V8:-2 D03:+2 D05:+2 D08:+2 D36:-2 D56:-2 D68:+2
root-000029	1802	0	3.04048739672328e-08	1.995713154276666e-08	3.04048739672328e-08	9	1 0 1 2 2 2 1 1 0	V3:+2 V4:+2 V5:+2 D13:-2 D14:-2 D15:-2 D38:+2 D48:+2 D58:+2
root-000029	1498	0	3.044894208304802e-08	4.137258526781718e-09	3.044894208304802e-08	9	1 1 1 2 0 0 2 1 2	V3:+2 V6:+2 V8:+2 D34:+2 D35:+2 D46:-2 D48:-2 D56:-2 D58:-2
root-000029	2035	0	3.0517735013067634e-08	3.0517735013067634e-08	2.5509630767447852e-08	9	0 -2 -1 -2 -1 -1 -2 -1 0	V1:-2 V3:-2 V6:-2 D01:+2 D03:+2 D06:+2 D18:-2 D38:-2 D68:-2
root-000029	2347	0	3.053409491336163e-08	1.3261350412927863e-08	3.053409491336163e-08	9	0 -1 -1 -2 0 -1 -2 -1 -2	V3:-2 V6:-2 V8:-2 D03:+2 D06:+2 D08:+2 D34:-2 D46:+2 D48:+2
root-000029	494	0	3.0585557934773055e-08	1.975422726194425e-08	3.0585557934773055e-08	9	2 1 1 0 1 0 2 2 1	V0:+2 V6:+2 V7:+2 D03:+2 D05:+2 D36:-2 D37:-2 D56:-2 D57:-2
root-000029	1645	0	3.064347256045916e-08	1.2902674732428248e-08	3.064347256045916e-08	9	-1 -1 0 -1 -1 -2 -2 -2 0	V5:-2 V6:-2 V7:-2 D25:+2 D26:+2 D27:+2 D58:-2 D68:-2 D78:-2
root-000029	2036	0	3.064498402403157e-08	3.064498402403157e-08	2.5476775866410667e-08	9	0 2 1 2 1 1 2 1 0	V1:+2 V3:+2 V6:+2 D01:-2 D03:-2 D06:-2 D18:+2 D38:+2 D68:+2
root-000029	1848	0	3.066893107858577e-08	3.066893107858577e-08	1.98447129538097e-08	9	1 0 1 2 1 0 1 2 2	V3:+2 V7:+2 V8:+2 D13:-2 D17:-2 D18:-2 D35:+2 D57:-2 D58:-2
root-000029	1616	0	3.075812605463238e-08	3.075812605463238e-08	2.6822078626175186e-08	9	1 1 0 2 0 1 2 2 1	V3:+2 V6:+2 V7:+2 D23:-2 D26:-2 D27:-2 D34:+2 D46:-2 D47:-2
root-000029	1660	0	3.090712014910922e-08	3.090712014910922e-08	1.5657128942306082e-08	9	1 1 0 1 0 1 2 2 2	V6:+2 V7:+2 V8:+2 D26:-2 D27:-2 D28:-2 D46:-2 D47:-2 D48:-2
root-000029	1768	0	3.097280088754718e-08	1.4548369214956805e-09	3.097280088754718e-08	9	1 0 2 1 1 0 1 2 2	V2:+2 V7:+2 V8:+2 D12:-2 D17:-2 D18:-2 D25:+2 D57:-2 D58:-2
root-000029	523	0	3.10593969034861e-08	9.303382648565924e-10	3.10593969034861e-08	9	-2 -1 0 -2 -1 -2 0 -1 -1	V0:-2 V3:-2 V5:-2 D02:-2 D06:-2 D23:+2 D25:+2 D36:-2 D56:-2
root-000029	2292	0	3.1262389099926026e-08	2.177519350859269e-08	3.1262389099926026e-08	9	0 1 1 2 2 2 1 1 0	V3:+2 V4:+2 V5:+2 D03:-2 D04:-2 D05:-2 D38:+2 D48:+2 D58:+2
root-000029	1389	0	3.1266869286989175e-08	1.9018107818679088e-08	3.1266869286989175e-08	9	-1 -1 -2 0 -2 -1 -2 0 -1	V2:-2 V4:-2 V6:-2 D23:-2 D27:-2 D34:+2 D36:+2 D47:-2 D67:-2
root-000029	1646	0	3.141827119394103e-08	2.635383659503969e-08	3.141827119394103e-08	9	1 1 0 1 1 2 2 2 0	V5:+2 V6:+2 V7:+2 D25:-2 D26:-2 D27:-2 D58:+2 D68:+2 D78:+2
root-000029	1913	1	3.142222825389059e-08	2.4347941621878145e-08	3.142222825389059e-08	9	-1 0 -1 0 -1 -2 -2 -2 -1	V5:-2 V6:-2 V7:-2 D15:+2 D16:+2 D17:+2 D35:+2 D36:+2 D37:+2
root-000029	1589	0	3.1612479991893285e-08	3.1612479991893285e-08	1.59677059999821e-08	9	-1 -1 0 -2 -1 -2 -1 -2 0	V3:-2 V5:-2 V7:-2 D23:+2 D25:+2 D27:+2 D38:-2 D58:-2 D78:-2
root-000029	459	0	3.1850116106048903e-08	2.031939461596673e-08	3.1850116106048903e-08	9	-2 -1 -1 0 -2 -1 -2 0 -1	V0:-2 V4:-2 V6:-2 D03:-2 D07:-2 D34:+2 D36:+2 D47:-2 D67:-2
root-000029	2370	0	3.1904054205448e-08	6.0154652686551585e-09	3.1904054205448e-08	9	0 1 1 1 2 0 2 2 1	V4:+2 V6:+2 V7:+2 D04:-2 D06:-2 D07:-2 D45:+2 D56:-2 D57:-2
root-000029	460	0	3.193110106866612e-08	2.0325024315836976e-08	3.193110106866612e-08	9	2 1 1 0 2 1 2 0 1	V0:+2 V4:+2 V6:+2 D03:+2 D07:+2 D34:-2 D36:-2 D47:+2 D67:+2
root-000029	241	0	3.197655216438319e-08	1.919879902074644e-09	3.197655216438319e-08	9	-2 -1 -2 -1 -2 0 0 -1 -1	V0:-2 V2:-2 V4:-2 D05:-2 D06:-2 D25:-2 D26:-2 D45:-2 D46:-2
root-000029	1170	0	3.199202958148437e-08	1.1252426776368491e-08	3.199202958148437e-08	9	1 2 0 2 1 0 1 2 1	V1:+2 V3:+2 V7:+2 D12:+2 D15:+2 D23:-2 D27:-2 D35:+2 D57:-2
root-000029	613	0	3.2010635526548444e-08	3.2010635526548444e-08	2.2277207561788453e-08	9	-2 -1 0 0 -2 -1 -2 -1 -1	V0:-2 V4:-2 V6:-2 D02:-2 D03:-2 D24:+2 D26:+2 D34:+2 D36:+2
root-000029	1886	0	3.2091980089273455e-08	3.2091980089273455e-08	2.9544447847158596e-08	9	1 0 1 1 1 2 2 2 0	V5:+2 V6:+2 V7:+2 D15:-2 D16:-2 D17:-2 D58:+2 D68:+2 D78:+2
root-000029	1666	0	3.209861092989454e-08	3.209861092989454e-08	2.211083600368808e-08	9	1 1 0 0 2 2 1 1 2	V4:+2 V5:+2 V8:+2 D24:-2 D25:-2 D28:-2 D34:-2 D35:-2 D38:-2
root-000029	2309	0	3.2195599480783736e-08	3.2195599480783736e-08	1.066050485841161e-08	9	0 -1 -1 -2 -2 0 -2 -1 -1	V3:-2 V4:-2 V6:-2 D03:+2 D04:+2 D06:+2 D35:-2 D45:-2 D56:+2
root-000029	721	0	3.219592970834087e-08	6.057639032087292e-10	3.219592970834087e-08	9	-2 0 -1 -2 -1 0 -1 -1 -2	V0:-2 V3:-2 V8:-2 D01:-2 D05:-2 D13:+2 D18:+2 D35:-2 D58:+2
root-000029	687	0	3.230493340204471e-08	1.768770043401471e-11	3.230493340204471e-08	9	-2 0 -2 0 -1 -1 -1 -2 -1	V0:-2 V2:-2 V7:-2 D01:-2 D03:-2 D12:+2 D17:+2 D23:-2 D37:+2
root-000029	1782	0	3.238153697413685e-08	8.060437788480561e-12	3.238153697413685e-08	9	1 0 2 0 2 2 1 1 1	V2:+2 V4:+2 V5:+2 D12:-2 D14:-2 D15:-2 D23:+2 D34:-2 D35:-2
root-000029	247	0	3.241688549802154e-08	6.251540775572065e-09	3.241688549802154e-08	9	-2 -1 -2 -1 -1 -2 0 0 -1	V0:-2 V2:-2 V5:-2 D06:-2 D07:-2 D26:-2 D27:-2 D56:-2 D57:-2
root-000029	1674	0	3.245670303249963e-08	3.245670303249963e-08	1.2501489160824757e-08	9	1 1 0 0 1 2 2 2 1	V5:+2 V6:+2 V7:+2 D25:-2 D26:-2 D27:-2 D35:-2 D36:-2 D37:-2
root-000029	2337	0	3.249075161665212e-08	3.249075161665212e-08	1.312563429543022e-08	9	0 -1 -1 -2 -1 0 -1 -2 -2	V3:-2 V7:-2 V8:-2 D03:+2 D07:+2 D08:+2 D35:-2 D57:+2 D58:+2
root-000029	141	0	3.2492749391282305e-08	3.2492749391282305e-08	2.2866497727009375e-08	9	-2 -2 -1 0 -1 0 -1 -1 -2	V0:-2 V1:-2 V8:-2 D03:-2 D05:-2 D13:-2 D15:-2 D38:+2 D58:+2
root-000029	848	0	3.250970923965878e-08	1.4673846026406267e-08	3.250970923965878e-08	9	1 2 2 2 1 0 1 1 0	V1:+2 V2:+2 V3:+2 D15:+2 D18:+2 D25:+2 D28:+2 D35:+2 D38:+2
root-000029	791	0	3.252405804402182e-08	9.135573441020668e-12	3.252405804402182e-08	9	-2 0 -1 0 -2 -2 -1 -1 -1	V0:-2 V4:-2 V5:-2 D01:-2 D03:-2 D14:+2 D15:+2 D34:+2 D35:+2
root-000029	754	0	3.255643707327996e-08	6.101035240832659e-09	3.255643707327996e-08	9	2 0 1 1 2 0 1 1 2	V0:+2 V4:+2 V8:+2 D01:+2 D05:+2 D14:-2 D18:-2 D45:+2 D58:-2
root-000029	1863	0	3.257958075463258e-08	3.257958075463258e-08	7.773335172354367e-09	9	-1 0 -1 -1 -2 -2 -2 0 -1	V4:-2 V5:-2 V6:-2 D14:+2 D15:+2 D16:+2 D47:-2 D57:-2 D67:-2
root-000029	628	0	3.259994696680912e-08	3.259994696680912e-08	2.1570871666939168e-08	9	2 1 0 0 1 1 2 1 2	V0:+2 V6:+2 V8:+2 D02:+2 D03:+2 D26:-2 D28:-2 D36:-2 D38:-2
root-000029	792	0	3.2695350466459285e-08	9.091085837009973e-12	3.2695350466459285e-08	9	2 0 1 0 2 2 1 1 1	V0:+2 V4:+2 V5:+2 D01:+2 D03:+2 D14:-2 D15:-2 D34:-2 D35:-2
root-000029	1171	0	3.3091422122884745e-08	9.729179979442775e-09	3.3091422122884745e-08	9	-1 -2 0 -2 -1 0 -1 -1 -2	V1:-2 V3:-2 V8:-2 D12:-2 D15:-2 D23:+2 D28:+2 D35:-2 D58:+2
root-000029	1172	0	3.3122785870739824e-08	1.0730806057006184e-08	3.3122785870739824e-08	9	1 2 0 2 1 0 1 1 2	V1:+2 V3:+2 V8:+2 D12:+2 D15:+2 D23:-2 D28:-2 D35:+2 D58:-2
root-000029	1678	0	3.3123138663114906e-08	3.296033681892272e-08	3.3123138663114906e-08	9	1 1 0 0 1 2 1 2 2	V5:+2 V7:+2 V8:+2 D25:-2 D27:-2 D28:-2 D35:-2 D37:-2 D38:-2
root-000029	888	0	3.314914940662477e-08	1.0466081331297726e-11	3.314914940662477e-08	9	1 2 2 1 1 0 2 0 1	V1:+2 V2:+2 V6:+2 D15:+2 D17:+2 D25:+2 D27:+2 D56:-2 D67:+2
root-000029	2020	0	3.318415718928897e-08	8.658303331653265e-09	3.318415718928897e-08	9	0 2 2 0 1 1 1 1 2	V1:+2 V2:+2 V8:+2 D01:-2 D02:-2 D08:-2 D13:+2 D23:+2 D38:-2
root-000029	1335	0	3.325016938318176e-08	1.9582567769644134e-08	3.325016938318176e-08	9	-1 -1 -2 -1 -2 0 -2 0 -1	V2:-2 V4:-2 V6:-2 D25:-2 D27:-2 D45:-2 D47:-2 D56:+2 D67:-2
root-000029	805	0	3.3256496948432866e-08	2.2951698572687448e-10	3.3256496948432866e-08	9	-2 0 -1 0 -1 -1 -2 -2 -1	V0:-2 V6:-2 V7:-2 D01:-2 D03:-2 D16:+2 D17:+2 D36:+2 D37:+2
root-000029	1871	0	3.327723399499596e-08	1.404917257159286e-10	3.327723399499596e-08	9	-1 0 -1 -1 -2 -2 0 -1 -2	V4:-2 V5:-2 V8:-2 D14:+2 D15:+2 D18:+2 D46:-2 D56:-2 D68:+2
root-000029	1991	0	3.336131959814793e-08	2.6686450229637454e-08	3.336131959814793e-08	9	0 -2 -2 -1 -1 -1 -1 0 -2	V1:-2 V2:-2 V8:-2 D01:+2 D02:+2 D08:+2 D17:-2 D27:-2 D78:+2
root-000029	1034	0	3.337996807483932e-08	1.063531061951027e-12	3.337996807483932e-08	9	1 2 1 1 2 0 2 1 0	V1:+2 V4:+2 V6:+2 D15:+2 D18:+2 D45:+2 D48:+2 D56:-2 D68:+2
root-000029	1336	0	3.3410560235123375e-08	1.9578414933729626e-08	3.3410560235123375e-08	9	1 1 2 1 2 0 2 0 1	V2:+2 V4:+2 V6:+2 D25:+2 D27:+2 D45:+2 D47:+2 D56:-2 D67:+2
root-000029	1962	0	3.351245627061099e-08	7.112214082685436e-11	3.351245627061099e-08	9	0 2 2 2 1 1 1 1 0	V1:+2 V2:+2 V3:+2 D01:-2 D02:-2 D03:-2 D18:+2 D28:+2 D38:+2
root-000029	2401	0	3.357943632760813e-08	3.3569351526736634e-08	3.357943632760813e-08	9	0 -1 -1 0 -2 -1 -1 -2 -2	V4:-2 V7:-2 V8:-2 D04:+2 D07:+2 D08:+2 D34:+2 D37:+2 D38:+2
root-000029	951	0	3.3724261312559405e-08	8.086510774401307e-09	3.3724261312559405e-08	9	-1 -2 -2 0 -1 0 -1 -1 -2	V1:-2 V2:-2 V8:-2 D13:-2 D15:-2 D23:-2 D25:-2 D38:+2 D58:+2
root-000029	753	0	3.3733906640630665e-08	3.1678116829740443e-08	3.3733906640630665e-08	9	-2 0 -1 -1 -2 0 -1 -1 -2	V0:-2 V4:-2 V8:-2 D01:-2 D05:-2 D14:+2 D18:+2 D45:-2 D58:+2
root-000029	406	0	3.374466623268696e-08	2.0929375945223186e-08	3.374466623268696e-08	9	2 1 1 1 2 0 2 0 1	V0:+2 V4:+2 V6:+2 D05:+2 D07:+2 D45:+2 D47:+2 D56:-2 D67:+2
root-000029	405	0	3.376201615349154e-08	2.0924849049406633e-08	3.376201615349154e-08	9	-2 -1 -1 -1 -2 0 -2 0 -1	V0:-2 V4:-2 V6:-2 D05:-2 D07:-2 D45:-2 D47:-2 D56:+2 D67:-2
root-000029	1765	0	3.3780632368490293e-08	4.874664491633467e-09	3.3780632368490293e-08	9	-1 0 -2 -1 -1 0 -2 -1 -2	V2:-2 V6:-2 V8:-2 D12:+2 D16:+2 D18:+2 D25:-2 D56:+2 D58:+2
root-000029	798	0	3.383458529189686e-08	4.0946932988052063e-10	3.383458529189686e-08	9	2 0 1 0 2 1 1 1 2	V0:+2 V4:+2 V8:+2 D01:+2 D03:+2 D14:-2 D18:-2 D34:-2 D38:-2
root-000029	2341	0	3.409999047386198e-08	2.1508297377356257e-08	3.409999047386198e-08	9	0 -1 -1 -2 0 -2 -1 -2 -1	V3:-2 V5:-2 V7:-2 D03:+2 D05:+2 D07:+2 D34:-2 D45:+2 D47:+2
root-000029	78	0	3.4208566821268296e-08	4.762510781452178e-12	3.4208566821268296e-08	9	2 2 1 1 1 0 2 0 1	V0:+2 V1:+2 V6:+2 D05:+2 D07:+2 D15:+2 D17:+2 D56:-2 D67:+2
root-000029	2051	0	3.4216490684114125e-08	1.1871018399766868e-08	3.4216490684114125e-08	9	0 -2 -1 -2 -1 0 -1 -1 -2	V1:-2 V3:-2 V8:-2 D01:+2 D03:+2 D08:+2 D15:-2 D35:-2 D58:+2
root-000029	194	0	3.427562045309815e-08	4.573655870245986e-09	3.427562045309815e-08	9	2 2 0 1 0 2 1 1 1	V0:+2 V1:+2 V5:+2 D02:+2 D04:+2 D12:+2 D14:+2 D25:-2 D45:-2
root-000029	1632	0	3.428503630870888e-08	7.3072495937467775e-09	3.428503630870888e-08	9	1 1 0 1 2 2 0 1 2	V4:+2 V5:+2 V8:+2 D24:-2 D25:-2 D28:-2 D46:+2 D56:+2 D68:-2
root-000029	2028	0	3.428531248384884e-08	1.1922127143717968e-08	3.428531248384884e-08	9	0 2 1 2 2 0 1 1 1	V1:+2 V3:+2 V4:+2 D01:-2 D03:-2 D04:-2 D15:+2 D35:+2 D45:+2
root-000029	2027	0	3.429445607756751e-08	1.1903167827032173e-08	3.429445607756751e-08	9	0 -2 -1 -2 -2 0 -1 -1 -1	V1:-2 V3:-2 V4:-2 D01:+2 D03:+2 D04:+2 D15:-2 D35:-2 D45:-2
root-000029	749	0	3.442579866911519e-08	5.101049606551851e-09	3.442579866911519e-08	9	-2 0 -1 -1 -2 0 -2 -1 -1	V0:-2 V4:-2 V6:-2 D01:-2 D05:-2 D14:+2 D16:+2 D45:-2 D56:+2
root-000029	493	0	3.452347466399471e-08	2.0428925713169617e-08	3.452347466399471e-08	9	-2 -1 -1 0 -1 0 -2 -2 -1	V0:-2 V6:-2 V7:-2 D03:-2 D05:-2 D36:+2 D37:+2 D56:+2 D57:+2
root-000029	630	0	3.461780474362643e-08	3.461780474362643e-08	1.933385793579127e-08	9	2 1 0 0 1 1 1 2 2	V0:+2 V7:+2 V8:+2 D02:+2 D03:+2 D27:-2 D28:-2 D37:-2 D38:-2
root-000029	258	0	3.462246681599472e-08	2.7047696338088542e-09	3.462246681599472e-08	9	2 1 2 1 1 0 2 0 1	V0:+2 V2:+2 V6:+2 D05:+2 D07:+2 D25:+2 D27:+2 D56:-2 D67:+2
root-000029	1836	0	3.471746756947557e-08	3.471746756947557e-08	3.286802279398748e-08	9	1 0 1 2 1 2 0 1 2	V3:+2 V5:+2 V8:+2 D13:-2 D15:-2 D18:-2 D36:+2 D56:+2 D68:-2
root-000029	718	0	3.474827788033867e-08	4.1444681981431715e-09	3.474827788033867e-08	9	2 0 1 2 1 0 2 1 1	V0:+2 V3:+2 V6:+2 D01:+2 D05:+2 D13:-2 D16:-2 D35:+2 D56:-2
root-000029	719	0	3.475455521926091e-08	4.117469200884507e-09	3.475455521926091e-08	9	-2 0 -1 -2 -1 0 -1 -2 -1	V0:-2 V3:-2 V7:-2 D01:-2 D05:-2 D13:+2 D17:+2 D35:-2 D57:+2
root-000029	2408	0	3.475480832008609e-08	3.475480832008609e-08	3.4632217692923384e-08	9	0 1 1 0 1 2 1 2 2	V5:+2 V7:+2 V8:+2 D05:-2 D07:-2 D08:-2 D35:-2 D37:-2 D38:-2
root-000029	2133	0	3.4897117030721566e-08	1.162418531304097e-08	3.4897117030721566e-08	9	0 -2 -1 0 -1 -2 -1 -1 -2	V1:-2 V5:-2 V8:-2 D01:+2 D05:+2 D08:+2 D13:-2 D35:+2 D38:+2
root-000029	2134	0	3.490443790065339e-08	1.1664449804939941e-08	3.490443790065339e-08	9	0 2 1 0 1 2 1 1 2	V1:+2 V5:+2 V8:+2 D01:-2 D05:-2 D08:-2 D13:+2 D35:-2 D38:-2
root-000029	1865	0	3.4967947148188803e-08	1.616156429960797e-08	3.4967947148188803e-08	9	-1 0 -1 -1 -2 -2 -1 -2 0	V4:-2 V5:-2 V7:-2 D14:+2 D15:+2 D17:+2 D48:-2 D58:-2 D78:-2
root-000029	1786	0	3.4994080474392027e-08	1.801726246892126e-10	3.4994080474392027e-08	9	1 0 2 0 2 1 1 2 1	V2:+2 V4:+2 V7:+2 D12:-2 D14:-2 D17:-2 D23:+2 D34:-2 D37:-2
root-000029	2324	0	3.504951850955235e-08	3.504951850955235e-08	8.66114789218849e-09	9	0 1 1 2 1 2 0 2 1	V3:+2 V5:+2 V7:+2 D03:-2 D05:-2 D07:-2 D36:+2 D56:+2 D67:-2
root-000029	472	0	3.507538760168611e-08	2.0893036778643254e-08	3.507538760168611e-08	9	2 1 1 0 2 0 1 2 1	V0:+2 V4:+2 V7:+2 D03:+2 D05:+2 D34:-2 D37:-2 D45:+2 D57:-2
root-000029	253	0	3.5126344401464993e-08	3.5126344401464993e-08	2.5694998448434792e-08	9	-2 -1 -2 -1 -1 -1 0 0 -2	V0:-2 V2:-2 V8:-2 D06:-2 D07:-2 D26:-2 D27:-2 D68:+2 D78:+2
root-000029	1766	0	3.521517960348239e-08	5.276228372821559e-09	3.521517960348239e-08	9	1 0 2 1 1 0 2 1 2	V2:+2 V6:+2 V8:+2 D12:-2 D16:-2 D18:-2 D25:+2 D56:-2 D58:-2
root-000029	1961	0	3.526792757950153e-08	6.330649113026273e-09	3.526792757950153e-08	9	0 -2 -2 -2 -1 -1 -1 -1 0	V1:-2 V2:-2 V3:-2 D01:+2 D02:+2 D03:+2 D18:-2 D28:-2 D38:-2
root-000029	2362	0	3.541161591934664e-08	1.0002445921447718e-09	3.541161591934664e-08	9	0 1 1 1 2 2 0 1 2	V4:+2 V5:+2 V8:+2 D04:-2 D05:-2 D08:-2 D46:+2 D56:+2 D68:-2
root-000029	1654	0	3.5457692153785125e-08	3.5457692153785125e-08	1.8712681835020403e-08	9	1 1 0 1 0 2 2 2 1	V5:+2 V6:+2 V7:+2 D25:-2 D26:-2 D27:-2 D45:-2 D46:-2 D47:-2
root-000029	1901	0	3.548229721003521e-08	3.548229721003521e-08	1.0670424152639604e-08	9	-1 0 -1 0 -2 -2 -2 -1 -1	V4:-2 V5:-2 V6:-2 D14:+2 D15:+2 D16:+2 D34:+2 D35:+2 D36:+2
root-000029	570	0	3.5556146891755954e-08	3.5556146891755954e-08	7.311760020825373e-09	9	2 1 0 1 2 0 2 1 1	V0:+2 V4:+2 V6:+2 D02:+2 D05:+2 D24:-2 D26:-2 D45:+2 D56:-2
root-000029	631	0	3.5594602853745506e-08	8.89466806196498e-09	3.5594602853745506e-08	9	-2 0 -2 -2 -1 -1 -1 -1 0	V0:-2 V2:-2 V3:-2 D01:-2 D08:-2 D12:+2 D13:+2 D28:-2 D38:-2
root-000029	1926	0	3.578680831975187e-08	3.578680831975187e-08	1.6850772928704225e-09	9	1 0 0 2 2 1 1 2 1	V3:+2 V4:+2 V7:+2 D13:-2 D14:-2 D17:-2 D23:-2 D24:-2 D27:-2
root-000029	2345	0	3.580947058478264e-08	3.507269285296739e-08	3.580947058478264e-08	9	0 -1 -1 -2 0 -1 -2 -2 -1	V3:-2 V6:-2 V7:-2 D03:+2 D06:+2 D07:+2 D34:-2 D46:+2 D47:+2
root-000029	1067	0	3.596804968592753e-08	3.830088368845627e-11	3.596804968592753e-08	9	-1 -2 -1 -1 0 -2 0 -1 -2	V1:-2 V5:-2 V8:-2 D14:-2 D16:-2 D45:+2 D48:+2 D56:-2 D68:+2
root-000029	344	0	3.5978743902274135e-08	3.2742133591176668e-09	3.5978743902274135e-08	9	2 1 1 2 1 2 1 0 0	V0:+2 V3:+2 V5:+2 D07:+2 D08:+2 D37:+2 D38:+2 D57:+2 D58:+2
root-000029	248	0	3.599358938000745e-08	8.415823844902364e-10	3.599358938000745e-08	9	2 1 2 1 1 2 0 0 1	V0:+2 V2:+2 V5:+2 D06:+2 D07:+2 D26:+2 D27:+2 D56:+2 D57:+2
root-000029	431	0	3.609153067493612e-08	7.400334178806482e-10	3.609153067493612e-08	9	-2 -1 -1 -1 0 -2 -1 -2 0	V0:-2 V5:-2 V7:-2 D04:-2 D08:-2 D45:+2 D47:+2 D58:-2 D78:-2
root-000029	810	0	3.6104058642938065e-08	3.6104058642938065e-08	2.99951712440811e-08	9	2 0 1 0 1 1 1 2 2	V0:+2 V7:+2 V8:+2 D01:+2 D03:+2 D17:-2 D18:-2 D37:-2 D38:-2
root-000029	1552	0	3.6644772106236555e-08	2.8211311473939862e-08	3.6644772106236555e-08	9	1 1 1 0 1 0 2 2 2	V6:+2 V7:+2 V8:+2 D36:-2 D37:-2 D38:-2 D56:-2 D57:-2 D58:-2
root-000029	1879	0	3.66868587731378e-08	3.66868587731378e-08	4.85587511388768e-09	9	-1 0 -1 -1 -2 0 -2 -2 -1	V4:-2 V6:-2 V7:-2 D14:+2 D16:+2 D17:+2 D45:-2 D56:+2 D57:+2
root-000029	1801	0	3.674678022112047e-08	3.674678022112047e-08	3.461473529796442e-08	9	-1 0 -1 -2 -2 -2 -1 -1 0	V3:-2 V4:-2 V5:-2 D13:+2 D14:+2 D15:+2 D38:-2 D48:-2 D58:-2
root-000029	850	0	3.683741289676605e-08	1.712206278344254e-12	3.683741289676605e-08	9	1 2 2 2 1 0 1 0 1	V1:+2 V2:+2 V3:+2 D15:+2 D17:+2 D25:+2 D27:+2 D35:+2 D37:+2
root-000029	849	0	3.6837451413999445e-08	1.7122080944217524e-12	3.6837451413999445e-08	9	-1 -2 -2 -2 -1 0 -1 0 -1	V1:-2 V2:-2 V3:-2 D15:-2 D17:-2 D25:-2 D27:-2 D35:-2 D37:-2
root-000029	1843	0	3.691215347593167e-08	2.907030573588521e-08	3.691215347593167e-08	9	-1 0 -1 -2 -1 0 -2 -2 -1	V3:-2 V6:-2 V7:-2 D13:+2 D16:+2 D17:+2 D35:-2 D56:+2 D57:+2
root-000029	2334	0	3.693679777135098e-08	3.693679777135098e-08	2.3836089557062687e-08	9	0 1 1 2 1 0 2 2 1	V3:+2 V6:+2 V7:+2 D03:-2 D06:-2 D07:-2 D35:+2 D56:-2 D57:-2
root-000029	795	0	3.696292261040476e-08	1.9983833683013411e-10	3.696292261040476e-08	9	-2 0 -1 0 -2 -1 -1 -2 -1	V0:-2 V4:-2 V7:-2 D01:-2 D03:-2 D14:+2 D17:+2 D34:+2 D37:+2
root-000029	1251	0	3.699816817717764e-08	1.8595947250587287e-12	3.699816817717764e-08	9	-1 -2 0 0 -1 -2 -1 -2 -1	V1:-2 V5:-2 V7:-2 D12:-2 D13:-2 D25:+2 D27:+2 D35:+2 D37:+2
root-000029	424	0	3.702051322218352e-08	1.0198573672281476e-08	3.702051322218352e-08	9	2 1 1 1 1 0 2 0 2	V0:+2 V6:+2 V8:+2 D05:+2 D07:+2 D56:-2 D58:-2 D67:+2 D78:-2
root-000029	345	0	3.7315129131163666e-08	1.6549807526818505e-08	3.7315129131163666e-08	9	-2 -1 -1 -2 -1 -2 0 -1 0	V0:-2 V3:-2 V5:-2 D06:-2 D08:-2 D36:-2 D38:-2 D56:-2 D58:-2
root-000029	1621	0	3.738694616632183e-08	1.9783935788795044e-08	3.738694616632183e-08	9	-1 -1 0 -1 -2 -2 -2 -1 0	V4:-2 V5:-2 V6:-2 D24:+2 D25:+2 D26:+2 D48:-2 D58:-2 D68:-2
root-000029	1398	0	3.742885036074339e-08	2.3659921808075063e-09	3.742885036074339e-08	9	1 1 2 0 2 1 0 1 2	V2:+2 V4:+2 V8:+2 D23:+2 D26:+2 D34:-2 D38:-2 D46:+2 D68:-2
root-000029	1579	0	3.78680170288502e-08	3.78680170288502e-08	1.075105021317454e-08	9	-1 -1 0 -2 -2 0 -2 -1 -1	V3:-2 V4:-2 V6:-2 D23:+2 D24:+2 D26:+2 D35:-2 D45:-2 D56:+2
root-000029	2399	0	3.81134068285279e-08	3.81134068285279e-08	1.0065808443626489e-08	9	0 -1 -1 0 -2 -1 -2 -1 -2	V4:-2 V6:-2 V8:-2 D04:+2 D06:+2 D08:+2 D34:+2 D36:+2 D38:+2
root-000029	489	0	3.831540944886183e-08	1.1215499119549577e-08	3.831540944886183e-08	9	-2 -1 -1 0 -1 -1 -2 0 -2	V0:-2 V6:-2 V8:-2 D03:-2 D07:-2 D36:+2 D38:+2 D67:-2 D78:+2
root-000029	301	0	3.8344554158574746e-08	6.292467399328616e-11	3.8344554158574746e-08	9	-2 -1 -2 0 -1 -2 -1 0 -1	V0:-2 V2:-2 V5:-2 D03:-2 D07:-2 D23:-2 D27:-2 D35:+2 D57:-2
root-000029	1727	0	3.835327411150833e-08	7.967320574347789e-11	3.835327411150833e-08	9	-1 0 -2 -1 -2 -1 -2 -1 0	V2:-2 V4:-2 V6:-2 D12:+2 D14:+2 D16:+2 D28:-2 D48:-2 D68:-2
root-000029	1874	0	3.843584121526222e-08	1.7064433529838133e-08	3.843584121526222e-08	9	1 0 1 1 2 1 2 2 0	V4:+2 V6:+2 V7:+2 D14:-2 D16:-2 D17:-2 D48:+2 D68:+2 D78:+2
root-000029	841	0	3.8445412505893297e-08	1.013263435164177e-08	3.8445412505893297e-08	9	-1 -2 -2 -2 -1 -1 -1 0 0	V1:-2 V2:-2 V3:-2 D17:-2 D18:-2 D27:-2 D28:-2 D37:-2 D38:-2
root-000029	796	0	3.854863281970846e-08	2.3493026232893043e-10	3.854863281970846e-08	9	2 0 1 0 2 1 1 2 1	V0:+2 V4:+2 V7:+2 D01:+2 D03:+2 D14:-2 D17:-2 D34:-2 D37:-2
root-000029	2291	0	3.878104881089457e-08	3.878104881089457e-08	3.636673440649536e-08	9	0 -1 -1 -2 -2 -2 -1 -1 0	V3:-2 V4:-2 V5:-2 D03:+2 D04:+2 D05:+2 D38:-2 D48:-2 D58:-2
root-000029	909	0	3.9026635348151845e-08	1.3183021267807227e-09	3.9026635348151845e-08	9	-1 -2 -2 -1 0 -1 -1 0 -2	V1:-2 V2:-2 V8:-2 D14:-2 D17:-2 D24:-2 D27:-2 D48:+2 D78:+2
root-000029	910	0	3.902663825500036e-08	1.3181960450473901e-09	3.902663825500036e-08	9	1 2 2 1 0 1 1 0 2	V1:+2 V2:+2 V8:+2 D14:+2 D17:+2 D24:+2 D27:+2 D48:-2 D78:-2
root-000029	1397	0	3.9037610948897364e-08	3.0876345337766864e-09	3.9037610948897364e-08	9	-1 -1 -2 0 -2 -1 0 -1 -2	V2:-2 V4:-2 V8:-2 D23:-2 D26:-2 D34:+2 D38:+2 D46:-2 D68:+2
root-000029	1033	0	3.9067627561684395e-08	1.3123744195149277e-10	3.9067627561684395e-08	9	-1 -2 -1 -1 -2 0 -2 -1 0	V1:-2 V4:-2 V6:-2 D15:-2 D18:-2 D45:-2 D48:-2 D56:+2 D68:-2
root-000029	490	0	3.9119064425732194e-08	1.1356768411956429e-08	3.9119064425732194e-08	9	2 1 1 0 1 1 2 0 2	V0:+2 V6:+2 V8:+2 D03:+2 D07:+2 D36:-2 D38:-2 D67:+2 D78:-2
root-000029	760	0	3.937001124923749e-08	3.805894798174532e-09	3.937001124923749e-08	9	2 0 1 1 1 2 1 2 0	V0:+2 V5:+2 V7:+2 D01:+2 D08:+2 D15:-2 D17:-2 D58:+2 D78:+2
root-000029	1605	0	3.9423601995539586e-08	3.9423601995539586e-08	9.108157624150936e-09	9	-1 -1 0 -2 -1 0 -2 -1 -2	V3:-2 V6:-2 V8:-2 D23:+2 D26:+2 D28:+2 D35:-2 D56:+2 D58:+2
root-000029	632	0	3.951975497388003e-08	2.0962166214604313e-08	3.951975497388003e-08	9	2 0 2 2 1 1 1 1 0	V0:+2 V2:+2 V3:+2 D01:+2 D08:+2 D12:-2 D13:-2 D28:+2 D38:+2
root-000029	1909	0	3.9650184154563495e-08	3.9650184154563495e-08	1.2076747992546317e-08	9	-1 0 -1 0 -2 -1 -2 -1 -2	V4:-2 V6:-2 V8:-2 D14:+2 D16:+2 D18:+2 D34:+2 D36:+2 D38:+2
root-000029	1232	0	3.967203395689598e-08	2.7928112218323278e-08	3.967203395689598e-08	9	1 2 0 1 0 2 1 2 1	V1:+2 V5:+2 V7:+2 D12:+2 D14:+2 D25:-2 D27:-2 D45:-2 D47:-2
root-000029	1231	0	3.98311696387483e-08	2.757795024323098e-08	3.98311696387483e-08	9	-1 -2 0 -1 0 -2 -1 -2 -1	V1:-2 V5:-2 V7:-2 D12:-2 D14:-2 D25:+2 D27:+2 D45:+2 D47:+2
root-000029	1872	0	3.998693262223206e-08	3.972220055269094e-09	3.998693262223206e-08	9	1 0 1 1 2 2 0 1 2	V4:+2 V5:+2 V8:+2 D14:-2 D15:-2 D18:-2 D46:+2 D56:+2 D68:-2
root-000029	2361	0	4.009166877132588e-08	1.3979389107781426e-08	4.009166877132588e-08	9	0 -1 -1 -1 -2 -2 0 -1 -2	V4:-2 V5:-2 V8:-2 D04:+2 D05:+2 D08:+2 D46:-2 D56:-2 D68:+2
root-000029	885	0	4.009360988787386e-08	1.2632230141090328e-13	4.009360988787386e-08	9	-1 -2 -2 -1 -1 0 -2 -1 0	V1:-2 V2:-2 V6:-2 D15:-2 D18:-2 D25:-2 D28:-2 D56:+2 D68:-2
root-000029	116	0	4.013779558040882e-08	2.5595753155404172e-09	4.013779558040882e-08	9	2 2 1 0 2 1 0 1 1	V0:+2 V1:+2 V4:+2 D03:+2 D06:+2 D13:+2 D16:+2 D34:-2 D46:+2
root-000029	2096	0	4.0200587744727316e-08	2.0791344816998653e-13	4.0200587744727316e-08	9	0 2 1 1 1 2 0 1 2	V1:+2 V5:+2 V8:+2 D01:-2 D05:-2 D08:-2 D16:+2 D56:+2 D68:-2
root-000029	647	0	4.020803720670345e-08	6.285796644130559e-10	4.020803720670345e-08	9	-2 0 -2 -1 -2 0 -1 -1 -1	V0:-2 V2:-2 V4:-2 D01:-2 D05:-2 D12:+2 D14:+2 D25:-2 D45:-2
root-000029	1608	0	4.026866229942932e-08	4.026866229942932e-08	1.7658692251452246e-08	9	1 1 0 2 1 0 1 2 2	V3:+2 V7:+2 V8:+2 D23:-2 D27:-2 D28:-2 D35:+2 D57:-2 D58:-2
root-000029	1611	0	4.0325038377523264e-08	1.6669250749259397e-09	4.0325038377523264e-08	9	-1 -1 0 -2 0 -2 -1 -2 -1	V3:-2 V5:-2 V7:-2 D23:+2 D25:+2 D27:+2 D34:-2 D45:+2 D47:+2
root-000029	1825	0	4.041175440728825e-08	4.041175440728825e-08	2.6524703593458403e-08	9	-1 0 -1 -2 -1 -2 -2 -1 0	V3:-2 V5:-2 V6:-2 D13:+2 D15:+2 D16:+2 D38:-2 D58:-2 D68:-2
root-000029	1575	0	4.0426307566671285e-08	1.9143889075925785e-09	4.0426307566671285e-08	9	-1 -1 0 -2 -2 -1 0 -2 -1	V3:-2 V4:-2 V7:-2 D23:+2 D24:+2 D27:+2 D36:-2 D46:-2 D67:+2
root-000029	1276	0	4.0532123291474656e-08	7.473700955533547e-09	4.0532123291474656e-08	9	1 1 2 2 1 2 0 1 0	V2:+2 V3:+2 V5:+2 D26:+2 D28:+2 D36:+2 D38:+2 D56:+2 D58:+2
root-000029	1919	0	4.071286654696408e-08	3.844419820640388e-08	4.071286654696408e-08	9	-1 0 -1 0 -1 -1 -2 -2 -2	V6:-2 V7:-2 V8:-2 D16:+2 D17:+2 D18:+2 D36:+2 D37:+2 D38:+2
root-000029	2112	0	4.0808450582106924e-08	2.9829680497917406e-08	4.0808450582106924e-08	9	0 2 1 1 0 2 1 2 1	V1:+2 V5:+2 V7:+2 D01:-2 D05:-2 D07:-2 D14:+2 D45:-2 D47:-2
root-000029	283	0	4.0823566093779924e-08	2.148227511838815e-09	4.0823566093779924e-08	9	-2 -1 -2 -1 0 -1 0 -1 -2	V0:-2 V2:-2 V8:-2 D04:-2 D06:-2 D24:-2 D26:-2 D48:+2 D68:+2
root-000029	1344	0	4.086435726237744e-08	2.544908274491584e-09	4.086435726237744e-08	9	1 1 2 1 2 0 0 1 2	V2:+2 V4:+2 V8:+2 D25:+2 D26:+2 D45:+2 D46:+2 D58:-2 D68:-2
root-000029	2095	0	4.089870779222316e-08	2.996355858111279e-13	4.089870779222316e-08	9	0 -2 -1 -1 -1 -2 0 -1 -2	V1:-2 V5:-2 V8:-2 D01:+2 D05:+2 D08:+2 D16:-2 D56:-2 D68:+2
root-000029	1343	0	4.09193678387468e-08	2.5278889597799612e-09	4.09193678387468e-08	9	-1 -1 -2 -1 -2 0 0 -1 -2	V2:-2 V4:-2 V8:-2 D25:-2 D26:-2 D45:-2 D46:-2 D58:+2 D68:+2
root-000029	2200	0	4.0926791144836377e-08	2.670238588757664e-09	4.0926791144836377e-08	9	0 1 2 2 1 0 1 2 1	V2:+2 V3:+2 V7:+2 D02:-2 D03:-2 D07:-2 D25:+2 D35:+2 D57:-2
root-000029	1366	0	4.097157623466998e-08	4.767356203390428e-10	4.097157623466998e-08	9	1 1 2 1 0 2 0 2 1	V2:+2 V5:+2 V7:+2 D24:+2 D26:+2 D45:-2 D47:-2 D56:+2 D67:-2
root-000029	1365	0	4.1068529901249826e-08	4.772079313995648e-10	4.1068529901249826e-08	9	-1 -1 -2 -1 0 -2 0 -2 -1	V2:-2 V5:-2 V7:-2 D24:-2 D26:-2 D45:+2 D47:+2 D56:-2 D67:+2
root-000029	2432	0	4.108008643126772e-08	4.108008643126772e-08	5.389127744608063e-10	9	0 1 0 1 2 2 2 1 1	V4:+2 V5:+2 V6:+2 D04:-2 D05:-2 D06:-2 D24:-2 D25:-2 D26:-2
root-000029	2310	0	4.1187437218125106e-08	4.1187437218125106e-08	9.903558847681025e-09	9	0 1 1 2 2 0 2 1 1	V3:+2 V4:+2 V6:+2 D03:-2 D04:-2 D06:-2 D35:+2 D45:+2 D56:-2
root-000029	1149	0	4.120032950637615e-08	4.5962928165553435e-09	4.120032950637615e-08	9	-1 -2 0 -2 -1 -2 -1 -1 0	V1:-2 V3:-2 V5:-2 D12:-2 D18:-2 D23:+2 D25:+2 D38:-2 D58:-2
root-000029	2160	0	4.1272665874714365e-08	4.1272665874714365e-08	1.157421353466877e-08	9	0 2 0 1 1 2 2 1 1	V1:+2 V5:+2 V6:+2 D01:-2 D05:-2 D06:-2 D12:+2 D25:-2 D26:-2
root-000029	1590	0	4.1504611958668586e-08	4.1504611958668586e-08	1.62710405060261e-08	9	1 1 0 2 1 2 1 2 0	V3:+2 V5:+2 V7:+2 D23:-2 D25:-2 D27:-2 D38:+2 D58:+2 D78:+2
root-000029	1561	0	4.157007239954588e-08	2.7611147304426442e-08	4.157007239954588e-08	9	-1 -1 0 -2 -2 -2 -1 -1 0	V3:-2 V4:-2 V5:-2 D23:+2 D24:+2 D25:+2 D38:-2 D48:-2 D58:-2
root-000029	413	0	4.15755479355899e-08	2.7410948288115225e-09	4.15755479355899e-08	9	-2 -1 -1 -1 -2 0 0 -1 -2	V0:-2 V4:-2 V8:-2 D05:-2 D06:-2 D45:-2 D46:-2 D58:+2 D68:+2
root-000029	414	0	4.1658924063208595e-08	2.7289222779917332e-09	4.1658924063208595e-08	9	2 1 1 1 2 0 0 1 2	V0:+2 V4:+2 V8:+2 D05:+2 D06:+2 D45:+2 D46:+2 D58:-2 D68:-2
root-000029	1583	0	4.178739509521602e-08	4.178739509521602e-08	5.39559476800889e-09	9	-1 -1 0 -2 -2 0 -1 -1 -2	V3:-2 V4:-2 V8:-2 D23:+2 D24:+2 D28:+2 D35:-2 D45:-2 D58:+2
root-000029	2400	0	4.196757545660248e-08	4.196757545660248e-08	1.3093789369006674e-08	9	0 1 1 0 2 1 2 1 2	V4:+2 V6:+2 V8:+2 D04:-2 D06:-2 D08:-2 D34:-2 D36:-2 D38:-2
root-000029	670	0	4.203396501299438e-08	1.3499769853025837e-10	4.203396501299438e-08	9	2 0 2 1 1 0 1 2 1	V0:+2 V2:+2 V7:+2 D01:+2 D05:+2 D12:-2 D17:-2 D25:+2 D57:-2
root-000029	806	0	4.2195673039224476e-08	1.9100996977126584e-10	4.2195673039224476e-08	9	2 0 1 0 1 1 2 2 1	V0:+2 V6:+2 V7:+2 D01:+2 D03:+2 D16:-2 D17:-2 D36:-2 D37:-2
root-000029	2328	0	4.239512023997533e-08	2.7280188705254846e-08	4.239512023997533e-08	9	0 1 1 2 1 1 2 2 0	V3:+2 V6:+2 V7:+2 D03:-2 D06:-2 D07:-2 D38:+2 D68:+2 D78:+2
root-000029	106	0	4.265534087014331e-08	1.1759475415392754e-12	4.265534087014331e-08	9	2 2 1 1 0 0 2 1 1	V0:+2 V1:+2 V6:+2 D04:+2 D05:+2 D14:+2 D15:+2 D46:-2 D56:-2
root-000029	1644	0	4.2817348102678813e-08	4.2817348102678813e-08	8.625109062863117e-09	9	1 1 0 1 2 0 1 2 2	V4:+2 V7:+2 V8:+2 D24:-2 D27:-2 D28:-2 D45:+2 D57:-2 D58:-2
root-000029	1543	0	4.284202895896937e-08	4.284202895896937e-08	4.272875315754817e-08	9	-1 -1 -1 0 -2 0 -1 -2 -2	V4:-2 V7:-2 V8:-2 D34:+2 D37:+2 D38:+2 D45:-2 D57:+2 D58:+2
root-000029	654	0	4.2925623844493045e-08	1.7526335463075978e-08	4.2925623844493045e-08	9	2 0 2 1 1 2 0 1 1	V0:+2 V2:+2 V5:+2 D01:+2 D06:+2 D12:-2 D15:-2 D26:+2 D56:+2
root-000029	914	0	4.293137042114237e-08	2.1852298622546835e-09	4.293137042114237e-08	9	1 2 2 1 0 1 0 1 2	V1:+2 V2:+2 V8:+2 D14:+2 D16:+2 D24:+2 D26:+2 D48:-2 D68:-2
root-000029	1744	0	4.3006372818538846e-08	1.6224770856169012e-08	4.3006372818538846e-08	9	1 0 2 1 2 0 1 1 2	V2:+2 V4:+2 V8:+2 D12:-2 D14:-2 D18:-2 D25:+2 D45:+2 D58:-2
root-000029	37	0	4.318047195112612e-08	4.318047195112612e-08	3.5886125562587754e-08	9	-2 -2 -1 -2 -1 0 -1 -1 0	V0:-2 V1:-2 V3:-2 D05:-2 D08:-2 D15:-2 D18:-2 D35:-2 D38:-2
root-000029	542	0	4.3327713630617214e-08	2.95613236717125e-09	4.3327713630617214e-08	9	2 1 0 2 1 0 1 1 2	V0:+2 V3:+2 V8:+2 D02:+2 D05:+2 D23:-2 D28:-2 D35:+2 D58:-2
root-000029	75	0	4.3604142383376836e-08	2.1170030647997403e-12	4.3604142383376836e-08	9	-2 -2 -1 -1 -1 0 -2 -1 0	V0:-2 V1:-2 V6:-2 D05:-2 D08:-2 D15:-2 D18:-2 D56:+2 D68:-2
root-000029	76	0	4.3606864372219534e-08	2.1273205215748327e-12	4.3606864372219534e-08	9	2 2 1 1 1 0 2 1 0	V0:+2 V1:+2 V6:+2 D05:+2 D08:+2 D15:+2 D18:+2 D56:-2 D68:+2
root-000029	503	0	4.36406235755849e-08	5.843385904684966e-11	4.36406235755849e-08	9	-2 -1 -1 0 0 -2 -1 -1 -2	V0:-2 V5:-2 V8:-2 D03:-2 D04:-2 D35:+2 D38:+2 D45:+2 D48:+2
root-000029	206	0	4.370329397942852e-08	3.905601603319223e-08	4.370329397942852e-08	9	2 2 0 0 1 1 2 1 1	V0:+2 V1:+2 V6:+2 D02:+2 D03:+2 D12:+2 D13:+2 D26:-2 D36:-2
root-000029	1553	0	4.3886446479205796e-08	2.374500114434052e-10	4.3886446479205796e-08	9	-1 -1 -1 0 0 -2 -2 -2 -1	V5:-2 V6:-2 V7:-2 D35:+2 D36:+2 D37:+2 D45:+2 D46:+2 D47:+2
root-000029	2177	0	4.401100700647211e-08	2.669894702475371e-09	4.401100700647211e-08	9	0 -1 -2 -2 -2 0 -1 -1 -1	V2:-2 V3:-2 V4:-2 D02:+2 D03:+2 D04:+2 D25:-2 D35:-2 D45:-2
root-000029	2375	0	4.4303676085248155e-08	4.4303676085248155e-08	3.6580920085062466e-08	9	0 -1 -1 -1 -1 -2 -2 -2 0	V5:-2 V6:-2 V7:-2 D05:+2 D06:+2 D07:+2 D58:-2 D68:-2 D78:-2
root-000029	1741	0	4.440490920009361e-08	1.7108189580064005e-08	4.440490920009361e-08	9	-1 0 -2 -1 -2 0 -1 -2 -1	V2:-2 V4:-2 V7:-2 D12:+2 D14:+2 D17:+2 D25:-2 D45:-2 D57:+2
root-000029	1433	0	4.445016726765365e-08	5.048158684873671e-11	4.445016726765365e-08	9	-1 -1 -2 0 0 -2 -1 -1 -2	V2:-2 V5:-2 V8:-2 D23:-2 D24:-2 D35:+2 D38:+2 D45:+2 D48:+2
root-000029	1851	0	4.457156580048049e-08	4.061407617721811e-08	4.457156580048049e-08	9	-1 0 -1 -2 0 -2 -1 -2 -1	V3:-2 V5:-2 V7:-2 D13:+2 D15:+2 D17:+2 D34:-2 D45:+2 D47:+2
root-000029	2140	0	4.5015788691662524e-08	2.060647689246542e-08	4.5015788691662524e-08	9	0 2 1 0 1 1 1 2 2	V1:+2 V7:+2 V8:+2 D01:-2 D07:-2 D08:-2 D13:+2 D37:-2 D38:-2
root-000029	1983	0	4.5100976051356395e-08	1.0180731791153849e-10	4.5100976051356395e-08	9	0 -2 -2 -1 -1 -2 0 -1 -1	V1:-2 V2:-2 V5:-2 D01:+2 D02:+2 D05:+2 D16:-2 D26:-2 D56:-2
root-000029	1572	0	4.5117276141487737e-08	8.335003023148508e-09	4.5117276141487737e-08	9	1 1 0 2 2 1 1 2 0	V3:+2 V4:+2 V7:+2 D23:-2 D24:-2 D27:-2 D38:+2 D48:+2 D78:+2
root-000029	321	0	4.525648314564776e-08	2.5232316690789093e-08	4.525648314564776e-08	9	-2 -1 -2 0 -1 0 -1 -1 -2	V0:-2 V2:-2 V8:-2 D03:-2 D05:-2 D23:-2 D25:-2 D38:+2 D58:+2
root-000029	907	0	4.551045519737853e-08	2.268297455310087e-12	4.551045519737853e-08	9	-1 -2 -2 -1 0 -1 -1 -2 0	V1:-2 V2:-2 V7:-2 D14:-2 D18:-2 D24:-2 D28:-2 D47:+2 D78:-2
root-000029	270	0	4.5596230639123755e-08	7.322167903154208e-09	4.5596230639123755e-08	9	2 1 2 1 0 2 1 0 1	V0:+2 V2:+2 V5:+2 D04:+2 D07:+2 D24:+2 D27:+2 D45:-2 D57:+2
root-000029	193	0	4.5699046646266206e-08	2.962741419667913e-08	4.5699046646266206e-08	9	-2 -2 0 -1 0 -2 -1 -1 -1	V0:-2 V1:-2 V5:-2 D02:-2 D04:-2 D12:-2 D14:-2 D25:+2 D45:+2
root-000029	1393	0	4.573716383750347e-08	1.169983750422008e-08	4.573716383750347e-08	9	-1 -1 -2 0 -2 -1 -1 0 -2	V2:-2 V4:-2 V8:-2 D23:-2 D27:-2 D34:+2 D38:+2 D47:-2 D78:+2
root-000029	172	0	4.578745096005981e-08	3.022429441476044e-08	4.578745096005981e-08	9	2 2 0 1 1 2 1 0 1	V0:+2 V1:+2 V5:+2 D02:+2 D07:+2 D12:+2 D17:+2 D25:-2 D57:+2
root-000029	699	0	4.579599060919426e-08	1.7472716048306675e-08	4.579599060919426e-08	9	-2 0 -1 -2 -1 -2 -1 -1 0	V0:-2 V3:-2 V5:-2 D01:-2 D08:-2 D13:+2 D15:+2 D38:-2 D58:-2
root-000029	174	0	4.5844162518416724e-08	2.9556426557928e-08	4.5844162518416724e-08	9	2 2 0 1 1 2 0 1 1	V0:+2 V1:+2 V5:+2 D02:+2 D06:+2 D12:+2 D16:+2 D25:-2 D56:+2
root-000029	99	0	4.591779086009865e-08	1.014347645050418e-09	4.591779086009865e-08	9	-2 -2 -1 -1 0 -1 -1 0 -2	V0:-2 V1:-2 V8:-2 D04:-2 D07:-2 D14:-2 D17:-2 D48:+2 D78:+2
root-000029	181	0	4.60466067995965e-08	2.973203362658253e-08	4.60466067995965e-08	9	-2 -2 0 -1 -1 -1 -1 0 -2	V0:-2 V1:-2 V8:-2 D02:-2 D07:-2 D12:-2 D17:-2 D28:+2 D78:+2
root-000029	182	0	4.60583014428751e-08	2.969856289699309e-08	4.60583014428751e-08	9	2 2 0 1 1 1 1 0 2	V0:+2 V1:+2 V8:+2 D02:+2 D07:+2 D12:+2 D17:+2 D28:-2 D78:-2
root-000029	2376	0	4.6103050232646707e-08	4.6103050232646707e-08	3.4208429604118726e-08	9	0 1 1 1 1 2 2 2 0	V5:+2 V6:+2 V7:+2 D05:-2 D06:-2 D07:-2 D58:+2 D68:+2 D78:+2
root-000029	279	0	4.621957323671377e-08	1.3632796459862442e-09	4.621957323671377e-08	9	-2 -1 -2 -1 0 -1 -1 0 -2	V0:-2 V2:-2 V8:-2 D04:-2 D07:-2 D24:-2 D27:-2 D48:+2 D78:+2
root-000029	1607	0	4.627702467834689e-08	4.627702467834689e-08	1.725619141662738e-08	9	-1 -1 0 -2 -1 0 -1 -2 -2	V3:-2 V7:-2 V8:-2 D23:+2 D27:+2 D28:+2 D35:-2 D57:+2 D58:+2
root-000029	653	0	4.639844210623927e-08	1.9272392236501712e-08	4.639844210623927e-08	9	-2 0 -2 -1 -1 -2 0 -1 -1	V0:-2 V2:-2 V5:-2 D01:-2 D06:-2 D12:+2 D15:+2 D26:-2 D56:-2
root-000029	2393	0	4.644596664064244e-08	4.644596664064244e-08	1.0666695431840853e-08	9	0 -1 -1 0 -2 -2 -1 -2 -1	V4:-2 V5:-2 V7:-2 D04:+2 D05:+2 D07:+2 D34:+2 D35:+2 D37:+2
root-000029	187	0	4.646524524656994e-08	5.790695589860121e-11	4.646524524656994e-08	9	-2 -2 0 -1 -1 0 -2 -1 -1	V0:-2 V1:-2 V6:-2 D02:-2 D05:-2 D12:-2 D15:-2 D26:+2 D56:+2
root-000029	1567	0	4.6575732564094787e-08	3.461378107509279e-08	4.6575732564094787e-08	9	-1 -1 0 -2 -2 -1 -2 -1 0	V3:-2 V4:-2 V6:-2 D23:+2 D24:+2 D26:+2 D38:-2 D48:-2 D68:-2
root-000029	2295	0	4.6596502929196715e-08	4.6596502929196715e-08	3.6368014738607856e-08	9	0 -1 -1 -2 -2 -2 0 -1 -1	V3:-2 V4:-2 V5:-2 D03:+2 D04:+2 D05:+2 D36:-2 D46:-2 D56:-2
root-000029	2340	0	4.66824410984363e-08	1.4162908409130393e-08	4.66824410984363e-08	9	0 1 1 2 0 2 2 1 1	V3:+2 V5:+2 V6:+2 D03:-2 D05:-2 D06:-2 D34:+2 D45:-2 D46:-2
root-000029	2015	0	4.668514725306372e-08	1.6771976277543982e-08	4.668514725306372e-08	9	0 -2 -2 0 -1 -1 -2 -1 -1	V1:-2 V2:-2 V6:-2 D01:+2 D02:+2 D06:+2 D13:-2 D23:-2 D36:+2
root-000029	1312	0	4.67682094782995e-08	4.787328798443151e-10	4.67682094782995e-08	9	1 1 2 2 0 1 0 2 1	V2:+2 V3:+2 V7:+2 D24:+2 D26:+2 D34:+2 D36:+2 D47:-2 D67:-2
root-000029	2344	0	4.6824978239265946e-08	1.5368250951258872e-08	4.6824978239265946e-08	9	0 1 1 2 0 2 1 1 2	V3:+2 V5:+2 V8:+2 D03:-2 D05:-2 D08:-2 D34:+2 D45:-2 D48:-2
root-000029	777	0	4.694735389942327e-08	1.6281914126246124e-08	4.694735389942327e-08	9	-2 0 -1 -1 -1 0 -1 -2 -2	V0:-2 V7:-2 V8:-2 D01:-2 D05:-2 D17:+2 D18:+2 D57:+2 D58:+2
root-000029	2327	0	4.6964448493510545e-08	1.4436772709067812e-09	4.6964448493510545e-08	9	0 -1 -1 -2 -1 -1 -2 -2 0	V3:-2 V6:-2 V7:-2 D03:+2 D06:+2 D07:+2 D38:-2 D68:-2 D78:-2
root-000029	2229	0	4.7235828650328496e-08	2.6489040406703096e-09	4.7235828650328496e-08	9	0 -1 -2 -1 -2 0 -2 -1 -1	V2:-2 V4:-2 V6:-2 D02:+2 D04:+2 D06:+2 D25:-2 D45:-2 D56:+2
root-000029	1378	0	4.7749267671146055e-08	4.774960045394822e-14	4.7749267671146055e-08	9	1 1 2 1 0 0 2 1 2	V2:+2 V6:+2 V8:+2 D24:+2 D25:+2 D46:-2 D48:-2 D56:-2 D58:-2
root-000029	1721	0	4.780413864943643e-08	1.3048348614703144e-09	4.780413864943643e-08	9	-1 0 -2 -1 -2 -2 -1 -1 0	V2:-2 V4:-2 V5:-2 D12:+2 D14:+2 D15:+2 D28:-2 D48:-2 D58:-2
root-000029	1349	0	4.7997481372731635e-08	1.5098294509889467e-09	4.7997481372731635e-08	9	-1 -1 -2 -1 -1 -2 0 0 -2	V2:-2 V5:-2 V8:-2 D26:-2 D27:-2 D56:-2 D57:-2 D68:+2 D78:+2
root-000029	1740	0	4.80523635290108e-08	4.80523635290108e-08	3.6311216682461225e-08	9	1 0 2 1 2 0 2 1 1	V2:+2 V4:+2 V6:+2 D12:-2 D14:-2 D16:-2 D25:+2 D45:+2 D56:-2
root-000029	763	0	4.811403725104744e-08	4.117417899788196e-10	4.811403725104744e-08	9	-2 0 -1 -1 -1 -2 0 -2 -1	V0:-2 V5:-2 V7:-2 D01:-2 D06:-2 D15:+2 D17:+2 D56:-2 D67:+2
root-000029	673	0	4.826385289891094e-08	3.1930290003530687e-08	4.826385289891094e-08	9	-2 0 -2 -1 0 -2 -1 -1 -1	V0:-2 V2:-2 V5:-2 D01:-2 D04:-2 D12:+2 D15:+2 D24:-2 D45:+2
root-000029	447	0	4.839414180388489e-08	4.9205373521779985e-14	4.839414180388489e-08	9	-2 -1 -1 -1 0 0 -2 -1 -2	V0:-2 V6:-2 V8:-2 D04:-2 D05:-2 D46:+2 D48:+2 D56:+2 D58:+2
root-000029	2314	0	4.840657839455815e-08	4.840657839455815e-08	5.37296351971512e-09	9	0 1 1 2 2 0 1 1 2	V3:+2 V4:+2 V8:+2 D03:-2 D04:-2 D08:-2 D35:+2 D45:+2 D58:-2
root-000029	1562	0	4.842326733757216e-08	4.842326733757216e-08	4.699959734788051e-08	9	1 1 0 2 2 2 1 1 0	V3:+2 V4:+2 V5:+2 D23:-2 D24:-2 D25:-2 D38:+2 D48:+2 D58:+2
root-000029	1823	0	4.84962922061023e-08	4.84962922061023e-08	5.433112957706936e-09	9	-1 0 -1 -2 -2 0 -1 -1 -2	V3:-2 V4:-2 V8:-2 D13:+2 D14:+2 D18:+2 D35:-2 D45:-2 D58:+2
root-000029	1667	0	4.8533016390190763e-08	4.1855996772088187e-08	4.8533016390190763e-08	9	-1 -1 0 0 -2 -1 -2 -2 -1	V4:-2 V6:-2 V7:-2 D24:+2 D26:+2 D27:+2 D34:+2 D36:+2 D37:+2
root-000029	1175	0	4.868074261174485e-08	2.5780568005234865e-09	4.868074261174485e-08	9	-1 -2 0 -2 0 -1 -2 -1 -1	V1:-2 V3:-2 V6:-2 D12:-2 D14:-2 D23:+2 D26:+2 D34:-2 D46:+2
root-000029	1885	0	4.871045371669847e-08	3.224718036703682e-08	4.871045371669847e-08	9	-1 0 -1 -1 -1 -2 -2 -2 0	V5:-2 V6:-2 V7:-2 D15:+2 D16:+2 D17:+2 D58:-2 D68:-2 D78:-2
root-000029	919	0	4.9358824563820906e-08	4.9358824563820906e-08	3.7352280436480696e-08	9	-1 -2 -2 -1 0 0 -1 -1 -2	V1:-2 V2:-2 V8:-2 D14:-2 D15:-2 D24:-2 D25:-2 D48:+2 D58:+2
root-000029	245	0	4.9652969621283944e-08	3.776296914521842e-09	4.9652969621283944e-08	9	-2 -1 -2 -1 -1 -2 0 -1 0	V0:-2 V2:-2 V5:-2 D06:-2 D08:-2 D26:-2 D28:-2 D56:-2 D58:-2
root-000029	2055	0	4.9789581223616844e-08	2.7947380708441652e-09	4.9789581223616844e-08	9	0 -2 -1 -2 0 -1 -2 -1 -1	V1:-2 V3:-2 V6:-2 D01:+2 D03:+2 D06:+2 D14:-2 D34:-2 D46:+2
root-000029	2056	0	4.978965649651345e-08	2.794725355860956e-09	4.978965649651345e-08	9	0 2 1 2 0 1 2 1 1	V1:+2 V3:+2 V6:+2 D01:-2 D03:-2 D06:-2 D14:+2 D34:+2 D46:-2
root-000029	1340	0	4.9800388852166034e-08	1.611767832654126e-08	4.9800388852166034e-08	9	1 1 2 1 2 0 1 0 2	V2:+2 V4:+2 V8:+2 D25:+2 D27:+2 D45:+2 D47:+2 D58:-2 D78:-2
root-000029	1633	0	4.983846669940688e-08	3.782658120479783e-08	4.983846669940688e-08	9	-1 -1 0 -1 -2 -1 -2 -2 0	V4:-2 V6:-2 V7:-2 D24:+2 D26:+2 D27:+2 D48:-2 D68:-2 D78:-2
root-000029	409	0	4.98979658109437e-08	1.436145517539628e-08	4.98979658109437e-08	9	-2 -1 -1 -1 -2 0 -1 0 -2	V0:-2 V4:-2 V8:-2 D05:-2 D07:-2 D45:-2 D47:-2 D58:+2 D78:+2
root-000029	1339	0	4.99687665817752e-08	1.6278438222823755e-08	4.99687665817752e-08	9	-1 -1 -2 -1 -2 0 -1 0 -2	V2:-2 V4:-2 V8:-2 D25:-2 D27:-2 D45:-2 D47:-2 D58:+2 D78:+2
root-000029	1063	0	5.001422034064856e-08	3.0652082263689657e-10	5.001422034064856e-08	9	-1 -2 -1 -1 0 -2 -1 0 -2	V1:-2 V5:-2 V8:-2 D14:-2 D17:-2 D45:+2 D48:+2 D57:-2 D78:+2
root-000029	1064	0	5.0177091860437216e-08	2.930066340774035e-10	5.0177091860437216e-08	9	1 2 1 1 0 2 1 0 2	V1:+2 V5:+2 V8:+2 D14:+2 D17:+2 D45:-2 D48:-2 D57:+2 D78:-2
root-000029	2336	0	5.036256410156234e-08	9.57877529448611e-09	5.036256410156234e-08	9	0 1 1 2 1 0 2 1 2	V3:+2 V6:+2 V8:+2 D03:-2 D06:-2 D08:-2 D35:+2 D56:-2 D58:-2
root-000029	2410	0	5.0468897454192537e-08	2.4678305043834057e-08	5.0468897454192537e-08	9	0 1 1 0 1 1 2 2 2	V6:+2 V7:+2 V8:+2 D06:-2 D07:-2 D08:-2 D36:-2 D37:-2 D38:-2
root-000029	1830	0	5.071912496540249e-08	5.071912496540249e-08	1.4826600107362468e-08	9	1 0 1 2 1 2 1 2 0	V3:+2 V5:+2 V7:+2 D13:-2 D15:-2 D17:-2 D38:+2 D58:+2 D78:+2
root-000029	1670	0	5.0827990555188004e-08	5.0827990555188004e-08	4.350983667554031e-08	9	1 1 0 0 2 1 2 1 2	V4:+2 V6:+2 V8:+2 D24:-2 D26:-2 D28:-2 D34:-2 D36:-2 D38:-2
root-000029	663	0	5.0831048301553446e-08	2.712245424322546e-10	5.0831048301553446e-08	9	-2 0 -2 -1 -1 -1 0 -2 -1	V0:-2 V2:-2 V7:-2 D01:-2 D06:-2 D12:+2 D17:+2 D26:-2 D67:+2
root-000029	420	0	5.0908669075810944e-08	6.878139127071208e-10	5.0908669075810944e-08	9	2 1 1 1 1 2 0 0 2	V0:+2 V5:+2 V8:+2 D06:+2 D07:+2 D56:+2 D57:+2 D68:-2 D78:-2
root-000029	930	0	5.091327123216087e-08	5.091327123216087e-08	3.9503126147193905e-08	9	1 2 2 0 1 2 1 1 0	V1:+2 V2:+2 V5:+2 D13:+2 D18:+2 D23:+2 D28:+2 D35:-2 D58:+2
root-000029	1672	0	5.1047989905262255e-08	5.1047989905262255e-08	3.321599612678639e-08	9	1 1 0 0 2 1 1 2 2	V4:+2 V7:+2 V8:+2 D24:-2 D27:-2 D28:-2 D34:-2 D37:-2 D38:-2
root-000029	928	0	5.1169906692628804e-08	5.1169906692628804e-08	1.9874732072584627e-08	9	1 2 2 0 2 0 1 1 1	V1:+2 V2:+2 V4:+2 D13:+2 D15:+2 D23:+2 D25:+2 D34:-2 D45:+2
root-000029	604	0	5.120968059079584e-08	1.855827997973176e-12	5.120968059079584e-08	9	2 1 0 1 0 2 1 1 2	V0:+2 V5:+2 V8:+2 D02:+2 D04:+2 D25:-2 D28:-2 D45:-2 D48:-2
root-000029	280	0	5.121401951725228e-08	2.9284585063140412e-09	5.121401951725228e-08	9	2 1 2 1 0 1 1 0 2	V0:+2 V2:+2 V8:+2 D04:+2 D07:+2 D24:+2 D27:+2 D48:-2 D78:-2
root-000029	587	0	5.1219407382063764e-08	1.9181229787375743e-08	5.1219407382063764e-08	9	-2 -1 0 -1 -1 -1 -2 -2 0	V0:-2 V6:-2 V7:-2 D02:-2 D08:-2 D26:+2 D27:+2 D68:-2 D78:-2
root-000029	1267	0	5.1219783655332356e-08	1.5460945067992535e-10	5.1219783655332356e-08	9	-1 -1 -2 -2 -2 0 -1 -1 0	V2:-2 V3:-2 V4:-2 D25:-2 D28:-2 D35:-2 D38:-2 D45:-2 D48:-2
root-000029	588	0	5.133130354106896e-08	1.942550712110365e-08	5.133130354106896e-08	9	2 1 0 1 1 1 2 2 0	V0:+2 V6:+2 V7:+2 D02:+2 D08:+2 D26:-2 D27:-2 D68:+2 D78:+2
root-000029	546	0	5.141044268093828e-08	1.6914519226874457e-10	5.141044268093828e-08	9	2 1 0 2 0 1 2 1 1	V0:+2 V3:+2 V6:+2 D02:+2 D04:+2 D23:-2 D26:-2 D34:+2 D46:-2
root-000029	1758	0	5.1723079447754574e-08	6.346332081978124e-10	5.1723079447754574e-08	9	1 0 2 1 1 1 2 2 0	V2:+2 V6:+2 V7:+2 D12:-2 D16:-2 D17:-2 D28:+2 D68:+2 D78:+2
root-000029	576	0	5.181170711768134e-08	1.983438599737836e-08	5.181170711768134e-08	9	2 1 0 1 1 2 2 1 0	V0:+2 V5:+2 V6:+2 D02:+2 D08:+2 D25:-2 D26:-2 D58:+2 D68:+2
root-000029	575	0	5.185049024761765e-08	1.9837224676011903e-08	5.185049024761765e-08	9	-2 -1 0 -1 -1 -2 -2 -1 0	V0:-2 V5:-2 V6:-2 D02:-2 D08:-2 D25:+2 D26:+2 D58:-2 D68:-2
root-000029	337	0	5.2164480186642026e-08	1.2626461050526091e-10	5.2164480186642026e-08	9	-2 -1 -1 -2 -2 0 -1 -1 0	V0:-2 V3:-2 V4:-2 D05:-2 D08:-2 D35:-2 D38:-2 D45:-2 D48:-2
root-000029	82	0	5.223970703002404e-08	5.223970703002404e-08	3.835844564139056e-08	9	2 2 1 1 1 0 1 0 2	V0:+2 V1:+2 V8:+2 D05:+2 D07:+2 D15:+2 D17:+2 D58:-2 D78:-2
root-000029	1911	0	5.268481322305427e-08	5.268481322305427e-08	3.315543572623861e-08	9	-1 0 -1 0 -2 -1 -1 -2 -2	V4:-2 V7:-2 V8:-2 D14:+2 D17:+2 D18:+2 D34:+2 D37:+2 D38:+2
root-000029	176	0	5.2717623240910164e-08	2.7903121816526696e-08	5.2717623240910164e-08	9	2 2 0 1 1 1 2 1 0	V0:+2 V1:+2 V6:+2 D02:+2 D08:+2 D12:+2 D18:+2 D26:-2 D68:+2
root-000029	1846	0	5.274778908404953e-08	5.274778908404953e-08	1.5663478910272837e-08	9	1 0 1 2 1 0 2 1 2	V3:+2 V6:+2 V8:+2 D13:-2 D16:-2 D18:-2 D35:+2 D56:-2 D58:-2
root-000029	1597	0	5.295201198014862e-08	5.295201198014862e-08	2.9578197346655965e-08	9	-1 -1 0 -2 -1 -1 -2 -2 0	V3:-2 V6:-2 V7:-2 D23:+2 D26:+2 D27:+2 D38:-2 D68:-2 D78:-2
root-000029	416	0	5.3015125736743625e-08	7.167825897785352e-11	5.3015125736743625e-08	9	2 1 1 1 1 2 2 0 0	V0:+2 V5:+2 V6:+2 D07:+2 D08:+2 D57:+2 D58:+2 D67:+2 D68:+2
root-000029	1891	0	5.315947553819117e-08	5.315947553819117e-08	1.524181258219108e-09	9	-1 0 -1 -1 -1 0 -2 -2 -2	V6:-2 V7:-2 V8:-2 D16:+2 D17:+2 D18:+2 D56:+2 D57:+2 D58:+2
root-000029	1192	0	5.3178519192305574e-08	3.747273110265678e-09	5.3178519192305574e-08	9	1 2 0 1 2 1 1 2 0	V1:+2 V4:+2 V7:+2 D12:+2 D18:+2 D24:-2 D27:-2 D48:+2 D78:+2
root-000029	271	0	5.318673058828525e-08	5.162606930124843e-08	5.318673058828525e-08	9	-2 -1 -2 -1 0 -2 0 -1 -1	V0:-2 V2:-2 V5:-2 D04:-2 D06:-2 D24:-2 D26:-2 D45:+2 D56:-2
root-000029	1610	0	5.323326126847644e-08	9.313713094617203e-09	5.323326126847644e-08	9	1 1 0 2 0 2 2 1 1	V3:+2 V5:+2 V6:+2 D23:-2 D25:-2 D26:-2 D34:+2 D45:-2 D46:-2
root-000029	1603	0	5.354640980534652e-08	5.354640980534652e-08	1.9801496912958083e-08	9	-1 -1 0 -2 -1 0 -2 -2 -1	V3:-2 V6:-2 V7:-2 D23:+2 D26:+2 D27:+2 D35:-2 D56:+2 D57:+2
root-000029	2004	0	5.360341021022626e-08	1.1823794952304933e-11	5.360341021022626e-08	9	0 2 2 1 0 2 1 1 1	V1:+2 V2:+2 V5:+2 D01:-2 D02:-2 D05:-2 D14:+2 D24:+2 D45:-2
root-000029	1544	0	5.3977988902606254e-08	5.3977988902606254e-08	4.121147102242893e-08	9	1 1 1 0 2 0 1 2 2	V4:+2 V7:+2 V8:+2 D34:-2 D37:-2 D38:-2 D45:+2 D57:-2 D58:-2
root-000029	2357	0	5.422758905640421e-08	2.1212461999201718e-08	5.422758905640421e-08	9	0 -1 -1 -1 -2 -2 -1 0 -2	V4:-2 V5:-2 V8:-2 D04:+2 D05:+2 D08:+2 D47:-2 D57:-2 D78:+2
root-000029	2374	0	5.437430278873697e-08	5.437430278873697e-08	1.9440188539111762e-08	9	0 1 1 1 2 0 1 2 2	V4:+2 V7:+2 V8:+2 D04:-2 D07:-2 D08:-2 D45:+2 D57:-2 D58:-2
root-000029	1720	0	5.447269160652864e-08	8.276125617589311e-12	5.447269160652864e-08	9	1 0 2 2 0 1 1 1 2	V2:+2 V3:+2 V8:+2 D12:-2 D13:-2 D18:-2 D24:+2 D34:+2 D48:-2
root-000029	1829	0	5.464521383204735e-08	5.464521383204735e-08	1.669549345659464e-08	9	-1 0 -1 -2 -1 -2 -1 -2 0	V3:-2 V5:-2 V7:-2 D13:+2 D15:+2 D17:+2 D38:-2 D58:-2 D78:-2
root-000029	268	0	5.467304163110062e-08	5.467304163110062e-08	1.645677522669331e-08	9	2 1 2 1 0 2 1 1 0	V0:+2 V2:+2 V5:+2 D04:+2 D08:+2 D24:+2 D28:+2 D45:-2 D58:+2
root-000029	1890	0	5.478173919107012e-08	7.307062096032059e-09	5.478173919107012e-08	9	1 0 1 1 1 2 0 2 2	V5:+2 V7:+2 V8:+2 D15:-2 D17:-2 D18:-2 D56:+2 D67:-2 D68:-2
root-000029	645	0	5.540766420183968e-08	2.7071404014161833e-10	5.540766420183968e-08	9	-2 0 -2 -1 -2 -1 0 -1 -1	V0:-2 V2:-2 V4:-2 D01:-2 D06:-2 D12:+2 D14:+2 D26:-2 D46:-2
root-000029	1609	0	5.543895110192589e-08	1.1777325325337377e-08	5.543895110192589e-08	9	-1 -1 0 -2 0 -2 -2 -1 -1	V3:-2 V5:-2 V6:-2 D23:+2 D25:+2 D26:+2 D34:-2 D45:+2 D46:+2
root-000029	186	0	5.5701734550671464e-08	3.050259246556175e-08	5.5701734550671464e-08	9	2 2 0 1 1 1 0 1 2	V0:+2 V1:+2 V8:+2 D02:+2 D06:+2 D12:+2 D16:+2 D28:-2 D68:-2
root-000029	185	0	5.572703227189013e-08	3.0636184780816705e-08	5.572703227189013e-08	9	-2 -2 0 -1 -1 -1 0 -1 -2	V0:-2 V1:-2 V8:-2 D02:-2 D06:-2 D12:-2 D16:-2 D28:+2 D68:+2
root-000029	1849	0	5.5756361330546825e-08	2.3400161918405842e-08	5.5756361330546825e-08	9	-1 0 -1 -2 0 -2 -2 -1 -1	V3:-2 V5:-2 V6:-2 D13:+2 D15:+2 D16:+2 D34:-2 D45:+2 D46:+2
root-000029	104	0	5.5756669977285655e-08	1.7893084959910917e-09	5.5756669977285655e-08	9	2 2 1 1 0 1 0 1 2	V0:+2 V1:+2 V8:+2 D04:+2 D06:+2 D14:+2 D16:+2 D48:-2 D68:-2
root-000029	2397	0	5.601771709851054e-08	3.0895401745114686e-08	5.601771709851054e-08	9	0 -1 -1 0 -2 -1 -2 -2 -1	V4:-2 V6:-2 V7:-2 D04:+2 D06:+2 D07:+2 D34:+2 D36:+2 D37:+2
root-000029	269	0	5.6450327277269804e-08	3.4830579390968847e-09	5.6450327277269804e-08	9	-2 -1 -2 -1 0 -2 -1 0 -1	V0:-2 V2:-2 V5:-2 D04:-2 D07:-2 D24:-2 D27:-2 D45:+2 D57:-2
root-000029	1540	0	5.699903312003136e-08	5.699903312003136e-08	5.64391792547417e-08	9	1 1 1 0 2 0 2 2 1	V4:+2 V6:+2 V7:+2 D34:-2 D36:-2 D37:-2 D45:+2 D56:-2 D57:-2
root-000029	1630	0	5.711517550209735e-08	2.099983625696102e-10	5.711517550209735e-08	9	1 1 0 1 2 2 0 2 1	V4:+2 V5:+2 V7:+2 D24:-2 D25:-2 D27:-2 D46:+2 D56:+2 D67:-2
root-000029	942	0	5.7193920184091894e-08	5.7193920184091894e-08	2.6913586697562713e-08	9	1 2 2 0 1 1 1 0 2	V1:+2 V2:+2 V8:+2 D13:+2 D17:+2 D23:+2 D27:+2 D38:-2 D78:-2
root-000029	1539	0	5.723883570943881e-08	2.960887232977572e-08	5.723883570943881e-08	9	-1 -1 -1 0 -2 0 -2 -2 -1	V4:-2 V6:-2 V7:-2 D34:+2 D36:+2 D37:+2 D45:-2 D56:+2 D57:+2
root-000029	434	0	5.725473783062496e-08	1.7967398792239497e-09	5.725473783062496e-08	9	2 1 1 1 0 2 1 0 2	V0:+2 V5:+2 V8:+2 D04:+2 D07:+2 D45:-2 D48:-2 D57:+2 D78:-2
root-000029	2338	0	5.7312138692876566e-08	5.7312138692876566e-08	1.6381061728046182e-08	9	0 1 1 2 1 0 1 2 2	V3:+2 V7:+2 V8:+2 D03:-2 D07:-2 D08:-2 D35:+2 D57:-2 D58:-2
root-000029	643	0	5.738789108758478e-08	1.3530111056687107e-09	5.738789108758478e-08	9	-2 0 -2 -1 -2 -1 -1 0 -1	V0:-2 V2:-2 V4:-2 D01:-2 D07:-2 D12:+2 D14:+2 D27:-2 D47:-2
root-000029	367	0	5.743742796320394e-08	6.200096671925206e-09	5.743742796320394e-08	9	-2 -1 -1 -2 0 -2 -1 -1 0	V0:-2 V3:-2 V5:-2 D04:-2 D08:-2 D34:-2 D38:-2 D45:+2 D58:-2
root-000029	1668	0	5.747649121418439e-08	3.131968158828811e-08	5.747649121418439e-08	9	1 1 0 0 2 1 2 2 1	V4:+2 V6:+2 V7:+2 D24:-2 D26:-2 D27:-2 D34:-2 D36:-2 D37:-2
root-000029	2333	0	5.751859503801115e-08	5.751859503801115e-08	2.787355431865186e-08	9	0 -1 -1 -2 -1 0 -2 -2 -1	V3:-2 V6:-2 V7:-2 D03:+2 D06:+2 D07:+2 D35:-2 D56:+2 D57:+2
root-000029	242	0	5.755453052549681e-08	6.55500530989324e-10	5.755453052549681e-08	9	2 1 2 1 2 0 0 1 1	V0:+2 V2:+2 V4:+2 D05:+2 D06:+2 D25:+2 D26:+2 D45:+2 D46:+2
root-000029	768	0	5.765562396861601e-08	6.679489128941522e-10	5.765562396861601e-08	9	2 0 1 1 1 1 2 2 0	V0:+2 V6:+2 V7:+2 D01:+2 D08:+2 D16:-2 D17:-2 D68:+2 D78:+2
root-000029	2313	0	5.8392898583797685e-08	5.8392898583797685e-08	4.196627324137954e-09	9	0 -1 -1 -2 -2 0 -1 -1 -2	V3:-2 V4:-2 V8:-2 D03:+2 D04:+2 D08:+2 D35:-2 D45:-2 D58:+2
root-000029	1052	0	5.849500750151269e-08	6.810232233301388e-09	5.849500750151269e-08	9	1 2 1 1 1 0 2 2 0	V1:+2 V6:+2 V7:+2 D15:+2 D18:+2 D56:-2 D57:-2 D68:+2 D78:+2
root-000029	896	0	5.8583179877489225e-08	5.8583179877489225e-08	2.7674894333435738e-08	9	1 2 2 1 1 0 0 1 2	V1:+2 V2:+2 V8:+2 D15:+2 D16:+2 D25:+2 D26:+2 D58:-2 D68:-2
root-000029	1737	0	5.8844234997578994e-08	1.9765480665757606e-09	5.8844234997578994e-08	9	-1 0 -2 -1 -2 -1 0 -1 -2	V2:-2 V4:-2 V8:-2 D12:+2 D14:+2 D18:+2 D26:-2 D46:-2 D68:+2
root-000029	2358	0	5.8885825917125045e-08	2.8465466031377015e-08	5.8885825917125045e-08	9	0 1 1 1 2 2 1 0 2	V4:+2 V5:+2 V8:+2 D04:-2 D05:-2 D08:-2 D47:+2 D57:+2 D78:-2
root-000029	669	0	5.904774810801933e-08	8.132133184218639e-09	5.904774810801933e-08	9	-2 0 -2 -1 -1 0 -1 -2 -1	V0:-2 V2:-2 V7:-2 D01:-2 D05:-2 D12:+2 D17:+2 D25:-2 D57:+2
root-000029	1049	0	5.92321721177033e-08	5.8039664119241e-09	5.92321721177033e-08	9	-1 -2 -1 -1 -1 -2 0 0 -2	V1:-2 V5:-2 V8:-2 D16:-2 D17:-2 D56:-2 D57:-2 D68:+2 D78:+2
root-000029	1757	0	5.9288077655184494e-08	7.373572743615159e-10	5.9288077655184494e-08	9	-1 0 -2 -1 -1 -1 -2 -2 0	V2:-2 V6:-2 V7:-2 D12:+2 D16:+2 D17:+2 D28:-2 D68:-2 D78:-2
root-000029	482	0	5.936413055315055e-08	1.1665543472548418e-11	5.936413055315055e-08	9	2 1 1 0 1 2 1 0 2	V0:+2 V5:+2 V8:+2 D03:+2 D07:+2 D35:-2 D38:-2 D57:+2 D78:-2
root-000029	1412	0	5.9396592423564266e-08	1.025617317488083e-11	5.9396592423564266e-08	9	1 1 2 0 1 2 1 0 2	V2:+2 V5:+2 V8:+2 D23:+2 D27:+2 D35:-2 D38:-2 D57:+2 D78:-2
root-000029	2062	0	5.944569443275153e-08	5.944569443275153e-08	4.6615066967876516e-08	9	0 2 1 1 2 2 1 1 0	V1:+2 V4:+2 V5:+2 D01:-2 D04:-2 D05:-2 D18:+2 D48:+2 D58:+2
root-000029	2283	0	5.950456400765936e-08	6.516092267137675e-11	5.950456400765936e-08	9	0 -1 -2 0 -1 -2 -1 -1 -2	V2:-2 V5:-2 V8:-2 D02:+2 D05:+2 D08:+2 D23:-2 D35:+2 D38:+2
root-000029	1824	0	5.9576078077595916e-08	3.1147123464859454e-08	5.9576078077595916e-08	9	1 0 1 2 2 0 1 1 2	V3:+2 V4:+2 V8:+2 D13:-2 D14:-2 D18:-2 D35:+2 D45:+2 D58:-2
root-000029	1411	0	5.959554671700764e-08	1.0296191944887007e-11	5.959554671700764e-08	9	-1 -1 -2 0 -1 -2 -1 0 -2	V2:-2 V5:-2 V8:-2 D23:-2 D27:-2 D35:+2 D38:+2 D57:-2 D78:+2
root-000029	1640	0	5.965630128805037e-08	5.965630128805037e-08	9.102890548700052e-09	9	1 1 0 1 2 0 2 2 1	V4:+2 V6:+2 V7:+2 D24:-2 D26:-2 D27:-2 D45:+2 D56:-2 D57:-2
root-000029	1807	0	5.966166033100256e-08	3.008443796549452e-08	5.966166033100256e-08	9	-1 0 -1 -2 -2 -1 -2 -1 0	V3:-2 V4:-2 V6:-2 D13:+2 D14:+2 D16:+2 D38:-2 D48:-2 D68:-2
root-000029	1850	0	5.976677704547711e-08	1.647280973195047e-08	5.976677704547711e-08	9	1 0 1 2 0 2 2 1 1	V3:+2 V5:+2 V6:+2 D13:-2 D15:-2 D16:-2 D34:+2 D45:-2 D46:-2
root-000029	519	0	6.005872381865729e-08	2.18868522624464e-09	6.005872381865729e-08	9	-2 -1 0 -2 -1 -2 -1 -1 0	V0:-2 V3:-2 V5:-2 D02:-2 D08:-2 D23:+2 D25:+2 D38:-2 D58:-2
root-000029	689	0	6.053507587611663e-08	3.9143208275900484e-08	6.053507587611663e-08	9	-2 0 -2 0 -1 -1 -1 -1 -2	V0:-2 V2:-2 V8:-2 D01:-2 D03:-2 D12:+2 D18:+2 D23:-2 D38:+2
root-000029	1582	0	6.069556490727545e-08	6.069556490727545e-08	1.4719519495781319e-08	9	1 1 0 2 2 0 1 2 1	V3:+2 V4:+2 V7:+2 D23:-2 D24:-2 D27:-2 D35:+2 D45:+2 D57:-2
root-000029	307	0	6.072251981350586e-08	1.2142986431197503e-08	6.072251981350586e-08	9	-2 -1 -2 0 -1 -1 -2 0 -1	V0:-2 V2:-2 V6:-2 D03:-2 D07:-2 D23:-2 D27:-2 D36:+2 D67:-2
root-000029	308	0	6.09981016496384e-08	1.2155968498636222e-08	6.09981016496384e-08	9	2 1 2 0 1 1 2 0 1	V0:+2 V2:+2 V6:+2 D03:+2 D07:+2 D23:+2 D27:+2 D36:-2 D67:+2
root-000029	2402	0	6.102844846196816e-08	8.127435445201455e-09	6.102844846196816e-08	9	0 1 1 0 2 1 1 2 2	V4:+2 V7:+2 V8:+2 D04:-2 D07:-2 D08:-2 D34:-2 D37:-2 D38:-2
root-000029	1907	0	6.107209626771884e-08	6.107209626771884e-08	4.95423604145926e-08	9	-1 0 -1 0 -2 -1 -2 -2 -1	V4:-2 V6:-2 V7:-2 D14:+2 D16:+2 D17:+2 D34:+2 D36:+2 D37:+2
root-000029	735	0	6.140806691287302e-08	3.808961494275529e-10	6.140806691287302e-08	9	-2 0 -1 -1 -2 -2 0 -1 -1	V0:-2 V4:-2 V5:-2 D01:-2 D06:-2 D14:+2 D15:+2 D46:-2 D56:-2
root-000029	1606	0	6.145680818484227e-08	1.604086371850481e-08	6.145680818484227e-08	9	1 1 0 2 1 0 2 1 2	V3:+2 V6:+2 V8:+2 D23:-2 D26:-2 D28:-2 D35:+2 D56:-2 D58:-2
root-000029	623	0	6.202332608231658e-08	1.975083062077676e-09	6.202332608231658e-08	9	-2 -1 0 0 -1 -2 -1 -1 -2	V0:-2 V5:-2 V8:-2 D02:-2 D03:-2 D25:+2 D28:+2 D35:+2 D38:+2
root-000029	1867	0	6.216015029414795e-08	2.355674259742674e-08	6.216015029414795e-08	9	-1 0 -1 -1 -2 -2 -1 0 -2	V4:-2 V5:-2 V8:-2 D14:+2 D15:+2 D18:+2 D47:-2 D57:-2 D78:+2
root-000029	419	0	6.228029067551353e-08	7.314396714338165e-09	6.228029067551353e-08	9	-2 -1 -1 -1 -1 -2 0 0 -2	V0:-2 V5:-2 V8:-2 D06:-2 D07:-2 D56:-2 D57:-2 D68:+2 D78:+2
root-000029	1350	0	6.247750822081384e-08	2.1341652304806538e-08	6.247750822081384e-08	9	1 1 2 1 1 2 0 0 2	V2:+2 V5:+2 V8:+2 D26:+2 D27:+2 D56:+2 D57:+2 D68:-2 D78:-2
root-000029	1739	0	6.257842853914339e-08	5.31945860791539e-08	6.257842853914339e-08	9	-1 0 -2 -1 -2 0 -2 -1 -1	V2:-2 V4:-2 V6:-2 D12:+2 D14:+2 D16:+2 D25:-2 D45:-2 D56:+2
root-000029	2369	0	6.265428904855928e-08	6.265428904855928e-08	1.971451474974605e-08	9	0 -1 -1 -1 -2 0 -2 -2 -1	V4:-2 V6:-2 V7:-2 D04:+2 D06:+2 D07:+2 D45:-2 D56:+2 D57:+2
root-000029	1615	0	6.290166587047071e-08	6.290166587047071e-08	5.919733431001921e-08	9	-1 -1 0 -2 0 -1 -2 -2 -1	V3:-2 V6:-2 V7:-2 D23:+2 D26:+2 D27:+2 D34:-2 D46:+2 D47:+2
root-000029	870	0	6.292566470847762e-08	1.1854276905725276e-08	6.292566470847762e-08	9	1 2 2 1 2 0 1 0 1	V1:+2 V2:+2 V4:+2 D15:+2 D17:+2 D25:+2 D27:+2 D45:+2 D47:+2
root-000029	1354	0	6.293856452602185e-08	7.085262784028285e-10	6.293856452602185e-08	9	1 1 2 1 1 0 2 0 2	V2:+2 V6:+2 V8:+2 D25:+2 D27:+2 D56:-2 D58:-2 D67:+2 D78:-2
root-000029	2091	0	6.375116930499531e-08	7.818714637800803e-12	6.375116930499531e-08	9	0 -2 -1 -1 -1 -2 -1 0 -2	V1:-2 V5:-2 V8:-2 D01:+2 D05:+2 D08:+2 D17:-2 D57:-2 D78:+2
root-000029	1627	0	6.376962164834014e-08	2.3448539374717895e-08	6.376962164834014e-08	9	-1 -1 0 -1 -2 -2 -1 0 -2	V4:-2 V5:-2 V8:-2 D24:+2 D25:+2 D28:+2 D47:-2 D57:-2 D78:+2
root-000029	2057	0	6.379819095389587e-08	6.379819095389587e-08	4.7302215292641884e-08	9	0 -2 -1 -2 0 -1 -1 -2 -1	V1:-2 V3:-2 V7:-2 D01:+2 D03:+2 D07:+2 D14:-2 D34:-2 D47:+2
root-000029	1681	0	6.393701661412425e-08	2.6528084024556815e-11	6.393701661412425e-08	9	-1 0 -2 -2 -2 -1 -1 -1 0	V2:-2 V3:-2 V4:-2 D12:+2 D13:+2 D14:+2 D28:-2 D38:-2 D48:-2
root-000029	2321	0	6.400013483864086e-08	6.400013483864086e-08	2.139952575392983e-08	9	0 -1 -1 -2 -1 -2 -1 0 -2	V3:-2 V5:-2 V8:-2 D03:+2 D05:+2 D08:+2 D37:-2 D57:-2 D78:+2
root-000029	1154	0	6.416776971721682e-08	6.416776971721682e-08	2.9720396097303318e-08	9	1 2 0 2 1 2 0 1 1	V1:+2 V3:+2 V5:+2 D12:+2 D16:+2 D23:-2 D25:-2 D36:+2 D56:+2
root-000029	1153	0	6.41780616432215e-08	6.41780616432215e-08	2.9717452804741544e-08	9	-1 -2 0 -2 -1 -2 0 -1 -1	V1:-2 V3:-2 V5:-2 D12:-2 D16:-2 D23:+2 D25:+2 D36:-2 D56:-2
root-000029	2512	0	6.432245428860137e-08	6.432245428860137e-08	1.664384132462292e-10	9	0 0 1 1 2 1 1 2 2	V4:+2 V7:+2 V8:+2 D04:-2 D07:-2 D08:-2 D14:-2 D17:-2 D18:-2
root-000029	203	0	6.438466050062727e-08	6.438466050062727e-08	5.468951851478678e-08	9	-2 -2 0 0 -1 -2 -1 -1 -1	V0:-2 V1:-2 V5:-2 D02:-2 D03:-2 D12:-2 D13:-2 D25:+2 D35:+2
root-000029	2507	0	6.472302736690044e-08	6.472302736690044e-08	4.297916259067319e-12	9	0 0 -1 -1 -2 -1 -2 -2 -1	V4:-2 V6:-2 V7:-2 D04:+2 D06:+2 D07:+2 D14:+2 D16:+2 D17:+2
root-000029	959	0	6.472844265812007e-08	4.7882750651008525e-08	6.472844265812007e-08	9	-1 -2 -2 0 0 -1 -1 -1 -2	V1:-2 V2:-2 V8:-2 D13:-2 D14:-2 D23:-2 D24:-2 D38:+2 D48:+2
root-000029	287	0	6.47522496608245e-08	2.9043481331173245e-11	6.47522496608245e-08	9	-2 -1 -2 -1 0 0 -1 -2 -1	V0:-2 V2:-2 V7:-2 D04:-2 D05:-2 D24:-2 D25:-2 D47:+2 D57:+2
root-000029	1212	0	6.480387343295747e-08	7.110065587555579e-12	6.480387343295747e-08	9	1 2 0 1 1 2 1 0 2	V1:+2 V5:+2 V8:+2 D12:+2 D17:+2 D25:-2 D28:-2 D57:+2 D78:-2
root-000029	1628	0	6.500813188410606e-08	2.0616029215138633e-08	6.500813188410606e-08	9	1 1 0 1 2 2 1 0 2	V4:+2 V5:+2 V8:+2 D24:-2 D25:-2 D28:-2 D47:+2 D57:+2 D78:-2
root-000029	1364	0	6.50150198707979e-08	3.04012140695356e-09	6.50150198707979e-08	9	1 1 2 1 0 2 1 0 2	V2:+2 V5:+2 V8:+2 D24:+2 D27:+2 D45:-2 D48:-2 D57:+2 D78:-2
root-000029	1254	0	6.506561432432431e-08	6.506561432432431e-08	4.414455379938424e-08	9	1 2 0 0 1 2 1 1 2	V1:+2 V5:+2 V8:+2 D12:+2 D13:+2 D25:-2 D28:-2 D35:-2 D38:-2
root-000029	1253	0	6.507597906175603e-08	6.507597906175603e-08	4.414676417470557e-08	9	-1 -2 0 0 -1 -2 -1 -1 -2	V1:-2 V5:-2 V8:-2 D12:-2 D13:-2 D25:+2 D28:+2 D35:+2 D38:+2
root-000029	1923	0	6.522806510299954e-08	6.522806510299954e-08	3.4000390563171824e-13	9	-1 0 0 -2 -2 -1 -2 -1 -1	V3:-2 V4:-2 V6:-2 D13:+2 D14:+2 D16:+2 D23:+2 D24:+2 D26:+2
root-000029	1680	0	6.565001532463121e-08	1.7762847335339496e-08	6.565001532463121e-08	9	1 1 0 0 1 1 2 2 2	V6:+2 V7:+2 V8:+2 D26:-2 D27:-2 D28:-2 D36:-2 D37:-2 D38:-2
root-000029	2316	0	6.595250591820498e-08	6.595250591820498e-08	2.787583420600729e-08	9	0 1 1 2 1 2 2 1 0	V3:+2 V5:+2 V6:+2 D03:-2 D05:-2 D06:-2 D38:+2 D58:+2 D68:+2
root-000029	1506	0	6.607820026842681e-08	9.87884473220811e-09	6.607820026842681e-08	9	1 1 1 1 2 2 0 0 2	V4:+2 V5:+2 V8:+2 D46:+2 D47:+2 D56:+2 D57:+2 D68:-2 D78:-2
root-000029	190	0	6.620792370712041e-08	8.584464330695496e-09	6.620792370712041e-08	9	2 2 0 1 1 0 1 2 1	V0:+2 V1:+2 V7:+2 D02:+2 D05:+2 D12:+2 D15:+2 D27:-2 D57:-2
root-000029	1929	0	6.635262385744783e-08	6.635262385744783e-08	6.0828047632898894e-12	9	-1 0 0 -2 -1 -2 -2 -1 -1	V3:-2 V5:-2 V6:-2 D13:+2 D15:+2 D16:+2 D23:+2 D25:+2 D26:+2
root-000029	369	0	6.647884718272634e-08	2.7899475040686443e-08	6.647884718272634e-08	9	-2 -1 -1 -2 0 -2 -1 0 -1	V0:-2 V3:-2 V5:-2 D04:-2 D07:-2 D34:-2 D37:-2 D45:+2 D57:-2
root-000029	894	0	6.673627924140532e-08	4.0689979281277854e-11	6.673627924140532e-08	9	1 2 2 1 1 0 0 2 1	V1:+2 V2:+2 V7:+2 D15:+2 D16:+2 D25:+2 D26:+2 D57:-2 D67:-2
root-000029	2415	0	6.689797451276371e-08	6.689797451276371e-08	2.723112364668833e-13	9	0 -1 0 -2 -2 -1 -1 -2 -1	V3:-2 V4:-2 V7:-2 D03:+2 D04:+2 D07:+2 D23:+2 D24:+2 D27:+2
root-000029	1908	0	6.698766061608177e-08	6.698766061608177e-08	3.094075013701584e-08	9	1 0 1 0 2 1 2 2 1	V4:+2 V6:+2 V7:+2 D14:-2 D16:-2 D17:-2 D34:-2 D36:-2 D37:-2
root-000029	218	0	6.702345932802455e-08	3.1798794737785204e-09	6.702345932802455e-08	9	2 1 2 2 1 0 1 1 0	V0:+2 V2:+2 V3:+2 D05:+2 D08:+2 D25:+2 D28:+2 D35:+2 D38:+2
root-000029	1940	0	6.723007912389835e-08	6.723007912389835e-08	3.5814543198524687e-13	9	1 0 0 2 1 1 1 2 2	V3:+2 V7:+2 V8:+2 D13:-2 D17:-2 D18:-2 D23:-2 D27:-2 D28:-2
root-000029	651	0	6.739154872096461e-08	2.3917884085414315e-08	6.739154872096461e-08	9	-2 0 -2 -1 -1 -2 -1 0 -1	V0:-2 V2:-2 V5:-2 D01:-2 D07:-2 D12:+2 D15:+2 D27:-2 D57:-2
root-000029	1217	0	6.744281540905203e-08	6.744281540905203e-08	3.4876976863355055e-08	9	-1 -2 0 -1 -1 -1 -2 -2 0	V1:-2 V6:-2 V7:-2 D12:-2 D18:-2 D26:+2 D27:+2 D68:-2 D78:-2
root-000029	250	0	6.759007012819058e-08	6.984579134464248e-11	6.759007012819058e-08	9	2 1 2 1 1 1 2 0 0	V0:+2 V2:+2 V6:+2 D07:+2 D08:+2 D27:+2 D28:+2 D67:+2 D68:+2
root-000029	1156	0	6.765416279431056e-08	6.765416279431056e-08	3.400496241168174e-08	9	1 2 0 2 1 1 2 1 0	V1:+2 V3:+2 V6:+2 D12:+2 D18:+2 D23:-2 D26:-2 D38:+2 D68:+2
root-000029	114	0	6.771207200723701e-08	7.861629789180723e-10	6.771207200723701e-08	9	2 2 1 0 2 1 1 0 1	V0:+2 V1:+2 V4:+2 D03:+2 D07:+2 D13:+2 D17:+2 D34:-2 D47:+2
root-000029	2398	0	6.8126809465653e-08	6.8126809465653e-08	5.273740892330202e-08	9	0 1 1 0 2 1 2 2 1	V4:+2 V6:+2 V7:+2 D04:-2 D06:-2 D07:-2 D34:-2 D36:-2 D37:-2
root-000029	1307	0	6.888311060776077e-08	3.370037327837582e-08	6.888311060776077e-08	9	-1 -1 -2 -2 0 -1 -1 -2 0	V2:-2 V3:-2 V7:-2 D24:-2 D28:-2 D34:-2 D38:-2 D47:+2 D78:-2
root-000029	1750	0	6.888408866290977e-08	9.074012860868838e-09	6.888408866290977e-08	9	1 0 2 1 1 2 1 2 0	V2:+2 V5:+2 V7:+2 D12:-2 D15:-2 D17:-2 D28:+2 D58:+2 D78:+2
root-000029	2032	0	6.891620938281388e-08	6.891620938281388e-08	2.676305609689393e-08	9	0 2 1 2 1 2 1 0 1	V1:+2 V3:+2 V5:+2 D01:-2 D03:-2 D05:-2 D17:+2 D37:+2 D57:+2
root-000029	1679	0	6.907167609509628e-08	6.907167609509628e-08	2.4629511003825786e-08	9	-1 -1 0 0 -1 -1 -2 -2 -2	V6:-2 V7:-2 V8:-2 D26:+2 D27:+2 D28:+2 D36:+2 D37:+2 D38:+2
root-000029	2039	0	6.920022434443024e-08	6.920022434443024e-08	3.3973930676145e-08	9	0 -2 -1 -2 -1 -1 -1 -2 0	V1:-2 V3:-2 V7:-2 D01:+2 D03:+2 D07:+2 D18:-2 D38:-2 D78:-2
root-000029	2040	0	6.941436018052902e-08	6.941436018052902e-08	3.390937798060817e-08	9	0 2 1 2 1 1 1 2 0	V1:+2 V3:+2 V7:+2 D01:-2 D03:-2 D07:-2 D18:+2 D38:+2 D78:+2
root-000029	1510	0	6.950352800406408e-08	1.647567724909942e-08	6.950352800406408e-08	9	1 1 1 1 2 0 2 0 2	V4:+2 V6:+2 V8:+2 D45:+2 D47:+2 D56:-2 D58:-2 D67:+2 D78:-2
root-000029	2089	0	6.951138041757234e-08	6.951138041757234e-08	3.4597384524487346e-08	9	0 -2 -1 -1 -1 -2 -1 -2 0	V1:-2 V5:-2 V7:-2 D01:+2 D05:+2 D07:+2 D18:-2 D58:-2 D78:-2
root-000029	1837	0	6.973369698776904e-08	6.973369698776904e-08	3.203193528553754e-08	9	-1 0 -1 -2 -1 -1 -2 -2 0	V3:-2 V6:-2 V7:-2 D13:+2 D16:+2 D17:+2 D38:-2 D68:-2 D78:-2
root-000029	2063	0	6.97383320603012e-08	1.4618200460017666e-10	6.97383320603012e-08	9	0 -2 -1 -1 -2 -2 -1 0 -1	V1:-2 V4:-2 V5:-2 D01:+2 D04:+2 D05:+2 D17:-2 D47:-2 D57:-2
root-000029	2064	0	6.975299300825498e-08	1.4567596862113815e-10	6.975299300825498e-08	9	0 2 1 1 2 2 1 0 1	V1:+2 V4:+2 V5:+2 D01:-2 D04:-2 D05:-2 D17:+2 D47:+2 D57:+2
root-000029	2499	0	6.97692748774624e-08	6.97692748774624e-08	2.7125836434905085e-13	9	0 0 -1 -2 -1 -1 -1 -2 -2	V3:-2 V7:-2 V8:-2 D03:+2 D07:+2 D08:+2 D13:+2 D17:+2 D18:+2
root-000029	1728	0	7.010555980453764e-08	3.7640010745133806e-11	7.010555980453764e-08	9	1 0 2 1 2 1 2 1 0	V2:+2 V4:+2 V6:+2 D12:-2 D14:-2 D16:-2 D28:+2 D48:+2 D68:+2
root-000029	889	0	7.020383434461696e-08	4.6770807090274347e-08	7.020383434461696e-08	9	-1 -2 -2 -1 -1 0 -1 -2 0	V1:-2 V2:-2 V7:-2 D15:-2 D18:-2 D25:-2 D28:-2 D57:+2 D78:-2
root-000029	1297	0	7.038234344135181e-08	3.792137291601e-09	7.038234344135181e-08	9	-1 -1 -2 -2 0 -2 -1 -1 0	V2:-2 V3:-2 V5:-2 D24:-2 D28:-2 D34:-2 D38:-2 D45:+2 D58:-2
root-000029	1434	0	7.063870039934996e-08	3.4228953566850904e-12	7.063870039934996e-08	9	1 1 2 0 0 2 1 1 2	V2:+2 V5:+2 V8:+2 D23:+2 D24:+2 D35:-2 D38:-2 D45:-2 D48:-2
root-000029	1300	0	7.06879892933694e-08	2.3993345760997544e-08	7.06879892933694e-08	9	1 1 2 2 0 2 1 0 1	V2:+2 V3:+2 V5:+2 D24:+2 D27:+2 D34:+2 D37:+2 D45:-2 D57:+2
root-000029	2417	0	7.070341045531495e-08	7.070341045531495e-08	1.5040951940019235e-09	9	0 -1 0 -2 -2 -1 -1 -1 -2	V3:-2 V4:-2 V8:-2 D03:+2 D04:+2 D08:+2 D23:+2 D24:+2 D28:+2
root-000029	2150	0	7.077347412197623e-08	7.077347412197623e-08	1.0599500880800592e-08	9	0 2 0 2 1 1 1 1 2	V1:+2 V3:+2 V8:+2 D01:-2 D03:-2 D08:-2 D12:+2 D23:-2 D28:-2
root-000029	2130	0	7.095111028145268e-08	8.129605421408674e-09	7.095111028145268e-08	9	0 2 1 0 1 2 2 1 1	V1:+2 V5:+2 V6:+2 D01:-2 D05:-2 D06:-2 D13:+2 D35:-2 D36:-2
root-000029	1902	0	7.103788113042942e-08	7.103788113042942e-08	3.647862667672429e-08	9	1 0 1 0 2 2 2 1 1	V4:+2 V5:+2 V6:+2 D14:-2 D15:-2 D16:-2 D34:-2 D35:-2 D36:-2
root-000029	1509	0	7.107389793591012e-08	5.0596010439487186e-09	7.107389793591012e-08	9	-1 -1 -1 -1 -2 0 -2 0 -2	V4:-2 V6:-2 V8:-2 D45:-2 D47:-2 D56:+2 D58:+2 D67:-2 D78:+2
root-000029	377	0	7.10740499899141e-08	2.31230493769684e-08	7.10740499899141e-08	9	-2 -1 -1 -2 0 -1 -1 -2 0	V0:-2 V3:-2 V7:-2 D04:-2 D08:-2 D34:-2 D38:-2 D47:+2 D78:-2
root-000029	504	0	7.109535161859909e-08	3.797642415959629e-12	7.109535161859909e-08	9	2 1 1 0 0 2 1 1 2	V0:+2 V5:+2 V8:+2 D03:+2 D04:+2 D35:-2 D38:-2 D45:-2 D48:-2
root-000029	1920	0	7.129681884435098e-08	5.620361876863129e-08	7.129681884435098e-08	9	1 0 1 0 1 1 2 2 2	V6:+2 V7:+2 V8:+2 D16:-2 D17:-2 D18:-2 D36:-2 D37:-2 D38:-2
root-000029	2086	0	7.135319974614732e-08	7.135319974614732e-08	3.6714301503074997e-08	9	0 2 1 1 1 2 2 1 0	V1:+2 V5:+2 V6:+2 D01:-2 D05:-2 D06:-2 D18:+2 D58:+2 D68:+2
root-000029	2495	0	7.145286186778713e-08	7.145286186778713e-08	2.660973011218721e-13	9	0 0 -1 -2 -1 -1 -2 -2 -1	V3:-2 V6:-2 V7:-2 D03:+2 D06:+2 D07:+2 D13:+2 D16:+2 D17:+2
root-000029	1781	0	7.163089791155741e-08	7.717137490779048e-12	7.163089791155741e-08	9	-1 0 -2 0 -2 -2 -1 -1 -1	V2:-2 V4:-2 V5:-2 D12:+2 D14:+2 D15:+2 D23:-2 D34:+2 D35:+2
root-000029	2085	0	7.17072352817164e-08	7.17072352817164e-08	3.660218383928702e-08	9	0 -2 -1 -1 -1 -2 -2 -1 0	V1:-2 V5:-2 V6:-2 D01:+2 D05:+2 D06:+2 D18:-2 D58:-2 D68:-2
root-000029	649	0	7.183007457044076e-08	7.183007457044076e-08	6.388824949114059e-08	9	-2 0 -2 -1 -1 -2 -1 -1 0	V0:-2 V2:-2 V5:-2 D01:-2 D08:-2 D12:+2 D15:+2 D28:-2 D58:-2
root-000029	1922	0	7.195745512661284e-08	7.195745512661284e-08	4.782373500642899e-12	9	1 0 0 2 2 2 1 1 1	V3:+2 V4:+2 V5:+2 D13:-2 D14:-2 D15:-2 D23:-2 D24:-2 D25:-2
root-000029	1025	0	7.226970870926722e-08	1.1823708360191099e-11	7.226970870926722e-08	9	-1 -2 -1 -1 -2 -2 0 0 -1	V1:-2 V4:-2 V5:-2 D16:-2 D17:-2 D46:-2 D47:-2 D56:-2 D57:-2
root-000029	1954	0	7.35059985029328e-08	7.35059985029328e-08	5.117262326772079e-12	9	1 0 0 1 1 2 2 2 1	V5:+2 V6:+2 V7:+2 D15:-2 D16:-2 D17:-2 D25:-2 D26:-2 D27:-2
root-000029	2429	0	7.38947169014889e-08	7.38947169014889e-08	2.1982553881442482e-10	9	0 -1 0 -2 -1 -1 -1 -2 -2	V3:-2 V7:-2 V8:-2 D03:+2 D07:+2 D08:+2 D23:+2 D27:+2 D28:+2
root-000029	211	0	7.399732254549247e-08	1.934743303790437e-11	7.399732254549247e-08	9	-2 -1 -2 -2 -1 -1 -1 0 0	V0:-2 V2:-2 V3:-2 D07:-2 D08:-2 D27:-2 D28:-2 D37:-2 D38:-2
root-000029	2509	0	7.407548174235037e-08	7.407548174235037e-08	5.1951917838218356e-11	9	0 0 -1 -1 -2 -1 -2 -1 -2	V4:-2 V6:-2 V8:-2 D04:+2 D06:+2 D08:+2 D14:+2 D16:+2 D18:+2
root-000029	2519	0	7.431070095595436e-08	7.431070095595436e-08	2.7541043085026933e-11	9	0 0 -1 -1 -1 -1 -2 -2 -2	V6:-2 V7:-2 V8:-2 D06:+2 D07:+2 D08:+2 D16:+2 D17:+2 D18:+2
root-000029	2087	0	7.453531402882186e-08	5.484048270516982e-10	7.453531402882186e-08	9	0 -2 -1 -1 -1 -2 -2 0 -1	V1:-2 V5:-2 V6:-2 D01:+2 D05:+2 D06:+2 D17:-2 D57:-2 D67:-2
root-000029	1541	0	7.456952491168065e-08	7.456952491168065e-08	3.316380604400691e-08	9	-1 -1 -1 0 -2 0 -2 -1 -2	V4:-2 V6:-2 V8:-2 D34:+2 D36:+2 D38:+2 D45:-2 D56:+2 D58:+2
root-000029	621	0	7.497102019329423e-08	6.500208571733654e-13	7.497102019329423e-08	9	-2 -1 0 0 -1 -2 -1 -2 -1	V0:-2 V5:-2 V7:-2 D02:-2 D03:-2 D25:+2 D27:+2 D35:+2 D37:+2
root-000029	1362	0	7.525587027353759e-08	3.294201808047505e-08	7.525587027353759e-08	9	1 1 2 1 0 2 1 2 0	V2:+2 V5:+2 V7:+2 D24:+2 D28:+2 D45:-2 D47:-2 D58:+2 D78:+2
root-000029	1957	0	7.546598868059573e-08	7.546598868059573e-08	4.5956997532330384e-12	9	-1 0 0 -1 -1 -2 -1 -2 -2	V5:-2 V7:-2 V8:-2 D15:+2 D17:+2 D18:+2 D25:+2 D27:+2 D28:+2
root-000029	990	0	7.566676979887136e-08	9.546284197317867e-13	7.566676979887136e-08	9	1 2 1 2 1 0 1 2 0	V1:+2 V3:+2 V7:+2 D15:+2 D18:+2 D35:+2 D38:+2 D57:-2 D78:+2
root-000029	1361	0	7.571857729233724e-08	2.6777184533241186e-08	7.571857729233724e-08	9	-1 -1 -2 -1 0 -2 -1 -2 0	V2:-2 V5:-2 V7:-2 D24:-2 D28:-2 D45:+2 D47:+2 D58:-2 D78:-2
root-000029	432	0	7.595249831957457e-08	2.9609136030579644e-08	7.595249831957457e-08	9	2 1 1 1 0 2 1 2 0	V0:+2 V5:+2 V7:+2 D04:+2 D08:+2 D45:-2 D47:-2 D58:+2 D78:+2
root-000029	2424	0	7.602241924390932e-08	7.602241924390932e-08	4.2346684427270465e-12	9	0 1 0 2 1 2 1 1 2	V3:+2 V5:+2 V8:+2 D03:-2 D05:-2 D08:-2 D23:-2 D25:-2 D28:-2
root-000029	32	0	7.615029609981512e-08	2.7953936506408894e-08	7.615029609981512e-08	9	2 2 1 2 1 1 1 0 0	V0:+2 V1:+2 V3:+2 D07:+2 D08:+2 D17:+2 D18:+2 D37:+2 D38:+2
root-000029	665	0	7.632188050049501e-08	3.871677544808975e-09	7.632188050049501e-08	9	-2 0 -2 -1 -1 -1 0 -1 -2	V0:-2 V2:-2 V8:-2 D01:-2 D06:-2 D12:+2 D18:+2 D26:-2 D68:+2
root-000029	2312	0	7.723104084042251e-08	6.48043326977026e-08	7.723104084042251e-08	9	0 1 1 2 2 0 1 2 1	V3:+2 V4:+2 V7:+2 D03:-2 D04:-2 D07:-2 D35:+2 D45:+2 D57:-2
root-000029	922	0	7.757523475723015e-08	2.978971707705606e-11	7.757523475723015e-08	9	1 2 2 0 2 1 1 1 0	V1:+2 V2:+2 V4:+2 D13:+2 D18:+2 D23:+2 D28:+2 D34:-2 D48:+2
root-000029	2059	0	7.770693812469308e-08	2.855016601711278e-11	7.770693812469308e-08	9	0 -2 -1 -2 0 -1 -1 -1 -2	V1:-2 V3:-2 V8:-2 D01:+2 D03:+2 D08:+2 D14:-2 D34:-2 D48:+2
root-000029	2438	0	7.824960181032537e-08	7.824960181032537e-08	1.0451712116084496e-10	9	0 1 0 1 2 1 2 2 1	V4:+2 V6:+2 V7:+2 D04:-2 D06:-2 D07:-2 D24:-2 D26:-2 D27:-2
root-000029	1944	0	7.878293399892134e-08	7.878293399892134e-08	4.406882649936523e-12	9	1 0 0 1 2 2 1 2 1	V4:+2 V5:+2 V7:+2 D14:-2 D15:-2 D17:-2 D24:-2 D25:-2 D27:-2
root-000029	1580	0	7.895956139764021e-08	7.349546540657583e-08	7.895956139764021e-08	9	1 1 0 2 2 0 2 1 1	V3:+2 V4:+2 V6:+2 D23:-2 D24:-2 D26:-2 D35:+2 D45:+2 D56:-2
root-000029	2439	0	7.902288810386294e-08	7.902288810386294e-08	2.275948526864191e-12	9	0 -1 0 -1 -2 -1 -2 -1 -2	V4:-2 V6:-2 V8:-2 D04:+2 D06:+2 D08:+2 D24:+2 D26:+2 D28:+2
root-000029	2446	0	7.915745070957229e-08	7.915745070957229e-08	4.172731231995731e-12	9	0 1 0 1 1 2 2 1 2	V5:+2 V6:+2 V8:+2 D05:-2 D06:-2 D08:-2 D25:-2 D26:-2 D28:-2
root-000029	213	0	7.929505272174584e-08	4.423022712293318e-11	7.929505272174584e-08	9	-2 -1 -2 -2 -1 -1 0 -1 0	V0:-2 V2:-2 V3:-2 D06:-2 D08:-2 D26:-2 D28:-2 D36:-2 D38:-2
root-000029	1912	0	7.951368366880562e-08	7.951368366880562e-08	3.913624801588818e-08	9	1 0 1 0 2 1 1 2 2	V4:+2 V7:+2 V8:+2 D14:-2 D17:-2 D18:-2 D34:-2 D37:-2 D38:-2
root-000029	761	0	7.964522429839275e-08	3.43060012763114e-10	7.964522429839275e-08	9	-2 0 -1 -1 -1 -2 -1 0 -2	V0:-2 V5:-2 V8:-2 D01:-2 D07:-2 D15:+2 D18:+2 D57:-2 D78:+2
root-000029	77	0	7.982152831624125e-08	1.7222216382121113e-08	7.982152831624125e-08	9	-2 -2 -1 -1 -1 0 -2 0 -1	V0:-2 V1:-2 V6:-2 D05:-2 D07:-2 D15:-2 D17:-2 D56:+2 D67:-2
root-000029	1953	0	7.985824520971538e-08	7.985824520971538e-08	4.908940853297155e-12	9	-1 0 0 -1 -1 -2 -2 -2 -1	V5:-2 V6:-2 V7:-2 D15:+2 D16:+2 D17:+2 D25:+2 D26:+2 D27:+2
root-000029	1881	0	7.99188844215437e-08	7.99188844215437e-08	3.7327897428718446e-08	9	-1 0 -1 -1 -2 0 -2 -1 -2	V4:-2 V6:-2 V8:-2 D14:+2 D16:+2 D18:+2 D45:-2 D56:+2 D58:+2
root-000029	1311	0	8.000306912001154e-08	3.924055229959739e-11	8.000306912001154e-08	9	-1 -1 -2 -2 0 -1 0 -2 -1	V2:-2 V3:-2 V7:-2 D24:-2 D26:-2 D34:-2 D36:-2 D47:+2 D67:+2
root-000029	1928	0	8.029572156889205e-08	8.029572156889205e-08	3.975240479132079e-13	9	1 0 0 2 2 1 1 1 2	V3:+2 V4:+2 V8:+2 D13:-2 D14:-2 D18:-2 D23:-2 D24:-2 D28:-2
root-000029	2441	0	8.078886072586566e-08	8.078886072586566e-08	1.7108670640679328e-13	9	0 -1 0 -1 -2 -1 -1 -2 -2	V4:-2 V7:-2 V8:-2 D04:+2 D07:+2 D08:+2 D24:+2 D27:+2 D28:+2
root-000029	752	0	8.083008030145054e-08	3.97803339709155e-08	8.083008030145054e-08	9	2 0 1 1 2 0 1 2 1	V0:+2 V4:+2 V7:+2 D01:+2 D05:+2 D14:-2 D17:-2 D45:+2 D57:-2
root-000029	526	0	8.102633026084481e-08	7.470405508174345e-10	8.102633026084481e-08	9	2 1 0 2 1 1 2 1 0	V0:+2 V3:+2 V6:+2 D02:+2 D08:+2 D23:-2 D26:-2 D38:+2 D68:+2
root-000029	1767	0	8.154297498476581e-08	3.837185367856711e-08	8.154297498476581e-08	9	-1 0 -2 -1 -1 0 -1 -2 -2	V2:-2 V7:-2 V8:-2 D12:+2 D17:+2 D18:+2 D25:-2 D57:+2 D58:+2
root-000029	2491	0	8.158635995355783e-08	8.158635995355783e-08	4.250901815608648e-12	9	0 0 -1 -2 -1 -2 -1 -2 -1	V3:-2 V5:-2 V7:-2 D03:+2 D05:+2 D07:+2 D13:+2 D15:+2 D17:+2
root-000029	2423	0	8.17148974377662e-08	8.17148974377662e-08	4.110398058772562e-12	9	0 -1 0 -2 -1 -2 -1 -1 -2	V3:-2 V5:-2 V8:-2 D03:+2 D05:+2 D08:+2 D23:+2 D25:+2 D28:+2
root-000029	1734	0	8.214157891182533e-08	3.2968245456884704e-08	8.214157891182533e-08	9	1 0 2 1 2 1 1 0 2	V2:+2 V4:+2 V8:+2 D12:-2 D14:-2 D18:-2 D27:+2 D47:+2 D78:-2
root-000029	2488	0	8.263001687160938e-08	8.263001687160938e-08	2.6038921385296114e-13	9	0 0 1 2 2 1 1 1 2	V3:+2 V4:+2 V8:+2 D03:-2 D04:-2 D08:-2 D13:-2 D14:-2 D18:-2
root-000029	1242	0	8.325924473512261e-08	9.37493739671543e-10	8.325924473512261e-08	9	1 2 0 0 2 2 1 1 1	V1:+2 V4:+2 V5:+2 D12:+2 D13:+2 D24:-2 D25:-2 D34:-2 D35:-2
root-000029	2122	0	8.342976926206247e-08	1.0053824904191587e-09	8.342976926206247e-08	9	0 2 1 0 2 2 1 1 1	V1:+2 V4:+2 V5:+2 D01:-2 D04:-2 D05:-2 D13:+2 D34:-2 D35:-2
root-000029	2372	0	8.3976041293306e-08	8.3976041293306e-08	4.122878489226614e-09	9	0 1 1 1 2 0 2 1 2	V4:+2 V6:+2 V8:+2 D04:-2 D06:-2 D08:-2 D45:+2 D56:-2 D58:-2
root-000029	476	0	8.40258569261022e-08	1.468579859578213e-12	8.40258569261022e-08	9	2 1 1 0 1 2 2 1 0	V0:+2 V5:+2 V6:+2 D03:+2 D08:+2 D35:-2 D36:-2 D58:+2 D68:+2
root-000029	2485	0	8.405021601395056e-08	8.405021601395056e-08	2.734653086931219e-13	9	0 0 -1 -2 -2 -1 -1 -2 -1	V3:-2 V4:-2 V7:-2 D03:+2 D04:+2 D07:+2 D13:+2 D14:+2 D17:+2
root-000029	1093	0	8.420349495266404e-08	1.0268143537966936e-08	8.420349495266404e-08	9	-1 -2 -1 0 -2 -1 -1 0 -2	V1:-2 V4:-2 V8:-2 D13:-2 D17:-2 D34:+2 D38:+2 D47:-2 D78:+2
root-000029	1022	0	8.42733048673257e-08	4.355924785019849e-13	8.42733048673257e-08	9	1 2 1 1 2 2 1 0 0	V1:+2 V4:+2 V5:+2 D17:+2 D18:+2 D47:+2 D48:+2 D57:+2 D58:+2
root-000029	1943	0	8.432775197829556e-08	8.432775197829556e-08	4.865535839149366e-12	9	-1 0 0 -1 -2 -2 -1 -2 -1	V4:-2 V5:-2 V7:-2 D14:+2 D15:+2 D17:+2 D24:+2 D25:+2 D27:+2
root-000029	2121	0	8.467975841004681e-08	1.3843675616927385e-08	8.467975841004681e-08	9	0 -2 -1 0 -2 -2 -1 -1 -1	V1:-2 V4:-2 V5:-2 D01:+2 D04:+2 D05:+2 D13:-2 D34:+2 D35:+2
root-000029	1241	0	8.470170490739722e-08	1.2576295336973309e-08	8.470170490739722e-08	9	-1 -2 0 0 -2 -2 -1 -1 -1	V1:-2 V4:-2 V5:-2 D12:-2 D13:-2 D24:+2 D25:+2 D34:+2 D35:+2
root-000029	464	0	8.501598336684837e-08	4.264900721915135e-08	8.501598336684837e-08	9	2 1 1 0 2 1 1 0 2	V0:+2 V4:+2 V8:+2 D03:+2 D07:+2 D34:-2 D38:-2 D47:+2 D78:-2
root-000029	2442	0	8.509404033995162e-08	8.509404033995162e-08	7.238228830056589e-11	9	0 1 0 1 2 1 1 2 2	V4:+2 V7:+2 V8:+2 D04:-2 D07:-2 D08:-2 D24:-2 D27:-2 D28:-2
root-000029	330	0	8.523531456774493e-08	8.523531456774493e-08	7.094958652125615e-08	9	2 1 2 0 0 1 1 1 2	V0:+2 V2:+2 V8:+2 D03:+2 D04:+2 D23:+2 D24:+2 D38:-2 D48:-2
root-000029	1764	0	8.555270286717055e-08	4.567193674291781e-08	8.555270286717055e-08	9	1 0 2 1 1 0 2 2 1	V2:+2 V6:+2 V7:+2 D12:-2 D16:-2 D17:-2 D25:+2 D56:-2 D57:-2
root-000029	138	0	8.564635160251062e-08	8.564635160251062e-08	3.7012411241467967e-08	9	2 2 1 0 1 0 2 1 1	V0:+2 V1:+2 V6:+2 D03:+2 D05:+2 D13:+2 D15:+2 D36:-2 D56:-2
root-000029	1163	0	8.684627132811832e-08	5.091069716010168e-10	8.684627132811832e-08	9	-1 -2 0 -2 -1 -1 0 -2 -1	V1:-2 V3:-2 V7:-2 D12:-2 D16:-2 D23:+2 D27:+2 D36:-2 D67:+2
root-000029	1164	0	8.685765367112218e-08	5.092446624741751e-10	8.685765367112218e-08	9	1 2 0 2 1 1 0 2 1	V1:+2 V3:+2 V7:+2 D12:+2 D16:+2 D23:-2 D27:-2 D36:+2 D67:-2
root-000029	2496	0	8.71211141181501e-08	8.71211141181501e-08	2.614068324595289e-13	9	0 0 1 2 1 1 2 2 1	V3:+2 V6:+2 V7:+2 D03:-2 D06:-2 D07:-2 D13:-2 D16:-2 D17:-2
root-000029	410	0	8.71500761545788e-08	3.421260483174923e-08	8.71500761545788e-08	9	2 1 1 1 2 0 1 0 2	V0:+2 V4:+2 V8:+2 D05:+2 D07:+2 D45:+2 D47:+2 D58:-2 D78:-2
root-000029	2044	0	8.729266365316591e-08	5.416356345350352e-10	8.729266365316591e-08	9	0 2 1 2 1 1 0 2 1	V1:+2 V3:+2 V7:+2 D01:-2 D03:-2 D07:-2 D16:+2 D36:+2 D67:-2
root-000029	1638	0	8.77718623691192e-08	6.635282401548502e-09	8.77718623691192e-08	9	1 1 0 1 2 1 0 2 2	V4:+2 V7:+2 V8:+2 D24:-2 D27:-2 D28:-2 D46:+2 D67:-2 D68:-2
root-000029	1080	0	8.782837789949198e-08	4.0930697463718954e-13	8.782837789949198e-08	9	1 2 1 1 0 0 1 2 2	V1:+2 V7:+2 V8:+2 D14:+2 D15:+2 D47:-2 D48:-2 D57:-2 D58:-2
root-000029	2449	0	8.83734134445168e-08	8.83734134445168e-08	9.138836794931422e-11	9	0 -1 0 -1 -1 -1 -2 -2 -2	V6:-2 V7:-2 V8:-2 D06:+2 D07:+2 D08:+2 D26:+2 D27:+2 D28:+2
root-000029	778	0	8.878311770132503e-08	7.335305448700316e-08	8.878311770132503e-08	9	2 0 1 1 1 0 1 2 2	V0:+2 V7:+2 V8:+2 D01:+2 D05:+2 D17:-2 D18:-2 D57:-2 D58:-2
root-000029	1880	0	8.898943049191879e-08	8.898943049191879e-08	7.832041190498375e-08	9	1 0 1 1 2 0 2 2 1	V4:+2 V6:+2 V7:+2 D14:-2 D16:-2 D17:-2 D45:+2 D56:-2 D57:-2
root-000029	774	0	8.903598758256862e-08	4.455502932931517e-08	8.903598758256862e-08	9	2 0 1 1 1 0 2 2 1	V0:+2 V6:+2 V7:+2 D01:+2 D05:+2 D16:-2 D17:-2 D56:-2 D57:-2
root-000029	244	0	8.917392741633522e-08	1.4709173711751805e-08	8.917392741633522e-08	9	2 1 2 1 1 2 1 0 0	V0:+2 V2:+2 V5:+2 D07:+2 D08:+2 D27:+2 D28:+2 D57:+2 D58:+2
root-000029	773	0	8.930698147202346e-08	2.73649515876276e-08	8.930698147202346e-08	9	-2 0 -1 -1 -1 0 -2 -2 -1	V0:-2 V6:-2 V7:-2 D01:-2 D05:-2 D16:+2 D17:+2 D56:+2 D57:+2
root-000029	1956	0	8.9333210376103e-08	8.9333210376103e-08	1.0401779611542259e-08	9	1 0 0 1 1 2 2 1 2	V5:+2 V6:+2 V8:+2 D15:-2 D16:-2 D18:-2 D25:-2 D26:-2 D28:-2
root-000029	2487	0	8.936154132182541e-08	8.936154132182541e-08	1.2653173193726778e-11	9	0 0 -1 -2 -2 -1 -1 -1 -2	V3:-2 V4:-2 V8:-2 D03:+2 D04:+2 D08:+2 D13:+2 D14:+2 D18:+2
root-000029	2342	0	8.938178171051265e-08	2.075782718395969e-08	8.938178171051265e-08	9	0 1 1 2 0 2 1 2 1	V3:+2 V5:+2 V7:+2 D03:-2 D05:-2 D07:-2 D34:+2 D45:-2 D47:-2
root-000029	219	0	8.942757795575357e-08	4.4631231449724405e-12	8.942757795575357e-08	9	-2 -1 -2 -2 -1 0 -1 0 -1	V0:-2 V2:-2 V3:-2 D05:-2 D07:-2 D25:-2 D27:-2 D35:-2 D37:-2
root-000029	1892	0	8.951231836459865e-08	8.951231836459865e-08	2.7751189211465844e-09	9	1 0 1 1 1 0 2 2 2	V6:+2 V7:+2 V8:+2 D16:-2 D17:-2 D18:-2 D56:-2 D57:-2 D58:-2
root-000029	2437	0	9.009124908835956e-08	9.009124908835956e-08	7.414996595249759e-11	9	0 -1 0 -1 -2 -1 -2 -2 -1	V4:-2 V6:-2 V7:-2 D04:+2 D06:+2 D07:+2 D24:+2 D26:+2 D27:+2
root-000029	2302	0	9.014915798009053e-08	9.014915798009053e-08	8.137898935840472e-08	9	0 1 1 2 2 1 1 2 0	V3:+2 V4:+2 V7:+2 D03:-2 D04:-2 D07:-2 D38:+2 D48:+2 D78:+2
root-000029	615	0	9.021174931703705e-08	9.021174931703705e-08	7.924456690844295e-08	9	-2 -1 0 0 -2 -1 -1 -2 -1	V0:-2 V4:-2 V7:-2 D02:-2 D03:-2 D24:+2 D27:+2 D34:+2 D37:+2
root-000029	1551	0	9.054812662823524e-08	9.054812662823524e-08	8.161654556469863e-08	9	-1 -1 -1 0 -1 0 -2 -2 -2	V6:-2 V7:-2 V8:-2 D36:+2 D37:+2 D38:+2 D56:+2 D57:+2 D58:+2
root-000029	616	0	9.06261673400343e-08	9.06261673400343e-08	8.158530340196535e-08	9	2 1 0 0 2 1 1 2 1	V0:+2 V4:+2 V7:+2 D02:+2 D03:+2 D24:-2 D27:-2 D34:-2 D37:-2
root-000029	2508	0	9.063434684255547e-08	9.063434684255547e-08	1.9034620613641445e-12	9	0 0 1 1 2 1 2 2 1	V4:+2 V6:+2 V7:+2 D04:-2 D06:-2 D07:-2 D14:-2 D16:-2 D17:-2
root-000029	2486	0	9.076653632210128e-08	9.076653632210128e-08	2.803419388991424e-13	9	0 0 1 2 2 1 1 2 1	V3:+2 V4:+2 V7:+2 D03:-2 D04:-2 D07:-2 D13:-2 D14:-2 D17:-2
root-000029	1382	0	9.097011964782486e-08	1.4602498189390116e-10	9.097011964782486e-08	9	1 1 2 0 2 2 1 1 0	V2:+2 V4:+2 V5:+2 D23:+2 D28:+2 D34:-2 D35:-2 D48:+2 D58:+2
root-000029	1775	0	9.117865832601404e-08	1.6284225508383674e-10	9.117865832601404e-08	9	-1 0 -2 -1 0 -1 -2 -2 -1	V2:-2 V6:-2 V7:-2 D12:+2 D16:+2 D17:+2 D24:-2 D46:+2 D47:+2
root-000029	267	0	9.242913113037482e-08	9.242913113037482e-08	2.0015413871638963e-08	9	-2 -1 -2 -1 0 -2 -1 -1 0	V0:-2 V2:-2 V5:-2 D04:-2 D08:-2 D24:-2 D28:-2 D45:+2 D58:-2
root-000029	256	0	9.243871859913023e-08	6.882209126622667e-13	9.243871859913023e-08	9	2 1 2 1 1 0 2 1 0	V0:+2 V2:+2 V6:+2 D05:+2 D08:+2 D25:+2 D28:+2 D56:-2 D68:+2
root-000029	1481	0	9.260961817179323e-08	2.7335036458306206e-08	9.260961817179323e-08	9	-1 -1 -1 -2 0 -2 -1 -2 0	V3:-2 V5:-2 V7:-2 D34:-2 D38:-2 D45:+2 D47:+2 D58:-2 D78:-2
root-000029	452	0	9.274482394994898e-08	1.2011192759245738e-10	9.274482394994898e-08	9	2 1 1 0 2 2 1 1 0	V0:+2 V4:+2 V5:+2 D03:+2 D08:+2 D34:-2 D35:-2 D48:+2 D58:+2
root-000029	2514	0	9.297494799047713e-08	9.297494799047713e-08	4.047019082768538e-12	9	0 0 1 1 1 2 2 2 1	V5:+2 V6:+2 V7:+2 D05:-2 D06:-2 D07:-2 D15:-2 D16:-2 D17:-2
root-000029	2500	0	9.31250455546956e-08	9.31250455546956e-08	1.547066144760639e-11	9	0 0 1 2 1 1 1 2 2	V3:+2 V7:+2 V8:+2 D03:-2 D07:-2 D08:-2 D13:-2 D17:-2 D18:-2
root-000029	1115	0	9.325636114027036e-08	1.2026727607090564e-08	9.325636114027036e-08	9	-1 -2 -1 0 -1 -2 0 -1 -2	V1:-2 V5:-2 V8:-2 D13:-2 D16:-2 D35:+2 D38:+2 D56:-2 D68:+2
root-000029	1822	0	9.331567114512092e-08	9.331567114512092e-08	4.560677909299168e-08	9	1 0 1 2 2 0 1 2 1	V3:+2 V4:+2 V7:+2 D13:-2 D14:-2 D17:-2 D35:+2 D45:+2 D57:-2
root-000029	2518	0	9.332136032612091e-08	9.332136032612091e-08	4.067014249247575e-12	9	0 0 1 1 1 2 1 2 2	V5:+2 V7:+2 V8:+2 D05:-2 D07:-2 D08:-2 D15:-2 D17:-2 D18:-2
root-000029	1934	0	9.380664296564192e-08	9.380664296564192e-08	4.4386637242229895e-12	9	1 0 0 2 1 2 1 1 2	V3:+2 V5:+2 V8:+2 D13:-2 D15:-2 D18:-2 D23:-2 D25:-2 D28:-2
root-000029	1868	0	9.385693370721366e-08	5.5881811779961596e-08	9.385693370721366e-08	9	1 0 1 1 2 2 1 0 2	V4:+2 V5:+2 V8:+2 D14:-2 D15:-2 D18:-2 D47:+2 D57:+2 D78:-2
root-000029	1379	0	9.401991708571942e-08	1.8594065630596928e-13	9.401991708571942e-08	9	-1 -1 -2 -1 0 0 -1 -2 -2	V2:-2 V7:-2 V8:-2 D24:-2 D25:-2 D47:+2 D48:+2 D57:+2 D58:+2
root-000029	1380	0	9.40448746931365e-08	1.8619495949871396e-13	9.40448746931365e-08	9	1 1 2 1 0 0 1 2 2	V2:+2 V7:+2 V8:+2 D24:+2 D25:+2 D47:-2 D48:-2 D57:-2 D58:-2
root-000029	2418	0	9.40830476176115e-08	9.40830476176115e-08	2.8449826858494703e-13	9	0 1 0 2 2 1 1 1 2	V3:+2 V4:+2 V8:+2 D03:-2 D04:-2 D08:-2 D23:-2 D24:-2 D28:-2
root-000029	702	0	9.457716310206342e-08	6.709093729325284e-11	9.457716310206342e-08	9	2 0 1 2 1 2 1 0 1	V0:+2 V3:+2 V5:+2 D01:+2 D07:+2 D13:-2 D15:-2 D37:+2 D57:+2
root-000029	450	0	9.49133540321092e-08	1.941638108290947e-13	9.49133540321092e-08	9	2 1 1 1 0 0 1 2 2	V0:+2 V7:+2 V8:+2 D04:+2 D05:+2 D47:-2 D48:-2 D57:-2 D58:-2
root-000029	644	0	9.500286094013091e-08	7.913709025402704e-09	9.500286094013091e-08	9	2 0 2 1 2 1 1 0 1	V0:+2 V2:+2 V4:+2 D01:+2 D07:+2 D12:-2 D14:-2 D27:+2 D47:+2
root-000029	449	0	9.500440946573635e-08	1.9310690118952515e-13	9.500440946573635e-08	9	-2 -1 -1 -1 0 0 -1 -2 -2	V0:-2 V7:-2 V8:-2 D04:-2 D05:-2 D47:+2 D48:+2 D57:+2 D58:+2
root-000029	1194	0	9.529324150008836e-08	1.2262383808224188e-08	9.529324150008836e-08	9	1 2 0 1 2 1 1 0 2	V1:+2 V4:+2 V8:+2 D12:+2 D17:+2 D24:-2 D28:-2 D47:+2 D78:-2
root-000029	222	0	9.532293326683976e-08	1.8668351406207837e-09	9.532293326683976e-08	9	2 1 2 2 1 0 0 1 1	V0:+2 V2:+2 V3:+2 D05:+2 D06:+2 D25:+2 D26:+2 D35:+2 D36:+2
root-000029	634	0	9.551585867010122e-08	4.054937318246827e-11	9.551585867010122e-08	9	2 0 2 2 1 1 1 0 1	V0:+2 V2:+2 V3:+2 D01:+2 D07:+2 D12:-2 D13:-2 D27:+2 D37:+2
root-000029	1370	0	9.583183201333342e-08	1.1982509519446464e-10	9.583183201333342e-08	9	1 1 2 1 0 1 2 2 0	V2:+2 V6:+2 V7:+2 D24:+2 D28:+2 D46:-2 D47:-2 D68:+2 D78:+2
root-000029	522	0	9.590836803399702e-08	1.291245291055894e-08	9.590836803399702e-08	9	2 1 0 2 1 2 1 0 1	V0:+2 V3:+2 V5:+2 D02:+2 D07:+2 D23:-2 D25:-2 D37:+2 D57:+2
root-000029	633	0	9.595138547463126e-08	4.030775534619279e-11	9.595138547463126e-08	9	-2 0 -2 -2 -1 -1 -1 0 -1	V0:-2 V2:-2 V3:-2 D01:-2 D07:-2 D12:+2 D13:+2 D27:-2 D37:-2
root-000029	1229	0	9.632466123946196e-08	2.1396471878069194e-08	9.632466123946196e-08	9	-1 -2 0 -1 0 -2 -2 -1 -1	V1:-2 V5:-2 V6:-2 D12:-2 D14:-2 D25:+2 D26:+2 D45:+2 D46:+2
root-000029	1230	0	9.64401629273675e-08	2.1223229044508664e-08	9.64401629273675e-08	9	1 2 0 1 0 2 2 1 1	V1:+2 V5:+2 V6:+2 D12:+2 D14:+2 D25:-2 D26:-2 D45:-2 D46:-2
root-000029	1482	0	9.650895581244375e-08	2.1352940283696755e-08	9.650895581244375e-08	9	1 1 1 2 0 2 1 2 0	V3:+2 V5:+2 V7:+2 D34:+2 D38:+2 D45:-2 D47:-2 D58:+2 D78:+2
root-000029	1921	0	9.730426612352064e-08	9.730426612352064e-08	4.765212942864513e-09	9	-1 0 0 -2 -2 -2 -1 -1 -1	V3:-2 V4:-2 V5:-2 D13:+2 D14:+2 D15:+2 D23:+2 D24:+2 D25:+2
root-000029	1319	0	9.739321775451109e-08	2.082861427789462e-09	9.739321775451109e-08	9	-1 -1 -2 -2 0 0 -1 -1 -2	V2:-2 V3:-2 V8:-2 D24:-2 D25:-2 D34:-2 D35:-2 D48:+2 D58:+2
root-000029	887	0	9.758906707308366e-08	1.1015454770551067e-08	9.758906707308366e-08	9	-1 -2 -2 -1 -1 0 -2 0 -1	V1:-2 V2:-2 V6:-2 D15:-2 D17:-2 D25:-2 D27:-2 D56:+2 D67:-2
root-000029	217	0	9.77338224674885e-08	7.455168378458693e-08	9.77338224674885e-08	9	-2 -1 -2 -2 -1 0 -1 -1 0	V0:-2 V2:-2 V3:-2 D05:-2 D08:-2 D25:-2 D28:-2 D35:-2 D38:-2
root-000029	1927	0	9.776403168237041e-08	9.776403168237041e-08	2.9495896962947535e-13	9	-1 0 0 -2 -2 -1 -1 -1 -2	V3:-2 V4:-2 V8:-2 D13:+2 D14:+2 D18:+2 D23:+2 D24:+2 D28:+2
root-000029	2069	0	9.784239840927118e-08	2.645559830474057e-10	9.784239840927118e-08	9	0 -2 -1 -1 -2 -1 -2 0 -1	V1:-2 V4:-2 V6:-2 D01:+2 D04:+2 D06:+2 D17:-2 D47:-2 D67:-2
root-000029	2110	0	9.837954537262038e-08	2.4516631012967858e-08	9.837954537262038e-08	9	0 2 1 1 0 2 2 1 1	V1:+2 V5:+2 V6:+2 D01:-2 D05:-2 D06:-2 D14:+2 D45:-2 D46:-2
root-000029	1759	0	9.857188514241988e-08	9.222990566972901e-09	9.857188514241988e-08	9	-1 0 -2 -1 -1 -1 -2 0 -2	V2:-2 V6:-2 V8:-2 D12:+2 D16:+2 D18:+2 D27:-2 D67:-2 D78:+2
root-000029	1884	0	9.929934845198532e-08	9.929934845198532e-08	6.151892588493354e-08	9	1 0 1 1 2 0 1 2 2	V4:+2 V7:+2 V8:+2 D14:-2 D17:-2 D18:-2 D45:+2 D57:-2 D58:-2
root-000029	724	0	9.966310309026636e-08	3.6034356653114183e-09	9.966310309026636e-08	9	2 0 1 2 0 2 1 1 1	V0:+2 V3:+2 V5:+2 D01:+2 D04:+2 D13:-2 D15:-2 D34:+2 D45:-2
root-000029	1189	0	9.987979782454409e-08	2.3913207216093377e-10	9.987979782454409e-08	9	-1 -2 0 -1 -2 -1 -2 0 -1	V1:-2 V4:-2 V6:-2 D12:-2 D17:-2 D24:+2 D26:+2 D47:-2 D67:-2
root-000029	163	0	1.0003155570537103e-07	4.63855622437857e-08	1.0003155570537103e-07	9	-2 -2 0 -1 -2 -1 -1 0 -1	V0:-2 V1:-2 V4:-2 D02:-2 D07:-2 D12:-2 D17:-2 D24:+2 D47:-2
root-000029	140	0	1.0061198004692391e-07	1.0061198004692391e-07	3.4486413744728306e-08	9	2 2 1 0 1 0 1 2 1	V0:+2 V1:+2 V7:+2 D03:+2 D05:+2 D13:+2 D15:+2 D37:-2 D57:-2
root-000029	1190	0	1.0088444472766405e-07	2.3631744930499533e-10	1.0088444472766405e-07	9	1 2 0 1 2 1 2 0 1	V1:+2 V4:+2 V6:+2 D12:+2 D17:+2 D24:-2 D26:-2 D47:+2 D67:+2
root-000029	2490	0	1.0102452395115575e-07	1.0102452395115575e-07	4.2052090772786745e-12	9	0 0 1 2 1 2 2 1 1	V3:+2 V5:+2 V6:+2 D03:-2 D05:-2 D06:-2 D13:-2 D15:-2 D16:-2
root-000029	1931	0	1.011205040956029e-07	1.011205040956029e-07	4.680423803653808e-12	9	-1 0 0 -2 -1 -2 -1 -2 -1	V3:-2 V5:-2 V7:-2 D13:+2 D15:+2 D17:+2 D23:+2 D25:+2 D27:+2
root-000029	640	0	1.0156213123076223e-07	3.432041559602218e-08	1.0156213123076223e-07	9	2 0 2 2 0 1 1 1 1	V0:+2 V2:+2 V3:+2 D01:+2 D04:+2 D12:-2 D13:-2 D24:+2 D34:+2
root-000029	1642	0	1.0174443115453559e-07	1.0174443115453559e-07	4.937527941211849e-08	9	1 1 0 1 2 0 2 1 2	V4:+2 V6:+2 V8:+2 D24:-2 D26:-2 D28:-2 D45:+2 D56:-2 D58:-2
root-000029	625	0	1.0175849534995412e-07	2.395053774318809e-08	1.0175849534995412e-07	9	-2 -1 0 0 -1 -1 -2 -2 -1	V0:-2 V6:-2 V7:-2 D02:-2 D03:-2 D26:+2 D27:+2 D36:+2 D37:+2
root-000029	1181	0	1.0234671771588495e-07	9.182060786428681e-09	1.0234671771588495e-07	9	-1 -2 0 -1 -2 -2 -1 -1 0	V1:-2 V4:-2 V5:-2 D12:-2 D18:-2 D24:+2 D25:+2 D48:-2 D58:-2
root-000029	433	0	1.0370247471550465e-07	6.541037133120959e-08	1.0370247471550465e-07	9	-2 -1 -1 -1 0 -2 -1 0 -2	V0:-2 V5:-2 V8:-2 D04:-2 D07:-2 D45:+2 D48:+2 D57:-2 D78:+2
root-000029	1394	0	1.0399086004435961e-07	3.545391144916051e-08	1.0399086004435961e-07	9	1 1 2 0 2 1 1 0 2	V2:+2 V4:+2 V8:+2 D23:+2 D27:+2 D34:-2 D38:-2 D47:+2 D78:-2
root-000029	440	0	1.0430037580156357e-07	1.7934078657836207e-10	1.0430037580156357e-07	9	2 1 1 1 0 1 2 2 0	V0:+2 V6:+2 V7:+2 D04:+2 D08:+2 D46:-2 D47:-2 D68:+2 D78:+2
root-000029	865	0	1.044692654153009e-07	2.0610810016667404e-09	1.044692654153009e-07	9	-1 -2 -2 -1 -2 -1 0 0 -1	V1:-2 V2:-2 V4:-2 D16:-2 D17:-2 D26:-2 D27:-2 D46:-2 D47:-2
root-000029	859	0	1.0519789688159343e-07	1.1019864878642992e-09	1.0519789688159343e-07	9	-1 -2 -2 -2 0 0 -1 -1 -1	V1:-2 V2:-2 V3:-2 D14:-2 D15:-2 D24:-2 D25:-2 D34:-2 D35:-2
root-000029	2483	0	1.055894851752561e-07	1.055894851752561e-07	2.6400522460984406e-13	9	0 0 -1 -2 -2 -1 -2 -1 -1	V3:-2 V4:-2 V6:-2 D03:+2 D04:+2 D06:+2 D13:+2 D14:+2 D16:+2
root-000029	136	0	1.0599000813818547e-07	3.0840434717559226e-08	1.0599000813818547e-07	9	2 2 1 0 1 1 0 1 2	V0:+2 V1:+2 V8:+2 D03:+2 D06:+2 D13:+2 D16:+2 D38:-2 D68:-2
root-000029	1933	0	1.0601581290765504e-07	1.0601581290765504e-07	4.413492551161519e-12	9	-1 0 0 -2 -1 -2 -1 -1 -2	V3:-2 V5:-2 V8:-2 D13:+2 D15:+2 D18:+2 D23:+2 D25:+2 D28:+2
root-000029	2420	0	1.0602427366848196e-07	1.0602427366848196e-07	7.781057156554933e-09	9	0 1 0 2 1 2 2 1 1	V3:+2 V5:+2 V6:+2 D03:-2 D05:-2 D06:-2 D23:-2 D25:-2 D26:-2
root-000029	257	0	1.0654259517789491e-07	1.4016769243817974e-09	1.0654259517789491e-07	9	-2 -1 -2 -1 -1 0 -2 0 -1	V0:-2 V2:-2 V6:-2 D05:-2 D07:-2 D25:-2 D27:-2 D56:+2 D67:-2
root-000029	744	0	1.0669961114052418e-07	6.940030587636629e-10	1.0669961114052418e-07	9	2 0 1 1 2 1 1 0 2	V0:+2 V4:+2 V8:+2 D01:+2 D07:+2 D14:-2 D18:-2 D47:+2 D78:-2
root-000029	2445	0	1.0681006608191623e-07	1.0681006608191623e-07	4.2235184279641085e-12	9	0 -1 0 -1 -1 -2 -2 -1 -2	V5:-2 V6:-2 V8:-2 D05:+2 D06:+2 D08:+2 D25:+2 D26:+2 D28:+2
root-000029	362	0	1.074829918312388e-07	2.963797652884864e-12	1.074829918312388e-07	9	2 1 1 2 1 0 1 0 2	V0:+2 V3:+2 V8:+2 D05:+2 D07:+2 D35:+2 D37:+2 D58:-2 D78:-2
root-000029	1325	0	1.0820341508830051e-07	1.8046097391086297e-09	1.0820341508830051e-07	9	-1 -1 -2 -1 -2 -2 0 0 -1	V2:-2 V4:-2 V5:-2 D26:-2 D27:-2 D46:-2 D47:-2 D56:-2 D57:-2
root-000029	225	0	1.084009060975153e-07	8.734415563459739e-11	1.084009060975153e-07	9	-2 -1 -2 -2 0 -1 -1 0 -1	V0:-2 V2:-2 V3:-2 D04:-2 D07:-2 D24:-2 D27:-2 D34:-2 D37:-2
root-000029	81	0	1.0874875847077059e-07	1.0874875847077059e-07	6.383500369695666e-08	9	-2 -2 -1 -1 -1 0 -1 0 -2	V0:-2 V1:-2 V8:-2 D05:-2 D07:-2 D15:-2 D17:-2 D58:+2 D78:+2
root-000029	2481	0	1.0887696590903292e-07	1.0887696590903292e-07	4.377976766309073e-12	9	0 0 -1 -2 -2 -2 -1 -1 -1	V3:-2 V4:-2 V5:-2 D03:+2 D04:+2 D05:+2 D13:+2 D14:+2 D15:+2
root-000029	1847	0	1.0896039671145648e-07	1.0896039671145648e-07	8.003790203937912e-08	9	-1 0 -1 -2 -1 0 -1 -2 -2	V3:-2 V7:-2 V8:-2 D13:+2 D17:+2 D18:+2 D35:-2 D57:+2 D58:+2
root-000029	1542	0	1.0896835525176754e-07	1.0896835525176754e-07	3.100279963794952e-08	9	1 1 1 0 2 0 2 1 2	V4:+2 V6:+2 V8:+2 D34:-2 D36:-2 D38:-2 D45:+2 D56:-2 D58:-2
root-000029	1924	0	1.0899220380986103e-07	1.0899220380986103e-07	3.132696738735591e-13	9	1 0 0 2 2 1 2 1 1	V3:+2 V4:+2 V6:+2 D13:-2 D14:-2 D16:-2 D23:-2 D24:-2 D26:-2
root-000029	1949	0	1.0905659612205721e-07	1.0905659612205721e-07	5.4917251925438657e-11	9	-1 0 0 -1 -2 -1 -2 -1 -2	V4:-2 V6:-2 V8:-2 D14:+2 D16:+2 D18:+2 D24:+2 D26:+2 D28:+2
root-000029	2419	0	1.0909896794575276e-07	1.0909896794575276e-07	7.066152859693907e-09	9	0 -1 0 -2 -1 -2 -2 -1 -1	V3:-2 V5:-2 V6:-2 D03:+2 D05:+2 D06:+2 D23:+2 D25:+2 D26:+2
root-000029	2151	0	1.0910539811892495e-07	1.872001153934696e-08	1.0910539811892495e-07	9	0 -2 0 -1 -2 -2 -1 -1 -1	V1:-2 V4:-2 V5:-2 D01:+2 D04:+2 D05:+2 D12:-2 D24:+2 D25:+2
root-000029	1416	0	1.0929254186094231e-07	1.393117016524047e-11	1.0929254186094231e-07	9	1 1 2 0 1 2 0 1 2	V2:+2 V5:+2 V8:+2 D23:+2 D26:+2 D35:-2 D38:-2 D56:+2 D68:-2
root-000029	2163	0	1.0929717000895955e-07	1.7405486652797283e-08	1.0929717000895955e-07	9	0 -2 0 -1 -1 -2 -1 -1 -2	V1:-2 V5:-2 V8:-2 D01:+2 D05:+2 D08:+2 D12:-2 D25:+2 D28:+2
root-000029	1941	0	1.0938623074559059e-07	1.0938623074559059e-07	4.895128864702749e-11	9	-1 0 0 -1 -2 -2 -2 -1 -1	V4:-2 V5:-2 V6:-2 D14:+2 D15:+2 D16:+2 D24:+2 D25:+2 D26:+2
root-000029	2162	0	1.0971805998460926e-07	2.4941195018448064e-08	1.0971805998460926e-07	9	0 2 0 1 1 2 1 2 1	V1:+2 V5:+2 V7:+2 D01:-2 D05:-2 D07:-2 D12:+2 D25:-2 D27:-2
root-000029	396	0	1.0991797926564361e-07	1.934885180859598e-09	1.0991797926564361e-07	9	2 1 1 1 2 2 0 0 1	V0:+2 V4:+2 V5:+2 D06:+2 D07:+2 D46:+2 D47:+2 D56:+2 D57:+2
root-000029	395	0	1.0994632940948985e-07	1.93521887920468e-09	1.0994632940948985e-07	9	-2 -1 -1 -1 -2 -2 0 0 -1	V0:-2 V4:-2 V5:-2 D06:-2 D07:-2 D46:-2 D47:-2 D56:-2 D57:-2
root-000029	992	0	1.0995374155580229e-07	3.791999107510149e-10	1.0995374155580229e-07	9	1 2 1 2 1 0 1 0 2	V1:+2 V3:+2 V8:+2 D15:+2 D17:+2 D35:+2 D37:+2 D58:-2 D78:-2
root-000029	131	0	1.1049326255694624e-07	1.1049326255694624e-07	6.23503190595603e-08	9	-2 -2 -1 0 -1 -1 -1 0 -2	V0:-2 V1:-2 V8:-2 D03:-2 D07:-2 D13:-2 D17:-2 D38:+2 D78:+2
root-000029	2428	0	1.1090170720043651e-07	1.1090170720043651e-07	2.7981113045615243e-13	9	0 1 0 2 1 1 2 1 2	V3:+2 V6:+2 V8:+2 D03:-2 D06:-2 D08:-2 D23:-2 D26:-2 D28:-2
root-000029	2501	0	1.109174158827223e-07	1.109174158827223e-07	4.208049769979815e-12	9	0 0 -1 -1 -2 -2 -2 -1 -1	V4:-2 V5:-2 V6:-2 D04:+2 D05:+2 D06:+2 D14:+2 D15:+2 D16:+2
root-000029	1409	0	1.1105185853422383e-07	2.832505210232208e-08	1.1105185853422383e-07	9	-1 -1 -2 0 -1 -2 -1 -2 0	V2:-2 V5:-2 V7:-2 D23:-2 D28:-2 D35:+2 D37:+2 D58:-2 D78:-2
root-000029	2504	0	1.1108307100691664e-07	1.1108307100691664e-07	4.880567079155302e-12	9	0 0 1 1 2 2 1 2 1	V4:+2 V5:+2 V7:+2 D04:-2 D05:-2 D07:-2 D14:-2 D15:-2 D17:-2
root-000029	2339	0	1.1153286956718959e-07	5.679830894091472e-08	1.1153286956718959e-07	9	0 -1 -1 -2 0 -2 -2 -1 -1	V3:-2 V5:-2 V6:-2 D03:+2 D05:+2 D06:+2 D34:-2 D45:+2 D46:+2
root-000029	1643	0	1.1223482769618079e-07	1.1223482769618079e-07	2.919677897073664e-09	9	-1 -1 0 -1 -2 0 -1 -2 -2	V4:-2 V7:-2 V8:-2 D24:+2 D27:+2 D28:+2 D45:-2 D57:+2 D58:+2
root-000029	1936	0	1.1244709973729721e-07	1.1244709973729721e-07	3.33671424637607e-13	9	1 0 0 2 1 1 2 2 1	V3:+2 V6:+2 V7:+2 D13:-2 D16:-2 D17:-2 D23:-2 D26:-2 D27:-2
root-000029	1082	0	1.1302857455815587e-07	3.0600708428851847e-09	1.1302857455815587e-07	9	1 2 1 0 2 2 1 1 0	V1:+2 V4:+2 V5:+2 D13:+2 D18:+2 D34:-2 D35:-2 D48:+2 D58:+2
root-000029	2422	0	1.1325478511789773e-07	1.1325478511789773e-07	4.514337227602347e-12	9	0 1 0 2 1 2 1 2 1	V3:+2 V5:+2 V7:+2 D03:-2 D05:-2 D07:-2 D23:-2 D25:-2 D27:-2
root-000029	586	0	1.1335644097438097e-07	1.2782323785880891e-08	1.1335644097438097e-07	9	2 1 0 1 1 2 0 1 2	V0:+2 V5:+2 V8:+2 D02:+2 D06:+2 D25:-2 D28:-2 D56:+2 D68:-2
root-000029	921	0	1.1345448516541772e-07	3.041719308328541e-10	1.1345448516541772e-07	9	-1 -2 -2 0 -2 -1 -1 -1 0	V1:-2 V2:-2 V4:-2 D13:-2 D18:-2 D23:-2 D28:-2 D34:+2 D48:-2
root-000029	364	0	1.140403582151855e-07	1.0543109406779484e-08	1.140403582151855e-07	9	2 1 1 2 1 0 0 2 1	V0:+2 V3:+2 V7:+2 D05:+2 D06:+2 D35:+2 D36:+2 D57:-2 D67:-2
root-000029	1935	0	1.140832856541662e-07	1.140832856541662e-07	1.0531927757071726e-11	9	-1 0 0 -2 -1 -1 -2 -2 -1	V3:-2 V6:-2 V7:-2 D13:+2 D16:+2 D17:+2 D23:+2 D26:+2 D27:+2
root-000029	1970	0	1.1417307977119043e-07	1.6418318562578947e-10	1.1417307977119043e-07	9	0 2 2 2 0 1 1 1 1	V1:+2 V2:+2 V3:+2 D01:-2 D02:-2 D03:-2 D14:+2 D24:+2 D34:+2
root-000029	390	0	1.1430951851706101e-07	1.4378752671251084e-09	1.1430951851706101e-07	9	2 1 1 2 0 0 1 1 2	V0:+2 V3:+2 V8:+2 D04:+2 D05:+2 D34:+2 D35:+2 D48:-2 D58:-2
root-000029	1207	0	1.1463730479874565e-07	2.0046950230672177e-10	1.1463730479874565e-07	9	-1 -2 0 -1 -1 -2 -2 0 -1	V1:-2 V5:-2 V6:-2 D12:-2 D17:-2 D25:+2 D26:+2 D57:-2 D67:-2
root-000029	38	0	1.1572020264883978e-07	1.1572020264883978e-07	6.246164732088079e-08	9	2 2 1 2 1 0 1 1 0	V0:+2 V1:+2 V3:+2 D05:+2 D08:+2 D15:+2 D18:+2 D35:+2 D38:+2
root-000029	2497	0	1.1578057586985228e-07	1.1578057586985228e-07	2.5960455302381086e-13	9	0 0 -1 -2 -1 -1 -2 -1 -2	V3:-2 V6:-2 V8:-2 D03:+2 D06:+2 D08:+2 D13:+2 D16:+2 D18:+2
root-000029	1182	0	1.1582777361644016e-07	6.520578946820784e-09	1.1582777361644016e-07	9	1 2 0 1 2 2 1 1 0	V1:+2 V4:+2 V5:+2 D12:+2 D18:+2 D24:-2 D25:-2 D48:+2 D58:+2
root-000029	1716	0	1.1591440457639467e-07	8.876023041489621e-11	1.1591440457639467e-07	9	1 0 2 2 0 1 2 1 1	V2:+2 V3:+2 V6:+2 D12:-2 D13:-2 D16:-2 D24:+2 D34:+2 D46:-2
root-000029	1715	0	1.1607830440305396e-07	9.096061974639973e-11	1.1607830440305396e-07	9	-1 0 -2 -2 0 -1 -2 -1 -1	V2:-2 V3:-2 V6:-2 D12:+2 D13:+2 D16:+2 D24:-2 D34:-2 D46:+2
root-000029	1952	0	1.1632373619317241e-07	1.1632373619317241e-07	2.892652322218566e-10	9	1 0 0 1 2 1 1 2 2	V4:+2 V7:+2 V8:+2 D14:-2 D17:-2 D18:-2 D24:-2 D27:-2 D28:-2
root-000029	2435	0	1.1666343670719766e-07	1.1666343670719766e-07	7.237629257100472e-09	9	0 -1 0 -1 -2 -2 -1 -1 -2	V4:-2 V5:-2 V8:-2 D04:+2 D05:+2 D08:+2 D24:+2 D25:+2 D28:+2
root-000029	110	0	1.1775326733537115e-07	1.1775326733537115e-07	3.189109507184116e-08	9	2 2 1 1 0 0 1 1 2	V0:+2 V1:+2 V8:+2 D04:+2 D05:+2 D14:+2 D15:+2 D48:-2 D58:-2
root-000029	2436	0	1.178121888187108e-07	1.178121888187108e-07	5.460650911054635e-09	9	0 1 0 1 2 2 1 1 2	V4:+2 V5:+2 V8:+2 D04:-2 D05:-2 D08:-2 D24:-2 D25:-2 D28:-2
root-000029	2116	0	1.1938739590351245e-07	2.119073508870973e-09	1.1938739590351245e-07	9	0 2 1 1 0 1 2 2 1	V1:+2 V6:+2 V7:+2 D01:-2 D06:-2 D07:-2 D14:+2 D46:-2 D47:-2
root-000029	1955	0	1.195380627515917e-07	1.195380627515917e-07	4.655400634353277e-12	9	-1 0 0 -1 -1 -2 -2 -1 -2	V5:-2 V6:-2 V8:-2 D15:+2 D16:+2 D18:+2 D25:+2 D26:+2 D28:+2
root-000029	1641	0	1.1995834350403857e-07	1.1995834350403857e-07	9.672644653788696e-10	9	-1 -1 0 -1 -2 0 -2 -1 -2	V4:-2 V6:-2 V8:-2 D24:+2 D26:+2 D28:+2 D45:-2 D56:+2 D58:+2
root-000029	368	0	1.2036820311034436e-07	2.482139726551848e-08	1.2036820311034436e-07	9	2 1 1 2 0 2 1 1 0	V0:+2 V3:+2 V5:+2 D04:+2 D08:+2 D34:+2 D38:+2 D45:-2 D58:+2
root-000029	135	0	1.2067629206708624e-07	1.2067629206708624e-07	4.0322259325334154e-08	9	-2 -2 -1 0 -1 -1 0 -1 -2	V0:-2 V1:-2 V8:-2 D03:-2 D06:-2 D13:-2 D16:-2 D38:+2 D68:+2
root-000029	113	0	1.2071264374162354e-07	1.2071264374162354e-07	6.164150330168334e-08	9	-2 -2 -1 0 -2 -1 -1 0 -1	V0:-2 V1:-2 V4:-2 D03:-2 D07:-2 D13:-2 D17:-2 D34:+2 D47:-2
root-000029	2444	0	1.2126043678885524e-07	1.2126043678885524e-07	4.196122594017442e-12	9	0 1 0 1 1 2 2 2 1	V5:+2 V6:+2 V7:+2 D05:-2 D06:-2 D07:-2 D25:-2 D26:-2 D27:-2
root-000029	115	0	1.2150555764576284e-07	1.069064622781858e-07	1.2150555764576284e-07	9	-2 -2 -1 0 -2 -1 0 -1 -1	V0:-2 V1:-2 V4:-2 D03:-2 D06:-2 D13:-2 D16:-2 D34:+2 D46:-2
root-000029	2008	0	1.2180739229628362e-07	2.0914681695450932e-08	1.2180739229628362e-07	9	0 2 2 1 0 1 1 2 1	V1:+2 V2:+2 V7:+2 D01:-2 D02:-2 D07:-2 D14:+2 D24:+2 D47:-2
root-000029	149	0	1.225494568284387e-07	1.225494568284387e-07	4.795970308703798e-08	9	-2 -2 -1 0 0 -1 -1 -1 -2	V0:-2 V1:-2 V8:-2 D03:-2 D04:-2 D13:-2 D14:-2 D38:+2 D48:+2
root-000029	2381	0	1.2345687081180574e-07	1.2345687081180574e-07	8.996771078421355e-09	9	0 -1 -1 -1 -1 0 -2 -2 -2	V6:-2 V7:-2 V8:-2 D06:+2 D07:+2 D08:+2 D56:+2 D57:+2 D58:+2
root-000029	347	0	1.23534464607505e-07	7.429521346841852e-08	1.23534464607505e-07	9	-2 -1 -1 -2 -1 -2 0 0 -1	V0:-2 V3:-2 V5:-2 D06:-2 D07:-2 D36:-2 D37:-2 D56:-2 D57:-2
root-000029	639	0	1.2382268990577131e-07	4.920267080612988e-08	1.2382268990577131e-07	9	-2 0 -2 -2 0 -1 -1 -1 -1	V0:-2 V2:-2 V3:-2 D01:-2 D04:-2 D12:+2 D13:+2 D24:-2 D34:-2
root-000029	2516	0	1.2472453302971775e-07	1.2472453302971775e-07	4.161092120080257e-12	9	0 0 1 1 1 2 2 1 2	V5:+2 V6:+2 V8:+2 D05:-2 D06:-2 D08:-2 D15:-2 D16:-2 D18:-2
root-000029	1947	0	1.251420836696413e-07	1.251420836696413e-07	1.5649805398731064e-10	9	-1 0 0 -1 -2 -1 -2 -2 -1	V4:-2 V6:-2 V7:-2 D14:+2 D16:+2 D17:+2 D24:+2 D26:+2 D27:+2
root-000029	2245	0	1.255306065359304e-07	1.073403455595573e-08	1.255306065359304e-07	9	0 -1 -2 -1 -1 -2 0 -1 -2	V2:-2 V5:-2 V8:-2 D02:+2 D05:+2 D08:+2 D26:-2 D56:-2 D68:+2
root-000029	707	0	1.2571346836133204e-07	8.069157194143631e-11	1.2571346836133204e-07	9	-2 0 -1 -2 -1 -1 -2 0 -1	V0:-2 V3:-2 V6:-2 D01:-2 D07:-2 D13:+2 D16:+2 D37:-2 D67:-2
root-000029	1882	0	1.2651327137286257e-07	1.2651327137286257e-07	1.8315470671445452e-08	9	1 0 1 1 2 0 2 1 2	V4:+2 V6:+2 V8:+2 D14:-2 D16:-2 D18:-2 D45:+2 D56:-2 D58:-2
root-000029	1338	0	1.268422393823202e-07	3.3278695839890756e-11	1.268422393823202e-07	9	1 1 2 1 2 0 1 2 0	V2:+2 V4:+2 V7:+2 D25:+2 D28:+2 D45:+2 D48:+2 D57:-2 D78:+2
root-000029	2430	0	1.275401864950348e-07	1.275401864950348e-07	2.76710213987022e-13	9	0 1 0 2 1 1 1 2 2	V3:+2 V7:+2 V8:+2 D03:-2 D07:-2 D08:-2 D23:-2 D27:-2 D28:-2
root-000029	112	0	1.2763059758632826e-07	1.6331816202891358e-12	1.2763059758632826e-07	9	2 2 1 0 2 1 1 1 0	V0:+2 V1:+2 V4:+2 D03:+2 D08:+2 D13:+2 D18:+2 D34:-2 D48:+2
root-000029	1748	0	1.276752343170201e-07	5.274908401541524e-10	1.276752343170201e-07	9	1 0 2 1 1 2 2 0 1	V2:+2 V5:+2 V6:+2 D12:-2 D15:-2 D16:-2 D27:+2 D57:+2 D67:+2
root-000029	296	0	1.288426008108891e-07	1.1517342856239704e-07	1.288426008108891e-07	9	2 1 2 0 2 1 0 1 1	V0:+2 V2:+2 V4:+2 D03:+2 D06:+2 D23:+2 D26:+2 D34:-2 D46:+2
root-000029	1396	0	1.2935011909332788e-07	7.057706582594685e-14	1.2935011909332788e-07	9	1 1 2 0 2 1 0 2 1	V2:+2 V4:+2 V7:+2 D23:+2 D26:+2 D34:-2 D37:-2 D46:+2 D67:-2
root-000029	2492	0	1.2945938146417128e-07	1.2945938146417128e-07	4.287388735593582e-12	9	0 0 1 2 1 2 1 2 1	V3:+2 V5:+2 V7:+2 D03:-2 D05:-2 D07:-2 D13:-2 D15:-2 D17:-2
root-000029	421	0	1.2998363034315395e-07	5.1194319648412834e-08	1.2998363034315395e-07	9	-2 -1 -1 -1 -1 0 -2 -2 0	V0:-2 V6:-2 V7:-2 D05:-2 D08:-2 D56:+2 D57:+2 D68:-2 D78:-2
root-000029	748	0	1.311581098572182e-07	3.567821395476259e-11	1.311581098572182e-07	9	2 0 1 1 2 1 0 1 2	V0:+2 V4:+2 V8:+2 D01:+2 D06:+2 D14:-2 D18:-2 D46:+2 D68:-2
root-000029	1214	0	1.314540018987848e-07	1.2936578429404886e-08	1.314540018987848e-07	9	1 2 0 1 1 2 0 2 1	V1:+2 V5:+2 V7:+2 D12:+2 D16:+2 D25:-2 D27:-2 D56:+2 D67:-2
root-000029	1213	0	1.3145553888535335e-07	1.2936996117323466e-08	1.3145553888535335e-07	9	-1 -2 0 -1 -1 -2 0 -2 -1	V1:-2 V5:-2 V7:-2 D12:-2 D16:-2 D25:+2 D27:+2 D56:-2 D67:+2
root-000029	1352	0	1.3172479571562785e-07	5.127521045426915e-08	1.3172479571562785e-07	9	1 1 2 1 1 0 2 2 0	V2:+2 V6:+2 V7:+2 D25:+2 D28:+2 D56:-2 D57:-2 D68:+2 D78:+2
root-000029	2414	0	1.3285194266076998e-07	1.3285194266076998e-07	2.70985860297392e-13	9	0 1 0 2 2 1 2 1 1	V3:+2 V4:+2 V6:+2 D03:-2 D04:-2 D06:-2 D23:-2 D24:-2 D26:-2
root-000029	2094	0	1.328601750966728e-07	1.5204236349096815e-08	1.328601750966728e-07	9	0 2 1 1 1 2 0 2 1	V1:+2 V5:+2 V7:+2 D01:-2 D05:-2 D07:-2 D16:+2 D56:+2 D67:-2
root-000029	1560	0	1.3328754509986274e-07	4.542057218537871e-08	1.3328754509986274e-07	9	1 1 1 0 0 1 2 2 2	V6:+2 V7:+2 V8:+2 D36:-2 D37:-2 D38:-2 D46:-2 D47:-2 D48:-2
root-000029	2511	0	1.3411238495281624e-07	1.3411238495281624e-07	9.187917489545186e-14	9	0 0 -1 -1 -2 -1 -1 -2 -2	V4:-2 V7:-2 V8:-2 D04:+2 D07:+2 D08:+2 D14:+2 D17:+2 D18:+2
root-000029	2484	0	1.3478179447169292e-07	1.3478179447169292e-07	1.16411181462126e-09	9	0 0 1 2 2 1 2 1 1	V3:+2 V4:+2 V6:+2 D03:-2 D04:-2 D06:-2 D13:-2 D14:-2 D16:-2
root-000029	1671	0	1.3633904485040206e-07	8.307395287486082e-08	1.3633904485040206e-07	9	-1 -1 0 0 -2 -1 -1 -2 -2	V4:-2 V7:-2 V8:-2 D24:+2 D27:+2 D28:+2 D34:+2 D37:+2 D38:+2
root-000029	1973	0	1.3652490948124423e-07	2.104817244834086e-08	1.3652490948124423e-07	9	0 -2 -2 -1 -2 -1 -1 0 -1	V1:-2 V2:-2 V4:-2 D01:+2 D02:+2 D04:+2 D17:-2 D27:-2 D47:-2
root-000029	1974	0	1.3652738575742703e-07	2.1045453992952057e-08	1.3652738575742703e-07	9	0 2 2 1 2 1 1 0 1	V1:+2 V2:+2 V4:+2 D01:-2 D02:-2 D04:-2 D17:+2 D27:+2 D47:+2
root-000029	1942	0	1.3716871731447433e-07	1.3716871731447433e-07	4.6188824368297325e-12	9	1 0 0 1 2 2 2 1 1	V4:+2 V5:+2 V6:+2 D14:-2 D15:-2 D16:-2 D24:-2 D25:-2 D26:-2
root-000029	1158	0	1.3733919280819333e-07	1.7259653846124014e-09	1.3733919280819333e-07	9	1 2 0 2 1 1 2 0 1	V1:+2 V3:+2 V6:+2 D12:+2 D17:+2 D23:-2 D26:-2 D37:+2 D67:+2
root-000029	1107	0	1.373974162057677e-07	1.7063422666061044e-08	1.373974162057677e-07	9	-1 -2 -1 0 -1 -2 -2 0 -1	V1:-2 V5:-2 V6:-2 D13:-2 D17:-2 D35:+2 D36:+2 D57:-2 D67:-2
root-000029	2038	0	1.375890076076858e-07	1.79144855324064e-09	1.375890076076858e-07	9	0 2 1 2 1 1 2 0 1	V1:+2 V3:+2 V6:+2 D01:-2 D03:-2 D06:-2 D17:+2 D37:+2 D67:+2
root-000029	993	0	1.381855166266826e-07	1.0786868796019591e-09	1.381855166266826e-07	9	-1 -2 -1 -2 -1 0 0 -2 -1	V1:-2 V3:-2 V7:-2 D15:-2 D16:-2 D35:-2 D36:-2 D57:+2 D67:+2
root-000029	925	0	1.3868299112182353e-07	1.8270036141121723e-08	1.3868299112182353e-07	9	-1 -2 -2 0 -2 -1 0 -1 -1	V1:-2 V2:-2 V4:-2 D13:-2 D16:-2 D23:-2 D26:-2 D34:+2 D46:-2
root-000029	2274	0	1.3995551220597418e-07	2.6394406039937466e-09	1.3995551220597418e-07	9	0 1 2 0 2 1 2 1 1	V2:+2 V4:+2 V6:+2 D02:-2 D04:-2 D06:-2 D23:+2 D34:-2 D36:-2
root-000029	2142	0	1.4050748651886276e-07	9.489296756173783e-08	1.4050748651886276e-07	9	0 2 0 2 2 1 1 1 1	V1:+2 V3:+2 V4:+2 D01:-2 D03:-2 D04:-2 D12:+2 D23:-2 D24:-2
root-000029	2141	0	1.4057412392584367e-07	9.485204767291698e-08	1.4057412392584367e-07	9	0 -2 0 -2 -2 -1 -1 -1 -1	V1:-2 V3:-2 V4:-2 D01:+2 D03:+2 D04:+2 D12:-2 D23:+2 D24:+2
root-000029	2493	0	1.4066477851496317e-07	1.4066477851496317e-07	4.2529888590509034e-12	9	0 0 -1 -2 -1 -2 -1 -1 -2	V3:-2 V5:-2 V8:-2 D03:+2 D05:+2 D08:+2 D13:+2 D15:+2 D18:+2
root-000029	1787	0	1.4119346447812514e-07	4.9953377599925976e-08	1.4119346447812514e-07	9	-1 0 -2 0 -2 -1 -1 -1 -2	V2:-2 V4:-2 V8:-2 D12:+2 D14:+2 D18:+2 D23:-2 D34:+2 D38:+2
root-000029	709	0	1.413516344713888e-07	5.2810206891598025e-08	1.413516344713888e-07	9	-2 0 -1 -2 -1 -1 -1 -2 0	V0:-2 V3:-2 V7:-2 D01:-2 D08:-2 D13:+2 D17:+2 D38:-2 D78:-2
root-000029	710	0	1.4266526665323808e-07	9.046038747601487e-08	1.4266526665323808e-07	9	2 0 1 2 1 1 1 2 0	V0:+2 V3:+2 V7:+2 D01:+2 D08:+2 D13:-2 D17:-2 D38:+2 D78:+2
root-000029	1221	0	1.4267065044582856e-07	3.9944057397778794e-08	1.4267065044582856e-07	9	-1 -2 0 -1 -1 -1 0 -2 -2	V1:-2 V7:-2 V8:-2 D12:-2 D16:-2 D27:+2 D28:+2 D67:+2 D68:+2
root-000029	2416	0	1.4298237761284329e-07	1.4298237761284329e-07	2.795640373929112e-13	9	0 1 0 2 2 1 1 2 1	V3:+2 V4:+2 V7:+2 D03:-2 D04:-2 D07:-2 D23:-2 D24:-2 D27:-2
root-000029	890	0	1.434771118770688e-07	8.752151028836748e-09	1.434771118770688e-07	9	1 2 2 1 1 0 1 2 0	V1:+2 V2:+2 V7:+2 D15:+2 D18:+2 D25:+2 D28:+2 D57:-2 D78:+2
root-000029	2092	0	1.437720357865098e-07	3.556455648879134e-08	1.437720357865098e-07	9	0 2 1 1 1 2 1 0 2	V1:+2 V5:+2 V8:+2 D01:-2 D05:-2 D08:-2 D17:+2 D57:+2 D78:-2
root-000029	882	0	1.4384223385897823e-07	5.463073455593404e-10	1.4384223385897823e-07	9	1 2 2 1 1 1 0 2 0	V1:+2 V2:+2 V7:+2 D16:+2 D18:+2 D26:+2 D28:+2 D67:-2 D78:+2
root-000029	2425	0	1.4402590875822488e-07	1.4402590875822488e-07	3.0383544579202164e-10	9	0 -1 0 -2 -1 -1 -2 -2 -1	V3:-2 V6:-2 V7:-2 D03:+2 D06:+2 D07:+2 D23:+2 D26:+2 D27:+2
root-000029	2517	0	1.440352052560934e-07	1.440352052560934e-07	4.148822390441487e-12	9	0 0 -1 -1 -1 -2 -1 -2 -2	V5:-2 V7:-2 V8:-2 D05:+2 D07:+2 D08:+2 D15:+2 D17:+2 D18:+2
root-000029	237	0	1.4406434602314822e-07	4.320315065378271e-11	1.4406434602314822e-07	9	-2 -1 -2 -1 -2 0 -1 -1 0	V0:-2 V2:-2 V4:-2 D05:-2 D08:-2 D25:-2 D28:-2 D45:-2 D48:-2
root-000029	1932	0	1.4471983306841034e-07	1.4471983306841034e-07	4.688433818153363e-12	9	1 0 0 2 1 2 1 2 1	V3:+2 V5:+2 V7:+2 D13:-2 D15:-2 D17:-2 D23:-2 D25:-2 D27:-2
root-000029	659	0	1.449572062953861e-07	6.104460056652619e-08	1.449572062953861e-07	9	-2 0 -2 -1 -1 -1 -1 -2 0	V0:-2 V2:-2 V7:-2 D01:-2 D08:-2 D12:+2 D17:+2 D28:-2 D78:-2
root-000029	1951	0	1.456315084815097e-07	1.456315084815097e-07	4.364193521608326e-11	9	-1 0 0 -1 -2 -1 -1 -2 -2	V4:-2 V7:-2 V8:-2 D14:+2 D17:+2 D18:+2 D24:+2 D27:+2 D28:+2
root-000029	980	0	1.459655802643171e-07	1.1748709702559089e-09	1.459655802643171e-07	9	1 2 1 2 1 1 2 0 0	V1:+2 V3:+2 V6:+2 D17:+2 D18:+2 D37:+2 D38:+2 D67:+2 D68:+2
root-000029	1958	0	1.467704500424125e-07	1.467704500424125e-07	7.79869813794979e-09	9	1 0 0 1 1 2 1 2 2	V5:+2 V7:+2 V8:+2 D15:-2 D17:-2 D18:-2 D25:-2 D27:-2 D28:-2
root-000029	1296	0	1.469160638661731e-07	2.2847876424078183e-09	1.469160638661731e-07	9	1 1 2 2 1 0 0 1 2	V2:+2 V3:+2 V8:+2 D25:+2 D26:+2 D35:+2 D36:+2 D58:-2 D68:-2
root-000029	366	0	1.472618370114847e-07	2.4610658457879008e-09	1.472618370114847e-07	9	2 1 1 2 1 0 0 1 2	V0:+2 V3:+2 V8:+2 D05:+2 D06:+2 D35:+2 D36:+2 D58:-2 D68:-2
root-000029	1938	0	1.4735114704523522e-07	1.4735114704523522e-07	4.761726557862475e-10	9	1 0 0 2 1 1 2 1 2	V3:+2 V6:+2 V8:+2 D13:-2 D16:-2 D18:-2 D23:-2 D26:-2 D28:-2
root-000029	272	0	1.4764233642638232e-07	2.4608133945325166e-08	1.4764233642638232e-07	9	2 1 2 1 0 2 0 1 1	V0:+2 V2:+2 V5:+2 D04:+2 D06:+2 D24:+2 D26:+2 D45:-2 D56:+2
root-000029	2489	0	1.4783271080189316e-07	1.4783271080189316e-07	6.37385337560445e-10	9	0 0 -1 -2 -1 -2 -2 -1 -1	V3:-2 V5:-2 V6:-2 D03:+2 D05:+2 D06:+2 D13:+2 D15:+2 D16:+2
root-000029	2433	0	1.4787748871508185e-07	1.4787748871508185e-07	1.0293121933599358e-09	9	0 -1 0 -1 -2 -2 -1 -2 -1	V4:-2 V5:-2 V7:-2 D04:+2 D05:+2 D07:+2 D24:+2 D25:+2 D27:+2
root-000029	224	0	1.4826119807883927e-07	1.8820658770072047e-08	1.4826119807883927e-07	9	2 1 2 2 0 1 1 1 0	V0:+2 V2:+2 V3:+2 D04:+2 D08:+2 D24:+2 D28:+2 D34:+2 D38:+2
root-000029	2426	0	1.48623275009394e-07	1.48623275009394e-07	2.6773131238042036e-13	9	0 1 0 2 1 1 2 2 1	V3:+2 V6:+2 V7:+2 D03:-2 D06:-2 D07:-2 D23:-2 D26:-2 D27:-2
root-000029	541	0	1.487990771444637e-07	3.2124123269577566e-09	1.487990771444637e-07	9	-2 -1 0 -2 -1 0 -1 -1 -2	V0:-2 V3:-2 V8:-2 D02:-2 D05:-2 D23:+2 D28:+2 D35:-2 D58:+2
root-000029	2506	0	1.490329215025719e-07	1.490329215025719e-07	4.6735465957713175e-12	9	0 0 1 1 2 2 1 1 2	V4:+2 V5:+2 V8:+2 D04:-2 D05:-2 D08:-2 D14:-2 D15:-2 D18:-2
root-000029	2510	0	1.4912158375549664e-07	1.4912158375549664e-07	2.8851064966310637e-11	9	0 0 1 1 2 1 2 1 2	V4:+2 V6:+2 V8:+2 D04:-2 D06:-2 D08:-2 D14:-2 D16:-2 D18:-2
root-000029	1939	0	1.4920926241445014e-07	1.4920926241445014e-07	1.0612413454863024e-10	9	-1 0 0 -2 -1 -1 -1 -2 -2	V3:-2 V7:-2 V8:-2 D13:+2 D17:+2 D18:+2 D23:+2 D27:+2 D28:+2
root-000029	1351	0	1.4937157348979247e-07	3.929366008112547e-08	1.4937157348979247e-07	9	-1 -1 -2 -1 -1 0 -2 -2 0	V2:-2 V6:-2 V7:-2 D25:-2 D28:-2 D56:+2 D57:+2 D68:-2 D78:-2
root-000029	1405	0	1.4961702736132165e-07	2.6389538257723232e-08	1.4961702736132165e-07	9	-1 -1 -2 0 -1 -2 -2 -1 0	V2:-2 V5:-2 V6:-2 D23:-2 D28:-2 D35:+2 D36:+2 D58:-2 D68:-2
root-000029	1417	0	1.4974428812951913e-07	3.442271938574508e-08	1.4974428812951913e-07	9	-1 -1 -2 0 -1 -1 -2 -2 0	V2:-2 V6:-2 V7:-2 D23:-2 D28:-2 D36:+2 D37:+2 D68:-2 D78:-2
root-000029	487	0	1.5074378111596515e-07	3.687282517306606e-08	1.5074378111596515e-07	9	-2 -1 -1 0 -1 -1 -2 -2 0	V0:-2 V6:-2 V7:-2 D03:-2 D08:-2 D36:+2 D37:+2 D68:-2 D78:-2
root-000029	261	0	1.5081387611259338e-07	4.7088910901144896e-08	1.5081387611259338e-07	9	-2 -1 -2 -1 -1 0 -1 0 -2	V0:-2 V2:-2 V8:-2 D05:-2 D07:-2 D25:-2 D27:-2 D58:+2 D78:+2
root-000029	2071	0	1.5117587979962852e-07	8.590378881099854e-08	1.5117587979962852e-07	9	0 -2 -1 -1 -2 -1 -1 -2 0	V1:-2 V4:-2 V7:-2 D01:+2 D04:+2 D07:+2 D18:-2 D48:-2 D78:-2
root-000029	197	0	1.52718165780108e-07	3.324424582853832e-08	1.52718165780108e-07	9	-2 -2 0 -1 0 -1 -1 -2 -1	V0:-2 V1:-2 V7:-2 D02:-2 D04:-2 D12:-2 D14:-2 D27:+2 D47:+2
root-000029	2443	0	1.5284910391479325e-07	1.5284910391479325e-07	4.192563937555484e-12	9	0 -1 0 -1 -1 -2 -2 -2 -1	V5:-2 V6:-2 V7:-2 D05:+2 D06:+2 D07:+2 D25:+2 D26:+2 D27:+2
root-000029	2515	0	1.5296648084977777e-07	1.5296648084977777e-07	4.050246174959558e-12	9	0 0 -1 -1 -1 -2 -2 -1 -2	V5:-2 V6:-2 V8:-2 D05:+2 D06:+2 D08:+2 D15:+2 D16:+2 D18:+2
root-000029	373	0	1.5317661323514635e-07	1.3014212908132833e-11	1.5317661323514635e-07	9	-2 -1 -1 -2 0 -1 -2 -1 0	V0:-2 V3:-2 V6:-2 D04:-2 D08:-2 D34:-2 D38:-2 D46:+2 D68:-2
root-000029	311	0	1.5368666963550927e-07	4.7495862567386025e-08	1.5368666963550927e-07	9	-2 -1 -2 0 -1 -1 -1 0 -2	V0:-2 V2:-2 V8:-2 D03:-2 D07:-2 D23:-2 D27:-2 D38:+2 D78:+2
root-000029	49	0	1.53762512248913e-07	2.2262674348120335e-08	1.53762512248913e-07	9	-2 -2 -1 -2 0 0 -1 -1 -1	V0:-2 V1:-2 V3:-2 D04:-2 D05:-2 D14:-2 D15:-2 D34:-2 D35:-2
root-000029	50	0	1.5376254201548882e-07	2.2274562193664123e-08	1.5376254201548882e-07	9	2 2 1 2 0 0 1 1 1	V0:+2 V1:+2 V3:+2 D04:+2 D05:+2 D14:+2 D15:+2 D34:+2 D35:+2
root-000029	2431	0	1.5405122614077717e-07	1.5405122614077717e-07	4.7905627778072795e-12	9	0 -1 0 -1 -2 -2 -2 -1 -1	V4:-2 V5:-2 V6:-2 D04:+2 D05:+2 D06:+2 D24:+2 D25:+2 D26:+2
root-000029	548	0	1.5432610628307586e-07	3.411828173027461e-08	1.5432610628307586e-07	9	2 1 0 2 0 1 1 2 1	V0:+2 V3:+2 V7:+2 D02:+2 D04:+2 D23:-2 D27:-2 D34:+2 D47:-2
root-000029	1948	0	1.5543233149034496e-07	1.5543233149034496e-07	2.2380217321840874e-11	9	1 0 0 1 2 1 2 2 1	V4:+2 V6:+2 V7:+2 D14:-2 D16:-2 D17:-2 D24:-2 D26:-2 D27:-2
root-000029	389	0	1.5584549416944928e-07	4.641397050334992e-08	1.5584549416944928e-07	9	-2 -1 -1 -2 0 0 -1 -1 -2	V0:-2 V3:-2 V8:-2 D04:-2 D05:-2 D34:-2 D35:-2 D48:+2 D58:+2
root-000029	927	0	1.5588228252388263e-07	1.272582259849055e-07	1.5588228252388263e-07	9	-1 -2 -2 0 -2 0 -1 -1 -1	V1:-2 V2:-2 V4:-2 D13:-2 D15:-2 D23:-2 D25:-2 D34:+2 D45:-2
root-000029	1730	0	1.5608052319664785e-07	1.0336806530547613e-08	1.5608052319664785e-07	9	1 0 2 1 2 1 2 0 1	V2:+2 V4:+2 V6:+2 D12:-2 D14:-2 D16:-2 D27:+2 D47:+2 D67:+2
root-000029	2494	0	1.5620973702867314e-07	1.5620973702867314e-07	4.4078975902249115e-12	9	0 0 1 2 1 2 1 1 2	V3:+2 V5:+2 V8:+2 D03:-2 D05:-2 D08:-2 D13:-2 D15:-2 D18:-2
root-000029	1945	0	1.5630717240479873e-07	1.5630717240479873e-07	4.5214973258544955e-12	9	-1 0 0 -1 -2 -2 -1 -1 -2	V4:-2 V5:-2 V8:-2 D14:+2 D15:+2 D18:+2 D24:+2 D25:+2 D28:+2
root-000029	1729	0	1.565421858417603e-07	1.0382989090877253e-08	1.565421858417603e-07	9	-1 0 -2 -1 -2 -1 -2 0 -1	V2:-2 V4:-2 V6:-2 D12:+2 D14:+2 D16:+2 D27:-2 D47:-2 D67:-2
root-000029	1208	0	1.5853984934446657e-07	6.017256878705658e-11	1.5853984934446657e-07	9	1 2 0 1 1 2 2 0 1	V1:+2 V5:+2 V6:+2 D12:+2 D17:+2 D25:-2 D26:-2 D57:+2 D67:+2
root-000029	897	0	1.6114460964667277e-07	2.7062671828222893e-08	1.6114460964667277e-07	9	-1 -2 -2 -1 0 -2 -1 -1 0	V1:-2 V2:-2 V5:-2 D14:-2 D18:-2 D24:-2 D28:-2 D45:+2 D58:-2
root-000029	764	0	1.6130452919119425e-07	8.960502037022321e-10	1.6130452919119425e-07	9	2 0 1 1 1 2 0 2 1	V0:+2 V5:+2 V7:+2 D01:+2 D06:+2 D15:-2 D17:-2 D56:+2 D67:-2
root-000029	229	0	1.6182586347153836e-07	5.9299610616315065e-08	1.6182586347153836e-07	9	-2 -1 -2 -2 0 0 -1 -1 -1	V0:-2 V2:-2 V3:-2 D04:-2 D05:-2 D24:-2 D25:-2 D34:-2 D35:-2
root-000029	230	0	1.6189540316373956e-07	5.908108372270533e-08	1.6189540316373956e-07	9	2 1 2 2 0 0 1 1 1	V0:+2 V2:+2 V3:+2 D04:+2 D05:+2 D24:+2 D25:+2 D34:+2 D35:+2
root-000029	681	0	1.623107667540893e-07	5.6330996301694444e-08	1.623107667540893e-07	9	-2 0 -2 0 -2 -1 -1 -1 -1	V0:-2 V2:-2 V4:-2 D01:-2 D03:-2 D12:+2 D14:+2 D23:-2 D34:+2
root-000029	215	0	1.6246579235632827e-07	7.861102665046903e-10	1.6246579235632827e-07	9	-2 -1 -2 -2 -1 -1 0 0 -1	V0:-2 V2:-2 V3:-2 D06:-2 D07:-2 D26:-2 D27:-2 D36:-2 D37:-2
root-000029	2447	0	1.6257610804188325e-07	1.6257610804188325e-07	4.150825421767902e-12	9	0 -1 0 -1 -1 -2 -1 -2 -2	V5:-2 V7:-2 V8:-2 D05:+2 D07:+2 D08:+2 D25:+2 D27:+2 D28:+2
root-000029	2421	0	1.6313031231122603e-07	1.6313031231122603e-07	5.583547968831339e-09	9	0 -1 0 -2 -1 -2 -1 -2 -1	V3:-2 V5:-2 V7:-2 D03:+2 D05:+2 D07:+2 D23:+2 D25:+2 D27:+2
root-000029	216	0	1.6313067907966788e-07	7.46231249362303e-10	1.6313067907966788e-07	9	2 1 2 2 1 1 0 0 1	V0:+2 V2:+2 V3:+2 D06:+2 D07:+2 D26:+2 D27:+2 D36:+2 D37:+2
root-000029	2440	0	1.638085799962791e-07	1.638085799962791e-07	7.890939061162361e-11	9	0 1 0 1 2 1 2 1 2	V4:+2 V6:+2 V8:+2 D04:-2 D06:-2 D08:-2 D24:-2 D26:-2 D28:-2
root-000029	246	0	1.6443495677680103e-07	1.6443495677680103e-07	5.6216051061512676e-08	9	2 1 2 1 1 2 0 1 0	V0:+2 V2:+2 V5:+2 D06:+2 D08:+2 D26:+2 D28:+2 D56:+2 D58:+2
root-000029	189	0	1.6524497545513188e-07	4.904504257756931e-08	1.6524497545513188e-07	9	-2 -2 0 -1 -1 0 -1 -2 -1	V0:-2 V1:-2 V7:-2 D02:-2 D05:-2 D12:-2 D15:-2 D27:+2 D57:+2
root-000029	134	0	1.6553441610220284e-07	1.6757412435267505e-09	1.6553441610220284e-07	9	2 2 1 0 1 1 0 2 1	V0:+2 V1:+2 V7:+2 D03:+2 D06:+2 D13:+2 D16:+2 D37:-2 D67:-2
root-000029	2502	0	1.660066542753016e-07	1.660066542753016e-07	4.203492382051947e-12	9	0 0 1 1 2 2 2 1 1	V4:+2 V5:+2 V6:+2 D04:-2 D05:-2 D06:-2 D14:-2 D15:-2 D16:-2
root-000029	2373	0	1.6785427173848718e-07	1.6785427173848718e-07	2.9711664673856076e-09	9	0 -1 -1 -1 -2 0 -1 -2 -2	V4:-2 V7:-2 V8:-2 D04:+2 D07:+2 D08:+2 D45:-2 D57:+2 D58:+2
root-000029	302	0	1.679165465186605e-07	8.114864751653121e-08	1.679165465186605e-07	9	2 1 2 0 1 2 1 0 1	V0:+2 V2:+2 V5:+2 D03:+2 D07:+2 D23:+2 D27:+2 D35:-2 D57:+2
root-000029	716	0	1.68750375234667e-07	2.6501075837655695e-10	1.68750375234667e-07	9	2 0 1 2 1 1 0 1 2	V0:+2 V3:+2 V8:+2 D01:+2 D06:+2 D13:-2 D18:-2 D36:+2 D68:-2
root-000029	228	0	1.7183118815094958e-07	5.725997437412404e-08	1.7183118815094958e-07	9	2 1 2 2 0 1 0 1 1	V0:+2 V2:+2 V3:+2 D04:+2 D06:+2 D24:+2 D26:+2 D34:+2 D36:+2
root-000029	1844	0	1.7200304402606425e-07	1.7200304402606425e-07	7.293404275246363e-08	9	1 0 1 2 1 0 2 2 1	V3:+2 V6:+2 V7:+2 D13:-2 D16:-2 D17:-2 D35:+2 D56:-2 D57:-2
root-000029	1883	0	1.7353505649994795e-07	1.7353505649994795e-07	1.8006950589675632e-08	9	-1 0 -1 -1 -2 0 -1 -2 -2	V4:-2 V7:-2 V8:-2 D14:+2 D17:+2 D18:+2 D45:-2 D57:+2 D58:+2
root-000029	770	0	1.7354338415566088e-07	5.892150430366647e-09	1.7354338415566088e-07	9	2 0 1 1 1 1 2 0 2	V0:+2 V6:+2 V8:+2 D01:+2 D07:+2 D16:-2 D18:-2 D67:+2 D78:-2
root-000029	1751	0	1.7355337163929797e-07	4.180938229901853e-08	1.7355337163929797e-07	9	-1 0 -2 -1 -1 -2 -1 0 -2	V2:-2 V5:-2 V8:-2 D12:+2 D15:+2 D18:+2 D27:-2 D57:-2 D78:+2
root-000029	1363	0	1.7407578891717024e-07	9.047812717412776e-08	1.7407578891717024e-07	9	-1 -1 -2 -1 0 -2 -1 0 -2	V2:-2 V5:-2 V8:-2 D24:-2 D27:-2 D45:+2 D48:+2 D57:-2 D78:+2
root-000029	227	0	1.7460742402517025e-07	5.569860944814707e-08	1.7460742402517025e-07	9	-2 -1 -2 -2 0 -1 0 -1 -1	V0:-2 V2:-2 V3:-2 D04:-2 D06:-2 D24:-2 D26:-2 D34:-2 D36:-2
root-000029	769	0	1.757027753593413e-07	5.829052756891965e-09	1.757027753593413e-07	9	-2 0 -1 -1 -1 -1 -2 0 -2	V0:-2 V6:-2 V8:-2 D01:-2 D07:-2 D16:+2 D18:+2 D67:-2 D78:+2
root-000029	2413	0	1.7680701934119656e-07	1.7680701934119656e-07	2.678150195643998e-13	9	0 -1 0 -2 -2 -1 -2 -1 -1	V3:-2 V4:-2 V6:-2 D03:+2 D04:+2 D06:+2 D23:+2 D24:+2 D26:+2
root-000029	1960	0	1.792452286722819e-07	1.792452286722819e-07	1.3529730604638392e-10	9	1 0 0 1 1 1 2 2 2	V6:+2 V7:+2 V8:+2 D16:-2 D17:-2 D18:-2 D26:-2 D27:-2 D28:-2
root-000029	916	0	1.7929293542963503e-07	7.627946192827259e-09	1.7929293542963503e-07	9	1 2 2 1 0 0 2 1 1	V1:+2 V2:+2 V6:+2 D14:+2 D15:+2 D24:+2 D25:+2 D46:-2 D56:-2
root-000029	1651	0	1.7997565234140092e-07	1.7997565234140092e-07	4.8386784702969325e-08	9	-1 -1 0 -1 -1 0 -2 -2 -2	V6:-2 V7:-2 V8:-2 D26:+2 D27:+2 D28:+2 D56:+2 D57:+2 D58:+2
root-000029	2450	0	1.8018969194531057e-07	1.8018969194531057e-07	2.397246016603259e-12	9	0 1 0 1 1 1 2 2 2	V6:+2 V7:+2 V8:+2 D06:-2 D07:-2 D08:-2 D26:-2 D27:-2 D28:-2
root-000029	2482	0	1.8031953962947625e-07	1.8031953962947625e-07	4.015951413511567e-12	9	0 0 1 2 2 2 1 1 1	V3:+2 V4:+2 V5:+2 D03:-2 D04:-2 D05:-2 D13:-2 D14:-2 D15:-2
root-000029	1937	0	1.8070320782508657e-07	1.8070320782508657e-07	3.18097193313801e-13	9	-1 0 0 -2 -1 -1 -2 -1 -2	V3:-2 V6:-2 V8:-2 D13:+2 D16:+2 D18:+2 D23:+2 D26:+2 D28:+2
root-000029	1415	0	1.8117389038615724e-07	3.273205499050671e-08	1.8117389038615724e-07	9	-1 -1 -2 0 -1 -2 0 -1 -2	V2:-2 V5:-2 V8:-2 D23:-2 D26:-2 D35:+2 D38:+2 D56:-2 D68:+2
root-000029	2513	0	1.823028425982136e-07	1.823028425982136e-07	4.128681048098611e-12	9	0 0 -1 -1 -1 -2 -2 -2 -1	V5:-2 V6:-2 V7:-2 D05:+2 D06:+2 D07:+2 D15:+2 D16:+2 D17:+2
root-000029	1697	0	1.8238405158974415e-07	1.1677729797088382e-10	1.8238405158974415e-07	9	-1 0 -2 -2 -1 -1 -2 0 -1	V2:-2 V3:-2 V6:-2 D12:+2 D13:+2 D16:+2 D27:-2 D37:-2 D67:-2
root-000029	2448	0	1.8418699980655025e-07	1.8418699980655025e-07	4.13954394749155e-12	9	0 1 0 1 1 2 1 2 2	V5:+2 V7:+2 V8:+2 D05:-2 D07:-2 D08:-2 D25:-2 D27:-2 D28:-2
root-000029	2042	0	1.8495320608654878e-07	8.024506488203001e-08	1.8495320608654878e-07	9	0 2 1 2 1 1 1 0 2	V1:+2 V3:+2 V8:+2 D01:-2 D03:-2 D08:-2 D17:+2 D37:+2 D78:-2
root-000029	2498	0	1.8539515009371616e-07	1.8539515009371616e-07	2.1559922524719147e-11	9	0 0 1 2 1 1 2 1 2	V3:+2 V6:+2 V8:+2 D03:-2 D06:-2 D08:-2 D13:-2 D16:-2 D18:-2
root-000029	1959	0	1.8686029206352034e-07	1.8686029206352034e-07	6.05538271197944e-11	9	-1 0 0 -1 -1 -1 -2 -2 -2	V6:-2 V7:-2 V8:-2 D16:+2 D17:+2 D18:+2 D26:+2 D27:+2 D28:+2
root-000029	309	0	1.8703787221895486e-07	3.953517062204524e-09	1.8703787221895486e-07	9	-2 -1 -2 0 -1 -1 -1 -2 0	V0:-2 V2:-2 V7:-2 D03:-2 D08:-2 D23:-2 D28:-2 D37:+2 D78:-2
root-000029	1281	0	1.872536139482221e-07	3.43197004977432e-08	1.872536139482221e-07	9	-1 -1 -2 -2 -1 -1 0 -2 0	V2:-2 V3:-2 V7:-2 D26:-2 D28:-2 D36:-2 D38:-2 D67:+2 D78:-2
root-000029	860	0	1.8840337187028084e-07	7.109768136799382e-08	1.8840337187028084e-07	9	1 2 2 2 0 0 1 1 1	V1:+2 V2:+2 V3:+2 D14:+2 D15:+2 D24:+2 D25:+2 D34:+2 D35:+2
root-000029	582	0	1.8916048737647158e-07	3.2810357579776623e-09	1.8916048737647158e-07	9	2 1 0 1 1 2 1 0 2	V0:+2 V5:+2 V8:+2 D02:+2 D07:+2 D25:-2 D28:-2 D57:+2 D78:-2
root-000029	1317	0	1.896687028038345e-07	4.045038187899167e-10	1.896687028038345e-07	9	-1 -1 -2 -2 0 0 -1 -2 -1	V2:-2 V3:-2 V7:-2 D24:-2 D25:-2 D34:-2 D35:-2 D47:+2 D57:+2
root-000029	255	0	1.8985543799479414e-07	6.164771199055236e-08	1.8985543799479414e-07	9	-2 -1 -2 -1 -1 0 -2 -1 0	V0:-2 V2:-2 V6:-2 D05:-2 D08:-2 D25:-2 D28:-2 D56:+2 D68:-2
root-000029	254	0	1.9062712064837327e-07	1.1120541852613501e-07	1.9062712064837327e-07	9	2 1 2 1 1 1 0 0 2	V0:+2 V2:+2 V8:+2 D06:+2 D07:+2 D26:+2 D27:+2 D68:-2 D78:-2
root-000029	281	0	1.9152268260583068e-07	5.075461217348022e-10	1.9152268260583068e-07	9	-2 -1 -2 -1 0 -1 0 -2 -1	V0:-2 V2:-2 V7:-2 D04:-2 D06:-2 D24:-2 D26:-2 D47:+2 D67:+2
root-000029	1289	0	1.91592838059563e-07	9.773815614228769e-08	1.91592838059563e-07	9	-1 -1 -2 -2 -1 0 -1 -2 0	V2:-2 V3:-2 V7:-2 D25:-2 D28:-2 D35:-2 D38:-2 D57:+2 D78:-2
root-000029	154	0	1.9452135096687344e-07	2.468210280887549e-08	1.9452135096687344e-07	9	2 2 0 2 1 1 1 0 1	V0:+2 V1:+2 V3:+2 D02:+2 D07:+2 D12:+2 D17:+2 D23:-2 D37:+2
root-000029	762	0	1.9464763668669915e-07	1.2747718147069369e-07	1.9464763668669915e-07	9	2 0 1 1 1 2 1 0 2	V0:+2 V5:+2 V8:+2 D01:+2 D07:+2 D15:-2 D18:-2 D57:+2 D78:-2
root-000029	521	0	1.9548222164426878e-07	2.7474710390754026e-08	1.9548222164426878e-07	9	-2 -1 0 -2 -1 -2 -1 0 -1	V0:-2 V3:-2 V5:-2 D02:-2 D07:-2 D23:+2 D25:+2 D37:-2 D57:-2
root-000029	100	0	1.9626729474742132e-07	1.4548993892802216e-07	1.9626729474742132e-07	9	2 2 1 1 0 1 1 0 2	V0:+2 V1:+2 V8:+2 D04:+2 D07:+2 D14:+2 D17:+2 D48:-2 D78:-2
root-000029	1111	0	1.9658580326455572e-07	3.3054211752769315e-08	1.9658580326455572e-07	9	-1 -2 -1 0 -1 -2 -1 0 -2	V1:-2 V5:-2 V8:-2 D13:-2 D17:-2 D35:+2 D38:+2 D57:-2 D78:+2
root-000029	251	0	1.9684781458506268e-07	1.485096169936476e-09	1.9684781458506268e-07	9	-2 -1 -2 -1 -1 -1 0 -2 0	V0:-2 V2:-2 V7:-2 D06:-2 D08:-2 D26:-2 D28:-2 D67:+2 D78:-2
root-000029	454	0	1.9694979591323373e-07	7.800032659442856e-09	1.9694979591323373e-07	9	2 1 1 0 2 2 1 0 1	V0:+2 V4:+2 V5:+2 D03:+2 D07:+2 D34:-2 D35:-2 D47:+2 D57:+2
root-000029	1982	0	1.969886084631349e-07	4.4828783327018065e-11	1.969886084631349e-07	9	0 2 2 1 1 2 1 0 1	V1:+2 V2:+2 V5:+2 D01:-2 D02:-2 D05:-2 D17:+2 D27:+2 D57:+2
root-000029	39	0	1.97682362534759e-07	2.3915774986739556e-09	1.97682362534759e-07	9	-2 -2 -1 -2 -1 0 -1 0 -1	V0:-2 V1:-2 V3:-2 D05:-2 D07:-2 D15:-2 D17:-2 D35:-2 D37:-2
root-000029	477	0	1.9775951386740412e-07	1.666557405639466e-09	1.9775951386740412e-07	9	-2 -1 -1 0 -1 -2 -2 0 -1	V0:-2 V5:-2 V6:-2 D03:-2 D07:-2 D35:+2 D36:+2 D57:-2 D67:-2
root-000029	1930	0	1.977739115845468e-07	1.977739115845468e-07	5.27661297664852e-12	9	1 0 0 2 1 2 2 1 1	V3:+2 V5:+2 V6:+2 D13:-2 D15:-2 D16:-2 D23:-2 D25:-2 D26:-2
root-000029	105	0	1.992038167752952e-07	5.6295064811829414e-08	1.992038167752952e-07	9	-2 -2 -1 -1 0 0 -2 -1 -1	V0:-2 V1:-2 V6:-2 D04:-2 D05:-2 D14:-2 D15:-2 D46:+2 D56:+2
root-000029	1946	0	1.99681222227671e-07	1.99681222227671e-07	4.637467667840153e-12	9	1 0 0 1 2 2 1 1 2	V4:+2 V5:+2 V8:+2 D14:-2 D15:-2 D18:-2 D24:-2 D25:-2 D28:-2
root-000029	315	0	2.0008781469471276e-07	7.066668103539522e-08	2.0008781469471276e-07	9	-2 -1 -2 0 -1 -1 0 -1 -2	V0:-2 V2:-2 V8:-2 D03:-2 D06:-2 D23:-2 D26:-2 D38:+2 D68:+2
root-000029	1282	0	2.0058751341247725e-07	4.9213976068122114e-08	2.0058751341247725e-07	9	1 1 2 2 1 1 0 2 0	V2:+2 V3:+2 V7:+2 D26:+2 D28:+2 D36:+2 D38:+2 D67:-2 D78:+2
root-000029	2412	0	2.007355770344575e-07	2.007355770344575e-07	2.156088708157354e-09	9	0 1 0 2 2 2 1 1 1	V3:+2 V4:+2 V5:+2 D03:-2 D04:-2 D05:-2 D23:-2 D24:-2 D25:-2
root-000029	2520	0	2.010226148033616e-07	2.010226148033616e-07	1.8950862614461415e-10	9	0 0 1 1 1 1 2 2 2	V6:+2 V7:+2 V8:+2 D06:-2 D07:-2 D08:-2 D16:-2 D17:-2 D18:-2
root-000029	697	0	2.0242857206667065e-07	1.7104661422419915e-07	2.0242857206667065e-07	9	-2 0 -1 -2 -2 0 -1 -1 -1	V0:-2 V3:-2 V4:-2 D01:-2 D05:-2 D13:+2 D14:+2 D35:-2 D45:-2
root-000029	698	0	2.0380216775010102e-07	1.654743681660528e-07	2.0380216775010102e-07	9	2 0 1 2 2 0 1 1 1	V0:+2 V3:+2 V4:+2 D01:+2 D05:+2 D13:-2 D14:-2 D35:+2 D45:+2
root-000029	2353	0	2.040218593254926e-07	7.813756626997779e-09	2.040218593254926e-07	9	0 -1 -1 -1 -2 -2 -2 0 -1	V4:-2 V5:-2 V6:-2 D04:+2 D05:+2 D06:+2 D47:-2 D57:-2 D67:-2
root-000029	1408	0	2.0485333254564513e-07	1.5660178346579512e-09	2.0485333254564513e-07	9	1 1 2 0 1 2 2 0 1	V2:+2 V5:+2 V6:+2 D23:+2 D27:+2 D35:-2 D36:-2 D57:+2 D67:+2
root-000029	1219	0	2.0578178751705507e-07	1.616636708821401e-10	2.0578178751705507e-07	9	-1 -2 0 -1 -1 -1 -2 0 -2	V1:-2 V6:-2 V8:-2 D12:-2 D17:-2 D26:+2 D28:+2 D67:-2 D78:+2
root-000029	1793	0	2.0590447661370475e-07	9.321479856287246e-08	2.0590447661370475e-07	9	-1 0 -2 0 -1 -2 -1 -1 -2	V2:-2 V5:-2 V8:-2 D12:+2 D15:+2 D18:+2 D23:-2 D35:+2 D38:+2
root-000029	767	0	2.062945392823049e-07	1.0150341521817972e-07	2.062945392823049e-07	9	-2 0 -1 -1 -1 -1 -2 -2 0	V0:-2 V6:-2 V7:-2 D01:-2 D08:-2 D16:+2 D17:+2 D68:-2 D78:-2
root-000029	317	0	2.064832137441655e-07	9.890447653426241e-08	2.064832137441655e-07	9	-2 -1 -2 0 -1 0 -2 -1 -1	V0:-2 V2:-2 V6:-2 D03:-2 D05:-2 D23:-2 D25:-2 D36:+2 D56:+2
root-000029	1950	0	2.0676048256876543e-07	2.0676048256876543e-07	5.7962925698571994e-11	9	1 0 0 1 2 1 2 1 2	V4:+2 V6:+2 V8:+2 D14:-2 D16:-2 D18:-2 D24:-2 D26:-2 D28:-2
root-000029	1925	0	2.0783340452375312e-07	2.0783340452375312e-07	5.544816962144866e-10	9	-1 0 0 -2 -2 -1 -1 -2 -1	V3:-2 V4:-2 V7:-2 D13:+2 D14:+2 D17:+2 D23:+2 D24:+2 D27:+2
root-000029	2046	0	2.079948441682469e-07	2.4050739945997373e-08	2.079948441682469e-07	9	0 2 1 2 1 1 0 1 2	V1:+2 V3:+2 V8:+2 D01:-2 D03:-2 D08:-2 D16:+2 D36:+2 D68:-2
root-000029	2045	0	2.0799484419971586e-07	2.4050741686617227e-08	2.0799484419971586e-07	9	0 -2 -1 -2 -1 -1 0 -1 -2	V1:-2 V3:-2 V8:-2 D01:+2 D03:+2 D08:+2 D16:-2 D36:-2 D68:+2
root-000029	2503	0	2.1048756102226365e-07	2.1048756102226365e-07	4.633837411683163e-12	9	0 0 -1 -1 -2 -2 -1 -2 -1	V4:-2 V5:-2 V7:-2 D04:+2 D05:+2 D07:+2 D14:+2 D15:+2 D17:+2
root-000029	2411	0	2.1099585635555275e-07	2.1099585635555275e-07	4.496156515810612e-12	9	0 -1 0 -2 -2 -2 -1 -1 -1	V3:-2 V4:-2 V5:-2 D03:+2 D04:+2 D05:+2 D23:+2 D24:+2 D25:+2
root-000029	417	0	2.1135338975287466e-07	8.63751431004775e-08	2.1135338975287466e-07	9	-2 -1 -1 -1 -1 -2 0 -2 0	V0:-2 V5:-2 V7:-2 D06:-2 D08:-2 D56:-2 D58:-2 D67:+2 D78:-2
root-000029	1406	0	2.115542233167779e-07	4.601478812505475e-08	2.115542233167779e-07	9	1 1 2 0 1 2 2 1 0	V2:+2 V5:+2 V6:+2 D23:+2 D28:+2 D35:-2 D36:-2 D58:+2 D68:+2
root-000029	475	0	2.1190240514061824e-07	4.981219448165633e-08	2.1190240514061824e-07	9	-2 -1 -1 0 -1 -2 -2 -1 0	V0:-2 V5:-2 V6:-2 D03:-2 D08:-2 D35:+2 D36:+2 D58:-2 D68:-2
root-000029	481	0	2.12500230475417e-07	2.8797931931789313e-08	2.12500230475417e-07	9	-2 -1 -1 0 -1 -2 -1 0 -2	V0:-2 V5:-2 V8:-2 D03:-2 D07:-2 D35:+2 D38:+2 D57:-2 D78:+2
root-000029	704	0	2.130595368813652e-07	6.206559273988242e-08	2.130595368813652e-07	9	2 0 1 2 1 2 0 1 1	V0:+2 V3:+2 V5:+2 D01:+2 D06:+2 D13:-2 D15:-2 D36:+2 D56:+2
root-000029	2505	0	2.1387751581792142e-07	2.1387751581792142e-07	3.5691275625092676e-10	9	0 0 -1 -1 -2 -2 -1 -1 -2	V4:-2 V5:-2 V8:-2 D04:+2 D05:+2 D08:+2 D14:+2 D15:+2 D18:+2
root-000029	2354	0	2.146085854782718e-07	1.8638685052653002e-08	2.146085854782718e-07	9	0 1 1 1 2 2 2 0 1	V4:+2 V5:+2 V6:+2 D04:-2 D05:-2 D06:-2 D47:+2 D57:+2 D67:+2
root-000029	554	0	2.1519568801390965e-07	2.381679362090499e-08	2.1519568801390965e-07	9	2 1 0 1 2 2 1 0 1	V0:+2 V4:+2 V5:+2 D02:+2 D07:+2 D24:-2 D25:-2 D47:+2 D57:+2
root-000029	755	0	2.1869819364776742e-07	1.3811195627375015e-07	2.1869819364776742e-07	9	-2 0 -1 -1 -1 -2 -2 -1 0	V0:-2 V5:-2 V6:-2 D01:-2 D08:-2 D15:+2 D16:+2 D58:-2 D68:-2
root-000029	804	0	2.1883063740987796e-07	8.63120679765486e-08	2.1883063740987796e-07	9	2 0 1 0 1 2 1 1 2	V0:+2 V5:+2 V8:+2 D01:+2 D03:+2 D15:-2 D18:-2 D35:-2 D38:-2
root-000029	108	0	2.2093756567259972e-07	4.826351788861192e-08	2.2093756567259972e-07	9	2 2 1 1 0 0 1 2 1	V0:+2 V1:+2 V7:+2 D04:+2 D05:+2 D14:+2 D15:+2 D47:-2 D57:-2
root-000029	686	0	2.2439046148766306e-07	1.555686543837335e-07	2.2439046148766306e-07	9	2 0 2 0 1 1 2 1 1	V0:+2 V2:+2 V6:+2 D01:+2 D03:+2 D12:-2 D16:-2 D23:+2 D36:-2
root-000029	1798	0	2.2452659722499647e-07	1.3628833441032362e-07	2.2452659722499647e-07	9	1 0 2 0 1 1 2 1 2	V2:+2 V6:+2 V8:+2 D12:-2 D16:-2 D18:-2 D23:+2 D36:-2 D38:-2
root-000029	407	0	2.2572973030663447e-07	4.8654048341237844e-11	2.2572973030663447e-07	9	-2 -1 -1 -1 -2 0 -1 -2 0	V0:-2 V4:-2 V7:-2 D05:-2 D08:-2 D45:-2 D48:-2 D57:+2 D78:-2
root-000029	274	0	2.266751167401389e-07	2.854201530490967e-10	2.266751167401389e-07	9	2 1 2 1 0 1 2 1 0	V0:+2 V2:+2 V6:+2 D04:+2 D08:+2 D24:+2 D28:+2 D46:-2 D68:+2
root-000029	1284	0	2.2821944439671e-07	3.5624180308191155e-10	2.2821944439671e-07	9	1 1 2 2 1 1 0 0 2	V2:+2 V3:+2 V8:+2 D26:+2 D27:+2 D36:+2 D37:+2 D68:-2 D78:-2
root-000029	655	0	2.2850493600558843e-07	9.304023989826449e-08	2.2850493600558843e-07	9	-2 0 -2 -1 -1 -1 -2 -1 0	V0:-2 V2:-2 V6:-2 D01:-2 D08:-2 D12:+2 D16:+2 D28:-2 D68:-2
root-000029	418	0	2.2880626839198113e-07	2.9783127962419666e-09	2.2880626839198113e-07	9	2 1 1 1 1 2 0 2 0	V0:+2 V5:+2 V7:+2 D06:+2 D08:+2 D56:+2 D58:+2 D67:-2 D78:+2
root-000029	1187	0	2.2888717385719353e-07	1.2286696037712495e-07	2.2888717385719353e-07	9	-1 -2 0 -1 -2 -1 -2 -1 0	V1:-2 V4:-2 V6:-2 D12:-2 D18:-2 D24:+2 D26:+2 D48:-2 D68:-2
root-000029	365	0	2.315433048925421e-07	2.268027734330374e-08	2.315433048925421e-07	9	-2 -1 -1 -2 -1 0 0 -1 -2	V0:-2 V3:-2 V8:-2 D05:-2 D06:-2 D35:-2 D36:-2 D58:+2 D68:+2
root-000029	591	0	2.318248866994653e-07	2.2479916524191823e-09	2.318248866994653e-07	9	-2 -1 0 -1 -1 -1 0 -2 -2	V0:-2 V7:-2 V8:-2 D02:-2 D06:-2 D27:+2 D28:+2 D67:+2 D68:+2
root-000029	1322	0	2.318917140581383e-07	4.426798952208922e-08	2.318917140581383e-07	9	1 1 2 1 2 2 1 0 0	V2:+2 V4:+2 V5:+2 D27:+2 D28:+2 D47:+2 D48:+2 D57:+2 D58:+2
root-000029	2011	0	2.3227336565292109e-07	2.647400205905966e-10	2.3227336565292109e-07	9	0 -2 -2 0 -2 -1 -1 -1 -1	V1:-2 V2:-2 V4:-2 D01:+2 D02:+2 D04:+2 D13:-2 D23:-2 D34:+2
root-000029	2012	0	2.3227336762718633e-07	2.6474000020865104e-10	2.3227336762718633e-07	9	0 2 2 0 2 1 1 1 1	V1:+2 V2:+2 V4:+2 D01:-2 D02:-2 D04:-2 D13:+2 D23:+2 D34:-2
root-000029	1358	0	2.3308706408441278e-07	2.753207233544675e-08	2.3308706408441278e-07	9	1 1 2 1 0 2 2 1 0	V2:+2 V5:+2 V6:+2 D24:+2 D28:+2 D45:-2 D46:-2 D58:+2 D68:+2
root-000029	2137	0	2.3479530583852593e-07	2.3479530583852593e-07	1.4936101490854367e-08	9	0 -2 -1 0 -1 -1 -2 -1 -2	V1:-2 V6:-2 V8:-2 D01:+2 D06:+2 D08:+2 D13:-2 D36:+2 D38:+2
root-000029	285	0	2.3789780316767955e-07	3.238635476004445e-11	2.3789780316767955e-07	9	-2 -1 -2 -1 0 0 -2 -1 -1	V0:-2 V2:-2 V6:-2 D04:-2 D05:-2 D24:-2 D25:-2 D46:+2 D56:+2
root-000029	1410	0	2.3800795311424488e-07	4.412120574163752e-09	2.3800795311424488e-07	9	1 1 2 0 1 2 1 2 0	V2:+2 V5:+2 V7:+2 D23:+2 D28:+2 D35:-2 D37:-2 D58:+2 D78:+2
root-000029	726	0	2.387255077164851e-07	8.898039116920246e-11	2.387255077164851e-07	9	2 0 1 2 0 1 2 1 1	V0:+2 V3:+2 V6:+2 D01:+2 D04:+2 D13:-2 D16:-2 D34:+2 D46:-2
root-000029	675	0	2.391487640649922e-07	3.25766015595438e-11	2.391487640649922e-07	9	-2 0 -2 -1 0 -1 -2 -1 -1	V0:-2 V2:-2 V6:-2 D01:-2 D04:-2 D12:+2 D16:+2 D24:-2 D46:+2
root-000029	286	0	2.395769395508159e-07	2.609764262709902e-11	2.395769395508159e-07	9	2 1 2 1 0 0 2 1 1	V0:+2 V2:+2 V6:+2 D04:+2 D05:+2 D24:+2 D25:+2 D46:-2 D56:-2
root-000029	1708	0	2.3998508197273837e-07	1.3458733587902465e-07	2.3998508197273837e-07	9	1 0 2 2 1 0 2 1 1	V2:+2 V3:+2 V6:+2 D12:-2 D13:-2 D16:-2 D25:+2 D35:+2 D56:-2
root-000029	766	0	2.4084755174937227e-07	1.7348718309034848e-07	2.4084755174937227e-07	9	2 0 1 1 1 2 0 1 2	V0:+2 V5:+2 V8:+2 D01:+2 D06:+2 D15:-2 D18:-2 D56:+2 D68:-2
root-000029	1712	0	2.4155094469411584e-07	1.6171852956500682e-07	2.4155094469411584e-07	9	1 0 2 2 1 0 1 1 2	V2:+2 V3:+2 V8:+2 D12:-2 D13:-2 D18:-2 D25:+2 D35:+2 D58:-2
root-000029	260	0	2.416758502517602e-07	3.1230209567000316e-09	2.416758502517602e-07	9	2 1 2 1 1 0 1 2 0	V0:+2 V2:+2 V7:+2 D05:+2 D08:+2 D25:+2 D28:+2 D57:-2 D78:+2
root-000029	779	0	2.419268278595578e-07	4.723624953708362e-11	2.419268278595578e-07	9	-2 0 -1 -1 0 -2 -2 -1 -1	V0:-2 V5:-2 V6:-2 D01:-2 D04:-2 D15:+2 D16:+2 D45:+2 D46:+2
root-000029	374	0	2.42794828261213e-07	3.2913297299130615e-08	2.42794828261213e-07	9	2 1 1 2 0 1 2 1 0	V0:+2 V3:+2 V6:+2 D04:+2 D08:+2 D34:+2 D38:+2 D46:-2 D68:+2
root-000029	780	0	2.431072448958901e-07	4.7084749815816e-11	2.431072448958901e-07	9	2 0 1 1 0 2 2 1 1	V0:+2 V5:+2 V6:+2 D01:+2 D04:+2 D15:-2 D16:-2 D45:-2 D46:-2
root-000029	986	0	2.4313279001688474e-07	3.1847289621072347e-09	2.4313279001688474e-07	9	1 2 1 2 1 0 2 1 0	V1:+2 V3:+2 V6:+2 D15:+2 D18:+2 D35:+2 D38:+2 D56:-2 D68:+2
root-000029	1295	0	2.443322149379455e-07	2.19366962862547e-08	2.443322149379455e-07	9	-1 -1 -2 -2 -1 0 0 -1 -2	V2:-2 V3:-2 V8:-2 D25:-2 D26:-2 D35:-2 D36:-2 D58:+2 D68:+2
root-000029	453	0	2.4566676788770776e-07	3.1049392473139573e-10	2.4566676788770776e-07	9	-2 -1 -1 0 -2 -2 -1 0 -1	V0:-2 V4:-2 V5:-2 D03:-2 D07:-2 D34:+2 D35:+2 D47:-2 D57:-2
root-000029	259	0	2.464655503211541e-07	1.7120140582291098e-08	2.464655503211541e-07	9	-2 -1 -2 -1 -1 0 -1 -2 0	V0:-2 V2:-2 V7:-2 D05:-2 D08:-2 D25:-2 D28:-2 D57:+2 D78:-2
root-000029	722	0	2.46684868112665e-07	1.3020131175403421e-07	2.46684868112665e-07	9	2 0 1 2 1 0 1 1 2	V0:+2 V3:+2 V8:+2 D01:+2 D05:+2 D13:-2 D18:-2 D35:+2 D58:-2
root-000029	375	0	2.466861392398394e-07	4.119285455324143e-12	2.466861392398394e-07	9	-2 -1 -1 -2 0 -1 -2 0 -1	V0:-2 V3:-2 V6:-2 D04:-2 D07:-2 D34:-2 D37:-2 D46:+2 D67:-2
root-000029	913	0	2.487103785723681e-07	1.1423726019324182e-08	2.487103785723681e-07	9	-1 -2 -2 -1 0 -1 0 -1 -2	V1:-2 V2:-2 V8:-2 D14:-2 D16:-2 D24:-2 D26:-2 D48:+2 D68:+2
root-000029	720	0	2.48973840075134e-07	9.309619244583466e-08	2.48973840075134e-07	9	2 0 1 2 1 0 1 2 1	V0:+2 V3:+2 V7:+2 D01:+2 D05:+2 D13:-2 D17:-2 D35:+2 D57:-2
root-000029	221	0	2.4897979551333346e-07	2.2739204087797597e-08	2.4897979551333346e-07	9	-2 -1 -2 -2 -1 0 0 -1 -1	V0:-2 V2:-2 V3:-2 D05:-2 D06:-2 D25:-2 D26:-2 D35:-2 D36:-2
root-000029	1292	0	2.4996296940755135e-07	4.179635938294695e-12	2.4996296940755135e-07	9	1 1 2 2 1 0 1 0 2	V2:+2 V3:+2 V8:+2 D25:+2 D27:+2 D35:+2 D37:+2 D58:-2 D78:-2
root-000029	284	0	2.5055089020834144e-07	1.3059137587740653e-07	2.5055089020834144e-07	9	2 1 2 1 0 1 0 1 2	V0:+2 V2:+2 V8:+2 D04:+2 D06:+2 D24:+2 D26:+2 D48:-2 D68:-2
root-000029	717	0	2.5063653911573463e-07	1.0412544538146096e-07	2.5063653911573463e-07	9	-2 0 -1 -2 -1 0 -2 -1 -1	V0:-2 V3:-2 V6:-2 D01:-2 D05:-2 D13:+2 D16:+2 D35:-2 D56:+2
root-000029	352	0	2.506500571062497e-07	6.821716187030949e-08	2.506500571062497e-07	9	2 1 1 2 1 1 0 2 0	V0:+2 V3:+2 V7:+2 D06:+2 D08:+2 D36:+2 D38:+2 D67:-2 D78:+2
root-000029	1724	0	2.5076962794192884e-07	1.9448625025075232e-07	2.5076962794192884e-07	9	1 0 2 1 2 2 1 0 1	V2:+2 V4:+2 V5:+2 D12:-2 D14:-2 D15:-2 D27:+2 D47:+2 D57:+2
root-000029	1367	0	2.527100158539758e-07	1.2722246382067954e-07	2.527100158539758e-07	9	-1 -1 -2 -1 0 -2 0 -1 -2	V2:-2 V5:-2 V8:-2 D24:-2 D26:-2 D45:+2 D48:+2 D56:-2 D68:+2
root-000029	1368	0	2.5357849680374313e-07	1.2150137331143313e-07	2.5357849680374313e-07	9	1 1 2 1 0 2 0 1 2	V2:+2 V5:+2 V8:+2 D24:+2 D26:+2 D45:-2 D48:-2 D56:+2 D68:-2
root-000029	2144	0	2.5378026213086795e-07	2.5378026213086795e-07	8.784582420979611e-09	9	0 2 0 2 1 2 1 1 1	V1:+2 V3:+2 V5:+2 D01:-2 D03:-2 D05:-2 D12:+2 D23:-2 D25:-2
root-000029	1795	0	2.541443267046144e-07	2.199864918875012e-07	2.541443267046144e-07	9	-1 0 -2 0 -1 -1 -2 -2 -1	V2:-2 V6:-2 V7:-2 D12:+2 D16:+2 D17:+2 D23:-2 D36:+2 D37:+2
root-000029	231	0	2.5480597456189746e-07	1.886601722753593e-09	2.5480597456189746e-07	9	-2 -1 -2 -1 -2 -1 -1 0 0	V0:-2 V2:-2 V4:-2 D07:-2 D08:-2 D27:-2 D28:-2 D47:-2 D48:-2
root-000029	438	0	2.5483487101807023e-07	1.2602562009695842e-07	2.5483487101807023e-07	9	2 1 1 1 0 2 0 1 2	V0:+2 V5:+2 V8:+2 D04:+2 D06:+2 D45:-2 D48:-2 D56:+2 D68:-2
root-000029	437	0	2.5509670119886396e-07	1.2431777712278171e-07	2.5509670119886396e-07	9	-2 -1 -1 -1 0 -2 0 -1 -2	V0:-2 V5:-2 V8:-2 D04:-2 D06:-2 D45:+2 D48:+2 D56:-2 D68:+2
root-000029	293	0	2.550994677507255e-07	2.0845265991475239e-07	2.550994677507255e-07	9	-2 -1 -2 0 -2 -1 -1 0 -1	V0:-2 V2:-2 V4:-2 D03:-2 D07:-2 D23:-2 D27:-2 D34:+2 D47:-2
root-000029	1274	0	2.5543964278176963e-07	1.2108591373464122e-08	2.5543964278176963e-07	9	1 1 2 2 1 2 1 0 0	V2:+2 V3:+2 V5:+2 D27:+2 D28:+2 D37:+2 D38:+2 D57:+2 D58:+2
root-000029	1754	0	2.563664883904561e-07	1.497325334834851e-07	2.563664883904561e-07	9	1 0 2 1 1 2 0 2 1	V2:+2 V5:+2 V7:+2 D12:-2 D15:-2 D17:-2 D26:+2 D56:+2 D67:-2
root-000029	1303	0	2.580859753768591e-07	4.58333897966894e-08	2.580859753768591e-07	9	-1 -1 -2 -2 0 -1 -2 -1 0	V2:-2 V3:-2 V6:-2 D24:-2 D28:-2 D34:-2 D38:-2 D46:+2 D68:-2
root-000029	1304	0	2.5945448932326694e-07	4.4590643475559694e-08	2.5945448932326694e-07	9	1 1 2 2 0 1 2 1 0	V2:+2 V3:+2 V6:+2 D24:+2 D28:+2 D34:+2 D38:+2 D46:-2 D68:+2
root-000029	428	0	2.599599604013281e-07	4.483173559226811e-08	2.599599604013281e-07	9	2 1 1 1 0 2 2 1 0	V0:+2 V5:+2 V6:+2 D04:+2 D08:+2 D45:-2 D46:-2 D58:+2 D68:+2
root-000029	1299	0	2.602242973889948e-07	2.0625438731910765e-08	2.602242973889948e-07	9	-1 -1 -2 -2 0 -2 -1 0 -1	V2:-2 V3:-2 V5:-2 D24:-2 D27:-2 D34:-2 D37:-2 D45:+2 D57:-2
root-000029	1014	0	2.6444636336396424e-07	4.2116669363507685e-09	2.6444636336396424e-07	9	1 2 1 2 0 1 0 1 2	V1:+2 V3:+2 V8:+2 D14:+2 D16:+2 D34:+2 D36:+2 D48:-2 D68:-2
root-000029	1726	0	2.660779031176121e-07	2.0012999473609687e-07	2.660779031176121e-07	9	1 0 2 1 2 2 0 1 1	V2:+2 V4:+2 V5:+2 D12:-2 D14:-2 D15:-2 D26:+2 D46:+2 D56:+2
root-000029	1273	0	2.6830870565800755e-07	3.3569692164550034e-09	2.6830870565800755e-07	9	-1 -1 -2 -2 -1 -2 -1 0 0	V2:-2 V3:-2 V5:-2 D27:-2 D28:-2 D37:-2 D38:-2 D57:-2 D58:-2
root-000029	1252	0	2.699434246218244e-07	1.1651829819556729e-07	2.699434246218244e-07	9	1 2 0 0 1 2 1 2 1	V1:+2 V5:+2 V7:+2 D12:+2 D13:+2 D25:-2 D27:-2 D35:-2 D37:-2
root-000029	1357	0	2.729098589877263e-07	6.011081194008188e-08	2.729098589877263e-07	9	-1 -1 -2 -1 0 -2 -2 -1 0	V2:-2 V5:-2 V6:-2 D24:-2 D28:-2 D45:+2 D46:+2 D58:-2 D68:-2
root-000029	103	0	2.7308218158134627e-07	1.6699459062004846e-07	2.7308218158134627e-07	9	-2 -2 -1 -1 0 -1 0 -1 -2	V0:-2 V1:-2 V8:-2 D04:-2 D06:-2 D14:-2 D16:-2 D48:+2 D68:+2
root-000029	1291	0	2.731127967753708e-07	4.328093808597885e-08	2.731127967753708e-07	9	-1 -1 -2 -2 -1 0 -1 0 -2	V2:-2 V3:-2 V8:-2 D25:-2 D27:-2 D35:-2 D37:-2 D58:+2 D78:+2
root-000029	646	0	2.7415080251352717e-07	2.600894616506325e-07	2.7415080251352717e-07	9	2 0 2 1 2 1 0 1 1	V0:+2 V2:+2 V4:+2 D01:+2 D06:+2 D12:-2 D14:-2 D26:+2 D46:+2
root-000029	126	0	2.7488882311207973e-07	2.107094254771692e-08	2.7488882311207973e-07	9	2 2 1 0 1 1 2 1 0	V0:+2 V1:+2 V6:+2 D03:+2 D08:+2 D13:+2 D18:+2 D36:-2 D68:+2
root-000029	125	0	2.7489551768925045e-07	2.0863999687976002e-08	2.7489551768925045e-07	9	-2 -2 -1 0 -1 -1 -2 -1 0	V0:-2 V1:-2 V6:-2 D03:-2 D08:-2 D13:-2 D18:-2 D36:+2 D68:-2
root-000029	1110	0	2.773675277720211e-07	6.205690666347175e-08	2.773675277720211e-07	9	1 2 1 0 1 2 1 2 0	V1:+2 V5:+2 V7:+2 D13:+2 D18:+2 D35:-2 D37:-2 D58:+2 D78:+2
root-000029	1413	0	2.7744807013161047e-07	1.835332497261857e-09	2.7744807013161047e-07	9	-1 -1 -2 0 -1 -2 0 -2 -1	V2:-2 V5:-2 V7:-2 D23:-2 D26:-2 D35:+2 D37:+2 D56:-2 D67:+2
root-000029	1702	0	2.790609820609209e-07	1.289075418523274e-10	2.790609820609209e-07	9	1 0 2 2 1 1 1 0 2	V2:+2 V3:+2 V8:+2 D12:-2 D13:-2 D18:-2 D27:+2 D37:+2 D78:-2
root-000029	166	0	2.7979207889439195e-07	5.7041221971055e-08	2.7979207889439195e-07	9	2 2 0 1 2 1 0 1 1	V0:+2 V1:+2 V4:+2 D02:+2 D06:+2 D12:+2 D16:+2 D24:-2 D46:+2
root-000029	1250	0	2.802892768995085e-07	1.5622838389221625e-07	2.802892768995085e-07	9	1 2 0 0 1 2 2 1 1	V1:+2 V5:+2 V6:+2 D12:+2 D13:+2 D25:-2 D26:-2 D35:-2 D36:-2
root-000029	1249	0	2.8029141976987586e-07	1.5621400290955396e-07	2.8029141976987586e-07	9	-1 -2 0 0 -1 -2 -2 -1 -1	V1:-2 V5:-2 V6:-2 D12:-2 D13:-2 D25:+2 D26:+2 D35:+2 D36:+2
root-000029	41	0	2.8121446414646884e-07	1.336088201484119e-07	2.8121446414646884e-07	9	-2 -2 -1 -2 -1 0 0 -1 -1	V0:-2 V1:-2 V3:-2 D05:-2 D06:-2 D15:-2 D16:-2 D35:-2 D36:-2
root-000029	294	0	2.842961495442719e-07	2.842961495442719e-07	2.4507778377533666e-07	9	2 1 2 0 2 1 1 0 1	V0:+2 V2:+2 V4:+2 D03:+2 D07:+2 D23:+2 D27:+2 D34:-2 D47:+2
root-000029	1105	0	2.8900047112840153e-07	1.2339234839930804e-09	2.8900047112840153e-07	9	-1 -2 -1 0 -1 -2 -2 -1 0	V1:-2 V5:-2 V6:-2 D13:-2 D18:-2 D35:+2 D36:+2 D58:-2 D68:-2
root-000029	1306	0	2.892173347155168e-07	1.4433757664841743e-10	2.892173347155168e-07	9	1 1 2 2 0 1 2 0 1	V2:+2 V3:+2 V6:+2 D24:+2 D27:+2 D34:+2 D37:+2 D46:-2 D67:+2
root-000029	1305	0	2.895224742575153e-07	1.4415085381545505e-10	2.895224742575153e-07	9	-1 -1 -2 -2 0 -1 -2 0 -1	V2:-2 V3:-2 V6:-2 D24:-2 D27:-2 D34:-2 D37:-2 D46:+2 D67:-2
root-000029	226	0	2.899058957776375e-07	1.4380611592641278e-07	2.899058957776375e-07	9	2 1 2 2 0 1 1 0 1	V0:+2 V2:+2 V3:+2 D04:+2 D07:+2 D24:+2 D27:+2 D34:+2 D37:+2
root-000029	2260	0	2.901661131371469e-07	6.873477403440194e-08	2.901661131371469e-07	9	0 1 2 1 0 2 2 1 1	V2:+2 V5:+2 V6:+2 D02:-2 D05:-2 D06:-2 D24:+2 D45:-2 D46:-2
root-000029	354	0	2.920693977579547e-07	2.77817001178723e-09	2.920693977579547e-07	9	2 1 1 2 1 1 0 0 2	V0:+2 V3:+2 V8:+2 D06:+2 D07:+2 D36:+2 D37:+2 D68:-2 D78:-2
root-000029	387	0	2.9263900414100557e-07	4.933303224461464e-12	2.9263900414100557e-07	9	-2 -1 -1 -2 0 0 -1 -2 -1	V0:-2 V3:-2 V7:-2 D04:-2 D05:-2 D34:-2 D35:-2 D47:+2 D57:+2
root-000029	1337	0	2.9296758696018335e-07	1.0641832304631065e-07	2.9296758696018335e-07	9	-1 -1 -2 -1 -2 0 -1 -2 0	V2:-2 V4:-2 V7:-2 D25:-2 D28:-2 D45:-2 D48:-2 D57:+2 D78:-2
root-000029	275	0	2.930239466961453e-07	1.3978368774946402e-10	2.930239466961453e-07	9	-2 -1 -2 -1 0 -1 -2 0 -1	V0:-2 V2:-2 V6:-2 D04:-2 D07:-2 D24:-2 D27:-2 D46:+2 D67:-2
root-000029	988	0	2.930843261961236e-07	2.07290847625207e-08	2.930843261961236e-07	9	1 2 1 2 1 0 2 0 1	V1:+2 V3:+2 V6:+2 D15:+2 D17:+2 D35:+2 D37:+2 D56:-2 D67:+2
root-000029	1320	0	2.9454250885984425e-07	1.4589406080900908e-07	2.9454250885984425e-07	9	1 1 2 2 0 0 1 1 2	V2:+2 V3:+2 V8:+2 D24:+2 D25:+2 D34:+2 D35:+2 D48:-2 D58:-2
root-000029	556	0	2.959476078645551e-07	6.055565608582449e-08	2.959476078645551e-07	9	2 1 0 1 2 2 0 1 1	V0:+2 V4:+2 V5:+2 D02:+2 D06:+2 D24:-2 D25:-2 D46:+2 D56:+2
root-000029	240	0	2.978712585283028e-07	2.3714807673856348e-07	2.978712585283028e-07	9	2 1 2 1 2 0 1 0 1	V0:+2 V2:+2 V4:+2 D05:+2 D07:+2 D25:+2 D27:+2 D45:+2 D47:+2
root-000029	212	0	3.0195152744786767e-07	1.1256311409855642e-07	3.0195152744786767e-07	9	2 1 2 2 1 1 1 0 0	V0:+2 V2:+2 V3:+2 D07:+2 D08:+2 D27:+2 D28:+2 D37:+2 D38:+2
root-000029	2079	0	3.0234167312792604e-07	3.431881942614491e-08	3.0234167312792604e-07	9	0 -2 -1 -1 -2 0 -2 -1 -1	V1:-2 V4:-2 V6:-2 D01:+2 D04:+2 D06:+2 D15:-2 D45:-2 D56:+2
root-000029	1762	0	3.0240851203199606e-07	7.513279884069774e-12	3.0240851203199606e-07	9	1 0 2 1 1 1 0 2 2	V2:+2 V7:+2 V8:+2 D12:-2 D17:-2 D18:-2 D26:+2 D67:-2 D68:-2
root-000029	1774	0	3.0685457359631187e-07	2.2602765005551675e-07	3.0685457359631187e-07	9	1 0 2 1 0 2 1 1 2	V2:+2 V5:+2 V8:+2 D12:-2 D15:-2 D18:-2 D24:+2 D45:-2 D48:-2
root-000029	1277	0	3.085273382654224e-07	2.873306338847212e-08	3.085273382654224e-07	9	-1 -1 -2 -2 -1 -2 0 0 -1	V2:-2 V3:-2 V5:-2 D26:-2 D27:-2 D36:-2 D37:-2 D56:-2 D57:-2
root-000029	480	0	3.0856920200123284e-07	5.01511153371558e-12	3.0856920200123284e-07	9	2 1 1 0 1 2 1 2 0	V0:+2 V5:+2 V7:+2 D03:+2 D08:+2 D35:-2 D37:-2 D58:+2 D78:+2
root-000029	1353	0	3.101887483985725e-07	1.5409556363528046e-07	3.101887483985725e-07	9	-1 -1 -2 -1 -1 0 -2 0 -2	V2:-2 V6:-2 V8:-2 D25:-2 D27:-2 D56:+2 D58:+2 D67:-2 D78:+2
root-000029	455	0	3.1030877901889137e-07	2.0196381484964906e-09	3.1030877901889137e-07	9	-2 -1 -1 0 -2 -2 0 -1 -1	V0:-2 V4:-2 V5:-2 D03:-2 D06:-2 D34:+2 D35:+2 D46:-2 D56:-2
root-000029	679	0	3.1152831360815357e-07	2.939325167387102e-07	3.1152831360815357e-07	9	-2 0 -2 -1 0 -1 -1 -1 -2	V0:-2 V2:-2 V8:-2 D01:-2 D04:-2 D12:+2 D18:+2 D24:-2 D48:+2
root-000029	291	0	3.118620391134935e-07	8.458779432768409e-08	3.118620391134935e-07	9	-2 -1 -2 0 -2 -1 -1 -1 0	V0:-2 V2:-2 V4:-2 D03:-2 D08:-2 D23:-2 D28:-2 D34:+2 D48:-2
root-000029	1386	0	3.119211393639269e-07	1.882608378097548e-09	3.119211393639269e-07	9	1 1 2 0 2 2 0 1 1	V2:+2 V4:+2 V5:+2 D23:+2 D26:+2 D34:-2 D35:-2 D46:+2 D56:+2
root-000029	468	0	3.127181487499195e-07	1.2823296306940358e-07	3.127181487499195e-07	9	2 1 1 0 2 1 0 1 2	V0:+2 V4:+2 V8:+2 D03:+2 D06:+2 D34:-2 D38:-2 D46:+2 D68:-2
root-000029	1278	0	3.1452134454696776e-07	4.525049283538654e-08	3.1452134454696776e-07	9	1 1 2 2 1 2 0 0 1	V2:+2 V3:+2 V5:+2 D26:+2 D27:+2 D36:+2 D37:+2 D56:+2 D57:+2
root-000029	1355	0	3.1463170748416176e-07	7.741911075862476e-12	3.1463170748416176e-07	9	-1 -1 -2 -1 -1 0 0 -2 -2	V2:-2 V7:-2 V8:-2 D25:-2 D26:-2 D57:+2 D58:+2 D67:+2 D68:+2
root-000029	984	0	3.170448907558097e-07	1.047909589019631e-07	3.170448907558097e-07	9	1 2 1 2 1 1 0 0 2	V1:+2 V3:+2 V8:+2 D16:+2 D17:+2 D36:+2 D37:+2 D68:-2 D78:-2
root-000029	869	0	3.189583477483058e-07	1.3612506765394812e-07	3.189583477483058e-07	9	-1 -2 -2 -1 -2 0 -1 0 -1	V1:-2 V2:-2 V4:-2 D15:-2 D17:-2 D25:-2 D27:-2 D45:-2 D47:-2
root-000029	715	0	3.2135464223508595e-07	1.0713419332167147e-07	3.2135464223508595e-07	9	-2 0 -1 -2 -1 -1 0 -1 -2	V0:-2 V3:-2 V8:-2 D01:-2 D06:-2 D13:+2 D18:+2 D36:-2 D68:+2
root-000029	376	0	3.2335917568654083e-07	1.433641029604633e-10	3.2335917568654083e-07	9	2 1 1 2 0 1 2 0 1	V0:+2 V3:+2 V6:+2 D04:+2 D07:+2 D34:+2 D37:+2 D46:-2 D67:+2
root-000029	730	0	3.235446414393602e-07	2.615095697290581e-07	3.235446414393602e-07	9	2 0 1 2 0 1 1 1 2	V0:+2 V3:+2 V8:+2 D01:+2 D04:+2 D13:-2 D18:-2 D34:+2 D48:-2
root-000029	383	0	3.2542256240101905e-07	3.509509647926208e-08	3.2542256240101905e-07	9	-2 -1 -1 -2 0 -1 0 -1 -2	V0:-2 V3:-2 V8:-2 D04:-2 D06:-2 D34:-2 D36:-2 D48:+2 D68:+2
root-000029	1420	0	3.265006133838734e-07	1.7802718680956825e-07	3.265006133838734e-07	9	1 1 2 0 1 1 2 0 2	V2:+2 V6:+2 V8:+2 D23:+2 D27:+2 D36:-2 D38:-2 D67:+2 D78:-2
root-000029	1018	0	3.268344448163009e-07	5.3077444690562525e-08	3.268344448163009e-07	9	1 2 1 2 0 0 1 2 1	V1:+2 V3:+2 V7:+2 D14:+2 D15:+2 D34:+2 D35:+2 D47:-2 D57:-2
root-000029	1418	0	3.2790367610492627e-07	8.677023949863657e-08	3.2790367610492627e-07	9	1 1 2 0 1 1 2 2 0	V2:+2 V6:+2 V7:+2 D23:+2 D28:+2 D36:-2 D37:-2 D68:+2 D78:+2
root-000029	488	0	3.2791376149073713e-07	9.728102251649076e-08	3.2791376149073713e-07	9	2 1 1 0 1 1 2 2 0	V0:+2 V6:+2 V7:+2 D03:+2 D08:+2 D36:-2 D37:-2 D68:+2 D78:+2
root-000029	1976	0	3.2940530496834283e-07	2.084138029860838e-08	3.2940530496834283e-07	9	0 2 2 1 2 1 0 1 1	V1:+2 V2:+2 V4:+2 D01:-2 D02:-2 D04:-2 D16:+2 D26:+2 D46:+2
root-000029	1723	0	3.297546386537663e-07	2.3132442058230387e-07	3.297546386537663e-07	9	-1 0 -2 -1 -2 -2 -1 0 -1	V2:-2 V4:-2 V5:-2 D12:+2 D14:+2 D15:+2 D27:-2 D47:-2 D57:-2
root-000029	1733	0	3.297686799324632e-07	1.8647613959099578e-07	3.297686799324632e-07	9	-1 0 -2 -1 -2 -1 -1 0 -2	V2:-2 V4:-2 V8:-2 D12:+2 D14:+2 D18:+2 D27:-2 D47:-2 D78:+2
root-000029	1719	0	3.3019380779993613e-07	4.3482974346884534e-08	3.3019380779993613e-07	9	-1 0 -2 -2 0 -1 -1 -1 -2	V2:-2 V3:-2 V8:-2 D12:+2 D13:+2 D18:+2 D24:-2 D34:-2 D48:+2
root-000029	1332	0	3.3028995343107573e-07	1.5776597421905108e-07	3.3028995343107573e-07	9	1 1 2 1 2 1 0 0 2	V2:+2 V4:+2 V8:+2 D26:+2 D27:+2 D46:+2 D47:+2 D68:-2 D78:-2
root-000029	402	0	3.3082728742869847e-07	1.7509678681922492e-07	3.3082728742869847e-07	9	2 1 1 1 2 1 0 0 2	V0:+2 V4:+2 V8:+2 D06:+2 D07:+2 D46:+2 D47:+2 D68:-2 D78:-2
root-000029	485	0	3.370502570023124e-07	4.645368638663737e-08	3.370502570023124e-07	9	-2 -1 -1 0 -1 -2 0 -1 -2	V0:-2 V5:-2 V8:-2 D03:-2 D06:-2 D35:+2 D38:+2 D56:-2 D68:+2
root-000029	486	0	3.376534703917851e-07	4.383265537295635e-08	3.376534703917851e-07	9	2 1 1 0 1 2 0 1 2	V0:+2 V5:+2 V8:+2 D03:+2 D06:+2 D35:-2 D38:-2 D56:+2 D68:-2
root-000029	1383	0	3.406727537399581e-07	5.1074758553013505e-12	3.406727537399581e-07	9	-1 -1 -2 0 -2 -2 -1 0 -1	V2:-2 V4:-2 V5:-2 D23:-2 D27:-2 D34:+2 D35:+2 D47:-2 D57:-2
root-000029	467	0	3.416337539771086e-07	9.952301664955054e-08	3.416337539771086e-07	9	-2 -1 -1 0 -2 -1 0 -1 -2	V0:-2 V4:-2 V8:-2 D03:-2 D06:-2 D34:+2 D38:+2 D46:-2 D68:+2
root-000029	1738	0	3.4360787403242776e-07	2.1210178604170964e-07	3.4360787403242776e-07	9	1 0 2 1 2 1 0 1 2	V2:+2 V4:+2 V8:+2 D12:-2 D14:-2 D18:-2 D26:+2 D46:+2 D68:-2
root-000029	747	0	3.442349776944562e-07	2.2791897191855463e-07	3.442349776944562e-07	9	-2 0 -1 -1 -2 -1 0 -1 -2	V0:-2 V4:-2 V8:-2 D01:-2 D06:-2 D14:+2 D18:+2 D46:-2 D68:+2
root-000029	1718	0	3.4612740023252265e-07	1.7168786346006915e-07	3.4612740023252265e-07	9	1 0 2 2 0 1 1 2 1	V2:+2 V3:+2 V7:+2 D12:-2 D13:-2 D17:-2 D24:+2 D34:+2 D47:-2
root-000029	220	0	3.4711400098594677e-07	1.1474954827428124e-07	3.4711400098594677e-07	9	2 1 2 2 1 0 1 0 1	V0:+2 V2:+2 V3:+2 D05:+2 D07:+2 D25:+2 D27:+2 D35:+2 D37:+2
root-000029	277	0	3.4807050361539436e-07	2.018662470908171e-07	3.4807050361539436e-07	9	-2 -1 -2 -1 0 -1 -1 -2 0	V0:-2 V2:-2 V7:-2 D04:-2 D08:-2 D24:-2 D28:-2 D47:+2 D78:-2
root-000029	1271	0	3.519445338620183e-07	1.7520902164020293e-09	3.519445338620183e-07	9	-1 -1 -2 -2 -2 0 0 -1 -1	V2:-2 V3:-2 V4:-2 D25:-2 D26:-2 D35:-2 D36:-2 D45:-2 D46:-2
root-000029	743	0	3.519503916878256e-07	1.9981553824289298e-07	3.519503916878256e-07	9	-2 0 -1 -1 -2 -1 -1 0 -2	V0:-2 V4:-2 V8:-2 D01:-2 D07:-2 D14:+2 D18:+2 D47:-2 D78:+2
root-000029	129	0	3.524745335091255e-07	1.8837693988379908e-07	3.524745335091255e-07	9	-2 -2 -1 0 -1 -1 -1 -2 0	V0:-2 V1:-2 V7:-2 D03:-2 D08:-2 D13:-2 D18:-2 D37:+2 D78:-2
root-000029	2043	0	3.525199997915572e-07	3.079173661098953e-08	3.525199997915572e-07	9	0 -2 -1 -2 -1 -1 0 -2 -1	V1:-2 V3:-2 V7:-2 D01:+2 D03:+2 D07:+2 D16:-2 D36:-2 D67:+2
root-000029	342	0	3.528853896287609e-07	1.8901885516473145e-09	3.528853896287609e-07	9	2 1 1 2 2 0 0 1 1	V0:+2 V3:+2 V4:+2 D05:+2 D06:+2 D35:+2 D36:+2 D45:+2 D46:+2
root-000029	940	0	3.536495509907023e-07	1.8656499088851686e-07	3.536495509907023e-07	9	1 2 2 0 1 1 1 2 0	V1:+2 V2:+2 V7:+2 D13:+2 D18:+2 D23:+2 D28:+2 D37:-2 D78:+2
root-000029	1385	0	3.5406843593874e-07	2.034405239514721e-08	3.5406843593874e-07	9	-1 -1 -2 0 -2 -2 0 -1 -1	V2:-2 V4:-2 V5:-2 D23:-2 D26:-2 D34:+2 D35:+2 D46:-2 D56:-2
root-000029	339	0	3.6112416955707173e-07	7.1528991577040765e-12	3.6112416955707173e-07	9	-2 -1 -1 -2 -2 0 -1 0 -1	V0:-2 V3:-2 V4:-2 D05:-2 D07:-2 D35:-2 D37:-2 D45:-2 D47:-2
root-000029	340	0	3.613088802845695e-07	7.148784951277308e-12	3.613088802845695e-07	9	2 1 1 2 2 0 1 0 1	V0:+2 V3:+2 V4:+2 D05:+2 D07:+2 D35:+2 D37:+2 D45:+2 D47:+2
root-000029	355	0	3.613117823446374e-07	7.168471452393448e-08	3.613117823446374e-07	9	-2 -1 -1 -2 -1 0 -2 -1 0	V0:-2 V3:-2 V6:-2 D05:-2 D08:-2 D35:-2 D38:-2 D56:+2 D68:-2
root-000029	356	0	3.617629330381891e-07	5.668082892362614e-08	3.617629330381891e-07	9	2 1 1 2 1 0 2 1 0	V0:+2 V3:+2 V6:+2 D05:+2 D08:+2 D35:+2 D38:+2 D56:-2 D68:+2
root-000029	1333	0	3.6186504800879573e-07	3.127634342855672e-08	3.6186504800879573e-07	9	-1 -1 -2 -1 -2 0 -2 -1 0	V2:-2 V4:-2 V6:-2 D25:-2 D28:-2 D45:-2 D48:-2 D56:+2 D68:-2
root-000029	2227	0	3.630459474712744e-07	4.1214166831713166e-08	3.630459474712744e-07	9	0 -1 -2 -1 -2 -1 0 -1 -2	V2:-2 V4:-2 V8:-2 D02:+2 D04:+2 D08:+2 D26:-2 D46:-2 D68:+2
root-000029	734	0	3.633188861535136e-07	2.1092672069906914e-07	3.633188861535136e-07	9	2 0 1 1 2 2 1 0 1	V0:+2 V4:+2 V5:+2 D01:+2 D07:+2 D14:-2 D15:-2 D47:+2 D57:+2
root-000029	1790	0	3.637738583158993e-07	1.3467787245205402e-07	3.637738583158993e-07	9	1 0 2 0 1 2 2 1 1	V2:+2 V5:+2 V6:+2 D12:-2 D15:-2 D16:-2 D23:+2 D35:-2 D36:-2
root-000029	677	0	3.6389267428092475e-07	2.167777147304417e-07	3.6389267428092475e-07	9	-2 0 -2 -1 0 -1 -1 -2 -1	V0:-2 V2:-2 V7:-2 D01:-2 D04:-2 D12:+2 D17:+2 D24:-2 D47:+2
root-000029	1269	0	3.649984843552784e-07	7.983725453295453e-12	3.649984843552784e-07	9	-1 -1 -2 -2 -2 0 -1 0 -1	V2:-2 V3:-2 V4:-2 D25:-2 D27:-2 D35:-2 D37:-2 D45:-2 D47:-2
root-000029	1270	0	3.650548552639611e-07	7.977748670291048e-12	3.650548552639611e-07	9	1 1 2 2 2 0 1 0 1	V2:+2 V3:+2 V4:+2 D25:+2 D27:+2 D35:+2 D37:+2 D45:+2 D47:+2
root-000029	2077	0	3.670886248295202e-07	1.2188350944770639e-08	3.670886248295202e-07	9	0 -2 -1 -1 -2 -1 0 -1 -2	V1:-2 V4:-2 V8:-2 D01:+2 D04:+2 D08:+2 D16:-2 D46:-2 D68:+2
root-000029	2078	0	3.6708927624395555e-07	1.2190113693646477e-08	3.6708927624395555e-07	9	0 2 1 1 2 1 0 1 2	V1:+2 V4:+2 V8:+2 D01:-2 D04:-2 D08:-2 D16:+2 D46:+2 D68:-2
root-000029	199	0	3.6798199470888804e-07	9.087098107625429e-08	3.6798199470888804e-07	9	-2 -2 0 -1 0 -1 -1 -1 -2	V0:-2 V1:-2 V8:-2 D02:-2 D04:-2 D12:-2 D14:-2 D28:+2 D48:+2
root-000029	1285	0	3.6982767636353835e-07	6.280661664626491e-08	3.6982767636353835e-07	9	-1 -1 -2 -2 -1 0 -2 -1 0	V2:-2 V3:-2 V6:-2 D25:-2 D28:-2 D35:-2 D38:-2 D56:+2 D68:-2
root-000029	605	0	3.71372605021712e-07	4.121863674421988e-08	3.71372605021712e-07	9	-2 -1 0 -1 0 -1 -2 -2 -1	V0:-2 V6:-2 V7:-2 D02:-2 D04:-2 D26:+2 D27:+2 D46:+2 D47:+2
root-000029	93	0	3.717158492430904e-07	5.1888687574065455e-08	3.717158492430904e-07	9	-2 -2 -1 -1 0 -1 -2 -1 0	V0:-2 V1:-2 V6:-2 D04:-2 D08:-2 D14:-2 D18:-2 D46:+2 D68:-2
root-000029	1701	0	3.7259759731129234e-07	1.2830133119784738e-07	3.7259759731129234e-07	9	-1 0 -2 -2 -1 -1 -1 0 -2	V2:-2 V3:-2 V8:-2 D12:+2 D13:+2 D18:+2 D27:-2 D37:-2 D78:+2
root-000029	320	0	3.748663917502503e-07	1.7237694405991767e-07	3.748663917502503e-07	9	2 1 2 0 1 0 1 2 1	V0:+2 V2:+2 V7:+2 D03:+2 D05:+2 D23:+2 D25:+2 D37:-2 D57:-2
root-000029	800	0	3.757993751906415e-07	1.2500943941906e-07	3.757993751906415e-07	9	2 0 1 0 1 2 2 1 1	V0:+2 V5:+2 V6:+2 D01:+2 D03:+2 D15:-2 D16:-2 D35:-2 D36:-2
root-000029	602	0	3.774926565446928e-07	5.947348046637659e-09	3.774926565446928e-07	9	2 1 0 1 0 2 1 2 1	V0:+2 V5:+2 V7:+2 D02:+2 D04:+2 D25:-2 D27:-2 D45:-2 D47:-2
root-000029	799	0	3.7815464816426664e-07	1.7280547902820313e-07	3.7815464816426664e-07	9	-2 0 -1 0 -1 -2 -2 -1 -1	V0:-2 V5:-2 V6:-2 D01:-2 D03:-2 D15:+2 D16:+2 D35:+2 D36:+2
root-000029	195	0	3.793072815283516e-07	4.329745633703449e-08	3.793072815283516e-07	9	-2 -2 0 -1 0 -1 -2 -1 -1	V0:-2 V1:-2 V6:-2 D02:-2 D04:-2 D12:-2 D14:-2 D26:+2 D46:+2
root-000029	196	0	3.7931037305538595e-07	4.329823070728449e-08	3.7931037305538595e-07	9	2 2 0 1 0 1 2 1 1	V0:+2 V1:+2 V6:+2 D02:+2 D04:+2 D12:+2 D14:+2 D26:-2 D46:-2
root-000029	599	0	3.8009755787271615e-07	4.70464444908645e-08	3.8009755787271615e-07	9	-2 -1 0 -1 0 -2 -2 -1 -1	V0:-2 V5:-2 V6:-2 D02:-2 D04:-2 D25:+2 D26:+2 D45:+2 D46:+2
root-000029	567	0	3.818183164333423e-07	7.161808663491129e-08	3.818183164333423e-07	9	-2 -1 0 -1 -2 -1 0 -1 -2	V0:-2 V4:-2 V8:-2 D02:-2 D06:-2 D24:+2 D28:+2 D46:-2 D68:+2
root-000029	1685	0	3.825362282765756e-07	2.7001040897015847e-07	3.825362282765756e-07	9	-1 0 -2 -2 -2 -1 0 -1 -1	V2:-2 V3:-2 V4:-2 D12:+2 D13:+2 D14:+2 D26:-2 D36:-2 D46:-2
root-000029	530	0	3.826935337934614e-07	1.3799202775611503e-08	3.826935337934614e-07	9	2 1 0 2 1 1 1 2 0	V0:+2 V3:+2 V7:+2 D02:+2 D08:+2 D23:-2 D27:-2 D38:+2 D78:+2
root-000029	263	0	3.8443509810983235e-07	1.8135548464187514e-07	3.8443509810983235e-07	9	-2 -1 -2 -1 -1 0 0 -2 -1	V0:-2 V2:-2 V7:-2 D05:-2 D06:-2 D25:-2 D26:-2 D57:+2 D67:+2
root-000029	2217	0	3.844385664808492e-07	1.0418958984095783e-07	3.844385664808492e-07	9	0 -1 -2 -1 -2 -1 -2 -1 0	V2:-2 V4:-2 V6:-2 D02:+2 D04:+2 D06:+2 D28:-2 D48:-2 D68:-2
root-000029	603	0	3.851416176536837e-07	1.0855687549065751e-07	3.851416176536837e-07	9	-2 -1 0 -1 0 -2 -1 -1 -2	V0:-2 V5:-2 V8:-2 D02:-2 D04:-2 D25:+2 D28:+2 D45:+2 D48:+2
root-000029	1331	0	3.8697113882802466e-07	1.4941674014686453e-07	3.8697113882802466e-07	9	-1 -1 -2 -1 -2 -1 0 0 -2	V2:-2 V4:-2 V8:-2 D26:-2 D27:-2 D46:-2 D47:-2 D68:+2 D78:+2
root-000029	292	0	3.872131381228273e-07	1.830176064185357e-07	3.872131381228273e-07	9	2 1 2 0 2 1 1 1 0	V0:+2 V2:+2 V4:+2 D03:+2 D08:+2 D23:+2 D28:+2 D34:-2 D48:+2
root-000029	1334	0	3.877890716114542e-07	1.0008315938957903e-08	3.877890716114542e-07	9	1 1 2 1 2 0 2 1 0	V2:+2 V4:+2 V6:+2 D25:+2 D28:+2 D45:+2 D48:+2 D56:-2 D68:+2
root-000029	401	0	3.883981944307607e-07	1.5339575902720747e-07	3.883981944307607e-07	9	-2 -1 -1 -1 -2 -1 0 0 -2	V0:-2 V4:-2 V8:-2 D06:-2 D07:-2 D46:-2 D47:-2 D68:+2 D78:+2
root-000029	180	0	3.888416146978543e-07	5.4242311469457647e-11	3.888416146978543e-07	9	2 2 0 1 1 1 1 2 0	V0:+2 V1:+2 V7:+2 D02:+2 D08:+2 D12:+2 D18:+2 D27:-2 D78:+2
root-000029	1776	0	3.902171631959778e-07	1.8435862572404372e-07	3.902171631959778e-07	9	1 0 2 1 0 1 2 2 1	V2:+2 V6:+2 V7:+2 D12:-2 D16:-2 D17:-2 D24:+2 D46:-2 D47:-2
root-000029	1294	0	3.903781727260255e-07	3.3557054297838567e-07	3.903781727260255e-07	9	1 1 2 2 1 0 0 2 1	V2:+2 V3:+2 V7:+2 D25:+2 D26:+2 D35:+2 D36:+2 D57:-2 D67:-2
root-000029	1261	0	3.9276724461840695e-07	1.5250625643003868e-08	3.9276724461840695e-07	9	-1 -1 -2 -2 -2 -1 -1 0 0	V2:-2 V3:-2 V4:-2 D27:-2 D28:-2 D37:-2 D38:-2 D47:-2 D48:-2
root-000029	1293	0	3.935760713062948e-07	2.976628808145423e-07	3.935760713062948e-07	9	-1 -1 -2 -2 -1 0 0 -2 -1	V2:-2 V3:-2 V7:-2 D25:-2 D26:-2 D35:-2 D36:-2 D57:+2 D67:+2
root-000029	1262	0	3.936821094320829e-07	1.57062552394399e-08	3.936821094320829e-07	9	1 1 2 2 2 1 1 0 0	V2:+2 V3:+2 V4:+2 D27:+2 D28:+2 D37:+2 D38:+2 D47:+2 D48:+2
root-000029	412	0	3.938262515090939e-07	1.5255386017029016e-08	3.938262515090939e-07	9	2 1 1 1 2 0 0 2 1	V0:+2 V4:+2 V7:+2 D05:+2 D06:+2 D45:+2 D46:+2 D57:-2 D67:-2
root-000029	411	0	3.9389400771167594e-07	1.52415507754475e-08	3.9389400771167594e-07	9	-2 -1 -1 -1 -2 0 0 -2 -1	V0:-2 V4:-2 V7:-2 D05:-2 D06:-2 D45:-2 D46:-2 D57:+2 D67:+2
root-000029	310	0	3.9553248060477384e-07	1.819436838722596e-07	3.9553248060477384e-07	9	2 1 2 0 1 1 1 2 0	V0:+2 V2:+2 V7:+2 D03:+2 D08:+2 D23:+2 D28:+2 D37:-2 D78:+2
root-000029	349	0	3.9855207909556247e-07	5.4991823046599314e-09	3.9855207909556247e-07	9	-2 -1 -1 -2 -1 -1 -2 0 0	V0:-2 V3:-2 V6:-2 D07:-2 D08:-2 D37:-2 D38:-2 D67:-2 D68:-2
root-000029	1388	0	4.033048064671301e-07	3.203454747042765e-10	4.033048064671301e-07	9	1 1 2 0 2 1 2 1 0	V2:+2 V4:+2 V6:+2 D23:+2 D28:+2 D34:-2 D36:-2 D48:+2 D68:+2
root-000029	1113	0	4.0384359454781666e-07	2.1859410147250924e-09	4.0384359454781666e-07	9	-1 -2 -1 0 -1 -2 0 -2 -1	V1:-2 V5:-2 V7:-2 D13:-2 D16:-2 D35:+2 D37:+2 D56:-2 D67:+2
root-000029	712	0	4.0652656290444044e-07	1.4650578180330246e-07	4.0652656290444044e-07	9	2 0 1 2 1 1 1 0 2	V0:+2 V3:+2 V8:+2 D01:+2 D07:+2 D13:-2 D18:-2 D37:+2 D78:-2
root-000029	1691	0	4.0929718362139617e-07	1.115362198206663e-07	4.0929718362139617e-07	9	-1 0 -2 -2 -1 -2 -1 0 -1	V2:-2 V3:-2 V5:-2 D12:+2 D13:+2 D15:+2 D27:-2 D37:-2 D57:-2
root-000029	290	0	4.0950599369637553e-07	2.9301995567148077e-07	4.0950599369637553e-07	9	2 1 2 1 0 0 1 1 2	V0:+2 V2:+2 V8:+2 D04:+2 D05:+2 D24:+2 D25:+2 D48:-2 D58:-2
root-000029	534	0	4.1172509375897623e-07	6.44452817675411e-11	4.1172509375897623e-07	9	2 1 0 2 1 1 0 2 1	V0:+2 V3:+2 V7:+2 D02:+2 D06:+2 D23:-2 D27:-2 D36:+2 D67:-2
root-000029	938	0	4.11846382096499e-07	1.0102229274268271e-08	4.11846382096499e-07	9	1 2 2 0 1 1 2 0 1	V1:+2 V2:+2 V6:+2 D13:+2 D17:+2 D23:+2 D27:+2 D36:-2 D67:+2
root-000029	937	0	4.1185913576592014e-07	1.0098873757021202e-08	4.1185913576592014e-07	9	-1 -2 -2 0 -1 -1 -2 0 -1	V1:-2 V2:-2 V6:-2 D13:-2 D17:-2 D23:-2 D27:-2 D36:+2 D67:-2
root-000029	363	0	4.1293901825876494e-07	3.7023451490999753e-07	4.1293901825876494e-07	9	-2 -1 -1 -2 -1 0 0 -2 -1	V0:-2 V3:-2 V7:-2 D05:-2 D06:-2 D35:-2 D36:-2 D57:+2 D67:+2
root-000029	335	0	4.160589337608547e-07	1.1278605044020695e-09	4.160589337608547e-07	9	-2 -1 -1 -2 -2 -1 0 0 -1	V0:-2 V3:-2 V4:-2 D06:-2 D07:-2 D36:-2 D37:-2 D46:-2 D47:-2
root-000029	127	0	4.239528440930213e-07	1.341857923829805e-08	4.239528440930213e-07	9	-2 -2 -1 0 -1 -1 -2 0 -1	V0:-2 V1:-2 V6:-2 D03:-2 D07:-2 D13:-2 D17:-2 D36:+2 D67:-2
root-000029	2265	0	4.240081337482268e-07	2.159186443313412e-07	4.240081337482268e-07	9	0 -1 -2 -1 0 -1 -2 -2 -1	V2:-2 V6:-2 V7:-2 D02:+2 D06:+2 D07:+2 D24:-2 D46:+2 D47:+2
root-000029	439	0	4.2488462649749027e-07	8.130095486594067e-08	4.2488462649749027e-07	9	-2 -1 -1 -1 0 -1 -2 -2 0	V0:-2 V6:-2 V7:-2 D04:-2 D08:-2 D46:+2 D47:+2 D68:-2 D78:-2
root-000029	1791	0	4.302443441223002e-07	2.357766662828192e-07	4.302443441223002e-07	9	-1 0 -2 0 -1 -2 -1 -2 -1	V2:-2 V5:-2 V7:-2 D12:+2 D15:+2 D17:+2 D23:-2 D35:+2 D37:+2
root-000029	802	0	4.32457486756997e-07	2.5804709296586727e-07	4.32457486756997e-07	9	2 0 1 0 1 2 1 2 1	V0:+2 V5:+2 V7:+2 D01:+2 D03:+2 D15:-2 D17:-2 D35:-2 D37:-2
root-000029	2289	0	4.3295572445442453e-07	2.5266916801521505e-09	4.3295572445442453e-07	9	0 -1 -2 0 -1 -1 -1 -2 -2	V2:-2 V7:-2 V8:-2 D02:+2 D07:+2 D08:+2 D23:-2 D37:+2 D38:+2
root-000029	956	0	4.3932737915321944e-07	2.4794492821000902e-11	4.3932737915321944e-07	9	1 2 2 0 0 1 2 1 1	V1:+2 V2:+2 V6:+2 D13:+2 D14:+2 D23:+2 D24:+2 D36:-2 D46:-2
root-000029	1792	0	4.39495404586733e-07	2.0246685765540468e-07	4.39495404586733e-07	9	1 0 2 0 1 2 1 2 1	V2:+2 V5:+2 V7:+2 D12:-2 D15:-2 D17:-2 D23:+2 D35:-2 D37:-2
root-000029	2131	0	4.404382284081388e-07	2.2990630849702234e-07	4.404382284081388e-07	9	0 -2 -1 0 -1 -2 -1 -2 -1	V1:-2 V5:-2 V7:-2 D01:+2 D05:+2 D07:+2 D13:-2 D35:+2 D37:+2
root-000029	1236	0	4.4080936871676793e-07	6.391188436475535e-08	4.4080936871676793e-07	9	1 2 0 1 0 1 2 2 1	V1:+2 V6:+2 V7:+2 D12:+2 D14:+2 D26:-2 D27:-2 D46:-2 D47:-2
root-000029	2115	0	4.4146937496488827e-07	6.877359679187345e-08	4.4146937496488827e-07	9	0 -2 -1 -1 0 -1 -2 -2 -1	V1:-2 V6:-2 V7:-2 D01:+2 D06:+2 D07:+2 D14:-2 D46:+2 D47:+2
root-000029	1120	0	4.4389598726796316e-07	1.088214621288538e-07	4.4389598726796316e-07	9	1 2 1 0 1 1 2 0 2	V1:+2 V6:+2 V8:+2 D13:+2 D17:+2 D36:-2 D38:-2 D67:+2 D78:-2
root-000029	2276	0	4.439434900787945e-07	2.392623176218503e-09	4.439434900787945e-07	9	0 1 2 0 2 1 1 2 1	V2:+2 V4:+2 V7:+2 D02:-2 D04:-2 D07:-2 D23:+2 D34:-2 D37:-2
root-000029	2013	0	4.4602968565683133e-07	2.2937917603257944e-10	4.4602968565683133e-07	9	0 -2 -2 0 -1 -2 -1 -1 -1	V1:-2 V2:-2 V5:-2 D01:+2 D02:+2 D05:+2 D13:-2 D23:-2 D35:+2
root-000029	341	0	4.461224999949082e-07	2.3471154745056503e-07	4.461224999949082e-07	9	-2 -1 -1 -2 -2 0 0 -1 -1	V0:-2 V3:-2 V4:-2 D05:-2 D06:-2 D35:-2 D36:-2 D45:-2 D46:-2
root-000029	557	0	4.4847084235133394e-07	4.003426081878043e-08	4.4847084235133394e-07	9	-2 -1 0 -1 -2 -1 -2 -1 0	V0:-2 V4:-2 V6:-2 D02:-2 D08:-2 D24:+2 D26:+2 D48:-2 D68:-2
root-000029	558	0	4.4848093133653677e-07	4.005583638430883e-08	4.4848093133653677e-07	9	2 1 0 1 2 1 2 1 0	V0:+2 V4:+2 V6:+2 D02:+2 D08:+2 D24:-2 D26:-2 D48:+2 D68:+2
root-000029	403	0	4.48848438511959e-07	1.7959775773726045e-08	4.48848438511959e-07	9	-2 -1 -1 -1 -2 0 -2 -1 0	V0:-2 V4:-2 V6:-2 D05:-2 D08:-2 D45:-2 D48:-2 D56:+2 D68:-2
root-000029	235	0	4.52066891027685e-07	1.6642928210297753e-07	4.52066891027685e-07	9	-2 -1 -2 -1 -2 -1 0 0 -1	V0:-2 V2:-2 V4:-2 D06:-2 D07:-2 D26:-2 D27:-2 D46:-2 D47:-2
root-000029	236	0	4.525992980775894e-07	1.6157426343688524e-07	4.525992980775894e-07	9	2 1 2 1 2 1 0 0 1	V0:+2 V2:+2 V4:+2 D06:+2 D07:+2 D26:+2 D27:+2 D46:+2 D47:+2
root-000029	2290	0	4.551379417348218e-07	2.7622924893410478e-09	4.551379417348218e-07	9	0 1 2 0 1 1 1 2 2	V2:+2 V7:+2 V8:+2 D02:-2 D07:-2 D08:-2 D23:+2 D37:-2 D38:-2
root-000029	1326	0	4.562287733055875e-07	1.5371441315468482e-07	4.562287733055875e-07	9	1 1 2 1 2 2 0 0 1	V2:+2 V4:+2 V5:+2 D26:+2 D27:+2 D46:+2 D47:+2 D56:+2 D57:+2
root-000029	2209	0	4.5777620183429235e-07	2.5531095864892663e-08	4.5777620183429235e-07	9	0 -1 -2 -2 0 -1 -1 -1 -2	V2:-2 V3:-2 V8:-2 D02:+2 D03:+2 D08:+2 D24:-2 D34:-2 D48:+2
root-000029	1376	0	4.5827626674160827e-07	7.51283093158611e-08	4.5827626674160827e-07	9	1 1 2 1 0 0 2 2 1	V2:+2 V6:+2 V7:+2 D24:+2 D25:+2 D46:-2 D47:-2 D56:-2 D57:-2
root-000029	1384	0	4.585837530790705e-07	5.897777884257167e-08	4.585837530790705e-07	9	1 1 2 0 2 2 1 0 1	V2:+2 V4:+2 V5:+2 D23:+2 D27:+2 D34:-2 D35:-2 D47:+2 D57:+2
root-000029	273	0	4.591237281841552e-07	3.01670772837996e-07	4.591237281841552e-07	9	-2 -1 -2 -1 0 -1 -2 -1 0	V0:-2 V2:-2 V6:-2 D04:-2 D08:-2 D24:-2 D28:-2 D46:+2 D68:-2
root-000029	484	0	4.6215718005724894e-07	1.040192956440162e-08	4.6215718005724894e-07	9	2 1 1 0 1 2 0 2 1	V0:+2 V5:+2 V7:+2 D03:+2 D06:+2 D35:-2 D37:-2 D56:+2 D67:-2
root-000029	552	0	4.6423922261951134e-07	4.366198178988173e-08	4.6423922261951134e-07	9	2 1 0 1 2 2 1 1 0	V0:+2 V4:+2 V5:+2 D02:+2 D08:+2 D24:-2 D25:-2 D48:+2 D58:+2
root-000029	532	0	4.663208955746443e-07	7.400904427219169e-09	4.663208955746443e-07	9	2 1 0 2 1 1 1 0 2	V0:+2 V3:+2 V8:+2 D02:+2 D07:+2 D23:-2 D28:-2 D37:+2 D78:-2
root-000029	2210	0	4.712878926560471e-07	3.1496405195135605e-08	4.712878926560471e-07	9	0 1 2 2 0 1 1 1 2	V2:+2 V3:+2 V8:+2 D02:-2 D03:-2 D08:-2 D24:+2 D34:+2 D48:-2
root-000029	1329	0	4.725871053916465e-07	1.1419151304619441e-08	4.725871053916465e-07	9	-1 -1 -2 -1 -2 -1 0 -2 0	V2:-2 V4:-2 V7:-2 D26:-2 D28:-2 D46:-2 D48:-2 D67:+2 D78:-2
root-000029	1345	0	4.793342531434301e-07	5.760079258203202e-08	4.793342531434301e-07	9	-1 -1 -2 -1 -1 -2 -2 0 0	V2:-2 V5:-2 V6:-2 D27:-2 D28:-2 D57:-2 D58:-2 D67:-2 D68:-2
root-000029	745	0	4.793673242677197e-07	9.970583004108889e-09	4.793673242677197e-07	9	-2 0 -1 -1 -2 -1 0 -2 -1	V0:-2 V4:-2 V7:-2 D01:-2 D06:-2 D14:+2 D17:+2 D46:-2 D67:+2
root-000029	746	0	4.8040413216154e-07	1.00348652133361e-08	4.8040413216154e-07	9	2 0 1 1 2 1 0 2 1	V0:+2 V4:+2 V7:+2 D01:+2 D06:+2 D14:-2 D17:-2 D46:+2 D67:-2
root-000029	55	0	4.808207054592559e-07	1.6350780049726935e-07	4.808207054592559e-07	9	-2 -2 -1 -1 -2 -1 0 0 -1	V0:-2 V1:-2 V4:-2 D06:-2 D07:-2 D16:-2 D17:-2 D46:-2 D47:-2
root-000029	56	0	4.809402483355252e-07	1.627564071107933e-07	4.809402483355252e-07	9	2 2 1 1 2 1 0 0 1	V0:+2 V1:+2 V4:+2 D06:+2 D07:+2 D16:+2 D17:+2 D46:+2 D47:+2
root-000029	252	0	4.849144367379712e-07	3.3468223548945527e-07	4.849144367379712e-07	9	2 1 2 1 1 1 0 2 0	V0:+2 V2:+2 V7:+2 D06:+2 D08:+2 D26:+2 D28:+2 D67:-2 D78:+2
root-000029	264	0	4.865907340319037e-07	3.2831805064247315e-07	4.865907340319037e-07	9	2 1 2 1 1 0 0 2 1	V0:+2 V2:+2 V7:+2 D05:+2 D06:+2 D25:+2 D26:+2 D57:-2 D67:-2
root-000029	738	0	4.879187202649275e-07	1.791495288677097e-07	4.879187202649275e-07	9	2 0 1 1 2 1 2 1 0	V0:+2 V4:+2 V6:+2 D01:+2 D08:+2 D14:-2 D16:-2 D48:+2 D68:+2
root-000029	295	0	4.996090532997895e-07	1.148095105446721e-09	4.996090532997895e-07	9	-2 -1 -2 0 -2 -1 0 -1 -1	V0:-2 V2:-2 V4:-2 D03:-2 D06:-2 D23:-2 D26:-2 D34:+2 D46:-2
root-000029	40	0	5.01755320079736e-07	2.024792326543782e-07	5.01755320079736e-07	9	2 2 1 2 1 0 1 0 1	V0:+2 V1:+2 V3:+2 D05:+2 D07:+2 D15:+2 D17:+2 D35:+2 D37:+2
root-000029	456	0	5.02436309744386e-07	1.6059533499530033e-07	5.02436309744386e-07	9	2 1 1 0 2 2 0 1 1	V0:+2 V4:+2 V5:+2 D03:+2 D06:+2 D34:-2 D35:-2 D46:+2 D56:+2
root-000029	1375	0	5.051018737214247e-07	1.0053944421874445e-09	5.051018737214247e-07	9	-1 -1 -2 -1 0 0 -2 -2 -1	V2:-2 V6:-2 V7:-2 D24:-2 D25:-2 D46:+2 D47:+2 D56:+2 D57:+2
root-000029	1432	0	5.116824544941565e-07	4.4085311056560375e-12	5.116824544941565e-07	9	1 1 2 0 0 2 1 2 1	V2:+2 V5:+2 V7:+2 D23:+2 D24:+2 D35:-2 D37:-2 D45:-2 D47:-2
root-000029	306	0	5.178680722763351e-07	8.863537264834469e-08	5.178680722763351e-07	9	2 1 2 0 1 1 2 1 0	V0:+2 V2:+2 V6:+2 D03:+2 D08:+2 D23:+2 D28:+2 D36:-2 D68:+2
root-000029	381	0	5.231695665153652e-07	2.763627498250245e-07	5.231695665153652e-07	9	-2 -1 -1 -2 0 -1 0 -2 -1	V0:-2 V3:-2 V7:-2 D04:-2 D06:-2 D34:-2 D36:-2 D47:+2 D67:+2
root-000029	1747	0	5.36967401759614e-07	3.1714446620612446e-07	5.36967401759614e-07	9	-1 0 -2 -1 -1 -2 -2 0 -1	V2:-2 V5:-2 V6:-2 D12:+2 D15:+2 D16:+2 D27:-2 D57:-2 D67:-2
root-000029	1769	0	5.443459578046472e-07	3.423803899158772e-07	5.443459578046472e-07	9	-1 0 -2 -1 0 -2 -2 -1 -1	V2:-2 V5:-2 V6:-2 D12:+2 D15:+2 D16:+2 D24:-2 D45:+2 D46:+2
root-000029	1770	0	5.445094041089219e-07	3.4497973433271925e-07	5.445094041089219e-07	9	1 0 2 1 0 2 2 1 1	V2:+2 V5:+2 V6:+2 D12:-2 D15:-2 D16:-2 D24:+2 D45:-2 D46:-2
root-000029	1010	0	5.512391841515721e-07	4.594628530660721e-08	5.512391841515721e-07	9	1 2 1 2 0 1 1 0 2	V1:+2 V3:+2 V8:+2 D14:+2 D17:+2 D34:+2 D37:+2 D48:-2 D78:-2
root-000029	435	0	5.553762445625735e-07	2.728114699635121e-07	5.553762445625735e-07	9	-2 -1 -1 -1 0 -2 0 -2 -1	V0:-2 V5:-2 V7:-2 D04:-2 D06:-2 D45:+2 D47:+2 D56:-2 D67:+2
root-000029	1272	0	5.582214035784039e-07	2.3298119178657292e-07	5.582214035784039e-07	9	1 1 2 2 2 0 0 1 1	V2:+2 V3:+2 V4:+2 D25:+2 D26:+2 D35:+2 D36:+2 D45:+2 D46:+2
root-000029	658	0	5.595921895356891e-07	3.842406960559317e-07	5.595921895356891e-07	9	2 0 2 1 1 1 2 0 1	V0:+2 V2:+2 V6:+2 D01:+2 D07:+2 D12:-2 D16:-2 D27:+2 D67:+2
root-000029	1381	0	5.603636584708578e-07	1.2825477381933418e-07	5.603636584708578e-07	9	-1 -1 -2 0 -2 -2 -1 -1 0	V2:-2 V4:-2 V5:-2 D23:-2 D28:-2 D34:+2 D35:+2 D48:-2 D58:-2
root-000029	757	0	5.67535918341656e-07	3.4076146526771795e-07	5.67535918341656e-07	9	-2 0 -1 -1 -1 -2 -2 0 -1	V0:-2 V5:-2 V6:-2 D01:-2 D07:-2 D15:+2 D16:+2 D57:-2 D67:-2
root-000029	1342	0	5.702575180347138e-07	1.6205748891968676e-09	5.702575180347138e-07	9	1 1 2 1 2 0 0 2 1	V2:+2 V4:+2 V7:+2 D25:+2 D26:+2 D45:+2 D46:+2 D57:-2 D67:-2
root-000029	1732	0	5.704694039245737e-07	1.3789267874890045e-07	5.704694039245737e-07	9	1 0 2 1 2 1 1 2 0	V2:+2 V4:+2 V7:+2 D12:-2 D14:-2 D17:-2 D28:+2 D48:+2 D78:+2
root-000029	531	0	5.739311484502451e-07	6.442675110650657e-10	5.739311484502451e-07	9	-2 -1 0 -2 -1 -1 -1 0 -2	V0:-2 V3:-2 V8:-2 D02:-2 D07:-2 D23:+2 D28:+2 D37:-2 D78:+2
root-000029	680	0	5.777387617521931e-07	3.7434664086042226e-07	5.777387617521931e-07	9	2 0 2 1 0 1 1 1 2	V0:+2 V2:+2 V8:+2 D01:+2 D04:+2 D12:-2 D18:-2 D24:+2 D48:-2
root-000029	1387	0	5.802756441279091e-07	2.1511985534302726e-07	5.802756441279091e-07	9	-1 -1 -2 0 -2 -1 -2 -1 0	V2:-2 V4:-2 V6:-2 D23:-2 D28:-2 D34:+2 D36:+2 D48:-2 D68:-2
root-000029	725	0	5.828718227393492e-07	3.522749350296169e-07	5.828718227393492e-07	9	-2 0 -1 -2 0 -1 -2 -1 -1	V0:-2 V3:-2 V6:-2 D01:-2 D04:-2 D13:+2 D16:+2 D34:-2 D46:+2
root-000029	944	0	5.83170016126533e-07	1.475922324826114e-09	5.83170016126533e-07	9	1 2 2 0 1 1 0 2 1	V1:+2 V2:+2 V7:+2 D13:+2 D16:+2 D23:+2 D26:+2 D37:-2 D67:-2
root-000029	694	0	5.873860894380892e-07	1.9816805165666772e-07	5.873860894380892e-07	9	2 0 1 2 2 1 1 0 1	V0:+2 V3:+2 V4:+2 D01:+2 D07:+2 D13:-2 D14:-2 D37:+2 D47:+2
root-000029	1686	0	5.917472774802567e-07	5.134472397724952e-07	5.917472774802567e-07	9	1 0 2 2 2 1 0 1 1	V2:+2 V3:+2 V4:+2 D12:-2 D13:-2 D14:-2 D26:+2 D36:+2 D46:+2
root-000029	314	0	5.939633786345205e-07	2.8586288672750594e-07	5.939633786345205e-07	9	2 1 2 0 1 1 0 2 1	V0:+2 V2:+2 V7:+2 D03:+2 D06:+2 D23:+2 D26:+2 D37:-2 D67:-2
root-000029	2279	0	5.945241549887282e-07	1.195783731140191e-09	5.945241549887282e-07	9	0 -1 -2 0 -1 -2 -2 -1 -1	V2:-2 V5:-2 V6:-2 D02:+2 D05:+2 D06:+2 D23:-2 D35:+2 D36:+2
root-000029	693	0	5.966017149054736e-07	2.5785570982127775e-07	5.966017149054736e-07	9	-2 0 -1 -2 -2 -1 -1 0 -1	V0:-2 V3:-2 V4:-2 D01:-2 D07:-2 D13:+2 D14:+2 D37:-2 D47:-2
root-000029	313	0	6.032937217429464e-07	2.5145472988451245e-07	6.032937217429464e-07	9	-2 -1 -2 0 -1 -1 0 -2 -1	V0:-2 V2:-2 V7:-2 D03:-2 D06:-2 D23:-2 D26:-2 D37:+2 D67:+2
root-000029	451	0	6.034393145463169e-07	1.427705873964069e-07	6.034393145463169e-07	9	-2 -1 -1 0 -2 -2 -1 -1 0	V0:-2 V4:-2 V5:-2 D03:-2 D08:-2 D34:+2 D35:+2 D48:-2 D58:-2
root-000029	288	0	6.123731079735299e-07	7.081358663603068e-08	6.123731079735299e-07	9	2 1 2 1 0 0 1 2 1	V0:+2 V2:+2 V7:+2 D04:+2 D05:+2 D24:+2 D25:+2 D47:-2 D57:-2
root-000029	786	0	6.134407755013598e-07	3.5770820631176005e-07	6.134407755013598e-07	9	2 0 1 1 0 1 2 2 1	V0:+2 V6:+2 V7:+2 D01:+2 D04:+2 D16:-2 D17:-2 D46:-2 D47:-2
root-000029	1995	0	6.149883221827955e-07	1.329977643234342e-09	6.149883221827955e-07	9	0 -2 -2 -1 -1 -1 0 -1 -2	V1:-2 V2:-2 V8:-2 D01:+2 D02:+2 D08:+2 D16:-2 D26:-2 D68:+2
root-000029	379	0	6.174395250621596e-07	4.956569637598101e-11	6.174395250621596e-07	9	-2 -1 -1 -2 0 -1 -1 0 -2	V0:-2 V3:-2 V8:-2 D04:-2 D07:-2 D34:-2 D37:-2 D48:+2 D78:+2
root-000029	1684	0	6.183614278889736e-07	1.8174144431714256e-07	6.183614278889736e-07	9	1 0 2 2 2 1 1 0 1	V2:+2 V3:+2 V4:+2 D12:-2 D13:-2 D14:-2 D27:+2 D37:+2 D47:+2
root-000029	696	0	6.215939970261634e-07	5.239032024931095e-07	6.215939970261634e-07	9	2 0 1 2 2 1 0 1 1	V0:+2 V3:+2 V4:+2 D01:+2 D06:+2 D13:-2 D14:-2 D36:+2 D46:+2
root-000029	458	0	6.258554374907966e-07	1.6499359340984468e-07	6.258554374907966e-07	9	2 1 1 0 2 1 2 1 0	V0:+2 V4:+2 V6:+2 D03:+2 D08:+2 D34:-2 D36:-2 D48:+2 D68:+2
root-000029	457	0	6.26971849898646e-07	1.6662663723441894e-07	6.26971849898646e-07	9	-2 -1 -1 0 -2 -1 -2 -1 0	V0:-2 V4:-2 V6:-2 D03:-2 D08:-2 D34:+2 D36:+2 D48:-2 D68:-2
root-000029	741	0	6.353683673598594e-07	3.5340508294308345e-07	6.353683673598594e-07	9	-2 0 -1 -1 -2 -1 -1 -2 0	V0:-2 V4:-2 V7:-2 D01:-2 D08:-2 D14:+2 D17:+2 D48:-2 D78:-2
root-000029	1374	0	6.372250017584993e-07	4.753273687697455e-08	6.372250017584993e-07	9	1 1 2 1 0 1 0 2 2	V2:+2 V7:+2 V8:+2 D24:+2 D26:+2 D47:-2 D48:-2 D67:-2 D68:-2
root-000029	1373	0	6.372913767977956e-07	4.7519181209959806e-08	6.372913767977956e-07	9	-1 -1 -2 -1 0 -1 0 -2 -2	V2:-2 V7:-2 V8:-2 D24:-2 D26:-2 D47:+2 D48:+2 D67:+2 D68:+2
root-000029	148	0	6.378108758627469e-07	8.432292603639918e-08	6.378108758627469e-07	9	2 2 1 0 0 1 1 2 1	V0:+2 V1:+2 V7:+2 D03:+2 D04:+2 D13:+2 D14:+2 D37:-2 D47:-2
root-000029	1392	0	6.491180006326484e-07	1.089676327930045e-07	6.491180006326484e-07	9	1 1 2 0 2 1 1 2 0	V2:+2 V4:+2 V7:+2 D23:+2 D28:+2 D34:-2 D37:-2 D48:+2 D78:+2
root-000029	536	0	6.558630383270266e-07	1.0230265270011459e-07	6.558630383270266e-07	9	2 1 0 2 1 1 0 1 2	V0:+2 V3:+2 V8:+2 D02:+2 D06:+2 D23:-2 D28:-2 D36:+2 D68:-2
root-000029	551	0	6.560017426236885e-07	3.633182870537621e-09	6.560017426236885e-07	9	-2 -1 0 -1 -2 -2 -1 -1 0	V0:-2 V4:-2 V5:-2 D02:-2 D08:-2 D24:+2 D25:+2 D48:-2 D58:-2
root-000029	2195	0	6.561009476898792e-07	3.9464509743532813e-10	6.561009476898792e-07	9	0 -1 -2 -2 -1 -1 0 -1 -2	V2:-2 V3:-2 V8:-2 D02:+2 D03:+2 D08:+2 D26:-2 D36:-2 D68:+2
root-000029	958	0	6.6527421426926e-07	4.300357037901166e-09	6.6527421426926e-07	9	1 2 2 0 0 1 1 2 1	V1:+2 V2:+2 V7:+2 D13:+2 D14:+2 D23:+2 D24:+2 D37:-2 D47:-2
root-000029	445	0	6.660594870565492e-07	9.8820936213707e-10	6.660594870565492e-07	9	-2 -1 -1 -1 0 0 -2 -2 -1	V0:-2 V6:-2 V7:-2 D04:-2 D05:-2 D46:+2 D47:+2 D56:+2 D57:+2
root-000029	350	0	6.925254064580591e-07	2.3396716926578234e-07	6.925254064580591e-07	9	2 1 1 2 1 1 2 0 0	V0:+2 V3:+2 V6:+2 D07:+2 D08:+2 D37:+2 D38:+2 D67:+2 D68:+2
root-000029	1324	0	7.093817334797127e-07	4.4535121046835833e-10	7.093817334797127e-07	9	1 1 2 1 2 2 0 1 0	V2:+2 V4:+2 V5:+2 D26:+2 D28:+2 D46:+2 D48:+2 D56:+2 D58:+2
root-000029	1268	0	7.105929920119851e-07	2.010446652635735e-07	7.105929920119851e-07	9	1 1 2 2 2 0 1 1 0	V2:+2 V3:+2 V4:+2 D25:+2 D28:+2 D35:+2 D38:+2 D45:+2 D48:+2
root-000029	2280	0	7.146756772163653e-07	2.44979096583134e-09	7.146756772163653e-07	9	0 1 2 0 1 2 2 1 1	V2:+2 V5:+2 V6:+2 D02:-2 D05:-2 D06:-2 D23:+2 D35:-2 D36:-2
root-000029	1056	0	7.166978044700007e-07	3.8077558229314464e-10	7.166978044700007e-07	9	1 2 1 1 1 0 0 2 2	V1:+2 V7:+2 V8:+2 D15:+2 D16:+2 D57:-2 D58:-2 D67:-2 D68:-2
root-000029	1439	0	7.275722897380242e-07	2.1413208603074488e-07	7.275722897380242e-07	9	-1 -1 -2 0 0 -1 -1 -2 -2	V2:-2 V7:-2 V8:-2 D23:-2 D24:-2 D37:+2 D38:+2 D47:+2 D48:+2
root-000029	1440	0	7.292211210288893e-07	1.7052644598482962e-07	7.292211210288893e-07	9	1 1 2 0 0 1 1 2 2	V2:+2 V7:+2 V8:+2 D23:+2 D24:+2 D37:-2 D38:-2 D47:-2 D48:-2
root-000029	620	0	7.343991071457468e-07	3.0016659082165165e-09	7.343991071457468e-07	9	2 1 0 0 1 2 2 1 1	V0:+2 V5:+2 V6:+2 D02:+2 D03:+2 D25:-2 D26:-2 D35:-2 D36:-2
root-000029	509	0	7.396173414019169e-07	2.0067311322596507e-07	7.396173414019169e-07	9	-2 -1 -1 0 0 -1 -1 -2 -2	V0:-2 V7:-2 V8:-2 D03:-2 D04:-2 D37:+2 D38:+2 D47:+2 D48:+2
root-000029	478	0	7.42025243739852e-07	2.646206114619584e-07	7.42025243739852e-07	9	2 1 1 0 1 2 2 0 1	V0:+2 V5:+2 V6:+2 D03:+2 D07:+2 D35:-2 D36:-2 D57:+2 D67:+2
root-000029	1407	0	7.440876558562521e-07	2.572973537280162e-07	7.440876558562521e-07	9	-1 -1 -2 0 -1 -2 -2 0 -1	V2:-2 V5:-2 V6:-2 D23:-2 D27:-2 D35:+2 D36:+2 D57:-2 D67:-2
root-000029	336	0	7.546551243037841e-07	2.812183798377777e-07	7.546551243037841e-07	9	2 1 1 2 2 1 0 0 1	V0:+2 V3:+2 V4:+2 D06:+2 D07:+2 D36:+2 D37:+2 D46:+2 D47:+2
root-000029	1321	0	7.57677452557996e-07	4.4099515793270686e-08	7.57677452557996e-07	9	-1 -1 -2 -1 -2 -2 -1 0 0	V2:-2 V4:-2 V5:-2 D27:-2 D28:-2 D47:-2 D48:-2 D57:-2 D58:-2
root-000029	2282	0	7.681140057594211e-07	2.6048169892729042e-09	7.681140057594211e-07	9	0 1 2 0 1 2 1 2 1	V2:+2 V5:+2 V7:+2 D02:-2 D05:-2 D07:-2 D23:+2 D35:-2 D37:-2
root-000029	1422	0	7.697597335192653e-07	3.5911670168210584e-07	7.697597335192653e-07	9	1 1 2 0 1 1 0 2 2	V2:+2 V7:+2 V8:+2 D23:+2 D26:+2 D37:-2 D38:-2 D67:-2 D68:-2
root-000029	392	0	7.715168627884696e-07	5.6262843910506915e-08	7.715168627884696e-07	9	2 1 1 1 2 2 1 0 0	V0:+2 V4:+2 V5:+2 D07:+2 D08:+2 D47:+2 D48:+2 D57:+2 D58:+2
root-000029	1265	0	7.725947552847138e-07	2.5737570279676373e-07	7.725947552847138e-07	9	-1 -1 -2 -2 -2 -1 0 0 -1	V2:-2 V3:-2 V4:-2 D26:-2 D27:-2 D36:-2 D37:-2 D46:-2 D47:-2
root-000029	1431	0	7.728615308363449e-07	1.6327434825813342e-07	7.728615308363449e-07	9	-1 -1 -2 0 0 -2 -1 -2 -1	V2:-2 V5:-2 V7:-2 D23:-2 D24:-2 D35:+2 D37:+2 D45:+2 D47:+2
root-000029	391	0	7.771736259458634e-07	4.6086861458404013e-08	7.771736259458634e-07	9	-2 -1 -1 -1 -2 -2 -1 0 0	V0:-2 V4:-2 V5:-2 D07:-2 D08:-2 D47:-2 D48:-2 D57:-2 D58:-2
root-000029	622	0	7.784915780065272e-07	3.132471539582732e-09	7.784915780065272e-07	9	2 1 0 0 1 2 1 2 1	V0:+2 V5:+2 V7:+2 D02:+2 D03:+2 D25:-2 D27:-2 D35:-2 D37:-2
root-000029	1264	0	7.860950221285956e-07	1.573082725324933e-07	7.860950221285956e-07	9	1 1 2 2 2 1 0 1 0	V2:+2 V3:+2 V4:+2 D26:+2 D28:+2 D36:+2 D38:+2 D46:+2 D48:+2
root-000029	234	0	7.880093972236929e-07	6.04826951498275e-08	7.880093972236929e-07	9	2 1 2 1 2 1 0 1 0	V0:+2 V2:+2 V4:+2 D06:+2 D08:+2 D26:+2 D28:+2 D46:+2 D48:+2
root-000029	502	0	7.930322887233586e-07	1.640415232118536e-07	7.930322887233586e-07	9	2 1 1 0 0 2 1 2 1	V0:+2 V5:+2 V7:+2 D03:+2 D04:+2 D35:-2 D37:-2 D45:-2 D47:-2
root-000029	492	0	7.971033689086062e-07	3.7811908030242935e-07	7.971033689086062e-07	9	2 1 1 0 1 1 0 2 2	V0:+2 V7:+2 V8:+2 D03:+2 D06:+2 D37:-2 D38:-2 D67:-2 D68:-2
root-000029	1323	0	8.040015560004485e-07	1.6085652694502703e-07	8.040015560004485e-07	9	-1 -1 -2 -1 -2 -2 0 -1 0	V2:-2 V4:-2 V5:-2 D26:-2 D28:-2 D46:-2 D48:-2 D56:-2 D58:-2
root-000029	1318	0	8.073140761996598e-07	1.4531972631970797e-07	8.073140761996598e-07	9	1 1 2 2 0 0 1 2 1	V2:+2 V3:+2 V7:+2 D24:+2 D25:+2 D34:+2 D35:+2 D47:-2 D57:-2
root-000029	333	0	8.144552094242721e-07	1.7079661162927519e-07	8.144552094242721e-07	9	-2 -1 -1 -2 -2 -1 0 -1 0	V0:-2 V3:-2 V4:-2 D06:-2 D08:-2 D36:-2 D38:-2 D46:-2 D48:-2
root-000029	1430	0	8.188227149018653e-07	9.38108245161479e-08	8.188227149018653e-07	9	1 1 2 0 0 2 2 1 1	V2:+2 V5:+2 V6:+2 D23:+2 D24:+2 D35:-2 D36:-2 D45:-2 D46:-2
root-000029	1429	0	8.190394194517219e-07	9.111909761510317e-08	8.190394194517219e-07	9	-1 -1 -2 0 0 -2 -2 -1 -1	V2:-2 V5:-2 V6:-2 D23:-2 D24:-2 D35:+2 D36:+2 D45:+2 D46:+2
root-000029	965	0	8.205976604931805e-07	3.5765078584089556e-08	8.205976604931805e-07	9	-1 -2 -1 -2 -2 -1 0 0 -1	V1:-2 V3:-2 V4:-2 D16:-2 D17:-2 D36:-2 D37:-2 D46:-2 D47:-2
root-000029	327	0	8.232320838298954e-07	1.8134129450807214e-07	8.232320838298954e-07	9	-2 -1 -2 0 0 -1 -1 -2 -1	V0:-2 V2:-2 V7:-2 D03:-2 D04:-2 D23:-2 D24:-2 D37:+2 D47:+2
root-000029	338	0	8.240196263594341e-07	1.9912604706067595e-07	8.240196263594341e-07	9	2 1 1 2 2 0 1 1 0	V0:+2 V3:+2 V4:+2 D05:+2 D08:+2 D35:+2 D38:+2 D45:+2 D48:+2
root-000029	393	0	8.272068165138547e-07	1.565552889491094e-07	8.272068165138547e-07	9	-2 -1 -1 -1 -2 -2 0 -1 0	V0:-2 V4:-2 V5:-2 D06:-2 D08:-2 D46:-2 D48:-2 D56:-2 D58:-2
root-000029	425	0	8.417648032713873e-07	2.9477661513471064e-07	8.417648032713873e-07	9	-2 -1 -1 -1 -1 0 0 -2 -2	V0:-2 V7:-2 V8:-2 D05:-2 D06:-2 D57:+2 D58:+2 D67:+2 D68:+2
root-000029	72	0	8.555517569202274e-07	5.2611656649174916e-08	8.555517569202274e-07	9	2 2 1 1 1 1 0 2 0	V0:+2 V1:+2 V7:+2 D06:+2 D08:+2 D16:+2 D18:+2 D67:-2 D78:+2
root-000029	1395	0	8.58510162055898e-07	2.3691392523191482e-09	8.58510162055898e-07	9	-1 -1 -2 0 -2 -1 0 -2 -1	V2:-2 V4:-2 V7:-2 D23:-2 D26:-2 D34:+2 D37:+2 D46:-2 D67:+2
root-000029	872	0	8.704981640632116e-07	5.570315991088766e-09	8.704981640632116e-07	9	1 2 2 1 2 0 0 1 1	V1:+2 V2:+2 V4:+2 D15:+2 D16:+2 D25:+2 D26:+2 D45:+2 D46:+2
root-000029	2185	0	8.892270293456415e-07	1.4046626129970024e-09	8.892270293456415e-07	9	0 -1 -2 -2 -1 -1 -2 -1 0	V2:-2 V3:-2 V6:-2 D02:+2 D03:+2 D06:+2 D28:-2 D38:-2 D68:-2
root-000029	351	0	9.00294712756425e-07	1.773591549229556e-07	9.00294712756425e-07	9	-2 -1 -1 -2 -1 -1 0 -2 0	V0:-2 V3:-2 V7:-2 D06:-2 D08:-2 D36:-2 D38:-2 D67:+2 D78:-2
root-000029	1263	0	9.110539965520876e-07	1.2660345619151282e-07	9.110539965520876e-07	9	-1 -1 -2 -2 -2 -1 0 -1 0	V2:-2 V3:-2 V4:-2 D26:-2 D28:-2 D36:-2 D38:-2 D46:-2 D48:-2
root-000029	1140	0	9.228374487127954e-07	1.9424709824523765e-07	9.228374487127954e-07	9	1 2 1 0 0 1 1 2 2	V1:+2 V7:+2 V8:+2 D13:+2 D14:+2 D37:-2 D38:-2 D47:-2 D48:-2
root-000029	1139	0	9.229885818194081e-07	1.9403209570648657e-07	9.229885818194081e-07	9	-1 -2 -1 0 0 -1 -1 -2 -2	V1:-2 V7:-2 V8:-2 D13:-2 D14:-2 D37:+2 D38:+2 D47:+2 D48:+2
root-000029	334	0	9.371661692310457e-07	1.2732644434020624e-07	9.371661692310457e-07	9	2 1 1 2 2 1 0 1 0	V0:+2 V3:+2 V4:+2 D06:+2 D08:+2 D36:+2 D38:+2 D46:+2 D48:+2
root-000029	1145	0	9.379991953017473e-07	1.274439437609323e-07	9.379991953017473e-07	9	-1 -2 0 -2 -2 -1 0 -1 -1	V1:-2 V3:-2 V4:-2 D12:-2 D16:-2 D23:+2 D24:+2 D36:-2 D46:-2
root-000029	1780	0	9.408443251895449e-07	3.4466709552359736e-07	9.408443251895449e-07	9	1 0 2 1 0 1 1 2 2	V2:+2 V7:+2 V8:+2 D12:-2 D17:-2 D18:-2 D24:+2 D47:-2 D48:-2
root-000029	789	0	9.422810353127841e-07	3.6744109433156407e-07	9.422810353127841e-07	9	-2 0 -1 -1 0 -1 -1 -2 -2	V0:-2 V7:-2 V8:-2 D01:-2 D04:-2 D17:+2 D18:+2 D47:+2 D48:+2
root-000029	1315	0	9.464752502501826e-07	2.0714180027582398e-07	9.464752502501826e-07	9	-1 -1 -2 -2 0 0 -2 -1 -1	V2:-2 V3:-2 V6:-2 D24:-2 D25:-2 D34:-2 D35:-2 D46:+2 D56:+2
root-000029	1316	0	9.466712182993429e-07	2.074926784606515e-07	9.466712182993429e-07	9	1 1 2 2 0 0 2 1 1	V2:+2 V3:+2 V6:+2 D24:+2 D25:+2 D34:+2 D35:+2 D46:-2 D56:-2
root-000029	1704	0	9.533453897154812e-07	2.2650261750917735e-07	9.533453897154812e-07	9	1 0 2 2 1 1 0 2 1	V2:+2 V3:+2 V7:+2 D12:-2 D13:-2 D17:-2 D26:+2 D36:+2 D67:-2
root-000029	233	0	9.537381220057597e-07	5.386383612316372e-08	9.537381220057597e-07	9	-2 -1 -2 -1 -2 -1 0 -1 0	V0:-2 V2:-2 V4:-2 D06:-2 D08:-2 D26:-2 D28:-2 D46:-2 D48:-2
root-000029	394	0	9.548793822236912e-07	1.3899934736063545e-07	9.548793822236912e-07	9	2 1 1 1 2 2 0 1 0	V0:+2 V4:+2 V5:+2 D06:+2 D08:+2 D46:+2 D48:+2 D56:+2 D58:+2
root-000029	500	0	9.58910719073851e-07	7.068271239800315e-08	9.58910719073851e-07	9	2 1 1 0 0 2 2 1 1	V0:+2 V5:+2 V6:+2 D03:+2 D04:+2 D35:-2 D36:-2 D45:-2 D46:-2
root-000029	2016	0	9.59796553873519e-07	2.0194099061408332e-10	9.59796553873519e-07	9	0 2 2 0 1 1 2 1 1	V1:+2 V2:+2 V6:+2 D01:-2 D02:-2 D06:-2 D13:+2 D23:+2 D36:-2
root-000029	499	0	9.619920807185824e-07	6.782108758131017e-08	9.619920807185824e-07	9	-2 -1 -1 0 0 -2 -2 -1 -1	V0:-2 V5:-2 V6:-2 D03:-2 D04:-2 D35:+2 D36:+2 D45:+2 D46:+2
root-000029	2193	0	9.6307330943457e-07	2.294637889664648e-09	9.6307330943457e-07	9	0 -1 -2 -2 -1 -1 0 -2 -1	V2:-2 V3:-2 V7:-2 D02:+2 D03:+2 D07:+2 D26:-2 D36:-2 D67:+2
root-000029	1240	0	9.6854434807319e-07	1.3250949390036e-07	9.6854434807319e-07	9	1 2 0 1 0 1 1 2 2	V1:+2 V7:+2 V8:+2 D12:+2 D14:+2 D27:-2 D28:-2 D47:-2 D48:-2
root-000029	1266	0	9.822769700212775e-07	4.671085077394029e-07	9.822769700212775e-07	9	1 1 2 2 2 1 0 0 1	V2:+2 V3:+2 V4:+2 D26:+2 D27:+2 D36:+2 D37:+2 D46:+2 D47:+2
root-000029	385	0	9.831385082874037e-07	1.871393361643753e-07	9.831385082874037e-07	9	-2 -1 -1 -2 0 0 -2 -1 -1	V0:-2 V3:-2 V6:-2 D04:-2 D05:-2 D34:-2 D35:-2 D46:+2 D56:+2
root-000029	249	0	1.0291281657648661e-06	4.4624282298548114e-07	1.0291281657648661e-06	9	-2 -1 -2 -1 -1 -1 -2 0 0	V0:-2 V2:-2 V6:-2 D07:-2 D08:-2 D27:-2 D28:-2 D67:-2 D68:-2
root-000029	1330	0	1.0521868789509282e-06	2.6707587382686537e-09	1.0521868789509282e-06	9	1 1 2 1 2 1 0 2 0	V2:+2 V4:+2 V7:+2 D26:+2 D28:+2 D46:+2 D48:+2 D67:-2 D78:+2
root-000029	415	0	1.0813793242474805e-06	4.397537062378603e-07	1.0813793242474805e-06	9	-2 -1 -1 -1 -1 -2 -2 0 0	V0:-2 V5:-2 V6:-2 D07:-2 D08:-2 D57:-2 D58:-2 D67:-2 D68:-2
root-000029	1346	0	1.082343318109416e-06	4.2510331226907305e-07	1.082343318109416e-06	9	1 1 2 1 1 2 2 0 0	V2:+2 V5:+2 V6:+2 D27:+2 D28:+2 D57:+2 D58:+2 D67:+2 D68:+2
root-000029	1390	0	1.1242852211709864e-06	4.3356043552256106e-07	1.1242852211709864e-06	9	1 1 2 0 2 1 2 0 1	V2:+2 V4:+2 V6:+2 D23:+2 D27:+2 D34:-2 D36:-2 D47:+2 D67:+2
root-000029	1377	0	1.1330338933255808e-06	3.458512492557026e-07	1.1330338933255808e-06	9	-1 -1 -2 -1 0 0 -2 -1 -2	V2:-2 V6:-2 V8:-2 D24:-2 D25:-2 D46:+2 D48:+2 D56:+2 D58:+2
root-000029	1239	0	1.1700749210512142e-06	6.486345253756188e-11	1.1700749210512142e-06	9	-1 -2 0 -1 0 -1 -1 -2 -2	V1:-2 V7:-2 V8:-2 D12:-2 D14:-2 D27:+2 D28:+2 D47:+2 D48:+2
root-000029	739	0	1.1715550731524328e-06	5.074483720821856e-07	1.1715550731524328e-06	9	-2 0 -1 -1 -2 -1 -2 0 -1	V0:-2 V4:-2 V6:-2 D01:-2 D07:-2 D14:+2 D16:+2 D47:-2 D67:-2
root-000029	507	0	1.172198746299471e-06	3.5021319874026044e-07	1.172198746299471e-06	9	-2 -1 -1 0 0 -1 -2 -1 -2	V0:-2 V6:-2 V8:-2 D03:-2 D04:-2 D36:+2 D38:+2 D46:+2 D48:+2
root-000029	70	0	1.1796067511876264e-06	2.357629396167167e-07	1.1796067511876264e-06	9	2 2 1 1 1 1 2 0 0	V0:+2 V1:+2 V6:+2 D07:+2 D08:+2 D17:+2 D18:+2 D67:+2 D68:+2
root-000029	902	0	1.1846761338862866e-06	1.1582071551018492e-07	1.1846761338862866e-06	9	1 2 2 1 0 2 0 1 1	V1:+2 V2:+2 V5:+2 D14:+2 D16:+2 D24:+2 D26:+2 D45:-2 D56:+2
root-000029	880	0	1.1918693798514777e-06	4.1203428043070897e-08	1.1918693798514777e-06	9	1 2 2 1 1 1 2 0 0	V1:+2 V2:+2 V6:+2 D17:+2 D18:+2 D27:+2 D28:+2 D67:+2 D68:+2
root-000029	1203	0	1.2007497961555313e-06	1.0733154067059951e-07	1.2007497961555313e-06	9	-1 -2 0 -1 -2 0 -1 -1 -2	V1:-2 V4:-2 V8:-2 D12:-2 D15:-2 D24:+2 D28:+2 D45:-2 D58:+2
root-000029	1435	0	1.23924634740341e-06	2.688338418706497e-07	1.23924634740341e-06	9	-1 -1 -2 0 0 -1 -2 -2 -1	V2:-2 V6:-2 V7:-2 D23:-2 D24:-2 D36:+2 D37:+2 D46:+2 D47:+2
root-000029	2119	0	1.2789726719237822e-06	3.730905633191049e-07	1.2789726719237822e-06	9	0 -2 -1 -1 0 -1 -1 -2 -2	V1:-2 V7:-2 V8:-2 D01:+2 D07:+2 D08:+2 D14:-2 D47:+2 D48:+2
root-000029	1327	0	1.2916939927661456e-06	4.765853353196302e-07	1.2916939927661456e-06	9	-1 -1 -2 -1 -2 -1 -2 0 0	V2:-2 V4:-2 V6:-2 D27:-2 D28:-2 D47:-2 D48:-2 D67:-2 D68:-2
root-000029	1736	0	1.3269266383007935e-06	4.084230505651169e-09	1.3269266383007935e-06	9	1 0 2 1 2 1 0 2 1	V2:+2 V4:+2 V7:+2 D12:-2 D14:-2 D17:-2 D26:+2 D46:+2 D67:-2
root-000029	1226	0	1.3605054961299268e-06	1.0691078732652238e-07	1.3605054961299268e-06	9	1 2 0 1 1 0 2 1 2	V1:+2 V6:+2 V8:+2 D12:+2 D15:+2 D26:-2 D28:-2 D56:-2 D58:-2
root-000029	788	0	1.3816487992732098e-06	1.3454936996096654e-07	1.3816487992732098e-06	9	2 0 1 1 0 1 2 1 2	V0:+2 V6:+2 V8:+2 D01:+2 D04:+2 D16:-2 D18:-2 D46:-2 D48:-2
root-000029	515	0	1.382264620317996e-06	1.6187265409385855e-07	1.382264620317996e-06	9	-2 -1 0 -2 -2 -1 0 -1 -1	V0:-2 V3:-2 V4:-2 D02:-2 D06:-2 D23:+2 D24:+2 D36:-2 D46:-2
root-000029	2175	0	1.4880790879571204e-06	6.55241482711514e-08	1.4880790879571204e-06	9	0 -1 -2 -2 -2 -1 0 -1 -1	V2:-2 V3:-2 V4:-2 D02:+2 D03:+2 D04:+2 D26:-2 D36:-2 D46:-2
root-000029	1698	0	1.5103920342073474e-06	5.431701825975154e-07	1.5103920342073474e-06	9	1 0 2 2 1 1 2 0 1	V2:+2 V3:+2 V6:+2 D12:-2 D13:-2 D16:-2 D27:+2 D37:+2 D67:+2
root-000029	708	0	1.5159356601657215e-06	5.871776347924128e-07	1.5159356601657215e-06	9	2 0 1 2 1 1 2 0 1	V0:+2 V3:+2 V6:+2 D01:+2 D07:+2 D13:-2 D16:-2 D37:+2 D67:+2
root-000029	2249	0	1.524340547454095e-06	9.770789466767456e-09	1.524340547454095e-06	9	0 -1 -2 -1 -1 -1 -2 0 -2	V2:-2 V6:-2 V8:-2 D02:+2 D06:+2 D08:+2 D27:-2 D67:-2 D78:+2
root-000029	1288	0	1.6103072951834465e-06	5.195231841780588e-07	1.6103072951834465e-06	9	1 1 2 2 1 0 2 0 1	V2:+2 V3:+2 V6:+2 D25:+2 D27:+2 D35:+2 D37:+2 D56:-2 D67:+2
root-000029	1287	0	1.6103723056261408e-06	5.185635147624503e-07	1.6103723056261408e-06	9	-1 -1 -2 -2 -1 0 -2 0 -1	V2:-2 V3:-2 V6:-2 D25:-2 D27:-2 D35:-2 D37:-2 D56:+2 D67:-2
root-000029	357	0	1.6164949230958257e-06	5.314863238020783e-07	1.6164949230958257e-06	9	-2 -1 -1 -2 -1 0 -2 0 -1	V0:-2 V3:-2 V6:-2 D05:-2 D07:-2 D35:-2 D37:-2 D56:+2 D67:-2
root-000029	358	0	1.6168910110814238e-06	5.262022937626198e-07	1.6168910110814238e-06	9	2 1 1 2 1 0 2 0 1	V0:+2 V3:+2 V6:+2 D05:+2 D07:+2 D35:+2 D37:+2 D56:-2 D67:+2
root-000029	1280	0	1.6510131920547636e-06	6.178560142184411e-07	1.6510131920547636e-06	9	1 1 2 2 1 1 2 0 0	V2:+2 V3:+2 V6:+2 D27:+2 D28:+2 D37:+2 D38:+2 D67:+2 D68:+2
root-000029	1279	0	1.651258022479198e-06	6.163795281542358e-07	1.651258022479198e-06	9	-1 -1 -2 -2 -1 -1 -2 0 0	V2:-2 V3:-2 V6:-2 D27:-2 D28:-2 D37:-2 D38:-2 D67:-2 D68:-2
root-000029	465	0	1.7693262454675643e-06	5.0793209568717966e-08	1.7693262454675643e-06	9	-2 -1 -1 0 -2 -1 0 -2 -1	V0:-2 V4:-2 V7:-2 D03:-2 D06:-2 D34:+2 D37:+2 D46:-2 D67:+2
root-000029	400	0	1.7713366556286289e-06	6.772743946538543e-08	1.7713366556286289e-06	9	2 1 1 1 2 1 0 2 0	V0:+2 V4:+2 V7:+2 D06:+2 D08:+2 D46:+2 D48:+2 D67:-2 D78:+2
root-000029	399	0	1.7713463429422412e-06	6.77129665669201e-08	1.7713463429422412e-06	9	-2 -1 -1 -1 -2 -1 0 -2 0	V0:-2 V4:-2 V7:-2 D06:-2 D08:-2 D46:-2 D48:-2 D67:+2 D78:-2
root-000029	1341	0	1.7931431082331085e-06	1.6020336064874786e-07	1.7931431082331085e-06	9	-1 -1 -2 -1 -2 0 0 -2 -1	V2:-2 V4:-2 V7:-2 D25:-2 D26:-2 D45:-2 D46:-2 D57:+2 D67:+2
root-000029	442	0	1.7955604208958104e-06	1.590622298139193e-08	1.7955604208958104e-06	9	2 1 1 1 0 1 2 0 2	V0:+2 V6:+2 V8:+2 D04:+2 D07:+2 D46:-2 D48:-2 D67:+2 D78:-2
root-000029	578	0	1.8004294641826846e-06	4.668274183150713e-08	1.8004294641826846e-06	9	2 1 0 1 1 2 2 0 1	V0:+2 V5:+2 V6:+2 D02:+2 D07:+2 D25:-2 D26:-2 D57:+2 D67:+2
root-000029	2194	0	1.8257106068156782e-06	3.457842498011743e-08	1.8257106068156782e-06	9	0 1 2 2 1 1 0 2 1	V2:+2 V3:+2 V7:+2 D02:-2 D03:-2 D07:-2 D26:+2 D36:+2 D67:-2
root-000029	2108	0	1.8480087163874614e-06	1.1554285437450112e-07	1.8480087163874614e-06	9	0 2 1 1 1 0 1 2 2	V1:+2 V7:+2 V8:+2 D01:-2 D07:-2 D08:-2 D15:+2 D57:-2 D58:-2
root-000029	2219	0	1.968509247202131e-06	7.414917794207967e-09	1.968509247202131e-06	9	0 -1 -2 -1 -2 -1 -2 0 -1	V2:-2 V4:-2 V6:-2 D02:+2 D04:+2 D06:+2 D27:-2 D47:-2 D67:-2
root-000029	877	0	1.9892020735046145e-06	3.3846701017119885e-07	1.9892020735046145e-06	9	-1 -2 -2 -1 -1 -2 0 0 -1	V1:-2 V2:-2 V5:-2 D16:-2 D17:-2 D26:-2 D27:-2 D56:-2 D57:-2
root-000029	426	0	2.071355955225003e-06	2.5416754211753793e-07	2.071355955225003e-06	9	2 1 1 1 1 0 0 2 2	V0:+2 V7:+2 V8:+2 D05:+2 D06:+2 D57:-2 D58:-2 D67:-2 D68:-2
root-000029	2102	0	2.0787063033773843e-06	9.402583566363004e-09	2.0787063033773843e-06	9	0 2 1 1 1 1 0 2 2	V1:+2 V7:+2 V8:+2 D01:-2 D07:-2 D08:-2 D16:+2 D67:-2 D68:-2
root-000029	2251	0	2.1363960948931463e-06	3.497994285358567e-08	2.1363960948931463e-06	9	0 -1 -2 -1 -1 -1 0 -2 -2	V2:-2 V7:-2 V8:-2 D02:+2 D07:+2 D08:+2 D26:-2 D67:+2 D68:+2
root-000029	1356	0	2.1494970219995645e-06	2.5163987170569513e-07	2.1494970219995645e-06	9	1 1 2 1 1 0 0 2 2	V2:+2 V7:+2 V8:+2 D25:+2 D26:+2 D57:-2 D58:-2 D67:-2 D68:-2
root-000029	1223	0	2.1561048924034765e-06	2.810580003951111e-07	2.1561048924034765e-06	9	-1 -2 0 -1 -1 0 -2 -2 -1	V1:-2 V6:-2 V7:-2 D12:-2 D15:-2 D26:+2 D27:+2 D56:+2 D57:+2
root-000029	2103	0	2.157643360867212e-06	2.8565723292366105e-07	2.157643360867212e-06	9	0 -2 -1 -1 -1 0 -2 -2 -1	V1:-2 V6:-2 V7:-2 D01:+2 D06:+2 D07:+2 D15:-2 D56:+2 D57:+2
root-000029	740	0	2.171055904670643e-06	3.583647610713503e-07	2.171055904670643e-06	9	2 0 1 1 2 1 2 0 1	V0:+2 V4:+2 V6:+2 D01:+2 D07:+2 D14:-2 D16:-2 D47:+2 D67:+2
root-000029	874	0	2.2014178732154832e-06	2.869413392699368e-07	2.2014178732154832e-06	9	1 2 2 1 1 2 1 0 0	V1:+2 V2:+2 V5:+2 D17:+2 D18:+2 D27:+2 D28:+2 D57:+2 D58:+2
root-000029	436	0	2.2772399906792412e-06	3.7390466979086363e-07	2.2772399906792412e-06	9	2 1 1 1 0 2 0 2 1	V0:+2 V5:+2 V7:+2 D04:+2 D06:+2 D45:-2 D47:-2 D56:+2 D67:-2
root-000029	609	0	2.2894745604239738e-06	6.870457705967462e-08	2.2894745604239738e-06	9	-2 -1 0 -1 0 -1 -1 -2 -2	V0:-2 V7:-2 V8:-2 D02:-2 D04:-2 D27:+2 D28:+2 D47:+2 D48:+2
root-000029	2082	0	2.3169898061281557e-06	2.1333224247057328e-07	2.3169898061281557e-06	9	0 2 1 1 2 0 1 2 1	V1:+2 V4:+2 V7:+2 D01:-2 D04:-2 D07:-2 D15:+2 D45:+2 D57:-2
root-000029	2107	0	2.350240155046812e-06	1.9361320644347589e-07	2.350240155046812e-06	9	0 -2 -1 -1 -1 0 -1 -2 -2	V1:-2 V7:-2 V8:-2 D01:+2 D07:+2 D08:+2 D15:-2 D57:+2 D58:+2
root-000029	2207	0	2.365413610436109e-06	2.6888668378379435e-09	2.365413610436109e-06	9	0 -1 -2 -2 0 -1 -1 -2 -1	V2:-2 V3:-2 V7:-2 D02:+2 D03:+2 D07:+2 D24:-2 D34:-2 D47:+2
root-000029	1227	0	2.373254104681699e-06	2.0023030321915355e-07	2.373254104681699e-06	9	-1 -2 0 -1 -1 0 -1 -2 -2	V1:-2 V7:-2 V8:-2 D12:-2 D15:-2 D27:+2 D28:+2 D57:+2 D58:+2
root-000029	2208	0	2.399348641057395e-06	2.7289353610302715e-09	2.399348641057395e-06	9	0 1 2 2 0 1 1 2 1	V2:+2 V3:+2 V7:+2 D02:-2 D03:-2 D07:-2 D24:+2 D34:+2 D47:-2
root-000029	1777	0	2.399660797863031e-06	4.680140798834709e-07	2.399660797863031e-06	9	-1 0 -2 -1 0 -1 -2 -1 -2	V2:-2 V6:-2 V8:-2 D12:+2 D16:+2 D18:+2 D24:-2 D46:+2 D48:+2
root-000029	448	0	2.437461598158389e-06	3.837952838563198e-07	2.437461598158389e-06	9	2 1 1 1 0 0 2 1 2	V0:+2 V6:+2 V8:+2 D04:+2 D05:+2 D46:-2 D48:-2 D56:-2 D58:-2
root-000029	787	0	2.4610519653915733e-06	5.047159252618897e-07	2.4610519653915733e-06	9	-2 0 -1 -1 0 -1 -2 -1 -2	V0:-2 V6:-2 V8:-2 D01:-2 D04:-2 D16:+2 D18:+2 D46:+2 D48:+2
root-000029	2191	0	2.5201491346954136e-06	7.338823867058534e-09	2.5201491346954136e-06	9	0 -1 -2 -2 -1 -1 -1 0 -2	V2:-2 V3:-2 V8:-2 D02:+2 D03:+2 D08:+2 D27:-2 D37:-2 D78:+2
root-000029	610	0	2.6138331908605878e-06	6.562463130105001e-07	2.6138331908605878e-06	9	2 1 0 1 0 1 1 2 2	V0:+2 V7:+2 V8:+2 D02:+2 D04:+2 D27:-2 D28:-2 D47:-2 D48:-2
root-000029	2252	0	2.6319461830464086e-06	2.514028327270869e-08	2.6319461830464086e-06	9	0 1 2 1 1 1 0 2 2	V2:+2 V7:+2 V8:+2 D02:-2 D07:-2 D08:-2 D26:+2 D67:-2 D68:-2
root-000029	1987	0	2.6390954560775707e-06	4.518587433515043e-09	2.6390954560775707e-06	9	0 -2 -2 -1 -1 -1 -2 0 -1	V1:-2 V2:-2 V6:-2 D01:+2 D02:+2 D06:+2 D17:-2 D27:-2 D67:-2
root-000029	1988	0	2.639743386235563e-06	4.520895486987574e-09	2.639743386235563e-06	9	0 2 2 1 1 1 2 0 1	V1:+2 V2:+2 V6:+2 D01:-2 D02:-2 D06:-2 D17:+2 D27:+2 D67:+2
root-000029	577	0	2.6680786395511284e-06	2.9843197921436902e-09	2.6680786395511284e-06	9	-2 -1 0 -1 -1 -2 -2 0 -1	V0:-2 V5:-2 V6:-2 D02:-2 D07:-2 D25:+2 D26:+2 D57:-2 D67:-2
root-000029	2218	0	2.7160363137308952e-06	2.5382228201734516e-09	2.7160363137308952e-06	9	0 1 2 1 2 1 2 1 0	V2:+2 V4:+2 V6:+2 D02:-2 D04:-2 D06:-2 D28:+2 D48:+2 D68:+2
root-000029	560	0	2.7234716740831988e-06	2.9785354869733175e-09	2.7234716740831988e-06	9	2 1 0 1 2 1 2 0 1	V0:+2 V4:+2 V6:+2 D02:+2 D07:+2 D24:-2 D26:-2 D47:+2 D67:+2
root-000029	2164	0	2.8299052682312364e-06	1.9094072704813724e-06	2.8299052682312364e-06	9	0 2 0 1 1 2 1 1 2	V1:+2 V5:+2 V8:+2 D01:-2 D05:-2 D08:-2 D12:+2 D25:-2 D28:-2
root-000029	2269	0	2.917124033731754e-06	1.4113373191826943e-09	2.917124033731754e-06	9	0 -1 -2 -1 0 -1 -1 -2 -2	V2:-2 V7:-2 V8:-2 D02:+2 D07:+2 D08:+2 D24:-2 D47:+2 D48:+2
root-000029	864	0	3.049282342236409e-06	1.1542479773308189e-06	3.049282342236409e-06	9	1 2 2 1 2 1 0 1 0	V1:+2 V2:+2 V4:+2 D16:+2 D18:+2 D26:+2 D28:+2 D46:+2 D48:+2
root-000029	2037	0	3.212386066796315e-06	2.0899088324211078e-07	3.212386066796315e-06	9	0 -2 -1 -2 -1 -1 -2 0 -1	V1:-2 V3:-2 V6:-2 D01:+2 D03:+2 D06:+2 D17:-2 D37:-2 D67:-2
root-000029	1421	0	3.79256690486812e-06	2.676995356149315e-09	3.79256690486812e-06	9	-1 -1 -2 0 -1 -1 0 -2 -2	V2:-2 V7:-2 V8:-2 D23:-2 D26:-2 D37:+2 D38:+2 D67:+2 D68:+2
root-000029	1328	0	3.981995872659356e-06	1.3275230880481626e-06	3.981995872659356e-06	9	1 1 2 1 2 1 2 0 0	V2:+2 V4:+2 V6:+2 D27:+2 D28:+2 D47:+2 D48:+2 D67:+2 D68:+2
root-000029	527	0	4.02348665267192e-06	3.0282377741280855e-09	4.02348665267192e-06	9	-2 -1 0 -2 -1 -1 -2 0 -1	V0:-2 V3:-2 V6:-2 D02:-2 D07:-2 D23:+2 D26:+2 D37:-2 D67:-2
root-000029	528	0	4.025692832287529e-06	3.02693140866858e-09	4.025692832287529e-06	9	2 1 0 2 1 1 2 0 1	V0:+2 V3:+2 V6:+2 D02:+2 D07:+2 D23:-2 D26:-2 D37:+2 D67:+2
root-000029	398	0	4.050286545238238e-06	1.353019295799468e-06	4.050286545238238e-06	9	2 1 1 1 2 1 2 0 0	V0:+2 V4:+2 V6:+2 D07:+2 D08:+2 D47:+2 D48:+2 D67:+2 D68:+2
root-000029	2267	0	4.374040663691267e-06	2.3464956749513117e-09	4.374040663691267e-06	9	0 -1 -2 -1 0 -1 -2 -1 -2	V2:-2 V6:-2 V8:-2 D02:+2 D06:+2 D08:+2 D24:-2 D46:+2 D48:+2
root-000029	1225	0	4.389132596149814e-06	3.2084301041280345e-06	4.389132596149814e-06	9	-1 -2 0 -1 -1 0 -2 -1 -2	V1:-2 V6:-2 V8:-2 D12:-2 D15:-2 D26:+2 D28:+2 D56:+2 D58:+2
root-000029	483	0	4.5060464774428395e-06	1.261866080274308e-06	4.5060464774428395e-06	9	-2 -1 -1 0 -1 -2 0 -2 -1	V0:-2 V5:-2 V7:-2 D03:-2 D06:-2 D35:+2 D37:+2 D56:-2 D67:+2
root-000029	1238	0	4.570966372531128e-06	6.087522368971944e-10	4.570966372531128e-06	9	1 2 0 1 0 1 2 1 2	V1:+2 V6:+2 V8:+2 D12:+2 D14:+2 D26:-2 D28:-2 D46:-2 D48:-2
root-000029	1174	0	4.573951133918924e-06	3.405297775770352e-06	4.573951133918924e-06	9	1 2 0 2 0 2 1 1 1	V1:+2 V3:+2 V5:+2 D12:+2 D14:+2 D23:-2 D25:-2 D34:+2 D45:-2
root-000029	854	0	5.284840792374457e-06	2.675325485597857e-07	5.284840792374457e-06	9	1 2 2 2 0 1 1 1 0	V1:+2 V2:+2 V3:+2 D14:+2 D18:+2 D24:+2 D28:+2 D34:+2 D38:+2
root-000029	1360	0	5.385112594922376e-06	1.5718136707917706e-06	5.385112594922376e-06	9	1 1 2 1 0 2 2 0 1	V2:+2 V5:+2 V6:+2 D24:+2 D27:+2 D45:-2 D46:-2 D57:+2 D67:+2
root-000029	430	0	5.4594112948006734e-06	1.5943402638073446e-06	5.4594112948006734e-06	9	2 1 1 1 0 2 2 0 1	V0:+2 V5:+2 V6:+2 D04:+2 D07:+2 D45:-2 D46:-2 D57:+2 D67:+2
root-000029	429	0	5.459446326076026e-06	1.6037640263093383e-06	5.459446326076026e-06	9	-2 -1 -1 -1 0 -2 -2 0 -1	V0:-2 V5:-2 V6:-2 D04:-2 D07:-2 D45:+2 D46:+2 D57:-2 D67:-2
root-000029	2128	0	5.520641989061048e-06	4.054742460110489e-07	5.520641989061048e-06	9	0 2 1 0 2 1 1 1 2	V1:+2 V4:+2 V8:+2 D01:-2 D04:-2 D08:-2 D13:+2 D34:-2 D38:-2
root-000029	1173	0	5.994033530833109e-06	1.0874345094309707e-06	5.994033530833109e-06	9	-1 -2 0 -2 0 -2 -1 -1 -1	V1:-2 V3:-2 V5:-2 D12:-2 D14:-2 D23:+2 D25:+2 D34:-2 D45:+2
root-000029	2053	0	5.996720164616609e-06	1.093948557321427e-06	5.996720164616609e-06	9	0 -2 -1 -2 0 -2 -1 -1 -1	V1:-2 V3:-2 V5:-2 D01:+2 D03:+2 D05:+2 D14:-2 D34:-2 D45:+2
root-000029	905	0	6.099613519298818e-06	1.066849174740162e-06	6.099613519298818e-06	9	-1 -2 -2 -1 0 -1 -2 0 -1	V1:-2 V2:-2 V6:-2 D14:-2 D17:-2 D24:-2 D27:-2 D46:+2 D67:-2
root-000029	906	0	6.0996272724611364e-06	1.066769507568165e-06	6.0996272724611364e-06	9	1 2 2 1 0 1 2 0 1	V1:+2 V2:+2 V6:+2 D14:+2 D17:+2 D24:+2 D27:+2 D46:-2 D67:+2
root-000029	2226	0	6.362303396939327e-06	2.640951349633983e-09	6.362303396939327e-06	9	0 1 2 1 2 1 0 2 1	V2:+2 V4:+2 V7:+2 D02:-2 D04:-2 D07:-2 D26:+2 D46:+2 D67:-2
root-000029	565	0	6.683631233284627e-06	2.9338723964512565e-09	6.683631233284627e-06	9	-2 -1 0 -1 -2 -1 0 -2 -1	V0:-2 V4:-2 V7:-2 D02:-2 D06:-2 D24:+2 D27:+2 D46:-2 D67:+2
root-000029	1195	0	6.875841156346769e-06	3.4532481068537043e-09	6.875841156346769e-06	9	-1 -2 0 -1 -2 -1 0 -2 -1	V1:-2 V4:-2 V7:-2 D12:-2 D16:-2 D24:+2 D27:+2 D46:-2 D67:+2
root-000029	1169	0	7.234739813705149e-06	5.666372183218708e-07	7.234739813705149e-06	9	-1 -2 0 -2 -1 0 -1 -2 -1	V1:-2 V3:-2 V7:-2 D12:-2 D15:-2 D23:+2 D27:+2 D35:-2 D57:+2
root-000029	2052	0	7.422498231865471e-06	4.850438786526506e-07	7.422498231865471e-06	9	0 2 1 2 1 0 1 1 2	V1:+2 V3:+2 V8:+2 D01:-2 D03:-2 D08:-2 D15:+2 D35:+2 D58:-2
root-000029	858	0	8.881613075217842e-06	9.394554617245682e-07	8.881613075217842e-06	9	1 2 2 2 0 1 0 1 1	V1:+2 V2:+2 V3:+2 D14:+2 D16:+2 D24:+2 D26:+2 D34:+2 D36:+2
root-000029	1168	0	9.04163450815565e-06	4.610349997981095e-07	9.04163450815565e-06	9	1 2 0 2 1 0 2 1 1	V1:+2 V3:+2 V6:+2 D12:+2 D15:+2 D23:-2 D26:-2 D35:+2 D56:-2
root-000029	947	0	9.743144457785569e-06	8.949668078874136e-07	9.743144457785569e-06	9	-1 -2 -2 0 -1 0 -2 -1 -1	V1:-2 V2:-2 V6:-2 D13:-2 D15:-2 D23:-2 D25:-2 D36:+2 D56:+2
root-000029	1243	0	9.837554397873483e-06	1.831689650024566e-06	9.837554397873483e-06	9	-1 -2 0 0 -2 -1 -2 -1 -1	V1:-2 V4:-2 V6:-2 D12:-2 D13:-2 D24:+2 D26:+2 D34:+2 D36:+2
root-000029	1125	0	9.97433159322103e-06	7.457982076389131e-07	9.97433159322103e-06	9	-1 -2 -1 0 -1 0 -2 -1 -2	V1:-2 V6:-2 V8:-2 D13:-2 D15:-2 D36:+2 D38:+2 D56:+2 D58:+2
root-000029	2138	0	1.0120951142833512e-05	1.6680044160389579e-06	1.0120951142833512e-05	9	0 2 1 0 1 1 2 1 2	V1:+2 V6:+2 V8:+2 D01:-2 D06:-2 D08:-2 D13:+2 D36:-2 D38:-2
root-000029	932	0	1.125078498365184e-05	1.1332736009820311e-06	1.125078498365184e-05	9	1 2 2 0 1 2 1 0 1	V1:+2 V2:+2 V5:+2 D13:+2 D17:+2 D23:+2 D27:+2 D35:-2 D57:+2
root-000029	1114	0	1.1520148577330416e-05	1.1520148577330416e-05	5.266858256933052e-06	9	1 2 1 0 1 2 0 2 1	V1:+2 V5:+2 V7:+2 D13:+2 D16:+2 D35:-2 D37:-2 D56:+2 D67:-2
root-000029	847	0	1.178398223511401e-05	1.085921058101698e-06	1.178398223511401e-05	9	-1 -2 -2 -2 -1 0 -1 -1 0	V1:-2 V2:-2 V3:-2 D15:-2 D18:-2 D25:-2 D28:-2 D35:-2 D38:-2
root-000029	2034	0	1.1943549896309413e-05	4.491340485723865e-06	1.1943549896309413e-05	9	0 2 1 2 1 2 0 1 1	V1:+2 V3:+2 V5:+2 D01:-2 D03:-2 D05:-2 D16:+2 D36:+2 D56:+2
root-000029	2049	0	1.2011335299599857e-05	7.741415988672926e-07	1.2011335299599857e-05	9	0 -2 -1 -2 -1 0 -1 -2 -1	V1:-2 V3:-2 V7:-2 D01:+2 D03:+2 D07:+2 D15:-2 D35:-2 D57:+2
root-000029	2050	0	1.2013123280918414e-05	7.7528563193458e-07	1.2013123280918414e-05	9	0 2 1 2 1 0 1 2 1	V1:+2 V3:+2 V7:+2 D01:-2 D03:-2 D07:-2 D15:+2 D35:+2 D57:-2
root-000029	976	0	1.2318243614362068e-05	4.619738238374961e-06	1.2318243614362068e-05	9	1 2 1 2 1 2 0 1 0	V1:+2 V3:+2 V5:+2 D16:+2 D18:+2 D36:+2 D38:+2 D56:+2 D58:+2
root-000029	2129	0	1.2800311898319983e-05	1.528802485624451e-06	1.2800311898319983e-05	9	0 -2 -1 0 -1 -2 -2 -1 -1	V1:-2 V5:-2 V6:-2 D01:+2 D05:+2 D06:+2 D13:-2 D35:+2 D36:+2
root-000029	1209	0	1.3529095646128142e-05	1.1298587432307048e-06	1.3529095646128142e-05	9	-1 -2 0 -1 -1 -2 -1 -2 0	V1:-2 V5:-2 V7:-2 D12:-2 D18:-2 D25:+2 D27:+2 D58:-2 D78:-2
root-000029	941	0	1.3766558837551013e-05	7.53304049981777e-07	1.3766558837551013e-05	9	-1 -2 -2 0 -1 -1 -1 0 -2	V1:-2 V2:-2 V8:-2 D13:-2 D17:-2 D23:-2 D27:-2 D38:+2 D78:+2
root-000029	1112	0	1.3905318807183598e-05	2.9111862731212293e-06	1.3905318807183598e-05	9	1 2 1 0 1 2 1 0 2	V1:+2 V5:+2 V8:+2 D13:+2 D17:+2 D35:-2 D38:-2 D57:+2 D78:-2
root-000029	891	0	1.4124042525744118e-05	7.513225464923906e-07	1.4124042525744118e-05	9	-1 -2 -2 -1 -1 0 -1 0 -2	V1:-2 V2:-2 V8:-2 D15:-2 D17:-2 D25:-2 D27:-2 D58:+2 D78:+2
root-000029	1211	0	1.4471828448346657e-05	1.0301086481556899e-06	1.4471828448346657e-05	9	-1 -2 0 -1 -1 -2 -1 0 -2	V1:-2 V5:-2 V8:-2 D12:-2 D17:-2 D25:+2 D28:+2 D57:-2 D78:+2
root-000029	513	0	1.4862308675783753e-05	2.078043665167466e-06	1.4862308675783753e-05	9	-2 -1 0 -2 -2 -1 -1 0 -1	V0:-2 V3:-2 V4:-2 D02:-2 D07:-2 D23:+2 D24:+2 D37:-2 D47:-2
root-000029	2135	0	1.5411667573128618e-05	4.0932485852000095e-06	1.5411667573128618e-05	9	0 -2 -1 0 -1 -1 -2 -2 -1	V1:-2 V6:-2 V7:-2 D01:+2 D06:+2 D07:+2 D13:-2 D36:+2 D37:+2
root-000029	1256	0	1.542932174714018e-05	4.024402618067285e-06	1.542932174714018e-05	9	1 2 0 0 1 1 2 2 1	V1:+2 V6:+2 V7:+2 D12:+2 D13:+2 D26:-2 D27:-2 D36:-2 D37:-2
root-000029	2182	0	1.560067005096366e-05	3.113458544298549e-06	1.560067005096366e-05	9	0 1 2 2 1 2 1 0 1	V2:+2 V3:+2 V5:+2 D02:-2 D03:-2 D05:-2 D27:+2 D37:+2 D57:+2
root-000029	1152	0	1.6047278840303214e-05	1.549639867662746e-06	1.6047278840303214e-05	9	1 2 0 2 1 2 1 0 1	V1:+2 V3:+2 V5:+2 D12:+2 D17:+2 D23:-2 D25:-2 D37:+2 D57:+2
root-000029	2031	0	1.606293116473978e-05	1.6210691634017463e-06	1.606293116473978e-05	9	0 -2 -1 -2 -1 -2 -1 0 -1	V1:-2 V3:-2 V5:-2 D01:+2 D03:+2 D05:+2 D17:-2 D37:-2 D57:-2
root-000029	2125	0	1.617712613388722e-05	4.533547654689276e-06	1.617712613388722e-05	9	0 -2 -1 0 -2 -1 -1 -2 -1	V1:-2 V4:-2 V7:-2 D01:+2 D04:+2 D07:+2 D13:-2 D34:+2 D37:+2
root-000029	1246	0	1.6354054947320673e-05	4.3569464188562395e-06	1.6354054947320673e-05	9	1 2 0 0 2 1 1 2 1	V1:+2 V4:+2 V7:+2 D12:+2 D13:+2 D24:-2 D27:-2 D34:-2 D37:-2
root-000029	939	0	1.6368492826435155e-05	4.163666979039278e-06	1.6368492826435155e-05	9	-1 -2 -2 0 -1 -1 -1 -2 0	V1:-2 V2:-2 V7:-2 D13:-2 D18:-2 D23:-2 D28:-2 D37:+2 D78:-2
root-000029	1245	0	1.638626871292015e-05	4.33821977567678e-06	1.638626871292015e-05	9	-1 -2 0 0 -2 -1 -1 -2 -1	V1:-2 V4:-2 V7:-2 D12:-2 D13:-2 D24:+2 D27:+2 D34:+2 D37:+2
root-000029	2173	0	1.730972287309479e-05	5.111795415554467e-06	1.730972287309479e-05	9	0 -1 -2 -2 -2 -1 -1 0 -1	V2:-2 V3:-2 V4:-2 D02:+2 D03:+2 D04:+2 D27:-2 D37:-2 D47:-2
root-000029	949	0	1.754436985307306e-05	3.3634369840979473e-06	1.754436985307306e-05	9	-1 -2 -2 0 -1 0 -1 -2 -1	V1:-2 V2:-2 V7:-2 D13:-2 D15:-2 D23:-2 D25:-2 D37:+2 D57:+2
root-000029	950	0	1.754486481808648e-05	3.3608769571779316e-06	1.754486481808648e-05	9	1 2 2 0 1 0 1 2 1	V1:+2 V2:+2 V7:+2 D13:+2 D15:+2 D23:+2 D25:+2 D37:-2 D57:-2
root-000029	2132	0	1.9619391619929427e-05	4.252855181019629e-06	1.9619391619929427e-05	9	0 2 1 0 1 2 1 2 1	V1:+2 V5:+2 V7:+2 D01:-2 D05:-2 D07:-2 D13:+2 D35:-2 D37:-2
root-000029	1050	0	1.986655141578142e-05	1.7007920721442378e-06	1.986655141578142e-05	9	1 2 1 1 1 2 0 0 2	V1:+2 V5:+2 V8:+2 D16:+2 D17:+2 D56:+2 D57:+2 D68:-2 D78:-2
root-000029	1218	0	2.0414550395569248e-05	4.735921184226081e-06	2.0414550395569248e-05	9	1 2 0 1 1 1 2 2 0	V1:+2 V6:+2 V7:+2 D12:+2 D18:+2 D26:-2 D27:-2 D68:+2 D78:+2
root-000029	2097	0	2.0488717985781002e-05	4.910661760976182e-06	2.0488717985781002e-05	9	0 -2 -1 -1 -1 -1 -2 -2 0	V1:-2 V6:-2 V7:-2 D01:+2 D06:+2 D07:+2 D18:-2 D68:-2 D78:-2
root-000029	2098	0	2.061887567567089e-05	4.698045314486014e-06	2.061887567567089e-05	9	0 2 1 1 1 1 2 2 0	V1:+2 V6:+2 V7:+2 D01:-2 D06:-2 D07:-2 D18:+2 D68:+2 D78:+2
root-000029	886	0	2.162777453451961e-05	3.5033918184907044e-06	2.162777453451961e-05	9	1 2 2 1 1 0 2 1 0	V1:+2 V2:+2 V6:+2 D15:+2 D18:+2 D25:+2 D28:+2 D56:-2 D68:+2
root-000029	1155	0	2.1705954721853993e-05	4.767530005820019e-06	2.1705954721853993e-05	9	-1 -2 0 -2 -1 -1 -2 -1 0	V1:-2 V3:-2 V6:-2 D12:-2 D18:-2 D23:+2 D26:+2 D38:-2 D68:-2
root-000029	935	0	2.1862689458924944e-05	3.3226572139700633e-06	2.1862689458924944e-05	9	-1 -2 -2 0 -1 -1 -2 -1 0	V1:-2 V2:-2 V6:-2 D13:-2 D18:-2 D23:-2 D28:-2 D36:+2 D68:-2
root-000029	946	0	2.187496556054283e-05	3.4956148645931485e-06	2.187496556054283e-05	9	1 2 2 0 1 1 0 1 2	V1:+2 V2:+2 V8:+2 D13:+2 D16:+2 D23:+2 D26:+2 D38:-2 D68:-2
root-000029	1215	0	2.272747525482524e-05	4.846214988881313e-06	2.272747525482524e-05	9	-1 -2 0 -1 -1 -2 0 -1 -2	V1:-2 V5:-2 V8:-2 D12:-2 D16:-2 D25:+2 D28:+2 D56:-2 D68:+2
root-000029	1216	0	2.2843302323181935e-05	4.8239001294847295e-06	2.2843302323181935e-05	9	1 2 0 1 1 2 0 1 2	V1:+2 V5:+2 V8:+2 D12:+2 D16:+2 D25:-2 D28:-2 D56:+2 D68:-2
root-000029	1206	0	2.3811421239340602e-05	2.485887670577859e-06	2.3811421239340602e-05	9	1 2 0 1 1 2 2 1 0	V1:+2 V5:+2 V6:+2 D12:+2 D18:+2 D25:-2 D26:-2 D58:+2 D68:+2
root-000029	977	0	2.3894776427613174e-05	1.2939224457496629e-05	2.3894776427613174e-05	9	-1 -2 -1 -2 -1 -2 0 0 -1	V1:-2 V3:-2 V5:-2 D16:-2 D17:-2 D36:-2 D37:-2 D56:-2 D57:-2
root-000029	1127	0	2.3901876762488783e-05	9.761562958048945e-08	2.3901876762488783e-05	9	-1 -2 -1 0 -1 0 -1 -2 -2	V1:-2 V7:-2 V8:-2 D13:-2 D15:-2 D37:+2 D38:+2 D57:+2 D58:+2
root-000029	974	0	2.4531456033760612e-05	8.640437180490331e-06	2.4531456033760612e-05	9	1 2 1 2 1 2 1 0 0	V1:+2 V3:+2 V5:+2 D17:+2 D18:+2 D37:+2 D38:+2 D57:+2 D58:+2
root-000029	1116	0	2.4762145920363687e-05	2.184004146582393e-06	2.4762145920363687e-05	9	1 2 1 0 1 2 0 1 2	V1:+2 V5:+2 V8:+2 D13:+2 D16:+2 D35:-2 D38:-2 D56:+2 D68:-2
root-000029	1128	0	2.5478562322156506e-05	8.917707620236232e-06	2.5478562322156506e-05	9	1 2 1 0 1 0 1 2 2	V1:+2 V7:+2 V8:+2 D13:+2 D15:+2 D37:-2 D38:-2 D57:-2 D58:-2
root-000029	1051	0	2.8056424617167643e-05	6.597763365155647e-08	2.8056424617167643e-05	9	-1 -2 -1 -1 -1 0 -2 -2 0	V1:-2 V6:-2 V7:-2 D15:-2 D18:-2 D56:+2 D57:+2 D68:-2 D78:-2
root-000029	1191	0	2.9889023653875257e-05	1.8585482234109675e-05	2.9889023653875257e-05	9	-1 -2 0 -1 -2 -1 -1 -2 0	V1:-2 V4:-2 V7:-2 D12:-2 D18:-2 D24:+2 D27:+2 D48:-2 D78:-2
root-000029	1188	0	3.0203057175757098e-05	1.9870233223317887e-05	3.0203057175757098e-05	9	1 2 0 1 2 1 2 1 0	V1:+2 V4:+2 V6:+2 D12:+2 D18:+2 D24:-2 D26:-2 D48:+2 D68:+2
root-000029	2068	0	3.0782917775921265e-05	2.0335902345819085e-05	3.0782917775921265e-05	9	0 2 1 1 2 1 2 1 0	V1:+2 V4:+2 V6:+2 D01:-2 D04:-2 D06:-2 D18:+2 D48:+2 D68:+2
root-000029	1117	0	3.2409943411983904e-05	1.1707117796936771e-05	3.2409943411983904e-05	9	-1 -2 -1 0 -1 -1 -2 -2 0	V1:-2 V6:-2 V7:-2 D13:-2 D18:-2 D36:+2 D37:+2 D68:-2 D78:-2
root-000029	920	0	3.370466197298583e-05	1.1119035626575193e-05	3.370466197298583e-05	9	1 2 2 1 0 0 1 1 2	V1:+2 V2:+2 V8:+2 D14:+2 D15:+2 D24:+2 D25:+2 D48:-2 D58:-2
root-000029	2120	0	3.394357193366691e-05	1.3523643256220482e-05	3.394357193366691e-05	9	0 2 1 1 0 1 1 2 2	V1:+2 V7:+2 V8:+2 D01:-2 D07:-2 D08:-2 D14:+2 D47:-2 D48:-2
root-000029	1179	0	3.552267718079545e-05	1.2762631939431555e-05	3.552267718079545e-05	9	-1 -2 0 -2 0 -1 -1 -1 -2	V1:-2 V3:-2 V8:-2 D12:-2 D14:-2 D23:+2 D28:+2 D34:-2 D48:+2
root-000029	1180	0	3.555060203111471e-05	1.2739836868608836e-05	3.555060203111471e-05	9	1 2 0 2 0 1 1 1 2	V1:+2 V3:+2 V8:+2 D12:+2 D14:+2 D23:-2 D28:-2 D34:+2 D48:-2
root-000029	957	0	3.8924813463157154e-05	5.564967190955384e-06	3.8924813463157154e-05	9	-1 -2 -2 0 0 -1 -1 -2 -1	V1:-2 V2:-2 V7:-2 D13:-2 D14:-2 D23:-2 D24:-2 D37:+2 D47:+2
root-000029	2067	0	3.993126846559697e-05	1.5074064698361946e-05	3.993126846559697e-05	9	0 -2 -1 -1 -2 -1 -2 -1 0	V1:-2 V4:-2 V6:-2 D01:+2 D04:+2 D06:+2 D18:-2 D48:-2 D68:-2
root-000029	1177	0	3.995296975376194e-05	1.3026873349917556e-05	3.995296975376194e-05	9	-1 -2 0 -2 0 -1 -1 -2 -1	V1:-2 V3:-2 V7:-2 D12:-2 D14:-2 D23:+2 D27:+2 D34:-2 D47:+2
root-000029	2058	0	4.005747529299097e-05	1.3097320724505038e-05	4.005747529299097e-05	9	0 2 1 2 0 1 1 2 1	V1:+2 V3:+2 V7:+2 D01:-2 D03:-2 D07:-2 D14:+2 D34:+2 D47:-2
root-000029	2111	0	4.041637797609697e-05	1.2647790068018096e-05	4.041637797609697e-05	9	0 -2 -1 -1 0 -2 -1 -2 -1	V1:-2 V5:-2 V7:-2 D01:+2 D05:+2 D07:+2 D14:-2 D45:+2 D47:+2
root-000029	2061	0	4.062761430035722e-05	1.3951688819321623e-05	4.062761430035722e-05	9	0 -2 -1 -1 -2 -2 -1 -1 0	V1:-2 V4:-2 V5:-2 D01:+2 D04:+2 D05:+2 D18:-2 D48:-2 D58:-2
root-000029	1144	0	4.081236513197445e-05	3.80613498190145e-06	4.081236513197445e-05	9	1 2 0 2 2 1 1 0 1	V1:+2 V3:+2 V4:+2 D12:+2 D17:+2 D23:-2 D24:-2 D37:+2 D47:+2
root-000029	1094	0	4.0994545941523686e-05	9.71810170441805e-06	4.0994545941523686e-05	9	1 2 1 0 2 1 1 0 2	V1:+2 V4:+2 V8:+2 D13:+2 D17:+2 D34:-2 D38:-2 D47:+2 D78:-2
root-000029	1183	0	4.153520107260728e-05	1.250386775578634e-05	4.153520107260728e-05	9	-1 -2 0 -1 -2 -2 -1 0 -1	V1:-2 V4:-2 V5:-2 D12:-2 D17:-2 D24:+2 D25:+2 D47:-2 D57:-2
root-000029	1143	0	4.1685473040606325e-05	4.277224949873218e-06	4.1685473040606325e-05	9	-1 -2 0 -2 -2 -1 -1 0 -1	V1:-2 V3:-2 V4:-2 D12:-2 D17:-2 D23:+2 D24:+2 D37:-2 D47:-2
root-000029	2072	0	4.223838395617458e-05	2.9024376679991864e-05	4.223838395617458e-05	9	0 2 1 1 2 1 1 2 0	V1:+2 V4:+2 V7:+2 D01:-2 D04:-2 D07:-2 D18:+2 D48:+2 D78:+2
root-000029	1007	0	4.2513737833184406e-05	4.255642905704908e-06	4.2513737833184406e-05	9	-1 -2 -1 -2 0 -1 -1 -2 0	V1:-2 V3:-2 V7:-2 D14:-2 D18:-2 D34:-2 D38:-2 D47:+2 D78:-2
root-000029	1060	0	4.286391279453589e-05	3.2660508956855186e-05	4.286391279453589e-05	9	1 2 1 1 0 2 2 0 1	V1:+2 V5:+2 V6:+2 D14:+2 D17:+2 D45:-2 D46:-2 D57:+2 D67:+2
root-000029	1017	0	4.439544839864723e-05	5.6164249404545005e-06	4.439544839864723e-05	9	-1 -2 -1 -2 0 0 -1 -2 -1	V1:-2 V3:-2 V7:-2 D14:-2 D15:-2 D34:-2 D35:-2 D47:+2 D57:+2
root-000029	1037	0	4.899880291429903e-05	7.927011151965323e-06	4.899880291429903e-05	9	-1 -2 -1 -1 -2 0 -1 -2 0	V1:-2 V4:-2 V7:-2 D15:-2 D18:-2 D45:-2 D48:-2 D57:+2 D78:-2
root-000029	968	0	4.9762051313941014e-05	1.5484077456691017e-05	4.9762051313941014e-05	9	1 2 1 2 2 0 1 1 0	V1:+2 V3:+2 V4:+2 D15:+2 D18:+2 D35:+2 D38:+2 D45:+2 D48:+2
root-000029	1068	0	5.090708462195115e-05	1.0892389102369779e-05	5.090708462195115e-05	9	1 2 1 1 0 2 0 1 2	V1:+2 V5:+2 V8:+2 D14:+2 D16:+2 D45:-2 D48:-2 D56:+2 D68:-2
root-000029	1087	0	5.456768488581315e-05	8.787071753414922e-06	5.456768488581315e-05	9	-1 -2 -1 0 -2 -1 -2 -1 0	V1:-2 V4:-2 V6:-2 D13:-2 D18:-2 D34:+2 D36:+2 D48:-2 D68:-2
root-000029	1185	0	6.04818716187696e-05	1.0656852306538066e-05	6.04818716187696e-05	9	-1 -2 0 -1 -2 -2 0 -1 -1	V1:-2 V4:-2 V5:-2 D12:-2 D16:-2 D24:+2 D25:+2 D46:-2 D56:-2
root-000029	2025	0	6.0489512742102625e-05	1.0677946309995332e-05	6.0489512742102625e-05	9	0 -2 -1 -2 -2 -1 0 -1 -1	V1:-2 V3:-2 V4:-2 D01:+2 D03:+2 D04:+2 D16:-2 D36:-2 D46:-2
root-000029	2065	0	6.054566946329942e-05	1.06445761894704e-05	6.054566946329942e-05	9	0 -2 -1 -1 -2 -2 0 -1 -1	V1:-2 V4:-2 V5:-2 D01:+2 D04:+2 D05:+2 D16:-2 D46:-2 D56:-2
root-000029	1146	0	6.063421591145056e-05	1.067334910320165e-05	6.063421591145056e-05	9	1 2 0 2 2 1 0 1 1	V1:+2 V3:+2 V4:+2 D12:+2 D16:+2 D23:-2 D24:-2 D36:+2 D46:+2
root-000029	866	0	6.434175880420945e-05	1.3864111545699558e-05	6.434175880420945e-05	9	1 2 2 1 2 1 0 0 1	V1:+2 V2:+2 V4:+2 D16:+2 D17:+2 D26:+2 D27:+2 D46:+2 D47:+2
root-000029	1235	0	6.555157286459654e-05	1.2939658534885163e-05	6.555157286459654e-05	9	-1 -2 0 -1 0 -1 -2 -2 -1	V1:-2 V6:-2 V7:-2 D12:-2 D14:-2 D26:+2 D27:+2 D46:+2 D47:+2
root-000029	1084	0	7.027314633923027e-05	2.0893913621619227e-05	7.027314633923027e-05	9	1 2 1 0 2 2 1 0 1	V1:+2 V4:+2 V5:+2 D13:+2 D17:+2 D34:-2 D35:-2 D47:+2 D57:+2
root-000029	1098	0	7.048095951230071e-05	2.097569261200865e-05	7.048095951230071e-05	9	1 2 1 0 2 1 0 1 2	V1:+2 V4:+2 V8:+2 D13:+2 D16:+2 D34:-2 D38:-2 D46:+2 D68:-2
root-000029	915	0	7.229544406468433e-05	1.3221147476728291e-05	7.229544406468433e-05	9	-1 -2 -2 -1 0 0 -2 -1 -1	V1:-2 V2:-2 V6:-2 D14:-2 D15:-2 D24:-2 D25:-2 D46:+2 D56:+2
root-000029	926	0	7.933593765188998e-05	1.3531883778654144e-05	7.933593765188998e-05	9	1 2 2 0 2 1 0 1 1	V1:+2 V2:+2 V4:+2 D13:+2 D16:+2 D23:+2 D26:+2 D34:-2 D46:+2
root-000029	1026	0	8.139649154802198e-05	2.567702254510895e-05	8.139649154802198e-05	9	1 2 1 1 2 2 0 0 1	V1:+2 V4:+2 V5:+2 D16:+2 D17:+2 D46:+2 D47:+2 D56:+2 D57:+2
root-000029	1021	0	8.170367294468503e-05	4.345072687649478e-05	8.170367294468503e-05	9	-1 -2 -1 -1 -2 -2 -1 0 0	V1:-2 V4:-2 V5:-2 D17:-2 D18:-2 D47:-2 D48:-2 D57:-2 D58:-2
root-000029	1057	0	8.172310656424236e-05	1.3986339652244094e-05	8.172310656424236e-05	9	-1 -2 -1 -1 0 -2 -2 -1 0	V1:-2 V5:-2 V6:-2 D14:-2 D18:-2 D45:+2 D46:+2 D58:-2 D68:-2
root-000029	1015	0	8.36523466473775e-05	2.5176255430330473e-05	8.36523466473775e-05	9	-1 -2 -1 -2 0 0 -2 -1 -1	V1:-2 V3:-2 V6:-2 D14:-2 D15:-2 D34:-2 D35:-2 D46:+2 D56:+2
root-000029	1038	0	8.420595104225099e-05	2.8492633395296645e-05	8.420595104225099e-05	9	1 2 1 1 2 0 1 2 0	V1:+2 V4:+2 V7:+2 D15:+2 D18:+2 D45:+2 D48:+2 D57:-2 D78:+2
root-000029	1077	0	8.580060913662008e-05	1.7842644223834604e-05	8.580060913662008e-05	9	-1 -2 -1 -1 0 0 -2 -1 -2	V1:-2 V6:-2 V8:-2 D14:-2 D15:-2 D46:+2 D48:+2 D56:+2 D58:+2
root-000029	961	0	8.897631663702882e-05	3.5620487408827683e-09	8.897631663702882e-05	9	-1 -2 -1 -2 -2 -1 -1 0 0	V1:-2 V3:-2 V4:-2 D17:-2 D18:-2 D37:-2 D38:-2 D47:-2 D48:-2
root-000029	1043	0	9.41809192044063e-05	1.6536208522757237e-05	9.41809192044063e-05	9	-1 -2 -1 -1 -2 0 0 -1 -2	V1:-2 V4:-2 V8:-2 D15:-2 D16:-2 D45:-2 D46:-2 D58:+2 D68:+2
root-000029	1078	0	0.00016685415369868347	7.365392634537386e-05	0.00016685415369868347	9	1 2 1 1 0 0 2 1 2	V1:+2 V6:+2 V8:+2 D14:+2 D15:+2 D46:-2 D48:-2 D56:-2 D58:-2
root-000029	1016	0	0.00017092191736913344	4.953062509005244e-05	0.00017092191736913344	9	1 2 1 2 0 0 2 1 1	V1:+2 V3:+2 V6:+2 D14:+2 D15:+2 D34:+2 D35:+2 D46:-2 D56:-2
root-000029	1024	0	0.00017229062198933793	7.402975883404964e-05	0.00017229062198933793	9	1 2 1 1 2 2 0 1 0	V1:+2 V4:+2 V5:+2 D16:+2 D18:+2 D46:+2 D48:+2 D56:+2 D58:+2
root-000029	1023	0	0.0001723095054575077	7.378906760767898e-05	0.0001723095054575077	9	-1 -2 -1 -1 -2 -2 0 -1 0	V1:-2 V4:-2 V5:-2 D16:-2 D18:-2 D46:-2 D48:-2 D56:-2 D58:-2
root-000029	1198	0	0.00017477205105002392	5.9285489062507904e-05	0.00017477205105002392	9	1 2 0 1 2 1 0 1 2	V1:+2 V4:+2 V8:+2 D12:+2 D16:+2 D24:-2 D28:-2 D46:+2 D68:-2
root-000029	2066	0	0.00017645510814146763	4.921859911748782e-05	0.00017645510814146763	9	0 2 1 1 2 2 0 1 1	V1:+2 V4:+2 V5:+2 D01:-2 D04:-2 D05:-2 D16:+2 D46:+2 D56:+2
root-000029	994	0	0.00029301754373523003	0.00010418533155818619	0.00029301754373523003	9	1 2 1 2 1 0 0 2 1	V1:+2 V3:+2 V7:+2 D15:+2 D16:+2 D35:+2 D36:+2 D57:-2 D67:-2
root-000029	1030	0	0.0003118050062472788	2.475528537480852e-09	0.0003118050062472788	9	1 2 1 1 2 1 0 2 0	V1:+2 V4:+2 V7:+2 D16:+2 D18:+2 D46:+2 D48:+2 D67:-2 D78:+2
root-000029	1006	0	0.0003159694991872186	0.00011805141042636616	0.0003159694991872186	9	1 2 1 2 0 1 2 0 1	V1:+2 V3:+2 V6:+2 D14:+2 D17:+2 D34:+2 D37:+2 D46:-2 D67:+2
root-000029	1045	0	0.00031601134325909275	9.881743891036258e-05	0.00031601134325909275	9	-1 -2 -1 -1 -1 -2 -2 0 0	V1:-2 V5:-2 V6:-2 D17:-2 D18:-2 D57:-2 D58:-2 D67:-2 D68:-2
root-000029	1090	0	0.00031661773534252813	0.00011943027059249142	0.00031661773534252813	9	1 2 1 0 2 1 2 0 1	V1:+2 V4:+2 V6:+2 D13:+2 D17:+2 D34:-2 D36:-2 D47:+2 D67:+2
root-000029	1108	0	0.00031913550212503417	0.00011414894226620422	0.00031913550212503417	9	1 2 1 0 1 2 2 0 1	V1:+2 V5:+2 V6:+2 D13:+2 D17:+2 D35:-2 D36:-2 D57:+2 D67:+2
root-000029	987	0	0.00033970132260252583	4.168479204277951e-09	0.00033970132260252583	9	-1 -2 -1 -2 -1 0 -2 0 -1	V1:-2 V3:-2 V6:-2 D15:-2 D17:-2 D35:-2 D37:-2 D56:+2 D67:-2
root-000029	2010	0	0.02078691038309485	0.02078691038309485	0.008971683193263358	9	0 2 2 1 0 1 1 1 2	V1:+2 V2:+2 V8:+2 D01:-2 D02:-2 D08:-2 D14:+2 D24:+2 D48:-2
root-000029	1965	0	0.020797755974069247	0.020797755974069247	0.008992284152459229	9	0 -2 -2 -2 -1 -1 0 -1 -1	V1:-2 V2:-2 V3:-2 D01:+2 D02:+2 D03:+2 D16:-2 D26:-2 D36:-2
root-000029	1967	0	0.020806798523409227	0.020806798523409227	0.009000476584324124	9	0 -2 -2 -2 -1 0 -1 -1 -1	V1:-2 V2:-2 V3:-2 D01:+2 D02:+2 D03:+2 D15:-2 D25:-2 D35:-2
root-000029	2017	0	0.08204471524409523	0.05675923203372445	0.08204471524409523	9	0 -2 -2 0 -1 -1 -1 -2 -1	V1:-2 V2:-2 V7:-2 D01:+2 D02:+2 D07:+2 D13:-2 D23:-2 D37:+2
root-000029	1978	0	0.0820492384976178	0.05676215167417679	0.0820492384976178	9	0 2 2 1 2 0 1 1 1	V1:+2 V2:+2 V4:+2 D01:-2 D02:-2 D04:-2 D15:+2 D25:+2 D45:+2
root-000029	1977	0	0.08204925258928925	0.05676225074664342	0.08204925258928925	9	0 -2 -2 -1 -2 0 -1 -1 -1	V1:-2 V2:-2 V4:-2 D01:+2 D02:+2 D04:+2 D15:-2 D25:-2 D45:-2
root-000029	1984	0	0.08204939016583962	0.05676225717841933	0.08204939016583962	9	0 2 2 1 1 2 0 1 1	V1:+2 V2:+2 V5:+2 D01:-2 D02:-2 D05:-2 D16:+2 D26:+2 D56:+2
root-000029	1999	0	0.08204954290368333	0.056762362739703406	0.08204954290368333	9	0 -2 -2 -1 -1 0 -1 -2 -1	V1:-2 V2:-2 V7:-2 D01:+2 D02:+2 D07:+2 D15:-2 D25:-2 D57:+2
root-000029	1972	0	0.08205455882755308	0.05677141462671857	0.08205455882755308	9	0 2 2 1 2 1 1 1 0	V1:+2 V2:+2 V4:+2 D01:-2 D02:-2 D04:-2 D18:+2 D28:+2 D48:+2
root-000029	2005	0	0.08206985467121736	0.056784881673015264	0.08206985467121736	9	0 -2 -2 -1 0 -1 -2 -1 -1	V1:-2 V2:-2 V6:-2 D01:+2 D02:+2 D06:+2 D14:-2 D24:-2 D46:+2
root-000029	1990	0	0.11732555002421718	0.038521962099439415	0.11732555002421718	9	0 2 2 1 1 1 1 2 0	V1:+2 V2:+2 V7:+2 D01:-2 D02:-2 D07:-2 D18:+2 D28:+2 D78:+2
