14
53
54
62
69
93
94
117
121
122
133
134
142
143
151
154
155
157
159
161
162
165
169
174
179
186
193
196
201
205
206
212
213
233
234
236
242
245
247
252
255
301
309
310
342
350
366
378
389
410
413
415
417
421
422
457
458
461
466
468
469
475
486
487
493
495
498
499
501
503
508
511
517
518
526
527
529
533
534
537
542
554
555
557
559
563
580
582
585
589
590
598
601
602
604
605
606
607
612
629
631
636
639
646
650
651
654
659
663
666
670
671
675
677
679
682
686
687
698
699
705
707
709
713
714
721
725
727
728
729
730
731
732
735
737
741
743
744
745
746
747
748
751
753
755
756
757
761
762
773
785
789
790
810
813
815
841
842
845
846
854
855
858
861
862
863
868
869
885
887
892
895
901
902
906
908
910
916
917
918
919
920
922
926
927
932
933
934
935
936
938
942
943
954
955
956
958
961
963
964
965
969
970
981
983
986
988
991
997
999
1001
1002
1003
1004
1007
1009
1012
1013
1017
1042
1047
1049
1066
1067
1070
1075
1078
1079
1082
1086
1087
1089
1093
1095
1097
1109
1113
1114
1127
1132
1140
1149
1150
1159
1162
1163
1165
1167
1171
1178
1187
1194
1196
1197
1207
1210
1211
1213
1215
1217
1219
1223
1225
1226
1228
1229
1230
1231
1233
1240
1241
1242
1243
1245
1246
1249
1252
1256
1257
1258
1259
1261
1262
1265
1267
1270
1271
1273
1274
1276
1277
1278
1279
1293
1297
1322
1324
1326
1332
1333
1334
1335
1351
1353
1354
1359
1370
1378
1382
1383
1387
1391
1394
1395
1418
1421
1423
1432
1434
1437
1448
1450
1452
1453
1466
1467
1469
1471
1473
1475
1479
1481
1482
1485
1486
1492
1494
1497
1498
1501
1502
1513
1514
1515
1517
1521
1527
1529
1533
1534
1543
1546
1547
1549
1551
1553
1558
1559
1561
1566
1567
1575
1577
1582
1583
1588
1591
1594
1595
1599
1601
1603
1606
1607
1609
1610
1612
1613
1614
1615
1618
1621
1623
1628
1631
1634
1637
1639
1644
1647
1649
1651
1654
1655
1657
1658
1660
1661
1662
1663
1665
1666
1673
1686
1690
1691
1694
1697
1700
1703
1704
1705
1709
1715
1719
1722
1726
1727
1729
1733
1735
1738
1744
1746
1750
1751
1756
1757
1758
1759
1765
1769
1770
1778
1780
1782
1789
1790
1802
1805
1807
1809
1810
1812
1813
1814
1815
1817
1822
1828
1829
1830
1831
1833
1835
1838
1839
1844
1847
1850
1853
1855
1857
1862
1863
1865
1870
1874
1875
1877
1887
1893
1900
1905
1911
1913
1916
1917
1918
1919
1921
1922
1929
1931
1933
1946
1952
1953
1954
1955
1956
1959
1961
1965
1967
1972
1973
1974
1975
1976
1978
1982
1983
1984
1985
1993
1994
1995
1996
2002
2006
2007
2008
2014
2017
2019
2020
2021
2025
2026
2036
2038
2045
2046
2069
2085
2094
2097
2133
2173
2174
2183
2186
2187
2191
2194
2197
2199
2201
2203
2206
2207
2211
2218
2226
2227
2238
2245
2257
2260
2262
2265
2269
2270
2294
2297
2298
2300
2301
2302
2303
2341
2342
2429
2430
2445
2447
2449
2450
2452
2453
2454
2455
2457
2459
2463
2477
2483
2485
2486
2489
2492
2494
2498
2518
2522
2526
2543
2550
2551
2554
2557
2558
2559
2567
2570
2571
2575
2579
2594
2597
2598
2599
2601
2606
2607
2610
2614
2657
2660
2662
2665
2670
2678
2681
2682
2684
2685
2686
2687
2689
2690
2697
2705
2707
2708
2711
2712
2713
2717
2721
2722
2724
2727
2728
2729
2733
2738
2745
2747
2748
2749
2754
2755
2774
2783
2790
2799
2802
2804
2806
2813
2814
2826
2831
2849
2850
2852
2853
2854
2855
2857
2859
2862
2863
2867
2869
2870
2876
2878
2882
2911
2918
2921
2922
2926
2934
2935
2938
2941
2942
2943
2945
2946
2953
2955
2960
2961
2962
2963
2964
2967
2969
2973
2975
2976
2977
2978
2979
2980
2983
2985
2989
2991
2993
2994
3001
3003
3010
3011
3021
3026
3030
3031
3035
3039
3042
3046
3047
3051
3054
3055
3058
3059
3060
3062
3077
3082
3083
3086
3091
3093
3095
3098
3102
3103
3113
3116
3117
3122
3124
3127
3135
3142
3149
3165
3166
3169
3173
3175
3177
3189
3193
3194
3201
3205
3206
3207
3214
3215
3218
3219
3221
3222
3224
3225
3233
3234
3237
3238
3240
3241
3244
3246
3250
3253
3254
3255
3257
3259
3262
3263
3267
3269
3271
3284
3285
3301
3314
3317
3319
3333
3334
3338
3340
3342
3348
3349
3350
3351
3361
3362
3369
3371
3372
3373
3379
3380
3383
3385
3389
3391
3394
3398
3399
3406
3414
3421
3422
3429
3431
3434
3439
3450
3457
3458
3460
3461
3462
3463
3465
3467
3471
3472
3473
3474
3475
3477
3481
3484
3488
3489
3490
3491
3494
3497
3505
3506
3508
3509
3510
3511
3513
3515
3519
3522
3523
3527
3535
3538
3540
3541
3547
3554
3563
3570
3571
3573
3575
3583
3586
3589
3590
3591
3593
3598
3599
3604
3607
3610
3611
3613
3615
3620
3623
3626
3629
3634
3636
3638
3639
3641
3646
3647
3650
3653
3655
3670
3673
3674
3676
3677
3678
3679
3681
3683
3686
3687
3689
3690
3695
3698
3708
3711
3717
3718
3724
3729
3730
3737
3740
3741
3744
3748
3749
3761
3762
3764
3767
3769
3773
3783
3788
3789
3790
3791
3793
3797
3799
3800
3801
3802
3803
3804
3807
3810
3825
3827
3828
3829
3833
3834
3841
3842
3844
3845
3846
3847
3849
3851
3854
3855
3860
3863
3866
3869
3871
3876
3879
3885
3887
3889
3890
3892
3893
3894
3895
3897
3899
3903
3906
3907
3909
3911
3919
3926
3927
3930
3933
3934
3935
3937
3942
3943
3950
3951
3954
3955
3957
3959
3964
3967
3973
3974
3978
3985
3986
3993
3995
3996
3997
4004
4005
4006
4007
4014
4016
4017
4018
4019
4020
4023
4025
4029
4031
4034
4040
4053
4055
4058
4060
4063
4070
4077
4081
4084
4085
4089
4110
4114
4118
4119
4123
4126
4127
4139
4141
4143
4146
4147
4148
4158
4164
4165
4166
4167
4174
4175
4181
4182
4186
4187
4188
4190
4202
4203
4204
4206
4212
4213
4214
4215
4216
4218
4222
4223
4230
4231
4236
4238
4239
4249
4251
4253
4258
4259
4261
4263
4268
4271
4274
4276
4277
4280
4283
4292
4295
4298
4301
4303
4321
4322
4324
4325
4326
4327
4329
4331
4335
4336
4337
4338
4339
4341
4342
4345
4365
4366
4374
4375
4383
4391
4396
4397
4398
4399
4402
4403
4404
4406
4414
4419
4423
4426
4430
4431
4438
4442
4443
4446
4453
4458
4459
4460
4467
4471
4474
4479
4486
4495
4504
4505
4506
4507
4514
4517
4519
4524
4527
4528
4530
4532
4536
4539
4548
4551
4554
4555
4557
4559
4563
4570
4578
4580
4581
4585
4587
4590
4591
4593
4594
4597
4598
4600
4601
4604
4606
4612
4619
4624
4625
4628
4632
4633
4634
4638
4643
4652
4659
4663
4665
4666
4675
4680
4684
4686
4696
4698
4700
4705
4706
4711
4715
4724
4727
4730
4735
4743
4752
4763
4767
4776
4780
4793
4794
4796
4812
4826
4828
4830
4842
4843
4844
4846
4849
4850
4868
4880
4884
4886
4889
4894
4908
4911
4915
4922
4926
4930
4933
4936
4937
4940
4947
4954
4956
4957
4962
4964
4966
4971
4975
4980
4986
4987
4991
4999
5003
5007
5015
5023
5024
5026
5031
5039
5048
5049
5050
5051
5052
5055
5065
5067
5068
5069
5098
5099
5105
5106
5113
5130
5138
5139
5142
5157
5159
5161
5163
5164
5167
5170
5174
5175
5176
5179
5180
5182
5183
5194
5201
5202
5209
5211
5213
5220
5222
5223
5224
5226
5231
5232
5233
5234
5235
5236
5239
5241
5247
5250
5251
5253
5255
5260
5263
5273
5277
5279
5281
5287
5289
5292
5293
5294
5301
5308
5311
5312
5315
5320
5322
5324
5325
5328
5329
5330
5331
5333
5334
5337
5344
5345
5346
5347
5349
5353
5356
5373
5381
5385
5386
5394
5416
5417
5418
5419
5420
5423
5424
5426
5430
5431
5432
5435
5439
5446
5450
5451
5454
5458
5465
5467
5475
5479
5482
5486
5487
5492
5495
5496
5497
5501
5503
5506
5509
5511
5516
5519
5521
5523
5527
5529
5530
5532
5533
5534
5535
5537
5539
5542
5543
5545
5546
5548
5549
5550
5551
5554
5557
5559
5564
5567
5571
5576
5578
5580
5581
5585
5586
5589
5590
5592
5593
5596
5598
5602
5605
5606
5608
5609
5612
5616
5628
5629
5636
5641
5646
5649
5654
5655
5660
5662
5676
5677
5680
5681
5684
5688
5689
5691
5694
5700
5701
5702
5703
5710
5712
5713
5714
5715
5717
5718
5721
5724
5726
5731
5736
5740
5742
5748
5749
5750
5751
5753
5755
5758
5759
5762
5766
5767
5768
5772
5774
5780
5789
5792
5793
5797
5801
5804
5809
5811
5812
5813
5817
5818
5826
5832
5841
5842
5862
5864
5866
5871
5877
5878
5882
5896
5897
5898
5899
5901
5905
5907
5910
5911
5913
5914
5919
5927
5932
5933
5934
5935
5936
5940
5942
5944
5945
5946
5947
5950
5953
5961
5969
5971
5974
5976
5977
5982
5986
5989
5992
5993
5996
6001
6004
6005
6007
6009
6015
6016
6018
6022
6023
6031
6034
6053
6055
6058
6073
6074
6084
6093
6095
6097
6098
6105
6117
6120
6122
6126
6127
6133
6134
6140
6142
6146
6150
6151
6155
6158
6159
6162
6163
6164
6166
6173
6178
6179
6180
6190
6192
6194
6198
6199
6203
6206
6207
6228
6229
6230
6231
6239
6247
6266
6267
6268
6270
6278
6291
6297
6298
6301
6303
6306
6308
6309
6312
6322
6323
6325
6327
6332
6335
6336
6339
6356
6359
6362
6367
6371
6377
6380
6382
6385
6386
6388
6389
6390
6391
6393
6395
6398
6406
6407
6415
6418
6419
6434
6435
6436
6438
6445
6446
6454
6455
6463
6469
6483
6485
6487
6490
6494
6495
6499
6502
6503
6511
6517
6522
6523
6524
6529
6536
6537
6538
6539
6545
6547
6551
6553
6554
6556
6557
6558
6559
6560
6562
6564
6565
6578
6579
6581
6583
6588
6591
6595
6600
6602
6612
6615
6618
6619
6623
6642
6644
6645
6647
6649
6654
6655
6658
6659
6663
6673
6675
6678
6679
6682
6686
6692
6696
6713
6714
6718
6721
6722
6727
6731
6746
6747
6751
6752
6753
6754
6755
6758
6760
6776
6778
6780
6785
6802
6803
6804
6820
6833
6836
6837
6841
6842
6851
6856
6871
6872
6874
6887
6896
6897
6898
6899
6900
6903
6911
6914
6915
6919
6927
6929
6931
6934
6935
6937
6938
6943
6944
6946
6948
6964
6966
6968
6969
6970
6971
6974
6978
6983
6991
7002
7003
7007
7009
7010
7014
7016
7036
7041
7043
7058
7059
7074
7089
7091
7097
7098
7112
7113
7123
7127
7135
7136
7140
7144
7151
7153
7154
7156
7159
7160
7161
7173
7175
7178
7180
7183
7186
7192
7196
7201
7203
7204
7205
7209
7210
7218
7219
7220
7222
7229
7232
7235
7236
7237
7238
7239
7246
7251
7252
7255
7257
7261
7263
7274
7276
7278
7289
7291
7292
7293
7298
7300
7301
7304
7316
7322
7323
7325
7326
7328
7329
7332
7334
7337
7338
7341
7342
7346
7348
7349
7355
7364
7367
7370
7371
7373
7375
7377
7378
7380
7381
7382
7383
7390
7391
7393
7394
7396
7397
7398
7399
7401
7403
7407
7412
7415
7421
7423
7425
7429
7431
7432
7433
7434
7435
7436
7439
7447
7452
7453
7454
7455
7457
7459
7460
7461
7465
7466
7474
7475
7488
7491
7492
7495
7496
7498
7502
7503
7508
7511
7517
7519
7525
7530
7531
7545
7548
7549
7552
7554
7556
7557
7572
7574
7578
7581
7585
7588
7590
7594
7597
7598
7602
7605
7608
7611
7620
7623
7626
7627
7629
7631
7634
7636
7637
7638
7639
7641
7646
7647
7650
7653
7655
7657
7662
7663
7668
7671
7674
7677
7681
7686
7687
7690
7692
7694
7695
7700
7702
7704
7706
7709
7712
7713
7716
7721
7726
7729
7731
7734
7735
7738
7742
7747
7756
7758
7764
7765
7766
7767
7769
7771
7774
7775
7777
7778
7783
7787
7795
7804
7806
7812
7814
7824
7826
7832
7836
7837
7841
7844
7845
7856
7857
7861
7865
7866
7868
7884
7888
7889
7890
7891
7892
7895
7903
7914
7916
7918
7924
7925
7926
7927
7934
7937
7939
7942
7943
7945
7946
7951
7953
7963
7972
7974
7978
7981
7982
7987
7990
7991
7993
7994
7999
8000
8002
8003
8005
8008
8009
8021
8023
8025
8027
8030
8031
8034
8038
8039
8047
8050
8053
8056
8057
8060
8066
8087
8092
8093
8094
8095
8100
8101
8113
8117
8119
8122
8129
8137
8140
8141
8145
8148
8151
8152
8153
8165
8172
8176
8180
8181
8206
8210
8214
8215
8221
8222
8244
8254
8268
8269
8274
8281
8285
8287
8290
8297
8317
8322
8324
8331
8338
8339
8341
8343
8348
8351
8352
8353
8356
8360
8361
8362
8366
8374
8375
8377
8378
8381
8382
8383
8388
8394
8397
8399
8417
8418
8420
8425
8427
8430
8432
8433
8434
8435
8437
8438
8440
8441
8458
8468
8469
8473
8474
8489
8490
8497
8501
8503
8505
8517
8522
8526
8527
8533
8534
8540
8542
8585
8586
8588
8596
8600
8601
8602
8603
8605
8606
8610
8613
8615
8642
8645
8648
8649
8652
8654
8660
8662
8670
8671
8675
8682
8684
8685
8692
8695
8714
8716
8718
8725
8732
8735
8745
8746
8749
8750
8754
8756
8757
8760
8769
8773
8774
8780
8782
8792
8794
8796
8797
8805
8829
8831
8842
8850
8854
8855
8856
8859
8860
8862
8863
8864
8866
8870
8871
8878
8885
8887
8889
8890
8892
8895
8900
8904
8906
8910
8912
8913
8914
8915
8916
8919
8920
8921
8930
8937
8948
8949
8950
8951
8952
8954
8958
8980
8982
8984
8989
8990
9014
9017
9018
9020
9021
9022
9023
9028
9037
9042
9044
9045
9046
9049
9054
9055
9073
9077
9078
9080
9081
9084
9086
9090
9092
9094
9108
9109
9113
9114
9121
9123
9124
9125
9129
9130
9138
9140
9142
9149
9150
9154
9161
9164
9165
9174
9182
9190
9194
9195
9198
9201
9202
9209
9226
9238
9257
9260
9266
9270
9271
9272
9276
9278
9281
9300
9301
9302
9303
9304
9306
9310
9324
9325
9338
9340
9342
9348
9353
9354
9358
9368
9371
9376
9380
9381
9396
9398
9401
9405
9406
9416
9418
9420
9421
9424
9425
9426
9427
9429
9430
9432
9433
9442
9445
9446
9449
9452
9454
9464
9466
9468
9469
9484
9485
9486
9487
9496
9500
9503
9524
9525
9541
9542
9550
9554
9561
9564
9565
9573
9578
9582
9583
9588
9592
9593
9597
9599
9602
9605
9607
9623
9625
9626
9628
9629
9630
9631
9633
9635
9641
9642
9645
9653
9655
9665
9666
9669
9670
9673
9684
9687
9706
9707
9709
9711
9713
9717
9721
9733
9740
9748
9749
9764
9765
9768
9781
9788
9791
9793
9794
9796
9797
9798
9799
9801
9806
9808
9813
9814
9817
9820
9822
9825
9829
9830
9836
9838
9844
9845
9846
9847
9849
9854
9858
9862
9863
9864
9868
9870
9878
9886
9893
9897
9898
9900
9914
9925
9926
9930
9932
9934
9940
9941
9942
9943
9944
9946
9950
9964
9965
9969
9988
9990
9992
9997
10001
10006
10012
10025
10026
10028
10029
10030
10031
10036
10038
10040
10045
10046
10048
10060
10061
10068
10071
10074
10077
10084
10093
10096
10108
10109
10116
10117
10121
10122
10136
10140
10143
10146
10148
10150
10157
10158
10166
10172
10173
10174
10175
10177
10178
10180
10184
10185
10189
10191
10194
10201
10213
10214
10218
10222
10223
10229
10230
10238
10242
10246
10247
10254
10260
10262
10276
10285
10286
10305
10332
10348
10354
10361
10365
10367
10370
10371
10375
10386
10388
10392
10401
10406
10407
10410
10414
10422
10425
10426
10430
10440
10442
10444
10452
10455
10463
10466
10469
10470
10473
10476
10478
10481
10482
10484
10485
10486
10487
10489
10491
10500
10501
10505
10506
10513
10517
10519
10521
10529
10533
10535
10537
10549
10565
10586
10590
10591
10597
10598
10607
10613
10620
10625
10628
10630
10632
10641
10643
10647
10649
10650
10652
10661
10677
10679
10684
10687
10690
10695
10702
10703
10705
10706
10710
10712
10727
10730
10731
10735
10746
10748
10758
10761
10762
10766
10770
10772
10773
10776
10790
10791
10797
10798
10805
10807
10812
10817
10818
10820
10821
10822
10823
10825
10830
10836
10839
10842
10849
10853
10854
10860
10862
10872
10874
10876
10877
10881
10890
10898
10899
10900
10902
10910
10916
10918
10926
10929
10932
10933
10937
10938
10954
10956
10958
10961
10962
10969
10971
10972
10988
10997
10998
11002
11004
11006
11030
11033
11034
11036
11037
11038
11039
11044
11045
11057
11060
11062
11065
11069
11070
11090
11094
11108
11122
11124
11125
11129
11134
11135
11142
11151
11153
11157
11159
11160
11161
11162
11163
11164
11167
11168
11169
11173
11175
11177
11190
11196
11197
11198
11199
11202
11204
11207
11208
11209
11213
11215
11216
11219
11220
11222
11223
11224
11226
11230
11231
11238
11242
11246
11247
11249
11250
11252
11255
11256
11257
11269
11273
11274
11276
11282
11288
11292
11293
11297
11300
11301
11316
11318
11329
11330
11337
11354
11356
11358
11361
11380
11384
11386
11393
11398
11399
11402
11406
11410
11411
11413
11415
11420
11423
11429
11441
11446
11447
11449
11450
11453
11454
11473
11474
11476
11477
11478
11479
11481
11483
11494
11502
11503
11514
11522
11524
11526
11533
11534
11540
11541
11545
11546
11552
11554
11565
11569
11573
11575
11577
11584
11588
11589
11604
11607
11621
11641
11644
11645
11653
11665
11668
11672
11673
11674
11675
11677
11678
11680
11681
11689
11701
11714
11717
11718
11720
11721
11726
11728
11731
11736
11738
11740
11754
11761
11762
11765
11768
11769
11778
11780
11781
11784
11797
11804
11807
11810
11813
11820
11826
11828
11829
11832
11840
11846
11849
11852
11854
11860
11870
11873
11874
11876
11877
11878
11879
11881
11886
11888
11897
11900
11902
11908
11910
11918
11922
11926
11927
11928
11932
11933
11934
11937
11940
11941
11957
11961
11962
11964
11972
11973
11974
11975
11976
11978
11982
11989
11990
11994
11996
11998
12001
12017
12018
12025
12038
12041
12042
12044
12045
12046
12047
12052
12054
12056
12061
12062
12065
12068
12070
12074
12077
12078
12086
12089
12090
12092
12093
12094
12095
12100
12103
12106
12109
12122
12124
12125
12128
12140
12141
12148
12151
12154
12157
12160
12161
12165
12167
12169
12180
12181
12185
12186
12192
12194
12198
12205
12210
12212
12214
12221
12222
12226
12233
12236
12237
12240
12242
12244
12247
12261
12262
12272
12276
12277
12293
12298
12299
12300
12305
12306
12313
12316
12317
12321
12329
12331
12332
12333
12341
12348
12359
12364
12365
12366
12367
12369
12373
12375
12376
12377
12378
12379
12380
12383
12385
12389
12391
12392
12393
12394
12395
12396
12399
12407
12408
12411
12412
12413
12414
12415
12419
12426
12428
12433
12437
12438
12440
12441
12444
12446
12452
12455
12465
12468
12469
12473
12478
12479
12484
12488
12489
12490
12491
12493
12494
12496
12498
12500
12504
12507
12513
12515
12519
12521
12522
12524
12531
12533
12535
12540
12543
12546
12553
12557
12559
12564
12565
12566
12567
12568
12570
12574
12575
12580
12584
12586
12591
12592
12593
12594
12595
12596
12599
12600
12605
12607
12612
12613
12617
12618
12626
12627
12638
12642
12643
12644
12646
12659
12665
12666
12673
12674
12676
12677
12678
12679
12681
12683
12687
12692
12695
12698
12701
12703
12704
12705
12706
12707
12712
12713
12733
12738
12739
12741
12743
12748
12751
12755
12758
12759
12761
12764
12766
12767
12770
12772
12776
12779
12784
12785
12788
12790
12792
12793
12810
12812
12820
12833
12837
12840
12841
12844
12849
12850
12852
12853
12854
12857
12863
12864
12868
12873
12877
12878
12889
12890
12892
12900
12917
12919
12924
12934
12954
12959
12999
13004
13010
13011
13012
13014
13047
13055
13061
13073
13077
13078
13084
13098
13101
13103
13112
13114
13116
13125
13127
13132
13138
13140
13144
13161
13162
13164
13166
13168
13169
13172
13176
13177
13178
13186
13199
13212
13217
13218
13234
13241
13252
13258
13271
13290
13297
13306
13321
13323
13324
13325
13328
13329
13332
13335
13336
13337
13341
13356
13360
13363
13364
13367
13368
13374
13375
13392
13394
13399
13400
13403
13404
13405
13406
13407
13412
13413
13424
13425
13432
13433
13434
13435
13436
13439
13441
13442
13443
13445
13448
13449
13452
13457
13461
13465
13473
13476
13481
13489
13493
13494
13496
13497
13500
13502
13505
13507
13511
13513
13514
13516
13517
13518
13519
13520
13521
13524
13526
13528
13529
13530
13531
13534
13537
13540
13544
13545
13546
13547
13549
13550
13553
13555
13558
13559
13561
13562
13564
13565
13566
13567
13572
13576
13578
13583
13594
13600
13609
13632
13633
13639
13641
13644
13647
13649
13651
13652
13653
13657
13658
13666
13672
13675
13676
13679
13684
13693
13700
13703
13706
13707
13709
13711
13720
13722
13724
13725
13728
13731
13736
13738
13740
13748
13751
13754
13757
13759
13764
13765
13771
13778
13779
13783
13791
13794
13795
13797
13799
13804
13807
13808
13810
13812
13813
13816
13825
13829
13832
13833
13836
13840
13852
13853
13868
13869
13873
13877
13880
13881
13884
13889
13891
13895
13897
13898
13900
13901
13902
13903
13906
13909
13911
13916
13919
13925
13927
13932
13935
13937
13939
13943
13945
13946
13948
13949
13950
13951
13953
13954
13964
13973
13974
13982
13985
13988
13992
13993
13999
14005
14010
14014
14015
14020
14029
14030
14036
14041
14042
14055
14060
14064
14065
14069
14071
14073
14090
14093
14097
14098
14100
14101
14102
14103
14105
14110
14116
14121
14123
14127
14132
14135
14138
14141
14143
14144
14148
14149
14152
14160
14161
14164
14168
14169
14170
14171
14174
14176
14177
14180
14182
14184
14192
14196
14197
14200
14212
14213
14214
14215
14216
14218
14225
14250
14252
14254
14268
14269
14272
14277
14279
14281
14282
14284
14287
14290
14294
14295
14296
14300
14302
14308
14314
14324
14326
14334
14337
14338
14345
14347
14348
14357
14358
14364
14366
14373
14380
14385
14393
14396
14397
14400
14401
14405
14407
14409
14428
14429
14430
14431
14438
14439
14447
14449
14456
14457
14458
14459
14460
14463
14465
14466
14467
14470
14472
14483
14490
14492
14500
14503
14510
14511
14516
14519
14522
14523
14527
14545
14548
14550
14552
14553
14554
14555
14558
14565
14567
14572
14575
14577
14579
14582
14583
14585
14586
14588
14589
14590
14591
14596
14597
14598
14599
14600
14607
14608
14609
14610
14611
14612
14615
14617
14621
14623
14624
14625
14626
14627
14628
14631
14632
14633
14637
14639
14644
14645
14646
14647
14655
14660
14662
14669
14673
14676
14677
14681
14682
14689
14692
14693
14697
14708
14717
14724
14727
14731
14735
14737
14738
14740
14741
14742
14743
14745
14747
14751
14752
14755
14771
14773
14774
14777
14780
14782
14793
14794
14797
14799
14802
14803
14807
14815
14822
14825
14834
14836
14837
14840
14849
14850
14854
14856
14866
14868
14870
14878
14879
14888
14892
14900
14903
14911
14912
14914
14916
14930
14931
14945
14948
14950
14953
14958
14969
14970
14972
14973
14974
14975
14994
14996
14999
15000
15001
15007
15012
15015
15033
15036
15037
15049
15057
15059
15060
15065
15066
15089
15093
15095
15097
15119
15128
15130
15132
15137
15138
15140
15141
15142
15143
15151
15152
15153
15154
15155
15157
15158
15160
15161
15164
15166
15174
15175
15181
15182
15193
15194
15198
15207
15220
15221
15224
15239
15258
15260
15284
15294
15300
15312
15314
15318
15319
15326
15342
15348
15350
15358
15365
15370
15371
15372
15376
15379
15380
15381
15384
15386
15393
15401
15404
15405
15408
15409
15412
15415
15416
15417
15425
15427
15428
15429
15441
15448
15449
15450
15451
15452
15455
15458
15480
15483
15484
15488
15491
15496
15498
15500
15508
15514
15515
15517
15519
15524
15527
15536
15539
15546
15548
15568
15570
15572
15576
15579
15589
15602
15603
15616
15617
15618
15619
15620
15623
15624
15625
15629
15631
15633
15634
15641
15643
15644
15645
15648
15651
15652
15656
15658
15674
15680
15682
15688
15692
15700
15709
15712
15713
15717
15720
15729
15737
15745
15746
15748
15749
15750
15751
15753
15755
15759
15760
15761
15762
15763
15765
15769
15772
15776
15777
15778
15779
15785
15793
15794
15796
15797
15798
15799
15801
15803
15807
15808
15809
15812
15817
15821
15822
15825
15827
15830
15831
15833
15834
15841
15849
15850
15853
15855
15856
15857
15860
15864
15865
15866
15869
15872
15875
15880
15882
15884
15888
15890
15893
15894
15896
15897
15902
15904
15905
15907
15909
15912
15913
15916
15920
15923
15928
15930
15932
15933
15941
15943
15948
15951
15961
15962
15964
15965
15966
15967
15969
15971
15974
15975
15983
16006
16017
16018
16028
16032
16036
16040
16049
16050
16052
16056
16057
16063
16068
16073
16074
16082
16083
16084
16086
16094
16097
16101
16103
16105
16112
16114
16118
16125
16129
16130
16132
16133
16134
16135
16137
16139
16143
16148
16151
16157
16159
16164
16167
16170
16171
16173
16175
16177
16178
16180
16181
16182
16183
16185
16187
16190
16191
16192
16193
16196
16198
16200
16201
16205
16212
16213
16216
16219
16224
16226
16228
16229
16232
16240
16241
16244
16248
16249
16253
16256
16257
16258
16259
16260
16263
16264
16271
16276
16277
16278
16279
16280
16282
16289
16290
16300
16309
16310
16314
16316
16318
16328
16332
16333
16345
16356
16358
16369
16372
16373
16397
16401
16407
16409
16413
16425
16429
16441
16454
16461
16462
16466
16470
16475
16479
16482
16486
16491
16495
16498
16519
16522
16523
16525
16527
16531
16538
16540
16541
16545
16546
16549
16551
16553
16555
16561
16562
16566
16568
16569
16581
16599
16607
16609
16612
16614
16616
16617
16618
16619
16625
16627
16630
16631
16633
16634
16639
16645
16650
16661
16662
16666
16677
16682
16691
16695
16713
16714
16715
16719
16725
16741
16753
16770
16773
16774
16777
16780
16782
16785
16786
16788
16789
16790
16791
16793
16795
16798
16799
16808
16810
16813
16823
16826
16827
16838
16839
16842
16845
16847
16854
16857
16858
16859
16862
16866
16867
16869
16871
16876
16879
16882
16884
16885
16888
16891
16903
16906
16907
16911
16913
16918
16919
16921
16923
16926
16927
16931
16938
16940
16941
16945
16947
16952
16953
16958
16965
16977
16980
16982
16984
16985
16986
16987
16999
17007
17009
17011
17014
17015
17017
17018
17023
17025
17026
17035
17045
17046
17051
17052
17054
17061
17067
17068
17073
17081
17083
17084
17085
17090
17091
17092
17094
17101
17102
17105
17107
17108
17109
17113
17114
17121
17123
17124
17125
17129
17130
17138
17139
17140
17142
17149
17150
17154
17161
17176
17178
17181
17186
17188
17189
17190
17191
17193
17195
17199
17207
17210
17211
17213
17215
17217
17222
17223
17225
17226
17229
17231
17234
17235
17237
17239
17247
17254
17257
17258
17259
17262
17266
17268
17269
17272
17275
17284
17285
17286
17287
17295
17296
17297
17298
17299
17300
17303
17304
17305
17309
17311
17312
17313
17314
17315
17316
17319
17320
17321
17325
17327
17328
17332
17333
17334
17335
17336
17343
17349
17351
17353
17354
17356
17359
17362
17366
17367
17371
17373
17375
17378
17382
17383
17387
17389
17391
17392
17393
17397
17399
17401
17407
17409
17410
17411
17415
17417
17421
17423
17424
17427
17429
17430
17431
17432
17434
17438
17439
17442
17449
17451
17452
17453
17462
17466
17467
17470
17475
17477
17481
17482
17490
17492
17494
17501
17502
17511
17515
17519
17520
17522
17527
17528
17535
17539
17546
17552
17554
17555
17558
17561
17566
17569
17571
17573
17576
17577
17580
17582
17587
17594
17596
17597
17604
17606
17608
17609
17610
17611
17613
17614
17618
17627
17632
17634
17636
17637
17640
17643
17652
17654
17656
17657
17658
17659
17661
17662
17669
17670
17674
17676
17678
17681
17682
17689
17693
17699
17700
17701
17702
17703
17704
17706
17710
17711
17715
17719
17721
17725
17727
17730
17734
17735
17736
17739
17741
17742
17743
17745
17751
17754
17759
17763
17766
17774
17779
17780
17785
17793
17794
17796
17797
17798
17799
17801
17803
17806
17807
17812
17815
17818
17821
17823
17828
17831
17834
17835
17837
17839
17841
17842
17844
17845
17846
17847
17849
17851
17854
17855
17858
17859
17863
17868
17871
17878
17879
17882
17886
17887
17891
17894
17895
17897
17901
17903
17906
17907
17911
17919
17923
17930
17943
17947
17951
17956
17959
17962
17963
17965
17967
17968
17971
17976
17978
17985
17988
17990
17992
17993
17994
17995
17997
17998
18001
18003
18006
18007
18009
18010
18014
18019
18023
18025
18026
18028
18029
18030
18031
18032
18036
18038
18040
18041
18042
18043
18045
18046
18049
18050
18051
18055
18056
18057
18063
18065
18073
18075
18076
18077
18080
18083
18084
18085
18086
18087
18088
18090
18094
18095
18101
18106
18107
18110
18113
18115
18116
18117
18121
18122
18129
18133
18135
18137
18146
18148
18150
18157
18158
18160
18162
18166
18168
18173
18177
18178
18180
18181
18182
18183
18185
18187
18191
18192
18193
18194
18195
18197
18198
18200
18201
18208
18209
18210
18211
18213
18214
18216
18217
18220
18222
18225
18226
18228
18229
18230
18231
18233
18235
18238
18239
18242
18243
18247
18255
18258
18267
18274
18276
18280
18283
18290
18291
18295
18303
18309
18310
18315
18320
18325
18328
18337
18338
18345
18347
18348
18349
18352
18356
18360
18361
18365
18367
18368
18370
18374
18375
18379
18381
18382
18386
18387
18390
18400
18401
18405
18408
18409
18410
18411
18415
18417
18421
18425
18433
18434
18435
18439
18441
18445
18457
18473
18510
18518
18534
18542
18546
18550
18555
18559
18563
18570
18580
18583
18589
18593
18595
18600
18601
18606
18617
18626
18627
18629
18631
18645
18657
18659
18662
18665
18666
18668
18669
18670
18671
18673
18680
18681
18682
18683
18685
18686
18693
18694
18698
18707
18711
18723
18727
18750
18753
18761
18762
18778
18779
18793
18794
18795
18799
18805
18817
18818
18820
18821
18822
18823
18825
18827
18830
18831
18832
18833
18834
18835
18837
18838
18840
18841
18855
18858
18861
18863
18867
18877
18880
18881
18888
18889
18890
18893
18894
18897
18905
18906
18914
18917
18923
18933
18940
18943
18947
18954
18961
18963
18968
18969
18974
18980
18983
18989
19001
19011
19013
19015
19025
19027
19036
19045
19057
19060
19062
19064
19065
19066
19067
19073
19074
19075
19079
19080
19081
19087
19088
19091
19092
19093
19094
19095
19096
19098
19102
19103
19104
19107
19108
19109
19110
19111
19112
19114
19118
19119
19121
19122
19123
19124
19127
19128
19129
19133
19135
19136
19143
19144
19147
19148
19149
19150
19151
19153
19157
19159
19160
19161
19162
19163
19164
19167
19169
19173
19175
19176
19177
19178
19179
19180
19183
19184
19186
19190
19191
19195
19196
19197
19198
19199
19201
19202
19204
19205
19206
19207
19209
19211
19215
19223
19226
19227
19229
19231
19232
19233
19234
19235
19237
19238
19240
19241
19251
19261
19264
19265
19272
19273
19277
19282
19285
19291
19297
19302
19303
19305
19306
19311
19314
19317
19319
19324
19327
19333
19334
19339
19345
19346
19353
19355
19357
19361
19362
19369
19371
19373
19381
19382
19386
19387
19388
19390
19393
19395
19396
19397
19401
19402
19410
19411
19421
19426
19427
19430
19437
19438
19441
19443
19444
19445
19449
19450
19458
19467
19478
19482
19483
19486
19495
19496
19510
19514
19518
19519
19521
19525
19527
19528
19529
19530
19531
19538
19542
19547
19548
19549
19550
19551
19555
19557
19561
19562
19570
19572
19574
19581
19582
19591
19594
19595
19599
19604
19605
19606
19607
19614
19615
19620
19621
19622
19623
19625
19630
19631
19636
19639
19642
19643
19645
19647
19649
19651
19655
19657
19658
19660
19661
19662
19663
19669
19671
19676
19679
19682
19685
19687
19692
19695
19697
19699
19702
19703
19705
19706
19708
19709
19710
19711
19715
19716
19717
19718
19719
19720
19722
19726
19727
19731
19735
19737
19741
19743
19750
19754
19755
19771
19782
19789
19790
19797
19802
19810
19814
19815
19816
19819
19822
19823
19825
19831
19834
19836
19839
19843
19845
19846
19849
19856
19859
19869
19875
19880
19882
19891
19893
19894
19897
19900
19902
19906
19908
19909
19912
19915
19926
19929
19930
19931
19933
19934
19936
19937
19942
19944
19945
19946
19947
19949
19950
19954
19956
19957
19960
19963
19975
19978
19979
19983
19987
19992
19994
19996
19997
20000
20003
20008
20010
20023
20026
20027
20031
20033
20035
20039
20041
20042
20044
20045
20046
20047
20049
20052
20056
20057
20058
20059
20065
20072
20073
20074
20075
20081
20083
20087
20089
20090
20092
20093
20094
20095
20098
20108
20109
20114
20115
20116
20120
20121
20125
20127
20133
20134
20138
20142
20147
20149
20150
20151
20154
20158
20159
20160
20161
20165
20167
20168
20169
20170
20171
20172
20175
20177
20179
20180
20181
20185
20186
20192
20194
20199
20200
20204
20205
20206
20207
20210
20211
20212
20214
20221
20222
20224
20225
20226
20227
20229
20230
20232
20241
20242
20245
20249
20251
20255
20257
20258
20260
20261
20262
20263
20265
20267
20270
20271
20275
20277
20278
20281
20288
20292
20293
20296
20299
20306
20307
20309
20311
20319
20322
20323
20327
20332
20335
20338
20340
20341
20344
20347
20355
20357
20360
20362
20367
20373
20378
20379
20380
20382
20384
20385
20386
20387
20388
20391
20393
20397
20399
20401
20402
20409
20411
20413
20418
20419
20420
20429
20430
20434
20438
20439
20443
20445
20447
20449
20452
20453
20457
20464
20465
20469
20471
20473
20479
20485
20490
20498
20499
20502
20509
20515
20525
20529
20532
20533
20537
20547
20551
20553
20557
20559
20563
20564
20565
20566
20567
20574
20575
20579
20580
20581
20582
20583
20584
20586
20590
20591
20592
20593
20594
20595
20596
20599
20600
20601
20605
20607
20610
20611
20613
20615
20620
20623
20625
20627
20630
20631
20634
20636
20637
20638
20640
20644
20645
20648
20651
20656
20657
20660
20664
20665
20666
20670
20673
20674
20676
20677
20678
20679
20686
20692
20695
20703
20704
20705
20706
20707
20709
20710
20712
20713
20716
20718
20720
20723
20728
20730
20732
20738
20742
20747
20748
20749
20750
20751
20753
20757
20759
20760
20761
20762
20763
20764
20767
20773
20775
20776
20777
20778
20779
20780
20783
20784
20786
20790
20791
20792
20795
20799
20806
20810
20811
20814
20818
20827
20834
20841
20843
20844
20845
20858
20859
20860
20865
20868
20870
20872
20873
20874
20875
20877
20878
20880
20882
20884
20897
20899
20903
20905
20906
20911
20914
20919
20927
20928
20931
20938
20940
20941
20945
20946
20949
20950
20952
20953
20956
20958
20964
20967
20970
20971
20973
20975
20977
20978
20980
20982
20983
20985
20987
20991
20998
21002
21003
21006
21009
21014
21015
21018
21022
21023
21026
21028
21029
21032
21035
21042
21043
21045
21047
21052
21055
21056
21059
21069
21076
21079
21082
21091
21097
21100
21102
21106
21108
21109
21110
21111
21118
21126
21127
21128
21131
21132
21134
21135
21139
21149
21155
21156
21165
21170
21175
21179
21189
21190
21194
21196
21198
21200
21204
21205
21206
21207
21215
21219
21220
21221
21222
21223
21230
21237
21253
21255
21260
21263
21269
21283
21286
21287
21290
21292
21293
21294
21295
21297
21300
21302
21304
21306
21307
21310
21316
21317
21319
21321
21326
21327
21330
21331
21334
21342
21348
21351
21354
21355
21357
21359
21360
21363
21370
21377
21379
21380
21381
21397
21399
21400
21404
21408
21413
21415
21416
21417
21418
21419
21420
21423
21427
21428
21434
21440
21442
21443
21444
21447
21453
21457
21474
21483
21488
21496
21497
21505
21509
21511
21514
21519
21521
21523
21524
21525
21529
21542
21543
21544
21547
21548
21549
21550
21555
21556
21558
21566
21571
21573
21576
21578
21589
21590
21595
21600
21601
21602
21603
21604
21607
21608
21615
21617
21618
21625
21627
21628
21634
21640
21643
21650
21651
21653
21655
21660
21663
21666
21667
21671
21676
21679
21682
21684
21688
21691
21706
21707
21715
21720
21722
21724
21725
21728
21731
21736
21738
21740
21741
21748
21751
21754
21755
21759
21762
21764
21766
21773
21774
21776
21778
21783
21784
21791
21795
21796
21801
21802
21808
21815
21819
21823
21826
21833
21835
21836
21837
21842
21847
21848
21855
21861
21862
21867
21868
21870
21872
21875
21876
21877
21878
21879
21880
21887
21889
21891
21894
21895
21897
21898
21900
21901
21902
21903
21904
21905
21908
21910
21912
21913
21914
21915
21917
21918
21924
21926
21928
21929
21930
21931
21933
21934
21939
21942
21943
21945
21946
21948
21949
21950
21951
21954
21955
21958
21966
21970
21974
21975
21977
21979
21982
21983
21986
21989
21990
21991
21995
21998
21999
22000
22002
22006
22008
22009
22012
22014
22022
22023
22026
22030
22031
22034
22035
22039
22044
22047
22051
22053
22055
22063
22065
22067
22070
22071
22073
22078
22079
22083
22085
22086
22089
22099
22115
22120
22122
22124
22125
22128
22129
22130
22131
22133
22134
22136
22137
22146
22147
22150
22158
22161
22164
22165
22176
22182
22183
22184
22187
22188
22189
22190
22192
22193
22197
22200
22201
22202
22203
22207
22209
22210
22229
22230
22240
22241
22242
22243
22248
22249
22256
22259
22261
22264
22266
22274
22277
22283
22289
22296
22297
22298
22299
22308
22310
22312
22313
22314
22315
22317
22318
22320
22322
22324
22325
22328
22331
22343
22346
22347
22354
22358
22363
22370
22373
22375
22377
22379
22382
22383
22391
22394
22395
22399
22401
22408
22409
22410
22411
22412
22415
22416
22418
22424
22428
22433
22435
22436
22437
22441
22442
22450
22452
22454
22462
22464
22467
22468
22469
22470
22474
22480
22481
22482
22483
22487
22488
22489
22501
22502
22506
22507
22510
22513
22514
22521
22524
22525
22530
22531
22534
22545
22547
22548
22549
22553
22561
22563
22564
22565
22569
22579
22582
22590
22592
22595
22599
22611
22615
22617
22621
22623
22627
22631
22633
22639
22643
22646
22648
22650
22654
22657
22662
22663
22665
22666
22668
22671
22674
22675
22677
22679
22684
22687
22688
22689
22692
22696
22697
22698
22702
22704
22706
22708
22715
22727
22730
22733
22735
22737
22738
22740
22741
22742
22743
22745
22747
22751
22755
22760
22762
22764
22768
22769
22770
22771
22773
22774
22776
22777
22780
22782
22785
22789
22791
22792
22793
22794
22795
22796
22799
22800
22802
22807
22808
22811
22815
22816
22818
22822
22823
22831
22839
22843
22847
22849
22857
22870
22874
22875
22878
22886
22890
22891
22894
22898
22905
22907
22908
22909
22912
22914
22916
22917
22920
22923
22928
22929
22932
22934
22936
22937
22938
22939
22941
22942
22946
22951
22959
22963
22966
22967
22969
22970
22972
22973
22974
22975
22976
22977
22978
22984
22985
22992
23000
23002
23004
23005
23010
23014
23017
23019
23023
23028
23034
23035
23037
23039
23042
23048
23051
23058
23063
23068
23071
23072
23073
23076
23078
23080
23089
23094
23095
23097
23100
23103
23104
23105
23106
23107
23112
23113
23122
23124
23125
23126
23127
23129
23131
23135
23136
23139
23156
23159
23162
23165
23167
23168
23169
23175
23176
23177
23179
23180
23183
23185
23187
23188
23189
23194
23201
23204
23205
23209
23221
23223
23225
23226
23227
23228
23231
23233
23234
23243
23248
23249
23250
23251
23252
23255
23256
23257
23263
23267
23271
23273
23279
23281
23289
23291
23293
23297
23299
23302
23311
23313
23320
23321
23322
23323
23330
23333
23335
23340
23343
23344
23346
23348
23349
23352
23355
23364
23367
23373
23379
23386
23393
23396
23398
23399
23401
23406
23407
23413
23414
23416
23417
23420
23422
23427
23440
23442
23448
23451
23452
23456
23458
23463
23464
23467
23471
23474
23475
23476
23478
23486
23488
23491
23492
23493
23495
23496
23498
23503
23510
23514
23515
23516
23526
23530
23531
23534
23536
23540
23541
23542
23543
23544
23550
23551
23554
23558
23559
23563
23566
23567
23571
23572
23582
23584
23591
23593
23594
23595
23599
23603
23604
23610
23619
23623
23625
23629
23631
23643
23644
23645
23651
23652
23653
23654
23655
23656
23658
23662
23663
23669
23670
23674
23675
23676
23678
23680
23681
23684
23686
23688
23689
23690
23693
23694
23697
23699
23702
23703
23708
23709
23710
23713
23715
23718
23719
23721
23722
23724
23726
23728
23732
23734
23737
23738
23739
23741
23742
23745
23746
23748
23749
23750
23751
23758
23763
23765
23766
23769
23772
23774
23776
23777
23778
23779
23781
23782
23784
23785
23788
23790
23793
23794
23796
23797
23798
23799
23801
23803
23806
23807
23811
23812
23813
23817
23818
23824
23831
23835
23839
23842
23843
23844
23846
23853
23854
23863
23867
23868
23869
23870
23871
23878
23882
23883
23886
23894
23898
23902
23903
23906
23913
23915
23916
23917
23922
23924
23928
23933
23935
23938
23941
23943
23948
23951
23952
23954
23956
23957
23968
23970
23972
23986
23987
23989
23991
24000
24003
24010
24012
24013
24020
24023
24026
24027
24029
24031
24036
24039
24042
24043
24045
24047
24048
24051
24056
24058
24060
24061
24066
24067
24071
24076
24079
24083
24089
24093
24095
24097
24099
24102
24103
24105
24110
24115
24119
24124
24127
24128
24131
24141
24147
24149
24150
24153
24163
24169
24172
24174
24179
24184
24186
24188
24189
24193
24201
24202
24210
24211
24222
24224
24225
24232
24233
24234
24240
24242
24246
24247
24251
24254
24261
24262
24266
24268
24270
24273
24274
24281
24283
24284
24285
24291
24292
24293
24294
24295
24296
24298
24302
24304
24305
24306
24307
24308
24311
24313
24317
24319
24321
24328
24329
24330
24331
24352
24354
24356
24357
24368
24379
24385
24388
24389
24391
24393
24398
24399
24407
24410
24411
24415
24420
24423
24426
24427
24429
24431
24434
24436
24437
24439
24441
24446
24447
24448
24450
24455
24456
24459
24460
24461
24462
24463
24464
24465
24472
24473
24474
24475
24476
24479
24482
24484
24486
24493
24494
24499
24500
24501
24505
24506
24512
24513
24514
24515
24516
24519
24520
24521
24525
24528
24531
24532
24534
24535
24536
24538
24542
24543
24546
24553
24556
24557
24566
24570
24572
24574
24581
24594
24595
24598
24605
24611
24621
24625
24628
24629
24633
24634
24645
24650
24652
24654
24657
24658
24665
24667
24669
24673
24681
24683
24693
24698
24710
24714
24715
24718
24722
24724
24725
24728
24731
24737
24739
24745
24746
24750
24754
24755
24757
24759
24764
24772
24782
24791
24794
24795
24800
24801
24802
24803
24808
24816
24819
24824
24826
24841
24842
24850
24852
24854
24861
24862
24866
24868
24877
24881
24883
24889
24890
24906
24907
24921
24924
24925
24961
24964
24966
24968
24969
24970
24971
24976
24978
24980
24981
24984
25001
25002
25004
25005
25006
25007
25010
25026
25028
25029
25031
25033
25035
25044
25047
25050
25051
25053
25055
25058
25059
25062
25072
25075
25080
25082
25090
25091
25093
25100
25103
25104
25108
25109
25112
25115
25121
25126
25127
25129
25130
25132
25133
25136
25137
25140
25144
25145
25160
25162
25164
25165
25172
25178
25186
25193
25207
25214
25218
25222
25223
25224
25227
25228
25230
25231
25234
25235
25236
25238
25245
25250
25251
25254
25261
25266
25270
25271
25275
25277
25279
25280
25281
25282
25283
25284
25287
25288
25297
25298
25305
25307
25313
25314
25321
25323
25324
25328
25329
25330
25331
25332
25335
25336
25337
25341
25343
25346
25349
25356
25360
25362
25364
25368
25377
25379
25385
25386
25388
25389
25390
25391
25393
25396
25398
25400
25401
25402
25403
25408
25416
25418
25420
25421
25428
25431
25437
25441
25443
25445
25448
25449
25452
25454
25457
25460
25462
25465
25467
25472
25474
25478
25480
25483
25484
25485
25486
25487
25490
25492
25494
25501
25502
25506
25507
25508
25510
25517
25518
25520
25522
25526
25528
25534
25536
25538
25540
25543
25549
25569
25570
25579
25584
25585
25591
25592
25593
25601
25605
25610
25612
25617
25620
25621
25625
25638
25639
25640
25643
25644
25645
25646
25650
25651
25652
25654
25662
25665
25673
25676
25680
25684
25688
25689
25701
25702
25708
25710
25712
25716
25717
25718
25719
25720
25726
25734
25735
25738
25740
25742
25743
25745
25750
25754
25766
25769
25770
25771
25773
25774
25782
25783
25786
25790
25791
25796
25799
25802
25811
25816
25818
25832
25834
25836
25844
25847
25850
25853
25855
25861
25864
25868
25873
25876
25877
25888
25896
25900
25901
25902
25903
25908
25910
25917
25918
25922
25929
25932
25933
25938
25940
25943
25944
25949
25957
25958
25962
25963
25964
25968
25971
25972
25973
25974
25976
25978
25990
25993
25994
25996
25997
25998
25999
26004
26006
26008
26013
26014
26020
26022
26024
26025
26026
26027
26029
26030
26038
26041
26042
26046
26052
26055
26058
26059
26061
26074
26083
26090
26103
26106
26107
26114
26116
26120
26123
26128
26129
26132
26134
26137
26142
26144
26148
26153
26154
26157
26158
26164
26168
26171
26176
26177
26178
26179
26181
26182
26184
26185
26188
26190
26192
26200
26204
26216
26218
26220
26221
26227
26229
26230
26232
26236
26238
26242
26243
26244
26246
26254
26257
26260
26261
26265
26278
26279
26280
26283
26284
26285
26286
26289
26293
26303
26304
26308
26309
26310
26311
26312
26318
26320
26324
26328
26329
26333
26335
26341
26342
26346
26348
26350
26361
26364
26365
26368
26370
26372
26373
26376
26384
26388
26390
26392
26393
26394
26397
26398
26400
26404
26408
26409
26410
26411
26413
26414
26416
26418
26420
26424
26432
26433
26434
26437
26438
26440
26441
26444
26448
26451
26456
26458
26464
26472
26474
26476
26480
26482
26486
26488
26489
26492
26494
26498
26500
26502
26509
26510
26513
26516
26517
26528
26530
26534
26536
26540
26541
26542
26543
26549
26552
26556
26560
26563
26564
26565
26566
26568
26570
26583
26584
26597
26598
26602
26603
26604
26606
26617
26620
26621
26626
26627
26630
26641
26645
26649
26650
26657
26660
26661
26665
26666
26674
26689
26697
26709
26714
26716
26718
26725
26726
26732
26734
26737
26745
26747
26749
26754
26760
26763
26768
26769
26772
26774
26776
26778
26796
26799
26801
26809
26810
26812
26820
26823
26826
26833
26834
26836
26837
26838
26839
26841
26843
26846
26847
26856
26858
26860
26864
26865
26866
26867
26869
26870
26872
26873
26876
26878
26882
26884
26886
26897
26905
26921
26922
26934
26945
26946
26953
26966
26970
26971
26982
26986
26987
27001
27004
27005
27008
27010
27012
27016
27019
27024
27025
27028
27030
27032
27033
27034
27035
27042
27045
27047
27052
27055
27062
27065
27066
27068
27069
27070
27071
27076
27079
27082
27083
27085
27087
27090
27092
27094
27097
27099
27102
27103
27107
27114
27121
27122
27125
27126
27128
27129
27132
27134
27137
27142
27143
27145
27146
27148
27152
27153
27156
27160
27161
27173
27180
27188
27200
27201
27202
27203
27205
27206
27208
27209
27212
27214
27217
27218
27220
27225
27227
27240
27242
27244
27245
27252
27258
27261
27263
27264
27271
27272
27273
27274
27275
27276
27279
27281
27283
27284
27285
27289
27290
27297
27300
27301
27305
27317
27319
27321
27322
27324
27328
27332
27333
27334
27335
27336
27342
27343
27349
27350
27354
27355
27356
27358
27365
27366
27370
27372
27374
27380
27381
27382
27383
27384
27386
27390
27391
27393
27395
27398
27401
27402
27404
27405
27406
27407
27409
27412
27414
27416
27417
27418
27419
27426
27429
27431
27445
27456
27457
27458
27462
27464
27465
27481
27488
27496
27498
27500
27501
27508
27517
27521
27525
27527
27528
27529
27530
27531
27532
27535
27540
27545
27546
27557
27561
27562
27578
27584
27587
27588
27589
27590
27591
27592
27594
27598
27599
27606
27610
27611
27621
27622
27626
27627
27628
27630
27632
27636
27637
27638
27640
27642
27646
27647
27650
27654
27655
27659
27660
27662
27666
27667
27668
27678
27680
27688
27689
27690
27692
27700
27706
27718
27723
27724
27726
27731
27732
27736
27738
27742
27745
27746
27753
27756
27760
27764
27768
27769
27773
27775
27778
27779
27783
27788
27791
27794
27796
27797
27800
27803
27812
27813
27816
27826
27827
27829
27831
27836
27841
27844
27845
27846
27847
27849
27854
27859
27861
27862
27865
27868
27870
27873
27877
27878
27884
27886
27889
27890
27892
27893
27894
27895
27897
27902
27904
27906
27910
27912
27916
27917
27918
27919
27922
27924
27926
27933
27934
27936
27943
27944
27945
27946
27947
27955
27961
27962
27974
27978
27982
27990
27994
27998
27999
28002
28012
28013
28018
28020
28024
28029
28034
28037
28039
28044
28047
28048
28050
28052
28053
28056
28064
28066
28072
28075
28082
28098
28100
28101
28102
28103
28105
28110
28111
28112
28114
28115
28118
28126
28128
28129
28130
28133
28134
28137
28146
28148
28149
28153
28158
28159
28160
28164
28166
28168
28169
28170
28173
28174
28176
28180
28184
28187
28192
28196
28197
28200
28208
28212
28216
28217
28221
28224
28232
28236
28240
28248
28249
28252
28256
28257
28258
28259
28261
28262
28264
28265
28272
28280
28284
28285
28292
28298
28306
28307
28308
28310
28318
28320
28325
28328
28329
28338
28342
28343
28347
28349
28352
28356
28360
28361
28365
28367
28371
28372
28376
28378
28382
28385
28386
28393
28397
28405
28406
28410
28411
28412
28414
28416
28420
28424
28425
28426
28427
28429
28430
28432
28434
28436
28440
28448
28452
28465
28468
28472
28473
28474
28475
28480
28488
28492
28493
28498
28501
28504
28508
28512
28513
28514
28517
28518
28520
28521
28524
28528
28531
28536
28538
28540
28541
28547
28549
28553
28554
28562
28564
28566
28573
28574
28576
28577
28581
28583
28584
28585
28586
28587
28592
28594
28598
28600
28606
28610
28612
28616
28621
28630
28634
28638
28639
28642
28649
28652
28653
28662
28666
28670
28674
28681
28683
28684
28685
28688
28689
28690
28692
28696
28697
28701
28704
28705
28706
28707
28708
28712
28713
28717
28721
28729
28732
28733
28737
28741
28744
28745
28746
28747
28748
28751
28753
28756
28757
28761
28762
28769
28771
28772
28773
28777
28778
28784
28785
28789
28791
28792
28796
28801
28802
28803
28805
28806
28808
28809
28812
28814
28817
28818
28820
28822
28823
28825
28827
28831
28832
28835
28840
28842
28844
28845
28852
28855
28858
28859
28863
28864
28866
28868
28869
28872
28875
28882
28887
28895
28897
28900
28902
28904
28905
28906
28907
28913
28915
28919
28921
28922
28927
28929
28930
28937
28939
28940
28941
28944
28945
28946
28947
28948
28951
28952
28953
28957
28959
28960
28961
28962
28963
28964
28967
28968
28969
28973
28975
28977
28978
28985
28987
28989
28992
28993
28997
29000
29001
29002
29004
29009
29012
29013
29017
29025
29028
29029
29033
29040
29041
29045
29048
29049
29056
29057
29058
29059
29061
29062
29064
29065
29068
29070
29074
29076
29077
29078
29079
29081
29083
29086
29087
29088
29091
29096
29098
29101
29111
29114
29115
29120
29122
29124
29125
29128
29131
29139
29141
29143
29148
29151
29152
29153
29156
29158
29160
29162
29163
29169
29175
29177
29185
29186
29187
29189
29190
29192
29193
29196
29198
29200
29208
29210
29212
29213
29217
29220
29221
29225
29236
29239
29245
29253
29265
29268
29270
29272
29292
29295
29302
29308
29313
29321
29324
29333
29338
29339
29340
29349
29361
29381
29383
29384
29388
29392
29398
29400
29407
29410
29414
29419
29420
29425
29429
29431
29432
29436
29442
29445
29446
29449
29452
29454
29464
29466
29468
29469
29474
29476
29477
29478
29479
29486
29492
29495
29498
29508
29509
29512
29520
29521
29524
29526
29528
29538
29541
29548
29551
29553
29562
29564
29567
29569
29570
29577
29579
29581
29589
29590
29596
29605
29606
29610
29618
29625
29627
29632
29633
29637
29640
29655
29666
29672
29675
29676
29679
29680
29681
29689
29691
29698
29700
29704
29709
29711
29712
29717
29718
29720
29737
29739
29740
29741
29749
29750
29756
29758
29760
29768
29773
29776
29777
29781
29783
29785
29796
29798
29805
29806
29809
29811
29812
29817
29818
29826
29829
29831
29833
29835
29838
29839
29844
29850
29851
29853
29855
29860
29863
29866
29867
29869
29874
29876
29878
29879
29881
29883
29886
29887
29888
29889
29892
29894
29896
29897
29898
29899
29901
29902
29904
29906
29908
29909
29912
29915
29920
29922
29924
29925
29928
29931
29936
29937
29940
29942
29944
29945
29946
29947
29949
29950
29952
29956
29960
29961
29965
29967
29968
29973
29976
29983
29985
29986
29993
29995
29996
30005
30006
30011
30016
30022
30023
30024
30028
30029
30030
30032
30037
30039
30040
30041
30042
30047
30051
30052
30061
30062
30065
30067
30068
30069
30073
30081
30082
30084
30085
30086
30087
30089
30091
30094
30095
30100
30103
30106
30109
30111
30116
30119
30122
30123
30125
30127
30129
30130
30132
30133
30134
30135
30137
30139
30142
30143
30144
30145
30148
30150
30153
30154
30155
30157
30162
30164
30165
30168
30178
30180
30181
30184
30187
30192
30193
30196
30201
30202
30205
30210
30212
30213
30215
30217
30219
30222
30223
30224
30225
30226
30229
30230
30232
30233
30236
30238
30241
30243
30245
30252
30257
30260
30261
30263
30265
30270
30271
30273
30276
30278
30280
30281
30282
30283
30285
30286
30289
30291
30294
30295
30297
30298
30300
30301
30302
30303
30305
30307
30311
30313
30314
30316
30317
30318
30319
30320
30324
30326
30328
30333
30334
30336
30337
30338
30339
30340
30343
30344
30345
30349
30353
30354
30361
30364
30365
30368
30371
30372
30373
30378
30389
30390
30394
30395
30396
30398
30400
30402
30408
30412
30418
30420
30422
30430
30433
30440
30441
30442
30443
30444
30447
30449
30451
30453
30457
30458
30465
30466
30468
30469
30470
30471
30473
30475
30478
30479
30480
30481
30482
30483
30485
30486
30488
30489
30496
30497
30498
30499
30505
30513
30514
30516
30517
30518
30519
30521
30523
30526
30527
30528
30529
30532
30537
30538
30541
30545
30547
30550
30551
30553
30558
30561
30569
30573
30575
30576
30577
30580
30585
30589
30592
30593
30594
30595
30596
30599
30600
30601
30605
30607
30610
30617
30620
30621
30624
30627
30628
30629
30630
30631
30632
30634
30638
30646
30650
30654
30656
30658
30664
30667
30668
30669
30671
30675
30676
30678
30685
30688
30689
30693
30695
30696
30698
30699
30700
30703
30705
30708
30709
30713
30720
30721
30722
30723
30724
30727
30728
30729
30737
30745
30748
30749
30753
30761
30764
30765
30769
30772
30776
30777
30781
30783
30785
30787
30793
30794
30801
30805
30807
30808
30809
30810
30811
30812
30815
30817
30821
30823
30824
30825
30826
30827
30828
30831
30833
30835
30836
30841
30842
30849
30852
30854
30855
30857
30863
30864
30865
30866
30867
30869
30872
30873
30876
30884
30893
30896
30904
30906
30908
30909
30914
30915
30917
30919
30924
30927
30928
30930
30932
30933
30936
30939
30945
30947
30950
30951
30953
30954
30956
30957
30958
30959
30960
30961
30964
30966
30968
30969
30970
30971
30973
30974
30976
30977
30978
30979
30980
30983
30984
30985
30989
30991
30993
31001
31003
31005
31009
31010
31021
31027
31031
31033
31037
31039
31041
31044
31045
31049
31050
31056
31061
31063
31064
31066
31067
31068
31071
31072
31073
31077
31079
31080
31081
31084
31087
31089
31091
31092
31093
31097
31105
31106
31108
31109
31110
31111
31113
31115
31118
31119
31120
31121
31122
31123
31125
31126
31128
31129
31132
31143
31146
31149
31151
31155
31160
31162
31164
31165
31170
31171
31173
31175
31180
31183
31184
31186
31188
31189
31192
31195
31201
31206
31207
31209
31210
31212
31215
31216
31217
31220
31225
31226
31229
31233
31236
31238
31241
31252
31261
31264
31265
31269
31292
31293
31298
31301
31303
31313
31315
31318
31321
31322
31324
31325
31326
31327
31333
31345
31348
31350
31352
31357
31358
31361
31364
31367
31368
31376
31379
31380
31381
31383
31384
31386
31390
31391
31397
31406
31412
31415
31421
31427
31434
31442
31443
31444
31446
31454
31462
31470
31477
31481
31482
31489
31490
31492
31493
31494
31495
31502
31508
31511
31514
31517
31519
31520
31525
31526
31536
31549
31557
31564
31569
31574
31575
31577
31580
31588
31589
31592
31600
31601
31604
31609
31613
31619
31623
31625
31631
31635
31636
31640
31642
31647
31648
31655
31667
31671
31684
31685
31689
31699
31702
31709
31714
31718
31725
31729
31732
31733
31737
31746
31755
31756
31757
31770
31771
31776
31777
31778
31779
31780
31784
31785
31789
31792
31797
31798
31800
31811
31812
31814
31821
31822
31827
31828
31833
31834
31840
31842
31847
31848
31852
31853
31854
31855
31856
31864
31865
31866
31867
31872
31873
31874
31875
31877
31878
31880
31881
31884
31886
31888
31891
31896
31898
31900
31901
31904
31907
31912
31914
31916
31917
31920
31921
31922
31923
31925
31926
31928
31929
31932
31934
31937
31939
31942
31943
31945
31946
31948
31949
31950
31951
31954
31955
31957
31959
31964
31967
31970
31973
31975
31980
31983
31985
31987
31991
31993
31994
31996
31997
31998
31999
32001
32002
32009
32011
32012
32013
32021
32027
32028
32030
32032
32033
32034
32035
32036
32039
32040
32041
32045
32047
32051
32053
32056
32058
32063
32066
32067
32068
32078
32083
32084
32090
32096
32104
32107
32109
32111
32112
32121
32122
32123
32128
32129
32130
32131
32133
32134
32136
32137
32140
32142
32144
32147
32152
32154
32156
32157
32160
32163
32168
32170
32173
32176
32177
32178
32179
32181
32182
32184
32185
32193
32195
32198
32199
32201
32202
32204
32206
32207
32210
32211
32213
32215
32220
32223
32226
32227
32229
32231
32236
32239
32241
32243
32249
32250
32253
32256
32257
32258
32259
32261
32262
32264
32265
32268
32270
32273
32277
32278
32281
32289
32292
32293
32297
32305
32309
32312
32313
32316
32321
32323
32327
32329
32330
32332
32333
32334
32335
32337
32340
32344
32345
32346
32347
32350
32353
32360
32361
32362
32363
32369
32371
32375
32377
32378
32380
32381
32382
32383
32393
32396
32400
32401
32402
32403
32404
32408
32409
32413
32421
32432
32435
32436
32437
32438
32440
32442
32450
32452
32454
32462
32464
32466
32470
32472
32475
32476
32478
32479
32481
32483
32485
32489
32490
32496
32497
32501
32503
32504
32505
32506
32507
32512
32513
32514
32515
32517
32518
32520
32521
32529
32533
32537
32539
32543
32545
32546
32548
32549
32550
32551
32558
32563
32565
32566
32569
32577
32585
32586
32589
32592
32596
32601
32602
32603
32605
32606
32608
32609
32614
32616
32617
32621
32625
32627
32633
32637
32641
32642
32649
32651
32653
32656
32657
32658
32659
32660
32663
32664
32665
32669
32671
32677
32678
32682
32691
32692
32693
32694
32695
32696
32698
32702
32706
32707
32708
32717
32722
32726
32727
32728
32731
32737
32740
32741
32745
32746
32752
32753
32757
32760
32761
32762
32764
32774
32779
32783
32786
32790
32791
32794
32812
32815
32821
32823
32830
32836
32837
32838
32839
32845
32853
32854
32857
32861
32863
32867
32868
32871
32874
32876
32878
32881
32882
32888
32890
32894
32895
32898
32900
32906
32908
32909
32910
32914
32915
32919
32920
32921
32922
32923
32925
32926
32930
32931
32933
32935
32938
32942
32946
32948
32949
32954
32960
32961
32962
32963
32965
32970
32977
32978
32980
32981
32982
32983
32984
32986
32988
32993
32994
32996
32997
32998
32999
33000
33002
33004
33008
33009
33010
33011
33014
33018
33023
33035
33036
33039
33046
33049
33050
33061
33067
33071
33073
33077
33079
33086
33091
33095
33109
33110
33119
33122
33124
33127
33130
33134
33138
33146
33150
33151
33156
33157
33161
33162
33164
33165
33166
33167
33171
33173
33175
33176
33177
33178
33179
33182
33186
33189
33191
33192
33198
33200
33202
33204
33210
33214
33218
33219
33221
33222
33226
33227
33229
33231
33233
33236
33237
33238
33239
33242
33244
33245
33250
33252
33253
33254
33255
33256
33258
33260
33261
33264
33265
33266
33269
33270
33274
33275
33279
33286
33287
33298
33299
33301
33303
33306
33310
33314
33315
33317
33319
33322
33326
33329
33334
33335
33336
33348
33351
33356
33358
33361
33362
33364
33365
33366
33367
33368
33370
33372
33373
33377
33378
33380
33381
33382
33383
33384
33386
33388
33396
33399
33401
33404
33406
33415
33422
33426
33430
33431
33434
33444
33448
33451
33452
33453
33454
33455
33460
33464
33465
33466
33468
33473
33474
33480
33482
33486
33487
33493
33494
33496
33497
33501
33503
33504
33505
33506
33507
33508
33511
33514
33515
33516
33518
33524
33525
33526
33527
33529
33531
33532
33542
33547
33554
33557
33559
33560
33566
33570
33573
33575
33576
33581
33582
33585
33587
33590
33591
33592
33604
33607
33609
33614
33618
33620
33621
33622
33623
33626
33628
33629
33634
33636
33637
33638
33642
33644
33645
33652
33655
33656
33660
33662
33671
33677
33678
33680
33682
33686
33687
33689
33690
33699
33700
33701
33704
33708
33709
33710
33711
33714
33716
33718
33720
33721
33722
33723
33724
33727
33730
33738
33742
33743
33750
33752
33753
33757
33759
33761
33762
33764
33767
33770
33771
33772
33776
33780
33781
33782
33785
33788
33789
33794
33798
33799
33802
33815
33822
33831
33838
33840
33842
33846
33847
33849
33850
33856
33857
33858
33859
33860
33863
33866
33868
33870
33876
33877
33878
33879
33884
33892
33893
33894
33895
33899
33900
33904
33905
33906
33907
33908
33911
33914
33915
33916
33918
33928
33929
33930
33934
33942
33943
33947
33956
33962
33964
33965
33966
33984
33987
33998
34000
34005
34006
34013
34015
34020
34023
34028
34030
34033
34034
34036
34037
34038
34039
34040
34042
34044
34055
34058
34064
34078
34085
34087
34093
34094
34102
34103
34106
34114
34119
34122
34123
34126
34131
34134
34135
34139
34144
34148
34149
34150
34156
34157
34162
34164
34167
34170
34171
34172
34174
34178
34183
34184
34185
34186
34187
34189
34193
34195
34199
34200
34203
34208
34210
34212
34213
34217
34218
34220
34221
34222
34223
34228
34230
34236
34239
34240
34243
34251
34257
34276
34279
34280
34281
34284
34289
34292
34293
34294
34295
34298
34300
34301
34326
34327
34331
34340
34346
34348
34349
34350
34360
34361
34362
34366
34369
34370
34372
34373
34374
34375
34376
34378
34380
34384
34385
34386
34387
34389
34390
34395
34397
34399
34408
34412
34414
34425
34427
34430
34431
34433
34436
34437
34440
34444
34446
34448
34449
34455
34464
34465
34471
34478
34481
34483
34484
34485
34488
34492
34494
34501
34502
34519
34525
34532
34533
34534
34535
34540
34549
34550
34552
34553
34559
34564
34566
34572
34575
34577
34579
34582
34583
34584
34592
34594
34596
34597
34601
34602
34604
34605
34606
34607
34610
34615
34616
34617
34618
34619
34621
34622
34625
34626
34628
34629
34630
34634
34636
34637
34641
34642
34650
34651
34655
34660
34664
34665
34668
34672
34687
34692
34703
34704
34705
34709
34711
34727
34733
34734
34740
34751
34758
34765
34768
34772
34774
34777
34788
34789
34793
34796
34797
34806
34808
34809
34813
34815
34818
34822
34823
34826
34834
34835
34838
34840
34841
34842
34847
34853
34855
34862
34865
34868
34869
34875
34877
34878
34879
34900
34901
34902
34903
34926
34931
34932
34935
34938
34940
34942
34952
34953
34954
34958
34960
34962
34964
34969
34970
34973
34974
34978
34980
34986
34989
34990
34994
34995
34997
34999
35001
35002
35003
35005
35006
35009
35010
35012
35013
35014
35015
35016
35018
35024
35025
35026
35027
35030
35034
35039
35043
35046
35050
35051
35055
35058
35060
35062
35063
35064
35066
35068
35069
35078
35081
35082
35090
35097
35105
35109
35111
35117
35118
35121
35123
35124
35125
35132
35133
35134
35135
35145
35155
35157
35159
35169
35178
35182
35183
35186
35187
35188
35191
35194
35195
35198
35202
35207
35208
35209
35210
35211
35213
35214
35216
35218
35220
35221
35225
35226
35228
35229
35230
35231
35232
35234
35236
35237
35241
35242
35244
35245
35246
35247
35250
35251
35253
35255
35256
35257
35258
35259
35262
35266
35269
35271
35274
35281
35282
35286
35290
35291
35295
35298
35302
35306
35307
35311
35314
35320
35322
35324
35334
35343
35346
35348
35349
35354
35357
35358
35362
35364
35370
35372
35373
35374
35375
35376
35377
35380
35382
35388
35392
35401
35406
35411
35413
35414
35418
35421
35423
35427
35430
35434
35439
35443
35451
35454
35455
35457
35460
35461
35464
35468
35470
35474
35475
35476
35478
35481
35482
35483
35484
35488
35489
35495
35502
35504
35506
35510
35511
35513
35514
35520
35521
35522
35523
35524
35527
35530
35532
35534
35540
35541
35542
35543
35545
35547
35548
35553
35554
35560
35562
35574
35583
35585
35588
35590
35596
35599
35600
35602
35604
35605
35609
35610
35612
35613
35614
35615
35616
35618
35620
35621
35625
35626
35628
35629
35630
35631
35632
35636
35638
35644
35647
35651
35657
35662
35663
35666
35670
35674
35675
35677
35679
35680
35682
35686
35690
35691
35695
35707
35710
35711
35716
35727
35730
35731
35732
35734
35738
35744
35751
35757
35758
35760
35762
35766
35767
35769
35770
35776
35777
35778
35780
35783
35786
35787
35792
35796
35797
35798
35801
35804
35805
35810
35823
35829
35830
35832
35844
35846
35849
35850
35852
35855
35857
35860
35861
35867
35869
35870
35871
35873
35875
35876
35880
35884
35886
35892
35894
35897
35898
35900
35903
35905
35906
35912
35914
35918
35925
35926
35929
35933
35935
35942
35944
35945
35951
35953
35954
35960
35962
35967
35972
35973
35980
35982
35983
35988
35990
35996
35999
36008
36009
36010
36014
36022
36023
36027
36036
36039
36044
36046
36049
36050
36052
36053
36054
36055
36056
36058
36060
36075
36082
36086
36090
36095
36098
36100
36102
36104
36105
36106
36107
36108
36111
36116
36117
36124
36125
36126
36127
36132
36133
36140
36141
36142
36143
36146
36148
36150
36152
36153
36154
36155
36156
36159
36161
36162
36170
36174
36175
36181
36182
36191
36197
36198
36200
36207
36210
36218
36222
36223
36233
36234
36239
36244
36246
36252
36255
36258
36263
36264
36265
36266
36267
36269
36270
36273
36275
36278
36279
36280
36283
36295
36296
36297
36305
36308
36309
36310
36311
36314
36316
36317
36335
36337
36338
36341
36342
36346
36347
36351
36358
36359
36372
36374
36380
36383
36386
36387
36391
36393
36394
36395
36398
36400
36402
36404
36405
36410
36412
36414
36418
36422
36426
36431
36433
36434
36436
36437
36438
36439
36440
36442
36444
36459
36468
36471
36476
36478
36485
36493
36500
36501
36508
36509
36513
36516
36517
36520
36524
36526
36528
36529
36533
36535
36541
36548
36549
36550
36551
36556
36565
36566
36568
36569
36573
36575
36584
36596
36597
36598
36599
36601
36603
36604
36614
36615
36624
36628
36630
36639
36642
36643
36647
36650
36653
36654
36656
36658
36660
36665
36666
36671
36673
36674
36677
36678
36682
36683
36687
36690
36692
36693
36694
36695
36698
36700
36701
36719
36724
36727
36728
36732
36756
36757
36764
36765
36766
36767
36772
36783
36784
36785
36789
36791
36804
36805
36809
36812
36813
36822
36824
36825
36829
36831
36841
36852
36853
36857
36860
36861
36870
36879
36882
36890
36894
36895
36899
36903
36914
36915
36916
36919
36922
36923
36926
36929
36931
36932
36940
36941
36942
36943
36946
36947
36948
36950
36952
36953
36954
36955
36956
36959
36961
36965
36967
36974
36976
36978
36982
36983
36985
36986
36995
37001
37003
37006
37007
37009
37011
37014
37018
37019
37023
37025
37026
37027
37029
37030
37034
37035
37037
37039
37040
37043
37049
37051
37054
37059
37061
37063
37064
37065
37066
37067
37069
37070
37073
37075
37078
37079
37080
37083
37089
37091
37095
37096
37099
37107
37109
37111
37112
37113
37114
37115
37118
37129
37133
37135
37144
37146
37150
37151
37156
37157
37158
37159
37165
37168
37169
37170
37171
37172
37175
37178
37182
37187
37195
37198
37199
37202
37203
37204
37206
37210
37211
37215
37223
37229
37230
37234
37238
37239
37242
37257
37259
37263
37264
37277
37279
37280
37281
37282
37283
37285
37286
37290
37293
37295
37296
37305
37307
37311
37314
37315
37319
37321
37322
37323
37325
37326
37331
37334
37335
37336
37339
37345
37347
37350
37351
37352
37362
37363
37367
37368
37369
37370
37371
37373
37374
37379
37390
37396
37399
37401
37406
37412
37417
37422
37424
37427
37433
37438
37445
37447
37449
37454
37456
37458
37460
37461
37465
37466
37468
37469
37470
37471
37472
37474
37476
37482
37486
37490
37493
37495
37496
37502
37509
37510
37519
37523
37527
37537
37538
37546
37550
37551
37553
37554
37556
37562
37563
37566
37571
37572
37573
37580
37581
37582
37583
37591
37597
37598
37602
37603
37604
37606
37608
37609
37610
37611
37612
37615
37616
37618
37622
37623
37625
37626
37652
37655
37662
37668
37671
37676
37678
37680
37689
37694
37698
37699
37703
37704
37705
37706
37709
37710
37714
37716
37722
37724
37725
37726
37727
37730
37732
37733
37738
37740
37746
37747
37749
37754
37766
37775
37780
37781
37782
37783
37794
37800
37802
37806
37807
37808
37809
37810
37811
37812
37815
37818
37820
37822
37827
37828
37835
37837
37838
37839
37847
37854
37858
37859
37860
37865
37866
37867
37868
37874
37878
37879
37882
37891
37893
37895
37899
37900
37910
37912
37913
37919
37926
37935
37939
37942
37943
37945
37947
37948
37949
37955
37960
37961
37962
37963
37967
37968
37970
37975
37977
37978
37991
37994
38002
38003
38004
38006
38008
38009
38010
38011
38015
38020
38023
38024
38025
38028
38035
38041
38043
38046
38047
38049
38050
38052
38054
38055
38058
38060
38061
38065
38066
38069
38070
38074
38075
38077
38079
38081
38083
38087
38088
38091
38096
38097
38100
38102
38108
38111
38114
38115
38117
38119
38120
38121
38122
38123
38125
38128
38130
38132
38133
38137
38138
38140
38141
38142
38143
38148
38153
38155
38168
38169
38173
38175
38185
38191
38196
38197
38198
38199
38201
38203
38204
38210
38211
38217
38218
38219
38223
38226
38230
38231
38233
38234
38240
38242
38246
38247
38249
38250
38258
38259
38260
38262
38265
38266
38267
38268
38271
38276
38279
38280
38281
38284
38288
38291
38297
38299
38303
38305
38306
38308
38309
38310
38311
38312
38314
38316
38317
38320
38321
38322
38323
38325
38326
38330
38331
38333
38335
38339
38342
38343
38347
38352
38353
38356
38358
38367
38370
38373
38375
38376
38377
38378
38379
38381
38384
38386
38388
38389
38393
38396
38397
38398
38399
38417
38418
38422
38423
38426
38428
38429
38447
38449
38450
38453
38458
38459
38463
38465
38467
38471
38482
38483
38487
38488
38489
38490
38491
38493
38500
38502
38511
38512
38514
38517
38521
38522
38527
38531
38533
38534
38535
38537
38539
38540
38541
38545
38546
38548
38551
38554
38555
38561
38562
38564
38567
38570
38571
38572
38574
38576
38580
38581
38582
38585
38588
38589
38594
38595
38596
38598
38600
38601
38602
38603
38604
38607
38609
38611
38612
38616
38619
38623
38625
38627
38629
38632
38635
38636
38642
38644
38646
38648
38649
38650
38651
38655
38665
38668
38673
38674
38676
38677
38678
38679
38680
38682
38704
38705
38706
38707
38710
38714
38719
38721
38723
38726
38727
38731
38738
38739
38745
38746
38747
38764
38772
38781
38788
38789
38790
38791
38796
38800
38801
38802
38803
38804
38807
38810
38812
38814
38816
38817
38818
38819
38820
38823
38826
38828
38830
38836
38837
38838
38839
38841
38843
38844
38850
38851
38852
38854
38858
38859
38860
38863
38865
38868
38869
38872
38875
38876
38878
38879
38881
38884
38885
38888
38891
38892
38893
38895
38900
38902
38904
38905
38906
38908
38911
38913
38914
38922
38926
38927
38934
38936
38937
38943
38945
38946
38947
38948
38951
38954
38955
38958
38960
38963
38964
38966
38967
38969
38971
38972
38973
38978
38985
38993
38995
38996
38997
39004
39014
39017
39018
39025
39041
39042
39045
39046
39050
39051
39055
39059
39065
39067
39070
39071
39075
39086
39087
39088
39089
39090
39091
39093
39094
39098
39099
39101
39103
39105
39107
39111
39122
39123
39125
39127
39128
39129
39130
39131
39134
39139
39141
39143
39144
39145
39146
39147
39150
39153
39155
39158
39159
39160
39163
39169
39170
39176
39178
39183
39192
39193
39197
39199
39200
39201
39202
39203
39204
39207
39210
39212
39214
39216
39219
39220
39221
39222
39223
39225
39227
39228
39234
39235
39238
39240
39242
39247
39249
39251
39252
39253
39259
39261
39263
39264
39266
39270
39271
39273
39274
39285
39287
39294
39296
39297
39298
39299
39302
39306
39307
39311
39312
39315
39321
39323
39327
39328
39331
39337
39339
39342
39343
39344
39345
39346
39347
39349
39350
39354
39355
39357
39359
39363
39371
39378
39379
39381
39383
39386
39387
39389
39394
39395
39399
39401
39402
39403
39405
39406
39411
39414
39415
39416
39419
39425
39426
39427
39429
39430
39434
39435
39442
39444
39446
39447
39450
39452
39453
39458
39463
39466
39468
39472
39474
39475
39478
39482
39483
39487
39489
39494
39496
39499
39505
39508
39510
39516
39519
39521
39526
39542
39547
39553
39567
39569
39570
39571
39572
39575
39578
39579
39589
39590
39592
39593
39599
39600
39603
39604
39605
39606
39607
39609
39611
39612
39613
39625
39638
39641
39642
39649
39651
39652
39662
39665
39669
39671
39678
39680
39681
39682
39683
39686
39690
39695
39697
39698
39700
39701
39702
39703
39704
39706
39714
39716
39718
39719
39720
39722
39725
39731
39734
39738
39743
39750
39751
39752
39766
39772
39775
39782
39791
39798
39799
39809
39810
39816
39818
39824
39825
39826
39827
39828
39831
39834
39836
39838
39846
39848
39855
39856
39859
39860
39861
39862
39863
39865
39867
39868
39874
39875
39880
39881
39882
39888
39890
39894
39895
39897
39898
39905
39908
39909
39925
39927
39933
39934
39937
39938
39940
39943
39946
39947
39948
39953
39954
39960
39962
39966
39967
39969
39970
39978
39983
39985
39986
39991
39994
39995
39996
40001
40003
40004
40012
40013
40014
40015
40017
40021
40023
40029
40030
40032
40033
40037
40039
40046
40049
40051
40052
40053
40060
40065
40068
40069
40070
40071
40072
40074
40076
40077
40081
40082
40083
40085
40086
40090
40091
40093
40095
40103
40104
40105
40108
40110
40115
40121
40123
40126
40127
40131
40133
40135
40136
40137
40138
40139
40141
40142
40144
40146
40148
40149
40153
40154
40156
40157
40158
40159
40161
40163
40167
40168
40171
40177
40180
40182
40188
40191
40192
40193
40194
40195
40196
40199
40203
40204
40209
40210
40223
40225
40226
40232
40234
40239
40240
40241
40242
40243
40244
40247
40250
40251
40252
40254
40259
40267
40270
40271
40279
40285
40288
40289
40295
40301
40305
40307
40308
40309
40315
40317
40319
40321
40322
40324
40325
40326
40327
40328
40330
40332
40338
40341
40342
40346
40347
40349
40351
40356
40359
40361
40364
40366
40371
40377
40379
40383
40386
40387
40391
40393
40394
40395
40397
40398
40402
40404
40405
40409
40410
40412
40413
40414
40415
40417
40422
40423
40424
40427
40432
40433
40436
40438
40444
40447
40449
40453
40454
40455
40458
40460
40461
40471
40472
40473
40481
40482
40483
40485
40490
40491
40495
40496
40499
40507
40511
40517
40519
40521
40526
40529
40531
40535
40554
40558
40564
40566
40575
40577
40580
40583
40588
40595
40596
40597
40599
40601
40604
40605
40608
40611
40612
40614
40615
40617
40620
40621
40624
40625
40626
40628
40631
40634
40635
40636
40641
40643
40644
40645
40652
40653
40654
40655
40658
40660
40662
40664
40665
40666
40667
40668
40671
40674
40676
40678
40680
40681
40682
40683
40684
40687
40692
40693
40700
40701
40702
40703
40705
40706
40708
40709
40710
40711
40712
40714
40727
40734
40736
40737
40738
40739
40742
40746
40751
40755
40763
40770
40771
40775
40776
40777
40778
40781
40782
40785
40790
40791
40795
40800
40802
40809
40810
40828
40832
40836
40839
40842
40844
40846
40848
40851
40852
40853
40854
40855
40861
40864
40867
40868
40869
40870
40871
40876
40880
40881
40882
40883
40884
40887
40890
40891
40892
40894
40897
40900
40901
40907
40909
40910
40911
40916
40918
40921
40922
40924
40927
40937
40938
40940
40945
40947
40948
40949
40952
40956
40957
40958
40965
40966
40977
40986
40990
40991
40995
40997
40999
41009
41012
41015
41022
41031
41033
41034
41041
41045
41047
41053
41054
41067
41068
41071
41073
41075
41077
41083
41087
41089
41098
41100
41108
41111
41112
41113
41116
41118
41124
41127
41129
41134
41137
41141
41142
41143
41146
41148
41149
41155
41160
41161
41162
41163
41165
41169
41171
41175
41176
41179
41185
41187
41195
41202
41203
41205
41207
41208
41209
41210
41211
41214
41218
41236
41237
41238
41239
41241
41243
41245
41249
41250
41258
41269
41270
41273
41277
41279
41284
41291
41293
41294
41295
41298
41299
41300
41302
41305
41307
41311
41330
41334
41335
41338
41353
41355
41359
41363
41365
41370
41373
41375
41376
41377
41378
41379
41381
41386
41389
41391
41401
41403
41406
41407
41408
41412
41420
41423
41424
41428
41433
41436
41437
41438
41439
41442
41444
41450
41452
41453
41454
41455
41456
41457
41460
41462
41471
41476
41477
41485
41488
41489
41493
41494
41498
41499
41501
41503
41505
41507
41509
41510
41514
41515
41517
41521
41524
41525
41526
41528
41532
41533
41541
41544
41549
41552
41554
41556
41557
41561
41565
41572
41573
41577
41581
41587
41589
41591
41593
41597
41598
41605
41606
41608
41609
41615
41616
41619
41620
41622
41623
41625
41627
41628
41629
41633
41634
41642
41646
41647
41649
41650
41652
41655
41658
41659
41660
41664
41666
41671
41673
41674
41682
41683
41684
41686
41688
41689
41690
41691
41692
41695
41697
41701
41703
41709
41710
41713
41715
41716
41720
41723
41724
41725
41726
41727
41737
41748
41751
41752
41753
41756
41758
41769
41785
41787
41791
41792
41793
41796
41798
41804
41809
41811
41814
41815
41816
41825
41832
41840
41841
41844
41846
41855
41856
41857
41858
41859
41860
41863
41866
41867
41868
41870
41873
41874
41880
41882
41886
41887
41888
41891
41892
41893
41894
41895
41897
41899
41901
41909
41910
41913
41917
41919
41923
41924
41931
41933
41934
41935
41936
41937
41943
41950
41954
41955
41956
41958
41961
41962
41963
41967
41968
41970
41974
41975
41977
41978
41989
41993
41996
41997
42005
42006
42008
42009
42013
42015
42021
42022
42029
42037
42038
42041
42044
42045
42049
42053
42055
42061
42062
42068
42069
42076
42077
42078
42079
42085
42092
42093
42094
42095
42097
42101
42103
42109
42110
42113
42117
42129
42133
42134
42135
42138
42140
42141
42167
42177
42179
42183
42187
42193
42196
42198
42204
42207
42213
42215
42219
42221
42222
42229
42233
42234
42236
42237
42238
42239
42255
42257
42266
42268
42270
42274
42302
42303
42308
42310
42313
42314
42316
42319
42322
42326
42327
42329
42330
42345
42356
42358
42361
42362
42364
42367
42372
42375
42377
42393
42395
42398
42399
42401
42402
42404
42405
42406
42407
42410
42413
42418
42421
42422
42429
42431
42434
42436
42442
42444
42445
42447
42450
42451
42455
42457
42459
42470
42476
42479
42481
42486
42487
42491
42497
42498
42501
42507
42521
42527
42529
42532
42533
42540
42541
42548
42552
42553
42556
42561
42563
42567
42568
42581
42583
42585
42589
42593
42596
42598
42604
42607
42612
42613
42617
42618
42620
42621
42622
42623
42624
42627
42628
42629
42631
42633
42635
42636
42637
42641
42642
42644
42647
42650
42651
42652
42657
42660
42663
42666
42667
42668
42670
42677
42681
42684
42685
42689
42693
42695
42701
42702
42711
42713
42726
42727
42729
42730
42736
42737
42741
42743
42749
42750
42756
42759
42764
42769
42770
42772
42773
42774
42775
42776
42780
42793
42795
42799
42801
42805
42806
42813
42815
42816
42820
42821
42825
42828
42829
42830
42831
42832
42833
42836
42853
42855
42856
42857
42858
42861
42867
42870
42871
42881
42882
42888
42890
42895
42901
42902
42905
42909
42911
42921
42925
42927
42943
42946
42947
42948
42950
42953
42954
42955
42956
42959
42961
42964
42965
42968
42972
42974
42975
42977
42980
42981
42984
42987
42988
42989
42991
42996
42998
43001
43002
43004
43007
43009
43018
43022
43023
43029
43032
43033
43039
43041
43043
43044
43047
43054
43060
43061
43063
43065
43068
43069
43073
43077
43079
43085
43086
43094
43095
43097
43098
43109
43116
43117
43118
43119
43131
43132
43135
43143
43144
43154
43159
43162
43164
43169
43175
43178
43180
43188
43191
43192
43193
43196
43198
43201
43203
43207
43211
43218
43219
43221
43223
43224
43225
43226
43227
43230
43237
43239
43243
43246
43254
43255
43259
43268
43269
43270
43271
43273
43283
43284
43287
43290
43292
43294
43301
43305
43309
43311
43327
43334
43336
43337
43338
43343
43345
43348
43349
43355
43357
43359
43369
43381
43389
43395
43398
43403
43407
43411
43419
43423
43424
43427
43433
43435
43439
43443
43445
43450
43451
43453
43455
43458
43460
43466
43469
43470
43471
43472
43473
43476
43478
43487
43494
43503
43509
43514
43527
43529
43539
43545
43550
43551
43555
43561
43566
43567
43572
43576
43577
43580
43585
43587
43590
43591
43592
43601
43604
43606
43617
43620
43622
43628
43631
43633
43635
43638
43639
43643
43649
43656
43658
43662
43663
43665
43666
43667
43668
43671
43674
43675
43676
43678
43685
43686
43688
43689
43695
43696
43699
43700
43701
43702
43703
43705
43707
43708
43709
43713
43717
43719
43725
43726
43729
43731
43732
43733
43736
43739
43740
43741
43742
43743
43750
43751
43753
43754
43762
43763
43764
43766
43768
43769
43770
43771
43772
43775
43777
43781
43782
43786
43789
43791
43793
43794
43796
43797
43798
43799
43800
43802
43804
43805
43809
43810
43812
43813
43814
43815
43816
43818
43821
43827
43829
43834
43837
43839
43842
43844
43845
43849
43853
43854
43855
43858
43859
43861
43863
43865
43866
43867
43869
43877
43879
43880
43881
43882
43885
43890
43892
43893
43901
43903
43908
43909
43910
43911
43913
43916
43925
43929
43933
43935
43936
43937
43938
43939
43940
43943
43946
43948
43950
43953
43954
43960
43962
43967
43970
43971
43972
43974
43977
43978
43980
43983
43984
43986
43990
43991
43993
43994
44001
44004
44005
44008
44011
44012
44013
44015
44016
44017
44021
44023
44029
44030
44033
44036
44039
44044
44049
44056
44058
44062
44063
44065
44066
44081
44084
44087
44092
44102
44103
44105
44106
44114
44115
44116
44118
44122
44137
44151
44153
44154
44174
44175
44180
44183
44184
44185
44190
44193
44195
44197
44209
44213
44214
44215
44218
44220
44221
44229
44231
44235
44237
44238
44245
44249
44250
44252
44253
44254
44255
44293
44294
44297
44301
44303
44308
44309
44310
44311
44313
44315
44316
44317
44324
44325
44326
44327
44333
44341
44342
44345
44349
44351
44353
44356
44357
44365
44366
44373
44375
44381
44389
44397
44401
44404
44405
44413
44423
44435
44437
44442
44443
44445
44447
44452
44455
44457
44473
44475
44478
44479
44486
44492
44495
44497
44502
44503
44507
44521
44525
44527
44533
44536
44537
44538
44541
44542
44547
44553
44555
44559
44561
44562
44565
44566
44570
44571
44573
44575
44580
44583
44584
44585
44588
44593
44596
44597
44598
44600
44604
44605
44615
44616
44617
44618
44619
44621
44622
44649
44650
44655
44657
44660
44662
44672
44673
44676
44679
44684
44691
44692
44693
44694
44695
44697
44699
44700
44701
44704
44707
44708
44711
44713
44716
44717
44721
44722
44724
44727
44730
44731
44732
44742
44743
44745
44746
44752
44753
44757
44759
44765
44766
44769
44773
44775
44784
44786
44790
44791
44793
44794
44801
44802
44804
44805
44806
44807
44808
44810
44812
44820
44823
44824
44825
44828
44830
44832
44833
44834
44835
44837
44838
44843
44845
44847
44857
44859
44863
44864
44865
44868
44870
44876
44879
44884
44885
44889
44890
44892
44893
44894
44897
44903
44904
44914
44915
44917
44919
44921
44922
44923
44925
44933
44934
44936
44937
44941
44943
44945
44946
44952
44954
44958
44959
44961
44962
44968
44970
44981
44982
44985
44989
44991
44993
44996
44997
45000
45003
45004
45005
45007
45012
45014
45017
45018
45020
45023
45033
45041
45043
45044
45045
45053
45058
45059
45060
45065
45066
45067
45068
45072
45074
45078
45079
45081
45089
45091
45092
45093
45099
45101
45103
45104
45105
45109
45111
45117
45121
45122
45128
45130
45134
45135
45136
45137
45138
45139
45140
45143
45146
45147
45148
45150
45157
45158
45161
45165
45167
45168
45171
45172
45173
45174
45175
45177
45179
45181
45185
45187
45190
45191
45192
45195
45200
45201
45204
45206
45212
45215
45216
45217
45220
45222
45228
45231
45233
45235
45238
45239
45240
45243
45248
45249
45250
45251
45253
45258
45263
45265
45266
45268
45269
45270
45271
45272
45274
45276
45277
45281
45282
45284
45285
45286
45287
45288
45290
45292
45293
45296
45297
45298
45299
45301
45302
45306
45309
45311
45313
45317
45319
45325
45329
45331
45332
45333
45336
45340
45341
45342
45343
45344
45346
45351
45353
45354
45362
45364
45366
45368
45369
45370
45371
45372
45375
45376
45379
45380
45382
45383
45385
45388
45397
45398
45400
45401
45405
45407
45409
45410
45412
45415
45418
45419
45420
45425
45426
45434
45438
45439
45440
45442
45444
45445
45449
45450
45452
45453
45454
45455
45461
45463
45464
45469
45470
45474
45475
45477
45479
45480
45481
45482
45483
45485
45486
45488
45490
45492
45493
45497
45498
45500
45501
45502
45503
45508
45511
45512
45513
45516
45518
45520
45523
45529
45534
45535
45536
45539
45545
45547
45550
45551
45559
45560
45561
45564
45566
45572
45573
45578
45580
45584
45585
45588
45590
45596
45599
45600
45601
45604
45612
45616
45618
45620
45621
45625
45628
45636
45639
45644
45646
45649
45650
45652
45653
45654
45655
45656
45658
45660
45661
45665
45666
45668
45669
45670
45671
45672
45674
45676
45684
45687
45688
45689
45692
45694
45701
45710
45718
45719
45722
45729
45736
45740
45742
45746
45747
45748
45752
45753
45754
45756
45764
45765
45766
45767
45772
45773
45776
45777
45778
45779
45780
45783
45786
45788
45790
45797
45798
45800
45801
45809
45810
45816
45818
45822
45823
45832
45835
45845
45847
45848
45854
45861
45863
45864
45869
45873
45875
45878
45880
45888
45890
45893
45894
45901
45904
45907
45913
45918
45920
45923
45929
45935
45936
45937
45939
45941
45942
45946
45947
45949
45954
45955
45956
45958
45960
45961
45962
45963
45964
45967
45972
45973
45976
45979
45980
45981
45982
45983
45984
45986
45993
45994
46001
46005
46007
46013
46017
46018
46026
46030
46031
46037
46038
46040
46041
46047
46049
46050
46051
46052
46058
46059
46064
46070
46073
46075
46089
46090
46096
46097
46103
46119
46125
46135
46137
46149
46150
46153
46159
46161
46162
46168
46170
46175
46191
46201
46207
46208
46209
46212
46220
46224
46228
46229
46233
46236
46237
46239
46241
46246
46247
46258
46259
46261
46263
46265
46269
46272
46275
46281
46283
46286
46287
46288
46289
46290
46291
46293
46294
46298
46299
46301
46303
46308
46311
46313
46316
46318
46321
46322
46324
46325
46326
46327
46328
46330
46332
46333
46349
46360
46361
46362
46363
46367
46371
46378
46388
46399
46401
46402
46407
46410
46411
46412
46416
46419
46420
46421
46423
46425
46427
46428
46429
46437
46441
46444
46449
46452
46455
46458
46459
46460
46466
46469
46471
46472
46473
46474
46475
46477
46481
46483
46487
46488
46496
46498
46500
46501
46505
46506
46508
46509
46510
46511
46513
46516
46518
46524
46527
46529
46530
46532
46533
46534
46535
46538
46540
46541
46548
46551
46552
46553
46556
46561
46562
46565
46566
46570
46571
46573
46575
46576
46585
46590
46591
46595
46608
46612
46613
46617
46620
46640
46641
46644
46652
46657
46661
46664
46666
46668
46672
46673
46674
46675
46677
46683
46685
46692
46695
46700
46704
46707
46713
46715
46719
46721
46723
46724
46725
46728
46731
46732
46736
46737
46741
46743
46752
46753
46766
46769
46772
46773
46776
46779
46780
46781
46782
46783
46784
46785
46786
46787
46788
46791
46794
46796
46798
46801
46802
46808
46810
46814
46817
46818
46824
46826
46832
46833
46834
46835
46836
46839
46842
46844
46846
46848
46852
46865
46867
46871
46872
46880
46889
46893
46903
46904
46905
46906
46907
46909
46912
46921
46927
46932
46936
46937
46940
46945
46946
46949
46955
46961
46964
46965
46967
46972
46973
46976
46978
46983
46986
46994
46996
46998
47000
47004
47007
47011
47016
47017
47018
47019
47020
47023
47031
47033
47034
47045
47046
47053
47055
47056
47059
47060
47062
47063
47065
47068
47069
47072
47075
47076
47077
47079
47081
47083
47084
47085
47093
47094
47096
47097
47101
47103
47104
47106
47110
47111
47113
47114
47122
47123
47124
47126
47129
47130
47132
47135
47136
47137
47141
47143
47149
47150
47153
47156
47157
47160
47163
47164
47165
47167
47168
47169
47170
47171
47172
47175
47178
47180
47182
47185
47186
47192
47194
47199
47204
47205
47206
47207
47209
47211
47212
47225
47229
47231
47232
47236
47238
47247
47249
47251
47254
47255
47259
47270
47271
47272
47280
47281
47284
47286
47292
47295
47297
47298
47300
47301
47302
47303
47304
47306
47308
47309
47312
47313
47314
47315
47317
47318
47322
47323
47325
47327
47331
47333
47334
47341
47343
47345
47346
47348
47349
47350
47351
47352
47354
47356
47357
47361
47363
47364
47365
47368
47371
47372
47373
47374
47375
47377
47381
47383
47389
47390
47394
47395
47396
47398
47400
47401
47402
47403
47404
47407
47414
47415
47417
47418
47429
47430
47432
47433
47437
47439
47440
47443
47444
47445
47447
47449
47451
47452
47453
47457
47464
47471
47473
47475
47476
47479
47482
47483
47484
47490
47491
47493
47495
47496
47497
47498
47499
47502
47504
47506
47508
47509
47513
47514
47516
47517
47518
47519
47520
47522
47524
47529
47530
47532
47533
47534
47535
47538
47539
47541
47543
47544
47545
47546
47547
47549
47550
47552
47555
47561
47566
47567
47572
47575
47576
47577
47580
47588
47591
47592
47593
47596
47600
47609
47614
47615
47618
47621
47624
47625
47626
47627
47630
47633
47638
47639
47640
47649
47654
47655
47656
47666
47667
47669
47671
47672
47673
47674
47677
47680
47689
47694
47696
47697
47698
47699
47701
47706
47709
47712
47713
47714
47715
47718
47722
47727
47728
47731
47737
47739
47743
47745
47752
47756
47758
47762
47763
47764
47766
47769
47770
47772
47775
47783
47789
47790
47792
47794
47798
47799
47801
47802
47825
47826
47832
47834
47838
47844
47845
47846
47847
47852
47856
47857
47858
47859
47860
47863
47866
47868
47870
47873
47876
47878
47884
47887
47888
47890
47892
47893
47897
47898
47900
47901
47902
47903
47904
47906
47908
47909
47913
47914
47916
47917
47918
47919
47921
47924
47926
47932
47935
47940
47942
47943
47948
47949
47956
47960
47961
47964
47972
47975
47976
47977
47980
47988
47989
47991
47996
47997
48000
48002
48006
48009
48010
48016
48017
48021
48023
48029
48030
48034
48041
48049
48051
48052
48053
48060
48061
48062
48063
48064
48066
48068
48071
48080
48083
48084
48086
48087
48089
48092
48093
48097
48111
48117
48118
48120
48121
48125
48127
48132
48137
48138
48140
48145
48148
48152
48155
48161
48163
48164
48165
48173
48180
48185
48196
48197
48198
48199
48201
48203
48204
48208
48209
48210
48211
48212
48219
48220
48225
48236
48244
48249
48251
48257
48262
48263
48264
48267
48274
48275
48277
48279
48281
48282
48283
48286
48288
48289
48292
48294
48300
48303
48304
48306
48308
48309
48313
48314
48316
48317
48319
48324
48327
48329
48332
48334
48337
48338
48340
48341
48342
48343
48344
48346
48348
48361
48363
48367
48370
48378
48379
48381
48383
48384
48385
48389
48391
48397
48407
48409
48410
48416
48418
48423
48425
48426
48432
48433
48437
48439
48449
48450
48456
48463
48469
48485
48488
48489
48497
48504
48517
48521
48522
48524
48525
48526
48527
48532
48534
48543
48546
48547
48549
48551
48552
48553
48554
48555
48557
48558
48561
48563
48566
48567
48568
48571
48577
48578
48579
48581
48582
48586
48587
48589
48591
48592
48601
48603
48607
48609
48613
48615
48616
48618
48620
48621
48628
48632
48633
48640
48644
48645
48649
48650
48652
48658
48659
48661
48663
48664
48665
48666
48672
48673
48676
48684
48689
48695
48696
48699
48705
48710
48719
48721
48725
48728
48730
48732
48747
48756
48759
48764
48768
48769
48773
48785
48787
48788
48789
48792
48795
48796
48797
48799
48801
48808
48812
48814
48816
48817
48821
48833
48840
48842
48848
48849
48850
48851
48852
48858
48859
48860
48862
48864
48865
48866
48867
48868
48871
48876
48881
48882
48888
48890
48897
48899
48903
48904
48907
48913
48916
48918
48927
48931
48935
48936
48937
48938
48939
48941
48953
48954
48959
48967
48968
48969
48976
48985
48987
48991
48993
48994
49000
49009
49010
49011
49013
49019
49026
49028
49030
49032
49033
49034
49035
49036
49039
49040
49042
49046
49047
49049
49050
49056
49058
49065
49066
49074
49075
49076
49078
49080
49081
49082
49083
49084
49087
49088
49092
49095
49097
49100
49101
49112
49113
49125
49128
49129
49136
49140
49145
49148
49149
49158
49159
49168
49169
49175
49181
49182
49187
49188
49194
49196
49201
49204
49205
49208
49214
49221
49222
49224
49225
49229
49231
49233
49234
49240
49242
49246
49247
49251
49252
49253
49254
49255
49259
49264
49265
49266
49267
49274
49275
49282
49283
49287
49288
49291
49294
49302
49303
49304
49307
49318
49319
49320
49323
49333
49336
49337
49338
49341
49342
49348
49352
49354
49356
49357
49364
49367
49368
49369
49384
49385
49388
49390
49393
49394
49396
49397
49398
49399
49400
49402
49409
49411
49412
49419
49420
49421
49422
49423
49426
49427
49428
49430
49432
49433
49434
49435
49440
49445
49447
49453
49454
49456
49458
49462
49463
49465
49466
49474
49475
49479
49482
49483
49484
49486
49491
49492
49494
49497
49499
49506
49512
49518
49519
49526
49528
49540
49542
49548
49551
49552
49554
49556
49561
49562
49564
49565
49566
49567
49568
49570
49572
49573
49577
49578
49580
49581
49582
49583
49588
49590
49596
49599
49611
49614
49615
49618
49622
49626
49627
49631
49634
49638
49642
49643
49645
49647
49648
49657
49662
49663
49668
49679
49681
49683
49686
49687
49691
49702
49703
49704
49707
49712
49713
49716
49718
49724
49727
49743
49748
49751
49752
49753
49764
49767
49768
49769
49776
49779
49785
49787
49790
49791
49793
49796
49797
49800
49803
49804
49807
49813
49821
49822
49826
49828
49836
49839
49846
49849
49859
49860
49863
49866
49868
49870
49887
49888
49892
49893
49894
49895
49897
49899
49900
49901
49909
49910
49913
49917
49919
49922
49928
49929
49930
49931
49936
49938
49940
49945
49946
49948
49949
49950
49951
49952
49954
49956
49961
49962
49964
49965
49966
49967
49970
49975
49976
49977
49978
49979
49986
49990
49991
49994
50002
50006
50010
50011
50015
50017
50018
50019
50021
50022
50026
50027
50031
50034
50036
50038
50040
50042
50048
50050
50054
50055
50066
50068
50070
50072
50073
50074
50075
50076
50079
50085
50087
50093
50094
50097
50101
50104
50108
50109
50110
50111
50118
50125
50127
50128
50132
50134
50135
50152
50154
50158
50159
50160
50162
50163
50164
50167
50170
50172
50174
50176
50177
50190
50193
50196
50197
50200
50203
50206
50207
50211
50212
50216
50219
50220
50222
50224
50225
50238
50240
50243
50244
50249
50251
50264
50265
50288
50291
50292
50297
50299
50305
50307
50310
50311
50312
50332
50335
50338
50339
50343
50346
50347
50350
50354
50361
50362
50366
50371
50378
50379
50391
50409
50411
50414
50415
50420
50423
50424
50425
50434
50436
50438
50440
50441
50442
50443
50444
50447
50448
50450
50454
50457
50458
50464
50466
50473
50474
50482
50484
50486
50488
50489
50490
50491
50492
50495
50498
50504
50506
50510
50511
50512
50514
50515
50522
50523
50526
50528
50530
50532
50538
50539
50546
50552
50554
50558
50559
50560
50562
50564
50575
50578
50584
50585
50586
50587
50592
50596
50598
50614
50638
50643
50651
50658
50664
50666
50674
50678
50682
50683
50687
50690
50697
50698
50703
50710
50716
50719
50722
50723
50730
50731
50734
50737
50742
50744
50747
50756
50759
50761
50775
50784
50787
50793
50795
50798
50799
50803
50810
50811
50818
50819
50820
50822
50824
50825
50827
50831
50843
50845
50849
50852
50853
50856
50859
50860
50862
50872
50873
50917
50918
50920
50921
50925
50927
50945
50947
50950
50951
50952
50955
50962
50963
50968
50969
50970
50971
50980
50982
50988
50991
50992
50994
51007
51010
51011
51014
51018
51019
51023
51027
51035
51042
51044
51047
51048
51050
51070
51072
51073
51077
51079
51097
51098
51104
51106
51110
51125
51136
51139
51140
51142
51147
51153
51170
51172
51178
51179
51180
51182
51184
51188
51190
51191
51200
51201
51207
51214
51216
51218
51222
51223
51225
51226
51235
51236
51240
51243
51246
51247
51251
51254
51258
51259
51265
51266
51272
51274
51278
51279
51285
51286
51288
51299
51303
51307
51308
51310
51315
51318
51323
51329
51331
51334
51335
51336
51346
51347
51351
51352
51354
51358
51362
51363
51367
51368
51370
51374
51382
51383
51384
51387
51396
51399
51400
51401
51404
51406
51409
51410
51412
51413
51414
51415
51416
51418
51420
51425
51426
51428
51429
51430
51431
51432
51434
51436
51444
51447
51452
51454
51458
51459
51460
51462
51464
51465
51466
51467
51475
51486
51488
51490
51495
51497
51498
51511
51520
51523
51525
51526
51527
51529
51531
51537
51538
51546
51547
51548
51558
51560
51561
51567
51570
51576
51582
51583
51584
51586
51588
51599
51600
51604
51606
51616
51620
51622
51628
51631
51632
51634
51636
51637
51641
51642
51644
51645
51646
51647
51648
51650
51658
51659
51661
51663
51664
51673
51680
51689
51694
51695
51696
51697
51699
51701
51706
51712
51714
51721
51722
51730
51731
51733
51735
51737
51738
51741
51742
51746
51747
51751
51752
51754
51758
51760
51762
51764
51769
51770
51776
51777
51778
51779
51781
51782
51786
51793
51794
51796
51797
51798
51799
51800
51802
51804
51805
51809
51810
51812
51813
51814
51815
51816
51818
51820
51824
51825
51826
51827
51829
51830
51834
51835
51842
51843
51844
51846
51848
51849
51851
51855
51858
51862
51863
51866
51873
51876
51877
51880
51883
51886
51887
51893
51901
51902
51904
51908
51909
51910
51911
51913
51915
51917
51925
51926
51929
51933
51935
51936
51940
51946
51948
51950
51953
51954
51962
51966
51969
51971
51974
51976
51979
51984
51985
51988
51990
52000
52004
52006
52019
52023
52036
52039
52040
52041
52046
52048
52057
52064
52067
52073
52075
52084
52088
52092
52096
52097
52101
52103
52116
52117
52120
52123
52124
52125
52126
52127
52128
52130
52134
52135
52146
52148
52150
52152
52153
52154
52155
52156
52159
52168
52170
52174
52175
52176
52178
52179
52180
52183
52186
52188
52190
52197
52200
52201
52205
52208
52211
52212
52213
52214
52215
52217
52219
52220
52221
52226
52230
52231
52234
52242
52243
52246
52250
52251
52255
52258
52259
52264
52266
52267
52274
52278
52279
52282
52288
52289
52290
52291
52292
52295
52298
52299
52300
52302
52305
52306
52312
52314
52318
52321
52322
52328
52330
52336
52337
52338
52339
52340
52343
52346
52347
52348
52350
52359
52370
52372
52373
52378
52383
52385
52387
52390
52391
52392
52406
52412
52415
52425
52427
52430
52431
52436
52439
52440
52441
52449
52458
52465
52466
52468
52469
52470
52471
52472
52474
52476
52481
52483
52484
52488
52491
52495
52497
52501
52503
52512
52519
52531
52532
52536
52539
52543
52550
52552
52553
52559
52563
52564
52566
52567
52569
52571
52576
52580
52582
52583
52598
52600
52607
52609
52640
52642
52644
52655
52658
52664
52665
52666
52667
52674
52676
52680
52682
52690
52694
52698
52699
52703
52708
52712
52713
52716
52720
52729
52734
52735
52742
52748
52751
52754
52756
52757
52767
52769
52771
52774
52775
52776
52779
52786
52787
52795
52801
52802
52804
52805
52806
52807
52820
52825
52832
52833
52834
52835
52842
52843
52848
52851
52857
52859
52862
52879
52890
52892
52895
52898
52899
52900
52902
52904
52905
52907
52911
52923
52933
52934
52937
52941
52943
52961
52962
52968
52970
52974
52981
52982
52985
52994
53000
53001
53002
53003
53024
53026
53028
53039
53041
53056
53059
53065
53070
53071
53074
53082
53083
53092
53095
53096
53097
53100
53106
53108
53111
53112
53114
53127
53129
53130
53149
53150
53152
53153
53157
53159
53177
53178
53186
53188
53194
53195
53198
53200
53204
53206
53207
53221
53223
53225
53228
53229
53234
53235
53236
53239
53242
53246
53251
53252
53254
53257
53259
53260
53261
53270
53272
53273
53281
53282
53283
53290
53291
53292
53297
53304
53313
53317
53319
53325
53326
53329
53331
53332
53336
53339
53340
53341
53342
53343
53344
53346
53350
53351
53353
53354
53362
53363
53368
53369
53370
53371
53372
53375
53380
53383
53384
53385
53388
53390
53392
53395
53401
53403
53406
53407
53408
53411
53417
53419
53428
53431
53432
53433
53438
53440
53442
53444
53449
53450
53452
53453
53454
53455
53458
53464
53465
53466
53467
53474
53477
53479
53480
53481
53482
53483
53485
53486
53488
53490
53497
53498
53503
53505
53506
53512
53514
53518
53519
53520
53521
53522
53523
53530
53541
53542
53544
53552
53556
53557
53558
53559
53565
53570
53571
53574
53577
53578
53586
53593
53594
53601
53604
53605
53608
53613
53614
53616
53617
53629
53632
53633
53634
53635
53642
53643
53645
53647
53655
53656
53658
53665
53666
53668
53669
53670
53671
53672
53674
53677
53680
53690
53693
53695
53699
53702
53703
53704
53707
53712
53713
53716
53727
53728
53729
53732
53734
53740
53743
53745
53750
53751
53752
53755
53772
53774
53778
53782
53786
53793
53794
53802
53812
53815
53816
53817
53822
53829
53838
53844
53846
53857
53860
53862
53872
53874
53876
53881
53882
53884
53885
53886
53887
53891
53892
53893
53897
53899
53900
53901
53907
53911
53914
53915
53916
53918
53925
53928
53929
53933
53937
53944
53946
53950
53957
53959
53965
53966
53968
53974
53975
53985
53987
53988
53989
53992
53995
53996
53997
53998
53999
54002
54003
54008
54009
54010
54011
54012
54015
54018
54026
54027
54029
54031
54046
54047
54062
54063
54064
54065
54066
54067
54069
54070
54074
54086
54087
54098
54099
54103
54106
54110
54114
54115
54117
54119
54121
54122
54125
54126
54131
54136
54139
54145
54146
54152
54154
54159
54168
54169
54173
54175
54176
54177
54178
54179
54186
54192
54196
54197
54198
54199
54201
54203
54205
54210
54211
54218
54223
54225
54228
54229
54232
54235
54239
54242
54249
54250
54256
54257
54261
54269
54274
54275
54276
54279
54282
54283
54286
54288
54291
54294
54295
54297
54307
54308
54310
54311
54313
54315
54316
54317
54320
54321
54323
54324
54327
54334
54337
54339
54341
54351
54354
54360
54361
54362
54363
54364
54367
54370
54372
54374
54379
54383
54385
54387
54392
54395
54399
54401
54402
54407
54408
54410
54420
54423
54424
54425
54430
54434
54435
54438
54442
54443
54445
54447
54457
54459
54462
54463
54466
54467
54472
54473
54474
54475
54477
54478
54481
54483
54486
54487
54488
54491
54496
54498
54501
54505
54506
54508
54509
54510
54511
54513
54516
54518
54527
54537
54541
54543
54545
54546
54561
54562
54568
54570
54574
54581
54582
54585
54589
54591
54594
54598
54599
54601
54609
54624
54625
54629
54638
54642
54646
54647
54649
54656
54659
54665
54667
54671
54672
54673
54674
54675
54682
54683
54685
54687
54692
54695
54696
54697
54700
54702
54705
54706
54708
54709
54710
54711
54712
54714
54716
54717
54726
54732
54735
54738
54745
54746
54751
54753
54758
54759
54760
54770
54771
54773
54775
54777
54778
54782
54794
54802
54806
54813
54823
54828
54830
54835
54841
54846
54847
54853
54855
54858
54866
54879
54881
54883
54886
54887
54908
54911
54913
54914
54915
54916
54919
54922
54923
54924
54929
54930
54936
54938
54942
54943
54945
54946
54954
54958
54959
54961
54962
54964
54970
54971
54974
54977
54979
54980
54981
54988
54993
54997
54999
55009
55013
55015
55021
55022
55025
55027
55029
55039
55049
55051
55055
55065
55074
55082
55083
55085
55087
55089
55090
55092
55093
55094
55095
55110
55119
55131
55138
55140
55141
55145
55151
55163
55173
55174
55176
55177
55181
55183
55184
55187
55188
55189
55190
55191
55193
55195
55197
55204
55205
55206
55207
55213
55221
55222
55225
55229
55231
55234
55238
55239
55242
55250
55251
55252
55254
55257
55259
55263
55266
55268
55270
55272
55273
55274
55276
55279
55280
55282
55286
55287
55289
55301
55302
55304
55305
55312
55315
55318
55319
55321
55329
55330
55336
55338
55342
55343
55344
55345
55346
55347
55348
55354
55355
55361
55363
55374
55394
55395
55396
55398
55400
55401
55402
55403
55408
55410
55417
55418
55424
55433
55444
55447
55448
55449
55454
55460
55464
55465
55472
55481
55483
55490
55496
55497
55498
55499
55504
55506
55508
55509
55516
55520
55522
55524
55529
55530
55532
55533
55534
55535
55538
55539
55544
55545
55546
55547
55552
55553
55554
55555
55562
55563
55569
55570
55584
55587
55590
55593
55595
55605
55606
55616
55618
55622
55623
55625
55626
55634
55635
55642
55643
55647
55648
55649
55655
55661
55662
55667
55672
55675
55678
55679
55681
55682
55684
55685
55686
55687
55688
55690
55696
55697
55698
55699
55706
55707
55709
55711
55712
55713
55714
55715
55717
55718
55722
55723
55729
55730
55732
55733
55734
55735
55736
55738
55740
55741
55744
55745
55759
55761
55768
55771
55777
55782
55783
55784
55787
55792
55793
55796
55804
55807
55817
55819
55825
55826
55829
55830
55837
55841
55845
55856
55859
55865
55874
55881
55889
55891
55894
55905
55907
55910
55922
55923
55928
55929
55930
55931
55941
55942
55944
55945
55949
55954
55960
55962
55966
55967
55968
55971
55973
55974
55975
55977
55984
55986
55987
55988
55991
55994
55995
55998
56001
56003
56014
56018
56019
56020
56022
56024
56025
56026
56027
56033
56037
56039
56046
56048
56050
56054
56055
56057
56058
56065
56066
56069
56072
56074
56076
56089
56104
56113
56114
56116
56117
56118
56119
56128
56129
56134
56146
56148
56149
56153
56154
56160
56162
56164
56165
56169
56173
56180
56188
56191
56192
56193
56194
56195
56202
56203
56208
56211
56212
56213
56214
56215
56217
56219
56221
56225
56226
56245
56246
56249
56253
56255
56256
56258
56262
56263
56265
56266
56272
56273
56277
56279
56285
56290
56291
56294
56297
56298
56299
56303
56305
56307
56308
56309
56312
56315
56317
56319
56322
56330
56334
56335
56342
56360
56361
56367
56370
56385
56389
56391
56397
56398
56402
56406
56416
56418
56422
56423
56448
56449
56450
56453
56454
56458
56459
56463
56464
56473
56478
56479
56481
56482
56484
56486
56487
56488
56490
56500
56504
56505
56508
56510
56512
56514
56516
56521
56522
56524
56525
56526
56527
56532
56534
56540
56543
56546
56549
56551
56552
56553
56554
56555
56561
56563
56566
56567
56579
56580
56581
56582
56583
56585
56587
56595
56599
56606
56608
56609
56610
56611
56612
56615
56618
56619
56620
56622
56627
56628
56629
56630
56631
56642
56643
56646
56649
56655
56661
56667
56668
56671
56673
56676
56677
56680
56683
56687
56690
56691
56698
56699
56703
56708
56711
56713
56721
56722
56724
56725
56726
56727
56733
56736
56739
56745
56747
56750
56751
56754
56757
56758
56762
56763
56765
56767
56769
56771
56774
56775
56776
56779
56786
56787
56789
56791
56793
56795
56797
56800
56801
56804
56806
56812
56815
56816
56818
56820
56821
56825
56826
56831
56834
56838
56845
56853
56855
56867
56873
56878
56879
56884
56887
56901
56910
56917
56919
56922
56929
56932
56934
56945
56947
56950
56951
56961
56968
56970
56974
56975
56978
56980
56983
56990
56993
56994
56995
56996
56999
57002
57003
57006
57010
57018
57022
57023
57025
57029
57031
57037
57038
57041
57043
57044
57045
57052
57053
57054
57055
57057
57059
57060
57061
57064
57067
57068
57069
57070
57071
57072
57073
57077
57079
57085
57086
57097
57121
57122
57124
57125
57126
57127
57139
57153
57158
57159
57174
57183
57186
57187
57189
57191
57193
57197
57202
57204
57205
57209
57215
57216
57220
57221
57222
57223
57225
57227
57229
57237
57238
57241
57245
57247
57253
57254
57257
57261
57263
57267
57268
57269
57270
57271
57273
57275
57276
57282
57283
57286
57289
57290
57295
57298
57302
57303
57305
57306
57314
57318
57319
57321
57322
57330
57331
57332
57334
57336
57337
57338
57340
57343
57347
57348
57349
57353
57355
57356
57357
57365
57368
57369
57373
57375
57379
57386
57387
57388
57393
57400
57411
57412
57416
57417
57418
57419
57424
57433
57434
57441
57443
57444
57445
57451
57453
57456
57457
57461
57463
57469
57470
57473
57475
57477
57482
57483
57487
57490
57492
57495
57496
57498
57500
57501
57506
57509
57514
57522
57526
57530
57531
57533
57535
57548
57559
57560
57561
57562
57563
57576
57577
57578
57579
57584
57586
57588
57589
57593
57594
57596
57597
57598
57599
57605
57609
57611
57612
57613
57621
57622
57624
57625
57629
57631
57632
57633
57634
57635
57642
57643
57649
57650
57656
57658
57663
57667
57674
57687
57689
57697
57699
57700
57701
57704
57712
57713
57717
57719
57725
57728
57733
57734
57739
57741
57743
57748
57752
57754
57756
57757
57764
57768
57770
57773
57777
57786
57796
57802
57805
57807
57811
57815
57818
57822
57826
57827
57831
57832
57834
57835
57838
57842
57844
57845
57849
57854
57855
57857
57859
57861
57866
57867
57869
57871
57872
57875
57881
57883
57888
57891
57897
57899
57904
57905
57907
57909
57920
57922
57924
57925
57929
57930
57933
57936
57937
57953
57977
57978
57980
57981
57982
57983
57984
57987
57988
57989
57993
57995
57996
57997
58000
58003
58004
58010
58011
58012
58021
58024
58025
58029
58033
58040
58051
58052
58056
58057
58058
58059
58060
58063
58065
58067
58069
58072
58075
58077
58080
58082
58089
58090
58097
58101
58103
58109
58110
58112
58113
58114
58115
58122
58123
58125
58127
58128
58131
58137
58139
58143
58144
58147
58153
58155
58159
58160
58161
58162
58163
58171
58176
58178
58180
58181
58185
58186
58189
58192
58193
58196
58207
58208
58209
58212
58223
58224
58233
58234
58237
58240
58243
58244
58245
58246
58247
58249
58251
58252
58253
58256
58257
58258
58259
58260
58263
58266
58267
58268
58270
58277
58278
58280
58281
58285
58287
58289
58290
58296
58298
58303
58306
58307
58308
58312
58314
58315
58316
58321
58324
58325
58328
58332
58336
58338
58345
58346
58352
58353
58357
58365
58368
58369
58370
58372
58378
58379
58384
58389
58391
58393
58403
58404
58405
58409
58411
58412
58413
58417
58420
58432
58434
58441
58442
58453
58465
58469
58471
58489
58490
58499
58505
58507
58510
58511
58514
58518
58522
58523
58525
58527
58535
58540
58542
58565
58567
58568
58569
58570
58571
58582
58596
58597
58601
58602
58604
58605
58606
58607
58609
58612
58614
58625
58628
58631
58634
58636
58638
58640
58643
58644
58649
58661
58665
58667
58668
58669
58673
58676
58679
58690
58694
58695
58697
58698
58705
58720
58721
58725
58727
58738
58742
58743
58745
58746
58761
58763
58766
58767
58769
58778
58793
58805
58812
58818
58819
58823
58826
58827
58839
58850
58852
58853
58857
58858
58863
58870
58879
58883
58889
58891
58900
58903
58904
58905
58915
58922
58923
58925
58927
58929
58932
58935
58936
58938
58946
58947
58949
58951
58952
58953
58954
58955
58965
58969
58970
58972
58973
58974
58975
58977
58979
58983
58984
58987
58993
58996
58998
59004
59007
59009
59011
59012
59015
59025
59026
59032
59041
59050
59054
59055
59057
59060
59068
59070
59079
59081
59082
59097
59106
59108
59110
59112
59113
59114
59115
59116
59119
59126
59129
59130
59145
59147
59156
59159
59160
59161
59171
59178
59179
59181
59183
59191
59197
59202
59203
59205
59207
59209
59211
59218
59225
59226
59231
59233
59240
59243
59260
59263
59264
59265
59266
59267
59268
59271
59275
59282
59288
59295
59310
59311
59313
59316
59319
59328
59330
59334
59335
59337
59338
59348
59350
59353
59354
59359
59362
59363
59364
59368
59369
59371
59372
59375
59378
59382
59383
59385
59397
59398
59400
59401
59407
59408
59411
59413
59414
59415
59417
59419
59432
59434
59438
59439
59444
59451
59456
59458
59463
59465
59466
59474
59476
59478
59480
59481
59482
59483
59489
59493
59495
59508
59515
59516
59517
59518
59519
59524
59526
59536
59537
59539
59541
59546
59547
59551
59553
59557
59572
59573
59576
59578
59580
59581
59589
59591
59592
59593
59594
59595
59600
59602
59604
59605
59609
59610
59612
59613
59614
59615
59620
59621
59625
59626
59628
59629
59630
59631
59634
59637
59639
59640
59645
59646
59653
59654
59656
59657
59661
59663
59667
59668
59669
59670
59671
59675
59677
59688
59690
59695
59699
59703
59707
59712
59714
59718
59719
59721
59722
59731
59737
59738
59739
59743
59744
59745
59749
59751
59757
59761
59763
59764
59765
59768
59771
59773
59775
59777
59778
59780
59781
59782
59783
59784
59788
59792
59797
59798
59803
59805
59807
59808
59813
59814
59821
59823
59828
59832
59834
59836
59837
59842
59843
59847
59848
59850
59854
59858
59860
59861
59865
59874
59876
59877
59881
59884
59887
59893
59897
59901
59905
59909
59912
59914
59916
59917
59924
59928
59929
59940
59944
59945
59948
59953
59956
59957
59960
59970
59971
59973
59975
59976
59977
59978
59979
59985
59987
59992
59995
60001
60003
60007
60008
60011
60019
60024
60025
60026
60027
60037
60038
60040
60041
60050
60058
60062
60063
60064
60067
60068
60069
60070
60071
60073
60076
60077
60080
60082
60083
60084
60090
60091
60092
60096
60098
60103
60105
60106
60113
60117
60119
60130
60132
60134
60136
60137
60138
60139
60140
60143
60148
60155
60156
60157
60158
60159
60161
60162
60164
60165
60166
60167
60168
60170
60172
60173
60180
60183
60185
60196
60199
60200
60201
60209
60210
60213
60226
60227
60229
60231
60232
60233
60237
60241
60248
60251
60257
60264
60267
60280
60281
60285
60293
60294
60297
60301
60303
60314
60319
60320
60323
60324
60325
60326
60327
60329
60331
60333
60336
60337
60338
60339
60340
60343
60346
60347
60352
60354
60358
60359
60361
60362
60368
60369
60373
60375
60381
60386
60387
60388
60392
60393
60395
60396
60399
60401
60403
60404
60405
60408
60411
60413
60415
60426
60430
60431
60456
60457
60482
60484
60486
60488
60489
60490
60491
60509
60513
60515
60520
60523
60527
60530
60532
60534
60536
60537
60538
60539
60548
60551
60558
60562
60565
60567
60568
60570
60579
60585
60590
60591
60594
60598
60602
60603
60605
60607
60612
60617
60618
60620
60621
60622
60623
60625
60628
60630
60643
60649
60662
60673
60674
60680
60682
60686
60693
60694
60697
60709
60710
60712
60713
60717
60719
60721
60722
60728
60730
60738
60739
60742
60745
60751
60757
60763
60764
60769
60772
60773
60776
60783
60786
60787
60793
60794
60795
60799
60807
60809
60820
60829
60841
60843
60846
60847
60849
60858
60866
60868
60869
60873
60874
60879
60886
60895
60901
60903
60905
60909
60913
60915
60932
60935
60936
60937
60940
60944
60947
60953
60961
60964
60967
60968
60970
60976
60977
60979
60981
60992
60994
60996
61007
61010
61013
61016
61017
61018
61019
61024
61025
61041
61043
61048
61051
61074
61075
61076
61082
61083
61089
61091
61092
61095
61102
61105
61106
61112
61122
61124
61126
61128
61129
61130
61131
61132
61135
61142
61145
61146
61170
61171
61172
61174
61176
61177
61178
61179
61188
61192
61193
61200
61203
61209
61211
61223
61229
61232
61233
61234
61235
61243
61248
61252
61253
61257
61263
61266
61267
61269
61273
61275
61277
61280
61281
61284
61297
61299
61304
61307
61313
61314
61320
61322
61328
61329
61330
61331
61332
61335
61338
61339
61340
61342
61344
61345
61346
61347
61348
61351
61355
61361
61362
61368
61370
61375
61378
61379
61380
61384
61385
61387
61388
61391
61394
61398
61399
61401
61402
61417
61426
61427
61433
61435
61439
61442
61446
61447
61450
61456
61457
61463
61470
61474
61475
61481
61482
61487
61489
61492
61493
61496
61499
61501
61503
61504
61505
61506
61507
61508
61511
61514
61516
61518
61520
61524
61525
61526
61527
61529
61531
61532
61533
61537
61538
61544
61546
61551
61557
61558
61560
61561
61565
61567
61568
61569
61572
61574
61580
61583
61586
61593
61594
61596
61598
61599
61602
61604
61605
61609
61610
61613
61617
61622
61628
61631
61636
61640
61642
61644
61645
61652
61655
61656
61657
61660
61662
61672
61673
61681
61682
61684
61685
61686
61687
61693
61696
61698
61702
61705
61706
61712
61713
61717
61719
61725
61726
61730
61732
61734
61736
61737
61738
61739
61745
61748
61749
61752
61756
61757
61758
61759
61760
61762
61764
61776
61780
61781
61782
61785
61788
61789
61793
61794
61800
61813
61814
61816
61817
61821
61824
61825
61828
61830
61836
61839
61840
61842
61844
61849
61850
61852
61853
61854
61855
61856
61858
61860
61861
61865
61866
61868
61869
61870
61871
61876
61878
61884
61887
61890
61892
61896
61898
61900
61901
61908
61911
61912
61913
61916
61918
61924
61928
61929
61932
61934
61938
61940
61942
61946
61948
61949
61954
61955
61957
61961
61962
61965
61966
61968
61970
61972
61973
61977
61978
61981
61986
61988
61989
61993
61994
61997
62002
62003
62005
62007
62008
62009
62013
62031
62040
62041
62056
62057
62078
62081
62083
62084
62085
62088
62091
62092
62093
62094
62096
62097
62109
62114
62115
62116
62118
62121
62122
62124
62130
62137
62138
62149
62150
62152
62153
62157
62159
62160
62163
62164
62165
62166
62167
62169
62171
62173
62177
62178
62184
62186
62190
62192
62193
62194
62195
62202
62210
62213
62215
62216
62217
62218
62219
62221
62222
62224
62226
62228
62229
62233
62234
62236
62237
62238
62239
62240
62242
62244
62245
62249
62250
62252
62253
62254
62255
62258
62264
62265
62266
62267
62272
62281
62283
62292
62296
62297
62300
62302
62308
62312
62313
62316
62320
62329
62331
62337
62339
62340
62341
62344
62347
62348
62349
62350
62351
62352
62357
62359
62365
62366
62370
62371
62372
62374
62376
62377
62378
62379
62384
62386
62390
62393
62394
62405
62408
62409
62413
62416
62419
62420
62421
62425
62428
62429
62433
62434
62440
62442
62448
62449
62465
62469
62478
62481
62488
62491
62492
62495
62501
62507
62508
62509
62513
62517
62529
62536
62538
62544
62548
62561
62564
62567
62590
62594
62596
62597
62601
62602
62606
62607
62610
62611
62615
62617
62618
62619
62622
62630
62639
62646
62647
62651
62656
62657
62658
62659
62666
62667
62673
62674
62676
62677
62678
62679
62680
62682
62684
62697
62699
62702
62703
62708
62711
62713
62716
62718
62725
62733
62737
62741
62744
62751
62765
62773
62786
62804
62807
62814
62816
62817
62820
62842
62846
62847
62848
62850
62852
62853
62857
62858
62860
62861
62862
62863
62866
62872
62873
62874
62875
62877
62878
62881
62884
62886
62902
62914
62915
62918
62922
62923
62925
62927
62930
62932
62935
62953
62955
62958
62959
62964
62967
62974
62987
62994
62995
62997
62999
63001
63014
63023
63028
63029
63033
63039
63044
63047
63049
63063
63069
63081
63083
63087
63091
63098
63101
63103
63106
63107
63108
63113
63115
63116
63123
63124
63125
63128
63131
63132
63133
63135
63137
63139
63140
63141
63147
63149
63150
63154
63155
63156
63158
63161
63163
63164
63167
63168
63171
63172
63177
63179
63180
63184
63185
63186
63187
63188
63191
63195
63200
63201
63202
63203
63210
63211
63212
63214
63216
63219
63220
63221
63222
63223
63225
63227
63229
63250
63253
63255
63256
63257
63258
63259
63280
63282
63284
63295
63300
63303
63316
63322
63331
63337
63357
63362
63364
63366
63368
63369
63370
63371
63372
63375
63379
63380
63384
63388
63389
63390
63391
63393
63395
63396
63397
63404
63405
63406
63407
63410
63412
63414
63416
63417
63418
63419
63420
63423
63424
63427
63428
63429
63433
63435
63436
63437
63440
63441
63443
63444
63447
63452
63457
63458
63460
63466
63467
63468
63472
63475
63476
63477
63481
63484
63485
63488
63493
63501
63502
63504
63506
63510
63511
63514
63521
63524
63525
63528
63533
63534
63539
63540
63544
63545
63548
63551
63552
63556
63557
63558
63559
63561
63563
63565
63568
63572
63578
63580
63582
63589
63590
63592
63593
63597
63599
63601
63602
63608
63610
63614
63616
63618
63620
63621
63628
63632
63633
63636
63638
63644
63647
63648
63649
63652
63660
63668
63669
63673
63674
63676
63677
63684
63687
63688
63689
63692
63694
63697
63698
63700
63701
63702
63703
63704
63706
63708
63709
63713
63714
63716
63717
63718
63719
63720
63722
63724
63725
63732
63735
63737
63740
63742
63745
63749
63751
63757
63758
63760
63762
63766
63767
63769
63770
63780
63788
63789
63790
63791
63794
63796
63798
63800
63801
63802
63803
63804
63807
63808
63811
63813
63814
63815
63817
63826
63828
63831
63834
63835
63838
63845
63846
63848
63849
63853
63855
63858
63866
63870
63871
63872
63874
63876
63877
63881
63882
63884
63885
63886
63887
63888
63889
63892
63894
63900
63903
63904
63905
63908
63910
63920
63922
63924
63925
63929
63930
63932
63933
63934
63935
63940
63943
63944
63945
63950
63954
63956
63957
63959
63962
63964
63965
63970
63972
63974
63978
63980
63981
63988
63991
63998
64001
64008
64016
64017
64020
64028
64032
64033
64036
64044
64049
64056
64064
64065
64066
64067
64069
64070
64074
64081
64082
64084
64085
64086
64087
64088
64090
64092
64093
64097
64098
64100
64101
64102
64103
64104
64106
64108
64112
64113
64114
64115
64122
64125
64127
64131
64132
64134
64136
64137
64140
64144
64146
64153
64154
64161
64164
64165
64168
64173
64175
64176
64177
64181
64183
64189
64193
64194
64200
64202
64206
64207
64208
64209
64210
64211
64212
64215
64218
64219
64220
64222
64229
64230
64232
64233
64237
64239
64240
64243
64244
64245
64246
64247
64249
64251
64253
64257
64259
64262
64272
64273
64276
64278
64288
64292
64294
64305
64307
64311
64320
64321
64322
64325
64326
64333
64335
64338
64340
64341
64346
64348
64349
64353
64356
64357
64360
64364
64365
64369
64373
64381
64386
64387
64388
64390
64392
64393
64394
64395
64400
64402
64409
64410
64417
64419
64421
64430
64433
64450
64456
64458
64462
64463
64464
64465
64466
64467
64468
64471
64474
64475
64476
64485
64486
64488
64489
64493
64496
64499
64500
64501
64505
64508
64509
64514
64518
64519
64522
64530
64531
64536
64546
64547
64553
64559
64581
64582
64585
64595
64596
64608
64611
64612
64613
64614
64615
64617
64633
64640
64641
64644
64646
64652
64655
64657
64659
64664
64667
64674
64676
64677
64681
64682
64690
64691
64693
64697
64699
64701
64713
64715
64718
64724
64729
64732
64734
64737
64741
64742
64746
64749
64751
64753
64754
64756
64757
64758
64759
64765
64774
64777
64778
64786
64788
64790
64795
64799
64802
64804
64806
64808
64809
64810
64811
64816
64818
64838
64861
64864
64869
64871
64873
64896
64897
64900
64902
64908
64911
64918
64920
64923
64928
64930
64932
64933
64937
64938
64940
64941
64942
64943
64946
64952
64953
64954
64955
64963
64969
64971
64974
64975
64980
64983
64992
64993
64994
64997
64998
65002
65003
65005
65007
65009
65010
65013
65016
65018
65026
65027
65029
65033
65037
65041
65048
65060
65061
65065
65072
65073
65076
65089
65092
65093
65094
65095
65108
65113
65121
65145
65147
65153
65155
65156
65157
65160
65163
65164
65170
65171
65172
65176
65177
65178
65180
65183
65186
65187
65188
65190
65193
65196
65201
65203
65204
65205
65208
65211
65212
65216
65217
65218
65219
65220
65223
65226
65227
65228
65230
65232
65235
65236
65237
65238
65239
65241
65243
65244
65252
65253
65254
65255
65257
65259
65260
65264
65265
65266
65267
65268
65271
65274
65275
65276
65278
65282
65285
65287
65288
65289
65290
65291
65297
65303
65312
65314
65316
65327
65329
65345
65346
65349
65351
65352
65364
65367
65376
65377
65381
65395
65401
65409
65411
65412
65413
65416
65419
65420
65421
65422
65423
65426
65427
65428
65430
65432
65433
65434
65435
65436
65439
65442
65443
65444
65446
65448
65449
65450
65451
65457
65459
65460
65464
65467
65471
65473
65474
65475
65479
65482
65483
65486
65491
65492
65493
65494
65495
65497
65499
65500
65507
65509
65513
65515
65516
65517
65521
65522
65523
65524
65527
65530
65531
65551
65558
65566
65567
65578
65586
65589
65590
65593
65596
65598
65604
65620
65622
65625
65626
65630
65634
65649
65654
65655
65658
65660
65662
65663
65676
65677
65685
65686
65692
65701
65702
65706
65708
65710
65713
65714
65721
65723
65724
65732
65734
65741
65745
65748
65753
65761
65764
65769
65770
65780
65782
65802
65813
65814
65817
65823
65834
65836
65837
65841
65842
65846
65848
65849
65854
65861
65876
65878
65882
65885
65886
65895
65903
65911
65913
65914
65919
65929
65932
65941
65948
65957
65958
65964
65969
65970
65986
65988
65997
65998
66004
66005
66009
66010
66020
66021
66025
66026
66034
66036
66038
66045
66046
66052
66053
66054
66055
66058
66069
66070
66074
66076
66078
66085
66090
66091
66092
66094
66100
66101
66102
66103
66104
66106
66110
66111
66112
66113
66117
66120
66121
66122
66124
66129
66131
66132
66133
66137
66138
66145
66148
66153
66154
66160
66161
66165
66167
66168
66169
66170
66172
66178
66181
66182
66188
66190
66193
66194
66196
66197
66198
66199
66201
66203
66206
66207
66216
66218
66220
66228
66231
66234
66241
66246
66249
66250
66252
66253
66254
66255
66256
66257
66260
66262
66264
66265
66266
66270
66274
66275
66277
66279
66284
66288
66290
66292
66293
66296
66308
66309
66325
66326
66332
66341
66342
66346
66347
66348
66352
66356
66358
66360
66362
66366
66367
66369
66373
66376
66377
66378
66379
66380
66383
66388
66389
66393
66394
66404
66405
66409
66410
66416
66417
66421
66423
66424
66425
66426
66427
66428
66431
66433
66434
66437
66438
66440
66441
66444
66449
66450
66452
66453
66454
66455
66457
66463
66464
66472
66474
66476
66477
66484
66487
66490
66491
66493
66495
66497
66499
66503
66505
66506
66508
66509
66510
66511
66513
66516
66518
66521
66525
66526
66530
66533
66535
66540
66543
66544
66546
66548
66549
66552
66570
66573
66586
66596
66602
66603
66607
66616
66618
66620
66621
66624
66628
66630
66632
66633
66634
66641
66643
66646
66647
66649
66650
66653
66654
66666
66670
66672
66676
66678
66680
66681
66682
66686
66690
66697
66701
66703
66713
66715
66717
66724
66725
66726
66727
66728
66730
66734
66741
66742
66746
66748
66750
66753
66756
66757
66762
66768
66769
66773
66776
66777
66783
66786
66787
66788
66790
66798
66800
66806
66807
66808
66812
66813
66814
66826
66828
66836
66845
66847
66852
66855
66858
66859
66863
66864
66872
66874
66876
66881
66884
66888
66889
66890
66891
66893
66894
66902
66903
66905
66906
66908
66909
66910
66911
66915
66919
66921
66922
66924
66928
66932
66936
66937
66938
66939
66941
66942
66945
66948
66952
66953
66957
66961
66969
66972
66973
66976
66980
66981
66986
66990
66991
66997
66998
67002
67003
67006
67009
67011
67012
67013
67017
67018
67025
67029
67031
67033
67042
67044
67053
67054
67056
67058
67062
67064
67069
67077
67078
67082
67084
67086
67089
67090
67097
67099
67100
67104
67107
67108
67109
67110
67111
67112
67114
67118
67120
67121
67122
67123
67124
67127
67128
67129
67133
67135
67136
67138
67142
67143
67144
67148
67149
67150
67152
67153
67157
67159
67160
67161
67162
67170
67171
67172
67174
67182
67185
67187
67188
67189
67193
67194
67201
67202
67204
67205
67206
67207
67209
67214
67220
67223
67226
67229
67231
67236
67242
67245
67249
67250
67252
67253
67254
67255
67257
67262
67266
67269
67276
67281
67286
67287
67292
67293
67294
67302
67306
67308
67309
67310
67311
67314
67317
67324
67333
67334
67338
67339
67345
67346
67353
67356
67357
67360
67363
67364
67365
67366
67367
67368
67370
67374
67375
67376
67378
67380
67383
67384
67385
67389
67391
67392
67394
67398
67400
67405
67408
67409
67413
67415
67417
67426
67428
67437
67438
67441
67443
67444
67445
67449
67450
67458
67460
67461
67465
67470
67471
67476
67482
67483
67485
67492
67495
67498
67501
67506
67508
67509
67510
67511
67513
67518
67519
67522
67525
67532
67535
67537
67542
67545
67549
67558
67561
67562
67564
67565
67566
67567
67570
67573
67580
67583
67594
67602
67605
67606
67609
67612
67620
67626
67629
67631
67633
67634
67636
67641
67643
67646
67653
67670
67671
67677
67684
67700
67705
67706
67710
67714
67721
67727
67732
67736
67738
67743
67748
67749
67750
67751
67752
67754
67758
67760
67761
67762
67763
67764
67768
67776
67778
67782
67783
67789
67790
67799
67801
67802
67804
67813
67815
67817
67818
67820
67832
67836
67837
67838
67850
67852
67853
67857
67858
67864
67865
67876
67879
67885
67894
67903
67906
67909
67911
67921
67923
67930
67934
67941
67956
67962
67965
67969
67972
67976
67984
67988
67989
67992
67994
67998
67999
68000
68004
68005
68006
68008
68010
68014
68015
68018
68020
68023
68029
68031
68039
68046
68048
68058
68074
68092
68093
68094
68095
68101
68102
68106
68108
68110
68116
68117
68118
68119
68120
68122
68126
68128
68131
68132
68133
68134
68135
68136
68138
68142
68149
68150
68154
68156
68158
68161
68164
68165
68169
68170
68181
68183
68186
68187
68188
68192
68193
68197
68199
68200
68201
68202
68204
68207
68209
68211
68212
68213
68217
68218
68225
68226
68228
68229
68230
68231
68233
68238
68240
68241
68242
68243
68245
68246
68248
68249
68252
68260
68266
68269
68280
68282
68284
68285
68288
68289
68292
68296
68297
68298
68301
68305
68313
68314
68316
68318
68324
68325
68341
68348
68357
68358
68362
68363
68368
68372
68373
68374
68376
68378
68383
68384
68387
68388
68389
68390
68391
68392
68394
68398
68399
68406
68410
68411
68414
68425
68426
68442
68449
68453
68455
68456
68457
68458
68459
68460
68463
68468
68469
68473
68474
68481
68482
68484
68485
68486
68489
68495
68497
68498
68501
68504
68505
68508
68516
68519
68522
68525
68538
68540
68541
68544
68545
68548
68552
68553
68554
68555
68557
68569
68570
68572
68573
68574
68575
68576
68578
68580
68581
68584
68594
68597
68599
68604
68612
68618
68623
68632
68634
68636
68637
68640
68648
68652
68660
68666
68671
68673
68678
68679
68682
68684
68685
68686
68692
68694
68697
68698
68699
68701
68702
68704
68708
68710
68712
68713
68714
68718
68721
68723
68726
68727
68729
68730
68732
68733
68734
68745
68749
68755
68756
68759
68760
68765
68767
68773
68774
68778
68780
68782
68788
68789
68790
68791
68792
68794
68798
68799
68805
68807
68808
68815
68817
68820
68821
68826
68834
68838
68839
68843
68845
68846
68847
68852
68854
68861
68862
68868
68871
68874
68875
68879
68880
68888
68890
68892
68896
68899
68904
68906
68908
68909
68916
68919
68922
68923
68927
68934
68935
68937
68938
68940
68941
68942
68943
68948
68950
68954
68958
68961
68964
68968
68969
68970
68971
68973
68974
68983
68985
68986
68988
68989
68990
68991
69001
69004
69010
69012
69016
69017
69021
69023
69029
69030
69034
69038
69043
69045
69046
69047
69050
69054
69055
69057
69061
69063
69067
69068
69071
69076
69077
69081
69082
69094
69095
69096
69102
69106
69108
69110
69117
69118
69124
69125
69126
69127
69128
69130
69134
69135
69136
69137
69138
69139
69140
69143
69144
69145
69149
69151
69157
69158
69162
69164
69166
69169
69170
69177
69180
69181
69188
69190
69197
69198
69201
69203
69204
69205
69209
69210
69218
69222
69223
69224
69227
69228
69230
69231
69232
69233
69237
69239
69240
69241
69242
69243
69244
69249
69253
69254
69260
69262
69272
69274
69276
69277
69280
69297
69301
69302
69308
69310
69314
69316
69317
69320
69328
69329
69332
69334
69336
69337
69338
69341
69342
69345
69350
69354
69362
69364
69365
69368
69379
69381
69382
69383
69386
69390
69391
69393
69394
69396
69400
69401
69405
69407
69413
69414
69418
69422
69426
69433
69436
69442
69444
69446
69453
69454
69460
69461
69465
69466
69472
69474
69478
69479
69480
69484
69485
69486
69487
69488
69489
69493
69495
69496
69497
69498
69499
69500
69503
69504
69505
69509
69510
69513
69518
69523
69530
69532
69533
69536
69549
69552
69553
69554
69557
69558
69561
69566
69572
69573
69576
69585
69588
69590
69593
69597
69598
69604
69606
69608
69613
69614
69616
69618
69620
69621
69624
69637
69639
69644
69647
69653
69665
69667
69671
69673
69674
69676
69677
69678
69679
69681
69684
69686
69688
69689
69690
69691
69693
69694
69697
69700
69701
69702
69703
69705
69710
69711
69713
69714
69715
69717
69718
69720
69721
69724
69726
69732
69735
69738
69739
69743
69744
69752
69754
69756
69757
69764
69765
69769
69770
69777
69781
69783
69784
69788
69792
69793
69797
69799
69800
69801
69802
69803
69804
69807
69809
69811
69812
69813
69817
69818
69825
69828
69831
69837
69841
69849
69852
69857
69858
69865
69867
69868
69872
69873
69876
69879
69880
69890
69893
69900
69903
69908
69909
69912
69921
69926
69927
69929
69930
69932
69933
69934
69935
69936
69937
69940
69942
69944
69945
69946
69950
69953
69954
69956
69957
69958
69959
69961
69963
69966
69967
69970
69973
69974
69977
69980
69982
69988
69991
69994
69995
69999
70008
70010
70012
70017
70020
70021
70025
70032
70033
70037
70041
70048
70049
70055
70057
70058
70060
70065
70067
70068
70073
70080
70081
70082
70083
70084
70087
70089
70093
70095
70097
70098
70105
70107
70109
70113
70114
70121
70123
70124
70125
70128
70129
70130
70131
70132
70135
70136
70137
70143
70145
70147
70148
70149
70153
70154
70162
70164
70166
70173
70174
70178
70179
70180
70189
70193
70195
70196
70201
70202
70208
70210
70212
70216
70217
70221
70223
70224
70228
70230
70232
70234
70238
70239
70240
70243
70244
70246
70247
70248
70250
70255
70256
70257
70258
70260
70263
70264
70265
70275
70279
70287
70289
70291
70295
70297
70298
70303
70304
70312
70315
70321
70324
70329
70333
70337
70340
70341
70343
70345
70347
70351
70356
70359
70367
70369
70370
70371
70373
70376
70377
70380
70384
70392
70396
70397
70401
70404
70405
70409
70420
70422
70429
70435
70436
70445
70457
70464
70465
70466
70467
70468
70471
70472
70473
70477
70479
70484
70485
70486
70487
70494
70495
70496
70499
70500
70501
70502
70503
70504
70506
70510
70511
70512
70513
70514
70515
70516
70519
70520
70521
70525
70527
70531
70535
70540
70545
70551
70553
70557
70560
70564
70568
70576
70577
70580
70584
70585
70586
70593
70594
70596
70601
70603
70607
70615
70619
70623
70624
70625
70626
70627
70629
70630
70632
70633
70636
70640
70643
70648
70650
70658
70661
70667
70673
70676
70678
70680
70681
70682
70683
70685
70686
70689
70692
70696
70697
70698
70699
70702
70704
70706
70708
70709
70712
70715
70724
70730
70731
70737
70738
70740
70741
70743
70745
70747
70750
70751
70753
70754
70759
70763
70772
70775
70778
70779
70783
70785
70792
70793
70794
70795
70796
70799
70806
70808
70812
70817
70819
70820
70821
70825
70826
70834
70836
70845
70846
70848
70851
70852
70853
70858
70864
70865
70867
70868
70871
70872
70873
70877
70890
70891
70892
70894
70897
70905
70908
70914
70916
70920
70928
70929
70932
70934
70936
70937
70938
70944
70948
70953
70954
70955
70957
70962
70964
70968
70971
70980
70983
70986
70987
70991
70993
70994
70996
70997
70998
70999
71001
71003
71006
71007
71010
71012
71014
71015
71019
71023
71028
71031
71034
71039
71040
71041
71045
71048
71049
71050
71051
71052
71056
71058
71064
71067
71068
71069
71071
71073
71076
71077
71081
71082
71090
71091
71092
71094
71101
71104
71107
71108
71109
71111
71112
71114
71118
71120
71121
71122
71123
71124
71127
71128
71129
71133
71135
71141
71146
71148
71161
71164
71165
71169
71173
71175
71177
71185
71187
71188
71189
71193
71194
71200
71208
71211
71213
71219
71220
71222
71229
71230
71232
71237
71238
71240
71253
71254
71260
71262
71266
71267
71268
71272
71273
71279
71281
71289
71291
71292
71293
71296
71298
71300
71301
71304
71307
71314
71317
71319
71324
71331
71333
71340
71343
71344
71346
71348
71349
71352
71355
71364
71370
71371
71373
71376
71384
71388
71395
71402
71404
71412
71418
71419
71424
71425
71429
71432
71433
71434
71441
71444
71445
71449
71450
71456
71462
71463
71464
71468
71469
71470
71474
71475
71476
71478
71486
71488
71491
71493
71496
71498
71503
71509
71510
71515
71520
71521
71522
71523
71524
71527
71528
71535
71537
71538
71545
71547
71548
71554
71556
71557
71560
71570
71571
71573
71586
71596
71602
71604
71608
71620
71623
71626
71629
71631
71632
71635
71640
71642
71645
71656
71658
71660
71661
71668
71671
71674
71679
71681
71683
71686
71687
71689
71690
71692
71693
71694
71695
71697
71700
71702
71704
71705
71706
71707
71709
71710
71714
71715
71717
71719
71724
71727
71728
71730
71732
71733
71736
71739
71748
71751
71757
71763
71770
71772
71773
71777
71780
71782
71783
71785
71791
71793
71794
71795
71797
71800
71801
71804
71811
71822
71830
71832
71835
71836
71847
71848
71851
71852
71853
71854
71855
71858
71859
71860
71869
71870
71875
71877
71879
71880
71887
71894
71898
71899
71900
71909
71914
71915
71916
71920
71924
71925
71928
71930
71934
71935
71937
71942
71943
71945
71946
71948
71950
71951
71952
71953
71956
71958
71960
71961
71962
71970
71971
71973
71975
71980
71983
71984
71986
71988
71995
72004
72007
72010
72013
72015
72016
72019
72026
72029
72033
72034
72036
72037
72038
72039
72041
72043
72046
72047
72050
72053
72054
72057
72060
72068
72070
72077
72080
72082
72088
72091
72092
72093
72095
72096
72098
72102
72103
72104
72108
72109
72110
72111
72114
72115
72116
72118
72125
72132
72143
72154
72155
72156
72158
72165
72166
72172
72180
72184
72186
72191
72194
72195
72196
72198
72209
72211
72212
72213
72217
72218
72228
72229
72233
72234
72242
72243
72244
72246
72253
72254
72256
72260
72264
72266
72271
72273
72274
72275
72276
72280
72281
72289
72290
72292
72295
72296
72297
72303
72304
72308
72309
72310
72312
72314
72319
72321
72323
72327
72329
72330
72335
72338
72339
72341
72343
72348
72352
72353
72356
72361
72365
72372
72373
72395
72401
72404
72409
72411
72415
72433
72434
72437
72440
72441
72444
72450
72451
72452
72454
72465
72468
72469
72473
72474
72481
72483
72484
72485
72489
72490
72498
72499
72500
72502
72510
72516
72520
72522
72527
72530
72537
72541
72543
72544
72545
72546
72547
72548
72551
72552
72553
72559
72564
72565
72566
72567
72568
72570
72577
72579
72583
72585
72594
72595
72597
72608
72609
72612
72616
72617
72618
72624
72626
72628
72635
72644
72657
72658
72660
72665
72667
72671
72680
72684
72688
72689
72690
72691
72693
72694
72696
72697
72700
72705
72708
72713
72718
72724
72725
72728
72731
72736
72740
72744
72747
72752
72753
72756
72760
72761
72762
72763
72766
72769
72772
72773
72774
72775
72777
72782
72783
72788
72791
72794
72795
72797
72799
72804
72807
72810
72811
72815
72817
72820
72821
72823
72825
72830
72831
72838
72839
72840
72843
72844
72846
72847
72849
72859
72860
72863
72866
72867
72868
72870
72878
72881
72883
72884
72885
72889
72890
72897
72899
72900
72903
72909
72912
72915
72916
72919
72922
72926
72927
72929
72930
72937
72940
72950
72954
72956
72958
72960
72964
72966
72968
72969
72970
72973
72974
72976
72978
72980
72984
72992
72994
72996
72997
73000
73008
73012
73014
73016
73017
73018
73019
73021
73025
73026
73028
73029
73030
73031
73033
73035
73038
73039
73044
73050
73053
73055
73060
73063
73066
73071
73073
73074
73076
73081
73088
73090
73094
73095
73096
73103
73109
73111
73115
73116
73119
73122
73124
73126
73133
73134
73137
73139
73140
73141
73146
73152
73153
73154
73155
73156
73159
73161
73165
73167
73168
73171
73172
73173
73174
73175
73176
73178
73182
73183
73185
73186
73193
73197
73210
73211
73212
73214
73222
73223
73228
73229
73230
73231
73234
73235
73236
73238
73245
73246
73248
73249
73253
73255
73257
73267
73268
73269
73273
73274
73282
73284
73288
73289
73293
73295
73305
73307
73308
73309
73315
73318
73319
73322
73327
73333
73339
73344
73345
73348
73350
73353
73358
73361
73363
73366
73369
73370
73372
73377
73385
73389
73392
73393
73396
73401
73405
73406
73409
73412
73413
73415
73417
73423
73424
73425
73427
73430
73432
73433
73436
73438
73440
73441
73442
73445
73449
73457
73460
73461
73465
73470
73472
73474
73478
73479
73483
73486
73487
73490
73491
73492
73504
73509
73511
73513
73514
73519
73523
73524
73530
73536
73537
73538
73539
73540
73543
73544
73545
73549
73551
73553
73554
73561
73563
73565
73572
73573
73574
73575
73576
73578
73582
73583
73589
73590
73594
73596
73600
73601
73604
73606
73608
73609
73610
73613
73617
73628
73629
73631
73633
73638
73639
73644
73645
73646
73648
73652
73654
73657
73658
73661
73665
73666
73668
73673
73680
73688
73689
73692
73694
73697
73701
73702
73708
73713
73714
73716
73721
73735
73743
73749
73761
73763
73767
73769
73770
73775
73777
73780
73782
73785
73789
73790
73802
73804
73805
73815
73818
73819
73821
73823
73825
73827
73832
73833
73838
73841
73845
73846
73847
73849
73851
73854
73855
73862
73863
73868
73869
73870
73871
73874
73875
73876
73878
73885
73886
73890
73891
73892
73894
73901
73902
73910
73911
73918
73922
73924
73927
73933
73935
73937
73938
73947
73953
73954
73963
73969
73975
73976
73977
73983
73990
73993
73994
73995
73998
74001
74006
74007
74009
74010
74013
74014
74015
74018
74020
74027
74034
74035
74039
74047
74049
74050
74052
74053
74054
74055
74057
74062
74063
74066
74069
74070
74073
74076
74078
74087
74091
74093
74095
74104
74106
74109
74113
74116
74121
74122
74133
74135
74137
74138
74143
74151
74153
74154
74159
74163
74181
74182
74186
74187
74188
74190
74196
74197
74198
74199
74206
74207
74212
74213
74214
74215
74223
74229
74230
74242
74246
74251
74255
74257
74261
74263
74264
74265
74266
74267
74268
74271
74273
74277
74279
74280
74281
74282
74283
74284
74287
74288
74290
74294
74295
74296
74299
74300
74301
74302
74303
74304
74305
74308
74311
74313
74317
74323
74324
74325
74326
74327
74330
74334
74335
74340
74341
74353
74359
74360
74361
74365
74375
74383
74385
74387
74390
74391
74393
74394
74399
74405
74417
74420
74422
74425
74429
74430
74435
74442
74444
74445
74449
74450
74454
74456
74457
74462
74471
74474
74475
74477
74479
74481
74482
74485
74486
74487
74489
74491
74495
74501
74518
74525
74534
74541
74545
74547
74548
74549
74553
74554
74565
74566
74570
74572
74574
74577
74578
74585
74587
74589
74605
74613
74614
74618
74619
74630
74633
74634
74635
74638
74642
74644
74645
74651
74657
74662
74663
74665
74666
74669
74670
74671
74674
74675
74677
74679
74687
74689
74690
74692
74693
74694
74695
74697
74699
74702
74703
74711
74715
74719
74722
74725
74726
74732
74734
74744
74746
74754
74757
74763
74769
74774
74776
74777
74778
74779
74782
74785
74788
74792
74793
74794
74795
74797
74798
74800
74802
74804
74808
74811
74816
74817
74818
74821
74822
74825
74830
74835
74842
74858
74860
74865
74866
74870
74872
74873
74876
74878
74893
74894
74897
74899
74901
74905
74906
74918
74925
74929
74933
74935
74937
74947
74949
74950
74951
74954
74958
74959
74961
74963
74967
74968
74969
74975
74981
74982
74986
74987
74990
74993
75001
75003
75004
75005
75014
75015
75018
75021
75022
75023
75031
75039
75042
75043
75047
75055
75059
75062
75063
75066
75070
75071
75076
75079
75082
75085
75087
75089
75090
75092
75093
75094
75095
75097
75099
75102
75103
75105
75106
75108
75109
75110
75111
75113
75115
75119
75124
75127
75130
75131
75133
75135
75141
75145
75146
75147
75151
75154
75158
75159
75163
75165
75166
75167
75169
75173
75178
75186
75187
75190
75201
75202
75209
75211
75213
75221
75222
75227
75234
75241
75245
75247
75253
75256
75258
75263
75266
75268
75277
75278
75286
75287
75288
75294
75297
75299
75300
75301
75305
75306
75313
75317
75319
75320
75321
75322
75323
75324
75327
75328
75331
75332
75333
75334
75335
75336
75338
75342
75343
75349
75350
75354
75355
75356
75358
75361
75364
75367
75369
75373
75375
75377
75385
75388
75389
75394
75397
75403
75410
75413
75415
75423
75429
75436
75439
75442
75445
75451
75457
75458
75459
75461
75462
75465
75470
75474
75476
75477
75478
75479
75481
75486
75487
75493
75494
75495
75502
75503
75505
75509
75510
75513
75518
75521
75525
75527
75530
75537
75540
75541
75545
75554
75559
75560
75563
75564
75565
75566
75567
75572
75574
75581
75582
75585
75586
75593
75596
75600
75601
75602
75603
75604
75607
75609
75613
75615
75621
75626
75628
75636
75637
75639
75646
75647
75654
75655
75658
75660
75661
75662
75663
75665
75670
75674
75686
75689
75690
75691
75693
75694
75702
75703
75706
75709
75710
75711
75716
75719
75722
75725
75727
75731
75736
75738
75741
75754
75757
75764
75767
75770
75775
75777
75779
75782
75783
75785
75786
75791
75793
75796
75798
75801
75805
75806
75810
75813
75815
75820
75823
75828
75829
75841
75842
75845
75849
75861
75862
75863
75871
75882
75884
75885
75895
75898
75899
75901
75903
75905
75911
75912
75913
75914
75915
75919
75924
75925
75929
75930
75940
75941
75945
75946
75962
75971
75973
75974
75975
75978
75983
75990
75994
75995
75996
75998
76005
76006
76010
76011
76014
76021
76022
76026
76030
76031
76034
76036
76037
76043
76050
76053
76055
76063
76068
76070
76073
76074
76077
76086
76087
76093
76095
76100
76103
76106
76109
76111
76122
76129
76130
76132
76133
76134
76135
76137
76139
76142
76143
76146
76149
76150
76153
76156
76164
76166
76174
76178
76182
76183
76187
76189
76191
76194
76198
76199
76203
76205
76206
76207
76214
76221
76222
76225
76226
76235
76242
76249
76255
76258
76265
76271
76284
76285
76289
76293
76295
76296
76297
76298
76299
76300
76303
76304
76306
76310
76311
76312
76315
76316
76317
76318
76319
76326
76327
76332
76333
76334
76335
76337
76341
76343
76345
76348
76351
76352
76355
76356
76357
76359
76360
76362
76366
76367
76369
76370
76372
76375
76377
76381
76383
76385
76388
76391
76393
76397
76399
76403
76404
76405
76406
76407
76410
76414
76415
76422
76423
76425
76426
76431
76434
76435
76437
76439
76444
76447
76449
76452
76454
76457
76461
76462
76468
76469
76481
76482
76485
76489
76506
76508
76509
76517
76518
76519
76527
76535
76538
76539
76541
76543
76550
76557
76561
76563
76564
76565
76569
76570
76577
76580
76581
76585
76598
76605
76606
76609
76610
76617
76629
76630
76634
76636
76638
76645
76646
76650
76652
76654
76657
76658
76665
76667
76669
76676
76677
76692
76697
76698
76699
76701
76709
76711
76719
76723
76726
76727
76733
76734
76735
76740
76743
76746
76749
76751
76753
76754
76756
76757
76758
76759
76761
76763
76766
76767
76778
76786
76789
76790
76793
76796
76798
76801
76804
76808
76809
76810
76811
76813
76814
76816
76818
76820
76821
76824
76827
76832
76836
76837
76848
76849
76852
76857
76861
76862
76864
76867
76872
76874
76877
76881
76882
76883
76889
76894
76897
76898
76902
76905
76910
76915
76922
76924
76929
76931
76933
76937
76938
76946
76947
76948
76950
76957
76958
76961
76965
76967
76969
76982
76983
76990
76994
76995
76999
77001
77011
77014
77015
77018
77022
77023
77046
77050
77051
77054
77058
77059
77061
77063
77068
77071
77073
77075
77078
77079
77081
77082
77084
77085
77086
77087
77089
77091
77095
77097
77098
77101
77102
77106
77107
77111
77119
77121
77122
77124
77125
77126
77127
77129
77134
77140
77146
77151
77162
77165
77167
77169
77170
77172
77177
77179
77183
77186
77190
77191
77195
77197
77198
77199
77205
77207
77209
77210
77211
77215
77218
77219
77222
77235
77253
77254
77258
77262
77265
77266
77273
77275
77277
77286
77290
77298
77305
77309
77311
77313
77315
77316
77317
77321
77322
77328
77329
77333
77335
77336
77337
77338
77339
77340
77343
77346
77347
77348
77350
77357
77358
77360
77362
77366
77367
77368
77371
77372
77373
77374
77375
77377
77379
77383
77384
77385
77391
77394
77401
77403
77404
77405
77411
77414
77415
77418
77422
77423
77430
77434
77435
77438
77441
77444
77449
77454
77457
77459
77462
77463
77465
77466
77468
77469
77470
77471
77473
77478
77481
77485
77489
77492
77494
77497
77501
77502
77507
77514
77517
77524
77527
77530
77531
77533
77535
77543
77555
77562
77565
77570
77575
77579
77581
77582
77583
77588
77590
77597
77598
77600
77601
77607
77609
77610
77611
77615
77617
77619
77620
77621
77625
77626
77638
77642
77643
77644
77646
77651
77652
77653
77654
77655
77656
77658
77662
77663
77665
77666
77673
77680
77681
77682
77683
77684
77687
77689
77693
77695
77701
77703
77711
77714
77716
77717
77723
77730
77733
77736
77746
77747
77749
77751
77759
77761
77762
77764
77765
77766
77767
77769
77774
77779
77781
77782
77785
77788
77790
77793
77797
77798
77806
77809
77810
77812
77813
77814
77815
77817
77822
77828
77831
77834
77835
77839
77841
77842
77844
77845
77846
77847
77849
77851
77854
77855
77856
77859
77864
77866
77868
77872
77873
77874
77875
77880
77881
77884
77886
77889
77894
77897
77898
77900
77901
77902
77903
77906
77907
77909
77911
77916
77919
77920
77921
77924
77926
77928
77929
77930
77931
77934
77936
77938
77940
77941
77944
77947
77956
77958
77959
77960
77962
77967
77968
77969
77970
77971
77972
77975
77976
77977
77983
77984
77985
77986
77987
77988
77991
77992
77993
77999
78000
78003
78004
78005
78006
78007
78015
78019
78020
78029
78033
78035
78036
78041
78049
78051
78052
78057
78058
78068
78070
78081
78082
78083
78085
78086
78088
78089
78092
78094
78096
78104
78106
78108
78109
78113
78114
78116
78117
78119
78121
78123
78127
78132
78135
78138
78139
78141
78143
78146
78149
78152
78155
78161
78166
78168
78169
78170
78171
78173
78174
78178
78179
78183
78191
78193
78195
78198
78199
78201
78202
78207
78209
78210
78217
78219
78220
78229
78234
78235
78236
78246
78250
78251
78252
78257
78258
78267
78272
78277
78279
78280
78281
78282
78283
78284
78287
78288
78290
78294
78295
78296
78299
78303
78304
78306
78311
78312
78315
78317
78320
78321
78327
78328
78329
78330
78331
78335
78337
78338
78345
78347
78348
78353
78360
78361
78367
78368
78369
78370
78371
78372
78375
78376
78377
78381
78383
78385
78386
78393
78395
78400
78401
78405
78408
78409
78410
78412
78417
78419
78420
78425
78433
78436
78437
78441
78448
78449
78453
78456
78457
78466
78470
78481
78482
78487
78491
78504
78506
78519
78523
78527
78528
78532
78539
78547
78551
78564
78569
78570
78571
78577
78583
78596
78597
78598
78607
78613
78620
78629
78634
78635
78636
78640
78644
78648
78650
78654
78655
78658
78660
78662
78669
78670
78672
78674
78678
78679
78687
78688
78690
78694
78696
78699
78703
78706
78727
78731
78735
78753
78754
78757
78758
78759
78761
78763
78767
78769
78770
78771
78776
78777
78787
78791
78793
78794
78799
78811
78818
78819
78823
78831
78832
78834
78843
78851
78856
78858
78860
78861
78868
78871
78874
78875
78877
78879
78884
78887
78891
78895
78896
78899
78904
78906
78908
78909
78914
78924
78930
78932
78933
78936
78946
78948
78952
78962
78963
78965
78967
78972
78975
78986
78988
78990
78992
78995
78996
78997
78998
78999
79000
79002
79006
79020
79021
79024
79025
79026
79027
79028
79031
79032
79033
79037
79039
79041
79043
79044
79045
79050
79056
79057
79061
79063
79064
79065
79066
79067
79071
79074
79075
79076
79078
79085
79086
79088
79090
79094
79095
79096
79099
79100
79101
79102
79103
79106
79108
79109
79111
79113
79118
79119
79120
79121
79122
79126
79128
79129
79132
79134
79137
79139
79148
79154
79156
79159
79161
79163
79166
79167
79169
79172
79174
79178
79181
79182
79185
79187
79190
79191
79193
79194
79196
79197
79198
79199
79203
79207
79209
79210
79212
79213
79214
79215
79217
79220
79222
79224
79225
79226
79227
79229
79230
79234
79235
79236
79239
79240
79241
79245
79247
79249
79250
79257
79259
79260
79261
79264
79267
79268
79271
79274
79278
79279
79285
79286
79290
79291
79294
79298
79302
79303
79304
79307
79308
79309
79310
79311
79314
79315
79316
79318
79326
79329
79333
79335
79336
79337
79338
79339
79340
79343
79345
79347
79348
79349
79353
79354
79360
79361
79362
79363
79364
79367
79375
79380
79381
79382
79383
79390
79391
79404
79418
79420
79422
79424
79426
79430
79431
79432
79436
79437
79438
79440
79441
79445
79447
79449
79450
79452
79455
79459
79460
79462
79470
79473
79475
79476
79477
79490
79492
79494
79495
79499
79502
79503
79508
79511
79514
79519
79524
79527
79530
79535
79537
79538
79540
79541
79542
79543
79545
79547
79550
79551
79552
79556
79560
79561
79562
79563
79565
79570
79572
79576
79586
79588
79595
79600
79601
79604
79606
79608
79609
79610
79621
79622
79627
79628
79630
79633
79634
79641
79644
79645
79648
79651
79652
79653
79655
79663
79666
79668
79671
79672
79673
79677
79679
79683
79684
79685
79689
79690
79698
79699
79700
79702
79709
79710
79712
79719
79723
79727
79728
79730
79734
79735
79743
79747
79754
79756
79760
79762
79769
79778
79782
79784
79785
79788
79790
79802
79804
79805
79810
79811
79813
79815
79820
79823
79827
79830
79831
79833
79834
79839
79843
79846
79847
79849
79850
79852
79853
79854
79855
79858
79863
79871
79872
79875
79880
79882
79884
79888
79889
79890
79891
79893
79894
79897
79900
79902
79908
79911
79914
79917
79919
79921
79922
79924
79925
79926
79927
79929
79931
79934
79935
79936
79937
79940
79944
79945
79946
79949
79950
79954
79956
79957
79963
79969
79974
79975
79977
79978
79980
79982
79983
79986
79987
79989
79991
79996
79999
80006
80010
80011
80017
80018
80027
80028
80033
80034
80043
80053
80054
80058
80059
80060
80062
80064
80066
80071
80075
80085
80087
80089
80090
80091
80092
80095
80103
80105
80106
80107
80111
80114
80118
80119
80120
80123
80124
80125
80126
80127
80129
80130
80132
80133
80134
80135
80137
80143
80148
80151
80154
80157
80161
80162
80163
80165
80168
80169
80172
80179
80186
80188
80189
80194
80197
80199
80204
80207
80209
80211
80214
80215
80217
80218
80220
80221
80222
80223
80224
80226
80228
80229
80232
80235
80241
80244
80246
80248
80249
80250
80251
80253
80254
80257
80258
80263
80264
80271
80272
80275
80276
80277
80279
80280
80282
80287
80291
80293
80294
80295
80296
80298
80303
80306
80307
80311
80317
80319
80323
80324
80330
80338
80339
80340
80342
80350
80355
80366
80372
80373
80377
80378
80384
80385
80386
80387
80388
80391
80392
80393
80399
80401
80402
80411
80417
80418
80429
80435
80439
80441
80447
80449
80451
80452
80453
80457
80458
80464
80465
80469
80471
80473
80474
80475
80476
80485
80487
80489
80490
80492
80495
80497
80499
80500
80501
80513
80514
80519
80523
80531
80536
80540
80551
80559
80563
80572
80579
80592
80596
80603
80615
80628
80633
80634
80645
80650
80651
80652
80656
80660
80661
80664
80666
80671
80672
80675
80676
80677
80679
80682
80686
80687
80694
80698
80699
80702
80704
80706
80711
80716
80717
80718
80719
80722
80723
80724
80726
80733
80734
80738
80740
80742
80750
80752
80754
80758
80759
80767
80795
80801
80802
80808
80809
80827
80831
80832
80836
80841
80845
80851
80855
80857
80858
80863
80868
80882
80887
80895
80900
80903
80906
80911
80912
80915
80920
80922
80924
80925
80928
80931
80936
80938
80940
80948
80951
80954
80959
80960
80962
80964
80965
80968
80978
80979
80981
80983
80988
80991
80994
80995
80999
81004
81007
81010
81012
81013
81016
81019
81024
81027
81028
81030
81031
81032
81034
81038
81039
81045
81046
81050
81051
81052
81054
81056
81057
81058
81059
81060
81063
81065
81071
81073
81074
81081
81083
81085
81093
81095
81096
81099
81103
81105
81107
81114
81122
81126
81127
81131
81134
81135
81138
81139
81142
81150
81152
81153
81154
81157
81158
81160
81161
81164
81166
81169
81170
81172
81173
81174
81175
81177
81182
81183
81185
81186
81188
81189
81191
81193
81199
81200
81201
81202
81203
81206
81209
81214
81217
81219
81223
81225
81226
81228
81229
81230
81231
81232
81233
81236
81240
81241
81242
81243
81246
81248
81249
81256
81257
81258
81259
81265
81267
81273
81274
81276
81281
81282
81289
81292
81298
81299
81300
81303
81304
81305
81309
81311
81318
81322
81326
81331
81334
81335
81338
81342
81343
81346
81347
81348
81350
81358
81360
81362
81366
81367
81368
81371
81372
81374
81375
81377
81379
81381
81385
81386
81393
81400
81401
81402
81403
81404
81407
81409
81410
81417
81419
81420
81429
81430
81434
81435
81436
81438
81440
81441
81442
81443
81444
81447
81448
81449
81453
81455
81459
81460
81461
81462
81463
81464
81466
81470
81471
81476
81485
81486
81489
81491
81492
81493
81498
81504
81506
81510
81511
81515
81518
81519
81525
81527
81531
81535
81536
81537
81538
81539
81542
81544
81552
81555
81560
81562
81564
81568
81571
81576
81578
81584
81585
81586
81587
81589
81590
81592
81593
81596
81598
81601
81603
81607
81610
81612
81618
81619
81621
81623
81628
81631
81634
81635
81637
81639
81647
81649
81651
81654
81655
81658
81660
81661
81662
81664
81667
81668
81669
81670
81671
81672
81679
81680
81682
81684
81688
81689
81693
81695
81701
81706
81707
81708
81714
81721
81723
81724
81725
81728
81729
81733
81735
81736
81737
81738
81739
81740
81743
81744
81746
81750
81751
81752
81755
81756
81757
81758
81759
81763
81764
81765
81769
81770
81778
81779
81780
81782
81789
81790
81796
81799
81803
81807
81812
81813
81815
81819
81823
81825
81826
81828
81829
81830
81831
81833
81839
81844
81847
81850
81851
81853
81855
81856
81858
81860
81864
81867
81876
81878
81880
81886
81888
81889
81892
81894
81897
81902
81904
81906
81908
81909
81925
81934
81937
81941
81942
81962
81990
82014
82018
82024
82027
82044
82047
82053
82054
82058
82060
82062
82068
82072
82074
82078
82080
82083
82084
82088
82090
82094
82106
82116
82122
82144
82145
82152
82154
82155
82161
82186
82210
82214
82222
82226
82230
82242
82278
82287
82296
82305
82306
82308
82312
82313
82322
82329
82338
82345
82354
82355
82368
82370
82376
82379
82380
82386
82388
82390
82402
82404
82406
82416
82418
82422
82424
82431
82434
82441
82452
82453
82454
82455
82456
82458
82462
82463
82468
82472
82474
82478
82480
82481
82482
82483
82484
82487
82488
82489
82496
82498
82502
82503
82507
82517
82521
82522
82524
82527
82535
82538
82546
82550
82551
82552
82556
82558
82573
82576
82577
82578
82579
82581
82582
82584
82585
82596
82602
82609
82610
82612
82617
82619
82622
82626
82627
82629
82636
82641
82646
82647
82649
82658
82660
82664
82667
82672
82673
82676
82678
82680
82681
82702
82705
82706
82713
82722
82729
82731
82732
82733
82742
82746
82747
82750
82753
82755
82756
82757
82761
82762
82770
82772
82774
82781
82782
82786
82787
82788
82790
82804
82805
82809
82810
82817
82820
82821
82825
82836
82845
82848
82849
82850
82853
82856
82857
82860
82864
82867
82872
82874
82881
82884
82888
82889
82890
82891
82901
82921
82922
82924
82930
82933
82935
82954
82961
82962
82964
82965
82966
82967
82969
82974
82980
82990
82996
82999
83002
83029
83036
83039
83042
83043
83047
83062
83063
83068
83070
83073
83074
83081
83083
83085
83093
83094
83104
83108
83112
83113
83117
83119
83124
83128
83130
83134
83136
83141
83144
83145
83146
83147
83148
83159
83166
83171
83172
83178
83187
83188
83190
83198
83202
83206
83214
83216
83242
83244
83245
83248
83250
83254
83262
83264
83266
83268
83269
83272
83284
83286
83288
83293
83294
83296
83300
83302
83307
83312
83314
83316
83317
83320
83328
83331
83332
83333
83334
83336
83338
83342
83343
83344
83345
83346
83348
83352
83353
83357
83365
83370
83371
83372
83374
83378
83385
83387
83396
83405
83406
83417
83418
83424
83426
83432
83435
83436
83440
83447
83449
83460
83464
83466
83470
83477
83478
83482
83488
83492
83496
83497
83501
83503
83505
83506
83513
83515
83517
83522
83523
83524
83526
83538
83542
83543
83544
83549
83550
83555
83556
83562
83568
83573
83576
83577
83578
83579
83580
83584
83585
83586
83587
83589
83590
83592
83593
83601
83602
83605
83617
83618
83620
83621
83622
83623
83625
83627
83630
83632
83633
83634
83635
83637
83638
83640
83641
83648
83652
83653
83656
83669
83682
83683
83685
83692
83696
83700
83701
83714
83721
83723
83724
83725
83728
83729
83730
83732
83736
83737
83741
83749
83754
83755
83756
83758
83760
83763
83764
83765
83766
83767
83768
83770
83774
83775
83776
83777
83781
83783
83784
83785
83786
83787
83797
83801
83802
83808
83810
83815
83816
83819
83820
83828
83837
83838
83844
83853
83856
83864
83872
83875
83880
83882
83884
83885
83892
83901
83905
83907
83913
83914
83917
83920
83921
83929
83936
83937
83940
83944
83945
83946
83947
83949
83950
83953
83955
83958
83961
83962
83965
83978
84004
84014
84019
84034
84070
84074
84078
84090
84094
84097
84098
84105
84107
84112
84116
84120
84121
84128
84132
84136
84137
84162
84163
84166
84178
84187
84194
84200
84203
84204
84206
84226
84230
84238
84242
84266
84294
84297
84298
84302
84314
84322
84352
84355
84356
84358
84360
84362
84366
84367
84378
84379
84382
84398
84410
84416
84417
84424
84425
84426
84427
84441
84442
84457
84458
84469
84472
84476
84484
84488
84490
84494
84496
84497
84498
84499
84500
84503
84504
84505
84512
84516
84520
84521
84525
84527
84532
84544
84545
84549
84552
84553
84559
84562
84571
84573
84576
84578
84582
84583
84587
84591
84597
84601
84602
84604
84607
84608
84609
84610
84611
84613
84614
84616
84617
84624
84627
84632
84634
84636
84637
84641
84642
84644
84645
84646
84647
84649
84651
84654
84660
84666
84667
84673
84675
84681
84682
84690
84691
84693
84700
84703
84710
84713
84715
84722
84724
84725
84728
84731
84738
84745
84747
84748
84749
84762
84763
84773
84778
84779
84780
84782
84786
84795
84802
84804
84806
84825
84826
84833
84835
84836
84837
84841
84842
84850
84852
84854
84861
84862
84868
84871
84882
84884
84889
84891
84896
84899
84904
84906
84914
84915
84926
84928
84930
84932
84936
84939
84945
84948
84950
84952
84953
84954
84955
84962
84963
84982
84985
84986
84988
84989
84990
84991
84996
85006
85012
85015
85028
85037
85039
85044
85054
85061
85071
85082
85085
85086
85094
85095
85102
85103
85109
85116
85119
85125
85126
85137
85147
85148
85149
85152
85156
85157
85158
85159
85160
85166
85168
85172
85176
85177
85192
85197
85205
85209
85210
85212
85215
85218
85219
85222
85233
85236
85237
85241
85258
85260
85261
85264
85266
85270
85278
85288
85292
85294
85306
85316
85318
85320
85325
85326
85344
85346
85348
85349
85352
85364
85366
85368
85373
85374
85376
85378
85380
85383
85392
85396
85397
85398
85400
85417
85434
85435
85444
85445
85449
85450
85458
85460
85462
85469
85470
85472
85473
85480
85481
85482
85483
85488
85490
85494
85496
85500
85501
85502
85503
85504
85508
85512
85513
85517
85519
85521
85522
85529
85531
85532
85533
85536
85540
85541
85542
85543
85544
85550
85557
85558
85562
85569
85572
85573
85577
85589
85593
85594
85596
85599
85602
85603
85604
85606
85618
85624
85628
85629
85644
85645
85659
85688
85690
85692
85693
85696
85697
85700
85704
85705
85709
85710
85713
85718
85719
85721
85722
85725
85729
85731
85737
85738
85741
85744
85745
85748
85752
85753
85754
85757
85758
85765
85770
85771
85772
85774
85776
85779
85780
85781
85784
85786
85801
85804
85805
85808
85810
85812
85815
85824
85826
85830
85831
85832
85836
85837
85838
85839
85842
85844
85846
85853
85854
85856
85857
85861
85863
85864
85865
85866
85867
85868
85871
85876
85877
85881
85882
85893
85894
85899
85905
85906
85912
85913
85916
85920
85921
85922
85925
85926
85928
85929
85934
85938
85941
85942
85945
85947
85984
85986
85988
85989
85992
86002
86022
86025
86026
86028
86029
86030
86031
86034
86037
86039
86044
86047
86048
86052
86054
86056
86057
86058
86059
86061
86062
86064
86066
86068
86072
86075
86084
86093
86100
86101
86102
86105
86110
86111
86112
86115
86120
86122
86128
86129
86130
86133
86134
86136
86137
86140
86142
86146
86148
86150
86157
86158
86164
86165
86177
86179
86180
86181
86185
86186
86194
86196
86198
86212
86213
86216
86225
86228
86231
86241
86242
86243
86244
86248
86249
86255
86256
86260
86262
86274
86276
86277
86280
86283
86288
86289
86292
86294
86297
86301
86306
86307
86309
86311
86316
86319
86323
86326
86327
86329
86334
86335
86336
86337
86338
86339
86341
86342
86344
86345
86365
86369
86370
86372
86373
86374
86375
86377
86379
86382
86383
86388
86391
86394
86397
86399
86400
86401
86405
86409
86415
86427
86428
86431
86434
86438
86439
86444
86446
86449
86455
86456
86465
86466
86476
86477
86485
86486
86501
86502
86506
86507
86508
86510
86513
86514
86530
86531
86532
86534
86541
86542
86544
86546
86550
86551
86552
86555
86559
86560
86562
86568
86571
86572
86573
86574
86575
86579
86580
86582
86590
86592
86595
86596
86597
86600
86602
86614
86622
86644
86645
86648
86662
86671
86680
86690
86693
86695
86724
86733
86756
86757
86761
86768
86769
86773
86789
86791
86793
86795
86796
86799
86804
86805
86809
86819
86820
86821
86825
86826
86832
86839
86847
86849
86850
86857
86859
86861
86867
86871
86873
86877
86879
86880
86881
86882
86883
86884
86887
86888
86889
86898
86909
86916
86917
86933
86944
86945
86948
86950
86953
86957
86969
86975
86979
86985
86999
87008
87011
87021
87042
87056
87058
87060
87061
87064
87072
87074
87076
87077
87080
87083
87090
87093
87095
87100
87103
87104
87112
87124
87133
87140
87152
87155
87160
87162
87164
87165
87169
87171
87172
87177
87178
87184
87192
87193
87194
87195
87196
87199
87203
87204
87213
87214
87216
87218
87223
87224
87227
87228
87242
87243
87244
87248
87252
87253
87254
87256
87265
87266
87275
87276
87280
87281
87282
87284
87288
87289
87296
87297
87300
87304
87306
87310
87313
87321
87324
87331
87338
87340
87341
87344
87345
87348
87350
87352
87355
87361
87362
87365
87376
87381
87382
87384
87385
87392
87393
87394
87395
87397
87398
87400
87409
87410
87412
87413
87414
87415
87417
87419
87422
87423
87424
87426
87430
87431
87432
87437
87438
87442
87443
87444
87456
87461
87465
87466
87475
87476
87482
87490
87496
87505
87506
87517
87526
87528
87530
87535
87541
87542
87557
87561
87562
87570
87584
87589
87591
87592
87593
87594
87595
87600
87602
87606
87607
87608
87611
87615
87621
87641
87648
87651
87652
87653
87656
87658
87664
87665
87667
87668
87672
87673
87677
87682
87708
87713
87715
87718
87721
87722
87725
87730
87731
87744
87752
87760
87761
87765
87777
87778
87784
87785
87788
87792
87800
87810
87816
87819
87821
87823
87824
87825
87829
87832
87833
87835
87842
87843
87844
87846
87853
87859
87860
87861
87865
87872
87873
87874
87875
87881
87888
87891
87895
87905
87906
87913
87915
87917
87930
87931
87936
87937
87940
87944
87945
87949
87952
87960
87963
87968
87970
87972
87973
87976
87984
87985
87988
87992
88001
88002
88005
88042
88043
88049
88050
88053
88065
88068
88070
88072
88073
88074
88075
88077
88078
88080
88082
88084
88085
88088
88091
88102
88105
88106
88108
88109
88110
88111
88114
88115
88131
88136
88138
88146
88147
88150
88158
88167
88170
88171
88175
88178
88181
88185
88187
88190
88191
88198
88207
88216
88217
88218
88219
88220
88223
88224
88225
88229
88231
88233
88252
88281
88284
88285
88290
88297
88299
88300
88301
88309
88318
88322
88323
88325
88327
88332
88335
88337
88339
88345
88346
88354
88356
88357
88360
88374
88385
88386
88388
88389
88390
88391
88393
88395
88398
88399
88410
88411
88416
88417
88418
88419
88421
88422
88424
88425
88428
88430
88440
88442
88444
88445
88449
88452
88453
88457
88466
88467
88468
88484
88486
88500
88506
88513
88516
88519
88520
88521
88528
88531
88532
88542
88548
88552
88554
88558
88560
88564
88569
88573
88575
88578
88582
88584
88587
88591
88594
88595
88610
88612
88614
88621
88622
88630
88639
88645
88650
88651
88652
88659
88660
88661
88664
88666
88670
88671
88675
88676
88677
88678
88679
88680
88687
88693
88700
88705
88712
88732
88741
88764
88767
88771
88776
88778
88788
88791
88803
88820
88821
88825
88833
88835
88836
88837
88841
88848
88849
88853
88856
88857
88864
88865
88869
88872
88873
88874
88876
88879
88884
88885
88889
88896
88897
88898
88899
88900
88903
88904
88905
88909
88911
88914
88921
88923
88925
88930
88937
88939
88940
88946
88948
88951
88952
88957
88959
88965
88984
88987
88993
89001
89019
89028
89033
89035
89039
89043
89049
89060
89063
89067
89072
89075
89085
89136
89138
89140
89141
89144
89147
89156
89165
89178
89180
89181
89184
89187
89192
89194
89196
89197
89204
89207
89210
89211
89213
89215
89216
89217
89221
89223
89225
89233
89235
89236
89241
89242
89248
89254
89261
89267
89268
89277
89278
89284
89285
89288
89301
89308
89310
89312
89313
89314
89316
89320
89321
89327
89329
89337
89340
89341
89350
89351
89354
89357
89358
89359
89360
89361
89364
89368
89376
89380
89384
89385
89386
89389
89390
89395
89402
89405
89408
89413
89414
89416
89417
89428
89438
89441
89442
89444
89445
89446
89447
89449
89451
89454
89455
89456
89464
89465
89468
89470
89476
89478
89485
89488
89496
89500
89501
89505
89508
89509
89520
89525
89528
89529
89530
89532
89537
89538
89548
89549
89552
89556
89560
89561
89565
89567
89573
89574
89578
89580
89582
89584
89588
89589
89590
89591
89592
89598
89601
89608
89609
89610
89611
89612
89615
89624
89627
89628
89633
89635
89637
89641
89642
89650
89651
89664
89667
89668
89669
89672
89674
89680
89683
89684
89687
89693
89701
89706
89707
89708
89721
89723
89724
89725
89752
89753
89754
89755
89760
89761
89769
89796
89805
89812
89814
89817
89826
89829
89833
89835
89844
89853
89869
89873
89881
89888
89890
89896
89901
89904
89905
89909
89912
89921
89922
89929
89931
89933
89946
89947
89952
89953
89954
89955
89956
89959
89960
89961
89965
89967
89968
89971
89972
89976
89978
89983
89985
89993
89997
90012
90021
90042
90045
90048
90049
90050
90051
90056
90057
90064
90067
90088
90090
90092
90093
90096
90105
90118
90127
90130
90133
90135
90152
90153
90154
90155
90178
90182
90190
90195
90202
90209
90214
90247
90251
90255
90256
90258
90262
90264
90267
90271
90272
90274
90278
90280
90283
90287
90289
90296
90297
90298
90299
90314
90318
90319
90322
90323
90338
90339
90352
90355
90358
90359
90362
90369
90371
90377
90382
90389
90399
90409
90411
90413
90418
90427
90435
90437
90438
90441
90461
90471
90496
90497
90504
90506
90507
90514
90518
90519
90520
90526
90527
90530
90534
90535
90536
90539
90543
90553
90554
90555
90559
90563
90564
90568
90570
90574
90579
90583
90585
90595
90599
90601
90608
90611
90615
90625
90629
90631
90632
90633
90634
90635
90636
90639
90641
90643
90645
90649
90650
90657
90659
90660
90661
90665
90666
90673
90677
90679
90681
90691
90693
90694
90695
90698
90702
90703
90718
90734
90742
90753
90755
90758
90759
90767
90769
90776
90777
90778
90779
90786
90787
90789
90791
90805
90818
90819
90822
90830
90833
90838
90839
90851
90858
90871
90885
90889
90891
90892
90895
90897
90900
90901
90905
90913
90915
90916
90917
90921
90922
90933
90937
90938
90943
90948
90949
90950
90951
90958
90959
90965
90966
90971
90981
90982
90987
90997
91000
91002
91007
91009
91011
91014
91015
91017
91023
91030
91033
91035
91037
91042
91043
91045
91047
91055
91058
91067
91075
91077
91078
91081
91095
91117
91138
91148
91151
91157
91160
91168
91170
91172
91173
91176
91179
91186
91189
91191
91205
91206
91209
91217
91219
91224
91225
91230
91234
91238
91246
91252
91254
91257
91266
91270
91271
91275
91279
91282
91301
91303
91304
91305
91306
91307
91321
91322
91334
91338
91339
91342
91344
91347
91350
91351
91354
91362
91369
91371
91377
91378
91383
91397
91404
91407
91412
91413
91428
91429
91432
91435
91445
91455
91457
91458
91460
91461
91462
91463
91470
91472
91477
91478
91481
91491
91493
91494
91497
91505
91506
91509
91513
91515
91519
91522
91526
91527
91528
91531
91534
91535
91542
91549
91552
91553
91557
91559
91561
91562
91563
91567
91569
91571
91577
91578
91589
91590
91594
91595
91603
91607
91617
91618
91625
91627
91629
91632
91633
91634
91635
91641
91648
91650
91655
91659
91660
91665
91669
91671
91675
91679
91683
91684
91693
91694
91697
91699
91701
91705
91706
91717
91723
91726
91729
91737
91739
91747
91749
91750
91751
91754
91758
91759
91762
91763
91764
91768
91769
91773
91775
91778
91779
91781
91783
91793
91795
91799
91801
91802
91804
91805
91806
91807
91809
91811
91814
91817
91818
91821
91829
91831
91845
91846
91849
91851
91863
91882
91883
91885
91887
91889
91893
91894
91906
91910
91911
91912
91915
91917
91919
91920
91921
91925
91927
91929
91932
91935
91938
91939
91940
91949
91953
91956
91957
91961
91973
91974
91978
91985
91986
91993
91995
91997
92004
92005
92006
92007
92015
92016
92017
92018
92019
92020
92023
92025
92029
92031
92034
92035
92037
92039
92047
92049
92057
92061
92065
92071
92073
92077
92085
92095
92097
92098
92101
92105
92107
92111
92123
92138
92139
92141
92143
92145
92146
92149
92153
92155
92159
92161
92168
92169
92170
92171
92181
92201
92202
92204
92205
92206
92207
92229
92231
92233
92238
92239
92250
92251
92253
92255
92258
92262
92270
92289
92291
92306
92322
92345
92346
92362
92363
92370
92377
92379
92386
92393
92395
92410
92411
92414
92422
92425
92427
92434
92458
92463
92479
92481
92482
92484
92485
92486
92487
92489
92491
92494
92495
92506
92507
92515
92517
92518
92521
92541
92545
92547
92562
92566
92578
92579
92582
92597
92602
92618
92619
92620
92622
92626
92633
92635
92641
92642
92649
92651
92661
92662
92666
92673
92675
92676
92677
92681
92682
92689
92693
92695
92697
92705
92709
92711
92713
92725
92741
92747
92750
92757
92759
92762
92771
92773
92774
92775
92778
92782
92783
92789
92796
92798
92801
92808
92809
92810
92811
92825
92826
92828
92829
92830
92831
92837
92869
92871
92873
92875
92878
92879
92882
92883
92894
92903
92906
92907
92909
92911
92915
92922
92929
92931
92932
92933
92937
92938
92949
92953
92954
92959
92965
92967
92969
92970
92975
92997
92998
93002
93004
93006
93012
93028
93029
93030
93031
93038
93039
93045
93046
93051
93062
93067
93082
93087
93090
93099
93119
93121
93122
93124
93125
93126
93127
93129
93131
93134
93135
93139
93141
93142
93145
93162
93163
93165
93167
93181
93184
93186
93188
93192
93195
93202
93237
93248
93249
93251
93253
93256
93257
93262
93266
93271
93273
93275
93286
93287
93289
93294
93295
93299
93304
93305
93308
93310
93314
93315
93336
93339
93340
93341
93342
93343
93345
93347
93349
93353
93354
93361
93368
93369
93370
93371
93376
93381
93383
93384
93390
93391
93402
93403
93409
93410
93415
93417
93421
93423
93425
93433
93442
93448
93451
93461
93471
93474
93475
93479
93487
93490
93499
93504
93509
93510
93513
93516
93518
93524
93534
93537
93538
93540
93541
93542
93543
93545
93547
93550
93551
93552
93561
93570
93571
93574
93586
93592
93597
93599
93601
93603
93609
93610
93625
93626
93627
93631
93632
93635
93636
93637
93638
93639
93640
93642
93646
93647
93653
93654
93658
93659
93664
93665
93666
93667
93672
93673
93677
93679
93681
93682
93689
93691
93693
93699
93700
93709
93710
93713
93715
93717
93721
93722
93728
93734
93736
93739
93741
93745
93749
93751
93753
93765
93768
93775
93777
93779
93784
93785
93789
93797
93803
93806
93809
93817
93819
93820
93821
93829
93841
93844
93846
93848
93849
93850
93851
93853
93854
93856
93857
93865
93877
93889
93891
93893
93896
93897
93902
93904
93907
93912
93914
93923
93930
93937
93938
93939
93941
93942
93944
93945
93950
93954
93955
93965
93969
93972
93973
93977
93991
93992
93998
94005
94009
94010
94015
94016
94023
94024
94030
94032
94036
94040
94041
94045
94047
94053
94054
94058
94060
94062
94065
94066
94073
94075
94076
94077
94080
94082
94091
94105
94106
94107
94109
94110
94112
94113
94118
94121
94122
94130
94139
94144
94149
94150
94152
94153
94163
94173
94184
94186
94189
94192
94193
94194
94195
94197
94198
94201
94209
94210
94214
94217
94219
94222
94223
94224
94225
94226
94227
94229
94230
94232
94233
94250
94251
94256
94259
94274
94275
94277
94284
94290
94292
94296
94299
94305
94307
94310
94311
94313
94318
94320
94321
94324
94328
94329
94331
94336
94337
94338
94339
94340
94343
94344
94351
94353
94354
94369
94370
94377
94379
94387
94391
94393
94403
94404
94410
94417
94423
94424
94439
94442
94443
94449
94451
94465
94466
94469
94470
94473
94475
94478
94479
94480
94481
94482
94485
94486
94488
94489
94492
94494
94500
94506
94507
94509
94511
94512
94515
94520
94522
94530
94531
94533
94535
94544
94546
94552
94555
94561
94563
94566
94567
94575
94576
94584
94585
94586
94587
94593
94594
94595
94599
94600
94601
94607
94610
94617
94619
94626
94633
94635
94642
94643
94659
94661
94665
94666
94672
94679
94683
94687
94695
94699
94703
94705
94707
94725
94726
94730
94731
94732
94734
94737
94738
94745
94747
94753
94754
94761
94763
94765
94773
94774
94779
94784
94786
94790
94791
94798
94811
94821
94823
94825
94827
94828
94831
94840
94843
94844
94847
94867
94873
94903
94918
94923
94959
94982
94986
94987
94990
94994
95001
95004
95005
95009
95010
95017
95019
95030
95038
95046
95047
95055
95063
95067
95071
95073
95077
95079
95080
95081
95082
95083
95084
95087
95088
95090
95095
95096
95099
95103
95107
95143
95179
95215
95242
95243
95249
95250
95252
95253
95254
95255
95262
95268
95269
95270
95271
95278
95284
95287
95290
95293
95295
95296
95300
95301
95304
95312
95313
95316
95320
95321
95322
95326
95328
95329
95332
95334
95336
95342
95344
95352
95355
95363
95366
95368
95370
95374
95375
95378
95384
95397
95398
95402
95403
95409
95410
95421
95424
95429
95433
95434
95435
95436
95440
95442
95446
95447
95448
95454
95459
95460
95466
95474
95475
95476
95478
95492
95498
95499
95501
95503
95505
95508
95510
95513
95524
95529
95531
95540
95543
95552
95554
95556
95557
95568
95572
95574
95576
95577
95578
95579
95581
95582
95584
95588
95590
95595
95597
95598
95600
95602
95604
95608
95611
95619
95621
95622
95623
95624
95626
95630
95631
95633
95634
95636
95645
95647
95653
95654
95658
95659
95660
95662
95666
95673
95675
95685
95687
95690
95696
95698
95702
95703
95711
95715
95717
95721
95722
95730
95731
95745
95746
95753
95755
95757
95760
95761
95762
95763
95764
95767
95769
95773
95775
95786
95787
95792
95795
95796
95797
95798
95799
95806
95807
95810
95811
95812
95814
95821
95826
95830
95831
95832
95835
95836
95838
95839
95841
95843
95844
95845
95849
95856
95857
95861
95863
95864
95865
95867
95868
95871
95872
95873
95874
95875
95877
95878
95889
95890
95892
95893
95894
95895
95902
95905
95906
95909
95919
95923
95925
95926
95929
95949
95952
95953
95956
95958
95960
95978
95982
95985
95987
95993
96001
96002
96009
96011
96016
96017
96018
96019
96020
96023
96024
96025
96029
96042
96043
96044
96046
96048
96051
96052
96054
96055
96056
96058
96062
96063
96066
96067
96080
96082
96086
96087
96088
96091
96095
96097
96099
96100
96101
96112
96120
96121
96122
96123
96124
96127
96129
96130
96131
96133
96134
96136
96137
96140
96142
96146
96149
96153
96162
96164
96166
96169
96178
96182
96190
96195
96199
96201
96202
96204
96205
96206
96207
96208
96219
96228
96230
96235
96237
96238
96241
96243
96247
96255
96260
96263
96266
96267
96271
96272
96275
96289
96290
96294
96297
96299
96302
96303
96307
96309
96310
96313
96316
96318
96321
96323
96326
96327
96329
96330
96334
96345
96346
96347
96350
96354
96355
96359
96367
96376
96379
96384
96387
96391
96410
96411
96412
96414
96427
96435
96436
96446
96450
96451
96462
96466
96470
96471
96472
96475
96476
96479
96482
96486
96487
96491
96494
96495
96498
96499
96500
96502
96522
96523
96527
96528
96536
96546
96551
96553
96555
96558
96559
96562
96563
96566
96574
96577
96579
96582
96583
96585
96586
96588
96589
96590
96591
96596
96598
96600
96601
96602
96603
96605
96606
96610
96611
96613
96615
96620
96623
96624
96626
96628
96632
96635
96640
96644
96646
96647
96648
96655
96666
96667
96698
96702
96703
96706
96708
96710
96717
96718
96720
96722
96726
96728
96731
96735
96742
96751
96754
96770
96777
96779
96780
96795
96805
96806
96832
96833
96837
96840
96841
96842
96847
96848
96850
96859
96862
96866
96870
96871
96875
96877
96878
96879
96885
96889
96891
96892
96895
96899
96905
96915
96925
96935
96951
96962
96971
96982
96987
97007
97023
97026
97033
97035
97036
97037
97045
97052
97070
97088
97089
97093
97095
97097
97110
97119
97126
97132
97133
97134
97135
97144
97145
97146
97147
97148
97151
97155
97178
97191
97221
97243
97279
97281
97282
97286
97289
97291
97294
97295
97307
97322
97323
97329
97330
97332
97333
97334
97335
97342
97344
97345
97348
97350
97352
97353
97357
97358
97368
97371
97376
97378
97384
97387
97400
97403
97406
97408
97409
97410
97411
97412
97415
97416
97423
97424
97427
97430
97432
97434
97438
97439
97441
97442
97449
97451
97461
97462
97466
97467
97468
97470
97472
97478
97479
97480
97485
97486
97488
97489
97495
97496
97497
97498
97503
97506
97507
97510
97518
97523
97529
97530
97538
97541
97542
97543
97545
97547
97550
97551
97556
97565
97567
97572
97578
97579
97581
97583
97586
97590
97593
97595
97600
97601
97604
97606
97608
97609
97610
97611
97613
97614
97616
97618
97620
97624
97627
97632
97634
97636
97640
97643
97648
97656
97657
97658
97659
97664
97665
97666
97671
97672
97673
97679
97685
97687
97688
97694
97695
97697
97698
97705
97718
97722
97723
97726
97728
97730
97734
97735
97740
97741
97742
97743
97744
97749
97751
97752
97753
97754
97755
97756
97759
97762
97763
97764
97766
97773
97774
97777
97779
97780
97785
97786
97797
97798
97802
97803
97804
97806
97808
97811
97812
97813
97814
97815
97822
97825
97826
97833
97835
97837
97843
97844
97847
97849
97853
97855
97857
97860
97861
97865
97877
97881
97882
97883
97884
97887
97890
97891
97894
97901
97912
97915
97917
97919
97920
97923
97946
97947
97963
97971
97981
97989
97999
98002
98008
98011
98018
98027
98034
98035
98037
98039
98047
98058
98059
98062
98064
98068
98069
98072
98089
98091
98096
98098
98099
98100
98103
98109
98113
98115
98117
98121
98122
98136
98137
98138
98139
98140
98143
98146
98147
98148
98150
98157
98158
98160
98162
98166
98168
98171
98172
98176
98179
98184
98196
98202
98203
98205
98207
98215
98234
98242
98256
98258
98260
98264
98267
98277
98290
98326
98327
98328
98331
98343
98347
98353
98356
98358
98364
98367
98368
98377
98379
98388
98391
98392
98393
98396
98398
98404
98407
98408
98409
98414
98416
98419
98425
98427
98430
98431
98436
98437
98440
98443
98445
98449
98453
98455
98461
98462
98466
98468
98470
98472
98476
98479
98486
98489
98490
98500
98508
98513
98520
98531
98533
98537
98540
98541
98549
98550
98552
98553
98564
98575
98577
98582
98583
98584
98587
98593
98595
98598
98599
98603
98608
98609
98612
98614
98623
98639
98644
98647
98649
98660
98663
98665
98672
98675
98681
98683
98687
98689
98692
98693
98696
98700
98709
98717
98724
98726
98729
98731
98738
98745
98755
98756
98759
98762
98764
98766
98783
98788
98789
98790
98791
98793
98795
98796
98797
98805
98806
98808
98809
98813
98815
98820
98821
98827
98829
98834
98836
98838
98840
98844
98847
98848
98849
98853
98855
98861
98862
98864
98866
98870
98871
98873
98874
98881
98884
98892
98899
98901
98903
98905
98908
98909
98913
98914
98920
98933
98934
98936
98937
98943
98945
98948
98950
98956
98959
98964
98965
98969
98970
98972
98973
98974
98975
98976
98978
98980
98981
98985
98986
98988
98989
98990
98991
98996
98998
99004
99007
99011
99017
99022
99023
99024
99025
99029
99030
99037
99039
99041
99042
99045
99046
99050
99051
99053
99055
99056
99065
99070
99071
99073
99075
99076
99077
99080
99084
99085
99092
99094
99097
99104
99105
99109
99111
99117
99118
99122
99126
99127
99129
99136
99137
99138
99139
99140
99143
99146
99148
99150
99156
99157
99158
99159
99161
99163
99164
99165
99169
99170
99176
99178
99183
99189
99190
99192
99193
99197
99199
99200
99201
99204
99206
99212
99218
99220
99221
99225
99228
99229
99230
99231
99234
99236
99237
99241
99245
99246
99247
99249
99254
99260
99263
99273
99275
99278
99279
99281
99285
99286
99293
99295
99297
99301
99302
99306
99309
99311
99312
99315
99321
99326
99333
99337
99338
99340
99341
99342
99343
99345
99348
99350
99356
99359
99362
99363
99365
99367
99368
99369
99370
99371
99373
99374
99377
99379
99382
99383
99384
99387
99396
99399
99400
99401
99406
99409
99412
99415
99416
99427
99435
99438
99439
99442
99443
99446
99450
99451
99455
99459
99465
99477
99484
99485
99486
99487
99492
99493
99501
99513
99521
99541
99557
99558
99565
99567
99569
99586
99593
99594
99597
99599
99606
99615
99618
99619
99621
99623
99625
99626
99627
99630
99638
99639
99652
99655
99656
99657
99671
99677
99689
99691
99694
99699
99701
99702
99707
99709
99711
99716
99721
99739
99741
99743
99745
99747
99748
99749
99757
99758
99764
99766
99769
99775
99791
99813
99814
99817
99821
99823
99839
99849
99862
99863
99865
99866
99881
99882
99890
99892
99894
99896
99897
99898
99899
99900
99903
99905
99906
99921
99923
99924
99927
99932
99940
99950
99953
99960
99962
99966
99967
99972
99973
99977
99981
99989
99991
99993
99997
99998
100001
100004
100006
100022
100044
100069
100070
100076
100081
100086
100095
100100
100102
100104
100105
100106
100111
100112
100114
100118
100119
100121
100130
100134
100135
100137
100138
100146
100147
100148
100150
100153
100156
100159
100161
100162
100168
100170
100175
100176
100177
100178
100179
100180
100183
100187
100193
100196
100199
100222
100223
100228
100229
100238
100245
100247
100249
100250
100262
100279
100319
100325
100332
100333
100337
100341
100342
100351
100357
100361
100362
100364
100365
100366
100367
100370
100371
100373
100375
100376
100377
100378
100379
100381
100382
100386
100387
100389
100391
100392
100393
100394
100395
100397
100398
100404
100405
100409
100410
100412
100413
100414
100415
100417
100418
100421
100429
100431
100433
100437
100439
100442
100444
100445
100449
100453
100454
100455
100456
100458
100460
100461
100466
100467
100469
100474
100475
100477
100479
100483
100489
100505
100506
100516
100517
100520
100523
100525
100529
100541
100542
100547
100549
100551
100553
100556
100557
100566
100568
100569
100583
100586
100587
100590
100594
100602
100606
100607
100608
100610
100617
100618
100621
100626
100627
100629
100632
100633
100634
100637
100642
100643
100645
100647
100648
100649
100650
100653
100654
100656
100658
100660
100665
100666
100668
100669
100671
100672
100673
100674
100675
100677
100678
100682
100689
100690
100692
100698
100701
100705
100706
100708
100709
100710
100711
100712
100714
100716
100717
100720
100721
100722
100723
100725
100730
100731
100733
100735
100740
100742
100744
100745
100751
100754
100762
100769
100771
100772
100773
100776
100780
100781
100782
100789
100791
100797
100798
100804
100809
100811
100813
100825
100833
100842
100844
100846
100856
100858
100867
100873
100884
100885
100888
100891
100893
100903
100905
100906
100912
100913
100917
100919
100925
100926
100931
100933
100934
100935
100937
100940
100941
100944
100951
100954
100955
100958
100965
100966
100968
100969
100975
100978
100984
100986
100990
100991
100996
100997
101001
101005
101009
101020
101023
101024
101025
101028
101030
101036
101039
101044
101045
101049
101050
101052
101053
101054
101055
101057
101061
101066
101067
101069
101071
101072
101081
101086
101087
101097
101103
101105
101107
101109
101114
101124
101126
101128
101129
101130
101135
101137
101139
101140
101141
101144
101149
101150
101152
101154
101158
101159
101161
101162
101168
101169
101173
101175
101181
101182
101188
101189
101190
101191
101193
101195
101196
101197
101201
101210
101212
101214
101221
101222
101224
101225
101229
101231
101240
101242
101248
101252
101253
101260
101262
101268
101270
101276
101280
101281
101284
101286
101292
101300
101301
101305
101308
101309
101310
101311
101313
101317
101318
101322
101325
101327
101328
101331
101337
101342
101353
101358
101360
101365
101366
101371
101373
101377
101380
101382
101388
101391
101396
101397
101401
101402
101404
101405
101406
101407
101409
101411
101415
101416
101419
101427
101429
101431
101433
101441
101442
101444
101445
101446
101447
101450
101452
101453
101460
101463
101464
101465
101468
101470
101473
101474
101477
101478
101482
101483
101487
101491
101497
101499
101502
101503
101509
101516
101517
101518
101519
101531
101532
101535
101539
101545
101557
101564
101565
101566
101567
101573
101581
101583
101585
101610
101615
101621
101622
101631
101638
101644
101647
101650
101652
101653
101658
101660
101661
101663
101665
101667
101670
101671
101672
101685
101687
101688
101689
101697
101698
101700
101701
101702
101703
101704
101706
101708
101709
101716
101719
101721
101729
101733
101734
101741
101743
101753
101755
101759
101775
101786
101788
101791
101796
101798
101801
101807
101819
101821
101823
101829
101830
101833
101837
101839
101855
101870
101871
101877
101878
101881
101885
101887
101893
101900
101901
101902
101903
101905
101909
101911
101917
101918
101921
101925
101927
101937
101939
101940
101941
101944
101947
101948
101949
101950
101951
101957
101958
101967
101971
101973
101975
101977
101979
101980
101981
101990
101991
102005
102006
102008
102009
102015
102039
102052
102057
102061
102069
102071
102073
102077
102078
102085
102086
102092
102093
102097
102101
102102
102109
102111
102121
102137
102142
102143
102158
102159
102165
102167
102174
102183
102190
102193
102195
102196
102197
102200
102204
102207
102213
102214
102217
102221
102223
102228
102229
102230
102231
102233
102235
102236
102237
102244
102245
102246
102247
102249
102252
102261
102262
102264
102265
102269
102271
102276
102308
102309
102318
102325
102327
102329
102330
102333
102341
102348
102349
102353
102357
102358
102365
102367
102380
102393
102402
102410
102411
102413
102415
102430
102431
102446
102447
102448
102449
102450
102451
102453
102454
102458
102465
102470
102471
102482
102483
102485
102487
102488
102489
102490
102493
102494
102498
102499
102501
102503
102505
102506
102510
102513
102515
102518
102519
102523
102536
102538
102552
102553
102557
102559
102560
102561
102562
102563
102564
102567
102570
102572
102574
102576
102579
102580
102581
102582
102583
102585
102587
102588
102589
102596
102598
102601
102604
102609
102611
102612
102613
102616
102620
102621
102633
102634
102640
102641
102645
102647
102654
102657
102659
102661
102666
102667
102669
102671
102672
102681
102686
102687
102699
102702
102703
102704
102705
102706
102709
102710
102717
102719
102721
102723
102726
102727
102738
102739
102741
102743
102744
102745
102746
102747
102749
102750
102754
102757
102759
102762
102765
102766
102774
102775
102776
102779
102785
102792
102805
102808
102809
102813
102816
102817
102820
102823
102828
102832
102835
102836
102837
102841
102844
102845
102851
102856
102857
102858
102859
102860
102863
102865
102867
102868
102869
102872
102875
102877
102880
102882
102887
102889
102890
102896
102897
102901
102903
102909
102910
102916
102917
102918
102919
102924
102925
102933
102934
102944
102945
102946
102947
102948
102951
102954
102956
102958
102961
102962
102974
102976
102977
102981
102983
102990
102993
102996
102997
103000
103004
103005
103006
103008
103010
103014
103015
103028
103030
103032
103033
103039
103044
103047
103052
103054
103070
103071
103072
103075
103081
103083
103086
103087
103092
103095
103097
103100
103102
103108
103109
103113
103114
103116
103117
103118
103119
103123
103125
103127
103128
103129
103134
103138
103139
103141
103143
103144
103145
103146
103147
103150
103154
103164
103166
103167
103168
103172
103173
103177
103180
103181
103189
103190
103197
103200
103204
103207
103212
103214
103217
103232
103233
103237
103239
103245
103246
103252
103253
103260
103261
103262
103263
103264
103266
103270
103271
103273
103274
103282
103288
103292
103295
103300
103303
103304
103305
103308
103312
103321
103327
103328
103331
103337
103342
103343
103348
103351
103352
103353
103358
103360
103362
103364
103365
103369
103370
103372
103373
103374
103375
103378
103383
103384
103385
103386
103387
103389
103390
103394
103397
103399
103400
103401
103402
103403
103405
103408
103410
103413
103417
103418
103423
103424
103427
103433
103435
103444
103447
103448
103449
103452
103454
103458
103466
103467
103471
103473
103474
103476
103477
103478
103479
103480
103482
103484
103485
103488
103489
103494
103505
103507
103512
103522
103524
103530
103538
103539
103541
103543
103545
103546
103547
103550
103560
103572
103573
103574
103575
103577
103579
103580
103588
103589
103590
103591
103596
103605
103606
103608
103609
103613
103615
103616
103625
103626
103636
103640
103641
103650
103651
103652
103657
103658
103660
103664
103666
103670
103671
103673
103674
103683
103689
103691
103700
103703
103704
103705
103713
103715
103722
103723
103727
103729
103730
103732
103733
103735
103736
103738
103740
103745
103759
103761
103763
103767
103768
103771
103776
103778
103780
103781
103785
103786
103788
103794
103795
103797
103799
103800
103801
103802
103803
103805
103806
103813
103816
103817
103827
103829
103833
103835
103836
103837
103840
103844
103845
103849
103851
103852
103861
103862
103864
103865
103869
103871
103879
103881
103882
103891
103897
103906
103907
103908
103912
103913
103914
103915
103916
103926
103927
103929
103930
103938
103947
103956
103957
103958
103959
103975
103980
103984
103985
103986
103987
103988
103991
103994
103996
103998
104001
104008
104012
104018
104019
104020
104024
104025
104028
104034
104035
104038
104040
104049
104051
104056
104059
104060
104062
104063
104065
104066
104068
104069
104070
104071
104072
104074
104076
104084
104087
104088
104089
104092
104096
104097
104098
104099
104101
104102
104106
104111
104121
104123
104126
104130
104131
104133
104135
104137
104138
104145
104147
104151
104152
104162
104164
104170
104174
104176
104177
104182
104193
104195
104196
104208
104213
104214
104217
104224
104228
104233
104235
104236
104237
104241
104242
104244
104247
104257
104259
104261
104271
104274
104280
104281
104282
104283
104284
104287
104290
104292
104294
104299
104303
104309
104312
104315
104319
104321
104322
104324
104325
104328
104332
104340
104343
104344
104345
104353
104354
104358
104377
104383
104386
104387
104389
104391
104392
104393
104394
104395
104397
104398
104401
104403
104406
104407
104408
104411
104420
104421
104425
104426
104428
104432
104433
104436
104438
104447
104449
104450
104452
104453
104454
104455
104456
104458
104460
104461
104468
104471
104473
104476
104478
104484
104487
104488
104489
104492
104494
104497
104498
104500
104501
104502
104503
104504
104506
104508
104509
104512
104513
104516
104518
104524
104528
104530
104532
104533
104537
104538
104540
104541
104544
104548
104549
104553
104556
104557
104564
104572
104575
104577
104586
104588
104590
104596
104597
104598
104599
104601
104603
104604
104605
104609
104610
104622
104629
104630
104632
104633
104637
104639
104642
104649
104656
104657
104661
104663
104669
104678
104680
104681
104683
104684
104687
104689
104691
104692
104693
104696
104699
104700
104701
104703
104705
104706
104709
104712
104714
104716
104717
104724
104727
104728
104729
104734
104743
104744
104745
104748
104750
104753
104754
104756
104757
104758
104759
104760
104762
104764
104768
104769
104772
104774
104784
104786
104788
104789
104793
104794
104796
104797
104798
104799
104800
104802
104804
104805
104809
104810
104812
104813
104814
104815
104816
104820
104822
104828
104831
104832
104833
104839
104842
104843
104851
104853
104857
104859
104860
104861
104866
104872
104874
104878
104879
104885
104886
104888
104889
104893
104895
104902
104912
104913
104936
104937
104938
104939
104940
104943
104948
104949
104952
104955
104956
104957
104958
104959
104965
104966
104968
104969
104973
104975
104980
104981
104982
104983
104989
105000
105002
105007
105008
105009
105010
105011
105012
105015
105018
105020
105022
105025
105028
105029
105032
105037
105038
105045
105053
105054
105060
105062
105064
105065
105071
105082
105088
105091
105097
105102
105108
105111
105112
105113
105116
105124
105127
105128
105129
105132
105134
105136
105139
105145
105147
105150
105157
105160
105161
105165
105168
105172
105173
105177
105180
105181
105184
105188
105189
105193
105196
105205
105208
105209
105221
105222
105224
105225
105231
105232
105237
105238
105241
105250
105256
105258
105262
105263
105264
105266
105268
105271
105278
105284
105285
105292
105293
105294
105295
105309
105310
105314
105316
105318
105320
105324
105327
105334
105344
105353
105359
105364
105367
105368
105369
105380
105383
105384
105385
105390
105392
105401
105407
105413
105415
105416
105417
105418
105419
105421
105424
105426
105428
105429
105433
105434
105436
105437
105438
105439
105444
105445
105449
105452
105453
105455
105458
105461
105463
105464
105469
105476
105480
105481
105484
105486
105497
105499
105502
105505
105506
105511
105512
105514
105516
105521
105525
105526
105530
105535
105537
105542
105543
105544
105552
105553
105556
105558
105564
105567
105570
105571
105573
105575
105576
105577
105586
105588
105589
105593
105594
105596
105597
105599
105604
105605
105606
105607
105609
105611
105612
105621
105622
105625
105629
105631
105637
105638
105640
105641
105647
105653
105657
105659
105660
105661
105668
105670
105673
105676
105679
105680
105689
105690
105705
105706
105714
105715
105716
105721
105722
105724
105732
105735
105736
105737
105740
105747
105753
105758
105759
105762
105764
105767
105768
105770
105772
105773
105776
105777
105778
105782
105786
105787
105791
105793
105795
105798
105799
105809
105820
105823
105826
105829
105831
105832
105833
105834
105835
105840
105842
105844
105849
105850
105852
105853
105854
105855
105859
105861
105863
105865
105867
105868
105877
105878
105885
105887
105894
105896
105903
105909
105910
105913
105915
105916
105923
105928
105929
105930
105931
105932
105935
105943
105945
105946
105959
105961
105962
105970
105971
105972
105974
105976
105977
105978
105979
105980
105983
105998
106005
106006
106009
106024
106025
106029
106031
106033
106034
106040
106042
106046
106053
106055
106062
106073
106074
106080
106082
106086
106087
106101
106103
106110
106113
106117
106118
106127
106137
106139
106145
106146
106151
106152
106154
106156
106164
106168
106169
106172
106180
106181
106185
106186
106188
106189
106190
106191
106192
106193
106196
106204
106213
106215
106216
106217
106218
106222
106225
106227
106232
106250
106254
106255
106262
106277
106280
106281
106287
106290
106298
106303
106305
106309
106311
106317
106318
106329
106330
106342
106343
106345
106346
106352
106365
106368
106369
106374
106383
106393
106395
106398
106399
106402
106404
106406
106408
106412
106413
106420
106424
106425
106428
106436
106441
106442
106444
106445
106446
106447
106448
106452
106454
106460
106463
106473
106477
106488
106491
106498
106502
106506
106507
106511
106526
106527
106542
106543
106544
106545
106546
106547
106549
106550
106560
106562
106564
106569
106570
106573
106574
106580
106582
106588
106591
106596
106598
106604
106610
106618
106620
106622
106623
106628
106630
106631
106636
106637
106643
106644
106647
106650
106652
106654
106661
106662
106686
106690
106691
106692
106696
106698
106700
106705
106708
106712
106716
106718
106722
106730
106741
106759
106764
106766
106770
106773
106774
106775
106778
106785
106786
106789
106790
106791
106794
106804
106807
106808
106809
106814
106819
106822
106823
106834
106839
106840
106841
106842
106843
106845
106846
106850
106851
106855
106858
106861
106862
106870
106871
106872
106875
106882
106890
106894
106895
106909
106911
106914
106916
106919
106926
106931
106935
106944
106949
106951
106957
106958
106960
106962
106966
106967
106980
106981
106984
106987
106988
106989
106990
106991
106994
107000
107004
107007
107016
107018
107022
107024
107025
107026
107027
107028
107031
107034
107036
107038
107045
107046
107048
107056
107059
107060
107061
107062
107063
107068
107072
107073
107077
107089
107091
107092
107093
107096
107100
107101
107102
107104
107124
107126
107128
107129
107130
107132
107140
107143
107148
107150
107152
107155
107161
107163
107166
107167
107182
107183
107188
107191
107192
107196
107198
107203
107206
107211
107216
107217
107220
107222
107228
107236
107238
107244
107249
107254
107255
107256
107268
107269
107273
107276
107277
107285
107286
107288
107289
107306
107307
107308
107313
107314
107320
107330
107331
107332
107334
107338
107344
107346
107350
107351
107353
107354
107364
107365
107373
107376
107377
107381
107383
107389
107390
107394
107397
107398
107402
107405
107410
107412
107414
107415
107416
107418
107420
107421
107426
107429
107430
107431
107434
107442
107443
107450
107451
107453
107455
107458
107461
107466
107470
107474
107479
107482
107485
107486
107490
107493
107495
107498
107501
107502
107504
107506
107509
107513
107514
107519
107529
107531
107534
107540
107543
107544
107545
107548
107550
107554
107557
107558
107562
107565
107567
107569
107570
107572
107573
107574
107575
107576
107578
107580
107586
107587
107589
107591
107593
107594
107595
107598
107602
107604
107605
107609
107610
107612
107614
107615
107622
107623
107636
107638
107644
107647
107650
107678
107679
107698
107714
107718
107719
107722
107732
107734
107737
107740
107743
107750
107754
107759
107762
107766
107767
107783
107786
107794
107798
107802
107803
107807
107815
107820
107822
107838
107839
107841
107844
107846
107852
107855
107857
107859
107862
107863
107864
107867
107876
107877
107881
107882
107884
107890
107893
107895
107896
107897
107898
107899
107901
107902
107909
107910
107919
107923
107926
107927
107931
107941
107942
107957
107967
107972
107973
107980
107981
107982
107983
107985
107991
108013
108014
108021
108031
108040
108049
108050
108056
108058
108072
108074
108078
108079
108088
108097
108099
108100
108101
108104
108108
108110
108116
108120
108121
108122
108124
108132
108134
108136
108138
108140
108145
108148
108149
108152
108155
108156
108158
108159
108161
108162
108164
108165
108166
108167
108168
108170
108172
108180
108183
108184
108188
108190
108194
108197
108198
108202
108207
108222
108223
108228
108236
108244
108245
108252
108254
108259
108262
108263
108277
108279
108281
108282
108286
108290
108292
108295
108298
108299
108300
108304
108307
108308
108310
108311
108315
108323
108324
108325
108327
108329
108331
108332
108333
108340
108343
108348
108352
108354
108358
108359
108361
108362
108368
108381
108382
108384
108385
108389
108391
108406
108407
108409
108410
108430
108431
108434
108438
108442
108443
108447
108455
108460
108462
108471
108482
108483
108485
108487
108490
108493
108494
108502
108503
108516
108517
108521
108522
108524
108525
108526
108527
108529
108532
108534
108543
108545
108546
108548
108549
108550
108551
108552
108554
108556
108564
108567
108569
108572
108574
108580
108583
108584
108585
108588
108590
108596
108597
108598
108599
108604
108605
108610
108611
108613
108615
108616
108617
108618
108621
108622
108630
108631
108635
108646
108647
108663
108666
108667
108669
108670
108678
108681
108687
108698
108703
108708
108710
108711
108717
108723
108724
108727
108730
108732
108734
108738
108742
108743
108746
108757
108759
108766
108774
108778
108779
108783
108796
108798
108799
108809
108815
108818
108819
108821
108826
108829
108834
108837
108838
108842
108843
108845
108847
108848
108864
108865
108868
108870
108884
108885
108889
108890
108892
108893
108894
108895
108900
108901
108905
108906
108908
108909
108910
108911
108924
108927
108930
108932
108935
108938
108940
108942
108948
108951
108955
108956
108957
108962
108970
108974
108975
108982
108989
108991
108996
108997
109000
109003
109004
109005
109006
109007
109010
109012
109014
109016
109020
109023
109038
109046
109057
109066
109068
109070
109073
109074
109080
109082
109086
109094
109097
109099
109100
109109
109110
109112
109121
109123
109124
109125
109128
109134
109141
109143
109149
109150
109156
109158
109160
109162
109164
109170
109174
109175
109178
109193
109198
109204
109207
109209
109212
109214
109220
109223
109225
109228
109230
109232
109235
109241
109243
109246
109247
109252
109260
109265
109270
109271
109272
109286
109287
109300
109302
109308
109311
109317
109318
109320
109321
109325
109327
109328
109332
109333
109334
109337
109340
109341
109346
109352
109354
109358
109359
109360
109362
109364
109370
109371
109372
109376
109378
109382
109383
109385
109386
109394
109396
109398
109400
109401
109402
109403
109404
109407
109408
109409
109413
109415
109428
109432
109435
109436
109437
109438
109439
109444
109445
109446
109452
109453
109456
109458
109461
109466
109469
109473
109474
109477
109482
109485
109492
109493
109495
109498
109500
109501
109506
109509
109511
109514
109517
109518
109520
109522
109524
109525
109529
109530
109532
109533
109534
109535
109540
109541
109545
109546
109548
109549
109550
109551
109554
109557
109559
109560
109565
109566
109572
109576
109577
109580
109582
109584
109587
109593
109595
109598
109601
109602
109604
109605
109606
109607
109608
109610
109612
109613
109616
109617
109618
109619
109621
109622
109627
109629
109631
109634
109636
109637
109642
109646
109647
109650
109651
109653
109657
109658
109659
109661
109662
109670
109679
109683
109686
109687
109691
109710
109715
109716
109719
109722
109723
109724
109726
109730
109758
109759
109770
109775
109778
109782
109783
109786
109814
109818
109823
109826
109834
109835
109837
109842
109844
109845
109846
109847
109848
109850
109852
109853
109859
109865
109867
109870
109871
109876
109879
109880
109881
109884
109886
109894
109908
109910
109916
109919
109929
109940
109941
109945
109946
109948
109949
109950
109951
109958
109959
109981
109983
109989
109999
110003
110007
110011
110029
110030
110036
110037
110044
110045
110046
110047
110062
110077
110078
110084
110085
110086
110087
110089
110091
110092
110096
110097
110098
110099
110100
110103
110106
110107
110108
110110
110112
110113
110114
110115
110116
110119
110122
110123
110124
110126
110128
110131
110132
110133
110134
110135
110140
110151
110158
110169
110170
110176
110178
110182
110183
110186
110199
110206
110209
110213
110214
110223
110233
110235
110238
110239
110241
110242
110247
110248
110250
110252
110260
110263
110264
110268
110270
110275
110279
110293
110295
110297
110298
110301
110302
110319
110322
110324
110325
110330
110334
110335
110337
110338
110344
110346
110350
110351
110357
110358
110360
110361
110376
110377
110381
110383
110385
110386
110392
110402
110403
110404
110406
110408
110409
110410
110411
110412
110415
110420
110421
110424
110427
110428
110429
110430
110431
110433
110435
110436
110440
110443
110447
110450
110451
110452
110454
110456
110457
110458
110459
110460
110463
110468
110472
110473
110476
110478
110482
110484
110485
110486
110488
110490
110492
110493
110505
110511
110514
110522
110523
110525
110527
110532
110537
110538
110540
110541
110542
110543
110548
110550
110556
110559
110569
110582
110593
110596
110604
110609
110611
110614
110615
110625
110627
110630
110631
110640
110641
110644
110646
110657
110658
110660
110662
110663
110664
110666
110668
110673
110674
110677
110678
110682
110683
110685
110687
110689
110690
110691
110693
110694
110698
110699
110701
110703
110705
110706
110709
110710
110714
110720
110722
110726
110727
110729
110730
110738
110739
110744
110745
110746
110747
110748
110751
110753
110757
110759
110765
110766
110769
110771
110773
110776
110779
110780
110781
110782
110783
110787
110788
110791
110794
110795
110796
110798
110801
110802
110808
110810
110814
110815
110819
110821
110825
110827
110828
110829
110837
110838
110845
110850
110851
110853
110855
110857
110858
110859
110861
110864
110866
110868
110869
110873
110877
110878
110879
110882
110884
110885
110889
110890
110893
110894
110895
110898
110899
110901
110903
110904
110905
110906
110909
110910
110912
110915
110921
110923
110927
110932
110935
110937
110940
110948
110951
110952
110956
110974
110975
110977
110979
110980
110981
110984
110987
110988
110989
110991
110997
111005
111010
111011
111012
111014
111018
111020
111023
111026
111033
111034
111048
111049
111053
111055
111056
111059
111060
111062
111063
111065
111067
111069
111073
111074
111080
111082
111087
111088
111089
111090
111091
111098
111104
111106
111110
111111
111113
111114
111120
111121
111125
111127
111134
111138
111139
111144
111145
111146
111147
111148
111151
111153
111155
111156
111160
111163
111166
111168
111170
111172
111180
111184
111187
111188
111189
111190
111193
111196
111197
111201
111202
111208
111221
111222
111224
111225
111236
111238
111247
111248
111250
111257
111258
111263
111264
111266
111269
111273
111274
111279
111281
111292
111295
111300
111303
111306
111308
111309
111316
111319
111320
111321
111326
111332
111335
111336
111337
111342
111345
111346
111350
111351
111354
111361
111363
111364
111365
111368
111372
111373
111374
111380
111382
111384
111385
111397
111405
111408
111410
111417
111429
111430
111432
111441
111442
111454
111455
111456
111459
111460
111461
111462
111463
111472
111473
111474
111475
111482
111490
111491
111493
111495
111496
111497
111499
111502
111505
111507
111510
111511
111512
111515
111521
111523
111526
111527
111528
111531
111538
111539
111541
111544
111545
111546
111547
111549
111552
111555
111561
111563
111566
111567
111568
111569
111570
111571
111574
111578
111579
111583
111584
111585
111586
111587
111594
111595
111597
111599
111600
111603
111609
111611
111618
111621
111625
111626
111628
111633
111636
111638
111644
111647
111653
111655
111658
111661
111662
111665
111667
111670
111671
111681
111682
111683
111686
111690
111691
111695
111699
111705
111707
111710
111711
111717
111719
111724
111735
111740
111742
111757
111758
111766
111767
111769
111770
111782
111783
111793
111797
111799
111805
111806
111809
111810
111818
111822
111823
111829
111830
111832
111833
111839
111845
111846
111853
111855
111857
111858
111866
111870
111871
111890
111891
111895
111897
111898
111899
111902
111910
111919
111922
111924
111925
111929
111930
111934
111935
111940
111943
111948
111950
111953
111954
111956
111957
111958
111959
111960
111962
111964
111965
111983
111986
111989
111990
111994
111995
111997
111999
112002
112003
112004
112009
112010
112019
112027
112029
112030
112031
112033
112036
112037
112045
112046
112050
112051
112052
112054
112057
112058
112063
112068
112069
112070
112071
112076
112080
112081
112082
112083
112084
112087
112098
112106
112107
112108
112116
112117
112118
112119
112125
112141
112145
112147
112148
112158
112165
112175
112176
112189
112190
112193
112194
112200
112209
112211
112212
112220
112222
112227
112228
112231
112241
112250
112254
112255
112256
112258
112260
112266
112270
112274
112275
112280
112281
112282
112283
112286
112292
112294
112303
112305
112307
112310
112311
112312
112315
112322
112323
112330
112331
112335
112337
112338
112340
112342
112343
112344
112355
112363
112366
112367
112372
112375
112376
112377
112382
112388
112393
112394
112396
112400
112402
112406
112407
112409
112425
112434
112435
112436
112440
112441
112448
112451
112452
112453
112454
112455
112469
112470
112473
112477
112479
112500
112501
112502
112503
112515
112518
112519
112543
112546
112547
112551
112553
112554
112558
112562
112569
112570
112573
112574
112575
112580
112583
112584
112588
112590
112592
112595
112606
112607
112609
112610
112612
112613
112614
112615
112616
112618
112620
112624
112625
112626
112627
112629
112630
112634
112637
112639
112640
112644
112645
112649
112650
112652
112653
112654
112655
112658
112659
112661
112663
112666
112669
112670
112675
112677
112679
112680
112681
112682
112683
112685
112686
112692
112693
112697
112698
112700
112701
112702
112703
112708
112711
112712
112713
112716
112718
112729
112734
112735
112739
112745
112747
112750
112751
112759
112764
112766
112768
112769
112773
112775
112782
112788
112789
112792
112795
112796
112797
112798
112799
112806
112807
112819
112824
112825
112826
112827
112828
112831
112835
112839
112841
112843
112844
112845
112853
112854
112856
112857
112861
112863
112867
112871
112874
112875
112878
112882
112890
112894
112895
112897
112899
112903
112904
112916
112918
112924
112932
112934
112940
112943
112947
112950
112951
112960
112961
112962
112963
112965
112966
112970
112971
112973
112975
112977
112978
112980
112981
112982
112983
112984
112986
112988
112989
112993
112994
112996
112997
112998
112999
113000
113002
113004
113010
113013
113014
113018
113019
113021
113023
113026
113027
113028
113030
113032
113034
113035
113039
113042
113050
113059
113064
113067
113070
113071
113079
113085
113086
113096
113098
113102
113103
113104
113105
113106
113107
113108
113111
113114
113116
113118
113128
113129
113133
113135
113140
113141
113142
113143
113149
113153
113157
113159
113165
113166
113168
113170
113174
113175
113177
113178
113188
113196
113197
113198
113199
113202
113203
113204
113206
113208
113209
113210
113211
113212
113215
113216
113219
113220
113221
113223
113225
113228
113229
113233
113234
113236
113242
113243
113244
113246
113253
113254
113256
113257
113263
113265
113266
113274
113278
113279
113280
113282
113285
113289
113290
113295
113297
113308
113311
113313
113324
113327
113332
113333
113337
113338
113340
113341
113342
113343
113353
113361
113364
113365
113367
113370
113372
113373
113377
113383
113386
113388
113389
113396
113399
113400
113401
113406
113412
113414
113417
113418
113420
113423
113425
113427
113428
113429
113432
113437
113438
113442
113450
113461
113463
113469
113470
113473
113474
113486
113487
113493
113494
113497
113501
113503
113504
113505
113506
113507
113508
113511
113514
113516
113518
113524
113525
113526
113527
113533
113537
113542
113543
113544
113554
113555
113557
113560
113561
113562
113563
113565
113570
113571
113573
113576
113578
113585
113595
113603
113610
113613
113615
113616
113619
113625
113627
113630
113631
113632
113635
113641
113643
113646
113647
113648
113649
113650
113651
113653
113654
113658
113661
113663
113665
113668
113676
113684
113685
113689
113690
113692
113697
113699
113702
113703
113715
113717
113719
113721
113731
113737
113742
113743
113745
113746
113749
113754
113755
113757
113767
113769
113781
113783
113786
113788
113798
113799
113801
113802
113821
113822
113825
113829
113831
113837
113838
113847
113849
113850
113861
113871
113873
113874
113882
113886
113887
113898
113902
113903
113910
113919
113925
113927
113929
113930
113933
113939
113942
113943
113954
113956
113957
113961
113962
113966
113967
113968
113969
113972
113974
113983
113985
113986
113988
113989
113990
113991
114004
114009
114012
114017
114026
114041
114043
114051
114061
114062
114063
114070
114074
114075
114076
114079
114082
114083
114084
114086
114090
114095
114099
114107
114110
114111
114114
114122
114123
114124
114126
114132
114133
114134
114135
114140
114150
114153
114155
114162
114170
114171
114172
114174
114182
114183
114185
114186
114194
114195
114196
114198
114200
114201
114202
114203
114204
114207
114210
114211
114216
114217
114218
114219
114220
114223
114230
114231
114245
114248
114249
114255
114261
114262
114265
114267
114268
114269
114275
114279
114283
114293
114303
114304
114308
114310
114319
114326
114328
114331
114336
114338
114341
114345
114346
114351
114354
114355
114360
114361
114362
114363
114365
114366
114377
114379
114383
114388
114392
114393
114396
114398
114401
114402
114405
114410
114411
114415
114417
114418
114420
114421
114422
114426
114428
114433
114436
114437
114440
114443
114444
114446
114447
114453
114455
114462
114483
114491
114495
114496
114497
114498
114499
114500
114503
114506
114507
114508
114510
114513
114514
114520
114522
114526
114529
114530
114536
114538
114546
114554
114555
114556
114565
114567
114568
114569
114570
114574
114578
114580
114581
114586
114588
114589
114590
114591
114593
114595
114598
114599
114600
114614
114620
114623
114625
114626
114631
114632
114634
114636
114642
114645
114646
114650
114655
114664
114665
114668
114694
114696
114699
114706
114709
114711
114712
114717
114718
114722
114725
114727
114728
114733
114734
114737
114739
114742
114743
114744
114759
114760
114761
114764
114766
114772
114773
114774
114776
114778
114780
114781
114789
114790
114792
114794
114807
114808
114812
114814
114816
114823
114829
114830
114832
114834
114839
114841
114842
114851
114852
114853
114856
114860
114861
114862
114863
114866
114868
114870
114872
114873
114874
114875
114882
114888
114890
114904
114905
114912
114913
114914
114915
114916
114922
114923
114928
114933
114934
114937
114939
114948
114949
114957
114958
114959
114960
114961
114966
114975
114976
114977
114980
114982
114988
114991
114994
114996
114997
115001
115006
115007
115011
115013
115014
115018
115021
115023
115033
115035
115038
115039
115040
115043
115049
115051
115054
115055
115056
115061
115062
115067
115069
115071
115075
115076
115080
115081
115082
115083
115084
115087
115091
115092
115096
115099
115101
115103
115106
115110
115111
115113
115121
115127
115139
115140
115141
115142
115143
115147
115148
115149
115155
115159
115162
115163
115173
115174
115176
115177
115185
115186
115192
115198
115199
115201
115205
115207
115213
115214
115217
115219
115220
115221
115224
115228
115229
115230
115231
115232
115234
115239
115241
115242
115250
115252
115254
115256
115257
115258
115259
115260
115263
115265
115274
115281
115283
115284
115287
115292
115294
115301
115304
115305
115312
115315
115316
115317
115318
115319
115321
115323
115324
115325
115329
115331
115335
115336
115339
115345
115348
115356
115359
115364
115372
115375
115377
115383
115384
115396
115400
115401
115404
115417
115424
115427
115433
115435
115447
115448
115449
115452
115454
115458
115459
115460
115464
115465
115467
115468
115471
115474
115478
115479
115481
115491
115492
115496
115499
115500
115501
115503
115505
115511
115520
115523
115524
115525
115526
115527
115529
115531
115533
115541
115542
115545
115549
115551
115552
115553
115554
115555
115556
115559
115562
115563
115569
115570
115576
115582
115583
115584
115588
115589
115593
115596
115597
115602
115603
115605
115607
115608
115609
115611
115613
115619
115621
115623
115624
115625
115626
115627
115629
115630
115632
115636
115641
115645
115647
115651
115653
115658
115659
115671
115677
115681
115682
115684
115685
115686
115687
115688
115690
115692
115693
115699
115701
115702
115706
115707
115709
115711
115712
115713
115716
115718
115729
115731
115734
115735
115736
115744
115746
115748
115749
115753
115754
115756
115757
115758
115759
115762
115763
115767
115768
115769
115770
115771
115773
115774
115777
115781
115784
115786
115792
115793
115805
115812
115824
115827
115833
115835
115841
115843
115848
115851
115855
115857
115861
115863
115879
115885
115886
115889
115896
115899
115903
115912
115913
115917
115929
115939
115940
115941
115943
115945
115947
115948
115949
115961
115965
115970
115971
115973
115975
115977
115979
115981
115984
115986
115988
115989
115993
115997
115999
116003
116006
116007
116008
116011
116016
116017
116020
116022
116028
116031
116032
116035
116041
116043
116046
116047
116055
116056
116057
116064
116065
116066
116067
116069
116070
116074
116075
116081
116082
116084
116085
116086
116087
116088
116092
116093
116103
116105
116114
116115
116120
116121
116123
116131
116134
116137
116138
116139
116143
116151
116153
116163
116167
116170
116171
116193
116194
116200
116202
116211
116215
116218
116225
116227
116229
116232
116235
116236
116237
116238
116239
116242
116243
116244
116246
116248
116249
116250
116251
116252
116255
116259
116260
116264
116265
116266
116267
116268
116271
116273
116275
116280
116283
116287
116293
116296
116297
116301
116305
116312
116321
116328
116330
116334
116335
116342
116344
116345
116349
116351
116353
116373
116380
116385
116387
116390
116392
116395
116405
116408
116417
116420
116421
116449
116451
116453
116461
116473
116480
116482
116486
116487
116489
116490
116496
116497
116501
116503
116509
116512
116517
116519
116525
116535
116537
116544
116545
116546
116547
116548
116551
116554
116555
116567
116583
116585
116587
116589
116595
116599
116602
116603
116604
116606
116613
116616
116617
116621
116625
116632
116635
116645
116649
116652
116653
116657
116660
116672
116675
116688
116708
116711
116713
116727
116733
116736
116737
116740
116742
116752
116754
116757
116761
116762
116766
116768
116770
116772
116773
116777
116778
116780
116781
116782
116783
116788
116790
116803
116809
116814
116815
116818
116819
116822
116826
116827
116829
116832
116834
116835
116838
116842
116843
116845
116847
116859
116862
116863
116865
116867
116872
116875
116879
116883
116884
116888
116889
116890
116891
116896
116903
116909
116910
116912
116914
116921
116922
116928
116929
116930
116931
116932
116935
116938
116939
116940
116944
116947
116948
116949
116950
116953
116955
116956
116957
116962
116968
116975
116981
116984
116989
116991
116994
116995
116997
116999
117001
117003
117005
117011
117019
117027
117030
117031
117032
117035
117042
117043
117047
117050
117051
117057
117058
117060
117061
117062
117063
117064
117066
117069
117081
117092
117095
117096
117097
117100
117102
117108
117112
117114
117117
117120
117127
117129
117136
117141
117143
117149
117155
117156
117158
117160
117161
117162
117164
117167
117171
117172
117176
117179
117180
117181
117189
117190
117192
117193
117197
117199
117201
117202
117208
117215
117216
117219
117220
117225
117228
117232
117236
117243
117244
117249
117251
117253
117256
117259
117260
117261
117262
117263
117265
117269
117271
117277
117278
117283
117284
117288
117289
117290
117291
117292
117295
117303
117305
117306
117312
117313
117314
117315
117316
117319
117322
117323
117326
117338
117342
117343
117344
117347
117348
117349
117350
117351
117353
117355
117356
117357
117365
117368
117373
117375
117377
117393
117395
117398
117399
117403
117409
117411
117414
117415
117416
117419
117425
117428
117440
117443
117449
117451
117460
117463
117464
117465
117468
117470
117476
117479
117480
117481
117484
117488
117491
117497
117499
117503
117504
117506
117510
117511
117513
117514
117522
117523
117526
117528
117529
117530
117531
117535
117536
117541
117543
117549
117550
117556
117563
117565
117567
117573
117574
117576
117577
117581
117583
117584
117587
117588
117593
117597
117601
117602
117608
117615
117616
117620
117627
117628
117637
117640
117641
117645
117650
117652
117653
117658
117661
117664
117668
117669
117673
117677
117678
117682
117683
117685
117687
117689
117691
117693
117697
117698
117700
117701
117702
117703
117704
117706
117709
117715
117717
117718
117722
117723
117725
117727
117728
117729
117730
117731
117733
117734
117739
117741
117743
117745
117746
117748
117749
117750
117751
117752
117756
117757
117766
117777
117780
117782
117799
117800
117801
117802
117803
117817
117818
117823
117825
117826
117829
117830
117834
117835
117837
117839
117844
117845
117846
117848
117850
117852
117853
117859
117865
117867
117871
117876
117879
117880
117884
117889
117893
117895
117905
117908
117909
117915
117916
117921
117928
117931
117935
117937
117941
117956
117957
117959
117961
117963
117964
117965
117976
117977
117981
117993
118003
118004
118005
118007
118009
118011
118012
118013
118018
118020
118021
118025
118026
118028
118034
118035
118037
118039
118041
118042
118043
118045
118048
118052
118054
118060
118063
118071
118072
118075
118084
118087
118088
118089
118092
118094
118105
118107
118110
118111
118113
118114
118116
118117
118118
118119
118120
118124
118128
118133
118134
118139
118141
118143
118153
118162
118183
118185
118194
118200
118201
118203
118209
118216
118218
118223
118227
118231
118234
118235
118241
118244
118247
118252
118257
118258
118264
118271
118273
118277
118279
118285
118286
118294
118295
118297
118298
118304
118310
118311
118313
118320
118321
118325
118327
118339
118340
118341
118342
118343
118345
118348
118349
118353
118355
118356
118359
118364
118368
118369
118370
118372
118375
118379
118380
118384
118387
118388
118389
118391
118393
118395
118396
118397
118427
118433
118453
118460
118465
118467
118469
118477
118489
118497
118501
118503
118504
118506
118508
118509
118516
118519
118520
118521
118526
118534
118537
118538
118540
118543
118545
118548
118549
118555
118557
118559
118561
118563
118564
118565
118568
118572
118580
118585
118593
118594
118600
118606
118607
118613
118614
118617
118621
118623
118629
118630
118632
118633
118637
118639
118641
118642
118648
118655
118665
118669
118671
118684
118687
118693
118696
118697
118701
118705
118712
118715
118724
118727
118729
118743
118749
118761
118767
118771
118778
118779
118781
118783
118785
118786
118788
118789
118790
118791
118792
118794
118796
118797
118800
118801
118802
118803
118810
118813
118815
118816
118817
118818
118819
118821
118822
118826
118833
118834
118836
118837
118838
118839
118840
118842
118844
118845
118848
118849
118852
118854
118860
118863
118865
118867
118870
118871
118872
118875
118881
118883
118886
118887
118888
118891
118896
118897
118900
118902
118908
118911
118912
118913
118914
118915
118916
118919
118922
118923
118924
118926
118929
118930
118936
118938
118942
118943
118947
118948
118949
118950
118951
118953
118955
118956
118957
118965
118966
118968
118969
118982
118983
118985
118986
118995
118996
119000
119001
119004
119007
119009
119013
119022
119025
119036
119038
119040
119043
119049
119051
119054
119055
119063
119064
119065
119068
119070
119076
119079
119086
119088
119091
119097
119102
119103
119107
119109
119111
119112
119113
119114
119115
119117
119118
119120
119122
119124
119125
119129
119130
119132
119133
119134
119135
119136
119138
119140
119141
119145
119146
119148
119149
119150
119151
119154
119157
119159
119160
119165
119166
119173
119176
119177
119181
119183
119184
119190
119193
119195
119202
119210
119214
119215
119218
119220
119226
119227
119230
119235
119236
119237
119240
119243
119244
119245
119246
119247
119248
119255
119261
119262
119266
119268
119270
119272
119273
119274
119275
119276
119279
119280
119282
119286
119289
119290
119301
119302
119305
119309
119311
119313
119314
119320
119322
119326
119327
119328
119331
119332
119337
119339
119341
119344
119345
119346
119347
119348
119351
119354
119355
119358
119364
119373
119375
119379
119380
119382
119385
119388
119392
119393
119399
119408
119410
119414
119415
119417
119433
119435
119438
119439
119443
119445
119446
119453
119455
119456
119457
119458
119459
119461
119462
119466
119467
119469
119471
119472
119481
119483
119486
119487
119491
119493
119495
119497
119501
119511
119521
119523
119526
119527
119528
119531
119539
119543
119544
119545
119549
119553
119554
119555
119556
119559
119562
119563
119564
119566
119568
119572
119574
119575
119577
119581
119586
119594
119598
119599
119606
119609
119613
119615
119616
119618
119623
119625
119626
119632
119639
119645
119646
119650
119651
119652
119654
119656
119657
119658
119659
119660
119663
119667
119668
119669
119672
119676
119677
119678
119679
119681
119684
119685
119688
119692
119693
119703
119704
119705
119708
119719
119720
119721
119724
119726
119729
119733
119734
119736
119744
119748
119760
119764
119775
119776
119778
119780
119781
119785
119786
119788
119789
119790
119791
119792
119808
119809
119810
119811
119813
119814
119818
119819
119824
119827
119833
119835
119838
119839
119841
119842
119844
119845
119846
119847
119848
119850
119852
119853
119860
119863
119864
119865
119868
119870
119872
119881
119882
119884
119888
119889
119892
119900
119906
119907
119909
119912
119915
119921
119923
119926
119927
119931
119937
119938
119944
119946
119950
119957
119958
119960
119961
119973
119974
119977
119981
119983
119985
119992
119994
119998
120000
120001
120005
120016
120023
120025
120034
120038
120042
120049
120053
120068
120081
120082
120086
120088
120090
120096
120099
120105
120107
120110
120111
120112
120113
120114
120117
120118
120122
120123
120125
120127
120129
120131
120136
120139
120146
120151
120152
120153
120154
120155
120157
120160
120161
120164
120166
120172
120175
120176
120178
120180
120181
120185
120186
120188
120189
120190
120191
120192
120195
120196
120197
120199
120201
120203
120204
120205
120208
120209
120210
120211
120212
120218
120219
120224
120225
120226
120227
120228
120231
120234
120235
120238
120240
120244
120245
120246
120247
120249
120251
120252
120253
120258
120259
120260
120262
120264
120265
120266
120267
120268
120271
120273
120280
120283
120287
120289
120293
120296
120299
120300
120306
120308
120310
120313
120316
120319
120327
120329
120331
120333
120341
120342
120344
120345
120349
120351
120357
120358
120361
120367
120372
120373
120374
120375
120377
120379
120380
120386
120388
120393
120395
120407
120409
120416
120423
120425
120435
120436
120438
120441
120442
120443
120444
120447
120452
120455
120456
120457
120464
120467
120473
120475
120479
120481
120482
120484
120485
120486
120487
120488
120490
120492
120493
120496
120497
120498
120499
120501
120502
120507
120513
120520
120528
120529
120532
120546
120549
120552
120560
120569
120572
120577
120584
120586
120590
120591
120592
120593
120594
120599
120602
120603
120604
120609
120610
120611
120612
120615
120618
120619
120620
120625
120626
120632
120639
120641
120645
120647
120660
120671
120673
120676
120680
120683
120687
120688
120695
120701
120702
120704
120705
120709
120717
120721
120725
120728
120730
120736
120745
120747
120756
120768
120770
120772
120773
120780
120789
120791
120792
120801
120804
120806
120812
120815
120817
120822
120824
120827
120836
120839
120840
120841
120844
120846
120848
120851
120857
120859
120862
120863
120864
120867
120873
120875
120878
120879
120884
120887
120888
120889
120892
120894
120898
120905
120906
120910
120911
120914
120915
120917
120919
120922
120923
120926
120930
120931
120935
120936
120937
120938
120939
120941
120942
120946
120954
120958
120959
120960
120963
120964
120965
120966
120967
120969
120972
120981
120982
120984
120985
120993
120996
120999
121004
121006
121009
121016
121018
121025
121029
121031
121038
121041
121043
121044
121045
121048
121051
121052
121053
121056
121062
121063
121065
121066
121074
121075
121076
121080
121081
121082
121084
121087
121088
121089
121090
121091
121093
121094
121098
121099
121101
121106
121110
121112
121114
121122
121125
121126
121127
121128
121130
121136
121138
121139
121142
121146
121147
121149
121151
121153
121155
121158
121159
121160
121163
121168
121169
121172
121174
121184
121185
121196
121199
121206
121208
121211
121217
121224
121231
121232
121233
121234
121235
121236
121242
121243
121253
121254
121256
121257
121261
121263
121264
121268
121269
121270
121271
121273
121275
121276
121277
121284
121286
121288
121289
121290
121291
121296
121298
121305
121306
121313
121316
121317
121320
121324
121325
121326
121327
121328
121329
121333
121335
121341
121342
121345
121346
121352
121358
121365
121366
121368
121369
121373
121375
121376
121380
121388
121392
121395
121396
121401
121403
121404
121410
121411
121414
121416
121417
121418
121425
121427
121428
121429
121435
121437
121438
121440
121442
121446
121447
121449
121456
121457
121461
121475
121477
121478
121483
121485
121487
121491
121499
121503
121504
121507
121513
121515
121518
121519
121523
121525
121526
121531
121537
121539
121547
121555
121557
121559
121561
121563
121565
121570
121571
121573
121575
121577
121578
121579
121581
121582
121585
121587
121590
121591
121592
121595
121600
121603
121604
121605
121606
121609
121611
121612
121613
121616
121617
121618
121619
121623
121626
121627
121628
121637
121640
121645
121656
121663
121664
121665
121669
121671
121677
121678
121682
121686
121689
121690
121697
121699
121700
121701
121704
121708
121709
121710
121711
121714
121716
121718
121720
121724
121735
121736
121737
121740
121746
121749
121752
121754
121765
121766
121768
121780
121792
121794
121797
121801
121802
121806
121808
121812
121814
121825
121828
121830
121840
121842
121844
121845
121849
121850
121852
121853
121854
121855
121856
121859
121870
121873
121877
121878
121883
121892
121895
121896
121897
121900
121902
121905
121909
121912
121914
121916
121920
121921
121924
121926
121932
121935
121940
121941
121946
121948
121949
121950
121953
121955
121958
121959
121960
121963
121970
121971
121973
121975
121978
121979
121982
121989
121990
121992
121993
121997
121999
122001
122008
122010
122017
122024
122026
122030
122037
122040
122041
122045
122054
122055
122057
122058
122064
122065
122069
122077
122081
122085
122098
122102
122103
122105
122106
122116
122117
122118
122119
122122
122124
122125
122144
122145
122146
122147
122149
122150
122154
122155
122157
122159
122160
122169
122171
122175
122181
122183
122184
122185
122186
122187
122189
122190
122208
122210
122212
122213
122217
122218
122220
122221
122222
122223
122224
122225
122228
122230
122240
122241
122243
122244
122247
122252
122260
122261
122263
122265
122268
122269
122272
122276
122278
122279
122281
122284
122285
122288
122292
122298
122300
122305
122307
122308
122309
122312
122315
122316
122317
122318
122319
122322
122324
122326
122328
122329
122330
122331
122332
122335
122338
122340
122342
122344
122345
122346
122347
122348
122351
122353
122356
122357
122360
122363
122364
122365
122366
122367
122371
122375
122378
122380
122382
122385
122399
122401
122402
122408
122415
122416
122417
122418
122419
122420
122423
122427
122428
122433
122436
122437
122445
122447
122453
122455
122461
122464
122465
122469
122471
122477
122481
122483
122484
122485
122491
122493
122494
122495
122503
122509
122515
122522
122532
122535
122536
122537
122544
122547
122562
122563
122565
122567
122569
122573
122580
122581
122585
122588
122589
122593
122598
122599
122600
122603
122608
122609
122612
122614
122620
122623
122630
122637
122645
122656
122659
122660
122661
122663
122665
122668
122669
122688
122690
122694
122695
122697
122698
122706
122707
122708
122710
122714
122722
122723
122724
122726
122728
122729
122730
122731
122732
122735
122736
122738
122745
122746
122761
122766
122767
122772
122782
122784
122785
122787
122789
122797
122804
122805
122807
122810
122812
122813
122817
122820
122822
122838
122853
122857
122858
122860
122861
122862
122863
122866
122869
122871
122872
122873
122874
122875
122877
122878
122881
122882
122884
122885
122886
122887
122888
122890
122892
122899
122901
122902
122906
122909
122911
122915
122917
122918
122922
122935
122941
122947
122951
122952
122954
122955
122958
122964
122972
122974
122980
122981
122990
122994
122995
122997
122999
123014
123016
123023
123027
123028
123035
123036
123042
123048
123050
123054
123055
123059
123063
123066
123067
123068
123070
123082
123091
123096
123098
123099
123104
123111
123118
123123
123124
123131
123134
123135
123138
123140
123141
123142
123148
123149
123152
123154
123158
123162
123163
123165
123167
123168
123170
123171
123174
123178
123179
123181
123188
123190
123192
123194
123207
123211
123213
123214
123216
123218
123220
123231
123232
123234
123236
123247
123250
123253
123255
123256
123270
123272
123279
123286
123291
123292
123298
123304
123306
123310
123311
123312
123314
123322
123323
123326
123335
123338
123355
123359
123360
123367
123373
123374
123379
123380
123384
123391
123392
123393
123394
123395
123396
123399
123402
123403
123404
123406
123408
123411
123412
123413
123414
123415
123417
123419
123420
123421
123425
123426
123432
123434
123438
123445
123446
123448
123449
123453
123455
123459
123460
123467
123468
123469
123470
123474
123475
123476
123478
123480
123481
123483
123487
123502
123506
123510
123511
123514
123520
123523
123529
123531
123534
123535
123539
123541
123542
123546
123547
123552
123553
123554
123555
123557
123558
123562
123568
123582
123584
123588
123590
123596
123600
123604
123609
123614
123618
123620
123626
123629
123630
123632
123633
123638
123647
123649
123650
123651
123652
123655
123658
123660
123662
123664
123667
123668
123670
123671
123673
123675
123676
123677
123682
123690
123704
123705
123715
123716
123717
123720
123723
123724
123725
123726
123727
123730
123732
123734
123736
123737
123738
123739
123740
123743
123751
123757
123758
123760
123762
123766
123769
123770
123776
123779
123785
123787
123790
123791
123792
123794
123795
123798
123802
123803
123805
123807
123808
123809
123810
123811
123813
123814
123818
123819
123821
123823
123824
123827
123833
123835
123840
123844
123856
123858
123860
123871
123872
123874
123876
123877
123881
123882
123884
123885
123886
123887
123888
123904
123905
123906
123907
123909
123910
123914
123915
123929
123931
123934
123935
123937
123938
123940
123941
123942
123943
123944
123946
123948
123949
123960
123961
123974
123975
123976
123979
123992
123993
124006
124012
124015
124018
124020
124026
124028
124032
124035
124039
124041
124043
124051
124055
124058
124059
124060
124062
124066
124068
124071
124074
124087
124096
124103
124119
124130
124134
124135
124138
124145
124151
124161
124162
124166
124170
124171
124173
124175
124176
124185
124190
124191
124194
124196
124197
124198
124202
124204
124205
124212
124216
124217
124220
124222
124227
124230
124231
124232
124235
124242
124247
124248
124249
124250
124251
124260
124262
124268
124271
124272
124274
124276
124277
124281
124282
124284
124285
124286
124287
124291
124292
124294
124295
124297
124299
124304
124306
124314
124315
124321
124322
124327
124330
124331
124332
124334
124340
124342
124345
124359
124370
124384
124386
124390
124393
124394
124407
124417
124418
124424
124426
124432
124433
124434
124435
124436
124439
124442
124443
124444
124446
124448
124449
124450
124451
124452
124455
124458
124459
124460
124462
124465
124466
124472
124474
124478
124479
124482
124483
124484
124486
124488
124489
124490
124491
124492
124495
124496
124498
124502
124503
124505
124506
124512
124514
124518
124519
124521
124522
124530
124531
124532
124534
124536
124537
124538
124539
124540
124543
124548
124551
124552
124553
124560
124563
124574
124577
124578
124580
124581
124582
124583
124584
124586
124588
124589
124592
124597
124598
124602
124605
124607
124610
124612
124618
124620
124632
124633
124646
124652
124655
124657
124662
124663
124667
124673
124674
124680
124682
124688
124689
124690
124692
124695
124699
124700
124702
124706
124707
124708
124711
124714
124715
124716
124718
124721
124728
124730
124734
124735
124738
124739
124740
124742
124744
124745
124746
124747
124748
124751
124752
124754
124758
124759
124762
124775
124777
124778
124786
124787
124788
124790
124792
124793
124794
124795
124796
124799
124804
124807
124808
124809
124812
124814
124816
124819
124825
124827
124833
124836
124838
124839
124842
124844
124845
124849
124861
124864
124866
124868
124869
124873
124874
124876
124877
124878
124879
124882
124887
124888
124889
124890
124891
124897
124900
124902
124908
124911
124913
124915
124918
124920
124923
124932
124935
124936
124937
124940
124942
124947
124955
124958
124959
124963
124971
124974
124975
124983
124988
124990
124998
124999
125000
125003
125014
125020
125030
125036
125039
125046
125047
125057
125058
125064
125072
125076
125083
125084
125094
125096
125103
125107
125108
125115
125116
125120
125127
125134
125139
125140
125144
125147
125148
125150
125154
125158
125159
125162
125170
125171
125172
125174
125178
125180
125183
125188
125191
125192
125196
125211
125214
125215
125227
125230
125231
125246
125251
125254
125255
125256
125259
125268
125270
125284
125286
125292
125295
125302
125307
125314
125320
125327
125330
125332
125335
125340
125350
125352
125359
125366
125371
125372
125376
125383
125389
125390
125395
125396
125400
125407
125408
125410
125414
125417
125418
125426
125428
125430
125432
125436
125440
125443
125444
125445
125446
125447
125449
125452
125459
125460
125463
125466
125468
125470
125477
125478
125480
125481
125506
125507
125508
125510
125512
125513
125514
125515
125516
125519
125521
125524
125525
125528
125531
125532
125533
125536
125538
125542
125543
125545
125546
125557
125559
125566
125571
125574
125578
125579
125583
125587
125595
125598
125599
125600
125603
125609
125611
125614
125615
125619
125621
125622
125626
125627
125634
125636
125642
125646
125648
125649
125652
125654
125660
125663
125670
125676
125679
125682
125690
125694
125695
125696
125700
125701
125702
125703
125705
125708
125709
125712
125714
125715
125716
125719
125722
125726
125733
125734
125736
125743
125754
125762
125764
125766
125768
125769
125770
125771
125772
125775
125777
125780
125781
125784
125788
125799
125801
125802
125809
125824
125826
125830
125834
125839
125851
125854
125855
125859
125867
125870
125871
125874
125875
125878
125882
125883
125887
125888
125890
125892
125893
125897
125898
125900
125901
125902
125903
125904
125908
125910
125916
125919
125921
125924
125926
125932
125935
125936
125938
125940
125945
125946
125948
125949
125950
125951
125952
125955
125966
125971
125973
125974
125978
125979
125988
125991
125992
125993
126007
126021
126024
126025
126026
126029
126030
126033
126035
126040
126048
126050
126057
126058
126062
126070
126076
126083
126087
126090
126091
126092
126094
126099
126100
126107
126109
126112
126115
126119
126121
126123
126131
126135
126138
126139
126140
126142
126146
126151
126154
126160
126161
126194
126198
126199
126202
126208
126211
126217
126219
126224
126226
126230
126234
126235
126237
126239
126244
126247
126248
126252
126254
126260
126262
126264
126266
126274
126277
126279
126280
126281
126282
126283
126285
126286
126294
126309
126313
126314
126316
126317
126318
126319
126321
126324
126326
126336
126338
126346
126347
126364
126371
126372
126374
126375
126377
126379
126384
126386
126394
126395
126400
126402
126406
126409
126410
126423
126433
126445
126446
126448
126450
126454
126457
126458
126469
126470
126472
126473
126477
126479
126480
126483
126484
126485
126486
126487
126489
126491
126492
126493
126496
126499
126500
126501
126502
126503
126505
126507
126508
126517
126518
126520
126521
126525
126527
126529
126532
126533
126536
126539
126540
126542
126543
126544
126545
126549
126557
126560
126561
126577
126579
126580
126581
126584
126587
126588
126599
126611
126613
126614
126618
126619
126628
126631
126632
126633
126640
126643
126654
126662
126668
126671
126673
126678
126679
126680
126683
126688
126690
126698
126706
126707
126709
126711
126712
126714
126715
126718
126728
126729
126736
126740
126741
126742
126743
126745
126747
126748
126749
126752
126755
126756
126758
126759
126763
126776
126777
126785
126787
126789
126792
126795
126796
126797
126798
126799
126800
126805
126807
126813
126814
126816
126817
126821
126823
126833
126835
126836
126837
126840
126843
126844
126849
126852
126854
126855
126856
126858
126864
126866
126867
126870
126874
126875
126877
126879
126887
126888
126889
126894
126896
126899
126905
126907
126913
126916
126918
126924
126927
126929
126931
126934
126935
126936
126939
126949
126956
126962
126963
126968
126969
126970
126971
126977
126979
126982
126983
126984
126987
126994
126995
126997
126999
127000
127001
127002
127003
127006
127010
127011
127016
127017
127018
127019
127025
127027
127030
127031
127032
127035
127040
127042
127043
127046
127050
127051
127053
127055
127056
127059
127065
127067
127070
127072
127075
127081
127083
127088
127089
127090
127091
127093
127094
127098
127099
127101
127103
127106
127107
127108
127110
127112
127113
127114
127115
127116
127119
127123
127124
127128
127131
127132
127133
127134
127135
127138
127142
127145
127146
127152
127159
127165
127166
127170
127178
127182
127183
127190
127192
127193
127199
127201
127202
127203
127204
127210
127211
127214
127221
127222
127227
127233
127235
127238
127239
127240
127243
127250
127251
127253
127255
127256
127257
127258
127259
127261
127262
127266
127267
127269
127271
127272
127274
127275
127278
127281
127286
127287
127288
127291
127299
127301
127302
127306
127312
127315
127321
127323
127326
127327
127328
127331
127342
127344
127345
127346
127347
127349
127350
127354
127362
127363
127364
127368
127369
127370
127371
127372
127375
127379
127380
127387
127389
127390
127391
127394
127398
127399
127401
127402
127409
127415
127422
127426
127432
127434
127438
127439
127446
127448
127455
127456
127457
127458
127459
127460
127463
127466
127467
127468
127470
127475
127477
127481
127483
127490
127491
127492
127494
127496
127497
127498
127499
127500
127503
127504
127506
127510
127513
127514
127521
127523
127524
127525
127528
127531
127532
127536
127537
127541
127543
127550
127554
127562
127569
127570
127571
127572
127578
127579
127582
127592
127593
127597
127600
127606
127609
127611
127617
127619
127622
127624
127627
127632
127649
127665
127667
127671
127681
127682
127683
127685
127686
127690
127691
127693
127695
127697
127701
127702
127704
127714
127717
127718
127720
127722
127729
127730
127746
127748
127750
127752
127753
127754
127755
127756
127759
127760
127762
127766
127767
127769
127777
127779
127780
127781
127784
127787
127789
127791
127792
127793
127797
127799
127805
127809
127810
127816
127818
127822
127824
127825
127826
127827
127828
127831
127834
127835
127838
127845
127846
127848
127849
127853
127855
127856
127859
127861
127865
127867
127869
127873
127875
127878
127879
127880
127883
127888
127889
127894
127903
127904
127905
127910
127919
127921
127923
127931
127936
127937
127938
127939
127941
127942
127946
127947
127953
127954
127957
127969
127970
127973
127981
127985
127995
128000
128004
128006
128012
128015
128017
128019
128022
128023
128024
128027
128034
128036
128037
128044
128053
128055
128056
128061
128062
128064
128073
128075
128084
128088
128089
128092
128094
128097
128101
128109
128113
128116
128118
128119
128122
128124
128125
128130
128134
128135
128138
128146
128147
128148
128150
128152
128153
128154
128155
128156
128159
128166
128170
128172
128175
128178
128182
128183
128198
128205
128207
128208
128211
128212
128214
128215
128217
128219
128227
128228
128229
128230
128231
128233
128236
128237
128246
128248
128249
128253
128255
128257
128260
128268
128273
128278
128279
128280
128283
128293
128298
128300
128301
128309
128312
128313
128317
128323
128334
128340
128343
128344
128345
128352
128357
128358
128362
128365
128367
128369
128370
128372
128373
128374
128375
128376
128378
128380
128381
128386
128390
128391
128393
128394
128402
128403
128406
128408
128410
128411
128412
128415
128418
128422
128426
128427
128431
128434
128438
128439
128442
128453
128454
128467
128471
128480
128483
128484
128485
128486
128487
128493
128501
128502
128505
128509
128511
128514
128519
128522
128529
128533
128535
128542
128549
128551
128557
128558
128560
128566
128567
128570
128584
128585
128589
128593
128600
128602
128606
128609
128616
128618
128622
128623
128630
128632
128633
128639
128641
128644
128646
128652
128655
128656
128658
128660
128661
128668
128673
128675
128678
128691
128693
128695
128696
128701
128702
128704
128707
128713
128720
128721
128723
128733
128740
128750
128753
128758
128760
128762
128770
128774
128775
128777
128778
128784
128785
128791
128797
128800
128801
128807
128813
128816
128823
128825
128837
128838
128841
128845
128847
128850
128858
128863
128865
128866
128879
128888
128889
128893
128895
128896
128897
128900
128902
128908
128911
128912
128914
128916
128917
128925
128927
128929
128934
128935
128936
128946
128949
128951
128953
128957
128960
128963
128974
128976
128981
128982
128986
128989
128991
128996
128999
129001
129004
129006
129009
129010
129013
129021
129024
129025
129028
129030
129036
129039
129040
129042
129044
129045
129049
129050
129052
129053
129054
129055
129056
129058
129060
129065
129066
129068
129069
129070
129071
129076
129078
129084
129087
129092
129094
129095
129096
129098
129100
129101
129108
129112
129113
129116
129118
129124
129127
129128
129129
129132
129134
129138
129140
129142
129143
129146
129148
129149
129152
129154
129158
129161
129162
129168
129169
129173
129175
129181
129182
129193
129203
129204
129205
129212
129213
129214
129215
129216
129217
129218
129219
129220
129223
129226
129227
129230
129232
129235
129236
129237
129238
129239
129241
129243
129244
129245
129250
129258
129262
129263
129269
129270
129272
129277
129279
129280
129281
129284
129286
129292
129295
129298
129300
129301
129306
129309
129310
129314
129322
129326
129327
129334
129340
129343
129345
129346
129348
129349
129350
129351
129352
129354
129357
129364
129367
129368
129369
129372
129374
129380
129383
129384
129385
129388
129390
129393
129394
129396
129397
129398
129399
129400
129402
129404
129405
129408
129410
129414
129415
129417
129418
129424
129429
129431
129437
129438
129442
129443
129446
129448
129449
129450
129455
129459
129460
129467
129469
129470
129471
129472
129473
129474
129475
129476
129479
129482
129484
129486
129491
129492
129493
129494
129495
129497
129499
129500
129505
129506
129512
129514
129518
129519
129525
129526
129529
129533
129535
129538
129542
129545
129546
129554
129561
129568
129569
129585
129587
129588
129589
129596
129600
129601
129602
129603
129604
129607
129610
129611
129614
129617
129618
129626
129630
129632
129635
129636
129638
129639
129641
129643
129644
129645
129656
129657
129663
129664
129683
129687
129697
129699
129703
129716
129718
129730
129733
129735
129738
129745
129746
129747
129749
129750
129754
129755
129757
129759
129762
129763
129766
129770
129771
129773
129775
129778
129782
129784
129786
129792
129794
129798
129801
129802
129810
129814
129816
129817
129818
129823
129824
129825
129829
129831
129838
129841
129843
129844
129845
129851
129853
129855
129856
129857
129858
129859
129860
129863
129866
129870
129874
129882
129887
129888
129891
129892
129893
129894
129895
129897
129899
129900
129901
129912
129913
129917
129919
129920
129921
129926
129935
129939
129947
129955
129963
129985
129986
129988
129989
129990
129991
129992
129994
129997
130000
130001
130002
130003
130005
130006
130010
130011
130013
130015
130019
130021
130022
130027
130029
130031
130033
130034
130037
130045
130049
130051
130054
130055
130056
130059
130065
130068
130070
130079
130082
130083
130088
130089
130090
130091
130101
130108
130116
130119
130120
130121
130126
130128
130139
130145
130150
130151
130152
130154
130156
130157
130162
130163
130166
130170
130171
130175
130178
130180
130182
130184
130185
130186
130187
130188
130191
130192
130194
130198
130201
130202
130210
130214
130217
130218
130226
130227
130228
130230
130232
130233
130234
130235
130236
130239
130244
130245
130246
130247
130249
130252
130253
130264
130265
130269
130278
130281
130285
130291
130292
130294
130295
130297
130300
130301
130305
130310
130311
130312
130315
130326
130332
130335
130338
130339
130341
130343
130344
130346
130347
130350
130352
130354
130362
130365
130375
130377
130382
130387
130401
130402
130404
130405
130406
130407
130408
130410
130416
130417
130418
130419
130426
130427
130438
130440
130441
130442
130444
130447
130450
130454
130455
130466
130470
130471
130473
130474
130482
130486
130490
130491
130492
130495
130496
130499
130500
130501
130502
130503
130509
130517
130518
130521
130525
130527
130533
130534
130536
130537
130541
130543
130544
130547
130548
130549
130550
130551
130553
130555
130557
130562
130563
130564
130566
130568
130569
130570
130571
130572
130575
130577
130580
130581
130588
130593
130595
130596
130597
130600
130603
130604
130611
130612
130616
130620
130624
130628
130629
130630
130631
130633
130636
130637
130644
130650
130652
130656
130657
130658
130660
130663
130667
130668
130676
130677
130679
130683
130684
130689
130691
130694
130696
130699
130706
130707
130712
130713
130714
130715
130721
130738
130740
130741
130748
130756
130759
130760
130761
130766
130769
130772
130774
130775
130776
130778
130780
130781
130787
130795
130798
130799
130802
130803
130806
130810
130811
130815
130818
130820
130822
130825
130826
130827
130828
130831
130833
130836
130837
130845
130847
130849
130851
130852
130853
130856
130859
130863
130866
130873
130875
130880
130883
130884
130885
130886
130887
130889
130891
130893
130898
130900
130903
130907
130908
130912
130913
130914
130915
130916
130919
130923
130924
130928
130931
130932
130937
130939
130945
130950
130951
130952
130955
130962
130965
130967
130970
130971
130974
130976
130977
130982
130991
130994
130996
130997
131002
131007
131012
131015
131016
131017
131020
131022
131026
131028
131029
131030
131031
131034
131036
131037
131040
131043
131049
131051
131055
131058
131066
131067
131069
131071
