trial	row	vector
0	0	-1 0 1 0 0 1 0 1 -1 0 1 0 1 -1 0 0 -1 -1 0 0 0
0	1	1 1 -1 -1 -1 0 -2 -1 1 1 1 -1 0 0 0 0 0 1 0 -1 0
0	2	0 0 0 0 0 0 0 0 0 1 0 0 0 0 0 -1 0 0 0 0 0
0	3	0 0 -1 0 0 0 -1 0 1 0 1 0 0 0 0 0 0 1 0 -1 0
0	4	1 -1 0 1 0 0 0 0 0 0 0 1 0 0 0 1 0 0 0 0 -1
0	5	1 2 -2 -1 0 -2 -1 0 1 1 0 0 0 0 1 0 1 1 -1 -1 0
0	6	0 -1 1 1 0 1 1 1 -1 0 0 0 -1 1 0 0 -1 -1 0 0 -2
0	7	0 0 0 1 2 0 2 2 -2 -1 -1 0 1 1 -1 0 -1 -1 -1 -1 0
0	8	-1 -1 0 0 1 1 -1 1 0 -2 1 1 1 0 -1 1 -1 0 1 0 1
0	9	1 1 -1 0 0 0 1 0 0 1 0 -1 0 1 0 -1 -1 0 -1 -1 -1
0	10	-1 0 1 1 1 1 0 1 -1 -1 0 0 0 -1 -1 0 0 0 0 0 0
0	11	1 1 -1 0 -1 0 0 -1 1 1 -1 0 -1 1 1 0 0 1 -1 0 -1
0	12	-1 0 1 0 0 0 0 0 -1 0 -1 -1 0 0 -1 -1 0 0 1 0 1
0	13	-1 -2 1 1 1 1 1 1 -1 -1 0 1 1 0 -1 1 -1 0 0 0 1
0	14	0 1 0 0 0 0 0 -1 0 0 0 0 0 0 0 0 0 0 0 0 0
0	15	-1 0 0 0 0 0 0 0 0 0 0 -1 0 0 0 0 0 0 0 0 0
0	16	0 -1 0 1 2 0 1 1 -1 -1 -1 2 1 0 -1 1 -1 0 0 0 1
1	0	-1 0 1 1 -1 0 1 0 -1 1 0 -1 -1 -1 0 -1 1 0 0 1 -1
1	1	0 -1 -1 0 1 0 -1 1 1 -1 1 1 1 0 -1 2 -1 0 0 -1 1
1	2	0 0 0 0 2 0 1 1 -1 -1 -1 0 1 0 -1 0 0 0 -1 -1 1
1	3	1 -1 -1 1 2 0 1 1 0 -1 -1 1 1 1 -1 1 -1 0 -1 -1 1
1	4	-1 -1 1 1 2 1 0 1 -1 -1 0 0 1 -1 -2 0 -1 0 0 0 1
1	5	0 0 0 1 0 0 1 0 0 0 -1 -1 0 0 0 -1 0 0 -1 0 0
1	6	-1 -1 0 1 1 0 1 0 -1 0 -1 0 0 0 -1 0 0 1 0 0 1
1	7	0 1 0 0 -1 0 -1 -2 0 1 0 -1 0 -1 0 -1 1 0 1 1 0
1	8	-1 0 0 0 1 0 1 0 0 0 0 0 0 0 0 0 0 0 -1 0 0
1	9	0 1 0 -1 0 0 -1 -1 0 1 0 0 0 0 0 0 1 0 0 0 0
1	10	-1 0 1 1 0 0 1 0 -1 0 -1 -1 -1 0 0 -1 1 0 0 0 -1
1	11	0 0 0 1 -1 0 1 0 -1 0 0 0 -1 0 1 -1 1 0 0 0 -1
1	12	0 -1 0 1 1 0 1 1 0 -1 -1 0 0 1 0 0 -1 0 -1 0 0
1	13	-1 -2 1 1 1 1 1 1 0 -1 0 1 0 0 -1 1 -1 0 0 1 0
1	14	-1 1 0 0 1 -1 1 0 -1 0 -1 -1 1 0 -1 -1 0 0 0 0 1
1	15	0 2 -1 -1 0 -1 -1 -2 1 1 0 -1 0 0 0 0 1 1 0 -1 0
1	16	-1 0 1 0 0 1 -1 0 0 -1 0 0 1 -1 0 0 0 0 0 0 1
2	0	1 -2 0 1 0 0 1 1 -1 0 -1 2 0 1 0 1 0 0 0 0 0
2	1	0 0 0 1 1 -1 0 0 0 0 -1 0 0 0 -1 0 0 0 0 0 1
2	2	0 0 -1 -1 0 0 -1 0 1 0 1 1 0 0 1 1 0 0 0 0 0
2	3	0 -1 -1 0 1 1 -1 1 0 -2 1 1 1 0 0 1 -1 0 0 -1 1
2	4	0 0 0 0 0 0 0 0 0 0 0 0 0 0 0 0 0 1 0 -1 0
2	5	0 0 0 0 0 0 0 0 0 0 1 0 0 0 0 0 0 0 0 0 -1
2	6	1 0 -1 0 1 0 0 1 0 -1 0 1 1 0 0 1 -1 0 -1 -1 1
2	7	0 -2 1 1 0 1 0 1 0 -1 0 1 0 0 0 1 -1 0 0 0 0
2	8	0 -1 0 0 0 1 -1 1 0 -1 1 1 0 0 0 1 -1 0 1 0 0
2	9	0 1 0 1 0 -1 0 -1 0 0 -1 0 0 -1 0 0 1 0 0 1 0
2	10	0 0 0 0 0 -1 -1 0 0 1 0 0 0 0 0 0 0 1 0 0 0
2	11	-1 -1 1 0 0 0 0 1 -1 -1 0 0 0 0 0 0 0 0 1 0 0
2	12	0 0 0 1 0 0 0 0 0 0 0 1 0 -1 0 1 0 0 0 0 0
2	13	-1 -1 1 0 0 1 -1 0 0 0 1 0 1 -1 -1 0 0 0 1 0 1
2	14	-1 0 1 1 1 0 1 1 -1 -1 -1 0 0 -1 0 0 0 0 -1 1 0
2	15	0 1 -1 -1 0 0 -1 -1 1 0 0 0 0 -1 0 0 1 1 0 0 1
2	16	0 -1 -1 0 2 0 -1 2 0 -2 1 1 1 0 -1 2 -1 0 0 -1 1
3	0	0 0 0 0 1 0 1 1 -1 0 0 1 1 0 0 1 -1 -1 -1 0 0
3	1	0 -2 1 2 1 1 1 1 -1 -1 -1 0 0 1 -1 0 -1 0 0 -1 0
3	2	0 1 -1 0 -1 -1 0 -1 1 1 -1 0 -1 0 1 -1 2 1 0 0 0
3	3	1 0 -1 0 -1 0 -1 -1 1 0 0 1 0 -1 1 1 1 1 0 0 0
3	4	0 -2 1 1 1 1 0 1 -1 -1 0 0 0 1 -1 0 -1 0 1 -1 0
3	5	0 2 0 0 0 -1 0 -1 0 1 -1 -1 0 -1 0 -1 1 0 0 0 0
3	6	0 -1 0 1 0 1 0 1 0 -1 1 1 0 0 0 1 -1 0 0 0 -1
3	7	0 1 -1 0 0 0 0 -1 0 1 0 -1 0 0 0 -1 0 0 0 0 0
3	8	0 1 -1 -1 -1 1 -3 -2 2 0 1 0 0 -1 0 0 1 1 1 0 1
3	9	1 1 0 0 -1 0 0 0 0 1 0 0 0 0 0 -1 0 0 0 0 -1
3	10	1 1 -1 -1 1 -1 0 0 0 1 0 1 1 0 0 1 0 0 -1 0 0
3	11	0 1 -1 -1 0 -1 -1 -1 1 0 0 0 0 0 0 0 1 1 0 0 1
3	12	0 -1 0 0 0 0 1 1 0 0 1 0 0 0 0 1 -1 0 -1 0 -1
3	13	0 -1 0 0 0 1 0 0 0 0 1 1 0 0 0 0 0 0 0 0 0
3	14	0 -1 0 0 1 1 -1 0 0 -1 1 0 1 0 -1 0 -1 0 1 -1 1
3	15	0 -1 0 1 1 0 2 1 -1 0 -1 0 0 1 0 0 -1 0 -1 0 -1
3	16	0 2 -1 -1 1 -1 0 -1 0 1 -1 -1 0 0 0 -1 1 1 -1 -1 1
4	0	0 1 0 0 0 -1 0 -1 0 1 -1 -1 0 0 -1 -1 1 1 0 0 0
4	1	0 0 0 0 0 1 -1 -1 1 0 0 0 0 0 0 0 0 0 0 0 0
4	2	0 -2 0 0 1 1 -1 0 0 -1 1 1 1 0 -1 1 -1 0 1 0 1
4	3	1 2 -2 -2 -1 -1 -2 -2 2 1 1 0 0 0 1 0 1 1 0 0 0
4	4	-1 -2 1 1 2 1 1 2 -2 -2 0 1 1 0 -1 1 -1 -1 0 0 1
4	5	1 1 -1 0 0 -1 0 -1 1 1 -1 0 -1 1 0 0 0 1 -1 0 0
4	6	-1 -1 0 0 1 0 0 1 0 -1 0 0 1 0 -1 1 -1 0 0 0 1
4	7	0 0 -1 0 2 0 0 1 -1 -1 -1 1 0 1 0 0 0 0 0 -1 1
4	8	0 -2 1 2 2 1 2 3 -2 -2 -1 1 1 0 -1 1 -2 -1 -1 0 0
4	9	-1 -1 0 0 3 1 0 2 -1 -2 0 1 1 0 -1 1 -1 0 0 -1 1
4	10	1 0 -1 0 0 -1 1 -1 0 1 -1 0 -1 1 1 0 1 1 -1 0 -1
4	11	-1 -2 1 2 1 1 2 2 -2 -1 0 1 0 0 0 1 -1 -1 -1 1 -1
4	12	-1 0 0 0 1 0 0 1 -1 -1 0 0 0 0 0 0 0 0 0 0 0
4	13	0 0 0 0 1 0 0 0 0 0 0 0 1 0 -1 0 -1 0 0 -1 1
4	14	0 0 -1 0 1 0 0 1 0 0 1 0 1 0 0 0 -1 0 -1 -1 0
4	15	-1 -1 2 2 1 1 2 1 -2 -1 -1 0 0 0 -1 0 -1 -1 0 1 -1
4	16	-1 1 0 0 0 -1 0 0 -1 1 -1 -1 -1 0 0 -1 1 1 0 0 0
5	0	0 -2 1 1 0 0 1 1 -1 0 -1 1 0 0 0 0 0 0 0 1 0
5	1	-1 -1 0 -1 2 0 -1 1 0 -1 1 0 1 1 -1 1 -1 0 0 -1 1
5	2	0 1 -1 -1 -1 -1 -1 -1 1 1 1 0 0 0 1 0 1 1 0 0 0
5	3	-1 1 0 -1 0 -1 -1 -1 0 1 0 -1 0 0 -1 -1 1 1 1 0 1
5	4	0 0 -1 0 0 -1 -1 0 1 0 0 1 0 -1 0 1 1 1 0 0 1
5	5	0 0 1 1 -1 0 1 -1 -1 1 -1 -1 0 0 0 -1 0 0 0 1 -1
5	6	0 1 -1 -1 -1 -1 -2 0 1 1 1 0 0 0 1 0 1 1 0 -1 0
5	7	1 0 -1 0 0 0 -1 -1 1 0 0 0 0 1 -1 0 0 1 0 -1 1
5	8	0 0 0 0 1 0 0 0 0 0 0 0 1 0 -1 0 -1 0 0 -1 1
5	9	0 0 1 1 -1 0 0 0 0 1 0 -1 0 0 0 -1 -1 0 0 0 -1
5	10	0 0 0 0 0 0 0 0 -1 0 0 1 1 0 0 0 0 0 0 0 1
5	11	-1 -2 1 1 1 1 0 1 -1 -2 0 1 0 0 0 1 0 0 0 0 0
5	12	1 -1 0 2 1 0 2 1 -1 -1 -2 0 0 1 -1 0 -1 0 -1 0 0
5	13	0 0 0 0 0 0 -1 0 0 0 0 0 0 0 0 0 0 0 1 0 0
5	14	-1 0 0 0 1 0 0 1 0 -1 0 0 0 0 0 1 0 0 -1 0 0
5	15	-1 3 -1 -2 0 -1 -2 -3 1 1 0 -2 0 -1 0 -1 2 1 1 0 1
5	16	0 -1 0 0 0 0 0 0 0 0 0 1 0 0 0 1 0 1 0 0 0
6	0	1 0 -1 0 1 -1 0 0 1 0 -1 1 0 1 0 1 0 1 -1 0 0
6	1	-1 1 0 -1 0 0 -1 -1 0 0 0 0 0 0 0 -1 1 1 1 0 1
6	2	-1 -1 0 1 2 1 0 2 -1 -2 0 1 1 0 -1 0 -1 0 0 -1 1
6	3	0 -1 0 1 2 0 0 1 -1 -2 -1 0 1 1 -1 0 -1 0 0 -1 1
6	4	-1 0 1 0 0 1 0 0 0 -1 0 -1 0 0 0 0 -1 0 0 0 0
6	5	-1 0 0 0 1 0 0 0 0 0 0 0 0 0 0 0 0 0 0 0 0
6	6	0 -1 1 1 1 0 1 1 -2 -1 0 0 1 0 -1 0 -1 -1 0 0 0
6	7	-1 0 1 0 -1 0 0 -1 -1 0 0 -1 -1 0 1 -1 1 0 1 1 -1
6	8	-1 -2 1 1 1 1 1 2 -1 -2 0 1 1 0 0 1 -1 -1 0 0 0
6	9	0 0 0 0 0 0 0 0 -1 0 0 0 0 -1 0 0 1 0 0 1 0
6	10	-1 0 -1 -1 1 0 -2 0 0 -1 0 0 0 0 0 0 1 1 1 -1 2
6	11	1 1 -2 0 0 -1 -1 0 1 0 0 0 0 0 1 0 1 1 -1 -1 0
6	12	1 -1 -1 0 1 0 -1 1 0 -1 1 1 2 0 -1 1 -1 0 0 -1 1
6	13	0 -3 1 2 2 1 1 2 -1 -2 0 2 2 0 -2 2 -2 -1 0 0 1
6	14	1 0 0 1 -1 0 0 0 0 0 0 0 0 0 0 0 0 0 0 0 -1
6	15	0 -1 1 1 0 0 0 0 -1 0 0 1 0 0 0 0 0 0 0 1 0
6	16	1 1 -1 0 0 -1 -1 -1 1 1 -1 0 0 0 0 0 0 1 0 0 0
7	0	-1 -1 1 1 0 1 -1 0 0 -1 0 0 1 -1 -1 0 0 0 1 0 1
7	1	0 0 0 1 1 0 2 0 -1 0 -2 1 0 0 0 0 0 0 -1 1 0
7	2	0 0 1 1 1 0 2 1 -2 0 -1 1 0 0 0 0 0 -1 -1 1 -1
7	3	0 1 -1 0 0 0 -1 -1 1 0 -1 0 0 -1 0 0 1 1 0 0 1
7	4	-1 1 0 0 0 1 -1 0 0 0 1 -1 0 -1 0 -1 0 0 0 0 0
7	5	0 0 0 0 1 0 1 1 -1 0 0 1 1 0 0 1 -1 -1 -1 0 0
7	6	0 0 1 1 0 0 1 1 -1 1 0 0 0 0 0 0 -1 -1 -1 1 -2
7	7	0 0 0 1 0 0 0 -1 0 0 -1 -1 0 0 0 -1 0 1 0 0 0
7	8	-1 0 -1 -1 0 0 -2 0 1 0 1 0 0 0 0 0 0 1 1 -1 1
7	9	0 0 -1 0 1 -1 0 1 0 -1 0 1 1 0 0 1 0 0 0 -1 1
7	10	0 0 0 0 0 -1 0 -1 0 0 -1 0 -1 0 1 0 1 1 0 0 0
7	11	0 1 0 0 0 0 -1 -1 0 -1 -1 -1 0 0 0 -1 1 1 0 -1 1
7	12	0 0 0 0 0 0 0 0 0 0 0 0 0 1 0 0 0 0 0 -1 0
7	13	-1 1 0 -1 1 0 0 0 0 -1 0 -1 0 0 0 -1 0 0 0 0 0
7	14	-1 0 1 -1 0 1 -1 0 0 0 1 -1 0 0 0 -1 0 0 0 0 0
7	15	-1 1 1 -1 0 1 0 -1 0 0 0 -1 0 0 0 -1 0 0 0 0 0
7	16	0 -1 0 0 0 1 -1 1 1 -1 2 1 1 -1 0 1 -1 0 0 0 0
8	0	1 1 -1 -1 -1 -1 -1 -1 1 1 0 0 0 0 1 0 1 1 0 -1 0
8	1	0 -1 0 1 0 0 0 1 0 -1 0 1 0 0 0 1 0 0 0 0 0
8	2	1 0 -1 0 0 0 -1 -1 0 0 0 0 0 0 0 0 1 1 0 0 0
8	3	0 0 0 0 1 1 -1 0 0 0 0 0 1 0 -1 0 -1 0 0 -1 1
8	4	0 1 0 -1 1 0 -1 -1 0 0 0 0 1 -1 0 0 0 0 0 0 1
8	5	2 2 -2 -1 -1 -1 -1 -2 2 2 0 0 0 0 1 0 1 1 -1 -1 0
8	6	1 1 0 0 -2 0 -1 -2 1 2 0 -1 -1 0 1 -1 1 1 0 0 -2
8	7	0 2 -1 -1 0 -1 -1 -2 0 1 -1 -1 0 0 0 -1 2 1 0 0 1
8	8	0 -1 1 1 1 1 1 1 -1 -1 -1 0 0 0 0 0 -1 0 -1 0 0
8	9	1 -1 0 1 0 0 2 1 -1 0 -1 1 -1 1 1 0 0 0 -1 0 -1
8	10	0 2 0 0 -2 -1 0 -2 0 2 -1 -1 -1 -1 1 -1 2 1 0 1 -1
8	11	0 -1 -1 0 2 0 0 2 -1 -1 0 1 1 1 -1 1 -1 0 0 -1 1
8	12	0 1 -1 0 1 -1 -1 0 0 0 -1 0 1 0 0 0 0 1 0 -1 1
8	13	0 0 -1 -1 0 1 -1 0 1 -1 1 0 0 0 1 0 0 0 0 -1 0
8	14	0 -2 0 1 0 1 0 0 0 -1 0 1 0 0 0 1 0 0 1 0 0
8	15	0 0 -1 -1 1 0 -1 0 1 0 1 1 1 0 0 1 0 0 0 -1 1
8	16	0 0 0 1 1 0 1 0 -1 0 -1 0 0 0 -1 -1 0 0 0 0 0
9	0	0 0 0 -1 0 0 0 0 0 1 1 0 0 0 0 0 0 0 0 -1 0
9	1	0 1 0 1 -1 0 0 -1 0 0 -1 -1 -1 0 0 -1 1 0 0 0 0
9	2	-1 0 0 0 2 0 0 1 -1 -1 0 0 0 0 -1 0 0 0 0 0 1
9	3	-1 -1 0 0 1 0 0 1 -1 -1 1 1 1 0 0 1 0 0 0 0 0
9	4	0 0 0 0 -1 -1 0 -1 0 1 -1 0 -1 -1 1 0 2 1 0 1 0
9	5	0 1 -1 -1 0 0 -1 -1 0 0 0 0 0 0 0 0 1 1 1 -1 1
9	6	-1 0 0 1 1 -1 1 0 -1 0 -1 0 0 0 -1 0 0 0 0 1 1
9	7	0 0 -1 0 1 0 0 1 0 -1 1 1 1 0 0 1 -1 0 -1 0 0
9	8	0 1 0 0 0 -1 0 -1 1 0 -1 -1 0 0 0 0 0 1 -1 0 0
9	9	0 0 0 0 1 0 0 0 0 0 0 0 0 0 -1 0 0 0 0 -1 1
9	10	-1 -2 0 1 1 1 1 1 -1 -1 0 1 1 0 -1 1 -1 0 0 0 1
9	11	1 0 -1 1 0 0 0 1 0 0 -1 1 0 0 0 0 0 0 0 0 0
9	12	1 0 -1 -1 1 0 0 1 0 0 1 1 1 0 0 1 -1 0 -1 -1 0
9	13	0 0 1 1 0 1 1 1 -1 0 0 0 0 0 0 -1 -1 -1 0 0 -1
9	14	-1 -1 0 0 1 1 -1 1 0 -1 1 1 1 0 0 1 -1 0 0 0 0
9	15	0 1 -1 0 -1 0 -1 -1 0 1 0 0 -1 0 1 -1 1 1 0 0 0
9	16	0 0 -1 0 1 0 0 0 0 0 0 0 0 0 -1 0 0 0 0 0 1
10	0	-1 0 0 0 0 0 -2 0 0 -1 0 0 0 -1 0 0 1 1 1 0 1
10	1	0 0 0 1 0 0 0 0 0 0 0 0 0 0 -1 0 0 0 0 0 0
10	2	-1 1 0 0 0 0 0 0 -1 0 0 0 0 -1 0 -1 1 0 0 0 1
10	3	0 1 -1 0 1 -1 0 0 0 0 0 0 0 0 0 0 0 0 -1 0 0
10	4	0 -1 1 1 0 0 1 0 -1 0 0 0 1 -1 -1 0 0 0 0 1 0
10	5	-1 -2 1 1 2 1 0 2 -1 -2 0 1 1 0 -1 1 -1 -1 0 0 1
10	6	-1 -1 1 0 1 1 -1 0 0 -1 1 0 1 0 -1 0 -1 0 1 -1 1
10	7	0 -1 0 0 1 0 0 1 0 -1 0 1 1 1 0 1 -1 0 0 -1 0
10	8	1 2 -1 -1 -1 -1 -1 -1 1 2 0 0 0 -1 1 0 1 1 -1 0 0
10	9	0 0 0 1 2 -1 1 1 -1 0 -1 0 0 0 -1 0 0 0 -1 0 0
10	10	0 1 -1 -1 0 -1 -2 -1 1 0 0 -1 0 0 0 0 1 1 1 -1 1
10	11	0 1 0 0 0 0 0 0 -1 0 -1 -1 0 0 0 -1 0 0 0 0 0
10	12	0 1 -1 0 0 -1 1 0 0 1 0 0 0 0 0 0 0 0 -1 0 0
10	13	-2 0 0 -1 1 1 -1 0 0 -1 1 -1 0 0 0 -1 0 0 1 -1 1
10	14	-1 0 1 1 1 0 1 1 -1 -1 -1 0 0 0 0 -1 0 0 -1 0 0
10	15	-1 0 1 1 0 0 1 -1 -1 0 -1 0 0 -1 0 0 1 0 0 1 0
10	16	0 -1 0 0 0 0 -1 0 0 0 1 1 0 0 0 1 0 0 1 0 0
11	0	0 -2 1 1 1 1 0 1 -1 -1 0 1 1 0 -2 1 -1 0 1 0 1
11	1	1 0 -1 1 0 -1 0 -1 0 0 -1 0 0 0 0 0 1 1 0 0 0
11	2	0 1 -1 0 -1 0 -1 -1 1 1 1 0 -1 -1 1 0 1 0 0 1 -1
11	3	0 -2 0 2 1 1 1 1 -1 -1 0 1 0 0 -1 1 -1 0 0 0 0
11	4	1 -1 0 1 -1 1 -1 0 1 0 1 0 0 0 0 0 -1 0 0 0 -1
11	5	0 0 0 0 0 0 -1 0 0 0 0 0 0 1 0 0 0 1 0 -1 0
11	6	0 1 -1 0 0 0 -1 -1 1 1 -1 0 -1 0 0 0 1 1 0 0 0
11	7	0 1 0 0 0 0 1 -1 0 1 -1 -1 0 -1 0 -1 0 0 -1 1 0
11	8	-1 0 0 0 1 0 1 1 -1 -1 -1 -1 -1 1 0 -1 0 0 0 -1 0
11	9	1 0 0 0 -1 1 -1 0 1 0 1 0 0 0 1 0 -1 0 0 -1 -1
11	10	0 0 0 0 0 0 0 0 0 1 0 0 -1 0 1 0 0 0 0 0 -1
11	11	1 1 -1 0 0 -1 1 0 0 1 0 0 0 0 0 0 0 0 -1 0 -1
11	12	0 -1 1 2 0 1 1 2 -1 -1 0 0 0 0 0 0 -1 -1 -1 0 -1
11	13	0 -1 0 1 1 0 1 1 -1 -1 -1 0 -1 1 -1 0 0 0 0 0 0
11	14	0 0 0 -1 0 0 -1 0 0 0 1 0 0 0 0 0 0 0 1 -1 0
11	15	0 -2 -1 0 2 1 -1 2 0 -1 1 2 1 1 -1 2 -2 0 0 -1 1
11	16	0 0 1 1 0 0 0 0 -1 0 -1 -1 0 0 0 -1 0 0 0 0 0
12	0	0 2 -2 -2 -1 -1 -2 -2 2 1 1 -1 0 -1 1 0 1 1 0 0 1
12	1	-1 0 0 0 1 1 0 1 0 -1 0 0 0 0 0 0 0 0 -1 0 0
12	2	1 0 -1 0 1 0 0 0 0 -1 -1 1 0 1 0 0 0 0 0 -1 1
12	3	-2 -1 1 1 1 1 0 1 -1 -2 0 0 0 -1 0 0 0 0 0 0 1
12	4	0 0 0 1 1 0 1 0 -1 -1 -1 0 1 -1 -1 0 0 0 -1 1 1
12	5	-2 -2 1 1 1 1 0 1 -1 -1 0 0 0 0 -1 0 -1 0 1 0 1
12	6	0 -1 0 0 1 0 0 2 -1 -1 0 0 0 1 0 0 -1 0 0 -1 0
12	7	0 -1 0 1 0 1 0 1 0 -1 0 0 0 0 0 0 -1 0 0 0 0
12	8	-1 1 0 0 1 0 1 0 -1 0 0 -1 0 0 -1 -1 0 0 0 0 0
12	9	0 -1 0 1 0 1 1 1 -1 0 0 0 0 0 -1 0 -1 0 0 0 0
12	10	-1 -1 1 0 0 1 -1 1 -1 -1 1 0 1 -1 -1 0 0 0 1 0 1
12	11	0 0 0 0 0 0 -1 0 0 0 0 0 0 1 0 0 0 1 0 -1 0
12	12	-1 -1 1 1 1 1 1 1 -1 -1 0 0 0 0 0 -1 -1 -1 0 0 0
12	13	0 -1 0 0 1 0 1 0 -1 0 0 1 1 0 -1 1 0 0 0 0 1
12	14	0 -1 0 0 0 1 0 1 0 0 1 1 0 0 0 0 -1 0 0 0 0
12	15	-1 -1 1 1 2 1 1 2 -2 -1 -1 1 1 0 -1 0 -1 -1 0 0 1
12	16	0 0 0 0 -1 0 -1 -1 0 1 1 -1 0 0 0 0 0 0 1 0 -1
13	0	-1 -2 2 1 1 2 1 2 -1 -2 0 1 1 0 -1 1 -2 -1 0 0 0
13	1	0 2 -1 0 0 -1 -1 -2 1 1 -1 -1 0 -1 0 -1 1 1 0 0 1
13	2	-1 -1 1 1 1 1 0 1 -1 -1 0 0 1 0 -1 0 -1 0 0 0 0
13	3	0 0 -1 0 1 0 0 1 0 -1 0 0 1 1 0 0 -1 0 -1 -1 0
13	4	0 1 0 0 0 0 -1 -1 0 0 0 0 0 -1 0 0 1 0 0 1 0
13	5	0 2 -1 -1 -1 0 -1 -1 1 1 1 -1 -1 0 1 -1 0 0 0 0 -1
13	6	0 0 0 -1 0 0 -1 1 0 0 1 0 1 0 0 0 0 0 0 -1 0
13	7	-1 1 -1 -1 1 0 -1 -1 1 0 0 0 0 0 0 0 1 1 0 -1 1
13	8	-1 -1 1 1 1 0 2 1 -2 -1 -1 0 0 0 0 0 0 0 -1 1 0
13	9	0 0 1 0 -1 0 0 -1 0 1 0 0 0 -1 0 0 1 0 0 1 -1
13	10	-1 1 0 -1 0 0 -1 -1 0 1 1 -1 0 -1 0 0 1 0 0 0 0
13	11	-1 -1 0 1 2 0 0 0 -1 -1 -1 0 0 0 -1 0 0 1 0 0 1
13	12	0 0 1 1 1 0 1 0 -1 0 -2 0 0 0 -1 0 0 0 0 0 0
13	13	0 -1 0 1 1 0 0 1 -1 0 0 0 1 1 -1 0 -1 0 0 -1 0
13	14	0 -1 0 0 1 0 0 0 0 0 1 1 1 0 0 1 -1 0 0 0 0
13	15	0 1 0 0 -1 -1 0 -1 -1 0 -1 -1 -1 0 1 -1 2 1 0 0 0
13	16	-1 0 0 -1 1 0 0 1 -1 0 0 0 0 0 0 0 0 0 0 0 1
14	0	0 1 -1 -1 0 0 -2 -1 1 0 0 0 0 0 0 0 1 1 1 -1 1
14	1	0 0 0 1 0 0 1 0 0 0 -1 0 -1 0 0 0 0 0 0 1 -1
14	2	-1 0 0 0 1 0 -1 0 -1 -1 0 0 0 0 0 0 1 0 1 -1 1
14	3	0 1 -1 -1 0 0 -1 0 1 0 0 0 0 0 1 0 1 1 -1 -1 0
14	4	0 1 0 0 0 0 1 0 0 0 -1 0 0 0 1 0 0 0 -1 0 -1
14	5	0 2 -1 -1 -1 -1 -1 -2 1 1 0 -1 -1 0 1 -1 2 1 0 0 0
14	6	0 0 0 0 0 1 0 0 0 0 0 0 0 1 0 0 -1 0 0 -1 0
14	7	-1 0 0 -1 1 0 -1 0 0 -1 0 0 0 0 0 0 1 1 0 0 1
14	8	-1 0 -1 -1 0 0 -1 -1 0 0 1 0 0 0 0 0 1 1 1 0 1
14	9	-1 0 0 1 2 0 1 1 -1 -1 -1 0 0 0 -1 0 0 0 -1 0 0
14	10	0 1 -1 -1 0 0 -1 -1 1 1 0 -1 0 1 0 -1 0 1 0 -1 0
14	11	-1 -2 1 1 2 1 1 2 -2 -1 0 1 0 1 -1 0 -1 -1 0 0 0
14	12	1 0 -1 0 0 0 -1 0 1 0 0 1 1 0 -1 1 0 1 0 -1 1
14	13	1 0 -1 0 0 0 0 1 0 0 1 0 0 1 0 0 -1 0 0 -1 -1
14	14	1 1 -1 0 -1 -1 -1 -1 1 1 0 0 0 -1 0 0 1 1 0 0 0
14	15	0 -1 -1 0 1 0 0 0 0 -1 0 1 0 0 0 2 0 0 0 0 1
14	16	0 -1 -1 0 2 0 0 1 -1 -1 0 1 1 1 -1 1 -1 0 0 -1 1
15	0	-1 -2 0 1 2 1 1 2 -1 -2 0 1 1 1 -1 1 -2 -1 0 -1 1
15	1	0 1 -1 -1 0 -1 -1 -1 1 0 0 0 0 0 0 0 1 1 0 0 1
15	2	0 1 0 0 1 0 0 0 0 0 -1 -1 0 1 -1 -1 -1 0 0 -1 0
15	3	-1 0 1 0 0 1 0 0 -1 -1 0 -1 0 0 0 -1 0 0 1 0 0
15	4	-1 -1 1 1 0 0 1 1 -2 0 -1 0 -1 0 0 -1 1 0 0 1 0
15	5	0 0 -1 -1 1 -1 -1 0 1 0 0 1 1 0 0 1 0 1 0 -1 2
15	6	0 0 0 0 1 0 0 0 0 0 0 0 1 0 -1 0 -1 0 0 0 0
15	7	-1 -2 1 1 0 1 1 1 -1 0 1 1 0 0 0 1 -1 -1 0 1 -1
15	8	-1 -1 1 1 1 1 0 1 -1 -1 0 0 1 0 -1 0 -1 0 0 0 0
15	9	0 -1 0 1 1 1 1 1 -1 -1 -1 1 0 0 -1 0 0 0 0 0 1
15	10	0 0 0 1 1 -1 2 1 -1 0 -1 0 0 0 0 0 0 0 -2 1 -1
15	11	-1 -1 0 0 2 0 0 1 0 -1 0 1 0 0 -1 1 0 0 0 0 1
15	12	0 -1 0 1 1 0 1 1 -1 0 -1 1 0 0 -1 0 0 0 0 0 1
15	13	-1 0 1 0 0 1 0 0 0 0 0 -1 0 0 0 0 -1 0 0 0 -1
15	14	0 -1 0 0 0 0 -1 -1 1 -1 0 1 0 0 0 1 0 1 1 0 1
15	15	-1 1 0 0 1 0 -1 -1 0 0 0 -1 0 -1 -1 -1 1 1 0 0 1
15	16	0 2 -1 -1 -1 -1 0 -1 1 2 -1 -1 -1 0 1 -1 1 1 -1 0 0
16	0	-1 0 0 0 0 0 0 0 1 0 0 -1 0 0 0 0 -1 0 0 0 0
16	1	1 -1 0 1 0 1 1 1 -1 0 0 1 0 1 0 0 -1 0 -1 0 -1
16	2	0 0 -1 -1 2 0 -1 1 0 -1 0 1 1 0 -1 1 0 0 0 -1 2
16	3	0 1 -1 -1 0 0 -2 -1 1 0 1 0 1 -1 0 0 1 1 0 -1 1
16	4	0 0 0 -1 0 0 -1 -1 0 0 0 0 0 0 0 0 1 1 0 0 1
16	5	-1 0 0 0 0 0 0 0 0 1 0 0 0 0 0 0 0 0 0 0 0
16	6	0 0 -1 0 2 0 0 1 0 -1 0 0 1 0 -1 0 -1 0 0 -1 1
16	7	-1 -2 1 1 2 1 2 2 -2 -1 0 0 1 1 -2 0 -2 -1 0 0 0
16	8	0 1 -2 -1 0 0 -2 0 1 0 1 0 1 0 0 0 0 1 0 -1 1
16	9	0 0 -1 0 0 0 0 0 0 0 0 0 0 1 0 0 0 0 0 -1 0
16	10	1 -1 -1 1 2 0 0 2 0 -1 0 1 1 1 -1 1 -2 0 -1 -1 0
16	11	-1 -1 1 0 1 1 0 1 -1 -1 0 0 0 0 -1 0 0 0 1 -1 1
16	12	0 -1 1 1 1 0 1 1 -1 -1 -1 1 1 0 -1 1 -1 0 0 0 0
16	13	-1 -1 0 0 0 1 -1 1 0 -1 1 1 0 0 0 1 0 0 1 -1 1
16	14	-1 -1 1 1 2 1 1 2 -2 -2 -1 0 0 1 -1 0 -1 0 0 -1 0
16	15	-1 0 1 0 0 0 0 0 -1 0 0 0 0 -1 0 0 1 0 0 1 0
16	16	0 1 -1 -1 0 -1 -1 -1 1 0 0 0 0 0 0 0 1 1 0 0 1
17	0	-1 0 0 0 1 0 0 1 -1 -1 0 0 0 0 -1 0 0 0 1 -1 1
17	1	-1 -1 1 1 1 1 0 1 -1 -1 0 0 1 -1 -2 0 -1 0 1 0 1
17	2	-1 0 1 0 1 0 1 1 -1 0 -1 0 0 0 0 0 0 0 -1 0 0
17	3	0 1 0 0 0 -1 1 0 0 1 -1 -1 -1 1 0 -1 0 0 -1 0 -1
17	4	0 -1 -1 -1 1 0 -2 1 1 -1 2 1 1 0 0 2 -1 0 0 -1 1
17	5	0 2 -1 -1 0 -1 -1 -2 1 1 0 -1 0 0 0 0 0 1 0 0 0
17	6	0 -1 0 0 0 0 0 0 0 0 0 1 0 0 0 0 0 1 0 0 1
17	7	0 1 -1 -1 1 0 -1 0 0 0 0 0 1 0 0 0 0 1 -1 -1 1
17	8	-1 0 0 0 1 0 0 1 -1 -1 0 0 0 0 0 0 0 0 0 0 0
17	9	-1 0 1 1 1 0 1 1 -2 -1 -1 -1 0 0 0 -1 0 0 -1 0 0
17	10	0 1 0 0 0 -1 -1 -1 0 0 -1 -1 0 0 0 0 1 1 0 0 0
17	11	-1 0 0 0 1 1 -1 0 0 -1 0 0 0 0 0 0 0 0 1 -1 1
17	12	0 -1 1 1 0 1 1 1 -1 -1 -1 0 -1 0 0 -1 0 0 0 0 0
17	13	0 1 -1 0 1 0 0 0 0 0 0 0 1 0 0 0 0 0 -1 -1 0
17	14	1 1 -2 0 1 -1 0 0 0 0 -1 0 0 1 0 0 1 1 -1 -1 0
17	15	0 1 0 0 -1 0 -1 0 0 0 1 0 0 -1 1 0 1 0 0 0 -1
17	16	0 -1 0 1 2 1 1 1 -1 -1 -1 0 0 1 -1 0 -1 0 -1 0 0
18	0	1 -2 0 1 0 1 0 1 0 -1 0 1 1 0 0 1 -1 0 0 0 0
18	1	0 0 0 0 0 0 0 -1 0 0 -1 0 0 0 0 0 1 1 0 0 0
18	2	-1 0 1 1 1 0 1 0 -1 0 -1 0 0 0 -1 0 0 0 0 0 0
18	3	-1 1 1 0 0 0 0 0 -1 0 -1 -1 -1 0 0 -1 1 0 0 0 0
18	4	0 -1 1 1 0 0 1 0 -1 0 -1 0 0 0 0 0 0 0 0 1 -1
18	5	0 0 0 1 0 0 1 1 0 0 0 0 0 0 0 0 -1 0 -1 0 -1
18	6	0 1 -1 0 1 0 -1 -1 1 0 0 0 1 -1 -1 0 0 0 0 0 1
18	7	0 0 -1 0 0 0 -1 -1 1 0 1 0 0 0 0 1 0 0 0 0 0
18	8	0 1 -1 0 0 -1 0 -1 0 1 -1 -1 -1 1 0 -1 1 1 0 -1 0
18	9	0 0 -1 1 1 0 1 0 0 -1 -1 0 0 0 -1 0 0 0 0 0 1
18	10	0 0 -1 -1 0 0 -2 -1 2 0 1 1 0 0 0 1 0 1 1 0 1
18	11	0 0 0 0 0 0 -1 0 0 0 -1 1 0 0 0 0 1 1 0 0 1
18	12	1 1 -1 0 -2 0 -1 -2 2 1 0 -1 -1 0 1 -1 1 1 0 0 -1
18	13	-1 -2 1 1 0 2 -1 1 0 -2 1 1 1 -1 -1 1 -1 0 1 0 1
18	14	-1 0 1 1 0 0 2 0 -1 0 -1 -1 -1 0 0 -1 0 0 0 1 -1
18	15	1 0 -1 0 1 0 0 0 1 0 0 1 1 0 -1 1 -1 0 0 0 0
18	16	-1 1 0 0 0 0 0 0 0 0 1 0 0 -1 0 0 0 0 0 0 0
19	0	0 0 0 1 1 0 0 0 -1 0 -1 0 1 0 -1 0 0 0 0 0 0
19	1	-1 0 0 0 2 1 -1 1 0 -1 0 0 1 0 -1 0 -1 0 0 -1 1
19	2	-1 0 0 -1 1 1 -1 0 0 -1 1 0 0 0 0 0 0 0 1 -1 1
19	3	1 0 -1 0 0 0 0 0 0 0 0 1 0 0 0 1 0 0 0 0 0
19	4	-1 -1 0 0 2 1 0 2 -1 -1 1 0 1 1 -1 1 -2 -1 0 -1 0
19	5	-1 -1 1 0 0 2 -1 1 0 -1 1 0 0 0 0 0 -1 0 1 -1 0
19	6	-1 0 0 0 0 0 0 0 0 0 0 0 0 0 0 0 0 0 0 1 0
19	7	0 1 -1 -1 -1 0 -2 -1 1 0 1 -1 0 -1 0 0 1 1 1 -1 1
19	8	-1 -2 1 1 1 0 0 1 -1 -1 0 1 0 0 -1 1 0 0 1 0 1
19	9	-1 -1 1 1 1 1 0 2 -1 -2 0 0 0 0 0 0 -1 -1 0 0 0
19	10	0 0 0 0 0 0 0 1 0 0 0 0 -1 0 1 0 0 0 -1 0 -1
19	11	-1 1 0 0 0 -1 1 0 -1 1 -1 -1 -1 0 0 -1 1 0 0 0 0
19	12	-1 0 1 1 0 0 1 1 -1 -1 -1 0 0 0 0 0 0 0 0 0 0
19	13	0 -1 0 1 1 -1 1 1 -1 0 -1 0 0 1 -1 0 0 0 0 0 0
19	14	0 -1 -1 0 2 -1 0 1 0 -1 0 0 1 1 -1 1 -1 0 0 -1 1
19	15	-1 0 0 0 1 0 0 0 0 0 0 0 0 0 0 0 0 0 0 0 0
19	16	-1 -2 1 1 2 1 1 2 -1 -1 0 1 0 0 -1 1 -1 -1 0 0 0
20	0	0 1 -1 0 1 0 0 1 0 -1 0 0 0 0 0 0 0 0 -1 -1 0
20	1	0 1 0 0 0 0 0 -1 0 1 0 0 0 -1 0 -1 1 0 0 0 0
20	2	-1 0 0 0 0 1 -1 -1 0 0 0 -1 0 0 0 -1 0 0 1 0 0
20	3	0 -2 0 1 1 0 1 1 -1 -1 0 1 1 1 -1 1 -1 0 0 0 0
20	4	0 -2 0 1 0 0 1 1 0 0 0 1 0 1 -1 1 -1 0 0 0 0
20	5	0 -1 0 1 1 1 0 1 0 -1 0 1 0 1 -1 1 -1 0 0 -1 0
20	6	-1 1 0 0 0 0 0 0 -1 0 0 -1 0 0 0 -1 0 0 0 0 0
20	7	0 -1 0 0 1 1 -1 1 0 -2 1 1 1 0 -1 1 -1 0 1 -1 1
20	8	-1 1 -1 0 1 0 -1 -1 0 0 0 0 0 -1 0 0 1 1 0 0 1
20	9	0 0 0 0 -1 0 0 0 0 1 0 0 0 0 0 0 0 0 0 0 0
20	10	0 1 -1 0 0 -1 0 -1 0 1 0 -1 0 0 0 -1 1 1 -1 0 0
20	11	0 -1 0 1 1 0 1 1 0 -1 -1 1 0 1 0 1 -1 0 -1 0 0
20	12	0 -1 0 0 1 0 0 0 0 0 0 1 1 -1 -1 1 0 0 0 1 1
20	13	0 0 -1 0 0 0 0 0 0 0 0 0 0 0 0 0 0 1 0 -1 1
20	14	1 -2 0 1 0 1 0 1 0 -1 0 2 0 1 0 1 -1 0 0 0 0
20	15	0 -1 0 0 1 1 -1 1 0 -1 1 1 1 0 0 1 -1 0 0 -1 0
20	16	0 -2 0 1 1 1 1 1 -1 -1 0 1 0 0 0 1 -1 -1 0 0 0
21	0	0 -1 0 1 1 0 2 2 -1 0 0 1 0 1 0 0 -1 -1 -1 0 -1
21	1	0 -2 0 1 0 0 1 1 -1 0 0 2 0 0 0 1 0 0 0 1 0
21	2	0 0 0 0 1 0 0 1 0 0 0 0 1 0 -1 0 -1 0 -1 0 0
21	3	0 1 -1 0 1 0 -1 -1 0 0 -1 0 1 0 -1 0 0 1 0 0 1
21	4	-1 1 -1 -1 2 -1 0 1 0 0 0 0 1 0 0 0 0 0 -1 -1 1
21	5	-1 0 1 1 2 0 2 1 -2 -1 -2 -1 0 0 -1 -1 0 0 -1 0 0
21	6	0 0 0 1 0 0 1 0 0 0 -1 0 -1 1 0 0 0 0 -1 0 -1
21	7	1 2 -1 -1 -2 -1 0 -2 1 2 -1 -1 -1 0 2 -1 2 1 -1 0 -1
21	8	0 -1 1 1 0 1 1 1 -1 0 0 0 0 1 0 0 -1 -1 -1 0 -1
21	9	0 0 0 0 2 0 0 0 -1 0 -1 0 1 1 -1 0 -1 0 0 -1 1
21	10	0 0 0 1 0 0 0 0 0 0 -1 -1 0 0 -1 -1 0 1 0 0 0
21	11	1 2 -2 -1 -1 -1 -1 -2 1 2 0 0 -1 0 1 -1 2 1 0 0 0
21	12	0 -1 1 1 0 0 1 0 -1 0 -1 0 -1 0 0 0 0 0 0 1 -1
21	13	-1 -1 1 0 1 1 -1 0 0 -1 1 0 1 0 -1 0 -1 0 1 -1 1
21	14	0 0 -1 0 0 -1 0 0 0 0 0 0 0 0 0 1 0 1 0 0 0
21	15	0 0 0 0 0 0 -1 0 0 0 0 0 1 0 0 0 0 1 0 -1 1
21	16	0 1 -1 -1 -1 0 -2 -1 1 1 1 0 0 -1 1 0 1 1 0 0 0
22	0	1 1 -2 0 0 -1 -1 -1 1 1 -1 0 0 0 0 0 1 1 0 0 0
22	1	0 0 -1 0 1 0 0 0 0 -1 0 0 1 0 -1 0 0 0 0 0 1
22	2	0 -1 1 1 0 0 1 0 -1 1 -1 0 -1 0 0 0 0 0 0 1 -1
22	3	1 1 -1 0 -1 -1 1 -1 1 1 -1 0 -1 0 1 0 1 1 -1 0 -1
22	4	0 -2 0 1 0 0 1 1 0 0 0 1 0 0 0 1 -1 0 0 0 0
22	5	0 0 -1 -1 0 0 -3 -1 2 0 1 0 0 0 0 1 0 1 1 -1 1
22	6	0 1 -1 0 1 -1 0 -1 0 0 -1 -1 1 0 -1 0 0 1 -1 0 1
22	7	-1 1 1 0 -1 0 0 -1 -1 1 0 -2 -1 0 1 -2 1 0 0 0 -1
22	8	-1 1 0 0 0 0 0 -1 1 0 0 -1 0 -1 0 0 0 0 0 0 0
22	9	1 -1 0 1 -1 1 0 1 0 0 1 1 0 0 0 1 -1 0 0 0 -1
22	10	1 -2 0 1 0 0 1 1 0 0 0 1 0 1 0 1 -1 0 -1 0 -1
22	11	0 0 0 0 0 0 -1 -1 1 0 0 0 0 0 -1 0 0 1 1 0 1
22	12	0 0 -1 0 0 -1 0 -1 0 1 -1 0 0 0 0 0 1 1 0 0 1
22	13	0 0 0 0 0 1 -1 0 1 0 1 0 1 0 -1 0 -1 0 0 -1 0
22	14	1 0 -1 1 1 0 1 0 0 1 -1 0 1 0 -1 0 -1 0 -1 0 0
22	15	0 0 0 0 1 1 -1 0 0 -1 1 -1 1 0 -1 0 -1 0 0 -1 0
22	16	0 0 -1 0 0 1 0 -1 1 0 0 0 0 0 0 0 0 0 0 0 0
23	0	0 0 -1 0 0 0 -1 -1 1 0 0 1 0 0 0 0 1 1 0 0 1
23	1	0 -1 0 1 0 1 0 0 1 -1 0 1 0 0 0 1 -1 0 0 0 0
23	2	-1 -1 0 0 1 1 -1 1 0 -1 1 1 1 -1 -1 1 -1 0 1 0 1
23	3	0 0 0 0 0 0 -1 0 0 -1 0 -1 0 0 0 0 0 0 1 -1 0
23	4	-1 -1 1 1 0 1 1 0 0 -1 0 0 -1 0 0 0 0 0 0 1 -1
23	5	0 1 -1 0 0 0 -1 -1 1 0 0 0 0 -1 0 0 0 1 0 0 1
23	6	-1 -2 0 0 1 1 0 1 -1 -1 1 1 1 0 -1 1 -1 0 1 0 1
23	7	0 -1 0 0 0 0 0 0 0 0 1 1 1 -1 0 1 0 0 0 0 0
23	8	0 2 0 -1 -1 0 -1 -2 1 1 0 -1 0 -1 0 -1 1 1 0 0 0
23	9	0 -1 1 1 1 1 0 2 -1 -1 0 0 1 0 -1 0 -2 -1 0 0 0
23	10	0 0 0 0 -1 1 -2 -1 1 0 0 0 0 0 0 0 0 1 1 0 0
23	11	0 1 0 0 0 0 0 -1 0 1 -1 -1 0 0 -1 -1 0 1 0 0 0
23	12	0 0 0 1 1 0 2 1 -2 0 -1 1 0 0 0 0 0 -1 -1 1 0
23	13	0 1 -1 0 0 0 0 0 0 1 0 -1 0 0 0 -1 0 0 -1 0 0
23	14	0 0 -1 0 1 0 0 0 1 0 1 0 1 0 -1 1 -1 0 -1 0 0
23	15	-1 1 0 -1 1 0 -1 0 0 0 0 0 1 0 -1 0 0 0 0 0 1
23	16	0 -1 -1 0 1 0 0 1 0 -1 1 0 1 0 0 1 -1 0 0 -1 0
24	0	0 0 0 1 1 0 1 1 -1 -1 -1 0 0 0 0 0 0 0 -1 0 0
24	1	1 1 -2 -1 0 0 -2 -1 1 1 1 0 1 0 0 0 0 1 0 -1 0
24	2	-1 0 1 1 1 0 1 1 -2 -1 -1 -1 0 0 0 -1 0 0 -1 0 0
24	3	0 1 -1 0 0 -1 -1 -1 1 1 0 0 0 -1 0 0 1 1 0 0 0
24	4	0 -1 0 0 1 0 0 1 -1 -1 0 0 0 1 0 0 0 0 0 -1 0
24	5	-1 -1 1 1 1 0 1 1 -1 -1 -1 0 0 1 0 0 -1 0 0 0 0
24	6	0 -1 0 0 0 0 0 1 -1 0 0 0 0 1 0 0 0 1 0 -1 0
24	7	1 1 0 0 -2 0 -1 -2 1 1 0 -1 -1 0 1 -1 1 1 0 0 -1
24	8	0 -1 -1 0 1 1 -1 1 1 -1 1 1 0 1 0 1 -1 0 0 -1 0
24	9	-1 0 1 0 1 0 1 1 -2 -1 -1 0 0 0 0 -1 0 0 0 0 1
24	10	0 0 0 0 0 0 -1 0 0 0 0 0 0 0 0 0 0 0 1 0 0
24	11	0 1 0 -1 0 -1 -1 -1 0 1 -1 -1 0 0 0 -1 1 1 0 0 1
24	12	-1 2 -1 -1 1 0 -2 -1 1 0 0 -1 0 -1 0 -1 1 1 0 -1 1
24	13	-1 -1 0 1 2 1 0 2 -1 -2 0 1 1 -1 -1 1 -1 -1 0 0 1
24	14	0 0 0 0 -1 1 -1 -1 1 0 1 0 0 0 1 0 0 0 0 0 -1
24	15	0 -1 0 1 1 0 0 0 0 -1 -1 0 0 0 -1 1 0 1 0 0 0
24	16	0 2 0 -1 0 -1 0 -1 0 1 -1 -1 -1 0 0 -1 1 1 0 0 0
25	0	0 -2 0 1 2 0 1 1 -1 -1 0 1 0 1 -1 1 -1 0 0 0 0
25	1	-1 1 -1 -1 1 0 -1 1 0 0 1 0 1 -1 0 0 0 0 0 -1 1
25	2	0 2 -1 -1 -1 -1 -1 -2 1 1 0 0 -1 -1 1 0 2 1 0 1 0
25	3	1 1 -2 -1 0 -1 -2 0 2 0 1 1 1 0 0 1 0 1 0 -1 1
25	4	-1 0 1 0 0 1 0 0 -1 0 0 0 0 0 0 -1 0 0 0 0 0
25	5	0 0 0 0 0 0 -1 0 0 0 0 0 0 0 0 0 0 1 0 0 0
25	6	0 0 0 0 1 0 0 0 0 -1 0 0 0 0 0 1 0 0 0 -1 0
25	7	0 -1 0 0 1 1 -1 1 0 -1 0 1 1 1 -1 0 -1 0 1 -1 1
25	8	-1 1 0 0 0 0 0 -1 0 1 0 -1 0 -1 0 -1 0 0 0 1 0
25	9	0 -2 0 1 1 1 -1 0 0 -1 0 1 1 0 -1 1 -1 0 1 0 1
25	10	1 2 -2 -1 -1 -1 -1 -2 2 2 0 -1 -1 0 1 -1 1 1 0 -1 0
25	11	-1 1 0 0 1 -1 1 0 0 0 -1 0 0 0 0 0 0 0 -1 1 0
25	12	-2 -1 2 1 1 1 1 2 -2 -1 0 0 0 0 -1 0 -1 -1 0 0 0
25	13	0 -1 1 1 0 1 1 0 0 0 -1 0 -1 1 0 0 -1 0 0 0 -1
25	14	0 0 0 0 0 -1 0 0 0 1 0 0 1 0 0 0 0 0 0 0 0
25	15	0 0 0 1 0 0 0 0 0 0 0 0 -1 0 0 0 0 0 0 0 0
25	16	0 -1 0 1 1 0 2 2 -1 -1 0 0 0 0 0 0 -1 -1 -1 0 -1
26	0	1 1 -1 0 0 -1 0 0 0 1 0 -1 0 1 0 0 0 0 -1 -1 -1
26	1	0 0 0 1 0 0 0 0 0 0 -1 0 0 -1 0 0 0 0 0 1 0
26	2	-1 1 1 0 1 0 0 -1 0 0 -1 -1 0 0 -1 -1 0 0 0 0 1
26	3	-1 0 0 0 0 0 -1 0 1 -1 0 0 0 -1 0 0 1 1 0 0 1
26	4	-1 0 0 0 1 1 -1 1 0 -1 1 0 0 0 0 0 -1 0 0 -1 0
26	5	-1 -1 0 0 0 0 0 1 0 0 1 1 0 -1 0 1 0 0 0 1 0
26	6	0 2 -1 -1 -1 -1 -2 -1 1 1 1 -1 0 0 0 -1 1 1 1 -1 0
26	7	0 1 0 0 -1 0 0 -1 0 0 0 -1 0 0 0 -1 0 0 0 0 0
26	8	0 -1 0 1 1 0 2 1 -1 -1 -1 1 0 0 0 0 0 0 -1 1 0
26	9	1 2 -2 -1 -1 -1 -1 -2 2 1 0 -1 0 0 1 0 1 1 -1 -1 0
26	10	0 0 0 0 0 0 0 0 -1 0 0 0 0 0 0 -1 0 0 1 0 0
26	11	0 -1 0 1 1 1 1 1 -1 -1 0 0 1 0 -1 0 -1 -1 0 0 0
26	12	0 0 -1 0 0 0 -1 1 0 0 1 0 0 0 0 0 0 1 0 -1 0
26	13	1 -1 0 1 0 0 0 0 0 0 0 0 0 0 0 1 -1 0 0 0 -1
26	14	0 1 -1 -1 0 0 -2 0 1 0 0 0 1 0 0 0 0 1 0 -1 1
26	15	0 -1 1 1 -1 0 1 0 -1 1 0 0 -1 0 1 0 0 0 0 1 -2
26	16	-1 1 1 0 0 0 1 -1 -1 0 -1 -1 -1 -1 0 -1 1 0 0 1 0
27	0	0 0 0 0 1 1 0 0 0 -1 -1 0 0 0 -1 0 0 0 0 0 1
27	1	0 0 0 1 0 0 1 0 -1 0 -1 0 0 0 0 0 0 0 0 0 0
27	2	-1 -1 1 1 2 0 0 1 -1 -1 -1 0 1 0 -1 0 -1 0 0 0 1
27	3	0 0 0 0 1 0 0 0 0 -1 -1 0 0 0 0 0 0 0 0 0 0
27	4	1 -2 1 2 -1 1 1 0 0 0 -1 1 -1 0 0 0 0 0 0 1 -1
27	5	0 1 -2 -1 1 -1 -1 0 1 0 0 0 1 0 0 0 0 1 0 -1 1
27	6	0 -1 1 1 0 0 1 0 -1 0 0 0 0 0 0 0 0 0 -1 1 -1
27	7	-1 -1 0 0 1 1 -1 1 0 -1 1 0 0 0 -1 0 0 0 1 -1 1
27	8	0 -2 1 2 1 1 1 1 -1 -1 0 1 1 -1 -1 1 -1 -1 0 1 0
27	9	-1 0 0 0 1 0 -1 -1 0 -1 0 -1 0 0 -1 0 0 1 1 -1 1
27	10	-1 -2 1 1 1 1 0 1 -1 -2 0 0 0 0 -1 0 -1 0 1 0 1
27	11	-1 -1 0 1 2 0 1 1 -1 -1 0 0 1 0 -1 0 -1 0 -1 0 1
27	12	-1 -2 1 2 1 1 2 2 -2 -1 -1 1 0 0 -1 1 -1 -1 0 1 0
27	13	-1 -1 1 1 0 1 1 0 -1 -1 -1 0 -1 0 0 0 0 0 0 1 0
27	14	0 0 0 0 0 0 -1 -1 1 0 0 0 0 0 0 0 0 1 0 0 0
27	15	-2 0 1 0 1 0 1 1 -1 -1 0 0 0 0 0 0 0 0 0 0 0
27	16	0 2 -1 -1 -1 -1 0 -2 0 1 -1 -1 -1 0 1 -1 2 1 0 0 0
28	0	0 1 0 0 0 -1 0 0 0 1 -1 -1 0 0 0 -1 0 1 -1 0 0
28	1	-1 -2 0 0 2 1 -1 2 -1 -2 1 1 1 0 -1 1 -1 0 1 -1 2
28	2	0 -1 0 1 1 1 0 0 0 -1 -1 1 0 0 -1 0 0 0 1 0 1
28	3	0 0 0 1 -1 1 0 0 0 0 0 0 0 0 0 -1 0 0 0 0 0
28	4	-1 -1 0 0 0 0 0 1 0 -1 1 1 0 0 1 1 0 0 0 0 0
28	5	-1 -1 1 1 1 0 1 1 -1 -1 -1 0 -1 0 0 0 0 0 0 0 0
28	6	0 -2 1 2 1 1 2 2 -1 -1 0 1 0 1 -1 1 -2 -1 -1 0 -1
28	7	0 -1 0 1 1 0 1 1 -1 0 -1 1 -1 1 0 0 0 0 0 0 0
28	8	-1 0 1 0 0 1 -1 0 1 -1 1 0 0 -1 0 0 0 0 0 0 0
28	9	0 1 0 0 0 0 0 0 0 1 0 0 0 0 0 0 0 0 -1 0 -1
28	10	1 1 -1 0 -1 0 -1 -1 1 1 1 -1 0 0 0 0 0 0 0 -1 -1
28	11	-1 0 1 1 0 0 1 0 -1 1 -1 -1 -1 0 0 -1 0 0 0 1 -1
28	12	1 0 1 1 0 0 1 0 -1 0 -1 0 0 0 0 0 0 0 -1 0 -1
28	13	-1 -1 0 1 2 0 1 2 -1 -1 0 1 1 0 -1 1 -1 0 -1 0 1
28	14	-1 0 1 0 1 1 0 1 -1 -1 0 0 1 0 -1 0 -1 0 0 0 0
28	15	-1 -1 0 1 1 0 0 0 0 -1 0 0 0 0 -1 0 0 1 0 0 1
28	16	0 -1 0 0 0 0 -1 0 0 0 1 1 0 0 0 1 0 0 1 0 0
29	0	-1 1 0 0 0 0 -1 0 0 0 0 -1 0 0 0 -1 0 0 0 0 0
29	1	0 -1 0 1 1 1 1 1 -1 -1 0 0 1 0 -1 0 -1 -1 0 0 0
29	2	-1 -1 2 1 1 1 1 2 -2 -1 0 0 1 0 -1 -1 -1 -1 0 0 0
29	3	0 0 -1 -1 1 0 -1 0 1 0 1 0 1 0 0 1 -1 0 0 -1 1
29	4	-1 0 1 0 1 1 -1 0 0 -1 0 -1 1 0 -1 -1 -1 0 1 -1 1
29	5	0 0 -1 1 1 0 1 0 0 -1 -1 0 0 0 0 0 0 0 -1 0 0
29	6	0 0 0 -1 -1 0 -1 -1 1 1 1 0 0 -1 1 0 1 1 0 0 0
29	7	0 2 -1 -1 0 -1 0 -1 0 1 0 -1 0 -1 1 -1 1 0 0 0 0
29	8	0 1 -2 -1 1 -1 -2 -1 1 0 0 0 1 0 -1 0 1 1 1 -1 2
29	9	-1 0 1 0 0 1 0 0 -1 -1 0 -1 0 0 0 -1 0 0 0 0 0
29	10	0 1 -1 0 0 -1 0 -1 0 1 -1 -1 -1 1 0 -1 1 1 0 0 0
29	11	0 0 0 0 1 0 0 0 0 -1 0 0 0 0 0 1 0 0 -1 0 0
29	12	0 -1 0 0 0 1 -1 0 0 -1 1 1 1 -1 -1 1 0 0 1 0 1
29	13	0 0 1 1 2 0 2 1 -2 -1 -1 0 1 0 -1 0 -1 -1 -1 0 0
29	14	-1 2 0 -1 0 0 -1 -1 0 0 0 -1 0 -1 0 -2 1 0 1 0 1
29	15	0 0 1 1 -2 1 0 -1 0 1 0 0 -1 -1 1 -1 1 0 0 1 -1
29	16	0 1 0 0 1 0 0 0 0 0 -1 -1 0 0 -1 -1 0 0 0 0 0
30	0	0 1 -1 -1 1 -1 0 -1 0 1 0 0 0 0 0 0 1 1 -1 0 0
30	1	-1 -1 1 1 1 0 1 0 -1 -1 -1 0 0 0 -1 0 0 0 0 0 1
30	2	0 1 0 0 0 -1 0 0 0 1 0 0 0 0 0 0 0 0 -1 0 0
30	3	-1 -1 0 0 2 0 0 1 0 -1 0 0 1 0 -1 0 -1 0 0 0 1
30	4	1 0 -1 0 0 0 -1 0 0 0 0 0 0 0 0 0 0 1 0 -1 1
30	5	0 1 -1 -1 0 -1 -1 -2 1 1 0 0 0 0 0 0 1 1 0 0 1
30	6	-1 0 1 0 -1 1 -1 -1 0 0 1 0 0 -1 0 0 0 0 1 1 0
30	7	0 0 -1 0 1 0 -1 0 0 0 0 1 1 -1 0 1 0 0 0 0 1
30	8	1 0 0 1 0 0 1 1 -1 0 0 0 1 0 0 0 -1 -1 -1 0 -1
30	9	-1 1 0 -1 0 0 -1 -1 0 0 0 -1 0 0 0 -1 1 1 1 -1 1
30	10	-1 -2 1 2 2 1 2 3 -2 -1 0 1 1 0 -1 0 -2 -1 -1 0 0
30	11	0 0 0 0 0 1 0 0 0 -1 0 0 0 0 0 -1 0 0 0 0 0
30	12	1 1 -1 -1 -1 0 -1 -1 1 1 1 0 0 0 1 0 0 0 0 0 -1
30	13	-1 -1 1 0 0 1 -1 1 0 -1 1 1 0 -1 0 1 0 0 1 0 0
30	14	0 1 -1 0 0 0 -1 -1 1 0 1 0 1 -1 0 0 0 0 0 0 0
30	15	0 0 0 0 0 0 -1 0 0 0 0 0 0 0 0 0 0 0 1 0 0
30	16	1 0 -1 0 0 0 -1 -1 1 0 0 0 0 1 0 0 0 1 0 -1 0
31	0	0 0 0 0 0 0 -1 0 1 0 1 0 1 0 0 0 -1 0 0 0 0
31	1	0 0 0 1 -1 1 0 0 1 0 0 0 -1 0 0 0 0 0 0 0 -1
31	2	0 -1 0 1 1 0 2 2 -1 0 0 1 1 0 0 1 -1 -1 -1 0 -1
31	3	-1 1 0 -1 -1 0 -1 -2 0 1 0 -1 0 -1 0 -1 2 1 1 0 1
31	4	-1 -2 2 2 2 1 2 2 -2 -2 -1 0 1 1 -2 0 -2 -1 0 0 0
31	5	0 0 0 0 0 0 -1 0 0 0 1 0 1 0 -1 0 -1 0 1 -1 1
31	6	0 -1 0 0 0 0 0 1 0 0 1 2 0 0 0 1 0 0 0 0 0
31	7	1 0 -1 0 1 0 0 1 0 0 0 0 1 1 -1 1 -2 0 -1 -1 0
31	8	0 -1 -1 0 0 1 0 0 1 0 1 1 0 0 0 1 -1 0 0 0 0
31	9	-1 1 -1 -1 0 0 -2 -1 1 0 1 -1 0 0 0 0 0 0 1 -1 1
31	10	0 1 0 0 0 -1 1 -1 -1 2 -1 -1 -1 0 0 -1 1 0 0 1 -1
31	11	1 1 -1 0 -1 0 -1 -1 1 1 0 0 -1 1 1 0 0 1 0 -1 -1
31	12	0 -1 1 1 1 1 1 1 -1 -1 -1 1 0 0 0 0 -1 -1 0 0 0
31	13	0 1 -1 -1 1 -1 0 1 0 0 0 0 1 0 0 0 0 0 -1 -1 1
31	14	1 0 -1 0 0 0 0 0 1 0 1 0 0 1 0 0 -1 0 0 -1 -1
31	15	-1 0 0 -1 1 0 -1 0 0 0 1 0 1 -1 0 0 0 0 0 0 1
31	16	0 1 -1 -1 0 0 -1 -1 1 1 1 -1 0 0 0 -1 0 0 1 -1 0
32	0	1 -1 0 1 0 0 1 1 -1 0 0 1 0 1 0 1 -1 0 -1 0 -1
32	1	0 -1 0 0 1 1 -1 1 0 -1 0 0 1 1 -1 0 -1 0 1 -2 1
32	2	0 0 -1 0 1 1 -1 1 0 -1 1 1 1 0 0 1 -1 0 0 -1 0
32	3	-1 -2 1 1 3 0 2 3 -2 -2 0 1 1 1 -1 1 -2 -1 -1 0 0
32	4	0 1 0 0 1 0 0 1 0 -1 0 0 1 0 0 0 -1 0 -1 -1 0
32	5	0 0 -1 -1 1 0 -1 1 0 0 2 1 1 0 0 1 -1 0 0 -1 0
32	6	0 2 0 0 -1 -1 1 -1 0 1 -1 -1 -1 0 1 -1 1 0 -1 0 -1
32	7	0 0 0 0 0 1 -1 0 0 0 1 0 1 0 0 0 -1 -1 0 0 0
32	8	1 1 -1 0 0 -1 0 0 0 1 0 0 1 0 0 0 0 0 -1 0 0
32	9	0 1 -2 -1 1 -1 -1 -1 1 0 0 0 0 1 0 0 1 1 0 -1 1
32	10	0 0 1 0 -1 0 0 0 -1 1 0 0 0 0 1 0 0 0 0 0 -1
32	11	1 0 -1 0 1 0 0 0 0 0 0 1 0 0 0 1 0 0 -1 0 0
32	12	-1 -1 0 0 1 1 0 1 -1 -1 1 0 1 0 -1 0 -1 -1 1 -1 1
32	13	2 1 -2 0 0 -1 -1 0 1 1 0 1 1 0 0 1 0 1 -1 -1 0
32	14	0 0 1 0 -1 0 0 0 0 1 0 0 0 0 1 -1 0 0 0 0 -1
32	15	0 0 1 1 0 1 1 0 -1 0 -1 -1 -1 0 0 -1 0 0 -1 0 -1
32	16	1 1 -1 -1 0 0 -2 -1 1 0 1 0 1 0 0 0 0 1 0 -1 0
33	0	-1 1 0 0 0 0 0 -1 0 0 -1 -1 -1 0 0 -1 1 0 0 1 0
33	1	0 0 0 0 1 0 1 1 0 -1 -1 0 1 0 0 0 -1 0 -1 0 0
33	2	0 0 0 0 1 0 0 0 0 0 -1 0 0 0 0 0 0 0 0 0 0
33	3	-2 -1 1 1 2 1 0 1 -1 -1 0 0 0 0 -1 0 -1 0 0 0 0
33	4	1 0 0 1 0 0 0 0 0 0 0 0 0 0 0 0 0 0 0 -1 -1
33	5	0 0 0 0 0 0 0 0 -1 0 0 0 0 0 0 0 0 0 0 0 0
33	6	-1 1 1 0 -1 0 0 0 0 1 0 -1 -1 0 1 -1 0 0 0 0 -1
33	7	0 1 0 0 0 -1 1 0 -1 1 0 -1 0 0 0 -1 0 0 0 0 -1
33	8	0 -1 0 1 1 0 1 0 -1 -1 -1 0 0 0 -1 1 0 0 0 0 1
33	9	0 1 -1 -1 1 0 -2 -1 1 0 0 0 1 0 -1 0 0 1 0 -1 2
33	10	0 0 0 0 1 0 0 0 0 0 0 -1 1 0 -1 0 -1 0 -1 0 0
33	11	0 0 0 0 -1 0 -1 -1 0 1 0 0 -1 0 1 0 1 1 0 0 0
33	12	0 0 -1 0 1 0 0 1 0 -1 0 1 1 0 0 0 0 0 0 -1 1
33	13	1 2 -1 0 -1 -1 -1 -2 1 1 -1 -1 -1 -1 1 -1 2 1 0 0 0
33	14	-1 -1 1 1 1 0 1 0 -1 -1 -1 0 0 0 -1 1 0 0 0 1 0
33	15	1 2 0 0 -2 -1 0 -2 1 2 -1 -1 -1 0 1 -1 1 1 -1 0 -1
33	16	-1 0 0 -1 1 0 -1 1 -1 -1 1 0 1 0 0 0 0 0 0 -1 1
34	0	0 0 -1 0 1 -1 0 0 0 0 -1 0 1 0 -1 0 0 1 0 0 1
34	1	1 1 -1 0 1 0 0 0 0 0 0 0 1 0 0 0 -1 0 -1 -1 0
34	2	0 0 0 1 2 -1 2 1 -2 0 -2 0 0 1 -1 0 0 0 -1 0 0
34	3	0 -1 0 0 -1 1 0 0 1 0 1 0 0 0 1 0 -1 0 0 0 -1
34	4	1 2 -1 -1 -1 -1 0 -2 1 1 -1 -1 0 0 1 -1 1 1 -1 0 0
34	5	-1 -1 1 1 0 0 0 0 -1 0 0 0 0 0 0 0 0 0 0 1 0
34	6	0 1 0 0 -2 0 -1 -1 0 1 0 -1 -1 0 1 -1 1 1 0 0 -1
34	7	-1 1 0 -1 0 0 0 -1 0 0 -1 -1 -1 0 1 -1 1 1 0 0 0
34	8	0 0 0 0 0 1 -1 1 0 -1 1 0 1 0 0 0 -1 0 0 -1 0
34	9	0 0 -1 0 0 0 0 0 1 0 0 0 0 1 0 0 -1 1 0 -1 0
34	10	0 0 0 0 1 0 0 0 -1 0 0 0 1 -1 -1 0 0 0 0 0 1
34	11	0 0 0 0 1 0 0 0 -1 -1 0 -1 0 1 0 -1 0 0 0 -1 0
34	12	0 1 -1 0 2 -1 0 1 -1 -1 -1 0 1 0 0 0 0 0 -1 -1 1
34	13	-1 -1 1 1 1 0 1 1 -1 -1 -1 0 0 0 0 0 0 0 -1 0 0
34	14	1 2 -1 0 -2 -1 -1 -2 1 2 0 -1 -1 -1 1 -1 2 1 0 0 -1
34	15	0 0 0 1 0 0 1 0 -1 0 -1 -1 0 0 0 -1 0 0 0 0 -1
34	16	-1 -1 1 1 1 1 1 1 -1 -1 0 0 0 0 0 0 -1 -1 0 0 0
35	0	1 -1 -1 0 1 0 1 1 0 0 0 1 0 1 0 1 -1 0 -1 -1 0
35	1	-1 0 0 0 0 1 -1 0 0 0 1 0 0 -1 0 0 0 0 0 0 0
35	2	-1 -1 1 1 2 0 2 2 -2 -1 -1 0 1 0 -1 0 -1 -1 -1 0 1
35	3	0 1 -1 -1 -1 -1 -1 -1 1 1 1 0 0 -1 1 0 1 1 0 0 0
35	4	0 -1 0 1 0 0 0 0 0 0 0 1 0 -1 0 1 0 0 0 1 0
35	5	-1 0 0 0 1 1 -1 0 0 -1 1 -1 1 0 -2 0 -1 0 1 -1 1
35	6	0 -2 0 1 2 0 1 1 -1 -2 0 1 1 0 -1 1 -1 0 0 0 1
35	7	0 -1 0 1 1 0 0 1 -1 -1 0 1 1 0 -1 1 -1 0 0 0 1
35	8	0 0 -1 1 1 0 1 0 0 0 -1 0 0 0 0 0 0 0 -1 0 0
35	9	-1 1 0 -1 2 0 -1 0 0 0 0 -1 1 0 -1 0 -1 0 0 -1 1
35	10	1 0 -1 0 0 0 0 0 1 0 0 0 -1 1 1 0 0 1 -1 -1 -1
35	11	-1 1 0 0 -1 0 0 -1 0 1 0 -1 0 -1 0 -1 1 0 0 1 0
35	12	1 0 -1 0 0 0 0 1 0 1 1 0 0 1 0 0 -1 0 -1 -1 -1
35	13	1 0 -1 0 0 0 0 0 1 0 1 0 0 1 0 1 -1 0 -1 -1 -1
35	14	0 1 -1 0 1 0 0 0 0 0 -1 0 0 0 0 0 0 1 -1 0 0
35	15	1 0 -1 -1 -1 0 -1 0 1 1 1 0 -1 1 1 0 0 1 0 -1 -1
35	16	0 0 0 1 1 0 1 1 -1 -1 0 0 1 -1 0 0 0 -1 -1 0 0
36	0	0 -1 0 1 2 0 1 1 -1 -1 -1 0 1 0 -1 0 -1 0 -1 0 1
36	1	0 0 0 0 -1 0 -1 -1 0 0 0 0 0 0 0 0 1 1 1 0 0
36	2	0 1 0 0 -1 0 -1 -1 1 1 0 -1 0 0 0 -1 0 1 0 -1 0
36	3	0 0 0 0 -1 0 -1 0 0 1 1 0 0 -1 0 0 0 0 1 0 0
36	4	-1 0 0 0 0 0 1 0 0 0 0 0 0 -1 0 0 0 0 0 1 0
36	5	0 2 -1 -1 0 -1 -1 -1 1 1 0 -1 0 0 0 0 0 1 0 -1 0
36	6	0 0 0 0 -1 0 0 -1 0 0 -1 -1 -1 0 1 -1 1 1 0 0 0
36	7	0 0 -1 0 2 1 -1 1 0 -1 0 0 1 0 -1 0 -1 0 0 -1 1
36	8	0 0 -1 0 0 0 0 0 1 0 1 1 0 0 0 1 -1 0 0 0 0
36	9	0 0 0 1 0 0 0 0 -1 0 0 0 0 0 0 0 0 0 0 0 0
36	10	1 1 -1 0 0 -1 -1 -1 0 1 -1 0 0 0 0 -1 1 1 0 0 1
36	11	-1 -1 1 1 2 0 1 2 -2 -2 0 0 1 0 -1 0 -1 -1 0 0 0
36	12	0 0 0 0 0 0 0 1 0 -1 0 0 1 1 0 0 -1 0 0 -1 0
36	13	-1 0 -1 -1 0 0 -2 -1 1 0 1 0 0 0 0 0 1 1 1 0 1
36	14	-1 -2 1 1 1 1 0 2 -1 -2 0 1 1 0 -1 1 -1 0 1 -1 1
36	15	-1 -1 1 0 0 1 -1 0 0 0 1 0 0 0 0 0 0 0 1 -1 0
36	16	1 2 -2 -1 -1 -1 -1 -2 1 2 0 -1 0 0 0 -1 1 1 0 0 0
37	0	0 0 0 0 0 1 -1 0 0 0 1 0 0 -1 0 0 0 0 0 0 0
37	1	-1 -2 1 2 2 1 1 2 -1 -2 -1 1 0 0 -1 1 -1 0 0 0 0
37	2	0 0 0 0 0 0 -1 0 0 0 0 -1 0 0 0 0 0 0 0 -1 0
37	3	-1 -1 0 1 2 1 0 2 -1 -1 0 0 0 0 -1 0 -1 0 0 -1 0
37	4	0 0 0 -1 -1 0 -2 -1 1 0 1 0 1 0 0 0 0 1 1 -1 1
37	5	1 -1 -1 0 -1 0 -1 0 1 0 1 1 0 0 1 1 0 1 0 -1 0
37	6	1 0 0 0 -1 0 -1 -1 1 1 0 0 -1 1 0 0 0 1 0 0 -1
37	7	1 0 -1 0 0 -1 -1 -1 1 0 0 1 1 -1 0 1 1 1 0 0 1
37	8	0 -2 1 1 1 1 1 1 -1 -2 -1 1 1 0 -1 1 -1 0 0 0 1
37	9	1 1 -1 0 -1 -1 0 -1 0 1 -1 0 0 0 0 0 1 1 0 0 0
37	10	0 1 -1 0 0 -1 1 0 0 1 0 0 0 0 0 0 0 0 -1 0 0
37	11	0 0 -1 0 1 -1 0 0 0 0 0 0 0 1 0 1 0 0 0 -1 0
37	12	0 0 0 1 0 0 0 0 0 0 -1 -1 0 0 -1 -1 0 1 0 0 0
37	13	1 0 -1 1 0 0 0 1 0 1 0 0 0 1 0 0 -1 0 -1 -1 -1
37	14	-1 2 -1 -1 0 0 -2 -2 1 0 0 -1 -1 -1 0 -1 2 1 1 0 1
37	15	0 -1 -1 0 1 0 0 1 0 0 0 2 0 0 0 1 0 0 0 0 1
37	16	0 1 0 0 0 0 -1 -1 0 0 0 -1 1 -1 0 0 0 0 0 0 0
38	0	0 -1 -1 0 1 0 0 0 0 -1 0 1 0 1 0 1 0 1 0 -1 1
38	1	0 0 -1 0 2 0 1 2 -1 -1 0 1 1 0 0 1 -1 -1 -1 0 0
38	2	0 -1 0 1 1 1 0 1 0 -1 0 0 1 0 -1 0 -2 0 0 0 0
38	3	0 -1 0 0 1 1 0 1 -1 -1 0 1 0 0 0 1 0 0 0 0 0
38	4	1 0 -1 0 0 0 -1 0 1 0 0 0 0 1 0 0 0 1 0 -2 0
38	5	0 -1 0 1 1 0 1 1 -1 -1 -1 1 0 0 0 0 0 0 0 0 1
38	6	0 2 -1 -1 0 0 -1 -1 0 1 0 -1 0 0 0 -1 1 1 0 -1 0
38	7	0 1 0 0 0 -1 1 0 0 1 -1 0 0 -1 0 0 0 0 -1 1 0
38	8	-1 0 1 0 -1 0 0 -1 0 1 0 -1 0 -1 0 -1 0 0 1 1 0
38	9	1 0 -1 0 0 0 -1 -1 1 0 -1 1 0 0 0 1 0 1 0 0 1
38	10	-1 -1 0 0 0 1 0 0 0 -1 0 0 -1 1 0 0 0 0 1 0 0
38	11	-1 -2 1 1 1 1 0 1 -1 -1 0 0 0 0 -1 0 -1 0 1 0 1
38	12	0 0 0 0 0 0 0 -1 0 1 -1 0 -1 0 0 0 1 1 0 0 0
38	13	0 0 0 0 0 0 0 1 0 0 0 0 0 0 0 0 0 0 0 0 -1
38	14	-1 0 0 0 1 0 0 -1 0 0 0 -1 0 0 -1 -1 0 0 1 0 1
38	15	1 0 -1 0 -1 0 -1 -2 1 1 0 0 -1 0 0 0 1 1 1 0 0
38	16	1 1 -1 0 1 0 0 0 0 0 -1 0 1 1 0 0 -1 0 -1 -1 0
39	0	-1 0 0 0 0 0 0 0 0 0 0 -1 0 0 0 0 0 0 0 0 0
39	1	0 1 -1 -1 0 -1 -1 0 0 1 0 0 0 0 0 0 1 1 0 -1 1
39	2	-1 0 0 0 1 -1 2 0 -1 0 -1 0 0 0 0 0 1 0 -1 1 0
39	3	0 -1 -1 0 1 -1 0 0 0 -1 0 1 0 0 0 1 1 1 0 0 1
39	4	0 1 0 0 -1 0 0 -1 0 1 0 0 -1 0 1 -1 1 0 0 1 -1
39	5	-1 0 1 0 0 0 0 0 -1 0 -1 -1 -1 0 0 -1 1 0 1 0 0
39	6	0 -1 -1 1 1 0 1 1 0 -1 0 1 0 0 0 2 -1 0 -1 0 0
39	7	-1 -1 1 0 1 0 0 0 -1 -1 0 0 1 0 -1 0 0 0 1 0 1
39	8	0 0 0 1 0 0 0 0 0 1 0 0 -1 0 0 0 0 0 0 0 -1
39	9	0 1 -1 -1 0 0 -1 0 1 0 1 0 0 0 0 0 0 1 0 -1 0
39	10	-1 1 1 0 0 0 0 0 -1 0 0 -1 0 0 0 -1 0 0 0 0 0
39	11	-1 -2 1 1 1 1 0 1 -1 -1 1 1 1 -1 -1 1 -1 0 0 1 0
39	12	0 1 -1 -1 0 -1 0 0 0 1 0 0 0 0 1 0 1 0 -1 0 0
39	13	0 1 0 0 0 0 0 -1 0 1 0 -1 0 0 0 -1 0 0 0 0 -1
39	14	-1 2 0 -1 0 -1 0 -1 0 1 -1 -1 -1 0 1 -1 1 0 0 0 0
39	15	0 -2 0 1 1 1 0 1 0 -1 0 1 1 -1 -1 1 -1 0 0 0 1
39	16	0 -2 1 1 1 1 0 1 -1 -2 0 1 1 0 -1 1 -1 0 1 -1 1
40	0	1 1 -2 -1 -1 0 -2 0 2 0 1 0 0 0 1 0 0 1 0 -1 0
40	1	-1 0 -1 0 2 0 -1 1 0 -1 0 0 1 0 -1 1 -1 1 0 -1 1
40	2	1 0 -1 0 0 -1 1 0 0 1 0 0 0 1 0 0 0 0 -1 0 -1
40	3	0 -1 -1 1 2 0 1 2 -1 -2 -1 1 1 1 -1 1 -1 0 -1 -1 1
40	4	0 2 -1 -1 0 -1 -1 -2 0 2 0 -1 0 0 0 -1 1 1 0 0 0
40	5	-1 0 0 0 0 0 0 1 -1 0 1 0 1 -1 0 0 0 0 0 0 0
40	6	-1 0 0 0 0 0 0 -1 0 0 0 0 -1 0 0 0 1 1 0 0 0
40	7	-1 -1 0 0 1 0 0 1 0 -1 0 1 0 0 0 1 0 0 0 0 1
40	8	0 0 0 0 0 0 -1 -1 1 0 0 0 0 0 0 1 0 1 0 0 0
40	9	0 -1 0 0 1 0 0 1 0 0 0 1 1 0 -1 1 -1 0 0 0 1
40	10	1 0 -1 0 0 0 -1 1 1 0 1 1 1 0 0 1 -1 0 0 -1 0
40	11	-1 0 1 0 1 0 0 0 0 0 0 0 0 0 -1 0 0 0 0 0 0
40	12	1 1 -1 0 0 0 1 0 0 1 0 0 0 0 0 -1 0 0 -1 0 -1
40	13	0 -1 0 0 1 1 -1 2 0 -1 1 1 1 0 -1 1 -2 0 0 -1 1
40	14	0 -1 1 1 0 0 1 0 -1 0 -1 0 0 0 0 0 0 0 0 0 0
40	15	0 -2 0 2 1 1 2 2 -1 -1 0 1 1 0 -1 1 -2 -1 -1 0 0
40	16	0 1 0 0 1 0 -1 0 0 -1 0 0 1 0 -1 0 0 0 0 -1 1
41	0	1 1 -1 0 -1 -1 0 -2 1 1 -1 0 -1 -1 1 0 2 1 -1 1 0
41	1	-1 0 0 0 1 0 -1 0 0 0 1 0 1 -1 -1 0 0 0 1 0 1
41	2	-1 -1 1 0 1 0 -1 1 -1 -1 1 1 1 -1 -1 1 0 0 1 0 1
41	3	0 -2 1 1 2 1 1 2 -1 -1 0 1 1 0 -1 1 -2 -1 -1 0 0
41	4	1 -1 0 1 0 0 0 0 0 0 0 0 0 0 -1 1 -1 0 0 0 0
41	5	1 1 -2 -1 0 -1 0 -1 1 1 0 0 0 1 0 0 0 1 0 -1 0
41	6	1 1 -1 0 0 0 1 0 0 1 -1 0 -1 1 0 0 0 0 -1 0 -1
41	7	-1 -1 1 0 0 1 0 1 -1 -1 0 0 0 0 0 -1 0 0 1 0 0
41	8	1 -1 -1 1 1 0 1 1 0 -1 -1 1 0 0 0 1 0 0 -1 0 0
41	9	0 1 0 0 0 -1 0 -1 0 1 -1 -1 0 0 0 -1 1 1 -1 0 0
41	10	0 -1 1 2 1 1 1 1 -1 -1 -1 0 0 0 -1 0 -1 -1 0 0 0
41	11	0 -1 0 1 2 1 1 1 -1 -1 -1 0 0 0 -1 0 -1 0 -1 0 0
41	12	0 -1 1 0 0 1 0 1 -1 0 0 1 0 0 0 0 0 0 0 0 0
41	13	-1 2 0 -1 0 0 0 -1 0 1 0 -1 0 -1 0 -1 1 0 0 0 0
41	14	-1 -2 1 1 2 1 1 2 -2 -2 0 1 1 0 -1 0 -1 -1 0 0 1
41	15	0 -1 0 1 0 1 0 0 1 -1 0 1 0 0 0 1 -1 0 0 0 0
41	16	0 -1 0 0 1 0 0 1 0 0 0 1 0 0 -1 1 0 0 0 0 0
42	0	-1 -2 1 1 1 1 1 1 -1 -1 0 1 1 0 -1 1 -1 0 0 0 0
42	1	-1 0 -1 0 1 0 -1 0 0 -1 0 0 0 1 0 0 0 1 0 -1 1
42	2	1 0 -1 0 1 -1 0 1 0 0 0 0 1 1 -1 0 -1 0 0 -1 0
42	3	0 1 0 0 0 0 0 -1 0 1 0 -1 0 0 0 -1 0 0 -1 0 0
42	4	-1 0 0 0 0 1 -2 0 0 0 1 0 1 -1 -1 0 0 0 1 0 1
42	5	-1 -1 1 1 2 1 1 2 -2 -2 0 0 0 1 -1 0 -1 -1 0 -1 0
42	6	1 0 -1 0 1 0 0 1 0 -1 0 1 1 0 0 1 -1 0 -1 0 0
42	7	-1 2 -1 -2 0 -1 -1 -2 1 1 0 -2 0 0 0 -1 1 1 0 0 1
42	8	0 -1 0 1 2 0 1 1 -1 -1 -1 1 1 1 -1 0 -1 0 0 -1 1
42	9	0 -1 0 0 2 1 0 2 -1 -1 1 1 1 1 -1 1 -2 -1 0 -1 0
42	10	0 -1 1 1 0 0 1 0 -1 0 -1 0 -1 0 0 0 0 0 0 1 -1
42	11	-1 1 0 -1 0 0 -1 -1 0 1 0 -1 0 -1 0 -1 1 0 1 0 1
42	12	0 -2 0 1 0 0 1 1 -1 -1 0 1 0 0 0 1 0 0 0 0 0
42	13	0 -2 0 0 2 1 0 2 -1 -1 1 1 1 1 -1 1 -2 0 0 -1 0
42	14	0 0 0 0 1 0 1 1 -1 0 0 1 1 0 0 0 0 0 -1 0 0
42	15	-1 0 0 0 1 0 0 0 0 0 0 0 0 0 0 0 0 0 0 0 0
42	16	0 -1 0 0 1 1 0 1 0 0 1 1 1 0 -1 1 -2 -1 0 0 0
43	0	0 -1 1 1 1 1 1 1 -1 -1 -1 0 0 1 0 0 -1 0 -1 0 -1
43	1	-1 -2 1 1 2 1 1 2 -1 -2 1 0 1 0 -1 1 -2 -1 -1 0 0
43	2	0 0 0 0 0 0 0 1 -1 0 0 0 0 0 0 0 0 0 0 0 0
43	3	0 0 -1 0 1 0 0 0 0 -1 0 0 0 1 0 0 0 0 0 -1 0
43	4	0 1 -1 -1 0 -1 0 -1 0 1 -1 0 -1 0 1 0 2 1 0 0 0
43	5	0 1 0 0 -1 0 0 -1 0 2 0 -1 0 -1 0 -1 0 0 0 1 -1
43	6	0 -1 1 1 -1 1 0 0 0 0 0 0 0 0 0 0 0 0 0 0 -1
43	7	0 -1 0 1 1 0 1 0 -1 0 -1 1 0 0 -1 1 0 0 0 1 0
43	8	0 0 0 0 1 0 0 1 0 0 0 0 0 0 0 0 0 0 -1 -1 0
43	9	0 -1 0 0 0 1 0 0 0 0 1 0 0 1 0 0 -1 0 0 -1 0
43	10	0 0 0 0 0 1 0 0 0 -1 0 0 0 0 0 0 0 0 0 0 0
43	11	-1 0 1 1 1 0 0 0 -1 -1 -1 -1 0 0 -1 -1 0 0 1 0 1
43	12	-1 -1 1 1 1 1 0 1 -1 0 0 0 1 0 -1 0 -1 0 0 0 0
43	13	0 1 -1 -1 0 -1 -2 -1 1 1 1 -1 1 0 0 0 0 1 0 -1 0
43	14	0 0 0 0 0 0 0 0 0 0 0 0 1 -1 0 0 0 0 -1 1 0
43	15	0 0 -1 0 1 0 0 0 0 -1 0 0 1 0 0 0 0 0 0 -1 1
43	16	0 0 0 0 -1 1 -1 -1 1 0 1 0 0 -1 0 0 0 0 1 0 0
44	0	1 0 0 0 -1 0 -1 -1 1 1 0 1 0 0 0 1 0 1 0 0 0
44	1	0 -1 0 0 0 1 -1 0 1 -1 1 0 1 0 0 1 -1 0 0 0 0
44	2	0 2 -1 -1 -1 -1 -1 -2 1 2 0 -1 -1 -1 1 -1 2 1 0 0 0
44	3	0 2 0 -1 0 0 0 -1 0 1 -1 -1 0 0 0 -1 0 0 0 0 0
44	4	-1 0 0 0 0 1 -1 0 0 0 1 0 0 0 0 0 -1 0 0 0 0
44	5	0 -1 0 0 0 1 -1 0 1 0 1 0 0 0 0 1 -1 0 0 0 0
44	6	0 2 -1 -2 0 -1 -2 -2 1 1 0 -1 0 0 0 -1 2 1 1 -1 1
44	7	0 2 -1 -1 -1 -1 -1 -1 1 1 0 -1 0 0 1 -1 1 1 0 -1 0
44	8	0 -2 0 1 1 1 1 1 0 -1 0 1 0 0 -1 1 -1 0 0 0 0
44	9	0 2 -1 0 0 -1 1 0 0 0 -1 -1 -1 0 1 -1 1 0 -1 0 -1
44	10	0 1 0 1 0 0 1 0 -1 0 -1 -1 0 0 -1 -1 0 0 0 0 0
44	11	0 0 -1 0 1 0 1 0 -1 0 0 0 1 0 0 0 0 0 -1 0 0
44	12	0 -2 1 1 1 1 0 1 -1 -1 0 1 1 0 -1 1 -1 0 0 0 0
44	13	0 0 -1 0 0 0 -1 1 0 0 1 0 1 0 0 0 0 0 0 -1 0
44	14	0 1 0 -1 0 0 -1 -1 0 0 0 -1 0 0 0 -1 1 0 0 0 0
44	15	1 0 -1 0 -1 0 -2 -1 2 0 1 0 0 0 0 0 0 1 1 -1 0
44	16	0 0 -1 0 1 0 -1 0 1 0 0 1 0 0 -1 1 0 1 0 0 1
45	0	1 0 -1 0 -1 0 -1 0 1 0 1 0 0 0 1 0 0 0 0 -1 -1
45	1	0 1 0 0 -1 0 0 -1 0 1 0 -1 -1 0 0 -1 0 0 0 1 -1
45	2	0 0 0 0 0 0 -1 0 0 0 1 0 0 0 0 0 0 0 0 0 0
45	3	-1 0 1 0 1 1 0 1 -1 -1 1 0 1 -1 0 0 -1 -1 0 0 0
45	4	0 1 0 0 0 0 0 0 0 0 0 -1 0 0 0 -1 0 0 0 -1 0
45	5	0 0 -1 0 1 1 -1 1 0 -1 1 0 0 1 0 0 -1 0 0 -2 0
45	6	-1 -1 1 1 1 0 1 1 -1 -1 0 0 0 0 0 0 -1 0 0 0 0
45	7	-1 -1 0 0 1 1 -1 0 1 -1 1 0 1 -1 -1 1 -1 0 0 0 1
45	8	0 1 0 0 -1 0 0 0 0 1 0 -1 -1 0 1 -1 0 0 -1 0 -1
45	9	-1 0 0 -1 0 0 -1 0 0 1 1 0 0 0 0 0 0 0 1 0 0
45	10	1 -1 -1 0 1 0 0 1 0 0 0 1 0 1 0 1 -1 0 0 -1 0
45	11	0 0 -1 0 0 -1 0 -1 1 1 -1 0 -1 1 0 0 1 1 0 0 0
45	12	0 0 0 1 1 0 1 1 -1 0 0 0 0 1 0 0 -1 -1 -1 0 -1
45	13	1 0 -1 0 0 -1 0 -1 1 1 -1 0 -1 0 0 0 1 1 0 0 0
45	14	-1 -1 0 0 1 0 0 0 0 -1 0 0 0 0 0 0 0 1 0 0 1
45	15	-1 2 0 -1 -1 0 -1 -1 1 1 0 -1 0 -1 1 -1 1 0 0 0 0
45	16	-1 0 0 1 1 1 0 0 -1 -1 0 0 1 -1 -1 0 0 0 0 0 1
46	0	1 0 0 1 0 0 1 1 -1 1 -1 0 0 0 0 -1 0 0 -1 0 -1
46	1	-1 -1 0 0 1 0 0 1 -1 0 1 1 0 0 0 1 0 0 0 0 0
46	2	0 0 0 0 1 0 0 1 0 -1 0 0 0 0 0 0 -1 0 -1 0 0
46	3	0 -1 0 0 1 0 0 0 0 -1 1 1 1 0 -1 1 -1 0 0 0 1
46	4	0 0 -1 -1 0 0 -1 1 1 0 2 1 1 0 0 1 -1 0 0 -1 0
46	5	0 -2 0 1 1 1 1 2 -1 -1 0 1 0 1 0 1 -1 0 -1 -1 0
46	6	1 0 -1 1 1 0 1 1 0 0 -1 0 0 1 0 0 -1 0 -1 -1 -1
46	7	0 -1 0 1 1 1 1 2 -1 -1 0 1 1 0 -1 0 -1 -1 0 0 0
46	8	0 1 -1 -1 0 0 0 0 1 1 1 0 0 0 1 0 0 0 -1 -1 -1
46	9	0 2 0 -1 0 0 -1 -1 0 1 0 -1 0 -1 0 -1 1 0 0 0 0
46	10	0 -1 0 1 0 0 2 1 -1 0 -1 0 -1 1 0 0 0 0 -1 0 -1
46	11	-1 -2 1 0 1 1 0 1 -1 -1 1 1 1 0 -1 1 -1 0 1 0 1
46	12	0 1 -1 0 1 -1 0 0 0 0 -1 0 1 0 0 0 0 0 0 -1 1
46	13	0 1 -1 0 0 0 -1 0 1 0 1 0 0 0 0 0 0 0 0 -1 0
46	14	-2 -1 1 1 3 1 1 2 -2 -2 0 0 1 0 -2 0 -2 -1 0 0 1
46	15	0 -1 1 1 1 1 2 2 -1 -1 0 1 0 0 0 1 -2 -1 -1 0 -1
46	16	0 1 0 0 0 0 -1 -1 0 0 0 0 0 -1 0 0 1 0 0 1 0
47	0	1 1 -1 0 0 -1 0 -1 0 2 -1 0 0 0 0 -1 1 1 -1 0 0
47	1	-1 -1 0 0 2 1 0 1 -1 -1 0 0 0 1 0 0 -1 0 0 -1 0
47	2	0 0 0 0 -1 0 -1 0 0 0 1 0 1 -1 0 0 0 0 1 0 0
47	3	1 0 -1 0 0 0 -1 0 1 -1 0 0 0 0 0 1 0 1 0 -1 0
47	4	1 0 -1 0 0 0 -1 0 1 0 0 0 0 0 0 0 0 1 0 -1 0
47	5	1 1 -1 0 0 -1 0 -1 1 1 -1 0 1 0 0 0 0 1 -1 0 0
47	6	0 1 -1 -1 0 -1 1 0 0 1 0 0 0 0 1 0 1 0 -1 0 -1
47	7	0 0 0 0 1 0 0 0 0 0 0 0 1 0 -1 0 -1 0 0 0 0
47	8	1 0 -1 1 2 -1 1 1 -1 0 -1 0 1 1 -1 0 -1 0 -1 -1 0
47	9	2 1 -2 0 0 -1 0 -1 2 1 -1 0 0 1 0 0 0 1 -1 -1 0
47	10	1 0 -1 0 0 0 0 0 1 0 0 0 0 0 1 0 0 0 -1 -1 0
47	11	0 -2 1 2 2 1 2 2 -1 -2 -1 1 1 0 -1 1 -2 -1 -1 0 0
47	12	-1 -1 0 0 1 0 0 2 0 -1 1 1 0 1 0 1 -1 0 0 -1 0
47	13	0 -1 0 0 1 0 1 1 0 0 0 1 1 0 0 1 -1 0 -1 0 0
47	14	0 0 1 0 -1 1 -2 0 0 0 1 0 0 -1 0 0 0 0 1 0 0
47	15	0 -1 0 1 1 0 1 1 0 -1 0 1 1 0 -1 2 -1 0 -1 0 0
47	16	0 0 0 0 1 1 0 1 0 0 1 0 1 0 -1 0 -2 -1 0 -1 0
48	0	0 2 0 -1 -1 0 -1 -1 1 1 1 -1 0 0 1 -1 0 0 0 -1 -1
48	1	-1 1 0 0 1 -1 0 0 -1 0 -1 0 0 0 0 -1 1 0 0 0 1
48	2	-1 -1 1 1 1 1 1 2 -1 0 1 0 1 0 -1 0 -2 -1 -1 0 -1
48	3	-1 0 0 -1 0 1 -2 0 1 -1 2 0 1 -1 0 0 0 0 1 -1 1
48	4	-1 -1 1 1 2 1 0 2 -1 -2 0 1 1 0 -1 1 -1 -1 0 0 0
48	5	0 0 -1 0 1 0 -1 0 1 -1 0 0 0 0 -1 0 0 1 0 -1 1
48	6	0 0 -1 0 0 0 0 0 1 0 0 0 0 1 0 0 0 0 0 -1 0
48	7	0 -1 0 0 1 1 0 1 0 -1 0 1 0 1 0 0 -1 0 0 -1 1
48	8	-1 0 0 0 0 0 -1 0 0 0 1 0 1 -1 -1 0 0 0 1 0 1
48	9	0 1 -1 -1 1 0 -1 -1 0 0 0 0 0 0 0 0 1 1 0 -1 1
48	10	0 -2 0 0 1 0 0 2 -1 -1 1 1 1 1 0 1 -1 0 0 -1 0
48	11	0 1 -1 -1 -1 -1 -1 -1 0 1 0 0 -1 0 1 0 2 1 1 0 0
48	12	1 2 -2 -1 -1 0 -2 -2 2 1 0 -1 0 0 1 -1 1 1 0 -1 0
48	13	0 0 1 1 0 0 1 -1 -1 0 -2 0 -1 0 0 -1 1 0 0 1 0
48	14	0 1 -1 -1 -1 0 -1 -2 1 1 0 -1 -1 0 0 -1 1 1 1 0 0
48	15	0 0 1 0 0 0 0 0 0 1 0 0 0 0 0 0 0 0 0 0 -1
48	16	-1 -1 0 1 2 0 0 2 -1 -1 0 0 0 1 -1 0 -1 0 0 -1 0
49	0	0 -1 0 0 1 0 1 1 0 0 0 0 0 0 0 0 -1 0 -1 0 0
49	1	1 1 -2 -2 0 0 -2 -1 2 0 1 0 1 0 0 1 0 1 0 -1 1
49	2	-1 -1 1 0 2 1 1 2 -2 -1 0 1 1 0 -1 0 -1 -1 0 0 1
49	3	0 0 0 0 2 -1 1 1 -1 0 -1 0 1 1 -1 0 -1 0 -1 -1 1
49	4	0 0 0 0 0 0 -1 0 0 0 0 0 0 0 0 0 0 1 0 -1 1
49	5	-1 -1 0 0 1 0 0 1 0 -1 0 1 0 0 0 1 0 0 0 0 1
49	6	1 0 -1 0 0 0 -1 -1 1 1 0 0 0 1 0 0 -1 1 0 -1 0
49	7	0 1 -1 1 1 -1 1 1 -1 0 -1 0 0 0 0 0 0 0 -1 0 0
49	8	0 -2 0 1 2 1 2 2 -1 -1 -1 1 1 1 -1 1 -2 -1 -1 0 0
49	9	0 -1 1 1 0 1 0 0 0 0 0 0 1 -1 -1 0 -1 0 0 1 0
49	10	-1 -2 1 2 1 0 2 1 -2 -1 -1 0 0 0 -1 0 0 0 0 1 0
49	11	-1 0 0 0 2 0 0 1 0 -2 0 0 1 0 -1 1 -1 0 0 -1 1
49	12	1 -1 -1 0 0 0 -1 0 1 -1 0 1 0 1 1 1 0 1 0 -1 0
49	13	1 -2 1 2 -1 1 1 0 0 0 -1 1 -1 0 0 0 0 0 0 1 -1
49	14	0 1 0 0 0 0 0 0 -1 1 -1 0 0 0 0 -1 1 0 0 0 0
49	15	-1 -1 1 1 0 1 0 1 -1 -1 0 0 -1 0 0 0 0 0 0 0 0
49	16	-2 -1 1 0 1 0 1 1 -1 -1 0 0 0 0 0 0 0 0 0 0 0
50	0	0 0 0 0 -1 0 -1 -1 1 1 0 0 0 0 0 0 0 1 0 0 0
50	1	0 1 0 -1 1 0 0 0 0 0 0 0 0 0 0 0 0 0 -1 0 0
50	2	-1 -1 0 0 1 0 0 0 0 0 0 0 0 0 -1 0 0 0 1 0 1
50	3	-2 -2 2 1 1 2 1 1 -2 -2 0 0 0 0 -1 0 -1 -1 1 1 0
50	4	1 0 -1 -1 0 0 -2 0 1 0 2 0 1 0 0 1 -1 0 0 -1 0
50	5	-1 1 0 0 0 0 -1 -1 0 0 -1 -1 0 -1 0 -1 1 1 0 0 1
50	6	0 -1 0 0 1 1 1 2 -1 -1 1 1 1 0 0 1 -2 -1 -1 0 0
50	7	-1 0 -1 0 2 0 0 1 -1 -1 0 0 1 0 -1 0 0 0 0 -1 2
50	8	0 0 0 1 0 0 0 0 0 0 0 0 0 -1 0 0 0 0 0 1 0
50	9	0 0 0 1 0 0 1 0 -1 0 0 0 0 0 -1 0 0 0 0 0 0
50	10	0 0 0 1 0 0 1 0 0 0 -1 0 -1 1 0 0 0 0 0 0 -1
50	11	-1 -2 1 1 1 1 0 1 -1 -1 1 1 0 0 -1 1 -1 0 1 0 0
50	12	1 0 -1 -1 0 0 -1 -1 1 1 0 0 0 1 0 0 0 1 0 -1 0
50	13	0 1 0 0 0 -1 0 -1 0 1 -1 -1 -1 0 0 -1 1 1 0 0 0
50	14	0 1 0 0 -1 0 0 -1 0 1 0 0 0 -1 1 -1 1 0 0 0 0
50	15	0 1 -1 0 1 0 -1 0 0 0 0 0 1 -1 -1 0 0 1 0 -1 1
50	16	0 1 0 0 0 -1 0 0 0 0 0 0 1 -1 0 0 0 0 0 0 0
51	0	0 2 -1 -1 -1 -1 -1 -1 1 1 0 -1 -1 0 1 -1 1 1 0 -1 0
51	1	0 0 0 1 0 1 -1 0 0 -1 0 0 0 -1 0 0 0 0 0 0 0
51	2	-1 -1 2 1 0 1 1 0 -1 -1 -1 0 0 -1 0 0 0 0 0 1 0
51	3	0 -2 0 1 1 0 1 1 -1 -1 0 1 0 1 -1 2 -1 0 0 0 0
51	4	-1 0 1 0 0 1 -1 0 0 -1 0 0 1 -1 -1 0 0 0 1 0 1
51	5	0 0 0 0 0 0 -1 0 0 0 0 0 0 0 -1 0 0 0 1 0 0
51	6	-1 -1 0 0 0 1 -1 0 0 -1 1 1 0 0 0 1 0 0 1 0 1
51	7	-1 1 1 0 0 0 1 0 -1 0 -1 -1 0 0 0 -1 0 0 0 0 0
51	8	0 -1 0 1 1 0 1 1 -1 -1 -1 0 0 1 -1 0 0 0 0 0 0
51	9	-1 -1 2 1 0 1 1 1 -1 0 0 1 0 0 0 0 -1 -1 0 1 -1
51	10	0 3 -1 -1 -1 -1 -1 -2 1 2 -1 -1 -1 0 1 -2 2 1 0 0 0
51	11	0 0 1 1 0 0 1 0 -1 0 -1 0 0 -1 0 0 0 0 -1 1 0
51	12	0 1 -1 -1 0 -1 0 0 0 1 0 -1 0 1 0 -1 0 0 0 -1 0
51	13	0 1 0 0 -1 -1 1 -1 0 2 -1 -1 -1 0 1 -1 1 1 -1 0 -1
51	14	1 3 -2 -2 -1 -1 -2 -2 2 1 0 -2 0 0 1 -1 1 1 0 -1 0
51	15	-1 1 0 -1 0 0 0 -1 1 1 0 -1 0 0 0 -1 0 0 0 0 0
51	16	0 -1 1 1 0 1 0 1 -1 -1 0 0 0 0 0 0 0 0 0 0 -1
52	0	0 1 0 0 0 0 0 -1 0 0 0 -1 0 0 0 -1 0 0 0 0 0
52	1	-1 0 -1 -1 2 0 -1 1 1 -1 1 0 1 0 -1 1 -1 0 0 -1 1
52	2	0 1 0 0 0 0 0 -1 0 1 0 -1 0 0 0 -1 0 0 0 0 -1
52	3	-1 -1 1 1 1 1 1 1 -1 -1 0 0 0 0 -1 0 -1 -1 0 0 0
52	4	0 0 0 1 -1 0 0 -1 0 1 -1 0 -1 0 0 -1 1 1 1 0 0
52	5	-1 1 -1 -1 1 -1 -1 -1 0 0 0 -1 0 0 0 -1 1 1 0 0 1
52	6	0 0 0 0 0 0 -1 0 0 0 0 0 0 0 0 0 0 0 0 0 0
52	7	0 -2 0 1 1 0 0 1 0 -1 0 1 0 1 0 1 -1 0 0 0 0
52	8	1 1 -1 0 0 -1 0 0 0 0 0 0 1 0 0 0 0 0 0 -1 0
52	9	-1 1 0 -1 0 0 -1 0 1 1 1 0 0 -1 0 0 0 0 0 0 0
52	10	1 1 0 0 -1 0 0 0 0 1 0 0 0 0 1 0 0 0 -1 0 -2
52	11	1 1 -1 -1 -1 0 -1 -1 1 0 0 -1 0 0 1 -1 1 1 0 -1 0
52	12	-1 -1 1 1 2 1 1 1 -2 -1 0 0 1 0 -1 0 -1 -1 0 0 0
52	13	0 1 1 1 -1 0 1 -1 -1 1 -1 0 -1 -1 0 -1 1 0 0 2 -1
52	14	1 0 -1 0 0 -1 0 0 0 1 -1 0 0 1 0 0 0 1 -1 0 0
52	15	0 -1 0 0 0 1 -1 0 1 -1 1 0 0 0 0 0 -1 0 1 -1 0
52	16	0 0 -2 0 2 0 0 1 0 -1 0 1 1 1 -1 1 -1 0 0 -1 1
53	0	-1 -1 1 1 1 1 0 2 -1 -1 0 0 0 0 -1 0 -1 0 0 0 0
53	1	0 1 -1 -1 -1 0 -1 -1 1 0 1 0 0 -1 1 0 1 1 0 0 0
53	2	-1 1 0 0 1 0 1 1 -1 0 -1 0 0 0 0 -1 0 0 -1 0 0
53	3	0 1 -1 -1 -1 0 -1 -1 1 0 0 0 0 0 1 0 1 1 0 0 0
53	4	0 0 -1 0 1 0 0 1 0 0 1 0 1 0 -1 0 -1 0 0 -1 0
53	5	0 0 0 0 0 0 0 0 0 0 0 0 0 0 0 1 0 0 0 0 -1
53	6	0 1 -1 0 -1 0 -2 -2 2 0 0 0 0 -1 0 0 1 1 1 0 1
53	7	-1 -1 1 0 1 0 0 0 -1 0 0 0 0 0 -1 0 0 0 1 0 1
53	8	0 0 0 0 1 1 0 0 0 -1 -1 0 0 0 0 0 0 0 0 0 0
53	9	-1 1 0 -1 0 0 -2 -2 1 0 0 -1 0 -1 0 -1 1 1 1 0 1
53	10	1 0 -1 0 -1 0 0 0 1 1 0 0 0 1 0 0 -1 0 0 0 -1
53	11	0 2 -1 -2 -1 0 -2 -2 2 1 1 -1 0 -1 1 0 1 1 0 0 0
53	12	-1 0 1 1 0 0 1 1 -1 0 -1 -1 -1 0 0 -1 0 0 0 0 -1
53	13	0 -1 0 0 0 0 -1 0 0 0 1 1 0 0 0 1 0 0 1 0 0
53	14	0 0 0 0 0 0 -1 -1 1 0 0 0 0 0 0 0 0 1 0 0 0
53	15	0 0 0 1 2 -1 2 1 -1 0 -2 0 0 1 -1 0 -1 0 -1 0 0
53	16	-1 -1 0 0 1 0 0 1 0 0 1 0 1 0 -1 1 -1 0 0 0 0
54	0	-1 1 0 -1 -1 0 -1 -1 1 1 1 -1 0 -1 1 -1 1 0 0 0 0
54	1	-1 -1 -1 0 2 1 -2 1 0 -2 1 1 1 0 -1 1 -1 0 1 -1 2
54	2	0 -1 -1 0 2 1 -1 1 1 -2 1 0 1 1 -1 1 -2 0 0 -2 1
54	3	0 0 0 0 0 0 0 0 0 0 -1 0 -1 1 0 0 0 1 0 -1 0
54	4	0 0 0 0 1 0 0 0 0 0 1 0 1 0 -1 1 -1 0 -1 0 0
54	5	0 -1 0 0 0 0 -1 0 1 0 1 1 0 0 0 1 0 1 0 0 0
54	6	0 0 0 0 0 0 1 0 0 1 0 0 1 0 0 0 -1 0 -1 0 0
54	7	0 0 0 0 -1 0 0 0 0 0 1 0 0 0 1 0 0 0 0 0 -1
54	8	0 0 0 1 0 0 0 0 0 -1 0 0 0 0 0 0 0 0 0 0 0
54	9	0 -1 0 0 1 0 1 1 -1 0 0 1 0 1 -1 1 -1 0 0 0 0
54	10	0 0 1 1 -1 1 -1 -1 0 0 0 -1 -1 0 0 -1 0 0 1 0 -1
54	11	0 0 0 0 0 0 1 0 0 1 0 0 -1 1 0 0 0 0 -1 0 -1
54	12	-1 -1 0 0 2 1 -1 1 0 -1 1 1 1 0 -1 1 -1 0 0 -1 1
54	13	0 0 0 0 1 0 1 1 -1 0 0 -1 0 1 0 -1 -1 0 -1 -1 -1
54	14	-1 -2 1 1 2 0 1 2 -1 -2 -1 1 1 0 -1 1 -1 0 0 0 1
54	15	0 1 0 0 0 -1 -1 -1 0 0 -1 0 0 0 0 0 1 1 0 0 1
54	16	0 -1 0 0 1 0 0 1 0 0 0 0 0 1 -1 0 -1 0 0 0 0
55	0	-1 -1 0 0 1 0 0 2 -1 -1 1 1 0 0 0 1 0 0 0 0 0
55	1	1 0 -2 0 0 0 0 0 1 0 0 1 0 0 0 1 0 0 0 0 0
55	2	-1 -1 1 1 1 0 1 0 -1 0 -1 0 0 0 -1 0 0 0 0 1 0
55	3	-1 0 0 0 0 0 -1 0 0 0 1 -1 0 0 0 -1 0 0 1 -1 0
55	4	-1 1 0 -1 1 -1 -1 -1 0 0 -1 -1 0 0 0 0 1 1 0 0 1
55	5	0 0 0 1 1 0 1 1 -1 -1 -1 0 0 0 0 0 0 0 -1 0 0
55	6	0 1 0 0 -1 0 0 0 0 1 0 -1 0 0 0 -1 0 0 0 0 -1
55	7	0 -1 0 1 0 0 0 1 -1 0 0 1 0 0 0 1 0 0 0 0 0
55	8	0 0 0 0 0 0 -1 -1 0 0 0 0 1 0 -1 0 0 0 1 0 1
55	9	0 0 0 0 0 0 -1 -1 1 0 0 0 -1 0 0 0 1 1 0 0 0
55	10	0 0 -1 -1 0 1 -1 0 1 0 2 0 1 0 0 1 -1 0 0 -1 0
55	11	-1 -2 1 1 0 1 1 1 -1 -1 0 1 0 0 0 1 0 0 0 0 0
55	12	1 0 -1 0 0 0 -1 -1 1 0 0 0 0 0 0 0 0 1 0 0 0
55	13	0 1 -1 -1 0 0 -2 -1 1 0 1 0 0 0 0 0 0 0 1 -1 1
55	14	-1 1 1 0 -1 0 0 -1 0 1 0 -2 0 -1 0 -1 0 0 0 1 -1
55	15	-1 0 0 0 2 1 0 1 0 -1 0 0 1 0 -1 0 -1 0 -1 -1 1
55	16	0 1 -1 -1 0 0 -1 -1 1 0 0 0 0 0 0 0 1 1 0 -1 1
56	0	1 0 -1 0 1 -1 0 1 0 0 0 0 1 1 -1 1 -1 0 -1 -1 0
56	1	-1 -1 0 0 1 1 0 1 0 -1 0 0 0 0 -1 0 -1 0 0 0 1
56	2	0 1 -1 -1 -2 0 -1 -1 1 1 1 0 -1 0 2 0 1 1 0 0 -1
56	3	-1 -1 0 0 2 0 1 1 -1 -1 0 0 0 1 0 0 -1 0 0 -1 0
56	4	-1 -1 1 1 2 0 1 1 -1 -2 -2 0 0 0 -1 0 0 0 0 0 1
56	5	-1 0 0 0 1 0 -1 -1 0 -1 -1 0 0 0 -1 0 1 1 1 0 2
56	6	0 -1 0 0 1 1 0 0 0 -1 0 1 1 0 0 1 -1 0 0 0 0
56	7	0 0 0 0 1 0 0 0 0 -1 0 0 1 -1 -1 0 0 0 0 0 1
56	8	-1 -1 0 0 1 0 1 1 -1 0 0 1 0 0 0 0 0 0 0 0 1
56	9	-1 0 1 0 0 0 0 0 -1 1 0 -1 0 0 0 -1 0 0 0 0 0
56	10	-1 -1 1 1 1 1 0 1 -1 -1 0 0 0 0 -1 0 -1 -1 1 0 0
56	11	-1 0 0 -1 0 0 0 0 0 1 1 0 0 0 0 0 0 0 0 0 0
56	12	-1 -1 0 0 2 0 -1 1 0 -2 0 0 1 0 -1 1 -1 0 1 -1 2
56	13	-1 0 0 0 1 0 1 1 -1 0 0 0 0 0 0 0 0 0 -1 0 0
56	14	0 -2 1 2 1 0 2 1 -1 -1 -1 1 1 0 -1 1 -1 0 -1 1 0
56	15	0 0 -1 0 2 0 -1 1 0 0 0 1 1 0 -1 1 -1 0 0 -1 1
56	16	-1 -1 1 1 2 1 0 0 -1 -1 -1 0 1 0 -2 0 -1 0 1 0 1
57	0	-1 1 0 -1 -1 0 -2 -1 1 1 0 -1 0 -1 0 -1 1 1 1 0 1
57	1	-1 -2 1 1 1 1 0 1 -1 -1 0 0 0 1 -1 0 -1 0 1 -1 0
57	2	0 0 0 0 0 0 0 0 0 0 0 0 0 1 0 0 0 0 0 -1 0
57	3	0 1 0 1 0 -1 1 -1 0 1 -2 0 -1 0 0 -1 1 1 -1 1 0
57	4	-1 -1 0 0 1 0 -1 1 0 -1 1 0 1 0 -1 1 -1 0 1 -1 1
57	5	0 1 0 0 -1 0 -1 -2 1 1 0 -1 0 -1 0 -1 1 1 0 1 0
57	6	0 1 0 0 1 0 0 0 0 0 -1 -1 0 1 -1 -1 -1 0 0 -1 0
57	7	0 1 -1 0 0 -1 0 -1 0 0 -1 0 -1 0 0 0 2 1 0 0 1
57	8	0 0 0 0 0 -1 1 1 -1 1 0 0 1 0 0 0 0 0 -1 0 0
57	9	1 0 0 1 -1 0 1 0 0 1 -1 1 -1 0 1 0 0 0 -1 1 -1
57	10	-1 -2 1 1 2 2 0 2 -1 -2 1 1 1 0 -1 1 -2 -1 0 0 0
57	11	2 2 -1 0 -2 -1 -1 -2 1 2 -1 -1 -1 0 1 -1 1 1 0 0 -1
57	12	0 -1 0 1 1 0 0 1 -1 -1 0 1 0 0 0 0 0 0 0 0 0
57	13	-1 -1 1 0 0 0 0 1 -1 0 0 0 0 0 0 0 0 0 0 1 0
57	14	1 1 -1 0 0 0 0 -1 0 0 -1 0 0 0 0 0 1 1 -1 0 0
57	15	0 1 -1 -1 1 -1 -1 -1 0 0 -1 0 0 0 0 0 1 1 0 0 2
57	16	-1 0 1 1 -1 1 0 0 0 0 0 0 0 -1 0 -1 0 0 0 1 0
58	0	-1 1 0 0 0 0 0 -1 0 1 0 0 -1 -1 0 0 1 0 0 1 0
58	1	0 -1 0 1 0 1 1 0 0 0 0 0 0 0 -1 0 -1 0 0 0 0
58	2	-1 0 1 0 0 0 0 0 0 0 0 0 0 -1 0 0 0 0 0 1 0
58	3	0 1 -1 -1 1 0 -1 0 0 0 0 0 1 0 0 0 0 0 0 -1 1
58	4	0 0 1 1 1 1 1 1 -1 -1 -1 0 1 0 -1 0 -1 -1 -1 0 0
58	5	0 1 0 0 -1 0 -1 -2 1 1 0 -1 0 0 0 -1 0 0 1 0 0
58	6	1 0 -1 0 -1 0 0 0 0 1 1 0 0 0 0 0 0 0 0 0 -1
58	7	0 1 -2 -1 0 -1 -2 -1 1 0 1 0 0 0 0 0 1 1 1 -1 1
58	8	-1 1 0 0 0 0 0 -1 0 0 0 -1 0 0 0 -1 1 0 0 0 0
58	9	0 -1 0 0 1 1 -1 1 0 -2 1 1 1 0 -1 1 -1 0 1 -1 1
58	10	-1 1 0 0 0 0 -1 -1 0 0 0 -1 -1 0 0 -1 1 1 0 0 0
58	11	0 0 0 1 1 0 1 2 -1 0 0 0 0 0 0 0 -1 -1 -1 0 -1
58	12	0 0 0 1 1 0 0 1 -1 -1 0 0 1 -1 0 0 0 0 -1 0 0
58	13	-1 -2 2 1 2 1 1 2 -2 -1 0 1 1 0 -1 1 -2 -1 0 0 0
58	14	0 0 1 0 -1 1 0 -1 0 0 0 -1 -1 0 1 -1 0 0 0 0 -1
58	15	0 1 -1 0 0 0 -2 -1 1 0 1 -1 0 0 0 0 0 1 0 -1 0
58	16	0 1 0 0 0 0 -1 -1 0 0 0 0 0 -1 0 0 1 1 0 0 0
59	0	0 1 -1 -1 0 -1 -1 -1 0 0 0 -1 0 0 0 0 1 1 0 0 1
59	1	0 1 0 0 1 -1 1 0 -1 1 -1 -1 1 0 -1 -1 0 0 -1 0 0
59	2	0 0 0 0 -1 0 0 -1 0 0 0 0 -1 0 1 -1 1 1 0 0 0
59	3	0 -1 0 0 1 0 -1 0 1 -1 0 0 1 0 -1 1 -1 1 0 -1 1
59	4	-1 1 0 -1 1 0 -1 0 -1 0 1 -1 1 0 -1 -1 0 0 1 -1 1
59	5	1 0 -1 0 1 0 0 1 0 0 0 1 1 1 0 1 -1 0 -1 -1 0
59	6	1 -1 -1 1 0 0 1 1 0 0 0 1 0 1 1 1 -1 0 -1 -1 -1
59	7	1 -1 -1 1 1 0 1 1 0 0 -1 2 0 1 0 1 -1 0 -1 0 0
59	8	1 0 0 1 0 0 0 0 1 0 0 0 0 0 0 0 -1 0 -1 0 -1
59	9	0 1 0 0 0 -1 0 -1 -1 1 -1 -1 0 0 0 -1 1 0 0 0 0
59	10	0 1 -1 -1 -1 0 -1 0 1 0 1 0 1 0 1 0 0 0 0 -1 0
59	11	-1 0 -1 0 1 0 -1 0 0 -1 0 0 0 0 -1 0 0 1 1 -1 2
59	12	1 0 -1 0 0 -1 -1 0 1 0 0 0 0 0 0 1 0 1 0 -1 0
59	13	-1 -1 1 1 2 1 0 1 -2 -1 0 0 1 0 -2 0 -1 0 0 0 1
59	14	1 0 0 1 0 0 1 0 0 0 -1 -1 0 1 0 0 -1 0 -1 -1 -1
59	15	-1 1 -1 -1 1 -1 -1 0 0 -1 0 0 1 0 0 0 1 1 0 -1 2
59	16	-1 1 0 0 1 0 0 0 -1 -1 0 -1 0 -1 0 -1 1 0 0 0 0
60	0	-1 -2 1 1 2 2 1 2 -1 -2 1 1 1 0 -1 1 -2 -1 0 -1 0
60	1	0 0 0 0 1 0 0 0 0 0 0 -1 0 1 -1 0 -1 0 0 -1 0
60	2	0 0 0 1 1 0 1 0 0 0 0 0 0 0 0 0 -1 0 -1 0 -1
60	3	-1 -1 0 0 2 1 0 2 0 -1 1 0 1 0 -1 1 -2 -1 0 -1 0
60	4	0 1 -1 0 1 0 -1 0 0 -1 -1 0 0 0 0 -1 1 1 0 -1 1
60	5	1 1 -1 0 -1 -1 -1 -1 1 1 0 0 1 -1 0 0 1 1 0 0 0
60	6	0 0 0 0 0 0 0 0 0 0 0 0 0 0 0 0 0 1 0 -1 0
60	7	1 0 0 0 -1 0 0 0 0 1 0 0 0 0 1 0 0 0 -1 0 -1
60	8	0 -1 1 1 0 2 -1 0 0 -1 0 0 0 0 -1 0 -1 0 1 0 0
60	9	0 0 -1 0 2 -1 0 0 0 -1 -1 1 1 0 -1 1 0 1 0 -1 2
60	10	0 1 0 0 0 0 -1 0 0 0 0 0 0 -1 0 0 1 0 0 0 0
60	11	0 0 0 0 0 1 -1 1 0 -1 1 0 1 0 0 0 -1 0 0 -1 0
60	12	-1 1 0 -1 -1 0 -1 -1 1 0 0 -1 -1 0 1 -1 1 1 0 0 0
60	13	-1 0 0 0 2 0 1 0 -1 -1 -1 0 1 0 -1 0 0 0 0 0 1
60	14	-1 -1 1 0 0 1 -1 1 -1 -1 1 0 1 -1 -1 0 0 0 1 0 1
60	15	-1 2 0 0 -1 0 0 -1 0 1 0 -1 -1 -1 1 -1 1 0 0 1 -1
60	16	0 -1 0 0 2 0 0 2 -1 -1 0 1 1 1 -1 1 -1 0 0 -2 1
61	0	0 -1 0 1 2 0 1 1 -1 -1 -1 1 1 0 -1 1 -1 0 0 0 1
61	1	0 2 -1 -1 0 -1 -2 -1 1 1 0 0 0 -1 0 0 1 1 0 0 1
61	2	0 1 -1 -1 1 0 -2 -1 1 -1 0 -1 1 0 -1 0 0 1 0 -1 2
61	3	1 1 -1 -1 0 0 -1 0 1 0 1 0 1 0 1 0 -1 0 -1 -1 0
61	4	0 0 -1 -1 0 0 -1 0 1 0 1 1 0 0 0 1 0 1 0 0 0
61	5	0 0 0 1 0 0 1 0 -1 0 -1 0 -1 1 0 0 0 0 0 0 -1
61	6	1 0 -1 0 0 -1 1 0 0 1 -1 0 0 0 0 0 0 1 -1 0 0
61	7	-1 0 0 0 1 1 -1 0 0 -1 0 0 0 0 0 0 0 0 0 -1 1
61	8	0 0 -1 0 0 0 -1 0 1 0 1 -1 0 0 0 0 0 0 0 -1 0
61	9	0 -1 0 1 1 0 1 1 0 -1 -1 1 0 -1 0 1 0 0 -1 1 0
61	10	-1 1 0 0 0 0 0 -1 0 0 0 -1 -1 0 0 -1 1 0 0 0 0
61	11	-1 0 0 0 0 0 1 1 -1 0 0 0 -1 0 1 0 0 0 0 0 -1
61	12	-1 0 0 -1 0 0 -1 0 1 0 1 -1 0 0 0 0 0 1 0 -1 0
61	13	1 0 -1 -1 0 -1 -1 -1 1 1 0 0 0 1 0 1 0 1 0 -1 0
61	14	0 1 -1 0 1 -1 -1 0 0 0 -1 0 1 0 0 0 0 1 0 -1 1
61	15	-1 -1 0 0 2 1 0 1 -1 -1 0 0 1 0 -1 0 -1 0 0 0 1
61	16	0 0 -1 0 1 0 -1 0 0 0 0 0 1 1 -1 0 -1 0 1 -1 1
62	0	0 0 -1 0 2 0 0 1 0 -1 0 1 0 1 -1 1 -1 0 0 -1 1
62	1	0 -1 0 1 1 1 1 1 -1 0 0 0 0 0 -1 0 -1 -1 0 0 0
62	2	-1 0 0 -1 2 0 0 1 -1 -1 0 0 1 0 -1 0 0 0 0 0 1
62	3	-1 -1 2 1 1 1 1 1 -1 -1 0 0 1 0 -1 0 -2 -1 0 0 0
62	4	-1 -2 2 2 1 1 2 2 -2 -1 0 0 0 0 -1 0 -1 -1 -1 1 -1
62	5	0 0 0 0 -1 0 -1 -1 0 0 0 0 0 0 0 -1 1 1 1 0 1
62	6	0 0 0 -1 1 0 0 1 0 0 1 0 1 0 0 0 -1 0 -1 -1 0
62	7	0 1 -1 0 0 0 -1 0 0 0 0 0 0 0 0 0 0 1 0 0 0
62	8	-1 0 0 0 0 -1 0 -1 0 1 0 0 -1 0 0 0 1 1 0 1 0
62	9	-1 1 0 -1 1 0 0 0 0 0 0 -1 1 -1 -1 -1 0 0 0 0 1
62	10	0 1 -1 0 1 0 -2 -1 1 0 0 -1 1 -1 -1 0 0 1 0 -1 1
62	11	0 0 -1 0 1 0 1 1 0 0 0 0 0 1 0 0 -1 0 -1 -1 0
62	12	0 -1 0 0 1 1 0 2 -1 -1 0 1 0 1 0 0 -1 0 0 -1 0
62	13	0 1 0 0 -1 1 -2 -1 1 0 1 0 0 -1 0 0 0 0 1 0 0
62	14	0 -1 0 1 2 0 2 2 -1 -1 0 1 1 0 -1 1 -2 -1 -1 0 0
62	15	0 1 0 -1 -1 0 -1 -1 1 1 1 0 0 -1 0 0 1 1 0 0 0
62	16	-1 0 0 0 1 0 0 0 0 0 0 0 0 0 0 0 0 0 0 0 0
63	0	-1 1 0 -1 -1 0 -2 -1 0 1 1 -1 0 -1 0 -1 1 1 1 0 1
63	1	-1 0 1 0 2 1 0 1 -1 -2 0 0 1 0 -1 0 -1 -1 0 -1 1
63	2	1 1 -1 0 0 0 -1 0 1 0 0 0 1 0 0 0 -1 1 -1 -1 0
63	3	0 2 -1 -1 -1 -1 -1 -1 1 1 0 0 0 0 1 0 1 1 0 -1 0
63	4	0 0 0 0 0 0 0 1 0 0 0 1 0 0 0 0 0 0 0 0 0
63	5	-1 -1 1 0 0 1 0 0 0 0 0 0 0 0 0 0 -1 0 0 1 0
63	6	0 0 0 0 -1 1 -1 -1 1 0 1 0 0 -1 0 0 0 0 1 0 0
63	7	0 -2 1 1 1 1 0 2 -1 -1 0 1 0 1 -1 1 -1 0 0 -1 0
63	8	-1 0 0 -1 1 0 -1 0 0 -1 0 0 0 0 0 0 1 0 1 -1 1
63	9	0 1 -1 -1 0 0 -1 -1 1 0 0 0 1 0 0 0 0 1 0 -1 1
63	10	0 0 0 0 -1 0 0 0 0 1 1 0 0 0 0 0 0 0 0 0 -1
63	11	1 -1 -1 1 0 0 0 0 0 0 -1 0 -1 1 0 0 0 1 0 -1 0
63	12	0 1 -1 -1 0 -1 -1 -1 1 0 0 0 1 0 0 0 1 1 0 -1 1
63	13	0 2 -1 -1 0 -1 -1 -1 1 0 0 -1 0 0 1 -1 1 1 0 -1 0
63	14	-1 1 0 0 2 0 0 0 -1 -1 -1 -1 0 0 -1 -1 0 0 0 0 1
63	15	-1 1 0 -1 0 0 -1 0 0 0 1 0 0 -1 1 -1 1 0 0 0 0
63	16	0 1 -1 0 0 -1 0 0 0 1 0 0 0 0 0 0 0 0 0 0 0
64	0	1 1 -1 0 1 -1 -1 0 0 0 -1 0 1 0 -1 0 0 1 0 -1 1
64	1	0 0 0 1 0 0 1 0 0 0 -1 -1 0 0 -1 -1 0 0 0 0 0
64	2	0 0 -1 0 2 -1 0 1 0 -1 -1 0 1 1 -1 1 -1 0 0 -1 1
64	3	0 -1 0 0 2 0 1 1 0 -1 0 0 1 1 -1 1 -2 0 -1 -1 0
64	4	-1 -1 1 1 1 1 0 1 -1 -1 0 0 0 0 0 0 -1 0 0 0 -1
64	5	0 -1 -1 0 2 0 0 0 0 -1 0 0 1 0 -1 1 -1 0 0 0 1
64	6	0 -2 1 2 2 1 3 2 -2 -1 -1 1 0 1 -1 1 -2 -1 -1 0 -1
64	7	-1 1 0 0 0 0 0 -1 0 1 0 -1 0 -1 -1 -1 1 0 0 1 0
64	8	0 -1 0 0 0 1 -1 0 1 -1 1 1 1 0 0 2 -1 0 0 0 0
64	9	-1 1 0 -1 1 0 -1 0 0 0 0 0 1 -1 0 0 0 0 0 0 1
64	10	1 -1 0 1 0 1 0 0 1 0 0 1 0 0 0 1 -1 0 -1 0 -1
64	11	-1 -1 1 1 0 0 1 1 -1 0 -1 0 -1 1 0 -1 0 0 0 0 0
64	12	0 1 0 0 -1 0 -1 -1 0 1 0 0 0 -1 0 0 1 0 1 0 0
64	13	-1 1 0 0 0 1 0 -1 0 0 0 -1 0 -1 0 -1 0 0 0 1 0
64	14	0 -1 -1 0 2 0 0 1 0 -1 0 1 1 1 -1 1 -1 0 0 -1 1
64	15	-1 0 0 0 1 -1 1 0 -1 0 -1 0 0 0 0 -1 1 0 0 0 1
64	16	0 1 -1 0 -1 0 -1 -2 1 1 0 -1 0 0 0 -1 1 1 0 0 0
65	0	0 -1 0 0 0 0 0 0 0 1 1 0 0 1 0 0 -1 0 0 0 -1
65	1	1 2 -2 -2 -1 -2 -2 -2 2 2 0 0 0 0 1 0 2 2 0 -1 1
65	2	0 0 0 0 1 0 -1 0 0 -1 0 0 1 0 -1 0 0 0 1 -1 1
65	3	0 -1 0 0 1 1 -1 2 0 -2 1 1 1 0 0 1 -1 0 0 -1 0
65	4	0 0 0 0 0 1 -1 0 0 0 0 0 0 0 0 0 0 0 0 0 0
65	5	0 1 0 0 -1 -1 -1 -2 0 1 -1 -1 0 -1 0 -1 2 1 1 0 1
65	6	0 0 0 0 0 0 -1 0 1 0 1 0 0 0 0 1 -1 0 0 0 -1
65	7	0 0 1 1 0 0 1 0 -1 0 -1 1 0 -1 0 0 0 0 0 1 0
65	8	1 0 -2 0 1 -1 0 1 1 -1 -1 1 0 1 0 1 0 1 -1 -1 1
65	9	0 0 -1 0 0 0 0 1 0 0 1 0 0 0 0 0 0 0 0 -1 0
65	10	-1 -1 0 0 1 0 -1 0 0 -1 0 0 0 0 -1 0 0 1 1 -1 2
65	11	0 1 -1 0 0 -1 0 -1 0 0 -1 0 0 0 0 -1 1 1 0 0 1
65	12	1 1 -1 0 0 0 -1 -1 1 0 0 0 0 0 0 0 0 0 0 0 0
65	13	0 0 0 1 -1 0 0 0 0 1 0 0 0 -1 0 0 0 0 0 1 -1
65	14	-1 -3 2 2 2 1 2 3 -3 -2 0 1 1 0 -1 1 -2 -1 0 0 0
65	15	0 0 -1 -1 0 0 -2 0 1 -1 1 0 0 0 0 1 0 1 1 -1 1
65	16	0 0 1 1 0 0 1 -1 -1 1 -1 0 0 0 -1 -1 0 0 0 1 0
66	0	-1 1 0 0 0 0 0 0 0 0 0 -1 -1 0 1 -1 1 0 -1 0 -1
66	1	0 0 0 0 0 0 0 -1 0 1 1 0 0 0 0 0 0 0 0 0 -1
66	2	0 -1 0 1 1 0 0 0 0 0 0 1 1 0 -1 1 -1 0 0 0 1
66	3	0 0 -1 -1 1 0 -1 0 1 -1 0 0 1 0 -1 0 0 1 0 -1 2
66	4	0 -1 0 0 0 1 -1 0 1 -1 1 0 1 -1 0 1 -1 0 0 0 0
66	5	0 1 -1 -1 0 -1 -1 -2 1 1 0 -1 1 -1 0 0 1 1 0 0 1
66	6	0 0 0 1 0 0 1 0 -1 0 0 0 0 0 1 0 0 0 -1 0 -1
66	7	-1 1 0 0 0 -1 1 -1 -1 1 -1 -1 0 0 0 -1 1 0 0 1 0
66	8	1 1 -1 0 0 0 1 -1 0 1 -1 -1 0 0 0 -1 0 0 -1 0 0
66	9	0 -1 0 1 1 0 0 1 -1 -1 0 1 0 0 0 1 0 0 0 0 0
66	10	1 -1 0 2 0 0 1 1 0 0 -1 1 0 0 0 1 -1 0 -1 0 -1
66	11	0 0 0 1 0 0 0 0 -1 0 -1 0 -1 0 0 -1 1 1 0 0 0
66	12	0 0 -1 0 2 0 0 1 0 0 0 1 1 0 -1 1 -1 0 0 -1 1
66	13	1 1 -2 -1 0 -1 -1 -1 1 0 0 0 -1 1 1 0 1 1 0 -1 0
66	14	1 0 -1 0 0 0 -1 0 1 1 0 0 0 1 0 0 -1 0 0 -1 0
66	15	0 0 0 0 0 0 0 0 -1 0 0 1 0 0 1 0 1 0 0 0 0
66	16	-1 -1 1 1 1 1 1 1 -1 -1 -1 0 0 0 -1 0 -1 0 0 0 0
67	0	0 -1 0 1 0 0 1 1 0 0 0 0 0 1 0 0 -1 0 -1 0 -1
67	1	-1 1 0 0 2 0 0 0 -1 0 -1 -1 1 0 -1 -1 0 0 0 -1 1
67	2	-1 1 0 0 0 -1 1 0 -1 1 -1 -1 -1 0 0 -1 1 0 0 0 0
67	3	-1 -1 1 1 1 0 1 1 -2 -1 -1 0 0 0 -1 0 0 0 0 1 0
67	4	-1 -1 1 1 2 0 1 2 -2 -2 0 0 1 0 -1 0 -1 -1 0 0 0
67	5	0 -2 0 1 1 1 0 1 0 -1 0 1 0 1 -1 1 -1 0 0 0 0
67	6	-1 0 1 0 0 1 0 0 0 0 0 0 0 -1 0 -1 0 0 0 1 0
67	7	0 0 0 0 0 0 1 1 -1 0 0 0 0 0 1 0 0 0 -1 0 -1
67	8	-1 -1 1 1 1 1 0 1 -1 -2 0 0 1 0 -1 0 -1 -1 0 0 1
67	9	0 0 -1 0 1 0 -1 1 0 -1 0 0 0 1 0 0 0 0 0 -1 0
67	10	1 0 -1 0 -1 0 -1 -1 1 0 0 0 0 -1 1 0 1 1 0 0 0
67	11	0 0 -1 -1 1 0 -1 0 0 0 0 0 0 1 0 0 0 1 0 -1 1
67	12	2 1 -2 -1 -1 -1 -2 -1 2 1 1 0 1 0 0 1 0 1 0 -1 0
67	13	-1 -2 0 1 2 1 0 2 -1 -2 0 1 1 0 -2 1 -1 0 1 -1 2
67	14	-1 0 0 0 0 0 1 0 0 0 0 -1 -1 0 0 -1 0 0 0 0 0
67	15	1 0 -1 0 1 -1 1 0 0 0 -1 1 0 1 0 1 0 1 -1 0 0
67	16	1 1 -2 -1 1 -1 0 0 1 0 0 0 1 1 0 1 -1 0 -1 -1 0
68	0	0 3 -1 -1 -1 -1 0 -2 1 1 -1 -1 -1 -1 1 -1 2 1 -1 1 0
68	1	1 0 0 1 -1 0 0 -1 1 1 0 1 0 -1 0 1 0 0 0 1 -1
68	2	-1 0 1 0 1 1 0 1 -1 -1 1 0 0 0 0 0 -1 -1 0 0 -1
68	3	0 -1 0 1 0 1 1 0 0 0 -1 1 -1 0 0 0 0 0 0 1 0
68	4	1 0 0 0 -1 1 -1 -1 1 1 1 0 0 0 0 0 -1 0 0 0 -1
68	5	0 0 0 0 1 0 1 0 -1 0 -1 -1 0 1 -1 -1 0 0 0 0 0
68	6	0 -1 0 0 2 1 1 2 -1 -1 0 0 1 1 -1 0 -2 -1 0 -1 0
68	7	0 -1 0 1 1 0 0 2 0 -2 0 1 1 0 -1 1 -1 0 0 -1 1
68	8	-1 0 0 -1 1 1 -2 0 0 0 2 0 1 0 -1 0 -1 0 1 -1 1
68	9	1 0 -1 1 0 0 0 0 0 0 -1 0 0 0 0 0 0 1 -1 0 0
68	10	0 0 0 0 0 0 -1 0 0 0 0 0 1 0 -1 0 0 0 1 -1 1
68	11	-1 0 0 0 1 0 0 1 -1 0 0 0 0 0 0 0 0 0 -1 0 0
68	12	1 2 -1 -1 -2 -1 -2 -2 1 2 0 -1 -1 0 1 -1 2 1 1 0 -1
68	13	-1 -2 1 1 1 1 1 2 -1 -1 1 1 1 0 -1 1 -2 -1 0 0 0
68	14	0 0 0 -1 1 0 -1 0 0 0 1 0 1 0 0 0 -1 0 0 -1 1
68	15	1 1 -1 0 -2 0 -1 -2 2 1 0 0 -1 0 1 0 1 1 0 0 -1
68	16	0 0 -1 -1 1 0 -1 0 1 0 1 0 0 1 0 1 -1 0 0 -1 0
69	0	0 2 0 0 -1 -1 0 -2 0 1 -1 -1 0 -1 0 -1 1 1 0 1 0
69	1	-2 0 1 0 1 0 0 1 -1 -1 0 0 0 0 0 0 0 0 0 0 0
69	2	0 -1 -1 1 2 0 1 1 0 -1 -1 1 0 1 -1 1 -1 1 -1 -1 1
69	3	0 0 0 -1 0 1 0 0 0 0 1 0 0 1 0 0 -1 0 0 -1 0
69	4	0 1 0 0 0 0 1 -1 0 0 -1 0 0 0 0 0 0 0 0 0 0
69	5	1 -1 -1 0 0 0 -1 0 1 0 0 1 -1 1 0 1 0 1 1 -1 0
69	6	-1 0 0 0 0 0 -1 0 0 0 0 0 -1 0 1 0 1 1 0 0 0
69	7	0 0 0 1 1 0 1 0 -1 0 -1 1 0 0 -1 0 0 0 0 1 0
69	8	0 -2 1 1 1 1 1 2 -1 -1 0 1 1 0 -1 1 -1 0 -1 0 0
69	9	-1 0 0 0 1 1 -1 0 0 -1 1 0 2 -1 -1 0 -1 0 0 0 1
69	10	0 1 0 0 0 0 -1 -1 0 0 -1 -1 0 0 0 -1 1 1 0 0 0
69	11	0 -1 0 1 0 1 0 1 0 -1 0 1 0 0 0 1 -1 0 0 0 0
69	12	1 2 -1 -1 -1 -1 -1 -2 1 1 -1 -1 0 0 1 -1 1 1 0 0 0
69	13	0 -1 1 1 1 1 1 1 -1 -1 0 0 1 0 0 0 -1 -1 -1 0 -1
69	14	0 -1 0 1 2 0 1 1 0 -1 0 1 1 0 -1 1 -1 0 -1 0 0
69	15	1 0 -1 -1 0 0 -1 0 1 0 1 0 1 0 0 1 -1 0 0 -1 0
69	16	0 -1 0 1 1 0 0 1 0 -1 0 0 1 0 -1 1 -1 0 0 -1 0
70	0	0 2 -1 -1 0 -1 -1 -1 1 1 0 -1 0 -1 1 -1 1 1 -1 0 0
70	1	0 1 -1 0 0 0 -1 0 1 0 1 0 1 -1 0 0 0 0 0 0 0
70	2	-1 0 0 -1 0 0 0 0 0 1 1 0 0 -1 0 0 0 0 0 1 0
70	3	0 0 0 0 1 0 0 0 -1 0 -1 0 0 0 0 0 1 0 0 0 0
70	4	-1 1 0 -1 0 0 -1 0 0 0 1 0 1 -1 0 0 0 0 0 0 1
70	5	0 1 0 0 0 0 0 -1 0 1 -1 -1 0 -1 0 -1 1 0 0 0 0
70	6	-1 1 -1 0 1 -1 0 0 0 0 -1 0 0 0 0 0 1 0 0 0 1
70	7	0 -1 0 1 0 1 0 1 0 -1 1 1 1 -1 0 1 -1 -1 0 0 0
70	8	0 -1 0 1 1 0 1 1 -1 -1 0 1 0 0 0 0 0 0 0 0 0
70	9	0 3 -1 -1 -1 0 -1 -2 1 1 0 -1 0 -1 1 -1 1 0 0 0 0
70	10	0 1 0 0 0 -1 0 -1 0 1 0 0 0 0 0 -1 1 0 0 0 0
70	11	0 -1 0 0 1 0 0 1 0 -1 0 0 0 1 0 0 -1 0 0 -1 0
70	12	0 0 0 0 -1 0 0 0 0 1 0 0 0 0 0 0 0 0 0 0 0
70	13	0 -1 1 0 0 1 0 0 0 0 0 0 0 1 0 0 -1 0 0 -1 0
70	14	-1 -2 1 1 2 1 1 1 -2 -1 0 0 1 0 -2 0 -1 0 0 0 1
70	15	0 0 0 0 0 0 -1 0 0 0 1 0 1 -1 0 0 0 0 0 0 0
70	16	0 1 -1 -1 -1 0 -1 -1 1 0 1 0 0 -1 1 0 1 0 0 0 0
71	0	0 1 0 0 -1 0 0 -1 0 1 0 0 0 -1 0 -1 1 0 0 1 0
71	1	0 -1 1 1 1 0 0 1 0 -1 0 1 1 0 -1 1 -1 0 0 0 0
71	2	-1 0 0 -1 1 0 -1 0 0 0 1 -1 1 0 -1 0 -1 0 1 -1 1
71	3	0 1 -1 -1 -1 0 -1 -1 1 1 1 0 -1 0 1 0 1 1 0 0 -1
71	4	1 0 -1 0 0 -1 0 0 1 1 0 0 0 1 0 0 0 1 -1 -1 0
71	5	-1 0 0 0 -1 0 0 0 0 1 1 0 -1 -1 1 0 1 0 0 1 -1
71	6	0 1 0 -1 -2 1 -2 -1 1 1 2 -1 0 -1 1 -1 0 0 1 0 -1
71	7	0 0 0 0 1 1 -1 0 0 -1 0 0 0 0 -1 0 0 0 1 -1 1
71	8	-1 0 0 0 1 0 0 0 -1 0 0 0 0 0 -1 0 0 0 1 0 0
71	9	0 1 -1 -1 1 0 -1 0 1 0 0 0 0 0 0 0 0 0 0 -1 1
71	10	1 1 0 0 0 -1 1 0 -1 1 -1 0 0 0 1 -1 1 0 -1 0 -1
71	11	0 -1 1 1 0 1 0 1 0 -1 0 1 0 0 0 0 -1 0 0 0 0
71	12	0 1 -1 0 0 0 -1 0 1 -1 0 0 0 0 0 0 0 1 0 -1 1
71	13	0 1 -1 0 0 -1 0 -1 0 0 -1 -1 0 0 0 -1 1 1 0 -1 1
71	14	-1 1 1 0 1 0 0 0 -1 0 -1 -1 0 0 0 -1 0 0 0 0 0
71	15	0 0 0 1 0 0 -1 0 0 0 0 0 0 0 0 0 0 0 0 0 0
71	16	-1 0 0 0 1 0 0 0 0 0 0 0 0 0 0 0 0 0 0 0 0
72	0	0 0 -1 0 2 0 0 1 0 -1 0 0 1 1 -1 0 -1 0 0 -2 1
72	1	-2 0 1 0 1 0 -1 0 -1 -1 1 -1 1 -1 -1 0 0 0 1 0 1
72	2	1 2 -1 -1 -1 -1 -1 -2 1 2 0 -1 -1 1 1 -1 1 1 0 -1 -1
72	3	-1 -1 1 1 1 0 1 0 -2 0 -1 0 0 0 -1 0 0 0 0 1 0
72	4	0 0 -1 0 1 1 -1 1 0 0 1 0 1 0 -1 0 -1 0 0 -1 0
72	5	-1 -2 0 1 2 0 1 2 -1 -2 0 1 1 0 -1 1 -1 0 0 0 1
72	6	1 0 -2 0 1 -1 0 0 1 0 -1 1 0 0 0 1 0 1 -1 0 1
72	7	0 -1 0 1 1 1 0 0 0 -1 0 1 1 0 -1 1 -1 0 0 0 1
72	8	0 0 0 0 0 0 -1 -1 0 1 1 0 1 -1 -1 0 0 0 1 0 1
72	9	0 0 0 0 0 0 0 0 0 1 0 0 0 0 0 0 0 0 0 0 -1
72	10	-1 0 1 0 -1 0 -1 -1 0 1 1 0 0 -1 0 0 0 0 1 1 0
72	11	0 2 -1 -1 0 -1 0 -1 0 1 0 -1 0 0 1 -1 1 0 -1 0 0
72	12	-1 -1 1 1 1 1 0 0 -1 -1 0 0 0 0 -1 0 -1 0 1 0 1
72	13	-1 0 0 0 2 0 0 0 -1 0 0 0 0 0 -1 0 0 0 0 0 1
72	14	0 0 0 0 1 0 1 1 -1 0 0 1 0 0 0 0 0 0 -1 0 0
72	15	0 0 -1 0 1 0 0 0 0 0 0 0 0 1 0 0 0 0 -1 0 0
72	16	-1 0 1 0 0 0 0 0 0 0 0 0 0 0 0 0 0 0 0 0 0
73	0	0 1 0 1 0 0 1 0 -1 0 -2 0 -1 0 0 -1 1 0 0 0 0
73	1	-1 1 0 0 -1 0 0 -1 0 0 0 -1 -1 -1 1 -1 2 0 0 1 -1
73	2	0 0 -1 -1 0 -1 -1 -1 1 1 0 1 0 0 0 1 1 1 1 0 1
73	3	0 -1 0 0 0 0 0 0 0 0 1 1 0 0 0 1 0 0 0 0 0
73	4	-1 0 0 0 0 0 0 1 0 0 0 0 0 -1 0 0 0 0 0 0 1
73	5	-1 1 0 0 0 -1 0 -1 0 0 -1 -1 -1 0 0 -1 1 1 0 0 1
73	6	0 -1 0 1 1 0 1 1 -1 0 -1 0 1 1 -1 0 -1 0 0 -1 0
73	7	0 0 1 1 -1 0 1 -1 -1 0 -1 0 -1 0 1 -1 1 0 0 1 -1
73	8	0 2 -2 -1 1 -1 -1 0 1 0 0 0 1 0 0 0 0 0 0 -1 1
73	9	0 1 -1 0 0 -1 0 -1 0 1 -1 0 0 0 0 0 1 0 0 1 0
73	10	1 1 -2 -1 0 -1 0 -1 1 1 0 0 0 0 1 0 1 1 -1 -1 0
73	11	-1 -1 1 0 0 0 -1 1 -1 -1 1 0 0 0 0 0 0 0 1 0 0
73	12	1 0 -1 0 -1 0 -1 -1 1 1 0 0 0 0 0 0 0 1 0 0 0
73	13	-1 0 0 0 0 0 1 -1 0 0 -1 0 -1 0 0 0 1 1 0 1 0
73	14	0 -1 1 2 1 0 2 1 -2 -1 -2 1 0 0 0 0 0 0 -1 1 0
73	15	-1 -1 1 1 2 0 1 2 -2 -1 0 0 0 0 -1 0 -1 -1 0 0 0
73	16	1 0 -1 0 -2 -1 0 -2 1 2 0 0 -1 0 1 0 1 1 0 1 -1
74	0	0 -2 0 1 2 0 1 1 -1 -1 0 1 1 0 -1 1 -1 0 -1 0 1
74	1	0 1 -1 0 1 -1 0 -1 0 0 -1 0 0 -1 0 0 1 1 0 0 1
74	2	0 -1 -1 0 2 1 -1 2 0 -1 1 1 1 1 -1 1 -2 0 0 -2 1
74	3	0 -1 0 1 0 0 0 0 0 -1 0 0 0 0 0 0 0 0 0 0 0
74	4	1 1 -2 0 0 -1 0 -1 1 1 -1 0 0 0 0 0 1 1 -1 0 0
74	5	-1 -1 0 0 1 1 -1 0 0 -1 1 0 1 0 -1 0 -1 0 1 -1 1
74	6	1 0 -1 0 0 -1 0 0 0 0 -1 1 0 1 0 0 1 1 0 -1 1
74	7	0 1 -1 -1 1 -1 -1 -1 0 1 -1 0 0 0 0 0 1 1 0 0 1
74	8	0 -2 1 1 1 1 2 2 -1 0 0 1 0 1 -1 1 -2 -1 -1 0 -1
74	9	0 1 0 0 0 0 0 0 0 1 -1 -1 0 0 0 -1 0 0 0 0 -1
74	10	-1 1 -1 -1 2 0 -1 0 0 -1 0 -1 1 0 -1 0 0 0 0 -1 2
74	11	-1 0 0 0 0 0 -1 -1 0 0 0 0 0 -1 0 0 1 1 1 0 1
74	12	1 0 0 0 -1 1 0 -1 0 1 0 0 0 0 0 -1 0 0 0 0 0
74	13	0 1 0 0 0 -1 0 0 -1 0 -1 0 0 0 0 0 1 0 0 0 0
74	14	0 1 -1 0 0 0 0 0 0 0 0 0 0 -1 0 0 0 0 0 0 0
74	15	0 1 0 0 0 0 0 0 -1 0 0 -1 0 0 0 -1 0 0 0 0 0
74	16	0 2 0 0 1 -1 1 0 -1 1 -1 -1 0 0 0 -1 0 0 -1 0 -1
75	0	1 1 -1 0 0 -1 0 -1 0 0 -1 0 0 0 0 0 1 1 -1 0 1
75	1	0 0 0 0 0 -1 0 0 0 0 -1 0 -1 0 1 0 1 1 0 0 0
75	2	1 -1 0 1 0 1 0 1 0 0 0 1 0 0 0 0 -1 0 0 0 -1
75	3	-1 -1 0 1 2 0 0 1 -1 -2 -1 1 1 0 -1 1 0 0 0 0 2
75	4	0 1 -1 -1 -1 0 -1 -1 1 1 1 0 0 0 1 0 1 0 0 0 -1
75	5	1 0 0 0 1 0 -1 0 0 0 0 0 1 0 -1 0 -1 0 0 -1 1
75	6	1 0 -1 0 -1 0 -1 -1 1 1 1 1 1 -1 0 1 0 0 0 1 0
75	7	0 0 0 1 0 0 1 0 0 1 -1 0 0 0 0 0 0 0 -1 0 -1
75	8	0 0 0 0 0 0 1 0 -1 1 0 0 0 0 0 0 0 0 -1 0 0
75	9	0 0 -1 0 1 -1 1 0 0 0 -1 0 -1 1 0 1 0 1 -1 0 0
75	10	0 1 -1 -1 1 -1 -1 -1 1 1 0 -1 1 0 -1 0 0 1 0 -1 1
75	11	-1 -1 0 0 2 0 1 1 -1 -1 0 1 1 0 -1 1 0 0 0 0 1
75	12	0 1 0 0 -1 0 0 -1 0 1 0 0 -1 -1 1 0 1 0 0 1 -1
75	13	-1 -1 0 0 1 0 0 1 0 -1 0 1 0 0 0 1 0 0 0 0 1
75	14	-1 2 0 -1 0 -1 -1 -2 0 1 0 -1 0 -1 0 -1 2 1 0 0 1
75	15	0 0 0 0 1 0 0 0 0 0 -1 0 0 0 -1 0 0 1 0 0 0
75	16	0 0 -1 -1 1 0 -1 0 0 0 1 0 1 1 -1 0 -1 0 1 -1 1
76	0	0 -1 0 1 1 1 0 1 0 -2 0 1 1 0 -1 1 -1 0 0 -1 1
76	1	0 -1 0 1 1 1 0 0 0 -1 -1 1 1 0 -1 1 -1 0 0 0 1
76	2	-1 0 0 0 1 1 0 1 0 -1 1 0 1 -1 0 1 -1 -1 -1 0 0
76	3	0 0 0 1 1 1 -1 1 0 -1 0 0 1 0 -1 0 -1 0 0 -1 0
76	4	-1 0 0 0 0 0 0 0 -1 0 0 -1 0 0 0 -1 1 0 0 0 0
76	5	0 1 -1 0 1 0 -1 0 0 -1 0 0 1 -1 0 0 0 0 0 -1 1
76	6	-1 2 -1 -1 0 0 -1 -1 1 1 1 -1 0 -1 0 0 0 0 0 0 0
76	7	0 0 -1 0 0 0 0 0 0 0 0 1 0 0 0 1 0 1 0 0 0
76	8	0 1 -1 -1 0 -1 -2 -1 1 0 1 0 0 0 0 0 1 1 1 -1 1
76	9	1 0 -1 0 0 0 -1 0 1 0 0 1 0 0 1 1 0 1 -1 -1 0
76	10	-1 0 0 0 0 0 1 -1 0 0 0 0 0 0 0 0 0 0 0 1 0
76	11	0 1 -1 0 1 -1 0 -1 0 0 -1 0 0 -1 0 0 1 1 0 0 1
76	12	0 2 -1 -1 0 -1 0 -2 0 2 0 -1 0 0 0 -1 1 0 0 0 0
76	13	0 1 0 0 -1 -1 1 -1 0 1 -1 -1 -1 0 1 -1 1 1 -1 1 -1
76	14	0 1 -1 -1 1 0 -1 0 1 0 0 0 0 0 0 0 0 1 -1 -1 1
76	15	0 0 0 0 0 0 0 -1 0 1 0 0 0 0 0 0 0 0 0 0 0
76	16	0 1 0 0 -1 0 -1 -1 1 0 -1 -1 0 -1 0 -1 1 1 0 0 1
77	0	-1 0 0 0 1 0 0 -1 0 0 0 0 0 0 0 0 0 0 0 0 1
77	1	0 1 -1 -1 -1 0 -1 -1 1 1 1 0 0 0 0 0 0 1 0 0 0
77	2	0 1 -1 -1 1 -1 0 0 0 0 0 0 1 0 0 0 0 0 0 -1 1
77	3	0 0 0 0 -1 0 0 -1 1 1 0 0 -1 0 1 0 0 1 0 0 -1
77	4	1 0 -1 0 -1 0 0 -1 1 1 1 0 0 0 0 0 0 0 0 0 -1
77	5	0 1 0 0 1 -1 0 0 -1 0 -1 0 1 0 -1 0 0 0 0 0 1
77	6	1 1 -1 -1 -1 -1 -1 -1 1 1 0 0 -1 1 1 -1 1 1 0 -1 0
77	7	0 1 0 0 1 -1 1 1 -1 0 -1 0 0 1 0 0 0 0 -1 -1 0
77	8	-2 0 1 0 1 0 0 1 -1 -1 0 0 1 -1 0 0 0 0 0 0 1
77	9	1 0 -2 0 1 0 -1 0 1 -1 0 1 1 0 0 1 0 1 -1 -1 1
77	10	-1 -2 0 1 1 1 1 1 0 -1 0 1 0 0 -1 1 -1 0 0 0 1
77	11	-1 0 1 0 -1 1 -1 0 0 0 1 0 0 -1 0 0 0 0 1 0 0
77	12	0 1 0 -1 0 0 -2 -1 1 0 0 0 0 0 0 0 0 1 1 -1 1
77	13	-1 0 0 0 0 0 0 0 0 0 0 -1 0 0 0 0 0 0 0 0 0
77	14	0 0 -1 -1 0 -1 -2 -1 1 0 1 1 0 0 0 1 1 1 1 0 1
77	15	0 -1 0 0 1 0 -1 0 0 -1 0 0 1 0 -1 1 -1 0 1 0 1
77	16	0 0 -1 -1 0 0 -2 -1 1 0 0 0 0 0 0 0 1 1 1 -1 2
78	0	-1 -1 1 1 1 1 1 1 -1 0 0 1 0 0 -1 0 -1 0 0 0 0
78	1	-1 -1 0 1 1 0 0 1 -1 -1 0 1 0 0 -1 1 0 0 1 0 1
78	2	0 1 -1 0 1 0 0 1 0 -1 0 0 1 0 0 0 0 0 -1 -1 0
78	3	0 0 -1 1 1 0 0 0 0 0 0 0 1 0 -1 0 -1 0 0 0 0
78	4	0 1 0 0 0 0 0 -1 0 0 -1 -1 -1 0 0 -1 1 1 0 0 0
78	5	0 0 0 0 -1 0 -1 0 1 0 0 0 0 0 0 0 0 1 0 0 0
78	6	0 0 0 1 2 -1 2 1 -1 -1 -2 0 0 1 -1 0 0 0 -1 0 0
78	7	0 0 -1 0 0 0 0 0 1 0 0 0 0 0 0 0 0 1 -1 0 0
78	8	0 -2 0 2 1 1 1 1 -1 -1 -1 1 0 1 -1 0 -1 0 0 0 0
78	9	1 0 0 1 0 0 1 0 0 1 0 0 1 0 -1 0 -1 0 -1 0 -1
78	10	-1 2 0 -1 0 0 -2 -1 0 0 0 -1 0 -1 0 -1 1 0 1 0 1
78	11	0 1 1 0 -1 0 0 -1 0 2 0 -1 0 0 0 -1 0 0 0 0 -1
78	12	-1 -1 1 1 0 0 1 1 -1 0 0 0 0 0 -1 0 0 0 0 0 0
78	13	1 0 0 1 1 0 1 1 -1 0 -1 0 1 1 -1 0 -1 0 -1 -1 0
78	14	-1 1 0 0 1 -1 0 -1 -1 0 -1 -1 0 0 -1 -1 1 1 0 0 1
78	15	-1 0 1 0 0 1 0 0 -1 0 0 0 0 -1 0 -1 1 0 0 1 0
78	16	0 0 0 0 0 0 -1 0 0 0 0 0 0 1 0 -1 0 0 1 -1 0
79	0	-1 0 0 0 0 0 0 0 0 1 0 0 0 0 0 0 0 0 0 1 0
79	1	0 1 -1 0 0 0 -1 0 1 0 0 0 0 0 0 0 0 0 0 -1 1
79	2	-1 0 0 0 1 0 1 1 -1 0 0 -1 0 0 0 -1 0 0 -1 0 0
79	3	-1 0 0 0 0 0 0 0 0 0 0 0 0 -1 0 0 1 0 0 0 1
79	4	1 -1 0 1 0 0 1 0 0 0 -1 1 0 0 0 1 0 0 -1 1 -1
79	5	0 1 0 0 0 0 -1 0 0 0 0 0 0 0 0 0 0 0 0 0 0
79	6	-1 1 0 0 0 0 -1 -1 0 1 0 -1 0 0 0 -1 0 0 1 0 0
79	7	0 0 0 1 0 0 0 0 0 0 0 0 0 -1 0 0 0 0 -1 1 0
79	8	0 -1 0 1 1 0 1 1 -1 -1 -1 1 -1 1 0 0 0 0 0 0 0
79	9	-1 0 0 -1 1 0 -1 0 1 -1 1 0 1 0 0 1 -1 0 0 -1 1
79	10	1 0 -1 0 0 0 0 0 1 0 1 0 0 1 0 1 -1 0 -1 -1 -1
79	11	-1 -1 0 0 1 0 0 0 -1 -1 0 0 0 0 0 0 0 0 1 0 1
79	12	1 1 -2 -1 1 0 -1 -1 1 0 0 0 1 0 0 0 0 1 -1 -1 1
79	13	-1 0 1 0 1 0 0 0 -1 0 0 0 1 0 -1 0 -1 0 0 0 1
79	14	0 0 -1 0 1 0 0 0 0 0 0 0 0 1 -1 0 -1 0 0 -1 1
79	15	0 0 0 0 0 0 0 -1 0 1 0 0 0 -1 0 0 0 0 0 1 0
79	16	0 2 -1 -1 0 0 -2 -1 1 0 0 -1 0 0 0 -1 1 1 0 -1 1
80	0	0 1 -1 0 0 -1 0 -1 1 1 0 0 0 0 0 0 0 1 -1 0 0
80	1	0 -1 0 1 0 1 0 0 0 -1 0 0 0 0 -1 0 0 0 1 0 0
80	2	0 -1 0 1 1 0 1 1 -1 -1 -1 0 1 1 -1 0 -1 0 0 -1 1
80	3	0 1 0 0 0 0 0 0 0 0 0 -1 0 0 0 0 0 0 -1 0 -1
80	4	-1 -1 0 1 1 0 1 2 -2 -1 0 0 0 0 0 0 0 -1 0 0 0
80	5	0 0 -1 0 1 0 1 1 0 0 0 0 0 1 0 0 -1 0 -1 0 -1
80	6	0 2 -1 -1 0 -2 -1 -1 0 1 -1 -1 0 0 0 -1 2 1 0 0 1
80	7	1 1 0 0 -1 -1 -1 -2 1 1 -1 -1 0 0 0 -1 1 1 0 0 0
80	8	1 1 -1 0 -1 -1 0 -1 1 1 0 0 0 0 1 0 1 1 -1 0 -1
80	9	0 1 -1 -1 0 -1 -1 -1 1 1 0 -1 0 0 0 -1 1 1 0 -1 1
80	10	0 0 1 1 0 1 1 0 -1 0 -1 0 0 0 0 -1 0 -1 0 1 -1
80	11	0 0 -1 -1 0 0 -2 0 1 0 1 0 0 0 -1 1 0 1 1 -1 1
80	12	0 1 0 0 0 0 0 -1 0 1 0 -1 0 0 -1 -1 0 0 0 0 0
80	13	1 0 -1 0 0 -1 0 0 1 0 0 1 0 0 0 2 0 1 -1 0 0
80	14	1 1 -1 0 0 0 -1 -1 1 0 0 0 0 0 0 0 0 0 0 0 0
80	15	-2 -1 2 1 1 1 1 1 -2 -1 0 0 0 -1 0 0 0 -1 0 1 0
80	16	0 0 -1 0 1 -1 -1 0 0 0 -1 1 0 0 0 1 1 1 0 0 1
81	0	-1 0 0 0 0 0 1 0 0 0 0 0 0 0 0 0 0 0 0 0 0
81	1	-1 0 0 -1 1 0 -1 0 0 -1 0 0 0 1 0 0 0 0 1 -1 1
81	2	0 0 1 0 0 0 -1 -1 0 1 0 -1 0 0 -1 -1 0 0 1 0 0
81	3	-1 0 1 0 0 1 -1 -1 0 -1 1 0 1 -1 -1 0 0 0 1 0 1
81	4	-1 1 0 -1 0 0 -1 -1 0 0 0 -1 -1 0 1 -1 1 1 0 0 0
81	5	0 -1 0 0 0 1 -1 0 0 0 1 1 0 0 0 1 -1 0 1 0 0
81	6	0 0 -1 0 1 0 -1 0 1 -1 0 1 0 0 0 1 0 1 0 -1 1
81	7	1 2 -1 -1 -1 -1 -1 -2 1 2 -1 -1 -1 0 1 -1 1 1 0 0 0
81	8	1 1 -1 0 1 0 0 0 0 0 -1 0 0 0 0 0 0 0 -1 0 0
81	9	0 -1 0 1 1 1 1 2 -1 -1 0 1 0 0 -1 0 -1 -1 0 0 0
81	10	-1 -2 1 1 1 1 0 1 -1 -1 1 0 0 0 -1 1 -1 0 0 0 0
81	11	1 0 -2 -1 1 0 -1 0 1 0 1 1 1 0 0 1 -1 0 0 -1 1
81	12	1 -1 0 1 0 0 1 1 0 0 0 1 0 0 0 1 -1 0 -1 0 -1
81	13	0 1 -1 -1 1 -1 0 0 1 1 0 0 0 0 0 0 0 0 -1 0 0
81	14	1 1 0 0 -1 -1 0 -1 0 1 -1 0 -1 0 1 0 1 1 0 0 -1
81	15	1 0 0 0 0 0 0 0 0 1 0 0 0 1 0 0 -1 0 -1 0 -1
81	16	0 0 0 1 0 0 0 0 0 0 0 0 0 0 0 0 0 0 -1 0 0
82	0	0 1 0 0 0 -1 -1 -1 0 1 -1 -1 -1 0 0 -1 1 1 0 0 0
82	1	-1 0 0 0 1 0 0 0 0 0 0 -1 0 0 -1 0 0 0 0 0 0
82	2	-1 0 0 0 1 0 0 0 0 -1 0 -1 1 -1 -1 0 0 0 0 0 1
82	3	-1 1 0 0 0 1 -1 -1 0 0 0 -1 -1 -1 0 -1 1 0 1 0 0
82	4	-1 0 0 -1 -1 0 -2 -1 1 1 1 0 0 -1 0 0 1 1 1 0 1
82	5	-1 0 0 0 2 0 0 1 -1 -1 -1 0 1 0 -1 0 0 0 0 -1 2
82	6	0 -1 0 1 1 0 1 0 0 0 -1 0 -1 1 -1 0 0 0 0 0 0
82	7	0 1 -1 -1 0 -1 -1 -1 1 0 0 0 0 0 0 0 1 1 0 0 1
82	8	1 -1 -1 0 0 0 -1 0 1 0 1 1 1 0 0 2 -1 1 0 -1 0
82	9	0 0 0 0 0 0 0 1 0 0 1 0 1 0 0 0 -1 0 -1 -1 0
82	10	-1 -2 1 0 2 1 1 2 -1 -1 1 1 1 0 -1 1 -2 -1 0 0 0
82	11	1 -2 0 1 2 0 2 2 -1 -1 -1 2 1 1 -1 2 -2 0 -1 0 0
82	12	-2 0 1 0 0 1 -1 0 0 -1 1 0 0 -1 0 0 0 0 1 0 0
82	13	-1 0 0 -1 -1 1 -2 0 1 0 2 0 0 -1 1 0 0 0 1 0 0
82	14	0 1 0 0 0 -1 0 -1 0 0 -1 -1 0 0 0 -1 1 1 0 0 0
82	15	-1 -2 1 1 1 1 1 2 -2 -2 1 1 1 0 0 1 -1 -1 0 0 0
82	16	0 1 -1 -1 0 0 -2 0 1 0 1 0 1 0 0 0 0 1 0 -1 1
83	0	1 1 -1 0 1 0 -1 0 1 0 0 0 1 0 0 0 -1 0 -1 -1 0
83	1	-1 0 0 1 1 0 1 0 -1 -1 -1 0 1 0 -1 0 0 0 0 0 1
83	2	0 0 0 0 0 0 0 1 0 0 0 0 0 1 0 0 -1 0 0 -1 0
83	3	0 1 0 0 0 0 0 -1 0 0 -1 0 0 0 1 -1 1 0 0 0 0
83	4	0 1 0 0 -2 0 -1 -1 1 1 0 0 -1 -1 1 0 1 1 0 1 -1
83	5	0 -1 0 1 0 0 1 1 -1 0 -1 1 0 0 0 0 0 0 0 1 0
83	6	-1 0 1 0 0 0 0 1 0 0 0 0 0 0 0 0 -1 0 0 0 0
83	7	0 0 0 0 0 0 -1 1 0 0 1 0 0 0 0 0 0 0 0 -1 0
83	8	0 -1 0 0 1 0 0 1 -1 -1 0 1 1 0 -1 1 0 0 0 0 1
83	9	1 2 -1 0 -1 0 -1 -2 1 1 -1 -1 -1 0 0 -1 1 1 0 0 0
83	10	-1 -1 1 0 0 1 -1 1 0 -1 1 1 0 -1 0 1 0 0 1 0 0
83	11	1 1 -2 -1 -1 -1 -1 -2 2 2 0 0 0 0 1 0 1 1 0 0 0
83	12	-1 1 1 0 1 0 0 0 -1 0 -1 -1 1 -1 -1 -1 0 0 0 0 1
83	13	0 -1 0 1 1 0 1 1 -1 0 0 0 0 1 0 0 -1 0 -1 0 -1
83	14	0 -1 0 1 2 0 0 1 -1 -1 0 1 1 0 -2 1 -1 0 0 0 1
83	15	1 -1 0 1 0 1 1 1 0 0 0 1 0 0 0 1 -1 0 -1 0 -1
83	16	0 0 0 0 0 0 -1 0 0 0 1 0 0 -1 0 0 0 0 1 0 0
84	0	0 1 0 0 -1 -1 -1 -1 1 1 0 0 0 -1 0 0 1 1 0 1 0
84	1	-1 1 0 0 1 0 -1 -1 0 0 0 -1 0 -1 -1 -1 1 1 0 0 1
84	2	-1 1 0 0 0 0 -1 0 0 0 0 -1 0 -1 0 0 1 0 0 0 0
84	3	0 1 -1 -1 0 -1 -1 -1 0 2 0 0 0 0 0 0 1 1 0 0 0
84	4	1 -1 -1 0 1 0 -1 0 1 0 0 1 1 1 -1 1 -1 1 0 -1 1
84	5	-1 1 1 0 0 0 0 -1 0 0 0 -1 0 -1 0 -1 0 0 0 1 0
84	6	0 -1 -1 0 2 0 0 1 0 -1 0 1 1 0 -1 1 0 0 0 -1 1
84	7	0 -1 0 0 1 0 1 1 -1 0 0 1 0 0 0 1 0 0 -1 0 0
84	8	0 -1 0 0 1 0 0 1 0 -1 0 0 1 0 0 1 -1 0 -1 0 0
84	9	-1 0 1 0 -1 1 -1 0 0 0 1 -1 0 -1 0 -1 0 0 1 0 0
84	10	1 0 -1 0 0 0 0 0 0 0 0 1 0 0 0 1 0 0 0 0 0
84	11	0 0 -1 0 0 1 -1 1 1 -1 1 0 1 0 0 0 -1 0 0 -1 0
84	12	1 0 -1 0 0 -1 -1 0 1 0 -1 0 0 1 0 0 0 1 0 -1 1
84	13	1 0 -1 0 0 -1 0 0 0 0 -1 0 -1 1 0 0 1 1 0 -1 0
84	14	-1 -2 1 1 1 1 1 2 -2 -1 0 1 0 1 -1 0 -1 -1 1 0 0
84	15	-1 -1 1 1 1 0 1 0 -1 0 -1 0 0 0 -1 0 0 0 0 1 0
84	16	0 0 0 0 0 0 1 0 1 0 0 -1 0 0 0 0 -1 0 -1 0 -1
85	0	0 1 0 0 -1 0 0 -1 0 0 -1 -1 0 0 0 -1 1 1 0 0 0
85	1	1 1 0 1 -1 0 1 -1 0 1 -2 0 -1 0 1 -1 1 0 -1 1 -1
85	2	0 0 0 0 0 0 0 0 0 0 0 0 0 0 0 1 -1 0 0 0 0
85	3	-1 2 0 -1 -1 0 -1 -2 0 1 0 -2 -1 -1 1 -2 2 1 0 0 0
85	4	0 -1 0 1 0 0 0 0 0 -1 0 0 0 0 0 1 0 0 0 0 0
85	5	-1 0 1 0 1 0 0 0 -1 -1 -1 0 1 0 -1 0 0 0 1 0 1
85	6	-1 0 1 0 0 0 0 0 -1 0 0 -1 -1 0 1 -1 1 0 0 0 -1
85	7	0 1 -1 0 0 0 -1 -1 1 0 0 0 0 0 0 0 0 0 0 0 0
85	8	0 -1 0 1 1 0 1 1 -1 0 -1 0 0 1 0 0 -1 0 -1 0 0
85	9	-1 1 0 -1 1 -1 0 -1 -1 0 0 -1 0 0 0 -1 1 0 0 0 1
85	10	1 0 -1 0 1 0 0 1 0 -1 0 0 1 1 0 0 -1 0 -1 -1 0
85	11	0 0 0 1 1 0 1 1 -1 -1 -1 0 1 0 -1 0 -1 0 -1 0 1
85	12	-1 -1 1 1 0 0 1 0 -1 0 0 0 0 0 -1 0 0 0 0 1 0
85	13	0 0 0 0 -1 0 0 0 0 1 0 0 0 0 0 0 0 0 0 0 0
85	14	1 0 0 0 0 0 0 0 0 1 -1 0 0 0 0 -1 0 0 0 0 0
85	15	1 0 -1 0 1 0 -1 0 1 0 0 0 1 0 -1 1 -1 1 -1 -1 1
85	16	0 0 0 0 0 0 -1 0 0 0 0 0 0 0 0 0 1 1 0 -1 0
86	0	0 0 0 1 -1 0 0 0 0 1 0 0 0 0 0 -1 0 0 0 0 0
86	1	0 1 -1 -1 1 0 -1 0 1 -1 0 0 1 0 0 0 0 0 0 -1 1
86	2	0 -1 -1 1 1 0 0 1 -1 -1 0 1 0 0 0 1 0 0 0 0 0
86	3	-1 0 0 -1 0 1 -1 0 0 0 1 0 0 0 0 0 0 0 1 0 0
86	4	0 -1 0 1 2 0 1 2 -2 -1 -1 0 1 1 -1 0 -1 0 -1 -1 0
86	5	1 2 -2 -2 -1 -1 -2 -1 2 1 1 0 0 0 1 0 1 1 0 -1 0
86	6	-1 -1 1 1 0 1 1 0 -1 -1 0 0 -1 0 0 0 0 0 0 1 -1
86	7	0 0 -1 0 0 -1 0 0 0 1 0 0 0 1 0 0 0 1 0 -1 0
86	8	-1 -2 2 1 2 1 2 2 -2 -1 0 0 1 0 -1 0 -2 -1 -1 0 0
86	9	0 2 -1 -1 -1 -1 -1 -1 1 1 0 -1 0 0 0 -1 1 1 0 0 0
86	10	1 2 -1 0 -2 -1 -1 -2 1 2 0 -1 -1 -1 1 -1 2 1 0 0 -1
86	11	-1 0 0 0 1 0 0 0 0 0 0 0 0 0 0 0 0 0 0 0 0
86	12	0 0 1 1 0 0 0 0 0 0 -1 0 0 0 0 0 0 0 0 0 -1
86	13	0 -1 1 1 1 0 1 1 -2 -1 -1 0 0 0 0 0 0 0 0 0 0
86	14	0 -2 0 1 1 1 0 2 0 -1 1 1 1 0 -1 1 -2 -1 0 0 0
86	15	-1 1 0 -1 1 0 -1 0 0 0 0 0 1 0 -1 0 0 0 0 0 1
86	16	0 1 0 0 -1 0 0 -1 0 1 0 -1 -1 0 1 -1 1 0 0 1 -2
87	0	0 1 0 -1 -1 0 -2 -2 1 1 1 -1 -1 0 0 -1 1 1 1 0 0
87	1	0 0 0 0 1 1 -1 0 0 -1 0 0 1 0 -1 0 -1 0 1 -1 1
87	2	-1 1 1 0 0 0 0 0 -1 -1 0 -1 0 0 0 -1 0 0 0 0 0
87	3	0 -1 0 1 0 0 1 1 0 0 0 1 -1 1 0 1 -1 0 0 0 -1
87	4	0 -1 0 1 1 0 2 1 -1 0 -1 0 0 1 0 0 -1 0 -1 0 -1
87	5	1 -1 -1 1 0 1 0 1 0 0 0 1 0 1 0 0 -1 0 0 -1 0
87	6	0 0 0 0 -1 0 -1 -1 1 0 0 0 -1 -1 1 0 1 1 0 1 0
87	7	-1 0 1 0 1 0 0 0 -1 -1 0 -1 0 0 0 0 0 0 0 0 0
87	8	1 2 -1 0 -1 -2 0 -2 1 2 -1 -1 -1 0 1 -1 2 1 -1 0 -1
87	9	0 0 0 0 0 0 0 0 -1 0 0 0 0 0 0 0 0 0 0 0 0
87	10	-1 -1 1 1 1 1 1 0 0 -1 0 0 0 0 -1 0 -1 0 0 0 0
87	11	0 0 -1 0 1 0 0 1 -1 0 0 0 0 1 0 0 -1 0 0 -1 0
87	12	-1 0 -1 0 2 0 0 0 0 0 0 0 0 0 -1 0 0 0 0 0 1
87	13	0 0 -1 0 1 0 0 0 0 1 0 0 0 0 -1 0 0 0 0 0 0
87	14	-1 -1 1 1 1 1 0 1 -1 -1 0 0 1 0 -1 0 -1 0 0 0 0
87	15	0 0 0 -1 1 0 -1 0 0 0 1 0 1 0 -1 0 -1 0 1 -1 1
87	16	1 0 -2 0 1 0 0 1 1 0 0 1 0 1 0 1 -1 0 -1 -1 0
88	0	0 -1 0 1 1 0 0 1 -1 -1 0 0 0 0 -1 0 0 0 0 0 0
88	1	0 0 -1 1 2 0 1 1 -1 0 -1 0 1 1 -1 0 -1 0 -1 -1 0
88	2	0 -1 0 1 2 0 2 1 -1 0 -1 1 0 1 -1 0 -1 0 -1 0 0
88	3	-1 1 0 0 1 0 1 0 -1 0 -1 -1 0 0 0 -1 0 0 -1 0 0
88	4	0 0 0 0 0 0 0 0 0 1 0 0 0 -1 0 0 0 0 0 0 0
88	5	0 1 -1 0 0 0 0 -1 0 0 0 -1 0 0 0 -1 0 0 0 0 0
88	6	0 0 0 0 1 0 0 1 0 -1 0 0 1 1 -1 0 -1 0 0 -1 0
88	7	1 -1 0 1 0 0 1 1 0 0 -1 0 0 1 0 0 -1 0 -1 -1 0
88	8	-2 -1 1 0 1 0 0 1 -1 -1 0 0 1 0 -1 0 0 0 1 0 1
88	9	-1 -1 1 0 0 1 -1 0 0 0 1 1 0 -1 0 0 0 0 1 1 0
88	10	-1 0 1 1 1 -1 1 0 -1 0 -1 0 0 0 -1 0 0 0 0 1 0
88	11	-1 1 0 0 0 1 -1 0 0 0 1 -1 1 -1 0 -1 0 0 0 -1 0
88	12	-1 -1 0 0 0 1 -1 0 1 -1 1 0 0 0 0 1 -1 0 1 0 0
88	13	0 0 0 0 0 0 0 0 0 1 0 0 0 0 0 0 0 0 0 0 -1
88	14	1 0 -1 1 1 0 1 1 0 0 0 1 1 0 0 1 -1 0 -2 0 -1
88	15	1 0 0 1 0 0 0 0 0 0 0 0 1 0 -1 0 -1 0 0 0 0
88	16	-1 -1 0 0 0 0 -1 0 0 -1 0 0 0 0 0 0 1 1 1 0 1
89	0	1 1 -1 0 0 -1 0 -1 0 1 -1 1 0 0 0 0 1 1 0 0 0
89	1	0 1 -1 0 0 -1 1 0 0 0 0 0 -1 0 1 0 1 0 -1 0 -1
89	2	-1 -1 0 0 0 0 0 1 0 -1 1 1 0 0 1 1 0 0 0 0 0
89	3	-1 1 0 0 0 0 -1 -1 0 -1 0 -1 0 -1 0 -1 1 0 1 0 1
89	4	0 -1 0 1 2 0 1 1 0 -2 -1 1 1 0 -1 1 -1 0 -1 0 1
89	5	0 -1 0 1 0 0 0 0 0 0 0 0 0 0 0 0 0 0 0 0 0
89	6	0 0 0 0 0 1 -1 0 0 0 1 1 1 -1 0 1 -1 0 0 0 0
89	7	-1 -1 1 1 1 0 1 1 -2 0 -1 0 0 0 -1 0 0 0 0 1 0
89	8	0 0 -1 0 0 0 0 0 0 0 0 0 0 1 0 0 0 1 0 -1 0
89	9	0 -2 1 1 1 1 1 1 -1 -1 -1 1 1 0 -1 0 -1 0 0 0 1
89	10	-1 0 1 0 1 0 1 0 -1 0 -1 0 0 -1 -1 0 0 0 0 1 1
89	11	-1 -1 1 0 1 1 0 0 -1 -1 0 0 0 0 0 0 0 0 0 0 1
89	12	0 0 -1 0 1 0 1 1 0 0 0 1 0 0 0 0 0 0 -1 0 0
89	13	0 0 -1 -1 0 0 -1 -1 1 1 1 0 0 0 0 1 0 1 0 0 0
89	14	0 -2 1 1 1 1 1 1 -1 -1 0 0 0 1 -1 0 -1 0 0 -1 0
89	15	0 1 0 -1 0 0 -1 0 0 0 1 0 1 -1 0 0 0 0 0 0 0
89	16	-1 0 1 1 1 0 1 0 -2 0 -1 -1 0 0 -1 -1 0 0 0 1 0
90	0	-1 0 0 0 1 0 0 0 -1 0 0 0 0 0 0 0 1 0 0 0 0
90	1	0 2 0 -1 -2 0 -2 -2 1 1 0 -1 0 -1 1 -1 1 1 1 0 0
90	2	0 1 0 0 -1 0 0 -1 1 1 0 -1 0 0 0 -1 0 0 0 0 -1
90	3	1 1 0 1 0 0 1 0 0 0 -1 0 0 0 0 -1 0 0 -1 0 -1
90	4	1 0 -1 0 1 0 0 0 0 0 0 0 0 1 -1 0 -1 0 0 -1 0
90	5	0 0 0 1 -1 0 0 0 0 1 0 0 0 -1 0 0 0 0 0 1 -1
90	6	-1 1 0 0 0 0 0 -1 0 0 0 -1 0 0 0 0 0 0 0 0 0
90	7	1 0 -2 -1 1 -1 -1 0 1 0 0 1 0 1 0 1 0 1 0 -1 1
90	8	-1 1 0 0 -1 0 0 -1 0 1 0 -1 -1 -1 0 -1 1 0 0 1 0
90	9	1 1 -1 0 0 -1 0 0 0 1 0 0 1 0 0 0 0 1 -1 -1 0
90	10	0 0 0 0 1 0 0 0 0 0 0 0 1 1 -1 0 -1 0 0 0 0
90	11	-1 0 1 0 -1 1 -1 -1 0 0 1 0 0 -1 0 0 0 0 1 1 0
90	12	0 -1 -1 0 2 0 -1 1 0 -1 1 1 2 0 -1 2 -1 0 0 -1 1
90	13	-1 -1 2 1 1 1 1 1 -2 -1 0 0 1 -1 -1 0 -1 -1 0 1 0
90	14	0 0 0 0 0 1 -1 0 0 -1 1 0 0 -1 0 0 0 0 0 0 0
90	15	1 1 -1 -1 -1 0 -1 -1 1 0 0 0 0 1 1 0 0 1 0 -1 0
90	16	-1 -1 0 0 1 0 1 1 -1 0 -1 0 -1 1 0 0 0 0 0 0 0
91	0	-1 -1 0 0 2 0 0 1 -1 -1 0 1 0 0 -1 1 0 0 1 0 1
91	1	-1 0 0 0 2 0 0 0 -1 -1 0 0 0 0 -1 0 0 0 0 0 1
91	2	0 0 0 0 1 0 0 0 0 0 0 0 1 -1 -1 0 0 0 0 0 1
91	3	0 -1 0 1 0 1 0 1 0 -1 0 1 0 0 0 1 0 0 0 0 0
91	4	0 0 0 0 1 0 -1 0 0 -1 0 1 1 -1 -1 1 0 0 1 0 1
91	5	-1 -1 1 1 0 1 1 0 -1 0 0 0 0 -1 0 0 0 0 0 1 -1
91	6	0 -1 0 1 2 1 1 2 -1 -1 0 1 1 1 -1 1 -2 -1 -1 -1 0
91	7	0 1 0 0 0 0 0 -1 0 1 0 -1 0 0 0 -1 0 0 -1 0 -1
91	8	-1 1 0 -1 0 0 -1 -1 0 0 0 -1 0 -1 0 -1 1 1 0 0 1
91	9	1 1 -1 0 0 -1 0 -1 1 1 -1 -1 0 1 0 -1 0 1 -1 -1 0
91	10	0 0 0 0 0 0 0 0 -1 1 0 0 0 0 0 0 0 0 0 0 0
91	11	0 1 0 0 0 0 0 0 0 0 0 0 0 0 1 0 0 0 -1 0 -1
91	12	0 0 0 0 -1 0 0 -1 0 1 1 -1 0 -1 0 0 0 0 0 1 -1
91	13	0 0 0 0 -1 0 -1 -1 1 1 1 0 0 -1 0 0 0 0 1 0 0
91	14	0 -1 -1 0 1 0 -1 0 1 -1 0 0 1 1 -1 1 -1 1 0 -1 1
91	15	0 -2 1 1 1 1 0 2 -1 -2 0 1 1 0 -1 1 -1 0 0 0 0
91	16	0 1 0 0 0 -1 1 0 -1 1 -1 -1 0 0 0 -1 0 0 0 0 0
92	0	-1 -1 1 1 1 1 1 0 -1 -1 0 0 1 -1 -1 0 -1 -1 0 1 1
92	1	-1 0 0 0 1 1 -1 0 0 -1 0 0 1 0 -1 0 0 0 0 0 1
92	2	-1 0 0 0 1 0 0 0 -1 -1 -1 0 0 0 0 0 1 0 0 0 1
92	3	-1 1 0 -1 0 0 -2 -2 1 0 0 -1 0 -1 0 -1 2 1 1 0 1
92	4	0 0 0 0 0 0 0 0 -1 0 0 0 1 0 0 0 0 0 0 0 0
92	5	0 0 0 0 1 0 1 1 -1 0 0 0 0 1 0 0 -1 0 -1 -1 0
92	6	0 0 -1 0 0 0 -1 -1 0 0 0 0 0 -1 0 0 1 1 1 0 1
92	7	1 0 0 0 -1 0 -1 -1 1 1 0 0 0 0 -1 0 0 1 1 0 0
92	8	-2 -1 2 1 1 1 1 2 -2 -1 0 0 1 0 -1 0 -1 -1 0 0 0
92	9	0 1 0 0 -1 0 -1 -1 0 1 0 -1 0 -1 0 -1 1 0 0 1 0
92	10	0 1 -2 -1 0 -1 -2 -1 2 0 1 0 1 0 0 1 0 1 0 -1 1
92	11	0 0 0 1 0 0 1 0 -1 0 -1 0 0 0 0 0 0 0 0 0 0
92	12	-1 0 1 1 -1 0 1 0 -1 0 0 0 -1 -1 1 -1 1 0 0 1 -1
92	13	0 1 -1 0 1 -1 1 0 0 -1 -2 0 0 0 0 0 1 1 -1 0 1
92	14	0 0 0 0 -1 0 -1 -1 1 1 0 0 0 -1 0 0 0 0 1 1 0
92	15	-1 0 1 0 0 0 0 0 -1 0 0 0 0 0 0 -1 1 0 1 0 0
92	16	-1 0 1 0 1 0 0 1 -1 -1 0 -1 0 0 0 -1 0 0 0 -1 0
93	0	0 0 0 0 0 0 0 -1 1 1 0 1 0 -1 0 1 0 0 0 1 0
93	1	1 0 0 1 0 0 1 1 -1 0 0 0 1 0 0 0 -1 -1 -1 0 -1
93	2	-1 1 1 0 0 0 0 -1 0 0 0 -1 0 -1 0 -1 1 0 0 0 0
93	3	0 1 -1 -1 0 0 -2 0 1 0 0 0 0 0 0 0 0 1 1 -1 1
93	4	1 1 0 0 0 -1 1 0 0 1 -1 0 0 0 1 -1 0 0 -1 0 -1
93	5	0 0 0 0 0 0 1 0 -1 1 -1 0 -1 1 0 -1 0 0 0 0 0
93	6	0 -1 0 1 1 0 1 1 -1 0 0 1 1 0 -1 1 -1 0 0 0 0
93	7	0 1 0 0 0 0 0 1 0 0 0 0 0 -1 1 0 0 0 -1 0 -1
93	8	-1 0 0 0 1 0 2 0 -1 0 -1 0 0 0 0 0 0 0 -1 1 0
93	9	-1 1 -1 -1 1 -1 -1 -1 0 0 0 0 0 0 0 0 1 1 1 0 1
93	10	0 0 0 0 -1 0 -2 -1 1 1 1 0 0 0 0 0 0 0 1 0 0
93	11	0 -1 0 1 0 0 0 1 0 -1 0 1 0 0 0 1 0 0 0 0 0
93	12	0 -1 0 1 0 0 0 1 -1 0 0 1 0 0 0 0 0 0 1 0 0
93	13	0 -2 0 1 1 0 1 2 -1 -1 0 1 1 1 0 1 -1 0 -1 -1 0
93	14	0 1 0 0 0 0 0 -1 0 0 0 -1 0 0 0 -1 0 0 0 0 0
93	15	0 -2 0 1 3 1 1 2 -1 -2 0 1 2 1 -2 1 -3 -1 0 -1 1
93	16	0 0 0 -1 0 -1 0 0 0 1 0 0 0 1 0 0 0 1 0 -1 0
94	0	-1 -1 0 0 0 1 -1 1 0 -1 2 0 0 0 0 0 -1 0 1 -1 0
94	1	0 0 1 0 0 1 0 0 -1 0 0 0 0 0 0 -1 0 0 0 0 0
94	2	0 1 -1 0 1 0 -1 1 0 0 0 0 1 0 -1 0 -1 0 0 -1 1
94	3	1 0 -1 0 1 0 0 0 1 -1 0 1 1 0 0 1 -1 0 -1 0 0
94	4	0 1 0 0 0 -1 0 -1 0 0 -1 0 0 -1 0 0 1 1 0 0 1
94	5	0 2 0 0 -1 0 -1 -1 0 1 0 -1 -1 -1 1 -1 1 0 0 0 -1
94	6	1 1 -1 -1 -1 -1 -1 -1 1 1 0 0 0 0 1 -1 1 1 0 0 0
94	7	0 0 -1 -1 0 0 -2 -1 1 0 1 -1 1 0 -1 0 0 1 1 -1 1
94	8	0 -1 0 1 1 0 0 1 -1 -1 0 0 0 0 -1 0 0 0 0 0 0
94	9	0 -2 1 1 1 1 1 2 -1 -1 1 1 1 1 -1 1 -2 -1 0 -1 -1
94	10	-1 -1 0 0 1 1 0 2 -1 -1 1 0 0 1 0 0 -1 -1 0 -1 0
94	11	0 1 -2 -1 1 0 -2 0 1 -1 1 0 1 0 0 1 0 1 0 -2 1
94	12	1 0 -1 0 -1 0 -1 -1 1 1 0 0 0 0 0 0 1 1 0 0 0
94	13	0 0 0 0 0 0 0 0 0 0 0 1 0 0 0 1 0 0 0 0 0
94	14	-1 -1 0 0 1 0 0 1 -1 -1 1 1 0 0 0 1 0 0 0 0 0
94	15	1 0 -1 0 -1 -1 1 -1 1 1 -1 0 -1 1 1 0 1 1 -1 0 -1
94	16	-1 0 0 -1 0 0 0 0 0 0 1 -1 0 0 0 -1 0 0 0 0 0
95	0	0 2 -1 -1 -2 -1 -2 -2 2 2 1 -1 0 -1 1 -1 1 1 0 0 0
95	1	-1 -1 1 1 0 1 0 0 0 -1 0 0 0 -1 -1 0 0 0 0 1 1
95	2	0 1 -1 0 -1 0 -1 -1 1 1 0 0 -1 -1 1 0 1 1 0 0 0
95	3	0 0 0 0 0 1 0 0 0 -1 0 0 0 0 0 0 0 0 0 0 0
95	4	1 1 -1 -1 0 -1 -1 -1 0 1 0 0 0 0 0 0 1 1 0 0 0
95	5	0 -2 0 1 2 1 1 3 -1 -1 0 1 1 1 -1 1 -2 -1 -1 -1 0
95	6	1 -2 0 1 1 0 1 1 0 0 0 1 1 1 -1 1 -2 0 -1 0 0
95	7	0 -1 0 0 1 0 0 1 0 0 0 1 1 0 -1 1 -1 0 0 0 1
95	8	0 -1 0 1 0 0 1 1 -1 0 -1 1 0 0 0 0 0 0 0 0 1
95	9	1 0 0 1 0 0 1 1 0 0 -1 0 0 0 0 0 -1 0 -1 0 -1
95	10	0 0 -1 0 0 0 -1 -1 1 0 0 1 0 0 0 0 1 1 0 0 1
95	11	-1 0 1 1 0 1 1 1 -1 -1 0 -1 0 0 0 -1 -1 -1 0 0 -1
95	12	0 -1 0 1 0 1 0 0 0 0 0 1 0 0 -1 0 0 0 1 0 0
95	13	0 0 0 1 0 0 0 1 -1 0 0 0 0 0 0 0 0 0 0 -1 0
95	14	1 0 -1 0 -1 -1 0 0 1 1 0 1 0 0 1 1 0 1 -1 0 0
95	15	0 -2 1 1 1 1 0 2 -1 -1 1 1 1 0 -1 1 -2 -1 0 0 0
95	16	-1 -1 1 1 2 0 2 2 -2 -1 -1 0 1 1 -1 0 -1 -1 -1 0 0
96	0	0 -1 0 1 1 0 0 1 0 0 0 1 1 0 -1 1 -1 0 0 0 0
96	1	0 2 -1 0 0 -2 1 -2 0 2 -2 -1 -1 0 0 -1 2 1 -1 1 0
96	2	0 0 0 1 -1 0 0 0 0 0 0 0 -1 0 1 0 0 0 0 0 -1
96	3	-1 -2 1 1 1 1 0 1 -1 -1 1 0 0 0 -1 0 -1 0 1 0 0
96	4	0 -2 0 1 1 1 0 1 0 -1 0 1 1 1 -1 1 -2 0 0 -1 1
96	5	0 0 0 0 0 1 0 1 0 0 0 1 0 0 0 0 -1 0 0 0 0
96	6	0 -1 0 0 1 0 0 0 0 0 0 0 1 0 -1 0 -1 0 0 0 1
96	7	-1 0 0 0 2 0 0 1 0 -1 0 0 1 0 -1 0 -1 0 -1 0 1
96	8	0 1 0 0 0 -1 1 0 0 1 -1 -1 0 0 1 -1 0 0 -1 0 -1
96	9	0 -1 1 1 1 0 1 0 -1 0 0 0 1 0 -1 0 -1 0 0 0 0
96	10	-1 -1 0 0 1 1 -1 1 0 -1 1 0 0 0 -1 0 -1 0 1 -1 1
96	11	-1 1 0 0 1 0 0 -1 -1 0 -1 -1 0 -1 -1 -1 1 0 0 1 1
96	12	-1 1 0 0 0 0 0 0 0 0 0 -1 0 0 0 -1 0 0 0 0 0
96	13	-1 0 1 1 1 1 1 1 -2 0 0 -1 0 0 -1 -1 -1 -1 0 0 -1
96	14	-1 -1 0 0 1 1 0 0 0 -1 1 0 1 0 -1 1 -1 0 0 0 1
96	15	0 0 0 1 0 0 0 0 0 0 -1 1 0 0 0 0 0 1 0 0 0
96	16	-1 -1 0 1 2 1 1 2 -1 -2 0 1 0 0 0 1 -1 -1 -1 0 0
97	0	0 0 1 1 0 0 1 0 -1 0 -1 0 0 -1 0 0 0 0 -1 1 0
97	1	0 -2 1 1 1 1 1 1 -1 -1 0 1 1 1 -1 1 -2 -1 0 0 0
97	2	-1 1 1 1 -1 0 1 -1 -1 1 -1 -1 -1 -1 0 -1 1 0 0 2 -1
97	3	0 -2 0 1 2 1 2 3 -1 -1 0 1 1 1 -1 1 -3 -1 -1 -1 0
97	4	1 1 -1 -1 0 0 -1 0 1 1 1 0 1 0 0 0 -1 0 0 -1 0
97	5	1 1 -1 -1 -1 -1 -2 -1 1 1 1 0 0 0 1 0 1 1 0 -1 0
97	6	0 0 0 0 0 0 0 0 0 1 1 0 0 0 0 0 0 0 0 -1 -1
97	7	-1 -1 1 1 1 1 1 2 -1 -1 0 1 0 0 -1 0 -1 -1 0 0 0
97	8	1 0 -1 0 1 0 -1 -1 1 0 0 0 1 0 -1 1 -1 1 0 -1 1
97	9	0 -2 0 1 2 0 1 2 -1 -2 0 1 1 1 -1 1 -2 0 0 -1 1
97	10	1 -1 -1 0 1 0 1 1 0 0 -1 1 0 1 0 1 -1 0 -1 0 0
97	11	0 1 -2 -1 0 -1 -1 -1 1 1 0 0 -1 1 1 0 1 1 0 -1 0
97	12	0 -2 1 2 0 1 1 1 -1 -1 0 0 0 0 0 0 -1 -1 0 0 -1
97	13	1 0 -1 0 1 -1 0 0 0 0 -1 0 0 1 0 0 0 1 -1 -1 0
97	14	1 1 -1 -1 -2 0 -2 -2 2 1 1 0 0 -1 0 0 1 1 1 0 0
97	15	0 0 1 1 0 1 0 0 -1 0 -1 0 0 0 0 -1 0 0 0 0 0
97	16	1 -1 -1 1 0 0 1 1 0 0 0 1 0 1 0 1 -1 0 -1 0 -1
98	0	0 -1 1 1 0 1 0 0 0 0 0 0 0 0 0 0 -1 0 0 0 -1
98	1	1 -1 0 1 0 1 0 1 0 -1 0 1 0 0 0 1 -1 0 -1 0 0
98	2	0 0 0 -1 0 0 -1 0 0 1 1 0 0 0 0 0 0 0 1 -1 0
98	3	1 0 -1 1 1 -1 1 1 -1 0 -1 1 0 1 0 0 0 0 -1 0 0
98	4	0 -2 1 1 1 2 0 2 -1 -1 1 1 1 0 -1 1 -2 -1 0 0 0
98	5	0 -1 1 1 0 0 1 1 -1 0 -1 1 0 0 0 0 0 0 0 0 0
98	6	0 1 1 0 -1 1 0 -1 0 1 0 -1 -1 0 0 -1 0 0 0 0 -1
98	7	0 1 0 0 0 1 -1 -1 1 0 0 0 0 -1 0 0 0 0 0 0 0
98	8	1 0 -1 0 -1 0 -1 -1 1 1 0 0 -1 0 0 0 1 1 0 0 0
98	9	-1 0 0 0 0 0 1 0 0 0 0 0 -1 0 1 0 0 0 -1 1 -1
98	10	-1 0 0 0 2 1 0 1 -1 -1 0 0 1 0 -1 0 -1 -1 0 0 1
98	11	0 -1 0 2 2 0 2 1 -1 -1 -2 0 0 1 -1 0 -1 0 -1 0 0
98	12	0 1 -1 -1 0 -1 0 -1 0 1 0 0 0 0 1 0 1 0 0 0 0
98	13	-1 0 0 0 1 0 0 0 0 0 0 0 0 0 0 0 0 0 0 0 0
98	14	0 -1 1 1 0 1 1 0 -1 0 0 1 0 0 0 1 -1 -1 0 1 -1
98	15	0 1 0 -1 -1 -1 -1 -1 1 1 0 -1 -1 0 1 0 1 1 0 0 -1
98	16	-1 -1 1 1 0 1 0 0 -1 -1 0 0 -1 0 0 -1 1 0 1 0 0
99	0	0 -1 0 1 1 0 1 1 -1 0 -1 1 0 1 0 1 -1 0 -1 0 0
99	1	0 0 0 1 0 0 1 1 -1 0 -1 0 0 0 0 0 0 0 0 0 -1
99	2	-1 1 0 0 0 0 0 -1 0 0 0 -1 0 -1 0 -1 1 0 0 0 1
99	3	0 0 -2 -1 1 -1 -1 0 1 -1 0 0 0 1 0 1 0 1 0 -1 1
99	4	1 2 -1 -1 0 -1 0 -2 1 2 -1 -1 0 0 0 -1 1 1 -1 0 0
99	5	0 -1 -1 1 2 0 0 2 -1 -2 0 1 1 1 -1 1 -1 0 0 -1 1
99	6	0 0 0 1 0 1 0 0 0 0 -1 0 0 0 0 -1 0 0 0 0 0
99	7	0 -1 1 1 1 1 0 1 -1 -1 0 0 1 0 -1 1 -2 -1 0 0 0
99	8	0 0 0 0 1 0 0 -1 1 0 -1 0 0 0 -1 0 0 1 0 0 1
99	9	0 -1 1 2 1 0 3 2 -2 0 -1 1 0 0 -1 0 -1 -1 -1 1 -1
99	10	0 2 -1 -1 -1 -1 -1 -2 1 1 -1 -1 -1 0 1 -1 2 2 0 0 0
99	11	-1 0 0 0 1 0 0 0 0 0 0 0 0 0 0 0 0 0 0 0 0
99	12	1 0 -1 0 -1 0 -2 -1 1 1 1 0 0 0 0 0 0 1 1 -1 0
99	13	0 -1 1 1 0 0 1 0 -1 0 0 0 0 0 0 0 0 0 0 0 -1
99	14	0 0 -1 0 1 -1 0 0 0 -1 -1 0 0 0 0 1 1 1 -1 0 1
99	15	-1 -2 1 1 2 1 2 2 -2 -1 0 0 1 1 -2 0 -2 -1 0 0 0
99	16	-1 1 0 -1 -1 1 -1 0 1 0 1 0 0 -1 1 0 0 0 0 0 0
100	0	0 1 -1 -1 1 0 -2 -1 1 0 0 0 0 0 0 0 1 1 0 -1 1
100	1	0 -1 0 1 0 0 1 0 -1 0 0 1 0 0 0 0 0 0 0 1 0
100	2	0 -1 1 1 0 0 1 0 -1 0 0 0 1 -1 -1 0 0 0 0 1 0
100	3	0 -1 1 1 0 1 1 0 -1 0 0 0 0 0 0 -1 0 0 0 0 -1
100	4	-1 -1 0 1 1 0 0 1 -1 -1 0 0 0 0 -1 0 0 0 1 0 0
100	5	0 2 0 -1 0 0 0 -1 0 1 0 -1 0 0 0 -1 0 0 0 -1 0
100	6	0 2 0 -1 0 -1 0 -1 0 1 0 -1 0 0 1 -1 1 0 -1 0 -1
100	7	-1 1 1 0 -1 0 0 -1 -1 1 0 -1 -1 -1 0 -2 1 0 1 1 0
100	8	0 2 -1 0 0 -1 0 -1 0 1 -1 -1 0 0 0 -1 1 1 -1 0 0
100	9	1 -1 -1 0 0 0 -1 1 0 0 1 1 1 1 0 1 -1 0 0 -1 0
100	10	0 1 0 0 1 0 0 0 0 0 -1 0 0 0 0 0 0 0 -1 0 0
100	11	0 0 -1 -1 1 -1 -1 0 1 0 0 1 1 0 0 1 0 1 0 0 1
100	12	0 0 0 0 0 0 0 0 0 0 1 0 0 -1 0 0 0 0 0 0 0
100	13	-1 0 0 1 1 0 1 1 -1 -1 -1 0 0 0 -1 -1 0 0 0 0 1
100	14	0 2 -1 -2 -1 0 -3 -2 2 1 1 -1 0 0 0 -1 1 1 1 -1 1
100	15	0 1 -1 0 1 -1 0 0 0 0 -1 0 0 1 0 0 0 0 0 -1 1
100	16	0 1 -1 -1 0 0 -1 0 0 0 1 0 1 -1 0 0 0 0 0 0 1
101	0	0 0 0 0 1 0 1 1 -1 0 1 0 1 0 0 0 -1 -1 -1 0 -1
101	1	-1 -1 0 1 2 1 0 1 0 -2 0 0 1 0 -1 0 -1 0 0 -1 1
101	2	0 1 -1 -1 0 -1 -1 -1 1 0 0 0 0 0 0 0 1 1 0 0 1
101	3	-1 1 0 0 0 0 0 -1 0 0 0 0 0 -1 0 0 1 0 0 1 0
101	4	0 -1 1 1 -1 1 0 1 0 0 0 1 -1 0 1 0 0 0 0 0 -1
101	5	0 0 0 0 0 0 -1 1 0 -1 1 1 1 -1 0 1 0 0 0 0 0
101	6	-1 0 0 0 1 0 0 0 0 0 0 0 0 0 -1 0 0 0 0 0 1
101	7	1 1 -1 0 -1 -1 -1 -1 1 1 -1 0 -1 0 1 0 1 1 0 0 0
101	8	0 0 -1 0 0 0 -1 -1 1 0 1 0 0 0 0 0 0 1 0 0 0
101	9	0 0 1 1 0 0 0 -1 0 0 -1 -1 0 -1 -1 0 0 0 0 1 0
101	10	0 -1 1 1 1 0 1 0 -1 -1 -1 0 0 0 -1 0 0 0 0 0 0
101	11	0 0 0 0 0 0 -1 0 0 0 0 0 0 0 0 1 0 0 0 0 0
101	12	-1 0 0 1 1 0 0 0 -1 -1 0 0 0 0 0 0 0 0 0 0 0
101	13	0 1 0 0 0 0 0 -1 -1 1 -1 -1 -1 0 0 -1 1 0 0 0 0
101	14	0 0 0 0 1 0 1 1 0 0 0 1 0 0 0 0 -1 0 -1 0 0
101	15	0 -1 0 0 0 0 0 0 0 0 0 1 0 0 0 1 0 1 0 0 0
101	16	-1 0 0 1 2 0 1 0 -1 -1 -1 0 1 0 -1 0 0 0 -1 0 1
102	0	0 2 0 -1 0 0 -1 -2 1 1 0 -1 0 0 0 -1 0 0 0 0 0
102	1	-1 -1 0 0 1 0 0 1 -1 -1 0 0 0 1 0 0 0 0 0 0 0
102	2	0 0 0 0 1 0 1 1 0 0 0 0 0 1 0 0 -1 0 -1 -1 -1
102	3	0 -1 0 1 1 0 0 1 0 -1 0 1 0 0 -1 1 0 0 0 0 0
102	4	0 -1 1 1 1 1 0 1 -1 -2 0 0 1 0 -1 0 -1 -1 0 0 0
102	5	0 2 0 -1 -1 -1 -1 -2 1 1 -1 -1 0 0 1 -1 1 1 0 0 0
102	6	0 2 -1 -1 1 -2 0 -1 0 1 -1 -1 0 0 0 -1 1 1 -1 0 1
102	7	0 1 -1 -1 0 0 -1 0 1 0 1 0 0 0 1 0 0 0 0 -1 0
102	8	0 0 -1 -1 0 0 -1 0 1 0 1 1 0 0 1 1 0 0 0 0 0
102	9	0 -1 0 1 1 0 1 2 -1 -1 -1 1 0 1 0 0 -1 0 -1 0 0
102	10	1 0 0 1 -1 0 1 0 0 1 -1 0 -1 0 1 0 0 0 -1 1 -2
102	11	0 -2 0 1 2 1 0 1 -1 -2 0 1 1 0 -1 1 -1 0 0 -1 1
102	12	0 0 0 0 -1 0 -1 -1 0 0 0 0 0 0 0 -1 1 1 1 0 1
102	13	0 0 0 1 0 0 0 -1 0 0 -1 0 -1 -1 0 0 1 1 0 1 0
102	14	1 2 -2 -1 0 -1 -1 -1 1 0 -1 0 0 0 0 0 1 1 0 0 1
102	15	0 0 0 0 0 0 0 -1 0 0 0 0 0 0 0 0 0 0 1 0 0
102	16	1 1 -2 0 1 -1 0 -1 1 0 -1 0 0 1 0 0 0 1 -1 -1 1
103	0	-1 1 0 -1 -1 0 -1 -1 1 1 0 -1 -1 0 0 -1 1 1 1 0 0
103	1	-1 -1 1 1 1 0 1 1 -1 -1 0 0 0 0 -1 0 0 0 0 0 0
103	2	0 0 -1 -1 0 0 -1 -1 1 0 0 0 0 0 0 0 1 1 1 -1 1
103	3	0 2 -1 -1 -1 -1 -2 -2 2 1 0 -1 0 -1 0 -1 1 1 1 0 1
103	4	-1 -1 1 1 0 1 0 0 -1 -1 0 0 -1 0 0 0 0 0 1 0 0
103	5	-1 -1 1 1 1 1 2 2 -2 -1 0 1 0 0 0 0 -1 -1 -1 1 -1
103	6	-1 2 -1 -1 0 -1 0 -1 0 1 0 -1 -1 0 1 -1 1 0 0 0 0
103	7	0 1 0 -1 0 0 -2 -2 1 0 0 -1 0 -1 0 -1 1 1 1 0 1
103	8	1 0 -1 0 1 1 0 1 0 0 0 1 1 0 0 0 -1 0 -1 -1 0
103	9	1 2 -1 0 0 -1 0 -2 0 1 -1 -1 0 0 0 -1 1 1 -1 0 0
103	10	0 1 0 0 0 0 0 0 0 1 0 -1 1 0 0 -1 -1 0 -1 0 -1
103	11	0 0 0 -1 0 0 -1 0 0 0 1 0 1 0 0 0 0 0 0 0 0
103	12	0 1 0 0 1 -1 0 0 0 1 -1 0 0 0 0 0 0 0 -1 0 0
103	13	-1 2 -1 -1 1 -1 0 -1 0 0 -1 -1 0 0 0 -1 1 1 0 0 1
103	14	-1 1 1 0 0 0 -1 0 0 0 0 -1 1 -1 0 -1 0 0 0 0 0
103	15	0 1 0 -1 1 0 -1 0 0 0 0 0 1 0 0 -1 0 0 0 -1 1
103	16	-1 -2 1 1 1 0 1 1 -1 -1 0 0 0 1 -1 1 -1 0 0 0 0
104	0	-1 -1 0 0 1 1 0 1 -1 -1 1 0 1 0 -1 0 -1 0 1 -1 1
104	1	1 1 -1 0 0 -1 0 -1 0 1 -1 0 0 1 0 -1 1 1 0 -1 0
104	2	-1 1 0 0 1 0 0 0 -1 -1 0 -1 1 -1 -1 0 0 0 0 0 1
104	3	0 1 -1 0 1 -1 1 0 0 0 -1 0 -1 0 0 0 1 0 -1 0 0
104	4	-1 -2 1 1 1 1 0 1 -1 -1 0 1 0 0 -1 1 0 0 1 0 0
104	5	0 -1 -1 1 2 0 1 2 -1 -1 0 1 0 1 0 1 -1 0 -1 -1 0
104	6	1 1 -1 0 0 -1 0 -1 1 1 -1 0 0 0 0 0 1 1 -1 0 0
104	7	0 0 -1 0 1 0 -1 0 1 -1 0 0 0 0 0 1 0 0 0 0 0
104	8	-1 0 -1 -1 2 0 -2 0 1 -1 1 0 1 0 -1 1 -1 0 1 -1 2
104	9	0 0 -1 0 1 0 -2 0 1 -1 0 1 1 0 0 1 0 1 0 -1 1
104	10	-1 0 0 0 -1 1 -1 -1 1 0 1 0 0 -1 0 0 0 0 1 1 0
104	11	0 0 0 1 0 0 1 0 0 0 -1 0 0 0 0 0 0 0 -1 1 -1
104	12	0 -1 0 1 2 1 0 1 -1 -2 -1 0 0 1 -1 0 -1 0 0 -1 1
104	13	-1 0 0 0 1 0 0 0 0 0 0 0 0 0 0 0 0 0 0 0 0
104	14	1 2 -1 0 -1 -1 0 -2 1 1 -1 -1 -1 0 1 -1 2 1 -1 0 -1
104	15	-1 0 0 0 1 0 0 1 -1 -1 0 0 0 0 0 0 0 0 0 0 0
104	16	0 1 -1 0 0 -1 -1 0 0 0 -1 -1 0 0 0 -1 1 1 0 -1 1
105	0	-1 0 0 0 1 0 0 0 -1 -1 0 -1 0 0 -1 -1 0 0 1 0 1
105	1	0 0 0 0 0 0 0 -1 0 1 0 0 -1 0 0 0 1 0 0 1 -1
105	2	1 1 0 0 -1 0 -1 -1 1 2 0 -1 0 0 0 -1 0 0 0 0 -1
105	3	-1 0 0 0 1 0 0 0 -1 -1 0 0 0 0 0 0 0 0 0 0 1
105	4	-1 0 0 0 1 0 0 1 0 0 0 0 0 0 0 0 0 0 -1 0 0
105	5	0 -1 0 0 0 1 -1 0 1 0 1 1 1 0 0 1 -1 0 0 0 0
105	6	2 1 -1 0 -1 -1 0 -1 1 1 -1 0 -1 0 1 0 1 1 -1 0 -1
105	7	0 1 -1 0 0 0 -1 -1 0 1 0 0 0 0 0 0 0 1 0 0 0
105	8	-1 -2 2 2 1 1 1 2 -2 -2 0 1 1 -1 -1 1 -1 -1 0 1 0
105	9	0 2 -1 -1 0 -1 -2 -2 1 1 0 -1 0 0 0 -1 1 1 1 -1 1
105	10	0 -1 0 1 2 0 1 1 -1 0 -1 0 0 1 -1 0 -1 0 0 -1 0
105	11	0 0 0 0 1 0 -1 0 0 0 0 0 1 0 0 0 -1 0 0 -1 1
105	12	0 0 -1 -1 0 0 -2 -1 1 0 1 0 0 0 0 1 0 1 1 -1 1
105	13	0 0 -1 -1 0 0 -1 0 1 0 0 0 -1 1 1 0 0 1 0 -1 0
105	14	0 -1 0 0 1 1 -2 0 0 -1 1 1 1 0 -1 1 -1 0 1 0 1
105	15	0 0 0 1 1 0 1 1 -1 0 0 0 1 0 0 0 -1 -1 -1 0 -1
105	16	-1 -2 1 1 1 1 1 1 -1 -2 0 1 0 0 0 1 0 0 0 0 0
106	0	0 0 0 0 0 1 -2 0 0 -1 0 0 0 0 0 0 0 0 1 -1 1
106	1	0 0 -1 0 0 0 -1 0 0 0 0 1 0 -1 0 1 1 1 0 0 1
106	2	1 0 -1 0 0 0 0 0 0 0 0 0 0 1 0 0 0 1 -1 -1 0
106	3	-1 -1 0 0 2 0 0 2 -1 -1 0 1 0 1 -1 1 -1 0 0 -1 1
106	4	0 1 -1 -1 1 -1 0 0 0 0 0 0 0 1 0 0 0 0 0 -1 0
106	5	0 0 0 -1 1 0 -1 1 0 0 1 1 1 0 0 1 -1 0 0 -1 0
106	6	-1 1 -1 -1 0 -1 -1 -1 0 0 0 0 0 -1 0 0 2 1 1 0 2
106	7	-1 1 0 -2 0 0 -2 -2 1 0 1 -1 0 -1 0 0 1 1 1 0 1
106	8	0 0 0 1 0 0 1 0 -1 0 -1 1 0 -1 0 0 1 0 0 1 0
106	9	1 -1 -1 0 2 0 0 1 0 -1 0 1 1 1 0 1 -1 0 -1 -1 0
106	10	-1 -1 1 1 0 1 1 1 -1 0 1 0 0 -1 0 0 -1 -1 0 1 -1
106	11	0 1 0 0 0 0 0 -1 0 0 0 -1 0 -1 0 -1 1 0 0 0 0
106	12	-1 1 0 -1 1 0 0 0 -1 0 0 -1 0 1 0 -1 0 0 0 -1 0
106	13	-1 -1 1 1 2 0 1 1 -1 -1 -1 0 1 0 -1 0 -1 0 -1 0 1
106	14	0 -1 0 1 0 0 0 -1 0 0 -1 0 -1 0 0 0 1 1 0 1 0
106	15	-1 0 0 0 1 1 0 0 0 -1 0 0 0 0 0 0 -1 0 0 0 0
106	16	-1 0 1 0 1 1 0 1 -1 -1 1 0 1 -1 -1 0 -1 -1 0 0 0
107	0	0 -2 0 1 1 0 1 2 -1 -1 0 1 0 1 -1 1 -1 0 0 0 0
107	1	0 0 -1 0 0 0 0 1 0 0 0 0 0 1 0 0 -1 0 0 -1 0
107	2	0 -1 0 1 0 0 1 1 0 0 0 0 0 0 0 0 -1 0 0 0 -1
107	3	1 0 0 0 -1 0 0 -1 1 1 0 0 -1 0 0 0 0 1 0 0 -1
107	4	0 1 0 1 1 -1 1 0 -1 0 -1 -1 1 0 -1 -1 0 0 -1 0 0
107	5	0 1 -1 0 0 0 -1 -1 1 0 -1 0 0 0 0 0 0 1 0 0 1
107	6	1 -2 -1 1 1 0 1 2 0 -1 -1 2 0 1 0 2 -1 0 -1 0 0
107	7	-1 0 1 0 0 0 0 -1 -1 0 -1 -1 -1 0 0 -1 1 1 1 0 0
107	8	0 -3 1 2 1 1 1 2 -1 -2 0 2 1 0 -1 2 -2 -1 0 1 0
107	9	0 0 0 -1 1 0 0 0 0 0 0 0 1 1 -1 0 -1 0 0 -1 1
107	10	0 1 0 0 0 0 0 -1 0 0 0 -1 0 0 0 0 0 0 0 0 -1
107	11	0 1 0 0 0 0 0 -1 0 1 0 -1 0 0 0 -1 0 0 0 0 -1
107	12	0 0 0 0 0 0 1 0 0 0 -1 0 -1 1 0 0 0 0 0 0 -1
107	13	0 0 -1 0 1 0 0 0 0 0 0 0 0 0 -1 0 0 1 0 0 0
107	14	0 -2 0 1 1 0 1 2 0 -1 0 2 1 0 0 2 -1 0 -1 0 0
107	15	0 0 -1 1 0 0 0 1 0 -1 0 0 0 0 0 0 0 0 0 -1 0
107	16	0 -1 0 0 0 1 0 0 1 0 0 0 0 1 0 0 -1 0 0 -1 0
108	0	-1 1 0 0 1 0 0 0 -1 0 0 0 1 -1 -1 0 0 0 0 0 1
108	1	-1 1 0 0 1 -1 1 0 -1 0 -1 -1 0 -1 0 -1 1 0 -1 1 0
108	2	-1 -2 1 1 3 1 1 2 -2 -2 0 1 2 0 -2 1 -2 -1 0 0 1
108	3	0 0 1 1 -1 0 0 0 0 0 0 0 0 -1 0 0 0 0 0 1 -1
108	4	2 0 -1 0 0 0 0 0 1 1 0 1 1 0 0 1 -1 0 -1 -1 0
108	5	0 -1 -1 0 1 0 0 0 0 0 0 1 0 0 0 1 0 1 0 0 0
108	6	0 1 -1 -1 1 0 0 1 0 -1 0 0 1 0 0 0 0 0 -1 -1 1
108	7	-1 0 0 0 1 1 -1 0 0 -1 1 0 2 -1 -1 0 -1 0 0 0 1
108	8	-1 1 0 0 0 0 0 -1 0 0 0 -1 0 -1 0 -1 1 0 0 1 0
108	9	0 0 -1 0 0 -1 0 0 0 1 0 0 0 0 0 0 1 1 0 0 0
108	10	-1 0 0 -1 1 0 0 1 -1 0 1 0 1 0 0 0 0 0 0 -1 0
108	11	0 -1 0 0 0 0 0 0 0 1 1 0 0 0 0 0 -1 0 0 0 0
108	12	-1 -2 2 1 1 2 1 1 -1 -1 0 0 1 0 -1 0 -2 -1 0 0 0
108	13	0 0 -1 0 0 0 -1 0 1 0 1 1 0 -1 0 1 0 0 0 1 0
108	14	-1 0 0 0 0 1 0 0 0 0 0 0 0 0 0 0 0 0 0 0 0
108	15	0 0 0 1 0 0 0 0 0 0 -1 0 0 0 0 0 0 0 0 0 0
108	16	1 2 -2 -1 -1 -1 -2 -1 2 1 1 -1 0 0 0 0 0 1 0 -1 0
109	0	-1 -1 1 1 -1 1 -1 0 0 0 1 0 0 -1 0 0 0 0 1 0 0
109	1	0 -1 0 0 1 1 -1 1 0 -1 1 1 1 0 -1 1 -1 0 0 -1 1
109	2	-1 -1 1 1 1 1 2 2 -2 -1 0 1 0 0 0 1 -1 -1 -1 1 -1
109	3	-1 1 1 0 0 0 0 -1 -1 0 -1 -1 0 -1 0 -1 1 0 0 1 0
109	4	0 0 0 0 0 0 0 0 0 0 0 0 0 0 0 0 0 1 0 0 0
109	5	0 1 -1 0 1 0 0 -1 0 0 -1 -1 0 0 -1 -1 0 0 0 0 1
109	6	0 0 -1 0 -1 -1 0 0 0 0 0 0 -1 0 1 0 1 1 0 0 0
109	7	0 -1 0 1 0 1 0 0 0 0 0 0 0 0 0 0 -1 0 0 0 0
109	8	1 0 -1 0 1 0 0 1 0 -1 0 1 1 0 0 1 -1 0 -1 -1 1
109	9	0 -1 1 1 0 0 1 1 -1 0 -1 0 -1 0 0 -1 0 0 0 0 0
109	10	0 0 0 0 1 0 1 0 0 0 -1 0 0 0 0 0 0 0 -1 0 0
109	11	1 1 -1 0 0 -1 0 -1 0 1 -1 -1 0 0 0 -1 1 1 0 -1 0
109	12	1 0 0 0 -1 0 -1 -1 1 1 0 0 0 1 0 0 0 1 0 -1 0
109	13	1 -1 -1 0 1 0 1 1 0 -1 0 1 1 1 0 1 -1 0 -1 -1 0
109	14	-1 0 0 1 1 0 1 0 -1 0 -1 0 0 0 0 0 0 1 -1 0 0
109	15	-1 0 0 0 1 0 0 0 -1 0 0 0 0 0 -1 0 0 1 0 0 1
109	16	-1 0 1 0 0 0 0 0 -1 0 0 0 0 0 0 0 0 0 0 1 0
110	0	1 -1 0 1 0 0 1 1 0 0 0 0 0 1 0 0 -1 0 -1 -1 -1
110	1	-1 1 0 -1 0 0 -1 0 0 0 1 0 1 -1 0 0 0 0 0 0 1
110	2	-1 0 0 0 0 1 -1 1 0 0 1 0 1 -1 0 0 -1 0 0 0 0
110	3	-1 -1 0 0 1 1 0 1 0 -1 0 1 0 0 0 1 0 0 0 0 0
110	4	0 0 -1 -1 2 0 0 0 0 0 0 0 1 1 -1 0 -1 0 0 -1 1
110	5	-1 0 0 0 1 0 -1 0 0 -1 0 -1 1 0 -1 0 0 0 1 -1 1
110	6	0 -2 1 1 -1 1 0 1 0 0 1 0 0 0 0 0 -1 0 0 0 -1
110	7	0 1 0 0 0 -1 0 -1 0 0 -1 -1 0 0 0 -1 1 1 0 -1 1
110	8	-1 0 1 0 1 0 -1 -1 0 -1 0 -1 1 -1 -1 0 0 0 1 0 1
110	9	0 -1 -1 0 1 1 0 2 0 -1 1 1 1 0 0 1 -1 0 -1 -1 0
110	10	0 0 0 0 0 0 1 1 -1 0 0 0 0 0 1 0 0 0 -1 0 -1
110	11	-1 0 0 0 1 0 -1 0 0 -1 0 0 0 0 0 0 0 0 0 0 1
110	12	0 -1 0 0 1 0 0 1 0 -1 0 1 1 0 -1 1 -1 0 0 0 1
110	13	0 -1 0 0 1 0 1 1 -1 0 0 1 0 1 -1 1 -1 0 0 0 0
110	14	-1 -1 1 1 1 1 0 1 0 -1 1 0 1 0 -1 0 -2 -1 0 0 0
110	15	-1 -1 0 0 0 0 1 0 0 0 0 0 0 0 0 0 0 0 0 1 0
110	16	-1 -1 1 0 1 0 0 1 -1 -1 0 0 0 1 0 0 0 0 0 0 0
111	0	0 0 0 0 1 0 0 0 0 0 0 0 1 0 0 0 -1 0 -1 0 0
111	1	0 -1 1 1 1 1 1 0 -1 -1 -1 0 0 1 -1 0 -1 0 0 0 0
111	2	0 -1 1 1 0 1 0 1 -1 0 0 0 0 0 0 -1 0 0 0 0 -1
111	3	-1 0 0 0 1 0 -1 0 0 -1 1 -1 1 0 -1 0 -1 0 1 -1 1
111	4	1 0 0 1 0 0 0 1 0 0 0 0 1 0 0 0 -1 0 -1 -1 -1
111	5	0 1 -1 -1 0 0 -2 -1 2 0 1 0 1 0 0 0 0 1 0 -1 1
111	6	0 -1 0 1 0 1 0 0 1 -1 0 0 0 0 0 0 -1 0 0 0 0
111	7	0 -1 -1 0 1 1 -1 1 1 -1 1 0 1 0 -1 1 -2 0 0 -1 1
111	8	-1 1 0 0 1 0 0 0 -1 1 0 -1 0 0 -1 -1 0 0 0 0 0
111	9	-1 0 0 0 1 0 0 1 -1 0 0 0 0 0 0 0 0 0 0 0 0
111	10	0 0 0 1 0 0 0 0 0 0 0 0 0 0 1 0 0 0 -1 0 -1
111	11	0 0 0 0 1 0 1 2 -1 0 0 1 1 0 0 0 -1 -1 -1 0 0
111	12	0 -1 -1 0 2 0 0 1 0 -1 0 1 1 1 -1 1 -1 0 0 -1 1
111	13	-1 0 0 -1 1 0 -1 1 0 -1 0 0 0 0 0 0 0 0 1 -1 1
111	14	0 1 -1 -1 0 -1 -1 0 0 0 0 0 0 0 1 0 1 1 0 -1 1
111	15	0 0 0 0 0 -1 0 -1 0 0 -1 0 0 0 0 0 1 1 0 1 0
111	16	0 2 0 -1 -2 0 -1 -1 0 2 1 -1 0 -1 1 -1 1 0 0 0 -1
112	0	0 0 0 0 1 1 -1 0 0 0 1 0 1 0 -1 0 -1 0 0 -1 0
112	1	0 -1 0 0 0 0 0 0 0 1 0 0 0 0 0 0 0 0 0 0 0
112	2	0 0 0 0 0 1 -1 1 0 0 1 0 0 0 0 0 0 0 0 -1 -1
112	3	0 1 0 0 0 -1 0 0 0 1 0 0 0 0 0 0 0 0 0 0 -1
112	4	-1 -1 1 1 1 1 0 1 -1 -1 1 0 0 0 0 0 -1 -1 0 0 -1
112	5	0 1 0 0 0 0 -1 -1 0 0 0 -1 0 -1 0 0 1 0 0 0 0
112	6	1 0 -1 0 0 0 -1 0 1 0 0 0 0 1 0 0 -1 1 0 -1 0
112	7	0 0 -1 -1 0 0 -1 -1 1 0 1 0 1 0 0 0 0 1 0 -1 1
112	8	0 1 -1 0 0 -1 0 -1 1 0 -1 0 0 0 0 0 1 1 0 0 0
112	9	-1 1 -1 -1 1 0 0 0 0 0 0 0 0 0 0 0 0 0 0 0 1
112	10	0 2 -1 0 0 -1 0 -2 1 1 -1 -1 0 0 0 -1 1 1 -1 0 0
112	11	0 -1 0 0 -1 0 -1 -1 1 0 1 0 0 0 0 1 0 1 1 0 0
112	12	0 2 0 -1 -1 0 -1 -1 0 1 0 -1 -1 0 1 -1 1 0 0 0 -1
112	13	0 -2 1 1 1 1 1 2 -1 -1 0 1 1 0 0 1 -2 -1 -1 0 0
112	14	0 0 -1 0 1 0 0 1 0 0 0 1 1 0 -1 1 -1 0 0 -1 1
112	15	0 0 -1 0 0 0 -1 0 0 0 1 0 0 0 0 0 0 0 1 -1 0
112	16	0 0 0 0 1 0 1 1 -1 0 -1 0 0 1 0 0 -1 0 -1 0 0
113	0	-1 0 0 0 1 0 0 0 0 -1 0 -1 0 0 -1 -1 0 0 0 0 1
113	1	-1 1 1 0 0 0 0 -1 -1 0 0 -1 0 0 0 -1 1 0 0 0 0
113	2	-1 -1 0 1 3 0 1 1 -1 -2 -1 1 1 0 -2 1 -1 0 0 0 2
113	3	0 0 0 0 -1 1 -2 0 1 0 1 0 0 0 0 0 0 0 1 -1 0
113	4	-1 1 0 -1 -1 0 -2 -2 1 1 1 -1 0 -1 0 -1 1 1 1 0 1
113	5	0 0 0 0 1 0 0 0 0 0 0 -1 1 1 -1 0 -1 0 0 -1 0
113	6	0 -1 0 0 1 1 -1 1 0 -1 1 1 1 0 -1 1 -1 0 0 -1 1
113	7	0 -2 1 1 0 1 0 1 0 -1 0 1 0 1 0 1 -1 0 0 0 -1
113	8	0 -1 0 1 0 0 1 1 -1 0 0 1 0 0 0 0 0 0 0 0 0
113	9	0 1 0 0 -2 0 0 -1 0 1 0 0 -1 0 1 -1 1 0 0 1 -1
113	10	0 0 1 0 -1 0 0 -1 0 1 0 0 0 -1 0 0 1 0 0 1 -1
113	11	0 1 0 0 0 0 0 -1 0 1 0 -1 -1 0 0 -1 1 0 0 0 -1
113	12	0 0 0 0 0 1 -1 -1 1 0 0 -1 0 0 -1 0 -1 0 1 0 0
113	13	1 0 -1 0 0 0 0 0 0 0 0 1 0 0 0 1 0 0 0 0 0
113	14	0 -1 0 1 2 0 1 1 -1 -1 -1 1 1 1 -1 1 -1 0 -1 0 0
113	15	1 -1 0 0 0 1 -1 0 0 0 1 1 1 0 0 1 -1 0 0 0 0
113	16	0 -1 -1 0 1 0 0 1 0 0 0 0 0 1 0 1 -1 0 0 -1 0
114	0	0 -1 -1 0 1 0 0 1 0 0 1 1 0 0 0 1 0 0 0 -1 0
114	1	0 2 -1 -1 -1 -1 -1 -2 1 2 0 -1 0 -1 1 -1 2 1 0 0 0
114	2	0 2 -1 -1 -1 0 -1 -1 1 1 0 -1 0 -1 0 -1 1 1 0 0 0
114	3	0 -1 0 1 1 0 1 1 -1 -1 -1 1 0 1 0 0 0 0 0 0 0
114	4	0 0 0 1 1 0 1 0 -1 0 0 0 1 0 -1 0 -1 -1 0 0 0
114	5	0 -1 0 0 0 1 0 0 0 0 0 0 0 0 0 0 0 0 0 0 0
114	6	1 0 -1 0 1 -1 1 0 -1 0 -1 0 0 1 0 0 0 0 -1 0 0
114	7	0 -2 0 1 0 1 0 1 0 0 1 1 0 0 0 1 -1 0 0 0 -1
114	8	-1 1 1 0 -1 0 -1 -1 0 1 0 -1 0 -1 0 -1 1 0 1 0 0
114	9	0 2 -1 -1 -1 -2 -1 -2 1 2 -1 -1 -1 0 1 -1 2 2 0 0 0
114	10	-1 0 0 0 1 0 0 0 0 -1 0 1 0 0 0 1 0 0 0 0 1
114	11	0 0 -1 0 0 0 -1 1 0 0 1 0 0 0 0 0 0 0 0 -1 0
114	12	-1 1 0 -1 -1 0 -1 0 0 1 1 -1 0 -1 1 -1 1 0 0 0 0
114	13	0 0 0 0 0 -1 1 0 -1 0 -1 0 0 0 0 0 1 1 0 0 0
114	14	0 -1 1 0 0 1 0 0 0 0 1 0 0 0 0 0 -1 0 0 0 -1
114	15	-1 -1 0 0 0 1 -1 1 0 -1 1 1 0 -1 0 1 0 0 1 0 1
114	16	-1 -1 1 1 -1 1 0 0 0 0 1 0 -1 -1 0 0 0 0 1 1 -1
115	0	0 0 1 0 -2 0 0 -1 0 1 0 -1 -1 0 1 -1 1 1 0 0 -1
115	1	0 -1 1 1 0 0 1 0 -1 0 -1 1 0 0 0 0 0 0 0 1 0
115	2	1 2 -1 -1 -1 -1 -1 -2 1 2 0 -1 0 0 0 -1 1 1 0 0 0
115	3	-1 0 1 0 0 0 0 -1 0 0 0 0 0 0 0 0 0 0 1 0 0
115	4	1 1 -1 0 -1 -1 -1 -1 1 0 -1 0 -1 0 1 0 1 1 0 0 0
115	5	1 0 0 1 -1 0 0 0 1 1 0 0 0 0 0 0 -1 0 -1 0 -1
115	6	-1 1 0 -1 0 -1 -1 -1 1 0 0 -1 0 -1 0 0 1 1 0 0 1
115	7	0 1 -1 0 0 0 0 0 0 0 0 0 0 0 1 0 0 0 -1 -1 0
115	8	0 1 -1 -1 0 0 0 -1 1 1 0 -1 0 1 0 -1 0 0 0 -1 0
115	9	0 1 0 0 0 0 0 -1 0 1 -1 0 0 0 0 0 0 0 0 0 0
115	10	-1 -1 0 0 1 0 1 1 -1 0 0 1 0 0 0 0 0 0 0 0 0
115	11	1 2 -1 -1 0 -1 -1 -2 1 1 -1 -1 0 0 0 -1 1 1 0 -1 1
115	12	0 0 -1 0 1 0 -1 0 0 -1 0 0 1 0 0 1 0 0 0 -1 1
115	13	0 0 0 0 0 0 0 0 0 1 0 0 0 -1 0 0 0 0 0 0 0
115	14	-2 0 2 0 1 1 1 1 -2 -1 0 0 0 -1 0 -1 0 -1 0 1 0
115	15	-1 -1 1 0 1 0 1 1 -1 0 0 0 0 0 0 0 -1 0 0 0 0
115	16	0 1 -1 -1 0 0 -1 -1 1 1 1 -1 0 0 0 -1 0 0 0 -1 0
116	0	0 0 0 1 1 0 1 1 -1 0 -1 0 0 0 0 0 0 0 -1 0 -1
116	1	0 -1 0 1 1 1 0 1 0 -1 -1 0 0 1 -1 0 -1 0 0 -1 0
116	2	1 1 -1 0 0 -1 0 0 0 1 -1 0 1 0 0 0 0 1 -1 0 0
116	3	0 1 -1 -1 0 -1 -1 0 0 0 0 0 0 0 1 0 1 1 0 -1 0
116	4	0 -1 0 0 0 0 -1 0 0 0 1 1 0 0 0 1 0 0 1 0 0
116	5	0 0 0 0 0 0 1 0 -1 0 0 0 0 0 0 0 0 0 0 0 0
116	6	-1 0 0 -1 1 0 0 0 0 -1 1 0 1 -1 0 0 0 0 0 0 1
116	7	0 2 -1 -2 0 -1 -1 -2 1 2 0 -1 0 0 0 -1 1 1 0 0 0
116	8	0 -1 0 1 1 0 1 1 -1 -1 -1 1 0 0 0 1 0 0 -1 1 0
116	9	0 1 1 0 0 0 0 0 -1 0 0 -1 0 0 0 -1 0 0 0 0 -1
116	10	0 0 1 0 0 1 -1 0 0 0 0 0 0 0 0 -1 0 0 0 0 0
116	11	0 0 0 0 -1 0 -2 -1 1 0 0 0 -1 0 1 0 1 1 1 0 0
116	12	0 0 0 0 0 0 1 0 -1 0 0 0 0 -1 0 0 0 0 0 1 0
116	13	-1 1 0 0 1 0 0 0 0 0 0 0 0 0 0 0 0 0 -1 0 0
116	14	0 -1 0 1 0 0 1 1 -1 0 -1 1 0 0 0 0 0 0 0 1 0
116	15	-1 0 0 -1 0 0 -1 0 0 0 1 0 1 0 0 0 0 0 1 -1 1
116	16	0 0 -1 0 0 0 -1 -1 1 -1 0 0 0 0 0 0 1 1 1 -1 1
117	0	0 2 0 0 -1 -1 1 -1 0 1 -1 -1 -1 0 1 -1 1 0 -1 0 -1
117	1	0 1 -1 0 0 0 -1 0 1 0 1 0 1 -1 0 0 0 0 0 -1 0
117	2	1 0 -1 0 1 0 -1 0 1 -1 0 1 1 0 -1 1 0 1 0 -1 1
117	3	0 -2 0 1 2 1 1 3 -1 -2 0 1 0 1 -1 1 -2 -1 0 -1 0
117	4	1 -1 -1 0 -1 0 -1 0 1 0 1 1 0 0 1 1 0 1 0 -1 0
117	5	0 -1 1 0 0 1 -1 0 0 -1 1 0 1 0 -1 0 -1 0 1 0 0
117	6	1 -1 -1 0 1 1 -1 1 1 -1 1 1 1 0 -1 1 -2 0 0 -1 1
117	7	-1 0 1 0 1 1 0 1 -1 -1 0 0 0 -1 0 0 0 0 0 0 0
117	8	0 2 0 0 -1 -1 0 -2 0 2 -1 -1 0 -1 0 -1 1 0 0 1 0
117	9	0 1 -1 -1 1 -1 -1 0 0 0 0 0 1 1 0 0 0 0 0 -1 1
117	10	0 1 -1 -1 1 1 -1 0 1 0 1 0 1 0 0 0 -1 0 -1 -1 0
117	11	0 0 0 0 -1 0 0 -1 0 1 0 0 0 0 0 0 0 1 0 0 0
117	12	0 -1 0 1 1 0 1 1 -1 0 -1 0 0 1 -1 0 -1 0 0 0 0
117	13	1 0 0 1 0 0 1 0 0 0 -1 0 0 1 0 0 -1 0 -1 0 -1
117	14	-1 -1 1 0 1 0 0 1 -1 -1 0 1 1 0 -1 0 0 0 1 0 1
117	15	-1 0 0 0 1 -1 1 0 0 0 0 -1 0 0 0 0 0 0 -1 0 0
117	16	-1 0 0 -1 1 0 -1 0 1 0 1 -1 1 0 -1 0 -1 0 0 -1 1
118	0	0 0 -1 0 0 0 -1 0 1 0 0 1 0 0 0 1 0 1 0 -1 1
118	1	1 -1 -1 0 1 0 0 2 0 0 0 1 0 1 0 1 -1 0 -1 -1 0
118	2	-1 -1 1 0 1 0 0 1 -2 -1 0 0 1 0 -1 0 0 0 1 0 1
118	3	0 0 -1 0 0 -1 0 -1 0 0 0 0 0 0 0 0 1 1 0 0 1
118	4	-1 1 0 0 1 0 -1 -1 0 0 0 -1 1 -1 -1 -1 0 1 0 0 1
118	5	-1 -1 1 1 2 1 0 1 -1 -1 0 0 1 0 -2 0 -1 0 0 -1 1
118	6	-1 1 0 -1 0 0 -2 -2 1 0 0 -1 0 -1 0 -1 2 1 1 0 1
118	7	0 -1 0 0 2 0 0 0 0 0 0 1 1 0 -1 1 -1 0 0 0 1
118	8	-1 0 1 0 -1 1 -1 -1 1 0 0 -1 -1 0 0 -1 0 0 1 0 0
118	9	0 0 0 0 0 0 0 1 0 -1 0 0 0 0 1 0 0 0 -1 0 -1
118	10	0 -1 0 0 1 0 1 1 0 0 0 1 1 0 -1 1 -1 0 0 0 0
118	11	1 0 -1 0 1 -1 1 0 0 0 -1 1 0 1 0 1 0 1 -1 0 0
118	12	-1 0 0 0 1 0 0 0 0 0 0 -1 0 0 -1 0 0 0 0 0 0
118	13	0 2 -1 -1 -1 -1 -1 -2 1 1 0 -1 0 -1 1 0 2 1 0 0 0
118	14	-1 1 1 0 -1 0 0 -1 0 1 0 -2 -1 -1 0 -2 1 0 0 1 -1
118	15	0 1 -1 0 1 -1 1 0 -1 1 0 0 0 0 0 0 0 0 -1 0 0
118	16	0 -1 0 0 0 1 -1 0 0 -1 1 1 0 0 0 1 -1 0 1 0 0
119	0	1 1 -1 -1 -1 0 -2 -2 2 1 1 0 0 -1 1 0 1 1 0 0 0
119	1	0 0 -1 -1 0 0 -1 -1 1 0 1 0 1 -1 0 1 0 0 0 0 1
119	2	0 0 0 0 0 0 -1 -1 1 0 0 0 0 0 0 0 0 1 0 0 0
119	3	-1 2 -1 -1 0 -1 -1 -1 0 0 0 -1 -1 0 1 -1 2 1 0 0 0
119	4	-1 -1 1 1 1 0 1 1 -1 -1 -1 1 0 -1 0 1 0 0 0 1 0
119	5	-1 -2 2 2 1 1 2 1 -2 -1 -1 0 0 0 -1 -1 -1 -1 0 1 0
119	6	0 0 0 1 0 0 0 0 0 0 -1 0 0 0 0 -1 0 1 0 0 0
119	7	0 0 0 0 -1 0 0 -1 0 0 0 0 0 0 0 0 1 1 0 0 0
119	8	0 -1 0 1 1 0 1 1 -1 0 -1 0 0 1 0 0 -1 0 -1 0 0
119	9	0 1 0 0 0 0 0 -1 0 1 -1 0 0 0 0 -1 1 0 0 0 0
119	10	-1 0 0 0 0 0 0 -1 0 0 1 0 0 -1 0 0 1 0 0 1 0
119	11	0 -1 -1 0 1 0 -1 2 0 -1 1 1 1 1 0 1 -1 0 0 -2 1
119	12	-1 0 1 1 -1 0 0 0 -1 0 0 0 0 -1 0 0 1 0 0 1 0
119	13	0 -1 1 1 0 0 1 1 -1 0 -1 1 -1 0 0 1 0 0 0 1 -1
119	14	0 -1 0 1 1 0 1 1 -1 0 -1 1 0 1 0 0 -1 0 0 0 0
119	15	-1 -1 2 1 0 1 1 1 -2 0 0 0 -1 0 0 -1 0 -1 0 1 -1
119	16	1 1 -1 -1 -1 0 -1 0 1 1 1 0 0 0 1 0 0 0 0 -1 -1
120	0	0 1 -1 -1 0 0 -1 0 0 0 1 -1 0 0 0 0 0 0 0 -1 0
120	1	0 -1 0 1 2 0 2 1 -1 -1 -1 0 1 1 -1 0 -1 0 -1 -1 0
120	2	0 -2 -1 1 2 1 0 2 0 -2 1 2 1 0 -1 2 -2 0 0 -1 1
120	3	-1 0 1 1 -1 0 1 0 -1 0 -1 0 -1 0 1 -1 1 0 0 1 -1
120	4	-1 -1 1 1 0 1 0 0 -1 -1 0 -1 0 0 0 -1 0 0 0 0 0
120	5	0 1 -1 -1 0 -1 -1 -1 1 0 0 0 0 0 0 0 1 1 0 0 1
120	6	0 -1 -1 0 2 0 -1 1 0 -1 0 0 1 1 -1 1 -1 0 0 -1 1
120	7	0 -2 1 2 2 1 2 2 -2 -1 -1 1 1 1 -2 0 -2 -1 0 0 0
120	8	0 -1 0 1 2 0 0 1 -1 -2 -1 1 1 0 -1 1 0 0 0 0 1
120	9	-1 -1 0 0 2 1 0 1 0 -1 1 0 1 0 -1 1 -2 -1 0 -1 1
120	10	0 2 -2 -1 0 -1 -2 -2 2 0 0 -1 0 0 0 0 1 2 0 -1 1
120	11	-1 -1 0 0 0 0 0 0 0 0 1 -1 0 0 0 0 0 0 0 0 0
120	12	-1 0 0 0 0 0 -1 0 0 0 0 0 0 0 0 0 0 1 1 0 0
120	13	1 1 -2 -1 0 -1 -1 -1 1 1 -1 0 0 0 0 0 1 1 0 0 1
120	14	0 0 0 0 -2 0 -1 -1 1 1 0 0 -1 0 1 0 1 1 1 0 -1
120	15	0 1 -1 -1 1 0 -1 0 0 0 1 0 1 0 0 0 0 0 0 -1 0
120	16	-1 0 0 0 0 1 0 0 -1 0 0 -1 0 0 0 -1 0 0 0 0 0
121	0	1 0 -2 -1 1 0 0 1 1 0 1 1 1 1 0 1 -1 0 -1 -1 0
121	1	1 1 -1 -1 0 0 -1 -1 1 0 -1 0 0 1 0 0 0 1 0 -1 1
121	2	0 -2 0 1 2 0 1 2 -1 -1 0 1 1 1 -1 1 -2 -1 0 0 0
121	3	-1 -1 0 1 2 0 0 1 -1 -1 0 0 1 0 -1 0 -1 0 0 -1 1
121	4	0 0 -1 1 1 0 0 1 0 -1 -1 0 0 0 0 0 0 1 -1 -1 0
121	5	-1 0 1 1 0 0 0 0 -1 0 -1 -1 -1 0 -1 -1 1 0 1 0 0
121	6	-1 0 1 0 0 0 0 1 -1 0 0 0 0 0 0 0 0 0 0 0 0
121	7	1 -2 -1 1 1 0 1 2 0 -1 -1 2 0 1 0 2 -1 0 -1 0 0
121	8	0 -1 1 1 0 0 1 1 -1 0 -1 0 -1 0 0 0 0 0 0 0 -1
121	9	0 -2 -1 1 3 0 1 3 -1 -2 0 2 1 1 -1 2 -2 0 -1 -1 1
121	10	0 1 0 0 -1 0 1 -1 -1 1 -1 -1 -1 0 1 -2 1 0 0 1 -1
121	11	0 -2 0 1 0 1 -1 1 0 -1 1 1 0 0 0 1 -1 0 1 0 0
121	12	-1 1 0 0 0 0 1 0 -1 0 -1 -1 -1 0 0 -1 1 0 0 0 0
121	13	-1 0 0 -1 2 0 0 1 -1 -1 0 0 1 0 -1 0 0 0 0 -1 2
121	14	-1 0 0 0 0 0 1 0 -1 0 0 0 0 0 0 0 0 0 0 1 0
121	15	-1 0 1 0 0 1 0 0 0 0 0 -1 0 0 -1 -1 0 0 0 0 0
121	16	-1 -1 0 1 2 2 0 2 -1 -2 1 0 1 0 -1 0 -2 -1 0 -1 0
122	0	-1 -1 1 0 -1 1 0 0 -1 0 1 0 0 0 0 0 0 0 1 0 0
122	1	0 -1 1 1 0 1 0 0 -1 -1 0 0 0 0 -1 0 0 0 1 0 0
122	2	0 2 -1 -1 0 -1 -1 -1 1 1 -1 -1 0 0 0 -1 1 1 0 -1 1
122	3	-1 -1 0 0 1 1 0 0 0 -1 0 1 0 0 0 1 0 0 0 0 1
122	4	0 1 0 0 0 -1 0 -1 0 1 -1 -1 0 0 0 -1 1 0 0 0 0
122	5	1 0 -1 0 0 -1 0 0 0 1 0 1 0 0 0 1 0 0 0 0 0
122	6	0 0 0 0 -1 0 -1 -2 1 0 0 0 0 -1 0 0 1 1 1 0 1
122	7	1 0 -1 1 0 -1 0 0 0 1 -1 0 0 0 0 0 0 1 -1 0 0
122	8	-1 1 0 0 1 0 0 -1 0 0 -1 -1 -1 0 0 -1 1 0 0 0 0
122	9	0 0 0 0 1 0 0 0 0 0 0 0 0 0 -1 1 -1 0 0 0 0
122	10	-1 -1 0 0 2 0 0 1 -1 -1 0 0 0 1 -1 0 0 0 0 -1 1
122	11	0 -1 0 1 1 1 2 2 -1 0 0 1 0 0 0 0 -1 -1 -1 0 -1
122	12	1 0 -1 -1 0 0 -1 0 1 0 0 0 0 1 0 0 0 1 0 -1 0
122	13	0 0 0 0 0 0 1 0 -1 0 0 0 0 0 0 0 0 0 0 0 0
122	14	0 -1 1 2 1 0 2 1 -2 0 -1 0 0 1 -1 0 -1 0 -1 0 -1
122	15	0 -2 0 0 0 1 -1 1 0 -1 1 1 0 1 0 1 -1 0 1 -1 0
122	16	1 0 -1 0 0 0 0 1 0 0 0 1 0 0 0 1 0 0 0 -1 0
123	0	0 1 -1 -1 0 0 -2 -1 1 0 0 0 0 0 0 -1 1 1 1 -1 1
123	1	1 0 0 1 0 0 1 1 -1 0 -1 1 0 0 0 0 0 0 -1 0 0
123	2	0 -1 0 1 1 0 1 2 -1 0 0 1 1 0 -1 1 -1 0 -1 0 0
123	3	0 -1 0 0 0 1 -2 0 1 -1 1 0 1 0 -1 1 -1 1 1 -1 1
123	4	-1 0 1 0 -1 0 0 0 -1 0 0 -1 -1 0 1 -1 1 0 0 1 -1
123	5	0 1 -1 -1 0 0 -1 -1 1 0 1 0 0 0 1 0 0 0 0 0 0
123	6	-1 -2 1 0 0 2 -1 1 0 -1 1 1 0 0 0 1 -1 0 1 0 0
123	7	-1 -1 0 0 1 0 0 1 -1 -1 0 0 0 0 -1 0 0 0 1 0 1
123	8	0 0 0 0 0 0 1 0 0 1 0 0 1 0 0 0 -1 0 -1 0 0
123	9	0 0 0 0 0 0 -1 1 0 0 1 1 1 0 0 1 -1 0 0 -1 0
123	10	0 0 0 0 0 0 -1 -1 0 0 0 0 0 0 0 0 0 0 1 0 0
123	11	-1 1 0 0 0 0 0 0 0 0 0 -1 0 -1 0 -1 0 0 0 0 0
123	12	0 -2 0 1 1 1 0 1 0 -1 1 1 1 0 -1 1 -1 0 0 0 0
123	13	0 0 -1 0 0 0 -1 0 0 0 0 0 0 0 0 0 0 1 0 -1 1
123	14	0 -1 0 1 0 1 0 0 0 0 0 0 0 0 -1 0 -1 0 0 0 0
123	15	0 -1 1 1 1 1 1 2 -1 -1 -1 1 0 0 0 0 -1 0 -1 0 0
123	16	1 0 -1 0 -1 0 0 -1 1 1 0 0 0 0 1 0 0 1 -1 0 -1
124	0	0 0 -1 -1 0 1 -2 0 1 0 2 0 0 0 0 0 0 0 1 -1 0
124	1	1 -1 0 1 0 0 1 0 0 0 -1 1 0 0 0 0 0 0 0 0 0
124	2	0 1 -1 -1 0 0 -1 -1 1 0 1 0 1 -1 0 0 0 0 0 0 1
124	3	1 0 0 1 0 1 0 1 0 0 0 1 0 0 0 0 -1 0 -1 0 -1
124	4	-1 0 0 0 1 -1 1 1 -2 0 -1 0 0 0 0 -1 1 0 0 0 1
124	5	0 0 0 0 1 0 0 0 0 -1 0 0 1 -1 0 1 0 0 -1 0 0
124	6	-1 -1 1 0 1 1 -1 1 0 -1 1 0 1 0 0 0 -1 0 0 -1 0
124	7	0 0 1 1 -1 0 0 0 0 1 0 0 0 -1 0 0 0 0 0 1 -1
124	8	0 1 0 0 0 -1 -1 -1 0 1 -1 -1 0 0 0 -1 1 1 0 0 0
124	9	0 1 -1 0 0 -1 0 -1 0 1 -1 0 0 0 0 0 1 1 0 0 0
124	10	0 -1 0 1 1 1 0 0 0 -1 -1 0 0 1 -1 0 -1 1 0 -1 1
124	11	0 1 -1 0 1 -1 0 0 0 0 0 -1 0 0 0 0 0 0 -1 0 0
124	12	1 1 -1 -1 0 -1 -1 0 1 1 0 0 1 0 0 0 0 1 -1 -1 1
124	13	1 -1 -1 0 1 0 0 1 0 0 0 1 0 1 0 1 -1 1 -1 -1 0
124	14	1 2 -2 -1 0 -1 -2 -2 2 1 0 0 0 -1 0 0 1 1 0 0 1
124	15	0 -2 0 1 1 0 0 1 0 -1 1 1 1 0 -1 2 -1 0 0 0 0
124	16	1 -1 0 1 -1 1 0 0 1 0 0 0 0 0 0 0 -1 0 0 0 -1
125	0	0 2 0 0 -2 -1 0 -2 0 2 -1 -1 -1 -1 1 -1 2 1 0 1 -1
125	1	0 0 0 0 0 1 -1 1 0 0 1 0 0 0 0 0 -1 0 0 -1 0
125	2	-1 -1 2 1 1 1 1 1 -2 -1 0 0 1 -1 -1 0 -1 -1 0 1 0
125	3	0 0 0 0 0 1 -1 0 0 0 1 0 1 0 0 0 -1 0 0 0 0
125	4	0 0 0 1 0 0 0 -1 0 0 -1 -1 0 0 0 -1 0 1 0 0 0
125	5	1 0 -1 0 -1 0 -1 -1 2 1 0 0 -1 0 0 0 0 1 0 0 0
125	6	0 0 0 1 0 0 1 1 0 0 -1 0 0 0 0 0 -1 0 -1 0 0
125	7	0 1 -1 -1 1 0 -1 -1 1 0 0 -1 0 0 -1 0 0 1 0 -1 1
125	8	0 0 1 0 0 1 0 0 -1 0 0 0 0 0 0 -1 0 0 0 0 0
125	9	0 -1 1 1 1 1 0 1 -1 -1 0 1 1 0 -1 0 -1 -1 1 0 0
125	10	-1 0 1 1 1 1 1 1 -2 -1 0 -1 0 0 -1 -1 -1 -1 0 0 0
125	11	0 0 -1 0 1 -1 0 0 0 0 0 0 1 0 -1 1 0 1 0 -1 1
125	12	-1 1 0 0 1 0 0 0 -1 -1 -1 0 0 -1 0 0 1 0 0 0 1
125	13	0 1 0 0 1 0 0 0 -1 0 0 -1 1 0 -1 -1 0 0 0 -1 0
125	14	2 0 -1 0 -2 0 -1 -1 1 1 0 0 -1 0 1 0 1 1 0 0 -1
125	15	0 -1 0 0 0 1 0 1 -1 -1 1 1 0 0 0 1 0 0 0 0 0
125	16	-1 0 0 0 0 0 -1 -1 0 0 0 0 0 -1 0 0 1 1 1 0 1
126	0	0 0 -1 -1 0 0 -1 -1 1 0 0 0 0 1 0 0 0 1 1 -1 1
126	1	0 0 -1 -1 0 0 -1 1 0 0 1 1 0 0 1 1 0 0 0 0 0
126	2	-1 -1 1 1 2 1 1 1 -1 -1 -1 0 0 0 -1 0 -1 -1 0 0 0
126	3	0 1 -1 -1 0 0 -1 -2 1 1 0 -1 0 -1 0 -1 1 1 0 0 1
126	4	-1 1 0 -1 0 0 -2 -1 0 0 0 -1 -1 0 0 -1 1 1 1 0 1
126	5	0 -1 1 1 1 1 0 1 0 -1 0 1 0 0 -1 1 -1 0 0 0 0
126	6	0 0 -1 -1 -1 0 -2 0 2 0 1 0 0 0 1 1 0 1 0 -1 0
126	7	-1 -1 0 1 2 1 0 1 -1 -1 0 0 1 0 -2 0 -1 0 0 0 1
126	8	0 1 0 0 -1 0 0 -1 1 1 0 -1 -1 0 1 0 0 0 -1 0 -1
126	9	1 -1 0 2 1 0 1 1 -1 -1 -1 1 1 0 -1 1 -1 0 -1 0 0
126	10	2 2 -2 -1 -1 -1 -1 -1 2 2 0 0 0 0 1 0 0 1 -1 -1 0
126	11	1 -1 0 1 0 1 0 0 0 0 0 0 0 1 -1 0 -1 0 0 -1 0
126	12	0 0 0 -1 -1 0 -1 -1 1 1 1 0 0 0 0 0 0 1 0 0 0
126	13	0 1 1 0 -1 0 -1 -1 0 1 0 -1 0 -1 0 -1 1 0 0 1 -1
126	14	0 -1 1 1 0 0 1 0 -1 0 -1 0 0 0 0 -1 0 0 0 1 0
126	15	1 -1 0 1 0 0 1 1 -1 0 -1 1 -1 1 0 0 0 0 0 0 -1
126	16	0 0 0 0 0 0 -1 0 0 0 0 0 -1 0 0 0 0 0 1 0 0
127	0	-1 0 1 0 -1 1 0 -1 0 0 0 0 0 -1 0 0 0 0 1 1 0
127	1	-1 1 1 0 -1 0 0 -1 -1 1 0 -1 -1 -1 1 -1 1 0 0 1 -1
127	2	0 1 -1 0 0 -1 0 -1 1 1 -1 0 -1 0 1 0 1 1 -1 0 0
127	3	-1 1 0 -1 -1 0 -1 -3 1 1 0 -1 -1 -1 0 -1 2 1 1 1 1
127	4	0 1 -1 -1 -1 -1 -1 -2 1 1 0 -1 0 0 1 0 1 1 0 0 0
127	5	0 -1 0 0 1 0 1 1 -1 0 0 1 0 1 -1 1 -1 0 0 0 0
127	6	0 2 0 0 0 -1 0 0 0 1 -1 -1 0 0 0 -1 0 0 -1 0 0
127	7	0 0 1 1 1 1 0 0 -1 0 -1 0 0 0 -1 -1 0 0 0 0 0
127	8	-1 -1 1 1 1 1 1 1 -1 -1 0 0 1 0 -1 0 -1 -1 0 0 0
127	9	0 -2 0 1 1 0 1 1 -1 -1 0 1 1 1 -1 1 -1 0 0 0 0
127	10	1 -1 -1 0 1 -1 0 1 0 0 0 1 0 1 0 1 0 1 -1 -1 0
127	11	0 1 -1 0 1 -1 1 0 0 0 -1 -1 0 0 0 0 0 0 -1 0 0
127	12	0 1 -1 -1 1 0 -1 0 1 0 1 0 1 0 -1 0 -1 0 0 -1 1
127	13	0 0 0 0 0 -1 0 0 -1 1 0 0 0 0 0 0 1 0 0 0 0
127	14	-1 0 0 0 1 0 0 0 0 0 0 0 0 0 0 0 0 0 0 0 0
127	15	1 0 0 0 0 0 1 0 0 0 -1 0 -1 1 1 -1 0 0 -1 0 -1
127	16	-1 1 0 0 0 0 0 0 -1 1 0 0 -1 0 1 -1 1 0 0 0 -1
128	0	-1 -1 2 1 1 1 1 1 -2 -1 0 0 0 0 -1 0 -1 -1 0 0 0
128	1	-1 1 1 0 0 0 0 0 -1 1 0 -1 0 -1 0 -2 1 0 0 0 0
128	2	0 0 1 0 -1 1 -1 -1 0 1 0 0 0 0 0 -1 0 0 1 0 0
128	3	0 1 0 0 0 0 0 -1 -1 0 0 -1 0 0 0 -1 1 0 0 0 0
128	4	-1 -1 1 1 2 0 1 1 -2 -1 -1 0 0 0 -1 0 0 0 0 1 0
128	5	0 0 0 1 1 0 2 1 -1 0 -2 0 -1 1 0 0 0 0 -1 0 -1
128	6	-1 -1 1 1 0 0 0 1 -1 0 0 0 0 0 -1 0 0 0 1 0 0
128	7	-1 -1 0 0 1 0 1 1 -1 -1 0 1 0 0 0 1 0 0 0 1 0
128	8	0 0 0 0 0 0 0 0 0 0 1 0 1 0 0 0 -1 0 0 0 0
128	9	0 0 0 1 1 0 1 0 -1 -1 -1 0 0 0 -1 0 0 0 0 0 0
128	10	-1 0 0 0 1 0 1 1 -1 -1 0 0 0 0 0 0 0 0 0 0 0
128	11	0 -1 0 1 1 0 1 1 -1 0 0 1 1 0 -1 1 -1 0 0 0 0
128	12	-1 1 1 0 0 0 1 -1 -1 0 -1 -1 0 -1 0 -1 1 0 0 1 0
128	13	0 0 0 1 0 0 0 0 0 0 0 0 0 0 -1 0 0 0 0 0 0
128	14	1 0 0 1 0 0 0 0 -1 0 -1 0 0 0 0 -1 0 0 0 0 0
128	15	2 1 -2 0 0 -1 -1 -1 1 1 -1 0 0 1 0 0 0 1 0 -1 0
128	16	1 -1 -1 1 2 0 1 1 0 -1 0 1 1 1 -1 1 -2 0 -1 -1 0
129	0	0 -1 0 1 1 0 0 1 0 -1 0 0 0 0 -1 1 -1 0 0 0 0
129	1	-1 -1 0 0 1 1 -1 1 0 -1 1 0 1 0 -1 1 -1 0 0 -1 1
129	2	0 -1 0 1 1 0 1 0 -1 -1 -1 0 0 0 -1 0 0 0 0 0 1
129	3	0 0 0 0 1 0 0 0 0 0 0 -1 1 1 -1 -1 -1 0 0 -1 0
129	4	0 -1 0 0 1 0 0 1 -1 -1 0 0 1 0 -1 1 -1 0 0 0 1
129	5	0 2 -1 0 1 -1 0 -1 0 0 -1 -1 0 0 0 -1 1 0 -1 0 0
129	6	0 0 -1 0 -1 0 -2 -1 1 0 1 1 0 -1 0 1 1 1 1 0 1
129	7	0 0 -1 0 1 -1 0 -1 0 0 -1 0 0 0 0 0 1 1 0 0 1
129	8	0 0 0 0 -1 0 -1 0 0 0 1 0 0 0 1 1 0 0 0 0 -1
129	9	0 -1 0 1 1 1 1 2 -1 -1 -1 1 0 1 0 0 -1 0 -1 -1 0
129	10	-1 1 -1 -1 2 -1 -1 0 0 0 0 -1 1 0 -1 0 0 1 0 -1 1
129	11	0 -1 0 0 0 0 0 0 0 0 0 0 0 0 0 0 0 1 0 0 0
129	12	-1 0 1 0 -1 1 0 0 0 0 0 -1 0 0 0 -1 0 0 0 0 0
129	13	-1 1 0 0 0 0 0 0 -1 0 0 0 0 -1 0 -1 1 0 0 0 1
129	14	-1 -1 1 0 1 1 -1 1 -1 -2 0 0 0 0 0 0 0 0 1 -1 1
129	15	0 -1 1 1 1 1 1 2 -2 -1 0 1 1 0 -1 0 -1 -1 0 0 0
129	16	-1 -1 1 1 1 1 0 1 -1 -1 0 0 1 0 -1 0 -1 -1 1 0 0
130	0	1 -1 0 1 0 0 2 1 -1 -1 -1 1 -1 1 1 0 0 0 -1 0 -1
130	1	0 0 -1 0 0 -1 0 0 0 1 0 0 0 0 0 0 0 0 0 0 0
130	2	0 -1 0 1 1 0 0 1 -1 -1 0 1 0 0 0 1 0 0 0 0 0
130	3	-2 0 1 0 1 1 -1 1 -1 -1 0 -1 0 0 -1 -1 0 0 1 -1 1
130	4	-1 0 -1 -1 1 0 -2 0 1 -1 1 0 0 0 0 1 0 0 1 -1 1
130	5	1 0 0 1 -1 0 0 0 0 0 0 0 0 0 0 0 0 0 0 0 -1
130	6	1 1 -2 -1 -1 0 -2 -1 2 1 1 1 0 0 1 1 0 1 0 -1 0
130	7	-1 -1 1 1 2 1 1 2 -1 -2 0 1 1 0 0 1 -2 -1 -1 0 0
130	8	0 0 1 1 0 0 1 0 -2 0 -2 0 -1 0 0 -1 1 0 0 1 0
130	9	0 0 0 0 0 0 0 1 0 0 0 1 0 0 0 0 0 0 0 0 0
130	10	0 0 0 0 0 1 0 0 0 -1 0 0 0 0 0 0 0 0 0 0 0
130	11	-1 0 0 0 1 0 0 0 0 0 0 0 0 0 0 0 0 0 0 0 0
130	12	0 0 0 1 0 0 1 0 0 0 -1 0 -1 0 0 -1 0 0 0 0 0
130	13	1 -1 -1 1 1 0 0 1 0 0 0 1 0 1 -1 1 -1 0 0 -1 0
130	14	0 0 0 0 0 0 -1 -1 0 1 0 0 0 0 -1 0 0 1 1 0 0
130	15	1 -1 -1 0 2 0 0 1 0 -1 0 1 1 1 -1 1 -2 0 0 -1 1
130	16	-1 1 0 0 0 0 -1 0 0 0 1 -1 0 -1 0 -1 1 0 0 0 0
131	0	-1 1 1 0 0 1 0 0 -1 0 0 -1 0 -1 0 -2 0 0 0 0 0
131	1	0 1 0 0 -2 0 -1 -2 1 1 -1 0 -1 -1 1 -1 2 1 1 1 0
131	2	-1 0 0 0 1 0 0 0 0 0 0 0 0 0 0 0 0 0 0 0 0
131	3	-1 -1 1 1 1 1 1 2 -2 -1 0 1 0 0 0 0 -1 -1 0 0 0
131	4	0 -2 -1 0 2 0 1 2 -1 -1 0 1 1 1 -1 1 -1 0 0 -1 1
131	5	0 0 0 0 1 -1 0 0 -1 0 -1 1 0 0 0 0 1 1 0 0 1
131	6	-1 1 0 0 0 1 0 -1 0 0 0 -1 0 -1 0 -1 0 0 0 0 0
131	7	0 2 -1 -1 0 -1 -1 -1 0 1 -1 -1 0 0 0 -1 1 1 0 0 1
131	8	0 -1 0 0 1 0 0 1 0 0 0 1 0 0 0 1 -1 0 0 0 0
131	9	1 0 -1 0 0 0 -1 -1 1 0 -1 1 0 0 0 1 0 1 0 0 1
131	10	0 0 0 0 0 1 -1 0 0 -1 1 0 0 0 0 0 0 0 1 -1 0
131	11	0 0 0 0 0 0 0 -1 0 1 0 0 0 -1 0 0 0 0 0 1 0
131	12	0 -1 0 1 2 0 1 1 -1 -1 -1 0 0 1 -1 0 -1 0 0 -1 0
131	13	-1 0 -1 0 1 0 -1 0 0 -1 0 0 0 0 0 0 0 1 0 0 1
131	14	0 0 0 1 0 0 0 1 -1 0 0 0 0 0 0 0 0 0 0 0 -1
131	15	0 -1 0 0 1 0 -2 0 0 -1 0 1 1 0 -1 1 0 1 1 -1 2
131	16	-1 0 0 0 1 1 -1 0 0 -1 1 0 0 -1 0 0 0 0 0 0 0
132	0	0 1 0 0 -1 0 0 0 0 1 0 0 0 0 0 0 0 0 0 0 -1
132	1	0 1 0 0 -1 -1 1 -1 0 2 0 0 0 -1 1 0 1 0 -1 1 -1
132	2	0 0 0 0 -1 1 -1 1 0 0 1 0 0 0 1 0 0 0 0 -1 -1
132	3	-1 1 0 0 0 0 0 0 0 -1 0 -1 0 0 0 -1 0 0 0 0 0
132	4	0 1 0 0 -1 0 -1 -1 0 1 0 -1 -1 0 1 -1 1 0 0 0 -1
132	5	1 0 -1 0 1 0 -1 0 1 -1 0 1 1 0 -1 1 -1 0 0 0 1
132	6	0 -1 -1 -1 0 0 -1 0 0 0 1 1 0 1 0 1 0 1 1 -1 1
132	7	1 0 0 1 0 0 2 0 -1 0 -1 0 0 1 0 0 -1 0 -1 0 -1
132	8	-1 -1 0 0 2 1 0 1 0 -1 1 1 1 0 -1 1 -2 0 0 -1 1
132	9	0 -1 0 1 2 1 1 2 -1 -1 0 1 1 0 -1 1 -2 -1 -1 0 0
132	10	0 0 1 1 0 0 1 0 -1 0 -1 0 0 0 0 0 0 0 -1 1 -1
132	11	0 -1 -1 0 2 1 -1 2 0 -2 1 1 1 1 -1 1 -2 0 0 -2 1
132	12	-1 0 0 0 0 -1 -1 0 0 0 0 0 0 -1 0 0 1 1 1 0 1
132	13	-2 -1 1 0 1 1 0 1 -1 -1 1 0 0 0 0 0 0 0 0 0 0
132	14	0 1 0 0 0 0 -1 -1 0 1 0 -1 0 0 0 -1 0 0 0 0 0
132	15	-1 -1 0 0 1 0 1 1 -1 0 0 0 0 1 0 0 0 0 0 -1 0
132	16	0 0 0 0 0 0 1 0 0 0 -1 -1 -1 1 1 -1 0 0 -1 0 -1
133	0	0 -1 0 1 1 0 1 1 0 -1 0 0 0 0 -1 1 -1 0 -1 0 0
133	1	0 1 -1 -1 0 -1 0 -1 0 1 0 0 0 0 1 0 1 0 0 0 0
133	2	1 -1 -1 0 1 0 0 1 0 -1 0 1 1 1 0 1 -1 0 0 -2 1
133	3	0 2 0 0 -1 0 -1 -2 0 1 0 -1 0 -1 0 -1 1 0 1 0 0
133	4	-1 -1 1 1 1 0 1 1 -1 -1 -1 0 0 0 -1 0 0 0 0 1 0
133	5	-1 1 1 0 -1 0 0 -1 0 1 0 -1 -1 -1 1 -1 1 0 0 1 -1
133	6	-1 1 -1 -1 1 -1 -1 -1 0 0 0 0 1 -1 0 0 1 1 0 0 2
133	7	0 -2 1 2 1 1 2 2 -1 0 0 1 1 0 -1 1 -2 -1 -1 0 -1
133	8	1 -1 0 1 1 0 2 2 -1 0 -1 1 0 1 0 0 -1 0 -2 0 -1
133	9	1 0 -1 1 0 0 0 0 1 0 0 1 1 0 0 1 -1 0 -1 0 0
133	10	0 -1 0 0 0 1 0 1 0 -1 0 1 -1 1 1 0 0 0 0 -1 0
133	11	2 0 -1 0 -1 0 -1 -1 2 1 0 0 0 0 0 0 0 1 0 -1 0
133	12	0 1 0 0 0 -1 1 -1 -1 1 -1 -1 0 0 0 -2 1 0 0 0 0
133	13	0 0 0 1 0 0 0 0 0 0 0 0 -1 0 0 0 0 0 0 1 -1
133	14	0 0 -1 0 1 0 1 0 0 0 -1 0 0 0 0 0 0 0 -1 1 0
133	15	0 1 0 0 0 0 0 0 -1 1 -1 -1 0 0 0 -1 0 0 0 0 0
133	16	0 -1 0 1 2 0 0 1 -1 -1 0 1 1 0 -1 1 -1 0 0 0 0
134	0	0 0 0 0 0 0 0 0 -1 0 0 0 1 0 0 0 0 0 0 0 0
134	1	1 1 -1 0 -1 -1 0 -2 1 1 -1 -1 0 0 0 -1 1 1 0 0 0
134	2	0 1 0 0 0 1 0 0 0 0 0 -1 0 0 0 -1 -1 -1 0 0 -1
134	3	0 1 0 0 0 0 0 0 0 0 0 0 0 0 0 -1 0 0 0 0 0
134	4	0 1 0 0 -1 0 0 -1 0 1 -1 -1 0 0 0 -1 1 0 0 0 0
134	5	-1 0 1 0 0 0 0 0 -1 0 0 0 0 -1 0 0 1 0 0 1 0
134	6	-1 1 0 0 0 0 0 -1 0 1 0 -1 -1 -1 0 -1 1 0 0 1 -1
134	7	-1 0 -1 0 1 0 0 0 0 0 0 0 0 0 0 0 0 0 0 0 1
134	8	-1 0 0 0 0 1 -1 1 0 -1 1 0 0 -1 0 0 0 0 0 0 0
134	9	0 2 -1 -1 0 -1 0 -2 1 1 -1 -1 0 0 0 -1 1 1 0 0 0
134	10	0 0 -1 0 1 0 -1 0 1 0 0 0 0 0 -1 0 0 1 0 -1 1
134	11	-1 -1 1 1 1 1 1 1 -1 0 0 1 0 0 -1 0 -1 0 0 0 0
134	12	0 1 -1 0 0 -1 -1 -2 1 1 0 -1 -1 0 0 0 1 1 0 0 0
134	13	-1 0 1 0 0 1 -1 -1 0 -1 0 -1 1 -1 -1 0 0 0 1 0 1
134	14	-1 -1 0 1 2 1 0 1 -1 -1 0 0 1 0 -1 0 -1 0 0 -1 0
134	15	0 -1 -1 0 2 0 0 1 0 -1 0 1 1 1 -1 1 -1 0 0 -1 1
134	16	0 1 -1 0 0 -1 -1 -1 1 0 -1 0 0 -1 0 0 2 1 0 0 1
135	0	-1 -1 1 1 1 1 0 0 -1 -1 0 0 1 0 -2 0 -1 0 1 0 1
135	1	-1 -1 1 1 2 1 2 2 -2 -1 -1 0 1 0 -1 0 -1 -1 -1 0 0
135	2	-1 1 -1 -1 1 -1 0 0 -1 0 0 0 0 0 0 0 1 0 0 0 1
135	3	-1 0 0 0 1 0 0 0 0 0 0 0 0 0 0 0 0 0 0 0 0
135	4	0 0 0 0 0 0 0 1 0 0 1 0 0 0 0 0 -1 0 0 0 -1
135	5	0 0 -1 -1 0 0 -1 0 0 1 1 0 0 0 0 0 0 0 1 0 0
135	6	0 0 0 0 1 0 0 0 0 0 -1 0 0 0 0 0 0 1 -1 0 0
135	7	-1 1 1 0 0 0 0 0 0 0 -1 -1 0 0 0 -1 0 0 0 0 0
135	8	0 1 -1 -1 1 -1 1 0 0 1 0 0 0 0 0 0 0 0 -1 0 0
135	9	-1 0 0 0 0 0 0 0 0 0 1 0 0 -1 0 0 0 0 0 1 0
135	10	-1 1 1 0 -1 0 0 -1 0 1 0 -1 -1 0 1 -1 1 0 0 0 -1
135	11	-1 -1 1 1 1 0 1 0 -1 -1 0 0 0 0 -1 0 0 0 0 1 0
135	12	0 0 0 0 0 -1 0 -1 0 0 -1 0 0 0 0 0 1 1 0 1 0
135	13	0 0 -1 0 0 -1 0 0 0 0 -1 1 0 0 0 1 1 1 0 0 1
135	14	1 -1 -1 1 1 0 0 0 0 0 0 1 0 1 -1 1 -1 0 0 0 0
135	15	0 0 1 1 0 1 1 0 -1 -1 -1 -1 -1 0 0 -1 0 0 0 0 -1
135	16	0 0 0 0 -1 1 0 0 0 0 0 1 0 0 1 0 0 0 0 0 0
136	0	0 0 0 0 1 0 1 1 -1 0 0 1 1 -1 0 0 0 -1 -1 1 0
136	1	-1 0 0 0 1 -1 1 0 -1 1 0 0 0 0 0 0 0 0 0 0 0
136	2	0 1 0 -1 0 0 -1 0 0 1 0 -1 0 1 0 -1 0 0 0 -1 0
136	3	-1 -1 0 0 1 0 1 1 -1 0 0 0 0 1 0 0 -1 0 0 0 0
136	4	0 -1 0 1 1 0 1 1 -1 -1 -1 1 0 0 -1 1 0 0 0 0 1
136	5	0 1 0 0 0 0 0 -1 0 0 -1 -1 0 0 0 -1 1 0 0 0 0
136	6	0 0 -1 0 1 0 0 0 0 -1 0 1 0 0 0 1 0 0 0 0 0
136	7	-1 0 0 -1 0 0 0 0 0 1 1 0 0 0 0 0 0 0 0 0 0
136	8	-1 0 1 1 0 0 1 0 -1 0 -1 0 -1 -1 0 0 1 0 0 1 0
136	9	0 -1 1 1 0 1 1 1 -1 0 -1 0 -1 1 0 0 -1 0 0 0 -1
136	10	-1 1 0 0 1 0 0 0 -1 0 0 -1 0 0 0 -1 0 0 0 0 0
136	11	0 -1 0 1 2 0 1 1 -1 -1 -1 0 1 1 -1 0 -1 0 -1 -1 1
136	12	0 1 -1 -1 0 0 0 0 1 0 1 0 0 0 1 0 0 0 -1 0 -1
136	13	0 -1 -1 0 1 1 -1 1 1 -1 1 1 0 1 0 1 -1 0 0 -1 0
136	14	0 1 1 1 -1 0 0 -1 0 1 -1 -1 -1 -1 0 -1 1 0 0 1 -1
136	15	0 0 0 0 0 0 -1 0 0 0 1 0 0 0 0 0 0 0 0 0 0
136	16	0 0 0 -1 0 0 -1 -1 1 0 0 0 0 0 0 0 0 1 0 0 1
137	0	1 -2 0 2 1 0 2 1 -1 0 -1 1 0 1 -1 1 -1 0 -1 0 -1
137	1	-1 -1 1 1 0 1 1 0 -1 -1 -1 0 -1 0 0 0 0 0 0 1 0
137	2	0 -1 -1 0 0 0 -1 0 1 0 1 1 0 0 0 1 0 0 1 0 0
137	3	0 0 -1 0 0 -1 0 0 0 0 0 0 -1 0 0 0 1 1 0 0 0
137	4	0 0 1 1 0 0 0 0 -1 1 0 -1 0 0 -1 -1 0 0 0 0 -1
137	5	-1 0 0 0 1 0 -1 0 0 0 0 0 0 0 -1 0 0 0 1 0 1
137	6	0 1 1 0 -1 0 0 -2 0 1 -1 -1 0 -1 0 -1 1 1 0 1 0
137	7	0 0 -1 0 2 0 0 1 -1 -1 0 0 1 0 -1 1 -1 0 0 -1 1
137	8	1 0 0 1 0 0 1 0 0 0 -1 0 0 0 0 0 0 0 -1 0 -1
137	9	-1 0 1 0 0 1 -1 -1 0 -1 1 -1 1 -1 -1 -1 0 0 1 0 1
137	10	1 0 -1 0 0 0 -1 0 1 0 0 1 0 0 0 1 0 0 0 0 0
137	11	-1 0 0 0 0 0 1 0 0 0 0 0 0 0 0 0 0 0 0 0 0
137	12	1 1 -1 -1 0 -1 0 -1 1 1 -1 0 -1 0 1 0 1 1 -1 0 0
137	13	0 1 0 -1 -1 0 -1 -2 0 1 0 -1 0 0 0 -1 1 1 1 0 0
137	14	-1 0 1 0 0 0 0 1 0 0 0 0 0 -1 0 0 0 0 0 0 0
137	15	0 0 0 0 0 0 0 0 0 0 0 0 0 0 0 0 0 0 0 0 -1
137	16	0 0 0 1 -1 0 1 0 -1 1 -1 0 -2 0 1 -1 1 0 0 1 -1
138	0	0 0 0 0 1 0 1 1 0 0 -1 1 0 0 0 0 0 0 -1 0 0
138	1	0 1 -1 -1 0 0 -1 -1 1 0 0 -1 0 0 0 -1 1 1 0 -1 1
138	2	0 0 0 0 -1 0 -2 -1 1 0 0 0 0 -1 0 0 1 1 1 0 1
138	3	0 -1 0 1 1 1 1 1 -1 0 0 1 0 0 -1 0 -1 0 0 0 0
138	4	0 -2 1 1 0 1 0 1 0 0 0 1 0 0 0 0 -1 0 0 0 0
138	5	0 -2 0 1 1 1 1 2 0 -1 0 1 0 1 0 1 -2 0 -1 -1 0
138	6	0 0 0 0 0 0 0 -1 0 1 0 -1 0 0 -1 -1 0 0 1 0 0
138	7	-1 1 0 0 0 0 0 -1 0 0 -1 -1 0 0 -1 -1 1 1 0 0 1
138	8	-1 -2 1 1 1 1 1 1 -1 -1 0 1 1 -1 -1 1 -1 0 0 1 1
138	9	-1 0 1 1 0 1 0 0 -1 -1 0 -1 0 -1 0 -1 0 0 0 0 0
138	10	1 1 -1 -1 -1 -1 -1 -2 1 2 0 0 0 0 1 0 1 1 0 0 0
138	11	0 0 1 1 0 0 1 0 -1 1 -1 -1 0 0 -1 -1 0 0 0 0 -1
138	12	-1 0 0 0 0 0 0 0 -1 0 0 0 -1 0 1 -1 1 0 1 0 0
138	13	0 1 0 0 0 0 0 -1 0 1 -1 -1 0 0 0 -1 0 0 0 0 0
138	14	-1 -1 1 1 1 0 0 1 -2 -1 0 0 0 0 -1 0 0 0 1 0 0
138	15	0 0 0 1 1 0 1 0 0 -1 -2 0 0 0 0 0 0 0 -1 1 0
138	16	0 1 -1 -1 1 0 0 0 1 0 0 0 0 0 1 0 0 0 -1 -1 0
139	0	-1 1 0 -1 -1 0 -1 -1 1 1 2 -1 0 -1 1 0 0 0 0 0 -1
139	1	1 0 -1 0 1 0 0 1 0 -1 0 0 1 1 0 0 -1 0 -1 -1 0
139	2	1 0 -1 1 0 0 0 0 1 0 -1 0 0 0 0 0 0 1 -1 0 0
139	3	0 0 0 0 0 0 -1 0 0 0 1 0 1 -1 0 0 0 0 0 0 0
139	4	0 1 0 0 -1 0 0 -1 0 1 0 0 -1 -1 1 0 1 0 0 1 -1
139	5	0 -2 0 1 1 1 0 2 0 -1 1 1 1 0 0 1 -2 0 -1 -1 0
139	6	0 1 1 0 -1 0 0 -1 -1 1 0 -1 0 -1 0 -1 1 0 0 1 -1
139	7	-1 -1 0 0 0 1 -1 0 0 0 1 0 0 0 -1 0 0 0 1 0 1
139	8	0 0 0 0 -1 1 -2 0 1 0 1 0 0 0 0 0 -1 0 1 0 0
139	9	0 -1 0 0 1 1 0 1 -1 -1 0 0 0 1 -1 0 -1 0 0 -1 1
139	10	0 0 0 1 -1 0 1 0 0 1 0 0 -1 0 1 0 0 0 -1 1 -2
139	11	0 1 -1 -1 0 -1 -1 -2 1 1 0 -1 0 0 0 -1 1 1 0 0 1
139	12	0 2 -1 -1 -1 -1 -1 -2 1 2 -1 -1 -1 -1 1 -1 2 1 0 1 0
139	13	-1 -1 0 0 1 1 -1 0 0 -1 0 1 0 0 0 1 0 0 1 0 1
139	14	0 0 0 0 -1 0 -1 0 0 0 0 0 0 0 0 0 1 1 0 0 0
139	15	0 1 0 0 0 -1 0 -1 0 1 -1 0 0 0 0 0 1 1 -1 1 0
139	16	0 0 0 1 -1 0 0 -1 0 1 0 0 0 -1 0 0 1 0 0 1 0
140	0	-1 -1 1 1 0 1 2 1 -1 0 0 0 0 0 0 0 -1 -1 -1 1 -1
140	1	0 1 0 0 1 0 -1 0 0 0 0 0 1 -1 0 0 0 0 -1 0 0
140	2	0 1 0 -1 -2 0 -1 -1 1 2 1 -1 0 0 1 -1 0 0 0 0 -1
140	3	1 -1 0 1 0 1 0 1 0 0 0 1 0 0 0 1 -1 -1 0 0 -1
140	4	0 -2 0 1 1 1 0 1 -1 -1 0 1 1 0 -1 1 -1 0 1 -1 1
140	5	1 0 -1 0 0 0 1 1 0 1 0 0 0 1 0 0 -1 0 -1 -1 -1
140	6	0 0 -1 -1 -1 0 -2 -1 1 0 1 0 -1 1 1 0 1 1 1 -1 0
140	7	0 0 0 0 0 0 0 1 -1 -1 0 0 0 1 0 0 0 0 0 -1 0
140	8	1 -1 0 1 0 -1 2 1 -1 0 -1 1 0 1 1 0 0 0 -1 0 -1
140	9	-1 1 0 0 -1 0 0 0 -1 1 0 -1 -1 0 1 -1 1 0 0 0 -1
140	10	0 -1 0 1 1 0 1 1 0 -1 0 0 0 0 -1 1 -1 0 -1 0 0
140	11	0 -2 1 1 2 1 0 2 -1 -2 0 1 2 0 -1 1 -2 -1 0 -1 1
140	12	0 0 0 0 0 0 0 -1 0 0 0 0 0 0 0 0 0 0 0 1 0
140	13	0 1 -1 -1 1 -1 -1 -1 1 0 -1 -1 0 1 0 0 0 1 0 -1 1
140	14	-1 0 0 0 0 0 0 0 0 0 1 0 1 -1 0 0 0 0 0 0 0
140	15	0 -2 1 1 0 1 1 2 -1 0 1 1 1 0 0 1 -2 -1 0 0 -1
140	16	0 1 -1 -1 0 -1 -2 -1 1 0 0 -1 0 0 0 0 1 1 1 -1 1
141	0	0 -1 0 0 2 0 0 1 0 -1 -1 1 1 1 -1 1 -1 0 0 -1 1
141	1	-1 1 1 1 0 0 0 -1 0 0 -1 -1 0 -1 -1 -1 1 0 0 1 0
141	2	0 -1 0 1 1 0 1 0 -1 0 -1 0 0 0 0 0 0 1 -1 0 0
141	3	-1 -1 1 1 2 0 1 1 -2 -1 -1 1 1 0 -1 0 0 0 0 0 1
141	4	-1 0 0 1 2 0 1 0 -1 -1 -1 0 1 -1 -1 0 0 0 -1 1 1
141	5	0 1 -1 -1 1 -1 0 -1 0 0 -1 0 0 0 0 0 1 1 0 0 1
141	6	-1 1 0 0 0 1 -1 0 0 0 1 -1 1 -1 0 -1 0 0 0 -1 0
141	7	0 -2 0 0 1 1 -1 1 0 -1 1 1 1 0 -1 1 -1 0 1 -1 1
141	8	-1 0 0 0 0 0 -1 0 0 0 0 1 0 -1 0 0 1 0 1 1 1
141	9	0 2 -1 -1 0 -1 -2 -1 1 1 0 0 0 -1 0 0 1 1 0 0 1
141	10	-1 -2 2 1 0 2 1 2 -1 -1 1 1 0 0 0 1 -2 -1 0 0 -1
141	11	-1 0 0 0 1 1 -1 1 0 -1 1 0 1 -1 -1 0 -1 0 0 0 1
141	12	0 0 0 1 0 0 1 0 0 0 -1 0 0 0 0 0 0 0 -1 1 -1
141	13	0 0 0 1 1 0 1 1 -1 -1 -1 0 0 0 0 0 0 0 -1 0 0
141	14	0 0 0 0 2 0 0 0 0 -1 -1 0 1 0 -1 0 0 0 0 -1 1
141	15	0 -1 0 1 1 0 1 1 -1 -1 -1 2 0 0 0 1 0 0 0 0 1
141	16	-1 -1 0 1 2 0 1 1 -1 -1 0 1 1 0 -2 1 -1 0 0 0 1
142	0	0 2 -1 -1 -1 0 -1 -2 1 1 0 -1 -1 0 1 -1 1 0 0 0 0
142	1	-1 2 -1 -1 0 -1 -1 -1 0 1 -1 -1 -1 0 1 -1 2 1 0 0 0
142	2	0 -1 0 1 1 0 0 0 0 -1 0 0 1 0 -1 1 -1 0 0 0 0
142	3	-1 1 0 -1 0 0 0 -1 0 1 0 -1 -1 0 1 -1 1 0 0 0 -1
142	4	-1 0 0 1 2 0 1 1 -1 -1 -2 0 0 0 -1 0 0 0 -1 0 1
142	5	-1 1 0 0 0 -1 0 -1 0 1 0 -1 0 -1 0 -1 1 1 0 0 0
142	6	-1 0 1 0 1 0 1 1 -1 -1 -1 0 0 0 0 0 0 0 0 0 0
142	7	-1 0 1 0 0 0 0 0 -1 -1 0 0 0 -1 0 0 1 0 0 1 0
142	8	-1 0 0 0 1 1 -1 1 0 -1 1 0 1 0 -1 0 -1 0 0 -1 1
142	9	0 2 -1 -1 -1 -1 -1 -2 1 2 0 -1 0 0 0 0 1 1 0 0 0
142	10	0 0 -1 0 1 0 0 0 0 1 0 1 0 0 0 0 0 0 0 0 0
142	11	0 0 0 0 -1 1 -1 -1 1 0 1 0 0 -1 0 0 0 0 1 0 0
142	12	0 -1 0 0 1 0 0 1 0 0 0 0 1 1 -1 1 -1 0 0 -1 0
142	13	0 0 0 0 0 1 0 0 0 -1 0 0 0 -1 0 0 0 0 0 0 0
142	14	0 1 0 0 0 -1 1 -1 -1 1 -1 -1 0 0 0 -1 1 0 0 0 0
142	15	0 1 0 0 0 0 -1 -1 1 1 0 0 0 0 0 0 0 0 0 0 0
142	16	0 -1 0 1 1 0 0 0 0 -1 0 0 1 0 -1 1 -1 0 0 0 1
143	0	0 1 -1 0 1 0 -1 -1 1 0 0 0 1 -1 -1 0 0 0 0 0 1
143	1	0 -1 0 1 1 0 1 1 0 0 -1 0 0 1 0 0 -1 0 -1 0 -1
143	2	0 0 0 -1 1 0 -1 0 0 0 1 0 1 0 -1 0 -1 0 1 -1 1
143	3	-1 2 0 -1 -2 0 -2 -2 1 1 0 -2 -1 -1 1 -2 2 1 1 0 0
143	4	0 0 0 0 1 0 0 0 0 -1 -1 0 0 0 0 0 0 0 0 -1 1
143	5	1 1 -1 -1 0 0 0 0 1 1 0 0 0 1 1 0 -1 0 -1 -1 -1
143	6	-1 1 0 -1 0 0 -2 -1 1 -1 0 -1 0 -1 0 0 1 1 1 0 1
143	7	0 1 -1 -1 -1 -1 -1 -1 1 1 0 0 0 0 1 1 1 1 0 0 0
143	8	0 1 -1 0 2 -1 1 1 -1 0 -1 0 0 1 0 -1 0 0 -1 -1 0
143	9	0 0 -1 0 0 0 -1 0 1 0 0 1 0 0 0 1 0 1 0 -1 1
143	10	0 -1 0 1 0 1 -1 0 0 -1 0 1 0 0 0 1 0 1 0 0 0
143	11	0 -1 0 1 0 1 0 0 0 -1 0 1 0 0 0 1 0 0 0 0 0
143	12	0 -1 0 1 0 0 0 0 0 0 -1 0 -1 1 0 0 0 1 0 0 0
143	13	0 1 0 0 0 -1 0 -1 -1 1 -1 -1 0 0 0 -1 1 0 0 0 0
143	14	0 1 0 -1 -1 0 -1 -1 0 1 1 -1 0 0 1 -1 1 0 0 0 -1
143	15	0 -1 0 0 0 0 0 0 0 0 1 1 0 0 0 1 0 0 0 0 0
143	16	-1 0 1 0 1 0 0 0 -1 -1 -1 -1 0 0 -1 -1 0 0 1 0 1
144	0	1 2 -1 -1 -1 -1 -2 -2 2 1 0 -1 0 0 1 -1 1 1 0 -1 0
144	1	0 -1 0 0 0 0 0 1 0 0 1 1 1 0 0 1 -1 0 0 0 0
144	2	-1 1 1 0 -1 0 0 -1 -1 1 0 -1 0 -1 0 -1 1 0 0 1 0
144	3	0 -1 0 0 0 1 0 0 0 -1 1 1 0 0 0 1 0 0 0 0 0
144	4	-1 1 0 0 0 0 0 0 0 0 -1 -1 0 0 0 -1 0 0 0 0 0
144	5	0 -1 0 1 2 1 2 2 -1 -1 0 1 1 0 -1 0 -2 -1 -1 0 0
144	6	0 -1 1 1 1 0 1 1 -1 0 0 1 0 0 0 1 -1 -1 -1 1 -1
144	7	-1 -2 1 1 1 2 1 2 -1 -2 1 0 1 0 -1 0 -2 -1 0 0 0
144	8	0 -2 0 1 2 1 0 2 -1 -2 0 1 1 1 -2 1 -2 0 0 -1 1
144	9	-1 0 1 0 1 1 0 0 -1 -1 0 -1 1 0 -1 -1 -1 0 0 0 1
144	10	1 1 0 0 0 0 1 0 0 1 -1 0 0 0 0 -1 0 0 -1 0 -1
144	11	0 -1 0 0 2 0 0 1 0 -1 0 0 1 1 -1 1 -2 0 -1 -1 1
144	12	1 1 -2 -1 0 0 -1 -1 1 1 1 0 1 0 0 0 0 0 0 -1 0
144	13	-1 -1 0 0 2 0 -1 1 -1 -2 0 1 1 0 -1 1 0 0 1 -1 2
144	14	1 2 -1 -1 -2 -1 -1 -2 1 2 0 -1 0 -1 1 -1 1 1 0 0 0
144	15	-2 -2 2 1 2 1 1 2 -2 -2 0 0 1 0 -1 0 -1 -1 0 0 1
144	16	-1 -2 1 1 1 1 0 1 -1 -1 0 1 0 0 -1 1 0 0 1 0 0
145	0	0 0 0 1 0 0 0 1 0 0 -1 0 0 0 0 0 0 0 -1 0 0
145	1	0 0 0 0 0 0 1 0 0 1 0 0 0 -1 0 0 0 0 -1 1 -1
145	2	1 2 -2 -1 0 -1 -1 0 1 0 0 0 0 0 1 0 1 1 -1 -1 0
145	3	1 1 -2 -1 -1 -1 -2 -2 2 1 0 -1 -1 1 1 0 1 2 0 -1 0
145	4	0 0 0 0 1 -1 0 1 -1 0 -1 0 1 0 -1 0 0 0 0 0 1
145	5	-1 1 1 1 1 0 1 0 -1 0 -1 -1 0 -1 -1 -1 0 0 -1 1 0
145	6	-1 0 1 1 0 0 0 -1 -1 0 -1 -1 0 -1 -1 -1 1 0 1 1 1
145	7	-1 0 0 1 1 0 1 0 -1 0 -1 -1 0 0 -1 -1 0 0 0 0 1
145	8	0 -2 1 1 1 1 1 1 -1 -1 -1 1 0 1 -1 0 -1 0 0 0 0
145	9	1 1 -2 -1 0 -1 0 0 1 1 0 0 0 1 0 0 0 1 -1 -1 0
145	10	0 -2 0 1 1 1 1 1 -1 -1 0 1 0 1 -1 1 -1 0 0 0 0
145	11	1 1 0 0 -2 0 -1 -2 1 1 0 -1 -1 -1 1 -1 1 1 0 1 -1
145	12	0 -1 1 1 0 1 0 0 -1 -1 0 0 0 0 0 0 0 0 0 0 0
145	13	0 1 -1 -1 0 -1 -1 -2 2 1 0 -1 -1 0 0 0 1 1 0 0 0
145	14	0 0 0 0 -1 0 -1 -1 0 0 0 -1 -1 0 0 -1 1 1 1 0 0
145	15	0 0 -1 0 1 0 -1 0 1 0 0 1 0 0 0 0 0 1 0 -1 1
145	16	0 1 0 -1 -1 0 -1 -1 1 1 0 0 0 -1 1 0 1 1 0 0 0
146	0	0 -1 0 1 1 0 1 1 -1 -1 0 1 0 0 0 1 0 0 -1 0 0
146	1	0 -1 0 0 0 1 0 0 0 0 1 1 1 0 0 1 -1 0 0 0 0
146	2	-1 0 0 0 1 0 0 0 -1 0 0 0 1 0 -1 0 0 0 0 0 1
146	3	0 -1 1 1 0 0 2 1 -1 0 0 0 0 0 0 0 -1 0 -1 0 -1
146	4	-1 1 0 -1 0 0 0 0 0 0 0 0 0 0 1 0 0 0 0 0 0
146	5	0 -1 0 1 1 0 0 1 0 -1 0 1 1 -1 -1 1 -1 0 0 0 1
146	6	0 0 -1 0 1 0 -1 1 1 -1 1 0 1 0 -1 0 -1 0 0 -1 1
146	7	0 -1 0 0 1 0 0 1 0 0 0 1 0 1 -1 1 -1 0 0 0 0
146	8	1 1 -1 0 0 0 -1 0 1 0 0 1 0 0 0 0 0 0 0 0 0
146	9	0 0 0 0 0 0 0 0 0 1 0 0 0 0 0 0 0 0 0 0 0
146	10	0 0 -1 1 2 0 1 2 -1 -1 -1 1 0 1 0 0 -1 0 -1 -1 0
146	11	1 0 -1 0 0 -1 1 0 0 0 -1 0 0 1 0 0 0 1 -1 0 0
146	12	0 2 -1 -1 -1 -1 -2 -2 1 1 0 -1 0 -1 0 0 1 1 1 0 1
146	13	0 -2 1 1 2 1 1 2 -1 -2 0 1 2 0 -1 1 -2 -1 -1 0 0
146	14	0 -1 0 1 1 0 1 0 -1 0 -1 1 0 0 -1 1 0 0 0 1 0
146	15	0 0 0 0 0 -1 0 -1 -1 1 0 0 0 0 0 0 1 1 0 0 0
146	16	1 0 -1 0 -1 0 -1 -1 1 1 0 0 0 0 0 0 0 1 0 0 0
147	0	0 0 0 0 0 1 0 0 0 0 0 0 0 0 0 0 -1 0 0 0 0
147	1	1 1 -1 -1 -1 -1 -1 -1 1 1 0 0 0 0 1 0 1 1 0 -1 0
147	2	1 -1 -1 0 1 1 -1 0 1 -1 1 1 1 0 -1 1 -1 0 0 -1 1
147	3	0 -1 0 1 2 0 1 2 -1 -1 0 1 1 1 -1 1 -2 -1 0 -1 0
147	4	0 1 -1 0 1 -1 0 1 0 0 0 0 0 0 0 0 0 0 -1 0 0
147	5	1 0 0 1 0 0 1 1 -1 1 0 0 0 0 0 0 -1 -1 -1 0 -1
147	6	0 0 -1 -1 1 1 -2 0 1 -1 1 0 1 0 -1 1 -1 0 1 -1 1
147	7	0 1 -1 -1 -1 0 -2 -1 1 0 0 0 0 0 1 0 1 1 1 -1 1
147	8	-1 -1 0 0 1 0 1 1 -1 0 0 1 0 1 0 0 0 0 0 0 0
147	9	0 1 -1 0 1 -1 1 0 -1 0 -1 0 0 0 0 0 1 1 -1 0 0
147	10	-1 -1 1 1 0 1 0 1 -1 -1 1 0 0 0 0 0 -1 -1 0 0 0
147	11	0 1 -1 0 0 -1 1 0 0 1 0 0 0 0 0 0 0 0 -1 0 0
147	12	0 2 0 0 0 -1 1 -1 0 1 -1 -1 0 -1 0 -1 1 0 -1 1 -1
147	13	0 0 0 0 -1 0 -1 -1 1 1 0 -1 0 0 0 -1 0 1 0 0 0
147	14	-1 1 0 -1 0 0 -1 -1 0 1 1 -1 0 -1 0 -1 1 0 0 1 0
147	15	-1 0 0 0 1 0 0 1 -1 -1 0 0 0 0 0 0 0 0 0 0 0
147	16	0 2 0 -1 -1 -1 0 -2 0 2 -1 -1 -1 -1 0 -1 2 1 0 1 0
148	0	-1 0 1 0 0 1 -1 0 -1 0 0 0 -1 0 0 -1 1 0 1 0 0
148	1	-1 1 1 0 0 0 0 -1 -1 0 0 0 0 -1 0 0 1 0 0 1 0
148	2	0 2 -1 -1 -1 -1 -1 -1 1 1 0 -1 0 -1 1 -1 1 1 0 0 0
148	3	-1 -1 0 1 1 1 0 1 -1 -1 0 1 0 0 -1 0 0 0 1 0 1
148	4	0 -1 0 1 1 0 1 1 -1 -1 -1 0 0 1 -1 0 -1 0 0 0 0
148	5	-1 -2 0 1 2 1 0 2 -1 -2 0 1 1 0 -1 1 -1 0 0 -1 1
148	6	-1 -2 1 1 1 1 2 2 -2 -1 0 0 1 0 -1 0 -1 -1 0 0 0
148	7	0 0 0 0 1 0 0 0 0 0 -1 0 0 1 0 0 0 0 -1 0 0
148	8	0 -1 0 0 1 0 0 1 0 0 1 1 1 0 -1 1 -1 0 0 0 0
148	9	0 1 0 0 -1 -1 -1 -1 1 0 0 -1 0 -1 0 0 1 1 0 0 0
148	10	-1 0 0 0 1 0 0 0 0 -1 0 0 -1 1 0 0 0 0 0 0 0
148	11	0 -1 1 1 1 1 0 2 -1 -1 0 0 1 0 -1 0 -1 -1 0 -1 0
148	12	-1 0 0 0 0 0 -2 0 0 -1 0 0 0 -1 0 0 1 1 1 0 1
148	13	0 0 0 1 0 0 1 0 0 0 -1 0 0 0 1 0 0 0 -1 0 -1
148	14	0 2 -1 -1 -1 -2 0 -2 0 2 -1 -1 -1 0 1 -1 2 1 0 0 0
148	15	0 0 0 0 1 0 0 1 0 0 0 0 1 0 -1 0 -1 0 -1 -1 1
148	16	-1 0 1 0 1 0 1 0 -1 0 -1 0 0 0 0 0 0 0 0 0 0
149	0	0 1 -1 0 1 0 -1 0 0 -1 -1 0 1 0 -1 0 0 1 0 -1 2
149	1	0 -1 1 1 0 1 0 0 0 0 0 0 0 -1 -1 0 0 0 0 1 0
149	2	-1 -1 0 1 1 1 0 1 0 -1 1 0 1 0 -1 1 -2 -1 0 0 0
149	3	1 -1 0 1 1 0 1 1 0 -1 -1 1 0 0 0 1 -1 0 -1 0 0
149	4	0 -1 0 0 2 1 0 2 -1 -1 1 1 1 1 -1 1 -2 -1 0 -1 0
149	5	1 -1 -1 1 1 0 1 1 0 -1 -1 1 0 1 -1 1 -1 0 0 0 0
149	6	-1 -1 0 0 1 0 0 1 -1 -1 0 1 1 0 0 1 0 0 0 0 1
149	7	0 0 -1 0 1 -1 1 0 0 0 -1 0 0 1 0 0 0 1 -1 -1 1
149	8	0 2 -1 -1 0 -1 -2 -1 1 0 0 -1 0 0 1 -1 1 1 0 -1 0
149	9	0 0 -1 0 2 -1 0 0 0 -1 -1 0 1 0 -1 1 0 1 -1 0 1
149	10	0 2 -1 -1 -1 -1 -1 -2 1 2 0 -2 0 -1 0 -1 1 1 0 0 0
149	11	0 1 0 0 -1 -1 0 -1 0 2 -1 -1 -1 0 0 -1 1 1 0 0 0
149	12	-2 -1 1 0 2 2 0 2 -1 -2 1 0 1 0 -1 0 -2 -1 0 -1 1
149	13	1 2 -2 -1 -1 -1 -2 -2 2 2 1 0 0 -1 1 0 1 1 0 0 0
149	14	-1 0 0 0 1 0 0 0 0 0 0 -1 0 0 0 0 0 0 0 -1 0
149	15	-1 -1 0 1 2 0 0 1 -1 -1 0 0 1 0 -2 1 -1 0 0 0 1
149	16	-1 0 0 0 1 0 -1 0 0 -1 0 0 1 0 -1 0 0 0 1 -1 2
150	0	-1 -1 1 2 1 0 1 1 -1 -1 -1 0 0 0 -1 0 0 0 0 0 0
150	1	0 0 -1 -1 1 0 -1 0 1 -1 1 0 1 0 0 1 -1 0 0 -1 1
150	2	-1 0 0 0 0 1 0 0 0 0 0 0 0 0 0 0 0 0 0 0 0
150	3	1 1 -1 -1 -2 0 -2 -2 2 1 1 0 -1 0 2 0 1 1 0 0 -1
150	4	-1 0 1 0 -1 1 0 0 0 0 0 -1 0 0 0 -1 0 0 0 0 0
150	5	0 -1 1 1 1 1 1 1 -1 0 0 0 1 0 -1 0 -2 -1 -1 0 0
150	6	1 1 -1 0 -1 -1 0 0 1 1 -1 0 -1 0 1 0 1 1 -1 0 -1
150	7	0 0 0 0 -1 0 0 -1 0 1 0 0 0 0 0 0 0 1 0 0 0
150	8	0 -1 1 1 0 1 0 0 -1 0 0 0 0 0 -1 -1 0 0 1 0 0
150	9	0 -2 0 1 2 1 2 3 -2 -1 0 2 1 1 -1 1 -2 -1 -1 0 0
150	10	0 -3 1 2 2 1 2 2 -1 -2 -1 1 0 1 -1 1 -2 0 -1 0 0
150	11	0 2 0 -1 -2 -1 -1 -2 1 2 0 -2 -1 0 1 -1 1 1 0 0 -1
150	12	1 0 -1 -1 -1 0 -2 -1 2 1 1 1 0 0 1 1 0 1 0 0 0
150	13	1 2 0 0 -2 -1 0 -2 1 2 -1 -1 -1 0 1 -1 1 1 -1 0 -1
150	14	2 2 -3 -1 -1 -1 -1 -1 2 1 0 0 0 0 1 0 1 1 -1 -1 0
150	15	0 1 0 0 0 0 -1 -1 1 0 0 -1 0 0 0 0 0 0 0 0 -1
150	16	0 -1 -1 0 2 0 1 1 -1 -1 0 1 1 1 -1 1 -1 0 0 -1 1
151	0	1 -2 0 1 1 0 0 1 0 -1 0 1 1 1 -1 1 -1 0 0 -1 0
151	1	0 0 0 1 0 0 1 0 -1 0 -1 1 -1 0 0 0 1 0 0 1 0
151	2	0 1 1 0 0 0 1 0 -1 1 -1 -1 0 0 0 -1 0 0 -1 0 -1
151	3	-1 -1 1 0 0 2 -1 0 0 -1 1 0 1 -1 -1 0 -1 0 1 0 1
151	4	0 1 0 0 -1 0 0 0 0 0 0 0 -1 -1 1 0 1 0 0 0 -1
151	5	0 1 -1 0 0 -1 0 -1 0 0 -1 -1 0 0 0 -1 1 1 0 0 1
151	6	0 2 -1 -1 0 -1 -1 -2 1 1 -1 -1 0 -1 0 -1 2 1 0 0 1
151	7	0 2 -1 -1 -1 -1 -1 -2 0 1 0 -1 -1 0 1 -1 2 1 0 0 0
151	8	0 0 -1 0 0 0 1 0 0 0 0 1 0 0 0 1 0 0 0 0 0
151	9	0 -1 0 1 1 1 0 1 0 -1 0 1 1 0 0 1 -2 0 -1 0 0
151	10	-1 -1 0 1 1 0 1 1 -1 -1 0 0 0 0 0 0 0 0 0 0 0
151	11	0 1 -1 0 -1 -1 0 -1 1 1 -1 0 -1 0 1 0 1 1 0 0 0
151	12	-1 -1 1 1 0 0 1 1 -2 0 0 0 0 0 0 0 0 0 0 0 0
151	13	0 1 0 0 0 -1 0 -1 0 1 -1 -1 0 0 0 -1 1 0 0 0 0
151	14	-1 -2 1 1 2 1 1 1 -1 -2 -1 1 0 0 -1 1 -1 0 0 1 1
151	15	0 1 -2 -1 1 0 -1 -1 1 0 0 0 0 0 0 0 0 1 0 -1 1
151	16	-1 0 1 1 0 1 1 1 -1 -1 -1 0 -1 0 0 -1 0 0 0 0 0
152	0	0 1 -1 0 -1 -1 -1 -1 1 1 0 0 -1 0 1 0 1 1 0 0 0
152	1	-2 -1 1 0 1 1 0 0 -1 -1 0 0 0 0 -1 0 0 0 1 1 1
152	2	1 0 0 0 0 0 0 0 0 1 0 1 0 0 0 0 0 0 0 0 -1
152	3	-1 -1 2 1 0 1 1 1 -2 0 0 0 0 0 0 0 -1 -1 0 1 -1
152	4	0 1 -1 -1 0 -1 -1 -1 1 0 0 0 0 0 0 0 1 1 0 0 1
152	5	-1 -1 0 1 2 1 0 1 -1 -1 0 1 0 0 -1 1 -1 0 0 0 0
152	6	0 1 0 0 0 0 0 0 0 1 0 0 0 0 0 -1 0 0 -1 0 0
152	7	0 -1 0 1 0 0 0 0 0 0 -1 0 0 0 0 0 0 1 0 0 0
152	8	-1 1 1 0 0 0 -1 0 -1 0 0 -1 0 -1 0 -1 1 0 1 0 0
152	9	-1 -2 1 2 2 1 3 2 -2 -1 -1 0 0 1 -1 0 -2 -1 -1 0 -1
152	10	1 0 -1 0 0 -1 1 -1 0 1 -1 0 -1 1 1 0 1 1 -1 0 -1
152	11	0 -1 1 1 -1 1 0 0 0 0 0 0 0 0 0 0 0 0 0 1 -1
152	12	0 0 0 0 1 1 1 1 -1 0 0 1 1 0 0 0 -1 -1 -1 0 0
152	13	0 1 -1 -1 0 -1 -1 -1 1 1 0 0 0 0 0 0 1 1 0 0 0
152	14	0 -1 0 0 1 1 0 1 -1 0 1 0 1 1 -1 0 -2 0 0 -1 0
152	15	0 1 -1 0 0 -1 0 -1 0 0 -1 0 0 0 0 0 1 1 0 0 1
152	16	0 0 0 0 -1 0 -1 -1 1 1 1 0 0 -1 0 0 0 0 1 0 0
153	0	0 1 -1 0 -1 0 -1 -1 1 0 0 0 0 0 0 0 1 1 0 0 0
153	1	0 -1 0 1 1 0 0 1 0 -1 0 1 0 1 0 1 -1 0 0 -1 0
153	2	0 0 -1 0 1 0 -1 1 0 -1 0 1 0 0 0 1 0 0 0 -1 1
153	3	1 1 -1 0 1 -1 0 0 0 0 -1 0 1 0 -1 0 0 0 0 -1 1
153	4	0 1 0 -1 0 0 -1 -1 1 0 1 0 1 -1 0 0 0 0 0 0 0
153	5	0 0 0 0 0 0 -1 0 1 0 1 0 0 0 0 1 -1 0 0 -1 0
153	6	0 0 0 0 0 0 -1 0 0 0 0 1 0 0 0 1 0 0 1 0 0
153	7	0 3 -1 -1 -2 -1 -2 -2 2 2 0 -1 -1 -1 1 -1 2 1 0 0 0
153	8	0 1 -1 0 1 0 0 1 0 -1 0 0 1 0 0 0 -1 0 -1 -1 0
153	9	1 0 -1 0 0 0 -1 -1 1 0 0 1 0 0 0 1 1 1 0 0 0
153	10	0 0 0 1 0 0 1 0 0 -1 -1 0 0 0 0 0 0 0 -1 0 0
153	11	-1 -1 1 1 1 1 0 1 -1 0 1 0 1 0 -1 0 -2 -1 0 0 0
153	12	0 0 0 0 1 1 0 1 -1 -1 0 0 1 0 -1 0 -1 0 0 -1 1
153	13	0 0 1 0 0 0 0 0 0 0 0 0 1 0 -1 0 -1 0 0 0 0
153	14	-1 1 0 0 1 0 0 0 -1 -1 -1 0 0 0 0 -1 1 0 0 0 1
153	15	0 1 -1 -1 0 0 -1 0 1 1 1 -1 0 0 0 0 -1 0 0 -1 0
153	16	1 1 -2 0 0 0 0 0 1 0 0 0 0 0 0 0 0 0 -1 0 0
154	0	0 0 0 0 -1 0 -1 -1 0 0 0 -1 -1 0 0 -1 1 1 1 0 0
154	1	-1 1 0 0 0 0 0 0 0 0 0 0 0 0 0 0 0 0 0 0 0
154	2	0 0 -1 -1 1 0 -1 -1 1 0 1 0 1 0 -1 1 0 1 0 -1 1
154	3	-1 -1 0 0 1 -1 1 1 -1 0 0 1 0 1 0 1 0 0 0 0 0
154	4	0 0 -1 0 1 0 -1 1 0 -1 0 1 1 0 0 0 0 0 0 -1 1
154	5	0 -1 -1 1 2 0 0 1 -1 -1 0 1 1 0 -1 1 -1 0 0 0 1
154	6	-1 0 1 0 1 0 -1 0 -1 -1 0 0 0 0 -1 0 0 0 1 0 1
154	7	0 0 0 1 0 0 1 0 0 0 -1 0 0 -1 0 0 0 0 -1 1 0
154	8	-1 -1 1 0 1 1 0 0 -1 0 1 0 1 0 -1 0 -1 -1 1 0 0
154	9	0 1 -1 0 1 0 -1 0 0 0 0 -1 1 0 -1 -1 0 0 0 -1 1
154	10	-1 -1 1 0 0 1 0 1 0 -1 1 0 0 0 0 1 -1 0 0 0 -1
154	11	-1 0 0 -1 0 1 -1 0 0 -1 1 0 1 -1 0 0 0 0 1 0 1
154	12	0 0 0 1 0 0 0 1 0 0 0 1 0 -1 0 0 0 0 0 0 0
154	13	0 -1 0 0 1 1 0 0 0 -1 0 1 1 0 -1 1 -1 0 0 0 1
154	14	-1 -1 1 1 2 1 1 2 -1 -1 0 0 1 1 -1 0 -2 -1 -1 -1 0
154	15	0 -1 -1 1 1 1 1 1 0 -1 0 1 0 0 0 1 -1 0 -1 0 0
154	16	0 -1 0 0 1 1 -1 0 0 -1 0 0 1 0 -1 0 -1 0 1 0 1
155	0	-1 0 1 1 1 1 0 1 -1 -1 0 0 1 -1 -1 0 -1 0 0 0 0
155	1	0 0 0 0 1 0 0 0 0 0 0 -1 1 0 -1 0 -1 0 -1 0 0
155	2	-1 1 0 -1 0 0 0 -1 0 1 0 -1 0 0 0 0 0 0 0 0 0
155	3	0 2 -2 -1 -1 -1 -1 -2 1 1 0 -1 -1 0 1 -1 2 1 0 0 0
155	4	1 0 -1 0 -1 0 -1 -1 1 1 0 0 0 0 0 0 0 1 0 0 0
155	5	0 -2 0 1 1 1 0 1 0 -1 1 1 1 0 -1 1 -1 0 0 -1 0
155	6	-1 0 0 0 1 0 0 0 0 0 0 0 0 0 0 0 0 0 0 0 0
155	7	1 0 -1 0 -1 -1 -1 -1 1 1 0 0 0 0 1 0 1 1 0 0 0
155	8	0 1 -1 0 1 0 0 0 0 -1 0 0 1 0 0 0 0 0 -1 -1 1
155	9	0 1 -1 -1 0 0 -2 0 1 0 1 0 1 -1 0 0 0 0 1 -1 1
155	10	1 1 -2 -1 1 0 -1 1 1 0 1 0 1 1 0 0 -1 0 -1 -2 0
155	11	0 0 0 0 -1 1 -2 -1 1 0 1 0 0 -1 0 0 0 1 1 0 0
155	12	0 0 0 0 0 0 0 0 0 0 -1 0 -1 0 0 0 1 1 0 0 0
155	13	0 -1 0 0 2 0 0 0 0 -1 0 1 1 0 -1 1 -1 0 0 0 1
155	14	1 -1 0 1 0 1 1 1 0 0 -1 1 0 0 0 0 -1 0 -1 0 0
155	15	0 -1 1 1 2 0 2 2 -2 -1 -1 1 1 0 -1 1 -1 -1 -1 0 0
155	16	1 1 -1 0 0 0 0 -1 1 0 0 -1 0 0 0 0 0 0 -1 0 -1
156	0	0 -1 1 1 1 1 1 1 -1 -1 -1 0 0 1 -1 -1 -1 0 0 -1 0
156	1	0 0 0 0 0 1 -1 0 1 0 1 0 1 -1 0 0 -1 0 0 -1 0
156	2	0 0 1 1 1 0 2 1 -1 0 -1 0 0 0 0 0 -1 -1 -2 1 -1
156	3	0 0 0 0 0 1 0 0 0 -1 0 0 0 0 0 0 0 0 0 0 0
156	4	0 -1 0 0 0 1 0 0 0 0 1 0 1 0 0 0 -1 0 0 0 0
156	5	0 -1 1 2 0 0 1 0 -1 0 -1 1 0 0 -1 0 0 0 0 1 0
156	6	0 -1 0 1 1 0 0 1 0 -1 0 1 1 0 -1 1 -1 0 0 0 1
156	7	1 1 -2 0 0 0 -2 -1 2 1 0 0 0 0 0 0 0 1 0 -1 0
156	8	-1 -1 2 1 0 1 1 1 -1 -1 0 0 0 0 0 0 -1 -1 0 0 -1
156	9	-1 1 1 0 0 0 -1 -1 0 0 0 -1 0 -1 0 -1 1 0 1 0 0
156	10	0 -1 -1 1 2 0 1 2 -1 0 0 1 1 1 -1 1 -2 0 -1 -1 0
156	11	1 0 -1 0 0 0 0 0 0 0 0 0 0 1 0 0 -1 0 0 -1 0
156	12	1 -1 0 1 0 0 1 0 0 1 0 1 0 1 0 1 -1 0 -1 0 -1
156	13	0 0 0 1 -1 0 1 0 0 0 0 0 0 0 0 0 0 0 0 0 -1
156	14	0 0 0 -1 0 0 -1 0 0 0 0 0 0 0 0 0 1 1 0 -1 1
156	15	0 0 -1 0 1 -1 0 1 0 0 -1 0 0 1 0 0 0 1 -1 -1 1
156	16	0 0 0 0 0 1 -1 0 0 -1 1 0 0 0 0 0 0 0 0 0 0
157	0	0 0 0 0 1 1 0 1 0 0 0 0 0 1 0 0 -1 0 -1 -1 -1
157	1	-1 1 0 0 1 0 -1 0 -1 -1 -1 -1 0 0 0 -1 1 1 0 -1 1
157	2	0 1 -1 -1 0 -1 -1 -1 1 0 0 0 0 0 0 0 1 1 0 0 1
157	3	0 0 0 1 1 0 1 0 0 0 -1 1 0 -1 0 0 0 0 -1 1 0
157	4	0 0 -1 0 1 0 1 1 0 0 0 0 1 0 0 0 -1 0 -1 -1 0
157	5	0 -1 0 0 0 0 0 1 0 0 1 1 1 0 0 1 -1 0 0 0 0
157	6	0 2 -2 -1 0 -1 -1 -1 1 1 0 -1 -1 1 0 -1 1 1 0 -1 0
157	7	0 0 0 0 1 0 0 0 0 0 0 0 0 1 0 0 -1 0 -1 0 0
157	8	-1 0 0 0 0 0 0 -1 0 0 0 0 0 0 0 0 0 0 1 0 1
157	9	0 1 0 0 -1 0 -1 -1 0 1 0 -1 0 0 0 -1 0 0 1 0 0
157	10	0 0 0 0 0 1 0 0 0 0 0 0 0 0 0 0 0 0 0 -1 0
157	11	1 0 -1 0 1 0 0 0 0 1 0 1 1 0 0 1 -1 0 -1 0 0
157	12	0 0 0 1 0 0 1 1 0 0 -1 0 0 0 0 0 -1 0 -1 0 0
157	13	0 0 0 0 0 1 0 0 0 -1 0 0 0 0 0 0 0 0 0 0 0
157	14	0 -2 1 1 1 1 0 1 0 -1 0 1 1 0 -1 1 -1 0 0 0 0
157	15	0 -1 0 1 0 0 0 1 0 -1 0 1 0 0 0 1 0 0 0 0 0
157	16	1 1 -2 -1 0 -1 -2 -1 1 1 0 0 0 0 0 0 1 2 0 -1 1
158	0	0 -1 -1 0 1 0 -1 1 1 -1 1 1 1 0 -1 2 -1 0 0 -1 1
158	1	0 0 -1 0 0 0 0 0 0 0 1 1 0 0 0 1 0 0 0 0 0
158	2	0 0 0 0 0 0 0 0 0 1 0 0 0 0 -1 0 0 0 0 0 0
158	3	0 1 -1 -2 0 0 -3 -2 2 0 1 -1 0 0 0 0 1 1 1 -1 1
158	4	0 2 -1 -1 -1 -1 0 -1 0 2 -1 0 -1 0 1 -1 2 1 0 0 0
158	5	0 0 0 0 0 0 -1 0 0 0 0 0 0 0 0 0 0 0 1 0 0
158	6	-1 0 0 0 1 0 -1 0 0 -1 0 -1 0 0 -1 0 0 1 0 -1 1
158	7	-1 -1 1 1 1 0 1 1 -1 0 0 0 0 0 -1 0 -1 0 0 0 0
158	8	0 1 -1 -1 -1 0 -2 -1 1 0 0 0 -1 0 1 -1 2 1 1 -1 1
158	9	-1 0 1 1 1 0 1 1 -1 0 0 0 0 -1 0 0 0 -1 -1 1 -1
158	10	0 1 -1 0 0 -1 0 -1 0 1 -1 0 0 0 0 0 1 1 -1 1 0
158	11	0 -1 0 1 1 1 0 1 0 -1 0 1 1 0 -1 1 -1 0 0 -1 0
158	12	0 -1 0 1 1 0 1 1 -1 0 -1 1 1 0 0 1 -1 0 -1 0 0
158	13	0 1 1 1 -1 0 0 -1 0 1 -1 -1 -1 0 0 -1 0 0 0 1 -1
158	14	-1 -1 1 1 1 1 0 1 0 -2 0 0 1 -1 -1 0 -1 0 0 0 1
158	15	1 0 -1 0 0 0 0 0 0 0 0 1 0 0 0 1 0 0 0 0 0
158	16	0 0 0 0 1 0 0 -1 0 0 0 -1 0 0 -1 0 0 0 0 0 0
159	0	-1 0 0 0 1 0 -1 0 0 -1 0 0 1 0 -1 0 0 1 0 -1 2
159	1	-1 0 0 0 1 0 0 0 0 -1 0 0 1 0 -1 0 0 0 0 0 1
159	2	-1 0 0 0 2 0 0 2 -1 -1 0 0 1 0 -1 0 -1 0 0 -1 1
159	3	-1 -2 2 1 0 1 0 1 -1 -1 1 0 0 0 -1 0 -1 0 1 0 0
159	4	-1 -1 1 1 1 0 2 1 -2 0 -1 1 0 0 0 0 0 -1 0 1 0
159	5	0 0 0 0 -1 0 -1 0 1 0 1 0 0 -1 1 1 0 0 0 0 -1
159	6	0 2 -1 -1 0 0 -1 -1 1 1 0 -1 0 0 0 -1 0 0 0 0 0
159	7	0 -1 1 1 1 1 1 1 -1 -1 -1 0 0 0 -1 0 -1 0 0 0 0
159	8	-2 -2 2 1 2 1 1 2 -2 -2 0 1 1 -1 -1 1 -1 -1 0 1 1
159	9	1 0 0 1 -1 0 1 0 -1 1 0 0 0 0 0 -1 0 0 0 0 -1
159	10	0 0 -1 0 1 -1 0 -1 0 0 -1 0 0 0 -1 1 1 1 0 0 1
159	11	0 1 -1 0 0 0 -1 0 0 0 0 0 0 0 0 0 1 1 0 -1 0
159	12	0 2 -1 0 1 -1 1 -1 0 1 -1 -1 0 0 0 -1 0 0 -1 0 0
159	13	0 -1 0 0 0 0 0 0 0 1 0 0 0 0 0 0 0 1 0 0 0
159	14	0 0 0 0 0 1 0 0 0 0 0 0 0 -1 0 0 0 0 0 0 0
159	15	-1 2 1 0 -1 -1 0 -2 0 1 -1 -2 -1 -1 0 -2 2 1 0 1 0
159	16	0 0 -1 0 1 0 -1 0 1 0 0 0 1 0 -1 1 -1 1 0 -1 1
160	0	0 -1 0 1 1 1 0 1 -1 -1 -1 1 0 0 -1 0 0 0 0 0 1
160	1	1 0 -1 0 1 0 0 1 0 -1 0 1 1 0 0 1 -1 0 -1 -1 1
160	2	0 2 -1 -1 1 -1 1 0 0 1 -1 -1 0 0 0 -1 0 0 -1 0 0
160	3	0 1 0 1 0 0 0 0 0 0 0 0 0 -1 0 0 0 0 -1 1 -1
160	4	0 -1 1 1 0 1 0 0 -1 0 0 0 1 0 -1 0 -1 0 0 0 0
160	5	0 1 0 -1 0 0 -1 -1 0 1 0 -1 1 0 0 -1 0 0 0 0 0
160	6	0 -1 0 0 1 0 0 1 0 -1 0 1 1 0 -1 1 -1 0 0 0 1
160	7	0 2 -1 -2 -1 -1 -2 -2 2 2 1 -1 0 -1 1 -1 1 1 0 0 0
160	8	0 -1 0 1 0 0 0 0 0 0 0 0 0 0 0 0 0 0 0 0 0
160	9	0 0 0 0 0 0 0 0 0 1 0 0 0 0 0 -1 0 0 0 0 0
160	10	0 -1 0 0 0 1 -1 -1 0 0 1 0 0 0 0 0 0 0 1 0 0
160	11	0 -1 0 1 0 1 0 0 0 0 0 0 0 0 -1 0 -1 0 1 0 0
160	12	1 1 -1 -1 -1 -1 -1 -1 1 1 0 -1 0 0 1 -1 1 1 0 -1 0
160	13	0 -1 0 1 1 0 0 1 -1 -1 0 0 0 0 -1 0 0 0 0 0 0
160	14	0 0 0 0 0 0 -1 -1 0 1 0 0 -1 0 0 0 1 1 0 0 0
160	15	-1 -1 1 0 0 1 -1 1 0 -1 1 0 1 0 -1 0 -1 0 1 -1 1
160	16	-1 0 1 0 0 1 -1 0 0 0 1 0 0 -1 0 0 0 0 0 0 0
161	0	0 -1 1 1 1 1 0 1 -1 -1 0 0 1 0 -1 0 -1 0 0 -1 0
161	1	1 0 0 0 -1 0 -1 -1 1 1 0 0 0 0 0 0 0 1 0 0 0
161	2	0 -1 0 0 0 0 -1 1 0 0 1 0 0 1 0 1 -1 0 0 -1 0
161	3	-1 0 -1 -1 1 0 -1 1 0 -1 1 0 0 1 0 0 0 0 0 -1 1
161	4	0 0 0 0 0 -1 0 -1 0 1 -1 0 0 0 0 0 1 1 0 0 0
161	5	0 -1 1 1 0 1 0 0 0 0 0 0 0 0 -1 0 -1 0 0 0 0
161	6	0 0 0 0 0 0 1 1 0 0 -1 1 0 0 1 0 0 0 -1 0 0
161	7	0 0 -1 0 1 0 0 0 1 -1 0 1 0 0 0 1 0 0 0 0 0
161	8	-1 1 1 0 0 0 0 -1 0 0 0 -1 0 -1 0 -1 0 0 0 1 0
161	9	0 0 0 0 0 0 0 0 0 0 1 0 1 0 0 0 -1 0 -1 0 0
161	10	0 -1 1 1 1 1 0 1 -1 -2 -1 0 1 0 -1 0 -1 0 0 0 1
161	11	1 -1 0 1 0 0 1 0 0 0 -1 1 0 0 0 1 0 0 -1 1 -1
161	12	0 -1 -1 0 2 0 1 1 0 -1 0 1 1 1 0 1 -1 0 -1 -1 0
161	13	-1 0 0 0 2 0 0 1 0 -1 0 0 1 0 -1 0 -1 0 0 -1 1
161	14	-1 0 0 1 1 0 0 0 0 -1 -1 0 0 0 -1 0 0 1 0 0 1
161	15	0 1 0 0 0 0 0 0 0 0 0 -1 1 -1 0 -1 0 0 -1 0 0
161	16	-1 0 0 0 1 0 -1 0 0 0 0 0 0 0 0 0 0 1 0 -1 1
162	0	0 1 0 -1 -1 0 -1 -2 1 2 0 -1 -1 0 1 -1 1 1 0 0 -1
162	1	0 1 0 0 -1 0 0 -1 0 1 0 0 0 -1 0 0 1 0 0 1 -1
162	2	0 1 0 0 0 0 -1 -1 1 0 0 0 0 -1 0 0 1 0 0 0 0
162	3	-1 1 0 0 1 0 0 -1 0 0 0 -1 0 -1 -1 0 0 0 0 1 0
162	4	1 0 -1 0 1 0 -1 0 0 0 0 0 1 0 -1 0 0 0 0 -1 1
162	5	0 2 0 -1 -1 0 0 0 0 1 0 -1 0 0 1 -1 0 0 -1 0 -1
162	6	1 -1 0 1 0 1 0 1 0 -1 0 1 0 1 0 1 -1 0 0 -1 -1
162	7	0 2 -1 -1 -1 -1 -1 -2 1 1 0 -1 -1 -1 1 0 2 1 0 0 0
162	8	-1 -1 0 1 1 0 0 1 -1 -1 0 0 0 0 -1 0 0 0 1 0 0
162	9	0 0 0 0 -1 0 -1 -1 0 1 0 0 -1 0 0 0 1 1 1 0 0
162	10	0 -1 0 1 0 0 1 1 -1 -1 0 1 0 0 0 0 0 0 0 0 0
162	11	0 1 0 0 0 0 1 -1 -1 1 -1 0 0 -1 0 -1 1 0 0 1 0
162	12	0 0 0 0 1 1 -1 0 0 -1 0 0 1 0 -1 0 -1 0 0 0 1
162	13	0 1 -1 -1 1 0 0 0 0 0 -1 0 0 1 0 0 0 0 0 -1 1
162	14	-1 1 0 0 0 0 0 -1 0 0 -1 -1 -1 0 0 -1 1 0 1 0 0
162	15	0 0 1 1 0 1 1 0 -1 0 -1 0 -1 0 0 -1 0 0 0 1 -1
162	16	0 -1 1 1 1 0 2 2 -2 -1 0 1 1 0 0 1 -1 -1 -1 0 -1
163	0	0 2 -2 -1 1 -1 -2 -1 1 0 0 0 1 0 0 0 1 1 0 -1 1
163	1	0 0 0 0 1 1 0 1 0 -1 0 0 0 1 -1 0 -1 0 0 -1 0
163	2	0 -1 0 0 0 0 0 0 0 0 1 1 1 0 0 1 -1 0 0 0 0
163	3	0 -1 -1 0 0 0 0 1 0 0 1 0 0 1 0 0 -1 0 0 -1 0
163	4	0 0 0 0 0 1 -1 0 1 0 1 0 1 -1 0 0 -1 0 0 0 0
163	5	-1 1 0 -1 2 -1 0 0 -1 0 0 0 1 0 -1 0 0 0 0 0 1
163	6	1 0 0 1 -1 0 0 0 0 1 0 0 -1 0 0 0 0 0 0 0 -1
163	7	-1 -1 1 1 1 0 1 1 -1 0 -1 0 0 1 -1 0 -1 0 0 0 0
163	8	-1 0 0 0 1 -1 1 0 -1 0 0 0 0 0 0 0 0 0 0 1 0
163	9	0 0 -1 0 0 1 0 0 0 0 0 0 0 0 0 0 0 0 0 0 0
163	10	0 0 0 0 0 0 0 0 -1 0 0 -1 0 1 0 -1 0 0 0 -1 0
163	11	0 0 0 0 1 0 0 0 0 -1 -1 0 1 0 -1 0 0 0 0 0 1
163	12	0 1 -1 0 0 0 0 0 0 0 -1 0 0 0 0 0 0 0 0 0 0
163	13	0 0 -1 0 0 0 -2 -1 1 0 1 -1 0 0 -1 0 0 1 1 -1 1
163	14	0 1 -1 -1 1 0 -1 0 1 0 0 0 1 0 0 0 -1 0 0 -1 1
163	15	-1 -1 0 1 2 1 0 1 0 -2 0 1 1 0 -1 1 -1 0 0 -1 1
163	16	0 -1 1 1 0 0 1 0 -1 0 -1 -1 -1 1 0 -1 0 0 0 0 -1
164	0	-1 0 0 0 0 0 1 0 -1 0 0 -1 0 0 0 -1 1 0 0 0 0
164	1	0 -1 1 1 -1 1 0 1 0 0 1 0 0 0 0 0 -1 0 0 0 -1
164	2	0 0 0 0 1 0 0 0 0 0 0 0 1 0 -1 0 0 0 0 -1 1
164	3	0 -1 1 1 0 1 0 0 0 0 0 0 0 0 0 0 -1 0 0 0 -1
164	4	1 0 0 1 0 0 1 0 0 1 -1 0 0 0 0 0 0 0 -1 0 -1
164	5	0 0 1 1 0 0 2 0 -2 0 -2 0 -1 0 1 -1 1 0 -1 1 -1
164	6	-1 1 1 0 0 0 0 -1 0 0 0 -1 1 -1 0 -1 0 0 0 0 0
164	7	0 0 0 0 0 0 -1 0 0 0 1 0 0 -1 0 1 0 0 0 0 0
164	8	0 2 -1 -1 -2 0 -2 -2 2 1 1 -1 -1 -1 1 -1 2 1 0 0 0
164	9	-1 0 0 0 1 1 0 1 0 -1 0 0 0 0 0 0 -1 0 0 -1 0
164	10	1 1 -1 0 0 0 -1 0 1 0 0 0 0 0 0 0 0 0 0 -1 0
164	11	1 0 0 0 0 -1 0 -1 0 0 -1 0 0 1 0 0 0 1 0 0 0
164	12	-2 -1 1 0 0 1 -1 1 -1 -1 1 0 0 0 0 0 0 0 1 0 0
164	13	0 0 -1 0 2 -1 1 1 -1 -1 -1 0 0 1 -1 0 0 0 0 -1 1
164	14	-1 -1 1 1 0 1 1 1 -1 0 0 1 -1 0 0 0 0 0 0 1 -1
164	15	0 1 0 -1 0 0 -1 0 0 1 1 0 0 0 0 0 0 0 0 -1 0
164	16	0 1 -1 0 1 0 -1 0 0 0 0 0 1 0 0 0 0 0 0 -1 0
165	0	0 1 -1 -1 1 -1 0 0 0 1 0 0 1 0 -1 0 0 0 0 -1 1
165	1	-1 0 0 0 1 0 0 0 0 -1 0 0 1 0 0 0 0 0 0 -1 1
165	2	1 0 -1 0 0 0 -1 0 1 0 0 0 0 0 0 1 -1 0 0 0 0
165	3	0 0 -1 0 1 0 0 1 0 0 0 0 0 1 -1 0 -1 0 0 -1 0
165	4	-1 -1 0 0 2 0 0 1 -1 -1 0 0 1 1 -1 0 -1 0 1 -1 1
165	5	0 0 0 -1 -1 1 -2 0 1 1 2 0 0 0 0 0 -1 0 1 -1 0
165	6	-1 0 1 1 0 0 1 1 -1 -1 -1 0 0 0 0 -1 0 0 0 0 0
165	7	-1 1 0 0 0 0 0 -1 0 1 0 -1 0 -1 0 -1 0 0 0 1 0
165	8	0 0 0 0 1 0 0 1 -1 -1 -1 -1 0 1 0 -1 0 0 0 -1 0
165	9	0 0 0 0 -1 1 0 0 0 1 1 -1 0 0 0 -1 -1 0 0 0 -1
165	10	0 2 0 -1 -1 0 -1 -2 1 1 0 -2 0 -1 0 -2 1 1 0 0 0
165	11	0 -1 -1 0 2 0 0 1 0 -1 0 1 1 1 -1 1 -1 0 0 -1 1
165	12	0 1 -1 -1 -1 0 -2 -2 2 1 1 -1 0 0 1 0 0 1 0 -1 0
165	13	0 1 -1 0 0 -1 -1 -1 1 0 -1 0 0 0 0 0 1 1 0 0 1
165	14	0 0 0 0 0 0 0 0 0 0 0 0 1 0 0 0 -1 0 0 0 0
165	15	-1 0 -1 0 2 0 0 1 0 -1 0 0 0 1 -1 0 -1 0 0 -1 1
165	16	0 2 -1 -1 0 -1 -2 -1 1 0 0 -1 0 0 0 -1 1 1 0 -1 1
166	0	0 0 0 0 0 0 1 1 -1 0 -1 0 -1 1 1 0 0 0 -1 0 -1
166	1	0 -1 1 1 0 0 1 1 0 0 0 0 0 0 0 1 -1 0 -1 0 -1
166	2	1 -1 -1 0 -1 0 -1 -1 1 0 0 1 0 0 0 1 0 1 1 0 1
166	3	1 1 -1 -1 -1 0 -1 -2 1 1 0 0 0 0 1 0 1 1 0 0 0
166	4	-1 1 0 -1 1 0 0 0 0 0 0 -1 -1 1 0 -1 0 0 0 -1 0
166	5	1 0 -1 -1 -1 0 -1 -1 2 1 1 0 -1 1 1 0 0 1 0 -1 -1
166	6	0 1 -1 0 1 -1 0 0 0 0 0 0 1 -1 0 1 0 0 -1 0 0
166	7	1 0 -1 0 1 0 0 0 0 -1 -1 0 0 1 0 0 0 1 -1 -1 0
166	8	0 2 -1 0 0 -1 1 0 0 0 -1 -1 -1 0 1 -1 1 0 -1 0 -1
166	9	0 -1 0 1 1 0 0 1 0 -1 -1 0 1 0 -1 0 -1 0 0 0 1
166	10	0 1 -1 -1 -1 0 -2 -1 1 0 0 0 0 0 0 0 1 1 1 0 1
166	11	0 -1 0 0 -1 0 -1 0 1 0 1 1 0 0 0 1 0 1 1 0 0
166	12	0 -2 0 0 0 1 -1 0 1 0 1 1 0 0 0 1 -1 0 1 0 0
166	13	0 0 0 1 1 1 1 1 -1 -1 0 0 0 0 0 0 -1 -1 -1 0 -1
166	14	0 1 -1 0 0 -1 0 -1 0 2 -1 -1 -1 0 0 -1 1 1 0 0 0
166	15	-1 -2 1 1 2 1 1 2 -2 -2 -1 1 0 1 -1 0 -1 0 0 0 1
166	16	1 1 -1 0 1 -1 0 1 0 0 0 0 1 0 0 0 -1 0 -1 -1 0
167	0	0 -1 1 1 0 1 1 1 -1 -1 -1 1 0 -1 0 0 0 0 0 1 0
167	1	0 0 0 1 0 0 0 -1 0 0 -1 0 -1 -1 0 0 1 1 0 1 0
167	2	-1 0 1 0 0 1 0 0 -1 0 0 -1 0 -1 0 -1 0 0 0 0 0
167	3	0 1 -2 -1 2 -1 0 0 0 0 -1 0 0 1 0 0 0 1 -1 -1 1
167	4	0 1 -1 -1 1 0 -1 -1 1 0 0 0 0 0 0 0 0 1 0 -1 1
167	5	1 -1 0 1 1 0 1 1 0 -1 -2 1 0 1 0 1 -1 0 -1 0 0
167	6	-1 2 -1 -1 1 -1 0 -1 0 0 -1 -1 0 0 0 -1 1 1 -1 0 1
167	7	-1 -1 1 0 1 0 0 1 -1 0 0 0 0 0 0 0 0 0 0 0 0
167	8	0 0 0 0 0 1 0 0 0 0 1 0 0 0 0 0 -1 0 0 0 -1
167	9	0 1 0 0 0 0 -1 0 1 0 0 -1 0 0 0 -1 0 0 0 -1 0
167	10	-1 1 0 0 0 -1 1 0 -1 1 -1 0 0 0 0 -1 1 0 0 1 0
167	11	-1 -2 1 1 0 2 -1 1 0 -1 1 0 0 0 -1 0 -1 0 1 0 0
167	12	0 -1 0 1 1 1 0 1 0 -1 0 0 0 1 -1 0 -1 0 0 -1 0
167	13	1 2 -1 -1 -1 -1 -1 -1 1 1 -1 -1 -1 0 1 -1 1 1 0 -1 0
167	14	0 1 -1 -1 1 -1 -1 0 0 0 1 0 1 0 0 0 0 0 0 -1 1
167	15	0 -1 0 1 1 0 0 1 0 -1 -1 1 0 0 0 1 0 0 0 0 0
167	16	0 1 -1 0 -1 0 -1 -2 1 1 0 -1 0 0 0 -1 1 1 0 0 0
168	0	1 0 0 1 -1 0 1 -1 0 1 0 0 -1 0 1 0 0 0 -1 1 -2
168	1	0 2 -1 0 0 -1 0 -1 0 1 -1 -1 0 -1 0 -1 1 1 0 0 0
168	2	0 1 -1 -1 1 0 -1 1 0 0 1 0 1 0 0 0 -1 0 0 -1 0
168	3	0 0 -1 -1 2 0 -1 0 0 -1 0 1 1 0 -1 1 0 1 0 -1 2
168	4	1 2 -1 -1 0 -1 -1 -2 1 1 -1 -1 0 0 0 -1 1 1 0 0 0
168	5	0 1 -1 -1 0 -1 -1 -2 1 1 0 -1 0 0 0 0 1 1 0 0 0
168	6	-1 0 0 0 1 0 0 0 0 -1 0 -1 0 1 0 0 -1 0 0 -1 0
168	7	1 1 -1 0 -1 0 0 0 1 1 0 0 0 0 0 0 0 0 -1 0 -1
168	8	0 -1 0 0 1 1 0 2 0 -1 1 1 1 0 0 1 -2 0 -1 -1 0
168	9	-1 0 0 0 1 0 0 1 -1 -1 0 0 0 0 0 0 0 0 0 0 0
168	10	0 1 -1 0 0 0 -1 0 1 0 0 -1 0 0 0 -1 0 0 0 -1 0
168	11	0 1 0 0 0 0 0 0 0 0 0 0 0 -1 0 -1 1 0 0 0 0
168	12	1 1 -1 0 -1 0 0 0 1 1 0 0 0 0 1 -1 0 0 -1 0 -1
168	13	0 0 0 0 0 0 0 0 0 0 -1 0 0 1 0 0 0 1 0 -1 0
168	14	-1 -1 0 0 1 0 0 1 -1 -1 1 1 1 -1 0 1 0 0 0 0 1
168	15	0 -2 1 1 1 1 1 1 -1 -1 1 1 1 0 -1 1 -2 -1 0 0 0
168	16	0 2 0 -1 -1 0 -1 -2 1 2 0 -1 -1 0 1 -1 1 0 0 0 -1
169	0	0 1 -1 -1 0 0 0 0 0 0 0 0 0 0 1 0 0 0 -1 0 0
169	1	-1 0 1 0 0 1 0 0 0 0 0 -1 0 -1 0 -1 0 0 0 0 0
169	2	0 0 0 0 0 0 0 0 0 1 0 0 0 0 0 0 0 0 0 0 0
169	3	0 1 -1 0 0 -1 0 -1 0 0 -1 -1 -1 0 0 -1 2 1 0 0 0
169	4	1 1 0 0 -1 0 1 -1 0 2 -1 -1 -1 1 1 -1 0 0 -1 0 -2
169	5	1 1 -1 0 1 0 0 1 0 0 0 1 1 0 0 0 -1 0 -1 -1 0
169	6	1 1 -1 0 0 -1 2 0 0 1 -1 0 0 0 1 0 0 0 -2 0 -1
169	7	0 -1 0 1 0 1 0 0 0 -1 -1 0 -1 0 0 0 0 1 0 0 0
169	8	0 -1 -1 0 1 0 0 1 0 0 1 1 1 0 0 1 -1 0 -1 0 0
169	9	0 1 0 0 -1 0 -1 -1 0 1 0 -1 -1 0 0 -1 1 0 1 0 -1
169	10	1 0 0 1 0 0 0 0 0 0 0 0 1 -1 -1 0 0 0 0 0 0
169	11	0 0 0 0 0 0 -1 1 0 0 0 0 0 0 0 0 0 0 0 -1 0
169	12	0 -1 1 1 0 0 1 1 -1 0 -1 1 0 0 0 0 0 0 0 0 0
169	13	-1 -2 1 1 1 1 0 2 -1 -1 1 1 1 -1 -1 1 -1 -1 1 0 0
169	14	0 0 1 0 0 1 0 0 0 0 0 -1 0 1 0 -1 -1 0 0 -1 -1
169	15	1 0 -1 0 1 0 0 0 0 0 -1 0 0 1 0 0 0 0 0 -1 0
169	16	1 1 -1 -1 -1 0 0 -1 1 1 0 0 -1 0 1 0 1 1 -1 0 -1
170	0	0 1 0 -1 0 0 0 -1 0 1 0 -1 0 1 0 -1 0 0 0 -1 0
170	1	1 0 0 0 0 0 -1 0 0 0 0 0 0 0 0 0 0 1 0 -1 0
170	2	1 0 0 1 -1 0 0 0 0 1 0 0 0 0 0 0 -1 0 0 0 -1
170	3	-1 0 1 1 0 1 1 0 -1 0 0 0 0 -1 0 -1 0 -1 0 1 0
170	4	0 0 1 1 1 0 0 0 -1 0 -1 0 0 0 -1 0 0 0 0 0 0
170	5	0 1 -1 -1 0 -1 -2 -1 1 0 0 0 0 0 0 1 1 1 0 0 1
170	6	-1 0 0 1 2 0 1 1 -1 -1 -1 0 0 0 -1 0 0 0 0 0 0
170	7	0 0 1 2 0 0 1 0 -1 0 -1 0 0 -1 0 0 0 0 -1 1 -1
170	8	1 1 -1 0 -2 -1 -1 -2 1 2 0 -1 -1 0 1 0 1 1 0 0 -1
170	9	1 1 -1 0 -1 -1 0 -1 0 1 -1 0 -1 0 1 0 2 1 0 0 -1
170	10	0 -2 0 1 2 0 0 2 -1 -2 0 2 1 1 -1 2 -1 0 0 -1 1
170	11	0 -2 0 2 2 0 2 1 -1 -1 -1 1 0 1 -1 1 -1 0 -1 0 0
170	12	0 0 -1 1 1 0 1 1 0 0 0 0 0 0 0 0 -1 0 -1 0 -1
170	13	1 0 -1 0 1 -1 0 1 0 0 0 0 1 1 0 0 -1 0 -1 -1 0
170	14	0 0 1 1 -1 0 1 -1 0 1 0 -1 -1 0 0 -1 0 0 0 1 -2
170	15	0 2 -1 -1 -1 -1 -2 -2 1 1 1 -1 0 -1 1 -1 2 1 0 0 0
170	16	1 0 0 1 -1 0 -1 -1 1 0 -1 0 -1 0 0 0 1 1 0 0 0
171	0	-2 -1 1 0 1 0 0 0 -1 -1 0 0 0 0 0 0 0 0 1 0 1
171	1	0 0 -1 -1 1 -1 -1 0 1 0 0 1 1 0 0 1 0 1 0 -1 2
171	2	0 0 0 1 1 -1 2 1 -1 0 -2 0 0 0 0 0 0 0 -2 1 0
171	3	-1 -1 0 0 2 0 0 1 -1 -1 0 0 1 1 -1 0 -1 0 1 -1 1
171	4	0 0 0 0 -2 1 -1 -2 1 1 1 0 -1 -1 1 0 1 0 1 1 -1
171	5	0 0 0 1 1 -1 2 0 -1 1 -2 0 0 0 -1 0 0 0 -1 1 0
171	6	-1 -2 1 1 2 1 0 1 -1 -2 0 1 1 0 -1 1 -1 0 0 0 1
171	7	0 -3 1 2 2 1 2 2 -1 -2 -1 1 0 1 -1 1 -2 0 -1 0 0
171	8	0 1 -1 -1 0 0 -1 -1 1 0 0 0 -1 0 1 0 1 1 0 -1 0
171	9	0 0 -1 0 0 -1 0 0 0 0 0 0 0 0 0 0 1 0 0 0 0
171	10	-1 2 0 -1 0 0 -1 -2 1 1 0 -1 0 -1 0 -1 1 0 0 1 0
171	11	-1 0 0 0 1 0 0 0 -1 -1 0 0 0 -1 -1 0 1 0 1 0 1
171	12	0 1 0 0 0 0 -1 -1 1 0 -1 -1 0 0 0 -1 0 1 0 -1 1
171	13	0 0 0 0 0 0 0 0 0 0 0 0 0 -1 0 0 0 0 0 0 0
171	14	0 0 0 0 0 0 0 0 0 0 0 1 0 0 0 1 0 0 0 0 0
171	15	0 0 -1 0 0 0 0 0 1 0 0 0 0 0 0 0 0 0 0 0 0
171	16	0 -1 0 0 1 0 0 1 0 -1 0 1 1 0 0 1 -1 0 0 0 0
172	0	-1 -1 1 1 1 1 0 0 -1 -2 0 0 0 -1 -1 0 0 0 1 0 1
172	1	1 -1 0 1 0 1 0 0 0 0 0 0 0 1 -1 0 -1 0 0 0 -1
172	2	0 1 1 1 0 0 0 -1 -1 0 -1 -1 0 -1 -1 -1 1 0 0 1 0
172	3	0 -2 0 1 1 1 0 2 -1 -2 0 1 1 1 -1 1 -1 0 0 -1 1
172	4	0 0 0 0 1 0 1 0 -1 0 -1 0 1 0 0 0 0 0 -1 0 0
172	5	-1 -1 0 0 2 0 1 2 -1 -1 0 1 1 0 -1 1 -1 0 -1 0 1
172	6	0 1 -1 -1 0 -1 -1 0 0 0 0 0 0 0 0 0 1 1 0 -1 1
172	7	1 1 0 0 -2 0 -1 -2 1 1 0 -1 -1 -1 1 -1 1 1 0 1 -1
172	8	1 1 -1 0 1 -1 1 0 0 1 -1 0 0 1 0 -1 0 0 -1 -1 0
172	9	0 -1 0 1 1 0 1 1 -1 0 0 1 1 0 -1 1 -1 0 -1 0 0
172	10	-1 -1 1 1 1 0 1 0 -1 0 -1 0 -1 0 0 0 0 0 0 1 0
172	11	0 0 0 0 1 1 -1 0 0 -1 0 0 2 0 -1 0 -1 0 0 -1 1
172	12	0 0 -1 0 0 0 -1 1 1 0 1 1 0 0 0 1 0 0 0 -1 0
172	13	1 -1 -1 1 1 -1 2 1 -1 0 -1 1 0 1 0 1 0 0 -1 0 -1
172	14	0 0 0 0 0 0 0 0 0 0 0 0 0 1 0 0 0 0 0 -1 0
172	15	1 0 0 1 -1 0 1 0 0 1 -1 1 -1 -1 1 0 1 0 -1 1 -1
172	16	-1 0 1 1 -1 0 1 0 -1 0 -1 -1 -1 0 0 -1 1 0 0 1 -1
173	0	0 -1 1 1 2 1 2 2 -2 -1 -1 1 1 1 -1 0 -2 -1 -1 0 0
173	1	-1 -1 0 0 2 0 0 1 -1 -2 0 0 0 1 -1 0 0 0 1 -1 1
173	2	-2 1 0 0 1 0 0 0 -1 -1 0 -1 0 -1 0 -1 1 0 0 0 1
173	3	-1 -2 1 1 2 1 1 3 -2 -2 0 1 1 0 -1 1 -2 -1 0 0 0
173	4	-1 0 0 0 1 0 1 1 0 -1 0 0 0 0 0 0 0 0 -1 0 0
173	5	0 0 0 1 1 0 1 1 -1 -1 -1 0 0 0 0 0 0 0 -1 0 0
173	6	-1 -1 1 1 1 1 0 1 -1 -1 1 1 1 -1 -1 1 -1 0 0 0 0
173	7	0 2 -1 -1 1 -1 -1 -2 1 1 -1 -1 0 0 0 -1 1 1 0 -1 1
173	8	-1 -2 1 1 2 1 1 2 -1 -2 0 2 1 0 -1 1 -1 -1 0 0 1
173	9	1 0 -1 0 1 0 0 1 1 0 0 1 1 1 0 1 -2 0 -1 -1 0
173	10	0 1 -1 -1 0 0 -1 -1 1 1 0 0 0 1 0 0 0 1 0 -1 0
173	11	0 2 -1 -1 -1 -1 -1 -1 1 1 0 -1 -1 1 1 -1 1 1 0 -1 -1
173	12	0 1 0 0 -1 0 0 -1 0 1 0 0 -1 0 1 -1 1 1 0 0 -1
173	13	-1 0 0 0 1 1 0 0 0 -1 0 0 0 -1 0 0 0 0 0 0 1
173	14	0 0 -1 0 0 0 0 0 0 0 1 0 0 0 0 0 0 0 0 0 0
173	15	0 0 0 0 -1 0 -1 -1 0 1 0 0 -1 0 0 -1 1 1 1 0 0
173	16	0 -1 0 0 1 1 0 1 0 -1 1 1 1 0 0 1 -1 0 -1 -1 0
174	0	0 1 -1 -1 1 0 0 0 0 0 0 -1 0 1 0 -1 0 0 -1 -1 0
174	1	-1 0 0 0 1 0 0 1 -1 -1 0 0 1 0 -1 0 0 0 0 0 1
174	2	-1 -1 1 0 1 1 0 2 -1 -1 1 0 1 0 0 0 -2 -1 0 -1 0
174	3	0 -1 -1 0 1 0 0 1 0 -1 0 2 1 0 0 1 0 0 0 0 1
174	4	1 0 0 0 -1 0 0 0 0 2 0 0 0 0 0 0 0 0 0 0 -1
174	5	0 -1 -1 0 1 0 0 1 0 -1 0 1 1 1 -1 1 -1 0 0 0 1
174	6	0 -2 0 0 1 1 1 1 0 -1 0 1 0 1 0 1 -1 0 -1 0 0
174	7	0 0 1 1 -1 1 0 -1 0 0 0 -1 0 -1 0 -1 0 0 0 1 -1
174	8	0 0 0 0 1 0 1 1 -1 0 -1 1 0 0 0 1 0 0 -1 0 0
174	9	0 -1 1 1 0 0 1 1 -1 0 -1 1 0 0 0 0 0 0 0 0 0
174	10	-1 1 1 0 0 0 0 -1 -1 0 -1 -1 0 0 0 -1 1 0 0 0 0
174	11	0 1 0 0 0 -1 1 -1 0 1 -1 -1 0 0 0 0 0 0 -1 0 0
174	12	-1 0 0 0 1 0 0 0 0 0 -1 0 0 0 -1 0 0 1 0 0 1
174	13	0 -1 1 2 0 0 1 1 -1 0 -1 1 -1 0 0 0 0 0 0 1 -1
174	14	0 -1 1 1 0 0 0 1 -1 0 0 1 0 0 0 0 0 0 0 0 0
174	15	1 1 -1 0 1 -1 0 1 0 0 -1 0 1 0 0 0 0 0 -1 -1 0
174	16	0 0 0 0 1 0 0 1 -1 -1 0 0 1 0 -1 0 0 0 0 -1 1
175	0	1 2 -1 0 -1 0 0 -1 1 1 0 -1 0 -1 1 -1 0 0 -1 0 -1
175	1	1 0 0 0 0 1 0 0 0 0 0 0 1 0 -1 0 -1 0 0 0 0
175	2	0 2 -1 -1 -1 -1 -1 -2 1 2 0 -1 0 -1 1 -1 2 1 0 0 0
175	3	-1 0 0 0 1 0 0 0 -1 0 0 0 0 -1 -1 0 1 0 1 0 1
175	4	0 1 0 0 1 -1 1 -1 0 0 -1 -1 0 0 0 0 0 0 -1 0 0
175	5	-1 0 1 0 0 0 0 0 -1 0 0 -1 0 0 0 -1 0 0 0 0 0
175	6	0 -1 0 1 1 0 2 1 -1 -1 -2 1 0 0 0 1 0 0 -1 1 0
175	7	0 -1 0 1 0 0 0 0 0 0 0 1 0 0 -1 1 0 0 0 1 0
175	8	0 2 -2 -1 1 -1 -1 -1 1 1 0 0 1 0 0 0 0 1 -1 -1 1
175	9	0 1 -1 -1 0 -1 -2 -1 1 1 0 0 0 0 0 0 1 1 1 -1 1
175	10	0 -2 0 0 1 1 -1 1 0 -1 1 1 1 0 -1 1 -1 0 1 -1 1
175	11	-1 1 0 0 1 -1 0 -1 0 0 -1 -1 0 0 -1 -1 1 1 0 0 1
175	12	0 2 -1 0 0 0 -1 -2 1 0 -1 -1 0 -1 0 -1 1 1 0 0 1
175	13	0 2 -1 -1 -1 -1 -1 -1 1 2 0 0 -1 -1 1 -1 2 1 0 0 0
175	14	-1 -2 2 1 1 1 1 2 -2 -1 0 0 1 0 -1 0 -1 -1 0 0 0
175	15	-1 0 1 0 0 0 0 1 -1 0 0 0 0 0 0 0 0 0 0 0 0
175	16	0 1 0 0 -2 -1 -1 -2 1 1 0 -1 -1 -1 1 0 2 1 0 1 -1
176	0	1 0 -2 0 0 -1 0 0 1 0 0 0 0 1 0 1 0 1 -1 -1 0
176	1	1 1 -2 -1 0 0 -1 -1 2 0 0 0 0 0 0 0 0 1 0 -1 1
176	2	-1 0 0 0 1 0 0 0 0 -1 0 0 0 0 0 0 1 0 0 0 0
176	3	1 -2 -1 1 2 0 1 2 0 -1 0 2 1 1 -1 2 -2 0 -1 -1 0
176	4	-1 0 0 0 1 0 0 0 0 0 0 -1 1 0 -1 0 -1 0 0 0 0
176	5	-1 0 0 0 1 0 -1 0 -1 -1 0 0 1 -1 -1 0 1 0 1 0 2
176	6	0 0 0 0 0 1 0 0 0 0 0 -1 -1 0 0 -1 0 0 0 0 -1
176	7	0 2 -1 -1 -1 -1 -1 -2 1 2 0 -1 0 -1 0 0 1 1 0 1 0
176	8	0 0 0 0 1 0 0 0 0 -1 -1 0 0 0 0 1 0 0 0 0 0
176	9	1 1 -2 -1 0 -1 -1 0 1 1 0 0 0 1 1 0 0 1 -1 -1 0
176	10	-1 -1 2 1 0 2 1 1 -1 -1 0 0 0 0 0 0 -1 -1 0 0 -1
176	11	0 1 0 0 0 -1 0 -1 0 0 -1 0 0 0 0 -1 1 1 0 0 1
176	12	-1 0 0 -1 0 0 -1 -1 0 0 0 0 0 0 0 0 1 1 1 0 1
176	13	0 1 -1 0 -1 0 -1 -2 1 1 0 -1 -1 0 1 -1 1 1 0 0 0
176	14	0 1 0 -1 -1 0 -2 -1 1 1 1 -1 1 -1 0 -1 0 0 1 0 0
176	15	0 1 -1 -1 0 0 -1 -1 1 0 1 0 1 -1 0 1 0 0 0 0 0
176	16	-1 -1 2 1 1 1 1 1 -2 -1 0 0 1 -1 -1 0 -1 -1 0 1 0
177	0	-1 1 0 -1 1 0 0 0 0 0 0 0 0 0 0 0 0 0 0 0 0
177	1	0 1 -1 -1 0 0 -1 -1 1 1 1 0 0 -1 0 0 1 0 0 0 0
177	2	-1 -2 1 1 1 1 1 2 -2 -1 0 0 0 0 -1 0 -1 -1 1 0 0
177	3	-1 0 0 0 0 0 0 0 0 0 1 0 0 0 0 0 0 0 0 0 0
177	4	1 0 0 1 1 0 1 0 0 0 -1 0 1 0 -1 0 -1 0 -1 0 0
177	5	0 0 0 0 2 0 1 1 -1 -1 -1 0 1 0 -1 0 -1 0 -1 0 1
177	6	-1 0 1 0 1 1 -1 0 0 -1 0 0 0 -1 -1 0 0 0 1 0 1
177	7	1 1 -1 0 0 0 0 -1 1 1 -1 0 0 0 0 -1 0 1 -1 0 0
177	8	0 -1 0 1 1 0 1 0 -1 -1 -1 1 0 0 0 0 0 0 0 0 1
177	9	-1 0 0 -1 0 1 -1 -1 0 0 1 -1 0 0 0 -1 0 0 1 0 0
177	10	-1 1 1 0 0 0 0 0 0 0 0 -1 0 -1 0 -1 0 0 0 0 0
177	11	-1 -1 1 0 0 1 0 0 0 0 1 0 0 0 0 0 -1 0 0 0 0
177	12	1 2 -2 -1 0 -2 -1 -1 1 1 0 -1 0 0 1 0 1 1 -1 -1 0
177	13	-1 0 0 -1 0 0 -1 0 0 0 1 0 0 1 0 0 0 0 1 -1 0
177	14	0 1 -1 -1 0 -1 0 -1 0 1 -1 0 0 0 0 0 1 1 0 0 1
177	15	0 2 -1 0 0 -1 -1 -1 1 0 -1 -1 0 0 0 -1 1 1 0 -1 1
177	16	1 -1 0 1 0 0 1 1 0 0 0 0 0 1 0 0 -1 0 -1 -1 -1
178	0	0 1 -1 0 0 -1 0 -1 0 1 -1 -1 -1 0 0 -1 2 1 0 0 0
178	1	0 0 0 1 -1 0 0 0 0 0 0 1 0 -1 0 0 1 0 0 1 0
178	2	0 1 -1 -1 0 -1 -2 -2 1 0 0 -1 0 0 0 0 1 1 1 0 1
178	3	-1 -1 0 0 1 1 -1 1 0 -2 1 0 0 0 0 0 -1 0 1 -1 1
178	4	0 -1 0 1 0 0 1 0 0 0 0 0 0 1 0 0 -1 0 0 0 -1
178	5	-1 2 0 -1 -1 -1 -1 -2 0 2 0 -2 -1 0 0 -2 2 1 1 0 0
178	6	0 0 1 0 1 0 1 1 -1 0 0 0 1 0 0 0 -1 -1 -1 0 -1
178	7	1 0 0 0 0 0 0 0 0 1 -1 0 0 1 0 -1 0 0 0 -1 0
178	8	0 1 -1 -1 0 0 0 -1 1 1 0 -1 0 0 0 -1 0 0 0 0 0
178	9	1 2 -1 -1 -1 -1 -1 -2 1 1 0 -1 0 0 1 -1 1 1 -1 0 0
178	10	0 1 0 -1 -1 -1 -1 -1 0 1 0 0 0 0 0 0 1 1 1 0 0
178	11	0 -1 0 1 2 0 2 2 -1 -1 -1 1 1 1 -1 1 -2 0 -1 -1 0
178	12	0 -1 -1 0 2 0 1 2 0 -1 0 1 0 1 0 1 -1 0 -1 -1 0
178	13	0 1 -1 0 1 -1 0 -1 0 0 -1 0 0 0 -1 0 1 1 0 0 1
178	14	-1 0 1 0 0 0 0 0 -1 -1 0 -1 0 0 0 -1 0 0 1 0 0
178	15	-1 -3 1 1 2 1 1 2 -1 -2 1 1 1 0 -1 2 -2 -1 0 0 0
178	16	-1 -1 0 0 2 0 0 1 0 -1 0 0 1 0 -1 0 -1 0 0 0 1
179	0	0 1 0 -1 -1 1 -1 -2 1 1 1 -1 0 -1 0 -1 0 0 1 0 0
179	1	1 -2 0 2 1 0 2 1 -1 -1 -1 1 0 1 -1 1 -1 0 -1 0 0
179	2	0 -1 0 0 1 1 0 1 0 -1 0 0 0 1 0 0 -1 0 0 -1 0
179	3	-2 0 0 0 2 0 0 1 -1 -1 0 0 1 0 -1 0 0 0 0 0 1
179	4	0 1 -1 0 -1 0 -1 -1 1 1 1 -1 0 -1 0 0 0 0 0 0 0
179	5	0 1 0 0 0 0 -1 -1 0 0 0 -1 0 0 0 -1 0 0 0 0 0
179	6	-1 -1 2 1 2 0 2 2 -2 -1 -1 0 1 0 -1 0 -1 -1 -1 0 0
179	7	0 -1 0 1 2 1 1 1 -1 -2 -1 1 1 0 -1 1 -1 -1 0 0 1
179	8	0 -1 0 1 -1 0 1 0 -1 0 0 1 -1 0 1 0 1 0 0 1 -1
179	9	0 -1 0 1 1 0 1 1 0 0 -1 0 0 1 -1 0 -1 0 -1 0 0
179	10	0 0 1 1 0 0 1 0 0 0 -1 0 -1 0 0 0 0 0 -1 1 -1
179	11	0 0 -1 0 1 0 -1 0 0 -1 0 0 0 0 0 0 1 1 0 -1 1
179	12	0 0 -1 0 -1 0 -1 0 1 1 1 0 0 0 1 0 0 0 0 0 -1
179	13	1 1 -1 0 0 0 0 -1 0 1 0 0 0 0 0 0 0 0 0 0 -1
179	14	0 2 -1 -1 -1 -1 -1 -2 1 1 0 -1 -1 0 1 -1 1 1 0 0 0
179	15	-1 1 0 -1 1 -1 -1 0 0 0 1 0 1 -1 0 0 0 0 0 0 1
179	16	0 1 -1 -1 -1 0 -1 -2 1 1 0 0 0 -1 0 0 1 1 1 0 1
180	0	0 0 -1 0 0 0 0 0 1 0 0 0 0 0 0 0 0 0 0 0 0
180	1	0 1 -1 -1 0 -1 -1 -1 1 0 0 -1 0 0 0 -1 1 1 0 -1 1
180	2	0 1 -1 -1 0 -1 -2 -1 1 0 1 0 0 0 0 0 1 1 1 -1 1
180	3	0 -1 -1 1 1 0 1 1 -1 0 0 1 1 0 0 1 -1 0 -1 0 0
180	4	1 0 -1 0 -1 0 -1 0 1 0 0 0 -1 1 1 0 0 1 0 -1 0
180	5	-1 2 0 -1 -1 0 -1 -1 1 1 1 -1 0 -1 1 -1 1 0 0 0 -1
180	6	1 1 -2 0 0 -1 0 -1 1 0 -1 0 -1 0 1 0 1 1 -1 0 0
180	7	0 -1 0 1 0 1 1 0 0 0 0 0 0 0 0 0 -1 0 -1 1 -1
180	8	0 -1 0 1 1 1 1 0 0 -1 0 1 0 0 -1 1 -1 0 0 0 0
180	9	1 1 -1 -1 -1 -1 -1 -2 1 1 0 0 0 0 1 0 1 1 0 0 0
180	10	1 1 -1 0 1 -1 1 0 0 1 -1 0 0 1 0 0 -1 0 -1 0 -1
180	11	0 1 0 0 0 0 0 0 0 0 -1 0 0 0 0 -1 1 0 0 0 0
180	12	0 0 0 0 1 0 1 0 -1 0 -1 0 0 1 0 -1 0 0 0 0 0
180	13	0 1 -1 -1 -1 0 -1 -1 1 1 0 -1 -1 0 1 -1 1 1 0 0 -1
180	14	0 1 0 0 0 -1 1 0 0 1 -1 0 1 0 0 0 0 0 -1 0 0
180	15	0 0 1 1 0 0 1 0 -1 0 -2 0 0 0 0 -1 1 0 0 0 0
180	16	-1 1 0 0 0 0 0 0 0 0 0 -1 0 0 0 -1 0 0 -1 0 0
181	0	-1 -1 2 1 1 1 0 1 -1 -1 0 0 1 0 -1 0 -1 -1 0 0 0
181	1	1 0 0 1 0 0 1 0 -1 0 -1 0 -1 1 0 0 0 0 -1 0 -1
181	2	0 0 0 1 1 0 1 1 -1 -1 -1 0 1 1 0 0 -1 0 -1 -1 0
181	3	1 2 -1 -1 -2 0 -3 -2 2 1 1 -1 0 -1 1 -1 1 1 1 -1 0
181	4	0 1 -1 -1 0 0 -3 -1 1 0 1 0 0 0 0 0 1 1 1 -1 1
181	5	1 1 0 0 -2 0 -1 -2 1 2 0 0 -1 0 1 -1 1 1 0 0 -1
181	6	-1 -1 0 1 2 1 0 1 -1 -1 0 1 1 0 -1 1 -1 0 0 0 0
181	7	0 1 -2 -2 0 0 -2 -1 2 0 1 0 0 0 1 1 0 1 0 -1 1
181	8	0 0 0 0 -1 0 0 0 1 1 1 1 0 -1 1 1 0 0 -1 1 -1
181	9	0 0 1 1 0 1 0 1 -1 -1 0 0 0 0 0 0 -1 -1 0 0 -1
181	10	0 0 0 0 0 0 0 0 -1 1 0 1 0 0 0 0 0 0 0 1 0
181	11	-1 1 -1 -1 0 0 -2 -1 1 1 1 0 0 -1 0 0 1 1 0 0 1
181	12	0 1 -1 -1 0 0 -1 0 0 0 1 -1 1 0 0 0 0 0 0 -1 0
181	13	-1 0 0 -1 1 1 -2 0 1 -1 1 0 1 -1 -1 0 0 0 1 -1 2
181	14	0 -1 0 1 0 0 0 1 0 0 0 1 0 0 0 0 0 0 0 0 0
181	15	0 2 -2 -2 0 -1 -1 -1 1 1 0 -1 -1 1 1 -1 1 1 0 -1 0
181	16	1 1 -2 -2 -1 -1 -2 -1 2 1 1 0 0 1 1 1 0 1 0 -1 0
182	0	-1 0 0 0 1 0 1 1 -1 0 0 -1 0 1 0 -1 -1 0 -1 -1 0
182	1	0 -1 1 1 1 1 0 0 0 -1 -1 0 0 0 -1 0 -1 0 0 0 1
182	2	-1 0 1 0 0 1 0 0 -1 0 0 -1 -1 0 0 -1 0 0 1 0 -1
182	3	-1 0 0 0 1 0 0 0 0 0 0 0 0 0 0 0 0 0 0 0 0
182	4	-1 0 0 0 0 0 0 0 0 0 0 -1 -1 0 1 -1 0 0 0 0 0
182	5	0 1 -1 0 0 0 0 0 0 1 1 0 0 0 0 0 0 0 -1 0 -1
182	6	0 1 0 0 0 0 0 -1 0 1 0 0 1 -1 0 -1 0 0 0 0 0
182	7	1 0 0 1 0 0 0 0 0 0 -1 0 0 0 0 0 0 0 -1 0 0
182	8	-1 0 1 0 0 0 0 -1 -1 0 0 -1 -1 0 0 -1 1 0 1 0 0
182	9	0 0 0 0 1 0 0 0 0 0 0 0 1 0 -1 0 -1 0 0 0 0
182	10	-1 -1 1 1 1 1 1 1 -1 -2 -1 0 1 0 -1 0 -1 0 0 0 1
182	11	0 0 0 1 -1 0 0 -1 0 1 0 0 0 -1 0 0 1 0 0 1 -1
182	12	-1 1 1 -1 -1 0 -2 -1 0 1 1 -1 0 -1 1 -1 1 0 1 0 0
182	13	0 -2 1 2 1 1 1 2 -1 -1 0 1 0 0 -1 1 -2 -1 0 0 0
182	14	1 0 -1 1 0 0 1 0 0 1 -1 0 0 0 0 0 0 0 -1 0 -1
182	15	-1 0 1 0 0 0 0 0 -1 0 0 0 0 0 0 0 0 0 0 1 0
182	16	0 1 0 0 0 0 -1 0 0 0 0 -1 0 -1 0 -1 1 0 0 0 0
183	0	1 1 -1 -1 -1 0 -2 -2 1 1 0 0 0 0 0 0 1 1 1 -1 1
183	1	-1 -2 0 1 2 1 0 2 -1 -2 0 1 1 0 -1 1 -1 0 0 0 1
183	2	-1 0 2 1 -1 1 0 -1 0 0 0 -1 0 -1 0 -1 0 0 0 1 -1
183	3	-1 -1 0 0 2 1 0 1 0 -2 0 0 1 1 -1 1 -2 0 0 -1 1
183	4	0 -1 0 1 1 1 1 1 0 -2 0 1 0 0 0 1 -1 0 -1 0 0
183	5	0 0 0 1 1 0 1 1 -1 -1 -1 1 0 0 0 0 0 0 0 0 0
183	6	-1 -1 1 1 1 1 1 1 -2 -1 0 0 0 0 -1 0 -1 0 0 0 0
183	7	-1 1 0 -1 0 0 -1 -1 0 1 0 -1 -1 0 0 -1 1 0 1 0 0
183	8	-1 -1 0 1 2 0 1 1 -1 -1 -1 0 0 1 -1 0 -1 0 0 0 0
183	9	-1 -3 1 1 2 2 1 3 -1 -2 1 1 1 1 -1 1 -3 -1 0 -1 0
183	10	-1 0 1 0 0 0 0 0 0 0 0 0 0 0 0 0 0 0 0 0 0
183	11	0 1 -1 0 0 -1 0 -1 -1 1 -1 0 -1 0 1 -1 2 1 0 0 0
183	12	0 -1 -1 0 0 0 0 0 0 0 0 1 0 0 0 1 0 1 0 0 1
183	13	0 0 0 1 1 1 0 0 0 0 0 0 0 0 -1 0 -1 0 0 0 -1
183	14	1 0 -2 0 1 -1 0 1 0 0 0 1 0 1 0 1 0 1 -1 -1 0
183	15	0 1 0 0 1 0 0 0 -1 -1 -1 -1 0 1 0 -1 0 0 0 -1 0
183	16	-1 -2 1 1 1 1 1 2 -2 -1 0 1 0 0 0 0 -1 -1 0 1 0
184	0	0 0 0 1 0 0 0 0 -1 0 0 0 0 0 0 -1 0 0 0 0 0
184	1	-1 -1 0 0 2 1 -1 1 0 -2 0 1 1 0 -1 1 -1 1 0 -1 2
184	2	0 -1 0 0 1 0 0 0 0 -1 1 1 1 0 -1 1 -1 0 0 0 1
184	3	1 0 -1 0 -1 -1 0 -1 1 1 -1 0 0 0 0 0 1 1 0 0 0
184	4	1 1 -1 -1 -1 0 -1 -1 1 1 0 -1 0 1 0 -1 0 1 0 -1 0
184	5	1 0 0 1 -1 0 0 0 0 1 0 0 0 -1 0 0 0 0 0 0 -1
184	6	1 1 -1 0 1 0 0 0 1 0 0 0 1 0 0 0 -1 0 -1 -1 0
184	7	0 -1 0 1 1 1 1 2 -1 -1 1 1 1 0 0 1 -2 -1 -1 0 -1
184	8	0 1 0 0 1 0 0 0 0 -1 -1 0 0 0 0 0 0 0 -1 0 0
184	9	0 -2 0 1 1 0 1 1 -1 0 0 0 0 1 -1 0 -1 0 0 0 0
184	10	0 0 1 1 -1 0 0 0 -1 0 0 0 -1 0 1 -1 1 0 0 0 -1
184	11	1 0 -1 1 1 0 1 0 0 1 -1 0 1 0 -1 0 -1 0 -1 0 0
184	12	1 2 -2 -1 0 -2 0 -1 1 1 -1 0 0 0 1 0 1 1 -1 0 0
184	13	0 -2 1 2 1 1 1 2 -2 -1 0 2 1 0 -1 1 -1 -1 0 0 0
184	14	-1 0 1 1 1 0 2 1 -2 -1 -1 0 0 0 0 -1 0 0 -1 0 0
184	15	0 1 0 1 0 0 1 0 0 0 -1 -1 0 -1 0 -1 0 0 -1 0 0
184	16	-1 -1 0 0 1 1 0 0 0 -1 0 0 0 0 -1 0 0 0 1 0 1
185	0	0 1 0 0 -1 0 0 -1 0 1 -1 0 -1 0 1 -1 1 0 0 0 0
185	1	1 1 -1 0 0 0 0 0 1 1 0 -1 0 1 0 -1 -1 0 -1 -1 -1
185	2	1 0 -1 0 0 0 1 1 0 1 0 1 0 1 1 0 -1 0 -1 -1 -1
185	3	-1 -1 0 0 2 1 0 1 0 -2 0 0 1 0 -1 1 -1 0 0 -1 1
185	4	1 0 -1 0 1 0 1 1 0 0 0 1 0 1 0 0 -1 0 -1 -1 0
185	5	0 1 -1 -1 0 0 -1 0 1 0 1 0 0 0 1 0 0 0 0 -1 0
185	6	0 0 -1 -1 0 0 -3 -1 2 0 1 0 0 0 0 1 0 1 1 -1 1
185	7	0 0 -1 0 0 0 0 0 0 0 0 0 0 0 1 0 0 0 0 0 0
185	8	-1 0 1 0 1 1 0 1 -1 -1 0 0 0 -1 0 0 0 0 0 0 0
185	9	0 2 -1 -1 -1 -1 -1 -2 1 2 0 -2 -1 0 1 -1 1 1 0 0 -1
185	10	-1 0 0 0 -1 0 -1 -1 0 1 1 0 0 -1 0 0 1 0 1 1 0
185	11	-1 1 0 -1 1 0 0 0 -1 1 0 -1 0 0 0 -1 0 0 0 0 0
185	12	1 0 -1 1 1 0 0 1 0 0 0 1 1 0 -1 1 -1 0 -1 -1 0
185	13	0 1 -1 0 0 0 0 0 1 0 0 0 0 0 0 0 0 0 -1 0 0
185	14	0 -1 -1 0 0 0 -1 0 1 -1 0 0 0 0 0 1 0 1 0 0 1
185	15	0 1 -1 -1 0 -1 -1 -1 1 0 0 0 0 0 1 0 1 1 0 -1 1
185	16	1 1 0 0 -1 -1 0 -1 0 1 -1 0 -1 0 1 0 1 1 -1 1 -1
186	0	0 0 0 0 0 0 0 0 0 0 0 0 1 0 0 0 -1 0 0 0 0
186	1	1 0 -1 0 1 -1 1 1 0 1 0 1 1 0 -1 1 -1 0 -1 0 0
186	2	0 -2 1 2 2 1 1 3 -2 -2 0 1 1 0 -1 1 -2 -1 -1 0 0
186	3	0 -1 0 1 2 0 0 1 -1 -1 -1 1 1 0 -1 1 -1 0 0 0 1
186	4	0 0 0 0 1 -1 0 1 -1 0 -1 0 0 1 0 0 0 0 0 0 0
186	5	0 0 0 0 1 0 -1 -1 0 0 0 0 0 0 -1 0 0 0 1 0 1
186	6	0 0 -1 0 1 -1 1 1 -1 0 -1 0 0 1 0 0 0 0 0 0 0
186	7	0 0 0 0 0 0 1 -1 0 1 0 0 -1 0 0 0 0 0 0 1 -1
186	8	0 1 0 -1 0 0 -1 -1 0 1 0 -1 0 1 0 -1 0 0 1 -1 0
186	9	0 1 -1 -1 0 -1 -1 -1 1 0 0 0 0 0 0 0 1 1 0 0 1
186	10	1 1 -1 -1 -1 0 -2 -1 2 1 1 0 0 0 1 0 0 1 0 -1 0
186	11	0 2 -2 -2 -1 -1 -2 -1 2 1 1 -1 0 0 1 0 1 1 0 -1 0
186	12	0 2 -2 -2 0 -1 -2 -1 1 1 1 -1 1 0 0 0 0 1 0 -1 1
186	13	0 2 0 -1 -1 0 -2 -2 1 1 0 -1 0 0 0 -1 1 1 1 -1 0
186	14	0 1 -1 0 1 -2 1 0 0 0 -2 0 0 0 0 0 1 1 -1 0 1
186	15	-1 -2 0 1 1 1 0 1 -1 -1 0 1 0 0 -1 1 -1 0 1 0 1
186	16	0 1 -1 -1 0 0 -2 -1 1 0 1 -1 1 0 0 0 0 1 0 -1 0
187	0	0 1 -1 -1 1 0 -1 -1 1 0 0 -1 0 0 0 0 0 0 0 -1 1
187	1	-1 1 0 0 1 0 0 0 0 -1 -1 -1 -1 0 0 -1 1 0 0 0 0
187	2	1 -1 0 1 1 1 0 1 1 -1 0 1 1 0 -1 1 -2 0 -1 0 0
187	3	0 0 0 0 0 0 0 0 0 0 0 -1 1 0 0 0 -1 0 0 -1 0
187	4	0 -1 1 2 0 0 2 1 -1 0 -2 0 -1 0 0 0 0 0 -1 1 -1
187	5	0 0 0 1 -1 0 -1 -1 0 0 0 0 0 -1 0 0 1 0 1 1 0
187	6	1 0 -1 0 1 0 0 0 0 0 0 1 1 1 0 1 -1 0 -1 -1 0
187	7	0 1 1 1 -1 0 1 -1 -1 1 -1 -1 -1 -1 0 -2 1 0 0 1 -1
187	8	0 -1 0 1 1 0 2 1 -1 -1 -1 1 0 0 0 1 0 0 -1 0 0
187	9	0 -1 0 0 0 1 -2 0 1 -1 2 0 0 0 0 1 -1 0 1 -1 0
187	10	0 0 0 1 1 0 0 0 0 -1 -1 0 0 0 -1 0 0 0 0 0 1
187	11	0 0 0 1 0 0 0 0 0 -1 -1 0 0 0 0 0 0 1 0 0 0
187	12	0 -1 1 1 -1 1 1 1 -1 0 0 0 0 0 0 0 -1 0 0 0 -1
187	13	0 2 -1 -2 -1 0 -2 -2 2 1 1 -1 0 -1 1 0 1 1 0 0 0
187	14	-1 2 0 0 0 -1 1 -1 0 1 -1 -1 0 -1 0 -1 1 0 -1 1 0
187	15	0 -1 0 2 2 0 2 2 -2 -1 -1 0 1 0 -1 0 -1 -1 -1 0 0
187	16	0 1 -1 -1 0 -1 -1 -1 1 0 0 0 0 0 0 0 1 1 0 0 1
188	0	1 -1 -1 0 0 0 0 -1 1 0 0 1 0 1 0 1 0 1 0 0 0
188	1	-1 0 1 1 1 0 0 0 -1 -1 -1 0 0 0 -1 -1 0 0 1 0 1
188	2	0 -1 0 1 1 0 1 1 0 -1 0 0 0 1 -1 0 -1 0 0 -1 0
188	3	-1 -1 1 0 1 1 0 1 -1 -1 1 1 0 0 0 1 -1 -1 0 0 0
188	4	1 1 -1 0 -1 -1 -1 -2 1 1 -1 0 0 0 0 0 1 1 0 0 1
188	5	-1 -1 0 0 2 0 0 2 -1 -1 0 0 1 0 -1 1 -1 0 0 -1 1
188	6	-1 2 0 -1 -1 -1 -1 -2 0 1 0 -2 -1 0 0 -2 2 1 1 0 0
188	7	1 1 -2 -1 0 -1 -2 -1 1 1 0 0 0 0 0 0 1 2 0 -1 1
188	8	0 0 0 0 0 0 0 0 0 0 0 0 1 0 -1 0 -1 0 0 0 1
188	9	0 0 0 0 0 0 -1 -1 0 0 0 0 0 -1 0 0 1 1 0 0 1
188	10	0 -1 0 1 0 1 1 1 0 -1 0 1 0 0 0 1 -1 0 -1 0 0
188	11	0 -1 0 0 0 1 0 1 0 0 1 1 0 0 0 1 -1 0 0 0 -1
188	12	-1 -1 0 0 2 1 0 1 -1 -2 0 0 1 0 -1 0 -1 0 0 -1 2
188	13	1 0 -1 0 0 0 -1 0 1 0 1 0 1 0 0 0 -1 0 0 -1 0
188	14	1 2 -2 0 -1 -1 0 -1 1 2 -1 -1 -1 0 1 -1 1 1 -1 0 -1
188	15	-1 0 0 0 1 0 0 0 -1 0 0 0 1 -1 -1 0 0 0 0 1 1
188	16	1 1 -2 0 1 -1 0 1 0 0 0 0 1 0 0 0 0 0 -1 -1 0
189	0	0 0 -1 0 1 -1 0 0 0 -1 -1 0 0 1 0 0 1 1 0 -1 1
189	1	1 0 -1 0 0 0 -1 -1 1 0 -1 1 0 0 0 1 0 1 0 0 1
189	2	1 1 0 0 -1 0 0 -1 1 1 0 0 0 0 1 -1 0 0 -1 0 -1
189	3	0 1 -1 -1 0 0 -2 -1 2 0 1 0 1 -1 0 1 0 1 0 -1 1
189	4	0 -1 0 1 1 0 1 2 -1 -1 1 1 1 0 0 1 -1 -1 -1 0 -1
189	5	0 1 -1 -1 0 0 -1 -1 1 1 0 0 0 0 1 0 0 1 0 -1 0
189	6	1 1 -1 -1 0 -1 -1 -1 1 1 0 0 0 0 0 0 0 1 0 -1 1
189	7	0 1 -1 -1 -1 0 -1 -1 1 0 0 -1 -1 1 1 -1 1 1 0 -1 0
189	8	0 1 -1 0 0 -1 0 0 0 0 -1 0 0 0 0 0 1 1 0 -1 1
189	9	1 -1 -1 1 1 0 1 1 0 0 0 1 1 1 -1 1 -2 0 -1 0 0
189	10	0 1 0 0 -1 -1 0 -1 0 1 -1 0 -1 0 0 0 1 1 0 1 0
189	11	0 0 0 0 0 1 -1 0 0 -1 0 0 0 0 0 0 0 0 1 -1 0
189	12	0 1 0 0 -1 -1 0 -2 1 1 -1 -1 -1 0 1 -1 1 1 0 0 0
189	13	-1 0 0 0 1 1 0 1 0 -1 0 0 1 0 -1 0 -1 0 0 -1 1
189	14	0 0 -1 1 1 0 1 1 0 0 -1 0 0 1 0 0 -1 0 -1 -1 0
189	15	0 0 0 0 0 0 0 0 0 0 0 1 0 0 1 1 0 0 0 0 -1
189	16	0 0 1 1 0 0 1 0 -1 0 -1 0 0 -1 0 0 1 0 -1 1 -1
190	0	0 1 -1 -1 0 -1 0 -1 0 1 0 -1 0 0 0 -1 1 1 0 0 0
190	1	0 0 0 0 0 0 1 0 0 1 0 0 0 1 0 0 -1 0 -1 0 -1
190	2	0 2 -1 0 -1 0 -1 -2 1 1 0 -1 0 -1 0 -1 1 1 0 0 0
190	3	1 1 -2 -1 1 -1 -2 0 1 0 0 0 1 1 0 0 0 1 0 -2 1
190	4	1 1 -1 0 0 0 0 -1 1 1 -1 0 0 0 0 0 0 1 -1 0 0
190	5	0 2 -2 -2 1 -1 -2 -1 1 0 0 0 1 0 0 0 1 1 0 -1 2
190	6	0 0 0 1 1 0 1 1 -1 0 -1 1 0 0 0 0 0 0 -1 0 0
190	7	0 -1 0 0 1 1 1 1 0 -1 0 1 0 0 0 1 -1 0 -1 0 0
190	8	0 2 -1 -1 -1 -1 0 -2 1 1 -1 0 -1 -1 1 0 2 1 0 1 0
190	9	1 0 -1 0 0 0 0 -1 0 0 0 0 0 0 0 0 0 0 0 0 0
190	10	0 -1 1 1 1 1 1 1 -2 -1 0 0 1 0 -1 0 -1 -1 0 0 0
190	11	0 -1 1 1 1 1 1 2 -1 0 0 0 1 0 -1 0 -2 -1 -1 0 -1
190	12	0 2 -1 -1 -1 -1 -2 -2 1 1 1 -1 0 -1 1 0 1 1 0 0 0
190	13	0 0 -1 0 0 0 0 0 0 0 0 1 0 0 1 0 1 0 0 0 0
190	14	-1 -1 0 0 2 0 1 2 -1 -1 0 1 1 0 0 1 -1 0 -1 0 0
190	15	0 0 0 1 1 0 1 1 -2 0 -1 0 0 0 0 -1 0 0 -1 0 0
190	16	0 -2 1 1 0 1 0 0 0 0 0 1 0 0 -1 1 -1 0 1 1 0
191	0	0 1 0 0 0 0 1 -1 0 1 -1 0 0 0 0 -1 0 0 0 0 0
191	1	-1 1 0 0 0 0 0 0 -1 0 0 -1 -1 0 0 -1 1 0 0 0 0
191	2	0 -1 -1 0 1 0 0 0 1 0 1 1 1 0 -1 1 -1 0 0 0 1
191	3	0 0 0 1 1 0 1 0 0 0 -1 0 0 0 -1 0 0 0 -1 1 0
191	4	0 -1 0 0 0 0 -1 0 0 -1 0 0 0 1 0 0 0 1 1 -1 1
191	5	0 2 0 -1 -1 -1 -1 -2 1 2 0 -1 0 -1 0 -1 1 1 0 1 0
191	6	0 0 0 0 0 0 0 -1 0 1 0 1 0 0 0 1 0 0 0 1 0
191	7	0 -1 0 1 1 1 1 2 0 -1 0 1 1 0 0 1 -2 -1 -1 0 -1
191	8	0 0 0 1 1 0 1 1 -1 0 -1 0 1 0 -1 0 -1 0 -1 0 0
191	9	0 1 -1 -1 -1 0 -2 -2 2 1 1 0 0 -1 0 0 1 1 1 0 1
191	10	0 0 0 1 0 0 0 1 0 0 -1 0 0 0 0 -1 0 0 0 0 0
191	11	-1 -1 0 1 2 0 1 2 -1 -1 0 0 1 0 -1 0 -1 0 -1 0 0
191	12	0 -2 1 1 0 1 1 1 -1 -1 -1 0 0 1 0 0 -1 0 0 0 0
191	13	0 0 0 1 1 0 0 0 -1 0 -1 0 0 0 0 -1 0 0 0 0 0
191	14	0 -2 1 2 1 1 1 2 -1 -2 0 1 1 0 -1 1 -2 -1 0 0 0
191	15	1 -1 0 1 1 0 2 2 -1 0 0 1 1 0 0 1 -2 -1 -2 0 -1
191	16	0 2 -1 -1 -1 0 -2 -1 1 1 0 -1 -1 0 1 -1 1 1 0 -1 0
192	0	-1 1 0 0 1 -1 0 0 -1 -1 -1 0 0 0 0 0 1 0 0 0 1
192	1	-1 -1 1 0 1 1 0 2 -1 -1 1 1 1 0 0 1 -2 -1 0 0 0
192	2	0 -1 0 0 1 0 0 1 0 -1 0 1 1 1 -1 1 -1 0 0 -1 1
192	3	-1 1 0 0 1 0 0 0 0 0 0 -1 0 0 -1 -1 0 0 0 0 0
192	4	0 -1 -1 0 1 0 1 1 0 0 0 0 0 1 0 1 -1 0 -1 -1 0
192	5	0 -1 0 0 0 1 0 0 0 0 0 0 0 0 0 0 0 0 0 0 0
192	6	-1 0 0 0 1 0 1 1 -1 -1 0 0 -1 0 0 0 0 0 0 0 0
192	7	0 2 -1 0 0 -1 -1 -1 1 0 -1 -1 0 0 0 -1 1 1 0 -1 1
192	8	1 1 -1 0 0 0 0 0 1 0 0 0 0 1 1 0 -1 0 -1 -1 -1
192	9	1 0 -1 0 0 0 0 1 0 0 0 1 1 0 0 1 -1 0 -1 0 0
192	10	-1 -1 1 1 0 0 1 0 -1 1 0 0 -1 0 0 0 0 0 0 1 -1
192	11	-1 0 1 1 2 1 1 1 -2 -1 -1 0 1 0 -1 -1 -1 -1 0 0 0
192	12	-1 1 0 0 0 -1 0 -1 -1 0 -1 -1 -1 0 1 -1 2 1 0 0 0
192	13	0 2 -1 -1 -1 0 -1 -1 1 1 1 -1 0 -1 1 -1 0 0 0 0 0
192	14	0 -1 -1 0 2 0 -1 1 0 -1 0 1 1 1 -1 1 -1 1 0 -1 1
192	15	0 1 0 0 -1 -1 -1 -2 0 1 -1 -1 -1 0 0 -1 2 1 1 1 0
192	16	0 -1 1 1 1 1 1 0 -1 -1 0 0 1 0 -1 0 -1 -1 0 0 0
193	0	-1 0 0 0 2 0 0 0 0 -1 0 -1 1 0 -2 0 -1 0 0 0 1
193	1	0 0 0 0 -1 0 0 -1 0 0 0 0 -1 0 1 0 1 1 0 0 0
193	2	1 2 -1 -1 -1 -1 -1 -1 1 2 0 -1 0 0 0 -1 1 1 0 -1 0
193	3	0 0 0 0 -1 0 -1 -1 0 1 0 -1 0 0 0 -1 1 1 0 0 0
193	4	0 0 -1 -1 0 0 -1 -1 1 0 0 0 0 1 0 0 0 1 1 -1 1
193	5	-1 -1 1 0 0 1 -1 0 -1 -1 1 0 0 0 0 0 0 0 1 0 0
193	6	0 0 0 0 1 0 0 0 0 0 0 0 1 0 -1 0 -1 0 0 -1 1
193	7	0 0 0 1 0 0 1 -1 -1 0 -1 0 0 -1 0 0 1 0 0 1 0
193	8	1 1 -1 0 0 -1 0 -1 0 1 -1 -1 0 1 0 -1 0 1 0 -1 0
193	9	0 -1 0 1 0 1 0 1 -1 0 0 1 0 0 0 0 0 0 0 0 0
193	10	0 -1 0 0 1 0 1 2 -1 -1 0 1 1 1 0 1 -1 0 -1 -1 0
193	11	0 0 0 0 1 0 0 1 0 0 0 0 1 0 0 0 -1 0 -1 -1 0
193	12	1 0 0 1 0 0 1 1 -1 0 -1 1 0 0 0 0 0 0 -1 0 0
193	13	0 -1 0 1 1 0 1 0 0 -1 -1 0 0 1 -1 0 0 0 0 0 0
193	14	0 1 0 0 0 -1 1 0 -1 1 -1 0 0 0 0 -1 1 0 0 0 0
193	15	0 0 -2 -1 2 -1 -1 0 1 -1 0 0 1 0 -1 1 0 1 0 -1 2
193	16	0 0 -1 0 0 0 -1 -1 1 0 0 -1 0 0 0 0 0 1 0 0 0
194	0	0 -1 -1 1 2 0 1 1 -1 -1 -1 1 0 1 0 1 -1 0 -1 0 0
194	1	0 -2 1 2 2 1 2 2 -1 -2 -1 1 1 0 -1 1 -2 -1 -1 0 0
194	2	-1 0 0 0 0 1 0 0 0 0 0 0 0 0 0 -1 0 0 0 0 0
194	3	-1 -2 1 1 1 1 0 1 -1 -2 0 1 0 0 -1 0 0 0 1 0 1
194	4	0 1 -1 0 1 0 0 0 0 0 0 0 1 0 0 0 0 0 -1 -1 0
194	5	0 0 1 0 -1 0 -1 0 0 1 1 0 0 0 0 0 0 0 0 0 -1
194	6	-1 -1 0 0 1 0 1 1 0 -1 0 0 0 0 0 1 0 0 -1 0 0
194	7	0 1 0 0 0 0 0 0 0 0 0 -1 -1 0 0 -1 0 0 0 0 -1
194	8	1 1 -1 0 0 0 0 0 1 1 0 0 1 -1 0 0 -1 0 -1 0 0
194	9	0 2 0 -1 -1 -1 -1 -2 0 1 -1 -2 -1 0 1 -2 2 1 0 0 0
194	10	0 -1 0 1 1 1 0 1 0 -1 -1 0 0 1 -1 0 -1 0 0 -1 1
194	11	-1 0 1 1 0 0 0 -1 -1 -1 -1 -1 0 -1 -1 -1 1 0 1 1 1
194	12	0 0 -1 0 1 0 -1 0 1 -1 0 0 1 0 0 1 -1 0 0 -1 1
194	13	1 1 -1 -1 -1 0 -1 -1 1 0 0 0 0 0 1 0 1 1 0 -1 0
194	14	0 0 0 0 0 0 0 -1 0 0 0 0 0 0 0 0 1 1 0 0 0
194	15	0 0 0 0 0 0 0 0 -1 0 -1 0 -1 1 1 -1 1 0 0 0 0
194	16	1 -1 -1 0 2 0 -1 1 0 -1 0 1 1 1 -1 1 -1 0 0 -1 1
195	0	0 0 -1 0 0 0 0 0 0 0 0 0 0 0 0 0 0 1 0 0 0
195	1	-1 -2 1 2 2 1 1 2 -1 -2 -1 1 1 0 -2 1 -2 0 0 0 1
195	2	0 1 0 0 0 1 0 0 0 1 0 -1 0 0 0 -1 -1 0 -1 0 -1
195	3	0 -1 1 1 0 1 0 0 0 0 0 0 0 0 -1 0 -1 0 0 0 0
195	4	0 -1 1 2 1 0 2 0 -1 -1 -2 0 0 0 -1 0 0 0 -1 1 0
195	5	0 0 0 1 1 0 1 1 -1 0 -1 0 -1 1 0 0 0 0 -1 0 -1
195	6	0 2 -1 -1 -1 -1 0 -2 0 1 -1 -1 -1 0 1 -1 2 1 0 0 0
195	7	-1 0 -1 -1 2 0 -1 1 0 -1 1 0 2 0 -1 1 -1 0 0 -1 1
195	8	0 1 -1 0 1 0 0 0 0 0 -1 -1 0 1 0 -1 0 1 -1 -1 0
195	9	0 1 1 1 -2 0 0 -1 0 1 0 -1 -1 -1 1 -1 1 0 0 1 -2
195	10	0 -1 0 1 1 0 0 1 0 -1 0 1 0 0 -1 1 0 0 0 0 0
195	11	0 1 -1 -1 -1 0 -2 -2 1 1 1 -1 0 0 0 -1 1 1 1 -1 1
195	12	0 -2 1 2 1 1 1 1 -1 -1 -1 1 1 0 -1 0 -1 0 0 0 0
195	13	1 1 -1 0 -2 -1 -1 -2 1 2 0 -1 -1 0 1 0 1 1 0 0 -1
195	14	0 2 -1 -1 -1 -1 -1 -2 1 1 0 -1 0 0 1 -1 1 1 0 0 0
195	15	0 0 1 1 0 1 1 1 -1 -1 0 0 1 0 0 0 -1 -1 -1 0 -1
195	16	0 0 0 0 0 0 -1 -1 0 0 0 0 -1 0 0 0 1 1 1 0 0
196	0	0 1 -1 0 1 -1 0 0 0 0 -1 -1 0 1 0 -1 0 1 -1 -1 0
196	1	0 0 0 0 0 1 -1 0 1 -1 1 0 1 -1 0 0 -1 0 0 0 0
196	2	0 -1 0 1 1 0 0 0 0 -1 -1 1 0 0 -1 1 0 0 0 1 1
196	3	-1 0 0 0 0 0 0 1 0 0 1 0 0 0 1 0 0 0 -1 0 -1
196	4	0 -1 0 1 2 1 1 1 -1 -2 -1 1 1 0 -1 1 -1 0 -1 0 1
196	5	0 1 -1 -1 0 -1 -2 -2 1 1 0 0 0 0 0 0 1 1 1 0 1
196	6	-1 0 1 1 0 1 0 1 -1 -1 0 0 0 -1 0 -1 0 0 0 0 0
196	7	0 0 0 0 1 0 0 1 0 -1 0 0 1 0 0 1 -1 0 -1 -1 0
196	8	-1 -1 0 1 2 0 1 2 -1 -1 -1 1 1 0 -1 1 -1 0 -1 0 1
196	9	0 -1 0 0 0 1 0 0 0 0 1 0 0 0 0 0 -1 0 0 0 0
196	10	-1 -2 1 1 1 1 0 1 -1 -1 0 1 1 0 -1 1 -1 0 0 0 1
196	11	0 0 0 0 1 0 1 0 0 0 -1 0 0 1 0 0 -1 0 0 -1 0
196	12	0 -1 -1 0 1 0 0 1 0 0 1 0 0 1 -1 1 -1 0 0 -1 0
196	13	0 0 -1 1 1 -1 2 1 -1 0 -1 0 -1 1 0 0 0 0 -1 0 -1
196	14	0 0 -1 0 0 0 -1 0 1 -1 0 0 0 0 0 1 0 1 0 -1 1
196	15	0 2 -1 -1 -1 -1 -1 -2 1 1 0 -2 -1 0 1 -1 1 1 0 0 -1
196	16	0 1 0 -1 -1 0 -2 -1 1 0 1 0 0 -1 0 0 1 1 1 0 0
197	0	0 0 0 1 1 0 1 0 -1 -1 -2 -1 0 0 -1 -1 0 0 0 0 1
197	1	0 -1 -1 0 2 0 0 1 -1 -1 0 0 1 1 -1 1 -1 0 0 -1 1
197	2	0 0 -1 0 1 0 0 0 1 -1 0 0 1 0 0 1 -1 0 -1 0 0
197	3	0 0 0 0 -1 1 -1 0 0 0 1 0 0 0 0 0 0 0 1 -1 0
197	4	-1 -1 0 0 1 1 -1 1 0 -1 1 0 0 0 -1 0 -1 0 1 -1 1
197	5	0 0 0 0 1 0 0 0 0 -1 0 0 0 0 0 1 0 0 -1 0 0
197	6	0 2 0 -1 0 0 -1 -1 0 1 0 -1 0 -1 0 -1 1 0 0 0 0
197	7	0 -2 0 1 2 1 0 2 -1 -2 0 1 1 1 -1 1 -1 0 0 -1 0
197	8	1 2 -2 -1 -1 -1 -1 -2 1 1 0 0 -1 0 1 0 2 1 0 0 0
197	9	1 1 0 0 -1 0 0 0 0 1 0 -1 0 0 1 -1 0 0 -1 -1 -1
197	10	-1 0 1 0 0 0 0 0 -1 0 0 -1 0 0 0 -1 1 0 0 0 0
197	11	0 1 -1 -1 -2 0 -2 -2 2 1 1 0 0 -1 1 0 1 1 1 0 0
197	12	0 -1 0 1 0 1 0 0 0 0 0 0 0 1 -1 0 -1 0 1 -1 0
197	13	0 0 0 0 0 0 -1 -1 1 0 0 0 0 0 0 0 0 1 0 0 0
197	14	0 0 0 0 0 0 0 0 0 0 1 0 0 0 0 0 0 0 0 0 -1
197	15	-1 2 0 0 0 -1 0 -1 0 1 -1 -1 0 -1 0 -1 1 0 0 1 0
197	16	-1 1 0 0 1 -1 1 1 -1 0 -1 -1 0 1 0 -1 0 0 -1 -1 0
198	0	-1 1 -1 -1 2 0 -1 0 0 0 1 -1 1 0 -1 0 -1 0 0 -1 1
198	1	0 0 0 0 0 1 0 0 0 0 0 0 -1 1 0 0 0 0 0 0 -1
198	2	-1 -1 0 0 0 0 1 1 -1 0 0 0 -1 1 1 0 0 0 0 0 -1
198	3	0 -1 0 1 0 1 0 0 0 -1 0 0 -1 0 0 0 0 0 0 0 0
198	4	0 -2 0 1 1 1 0 1 0 -1 0 1 0 1 0 1 -1 0 0 -1 0
198	5	-1 -1 0 0 2 0 0 1 -1 -2 0 0 1 0 -1 1 0 0 0 0 1
198	6	-1 -3 1 1 2 2 0 2 -1 -2 1 1 1 0 -2 1 -2 -1 1 0 1
198	7	0 -2 0 1 1 1 0 1 -1 -1 0 1 1 0 -1 1 -1 0 0 0 1
198	8	1 1 -1 -1 -1 0 -2 -1 2 1 1 0 0 0 1 0 0 1 0 -1 -1
198	9	0 1 0 0 0 0 0 0 -1 1 0 -1 0 0 0 -1 0 0 0 -1 -1
198	10	1 -1 -1 0 0 0 0 0 1 0 0 1 0 0 0 1 0 1 -1 0 0
198	11	-1 -1 1 1 1 1 2 2 -2 -1 0 0 0 0 0 0 -1 -1 -1 0 -1
198	12	0 -1 0 1 1 0 1 1 -1 0 0 1 1 0 -1 1 -1 -1 0 0 0
198	13	0 1 -1 -1 0 -1 -2 -1 1 0 0 0 1 0 0 0 1 1 1 -1 1
198	14	-1 0 0 -1 0 1 -2 0 1 -1 2 0 1 -1 0 0 0 0 1 -1 1
198	15	0 0 -1 -1 0 0 -1 0 1 0 2 0 1 0 0 1 -1 0 0 -1 0
198	16	0 1 0 0 1 0 0 0 0 0 0 0 1 -1 0 0 0 0 -1 0 0
199	0	0 0 -1 0 1 0 -1 0 0 -1 0 0 1 0 0 1 0 0 0 -1 1
199	1	1 0 0 1 0 0 0 0 0 0 -1 0 0 0 0 0 0 0 -1 0 0
199	2	0 0 0 1 1 1 0 0 -1 -1 -1 0 0 0 -1 0 0 0 0 0 0
199	3	0 0 0 0 -1 1 -1 0 1 0 1 0 0 0 1 0 0 0 0 -1 -1
199	4	0 0 -1 -1 1 1 -1 0 1 -1 1 0 0 1 0 1 -1 0 0 -1 0
199	5	0 0 0 1 1 0 1 0 -1 0 -1 0 0 0 0 0 0 0 -1 0 0
199	6	-1 0 0 0 1 0 1 1 -1 -1 0 0 0 0 0 0 0 0 -1 0 0
199	7	0 -1 0 0 0 1 0 0 0 0 0 1 0 0 0 0 0 0 0 0 1
199	8	0 0 -1 0 1 0 -2 0 1 -1 1 0 1 0 -1 1 -1 1 0 -1 1
199	9	-1 0 1 1 1 1 0 0 -1 -1 -1 -1 1 -1 -1 -1 0 0 0 0 1
199	10	0 1 -1 -1 0 -1 -1 0 0 1 0 0 0 0 1 0 1 1 0 -1 0
199	11	0 -1 0 1 1 1 0 1 0 -1 0 0 1 0 -1 1 -2 -1 0 0 0
199	12	0 1 0 0 -1 0 0 -1 0 1 0 0 -1 0 1 -1 1 0 0 0 -1
199	13	0 0 0 1 1 0 0 0 0 -1 -1 0 1 -1 -1 0 0 0 0 0 1
199	14	0 0 0 1 0 0 1 0 -1 1 -1 0 0 0 -1 0 0 0 0 0 0
199	15	1 2 -1 -1 -2 -1 -1 -3 1 2 -1 -1 -1 0 1 -1 2 2 0 0 0
199	16	-1 1 1 0 -1 0 0 -1 0 1 0 -1 -1 -1 1 -1 1 0 0 1 -1
