index,shell_norm,branch_ascending,constant_representative,monic_branch_ascending,extension_representative_index,value_at_control,homogeneous_value_at_3_17,small_witness
0,10,"[""-68548306460874836602827246687840804138969057812429748204307/2893614380861402727943236305311700"",""-2440836421795046332190927653932353270670256345504674437113/144680719043070136397161815265585"",""191888849622561526227936832112946368998809930149161278110809/1533615621856543445809915241815201""]",191888849622561526227936832112946368998809930149161278110809/1533615621856543445809915241815201,"[""-3717052775341269142292459399/19632511806912100874781312100"",""-132355097656070386286035541/981625590345605043739065605"",""1""]",0,-1009206062363154703358603337587588882710094179416724003015970999/44321491471654105583906550488459308900,-1009206062363154703358603337587588882710094179416724003015970999/153361562185654344580991524181520100,"{""place"":""real"",""sign"":-1}"
1,10,"[""192058491457507755929372854350321020970196253881621420857/163400702637942477605463654400"",""-52331095735465396583227152853940257146769129426226572161/81700351318971238802731827200"",""312830754466555264851036018188921333283068243322978459361/4085017565948561940136591360000""]",312830754466555264851036018188921333283068243322978459361/4085017565948561940136591360000,"[""1720641419804765167425/112105338210056641681"",""-133951827729867789150/16015048315722377383"",""1""]",1,314248445861313943171537239266805503196238567111935953203881/295142519139783600174868725760000,314248445861313943171537239266805503196238567111935953203881/1021254391487140485034147840000,"{""place"":""11"",""prime"":11,""valuation"":4,""unit_modulus"":11,""unit_residue"":8,""unit_is_square"":false,""is_square"":false}"
2,10,"[""490814786615374902138232039357593485793249/55607601861268230400"",""34341347811994798828899325753168046470071/505523653284256640"",""1090731228188514907142896317817436041713/18382678301245696""]",1090731228188514907142896317817436041713/18382678301245696,"[""1562571357916947747769/10504257214866406332825"",""72886701795502339434/63662164938584280805"",""1""]",2,22762224515285405405939976818887309645436481/1004412308619157411600,22762224515285405405939976818887309645436481/3475475116329264400,"{""place"":""29"",""prime"":29,""valuation"":0,""unit_modulus"":29,""unit_residue"":11,""unit_is_square"":false,""is_square"":false}"
3,10,"[""669278108480213987399970868434695443150/18254162255121"",""-1971259914222196485290654383261771600525/36508324510242"",""22714776814084964260336253939139688356025/292066596081936""]",22714776814084964260336253939139688356025/292066596081936,"[""89295224517824224/189413140608679849"",""-2155786131124232/3105133452601309"",""1""]",3,2494900919936617990081904592723486111315625/84407246267679504,2494900919936617990081904592723486111315625/292066596081936,"{""place"":""5"",""prime"":5,""valuation"":5,""unit_modulus"":5,""unit_residue"":4,""unit_is_square"":true,""is_square"":false}"
4,10,"[""616372448076942574162647183178072500939789729609337089729/2668211137695413417017999360000"",""-563928181282893059929069832486046278850956757846308174553/1334105568847706708508999680000"",""314577973555584354068031300709388885370592199851070051121/2668211137695413417017999360000""]",314577973555584354068031300709388885370592199851070051121/2668211137695413417017999360000,"[""27366344566169832935480521/13966959821304227806291129"",""-50075739003942820126659394/13966959821304227806291129"",""1""]",4,30860541191345392751713048682817683074284243088858653896841/192778254698493619379550453760000,30860541191345392751713048682817683074284243088858653896841/667052784423853354254499840000,"{""place"":""7"",""prime"":7,""valuation"":3,""unit_modulus"":7,""unit_residue"":2,""unit_is_square"":true,""is_square"":false}"
5,10,"[""22705385726315705907730391519330490836731012757083833/1489948637079374578182400"",""31961730923324591447516241773406320434262248446545253/3724871592698436445456000"",""5557204588922053354622756513096262598312288992580641/37248715926984364454560000""]",5557204588922053354622756513096262598312288992580641/37248715926984364454560000,"[""716691256650635425/7016484966706609"",""8586094150778510/149286914185247"",""1""]",5,11274806842801675956361060427513617880015007779912624889/672804931431155082960490000,11274806842801675956361060427513617880015007779912624889/2328044745436522778410000,"{""place"":""7"",""prime"":7,""valuation"":0,""unit_modulus"":7,""unit_residue"":3,""unit_is_square"":false,""is_square"":false}"
6,10,"[""215803795431772081808443425491591273186502137384601/3406671022653928247296"",""6195489332567060138028341296450784218388112845475/1703335511326964123648"",""19871593175313154287679909741184843887995760539825/3406671022653928247296""]",19871593175313154287679909741184843887995760539825/3406671022653928247296,"[""5176766355098146047872649/476685754142272945691425"",""11889540928984303547862/19067430165690917827657"",""1""]",6,15794520282570447541327039991744630384041666764811641/246131981386746315867136,15794520282570447541327039991744630384041666764811641/851667755663482061824,"{""place"":""3"",""prime"":3,""valuation"":7,""unit_modulus"":3,""unit_residue"":2,""unit_is_square"":false,""is_square"":false}"
7,10,"[""43661079580388530008579751636448617805667201/102113081903493376"",""-62292959195911543765128467813292607306919463/51056540951746688"",""121729652527238771612180691031690177948020849/102113081903493376""]",121729652527238771612180691031690177948020849/102113081903493376,"[""1743918585714280089/4862147375076516361"",""-93891185904107238/91738629718424837"",""1""]",7,459983564593403540809129420328938512629013969/1844417541881849104,459983564593403540809129420328938512629013969/6382067618968336,"{""place"":""3"",""prime"":3,""valuation"":7,""unit_modulus"":3,""unit_residue"":1,""unit_is_square"":true,""is_square"":false}"
8,10,"[""15784401254758937527935230799539597450563712286025/1984675825688025989376"",""-5675980706060940284178016957231776273947676663475/992337912844012994688"",""2278752951371174260624251419882378879321975853025/1984675825688025989376""]",2278752951371174260624251419882378879321975853025/1984675825688025989376,"[""8110453567164254329/1170885084891151249"",""-5832945731881736582/1170885084891151249"",""1""]",8,1421608915898244888115320395670541155250052419625/203682994894829371779,1421608915898244888115320395670541155250052419625/704785449463077411,"{""place"":""2"",""prime"":2,""valuation"":0,""unit_modulus"":8,""unit_residue"":3,""unit_is_square"":false,""is_square"":false}"
9,10,"[""-76762825436829259945591439476639650005175900/770461088542838641"",""1250720902322334119264627876811463619486848800/770461088542838641"",""1510617092430830128338302356737647607422049600/770461088542838641""]",1510617092430830128338302356737647607422049600/770461088542838641,"[""-1690003827086438411/33257617250829299984"",""24093794256193090083/29100415094475637486"",""1""]",9,55197863299072855113264816919274614209131900100/222663254588880367249,55197863299072855113264816919274614209131900100/770461088542838641,"{""place"":""3"",""prime"":3,""valuation"":1,""unit_modulus"":3,""unit_residue"":1,""unit_is_square"":true,""is_square"":false}"
10,10,"[""2838521288298293872531843568379014076207329728324104291/7748492823436544087987302400"",""-197395541927734330376301019533316577966390080758752043/774849282343654408798730240"",""406816837765312913039303997233849295190483676511171249/3409336842312079398714413056""]",406816837765312913039303997233849295190483676511171249/3409336842312079398714413056,"[""45438609058144914249/14800592994487995025"",""-6319754511936146754/2960118598897599005"",""1""]",10,2001950993445720508200381345918148959322377920125185527721/6158114671426193413927908582400,2001950993445720508200381345918148959322377920125185527721/21308355264450496241965081600,"{""place"":""3"",""prime"":3,""valuation"":6,""unit_modulus"":3,""unit_residue"":2,""unit_is_square"":false,""is_square"":false}"
11,10,"[""5820628291269744025806436032515039392881132074136261696/15301874015199962581377462025"",""-18470762983360964465029458145010735091340489673804431872/76509370075999812906887310125"",""14406308579245967525172367017014439264177402919987024896/382546850379999064534436550625""]",14406308579245967525172367017014439264177402919987024896/382546850379999064534436550625,"[""530753097509589416445025/52545481480630928871376"",""-42106342203161566387645/6568185185078866108922"",""1""]",11,129666614605121343790988027028015751275612287180256899136/382546850379999064534436550625,37473651620880068355595539811096552118651950995094243850304/382546850379999064534436550625,"{""place"":""43"",""prime"":43,""valuation"":0,""unit_modulus"":43,""unit_residue"":7,""unit_is_square"":false,""is_square"":false}"
13,10,"[""156576301620307773967696768002427935143408089149/584310121600655360000"",""-77323866299466229103954037248268976087067228037/292155060800327680000"",""6073336778044765100800912147659137695340344497441/59015322281666191360000""]",6073336778044765100800912147659137695340344497441/59015322281666191360000,"[""4046222777595709561/1553923914160215049"",""-3996384968031288386/1553923914160215049"",""1""]",13,957093807095116352005343669705033561627508807852489/4263857034850382325760000,957093807095116352005343669705033561627508807852489/14753830570416547840000,"{""place"":""7"",""prime"":7,""valuation"":3,""unit_modulus"":7,""unit_residue"":6,""unit_is_square"":false,""is_square"":false}"
14,10,"[""113077590524880231218371020031507680180672225/401231314959794176"",""-33969862488547570760270825706230175116519625/200615657479897088"",""46444141097378825371058936719833074586320625/401231314959794176""]",46444141097378825371058936719833074586320625/401231314959794176,"[""1959177912870759126121/804689373003723826425"",""-78474734598188193982/53645958200248255095"",""1""]",14,7408123739433736008225282749387184845401539225/28988962505845129216,7408123739433736008225282749387184845401539225/100307828739948544,"{""place"":""19"",""prime"":19,""valuation"":0,""unit_modulus"":19,""unit_residue"":8,""unit_is_square"":false,""is_square"":false}"
20,10,"[""91845297748463171186620235586711442811675415201600025/504176635497174886958881"",""-260879721704124742561264215798509580609000280106945200/504176635497174886958881"",""85807423561651168319588117921078063161664059425030400/504176635497174886958881""]",85807423561651168319588117921078063161664059425030400/504176635497174886958881,"[""25422028607125078681/23750794324410532096"",""-4513086074330396203/1484424645275658256"",""1""]",20,14010692054450355117185066140125320929970157242633475625/145707047658683542331116609,14010692054450355117185066140125320929970157242633475625/504176635497174886958881,"{""place"":""7"",""prime"":7,""valuation"":3,""unit_modulus"":7,""unit_residue"":1,""unit_is_square"":true,""is_square"":false}"
21,10,"[""3358666402275332568847220163300877784915919039/19502594519856100"",""-2337999519262060152447159718220186416380061779/3900518903971220"",""1109256026916495490434786287570448501937267281/3120415123176976""]",1109256026916495490434786287570448501937267281/3120415123176976,"[""53344616646364/110112226162225"",""-5304813328372/3146063604635"",""1""]",21,1747441457439194579439110510894575487591024532729/22544999264953651600,1747441457439194579439110510894575487591024532729/78010378079424400,"{""place"":""19"",""prime"":19,""valuation"":0,""unit_modulus"":19,""unit_residue"":3,""unit_is_square"":false,""is_square"":false}"
24,10,"[""266491486951017389326590050310849590602308226635609/34399670225755292962816"",""90403733339897494357107362061206096127714720722907/17199835112877646481408"",""15330084454012313428847523143573134894578483244801/34399670225755292962816""]",15330084454012313428847523143573134894578483244801/34399670225755292962816,"[""38317745913067063881/2204251579123325809"",""2363416642033008066/200386507193029619"",""1""]",24,21593797822399920190167275794592677925786296340157681/2485376173810819916563456,21593797822399920190167275794592677925786296340157681/8599917556438823240704,"{""place"":""59"",""prime"":59,""valuation"":0,""unit_modulus"":59,""unit_residue"":32,""unit_is_square"":false,""is_square"":false}"
25,10,"[""18849161322064193097092210876176569186777351/102829537440100"",""1875059985460493978360742664147570582645377/20565907488020"",""-97773562373476445114394846250606133720367/16452725990416""]",-97773562373476445114394846250606133720367/16452725990416,"[""-22738701927484/737182630175"",""-2261980221668/147436526035"",""1""]",25,23680192621941878878015814449884249594125819721/118870945280755600,23680192621941878878015814449884249594125819721/411318149760400,"{""place"":""41"",""prime"":41,""valuation"":0,""unit_modulus"":41,""unit_residue"":35,""unit_is_square"":false,""is_square"":false}"
26,10,"[""9811270428927150489739925399614716229116325/684841718216021902"",""-16852412121882828660302667247545734638396375/684841718216021902"",""3361351759882598058645405579705412630672902625/388990095946700440336""]",3361351759882598058645405579705412630672902625/388990095946700440336,"[""2408704487292680536/1452860453909497945"",""-827466350942758952/290572090781899589"",""1""]",26,1152611154941491209087949219587998771112892914025/112418137728596427257104,1152611154941491209087949219587998771112892914025/388990095946700440336,"{""place"":""13"",""prime"":13,""valuation"":3,""unit_modulus"":13,""unit_residue"":6,""unit_is_square"":false,""is_square"":false}"
31,10,"[""32826246737974695854258426869954713030995625/479308843357966336"",""156450867883537689886544097188810716554199875/239654421678983168"",""237373823255154737007736438592281723974125025/479308843357966336""]",237373823255154737007736438592281723974125025/479308843357966336,"[""165251303537920825/1194968588148573681"",""525061750408909730/398322862716191227"",""1""]",31,6895284560172981025844452806501535167563312025/34630063932613067776,6895284560172981025844452806501535167563312025/119827210839491584,"{""place"":""37"",""prime"":37,""valuation"":0,""unit_modulus"":37,""unit_residue"":14,""unit_is_square"":false,""is_square"":false}"
32,10,"[""173076445738864648891791962237235427293239655361/2120476501647360000"",""66307303943617110953049090785742969239523386711/1060238250823680000"",""20739617222856429490114463479009283598579153361/2120476501647360000""]",20739617222856429490114463479009283598579153361/2120476501647360000,"[""45714405816382140601/5477922048575958601"",""35027285060407811902/5477922048575958601"",""1""]",32,569690943757865367123499145180179049025648582241/6128177089760870400,569690943757865367123499145180179049025648582241/21204765016473600,"{""place"":""17"",""prime"":17,""valuation"":-2,""unit_modulus"":17,""unit_residue"":3,""unit_is_square"":false,""is_square"":false}"
36,10,"[""841202947973850007557027544001501083375225/1712789917696"",""-97902312089054501259056820682018701885325/856394958848"",""66655490315804606850055551035670200271025/1712789917696""]",66655490315804606850055551035670200271025/1712789917696,"[""32868715747921/2604461110729"",""-7650765549194/2604461110729"",""1""]",36,58430378886050333629301916116547234326394025/123749071553536,58430378886050333629301916116547234326394025/428197479424,"{""place"":""19"",""prime"":19,""valuation"":0,""unit_modulus"":19,""unit_residue"":3,""unit_is_square"":false,""is_square"":false}"
40,10,"[""29615023508317412084536180465718483861814982770681/118617477671104614400"",""92486900028564886018636291582425464652611223837/1078340706100951040"",""886234446863673153751482349480636962872529/39212389312761856""]",886234446863673153751482349480636962872529/39212389312761856,"[""58313497541049/5278749025"",""364222882746/95977255"",""1""]",40,2269404357699199241624279158619253325776748297763601/8570112761737308390400,2269404357699199241624279158619253325776748297763601/29654369417776153600,"{""place"":""31"",""prime"":31,""valuation"":0,""unit_modulus"":31,""unit_residue"":11,""unit_is_square"":false,""is_square"":false}"
41,10,"[""1622869463636515166059962486014685186137184164169/64278888763814560000"",""-2444417928130474974134267014116781953112799372427/32139444381907280000"",""2696649496345567862649596519671308404300770773681/64278888763814560000""]",2696649496345567862649596519671308404300770773681/64278888763814560000,"[""23119185844755361/38416115566361289"",""-23215238452211042/12805371855453763"",""1""]",41,3811695184199289787398129557740219300231994131569/290259357074100122500,3811695184199289787398129557740219300231994131569/1004357636934602500,"{""place"":""41"",""prime"":41,""valuation"":0,""unit_modulus"":41,""unit_residue"":7,""unit_is_square"":false,""is_square"":false}"
42,10,"[""5850925162256658996016224618478617486216913271841/24984902280100000000"",""1065192761920600651840035098196801180248373047769/12492451140050000000"",""40075571741477395434193075428142168586153120721/24984902280100000000""]",40075571741477395434193075428142168586153120721/24984902280100000000,"[""19190608967571129/131444960431849"",""6987509565485922/131444960431849"",""1""]",42,112495482109609313305955014527202965838706085282561/451289797434306250000,112495482109609313305955014527202965838706085282561/1561556392506250000,"{""place"":""23"",""prime"":23,""valuation"":0,""unit_modulus"":23,""unit_residue"":7,""unit_is_square"":false,""is_square"":false}"
44,10,"[""38952407255820320950528568946928754390010895190224094864438769/127377574819571115201466938818560000"",""1795336850598017633396230309419423746983377155752492378344567/63688787409785557600733469409280000"",""52204109132740684340501285945415653512588011156466048627837281/127377574819571115201466938818560000""]",52204109132740684340501285945415653512588011156466048627837281/127377574819571115201466938818560000,"[""10375116083732957041521/13904755327262047112929"",""8938215588056982858/129950984366935019747"",""1""]",44,2977551759471934178093420872682983030629686320067428019016121401/9203029780714013073305986329640960000,2977551759471934178093420872682983030629686320067428019016121401/31844393704892778800366734704640000,"{""place"":""11"",""prime"":11,""valuation"":0,""unit_modulus"":11,""unit_residue"":7,""unit_is_square"":false,""is_square"":false}"
46,10,"[""5813525849207296947574586187736198468570201946598841/22353647228476088280678400"",""357176194017635812536190752817079223182854208137283/2235364722847608828067840"",""9467189072385500436332396138330816669849561698897/894145889139043531227136""]",9467189072385500436332396138330816669849561698897/894145889139043531227136,"[""37785543981366915490801/1538321572627546955425"",""4642998805962436797526/307664314525509391085"",""1""]",46,466099736727797454960171870330899048747690040024832801/1615051012257397378279014400,466099736727797454960171870330899048747690040024832801/5588411807119022070169600,"{""place"":""41"",""prime"":41,""valuation"":0,""unit_modulus"":41,""unit_residue"":22,""unit_is_square"":false,""is_square"":false}"
48,10,"[""4174851177289324881630790530814773568876679451143264227761/651644171360873308527860162560000"",""-8715926887096133968438213449245060779648981368599710883289/325822085680436654263930081280000"",""20515732770079422529769910740539272645679624265716299498561/651644171360873308527860162560000""]",20515732770079422529769910740539272645679624265716299498561/651644171360873308527860162560000,"[""17608448788961058066303409/86530085626790809552108609"",""-54421226482602841192382/64048916082006520763959"",""1""]",48,1004298085367048057557059776494653631384561760349359094429/376650331046584772329103173959680,1004298085367048057557059776494653631384561760349359094429/1303288342721746617055720325120,"{""place"":""5"",""prime"":5,""valuation"":-1,""unit_modulus"":5,""unit_residue"":4,""unit_is_square"":true,""is_square"":false}"
49,10,"[""109933896752068467331995094863363414928851225/200510386108561"",""-672567081089716975599397455660156965230706400/200510386108561"",""971302538930211642279464761485765636256190400/200510386108561""]",971302538930211642279464761485765636256190400/200510386108561,"[""16243275244849/143514738874816"",""-3105471941983/4484835589838"",""1""]",49,6211697876144126083892495030215912413977691225/57947501585374129,6211697876144126083892495030215912413977691225/200510386108561,"{""place"":""19"",""prime"":19,""valuation"":0,""unit_modulus"":19,""unit_residue"":15,""unit_is_square"":false,""is_square"":false}"
50,10,"[""9180311336539103012568813670930613984055219225/3406671022653928247296"",""60508484554222715900609573387071879502284794275/1703335511326964123648"",""73542216235264269372418494617844005152933202225/3406671022653928247296""]",73542216235264269372418494617844005152933202225/3406671022653928247296,"[""580061612424921/4646794097378801"",""7646505184679878/4646794097378801"",""1""]",50,2371713836726974054211582521985218799250351548025/246131981386746315867136,2371713836726974054211582521985218799250351548025/851667755663482061824,"{""place"":""3"",""prime"":3,""valuation"":1,""unit_modulus"":3,""unit_residue"":1,""unit_is_square"":true,""is_square"":false}"
52,10,"[""33296449403036554694314903566539732835432137680065/26423850884197997850198016"",""19771475957228333833007209731002028209118105462183/13211925442098998925099008"",""12907167600061391200317340609985748381674856874545/26423850884197997850198016""]",12907167600061391200317340609985748381674856874545/26423850884197997850198016,"[""47072773118272685600213/18247476320457176725509"",""93172917696855612202922/30412460534095294542515"",""1""]",52,2938882233378851719606649647195515350551252064638089/1909123226383305344676806656,2938882233378851719606649647195515350551252064638089/6605962721049499462549504,"{""place"":""41"",""prime"":41,""valuation"":0,""unit_modulus"":41,""unit_residue"":7,""unit_is_square"":false,""is_square"":false}"
55,10,"[""88930683666625048386429361625280449892025/238059718905856"",""-120183841676834093355923344858617548380925/119029859452928"",""459463695930484310065881497409855561526225/238059718905856""]",459463695930484310065881497409855561526225/238059718905856,"[""302966938638771121/1565289994773260809"",""-818878908503032234/1565289994773260809"",""1""]",55,4394347247997980062991709452703940034419225/17199814690948096,4394347247997980062991709452703940034419225/59514929726464,"{""place"":""23"",""prime"":23,""valuation"":0,""unit_modulus"":23,""unit_residue"":7,""unit_is_square"":false,""is_square"":false}"
56,10,"[""64249480370179091346299734371968011615555721435414523/279272545350499981463784050"",""-14780149418448111978550429706494745559934463164355559/55854509070099996292756810"",""12503061210454724046916751497844122839484852907077233/89367214512159994068410896""]",12503061210454724046916751497844122839484852907077233/89367214512159994068410896,"[""1562264666971862616/950060736169490425"",""-359388201678335928/190012147233898085"",""1""]",56,121206482574572223666958378353755689551782615007485414241/645678124850355957144268723600,121206482574572223666958378353755689551782615007485414241/2234180362803999851710272400,"{""place"":""11"",""prime"":11,""valuation"":5,""unit_modulus"":11,""unit_residue"":2,""unit_is_square"":false,""is_square"":false}"
57,10,"[""34620102172934352652969701781344863791731614461491/187158967203226794780050"",""-61754478081056915016992332637935124320515970168017/935794836016133973900250"",""-233312674083107476382632599562969833651273303906159/37431793440645358956010000""]",-233312674083107476382632599562969833651273303906159/37431793440645358956010000,"[""-4932103466200/166192786319"",""251364674840/23741826617"",""1""]",57,6480840679043257818060694501675705000157000958464601/37431793440645358956010000,1872962956243501509419540710984278745045373276996269689/37431793440645358956010000,"{""place"":""37"",""prime"":37,""valuation"":0,""unit_modulus"":37,""unit_residue"":24,""unit_is_square"":false,""is_square"":false}"
58,10,"[""111666058882709112540309751264172176933889147841/373730925557186560000"",""-208772269966576847269194140644416671658296878809/186865462778593280000"",""946083762814610630329094655848640836320235105841/373730925557186560000""]",946083762814610630329094655848640836320235105841/373730925557186560000,"[""153594414780865969/1301319159439687969"",""-4318226348622314/9784354582253293"",""1""]",58,194914733458435907756535676722530261516297980401/1080082374860269158400,194914733458435907756535676722530261516297980401/3737309255571865600,"{""place"":""13"",""prime"":13,""valuation"":1,""unit_modulus"":13,""unit_residue"":1,""unit_is_square"":true,""is_square"":false}"
59,10,"[""-345731012877447957851808955976852461564981208589375/5535652548325763607103684"",""158907671122816454633066494807928527251498201280125/1383913137081440901775921"",""84185741546885449870537761330996786500401224158025/1383913137081440901775921""]",84185741546885449870537761330996786500401224158025/1383913137081440901775921,"[""-18502449344776575/18021437019025444"",""8504244704505405/4505359254756361"",""1""]",59,-64468411116840026878687863928577057518959492151494975/1599803586466145682452964676,-64468411116840026878687863928577057518959492151494975/5535652548325763607103684,"{""place"":""real"",""sign"":-1}"
60,10,"[""75185348180313471321052143353357380713507919406798400/33021215301383099001422761"",""-31188976465117413856612010353441135368321294652800/272902605796554537201841"",""-68801416325357602530755226611439726085849661336000/272902605796554537201841""]",-68801416325357602530755226611439726085849661336000/272902605796554537201841,"[""-9876390730407038726289/1093573044649672502135"",""4097001949265756838/9037793757435309935"",""1""]",60,74260116636560689348508388482523667536811030166323200/33021215301383099001422761,21461173707966039221718924271449339918138387718067404800/33021215301383099001422761,"{""place"":""2"",""prime"":2,""valuation"":14,""unit_modulus"":8,""unit_residue"":5,""unit_is_square"":false,""is_square"":false}"
61,10,"[""20746191482576109828039770590151389677778404/1050806000244947521"",""-71231412322865739594357266573126749779996480/1050806000244947521"",""76457482018421762488849863195595271444467200/1050806000244947521""]",76457482018421762488849863195595271444467200/1050806000244947521,"[""1848500331889/6812415715200"",""-26444871707/28385065480"",""1""]",61,10556971100913975375055092989912265816949284/1050806000244947521,3050964648164138883390921874084644821098343076/1050806000244947521,"{""place"":""11"",""prime"":11,""valuation"":4,""unit_modulus"":11,""unit_residue"":8,""unit_is_square"":false,""is_square"":false}"
62,10,"[""6314370134006283084861198952101440540307436881/123543465468150016"",""1126891577130658219604328214374838784261370105/61771732734075008"",""-712339725509043331442119403182962278134694175/123543465468150016""]",-712339725509043331442119403182962278134694175/123543465468150016,"[""-92672759450041/10454643397175"",""-5707957718/1804079965"",""1""]",62,120836553254097597496346806274681450727518547609/2231503845018459664,120836553254097597496346806274681450727518547609/7721466591759376,"{""place"":""47"",""prime"":47,""valuation"":0,""unit_modulus"":47,""unit_residue"":31,""unit_is_square"":false,""is_square"":false}"
63,10,"[""2812845406727752553523379908249552731430804602424961/125212246515919880847360000"",""-2717943137068033856384390999348075923886900770337689/62606123257959940423680000"",""5961506215572378372894235907068666854726022574238961/125212246515919880847360000""]",5961506215572378372894235907068666854726022574238961/125212246515919880847360000,"[""326564265628384975681/692115853459654069681"",""-631092702395527029938/692115853459654069681"",""1""]",63,5893356785035324399730970347142349968395728546945201/361863392431008455648870400,5893356785035324399730970347142349968395728546945201/1252122465159198808473600,"{""place"":""11"",""prime"":11,""valuation"":4,""unit_modulus"":11,""unit_residue"":8,""unit_is_square"":false,""is_square"":false}"
64,10,"[""3041676896260597452601308168757155756600042681/1599033745926400"",""-2388049661503588205775789161048277008265073203/159903374592640"",""768202584382758399053947155253187192558499057/63961349837056""]",768202584382758399053947155253187192558499057/63961349837056,"[""8656267489/54655435825"",""-13592237014/10931087165"",""1""]",64,-10375945178837292584796018839489758889507044431/28882547035795600,-10375945178837292584796018839489758889507044431/99939609120400,"{""place"":""real"",""sign"":-1}"
66,10,"[""8445403224837892894840343645465159466240884409/16601747651962802176"",""6862177377442687434772231503940436820524508651/8300873825981401088"",""6030396242111135876091679428815279301080242689/16601747651962802176""]",6030396242111135876091679428815279301080242689/16601747651962802176,"[""6921459272592811489/4942231990133323369"",""1022531105756194322/449293817284847579"",""1""]",66,798734297664076346960113010450173288786709415201/1199476267854312457216,798734297664076346960113010450173288786709415201/4150436912990700544,"{""place"":""23"",""prime"":23,""valuation"":0,""unit_modulus"":23,""unit_residue"":21,""unit_is_square"":false,""is_square"":false}"
67,10,"[""1292244127194969059078903680261354618635201/6425638425606400"",""-1191949889083327327033889707864145511344679/16064096064016000"",""76910035365932195476452308741034747994161/160640960640160000""]",76910035365932195476452308741034747994161/160640960640160000,"[""568067838025/1352379681"",""-69863826530/450793227"",""1""]",67,34098677991677530878191732068969696178068314/181348584472680625,34098677991677530878191732068969696178068314/627503752500625,"{""place"":""2"",""prime"":2,""valuation"":1,""unit_modulus"":8,""unit_residue"":5,""unit_is_square"":false,""is_square"":false}"
68,10,"[""-1162899675018824402607489264102886919654320959/6601205264832962560000"",""3320805915497747919167651865016108843351394391/3300602632416481280000"",""4468034961082662048774070560522526405594297041/6601205264832962560000""]",4468034961082662048774070560522526405594297041/6601205264832962560000,"[""-11300296437500391/43417433711581609"",""64538828348923518/43417433711581609"",""1""]",68,428565119500739938405027279506115198920921441/19077483215367261798400,428565119500739938405027279506115198920921441/66012052648329625600,"{""place"":""23"",""prime"":23,""valuation"":1,""unit_modulus"":23,""unit_residue"":21,""unit_is_square"":false,""is_square"":false}"
70,10,"[""390002784614327387634896006423079754839540227249440162640625/3153727913557254225116947567930564"",""20434248337307901957037452386633597738597385784507913578125/788431978389313556279236891982641"",""-19265398284576882067208763190984040909965120759417340484375/788431978389313556279236891982641""]",-19265398284576882067208763190984040909965120759417340484375/788431978389313556279236891982641,"[""-67279077119614570929/13293835511558261084"",""-3525096291624243789/3323458877889565271"",""1""]",70,402027117910403665298619621689508227039938574490618675140625/3153727913557254225116947567930564,116185837076106659271301070668267877614542248027788797115640625/3153727913557254225116947567930564,"{""place"":""3"",""prime"":3,""valuation"":10,""unit_modulus"":3,""unit_residue"":2,""unit_is_square"":false,""is_square"":false}"
71,10,"[""188811436900998807040577211051580460871408575025/94841112752408542314496"",""120536125280940725415946687597227336484635534135/47420556376204271157248"",""94119233202001737264265943683775194455343061409/94841112752408542314496""]",94119233202001737264265943683775194455343061409/94841112752408542314496,"[""46206016754954557225/23032899583172242201"",""58995305747593580030/23032899583172242201"",""1""]",71,16927065785465656215632942405494479565841997554169/6852270396361517182222336,16927065785465656215632942405494479565841997554169/23710278188102135578624,"{""place"":""11"",""prime"":11,""valuation"":0,""unit_modulus"":11,""unit_residue"":6,""unit_is_square"":false,""is_square"":false}"
72,10,"[""245927320395122302876220758866914731063048713456545625/491997220039628480494637056"",""-210684931829055480329284674745978093870781016811447125/245998610019814240247318528"",""1045434313623422209792673761042020092437836434189645025/491997220039628480494637056""]",1045434313623422209792673761042020092437836434189645025/491997220039628480494637056,"[""127633655913278859601425/542569256846150780414809"",""-218686464374745601443930/542569256846150780414809"",""1""]",72,14748010342559371606443706584456693133585485595470221025/35546799147863157715737527296,14748010342559371606443706584456693133585485595470221025/122999305009907120123659264,"{""place"":""13"",""prime"":13,""valuation"":1,""unit_modulus"":13,""unit_residue"":10,""unit_is_square"":true,""is_square"":false}"
73,10,"[""-12029589153103609699899359478970261083767975/1158702580425891361"",""3429755640589378605919497530304223706975800/1158702580425891361"",""39525154836763191812597781310586840032488400/1158702580425891361""]",39525154836763191812597781310586840032488400/1158702580425891361,"[""-140214076161762599/460695955618530256"",""4997053645029959/57586994452316282"",""1""]",73,-10193450982858187432718479181943281951075375/1158702580425891361,-2945907334046016168055640483581608483860783375/1158702580425891361,"{""place"":""real"",""sign"":-1}"
74,10,"[""2322909294687778101764024499970189675661473374322692201/73240369963080768111579136"",""-8645194012040386974841356412733323615186762723828968525/36620184981540384055789568"",""6101044119931668325748644420658689628820313917070994625/73240369963080768111579136""]",6101044119931668325748644420658689628820313917070994625/73240369963080768111579136,"[""11056338769732812677809/29039106603651330951625"",""-470268377655426513334/165937752020864748295"",""1""]",74,-38894901495991646273069368455371496455875291849414447959/5291616729832585496061592576,-38894901495991646273069368455371496455875291849414447959/18310092490770192027894784,"{""place"":""real"",""sign"":-1}"
75,10,"[""115421902408900888876204634458021808365686025/46832890023936"",""-429467293189546271086296187061054313246549725/23416445011968"",""647286529916581667663686210120861923410649025/46832890023936""]",647286529916581667663686210120861923410649025/46832890023936,"[""465951532387201/2613058216972921"",""-3467469157854058/2613058216972921"",""1""]",75,-1155788834978031939151473957692870005692242375/3383676304229376,-1155788834978031939151473957692870005692242375/11708222505984,"{""place"":""real"",""sign"":-1}"
76,10,"[""23843095526951327291037846769139852413246344129/7430172782402500"",""-2335708405914140191648755600359240533956221337/1857543195600625"",""476870728984131784402911622880703045564948861/1857543195600625""]",476870728984131784402911622880703045564948861/1857543195600625,"[""475996913001/38080457236"",""-46629431553/9520114309"",""1""]",76,6431337438725877732252096392231837588141462459529/2147319934114322500,6431337438725877732252096392231837588141462459529/7430172782402500,"{""place"":""3"",""prime"":3,""valuation"":7,""unit_modulus"":3,""unit_residue"":2,""unit_is_square"":false,""is_square"":false}"
77,10,"[""15128604780686325793124903043792195735681/27404638683136"",""14056194990092676289645628980519329708063/13702319341568"",""18242999438492883432052173722113727286849/27404638683136""]",18242999438492883432052173722113727286849/27404638683136,"[""1697476883281/2046921727249"",""450614040818/292417389607"",""1""]",77,1492521416388559271661355174791984935853969/1979985144856576,1492521416388559271661355174791984935853969/6851159670784,"{""place"":""17"",""prime"":17,""valuation"":-2,""unit_modulus"":17,""unit_residue"":5,""unit_is_square"":false,""is_square"":false}"
78,10,"[""80273358685479045958858180327268501478651199623769681875/8982899692936498397048667755090884"",""135349107034129245911003269468516227682580938748779936125/8982899692936498397048667755090884"",""238041955716142090602981484038957102898414774589128061025/35931598771745993588194671020363536""]",238041955716142090602981484038957102898414774589128061025/35931598771745993588194671020363536,"[""108856457087086624907861100/80700509987592526721773561"",""183543139379085258050119380/80700509987592526721773561"",""1""]",78,122549598076821422109711556786250312082653031241131011766225/10384232045034592146988259924885061904,122549598076821422109711556786250312082653031241131011766225/35931598771745993588194671020363536,"{""place"":""37"",""prime"":37,""valuation"":0,""unit_modulus"":37,""unit_residue"":8,""unit_is_square"":false,""is_square"":false}"
79,10,"[""16645854577152239631807099576622123600111311412854966889/110467065330411922523452870656"",""-3479068367572808247205865151300083225414081541210255589/55233532665205961261726435328"",""295244201043002909767572174572251844588873810330466289/110467065330411922523452870656""]",295244201043002909767572174572251844588873810330466289/110467065330411922523452870656,"[""34524403559992003869601/612352456782058324201"",""-14431552285666433095802/612352456782058324201"",""1""]",79,1114611049278489459641290420445583874510308136351153389361/7981245470122261402319469904896,1114611049278489459641290420445583874510308136351153389361/27616766332602980630863217664,"{""place"":""7"",""prime"":7,""valuation"":0,""unit_modulus"":7,""unit_residue"":6,""unit_is_square"":false,""is_square"":false}"
80,10,"[""-1539702841925325270432094918188816297309471/35848726773760000"",""68873517651931388044266765580338605356503/17924363386880000"",""5649066463375304584100857169919281350781361/35848726773760000""]",5649066463375304584100857169919281350781361/35848726773760000,"[""-1964759/7208569"",""175774/7208569"",""1""]",80,-96776856086386065079363126684524960004760391/2590070509404160000,-96776856086386065079363126684524960004760391/8962181693440000,"{""place"":""real"",""sign"":-1}"
81,10,"[""107510101182813449705166481581847264654690238097621/690947204687766057996484"",""5192137664562666266379281015971306039694543008428/172736801171941514499121"",""-5051182892129638133463455042508748245738308238921/172736801171941514499121""]",-5051182892129638133463455042508748245738308238921/172736801171941514499121,"[""-12815855341284272029/2408526400243102916"",""-88419180402565396/86018800008682247"",""1""]",81,31947772741287203910329802122881690980456586487330625/199683742154764390760983876,31947772741287203910329802122881690980456586487330625/690947204687766057996484,"{""place"":""23"",""prime"":23,""valuation"":0,""unit_modulus"":23,""unit_residue"":14,""unit_is_square"":false,""is_square"":false}"
82,10,"[""815785662960957382372209077628419092808993804912997225/1183647883453479809168548096"",""674134673529567190752425080851655890958619556613493925/591823941726739904584274048"",""600398703527181285293614185570495780687387071312231025/1183647883453479809168548096""]",600398703527181285293614185570495780687387071312231025/1183647883453479809168548096,"[""14870288223359001/10944175873323169"",""24576496871395626/10944175873323169"",""1""]",82,4842615337929330758280598583619007511340076375566291525/5344909973719619763276724996,4842615337929330758280598583619007511340076375566291525/18494498178960622018258564,"{""place"":""2"",""prime"":2,""valuation"":-2,""unit_modulus"":8,""unit_residue"":5,""unit_is_square"":false,""is_square"":false}"
83,10,"[""-207806336241132469425689089604501030903922183159/1548286863205666038016"",""270555718463412194085096389718170682512184240333/774143431602833019008"",""564350698307736215852134259157472440603385821729/1548286863205666038016""]",564350698307736215852134259157472440603385821729/1548286863205666038016,"[""-3067383507593971656191/8330256217402321868121"",""2662408868152183572078/2776752072467440622707"",""1""]",83,-106953873459568804393262135984492720115469711029/1747870716665771425729,-106953873459568804393262135984492720115469711029/6047995559397132961,"{""place"":""real"",""sign"":-1}"
84,10,"[""368117094824254627469155003617850706860645848849651/459469084375130444330884"",""-195231372652122148038588425218045029728525860779957/459469084375130444330884"",""87796772173843224027697018488898321088270791089249/1837876337500521777323536""]",87796772173843224027697018488898321088270791089249/1837876337500521777323536,"[""15735636308844/938246345689"",""-8345414867508/938246345689"",""1""]",84,1337392154136228443497302486519565107114469767442521/1837876337500521777323536,386506332545370020170720418604154315956081762790888569/1837876337500521777323536,"{""place"":""11"",""prime"":11,""valuation"":5,""unit_modulus"":11,""unit_residue"":4,""unit_is_square"":true,""is_square"":false}"
85,10,"[""-34301611388706019511054014072049474439/578183827456"",""21299365496145627703459938086734409955/289091913728"",""55689870134625040111758482536675340625/578183827456""]",55689870134625040111758482536675340625/578183827456,"[""-212280690499751/344645152440625"",""52725733068238/68929030488125"",""1""]",85,-1809855394879390062983967509786327557959/41773781533696,-1809855394879390062983967509786327557959/144545956864,"{""place"":""real"",""sign"":-1}"
86,10,"[""-97133107504664742292169444000068951562360618833125/2740864949492342933544964"",""1656251300964280274372196178987546668769032377766375/2740864949492342933544964"",""5519960775266057760378377406856503082805812682496225/10963459797969371734179856""]",5519960775266057760378377406856503082805812682496225/10963459797969371734179856,"[""-17283642752335700/245552295446799121"",""294709564322165980/245552295446799121"",""1""]",86,275269040098715253725585539911088340168046043835714025/3168439881613148431177978384,275269040098715253725585539911088340168046043835714025/10963459797969371734179856,"{""place"":""7"",""prime"":7,""valuation"":0,""unit_modulus"":7,""unit_residue"":6,""unit_is_square"":false,""is_square"":false}"
87,10,"[""15551564040538514110955628635449627060365155625/35599272967868416"",""6516767382071419731760955968235712961722451875/17799636483934208"",""7639440214278031293608649322026139916466552225/35599272967868416""]",7639440214278031293608649322026139916466552225/35599272967868416,"[""445898119239225/219039835138609"",""373700588778150/219039835138609"",""1""]",87,1306966810653854418087068007075805050447354759225/2572047471928493056,1306966810653854418087068007075805050447354759225/8899818241967104,"{""place"":""3"",""prime"":3,""valuation"":9,""unit_modulus"":3,""unit_residue"":2,""unit_is_square"":false,""is_square"":false}"
88,10,"[""15634221651800384898389485547201242500/7890481"",""-31964961907218478841296328526445836000/7890481"",""23928533406538392300559519716044193600/7890481""]",23928533406538392300559519716044193600/7890481,"[""2423168860425/3708715298896"",""-619286508495/463589412362"",""1""]",88,10738525262148838565513786317428440100/7890481,3103433800761014345433484245736819188900/7890481,"{""place"":""3"",""prime"":3,""valuation"":7,""unit_modulus"":3,""unit_residue"":2,""unit_is_square"":false,""is_square"":false}"
89,10,"[""29233652991814190245652347622051544262225/42681865994496"",""5162860868847229062500122925731417819625/21340932997248"",""-3544088059131994325333113163993504717375/42681865994496""]",-3544088059131994325333113163993504717375/42681865994496,"[""-2050714071169/248614542095"",""-144867990794/49722908419"",""1""]",89,558952545670283149777533936420097460433025/770941204525584,558952545670283149777533936420097460433025/2667616624656,"{""place"":""23"",""prime"":23,""valuation"":0,""unit_modulus"":23,""unit_residue"":10,""unit_is_square"":false,""is_square"":false}"
90,10,"[""236277489460820565988682683825878960025/2019963136"",""69255003057669870505917759643599113125/1009981568"",""2765472522880457705018452702224210625/2019963136""]",2765472522880457705018452702224210625/2019963136,"[""1901113620169/22251283825"",""44578645178/890051353"",""1""]",90,76888724557237663300660696839751325/595508,22220841397041684693890941386688132925/595508,"{""place"":""31"",""prime"":31,""valuation"":0,""unit_modulus"":31,""unit_residue"":15,""unit_is_square"":false,""is_square"":false}"
96,10,"[""61126259882931366408534340423610735625/107049369856"",""-22353640403175344539800508282944163875/53524684928"",""14921064027540115039406516631771737025/107049369856""]",14921064027540115039406516631771737025/107049369856,"[""288395607700825/70398047189649"",""-70310116805730/23466015729883"",""1""]",96,60623856880043518688911840575191966850/120848702689,60623856880043518688911840575191966850/418161601,"{""place"":""2"",""prime"":2,""valuation"":1,""unit_modulus"":8,""unit_residue"":1,""unit_is_square"":true,""is_square"":false}"
97,10,"[""20937490438846617091192655245833580736352187260729/66491089999704779690502400"",""46354543223483094048070289285613368141777144356269/6649108999970477969050240"",""17715772303000614340074816247685690841712076213553/2659643599988191187620096""]",17715772303000614340074816247685690841712076213553/2659643599988191187620096,"[""1338893153166995449/28321835308811314825"",""5928483236458396378/5664367061762262965"",""1""]",97,2104862534311136783149209909839875189031083930506081/1200995313119667583159699600,2104862534311136783149209909839875189031083930506081/4155693124981548730656400,"{""place"":""7"",""prime"":7,""valuation"":3,""unit_modulus"":7,""unit_residue"":4,""unit_is_square"":true,""is_square"":false}"
98,10,"[""45160180520029550295924081772707543189963225/95245419909376"",""15668639918924231482451970656109491980511325/47622709954688"",""13368047076367660333978580729921454200999025/95245419909376""]",13368047076367660333978580729921454200999025/95245419909376,"[""34856316108241/10317958636969"",""24187284448874/10317958636969"",""1""]",98,57694554162914533553663936975800551764533275/107523149819569,57694554162914533553663936975800551764533275/372052421521,"{""place"":""2"",""prime"":2,""valuation"":0,""unit_modulus"":8,""unit_residue"":3,""unit_is_square"":false,""is_square"":false}"
104,10,"[""301318248562536265716347771619200173647748137216/1269699130037437218025"",""-20735149027993125040519006040641320615883874304/253939826007487443605"",""66395070066593958988430315754047108908007424/50787965201497488721""]",66395070066593958988430315754047108908007424/50787965201497488721,"[""3633940589662656361/20018347811617600"",""-181736063031559/2909643577270"",""1""]",104,283074220495500752759392928299757695593955451136/1269699130037437218025,81808449723199717547464556278629974026653125378304/1269699130037437218025,"{""place"":""11"",""prime"":11,""valuation"":2,""unit_modulus"":11,""unit_residue"":6,""unit_is_square"":false,""is_square"":false}"
105,10,"[""23146559807901681203521742815111329296829986184285249/344520987477409348610560000"",""3143758708419023209652994047860156256710312117262607/172260493738704674305280000"",""-5351926167004867458280572382572409298762745486541599/344520987477409348610560000""]",-5351926167004867458280572382572409298762745486541599/344520987477409348610560000,"[""-71354098920354098841721/16498428807745829200871"",""-19382583997271000108206/16498428807745829200871"",""1""]",105,1740462959309820607019465978751439605319863283460087121/24891641345242825437112960000,1740462959309820607019465978751439605319863283460087121/86130246869352337152640000,"{""place"":""11"",""prime"":11,""valuation"":1,""unit_modulus"":11,""unit_residue"":10,""unit_is_square"":false,""is_square"":false}"
106,10,"[""9906702522347966255731482287130786610211184739449/861088609265985828001562500"",""53951578809468721990832676081182783860928138244183/215272152316496457000390625"",""53973581077675682458124777639550801819522085943961/215272152316496457000390625""]",53973581077675682458124777639550801819522085943961/215272152316496457000390625,"[""1012463585089519081/22064369158052300836"",""5513843660839844327/5516092289513075209"",""1""]",106,54713522577461958832279433552131190669491929707601/861088609265985828001562500,15812208024886506102528756296565914103483167685496689/861088609265985828001562500,"{""place"":""17"",""prime"":17,""valuation"":0,""unit_modulus"":17,""unit_residue"":10,""unit_is_square"":false,""is_square"":false}"
107,10,"[""903215408472923681145974271433004115114246225/1908432350494130176"",""-286439139093126343552915958208508563215791425/954216175247065088"",""152271325869126433044917577409856725806431025/1908432350494130176""]",152271325869126433044917577409856725806431025/1908432350494130176,"[""62449461628162249/10528233057948841"",""-39609532472089714/10528233057948841"",""1""]",107,58295725698499548676548348725889756588066078225/137884237323200905216,58295725698499548676548348725889756588066078225/477108087623532544,"{""place"":""7"",""prime"":7,""valuation"":1,""unit_modulus"":7,""unit_residue"":3,""unit_is_square"":false,""is_square"":false}"
108,10,"[""223566673545781269595569247099690970573841/523799022862336"",""164643688901586559269896487444245594542407/261899511431168"",""114941866114985876052133593526460716596129/523799022862336""]",114941866114985876052133593526460716596129/523799022862336,"[""18007669448208441/9258245417043529"",""26523176101793214/9258245417043529"",""1""]",108,20609725429431872210779539118215471897132681/37844479401803776,20609725429431872210779539118215471897132681/130949755715584,"{""place"":""3"",""prime"":3,""valuation"":7,""unit_modulus"":3,""unit_residue"":1,""unit_is_square"":true,""is_square"":false}"
109,10,"[""2144879586469242800026893056235609921681/523799022862336"",""-10811516602328502762253941442582127833353/261899511431168"",""28355908036750795427861740477357076833729/523799022862336""]",28355908036750795427861740477357076833729/523799022862336,"[""371613504481299441/4912834466214689569"",""-3746322729438368466/4912834466214689569"",""1""]",109,-56925330154284738422843567398768020033159/37844479401803776,-56925330154284738422843567398768020033159/130949755715584,"{""place"":""real"",""sign"":-1}"
115,10,"[""68549245534061794955316747682226065777307253225/6246932386502505604"",""-8461003554568683122053916800067984419952426625/1561733096625626401"",""7562045477819259904247842623178122628988585625/1561733096625626401""]",7562045477819259904247842623178122628988585625/1561733096625626401,"[""778103411747473081/343347521346939300"",""-336985844229701/301182036269245"",""1""]",115,18356920871413340741740463387383876602615090233025/1805363459699224119556,18356920871413340741740463387383876602615090233025/6246932386502505604,"{""place"":""11"",""prime"":11,""valuation"":0,""unit_modulus"":11,""unit_residue"":10,""unit_is_square"":false,""is_square"":false}"
118,10,"[""76160867220429089402513009684600502219419159889/1367581670333633069056"",""-54847307417180985485437840623144736436167457121/683790835166816534528"",""65735501106623703823877298011516126824227648369/1367581670333633069056""]",65735501106623703823877298011516126824227648369/1367581670333633069056,"[""9399068158859351449/8112466124758099129"",""-255424384983456074/153065398580341493"",""1""]",118,4251921195027789913056623934348106791585276354225/98807775681604989239296,4251921195027789913056623934348106791585276354225/341895417583408267264,"{""place"":""23"",""prime"":23,""valuation"":1,""unit_modulus"":23,""unit_residue"":4,""unit_is_square"":true,""is_square"":false}"
119,10,"[""61726019450486844861573625991076862351269435201/296302516633600000000"",""-9524901745150804509086659069142930233965960441/148151258316800000000"",""-295664079282356125556876407985631817601896719/296302516633600000000""]",-295664079282356125556876407985631817601896719/296302516633600000000,"[""-841234631863618521/4029465452407799"",""259620733183561122/4029465452407799"",""1""]",119,4216154666617943724984481699674190912323480434409/21407856826777600000000,4216154666617943724984481699674190912323480434409/74075629158400000000,"{""place"":""47"",""prime"":47,""valuation"":0,""unit_modulus"":47,""unit_residue"":45,""unit_is_square"":false,""is_square"":false}"
120,10,"[""42734063157121992395326162990980493323/797758452371042"",""793756990589601679204647228323431961169/797758452371042"",""6696051323357632679337355483517574331329/6382067618968336""]",6696051323357632679337355483517574331329/6382067618968336,"[""6505831449903384/127425811142437129"",""17263074437068536/18203687306062447"",""1""]",120,1670998159481114967638499506376350552601/6382067618968336,482918468090042225647526357342765309701689/6382067618968336,"{""place"":""43"",""prime"":43,""valuation"":0,""unit_modulus"":43,""unit_residue"":2,""unit_is_square"":false,""is_square"":false}"
124,10,"[""1818832216191620922377584839749119725/2361765604"",""16401346705253955618501307984131750/53676491"",""-429769218445259512614114245428125/4879681""]",-429769218445259512614114245428125/4879681,"[""-141412377661/16172436500"",""-255037646/73511075"",""1""]",124,560575057770420772538091872150802335025/682550259556,560575057770420772538091872150802335025/2361765604,"{""place"":""31"",""prime"":31,""valuation"":1,""unit_modulus"":31,""unit_residue"":18,""unit_is_square"":true,""is_square"":false}"
125,10,"[""2905505507536289604282846034445296187669283545625/24772589811290656608256"",""-1858488250441276892041004440832632217910057772125/12386294905645328304128"",""2791715363826085751291179018121728455528079890225/24772589811290656608256""]",2791715363826085751291179018121728455528079890225/24772589811290656608256,"[""713817169647836497825/685861497870117873529"",""-913177290019081039370/685861497870117873529"",""1""]",125,168812682101853056102795165538214417027337442735225/1789819613865749939946496,168812682101853056102795165538214417027337442735225/6193147452822664152064,"{""place"":""59"",""prime"":59,""valuation"":0,""unit_modulus"":59,""unit_residue"":43,""unit_is_square"":false,""is_square"":false}"
126,10,"[""-820830864323399309966828584305253501332975/522366776148295936"",""4037545429256775572143770007570861752815025/261183388074147968"",""9112303835106099913614836438874565007123025/522366776148295936""]",9112303835106099913614836438874565007123025/522366776148295936,"[""-27826348959319511/308909127762899049"",""91249125682112646/102969709254299683"",""1""]",126,16038765531917725437549037991117545122875625/9435249894178595344,16038765531917725437549037991117545122875625/32647923509268496,"{""place"":""41"",""prime"":41,""valuation"":0,""unit_modulus"":41,""unit_residue"":6,""unit_is_square"":false,""is_square"":false}"
128,14,"[""414503434095937180169129490921995107756420927422396561772907776/276050056062907285631017143000390625"",""-24295496265630593154662159108336242378704974903259957172621312/276050056062907285631017143000390625"",""-35848690341727906132050599847817682436011087373528141105112064/276050056062907285631017143000390625""]",-35848690341727906132050599847817682436011087373528141105112064/276050056062907285631017143000390625,"[""-3696069589/319657796"",""54159892/79914449"",""1""]",128,409099598377519493642914177727685393212344617711572994002147584/276050056062907285631017143000390625,118229783931103133662802197363301078638367594518644595266620651776/276050056062907285631017143000390625,"{""place"":""13"",""prime"":13,""valuation"":3,""unit_modulus"":13,""unit_residue"":11,""unit_is_square"":false,""is_square"":false}"
129,14,"[""37580770906349626382303057091873707498569868055347413297112243119761/92749039194891849213280484700748275602500"",""-2229134769270534328483955415988788659359591311138812921499755633091/23187259798722962303320121175187068900625"",""57894138722303793397000521029547571077907415889592246790236117790121/23187259798722962303320121175187068900625""]",57894138722303793397000521029547571077907415889592246790236117790121/23187259798722962303320121175187068900625,"[""2648391165531721/16319657296046724"",""-480402234813/12476802214103"",""1""]",129,43218990633241486449020329936863325741806236029579257755460167311089/92749039194891849213280484700748275602500,12490288293006789583766875351753501139382002212548405491327988352904721/92749039194891849213280484700748275602500,"{""place"":""23"",""prime"":23,""valuation"":0,""unit_modulus"":23,""unit_residue"":15,""unit_is_square"":false,""is_square"":false}"
130,14,"[""13823800109334326737080385698518830034564337429445154025/2013529349965017556432404736"",""543887551278704153085734188907403945299659491932119275/1006764674982508778216202368"",""-954166479416984771054433149183660149179796999035852975/2013529349965017556432404736""]",-954166479416984771054433149183660149179796999035852975/2013529349965017556432404736,"[""-5433377761/375030519"",""-142514914/125010173"",""1""]",130,1010491815878323846922871613949461035266760153073850750625/145477495534972518452241242176,1010491815878323846922871613949461035266760153073850750625/503382337491254389108101184,"{""place"":""7"",""prime"":7,""valuation"":2,""unit_modulus"":7,""unit_residue"":5,""unit_is_square"":false,""is_square"":false}"
131,14,"[""35179339347880303409368901563372364432318443378927914915225/579512175882364819747685998268416"",""-152043573282206884084329550868630960786688596768029578203565/289756087941182409873842999134208"",""490043372048782226049276661491491308880367034706062697394129/579512175882364819747685998268416""]",490043372048782226049276661491491308880367034706062697394129/579512175882364819747685998268416,"[""203145506154637225/2829789038052909409"",""-1755972069090868730/2829789038052909409"",""1""]",131,-232806263702163614212627920840580724844725855368571322429111/41869754707500858226770313374893056,-232806263702163614212627920840580724844725855368571322429111/144878043970591204936921499567104,"{""place"":""real"",""sign"":-1}"
132,14,"[""36468463423701663103607752949344195874009048507311716635756025/808188148418628053852193463499554816"",""3625484040710340463699729251976191769480353206266192974375675/404094074209314026926096731749777408"",""10052571117817128600848523885378449170850305413988643482320225/808188148418628053852193463499554816""]",10052571117817128600848523885378449170850305413988643482320225/808188148418628053852193463499554816,"[""308595133737/85064580113"",""82034967245286/113731343611081"",""1""]",132,2749914610415647380411912425257612552653315948594533895615173025/58391593723245876890820977737842835456,2749914610415647380411912425257612552653315948594533895615173025/202047037104657013463048365874888704,"{""place"":""7"",""prime"":7,""valuation"":2,""unit_modulus"":7,""unit_residue"":5,""unit_is_square"":false,""is_square"":false}"
133,14,"[""1421629699079969951968554418473990886113748005627841398626823868661913/27141970151979301892983234645581318400"",""1041967983158572297529240586512809350932037540847232109753654805604997/67854925379948254732458086613953296000"",""174596587906337049160123456126188119187306854345793040162994823877761/678549253799482547324580866139532960000""]",174596587906337049160123456126188119187306854345793040162994823877761/678549253799482547324580866139532960000,"[""3383327588275605825/16620852900430801"",""991909222437250770/16620852900430801"",""1""]",133,675265601034675738009697467731328288388740890511397163650914584709735609/12256295896753153511050241894645314090000,675265601034675738009697467731328288388740890511397163650914584709735609/42409328362467659207786304133720810000,"{""place"":""11"",""prime"":11,""valuation"":4,""unit_modulus"":11,""unit_residue"":8,""unit_is_square"":false,""is_square"":false}"
134,14,"[""-2865666000407057034053824636050817862445064858304296691640367293975/3756580530109304803870506004891834028916736"",""-8737867315983803143247448957839906505443867367170180377558613060325/1878290265054652401935253002445917014458368"",""101740193377544795363553112342875752400562261544051206892783919426225/3756580530109304803870506004891834028916736""]",101740193377544795363553112342875752400562261544051206892783919426225/3756580530109304803870506004891834028916736,"[""-52409295206663391/1860695499178674601"",""-319608403474097274/1860695499178674601"",""1""]",134,-200944549987521061295204275608118763549209465401209820089997351318975/271412943300397272079644058853435008589234176,-200944549987521061295204275608118763549209465401209820089997351318975/939145132527326200967626501222958507229184,"{""place"":""real"",""sign"":-1}"
135,14,"[""510183109505691330255773460609005646452973027288015660139657358400/6113426874293974362721470252337084561"",""217403141529545760511280683294180597237270518923555307478384281600/6113426874293974362721470252337084561"",""-12586265025784103946207612356428884384094459846038584445817958400/6113426874293974362721470252337084561""]",-12586265025784103946207612356428884384094459846038584445817958400/6113426874293974362721470252337084561,"[""-3317061353991889/81832213827264"",""-135081387399/7820356826"",""1""]",135,548156409965119623856325178037363260638592218729147056061405582400/6113426874293974362721470252337084561,158417202479919571294477976452797982324553151212723499201746213313600/6113426874293974362721470252337084561,"{""place"":""19"",""prime"":19,""valuation"":0,""unit_modulus"":19,""unit_residue"":13,""unit_is_square"":false,""is_square"":false}"
136,14,"[""31173040767317690467290933664490311737940820964053329105362496/12970001984451115758447890869140625"",""9767289596020729375652698787162008851555639466767023562677888/12970001984451115758447890869140625"",""1753491438092154187052025353287845018551571392588916151575616/12970001984451115758447890869140625""]",1753491438092154187052025353287845018551571392588916151575616/12970001984451115758447890869140625,"[""36134815744113529/2032592537163409"",""870918246082274/156353272089493"",""1""]",136,32951287107594114639753756731358315393983387591521905046749184/12970001984451115758447890869140625,9522921974094699130888835695362553148861199013949830558510514176/12970001984451115758447890869140625,"{""place"":""2"",""prime"":2,""valuation"":15,""unit_modulus"":8,""unit_residue"":1,""unit_is_square"":true,""is_square"":false}"
137,14,"[""525600326912002808689360752568383015123415443807535753176963998025/142685846227966784509597402316081729536"",""217241035513043091909455997248393468545095809491669686163887252675/71342923113983392254798701158040864768"",""134241527755897356991177233551611006821337521795216227513186940225/142685846227966784509597402316081729536""]",134241527755897356991177233551611006821337521795216227513186940225/142685846227966784509597402316081729536,"[""10658145950929/2722155452041"",""8810446053686/2722155452041"",""1""]",137,43816313462425570824727591078390831055914718381171271676119444416025/10309052389970600180818412317336904958976,43816313462425570824727591078390831055914718381171271676119444416025/35671461556991696127399350579020432384,"{""place"":""29"",""prime"":29,""valuation"":2,""unit_modulus"":29,""unit_residue"":27,""unit_is_square"":false,""is_square"":false}"
138,14,"[""-7859086039122564863064031244015509690832374238484375341247268083978975/6912905357961693193892417753695910725591511296"",""741874070746571903841486717380793487684256071341596848298745046925602425/3456452678980846596946208876847955362795755648"",""1696686190815899103036950507210944870089121734348588410525834899243038225/6912905357961693193892417753695910725591511296""]",1696686190815899103036950507210944870089121734348588410525834899243038225/6912905357961693193892417753695910725591511296,"[""-19123216822180235829119/4128482338105816530834289"",""7235166805958514429446/8273511699610854771211"",""1""]",138,5541878441761687804608668419263684829621603670691136859224003025208054225/124864353028183083314681795676132387480996672784,5541878441761687804608668419263684829621603670691136859224003025208054225/432056584872605824618276109605994420349469456,"{""place"":""7"",""prime"":7,""valuation"":3,""unit_modulus"":7,""unit_residue"":3,""unit_is_square"":false,""is_square"":false}"
140,14,"[""164078753491939687413624383272813388349464477968955484236025/3252280554295583389476409839616"",""-18058891640678171252881615473284003908877730555385941964125/1626140277147791694738204919808"",""210584835583218199890434240006959475906842552126760715020625/3252280554295583389476409839616""]",210584835583218199890434240006959475906842552126760715020625/3252280554295583389476409839616,"[""444911488086321/571016116186825"",""-19587199883106/114203223237365"",""1""]",140,11868004083017589998439357536907684029362822146379903824764025/234977270047855899889670610912256,11868004083017589998439357536907684029362822146379903824764025/813070138573895847369102459904,"{""place"":""11"",""prime"":11,""valuation"":5,""unit_modulus"":11,""unit_residue"":2,""unit_is_square"":false,""is_square"":false}"
141,14,"[""35465810871390248569774753915600903586659976776207710801356779362225/103528820535891338864362222926670977570244"",""-1389718340461873686865573164692177403870450365070857685228127540725/25882205133972834716090555731667744392561"",""-282189210191760754524709813187681004451418564890933893422044646775/25882205133972834716090555731667744392561""]",-282189210191760754524709813187681004451418564890933893422044646775/25882205133972834716090555731667744392561,"[""-112141192813963239481/3569074988290971836"",""4394222732985744541/892268747072742959"",""1""]",141,9955957988810656217381437402736700429994910345513499833642377610091225/29919829134872596931800682425807912517800516,9955957988810656217381437402736700429994910345513499833642377610091225/103528820535891338864362222926670977570244,"{""place"":""7"",""prime"":7,""valuation"":3,""unit_modulus"":7,""unit_residue"":1,""unit_is_square"":true,""is_square"":false}"
143,14,"[""253377726220101371246197271940306612215387468771717668793431696/137493977685204279477427785312890625"",""-357983345660842510835441765025113583576938424019389721882907168/1237445799166838515296850067816015625"",""-1293868884332032957069057189928791765279828155510180099231588464/11137012192501546637671650610344140625""]",-1293868884332032957069057189928791765279828155510180099231588464/11137012192501546637671650610344140625,"[""-38690241664441761/2439148590072479"",""6073699778010882/2439148590072479"",""1""]",143,2212748949430618220075026010763072366244010790639233912167667776/1237445799166838515296850067816015625,639484446385448665601682517110527913844519118494738600616455987264/1237445799166838515296850067816015625,"{""place"":""31"",""prime"":31,""valuation"":0,""unit_modulus"":31,""unit_residue"":26,""unit_is_square"":false,""is_square"":false}"
145,14,"[""236434969665487622773604359110840238436965469732025/113445198756337459456"",""-69705012236845718442561291927520617599813017311525/56722599378168729728"",""563626320655538220757114507659627526864947412901025/113445198756337459456""]",563626320655538220757114507659627526864947412901025/113445198756337459456,"[""37457422820083809/89293007016653449"",""-22086158572301658/89293007016653449"",""1""]",145,16573107967766875921811109643840593413721654925722225/8196415610145381445696,16573107967766875921811109643840593413721654925722225/28361299689084364864,"{""place"":""17"",""prime"":17,""valuation"":-2,""unit_modulus"":17,""unit_residue"":12,""unit_is_square"":false,""is_square"":false}"
146,14,"[""2231470172193976095503704367395684772273666797040082025568004/4519365005712988350852683078329225"",""31647937508600036492469421161686601712152007757905186374768/129124714448942524310076659380835"",""705910050895797299118287534717959167639527677475582970384/3689277555684072123145047410881""]",705910050895797299118287534717959167639527677475582970384/3689277555684072123145047410881,"[""1498667875378921/580764104972100"",""1771244351861/1382771678505"",""1""]",146,2453872340927461321669230446440238695731857546147449014936324/4519365005712988350852683078329225,709169106528036321962407599021228983066506830836612765316597636/4519365005712988350852683078329225,"{""place"":""13"",""prime"":13,""valuation"":0,""unit_modulus"":13,""unit_residue"":5,""unit_is_square"":false,""is_square"":false}"
148,14,"[""19916754398298220167331821536594184385941381797180592929772937647/218005209472966787995140810683027200"",""10580245122238314497055656048296176228137356165050818993155827/444908590761156710194164919761280"",""194724735786372594977935419364325033510214799854080262455107953/61041458652430700638639426991247616""]",194724735786372594977935419364325033510214799854080262455107953/61041458652430700638639426991247616,"[""3067370872018947081/107105263285220425"",""3713650858807806/498164015280095"",""1""]",148,9123315201674390481693827065401266923202266742996506773887500209/95377279144422969747874104673824400,2636638093283898849209516021900966140805455088725990457653487560401/95377279144422969747874104673824400,"{""place"":""11"",""prime"":11,""valuation"":2,""unit_modulus"":11,""unit_residue"":8,""unit_is_square"":false,""is_square"":false}"
149,14,"[""3856105366635189766169654189141443276742560375483009275/103749285536823171633083396096"",""-1608601024880665679505854526054188407752751243186811175/51874642768411585816541698048"",""94132369548861706166108953679532879797720484874736424225/1141242140905054887963917357056""]",94132369548861706166108953679532879797720484874736424225/1141242140905054887963917357056,"[""45108488104848729/100104980363580721"",""-37634635621792506/100104980363580721"",""1""]",149,2825224984139229182435685618040911175361374225669378041225/82454744680390215655393029047296,2825224984139229182435685618040911175361374225669378041225/285310535226263721990979339264,"{""place"":""3"",""prime"":3,""valuation"":6,""unit_modulus"":3,""unit_residue"":2,""unit_is_square"":false,""is_square"":false}"
150,14,"[""40749203675365578438337440254776691404824521314684143942899307258522921/1722520031600239873281047591437439775899142400"",""-432280100668083639205224390271238233962756904770711050298358535879569299/4306300079000599683202618978593599439747856000"",""9902998573636612176008355579768321348158099141331645903293677059948756801/43063000790005996832026189785935994397478560000""]",9902998573636612176008355579768321348158099141331645903293677059948756801/43063000790005996832026189785935994397478560000,"[""82850484624477025/805383327338297761"",""-351561381362843390/805383327338297761"",""1""]",150,10192320773532697362899922938771561763267127333594694841557983448986660809/777825451769483317778473053008468898804456490000,10192320773532697362899922938771561763267127333594694841557983448986660809/2691437549375374802001636861620999649842410000,"{""place"":""37"",""prime"":37,""valuation"":0,""unit_modulus"":37,""unit_residue"":29,""unit_is_square"":false,""is_square"":false}"
152,14,"[""661725144503064613497479949590924527154050726515353222025/22606179730220181351955195826176"",""4411357695805319793563805962999296642368988598144578219875/11303089865110090675977597913088"",""6756800304497505005927133143202339159721801952564793132225/22606179730220181351955195826176""]",6756800304497505005927133143202339159721801952564793132225/22606179730220181351955195826176,"[""16362856048639681/167079264933970489"",""218164328664669590/167079264933970489"",""1""]",152,175502063618501459324406027986631624576663428636691799445625/1633296485508408102678762898441216,175502063618501459324406027986631624576663428636691799445625/5651544932555045337988798956544,"{""place"":""5"",""prime"":5,""valuation"":4,""unit_modulus"":5,""unit_residue"":3,""unit_is_square"":false,""is_square"":false}"
153,14,"[""43785499302620345546961353081748247790688264921789705933849739053107025/865555635935637171976402900186483705404961"",""8621990606550376537905911331302465800338013032390597861591666942058800/865555635935637171976402900186483705404961"",""2718363925984957290701270112615260363355387706397212485079848231302400/865555635935637171976402900186483705404961""]",2718363925984957290701270112615260363355387706397212485079848231302400/865555635935637171976402900186483705404961,"[""530023348083045977768169/32905787813466727247104"",""283611881713455639261/89417901667029150128"",""1""]",153,13118196094725213682121343949535206710596345716406720418189468234474650625/250145578785399142701180438153893790862033729,13118196094725213682121343949535206710596345716406720418189468234474650625/865555635935637171976402900186483705404961,"{""place"":""17"",""prime"":17,""valuation"":-2,""unit_modulus"":17,""unit_residue"":3,""unit_is_square"":false,""is_square"":false}"
154,14,"[""572029746230905747085009923097847815066806541001967417119843225/4626283605087199041937578050475790336"",""-837099026990376278036722566682760600055205111795389208914416925/2313141802543599520968789025237895168"",""2797355523163886391158856687409660562876839162212249118973087025/4626283605087199041937578050475790336""]",2797355523163886391158856687409660562876839162212249118973087025/4626283605087199041937578050475790336,"[""498711958456761/2438814870466129"",""-1459613937643386/2438814870466129"",""1""]",154,26277173904047089517062969040080845603641930351587281577280487225/334248990467550130779990014146875851776,26277173904047089517062969040080845603641930351587281577280487225/1156570901271799760484394512618947584,"{""place"":""13"",""prime"":13,""valuation"":3,""unit_modulus"":13,""unit_residue"":3,""unit_is_square"":true,""is_square"":false}"
155,14,"[""1704584338536870363031118328205906680734936080205936839879286025/14229531579485039026111022508601839616"",""-389387038393839492965509329403004424823463665820168587047191325/7114765789742519513055511254300919808"",""9087240507381548498473590386668759666531290878996255430492225/14229531579485039026111022508601839616""]",9087240507381548498473590386668759666531290878996255430492225/14229531579485039026111022508601839616,"[""32227347676075705449/171805907532201121"",""-14723720244487357434/171805907532201121"",""1""]",155,113247295271387585142499376891470149559350503720942379286293644025/1028083656617794069636521376246482912256,113247295271387585142499376891470149559350503720942379286293644025/3557382894871259756527755627150459904,"{""place"":""11"",""prime"":11,""valuation"":2,""unit_modulus"":11,""unit_residue"":7,""unit_is_square"":false,""is_square"":false}"
156,14,"[""640009490447943570167532424965330221786299867932932724010890000/2759925494686340234856980224557933121"",""-171301745757790390528582656835610545798928202573867926870400000/2759925494686340234856980224557933121"",""-9898400816041664603848426685899237809600062405100490131840000/2759925494686340234856980224557933121""]",-9898400816041664603848426685899237809600062405100490131840000/2759925494686340234856980224557933121,"[""-2948066723506297329049/45594864603142186944"",""4109712628323857045/237473253141365557"",""1""]",156,609471515911640162214617714450488592111449560344997884282250000/2759925494686340234856980224557933121,176137268098464006880024519476191203120208922939704388557570250000/2759925494686340234856980224557933121,"{""place"":""43"",""prime"":43,""valuation"":0,""unit_modulus"":43,""unit_residue"":22,""unit_is_square"":false,""is_square"":false}"
159,14,"[""944474020161348888334485482558310606417915076486176492925883544472600576/1807597237071612138670245590288948340423324225"",""103859541048876672325822971113825317636390960573013362103886282354012160/216911668448593456640429470834673800850798907"",""172320996967251071436002012502187026650902410946021434588417303915704320/650735005345780369921288412504021402552396721""]",172320996967251071436002012502187026650902410946021434588417303915704320/650735005345780369921288412504021402552396721,"[""158884702092528247476/80524449714208358875"",""1164788858614195869/644195597713666871"",""1""]",159,321401321696583691253041117495282200916516175621686221214442446950929342464/522395601513695908075700975593506070382340701025,321401321696583691253041117495282200916516175621686221214442446950929342464/1807597237071612138670245590288948340423324225,"{""place"":""2"",""prime"":2,""valuation"":13,""unit_modulus"":8,""unit_residue"":1,""unit_is_square"":true,""is_square"":false}"
161,14,"[""23201732877016775611065528352970572188940024691959008099895225/583919214600869180244844894240116736"",""-25859790934560738443752872638938005800284009928474245439492525/291959607300434590122422447120058368"",""87331743521594487248995385492727155519080612691694899711093425/583919214600869180244844894240116736""]",87331743521594487248995385492727155519080612691694899711093425/583919214600869180244844894240116736,"[""1364510380453609/5136041829719137"",""-3041665323327802/5136041829719137"",""1""]",161,1213396954456750803894025788567840792661605909374258600860330825/42188163254912798272690043608848434176,1213396954456750803894025788567840792661605909374258600860330825/145979803650217295061211223560029184,"{""place"":""5"",""prime"":5,""valuation"":2,""unit_modulus"":5,""unit_residue"":3,""unit_is_square"":false,""is_square"":false}"
162,14,"[""58276167380682489778572278905697502102872234227405496280064739405625/42079989300876982031036779954966631246073856"",""616397510647716582548170538649867096546195277025809784155998326095875/21039994650438491015518389977483315623036928"",""680898220015458984790478755618031140502757475338353793513245583462225/42079989300876982031036779954966631246073856""]",680898220015458984790478755618031140502757475338353793513245583462225/42079989300876982031036779954966631246073856,"[""231559648684225/2705540870362009"",""4898496158233270/2705540870362009"",""1""]",162,21460610609805865457258773086648825554991702806599492637617437300291225/3040279226988361951742407351746339107528836096,21460610609805865457258773086648825554991702806599492637617437300291225/10519997325219245507759194988741657811518464,"{""place"":""7"",""prime"":7,""valuation"":1,""unit_modulus"":7,""unit_residue"":1,""unit_is_square"":true,""is_square"":false}"
163,14,"[""13732716266845137373765223369040352245557755983866672058468928051521/4221346005042157607126219079526848160000"",""-778807883639345813256325292891110041909888082118972969023378874271/2110673002521078803563109539763424080000"",""-80986594019172992615625289609224375410342528539686087656669975679/4221346005042157607126219079526848160000""]",-80986594019172992615625289609224375410342528539686087656669975679/4221346005042157607126219079526848160000,"[""-21614175979449/127466297351"",""2451560248398/127466297351"",""1""]",163,243036732352553679445778984135705347207043113262779737954264095745801/76248062216073971778717332123953694890000,243036732352553679445778984135705347207043113262779737954264095745801/263834125315134850445388692470428010000,"{""place"":""3"",""prime"":3,""valuation"":5,""unit_modulus"":3,""unit_residue"":2,""unit_is_square"":false,""is_square"":false}"
165,14,"[""120618282306389211912889124775537793767842509070310772693225/497699109378535771402183253157154816"",""-608054127862809078985341429207860240061436927260784280010125/248849554689267885701091626578577408"",""2247473681650975861730451444767896638335801300161034973330625/497699109378535771402183253157154816""]",2247473681650975861730451444767896638335801300161034973330625/497699109378535771402183253157154816,"[""204162642105529/3804151046878225"",""-411685309768562/760830209375645"",""1""]",165,-1733893580150315264526451429040063085584467439457717123178775/35958760652599209483807740040604435456,-1733893580150315264526451429040063085584467439457717123178775/124424777344633942850545813289288704,"{""place"":""real"",""sign"":-1}"
167,14,"[""59399062835816168550940946649475418326462483239684718145618025/7751596505607086341786907120432582656"",""529438618431332397242603261482775183342321206008389963033747475/3875798252803543170893453560216291328"",""818008574918374600544040715671276537174667166929567500200417025/7751596505607086341786907120432582656""]",818008574918374600544040715671276537174667166929567500200417025/7751596505607086341786907120432582656,"[""3188909305747556689/43915762845430076329"",""56847083321987477782/43915762845430076329"",""1""]",167,19632786353453037158715958173495738357959106292872691818832401225/560052847530111988194104039451254096896,19632786353453037158715958173495738357959106292872691818832401225/1937899126401771585446726780108145664,"{""place"":""29"",""prime"":29,""valuation"":3,""unit_modulus"":29,""unit_residue"":11,""unit_is_square"":false,""is_square"":false}"
168,14,"[""187456348596863074589669928758880335530752056901476468889/344136553798522799707219225"",""777347913151648187614017834727112419049712042378916152/1966494593134415998326967"",""14055033440846813745573906354010385779528536030608848/280927799019202285475281""]",14055033440846813745573906354010385779528536030608848/280927799019202285475281,"[""16409765568681/1507197605200"",""207464511/26257798"",""1""]",168,211998863713000777690016162296916469936419814991335601089/344136553798522799707219225,61267671613057224752414670903808859811625326532495988714721/344136553798522799707219225,"{""place"":""17"",""prime"":17,""valuation"":0,""unit_modulus"":17,""unit_residue"":14,""unit_is_square"":false,""is_square"":false}"
170,14,"[""157667398014590887145933292513152385533315267316821060777927644816/40692106777750389026509585319965647025"",""2987314250478573239616537031678677362326501973609306901078735392/739856486868188891391083369453920855"",""16091496830306740185074597526765358763083896086710224683583376/13451936124876161661656061262798561""]",16091496830306740185074597526765358763083896086710224683583376/13451936124876161661656061262798561,"[""1193567829794798329/368491120580731225"",""3230636346564014/957119793716185"",""1""]",170,54383385500014265323837763827825916312778909361496078289357499537984/11760018858769862428661270157470071990225,54383385500014265323837763827825916312778909361496078289357499537984/40692106777750389026509585319965647025,"{""place"":""37"",""prime"":37,""valuation"":1,""unit_modulus"":37,""unit_residue"":7,""unit_is_square"":true,""is_square"":false}"
172,14,"[""7556030076899393232988300084837911664170246195816601701773134518399/24153236567177347854591610418735626562500"",""-1568393284225613321315746831940662539020846339869046020462926367683/24153236567177347854591610418735626562500"",""-1395209639459474514785908105109535438604944653264804286035213155839/96612946268709391418366441674942506250000""]",-1395209639459474514785908105109535438604944653264804286035213155839/96612946268709391418366441674942506250000,"[""-18328696488821182396/846091590414365039"",""62368175666183612/13870353941219099"",""1""]",172,8402261652158538189152989371410744906873107447151322940500989605859361/27921141471657014119907901644058384306250000,8402261652158538189152989371410744906873107447151322940500989605859361/96612946268709391418366441674942506250000,"{""place"":""37"",""prime"":37,""valuation"":0,""unit_modulus"":37,""unit_residue"":6,""unit_is_square"":false,""is_square"":false}"
173,14,"[""173605777259577032219831481933518878898883331902672530933952225/203226701515263844853600793834620164"",""-15169590535134749316910957576539389939137357969735940125459125/50806675378815961213400198458655041"",""-308714545443067714443636235123621038004792062646034063454375/50806675378815961213400198458655041""]",-308714545443067714443636235123621038004792062646034063454375/50806675378815961213400198458655041,"[""-891316665905613649/6339936923860700"",""15576565564074593/316996846193035"",""1""]",173,47066359435214323013161492028708470096825089379790972428034174025/58732516737911251162690629418205227396,47066359435214323013161492028708470096825089379790972428034174025/203226701515263844853600793834620164,"{""place"":""23"",""prime"":23,""valuation"":0,""unit_modulus"":23,""unit_residue"":7,""unit_is_square"":false,""is_square"":false}"
174,14,"[""581930564684126166937738810306639809308889253251493574272175/3216603793511270505666968666686242"",""4958768466325914989228971383541966176961632786457171839100/1608301896755635252833484333343121"",""-293380749003792053499903182131087936194317333591158127005775/25732830348090164045335749333489936""]",-293380749003792053499903182131087936194317333591158127005775/25732830348090164045335749333489936,"[""-30958987401470527864/1950999711875536079"",""-527617759892449216/1950999711875536079"",""1""]",174,1346829393877187516109763841438741692096803789868881772794922225/7436787970598057409102031557378591504,1346829393877187516109763841438741692096803789868881772794922225/25732830348090164045335749333489936,"{""place"":""7"",""prime"":7,""valuation"":4,""unit_modulus"":7,""unit_residue"":3,""unit_is_square"":false,""is_square"":false}"
175,14,"[""64912320931442794092657232242840541195076094638016726832868997856569/12437060726948193045491323118323634176"",""13681614732023039900472039802078305520293231693041795552335522687299/6218530363474096522745661559161817088"",""1738390020990135681927990060912541925246010482038686458296801592529/12437060726948193045491323118323634176""]",1738390020990135681927990060912541925246010482038686458296801592529/12437060726948193045491323118323634176,"[""4089361372976173131116041/109515495687057254792481"",""1801290537113725662046/114436254636423463733"",""1""]",175,5042707740510557195940860022135279111443528769353861344790508727246425/898577637522006947536748095298882569216,5042707740510557195940860022135279111443528769353861344790508727246425/3109265181737048261372830779580908544,"{""place"":""5"",""prime"":5,""valuation"":2,""unit_modulus"":5,""unit_residue"":2,""unit_is_square"":false,""is_square"":false}"
176,14,"[""19947228947609656407410236294456409960704274092107009753133648845225/287064448370981231114389679436795904"",""430547672083769685009066377250865232455761376669729069513970971005/20504603455070087936742119959771136"",""-992652836173680483017453562703822385851968180345724034085737631/5858458130020025124783462845648896""]",-992652836173680483017453562703822385851968180345724034085737631/5858458130020025124783462845648896,"[""-512307943606458750084796225/1249228792279625920993559"",""-22115652563983427710917610/178461256039946560141937"",""1""]",176,1517930610956562415936255246358466967236197029398394977497391994818081/20740406394803393948014654339308504064,1517930610956562415936255246358466967236197029398394977497391994818081/71766112092745307778597419859198976,"{""place"":""43"",""prime"":43,""valuation"":0,""unit_modulus"":43,""unit_residue"":26,""unit_is_square"":false,""is_square"":false}"
179,14,"[""14267764510911178604297077525261768578715825123090558783456115625/7743451082719899153771738261474512896"",""10852770910760752517759597456457440623622470293651422861343007875/3871725541359949576885869130737256448"",""11280786014809781203275325725543702681732499866788074080440189025/7743451082719899153771738261474512896""]",11280786014809781203275325725543702681732499866788074080440189025/7743451082719899153771738261474512896,"[""705129782036625/557509775111689"",""1072713525786870/557509775111689"",""1""]",179,1332973412671053851070703069222300846748489482331677321749941480025/559464340726512713860008089391533556736,1332973412671053851070703069222300846748489482331677321749941480025/1935862770679974788442934565368628224,"{""place"":""23"",""prime"":23,""valuation"":0,""unit_modulus"":23,""unit_residue"":15,""unit_is_square"":false,""is_square"":false}"
180,14,"[""2711964253255132274546011425293009684540576910019410025/11833301430138024469467136"",""-2222077076280549632323173602495625752582457033958579325/5916650715069012234733568"",""1277239282746122415423401973844278182929463070153784225/11833301430138024469467136""]",1277239282746122415423401973844278182929463070153784225/11833301430138024469467136,"[""19617059515249/9238941477481"",""-32146897364554/9238941477481"",""1""]",180,142150240238708066646411053054931118928795319290804616025/854956028327472267919000576,142150240238708066646411053054931118928795319290804616025/2958325357534506117366784,"{""place"":""17"",""prime"":17,""valuation"":-2,""unit_modulus"":17,""unit_residue"":10,""unit_is_square"":false,""is_square"":false}"
181,14,"[""126616631521537324622598026872931274841805034239446685281446056885814081/29484089203594307452512745515591483213420541444"",""-44613959538520979664852427928983379603948376594593827235821296210184197/7371022300898576863128186378897870803355135361"",""13760796045795639183861740574543256428885410952948400378299070115771289/7371022300898576863128186378897870803355135361""]",13760796045795639183861740574543256428885410952948400378299070115771289/7371022300898576863128186378897870803355135361,"[""10428788398705656001/4533636013999871076"",""-1224877380021253079/377803001166655923"",""1""]",181,96838572392784255968581166537882651285522701952280601051381081443911625/29484089203594307452512745515591483213420541444,27986347421514649974919957129448086221516060864209093703849132537290459625/29484089203594307452512745515591483213420541444,"{""place"":""5"",""prime"":5,""valuation"":3,""unit_modulus"":5,""unit_residue"":2,""unit_is_square"":false,""is_square"":false}"
183,14,"[""19334652963378501518182190719906889052691438453197906015199358889/82556996866777427320585139133559787776"",""-1986678293630523049639525281469467908593913762509103067759948291/41278498433388713660292569566779893888"",""-820291047242255054247671169898916416362295696923427177104947871/82556996866777427320585139133559787776""]",-820291047242255054247671169898916416362295696923427177104947871/82556996866777427320585139133559787776,"[""-334901653318266337301881/14208521272346634638159"",""68823769054307738696678/14208521272346634638159"",""1""]",183,21006605082190989422668720698492636569546819718460763597215451025/93199109744135455061129317224995229169,21006605082190989422668720698492636569546819718460763597215451025/322488269010849325471035699740467921,"{""place"":""29"",""prime"":29,""valuation"":3,""unit_modulus"":29,""unit_residue"":6,""unit_is_square"":true,""is_square"":false}"
184,14,"[""251931014909802843148860975037539058390594058757181921097625/900983818624293958686390300097908736"",""-797042000736191684129858416760730987699617710699757576795805/450491909312146979343195150048954368"",""3662379443093305555089179882857696219121646403978932982077489/900983818624293958686390300097908736""]",3662379443093305555089179882857696219121646403978932982077489/900983818624293958686390300097908736,"[""6229920691063188625/90565798257194492521"",""-39419588364779693290/90565798257194492521"",""1""]",184,6117798555420304971144470555493373275403873531315174800684729/65096080895605238515091699182073906176,6117798555420304971144470555493373275403873531315174800684729/225245954656073489671597575024477184,"{""place"":""17"",""prime"":17,""valuation"":-2,""unit_modulus"":17,""unit_residue"":7,""unit_is_square"":false,""is_square"":false}"
185,14,"[""7857478568600641990060597266219646345873461679121823632896/15619233260514083056802153184025"",""-8898443001392869920833676925742861444271311272868745728/6113202841688486519296341755"",""103848267920114654028975561725574033096031113825737728/174662938333956757694181193""]",103848267920114654028975561725574033096031113825737728/174662938333956757694181193,"[""29159173849424903/34462772745903950"",""-33022202249929/13488365066890"",""1""]",185,4134530703314511752671801365378336867294707443044444583936/15619233260514083056802153184025,1194879373257893896522150594594339354648170451039844484757504/15619233260514083056802153184025,"{""place"":""2"",""prime"":2,""valuation"":11,""unit_modulus"":8,""unit_residue"":7,""unit_is_square"":false,""is_square"":false}"
187,14,"[""23026722880171618579512104759987868325065611777596255931289/19713802368455648896958377824256"",""-6019680887041527318868468041150521204629325666433307667829/9856901184227824448479188912128"",""1306506170128556571937326491904703098884897473717371711969/19713802368455648896958377824256""]",1306506170128556571937326491904703098884897473717371711969/19713802368455648896958377824256,"[""3282496714647039289/186244574767779969"",""-81725264692157698/8868789274656189"",""1""]",187,1513118504355629748025462618466570777740433665753144231857921/1424322221120920632805242797802496,1513118504355629748025462618466570777740433665753144231857921/4928450592113912224239594456064,"{""place"":""17"",""prime"":17,""valuation"":-2,""unit_modulus"":17,""unit_residue"":3,""unit_is_square"":false,""is_square"":false}"
190,14,"[""27159164954128119811759517560915969669361425100903093382943198717946169/28443964659232514065893700230096822737637376"",""-19577288210385313462352437610755717320859099530073938406536035406796029/14221982329616257032946850115048411368818688"",""13736439056174974936338970066212646431901217559195669662897096486270289/28443964659232514065893700230096822737637376""]",13736439056174974936338970066212646431901217559195669662897096486270289/28443964659232514065893700230096822737637376,"[""12941728310504761/6545608545737041"",""-54714699272722/19195332978701"",""1""]",190,1493935806447324856716400667350886471401233665031553324292495671592420121/2055076446629549141260819841624495442794300416,1493935806447324856716400667350886471401233665031553324292495671592420121/7110991164808128516473425057524205684409344,"{""place"":""7"",""prime"":7,""valuation"":5,""unit_modulus"":7,""unit_residue"":2,""unit_is_square"":true,""is_square"":false}"
191,14,"[""31214148263108394876457303790881132214486300620357281682225893525/30729991236227418241538396771624939520256"",""-36481553430767061191151051650541114315368565308789258477118583725/15364995618113709120769198385812469760128"",""36730045744631756569809252318822988199234204751921987500339601525/30729991236227418241538396771624939520256""]",36730045744631756569809252318822988199234204751921987500339601525/30729991236227418241538396771624939520256,"[""2347699758713691589/2762565193365544869"",""-1829250280246334014/920855064455181623"",""1""]",191,4870537032700494538864218683459221837034649706361633156574605625/7682497809056854560384599192906234880064,1407585202450442921731759199519715110903013765138511982250061025625/7682497809056854560384599192906234880064,"{""place"":""29"",""prime"":29,""valuation"":2,""unit_modulus"":29,""unit_residue"":19,""unit_is_square"":false,""is_square"":false}"
193,14,"[""50628480437716751164269883314887752504179606455211072964206998671785497363/28441243179311283856029629507477211528300000000"",""-5528785951326553550967391843730431689932319123624323684219485307699302759/42661864768966925784044444261215817292450000000"",""-145967569767948149204756636550043669967145369203356997018954028659413170239/767913565841404664112799996701884711264100000000""]",-145967569767948149204756636550043669967145369203356997018954028659413170239/767913565841404664112799996701884711264100000000,"[""-2120413813399744632441/226421855671408192199"",""5323119937458242598/7807650195565799731"",""1""]",193,2699061800168572915501159889337320857423967304803435140447382894899580260129/1541159864778930193948605548936421399689756250000,2699061800168572915501159889337320857423967304803435140447382894899580260129/5332733096120865723005555532651977161556250000,"{""place"":""19"",""prime"":19,""valuation"":0,""unit_modulus"":19,""unit_residue"":12,""unit_is_square"":false,""is_square"":false}"
194,14,"[""1509158400476469074756464774196874158776641250333109791377/766878535881950099697303654400"",""72115982324860136106975649488698477067087248800347593967/76687853588195009969730365440"",""-1227056627662581206740197323641343809569526678118294644479/19171963397048752492432591360000""]",-1227056627662581206740197323641343809569526678118294644479/19171963397048752492432591360000,"[""-144764951503825/4708181543831"",""-69176745665750/4708181543831"",""1""]",194,2953026177108873142404683937160137321370117428939521353494441/1385174355436772367578254725760000,2953026177108873142404683937160137321370117428939521353494441/4792990849262188123108147840000,"{""place"":""23"",""prime"":23,""valuation"":1,""unit_modulus"":23,""unit_residue"":8,""unit_is_square"":true,""is_square"":false}"
195,14,"[""2641410071869656976790041865813440930821520505355350831402025/2568553382635569503338262437951246336"",""-6884998827575665316104918980802027473820941253931607655356525/1284276691317784751669131218975623168"",""31100353172716959091396690170547202710254218170816233089321025/2568553382635569503338262437951246336""]",31100353172716959091396690170547202710254218170816233089321025/2568553382635569503338262437951246336,"[""20998404628924002721/247238324324590853881"",""-9951571135210716382/22476211302235532171"",""1""]",195,85250202228016408968047643678300612767492845421004626808177225/185577981895419896616189461141977547776,85250202228016408968047643678300612767492845421004626808177225/642138345658892375834565609487811584,"{""place"":""23"",""prime"":23,""valuation"":0,""unit_modulus"":23,""unit_residue"":5,""unit_is_square"":false,""is_square"":false}"
196,14,"[""96866801334277352354105233670321053450348286060657256107763225/27347247737106211690909839595933696"",""46298176030756500963122408955515475049577677773395725382387475/13673623868553105845454919797966848"",""8590332425202515454133515498337818712932486095671315713334225/27347247737106211690909839595933696""]",8590332425202515454133515498337818712932486095671315713334225/27347247737106211690909839595933696,"[""53632450957475642841/4756227893942605201"",""1653807164255779482/153426706256213071"",""1""]",196,8198558133142535141915524970917600817655992544819338211391775625/1975838649005923794668235910806209536,8198558133142535141915524970917600817655992544819338211391775625/6836811934276552922727459898983424,"{""place"":""11"",""prime"":11,""valuation"":4,""unit_modulus"":11,""unit_residue"":8,""unit_is_square"":false,""is_square"":false}"
197,14,"[""8785844597947823011901840391442600133167514236726617896630001370660416/986963105174069956768109786396171766015625"",""-228863104166497724947443108541555515544511059902529345883111888038272/89723918652188177888009980581470160546875"",""-1525029898409736338434256524484111144405109118862945993367554679744/8156719877471652535273634598315469140625""]",-1525029898409736338434256524484111144405109118862945993367554679744/8156719877471652535273634598315469140625,"[""-416303659308583809/8743603183780751"",""834178789468206/61144078208257"",""1""]",197,8335834359204662366337582643183168156500635799232636196881893978841344/986963105174069956768109786396171766015625,2409056129810147423871561383879935597228683745978231860898867359885148416/986963105174069956768109786396171766015625,"{""place"":""31"",""prime"":31,""valuation"":0,""unit_modulus"":31,""unit_residue"":30,""unit_is_square"":false,""is_square"":false}"
198,14,"[""6132385866822638674175253823200786231372786412953509090989809051349430625/302823045019474871371717152056233171525247696896"",""-22686979635481749558861604514134204586652023768048624975392089245139935625/151411522509737435685858576028116585762623848448"",""69006459607070392122964228641627691758910248720953619163751652548073200625/302823045019474871371717152056233171525247696896""]",69006459607070392122964228641627691758910248720953619163751652548073200625/302823045019474871371717152056233171525247696896,"[""205102766563969/2307978669895441"",""-1517569960296274/2307978669895441"",""1""]",198,19811432289059412734860688059496894714605271872796738069956646442092705625/21878965002657059456606564236062846642699146100736,19811432289059412734860688059496894714605271872796738069956646442092705625/75705761254868717842929288014058292881311924224,"{""place"":""41"",""prime"":41,""valuation"":0,""unit_modulus"":41,""unit_residue"":7,""unit_is_square"":false,""is_square"":false}"
200,14,"[""1028671794200191289773119587887619864917008349031210261560840643953545/80403850760035351964515596694998331519303936"",""-1322731465096293455951797015100272143342704331139536476498451792767043/40201925380017675982257798347499165759651968"",""1366464354724639970546768065335435908208903661694587930078039125672705/80403850760035351964515596694998331519303936""]",1366464354724639970546768065335435908208903661694587930078039125672705/80403850760035351964515596694998331519303936,"[""1070003339326989/1421368244828261"",""-13758781884229206/7106841224141305"",""1""]",200,682287962017793398329176476356692599663826968941556001402121935044494/90768409647071159053691435331462960191714209,682287962017793398329176476356692599663826968941556001402121935044494/314077542031388093611389049589837232497281,"{""place"":""2"",""prime"":2,""valuation"":1,""unit_modulus"":8,""unit_residue"":7,""unit_is_square"":false,""is_square"":false}"
201,14,"[""608203437140495037027701810919058523686783123814305352359560321/23864072386670085456082735128678400"",""-5251784863673508783391782774633938053565344421120194006929837/477281447733401709121654702573568"",""883336059237817971185880585931599617840819765626128222346305/954562895466803418243309405147136""]",883336059237817971185880585931599617840819765626128222346305/954562895466803418243309405147136,"[""10132903058721/367917957625"",""-174993509274/14716718305"",""1""]",201,40644373136141031836718400103031495305725719738935907741067441761/1724179229936913674201977613047014400,40644373136141031836718400103031495305725719738935907741067441761/5966018096667521364020683782169600,"{""place"":""3"",""prime"":3,""valuation"":5,""unit_modulus"":3,""unit_residue"":2,""unit_is_square"":false,""is_square"":false}"
202,14,"[""46551847918905114034605370642557641309645176911774536742041438139444900/174609510475029837068445080230012025968655281"",""-10290667892402247969809202286937381686461506742491346322924408800177600/174609510475029837068445080230012025968655281"",""-1720030800709544290168617858831934005909223726116336873769386102182400/174609510475029837068445080230012025968655281""]",-1720030800709544290168617858831934005909223726116336873769386102182400/174609510475029837068445080230012025968655281,"[""-2947939625923235027569/108922570894568994944"",""1404453101543827579/234746920031398696"",""1""]",202,44682282729566357823284308783169081198701509585123651986563689614432100/174609510475029837068445080230012025968655281,12913179708844677410929165238335864466424736270100735424116906298570876900/174609510475029837068445080230012025968655281,"{""place"":""11"",""prime"":11,""valuation"":3,""unit_modulus"":11,""unit_residue"":2,""unit_is_square"":false,""is_square"":false}"
203,14,"[""19408771138426210063544973355799821105260257225327544074612818944/13344292306774543304786466706519140625"",""-180170298599543804459621877785729157384043523604167174306555904/1906327472396363329255209529502734375"",""-30276917313917844685647367364469933929581761887658912108125184/272332496056623332750744218500390625""]",-30276917313917844685647367364469933929581761887658912108125184/272332496056623332750744218500390625,"[""-1148527745101485767041/87791240714578107399"",""107693987033671294/126682887034023243"",""1""]",203,5531461941869699800666041800448911749371165243200514976095981010944/3856500476657843015083288878184031640625,5531461941869699800666041800448911749371165243200514976095981010944/13344292306774543304786466706519140625,"{""place"":""23"",""prime"":23,""valuation"":0,""unit_modulus"":23,""unit_residue"":22,""unit_is_square"":false,""is_square"":false}"
204,14,"[""5480567699448237207308734547967861414875191379826622724851776/5717025876112317463117865437890625"",""-843648037763924279592620046117012009496869048496818941557632/5717025876112317463117865437890625"",""-327521274253226344775490119965452038454891561256295759377344/5717025876112317463117865437890625""]",-327521274253226344775490119965452038454891561256295759377344/5717025876112317463117865437890625,"[""-11862331801708129/708898464606351"",""608673741884026/236299488202117"",""1""]",204,1537910323746301377550021250931055268068495963245249539628327936/1652220478196459746841063111550390625,1537910323746301377550021250931055268068495963245249539628327936/5717025876112317463117865437890625,"{""place"":""31"",""prime"":31,""valuation"":0,""unit_modulus"":31,""unit_residue"":27,""unit_is_square"":false,""is_square"":false}"
205,14,"[""39986260524982616379599388177709491151716008762201111380390329225/47436630780758560384434234265873441"",""-1305245911639479391801150673002803301304509723720259487555597000/47436630780758560384434234265873441"",""3005942206986656402340063748158823025494084163305459404164994000/47436630780758560384434234265873441""]",3005942206986656402340063748158823025494084163305459404164994000/47436630780758560384434234265873441,"[""1457922405503612281/109598407945068240"",""-12793018288121/29461937619642"",""1""]",205,11516515230089242592343425072768329381708843293836137089704954645025/13709186295639223951101493702837424449,11516515230089242592343425072768329381708843293836137089704954645025/47436630780758560384434234265873441,"{""place"":""11"",""prime"":11,""valuation"":4,""unit_modulus"":11,""unit_residue"":10,""unit_is_square"":false,""is_square"":false}"
207,14,"[""145843797262458576831675691943039631192205572207174990888381596240625/80343260678673477576900899779850260175521"",""-6409479434462184366023333485870226303569123260932958577140049317000/4228592667298604082994784198939487377659"",""47330207503911265473931839775042286460318494022601032570381183099600/80343260678673477576900899779850260175521""]",47330207503911265473931839775042286460318494022601032570381183099600/80343260678673477576900899779850260175521,"[""63704902811625/20673942434896"",""-6649228635435/2584242804362"",""1""]",207,125827140845646620909837548033583338077964693336446175773795862191225/80343260678673477576900899779850260175521,36364043704391873442943051381705584704531796374232944798627004173264025/80343260678673477576900899779850260175521,"{""place"":""7"",""prime"":7,""valuation"":0,""unit_modulus"":7,""unit_residue"":6,""unit_is_square"":false,""is_square"":false}"
208,14,"[""-7996458858603570438918430708474394824058626113986129403062156920521776490096/106931995585437629966910183098259712226455473846025"",""100789730674967910474495949382706948428710834341257598109762853978596745074656/534659977927188149834550915491298561132277369230125"",""1058179091645289308151430273671815087382792806611625742563694826901498254029456/2673299889635940749172754577456492805661386846150625""]",1058179091645289308151430273671815087382792806611625742563694826901498254029456/2673299889635940749172754577456492805661386846150625,"[""-3259904876557775/17255453905897321"",""8217760895018230/17255453905897321"",""1""]",208,-78025682029364621027080700045297214422343168363406455834122154131882978756544/2673299889635940749172754577456492805661386846150625,-22549422106486375476826322313090894968057175657024465736061302544114180860641216/2673299889635940749172754577456492805661386846150625,"{""place"":""real"",""sign"":-1}"
209,14,"[""1206479333373398356646293732671978134949908057451225/212067210792307071232577536"",""-6854153467251069203788159098205577113464037423621725/106033605396153535616288768"",""29037567001237906021913409164862218060117080595482225/212067210792307071232577536""]",29037567001237906021913409164862218060117080595482225/212067210792307071232577536,"[""10398423866769/250269458735209"",""-6949963567434/14721732866777"",""1""]",209,-77087390400999809271965966082186178228161473396775/53016802698076767808144384,-22278255825888944879598164197751805507938665811667975/53016802698076767808144384,"{""place"":""real"",""sign"":-1}"
210,14,"[""145068610912820203303414046605247106344180169847047871653786475422736/4194647241398958417577926951098516158578025"",""-828867286055001650783798117508950906943236828259720381982548497139232/4194647241398958417577926951098516158578025"",""104637264866631934320190314440467990709964611639927975058991083534032/838929448279791683515585390219703231715605""]",104637264866631934320190314440467990709964611639927975058991083534032/838929448279791683515585390219703231715605,"[""2348884349322172847929/8471192777492505987865"",""-327332648211331013378/206614457987622097265"",""1""]",210,15090913093420040169970656144570854883430444181134443960169262291008/4194647241398958417577926951098516158578025,4361273883998391609121519625780977061311398368347854304488916802101312/4194647241398958417577926951098516158578025,"{""place"":""5"",""prime"":5,""valuation"":-2,""unit_modulus"":5,""unit_residue"":3,""unit_is_square"":false,""is_square"":false}"
211,14,"[""4830008282524820726083778372173885631136192534636552149759918025/5151204204622568215982552246068842496"",""1058565599527484412134877594073275414626822010814879697646240675/2575602102311284107991276123034421248"",""-559551127105975256868388728106994864704803521986753237802507775/5151204204622568215982552246068842496""]",-559551127105975256868388728106994864704803521986753237802507775/5151204204622568215982552246068842496,"[""-25867793748848770009/2996755347249003119"",""-11338596125093785766/2996755347249003119"",""1""]",211,1296548550741801749622970558478169624487847972244983149913763225/1287801051155642053995638061517210624,374702531164380705641038491400191021476988063978800130325077572025/1287801051155642053995638061517210624,"{""place"":""11"",""prime"":11,""valuation"":2,""unit_modulus"":11,""unit_residue"":2,""unit_is_square"":false,""is_square"":false}"
212,14,"[""15318041580943399479163811503960741919980422726230998099191235830729/242159792203894569686601516926320992100"",""-330328579507495729462043393114369372436519613053340212940215280689/12107989610194728484330075846316049605"",""21910388461456190584228144652474639465279792490598153692171114009/2421597922038945696866015169263209921""]",21910388461456190584228144652474639465279792490598153692171114009/2421597922038945696866015169263209921,"[""6828686950146482407/976751388020264700"",""-343602958588965203/113954328602364215"",""1""]",212,4109698215410307376952862593855224830507843975807889771790201571386001/69984179946925530639427838391706766716900,4109698215410307376952862593855224830507843975807889771790201571386001/242159792203894569686601516926320992100,"{""place"":""7"",""prime"":7,""valuation"":2,""unit_modulus"":7,""unit_residue"":5,""unit_is_square"":false,""is_square"":false}"
213,14,"[""5190338525462850647757788495141134284147505781204496/517895713458217266798025"",""2591814260351179725648524471271387348074922811553088/103579142691643453359605"",""489978679112285553178641067103969730732190779773760/20715828538328690671921""]",489978679112285553178641067103969730732190779773760/20715828538328690671921,"[""206959222412089/488434453408500"",""8612152838191/8140574223475"",""1""]",213,2271165673048578916707568855368384771292477413163232784/149671861189424790104629225,2271165673048578916707568855368384771292477413163232784/517895713458217266798025,"{""place"":""31"",""prime"":31,""valuation"":1,""unit_modulus"":31,""unit_residue"":11,""unit_is_square"":false,""is_square"":false}"
214,14,"[""101297859944706480520166526355076172318550867828939527737845824/13622076069735603233255248709100625"",""57990668311407181707166952389428618854640364902434252274267264/13622076069735603233255248709100625"",""31578945835489519550888952987338608591445559478625472860429376/13622076069735603233255248709100625""]",31578945835489519550888952987338608591445559478625472860429376/13622076069735603233255248709100625,"[""743970575529/231927964921"",""425905847394/231927964921"",""1""]",214,112514934672738217347237513028940902556992627847388580062176256/13622076069735603233255248709100625,32516816120421344813351641265363920838970869447895299637968937984/13622076069735603233255248709100625,"{""place"":""3"",""prime"":3,""valuation"":9,""unit_modulus"":3,""unit_residue"":1,""unit_is_square"":true,""is_square"":false}"
215,14,"[""1467252806746162988136670938722141322600920664876464642183424/601785821686152954650953949250625"",""-1198274701233055495700526034009396957423768901195942858942976/601785821686152954650953949250625"",""1803780390858224549097549643193019570536489937133397904435456/601785821686152954650953949250625""]",1803780390858224549097549643193019570536489937133397904435456/601785821686152954650953949250625,"[""152666609154361/187682064512209"",""-124679628917114/187682064512209"",""1""]",215,1311965657108924893538577925069054579715855597309708570674176/601785821686152954650953949250625,379158074904479294232649020344956773537882267622505776924836864/601785821686152954650953949250625,"{""place"":""13"",""prime"":13,""valuation"":4,""unit_modulus"":13,""unit_residue"":8,""unit_is_square"":false,""is_square"":false}"
216,14,"[""5246569104574493335689954288700071900865776842782280039212964123475/18027450363231270254719091134032268096324"",""-1091638688716685649565376102832759865199137233658730262517947235725/18027450363231270254719091134032268096324"",""-521148554813589073103639264448736336301647220057877721798419113775/72109801452925081018876364536129072385296""]",-521148554813589073103639264448736336301647220057877721798419113775/72109801452925081018876364536129072385296,"[""-51717095113837233872236/1284281634365277500631"",""512410888761580577476/61156268303108452411"",""1""]",216,5837649255396588121888317679379361477873499209609413852280339518625225/20839732619895348414455269350941301919350544,5837649255396588121888317679379361477873499209609413852280339518625225/72109801452925081018876364536129072385296,"{""place"":""19"",""prime"":19,""valuation"":1,""unit_modulus"":19,""unit_residue"":4,""unit_is_square"":true,""is_square"":false}"
217,14,"[""1017716668001111927737993774050267592124787737595329825658408697225/2798881999687930783917555270184264667136"",""-591476369377355495055705316853433321469796355546589218451841568925/1399440999843965391958777635092132333568"",""1287618278232677393093914996279368685256492754544188931106403513025/2798881999687930783917555270184264667136""]",1287618278232677393093914996279368685256492754544188931106403513025/2798881999687930783917555270184264667136,"[""13191225115399969/16689578843423641"",""-326232917952502/355097422200503"",""1""]",217,61344522969981295789610873336997863375363215672548979928287476271225/202219224477452999138043368270813122200576,61344522969981295789610873336997863375363215672548979928287476271225/699720499921982695979388817546066166784,"{""place"":""23"",""prime"":23,""valuation"":0,""unit_modulus"":23,""unit_residue"":20,""unit_is_square"":false,""is_square"":false}"
218,14,"[""178261549292846841559214098862642470680229348029796022303040099051200806912/57260372952375754465379496419929507658026171875"",""-180846646128292530560138028350943009830142141480794598025349041468389376/4259036004722163555276160890738558420844921875"",""-43134126487053986601403216240352641726602445840045875797149500288644812544/114993972127498415992456344049941077362812890625""]",-43134126487053986601403216240352641726602445840045875797149500288644812544/114993972127498415992456344049941077362812890625,"[""-2915003521238476581174985344/351221837956218800211367991"",""328586227720752352036968/2902659817819990084391471"",""1""]",218,4783417390544558106192103767962821872414966384998681178774821856598233846016/1546030069714145370565246403338096706766706640625,1382407625867377292689517988941255521127925285264618860665923516556889581498624/1546030069714145370565246403338096706766706640625,"{""place"":""7"",""prime"":7,""valuation"":2,""unit_modulus"":7,""unit_residue"":5,""unit_is_square"":false,""is_square"":false}"
219,14,"[""18946822498897079778235951160194284699118076851396745747128159684367928201/9469899909632324163081987486883467880960000"",""-3939125014462190866188146516529011134274813930054003227852415101118780301/4734949954816162081540993743441733940480000"",""1143093044789840557329490528537338107827581805910787343515153885330855201/9469899909632324163081987486883467880960000""]",1143093044789840557329490528537338107827581805910787343515153885330855201/9469899909632324163081987486883467880960000,"[""830942968188897347481/50132159501100834481"",""-9338193441641896626/1354923229759482013"",""1""]",219,1271032197027305288143741088841756296329885356360337069442682048359048339049/684200268470935420782673595927330554399360000,1271032197027305288143741088841756296329885356360337069442682048359048339049/2367474977408081040770496871720866970240000,"{""place"":""7"",""prime"":7,""valuation"":0,""unit_modulus"":7,""unit_residue"":6,""unit_is_square"":false,""is_square"":false}"
220,14,"[""114032166086816938905910140946975967487232941806841935352985322496/113945113750395553588156943355930750625"",""54503355753423705008543501537956226037020729884949298826206609408/113945113750395553588156943355930750625"",""20897350096019616398570282304061714024446055926129690925456490496/113945113750395553588156943355930750625""]",20897350096019616398570282304061714024446055926129690925456490496/113945113750395553588156943355930750625,"[""2614648366825336249/479156225603362624"",""39053429779271011/14973632050105082"",""1""]",220,124301187866362909504605127518506496740202048130259172233489286144/113945113750395553588156943355930750625,35923043293378880846830881852848377557918391909644900775478403695616/113945113750395553588156943355930750625,"{""place"":""7"",""prime"":7,""valuation"":3,""unit_modulus"":7,""unit_residue"":4,""unit_is_square"":true,""is_square"":false}"
221,14,"[""6560832894498955506707385397883016310615796482909326812751249884025/131584992982359548409744479885952188747776"",""846903182872063174731576712199386400706981899928672590938453927875/65792496491179774204872239942976094373888"",""-1121552119095930653292360774995731955420823948335817585251555787375/131584992982359548409744479885952188747776""]",-1121552119095930653292360774995731955420823948335817585251555787375/131584992982359548409744479885952188747776,"[""-11768677986321/2011815564695"",""-607662533406/402363112939"",""1""]",221,493092715522821302345355989414391884760322480454624423723392378760025/9507015742975477372604038671760045637026816,493092715522821302345355989414391884760322480454624423723392378760025/32896248245589887102436119971488047186944,"{""place"":""3"",""prime"":3,""valuation"":10,""unit_modulus"":3,""unit_residue"":2,""unit_is_square"":false,""is_square"":false}"
222,14,"[""943665914252649792379834487598946918042553573241598950433093468411225/56164689738510861998084610208141190084694016"",""-520072154959916517300310589524229510716665352474679456914699960024925/28082344869255430999042305104070595042347008"",""1436684221075268253411388748390749615466334583266335268625980198615025/56164689738510861998084610208141190084694016""]",1436684221075268253411388748390749615466334583266335268625980198615025/56164689738510861998084610208141190084694016,"[""58789101232336289208962881/89503470281200727419484569"",""-64799573883670059629654986/89503470281200727419484569"",""1""]",222,58150561850695429878460746380035248940098781990950452371874609558959225/4057898833607409779361613087538200983619142656,58150561850695429878460746380035248940098781990950452371874609558959225/14041172434627715499521152552035297521173504,"{""place"":""7"",""prime"":7,""valuation"":5,""unit_modulus"":7,""unit_residue"":1,""unit_is_square"":true,""is_square"":false}"
224,14,"[""270863126809786108175266560925847672367666518569101038967485911502025/9777419748516452505846883128629689992069376"",""-725348381818841594414158903207090015885301874640342305334428209945475/4888709874258226252923441564314844996034688"",""1976549040636391491927795983914491756004376498924008583116640523017025/9777419748516452505846883128629689992069376""]",1976549040636391491927795983914491756004376498924008583116640523017025/9777419748516452505846883128629689992069376,"[""126325512982987780093129/921825626231393816478529"",""-29416431610555615198954/40079375053538861586023"",""1""]",224,86261133079038539295929655608114146476539926341685009240396545768750/11037790262973651461678707906929610967609569,86261133079038539295929655608114146476539926341685009240396545768750/38193045892642392600964387221209726531521,"{""place"":""2"",""prime"":2,""valuation"":1,""unit_modulus"":8,""unit_residue"":7,""unit_is_square"":false,""is_square"":false}"
225,14,"[""109977313004189905017899557889603929600146788653472226680246925642733126656/37415554598047602530086467793210239324899574025"",""3932692842853199952207737661938255896277486777466510193000308014071535616/7483110919609520506017293558642047864979914805"",""-791505824890693117598155627074753695149370034242915469538908553174883328/1496622183921904101203458711728409572995982961""]",-791505824890693117598155627074753695149370034242915469538908553174883328/1496622183921904101203458711728409572995982961,"[""-23422748680231001501449/4214333281321240807175"",""-837577074566136437414/842866656264248161435"",""1""]",225,112831111842692188880714049542553534002022743222846981415779189030705074176/37415554598047602530086467793210239324899574025,32608191322538042586526360317797971326584572791402777629160185629873766436864/37415554598047602530086467793210239324899574025,"{""place"":""17"",""prime"":17,""valuation"":0,""unit_modulus"":17,""unit_residue"":14,""unit_is_square"":false,""is_square"":false}"
226,14,"[""-1722150667602344675190815579613604867784742944433587107366556775/4030378609726895562346337425369993216"",""1694344745496987391443279353634081216212297830130161885063971075/2015189304863447781173168712684996608"",""6995218301082094573838788198359911050653805874975268843838295025/4030378609726895562346337425369993216""]",6995218301082094573838788198359911050653805874975268843838295025/4030378609726895562346337425369993216,"[""-18204091817999/73943353874569"",""35820335466134/73943353874569"",""1""]",226,-65480353546661511509595528663104080820063019848313185539466300775/291194854552768204379522878982982009856,-65480353546661511509595528663104080820063019848313185539466300775/1007594652431723890586584356342498304,"{""place"":""real"",""sign"":-1}"
228,14,"[""5247405943148251077390549210460050096064108444287621707172445496601/1509907355411530900567001637201227259314176"",""-10103895290178698435390145722712736051924684750779264491854482561429/754953677705765450283500818600613629657088"",""7970658309708089997421815378996832859600349822675224540740382812641/1509907355411530900567001637201227259314176""]",7970658309708089997421815378996832859600349822675224540740382812641/1509907355411530900567001637201227259314176,"[""15218869561/23117024001"",""-19535984846/7705674667"",""1""]",228,482386611383209455824282176918016346196031699155462557154275927825/377476838852882725141750409300306814828544,139409730689747532733217549129306724050653161055928679017585743141425/377476838852882725141750409300306814828544,"{""place"":""5"",""prime"":5,""valuation"":2,""unit_modulus"":5,""unit_residue"":2,""unit_is_square"":false,""is_square"":false}"
229,14,"[""-4548732016680337378322296868190687474098440058463191468267606975/6278918156835191073771250554433075456"",""378298700917396662682226388777878418080396782824089181990256775/285405370765235957898693207019685248"",""80043059248712207473545963294493585455067554579051586505943025/51891885593679265072489674003579136""]",80043059248712207473545963294493585455067554579051586505943025/51891885593679265072489674003579136,"[""-7017309451059431/14941332355006849"",""68658798812414/79900173021427"",""1""]",229,-43412928139568060816770881956673095824376914988681179413456875/98108096200549860527675789913016804,-12546336232335169576046784885478524693244928431728860850489036875/98108096200549860527675789913016804,"{""place"":""real"",""sign"":-1}"
230,14,"[""38056290866926648530344902584431558906200581225269752141397965146317376/27171822562854427910662687763510068049634025"",""-3403480315980453836542961994626969561083053712946027237300011394818176/5434364512570885582132537552702013609926805"",""116742663282234071134727510901903570355703037014248456674806120353344/1086872902514177116426507510540402721985361""]",116742663282234071134727510901903570355703037014248456674806120353344/1086872902514177116426507510540402721985361,"[""3743028262778973563206895161/287055752270675891460300225"",""-12398128340086164751653318/2126338905708710307113335"",""1""]",230,35144109616627295373552025011154918993584160763425354069565191690957056/27171822562854427910662687763510068049634025,10156647679205288362956535228223771589145822460629927326104340398686589184/27171822562854427910662687763510068049634025,"{""place"":""59"",""prime"":59,""valuation"":2,""unit_modulus"":59,""unit_residue"":2,""unit_is_square"":false,""is_square"":false}"
231,14,"[""14866530212226737716388679275042049151796922301473090060006501998404/5277976660473599183102093921896409405625"",""10149291464885795632875410763789639899368088953193007218633621815424/15833929981420797549306281765689228216875"",""-25756753247360289789421716439463793855909233977269917384742618040064/47501789944262392647918845297067684650625""]",-25756753247360289789421716439463793855909233977269917384742618040064/47501789944262392647918845297067684650625,"[""-3624533520180714094839472161/697735967104755727077961664"",""-1516205518411101747542763/1282602880707271557128606"",""1""]",231,68330771749161483060450420254242403526376913853944394197215040836/23457674046549329702675972986206264025,19747593035507668604470171453476054619122928103789929922995146801604/23457674046549329702675972986206264025,"{""place"":""11"",""prime"":11,""valuation"":2,""unit_modulus"":11,""unit_residue"":10,""unit_is_square"":false,""is_square"":false}"
232,14,"[""-5962660582366544537205240476137751844439349107288853700749170821813258100464/137596136543429165141073522157599957052509750390625"",""17006359422797826808428824542325684739681634846279456216627409209126179461088/137596136543429165141073522157599957052509750390625"",""31504858294505013812633181211689013684044922087013595627823119992726608828176/137596136543429165141073522157599957052509750390625""]",31504858294505013812633181211689013684044922087013595627823119992726608828176/137596136543429165141073522157599957052509750390625,"[""-1080673690091609248199991/5709946256143114935312169"",""83303667016871008460406/154322871787651755008437"",""1""]",232,-1980418176784418960929916315017298401947419432744304815979600061951754183616/137596136543429165141073522157599957052509750390625,-572340853090697079708745815039999238162804216063104091818104417904056959065024/137596136543429165141073522157599957052509750390625,"{""place"":""real"",""sign"":-1}"
233,14,"[""486255911865688117112130730025392260672758104781969761755466221113822784/56918231404714157019487051761629508573867025"",""124825129313519481174983416877236119746972905797613036934829855802951296/5174384673155832456317004705602682597624275"",""276809436675309770021171608314543063298722320656301778289673265511096896/11759965166263255582538647058187914994600625""]",276809436675309770021171608314543063298722320656301778289673265511096896/11759965166263255582538647058187914994600625,"[""3412599312921865225/9402571782736038841"",""876036959419758650/854779252976003531"",""1""]",233,19257151828342974772205338503775892936831421861785352969729018551298775296/1422955785117853925487176294040737714346675625,5565316878391119709167342827591233058744280918055967008251686361325346060544/1422955785117853925487176294040737714346675625,"{""place"":""7"",""prime"":7,""valuation"":3,""unit_modulus"":7,""unit_residue"":2,""unit_is_square"":true,""is_square"":false}"
234,14,"[""39607874710462551067013059904194511378101650917129682281595456/11976404721792318887793568969140625"",""66990434230116616474656816808120225183773524444615490237683328/11976404721792318887793568969140625"",""162405651503760128290341018139608830647021815311704559671703616/11976404721792318887793568969140625""]",162405651503760128290341018139608830647021815311704559671703616/11976404721792318887793568969140625,"[""2467806263354343079249/10118838410667186534889"",""4173902649066886097962/10118838410667186534889"",""1""]",234,56487331489942788419333360321047836499885893423983422901551104/11976404721792318887793568969140625,16324838800593465853187341132782824748467023199531209218548269056/11976404721792318887793568969140625,"{""place"":""2"",""prime"":2,""valuation"":15,""unit_modulus"":8,""unit_residue"":7,""unit_is_square"":false,""is_square"":false}"
235,14,"[""35058482584836375205058762445429107553758550752858194125652257907953/15798220410063518089172622813115769962801250"",""-18670664397945043971128680658582484807388268061118247609355872419767/15798220410063518089172622813115769962801250"",""895080721039174871221409631886282112735036017188799014063134154389601/126385763280508144713380982504926159702410000""]",895080721039174871221409631886282112735036017188799014063134154389601/126385763280508144713380982504926159702410000,"[""7088586211133064/22622402587076161"",""-3775081077274296/22622402587076161"",""1""]",235,81493307151132695374868043752106981877490680126371090920459031725428809/36525485588066853822167103943923660153996490000,81493307151132695374868043752106981877490680126371090920459031725428809/126385763280508144713380982504926159702410000,"{""place"":""29"",""prime"":29,""valuation"":0,""unit_modulus"":29,""unit_residue"":3,""unit_is_square"":false,""is_square"":false}"
236,14,"[""23304350954999147136720610349860604566962924782214317755419962841/10479163625615785936620679759936946176"",""-4993090807734245490713418857502680572670660155016452427499729573/5239581812807892968310339879968473088"",""536536552253075262527757838530735941251411580787160429245603009/10479163625615785936620679759936946176""]",536536552253075262527757838530735941251411580787160429245603009/10479163625615785936620679759936946176,"[""92998880670609/2141115146041"",""-39851086786554/2141115146041"",""1""]",236,1557622748144034539955559372047804481227785157618836031893651817921/757119571950740533920844112655444361216,1557622748144034539955559372047804481227785157618836031893651817921/2619790906403946484155169939984236544,"{""place"":""7"",""prime"":7,""valuation"":3,""unit_modulus"":7,""unit_residue"":3,""unit_is_square"":false,""is_square"":false}"
237,14,"[""72205949237550712620621547580604767334510355529721871223430772817961/75130407635479669788746522410653143846560000"",""-230746205043874852241029083852645317071260194986548933286049913595371/37565203817739834894373261205326571923280000"",""296640341667562291973020464457518551894020272804955626528528896574481/75130407635479669788746522410653143846560000""]",296640341667562291973020464457518551894020272804955626528528896574481/75130407635479669788746522410653143846560000,"[""165828643929/681266102209"",""-13764498894/8847611717"",""1""]",237,18273284140338227060076217853474772673989292284847299236909794269/339260746978962883889808515260605602682122500,18273284140338227060076217853474772673989292284847299236909794269/1173912619304369840449164412666455372602500,"{""place"":""2"",""prime"":2,""valuation"":-2,""unit_modulus"":8,""unit_residue"":5,""unit_is_square"":false,""is_square"":false}"
238,14,"[""450071477623414012797835338727533793066112111204455219467369/627192898841124348346179742928896"",""-40764127757095344172594955003090508738691224615745090882989/313596449420562174173089871464448"",""-30986883687011923979796692104783664299667193950241470353791/627192898841124348346179742928896""]",-30986883687011923979796692104783664299667193950241470353791/627192898841124348346179742928896,"[""-178459887372459001/12286750100246639"",""32327139177011962/12286750100246639"",""1""]",238,31408458512189954319287889313249745331515722620432346480705161/45314686941271234168011486426612736,31408458512189954319287889313249745331515722620432346480705161/156798224710281087086544935732224,"{""place"":""29"",""prime"":29,""valuation"":2,""unit_modulus"":29,""unit_residue"":3,""unit_is_square"":false,""is_square"":false}"
239,14,"[""-18077298949451644486062336015208587476614671967965872880854054775/6143145109199057908909202176437784576"",""-2939695895786885111612890100199297664073557993144298858137007685/3071572554599528954454601088218892288"",""7937163818577129152323308554517419985862120707933172898906415249/6143145109199057908909202176437784576""]",7937163818577129152323308554517419985862120707933172898906415249/6143145109199057908909202176437784576,"[""-3614325315292775/1586934652202529"",""-402709621830/543656955191"",""1""]",239,-1363188475848648343871405030406238340651096006917864297501659719151/443842234139631933918689857247629935616,-1363188475848648343871405030406238340651096006917864297501659719151/1535786277299764477227300544109446144,"{""place"":""real"",""sign"":-1}"
240,14,"[""4890383822081142630126972856081166342067828024050534507544155625/77289804010247749001204389093052416"",""1974308436493408300683150010296861848389908680794387455301513875/38644902005123874500602194546526208"",""696108428688750124293742888356459095932808131964208322390097025/77289804010247749001204389093052416""]",696108428688750124293742888356459095932808131964208322390097025/77289804010247749001204389093052416,"[""19237399038025/2738295418849"",""15532751865190/2738295418849"",""1""]",240,405241340240494154473755035613236278314192064394827467005631566025/5584188339740399865337017111973037056,405241340240494154473755035613236278314192064394827467005631566025/19322451002561937250301097273263104,"{""place"":""11"",""prime"":11,""valuation"":1,""unit_modulus"":11,""unit_residue"":10,""unit_is_square"":false,""is_square"":false}"
242,14,"[""170632848048448925038309743060173561107210198801563637097864285625/458104479520253895040677628684862276571136"",""14659097101467594896291202341339511009843328678937135301764080755/229052239760126947520338814342431138285568"",""490650727283304894028609100241688296052040883709750779471500578161/458104479520253895040677628684862276571136""]",490650727283304894028609100241688296052040883709750779471500578161/458104479520253895040677628684862276571136,"[""67244333264763345625/193359493200682017169"",""11553944297662138790/193359493200682017169"",""1""]",242,13805994383975294515437675071345495986864033733072808984326554996521/33098048645338343916688958672481299482264576,13805994383975294515437675071345495986864033733072808984326554996521/114526119880063473760169407171215569142784,"{""place"":""47"",""prime"":47,""valuation"":0,""unit_modulus"":47,""unit_residue"":41,""unit_is_square"":false,""is_square"":false}"
243,14,"[""3186914498167878877144053601523453367561551464645755998649/15627465997996967004768822562816"",""-2335823126156506318727997757880622265351531237241924534253/7813732998998483502384411281408"",""2204343625259500632802719990481169771485606963584738113841/15627465997996967004768822562816""]",2204343625259500632802719990481169771485606963584738113841/15627465997996967004768822562816,"[""1107993718881/766383563929"",""-1624190014314/766383563929"",""1""]",243,175650855932472214169900049862696270025700662439052456035081/1129084418355280866094547430163456,175650855932472214169900049862696270025700662439052456035081/3906866499499241751192205640704,"{""place"":""23"",""prime"":23,""valuation"":0,""unit_modulus"":23,""unit_residue"":22,""unit_is_square"":false,""is_square"":false}"
244,14,"[""164352295685983087258877030186161525220756677466964874398635721/76477446181596204457388763389956096"",""16320508530141042713057168278905442519800741465190208925100275/38238723090798102228694381694978048"",""18793262284376827440743950529734441803133763096859093671846625/76477446181596204457388763389956096""]",18793262284376827440743950529734441803133763096859093671846625/76477446181596204457388763389956096,"[""2973828876957377209/340049683153164625"",""23624567871589238/13601987326126585"",""1""]",244,12332911170970722505378497110754161475511639821318495463653142761/5525495486620325772046338154924327936,12332911170970722505378497110754161475511639821318495463653142761/19119361545399051114347190847489024,"{""place"":""31"",""prime"":31,""valuation"":1,""unit_modulus"":31,""unit_residue"":15,""unit_is_square"":false,""is_square"":false}"
245,14,"[""-1723841397456799907482973491554381994891532283390230243806617024/4411728838846491517896536262561127681"",""5436394211844853898347783006164909639021234944105787969702365184/4411728838846491517896536262561127681"",""9028026450521320839758579540458532885022767680073281725631156224/4411728838846491517896536262561127681""]",9028026450521320839758579540458532885022767680073281725631156224/4411728838846491517896536262561127681,"[""-23034088679/120633117504"",""756682059/1256594974"",""1""]",245,-483328100367597705498322456334530134838633005639175842472703424/4411728838846491517896536262561127681,-139681821006235736889015189880679208968364938629721818474611289536/4411728838846491517896536262561127681,"{""place"":""real"",""sign"":-1}"
246,14,"[""171671332514586344652907570020265981095261386918763780048724414778340441/2024900309984967273230745302999493031419252736"",""1589350462950057734040861630178838145375217385487242885514543384868319475/1012450154992483636615372651499746515709626368"",""481478077772300903037027481668067295462241882509071146875508340647087825/2024900309984967273230745302999493031419252736""]",481478077772300903037027481668067295462241882509071146875508340647087825/2024900309984967273230745302999493031419252736,"[""303346593949580631529/850781157309470867425"",""224673062166450965302/34031246292378834697"",""1""]",246,54015016254393012651047855337277741255990722770450786769611089048333191081/146299047396413885490921348141713371520041010176,54015016254393012651047855337277741255990722770450786769611089048333191081/506225077496241818307686325749873257854813184,"{""place"":""7"",""prime"":7,""valuation"":0,""unit_modulus"":7,""unit_residue"":6,""unit_is_square"":false,""is_square"":false}"
248,14,"[""1619240941401113106545685621749809143999219013237907349769301030625/12810844769080673001467208977920164682936576"",""-1133937403427771427066836498898611996570454843408791571330804270375/6405422384540336500733604488960082341468288"",""5656733797451119308401779568721405813601740859736326119564555966225/12810844769080673001467208977920164682936576""]",5656733797451119308401779568721405813601740859736326119564555966225/12810844769080673001467208977920164682936576,"[""522826882050093408225/1826468450921000333329"",""-732260334970447153230/1826468450921000333329"",""1""]",248,25200601318271817250406364869783066955500223033480338680229185373025/231395883641519656089001462163682974585541904,25200601318271817250406364869783066955500223033480338680229185373025/800677798067542062591700561120010292683536,"{""place"":""3"",""prime"":3,""valuation"":7,""unit_modulus"":3,""unit_residue"":1,""unit_is_square"":true,""is_square"":false}"
249,14,"[""152963777397085734284648691543778524738161242008768559521849/4121679572103043446021789634816"",""-21382868094578376765163737899302286764859770796874485458971/2060839786051521723010894817408"",""2888350339531307557877719955238596905914010336065009864609/4121679572103043446021789634816""]",2888350339531307557877719955238596905914010336065009864609/4121679572103043446021789634816,"[""1583314844149666003944681/29897064818247454599121"",""-63237777205911139317114/4271009259749636371303"",""1""]",249,657054285549477571034963594844067308929158256441835957402825/18611959317777805560942143819716,657054285549477571034963594844067308929158256441835957402825/64401243314110053844090463044,"{""place"":""5"",""prime"":5,""valuation"":2,""unit_modulus"":5,""unit_residue"":3,""unit_is_square"":false,""is_square"":false}"
251,14,"[""760360678617198243154825290778884980748773668393926576453025/689652775008377141756843876659456"",""86272853287860579631446479781736850028515602206661626170425/344826387504188570878421938329728"",""-138547679085544439030092634333349000481122393856131255937775/689652775008377141756843876659456""]",-138547679085544439030092634333349000481122393856131255937775/689652775008377141756843876659456,"[""-17476580229382632961/3184461923434487951"",""-3965892725660338994/3184461923434487951"",""1""]",251,14206071127747635715180076016489673570935880002888692822554225/12456853248588812122982992522161424,14206071127747635715180076016489673570935880002888692822554225/43103298438023571359802742291216,"{""place"":""13"",""prime"":13,""valuation"":0,""unit_modulus"":13,""unit_residue"":8,""unit_is_square"":false,""is_square"":false}"
253,14,"[""-531843644438996748572051942603745694463477985058150944375/2255639553766600984318202033971456"",""358235219538348743578408132241721599753432555227183003125/1127819776883300492159101016985728"",""1402388191286354569173428461260431001689143012499332640625/2255639553766600984318202033971456""]",1402388191286354569173428461260431001689143012499332640625/2255639553766600984318202033971456,"[""-3497080328799089726151/9221251787752014616225"",""22980847985089569522/44981716037814705445"",""1""]",253,-1633458236380957771402570715195047242342073905252171294375/10185622359977307569811881059652356,-1633458236380957771402570715195047242342073905252171294375/35244368027603140379971906780804,"{""place"":""real"",""sign"":-1}"
254,14,"[""1100938679896760449146204700358050559458638422926752225/597319961280470607876653056"",""224497832323584031482432055566976353603403799738518575/298659980640235303938326528"",""162316066230483122850662041665936317585968153257209025/597319961280470607876653056""]",162316066230483122850662041665936317585968153257209025/597319961280470607876653056,"[""96464534227085672041/14222176050681256009"",""3576465202009697194/1292925095516477819"",""1""]",254,85632725495810922280029296611575406652341851294618792225/43156367202514001419088183296,85632725495810922280029296611575406652341851294618792225/149329990320117651969163264,"{""place"":""37"",""prime"":37,""valuation"":0,""unit_modulus"":37,""unit_residue"":17,""unit_is_square"":false,""is_square"":false}"
255,14,"[""1408953456383560392111059554510730661883747591643443076613/53835627839649023159042368000000"",""31811862013468366923093756080492982460710485760358492011/5383562783964902315904236800000"",""-106306809616996160830418551050051635246738336623668374559/27994526476617492042702031360000""]",-106306809616996160830418551050051635246738336623668374559/27994526476617492042702031360000,"[""-122566271578935561/17784107279131775"",""-5534691442515534/3556821455826355"",""1""]",255,1370107937154626882418629543781055488120308524163816764148049/50565113448390345002130544144000000,1370107937154626882418629543781055488120308524163816764148049/174965790478859325266887696000000,"{""place"":""3"",""prime"":3,""valuation"":8,""unit_modulus"":3,""unit_residue"":2,""unit_is_square"":false,""is_square"":false}"
