LLL start
LLL done
STEP|n=100000|unique=41783|accepted=36022|rate=104192.6/s|walker_min=129.620|walker_med=199.109|walker_max=217.366
STEP|n=200000|unique=76742|accepted=70981|rate=102523.2/s|walker_min=137.678|walker_med=203.644|walker_max=218.996
STEP|n=300000|unique=112780|accepted=107019|rate=101373.6/s|walker_min=100.076|walker_med=179.743|walker_max=216.590
STEP|n=400000|unique=149971|accepted=144210|rate=100353.9/s|walker_min=102.913|walker_med=194.077|walker_max=219.893
STEP|n=500000|unique=189108|accepted=183347|rate=99730.5/s|walker_min=97.140|walker_med=188.679|walker_max=218.237
STEP|n=600000|unique=230909|accepted=225148|rate=99195.9/s|walker_min=77.981|walker_med=183.340|walker_max=219.815
STEP|n=700000|unique=275846|accepted=270085|rate=98106.8/s|walker_min=100.553|walker_med=164.731|walker_max=217.711
STEP|n=800000|unique=327250|accepted=321489|rate=96731.6/s|walker_min=50.585|walker_med=161.890|walker_max=213.121
STEP|n=900000|unique=385937|accepted=380176|rate=94551.4/s|walker_min=53.764|walker_med=134.592|walker_max=214.205
STEP|n=1000000|unique=454120|accepted=448359|rate=92890.0/s|walker_min=51.453|walker_med=94.132|walker_max=168.260
STEP|n=1100000|unique=523514|accepted=517753|rate=91492.9/s|walker_min=38.303|walker_med=126.824|walker_max=203.374
STEP|n=1200000|unique=583564|accepted=577803|rate=91076.8/s|walker_min=77.013|walker_med=156.540|walker_max=219.734
STEP|n=1300000|unique=636098|accepted=630337|rate=91133.5/s|walker_min=76.465|walker_med=163.417|walker_max=215.778
STEP|n=1400000|unique=681154|accepted=675393|rate=91304.5/s|walker_min=105.597|walker_med=170.297|walker_max=219.513
STEP|n=1500000|unique=722959|accepted=717198|rate=91536.5/s|walker_min=106.593|walker_med=185.034|walker_max=217.883
STEP|n=1600000|unique=761973|accepted=756212|rate=91953.5/s|walker_min=120.740|walker_med=186.239|walker_max=219.548
STEP|n=1700000|unique=799308|accepted=793547|rate=92338.4/s|walker_min=74.203|walker_med=191.404|walker_max=218.677
STEP|n=1800000|unique=835919|accepted=830158|rate=92871.3/s|walker_min=132.071|walker_med=180.778|walker_max=216.189
STEP|n=1900000|unique=870626|accepted=864865|rate=93305.3/s|walker_min=137.929|walker_med=200.950|walker_max=219.742
STEP|n=2000000|unique=904820|accepted=899059|rate=93656.4/s|walker_min=108.749|walker_med=195.721|walker_max=219.465
STEP|n=2100000|unique=938554|accepted=932793|rate=93956.0/s|walker_min=122.271|walker_med=192.477|walker_max=218.061
STEP|n=2200000|unique=971770|accepted=966009|rate=94444.4/s|walker_min=122.793|walker_med=189.894|walker_max=219.039
STEP|n=2300000|unique=1007314|accepted=1001553|rate=94818.8/s|walker_min=96.133|walker_med=193.032|walker_max=219.701
STEP|n=2400000|unique=1044758|accepted=1038997|rate=94988.5/s|walker_min=145.971|walker_med=187.538|walker_max=218.971
STEP|n=2500000|unique=1083491|accepted=1077730|rate=94994.1/s|walker_min=71.398|walker_med=192.482|walker_max=218.012
STEP|n=2600000|unique=1124559|accepted=1118798|rate=95164.5/s|walker_min=123.090|walker_med=179.835|walker_max=219.001
STEP|n=2700000|unique=1169975|accepted=1164214|rate=95242.4/s|walker_min=111.272|walker_med=168.953|walker_max=219.335
STEP|n=2800000|unique=1221698|accepted=1215937|rate=94981.9/s|walker_min=74.662|walker_med=136.377|walker_max=210.860
STEP|n=2900000|unique=1282522|accepted=1276761|rate=94601.7/s|walker_min=57.251|walker_med=131.687|walker_max=187.330
STEP|n=3000000|unique=1350621|accepted=1344860|rate=94030.4/s|walker_min=45.199|walker_med=87.767|walker_max=156.379
STEP|n=3100000|unique=1419196|accepted=1413435|rate=93573.1/s|walker_min=34.626|walker_med=125.443|walker_max=170.823
STEP|n=3200000|unique=1479411|accepted=1473650|rate=93201.6/s|walker_min=44.935|walker_med=136.462|walker_max=208.784
STEP|n=3300000|unique=1530772|accepted=1525011|rate=93194.1/s|walker_min=87.927|walker_med=168.142|walker_max=216.129
STEP|n=3400000|unique=1573871|accepted=1568110|rate=93268.5/s|walker_min=103.307|walker_med=186.484|walker_max=216.930
STEP|n=3500000|unique=1615374|accepted=1609613|rate=93258.7/s|walker_min=135.604|walker_med=197.462|walker_max=219.661
STEP|n=3600000|unique=1654464|accepted=1648703|rate=93437.4/s|walker_min=130.195|walker_med=182.034|walker_max=218.058
STEP|n=3700000|unique=1691474|accepted=1685713|rate=93689.2/s|walker_min=154.013|walker_med=201.714|walker_max=218.501
STEP|n=3800000|unique=1727804|accepted=1722043|rate=93814.9/s|walker_min=101.793|walker_med=194.233|walker_max=217.181
STEP|n=3900000|unique=1762773|accepted=1757012|rate=93987.1/s|walker_min=115.670|walker_med=194.066|walker_max=219.426
STEP|n=4000000|unique=1796917|accepted=1791156|rate=94174.8/s|walker_min=111.544|walker_med=194.747|walker_max=218.668
STEP|n=4100000|unique=1831071|accepted=1825310|rate=94415.5/s|walker_min=111.206|walker_med=197.230|walker_max=219.194
STEP|n=4200000|unique=1865360|accepted=1859599|rate=94558.4/s|walker_min=72.131|walker_med=194.336|walker_max=217.128
STEP|n=4300000|unique=1900911|accepted=1895150|rate=94746.3/s|walker_min=104.726|walker_med=201.201|walker_max=219.871
STEP|n=4400000|unique=1937443|accepted=1931682|rate=94869.4/s|walker_min=128.007|walker_med=181.798|walker_max=219.711
STEP|n=4500000|unique=1975245|accepted=1969484|rate=94974.0/s|walker_min=138.004|walker_med=191.961|walker_max=215.600
STEP|n=4600000|unique=2016605|accepted=2010844|rate=95001.2/s|walker_min=94.766|walker_med=183.657|walker_max=213.111
STEP|n=4700000|unique=2060694|accepted=2054933|rate=95072.8/s|walker_min=96.446|walker_med=173.496|walker_max=215.456
STEP|n=4800000|unique=2111500|accepted=2105739|rate=94985.6/s|walker_min=59.263|walker_med=145.014|walker_max=215.585
STEP|n=4900000|unique=2171847|accepted=2166086|rate=94676.7/s|walker_min=55.951|walker_med=117.526|walker_max=218.351
STEP|n=5000000|unique=2240554|accepted=2234793|rate=94412.9/s|walker_min=62.158|walker_med=94.783|walker_max=147.890
STEP|n=5100000|unique=2309445|accepted=2303684|rate=94055.2/s|walker_min=66.869|walker_med=109.255|walker_max=216.572
STEP|n=5200000|unique=2369652|accepted=2363891|rate=93863.9/s|walker_min=72.650|walker_med=156.543|walker_max=218.996
STEP|n=5300000|unique=2422260|accepted=2416499|rate=93714.9/s|walker_min=90.852|walker_med=181.164|walker_max=218.116
STEP|n=5400000|unique=2467289|accepted=2461528|rate=93717.8/s|walker_min=97.454|walker_med=180.969|walker_max=219.870
STEP|n=5500000|unique=2507918|accepted=2502157|rate=93756.5/s|walker_min=93.920|walker_med=192.103|walker_max=217.978
STEP|n=5600000|unique=2546699|accepted=2540938|rate=93748.3/s|walker_min=113.652|walker_med=185.241|walker_max=218.788
STEP|n=5700000|unique=2584162|accepted=2578401|rate=93836.6/s|walker_min=98.222|walker_med=193.828|walker_max=214.443
STEP|n=5800000|unique=2619463|accepted=2613702|rate=93973.6/s|walker_min=143.697|walker_med=201.856|walker_max=219.147
STEP|n=5900000|unique=2653840|accepted=2648079|rate=94138.3/s|walker_min=65.367|walker_med=203.155|walker_max=219.972
STEP|n=6000000|unique=2687240|accepted=2681479|rate=94227.2/s|walker_min=153.559|walker_med=198.223|walker_max=214.213
STEP|n=6100000|unique=2720830|accepted=2715069|rate=94341.0/s|walker_min=138.489|walker_med=201.956|walker_max=219.138
STEP|n=6200000|unique=2754914|accepted=2749153|rate=94443.7/s|walker_min=142.223|walker_med=188.859|walker_max=216.959
STEP|n=6300000|unique=2791057|accepted=2785296|rate=94471.9/s|walker_min=120.861|walker_med=193.567|walker_max=218.919
STEP|n=6400000|unique=2828534|accepted=2822773|rate=94456.1/s|walker_min=93.440|walker_med=181.473|walker_max=214.981
STEP|n=6500000|unique=2866856|accepted=2861095|rate=94543.8/s|walker_min=97.468|walker_med=190.654|walker_max=219.040
STEP|n=6600000|unique=2908712|accepted=2902951|rate=94540.7/s|walker_min=124.086|walker_med=195.087|walker_max=215.985
STEP|n=6700000|unique=2954647|accepted=2948886|rate=94404.6/s|walker_min=72.396|walker_med=163.495|walker_max=219.280
STEP|n=6800000|unique=3004765|accepted=2999004|rate=94367.0/s|walker_min=90.953|walker_med=140.775|walker_max=209.847
STEP|n=6900000|unique=3065068|accepted=3059307|rate=94109.9/s|walker_min=50.021|walker_med=121.726|walker_max=195.973
STEP|n=7000000|unique=3132942|accepted=3127181|rate=93888.5/s|walker_min=38.569|walker_med=78.482|walker_max=154.682
STEP|n=7100000|unique=3200999|accepted=3195238|rate=93560.0/s|walker_min=49.190|walker_med=113.671|walker_max=209.562
STEP|n=7200000|unique=3261780|accepted=3256019|rate=93417.3/s|walker_min=81.118|walker_med=144.888|walker_max=219.122
STEP|n=7300000|unique=3314327|accepted=3308566|rate=93314.1/s|walker_min=89.241|walker_med=168.549|walker_max=219.715
STEP|n=7400000|unique=3359991|accepted=3354230|rate=93271.5/s|walker_min=104.235|walker_med=182.266|walker_max=219.460
STEP|n=7500000|unique=3401814|accepted=3396053|rate=93231.6/s|walker_min=109.878|walker_med=191.497|walker_max=217.762
STEP|n=7600000|unique=3439346|accepted=3433585|rate=93291.2/s|walker_min=89.029|walker_med=189.937|walker_max=219.133
STEP|n=7700000|unique=3476471|accepted=3470710|rate=93269.4/s|walker_min=106.584|walker_med=177.706|walker_max=219.098
STEP|n=7800000|unique=3512157|accepted=3506396|rate=93350.3/s|walker_min=121.118|walker_med=193.975|walker_max=218.144
STEP|n=7900000|unique=3546654|accepted=3540893|rate=93427.6/s|walker_min=131.088|walker_med=195.137|walker_max=218.413
STEP|n=8000000|unique=3580642|accepted=3574881|rate=93507.7/s|walker_min=102.262|walker_med=192.164|walker_max=217.429
STEP|n=8100000|unique=3614479|accepted=3608718|rate=93512.4/s|walker_min=100.558|walker_med=202.222|walker_max=219.972
STEP|n=8200000|unique=3649625|accepted=3643864|rate=93563.4/s|walker_min=115.691|walker_med=191.229|walker_max=218.665
STEP|n=8300000|unique=3685782|accepted=3680021|rate=93614.3/s|walker_min=79.417|walker_med=193.731|walker_max=217.725
STEP|n=8400000|unique=3722389|accepted=3716628|rate=93682.9/s|walker_min=137.887|walker_med=196.503|walker_max=219.682
STEP|n=8500000|unique=3760245|accepted=3754484|rate=93709.6/s|walker_min=105.401|walker_med=191.024|walker_max=217.690
STEP|n=8600000|unique=3801593|accepted=3795832|rate=93734.1/s|walker_min=103.581|walker_med=193.292|walker_max=219.817
STEP|n=8700000|unique=3846821|accepted=3841060|rate=93766.7/s|walker_min=70.960|walker_med=172.130|walker_max=219.073
STEP|n=8800000|unique=3897411|accepted=3891650|rate=93677.1/s|walker_min=65.729|walker_med=141.901|walker_max=203.211
STEP|n=8900000|unique=3956535|accepted=3950774|rate=93573.2/s|walker_min=33.098|walker_med=123.215|walker_max=213.783
STEP|n=9000000|unique=4024375|accepted=4018614|rate=93319.3/s|walker_min=38.569|walker_med=87.807|walker_max=177.351
STEP|n=9100000|unique=4092660|accepted=4086899|rate=93189.0/s|walker_min=64.621|walker_med=133.790|walker_max=185.791
STEP|n=9200000|unique=4152912|accepted=4147151|rate=93042.9/s|walker_min=91.353|walker_med=159.906|walker_max=219.122
STEP|n=9300000|unique=4205536|accepted=4199775|rate=92996.6/s|walker_min=83.898|walker_med=157.493|walker_max=218.176
STEP|n=9400000|unique=4250802|accepted=4245041|rate=93002.1/s|walker_min=105.753|walker_med=161.972|walker_max=218.993
STEP|n=9500000|unique=4292877|accepted=4287116|rate=92983.9/s|walker_min=95.036|walker_med=181.395|walker_max=213.372
STEP|n=9600000|unique=4332532|accepted=4326771|rate=93061.6/s|walker_min=107.125|walker_med=202.276|walker_max=215.677
STEP|n=9700000|unique=4369429|accepted=4363668|rate=93124.1/s|walker_min=119.823|walker_med=190.482|walker_max=217.740
STEP|n=9800000|unique=4405055|accepted=4399294|rate=93092.0/s|walker_min=124.765|walker_med=198.959|walker_max=219.246
STEP|n=9900000|unique=4439397|accepted=4433636|rate=93187.5/s|walker_min=123.930|walker_med=196.626|walker_max=219.984
STEP|n=10000000|unique=4473182|accepted=4467421|rate=93279.5/s|walker_min=114.665|walker_med=201.132|walker_max=219.133
STEP|n=10100000|unique=4507085|accepted=4501324|rate=93361.5/s|walker_min=141.290|walker_med=196.929|walker_max=218.349
STEP|n=10200000|unique=4541168|accepted=4535407|rate=93382.1/s|walker_min=127.059|walker_med=189.880|walker_max=219.478
STEP|n=10300000|unique=4576402|accepted=4570641|rate=93439.1/s|walker_min=75.142|walker_med=194.084|walker_max=219.663
STEP|n=10400000|unique=4612382|accepted=4606621|rate=93498.2/s|walker_min=91.902|walker_med=191.770|walker_max=218.994
STEP|n=10500000|unique=4650590|accepted=4644829|rate=93540.8/s|walker_min=120.447|walker_med=185.913|walker_max=217.257
STEP|n=10600000|unique=4692191|accepted=4686430|rate=93501.4/s|walker_min=136.554|walker_med=185.136|walker_max=219.885
STEP|n=10700000|unique=4736972|accepted=4731211|rate=93477.4/s|walker_min=57.320|walker_med=152.469|walker_max=218.183
STEP|n=10800000|unique=4788792|accepted=4783031|rate=93408.9/s|walker_min=70.380|walker_med=149.694|walker_max=209.140
STEP|n=10900000|unique=4849108|accepted=4843347|rate=93188.4/s|walker_min=38.535|walker_med=115.273|walker_max=176.601
STEP|n=11000000|unique=4917151|accepted=4911390|rate=92995.4/s|walker_min=58.457|walker_med=93.069|walker_max=184.783
STEP|n=11100000|unique=4984856|accepted=4979095|rate=92734.7/s|walker_min=70.866|walker_med=133.385|walker_max=170.983
STEP|n=11200000|unique=5045358|accepted=5039597|rate=92602.7/s|walker_min=87.851|walker_med=165.804|walker_max=219.993
STEP|n=11300000|unique=5098027|accepted=5092266|rate=92464.5/s|walker_min=110.924|walker_med=157.993|walker_max=219.015
STEP|n=11400000|unique=5143888|accepted=5138127|rate=92433.0/s|walker_min=81.665|walker_med=174.559|walker_max=214.734
STEP|n=11500000|unique=5185490|accepted=5179729|rate=92423.2/s|walker_min=58.573|walker_med=171.472|walker_max=215.786
STEP|n=11600000|unique=5224223|accepted=5218462|rate=92371.4/s|walker_min=125.377|walker_med=190.466|walker_max=217.346
STEP|n=11700000|unique=5260859|accepted=5255098|rate=92397.0/s|walker_min=130.519|walker_med=196.968|walker_max=219.396
STEP|n=11800000|unique=5296734|accepted=5290973|rate=92442.9/s|walker_min=131.552|walker_med=193.961|walker_max=219.796
STEP|n=11900000|unique=5330911|accepted=5325150|rate=92425.3/s|walker_min=149.443|walker_med=197.332|walker_max=217.950
STEP|n=12000000|unique=5364259|accepted=5358498|rate=92494.9/s|walker_min=146.792|walker_med=192.308|walker_max=218.548
STEP|n=12100000|unique=5397192|accepted=5391431|rate=92576.5/s|walker_min=123.954|walker_med=192.661|walker_max=218.926
STEP|n=12200000|unique=5431190|accepted=5425429|rate=92637.8/s|walker_min=114.777|walker_med=197.994|walker_max=218.424
STEP|n=12300000|unique=5466508|accepted=5460747|rate=92625.8/s|walker_min=138.467|walker_med=192.616|walker_max=219.353
STEP|n=12400000|unique=5503536|accepted=5497775|rate=92698.0/s|walker_min=98.164|walker_med=194.988|walker_max=218.972
STEP|n=12500000|unique=5541589|accepted=5535828|rate=92745.4/s|walker_min=92.575|walker_med=177.466|walker_max=219.055
STEP|n=12600000|unique=5582926|accepted=5577165|rate=92785.1/s|walker_min=92.994|walker_med=184.491|walker_max=219.587
STEP|n=12700000|unique=5628124|accepted=5622363|rate=92624.5/s|walker_min=78.851|walker_med=155.949|walker_max=217.741
STEP|n=12800000|unique=5679406|accepted=5673645|rate=92625.0/s|walker_min=67.779|walker_med=154.810|walker_max=219.112
STEP|n=12900000|unique=5738373|accepted=5732612|rate=92511.9/s|walker_min=47.372|walker_med=131.174|walker_max=216.471
STEP|n=13000000|unique=5806530|accepted=5800769|rate=92402.8/s|walker_min=43.196|walker_med=85.094|walker_max=140.406
STEP|n=13100000|unique=5873928|accepted=5868167|rate=92225.3/s|walker_min=53.220|walker_med=110.770|walker_max=188.404
STEP|n=13200000|unique=5934109|accepted=5928348|rate=92182.1/s|walker_min=62.756|walker_med=154.345|walker_max=216.513
STEP|n=13300000|unique=5986232|accepted=5980471|rate=92173.6/s|walker_min=90.340|walker_med=164.643|walker_max=219.563
STEP|n=13400000|unique=6032177|accepted=6026416|rate=92108.3/s|walker_min=105.368|walker_med=172.566|walker_max=216.735
STEP|n=13500000|unique=6073839|accepted=6068078|rate=92147.0/s|walker_min=102.163|walker_med=192.518|walker_max=217.925
STEP|n=13600000|unique=6112141|accepted=6106380|rate=92211.1/s|walker_min=142.995|walker_med=202.384|walker_max=218.137
STEP|n=13700000|unique=6149466|accepted=6143705|rate=92206.5/s|walker_min=118.315|walker_med=185.338|walker_max=216.990
STEP|n=13800000|unique=6184643|accepted=6178882|rate=92268.9/s|walker_min=132.686|walker_med=196.882|walker_max=219.406
STEP|n=13900000|unique=6219003|accepted=6213242|rate=92331.9/s|walker_min=131.220|walker_med=196.449|walker_max=218.321
STEP|n=14000000|unique=6252516|accepted=6246755|rate=92400.2/s|walker_min=101.718|walker_med=189.104|walker_max=216.383
STEP|n=14100000|unique=6285736|accepted=6279975|rate=92415.0/s|walker_min=118.006|walker_med=202.374|walker_max=219.904
STEP|n=14200000|unique=6319990|accepted=6314229|rate=92488.5/s|walker_min=112.675|walker_med=195.007|walker_max=219.861
STEP|n=14300000|unique=6355231|accepted=6349470|rate=92540.6/s|walker_min=151.805|walker_med=200.224|walker_max=218.063
STEP|n=14400000|unique=6392111|accepted=6386350|rate=92583.8/s|walker_min=118.127|walker_med=194.967|walker_max=218.860
STEP|n=14500000|unique=6431483|accepted=6425722|rate=92558.4/s|walker_min=122.756|walker_med=194.394|walker_max=219.760
STEP|n=14600000|unique=6472328|accepted=6466567|rate=92607.2/s|walker_min=108.510|walker_med=186.410|walker_max=216.544
STEP|n=14700000|unique=6517400|accepted=6511639|rate=92622.2/s|walker_min=105.510|walker_med=174.574|walker_max=211.746
STEP|n=14800000|unique=6568338|accepted=6562577|rate=92539.5/s|walker_min=96.740|walker_med=148.667|walker_max=195.709
STEP|n=14900000|unique=6628756|accepted=6622995|rate=92498.6/s|walker_min=55.516|walker_med=115.797|walker_max=187.802
STEP|n=15000000|unique=6696606|accepted=6690845|rate=92358.8/s|walker_min=35.933|walker_med=87.241|walker_max=159.674
PRUNE_START|step=15000000|unique=6696606|active_cutoff=220
PRUNE_DONE|step=15000000|unique=4000000|active_cutoff=187.374469|reservoir=200000
STEP|n=15100000|unique=4058609|accepted=6749454|rate=91734.3/s|walker_min=45.507|walker_med=114.654|walker_max=173.546
STEP|n=15200000|unique=4108170|accepted=6799015|rate=91621.1/s|walker_min=52.872|walker_med=136.970|walker_max=173.811
STEP|n=15300000|unique=4149597|accepted=6840442|rate=91668.8/s|walker_min=89.039|walker_med=154.833|walker_max=186.439
STEP|n=15400000|unique=4187397|accepted=6878242|rate=91718.6/s|walker_min=80.623|walker_med=156.520|walker_max=183.820
STEP|n=15500000|unique=4221797|accepted=6912642|rate=91774.2/s|walker_min=118.368|walker_med=166.349|walker_max=186.433
STEP|n=15600000|unique=4253588|accepted=6944433|rate=91794.1/s|walker_min=95.971|walker_med=162.778|walker_max=185.189
STEP|n=15700000|unique=4284473|accepted=6975318|rate=91880.6/s|walker_min=103.470|walker_med=165.947|walker_max=185.666
STEP|n=15800000|unique=4314306|accepted=7005151|rate=91968.7/s|walker_min=96.261|walker_med=170.244|walker_max=187.161
STEP|n=15900000|unique=4343406|accepted=7034251|rate=92045.0/s|walker_min=94.739|walker_med=158.855|walker_max=186.493
STEP|n=16000000|unique=4372239|accepted=7063084|rate=92067.0/s|walker_min=128.730|walker_med=164.804|walker_max=185.112
STEP|n=16100000|unique=4399975|accepted=7090820|rate=92154.2/s|walker_min=116.505|walker_med=173.212|walker_max=187.150
STEP|n=16200000|unique=4428705|accepted=7119550|rate=92245.3/s|walker_min=108.259|walker_med=165.212|walker_max=187.142
STEP|n=16300000|unique=4458899|accepted=7149744|rate=92328.1/s|walker_min=127.010|walker_med=168.827|walker_max=186.913
STEP|n=16400000|unique=4489755|accepted=7180600|rate=92389.7/s|walker_min=101.987|walker_med=161.025|walker_max=187.185
STEP|n=16500000|unique=4521810|accepted=7212655|rate=92403.7/s|walker_min=110.028|walker_med=159.055|walker_max=185.903
STEP|n=16600000|unique=4556272|accepted=7247117|rate=92465.6/s|walker_min=103.145|walker_med=164.159|walker_max=186.570
STEP|n=16700000|unique=4592647|accepted=7283492|rate=92525.8/s|walker_min=79.773|walker_med=147.966|walker_max=184.183
STEP|n=16800000|unique=4634340|accepted=7325185|rate=92557.7/s|walker_min=46.183|walker_med=138.669|walker_max=186.557
STEP|n=16900000|unique=4681998|accepted=7372843|rate=92517.5/s|walker_min=60.777|walker_med=114.703|walker_max=182.045
STEP|n=17000000|unique=4739998|accepted=7430843|rate=92481.5/s|walker_min=46.780|walker_med=81.964|walker_max=165.257
STEP|n=17100000|unique=4798642|accepted=7489487|rate=92379.0/s|walker_min=70.504|walker_med=118.259|walker_max=175.417
STEP|n=17200000|unique=4848076|accepted=7538921|rate=92382.0/s|walker_min=81.948|walker_med=138.217|walker_max=185.989
STEP|n=17300000|unique=4890938|accepted=7581783|rate=92384.4/s|walker_min=52.110|walker_med=149.307|walker_max=183.316
STEP|n=17400000|unique=4926768|accepted=7617613|rate=92364.2/s|walker_min=79.725|walker_med=153.015|walker_max=182.360
STEP|n=17500000|unique=4960340|accepted=7651185|rate=92430.3/s|walker_min=110.367|walker_med=164.812|walker_max=186.499
STEP|n=17600000|unique=4993229|accepted=7684074|rate=92505.3/s|walker_min=100.409|walker_med=158.581|walker_max=185.405
STEP|n=17700000|unique=5024269|accepted=7715114|rate=92583.6/s|walker_min=89.287|walker_med=163.920|walker_max=186.183
STEP|n=17800000|unique=5054087|accepted=7744932|rate=92612.7/s|walker_min=115.302|walker_med=175.427|walker_max=187.230
STEP|n=17900000|unique=5082807|accepted=7773652|rate=92691.3/s|walker_min=80.429|walker_med=156.325|walker_max=186.886
STEP|n=18000000|unique=5111276|accepted=7802121|rate=92770.9/s|walker_min=105.387|walker_med=160.926|walker_max=183.153
STEP|n=18100000|unique=5139766|accepted=7830611|rate=92852.0/s|walker_min=118.178|walker_med=175.225|walker_max=185.994
STEP|n=18200000|unique=5168788|accepted=7859633|rate=92927.9/s|walker_min=104.790|walker_med=166.002|walker_max=186.453
STEP|n=18300000|unique=5198873|accepted=7889718|rate=92952.4/s|walker_min=93.910|walker_med=165.289|walker_max=184.366
STEP|n=18400000|unique=5229746|accepted=7920591|rate=93023.4/s|walker_min=108.007|walker_med=157.422|walker_max=185.542
STEP|n=18500000|unique=5261798|accepted=7952643|rate=93088.1/s|walker_min=107.464|walker_med=157.393|walker_max=185.901
STEP|n=18600000|unique=5295657|accepted=7986502|rate=93144.3/s|walker_min=89.376|walker_med=152.335|walker_max=186.884
STEP|n=18700000|unique=5332225|accepted=8023070|rate=93144.3/s|walker_min=112.864|walker_med=151.110|walker_max=186.874
STEP|n=18800000|unique=5373144|accepted=8063989|rate=93182.9/s|walker_min=81.004|walker_med=141.211|walker_max=186.268
STEP|n=18900000|unique=5421929|accepted=8112774|rate=93183.9/s|walker_min=51.743|walker_med=119.838|walker_max=167.423
STEP|n=19000000|unique=5480193|accepted=8171038|rate=93098.9/s|walker_min=32.362|walker_med=91.460|walker_max=155.368
STEP|n=19100000|unique=5538667|accepted=8229512|rate=93064.6/s|walker_min=41.902|walker_med=114.206|walker_max=167.050
STEP|n=19200000|unique=5588636|accepted=8279481|rate=93012.8/s|walker_min=65.988|walker_med=124.225|walker_max=183.595
STEP|n=19300000|unique=5630909|accepted=8321754|rate=92995.5/s|walker_min=92.563|walker_med=164.606|walker_max=184.743
STEP|n=19400000|unique=5667766|accepted=8358611|rate=93041.7/s|walker_min=81.021|walker_med=161.681|walker_max=186.443
STEP|n=19500000|unique=5702102|accepted=8392947|rate=93079.0/s|walker_min=99.279|walker_med=155.968|walker_max=186.706
STEP|n=19600000|unique=5734058|accepted=8424903|rate=93068.6/s|walker_min=101.081|walker_med=166.639|walker_max=186.354
STEP|n=19700000|unique=5765269|accepted=8456114|rate=93111.6/s|walker_min=89.592|walker_med=166.595|walker_max=182.792
STEP|n=19800000|unique=5795388|accepted=8486233|rate=93154.4/s|walker_min=64.309|walker_med=170.144|walker_max=184.948
STEP|n=19900000|unique=5824140|accepted=8514985|rate=93205.1/s|walker_min=101.058|walker_med=173.398|walker_max=185.568
STEP|n=20000000|unique=5852716|accepted=8543561|rate=93198.1/s|walker_min=94.489|walker_med=160.694|walker_max=186.021
STEP|n=20100000|unique=5880948|accepted=8571793|rate=93265.4/s|walker_min=114.964|walker_med=166.073|walker_max=186.412
STEP|n=20200000|unique=5910070|accepted=8600915|rate=93333.2/s|walker_min=86.922|walker_med=167.112|walker_max=186.051
STEP|n=20300000|unique=5939421|accepted=8630266|rate=93384.5/s|walker_min=111.693|walker_med=163.764|walker_max=186.386
STEP|n=20400000|unique=5970575|accepted=8661420|rate=93428.0/s|walker_min=60.538|walker_med=170.009|walker_max=186.220
STEP|n=20500000|unique=6002914|accepted=8693759|rate=93429.9/s|walker_min=104.687|walker_med=163.102|walker_max=186.948
STEP|n=20600000|unique=6036826|accepted=8727671|rate=93481.1/s|walker_min=99.669|walker_med=162.438|walker_max=186.415
STEP|n=20700000|unique=6073432|accepted=8764277|rate=93512.7/s|walker_min=94.782|walker_med=155.311|walker_max=186.947
STEP|n=20800000|unique=6114682|accepted=8805527|rate=93457.4/s|walker_min=53.577|walker_med=146.140|walker_max=185.524
STEP|n=20900000|unique=6163763|accepted=8854608|rate=93449.0/s|walker_min=62.208|walker_med=126.645|walker_max=175.688
STEP|n=21000000|unique=6221312|accepted=8912157|rate=93400.7/s|walker_min=50.771|walker_med=84.705|walker_max=132.695
STEP|n=21100000|unique=6279532|accepted=8970377|rate=93284.0/s|walker_min=63.378|walker_med=122.828|walker_max=175.018
STEP|n=21200000|unique=6329559|accepted=9020404|rate=93280.0/s|walker_min=78.176|walker_med=126.446|walker_max=180.377
STEP|n=21300000|unique=6371856|accepted=9062701|rate=93299.9/s|walker_min=88.642|walker_med=156.293|walker_max=186.966
STEP|n=21400000|unique=6408828|accepted=9099673|rate=93271.9/s|walker_min=90.060|walker_med=142.906|walker_max=184.799
STEP|n=21500000|unique=6442087|accepted=9132932|rate=93310.8/s|walker_min=81.709|walker_med=159.266|walker_max=187.104
STEP|n=21600000|unique=6473878|accepted=9164723|rate=93352.4/s|walker_min=101.474|walker_med=161.817|walker_max=185.507
STEP|n=21700000|unique=6504047|accepted=9194892|rate=93393.3/s|walker_min=81.888|walker_med=159.991|walker_max=184.241
STEP|n=21800000|unique=6533717|accepted=9224562|rate=93402.2/s|walker_min=65.822|walker_med=167.819|walker_max=187.235
STEP|n=21900000|unique=6562691|accepted=9253536|rate=93460.2/s|walker_min=107.540|walker_med=167.628|walker_max=186.890
STEP|n=22000000|unique=6591794|accepted=9282639|rate=93502.1/s|walker_min=135.720|walker_med=171.910|walker_max=184.893
STEP|n=22100000|unique=6620082|accepted=9310927|rate=93551.7/s|walker_min=96.373|walker_med=165.735|walker_max=187.262
STEP|n=22200000|unique=6648809|accepted=9339654|rate=93544.6/s|walker_min=92.202|walker_med=162.812|walker_max=186.992
STEP|n=22300000|unique=6678730|accepted=9369575|rate=93590.5/s|walker_min=120.724|walker_med=165.910|walker_max=185.381
STEP|n=22400000|unique=6709281|accepted=9400126|rate=93632.6/s|walker_min=105.809|walker_med=168.051|walker_max=187.288
STEP|n=22500000|unique=6741809|accepted=9432654|rate=93671.4/s|walker_min=110.933|walker_med=164.497|walker_max=185.846
STEP|n=22600000|unique=6775285|accepted=9466130|rate=93715.7/s|walker_min=102.535|walker_med=158.718|walker_max=187.067
STEP|n=22700000|unique=6812007|accepted=9502852|rate=93655.6/s|walker_min=96.857|walker_med=151.386|walker_max=186.112
STEP|n=22800000|unique=6854646|accepted=9545491|rate=93672.9/s|walker_min=78.228|walker_med=137.430|walker_max=184.461
STEP|n=22900000|unique=6903584|accepted=9594429|rate=93663.9/s|walker_min=61.005|walker_med=118.680|walker_max=183.852
STEP|n=23000000|unique=6961440|accepted=9652285|rate=93568.3/s|walker_min=48.219|walker_med=86.870|walker_max=138.597
STEP|n=23100000|unique=7020044|accepted=9710889|rate=93529.7/s|walker_min=61.496|walker_med=119.435|walker_max=170.665
STEP|n=23200000|unique=7068653|accepted=9759498|rate=93475.6/s|walker_min=69.337|walker_med=131.362|walker_max=184.811
STEP|n=23300000|unique=7109892|accepted=9800737|rate=93491.4/s|walker_min=94.319|walker_med=147.829|walker_max=186.883
STEP|n=23400000|unique=7147145|accepted=9837990|rate=93515.4/s|walker_min=75.625|walker_med=149.560|walker_max=184.771
STEP|n=23500000|unique=7180767|accepted=9871612|rate=93498.1/s|walker_min=119.174|walker_med=171.070|walker_max=185.713
STEP|n=23600000|unique=7212862|accepted=9903707|rate=93546.0/s|walker_min=96.751|walker_med=166.129|walker_max=186.417
STEP|n=23700000|unique=7244324|accepted=9935169|rate=93594.8/s|walker_min=110.874|walker_med=169.406|walker_max=186.930
STEP|n=23800000|unique=7274806|accepted=9965651|rate=93634.0/s|walker_min=79.578|walker_med=151.478|walker_max=186.602
STEP|n=23900000|unique=7304174|accepted=9995019|rate=93673.0/s|walker_min=81.574|walker_med=163.271|walker_max=186.839
STEP|n=24000000|unique=7333185|accepted=10024030|rate=93668.3/s|walker_min=89.556|walker_med=161.990|walker_max=186.440
STEP|n=24100000|unique=7361925|accepted=10052770|rate=93721.4/s|walker_min=120.082|walker_med=162.387|walker_max=186.386
STEP|n=24200000|unique=7391273|accepted=10082118|rate=93771.5/s|walker_min=108.536|walker_med=160.391|walker_max=185.725
STEP|n=24300000|unique=7421251|accepted=10112096|rate=93812.5/s|walker_min=132.139|walker_med=170.173|walker_max=187.265
STEP|n=24400000|unique=7452180|accepted=10143025|rate=93798.6/s|walker_min=92.138|walker_med=158.952|walker_max=186.018
STEP|n=24500000|unique=7483696|accepted=10174541|rate=93832.1/s|walker_min=85.291|walker_med=163.953|walker_max=187.336
STEP|n=24600000|unique=7517884|accepted=10208729|rate=93859.2/s|walker_min=101.677|walker_med=165.992|walker_max=187.281
STEP|n=24700000|unique=7555402|accepted=10246247|rate=93883.1/s|walker_min=92.033|walker_med=159.450|walker_max=185.535
STEP|n=24800000|unique=7597132|accepted=10287977|rate=93848.6/s|walker_min=90.211|walker_med=147.113|walker_max=183.219
STEP|n=24900000|unique=7646038|accepted=10336883|rate=93840.7/s|walker_min=86.446|walker_med=120.736|walker_max=175.474
STEP|n=25000000|unique=7702627|accepted=10393472|rate=93800.7/s|walker_min=43.927|walker_med=82.544|walker_max=148.801
PRUNE_START|step=25000000|unique=7702627|active_cutoff=187.374469
PRUNE_DONE|step=25000000|unique=4000000|active_cutoff=157.635192|reservoir=200000
STEP|n=25100000|unique=4046263|accepted=10439735|rate=93295.6/s|walker_min=35.302|walker_med=108.537|walker_max=156.583
STEP|n=25200000|unique=4083338|accepted=10476810|rate=93318.9/s|walker_min=58.951|walker_med=123.686|walker_max=157.116
STEP|n=25300000|unique=4115113|accepted=10508585|rate=93351.4/s|walker_min=67.922|walker_med=129.703|walker_max=157.470
STEP|n=25400000|unique=4144321|accepted=10537793|rate=93361.8/s|walker_min=73.154|walker_med=129.906|walker_max=154.979
STEP|n=25500000|unique=4172196|accepted=10565668|rate=93417.0/s|walker_min=114.799|walker_med=137.686|walker_max=157.629
STEP|n=25600000|unique=4197873|accepted=10591345|rate=93476.9/s|walker_min=90.111|walker_med=135.079|walker_max=157.308
STEP|n=25700000|unique=4223205|accepted=10616677|rate=93525.5/s|walker_min=90.756|walker_med=140.347|walker_max=157.057
STEP|n=25800000|unique=4246898|accepted=10640370|rate=93576.9/s|walker_min=92.928|walker_med=145.070|walker_max=157.231
STEP|n=25900000|unique=4270607|accepted=10664079|rate=93628.8/s|walker_min=75.155|walker_med=147.328|walker_max=157.107
STEP|n=26000000|unique=4294260|accepted=10687732|rate=93661.0/s|walker_min=76.892|walker_med=147.574|walker_max=157.551
STEP|n=26100000|unique=4317774|accepted=10711246|rate=93723.7/s|walker_min=103.335|walker_med=139.633|walker_max=157.218
STEP|n=26200000|unique=4341368|accepted=10734840|rate=93776.0/s|walker_min=109.250|walker_med=134.907|walker_max=156.775
STEP|n=26300000|unique=4366369|accepted=10759841|rate=93822.0/s|walker_min=84.678|walker_med=139.352|walker_max=157.402
STEP|n=26400000|unique=4391407|accepted=10784879|rate=93872.8/s|walker_min=81.178|walker_med=137.947|walker_max=157.440
STEP|n=26500000|unique=4417481|accepted=10810953|rate=93895.9/s|walker_min=80.092|walker_med=136.386|walker_max=157.488
STEP|n=26600000|unique=4444834|accepted=10838306|rate=93948.7/s|walker_min=86.609|walker_med=138.097|walker_max=156.092
STEP|n=26700000|unique=4474172|accepted=10867644|rate=93984.5/s|walker_min=77.024|walker_med=135.880|walker_max=156.689
STEP|n=26800000|unique=4506076|accepted=10899548|rate=94011.7/s|walker_min=38.509|walker_med=115.300|walker_max=149.934
STEP|n=26900000|unique=4543506|accepted=10936978|rate=94027.7/s|walker_min=65.815|walker_med=104.102|walker_max=153.852
STEP|n=27000000|unique=4589702|accepted=10983174|rate=93998.5/s|walker_min=47.660|walker_med=85.147|walker_max=144.019
STEP|n=27100000|unique=4636566|accepted=11030038|rate=93989.8/s|walker_min=53.221|walker_med=98.326|walker_max=153.700
STEP|n=27200000|unique=4675164|accepted=11068636|rate=93995.9/s|walker_min=57.972|walker_med=133.730|walker_max=157.236
STEP|n=27300000|unique=4706900|accepted=11100372|rate=93995.3/s|walker_min=92.271|walker_med=130.513|walker_max=155.103
STEP|n=27400000|unique=4734963|accepted=11128435|rate=94044.3/s|walker_min=83.786|walker_med=140.666|walker_max=157.208
STEP|n=27500000|unique=4763030|accepted=11156502|rate=94093.1/s|walker_min=106.389|walker_med=146.461|walker_max=157.541
STEP|n=27600000|unique=4789186|accepted=11182658|rate=94143.0/s|walker_min=86.021|walker_med=142.200|walker_max=156.902
STEP|n=27700000|unique=4813642|accepted=11207114|rate=94161.3/s|walker_min=82.976|walker_med=146.034|walker_max=157.067
STEP|n=27800000|unique=4838241|accepted=11231713|rate=94212.7/s|walker_min=93.806|walker_med=141.553|walker_max=157.029
STEP|n=27900000|unique=4862209|accepted=11255681|rate=94267.3/s|walker_min=80.942|walker_med=140.504|walker_max=157.230
STEP|n=28000000|unique=4885315|accepted=11278787|rate=94327.1/s|walker_min=73.036|walker_med=138.189|walker_max=157.335
STEP|n=28100000|unique=4908884|accepted=11302356|rate=94385.7/s|walker_min=89.322|walker_med=141.251|walker_max=157.399
STEP|n=28200000|unique=4932976|accepted=11326448|rate=94439.8/s|walker_min=70.760|walker_med=141.552|walker_max=156.941
STEP|n=28300000|unique=4956615|accepted=11350087|rate=94457.6/s|walker_min=91.156|walker_med=139.769|walker_max=157.477
STEP|n=28400000|unique=4981513|accepted=11374985|rate=94506.5/s|walker_min=91.265|walker_med=142.779|walker_max=157.629
STEP|n=28500000|unique=5006937|accepted=11400409|rate=94554.5/s|walker_min=62.055|walker_med=134.011|walker_max=154.854
STEP|n=28600000|unique=5034379|accepted=11427851|rate=94600.2/s|walker_min=72.560|walker_med=135.877|walker_max=156.787
STEP|n=28700000|unique=5063282|accepted=11456754|rate=94642.8/s|walker_min=57.787|walker_med=136.923|walker_max=156.795
STEP|n=28800000|unique=5094711|accepted=11488183|rate=94643.3/s|walker_min=71.902|walker_med=127.001|walker_max=156.752
STEP|n=28900000|unique=5131353|accepted=11524825|rate=94653.8/s|walker_min=50.626|walker_med=115.490|walker_max=156.955
STEP|n=29000000|unique=5177381|accepted=11570853|rate=94640.1/s|walker_min=43.739|walker_med=74.780|walker_max=131.592
STEP|n=29100000|unique=5223157|accepted=11616629|rate=94603.8/s|walker_min=56.682|walker_med=105.820|walker_max=146.477
STEP|n=29200000|unique=5260391|accepted=11653863|rate=94623.5/s|walker_min=68.640|walker_med=120.155|walker_max=155.224
STEP|n=29300000|unique=5293644|accepted=11687116|rate=94646.2/s|walker_min=70.939|walker_med=134.862|walker_max=157.515
STEP|n=29400000|unique=5322477|accepted=11715949|rate=94677.6/s|walker_min=77.063|walker_med=131.074|walker_max=156.349
STEP|n=29500000|unique=5350249|accepted=11743721|rate=94682.1/s|walker_min=106.504|walker_med=143.491|walker_max=157.158
STEP|n=29600000|unique=5376384|accepted=11769856|rate=94729.5/s|walker_min=91.007|walker_med=146.474|walker_max=157.053
STEP|n=29700000|unique=5401211|accepted=11794683|rate=94779.9/s|walker_min=81.322|walker_med=145.141|walker_max=157.197
STEP|n=29800000|unique=5425600|accepted=11819072|rate=94820.4/s|walker_min=79.718|walker_med=139.522|walker_max=157.212
STEP|n=29900000|unique=5450080|accepted=11843552|rate=94862.0/s|walker_min=98.588|walker_med=141.367|walker_max=156.132
STEP|n=30000000|unique=5474160|accepted=11867632|rate=94907.1/s|walker_min=115.276|walker_med=144.459|walker_max=157.462
STEP|n=30100000|unique=5497910|accepted=11891382|rate=94926.0/s|walker_min=91.272|walker_med=143.445|walker_max=156.527
STEP|n=30200000|unique=5521624|accepted=11915096|rate=94977.4/s|walker_min=89.117|walker_med=144.477|walker_max=157.522
STEP|n=30300000|unique=5545944|accepted=11939416|rate=95016.3/s|walker_min=75.384|walker_med=139.945|walker_max=157.523
STEP|n=30400000|unique=5570799|accepted=11964271|rate=95054.5/s|walker_min=86.060|walker_med=137.802|walker_max=157.520
STEP|n=30500000|unique=5596338|accepted=11989810|rate=95063.9/s|walker_min=99.167|walker_med=142.078|walker_max=155.592
STEP|n=30600000|unique=5623347|accepted=12016819|rate=95072.1/s|walker_min=79.467|walker_med=136.482|walker_max=157.596
STEP|n=30700000|unique=5652793|accepted=12046265|rate=95106.5/s|walker_min=79.459|walker_med=123.901|walker_max=156.993
STEP|n=30800000|unique=5684997|accepted=12078469|rate=95126.5/s|walker_min=66.187|walker_med=127.410|walker_max=157.217
STEP|n=30900000|unique=5721993|accepted=12115465|rate=95135.2/s|walker_min=69.103|walker_med=111.875|walker_max=146.028
STEP|n=31000000|unique=5767593|accepted=12161065|rate=95094.3/s|walker_min=50.351|walker_med=80.741|walker_max=122.362
STEP|n=31100000|unique=5813532|accepted=12207004|rate=95088.3/s|walker_min=44.658|walker_med=105.689|walker_max=157.297
STEP|n=31200000|unique=5850827|accepted=12244299|rate=95096.3/s|walker_min=53.571|walker_med=132.227|walker_max=156.368
STEP|n=31300000|unique=5882514|accepted=12275986|rate=95079.1/s|walker_min=81.573|walker_med=130.724|walker_max=153.324
STEP|n=31400000|unique=5911045|accepted=12304517|rate=95106.7/s|walker_min=102.324|walker_med=129.318|walker_max=155.015
STEP|n=31500000|unique=5938284|accepted=12331756|rate=95137.8/s|walker_min=100.494|walker_med=144.488|walker_max=156.853
STEP|n=31600000|unique=5963834|accepted=12357306|rate=95173.8/s|walker_min=94.367|walker_med=145.589|walker_max=157.605
STEP|n=31700000|unique=5988577|accepted=12382049|rate=95216.8/s|walker_min=75.141|walker_med=139.998|walker_max=157.221
STEP|n=31800000|unique=6013200|accepted=12406672|rate=95258.4/s|walker_min=78.232|walker_med=146.253|walker_max=156.987
STEP|n=31900000|unique=6036653|accepted=12430125|rate=95261.2/s|walker_min=96.480|walker_med=140.792|walker_max=156.872
STEP|n=32000000|unique=6060267|accepted=12453739|rate=95291.9/s|walker_min=73.285|walker_med=140.450|walker_max=155.877
STEP|n=32100000|unique=6083706|accepted=12477178|rate=95334.5/s|walker_min=107.497|walker_med=142.817|walker_max=156.721
STEP|n=32200000|unique=6107586|accepted=12501058|rate=95369.3/s|walker_min=91.375|walker_med=136.286|walker_max=157.445
STEP|n=32300000|unique=6132132|accepted=12525604|rate=95404.7/s|walker_min=111.534|walker_med=144.547|walker_max=157.586
STEP|n=32400000|unique=6157618|accepted=12551090|rate=95410.4/s|walker_min=104.106|walker_med=137.481|walker_max=157.292
STEP|n=32500000|unique=6183736|accepted=12577208|rate=95451.9/s|walker_min=99.328|walker_med=135.530|walker_max=156.058
STEP|n=32600000|unique=6210116|accepted=12603588|rate=95487.7/s|walker_min=64.148|walker_med=138.801|walker_max=156.750
STEP|n=32700000|unique=6239477|accepted=12632949|rate=95510.9/s|walker_min=65.347|walker_med=140.275|walker_max=157.558
STEP|n=32800000|unique=6272693|accepted=12666165|rate=95524.1/s|walker_min=76.923|walker_med=130.973|walker_max=157.365
STEP|n=32900000|unique=6309617|accepted=12703089|rate=95504.3/s|walker_min=47.565|walker_med=118.177|walker_max=156.750
STEP|n=33000000|unique=6355332|accepted=12748804|rate=95494.7/s|walker_min=35.467|walker_med=86.248|walker_max=122.743
STEP|n=33100000|unique=6401487|accepted=12794959|rate=95481.5/s|walker_min=54.385|walker_med=110.970|walker_max=153.768
STEP|n=33200000|unique=6439693|accepted=12833165|rate=95456.5/s|walker_min=74.643|walker_med=123.812|walker_max=155.667
STEP|n=33300000|unique=6470951|accepted=12864423|rate=95482.7/s|walker_min=65.040|walker_med=140.854|walker_max=157.295
STEP|n=33400000|unique=6499795|accepted=12893267|rate=95514.3/s|walker_min=79.857|walker_med=129.991|walker_max=157.072
STEP|n=33500000|unique=6527107|accepted=12920579|rate=95549.5/s|walker_min=81.482|walker_med=143.865|walker_max=156.609
STEP|n=33600000|unique=6552687|accepted=12946159|rate=95550.4/s|walker_min=90.090|walker_med=142.642|walker_max=155.435
STEP|n=33700000|unique=6577529|accepted=12971001|rate=95588.8/s|walker_min=107.754|walker_med=145.624|walker_max=154.586
STEP|n=33800000|unique=6602322|accepted=12995794|rate=95631.2/s|walker_min=86.056|walker_med=143.470|walker_max=155.964
STEP|n=33900000|unique=6625962|accepted=13019434|rate=95675.4/s|walker_min=93.276|walker_med=138.091|walker_max=157.619
STEP|n=34000000|unique=6648990|accepted=13042462|rate=95719.1/s|walker_min=92.115|walker_med=143.219|walker_max=156.814
STEP|n=34100000|unique=6671786|accepted=13065258|rate=95759.8/s|walker_min=101.440|walker_med=136.882|walker_max=156.565
STEP|n=34200000|unique=6695622|accepted=13089094|rate=95764.2/s|walker_min=86.190|walker_med=142.426|walker_max=157.008
STEP|n=34300000|unique=6720251|accepted=13113723|rate=95806.4/s|walker_min=80.843|walker_med=136.940|walker_max=156.950
STEP|n=34400000|unique=6745161|accepted=13138633|rate=95848.2/s|walker_min=104.312|walker_med=143.403|walker_max=157.017
STEP|n=34500000|unique=6770591|accepted=13164063|rate=95886.8/s|walker_min=99.596|walker_med=135.601|walker_max=156.914
STEP|n=34600000|unique=6797732|accepted=13191204|rate=95919.4/s|walker_min=84.801|walker_med=139.787|walker_max=157.501
STEP|n=34700000|unique=6826909|accepted=13220381|rate=95909.7/s|walker_min=41.659|walker_med=125.394|walker_max=157.546
STEP|n=34800000|unique=6859265|accepted=13252737|rate=95931.3/s|walker_min=63.585|walker_med=122.831|walker_max=155.223
STEP|n=34900000|unique=6896697|accepted=13290169|rate=95939.3/s|walker_min=42.655|walker_med=111.137|walker_max=155.358
STEP|n=35000000|unique=6941227|accepted=13334699|rate=95930.6/s|walker_min=35.330|walker_med=80.073|walker_max=147.918
PRUNE_START|step=35000000|unique=6941227|active_cutoff=157.635192
PRUNE_DONE|step=35000000|unique=4000000|active_cutoff=138.636745|reservoir=200000
STEP|n=35100000|unique=4037215|accepted=13371914|rate=95533.3/s|walker_min=56.283|walker_med=109.583|walker_max=135.170
STEP|n=35200000|unique=4066263|accepted=13400962|rate=95562.1/s|walker_min=75.399|walker_med=111.982|walker_max=135.416
STEP|n=35300000|unique=4092414|accepted=13427113|rate=95589.9/s|walker_min=52.222|walker_med=113.485|walker_max=138.245
STEP|n=35400000|unique=4115721|accepted=13450420|rate=95621.2/s|walker_min=67.501|walker_med=128.115|walker_max=138.426
STEP|n=35500000|unique=4138126|accepted=13472825|rate=95653.7/s|walker_min=93.075|walker_med=121.886|walker_max=138.347
STEP|n=35600000|unique=4158872|accepted=13493571|rate=95676.5/s|walker_min=91.126|walker_med=127.434|walker_max=138.595
STEP|n=35700000|unique=4179752|accepted=13514451|rate=95721.7/s|walker_min=86.083|walker_med=127.205|walker_max=138.627
STEP|n=35800000|unique=4199794|accepted=13534493|rate=95762.4/s|walker_min=92.598|walker_med=126.160|walker_max=138.566
STEP|n=35900000|unique=4219685|accepted=13554384|rate=95800.2/s|walker_min=84.822|walker_med=119.307|walker_max=136.143
STEP|n=36000000|unique=4239107|accepted=13573806|rate=95839.5/s|walker_min=80.570|walker_med=130.862|walker_max=138.618
STEP|n=36100000|unique=4258636|accepted=13593335|rate=95888.1/s|walker_min=99.276|walker_med=129.579|walker_max=136.932
STEP|n=36200000|unique=4278442|accepted=13613141|rate=95910.2/s|walker_min=91.188|walker_med=121.660|walker_max=136.085
STEP|n=36300000|unique=4298359|accepted=13633058|rate=95952.7/s|walker_min=68.894|walker_med=121.403|walker_max=138.359
STEP|n=36400000|unique=4318723|accepted=13653422|rate=95989.5/s|walker_min=92.669|walker_med=122.677|walker_max=136.079
STEP|n=36500000|unique=4340192|accepted=13674891|rate=96022.5/s|walker_min=86.777|walker_med=128.215|walker_max=137.768
STEP|n=36600000|unique=4362411|accepted=13697110|rate=96062.8/s|walker_min=88.876|walker_med=125.169|walker_max=137.342
STEP|n=36700000|unique=4385027|accepted=13719726|rate=96102.6/s|walker_min=73.824|walker_med=122.444|walker_max=137.648
STEP|n=36800000|unique=4410438|accepted=13745137|rate=96131.3/s|walker_min=81.059|walker_med=112.069|walker_max=137.588
STEP|n=36900000|unique=4439482|accepted=13774181|rate=96125.1/s|walker_min=55.662|walker_med=102.753|walker_max=138.085
STEP|n=37000000|unique=4474871|accepted=13809570|rate=96125.4/s|walker_min=42.118|walker_med=87.078|walker_max=135.242
STEP|n=37100000|unique=4511468|accepted=13846167|rate=96132.8/s|walker_min=34.776|walker_med=110.794|walker_max=138.158
STEP|n=37200000|unique=4541374|accepted=13876073|rate=96155.1/s|walker_min=48.977|walker_med=117.417|walker_max=137.882
STEP|n=37300000|unique=4566979|accepted=13901678|rate=96157.1/s|walker_min=83.075|walker_med=120.874|walker_max=137.957
STEP|n=37400000|unique=4590548|accepted=13925247|rate=96184.4/s|walker_min=79.173|walker_med=119.727|walker_max=138.340
STEP|n=37500000|unique=4612418|accepted=13947117|rate=96219.4/s|walker_min=74.413|walker_med=124.570|walker_max=137.355
STEP|n=37600000|unique=4634456|accepted=13969155|rate=96260.2/s|walker_min=75.680|walker_med=123.230|walker_max=138.511
STEP|n=37700000|unique=4655369|accepted=13990068|rate=96303.0/s|walker_min=98.039|walker_med=128.091|walker_max=136.943
STEP|n=37800000|unique=4675008|accepted=14009707|rate=96338.9/s|walker_min=89.543|walker_med=122.453|walker_max=135.718
STEP|n=37900000|unique=4695008|accepted=14029707|rate=96349.9/s|walker_min=80.894|walker_med=126.970|walker_max=138.536
STEP|n=38000000|unique=4714478|accepted=14049177|rate=96386.5/s|walker_min=79.652|walker_med=128.437|walker_max=138.148
STEP|n=38100000|unique=4733622|accepted=14068321|rate=96431.3/s|walker_min=79.596|walker_med=126.954|walker_max=138.171
STEP|n=38200000|unique=4753264|accepted=14087963|rate=96475.6/s|walker_min=69.385|walker_med=126.010|walker_max=138.416
STEP|n=38300000|unique=4773013|accepted=14107712|rate=96514.9/s|walker_min=98.687|walker_med=124.286|walker_max=138.629
STEP|n=38400000|unique=4793596|accepted=14128295|rate=96548.2/s|walker_min=69.708|walker_med=128.125|walker_max=137.733
STEP|n=38500000|unique=4815095|accepted=14149794|rate=96552.6/s|walker_min=71.308|walker_med=121.628|walker_max=138.343
STEP|n=38600000|unique=4837309|accepted=14172008|rate=96590.3/s|walker_min=91.344|walker_med=124.465|walker_max=137.893
STEP|n=38700000|unique=4860602|accepted=14195301|rate=96625.8/s|walker_min=45.779|walker_med=113.138|walker_max=136.517
STEP|n=38800000|unique=4886493|accepted=14221192|rate=96651.4/s|walker_min=53.976|walker_med=112.081|walker_max=136.787
STEP|n=38900000|unique=4916261|accepted=14250960|rate=96664.2/s|walker_min=69.227|walker_med=110.797|walker_max=135.881
STEP|n=39000000|unique=4952530|accepted=14287229|rate=96637.6/s|walker_min=42.528|walker_med=87.535|walker_max=135.731
STEP|n=39100000|unique=4988057|accepted=14322756|rate=96645.9/s|walker_min=47.579|walker_med=106.171|walker_max=136.529
STEP|n=39200000|unique=5016940|accepted=14351639|rate=96670.9/s|walker_min=67.648|walker_med=111.282|walker_max=138.043
STEP|n=39300000|unique=5041600|accepted=14376299|rate=96700.7/s|walker_min=77.346|walker_med=121.612|walker_max=138.015
STEP|n=39400000|unique=5065048|accepted=14399747|rate=96731.6/s|walker_min=88.813|walker_med=121.979|walker_max=136.967
STEP|n=39500000|unique=5086907|accepted=14421606|rate=96743.0/s|walker_min=61.309|walker_med=113.954|walker_max=138.598
STEP|n=39600000|unique=5108382|accepted=14443081|rate=96782.3/s|walker_min=82.393|walker_med=123.087|walker_max=136.917
STEP|n=39700000|unique=5128367|accepted=14463066|rate=96824.5/s|walker_min=85.071|walker_med=129.001|walker_max=137.510
STEP|n=39800000|unique=5147915|accepted=14482614|rate=96860.4/s|walker_min=91.194|walker_med=129.021|walker_max=138.112
STEP|n=39900000|unique=5168165|accepted=14502864|rate=96892.0/s|walker_min=94.937|walker_med=125.251|walker_max=137.849
STEP|n=40000000|unique=5187535|accepted=14522234|rate=96926.4/s|walker_min=66.005|walker_med=118.786|walker_max=138.610
STEP|n=40100000|unique=5206911|accepted=14541610|rate=96965.8/s|walker_min=87.935|walker_med=127.372|walker_max=138.040
STEP|n=40200000|unique=5226550|accepted=14561249|rate=96981.3/s|walker_min=78.244|walker_med=128.403|walker_max=136.909
STEP|n=40300000|unique=5246452|accepted=14581151|rate=97019.8/s|walker_min=95.722|walker_med=125.113|walker_max=138.145
STEP|n=40400000|unique=5267087|accepted=14601786|rate=97054.8/s|walker_min=90.719|walker_med=126.607|walker_max=138.481
STEP|n=40500000|unique=5288020|accepted=14622719|rate=97090.1/s|walker_min=83.397|walker_med=116.274|walker_max=138.631
STEP|n=40600000|unique=5310007|accepted=14644706|rate=97126.4/s|walker_min=54.061|walker_med=125.128|walker_max=138.022
STEP|n=40700000|unique=5332935|accepted=14667634|rate=97159.4/s|walker_min=57.274|walker_med=120.304|walker_max=138.263
STEP|n=40800000|unique=5357946|accepted=14692645|rate=97161.4/s|walker_min=75.965|walker_med=119.346|walker_max=138.392
STEP|n=40900000|unique=5386160|accepted=14720859|rate=97175.6/s|walker_min=40.094|walker_med=111.160|walker_max=137.893
STEP|n=41000000|unique=5421538|accepted=14756237|rate=97173.8/s|walker_min=42.171|walker_med=90.245|walker_max=137.143
STEP|n=41100000|unique=5456415|accepted=14791114|rate=97181.3/s|walker_min=53.119|walker_med=107.113|walker_max=138.008
STEP|n=41200000|unique=5485068|accepted=14819767|rate=97176.7/s|walker_min=52.675|walker_med=112.174|walker_max=138.227
STEP|n=41300000|unique=5510328|accepted=14845027|rate=97197.7/s|walker_min=43.114|walker_med=120.284|walker_max=138.607
STEP|n=41400000|unique=5533922|accepted=14868621|rate=97220.9/s|walker_min=50.916|walker_med=125.545|walker_max=137.734
STEP|n=41500000|unique=5555730|accepted=14890429|rate=97250.4/s|walker_min=80.502|walker_med=124.171|walker_max=137.684
STEP|n=41600000|unique=5576679|accepted=14911378|rate=97286.2/s|walker_min=83.829|walker_med=124.048|walker_max=138.396
STEP|n=41700000|unique=5597023|accepted=14931722|rate=97296.4/s|walker_min=86.294|walker_med=122.514|walker_max=138.607
STEP|n=41800000|unique=5616831|accepted=14951530|rate=97298.8/s|walker_min=57.680|walker_med=123.163|walker_max=138.608
STEP|n=41900000|unique=5636686|accepted=14971385|rate=97327.7/s|walker_min=80.182|walker_med=129.207|walker_max=136.809
STEP|n=42000000|unique=5656076|accepted=14990775|rate=97361.9/s|walker_min=105.387|walker_med=129.884|walker_max=138.429
STEP|n=42100000|unique=5675087|accepted=15009786|rate=97400.9/s|walker_min=95.113|walker_med=126.551|walker_max=138.369
STEP|n=42200000|unique=5694463|accepted=15029162|rate=97438.9/s|walker_min=103.414|walker_med=129.669|walker_max=138.023
STEP|n=42300000|unique=5713977|accepted=15048676|rate=97470.7/s|walker_min=70.292|walker_med=127.936|walker_max=138.596
STEP|n=42400000|unique=5734080|accepted=15068779|rate=97497.6/s|walker_min=88.646|walker_med=119.053|walker_max=135.932
STEP|n=42500000|unique=5755458|accepted=15090157|rate=97499.4/s|walker_min=61.717|walker_med=126.480|walker_max=138.490
STEP|n=42600000|unique=5777323|accepted=15112022|rate=97532.7/s|walker_min=81.020|walker_med=121.501|walker_max=137.740
STEP|n=42700000|unique=5799729|accepted=15134428|rate=97564.9/s|walker_min=29.358|walker_med=122.380|walker_max=136.126
STEP|n=42800000|unique=5824420|accepted=15159119|rate=97586.2/s|walker_min=76.664|walker_med=105.810|walker_max=137.095
STEP|n=42900000|unique=5852819|accepted=15187518|rate=97596.9/s|walker_min=53.808|walker_med=99.886|walker_max=131.944
STEP|n=43000000|unique=5887426|accepted=15222125|rate=97574.0/s|walker_min=38.937|walker_med=85.452|walker_max=128.368
STEP|n=43100000|unique=5921357|accepted=15256056|rate=97579.7/s|walker_min=51.322|walker_med=106.326|walker_max=138.620
STEP|n=43200000|unique=5950574|accepted=15285273|rate=97591.2/s|walker_min=71.262|walker_med=120.493|walker_max=136.289
STEP|n=43300000|unique=5975614|accepted=15310313|rate=97609.2/s|walker_min=75.696|walker_med=119.960|walker_max=138.159
STEP|n=43400000|unique=5998513|accepted=15333212|rate=97633.6/s|walker_min=94.435|walker_med=128.287|walker_max=138.607
STEP|n=43500000|unique=6020267|accepted=15354966|rate=97636.0/s|walker_min=95.649|walker_med=128.557|walker_max=137.286
STEP|n=43600000|unique=6040881|accepted=15375580|rate=97669.6/s|walker_min=80.427|walker_med=125.731|walker_max=138.323
STEP|n=43700000|unique=6061093|accepted=15395792|rate=97697.9/s|walker_min=86.010|walker_med=126.785|walker_max=137.046
STEP|n=43800000|unique=6081165|accepted=15415864|rate=97725.0/s|walker_min=57.251|walker_med=123.571|walker_max=138.027
STEP|n=43900000|unique=6100658|accepted=15435357|rate=97754.8/s|walker_min=97.157|walker_med=126.423|walker_max=138.541
STEP|n=44000000|unique=6119377|accepted=15454076|rate=97791.7/s|walker_min=73.118|walker_med=128.361|walker_max=137.960
STEP|n=44100000|unique=6138469|accepted=15473168|rate=97826.6/s|walker_min=92.954|walker_med=123.069|walker_max=138.131
STEP|n=44200000|unique=6157785|accepted=15492484|rate=97830.6/s|walker_min=89.246|walker_med=120.413|walker_max=136.114
STEP|n=44300000|unique=6177436|accepted=15512135|rate=97857.6/s|walker_min=92.202|walker_med=124.898|walker_max=138.559
STEP|n=44400000|unique=6197987|accepted=15532686|rate=97883.8/s|walker_min=78.088|walker_med=124.530|walker_max=138.314
STEP|n=44500000|unique=6218657|accepted=15553356|rate=97914.4/s|walker_min=80.499|walker_med=129.546|walker_max=138.566
STEP|n=44600000|unique=6239984|accepted=15574683|rate=97946.3/s|walker_min=67.526|walker_med=123.901|walker_max=138.532
STEP|n=44700000|unique=6262456|accepted=15597155|rate=97971.7/s|walker_min=77.084|walker_med=126.138|walker_max=136.331
STEP|n=44800000|unique=6287150|accepted=15621849|rate=97960.0/s|walker_min=74.568|walker_med=107.827|walker_max=136.117
STEP|n=44900000|unique=6315472|accepted=15650171|rate=97970.7/s|walker_min=65.060|walker_med=105.039|walker_max=138.222
STEP|n=45000000|unique=6349684|accepted=15684383|rate=97974.0/s|walker_min=51.316|walker_med=85.432|walker_max=131.844
PRUNE_START|step=45000000|unique=6349684|active_cutoff=138.636745
PRUNE_DONE|step=45000000|unique=4000000|active_cutoff=125.799295|reservoir=200000
STEP|n=45100000|unique=4028294|accepted=15712677|rate=97699.7/s|walker_min=39.618|walker_med=94.608|walker_max=124.734
STEP|n=45200000|unique=4051906|accepted=15736289|rate=97716.3/s|walker_min=65.721|walker_med=106.531|walker_max=124.969
STEP|n=45300000|unique=4072473|accepted=15756856|rate=97699.2/s|walker_min=65.225|walker_med=112.945|walker_max=124.786
STEP|n=45400000|unique=4091869|accepted=15776252|rate=97731.8/s|walker_min=58.101|walker_med=109.921|walker_max=124.894
STEP|n=45500000|unique=4110090|accepted=15794473|rate=97763.4/s|walker_min=56.304|walker_med=112.955|walker_max=124.385
STEP|n=45600000|unique=4127679|accepted=15812062|rate=97791.7/s|walker_min=84.417|walker_med=112.317|walker_max=125.531
STEP|n=45700000|unique=4144185|accepted=15828568|rate=97821.7/s|walker_min=78.382|walker_med=111.819|walker_max=125.720
STEP|n=45800000|unique=4160595|accepted=15844978|rate=97857.2/s|walker_min=79.315|walker_med=110.602|walker_max=125.758
STEP|n=45900000|unique=4177454|accepted=15861837|rate=97893.5/s|walker_min=82.015|walker_med=113.230|walker_max=125.502
STEP|n=46000000|unique=4193926|accepted=15878309|rate=97928.3/s|walker_min=82.706|walker_med=116.342|walker_max=125.597
STEP|n=46100000|unique=4210666|accepted=15895049|rate=97938.5/s|walker_min=78.804|walker_med=116.096|walker_max=125.526
STEP|n=46200000|unique=4227020|accepted=15911403|rate=97968.5/s|walker_min=76.745|walker_med=113.923|walker_max=125.597
STEP|n=46300000|unique=4243864|accepted=15928247|rate=97999.1/s|walker_min=70.975|walker_med=113.955|walker_max=125.610
STEP|n=46400000|unique=4261051|accepted=15945434|rate=98035.0/s|walker_min=81.347|walker_med=109.385|walker_max=125.414
STEP|n=46500000|unique=4278094|accepted=15962477|rate=98071.2/s|walker_min=69.696|walker_med=116.773|walker_max=125.738
STEP|n=46600000|unique=4296502|accepted=15980885|rate=98097.7/s|walker_min=54.548|walker_med=116.363|walker_max=125.083
STEP|n=46700000|unique=4315217|accepted=15999600|rate=98121.5/s|walker_min=75.388|walker_med=113.527|walker_max=125.751
STEP|n=46800000|unique=4335281|accepted=16019664|rate=98142.8/s|walker_min=54.047|walker_med=112.272|walker_max=125.644
STEP|n=46900000|unique=4357452|accepted=16041835|rate=98148.5/s|walker_min=42.208|walker_med=103.673|walker_max=125.487
STEP|n=47000000|unique=4384260|accepted=16068643|rate=98160.8/s|walker_min=35.330|walker_med=74.312|walker_max=121.947
STEP|n=47100000|unique=4411845|accepted=16096228|rate=98163.8/s|walker_min=43.863|walker_med=98.870|walker_max=125.333
STEP|n=47200000|unique=4434362|accepted=16118745|rate=98180.2/s|walker_min=73.203|walker_med=105.720|walker_max=125.513
STEP|n=47300000|unique=4454641|accepted=16139024|rate=98204.6/s|walker_min=78.423|walker_med=109.329|walker_max=125.250
STEP|n=47400000|unique=4473384|accepted=16157767|rate=98214.9/s|walker_min=76.030|walker_med=110.587|walker_max=125.635
STEP|n=47500000|unique=4491434|accepted=16175817|rate=98247.1/s|walker_min=82.707|walker_med=114.134|walker_max=125.321
STEP|n=47600000|unique=4508792|accepted=16193175|rate=98273.6/s|walker_min=59.847|walker_med=110.772|walker_max=125.164
STEP|n=47700000|unique=4526066|accepted=16210449|rate=98298.5/s|walker_min=85.507|walker_med=117.822|walker_max=125.748
STEP|n=47800000|unique=4542364|accepted=16226747|rate=98328.9/s|walker_min=83.714|walker_med=115.546|walker_max=125.337
STEP|n=47900000|unique=4558790|accepted=16243173|rate=98362.9/s|walker_min=69.158|walker_med=116.970|walker_max=125.298
STEP|n=48000000|unique=4574981|accepted=16259364|rate=98397.9/s|walker_min=80.049|walker_med=116.220|walker_max=125.270
STEP|n=48100000|unique=4591146|accepted=16275529|rate=98426.3/s|walker_min=71.579|walker_med=116.384|walker_max=125.512
STEP|n=48200000|unique=4607581|accepted=16291964|rate=98434.0/s|walker_min=73.868|walker_med=113.973|walker_max=125.367
STEP|n=48300000|unique=4624621|accepted=16309004|rate=98461.3/s|walker_min=85.915|walker_med=114.250|walker_max=125.284
STEP|n=48400000|unique=4641453|accepted=16325836|rate=98495.3/s|walker_min=71.583|walker_med=115.727|walker_max=124.840
STEP|n=48500000|unique=4658709|accepted=16343092|rate=98528.3/s|walker_min=84.932|walker_med=118.594|walker_max=125.703
STEP|n=48600000|unique=4676208|accepted=16360591|rate=98558.1/s|walker_min=82.169|walker_med=116.142|walker_max=125.080
STEP|n=48700000|unique=4694539|accepted=16378922|rate=98581.7/s|walker_min=65.043|walker_med=106.342|walker_max=125.265
STEP|n=48800000|unique=4714896|accepted=16399279|rate=98601.0/s|walker_min=57.136|walker_med=104.547|walker_max=125.486
STEP|n=48900000|unique=4737568|accepted=16421951|rate=98620.4/s|walker_min=43.987|walker_med=104.916|walker_max=125.671
STEP|n=49000000|unique=4764492|accepted=16448875|rate=98613.0/s|walker_min=42.847|walker_med=69.244|walker_max=125.442
STEP|n=49100000|unique=4791434|accepted=16475817|rate=98620.2/s|walker_min=58.322|walker_med=97.753|walker_max=124.243
STEP|n=49200000|unique=4813831|accepted=16498214|rate=98634.9/s|walker_min=52.195|walker_med=105.544|walker_max=125.246
STEP|n=49300000|unique=4833851|accepted=16518234|rate=98654.8/s|walker_min=60.983|walker_med=109.014|walker_max=125.794
STEP|n=49400000|unique=4852351|accepted=16536734|rate=98684.3/s|walker_min=48.664|walker_med=107.033|walker_max=123.551
STEP|n=49500000|unique=4870057|accepted=16554440|rate=98712.8/s|walker_min=94.006|walker_med=112.632|walker_max=123.181
STEP|n=49600000|unique=4886688|accepted=16571071|rate=98722.9/s|walker_min=89.873|walker_med=115.056|walker_max=125.567
STEP|n=49700000|unique=4903360|accepted=16587743|rate=98748.4/s|walker_min=75.790|walker_med=116.202|walker_max=125.751
STEP|n=49800000|unique=4919773|accepted=16604156|rate=98774.8/s|walker_min=43.492|walker_med=116.718|walker_max=125.509
STEP|n=49900000|unique=4935903|accepted=16620286|rate=98807.3/s|walker_min=91.256|walker_med=116.943|walker_max=125.091
STEP|n=50000000|unique=4951964|accepted=16636347|rate=98840.2/s|walker_min=92.155|walker_med=117.234|walker_max=125.296
CHECKPOINT|step=50000000|unique=4951964|saved=3000000|min=25.4807|max=114.387
STEP|n=50100000|unique=4967822|accepted=16652205|rate=97591.0/s|walker_min=71.146|walker_med=117.539|walker_max=125.652
STEP|n=50200000|unique=4983850|accepted=16668233|rate=97616.9/s|walker_min=62.932|walker_med=114.685|walker_max=125.369
STEP|n=50300000|unique=5000054|accepted=16684437|rate=97643.1/s|walker_min=93.514|walker_med=118.146|walker_max=125.781
STEP|n=50400000|unique=5016439|accepted=16700822|rate=97669.4/s|walker_min=74.194|walker_med=110.710|walker_max=125.545
STEP|n=50500000|unique=5033322|accepted=16717705|rate=97694.5/s|walker_min=70.264|walker_med=109.484|walker_max=125.510
STEP|n=50600000|unique=5051030|accepted=16735413|rate=97718.7/s|walker_min=71.098|walker_med=108.415|walker_max=125.718
STEP|n=50700000|unique=5069593|accepted=16753976|rate=97740.4/s|walker_min=55.581|walker_med=112.283|walker_max=125.763
STEP|n=50800000|unique=5089172|accepted=16773555|rate=97736.4/s|walker_min=46.168|walker_med=106.855|walker_max=125.186
STEP|n=50900000|unique=5111520|accepted=16795903|rate=97750.4/s|walker_min=50.057|walker_med=104.894|walker_max=122.973
STEP|n=51000000|unique=5137333|accepted=16821716|rate=97755.3/s|walker_min=42.859|walker_med=80.341|walker_max=124.433
STEP|n=51100000|unique=5164272|accepted=16848655|rate=97757.1/s|walker_min=57.983|walker_med=92.236|walker_max=123.975
STEP|n=51200000|unique=5186445|accepted=16870828|rate=97771.8/s|walker_min=70.555|walker_med=113.393|walker_max=125.709
STEP|n=51300000|unique=5206484|accepted=16890867|rate=97788.8/s|walker_min=40.221|walker_med=109.548|walker_max=125.424
STEP|n=51400000|unique=5224819|accepted=16909202|rate=97789.8/s|walker_min=65.039|walker_med=106.852|walker_max=125.437
STEP|n=51500000|unique=5241930|accepted=16926313|rate=97814.1/s|walker_min=79.162|walker_med=109.272|walker_max=125.328
STEP|n=51600000|unique=5259103|accepted=16943486|rate=97838.4/s|walker_min=79.177|walker_med=111.133|walker_max=125.333
STEP|n=51700000|unique=5276025|accepted=16960408|rate=97862.9/s|walker_min=68.961|walker_med=114.838|walker_max=123.627
STEP|n=51800000|unique=5292113|accepted=16976496|rate=97889.5/s|walker_min=74.570|walker_med=108.990|walker_max=125.682
STEP|n=51900000|unique=5308116|accepted=16992499|rate=97915.6/s|walker_min=74.740|walker_med=113.555|walker_max=125.025
STEP|n=52000000|unique=5324075|accepted=17008458|rate=97942.0/s|walker_min=89.761|walker_med=117.250|walker_max=125.427
STEP|n=52100000|unique=5340215|accepted=17024598|rate=97965.9/s|walker_min=67.659|walker_med=113.947|walker_max=125.705
STEP|n=52200000|unique=5356142|accepted=17040525|rate=97969.4/s|walker_min=74.016|walker_med=115.331|walker_max=125.383
STEP|n=52300000|unique=5372294|accepted=17056677|rate=97995.5/s|walker_min=75.668|walker_med=115.144|walker_max=125.396
STEP|n=52400000|unique=5389099|accepted=17073482|rate=98019.5/s|walker_min=73.898|walker_med=115.040|walker_max=125.153
STEP|n=52500000|unique=5406084|accepted=17090467|rate=98042.8/s|walker_min=66.159|walker_med=112.673|walker_max=125.335
STEP|n=52600000|unique=5423356|accepted=17107739|rate=98065.6/s|walker_min=69.805|walker_med=113.530|walker_max=125.760
STEP|n=52700000|unique=5441108|accepted=17125491|rate=98087.8/s|walker_min=58.021|walker_med=117.182|walker_max=125.340
STEP|n=52800000|unique=5460293|accepted=17144676|rate=98107.5/s|walker_min=60.973|walker_med=94.272|walker_max=124.311
STEP|n=52900000|unique=5482452|accepted=17166835|rate=98119.0/s|walker_min=47.265|walker_med=96.792|walker_max=122.858
STEP|n=53000000|unique=5508669|accepted=17193052|rate=98101.7/s|walker_min=38.928|walker_med=91.303|walker_max=124.824
STEP|n=53100000|unique=5534857|accepted=17219240|rate=98103.9/s|walker_min=57.214|walker_med=95.638|walker_max=122.883
STEP|n=53200000|unique=5556271|accepted=17240654|rate=98118.3/s|walker_min=75.304|walker_med=113.095|walker_max=125.194
STEP|n=53300000|unique=5575995|accepted=17260378|rate=98136.9/s|walker_min=60.528|walker_med=108.435|walker_max=125.093
STEP|n=53400000|unique=5594095|accepted=17278478|rate=98131.5/s|walker_min=81.680|walker_med=115.079|walker_max=125.662
STEP|n=53500000|unique=5611499|accepted=17295882|rate=98152.7/s|walker_min=53.040|walker_med=115.841|walker_max=125.099
STEP|n=53600000|unique=5628279|accepted=17312662|rate=98157.0/s|walker_min=78.127|walker_med=114.651|walker_max=125.614
STEP|n=53700000|unique=5645015|accepted=17329398|rate=98186.0/s|walker_min=59.838|walker_med=113.750|walker_max=125.013
STEP|n=53800000|unique=5661350|accepted=17345733|rate=98215.2/s|walker_min=47.065|walker_med=112.367|walker_max=125.548
STEP|n=53900000|unique=5677411|accepted=17361794|rate=98245.9/s|walker_min=55.928|walker_med=117.285|walker_max=125.597
STEP|n=54000000|unique=5692917|accepted=17377300|rate=98251.2/s|walker_min=82.488|walker_med=119.076|walker_max=125.706
STEP|n=54100000|unique=5708687|accepted=17393070|rate=98279.5/s|walker_min=50.023|walker_med=117.933|walker_max=125.793
STEP|n=54200000|unique=5724526|accepted=17408909|rate=98308.5/s|walker_min=80.382|walker_med=115.638|walker_max=125.226
STEP|n=54300000|unique=5740779|accepted=17425162|rate=98335.4/s|walker_min=62.079|walker_med=107.339|walker_max=125.427
STEP|n=54400000|unique=5757368|accepted=17441751|rate=98337.1/s|walker_min=68.981|walker_med=114.471|walker_max=125.591
STEP|n=54500000|unique=5774075|accepted=17458458|rate=98360.3/s|walker_min=72.209|walker_med=116.263|walker_max=125.745
STEP|n=54600000|unique=5791547|accepted=17475930|rate=98385.7/s|walker_min=82.797|walker_med=115.166|walker_max=124.469
STEP|n=54700000|unique=5809721|accepted=17494104|rate=98412.3/s|walker_min=80.654|walker_med=116.279|walker_max=125.164
STEP|n=54800000|unique=5828744|accepted=17513127|rate=98436.7/s|walker_min=55.804|walker_med=114.231|walker_max=125.379
STEP|n=54900000|unique=5850605|accepted=17534988|rate=98450.0/s|walker_min=37.378|walker_med=92.048|walker_max=125.309
STEP|n=55000000|unique=5875987|accepted=17560370|rate=98452.6/s|walker_min=46.318|walker_med=87.407|walker_max=122.088
STEP|n=55100000|unique=5901987|accepted=17586370|rate=98439.0/s|walker_min=33.089|walker_med=97.395|walker_max=125.712
STEP|n=55200000|unique=5923246|accepted=17607629|rate=98459.3/s|walker_min=56.562|walker_med=103.417|walker_max=124.891
STEP|n=55300000|unique=5942644|accepted=17627027|rate=98482.3/s|walker_min=70.429|walker_med=111.103|walker_max=125.622
STEP|n=55400000|unique=5960278|accepted=17644661|rate=98502.9/s|walker_min=67.019|walker_med=110.557|walker_max=125.644
STEP|n=55500000|unique=5977723|accepted=17662106|rate=98524.1/s|walker_min=68.557|walker_med=113.596|walker_max=124.557
STEP|n=55600000|unique=5994031|accepted=17678414|rate=98550.1/s|walker_min=63.251|walker_med=113.148|walker_max=124.332
STEP|n=55700000|unique=6010063|accepted=17694446|rate=98579.0/s|walker_min=58.197|walker_med=113.966|walker_max=125.716
STEP|n=55800000|unique=6026056|accepted=17710439|rate=98587.8/s|walker_min=83.385|walker_med=116.280|walker_max=125.794
STEP|n=55900000|unique=6041764|accepted=17726147|rate=98611.6/s|walker_min=91.939|walker_med=114.504|walker_max=124.707
STEP|n=56000000|unique=6057253|accepted=17741636|rate=98635.2/s|walker_min=70.570|walker_med=107.980|walker_max=125.568
STEP|n=56100000|unique=6072526|accepted=17756909|rate=98661.7/s|walker_min=92.740|walker_med=113.928|walker_max=124.674
STEP|n=56200000|unique=6088075|accepted=17772458|rate=98691.2/s|walker_min=96.944|walker_med=115.441|walker_max=125.693
STEP|n=56300000|unique=6104347|accepted=17788730|rate=98720.2/s|walker_min=53.665|walker_med=112.267|walker_max=124.894
STEP|n=56400000|unique=6120569|accepted=17804952|rate=98745.3/s|walker_min=60.020|walker_med=113.426|walker_max=125.320
STEP|n=56500000|unique=6137173|accepted=17821556|rate=98766.9/s|walker_min=76.235|walker_med=112.352|walker_max=124.986
STEP|n=56600000|unique=6154290|accepted=17838673|rate=98786.6/s|walker_min=62.469|walker_med=111.763|walker_max=125.271
STEP|n=56700000|unique=6172194|accepted=17856577|rate=98790.6/s|walker_min=66.120|walker_med=109.309|walker_max=125.755
STEP|n=56800000|unique=6191594|accepted=17875977|rate=98812.5/s|walker_min=73.850|walker_med=106.604|walker_max=124.705
STEP|n=56900000|unique=6212604|accepted=17896987|rate=98828.6/s|walker_min=61.496|walker_med=102.339|walker_max=125.608
STEP|n=57000000|unique=6237996|accepted=17922379|rate=98831.7/s|walker_min=36.429|walker_med=85.251|walker_max=121.240
STEP|n=57100000|unique=6262983|accepted=17947366|rate=98836.4/s|walker_min=42.285|walker_med=99.370|walker_max=123.537
STEP|n=57200000|unique=6284615|accepted=17968998|rate=98853.2/s|walker_min=52.311|walker_med=106.236|walker_max=125.674
STEP|n=57300000|unique=6303790|accepted=17988173|rate=98855.4/s|walker_min=54.134|walker_med=108.885|walker_max=125.638
STEP|n=57400000|unique=6321772|accepted=18006155|rate=98875.6/s|walker_min=81.045|walker_med=112.404|walker_max=125.426
STEP|n=57500000|unique=6339014|accepted=18023397|rate=98896.0/s|walker_min=76.303|walker_med=114.100|walker_max=125.648
STEP|n=57600000|unique=6355579|accepted=18039962|rate=98918.6/s|walker_min=86.707|walker_med=114.276|walker_max=125.232
STEP|n=57700000|unique=6371688|accepted=18056071|rate=98946.6/s|walker_min=68.665|walker_med=108.310|walker_max=125.695
STEP|n=57800000|unique=6387962|accepted=18072345|rate=98973.6/s|walker_min=69.216|walker_med=111.013|walker_max=125.656
STEP|n=57900000|unique=6403772|accepted=18088155|rate=98998.9/s|walker_min=58.072|walker_med=111.104|walker_max=125.223
STEP|n=58000000|unique=6419037|accepted=18103420|rate=99020.8/s|walker_min=68.874|walker_med=116.313|walker_max=124.651
STEP|n=58100000|unique=6434343|accepted=18118726|rate=99021.7/s|walker_min=82.267|walker_med=116.138|walker_max=122.729
STEP|n=58200000|unique=6449480|accepted=18133863|rate=99050.7/s|walker_min=99.971|walker_med=118.253|walker_max=125.580
STEP|n=58300000|unique=6465147|accepted=18149530|rate=99078.5/s|walker_min=71.410|walker_med=113.429|walker_max=125.446
STEP|n=58400000|unique=6481333|accepted=18165716|rate=99104.4/s|walker_min=74.514|walker_med=113.231|walker_max=125.425
STEP|n=58500000|unique=6497693|accepted=18182076|rate=99125.1/s|walker_min=72.469|walker_med=112.850|walker_max=125.575
STEP|n=58600000|unique=6514393|accepted=18198776|rate=99145.3/s|walker_min=77.476|walker_med=111.767|walker_max=124.668
STEP|n=58700000|unique=6531720|accepted=18216103|rate=99168.0/s|walker_min=62.042|walker_med=111.840|walker_max=123.744
STEP|n=58800000|unique=6550821|accepted=18235204|rate=99188.6/s|walker_min=46.455|walker_med=97.264|walker_max=125.580
STEP|n=58900000|unique=6572215|accepted=18256598|rate=99183.7/s|walker_min=53.268|walker_med=91.532|walker_max=125.499
STEP|n=59000000|unique=6596909|accepted=18281292|rate=99186.3/s|walker_min=58.207|walker_med=85.271|walker_max=122.941
STEP|n=59100000|unique=6622254|accepted=18306637|rate=99188.3/s|walker_min=49.496|walker_med=105.089|walker_max=125.060
STEP|n=59200000|unique=6643009|accepted=18327392|rate=99205.4/s|walker_min=55.166|walker_med=105.960|walker_max=125.079
STEP|n=59300000|unique=6662072|accepted=18346455|rate=99227.1/s|walker_min=63.680|walker_med=107.241|walker_max=125.641
STEP|n=59400000|unique=6680153|accepted=18364536|rate=99248.3/s|walker_min=66.048|walker_med=114.744|walker_max=125.665
STEP|n=59500000|unique=6697131|accepted=18381514|rate=99245.7/s|walker_min=57.425|walker_med=110.767|walker_max=125.357
STEP|n=59600000|unique=6713390|accepted=18397773|rate=99265.7/s|walker_min=84.984|walker_med=113.249|walker_max=125.579
STEP|n=59700000|unique=6729415|accepted=18413798|rate=99290.4/s|walker_min=69.461|walker_med=115.805|walker_max=125.446
STEP|n=59800000|unique=6744964|accepted=18429347|rate=99316.9/s|walker_min=58.672|walker_med=113.125|walker_max=124.777
STEP|n=59900000|unique=6760383|accepted=18444766|rate=99343.8/s|walker_min=74.313|walker_med=115.581|walker_max=125.224
STEP|n=60000000|unique=6775741|accepted=18460124|rate=99364.7/s|walker_min=73.892|walker_med=112.182|walker_max=125.707
PRUNE_START|step=60000000|unique=6775741|active_cutoff=125.799295
PRUNE_DONE|step=60000000|unique=4000000|active_cutoff=113.961468|reservoir=200000
STEP|n=60100000|unique=4011970|accepted=18472094|rate=99138.4/s|walker_min=74.183|walker_med=108.029|walker_max=113.785
STEP|n=60200000|unique=4024206|accepted=18484330|rate=99166.2/s|walker_min=75.051|walker_med=104.712|walker_max=113.590
STEP|n=60300000|unique=4036529|accepted=18496653|rate=99171.5/s|walker_min=76.679|walker_med=105.390|walker_max=113.881
STEP|n=60400000|unique=4048818|accepted=18508942|rate=99194.3/s|walker_min=64.177|walker_med=100.419|walker_max=113.138
STEP|n=60500000|unique=4061552|accepted=18521676|rate=99202.4/s|walker_min=57.136|walker_med=107.643|walker_max=113.871
STEP|n=60600000|unique=4074880|accepted=18535004|rate=99229.7/s|walker_min=47.023|walker_med=104.272|walker_max=113.541
STEP|n=60700000|unique=4088496|accepted=18548620|rate=99257.4/s|walker_min=45.131|walker_med=103.214|walker_max=113.946
STEP|n=60800000|unique=4102822|accepted=18562946|rate=99281.7/s|walker_min=38.992|walker_med=94.519|walker_max=113.657
STEP|n=60900000|unique=4118612|accepted=18578736|rate=99297.4/s|walker_min=52.375|walker_med=89.475|walker_max=113.810
STEP|n=61000000|unique=4137000|accepted=18597124|rate=99306.1/s|walker_min=35.380|walker_med=75.005|walker_max=103.147
STEP|n=61100000|unique=4154879|accepted=18615003|rate=99321.2/s|walker_min=45.974|walker_med=96.182|walker_max=113.450
STEP|n=61200000|unique=4170337|accepted=18630461|rate=99343.1/s|walker_min=59.209|walker_med=100.321|walker_max=113.480
STEP|n=61300000|unique=4184486|accepted=18644610|rate=99365.9/s|walker_min=46.735|walker_med=95.173|walker_max=113.803
STEP|n=61400000|unique=4198162|accepted=18658286|rate=99371.7/s|walker_min=47.282|walker_med=102.242|walker_max=113.139
STEP|n=61500000|unique=4210784|accepted=18670908|rate=99394.2/s|walker_min=70.365|walker_med=108.030|walker_max=113.930
STEP|n=61600000|unique=4222827|accepted=18682951|rate=99420.5/s|walker_min=77.920|walker_med=103.566|walker_max=113.559
STEP|n=61700000|unique=4235290|accepted=18695414|rate=99448.8/s|walker_min=76.250|walker_med=104.808|walker_max=113.783
STEP|n=61800000|unique=4247411|accepted=18707535|rate=99477.5/s|walker_min=60.472|walker_med=101.084|walker_max=113.789
STEP|n=61900000|unique=4259124|accepted=18719248|rate=99502.3/s|walker_min=83.295|walker_med=106.000|walker_max=113.583
STEP|n=62000000|unique=4271063|accepted=18731187|rate=99525.8/s|walker_min=67.782|walker_med=107.818|walker_max=113.249
STEP|n=62100000|unique=4282899|accepted=18743023|rate=99549.6/s|walker_min=73.459|walker_med=104.486|walker_max=113.108
STEP|n=62200000|unique=4294776|accepted=18754900|rate=99578.4/s|walker_min=65.014|walker_med=101.756|walker_max=113.531
STEP|n=62300000|unique=4307054|accepted=18767178|rate=99605.7/s|walker_min=72.522|walker_med=98.183|walker_max=113.468
STEP|n=62400000|unique=4319208|accepted=18779332|rate=99631.1/s|walker_min=77.127|walker_med=107.025|walker_max=113.238
STEP|n=62500000|unique=4331691|accepted=18791815|rate=99638.7/s|walker_min=75.441|walker_med=100.907|walker_max=112.464
STEP|n=62600000|unique=4344506|accepted=18804630|rate=99660.2/s|walker_min=54.574|walker_med=101.740|walker_max=113.761
STEP|n=62700000|unique=4357903|accepted=18818027|rate=99684.1/s|walker_min=73.944|walker_med=102.692|walker_max=113.344
STEP|n=62800000|unique=4371985|accepted=18832109|rate=99707.9/s|walker_min=68.546|walker_med=93.569|walker_max=113.886
STEP|n=62900000|unique=4387313|accepted=18847437|rate=99729.7/s|walker_min=52.128|walker_med=100.739|walker_max=112.976
STEP|n=63000000|unique=4405096|accepted=18865220|rate=99737.5/s|walker_min=41.612|walker_med=81.172|walker_max=110.545
STEP|n=63100000|unique=4422901|accepted=18883025|rate=99744.8/s|walker_min=36.075|walker_med=98.335|walker_max=113.767
STEP|n=63200000|unique=4438525|accepted=18898649|rate=99762.3/s|walker_min=54.245|walker_med=98.706|walker_max=113.453
STEP|n=63300000|unique=4452749|accepted=18912873|rate=99780.4/s|walker_min=65.290|walker_med=103.684|walker_max=113.244
STEP|n=63400000|unique=4465814|accepted=18925938|rate=99785.2/s|walker_min=63.564|walker_med=103.976|walker_max=113.771
STEP|n=63500000|unique=4478452|accepted=18938576|rate=99810.2/s|walker_min=73.856|walker_med=103.263|walker_max=113.573
STEP|n=63600000|unique=4490897|accepted=18951021|rate=99835.2/s|walker_min=66.102|walker_med=103.544|walker_max=113.885
STEP|n=63700000|unique=4502776|accepted=18962900|rate=99859.6/s|walker_min=69.198|walker_med=103.054|walker_max=113.871
STEP|n=63800000|unique=4514592|accepted=18974716|rate=99881.1/s|walker_min=72.714|walker_med=101.815|walker_max=113.103
STEP|n=63900000|unique=4526207|accepted=18986331|rate=99902.2/s|walker_min=72.301|walker_med=104.734|walker_max=113.183
STEP|n=64000000|unique=4537710|accepted=18997834|rate=99926.9/s|walker_min=86.266|walker_med=105.790|walker_max=113.934
STEP|n=64100000|unique=4548996|accepted=19009120|rate=99953.8/s|walker_min=75.881|walker_med=103.649|walker_max=113.956
STEP|n=64200000|unique=4560816|accepted=19020940|rate=99979.8/s|walker_min=80.369|walker_med=104.462|walker_max=113.255
STEP|n=64300000|unique=4572585|accepted=19032709|rate=100000.0/s|walker_min=60.662|walker_med=105.051|walker_max=113.497
STEP|n=64400000|unique=4584597|accepted=19044721|rate=100020.4/s|walker_min=65.804|walker_med=100.729|walker_max=113.529
STEP|n=64500000|unique=4596733|accepted=19056857|rate=100027.8/s|walker_min=76.901|walker_med=102.621|walker_max=113.487
STEP|n=64600000|unique=4609440|accepted=19069564|rate=100051.6/s|walker_min=43.729|walker_med=105.452|walker_max=113.497
STEP|n=64700000|unique=4622616|accepted=19082740|rate=100074.4/s|walker_min=57.431|walker_med=94.449|walker_max=113.896
STEP|n=64800000|unique=4636413|accepted=19096537|rate=100093.5/s|walker_min=58.420|walker_med=101.335|walker_max=113.113
STEP|n=64900000|unique=4651385|accepted=19111509|rate=100107.7/s|walker_min=36.614|walker_med=88.140|walker_max=113.879
STEP|n=65000000|unique=4668666|accepted=19128790|rate=100114.3/s|walker_min=46.203|walker_med=73.446|walker_max=113.344
STEP|n=65100000|unique=4685568|accepted=19145692|rate=100126.2/s|walker_min=57.260|walker_med=96.370|walker_max=112.457
STEP|n=65200000|unique=4700664|accepted=19160788|rate=100144.9/s|walker_min=50.212|walker_med=101.166|walker_max=112.676
STEP|n=65300000|unique=4714275|accepted=19174399|rate=100161.7/s|walker_min=62.235|walker_med=101.366|walker_max=112.680
STEP|n=65400000|unique=4727178|accepted=19187302|rate=100165.0/s|walker_min=73.290|walker_med=102.531|walker_max=113.955
STEP|n=65500000|unique=4739726|accepted=19199850|rate=100184.4/s|walker_min=51.866|walker_med=103.343|walker_max=112.672
STEP|n=65600000|unique=4751919|accepted=19212043|rate=100208.0/s|walker_min=60.672|walker_med=105.542|walker_max=112.647
STEP|n=65700000|unique=4763641|accepted=19223765|rate=100233.2/s|walker_min=64.439|walker_med=102.405|walker_max=113.762
STEP|n=65800000|unique=4774948|accepted=19235072|rate=100257.4/s|walker_min=82.782|walker_med=106.283|walker_max=112.840
STEP|n=65900000|unique=4786233|accepted=19246357|rate=100278.6/s|walker_min=71.045|walker_med=104.837|walker_max=113.449
STEP|n=66000000|unique=4797379|accepted=19257503|rate=100300.5/s|walker_min=81.201|walker_med=104.737|walker_max=113.879
STEP|n=66100000|unique=4808691|accepted=19268815|rate=100323.9/s|walker_min=82.992|walker_med=108.159|walker_max=113.630
STEP|n=66200000|unique=4820284|accepted=19280408|rate=100348.9/s|walker_min=65.305|walker_med=102.060|walker_max=113.952
STEP|n=66300000|unique=4831830|accepted=19291954|rate=100373.7/s|walker_min=76.501|walker_med=103.188|walker_max=113.858
STEP|n=66400000|unique=4843337|accepted=19303461|rate=100393.9/s|walker_min=67.990|walker_med=105.514|walker_max=113.504
STEP|n=66500000|unique=4855515|accepted=19315639|rate=100411.8/s|walker_min=75.740|walker_med=101.849|walker_max=112.942
STEP|n=66600000|unique=4867877|accepted=19328001|rate=100416.9/s|walker_min=79.576|walker_med=104.997|walker_max=113.960
STEP|n=66700000|unique=4880793|accepted=19340917|rate=100439.3/s|walker_min=63.132|walker_med=102.903|walker_max=113.321
STEP|n=66800000|unique=4894062|accepted=19354186|rate=100456.0/s|walker_min=66.996|walker_med=100.379|walker_max=113.385
STEP|n=66900000|unique=4908738|accepted=19368862|rate=100470.1/s|walker_min=41.040|walker_med=91.562|walker_max=111.899
STEP|n=67000000|unique=4925648|accepted=19385772|rate=100477.7/s|walker_min=52.998|walker_med=91.521|walker_max=113.804
STEP|n=67100000|unique=4942153|accepted=19402277|rate=100487.2/s|walker_min=47.165|walker_med=96.378|walker_max=112.424
STEP|n=67200000|unique=4957170|accepted=19417294|rate=100504.5/s|walker_min=62.819|walker_med=98.553|walker_max=113.154
STEP|n=67300000|unique=4970698|accepted=19430822|rate=100524.7/s|walker_min=67.244|walker_med=101.282|walker_max=113.442
STEP|n=67400000|unique=4982918|accepted=19443042|rate=100543.5/s|walker_min=78.337|walker_med=99.553|walker_max=112.916
STEP|n=67500000|unique=4995189|accepted=19455313|rate=100546.5/s|walker_min=52.789|walker_med=101.246|walker_max=113.807
STEP|n=67600000|unique=5006956|accepted=19467080|rate=100566.1/s|walker_min=70.511|walker_med=102.905|walker_max=113.113
STEP|n=67700000|unique=5018517|accepted=19478641|rate=100590.5/s|walker_min=84.286|walker_med=102.937|walker_max=113.950
STEP|n=67800000|unique=5029675|accepted=19489799|rate=100615.0/s|walker_min=76.847|walker_med=105.428|walker_max=113.547
STEP|n=67900000|unique=5041128|accepted=19501252|rate=100638.7/s|walker_min=82.447|walker_med=106.637|walker_max=113.669
STEP|n=68000000|unique=5052320|accepted=19512444|rate=100658.6/s|walker_min=68.304|walker_med=102.469|walker_max=113.852
STEP|n=68100000|unique=5063543|accepted=19523667|rate=100677.8/s|walker_min=58.726|walker_med=106.644|walker_max=112.754
STEP|n=68200000|unique=5074740|accepted=19534864|rate=100700.4/s|walker_min=69.254|walker_med=100.506|walker_max=113.791
STEP|n=68300000|unique=5085958|accepted=19546082|rate=100725.1/s|walker_min=73.620|walker_med=105.005|walker_max=112.922
STEP|n=68400000|unique=5097350|accepted=19557474|rate=100749.2/s|walker_min=66.983|walker_med=103.235|walker_max=113.385
STEP|n=68500000|unique=5109076|accepted=19569200|rate=100768.4/s|walker_min=73.127|walker_med=91.705|walker_max=112.042
STEP|n=68600000|unique=5121251|accepted=19581375|rate=100786.2/s|walker_min=70.365|walker_med=104.100|walker_max=113.787
STEP|n=68700000|unique=5133542|accepted=19593666|rate=100789.2/s|walker_min=63.877|walker_med=93.507|walker_max=113.545
STEP|n=68800000|unique=5146653|accepted=19606777|rate=100809.7/s|walker_min=48.014|walker_med=95.758|walker_max=113.017
STEP|n=68900000|unique=5160908|accepted=19621032|rate=100827.8/s|walker_min=48.144|walker_med=98.605|walker_max=113.805
STEP|n=69000000|unique=5177217|accepted=19637341|rate=100836.2/s|walker_min=33.732|walker_med=80.110|walker_max=112.660
STEP|n=69100000|unique=5193795|accepted=19653919|rate=100841.4/s|walker_min=54.024|walker_med=93.283|walker_max=111.661
STEP|n=69200000|unique=5207979|accepted=19668103|rate=100854.7/s|walker_min=61.899|walker_med=96.928|walker_max=112.277
STEP|n=69300000|unique=5221379|accepted=19681503|rate=100874.0/s|walker_min=66.461|walker_med=100.519|walker_max=113.950
STEP|n=69400000|unique=5233589|accepted=19693713|rate=100895.7/s|walker_min=62.462|walker_med=103.011|walker_max=113.602
STEP|n=69500000|unique=5245531|accepted=19705655|rate=100914.6/s|walker_min=75.907|walker_med=104.934|walker_max=112.453
STEP|n=69600000|unique=5257253|accepted=19717377|rate=100919.5/s|walker_min=70.846|walker_med=102.286|walker_max=113.009
STEP|n=69700000|unique=5268709|accepted=19728833|rate=100943.2/s|walker_min=62.754|walker_med=97.657|walker_max=113.720
STEP|n=69800000|unique=5279852|accepted=19739976|rate=100963.0/s|walker_min=69.484|walker_med=100.746|walker_max=113.159
STEP|n=69900000|unique=5290933|accepted=19751057|rate=100983.2/s|walker_min=78.784|walker_med=103.665|walker_max=113.600
STEP|n=70000000|unique=5301973|accepted=19762097|rate=101002.7/s|walker_min=62.069|walker_med=107.405|walker_max=113.774
STEP|n=70100000|unique=5312938|accepted=19773062|rate=101026.6/s|walker_min=64.721|walker_med=104.855|walker_max=113.347
STEP|n=70200000|unique=5324197|accepted=19784321|rate=101048.2/s|walker_min=75.355|walker_med=104.378|walker_max=113.748
STEP|n=70300000|unique=5335513|accepted=19795637|rate=101070.3/s|walker_min=79.816|walker_med=105.341|walker_max=113.735
STEP|n=70400000|unique=5346927|accepted=19807051|rate=101088.4/s|walker_min=78.861|walker_med=106.183|walker_max=113.815
STEP|n=70500000|unique=5358342|accepted=19818466|rate=101106.4/s|walker_min=40.588|walker_med=103.938|walker_max=113.832
STEP|n=70600000|unique=5370179|accepted=19830303|rate=101127.2/s|walker_min=85.134|walker_med=104.747|walker_max=113.736
STEP|n=70700000|unique=5382172|accepted=19842296|rate=101147.5/s|walker_min=61.355|walker_med=103.590|walker_max=113.821
STEP|n=70800000|unique=5394827|accepted=19854951|rate=101152.0/s|walker_min=40.871|walker_med=99.532|walker_max=112.242
STEP|n=70900000|unique=5408825|accepted=19868949|rate=101164.3/s|walker_min=53.854|walker_med=94.875|walker_max=113.276
STEP|n=71000000|unique=5424357|accepted=19884481|rate=101170.3/s|walker_min=49.544|walker_med=80.858|walker_max=113.662
STEP|n=71100000|unique=5440573|accepted=19900697|rate=101178.7/s|walker_min=53.771|walker_med=91.624|walker_max=112.906
STEP|n=71200000|unique=5454763|accepted=19914887|rate=101195.6/s|walker_min=60.683|walker_med=92.423|walker_max=111.564
STEP|n=71300000|unique=5467837|accepted=19927961|rate=101215.1/s|walker_min=49.234|walker_med=97.974|walker_max=113.402
STEP|n=71400000|unique=5479849|accepted=19939973|rate=101232.0/s|walker_min=63.177|walker_med=106.267|walker_max=113.685
STEP|n=71500000|unique=5491605|accepted=19951729|rate=101248.7/s|walker_min=71.924|walker_med=101.567|walker_max=113.627
STEP|n=71600000|unique=5503200|accepted=19963324|rate=101267.7/s|walker_min=76.559|walker_med=105.487|walker_max=113.858
STEP|n=71700000|unique=5514127|accepted=19974251|rate=101290.2/s|walker_min=83.537|walker_med=106.278|walker_max=113.329
STEP|n=71800000|unique=5524926|accepted=19985050|rate=101298.6/s|walker_min=74.767|walker_med=107.102|walker_max=113.575
STEP|n=71900000|unique=5535998|accepted=19996122|rate=101319.1/s|walker_min=68.361|walker_med=104.704|walker_max=113.797
STEP|n=72000000|unique=5546567|accepted=20006691|rate=101338.1/s|walker_min=74.939|walker_med=103.514|walker_max=113.895
STEP|n=72100000|unique=5557384|accepted=20017508|rate=101356.9/s|walker_min=78.701|walker_med=105.298|walker_max=113.337
STEP|n=72200000|unique=5568466|accepted=20028590|rate=101379.7/s|walker_min=75.731|walker_med=103.389|walker_max=113.958
STEP|n=72300000|unique=5579450|accepted=20039574|rate=101402.8/s|walker_min=64.948|walker_med=106.153|walker_max=113.822
STEP|n=72400000|unique=5590502|accepted=20050626|rate=101425.6/s|walker_min=84.728|walker_med=104.504|walker_max=113.817
STEP|n=72500000|unique=5601695|accepted=20061819|rate=101421.6/s|walker_min=60.640|walker_med=102.449|walker_max=113.083
STEP|n=72600000|unique=5613175|accepted=20073299|rate=101438.3/s|walker_min=53.915|walker_med=101.790|walker_max=113.893
STEP|n=72700000|unique=5624981|accepted=20085105|rate=101456.9/s|walker_min=61.931|walker_med=105.501|walker_max=113.766
STEP|n=72800000|unique=5637399|accepted=20097523|rate=101474.9/s|walker_min=56.361|walker_med=97.197|walker_max=112.499
STEP|n=72900000|unique=5651083|accepted=20111207|rate=101489.3/s|walker_min=48.887|walker_med=91.934|walker_max=113.941
STEP|n=73000000|unique=5666698|accepted=20126822|rate=101478.7/s|walker_min=36.009|walker_med=77.600|walker_max=107.844
STEP|n=73100000|unique=5681925|accepted=20142049|rate=101484.1/s|walker_min=54.435|walker_med=88.842|walker_max=113.661
STEP|n=73200000|unique=5695653|accepted=20155777|rate=101496.2/s|walker_min=71.121|walker_med=98.337|walker_max=113.904
STEP|n=73300000|unique=5708234|accepted=20168358|rate=101509.0/s|walker_min=58.383|walker_med=98.545|walker_max=112.908
STEP|n=73400000|unique=5720027|accepted=20180151|rate=101524.5/s|walker_min=69.514|walker_med=105.974|walker_max=113.155
STEP|n=73500000|unique=5731828|accepted=20191952|rate=101543.7/s|walker_min=66.761|walker_med=99.117|walker_max=113.942
STEP|n=73600000|unique=5742859|accepted=20202983|rate=101564.1/s|walker_min=65.818|walker_med=97.024|walker_max=112.388
STEP|n=73700000|unique=5753618|accepted=20213742|rate=101584.3/s|walker_min=78.076|walker_med=104.269|walker_max=113.579
STEP|n=73800000|unique=5764432|accepted=20224556|rate=101601.7/s|walker_min=75.729|walker_med=102.083|walker_max=113.658
STEP|n=73900000|unique=5775246|accepted=20235370|rate=101618.7/s|walker_min=86.416|walker_med=103.942|walker_max=113.932
STEP|n=74000000|unique=5785788|accepted=20245912|rate=101637.2/s|walker_min=67.249|walker_med=102.590|walker_max=113.448
STEP|n=74100000|unique=5796545|accepted=20256669|rate=101642.3/s|walker_min=70.111|walker_med=106.092|walker_max=113.875
STEP|n=74200000|unique=5807345|accepted=20267469|rate=101663.2/s|walker_min=76.482|walker_med=107.106|walker_max=113.774
STEP|n=74300000|unique=5818382|accepted=20278506|rate=101682.3/s|walker_min=71.307|walker_med=100.542|walker_max=113.833
STEP|n=74400000|unique=5829147|accepted=20289271|rate=101703.0/s|walker_min=54.336|walker_med=101.016|walker_max=113.868
STEP|n=74500000|unique=5840086|accepted=20300210|rate=101722.9/s|walker_min=87.567|walker_med=106.972|walker_max=112.877
STEP|n=74600000|unique=5851351|accepted=20311475|rate=101743.1/s|walker_min=61.982|walker_med=101.622|walker_max=113.639
STEP|n=74700000|unique=5863283|accepted=20323407|rate=101762.5/s|walker_min=65.401|walker_med=101.647|walker_max=113.579
STEP|n=74800000|unique=5875926|accepted=20336050|rate=101779.8/s|walker_min=46.784|walker_med=102.315|walker_max=113.483
STEP|n=74900000|unique=5889387|accepted=20349511|rate=101793.4/s|walker_min=49.408|walker_med=95.951|walker_max=113.803
STEP|n=75000000|unique=5904738|accepted=20364862|rate=101802.2/s|walker_min=44.085|walker_med=82.939|walker_max=111.113
STEP|n=75100000|unique=5919676|accepted=20379800|rate=101811.1/s|walker_min=52.430|walker_med=92.349|walker_max=110.500
STEP|n=75200000|unique=5933202|accepted=20393326|rate=101810.4/s|walker_min=65.351|walker_med=96.153|walker_max=113.268
STEP|n=75300000|unique=5945475|accepted=20405599|rate=101827.8/s|walker_min=61.048|walker_med=100.801|walker_max=113.706
STEP|n=75400000|unique=5957320|accepted=20417444|rate=101844.8/s|walker_min=77.002|walker_med=104.549|walker_max=113.151
STEP|n=75500000|unique=5968364|accepted=20428488|rate=101863.7/s|walker_min=63.231|walker_med=105.016|walker_max=113.695
STEP|n=75600000|unique=5979137|accepted=20439261|rate=101884.2/s|walker_min=53.176|walker_med=104.265|walker_max=111.989
STEP|n=75700000|unique=5989708|accepted=20449832|rate=101905.7/s|walker_min=65.407|walker_med=104.718|walker_max=113.584
STEP|n=75800000|unique=6000424|accepted=20460548|rate=101926.9/s|walker_min=71.733|walker_med=104.808|walker_max=113.736
STEP|n=75900000|unique=6010870|accepted=20470994|rate=101945.8/s|walker_min=59.707|walker_med=99.325|walker_max=113.655
STEP|n=76000000|unique=6021060|accepted=20481184|rate=101963.3/s|walker_min=76.888|walker_med=102.976|walker_max=113.330
STEP|n=76100000|unique=6031374|accepted=20491498|rate=101980.4/s|walker_min=73.198|walker_med=107.571|walker_max=113.266
STEP|n=76200000|unique=6041671|accepted=20501795|rate=101999.9/s|walker_min=81.623|walker_med=105.703|walker_max=113.853
STEP|n=76300000|unique=6052094|accepted=20512218|rate=102018.6/s|walker_min=44.553|walker_med=101.323|walker_max=113.398
STEP|n=76400000|unique=6062751|accepted=20522875|rate=102019.6/s|walker_min=71.746|walker_med=107.559|walker_max=113.922
STEP|n=76500000|unique=6073211|accepted=20533335|rate=102035.9/s|walker_min=66.314|walker_med=102.236|walker_max=113.459
STEP|n=76600000|unique=6084475|accepted=20544599|rate=102050.6/s|walker_min=75.536|walker_med=101.655|walker_max=113.928
STEP|n=76700000|unique=6096106|accepted=20556230|rate=102069.3/s|walker_min=59.083|walker_med=98.923|walker_max=112.703
STEP|n=76800000|unique=6108132|accepted=20568256|rate=102087.1/s|walker_min=67.183|walker_med=98.352|walker_max=113.216
STEP|n=76900000|unique=6121197|accepted=20581321|rate=102101.8/s|walker_min=38.036|walker_med=98.864|walker_max=113.406
STEP|n=77000000|unique=6135871|accepted=20595995|rate=102106.9/s|walker_min=41.481|walker_med=77.358|walker_max=102.350
STEP|n=77100000|unique=6150977|accepted=20611101|rate=102114.8/s|walker_min=35.172|walker_med=90.655|walker_max=113.258
STEP|n=77200000|unique=6163793|accepted=20623917|rate=102127.0/s|walker_min=69.408|walker_med=96.187|walker_max=112.327
STEP|n=77300000|unique=6175992|accepted=20636116|rate=102139.1/s|walker_min=58.061|walker_med=96.099|walker_max=113.850
STEP|n=77400000|unique=6187387|accepted=20647511|rate=102152.0/s|walker_min=53.292|walker_med=104.484|walker_max=113.921
STEP|n=77500000|unique=6198576|accepted=20658700|rate=102155.3/s|walker_min=68.218|walker_med=103.462|walker_max=113.937
STEP|n=77600000|unique=6209557|accepted=20669681|rate=102175.3/s|walker_min=62.108|walker_med=100.536|walker_max=113.754
STEP|n=77700000|unique=6219826|accepted=20679950|rate=102194.0/s|walker_min=74.258|walker_med=100.710|walker_max=113.254
STEP|n=77800000|unique=6230334|accepted=20690458|rate=102209.1/s|walker_min=39.955|walker_med=100.041|walker_max=113.930
STEP|n=77900000|unique=6240483|accepted=20700607|rate=102225.3/s|walker_min=76.605|walker_med=104.769|walker_max=113.004
STEP|n=78000000|unique=6250783|accepted=20710907|rate=102244.6/s|walker_min=69.839|walker_med=104.974|walker_max=113.894
STEP|n=78100000|unique=6260948|accepted=20721072|rate=102265.5/s|walker_min=66.107|walker_med=106.310|walker_max=113.891
STEP|n=78200000|unique=6271397|accepted=20731521|rate=102285.8/s|walker_min=73.554|walker_med=107.785|walker_max=113.868
STEP|n=78300000|unique=6281714|accepted=20741838|rate=102301.8/s|walker_min=65.043|walker_med=102.081|walker_max=113.937
STEP|n=78400000|unique=6292211|accepted=20752335|rate=102317.1/s|walker_min=84.977|walker_med=105.201|walker_max=112.558
STEP|n=78500000|unique=6303026|accepted=20763150|rate=102333.5/s|walker_min=68.057|walker_med=105.434|walker_max=113.872
STEP|n=78600000|unique=6314240|accepted=20774364|rate=102351.2/s|walker_min=65.171|walker_med=102.941|walker_max=113.478
STEP|n=78700000|unique=6325375|accepted=20785499|rate=102369.6/s|walker_min=74.033|walker_med=101.705|walker_max=112.207
STEP|n=78800000|unique=6337235|accepted=20797359|rate=102367.7/s|walker_min=51.611|walker_med=98.755|walker_max=113.373
STEP|n=78900000|unique=6350326|accepted=20810450|rate=102378.2/s|walker_min=48.251|walker_med=94.201|walker_max=113.196
STEP|n=79000000|unique=6364846|accepted=20824970|rate=102383.8/s|walker_min=33.010|walker_med=75.934|walker_max=108.171
STEP|n=79100000|unique=6379498|accepted=20839622|rate=102392.7/s|walker_min=54.476|walker_med=95.466|walker_max=109.497
STEP|n=79200000|unique=6392539|accepted=20852663|rate=102408.2/s|walker_min=67.543|walker_med=99.929|walker_max=113.160
STEP|n=79300000|unique=6404312|accepted=20864436|rate=102423.7/s|walker_min=53.127|walker_med=102.208|walker_max=113.352
STEP|n=79400000|unique=6415779|accepted=20875903|rate=102437.1/s|walker_min=74.282|walker_med=101.670|walker_max=113.508
STEP|n=79500000|unique=6426921|accepted=20887045|rate=102450.7/s|walker_min=59.255|walker_med=105.185|walker_max=113.535
STEP|n=79600000|unique=6437702|accepted=20897826|rate=102469.6/s|walker_min=48.425|walker_med=105.895|walker_max=113.812
STEP|n=79700000|unique=6447957|accepted=20908081|rate=102488.7/s|walker_min=75.655|walker_med=101.729|walker_max=113.933
STEP|n=79800000|unique=6458016|accepted=20918140|rate=102507.8/s|walker_min=72.117|walker_med=103.009|walker_max=113.666
STEP|n=79900000|unique=6468054|accepted=20928178|rate=102507.1/s|walker_min=57.288|walker_med=104.524|walker_max=113.837
STEP|n=80000000|unique=6478220|accepted=20938344|rate=102522.5/s|walker_min=58.233|walker_med=104.109|walker_max=113.270
PRUNE_START|step=80000000|unique=6478220|active_cutoff=113.961468
PRUNE_DONE|step=80000000|unique=4000000|active_cutoff=105.361889|reservoir=200000
STEP|n=80100000|unique=4007393|accepted=20945737|rate=102331.5/s|walker_min=82.775|walker_med=94.768|walker_max=105.167
STEP|n=80200000|unique=4014786|accepted=20953130|rate=102350.8/s|walker_min=65.872|walker_med=96.527|walker_max=104.828
STEP|n=80300000|unique=4022352|accepted=20960696|rate=102368.1/s|walker_min=62.722|walker_med=98.225|walker_max=105.183
STEP|n=80400000|unique=4029921|accepted=20968265|rate=102385.5/s|walker_min=58.380|walker_med=91.330|walker_max=104.587
STEP|n=80500000|unique=4037662|accepted=20976006|rate=102406.6/s|walker_min=74.328|walker_med=96.718|walker_max=105.189
STEP|n=80600000|unique=4045550|accepted=20983894|rate=102427.4/s|walker_min=57.728|walker_med=88.203|walker_max=104.704
STEP|n=80700000|unique=4053717|accepted=20992061|rate=102446.4/s|walker_min=55.406|walker_med=92.920|walker_max=104.928
STEP|n=80800000|unique=4062188|accepted=21000532|rate=102461.1/s|walker_min=59.417|walker_med=95.612|walker_max=105.211
STEP|n=80900000|unique=4071233|accepted=21009577|rate=102474.1/s|walker_min=43.377|walker_med=92.434|walker_max=104.946
STEP|n=81000000|unique=4080951|accepted=21019295|rate=102484.9/s|walker_min=46.110|walker_med=77.031|walker_max=99.089
STEP|n=81100000|unique=4090588|accepted=21028932|rate=102497.4/s|walker_min=43.928|walker_med=85.779|walker_max=105.256
STEP|n=81200000|unique=4099415|accepted=21037759|rate=102514.7/s|walker_min=61.124|walker_med=94.984|walker_max=104.901
STEP|n=81300000|unique=4107633|accepted=21045977|rate=102511.8/s|walker_min=62.415|walker_med=89.886|walker_max=104.020
STEP|n=81400000|unique=4115527|accepted=21053871|rate=102526.9/s|walker_min=68.978|walker_med=97.127|walker_max=104.654
STEP|n=81500000|unique=4123394|accepted=21061738|rate=102533.4/s|walker_min=58.152|walker_med=94.849|walker_max=104.998
STEP|n=81600000|unique=4131013|accepted=21069357|rate=102553.9/s|walker_min=56.705|walker_med=98.913|walker_max=105.183
STEP|n=81700000|unique=4138570|accepted=21076914|rate=102574.9/s|walker_min=80.637|walker_med=98.574|walker_max=105.235
STEP|n=81800000|unique=4145963|accepted=21084307|rate=102593.5/s|walker_min=71.848|walker_med=98.149|walker_max=104.410
STEP|n=81900000|unique=4153303|accepted=21091647|rate=102610.5/s|walker_min=73.835|walker_med=94.300|walker_max=104.630
STEP|n=82000000|unique=4160446|accepted=21098790|rate=102628.2/s|walker_min=80.098|walker_med=95.590|walker_max=105.282
STEP|n=82100000|unique=4167854|accepted=21106198|rate=102649.1/s|walker_min=63.198|walker_med=94.384|walker_max=105.277
STEP|n=82200000|unique=4175068|accepted=21113412|rate=102671.0/s|walker_min=67.866|walker_med=91.707|walker_max=105.329
STEP|n=82300000|unique=4182325|accepted=21120669|rate=102692.6/s|walker_min=54.697|walker_med=98.131|walker_max=105.304
STEP|n=82400000|unique=4189682|accepted=21128026|rate=102709.9/s|walker_min=63.213|walker_med=94.015|walker_max=105.217
STEP|n=82500000|unique=4197083|accepted=21135427|rate=102726.4/s|walker_min=77.115|walker_med=96.392|walker_max=104.408
STEP|n=82600000|unique=4204516|accepted=21142860|rate=102743.3/s|walker_min=34.677|walker_med=96.439|walker_max=105.172
STEP|n=82700000|unique=4212345|accepted=21150689|rate=102763.2/s|walker_min=52.935|walker_med=93.122|walker_max=104.239
STEP|n=82800000|unique=4220473|accepted=21158817|rate=102781.9/s|walker_min=65.583|walker_med=93.121|walker_max=104.396
STEP|n=82900000|unique=4229452|accepted=21167796|rate=102796.5/s|walker_min=49.340|walker_med=86.806|walker_max=104.793
STEP|n=83000000|unique=4238854|accepted=21177198|rate=102803.9/s|walker_min=42.442|walker_med=72.190|walker_max=101.999
STEP|n=83100000|unique=4248373|accepted=21186717|rate=102811.3/s|walker_min=39.275|walker_med=86.083|walker_max=104.185
STEP|n=83200000|unique=4257014|accepted=21195358|rate=102816.3/s|walker_min=60.204|walker_med=93.542|walker_max=104.821
STEP|n=83300000|unique=4265130|accepted=21203474|rate=102834.4/s|walker_min=62.060|walker_med=91.868|walker_max=105.075
STEP|n=83400000|unique=4272752|accepted=21211096|rate=102852.8/s|walker_min=58.613|walker_med=94.810|walker_max=105.306
STEP|n=83500000|unique=4280060|accepted=21218404|rate=102868.4/s|walker_min=69.022|walker_med=96.917|walker_max=104.982
STEP|n=83600000|unique=4287381|accepted=21225725|rate=102884.8/s|walker_min=68.224|walker_med=97.975|walker_max=104.987
STEP|n=83700000|unique=4294662|accepted=21233006|rate=102903.6/s|walker_min=57.755|walker_med=93.849|walker_max=105.344
STEP|n=83800000|unique=4301832|accepted=21240176|rate=102923.1/s|walker_min=70.930|walker_med=95.285|walker_max=105.150
STEP|n=83900000|unique=4309006|accepted=21247350|rate=102943.7/s|walker_min=81.168|walker_med=98.357|walker_max=104.946
STEP|n=84000000|unique=4315910|accepted=21254254|rate=102961.8/s|walker_min=73.114|walker_med=93.601|walker_max=104.855
STEP|n=84100000|unique=4323010|accepted=21261354|rate=102978.3/s|walker_min=72.261|walker_med=99.484|walker_max=105.185
STEP|n=84200000|unique=4330153|accepted=21268497|rate=102995.0/s|walker_min=68.277|walker_med=95.333|walker_max=105.226
STEP|n=84300000|unique=4337299|accepted=21275643|rate=103015.1/s|walker_min=74.321|walker_med=94.456|walker_max=105.205
STEP|n=84400000|unique=4344569|accepted=21282913|rate=103035.6/s|walker_min=70.387|walker_med=94.228|walker_max=103.522
STEP|n=84500000|unique=4351882|accepted=21290226|rate=103055.2/s|walker_min=45.159|walker_med=96.226|walker_max=105.054
STEP|n=84600000|unique=4359376|accepted=21297720|rate=103070.7/s|walker_min=62.293|walker_med=96.569|walker_max=105.046
STEP|n=84700000|unique=4366854|accepted=21305198|rate=103085.3/s|walker_min=66.123|walker_med=89.538|walker_max=105.319
STEP|n=84800000|unique=4374729|accepted=21313073|rate=103099.7/s|walker_min=45.933|walker_med=88.172|walker_max=103.542
STEP|n=84900000|unique=4383168|accepted=21321512|rate=103116.0/s|walker_min=48.820|walker_med=85.716|walker_max=104.691
STEP|n=85000000|unique=4392396|accepted=21330740|rate=103118.0/s|walker_min=33.582|walker_med=76.422|walker_max=105.286
STEP|n=85100000|unique=4401621|accepted=21339965|rate=103127.0/s|walker_min=53.773|walker_med=85.480|walker_max=104.980
STEP|n=85200000|unique=4410022|accepted=21348366|rate=103138.5/s|walker_min=49.894|walker_med=93.360|walker_max=103.307
STEP|n=85300000|unique=4417895|accepted=21356239|rate=103153.2/s|walker_min=65.171|walker_med=94.482|walker_max=105.329
STEP|n=85400000|unique=4425417|accepted=21363761|rate=103172.4/s|walker_min=65.535|walker_med=92.814|walker_max=104.982
STEP|n=85500000|unique=4432657|accepted=21371001|rate=103192.3/s|walker_min=52.624|walker_med=91.680|walker_max=105.176
STEP|n=85600000|unique=4439398|accepted=21377742|rate=103211.8/s|walker_min=48.685|walker_med=98.197|walker_max=105.126
STEP|n=85700000|unique=4446325|accepted=21384669|rate=103227.7/s|walker_min=64.024|walker_med=95.562|walker_max=105.087
STEP|n=85800000|unique=4453058|accepted=21391402|rate=103243.5/s|walker_min=75.630|walker_med=100.021|walker_max=105.333
STEP|n=85900000|unique=4459901|accepted=21398245|rate=103261.9/s|walker_min=49.886|walker_med=89.201|walker_max=105.118
STEP|n=86000000|unique=4466647|accepted=21404991|rate=103281.9/s|walker_min=58.526|walker_med=92.835|walker_max=105.241
STEP|n=86100000|unique=4473438|accepted=21411782|rate=103302.0/s|walker_min=54.818|walker_med=95.865|walker_max=104.179
STEP|n=86200000|unique=4480360|accepted=21418704|rate=103319.2/s|walker_min=63.355|walker_med=99.302|walker_max=105.350
STEP|n=86300000|unique=4487132|accepted=21425476|rate=103335.0/s|walker_min=59.105|walker_med=95.456|walker_max=105.134
STEP|n=86400000|unique=4493970|accepted=21432314|rate=103351.1/s|walker_min=61.731|walker_med=92.689|walker_max=105.331
STEP|n=86500000|unique=4501193|accepted=21439537|rate=103369.7/s|walker_min=54.321|walker_med=93.015|walker_max=104.915
STEP|n=86600000|unique=4508303|accepted=21446647|rate=103387.9/s|walker_min=53.448|walker_med=94.478|walker_max=104.949
STEP|n=86700000|unique=4515443|accepted=21453787|rate=103406.8/s|walker_min=63.046|walker_med=94.930|walker_max=105.131
STEP|n=86800000|unique=4523168|accepted=21461512|rate=103408.2/s|walker_min=52.464|walker_med=92.244|walker_max=105.161
STEP|n=86900000|unique=4531206|accepted=21469550|rate=103419.9/s|walker_min=40.994|walker_med=89.072|walker_max=104.816
STEP|n=87000000|unique=4539859|accepted=21478203|rate=103429.4/s|walker_min=30.211|walker_med=73.848|walker_max=102.260
STEP|n=87100000|unique=4548796|accepted=21487140|rate=103441.0/s|walker_min=56.635|walker_med=91.040|walker_max=104.025
STEP|n=87200000|unique=4556722|accepted=21495066|rate=103457.5/s|walker_min=63.621|walker_med=94.132|walker_max=104.402
STEP|n=87300000|unique=4564179|accepted=21502523|rate=103473.7/s|walker_min=33.010|walker_med=93.827|walker_max=105.121
STEP|n=87400000|unique=4571333|accepted=21509677|rate=103491.0/s|walker_min=53.597|walker_med=92.104|walker_max=104.713
STEP|n=87500000|unique=4578272|accepted=21516616|rate=103508.6/s|walker_min=71.375|walker_med=95.921|walker_max=105.176
STEP|n=87600000|unique=4585247|accepted=21523591|rate=103528.0/s|walker_min=62.803|walker_med=97.075|walker_max=105.213
STEP|n=87700000|unique=4591653|accepted=21529997|rate=103548.1/s|walker_min=73.492|walker_med=97.571|walker_max=105.357
STEP|n=87800000|unique=4598348|accepted=21536692|rate=103568.0/s|walker_min=71.579|walker_med=99.183|walker_max=105.250
STEP|n=87900000|unique=4605171|accepted=21543515|rate=103584.7/s|walker_min=62.928|walker_med=94.013|walker_max=104.866
STEP|n=88000000|unique=4611664|accepted=21550008|rate=103600.2/s|walker_min=81.188|walker_med=98.052|walker_max=105.243
STEP|n=88100000|unique=4618277|accepted=21556621|rate=103617.4/s|walker_min=59.079|walker_med=96.593|walker_max=105.304
STEP|n=88200000|unique=4624733|accepted=21563077|rate=103635.6/s|walker_min=73.447|walker_med=99.142|walker_max=105.274
STEP|n=88300000|unique=4631298|accepted=21569642|rate=103654.0/s|walker_min=65.257|walker_med=98.438|walker_max=105.175
STEP|n=88400000|unique=4637898|accepted=21576242|rate=103669.5/s|walker_min=61.663|walker_med=97.328|walker_max=104.794
STEP|n=88500000|unique=4644546|accepted=21582890|rate=103686.2/s|walker_min=73.786|walker_med=97.117|walker_max=105.018
STEP|n=88600000|unique=4651312|accepted=21589656|rate=103703.4/s|walker_min=61.739|walker_med=96.360|walker_max=105.350
STEP|n=88700000|unique=4658374|accepted=21596718|rate=103709.7/s|walker_min=65.694|walker_med=96.157|walker_max=105.089
STEP|n=88800000|unique=4665859|accepted=21604203|rate=103727.1/s|walker_min=55.457|walker_med=93.396|walker_max=105.060
STEP|n=88900000|unique=4673654|accepted=21611998|rate=103742.3/s|walker_min=54.671|walker_med=89.380|walker_max=105.297
STEP|n=89000000|unique=4682222|accepted=21620566|rate=103752.1/s|walker_min=43.181|walker_med=86.816|walker_max=104.311
STEP|n=89100000|unique=4690565|accepted=21628909|rate=103756.0/s|walker_min=38.774|walker_med=89.188|walker_max=104.737
STEP|n=89200000|unique=4698205|accepted=21636549|rate=103767.9/s|walker_min=46.776|walker_med=92.634|walker_max=104.708
STEP|n=89300000|unique=4705471|accepted=21643815|rate=103782.8/s|walker_min=69.454|walker_med=91.699|walker_max=104.948
STEP|n=89400000|unique=4712518|accepted=21650862|rate=103799.1/s|walker_min=66.527|walker_med=93.564|walker_max=105.138
STEP|n=89500000|unique=4719217|accepted=21657561|rate=103813.7/s|walker_min=65.645|walker_med=96.189|walker_max=105.046
STEP|n=89600000|unique=4725818|accepted=21664162|rate=103828.0/s|walker_min=66.129|walker_med=99.134|walker_max=105.018
STEP|n=89700000|unique=4732386|accepted=21670730|rate=103842.9/s|walker_min=70.469|walker_med=96.245|walker_max=105.148
STEP|n=89800000|unique=4738850|accepted=21677194|rate=103860.1/s|walker_min=49.313|walker_med=98.152|walker_max=104.821
STEP|n=89900000|unique=4745270|accepted=21683614|rate=103877.9/s|walker_min=67.045|walker_med=98.932|walker_max=105.092
STEP|n=90000000|unique=4751682|accepted=21690026|rate=103893.9/s|walker_min=81.938|walker_med=94.462|walker_max=105.345
STEP|n=90100000|unique=4757912|accepted=21696256|rate=103911.8/s|walker_min=78.103|walker_med=95.196|walker_max=105.087
STEP|n=90200000|unique=4764316|accepted=21702660|rate=103929.3/s|walker_min=78.954|walker_med=93.957|walker_max=104.394
STEP|n=90300000|unique=4770959|accepted=21709303|rate=103944.7/s|walker_min=61.177|walker_med=95.879|walker_max=104.325
STEP|n=90400000|unique=4777331|accepted=21715675|rate=103959.2/s|walker_min=69.243|walker_med=97.183|walker_max=104.865
STEP|n=90500000|unique=4784095|accepted=21722439|rate=103971.8/s|walker_min=70.564|walker_med=95.255|walker_max=104.822
STEP|n=90600000|unique=4791063|accepted=21729407|rate=103975.5/s|walker_min=59.092|walker_med=97.362|walker_max=104.983
STEP|n=90700000|unique=4797963|accepted=21736307|rate=103991.0/s|walker_min=57.709|walker_med=89.459|walker_max=103.029
STEP|n=90800000|unique=4804993|accepted=21743337|rate=104005.9/s|walker_min=62.663|walker_med=92.240|walker_max=105.044
STEP|n=90900000|unique=4812392|accepted=21750736|rate=104015.5/s|walker_min=54.231|walker_med=93.361|walker_max=103.148
STEP|n=91000000|unique=4820444|accepted=21758788|rate=104021.6/s|walker_min=38.182|walker_med=71.331|walker_max=102.727
STEP|n=91100000|unique=4828728|accepted=21767072|rate=104029.5/s|walker_min=32.099|walker_med=90.623|walker_max=101.797
STEP|n=91200000|unique=4836286|accepted=21774630|rate=104042.2/s|walker_min=57.539|walker_med=92.201|walker_max=104.021
STEP|n=91300000|unique=4843625|accepted=21781969|rate=104056.2/s|walker_min=44.234|walker_med=91.633|walker_max=103.848
STEP|n=91400000|unique=4850378|accepted=21788722|rate=104069.9/s|walker_min=61.344|walker_med=93.535|walker_max=105.264
STEP|n=91500000|unique=4857212|accepted=21795556|rate=104083.2/s|walker_min=69.245|walker_med=97.072|walker_max=105.032
STEP|n=91600000|unique=4863750|accepted=21802094|rate=104097.3/s|walker_min=74.688|walker_med=95.781|walker_max=105.238
STEP|n=91700000|unique=4870066|accepted=21808410|rate=104114.8/s|walker_min=45.000|walker_med=96.709|walker_max=104.976
STEP|n=91800000|unique=4876473|accepted=21814817|rate=104131.9/s|walker_min=72.178|walker_med=95.362|walker_max=104.978
STEP|n=91900000|unique=4882796|accepted=21821140|rate=104148.4/s|walker_min=77.162|walker_med=94.390|walker_max=104.950
STEP|n=92000000|unique=4889028|accepted=21827372|rate=104163.3/s|walker_min=79.007|walker_med=96.227|walker_max=105.226
STEP|n=92100000|unique=4895364|accepted=21833708|rate=104177.0/s|walker_min=63.769|walker_med=95.928|walker_max=105.249
STEP|n=92200000|unique=4901427|accepted=21839771|rate=104192.4/s|walker_min=71.091|walker_med=95.737|walker_max=104.311
STEP|n=92300000|unique=4907628|accepted=21845972|rate=104209.1/s|walker_min=62.719|walker_med=94.291|walker_max=104.885
STEP|n=92400000|unique=4913747|accepted=21852091|rate=104225.9/s|walker_min=65.356|walker_med=97.498|walker_max=105.326
STEP|n=92500000|unique=4920308|accepted=21858652|rate=104228.8/s|walker_min=68.156|walker_med=100.051|walker_max=105.130
STEP|n=92600000|unique=4926588|accepted=21864932|rate=104242.0/s|walker_min=44.727|walker_med=91.107|walker_max=105.199
STEP|n=92700000|unique=4933107|accepted=21871451|rate=104254.9/s|walker_min=58.011|walker_med=95.855|walker_max=105.352
STEP|n=92800000|unique=4939986|accepted=21878330|rate=104269.7/s|walker_min=49.990|walker_med=87.098|walker_max=104.892
STEP|n=92900000|unique=4947433|accepted=21885777|rate=104282.9/s|walker_min=60.667|walker_med=88.924|walker_max=105.118
STEP|n=93000000|unique=4955329|accepted=21893673|rate=104291.7/s|walker_min=36.792|walker_med=70.070|walker_max=103.916
STEP|n=93100000|unique=4963229|accepted=21901573|rate=104297.9/s|walker_min=59.527|walker_med=90.371|walker_max=105.291
STEP|n=93200000|unique=4970582|accepted=21908926|rate=104307.3/s|walker_min=73.075|walker_med=90.108|walker_max=105.186
STEP|n=93300000|unique=4977357|accepted=21915701|rate=104320.1/s|walker_min=63.122|walker_med=89.567|walker_max=103.480
STEP|n=93400000|unique=4984006|accepted=21922350|rate=104334.5/s|walker_min=71.237|walker_med=94.317|walker_max=105.013
STEP|n=93500000|unique=4990415|accepted=21928759|rate=104349.8/s|walker_min=52.033|walker_med=91.498|walker_max=104.432
STEP|n=93600000|unique=4996696|accepted=21935040|rate=104364.9/s|walker_min=42.929|walker_med=96.460|walker_max=105.208
STEP|n=93700000|unique=5002919|accepted=21941263|rate=104381.3/s|walker_min=73.396|walker_med=90.589|walker_max=105.271
STEP|n=93800000|unique=5009259|accepted=21947603|rate=104397.8/s|walker_min=71.154|walker_med=96.708|walker_max=104.135
STEP|n=93900000|unique=5015365|accepted=21953709|rate=104415.3/s|walker_min=65.232|walker_med=96.455|walker_max=104.657
STEP|n=94000000|unique=5021326|accepted=21959670|rate=104432.9/s|walker_min=64.410|walker_med=98.290|walker_max=105.190
STEP|n=94100000|unique=5027361|accepted=21965705|rate=104449.8/s|walker_min=73.458|walker_med=94.778|walker_max=105.208
STEP|n=94200000|unique=5033493|accepted=21971837|rate=104466.4/s|walker_min=60.397|walker_med=91.198|walker_max=105.314
STEP|n=94300000|unique=5039788|accepted=21978132|rate=104481.5/s|walker_min=64.299|walker_med=95.172|walker_max=104.780
STEP|n=94400000|unique=5046054|accepted=21984398|rate=104497.1/s|walker_min=65.008|walker_med=98.057|walker_max=105.335
STEP|n=94500000|unique=5052278|accepted=21990622|rate=104513.6/s|walker_min=73.247|walker_med=98.774|walker_max=104.913
STEP|n=94600000|unique=5058654|accepted=21996998|rate=104518.1/s|walker_min=60.448|walker_med=98.596|walker_max=105.346
STEP|n=94700000|unique=5065149|accepted=22003493|rate=104533.5/s|walker_min=64.348|walker_med=93.660|walker_max=105.286
STEP|n=94800000|unique=5071765|accepted=22010109|rate=104547.4/s|walker_min=66.761|walker_med=93.861|walker_max=104.960
STEP|n=94900000|unique=5078769|accepted=22017113|rate=104560.4/s|walker_min=49.100|walker_med=91.974|walker_max=105.089
STEP|n=95000000|unique=5086415|accepted=22024759|rate=104569.9/s|walker_min=29.858|walker_med=74.845|walker_max=103.727
STEP|n=95100000|unique=5094013|accepted=22032357|rate=104579.2/s|walker_min=51.816|walker_med=91.488|walker_max=103.863
STEP|n=95200000|unique=5101114|accepted=22039458|rate=104591.3/s|walker_min=46.504|walker_med=90.336|walker_max=104.822
STEP|n=95300000|unique=5107821|accepted=22046165|rate=104605.2/s|walker_min=55.729|walker_med=90.710|walker_max=104.593
STEP|n=95400000|unique=5114233|accepted=22052577|rate=104619.9/s|walker_min=59.206|walker_med=94.275|walker_max=104.692
STEP|n=95500000|unique=5120412|accepted=22058756|rate=104636.5/s|walker_min=52.576|walker_med=92.663|walker_max=104.851
STEP|n=95600000|unique=5126540|accepted=22064884|rate=104653.6/s|walker_min=59.917|walker_med=95.050|walker_max=104.918
STEP|n=95700000|unique=5132695|accepted=22071039|rate=104670.4/s|walker_min=65.587|walker_med=95.133|walker_max=105.218
STEP|n=95800000|unique=5138723|accepted=22077067|rate=104687.0/s|walker_min=71.261|walker_med=96.937|walker_max=105.038
STEP|n=95900000|unique=5144498|accepted=22082842|rate=104702.6/s|walker_min=58.101|walker_med=99.799|walker_max=104.518
STEP|n=96000000|unique=5150249|accepted=22088593|rate=104718.6/s|walker_min=75.109|walker_med=95.637|walker_max=105.237
STEP|n=96100000|unique=5155949|accepted=22094293|rate=104735.6/s|walker_min=54.376|walker_med=98.321|walker_max=105.317
STEP|n=96200000|unique=5161811|accepted=22100155|rate=104752.2/s|walker_min=57.955|walker_med=92.190|walker_max=105.089
STEP|n=96300000|unique=5167865|accepted=22106209|rate=104768.8/s|walker_min=60.846|walker_med=96.197|walker_max=104.535
STEP|n=96400000|unique=5173757|accepted=22112101|rate=104785.1/s|walker_min=58.948|walker_med=98.293|walker_max=105.307
STEP|n=96500000|unique=5179630|accepted=22117974|rate=104801.4/s|walker_min=57.568|walker_med=96.676|walker_max=105.359
STEP|n=96600000|unique=5186001|accepted=22124345|rate=104816.8/s|walker_min=71.253|walker_med=97.785|walker_max=105.271
STEP|n=96700000|unique=5192265|accepted=22130609|rate=104820.5/s|walker_min=46.237|walker_med=94.717|walker_max=104.602
STEP|n=96800000|unique=5198694|accepted=22137038|rate=104835.8/s|walker_min=66.993|walker_med=95.775|walker_max=103.828
STEP|n=96900000|unique=5205459|accepted=22143803|rate=104848.3/s|walker_min=59.411|walker_med=85.274|walker_max=103.215
STEP|n=97000000|unique=5212912|accepted=22151256|rate=104856.3/s|walker_min=41.281|walker_med=72.805|walker_max=103.173
STEP|n=97100000|unique=5220089|accepted=22158433|rate=104863.9/s|walker_min=52.024|walker_med=78.379|walker_max=104.741
STEP|n=97200000|unique=5226726|accepted=22165070|rate=104875.4/s|walker_min=52.171|walker_med=90.679|walker_max=105.342
STEP|n=97300000|unique=5233113|accepted=22171457|rate=104889.3/s|walker_min=56.859|walker_med=97.476|walker_max=105.070
STEP|n=97400000|unique=5239480|accepted=22177824|rate=104903.9/s|walker_min=67.341|walker_med=94.646|walker_max=105.197
STEP|n=97500000|unique=5245557|accepted=22183901|rate=104915.7/s|walker_min=71.116|walker_med=95.906|walker_max=104.703
STEP|n=97600000|unique=5251525|accepted=22189869|rate=104928.3/s|walker_min=64.883|walker_med=98.647|walker_max=105.140
STEP|n=97700000|unique=5257259|accepted=22195603|rate=104942.2/s|walker_min=57.019|walker_med=95.447|walker_max=104.731
STEP|n=97800000|unique=5263066|accepted=22201410|rate=104957.4/s|walker_min=46.592|walker_med=99.325|walker_max=104.803
STEP|n=97900000|unique=5269028|accepted=22207372|rate=104973.2/s|walker_min=64.238|walker_med=97.515|walker_max=104.752
STEP|n=98000000|unique=5274504|accepted=22212848|rate=104987.5/s|walker_min=60.868|walker_med=97.905|walker_max=104.589
STEP|n=98100000|unique=5280219|accepted=22218563|rate=104999.1/s|walker_min=81.349|walker_med=96.917|walker_max=104.794
STEP|n=98200000|unique=5285959|accepted=22224303|rate=105012.6/s|walker_min=48.329|walker_med=92.790|walker_max=105.174
STEP|n=98300000|unique=5291674|accepted=22230018|rate=105026.6/s|walker_min=68.601|walker_med=94.662|walker_max=104.132
STEP|n=98400000|unique=5297520|accepted=22235864|rate=105040.8/s|walker_min=62.776|walker_med=98.216|walker_max=105.156
STEP|n=98500000|unique=5303581|accepted=22241925|rate=105055.4/s|walker_min=74.007|walker_med=95.983|walker_max=105.284
STEP|n=98600000|unique=5309479|accepted=22247823|rate=105066.9/s|walker_min=46.182|walker_med=87.976|walker_max=105.310
STEP|n=98700000|unique=5315743|accepted=22254087|rate=105077.1/s|walker_min=47.303|walker_med=90.754|walker_max=104.303
STEP|n=98800000|unique=5321903|accepted=22260247|rate=105076.5/s|walker_min=53.344|walker_med=91.132|walker_max=105.069
STEP|n=98900000|unique=5328264|accepted=22266608|rate=105088.3/s|walker_min=40.046|walker_med=84.920|walker_max=104.471
STEP|n=99000000|unique=5335438|accepted=22273782|rate=105096.8/s|walker_min=45.491|walker_med=76.383|walker_max=103.862
STEP|n=99100000|unique=5342734|accepted=22281078|rate=105102.7/s|walker_min=46.069|walker_med=84.127|walker_max=105.330
STEP|n=99200000|unique=5349203|accepted=22287547|rate=105111.6/s|walker_min=43.777|walker_med=88.068|walker_max=105.015
STEP|n=99300000|unique=5355561|accepted=22293905|rate=105122.3/s|walker_min=59.294|walker_med=95.025|walker_max=104.693
STEP|n=99400000|unique=5361803|accepted=22300147|rate=105137.7/s|walker_min=63.986|walker_med=95.104|walker_max=104.737
STEP|n=99500000|unique=5367569|accepted=22305913|rate=105153.2/s|walker_min=49.342|walker_med=93.307|walker_max=105.273
STEP|n=99600000|unique=5373371|accepted=22311715|rate=105168.4/s|walker_min=66.429|walker_med=95.993|walker_max=105.145
STEP|n=99700000|unique=5379042|accepted=22317386|rate=105180.8/s|walker_min=53.830|walker_med=98.389|walker_max=105.115
STEP|n=99800000|unique=5384734|accepted=22323078|rate=105192.5/s|walker_min=61.098|walker_med=93.832|walker_max=105.056
STEP|n=99900000|unique=5390293|accepted=22328637|rate=105207.2/s|walker_min=53.180|walker_med=97.959|walker_max=105.042
STEP|n=100000000|unique=5395927|accepted=22334271|rate=105223.2/s|walker_min=58.887|walker_med=98.327|walker_max=105.181
CHECKPOINT|step=100000000|unique=5395927|saved=3000000|min=25.4807|max=97.1263
STEP|n=100100000|unique=5401483|accepted=22339827|rate=104491.2/s|walker_min=72.889|walker_med=98.418|walker_max=105.295
STEP|n=100200000|unique=5407014|accepted=22345358|rate=104503.2/s|walker_min=40.959|walker_med=95.739|walker_max=105.232
STEP|n=100300000|unique=5412327|accepted=22350671|rate=104515.3/s|walker_min=61.234|walker_med=97.055|walker_max=105.339
STEP|n=100400000|unique=5418021|accepted=22356365|rate=104527.6/s|walker_min=65.033|walker_med=96.692|walker_max=105.318
STEP|n=100500000|unique=5423709|accepted=22362053|rate=104539.2/s|walker_min=59.326|walker_med=97.815|walker_max=105.128
STEP|n=100600000|unique=5429584|accepted=22367928|rate=104551.5/s|walker_min=68.330|walker_med=94.877|walker_max=104.999
STEP|n=100700000|unique=5435419|accepted=22373763|rate=104563.0/s|walker_min=47.902|walker_med=95.972|walker_max=104.413
STEP|n=100800000|unique=5441430|accepted=22379774|rate=104573.7/s|walker_min=59.905|walker_med=95.019|walker_max=103.879
STEP|n=100900000|unique=5447676|accepted=22386020|rate=104582.5/s|walker_min=53.390|walker_med=83.591|walker_max=103.360
STEP|n=101000000|unique=5454671|accepted=22393015|rate=104588.2/s|walker_min=50.021|walker_med=74.277|walker_max=102.485
STEP|n=101100000|unique=5461615|accepted=22399959|rate=104593.0/s|walker_min=33.902|walker_med=79.966|walker_max=102.280
STEP|n=101200000|unique=5467959|accepted=22406303|rate=104601.5/s|walker_min=65.785|walker_med=94.233|walker_max=104.507
STEP|n=101300000|unique=5473943|accepted=22412287|rate=104611.9/s|walker_min=62.488|walker_med=92.038|walker_max=105.344
STEP|n=101400000|unique=5479746|accepted=22418090|rate=104622.8/s|walker_min=62.089|walker_med=92.218|walker_max=105.011
STEP|n=101500000|unique=5485470|accepted=22423814|rate=104634.3/s|walker_min=60.030|walker_med=98.241|walker_max=105.085
STEP|n=101600000|unique=5491044|accepted=22429388|rate=104645.5/s|walker_min=66.592|walker_med=96.269|walker_max=105.025
STEP|n=101700000|unique=5496737|accepted=22435081|rate=104656.9/s|walker_min=69.095|walker_med=96.126|walker_max=104.893
STEP|n=101800000|unique=5502221|accepted=22440565|rate=104668.3/s|walker_min=58.328|walker_med=95.305|walker_max=105.280
STEP|n=101900000|unique=5507686|accepted=22446030|rate=104680.2/s|walker_min=69.501|walker_med=93.626|walker_max=104.868
STEP|n=102000000|unique=5513004|accepted=22451348|rate=104692.4/s|walker_min=65.321|walker_med=96.965|walker_max=105.154
STEP|n=102100000|unique=5518339|accepted=22456683|rate=104704.7/s|walker_min=74.364|walker_med=99.500|walker_max=105.355
STEP|n=102200000|unique=5523732|accepted=22462076|rate=104717.7/s|walker_min=74.692|walker_med=95.803|walker_max=104.776
STEP|n=102300000|unique=5529135|accepted=22467479|rate=104730.9/s|walker_min=63.599|walker_med=95.089|walker_max=105.311
STEP|n=102400000|unique=5534574|accepted=22472918|rate=104730.1/s|walker_min=51.651|walker_med=95.784|walker_max=104.960
STEP|n=102500000|unique=5540202|accepted=22478546|rate=104741.6/s|walker_min=66.022|walker_med=92.837|walker_max=105.226
STEP|n=102600000|unique=5545947|accepted=22484291|rate=104753.1/s|walker_min=74.311|walker_med=94.027|walker_max=104.670
STEP|n=102700000|unique=5551665|accepted=22490009|rate=104764.6/s|walker_min=68.171|walker_med=97.103|walker_max=105.082
STEP|n=102800000|unique=5557624|accepted=22495968|rate=104774.9/s|walker_min=57.328|walker_med=89.358|walker_max=105.321
STEP|n=102900000|unique=5563880|accepted=22502224|rate=104783.7/s|walker_min=43.078|walker_med=84.320|walker_max=102.371
STEP|n=103000000|unique=5570468|accepted=22508812|rate=104787.9/s|walker_min=35.980|walker_med=77.066|walker_max=105.014
STEP|n=103100000|unique=5576815|accepted=22515159|rate=104793.1/s|walker_min=54.659|walker_med=88.122|walker_max=105.362
STEP|n=103200000|unique=5583288|accepted=22521632|rate=104801.4/s|walker_min=57.228|walker_med=90.078|walker_max=104.781
STEP|n=103300000|unique=5589228|accepted=22527572|rate=104811.0/s|walker_min=64.654|walker_med=95.692|walker_max=104.727
STEP|n=103400000|unique=5594880|accepted=22533224|rate=104804.8/s|walker_min=52.935|walker_med=93.988|walker_max=105.226
STEP|n=103500000|unique=5600287|accepted=22538631|rate=104816.0/s|walker_min=52.732|walker_med=96.893|walker_max=105.346
STEP|n=103600000|unique=5605832|accepted=22544176|rate=104828.0/s|walker_min=55.434|walker_med=95.066|walker_max=104.805
STEP|n=103700000|unique=5611262|accepted=22549606|rate=104839.4/s|walker_min=71.608|walker_med=95.030|walker_max=105.200
STEP|n=103800000|unique=5616412|accepted=22554756|rate=104851.8/s|walker_min=66.054|walker_med=93.100|walker_max=105.065
STEP|n=103900000|unique=5621553|accepted=22559897|rate=104864.3/s|walker_min=50.923|walker_med=96.405|walker_max=105.014
STEP|n=104000000|unique=5626791|accepted=22565135|rate=104873.4/s|walker_min=63.343|walker_med=96.480|walker_max=105.022
STEP|n=104100000|unique=5631974|accepted=22570318|rate=104886.0/s|walker_min=63.487|walker_med=98.102|walker_max=104.907
STEP|n=104200000|unique=5637222|accepted=22575566|rate=104898.1/s|walker_min=61.202|walker_med=96.234|walker_max=104.679
STEP|n=104300000|unique=5642449|accepted=22580793|rate=104910.2/s|walker_min=69.111|walker_med=97.363|walker_max=104.787
STEP|n=104400000|unique=5647859|accepted=22586203|rate=104921.8/s|walker_min=63.893|walker_med=95.932|walker_max=105.259
STEP|n=104500000|unique=5653278|accepted=22591622|rate=104931.9/s|walker_min=60.443|walker_med=95.104|walker_max=104.368
STEP|n=104600000|unique=5658808|accepted=22597152|rate=104942.8/s|walker_min=59.387|walker_med=98.707|walker_max=104.943
STEP|n=104700000|unique=5664413|accepted=22602757|rate=104953.3/s|walker_min=64.504|walker_med=93.471|walker_max=104.251
STEP|n=104800000|unique=5670411|accepted=22608755|rate=104951.1/s|walker_min=67.357|walker_med=87.852|walker_max=105.336
STEP|n=104900000|unique=5676538|accepted=22614882|rate=104959.3/s|walker_min=34.348|walker_med=86.926|walker_max=103.395
STEP|n=105000000|unique=5683110|accepted=22621454|rate=104964.5/s|walker_min=38.220|walker_med=80.147|walker_max=105.008
STEP|n=105100000|unique=5689469|accepted=22627813|rate=104969.5/s|walker_min=38.162|walker_med=85.932|walker_max=104.150
STEP|n=105200000|unique=5695514|accepted=22633858|rate=104977.7/s|walker_min=40.758|walker_med=85.304|walker_max=104.938
STEP|n=105300000|unique=5701238|accepted=22639582|rate=104987.4/s|walker_min=73.147|walker_med=92.567|walker_max=104.467
STEP|n=105400000|unique=5706804|accepted=22645148|rate=104997.5/s|walker_min=62.306|walker_med=98.254|walker_max=105.281
STEP|n=105500000|unique=5712260|accepted=22650604|rate=105008.1/s|walker_min=63.367|walker_med=97.431|walker_max=104.213
STEP|n=105600000|unique=5717586|accepted=22655930|rate=105019.8/s|walker_min=59.504|walker_med=91.023|walker_max=104.237
STEP|n=105700000|unique=5722989|accepted=22661333|rate=105032.0/s|walker_min=54.143|walker_med=91.992|walker_max=105.100
STEP|n=105800000|unique=5728177|accepted=22666521|rate=105043.2/s|walker_min=67.369|walker_med=98.411|walker_max=105.291
STEP|n=105900000|unique=5733418|accepted=22671762|rate=105054.7/s|walker_min=68.475|walker_med=95.121|walker_max=105.132
STEP|n=106000000|unique=5738348|accepted=22676692|rate=105067.1/s|walker_min=74.372|walker_med=96.694|walker_max=104.438
STEP|n=106100000|unique=5743322|accepted=22681666|rate=105079.1/s|walker_min=59.459|walker_med=92.236|walker_max=104.849
STEP|n=106200000|unique=5748544|accepted=22686888|rate=105091.2/s|walker_min=81.520|walker_med=97.691|walker_max=104.592
STEP|n=106300000|unique=5753836|accepted=22692180|rate=105102.9/s|walker_min=73.435|walker_med=96.433|walker_max=104.681
STEP|n=106400000|unique=5759020|accepted=22697364|rate=105114.4/s|walker_min=69.335|walker_med=94.423|walker_max=105.162
STEP|n=106500000|unique=5764205|accepted=22702549|rate=105125.8/s|walker_min=52.061|walker_med=93.622|walker_max=105.085
STEP|n=106600000|unique=5769684|accepted=22708028|rate=105136.5/s|walker_min=62.242|walker_med=93.718|walker_max=104.720
STEP|n=106700000|unique=5775275|accepted=22713619|rate=105147.6/s|walker_min=44.210|walker_med=89.855|walker_max=104.817
STEP|n=106800000|unique=5781014|accepted=22719358|rate=105158.0/s|walker_min=52.363|walker_med=95.866|walker_max=105.210
STEP|n=106900000|unique=5786930|accepted=22725274|rate=105165.5/s|walker_min=45.627|walker_med=88.781|walker_max=104.634
STEP|n=107000000|unique=5793106|accepted=22731450|rate=105170.6/s|walker_min=44.232|walker_med=72.652|walker_max=100.180
STEP|n=107100000|unique=5799277|accepted=22737621|rate=105163.0/s|walker_min=49.118|walker_med=88.836|walker_max=103.364
STEP|n=107200000|unique=5805217|accepted=22743561|rate=105170.7/s|walker_min=58.754|walker_med=94.201|walker_max=105.194
STEP|n=107300000|unique=5810680|accepted=22749024|rate=105180.2/s|walker_min=62.793|walker_med=90.552|walker_max=104.944
STEP|n=107400000|unique=5816126|accepted=22754470|rate=105190.8/s|walker_min=52.374|walker_med=92.014|walker_max=104.720
STEP|n=107500000|unique=5821324|accepted=22759668|rate=105201.3/s|walker_min=66.958|walker_med=96.772|walker_max=105.252
STEP|n=107600000|unique=5826521|accepted=22764865|rate=105212.0/s|walker_min=72.228|walker_med=92.775|walker_max=104.619
STEP|n=107700000|unique=5831717|accepted=22770061|rate=105223.4/s|walker_min=67.441|walker_med=96.162|walker_max=105.056
STEP|n=107800000|unique=5836854|accepted=22775198|rate=105235.2/s|walker_min=65.538|walker_med=97.319|walker_max=105.248
STEP|n=107900000|unique=5841930|accepted=22780274|rate=105246.9/s|walker_min=57.298|walker_med=94.374|walker_max=105.241
STEP|n=108000000|unique=5846871|accepted=22785215|rate=105258.8/s|walker_min=73.435|walker_med=97.724|walker_max=105.139
STEP|n=108100000|unique=5851722|accepted=22790066|rate=105270.6/s|walker_min=57.687|walker_med=96.416|walker_max=104.970
STEP|n=108200000|unique=5856558|accepted=22794902|rate=105281.6/s|walker_min=71.689|walker_med=95.404|walker_max=105.191
STEP|n=108300000|unique=5861536|accepted=22799880|rate=105293.1/s|walker_min=65.517|walker_med=96.034|walker_max=104.740
STEP|n=108400000|unique=5866660|accepted=22805004|rate=105304.2/s|walker_min=74.830|walker_med=92.984|walker_max=104.517
STEP|n=108500000|unique=5871684|accepted=22810028|rate=105315.6/s|walker_min=55.435|walker_med=93.762|walker_max=104.866
STEP|n=108600000|unique=5876874|accepted=22815218|rate=105325.6/s|walker_min=47.768|walker_med=97.485|walker_max=104.712
STEP|n=108700000|unique=5882043|accepted=22820387|rate=105335.5/s|walker_min=61.102|walker_med=95.826|walker_max=104.907
STEP|n=108800000|unique=5887508|accepted=22825852|rate=105345.0/s|walker_min=65.733|walker_med=90.875|walker_max=103.917
STEP|n=108900000|unique=5893254|accepted=22831598|rate=105353.3/s|walker_min=40.321|walker_med=83.627|walker_max=103.437
STEP|n=109000000|unique=5899292|accepted=22837636|rate=105358.2/s|walker_min=36.632|walker_med=82.751|walker_max=105.096
STEP|n=109100000|unique=5905175|accepted=22843519|rate=105362.6/s|walker_min=52.523|walker_med=86.485|walker_max=105.246
STEP|n=109200000|unique=5910967|accepted=22849311|rate=105370.0/s|walker_min=59.692|walker_med=93.941|walker_max=104.095
STEP|n=109300000|unique=5916431|accepted=22854775|rate=105379.0/s|walker_min=51.815|walker_med=98.068|walker_max=104.992
STEP|n=109400000|unique=5921614|accepted=22859958|rate=105387.6/s|walker_min=57.075|walker_med=96.923|walker_max=105.288
STEP|n=109500000|unique=5926776|accepted=22865120|rate=105397.6/s|walker_min=72.559|walker_med=97.517|walker_max=104.574
STEP|n=109600000|unique=5931746|accepted=22870090|rate=105408.3/s|walker_min=63.149|walker_med=92.838|walker_max=104.988
STEP|n=109700000|unique=5936733|accepted=22875077|rate=105407.4/s|walker_min=73.149|walker_med=98.794|walker_max=105.276
STEP|n=109800000|unique=5941674|accepted=22880018|rate=105418.6/s|walker_min=34.023|walker_med=100.172|walker_max=105.112
STEP|n=109900000|unique=5946391|accepted=22884735|rate=105429.6/s|walker_min=73.862|walker_med=95.277|walker_max=105.006
STEP|n=110000000|unique=5951169|accepted=22889513|rate=105440.7/s|walker_min=66.610|walker_med=96.597|walker_max=105.314
STEP|n=110100000|unique=5955979|accepted=22894323|rate=105451.8/s|walker_min=79.756|walker_med=97.517|walker_max=104.531
STEP|n=110200000|unique=5960885|accepted=22899229|rate=105463.4/s|walker_min=60.557|walker_med=96.676|walker_max=104.909
STEP|n=110300000|unique=5965795|accepted=22904139|rate=105474.5/s|walker_min=74.330|walker_med=96.417|walker_max=105.014
STEP|n=110400000|unique=5970748|accepted=22909092|rate=105486.1/s|walker_min=73.466|walker_med=94.555|walker_max=103.068
STEP|n=110500000|unique=5975731|accepted=22914075|rate=105496.7/s|walker_min=67.220|walker_med=94.732|walker_max=104.943
STEP|n=110600000|unique=5980960|accepted=22919304|rate=105507.4/s|walker_min=53.155|walker_med=95.453|walker_max=104.095
STEP|n=110700000|unique=5986122|accepted=22924466|rate=105517.5/s|walker_min=46.738|walker_med=92.905|walker_max=104.647
STEP|n=110800000|unique=5991283|accepted=22929627|rate=105526.9/s|walker_min=70.635|walker_med=93.911|walker_max=105.292
STEP|n=110900000|unique=5996715|accepted=22935059|rate=105534.9/s|walker_min=52.431|walker_med=90.791|walker_max=105.112
STEP|n=111000000|unique=6002604|accepted=22940948|rate=105540.3/s|walker_min=32.229|walker_med=77.655|walker_max=100.365
STEP|n=111100000|unique=6008651|accepted=22946995|rate=105545.1/s|walker_min=52.452|walker_med=85.665|walker_max=103.578
STEP|n=111200000|unique=6014239|accepted=22952583|rate=105552.1/s|walker_min=52.363|walker_med=90.584|walker_max=105.274
STEP|n=111300000|unique=6019382|accepted=22957726|rate=105552.6/s|walker_min=67.148|walker_med=97.400|walker_max=105.244
STEP|n=111400000|unique=6024340|accepted=22962684|rate=105562.1/s|walker_min=65.576|walker_med=93.211|walker_max=105.043
STEP|n=111500000|unique=6029374|accepted=22967718|rate=105573.2/s|walker_min=44.957|walker_med=97.449|walker_max=105.003
STEP|n=111600000|unique=6034204|accepted=22972548|rate=105584.3/s|walker_min=61.218|walker_med=94.456|walker_max=103.879
STEP|n=111700000|unique=6039124|accepted=22977468|rate=105594.8/s|walker_min=65.084|walker_med=97.003|walker_max=104.984
STEP|n=111800000|unique=6044020|accepted=22982364|rate=105605.2/s|walker_min=71.542|walker_med=98.000|walker_max=105.087
STEP|n=111900000|unique=6048788|accepted=22987132|rate=105616.1/s|walker_min=63.978|walker_med=95.998|walker_max=105.017
STEP|n=112000000|unique=6053477|accepted=22991821|rate=105626.8/s|walker_min=67.704|walker_med=97.879|walker_max=104.415
STEP|n=112100000|unique=6058248|accepted=22996592|rate=105637.9/s|walker_min=72.989|walker_med=94.587|walker_max=105.347
STEP|n=112200000|unique=6063120|accepted=23001464|rate=105648.7/s|walker_min=65.179|walker_med=97.043|walker_max=104.700
STEP|n=112300000|unique=6067743|accepted=23006087|rate=105647.0/s|walker_min=61.608|walker_med=95.592|walker_max=105.084
STEP|n=112400000|unique=6072627|accepted=23010971|rate=105657.1/s|walker_min=62.588|walker_med=93.192|walker_max=104.647
STEP|n=112500000|unique=6077413|accepted=23015757|rate=105667.0/s|walker_min=62.126|walker_med=95.114|walker_max=104.470
STEP|n=112600000|unique=6082396|accepted=23020740|rate=105677.0/s|walker_min=48.129|walker_med=91.586|walker_max=103.108
STEP|n=112700000|unique=6087394|accepted=23025738|rate=105686.6/s|walker_min=61.748|walker_med=91.989|walker_max=105.020
STEP|n=112800000|unique=6092636|accepted=23030980|rate=105694.9/s|walker_min=60.604|walker_med=89.614|walker_max=104.176
STEP|n=112900000|unique=6098205|accepted=23036549|rate=105702.6/s|walker_min=52.880|walker_med=91.904|walker_max=105.104
STEP|n=113000000|unique=6103888|accepted=23042232|rate=105706.4/s|walker_min=40.915|walker_med=76.690|walker_max=98.993
STEP|n=113100000|unique=6109388|accepted=23047732|rate=105710.5/s|walker_min=50.675|walker_med=89.541|walker_max=104.936
STEP|n=113200000|unique=6114889|accepted=23053233|rate=105717.3/s|walker_min=56.069|walker_med=91.089|walker_max=105.175
STEP|n=113300000|unique=6120003|accepted=23058347|rate=105725.1/s|walker_min=76.147|walker_med=92.840|walker_max=104.800
STEP|n=113400000|unique=6124906|accepted=23063250|rate=105734.8/s|walker_min=63.297|walker_med=94.303|walker_max=104.666
STEP|n=113500000|unique=6129664|accepted=23068008|rate=105744.9/s|walker_min=72.900|walker_med=93.417|walker_max=105.319
STEP|n=113600000|unique=6134560|accepted=23072904|rate=105754.7/s|walker_min=86.712|walker_med=95.175|walker_max=105.312
STEP|n=113700000|unique=6139407|accepted=23077751|rate=105764.7/s|walker_min=64.873|walker_med=93.515|walker_max=105.155
STEP|n=113800000|unique=6144223|accepted=23082567|rate=105774.7/s|walker_min=75.737|walker_med=95.232|walker_max=105.220
STEP|n=113900000|unique=6148871|accepted=23087215|rate=105785.1/s|walker_min=59.610|walker_med=95.640|walker_max=105.132
STEP|n=114000000|unique=6153465|accepted=23091809|rate=105795.4/s|walker_min=55.828|walker_med=96.907|walker_max=104.203
STEP|n=114100000|unique=6158163|accepted=23096507|rate=105805.8/s|walker_min=69.293|walker_med=96.433|walker_max=105.283
STEP|n=114200000|unique=6162801|accepted=23101145|rate=105816.3/s|walker_min=52.076|walker_med=95.330|walker_max=104.441
STEP|n=114300000|unique=6167502|accepted=23105846|rate=105826.7/s|walker_min=55.925|walker_med=98.855|walker_max=105.191
STEP|n=114400000|unique=6172303|accepted=23110647|rate=105837.0/s|walker_min=50.341|walker_med=96.117|walker_max=104.712
STEP|n=114500000|unique=6176953|accepted=23115297|rate=105847.0/s|walker_min=70.008|walker_med=94.806|walker_max=105.098
STEP|n=114600000|unique=6181953|accepted=23120297|rate=105856.8/s|walker_min=59.217|walker_med=95.922|walker_max=105.245
STEP|n=114700000|unique=6186772|accepted=23125116|rate=105864.6/s|walker_min=49.349|walker_med=92.678|walker_max=103.624
STEP|n=114800000|unique=6191895|accepted=23130239|rate=105873.0/s|walker_min=43.999|walker_med=93.991|walker_max=104.689
STEP|n=114900000|unique=6197106|accepted=23135450|rate=105880.3/s|walker_min=46.119|walker_med=87.638|walker_max=104.222
STEP|n=115000000|unique=6202357|accepted=23140701|rate=105871.8/s|walker_min=42.953|walker_med=76.268|walker_max=104.799
PRUNE_START|step=115000000|unique=6202357|active_cutoff=105.361889
PRUNE_DONE|step=115000000|unique=4000000|active_cutoff=99.2612985|reservoir=200000
STEP|n=115100000|unique=4003312|accepted=23144013|rate=105694.6/s|walker_min=27.874|walker_med=85.753|walker_max=99.260
STEP|n=115200000|unique=4006587|accepted=23147288|rate=105702.8/s|walker_min=37.070|walker_med=83.888|walker_max=98.222
STEP|n=115300000|unique=4009683|accepted=23150384|rate=105712.1/s|walker_min=60.997|walker_med=89.911|walker_max=99.241
STEP|n=115400000|unique=4012738|accepted=23153439|rate=105722.4/s|walker_min=62.593|walker_med=87.268|walker_max=98.685
STEP|n=115500000|unique=4015714|accepted=23156415|rate=105732.6/s|walker_min=73.525|walker_med=90.921|walker_max=98.717
STEP|n=115600000|unique=4018666|accepted=23159367|rate=105743.3/s|walker_min=66.326|walker_med=90.526|walker_max=98.972
STEP|n=115700000|unique=4021532|accepted=23162233|rate=105754.3/s|walker_min=57.910|walker_med=89.492|walker_max=99.148
STEP|n=115800000|unique=4024435|accepted=23165136|rate=105765.7/s|walker_min=58.408|walker_med=91.691|walker_max=98.858
STEP|n=115900000|unique=4027424|accepted=23168125|rate=105777.2/s|walker_min=46.753|walker_med=93.193|walker_max=97.888
STEP|n=116000000|unique=4030377|accepted=23171078|rate=105789.1/s|walker_min=63.918|walker_med=95.201|walker_max=98.978
STEP|n=116100000|unique=4033412|accepted=23174113|rate=105800.5/s|walker_min=61.746|walker_med=92.398|walker_max=98.649
STEP|n=116200000|unique=4036382|accepted=23177083|rate=105811.6/s|walker_min=49.292|walker_med=90.644|walker_max=99.170
STEP|n=116300000|unique=4039332|accepted=23180033|rate=105823.0/s|walker_min=71.992|walker_med=92.531|walker_max=99.139
STEP|n=116400000|unique=4042302|accepted=23183003|rate=105834.2/s|walker_min=75.009|walker_med=92.347|walker_max=99.174
STEP|n=116500000|unique=4045348|accepted=23186049|rate=105845.2/s|walker_min=63.198|walker_med=86.515|walker_max=99.089
STEP|n=116600000|unique=4048236|accepted=23188937|rate=105854.9/s|walker_min=48.867|walker_med=91.677|walker_max=99.129
STEP|n=116700000|unique=4051216|accepted=23191917|rate=105864.4/s|walker_min=52.889|walker_med=86.334|walker_max=99.235
STEP|n=116800000|unique=4054356|accepted=23195057|rate=105873.7/s|walker_min=59.364|walker_med=89.175|walker_max=97.653
STEP|n=116900000|unique=4057500|accepted=23198201|rate=105882.2/s|walker_min=53.094|walker_med=84.278|walker_max=97.790
STEP|n=117000000|unique=4060791|accepted=23201492|rate=105888.1/s|walker_min=46.837|walker_med=75.247|walker_max=97.403
STEP|n=117100000|unique=4064020|accepted=23204721|rate=105893.8/s|walker_min=60.863|walker_med=90.090|walker_max=99.238
STEP|n=117200000|unique=4067178|accepted=23207879|rate=105902.2/s|walker_min=55.388|walker_med=88.523|walker_max=99.080
STEP|n=117300000|unique=4070345|accepted=23211046|rate=105912.2/s|walker_min=53.290|walker_med=86.563|walker_max=98.887
STEP|n=117400000|unique=4073411|accepted=23214112|rate=105921.9/s|walker_min=59.004|walker_med=93.114|walker_max=99.152
STEP|n=117500000|unique=4076377|accepted=23217078|rate=105931.7/s|walker_min=49.964|walker_med=89.171|walker_max=99.239
STEP|n=117600000|unique=4079399|accepted=23220100|rate=105942.6/s|walker_min=68.582|walker_med=89.780|walker_max=99.084
STEP|n=117700000|unique=4082374|accepted=23223075|rate=105952.8/s|walker_min=61.283|walker_med=90.300|walker_max=98.572
STEP|n=117800000|unique=4085201|accepted=23225902|rate=105963.5/s|walker_min=50.579|walker_med=89.942|walker_max=98.700
STEP|n=117900000|unique=4088037|accepted=23228738|rate=105974.6/s|walker_min=48.219|walker_med=91.418|walker_max=98.648
STEP|n=118000000|unique=4090886|accepted=23231587|rate=105985.2/s|walker_min=74.192|walker_med=91.399|walker_max=99.091
STEP|n=118100000|unique=4093690|accepted=23234391|rate=105995.5/s|walker_min=66.608|walker_med=89.537|walker_max=99.157
STEP|n=118200000|unique=4096519|accepted=23237220|rate=106007.2/s|walker_min=51.613|walker_med=92.410|walker_max=99.191
STEP|n=118300000|unique=4099325|accepted=23240026|rate=106019.7/s|walker_min=62.580|walker_med=91.422|walker_max=98.144
STEP|n=118400000|unique=4102183|accepted=23242884|rate=106032.0/s|walker_min=50.828|walker_med=91.436|walker_max=99.041
STEP|n=118500000|unique=4105060|accepted=23245761|rate=106043.4/s|walker_min=75.123|walker_med=89.872|walker_max=99.131
STEP|n=118600000|unique=4107925|accepted=23248626|rate=106053.4/s|walker_min=65.304|walker_med=89.356|walker_max=99.161
STEP|n=118700000|unique=4110773|accepted=23251474|rate=106063.3/s|walker_min=52.291|walker_med=85.699|walker_max=99.173
STEP|n=118800000|unique=4113667|accepted=23254368|rate=106074.5/s|walker_min=55.877|walker_med=93.437|walker_max=98.753
STEP|n=118900000|unique=4116862|accepted=23257563|rate=106072.4/s|walker_min=45.269|walker_med=87.051|walker_max=98.572
STEP|n=119000000|unique=4120175|accepted=23260876|rate=106081.0/s|walker_min=48.511|walker_med=69.559|walker_max=98.932
STEP|n=119100000|unique=4123190|accepted=23263891|rate=106087.3/s|walker_min=59.778|walker_med=85.757|walker_max=99.255
STEP|n=119200000|unique=4126291|accepted=23266992|rate=106096.1/s|walker_min=53.562|walker_med=87.139|walker_max=99.080
STEP|n=119300000|unique=4129445|accepted=23270146|rate=106107.6/s|walker_min=34.331|walker_med=90.400|walker_max=99.213
STEP|n=119400000|unique=4132344|accepted=23273045|rate=106113.0/s|walker_min=53.234|walker_med=88.283|walker_max=99.103
STEP|n=119500000|unique=4135195|accepted=23275896|rate=106126.4/s|walker_min=65.922|walker_med=87.991|walker_max=97.844
STEP|n=119600000|unique=4137950|accepted=23278651|rate=106138.7/s|walker_min=58.546|walker_med=89.645|walker_max=98.907
STEP|n=119700000|unique=4140756|accepted=23281457|rate=106150.2/s|walker_min=62.610|walker_med=89.495|walker_max=99.184
STEP|n=119800000|unique=4143395|accepted=23284096|rate=106161.6/s|walker_min=58.292|walker_med=85.572|walker_max=98.670
STEP|n=119900000|unique=4146178|accepted=23286879|rate=106174.7/s|walker_min=68.341|walker_med=92.008|walker_max=98.578
STEP|n=120000000|unique=4148937|accepted=23289638|rate=106188.4/s|walker_min=67.495|walker_med=92.658|walker_max=99.216
STEP|n=120100000|unique=4151590|accepted=23292291|rate=106202.2/s|walker_min=75.168|walker_med=90.768|walker_max=98.167
STEP|n=120200000|unique=4154178|accepted=23294879|rate=106213.3/s|walker_min=58.962|walker_med=88.590|walker_max=98.456
STEP|n=120300000|unique=4156782|accepted=23297483|rate=106224.6/s|walker_min=59.670|walker_med=90.980|walker_max=99.234
STEP|n=120400000|unique=4159441|accepted=23300142|rate=106235.7/s|walker_min=63.189|walker_med=92.300|walker_max=98.942
STEP|n=120500000|unique=4162254|accepted=23302955|rate=106248.9/s|walker_min=55.134|walker_med=89.838|walker_max=99.121
STEP|n=120600000|unique=4165058|accepted=23305759|rate=106261.8/s|walker_min=59.346|walker_med=84.645|walker_max=98.919
STEP|n=120700000|unique=4167819|accepted=23308520|rate=106273.8/s|walker_min=60.299|walker_med=89.883|walker_max=99.230
STEP|n=120800000|unique=4170566|accepted=23311267|rate=106283.3/s|walker_min=52.295|walker_med=84.026|walker_max=94.228
STEP|n=120900000|unique=4173562|accepted=23314263|rate=106292.1/s|walker_min=42.495|walker_med=88.250|walker_max=98.689
STEP|n=121000000|unique=4176671|accepted=23317372|rate=106299.8/s|walker_min=33.298|walker_med=70.073|walker_max=95.412
STEP|n=121100000|unique=4179731|accepted=23320432|rate=106308.1/s|walker_min=39.111|walker_med=90.235|walker_max=98.256
STEP|n=121200000|unique=4182689|accepted=23323390|rate=106318.8/s|walker_min=67.347|walker_med=85.285|walker_max=98.164
STEP|n=121300000|unique=4185613|accepted=23326314|rate=106328.3/s|walker_min=52.929|walker_med=93.265|walker_max=99.039
STEP|n=121400000|unique=4188395|accepted=23329096|rate=106337.9/s|walker_min=63.483|walker_med=88.742|walker_max=98.202
STEP|n=121500000|unique=4191138|accepted=23331839|rate=106348.9/s|walker_min=70.520|walker_med=91.636|walker_max=98.810
STEP|n=121600000|unique=4193805|accepted=23334506|rate=106358.8/s|walker_min=63.311|walker_med=92.902|walker_max=98.375
STEP|n=121700000|unique=4196535|accepted=23337236|rate=106369.1/s|walker_min=53.306|walker_med=89.367|walker_max=99.062
STEP|n=121800000|unique=4199193|accepted=23339894|rate=106380.0/s|walker_min=47.884|walker_med=87.404|walker_max=98.574
STEP|n=121900000|unique=4201765|accepted=23342466|rate=106393.4/s|walker_min=49.897|walker_med=87.703|walker_max=98.485
STEP|n=122000000|unique=4204421|accepted=23345122|rate=106406.8/s|walker_min=70.606|walker_med=94.328|walker_max=99.230
STEP|n=122100000|unique=4207094|accepted=23347795|rate=106419.5/s|walker_min=64.455|walker_med=87.539|walker_max=98.362
STEP|n=122200000|unique=4209698|accepted=23350399|rate=106430.1/s|walker_min=52.089|walker_med=88.175|walker_max=99.010
STEP|n=122300000|unique=4212350|accepted=23353051|rate=106441.9/s|walker_min=73.113|walker_med=88.037|walker_max=98.447
STEP|n=122400000|unique=4214925|accepted=23355626|rate=106453.1/s|walker_min=56.576|walker_med=90.647|walker_max=98.652
STEP|n=122500000|unique=4217538|accepted=23358239|rate=106462.3/s|walker_min=42.934|walker_med=90.480|walker_max=99.246
STEP|n=122600000|unique=4220246|accepted=23360947|rate=106472.0/s|walker_min=54.995|walker_med=89.617|walker_max=99.248
STEP|n=122700000|unique=4223111|accepted=23363812|rate=106483.7/s|walker_min=60.626|walker_med=89.587|walker_max=99.041
STEP|n=122800000|unique=4225812|accepted=23366513|rate=106495.6/s|walker_min=60.661|walker_med=84.205|walker_max=99.242
STEP|n=122900000|unique=4228545|accepted=23369246|rate=106506.3/s|walker_min=38.049|walker_med=77.944|walker_max=98.408
STEP|n=123000000|unique=4231263|accepted=23371964|rate=106511.7/s|walker_min=41.200|walker_med=68.394|walker_max=97.736
STEP|n=123100000|unique=4234118|accepted=23374819|rate=106516.7/s|walker_min=40.321|walker_med=81.329|walker_max=96.561
STEP|n=123200000|unique=4237013|accepted=23377714|rate=106524.9/s|walker_min=61.074|walker_med=87.301|walker_max=98.183
STEP|n=123300000|unique=4239826|accepted=23380527|rate=106536.2/s|walker_min=41.747|walker_med=88.003|walker_max=99.242
STEP|n=123400000|unique=4242431|accepted=23383132|rate=106548.5/s|walker_min=53.369|walker_med=89.578|walker_max=99.090
STEP|n=123500000|unique=4244906|accepted=23385607|rate=106560.5/s|walker_min=55.540|walker_med=88.364|walker_max=98.441
STEP|n=123600000|unique=4247590|accepted=23388291|rate=106572.9/s|walker_min=47.772|walker_med=88.524|walker_max=99.147
STEP|n=123700000|unique=4250300|accepted=23391001|rate=106584.8/s|walker_min=54.981|walker_med=87.736|walker_max=98.279
STEP|n=123800000|unique=4252926|accepted=23393627|rate=106597.4/s|walker_min=79.097|walker_med=89.239|walker_max=98.515
STEP|n=123900000|unique=4255426|accepted=23396127|rate=106610.2/s|walker_min=62.321|walker_med=87.176|walker_max=99.153
STEP|n=124000000|unique=4257864|accepted=23398565|rate=106622.9/s|walker_min=51.377|walker_med=92.262|walker_max=99.177
STEP|n=124100000|unique=4260351|accepted=23401052|rate=106635.4/s|walker_min=71.978|walker_med=91.140|walker_max=98.841
STEP|n=124200000|unique=4262864|accepted=23403565|rate=106646.6/s|walker_min=59.292|walker_med=91.751|walker_max=98.637
STEP|n=124300000|unique=4265424|accepted=23406125|rate=106648.5/s|walker_min=52.911|walker_med=93.328|walker_max=99.252
STEP|n=124400000|unique=4267988|accepted=23408689|rate=106661.0/s|walker_min=69.796|walker_med=91.011|walker_max=99.257
STEP|n=124500000|unique=4270419|accepted=23411120|rate=106673.3/s|walker_min=60.909|walker_med=93.451|walker_max=99.006
STEP|n=124600000|unique=4272985|accepted=23413686|rate=106686.0/s|walker_min=62.677|walker_med=92.167|walker_max=98.789
STEP|n=124700000|unique=4275498|accepted=23416199|rate=106697.2/s|walker_min=57.136|walker_med=89.982|walker_max=99.118
STEP|n=124800000|unique=4278007|accepted=23418708|rate=106707.8/s|walker_min=53.655|walker_med=89.895|walker_max=99.045
STEP|n=124900000|unique=4280884|accepted=23421585|rate=106716.3/s|walker_min=39.449|walker_med=74.396|walker_max=96.683
STEP|n=125000000|unique=4283531|accepted=23424232|rate=106723.8/s|walker_min=42.026|walker_med=74.772|walker_max=99.146
STEP|n=125100000|unique=4286216|accepted=23426917|rate=106731.1/s|walker_min=37.439|walker_med=80.677|walker_max=98.726
STEP|n=125200000|unique=4288940|accepted=23429641|rate=106740.0/s|walker_min=46.229|walker_med=86.252|walker_max=99.149
STEP|n=125300000|unique=4291596|accepted=23432297|rate=106748.7/s|walker_min=50.167|walker_med=90.247|walker_max=99.226
STEP|n=125400000|unique=4294249|accepted=23434950|rate=106757.0/s|walker_min=51.780|walker_med=89.446|walker_max=98.109
STEP|n=125500000|unique=4296831|accepted=23437532|rate=106768.0/s|walker_min=59.044|walker_med=90.666|walker_max=99.024
STEP|n=125600000|unique=4299343|accepted=23440044|rate=106780.0/s|walker_min=61.517|walker_med=91.978|walker_max=99.134
STEP|n=125700000|unique=4301823|accepted=23442524|rate=106792.2/s|walker_min=75.313|walker_med=90.907|walker_max=99.151
STEP|n=125800000|unique=4304325|accepted=23445026|rate=106801.9/s|walker_min=76.416|walker_med=90.427|walker_max=98.014
STEP|n=125900000|unique=4306736|accepted=23447437|rate=106812.7/s|walker_min=58.568|walker_med=92.123|walker_max=99.195
STEP|n=126000000|unique=4309104|accepted=23449805|rate=106823.9/s|walker_min=62.698|walker_med=92.960|walker_max=98.974
STEP|n=126100000|unique=4311404|accepted=23452105|rate=106836.5/s|walker_min=62.559|walker_med=92.144|walker_max=99.182
STEP|n=126200000|unique=4313783|accepted=23454484|rate=106849.3/s|walker_min=58.817|walker_med=91.067|walker_max=99.256
STEP|n=126300000|unique=4316346|accepted=23457047|rate=106861.4/s|walker_min=51.958|walker_med=89.533|walker_max=98.369
STEP|n=126400000|unique=4318711|accepted=23459412|rate=106871.4/s|walker_min=59.193|walker_med=90.287|walker_max=99.249
STEP|n=126500000|unique=4321155|accepted=23461856|rate=106880.5/s|walker_min=55.045|walker_med=89.859|walker_max=98.672
STEP|n=126600000|unique=4323572|accepted=23464273|rate=106890.7/s|walker_min=54.539|walker_med=85.441|walker_max=98.122
STEP|n=126700000|unique=4326035|accepted=23466736|rate=106901.2/s|walker_min=64.817|walker_med=84.997|walker_max=98.935
STEP|n=126800000|unique=4328524|accepted=23469225|rate=106911.3/s|walker_min=38.526|walker_med=85.937|walker_max=97.798
STEP|n=126900000|unique=4331160|accepted=23471861|rate=106919.7/s|walker_min=56.441|walker_med=87.375|walker_max=98.880
STEP|n=127000000|unique=4333898|accepted=23474599|rate=106924.8/s|walker_min=46.376|walker_med=75.109|walker_max=97.023
STEP|n=127100000|unique=4336542|accepted=23477243|rate=106930.2/s|walker_min=55.053|walker_med=82.220|walker_max=97.420
STEP|n=127200000|unique=4339303|accepted=23480004|rate=106939.9/s|walker_min=57.676|walker_med=83.917|walker_max=98.311
STEP|n=127300000|unique=4341714|accepted=23482415|rate=106950.3/s|walker_min=63.956|walker_med=85.867|walker_max=99.084
STEP|n=127400000|unique=4344321|accepted=23485022|rate=106960.7/s|walker_min=65.960|walker_med=92.141|walker_max=99.025
STEP|n=127500000|unique=4346728|accepted=23487429|rate=106969.8/s|walker_min=71.184|walker_med=90.945|walker_max=99.136
STEP|n=127600000|unique=4349146|accepted=23489847|rate=106979.3/s|walker_min=54.193|walker_med=92.106|walker_max=99.243
STEP|n=127700000|unique=4351492|accepted=23492193|rate=106990.0/s|walker_min=54.758|walker_med=91.258|walker_max=99.053
STEP|n=127800000|unique=4353735|accepted=23494436|rate=107001.7/s|walker_min=63.108|walker_med=92.386|walker_max=98.804
STEP|n=127900000|unique=4355953|accepted=23496654|rate=107013.5/s|walker_min=65.350|walker_med=89.532|walker_max=98.451
STEP|n=128000000|unique=4358151|accepted=23498852|rate=107024.3/s|walker_min=64.324|walker_med=90.982|walker_max=99.259
STEP|n=128100000|unique=4360376|accepted=23501077|rate=107034.4/s|walker_min=71.928|walker_med=92.288|walker_max=98.009
STEP|n=128200000|unique=4362673|accepted=23503374|rate=107044.1/s|walker_min=73.759|walker_med=89.531|walker_max=98.279
STEP|n=128300000|unique=4365044|accepted=23505745|rate=107056.0/s|walker_min=50.213|walker_med=93.416|walker_max=98.704
STEP|n=128400000|unique=4367405|accepted=23508106|rate=107068.4/s|walker_min=72.035|walker_med=92.169|walker_max=99.076
STEP|n=128500000|unique=4369772|accepted=23510473|rate=107080.4/s|walker_min=69.967|walker_med=92.698|walker_max=99.108
STEP|n=128600000|unique=4372169|accepted=23512870|rate=107090.4/s|walker_min=63.206|walker_med=85.013|walker_max=99.260
STEP|n=128700000|unique=4374586|accepted=23515287|rate=107099.4/s|walker_min=67.358|walker_med=92.733|walker_max=99.183
STEP|n=128800000|unique=4377145|accepted=23517846|rate=107107.4/s|walker_min=50.286|walker_med=89.179|walker_max=99.228
STEP|n=128900000|unique=4379610|accepted=23520311|rate=107116.0/s|walker_min=40.273|walker_med=81.846|walker_max=98.128
STEP|n=129000000|unique=4382230|accepted=23522931|rate=107121.8/s|walker_min=31.545|walker_med=62.769|walker_max=97.916
STEP|n=129100000|unique=4384736|accepted=23525437|rate=107127.2/s|walker_min=48.228|walker_med=77.245|walker_max=98.541
STEP|n=129200000|unique=4387085|accepted=23527786|rate=107134.5/s|walker_min=56.502|walker_med=83.256|walker_max=98.439
STEP|n=129300000|unique=4389511|accepted=23530212|rate=107143.0/s|walker_min=54.043|walker_med=84.412|walker_max=98.745
STEP|n=129400000|unique=4391678|accepted=23532379|rate=107152.3/s|walker_min=48.316|walker_med=86.740|walker_max=99.256
STEP|n=129500000|unique=4394171|accepted=23534872|rate=107162.9/s|walker_min=55.316|walker_med=90.028|walker_max=99.002
STEP|n=129600000|unique=4396537|accepted=23537238|rate=107171.8/s|walker_min=58.395|walker_med=92.773|walker_max=98.095
STEP|n=129700000|unique=4398909|accepted=23539610|rate=107182.9/s|walker_min=62.568|walker_med=88.517|walker_max=98.794
STEP|n=129800000|unique=4401111|accepted=23541812|rate=107186.6/s|walker_min=66.637|walker_med=91.678|walker_max=97.875
STEP|n=129900000|unique=4403400|accepted=23544101|rate=107198.2/s|walker_min=52.806|walker_med=91.741|walker_max=98.674
STEP|n=130000000|unique=4405613|accepted=23546314|rate=107207.6/s|walker_min=50.602|walker_med=94.183|walker_max=98.797
STEP|n=130100000|unique=4407815|accepted=23548516|rate=107217.2/s|walker_min=56.194|walker_med=92.321|walker_max=99.226
STEP|n=130200000|unique=4410171|accepted=23550872|rate=107227.1/s|walker_min=63.169|walker_med=90.927|walker_max=98.782
STEP|n=130300000|unique=4412368|accepted=23553069|rate=107239.2/s|walker_min=71.759|walker_med=92.636|walker_max=99.234
STEP|n=130400000|unique=4414746|accepted=23555447|rate=107251.4/s|walker_min=64.457|walker_med=87.743|walker_max=98.890
STEP|n=130500000|unique=4416954|accepted=23557655|rate=107263.0/s|walker_min=55.780|walker_med=87.647|walker_max=99.136
STEP|n=130600000|unique=4419239|accepted=23559940|rate=107273.8/s|walker_min=47.743|walker_med=88.904|walker_max=98.249
STEP|n=130700000|unique=4421550|accepted=23562251|rate=107284.3/s|walker_min=62.683|walker_med=87.409|walker_max=98.984
STEP|n=130800000|unique=4424004|accepted=23564705|rate=107294.9/s|walker_min=52.761|walker_med=89.736|walker_max=98.296
STEP|n=130900000|unique=4426516|accepted=23567217|rate=107305.2/s|walker_min=47.587|walker_med=81.784|walker_max=99.251
STEP|n=131000000|unique=4429006|accepted=23569707|rate=107313.0/s|walker_min=41.386|walker_med=77.240|walker_max=96.624
STEP|n=131100000|unique=4431304|accepted=23572005|rate=107319.5/s|walker_min=50.969|walker_med=90.804|walker_max=99.116
STEP|n=131200000|unique=4433808|accepted=23574509|rate=107328.4/s|walker_min=59.555|walker_med=83.524|walker_max=98.660
STEP|n=131300000|unique=4436129|accepted=23576830|rate=107338.5/s|walker_min=62.017|walker_med=90.661|walker_max=99.179
STEP|n=131400000|unique=4438488|accepted=23579189|rate=107350.1/s|walker_min=41.294|walker_med=89.614|walker_max=99.111
STEP|n=131500000|unique=4440781|accepted=23581482|rate=107362.0/s|walker_min=60.603|walker_med=92.037|walker_max=99.205
STEP|n=131600000|unique=4443067|accepted=23583768|rate=107374.3/s|walker_min=65.255|walker_med=92.191|walker_max=99.257
STEP|n=131700000|unique=4445296|accepted=23585997|rate=107383.9/s|walker_min=62.585|walker_med=90.030|walker_max=99.183
STEP|n=131800000|unique=4447577|accepted=23588278|rate=107393.6/s|walker_min=75.494|walker_med=89.738|walker_max=99.096
STEP|n=131900000|unique=4449837|accepted=23590538|rate=107403.6/s|walker_min=50.308|walker_med=93.145|walker_max=99.143
STEP|n=132000000|unique=4452109|accepted=23592810|rate=107415.0/s|walker_min=51.880|walker_med=90.306|walker_max=98.154
STEP|n=132100000|unique=4454353|accepted=23595054|rate=107426.5/s|walker_min=57.256|walker_med=93.491|walker_max=98.942
STEP|n=132200000|unique=4456545|accepted=23597246|rate=107437.1/s|walker_min=60.546|walker_med=84.392|walker_max=98.653
STEP|n=132300000|unique=4458883|accepted=23599584|rate=107446.7/s|walker_min=52.866|walker_med=94.231|walker_max=98.928
STEP|n=132400000|unique=4461045|accepted=23601746|rate=107456.0/s|walker_min=55.088|walker_med=88.287|walker_max=98.247
STEP|n=132500000|unique=4463223|accepted=23603924|rate=107465.9/s|walker_min=52.123|walker_med=86.528|walker_max=98.889
STEP|n=132600000|unique=4465375|accepted=23606076|rate=107476.6/s|walker_min=62.291|walker_med=87.009|walker_max=97.884
STEP|n=132700000|unique=4467699|accepted=23608400|rate=107484.6/s|walker_min=64.352|walker_med=88.113|walker_max=98.808
STEP|n=132800000|unique=4470130|accepted=23610831|rate=107494.2/s|walker_min=35.330|walker_med=80.324|walker_max=98.252
STEP|n=132900000|unique=4472579|accepted=23613280|rate=107503.6/s|walker_min=40.786|walker_med=83.242|walker_max=99.184
STEP|n=133000000|unique=4474927|accepted=23615628|rate=107510.9/s|walker_min=41.940|walker_med=66.018|walker_max=96.948
STEP|n=133100000|unique=4477388|accepted=23618089|rate=107515.6/s|walker_min=54.300|walker_med=89.557|walker_max=98.433
STEP|n=133200000|unique=4479800|accepted=23620501|rate=107522.5/s|walker_min=33.363|walker_med=87.548|walker_max=98.894
STEP|n=133300000|unique=4481968|accepted=23622669|rate=107530.7/s|walker_min=51.687|walker_med=87.598|walker_max=97.552
STEP|n=133400000|unique=4484268|accepted=23624969|rate=107541.5/s|walker_min=52.060|walker_med=87.846|walker_max=98.673
STEP|n=133500000|unique=4486518|accepted=23627219|rate=107552.8/s|walker_min=72.989|walker_med=92.313|walker_max=98.632
STEP|n=133600000|unique=4488606|accepted=23629307|rate=107563.3/s|walker_min=61.617|walker_med=91.203|walker_max=98.726
STEP|n=133700000|unique=4490738|accepted=23631439|rate=107572.6/s|walker_min=74.430|walker_med=92.688|walker_max=99.227
STEP|n=133800000|unique=4492872|accepted=23633573|rate=107581.0/s|walker_min=58.184|walker_med=92.053|walker_max=98.468
STEP|n=133900000|unique=4495005|accepted=23635706|rate=107591.1/s|walker_min=62.145|walker_med=92.020|walker_max=99.048
STEP|n=134000000|unique=4496953|accepted=23637654|rate=107601.5/s|walker_min=60.099|walker_med=89.203|walker_max=99.245
STEP|n=134100000|unique=4499010|accepted=23639711|rate=107612.2/s|walker_min=56.345|walker_med=89.600|walker_max=99.134
STEP|n=134200000|unique=4500999|accepted=23641700|rate=107621.3/s|walker_min=64.208|walker_med=92.365|walker_max=99.180
STEP|n=134300000|unique=4503031|accepted=23643732|rate=107630.3/s|walker_min=65.100|walker_med=93.528|walker_max=99.212
STEP|n=134400000|unique=4505179|accepted=23645880|rate=107639.2/s|walker_min=59.157|walker_med=88.818|walker_max=98.916
STEP|n=134500000|unique=4507309|accepted=23648010|rate=107650.1/s|walker_min=66.789|walker_med=86.167|walker_max=99.132
STEP|n=134600000|unique=4509360|accepted=23650061|rate=107660.6/s|walker_min=54.446|walker_med=92.154|walker_max=98.955
STEP|n=134700000|unique=4511595|accepted=23652296|rate=107670.8/s|walker_min=50.006|walker_med=88.450|walker_max=98.568
STEP|n=134800000|unique=4513762|accepted=23654463|rate=107678.9/s|walker_min=57.280|walker_med=87.078|walker_max=98.295
STEP|n=134900000|unique=4515997|accepted=23656698|rate=107685.5/s|walker_min=50.172|walker_med=78.716|walker_max=98.292
STEP|n=135000000|unique=4518376|accepted=23659077|rate=107689.9/s|walker_min=28.561|walker_med=76.797|walker_max=96.242
STEP|n=135100000|unique=4520633|accepted=23661334|rate=107695.8/s|walker_min=53.158|walker_med=85.776|walker_max=98.577
STEP|n=135200000|unique=4522941|accepted=23663642|rate=107704.0/s|walker_min=61.390|walker_med=83.463|walker_max=99.040
STEP|n=135300000|unique=4525194|accepted=23665895|rate=107712.3/s|walker_min=74.460|walker_med=88.931|walker_max=99.237
STEP|n=135400000|unique=4527310|accepted=23668011|rate=107720.6/s|walker_min=59.780|walker_med=89.347|walker_max=98.722
STEP|n=135500000|unique=4529461|accepted=23670162|rate=107728.4/s|walker_min=44.393|walker_med=90.195|walker_max=98.904
STEP|n=135600000|unique=4531565|accepted=23672266|rate=107738.9/s|walker_min=47.456|walker_med=89.725|walker_max=98.507
STEP|n=135700000|unique=4533653|accepted=23674354|rate=107741.7/s|walker_min=65.139|walker_med=91.431|walker_max=99.015
STEP|n=135800000|unique=4535541|accepted=23676242|rate=107752.4/s|walker_min=64.042|walker_med=91.897|walker_max=98.192
STEP|n=135900000|unique=4537426|accepted=23678127|rate=107761.7/s|walker_min=63.522|walker_med=91.641|walker_max=98.460
STEP|n=136000000|unique=4539453|accepted=23680154|rate=107770.4/s|walker_min=65.844|walker_med=93.329|walker_max=99.055
STEP|n=136100000|unique=4541400|accepted=23682101|rate=107779.6/s|walker_min=60.647|walker_med=90.952|walker_max=99.007
STEP|n=136200000|unique=4543275|accepted=23683976|rate=107789.8/s|walker_min=71.093|walker_med=89.123|walker_max=99.016
STEP|n=136300000|unique=4545344|accepted=23686045|rate=107799.8/s|walker_min=64.687|walker_med=92.863|walker_max=99.240
STEP|n=136400000|unique=4547393|accepted=23688094|rate=107809.4/s|walker_min=61.211|walker_med=89.652|walker_max=98.946
STEP|n=136500000|unique=4549479|accepted=23690180|rate=107818.5/s|walker_min=70.233|walker_med=89.946|walker_max=98.932
STEP|n=136600000|unique=4551545|accepted=23692246|rate=107827.2/s|walker_min=52.703|walker_med=89.316|walker_max=97.827
STEP|n=136700000|unique=4553716|accepted=23694417|rate=107836.6/s|walker_min=58.234|walker_med=86.276|walker_max=99.063
STEP|n=136800000|unique=4555878|accepted=23696579|rate=107845.6/s|walker_min=66.021|walker_med=88.431|walker_max=98.468
STEP|n=136900000|unique=4558146|accepted=23698847|rate=107851.9/s|walker_min=48.508|walker_med=85.515|walker_max=98.382
STEP|n=137000000|unique=4560495|accepted=23701196|rate=107858.4/s|walker_min=32.034|walker_med=68.183|walker_max=97.261
STEP|n=137100000|unique=4562582|accepted=23703283|rate=107864.4/s|walker_min=48.586|walker_med=85.974|walker_max=98.957
STEP|n=137200000|unique=4564806|accepted=23705507|rate=107872.4/s|walker_min=53.796|walker_med=90.036|walker_max=99.202
STEP|n=137300000|unique=4566975|accepted=23707676|rate=107879.6/s|walker_min=53.300|walker_med=86.857|walker_max=98.647
STEP|n=137400000|unique=4569223|accepted=23709924|rate=107887.5/s|walker_min=49.875|walker_med=91.879|walker_max=97.451
STEP|n=137500000|unique=4571308|accepted=23712009|rate=107896.7/s|walker_min=64.986|walker_med=90.946|walker_max=97.776
STEP|n=137600000|unique=4573388|accepted=23714089|rate=107906.8/s|walker_min=59.964|walker_med=83.967|walker_max=98.743
STEP|n=137700000|unique=4575294|accepted=23715995|rate=107916.9/s|walker_min=55.552|walker_med=89.536|walker_max=99.181
STEP|n=137800000|unique=4577389|accepted=23718090|rate=107926.6/s|walker_min=59.453|walker_med=91.156|walker_max=98.663
STEP|n=137900000|unique=4579275|accepted=23719976|rate=107935.1/s|walker_min=65.473|walker_med=93.474|walker_max=98.899
STEP|n=138000000|unique=4581211|accepted=23721912|rate=107943.6/s|walker_min=53.914|walker_med=90.375|walker_max=99.060
STEP|n=138100000|unique=4583160|accepted=23723861|rate=107953.9/s|walker_min=62.654|walker_med=92.216|walker_max=99.223
STEP|n=138200000|unique=4585090|accepted=23725791|rate=107964.3/s|walker_min=43.707|walker_med=89.428|walker_max=99.232
STEP|n=138300000|unique=4587089|accepted=23727790|rate=107974.8/s|walker_min=60.960|walker_med=90.829|walker_max=98.860
STEP|n=138400000|unique=4588988|accepted=23729689|rate=107983.0/s|walker_min=53.369|walker_med=86.414|walker_max=98.920
STEP|n=138500000|unique=4590983|accepted=23731684|rate=107991.6/s|walker_min=67.183|walker_med=89.232|walker_max=99.168
STEP|n=138600000|unique=4592908|accepted=23733609|rate=108000.0/s|walker_min=51.652|walker_med=91.196|walker_max=99.251
STEP|n=138700000|unique=4594980|accepted=23735681|rate=108009.8/s|walker_min=55.357|walker_med=91.039|walker_max=99.075
STEP|n=138800000|unique=4597050|accepted=23737751|rate=108019.2/s|walker_min=61.101|walker_med=90.538|walker_max=98.976
STEP|n=138900000|unique=4599125|accepted=23739826|rate=108027.1/s|walker_min=34.691|walker_med=86.233|walker_max=99.018
STEP|n=139000000|unique=4601232|accepted=23741933|rate=108031.3/s|walker_min=31.869|walker_med=76.561|walker_max=96.892
STEP|n=139100000|unique=4603371|accepted=23744072|rate=108035.2/s|walker_min=40.336|walker_med=79.545|walker_max=98.891
STEP|n=139200000|unique=4605386|accepted=23746087|rate=108043.0/s|walker_min=60.353|walker_med=89.135|walker_max=99.106
STEP|n=139300000|unique=4607401|accepted=23748102|rate=108052.7/s|walker_min=64.003|walker_med=90.355|walker_max=99.075
STEP|n=139400000|unique=4609351|accepted=23750052|rate=108062.7/s|walker_min=70.293|walker_med=89.581|walker_max=98.902
STEP|n=139500000|unique=4611232|accepted=23751933|rate=108071.5/s|walker_min=63.446|walker_med=91.341|walker_max=99.205
STEP|n=139600000|unique=4613158|accepted=23753859|rate=108079.2/s|walker_min=64.626|walker_med=90.720|walker_max=98.970
STEP|n=139700000|unique=4615137|accepted=23755838|rate=108087.9/s|walker_min=71.104|walker_med=88.828|walker_max=98.226
STEP|n=139800000|unique=4617005|accepted=23757706|rate=108098.3/s|walker_min=66.847|walker_med=91.701|walker_max=99.112
STEP|n=139900000|unique=4618989|accepted=23759690|rate=108107.6/s|walker_min=64.528|walker_med=93.494|walker_max=99.039
STEP|n=140000000|unique=4620941|accepted=23761642|rate=108116.1/s|walker_min=55.132|walker_med=92.287|walker_max=98.924
STEP|n=140100000|unique=4622754|accepted=23763455|rate=108126.7/s|walker_min=56.766|walker_med=90.092|walker_max=99.075
STEP|n=140200000|unique=4624703|accepted=23765404|rate=108137.3/s|walker_min=64.968|walker_med=89.865|walker_max=98.096
STEP|n=140300000|unique=4626583|accepted=23767284|rate=108147.2/s|walker_min=73.342|walker_med=91.086|walker_max=99.202
STEP|n=140400000|unique=4628434|accepted=23769135|rate=108155.4/s|walker_min=63.767|walker_med=89.684|walker_max=98.226
STEP|n=140500000|unique=4630388|accepted=23771089|rate=108163.8/s|walker_min=74.424|walker_med=90.312|walker_max=98.899
STEP|n=140600000|unique=4632356|accepted=23773057|rate=108172.6/s|walker_min=63.150|walker_med=91.244|walker_max=99.186
STEP|n=140700000|unique=4634306|accepted=23775007|rate=108182.2/s|walker_min=63.791|walker_med=85.228|walker_max=99.118
STEP|n=140800000|unique=4636249|accepted=23776950|rate=108191.4/s|walker_min=56.017|walker_med=86.725|walker_max=98.741
STEP|n=140900000|unique=4638238|accepted=23778939|rate=108198.0/s|walker_min=50.436|walker_med=81.137|walker_max=97.874
STEP|n=141000000|unique=4640438|accepted=23781139|rate=108202.3/s|walker_min=31.871|walker_med=71.908|walker_max=98.027
STEP|n=141100000|unique=4642395|accepted=23783096|rate=108206.0/s|walker_min=43.460|walker_med=86.199|walker_max=99.154
STEP|n=141200000|unique=4644313|accepted=23785014|rate=108211.7/s|walker_min=64.652|walker_med=87.933|walker_max=99.177
STEP|n=141300000|unique=4646281|accepted=23786982|rate=108218.7/s|walker_min=46.878|walker_med=88.567|walker_max=99.089
STEP|n=141400000|unique=4648114|accepted=23788815|rate=108226.8/s|walker_min=61.617|walker_med=88.264|walker_max=98.950
STEP|n=141500000|unique=4650008|accepted=23790709|rate=108236.3/s|walker_min=55.452|walker_med=89.369|walker_max=97.994
STEP|n=141600000|unique=4651886|accepted=23792587|rate=108245.4/s|walker_min=60.890|walker_med=92.006|walker_max=99.080
STEP|n=141700000|unique=4653696|accepted=23794397|rate=108254.8/s|walker_min=62.913|walker_med=90.123|walker_max=99.096
STEP|n=141800000|unique=4655627|accepted=23796328|rate=108262.9/s|walker_min=65.334|walker_med=91.860|walker_max=98.747
STEP|n=141900000|unique=4657421|accepted=23798122|rate=108271.3/s|walker_min=71.017|walker_med=93.118|walker_max=98.731
STEP|n=142000000|unique=4659143|accepted=23799844|rate=108280.2/s|walker_min=65.450|walker_med=90.803|walker_max=99.129
STEP|n=142100000|unique=4660904|accepted=23801605|rate=108290.0/s|walker_min=73.448|walker_med=93.287|walker_max=99.246
STEP|n=142200000|unique=4662638|accepted=23803339|rate=108299.6/s|walker_min=65.464|walker_med=90.612|walker_max=99.237
STEP|n=142300000|unique=4664535|accepted=23805236|rate=108308.1/s|walker_min=58.078|walker_med=94.258|walker_max=99.215
STEP|n=142400000|unique=4666439|accepted=23807140|rate=108308.4/s|walker_min=59.967|walker_med=87.866|walker_max=99.124
STEP|n=142500000|unique=4668389|accepted=23809090|rate=108316.6/s|walker_min=64.152|walker_med=93.910|walker_max=99.091
STEP|n=142600000|unique=4670397|accepted=23811098|rate=108326.1/s|walker_min=60.234|walker_med=91.762|walker_max=99.078
STEP|n=142700000|unique=4672274|accepted=23812975|rate=108335.3/s|walker_min=58.565|walker_med=91.639|walker_max=97.952
STEP|n=142800000|unique=4674184|accepted=23814885|rate=108343.5/s|walker_min=49.152|walker_med=83.831|walker_max=98.974
STEP|n=142900000|unique=4676166|accepted=23816867|rate=108349.5/s|walker_min=55.859|walker_med=83.791|walker_max=98.903
STEP|n=143000000|unique=4678164|accepted=23818865|rate=108353.3/s|walker_min=31.522|walker_med=74.496|walker_max=93.552
STEP|n=143100000|unique=4680156|accepted=23820857|rate=108356.9/s|walker_min=53.381|walker_med=87.110|walker_max=98.561
STEP|n=143200000|unique=4682079|accepted=23822780|rate=108362.7/s|walker_min=49.088|walker_med=87.163|walker_max=97.302
STEP|n=143300000|unique=4683996|accepted=23824697|rate=108369.4/s|walker_min=45.266|walker_med=92.662|walker_max=98.573
STEP|n=143400000|unique=4685852|accepted=23826553|rate=108377.7/s|walker_min=64.405|walker_med=87.817|walker_max=99.204
STEP|n=143500000|unique=4687693|accepted=23828394|rate=108386.4/s|walker_min=47.482|walker_med=92.045|walker_max=99.122
STEP|n=143600000|unique=4689531|accepted=23830232|rate=108395.5/s|walker_min=61.120|walker_med=92.241|walker_max=99.235
STEP|n=143700000|unique=4691322|accepted=23832023|rate=108403.5/s|walker_min=69.034|walker_med=91.525|walker_max=99.200
STEP|n=143800000|unique=4693258|accepted=23833959|rate=108411.0/s|walker_min=70.290|walker_med=95.312|walker_max=99.050
STEP|n=143900000|unique=4694981|accepted=23835682|rate=108419.2/s|walker_min=66.841|walker_med=90.558|walker_max=99.219
STEP|n=144000000|unique=4696661|accepted=23837362|rate=108428.9/s|walker_min=67.668|walker_med=91.653|walker_max=99.240
STEP|n=144100000|unique=4698422|accepted=23839123|rate=108438.1/s|walker_min=51.386|walker_med=88.193|walker_max=98.843
STEP|n=144200000|unique=4700355|accepted=23841056|rate=108446.7/s|walker_min=46.820|walker_med=88.046|walker_max=98.433
STEP|n=144300000|unique=4702252|accepted=23842953|rate=108456.7/s|walker_min=76.104|walker_med=91.797|walker_max=99.256
STEP|n=144400000|unique=4703931|accepted=23844632|rate=108466.6/s|walker_min=51.144|walker_med=92.460|walker_max=98.915
STEP|n=144500000|unique=4705784|accepted=23846485|rate=108475.8/s|walker_min=62.533|walker_med=92.693|walker_max=98.871
STEP|n=144600000|unique=4707484|accepted=23848185|rate=108483.3/s|walker_min=42.389|walker_med=91.669|walker_max=98.853
STEP|n=144700000|unique=4709287|accepted=23849988|rate=108490.3/s|walker_min=62.523|walker_med=89.984|walker_max=98.984
STEP|n=144800000|unique=4711073|accepted=23851774|rate=108498.6/s|walker_min=64.392|walker_med=85.653|walker_max=98.800
STEP|n=144900000|unique=4713147|accepted=23853848|rate=108507.5/s|walker_min=45.725|walker_med=84.844|walker_max=98.077
STEP|n=145000000|unique=4715003|accepted=23855704|rate=108513.9/s|walker_min=38.435|walker_med=71.102|walker_max=93.859
STEP|n=145100000|unique=4716895|accepted=23857596|rate=108519.9/s|walker_min=48.383|walker_med=79.773|walker_max=98.345
STEP|n=145200000|unique=4718726|accepted=23859427|rate=108527.1/s|walker_min=55.863|walker_med=87.876|walker_max=99.071
STEP|n=145300000|unique=4720620|accepted=23861321|rate=108536.2/s|walker_min=58.529|walker_med=91.544|walker_max=98.939
STEP|n=145400000|unique=4722378|accepted=23863079|rate=108546.0/s|walker_min=58.550|walker_med=85.556|walker_max=99.111
STEP|n=145500000|unique=4724193|accepted=23864894|rate=108556.1/s|walker_min=59.062|walker_med=87.477|walker_max=98.017
STEP|n=145600000|unique=4725926|accepted=23866627|rate=108566.2/s|walker_min=64.893|walker_med=87.627|walker_max=98.689
STEP|n=145700000|unique=4727577|accepted=23868278|rate=108576.0/s|walker_min=59.052|walker_med=89.043|walker_max=99.182
STEP|n=145800000|unique=4729414|accepted=23870115|rate=108586.0/s|walker_min=75.592|walker_med=93.444|walker_max=99.013
STEP|n=145900000|unique=4731234|accepted=23871935|rate=108596.4/s|walker_min=60.379|walker_med=90.832|walker_max=99.226
STEP|n=146000000|unique=4732869|accepted=23873570|rate=108607.3/s|walker_min=62.717|walker_med=92.282|walker_max=98.381
STEP|n=146100000|unique=4734625|accepted=23875326|rate=108618.3/s|walker_min=74.835|walker_med=91.809|walker_max=99.084
STEP|n=146200000|unique=4736312|accepted=23877013|rate=108628.5/s|walker_min=71.629|walker_med=89.879|walker_max=99.249
STEP|n=146300000|unique=4738007|accepted=23878708|rate=108636.5/s|walker_min=63.883|walker_med=88.720|walker_max=99.250
STEP|n=146400000|unique=4739763|accepted=23880464|rate=108644.2/s|walker_min=46.023|walker_med=92.165|walker_max=99.047
STEP|n=146500000|unique=4741414|accepted=23882115|rate=108652.7/s|walker_min=58.658|walker_med=90.486|walker_max=98.762
STEP|n=146600000|unique=4743144|accepted=23883845|rate=108662.0/s|walker_min=62.896|walker_med=88.264|walker_max=98.866
STEP|n=146700000|unique=4744828|accepted=23885529|rate=108671.3/s|walker_min=59.278|walker_med=87.428|walker_max=99.221
STEP|n=146800000|unique=4746717|accepted=23887418|rate=108678.7/s|walker_min=67.497|walker_med=89.856|walker_max=99.096
STEP|n=146900000|unique=4748709|accepted=23889410|rate=108685.2/s|walker_min=57.343|walker_med=85.873|walker_max=99.074
STEP|n=147000000|unique=4750497|accepted=23891198|rate=108689.1/s|walker_min=25.481|walker_med=70.538|walker_max=98.728
STEP|n=147100000|unique=4752265|accepted=23892966|rate=108694.5/s|walker_min=58.500|walker_med=87.341|walker_max=99.047
STEP|n=147200000|unique=4753894|accepted=23894595|rate=108701.9/s|walker_min=68.357|walker_med=86.595|walker_max=99.095
STEP|n=147300000|unique=4755609|accepted=23896310|rate=108711.0/s|walker_min=47.721|walker_med=85.214|walker_max=98.967
STEP|n=147400000|unique=4757359|accepted=23898060|rate=108719.9/s|walker_min=45.869|walker_med=87.439|walker_max=97.669
STEP|n=147500000|unique=4759100|accepted=23899801|rate=108729.3/s|walker_min=60.537|walker_med=90.245|walker_max=98.999
STEP|n=147600000|unique=4760853|accepted=23901554|rate=108739.2/s|walker_min=75.013|walker_med=92.911|walker_max=99.066
STEP|n=147700000|unique=4762598|accepted=23903299|rate=108749.3/s|walker_min=59.889|walker_med=91.835|walker_max=99.210
STEP|n=147800000|unique=4764334|accepted=23905035|rate=108759.7/s|walker_min=61.233|walker_med=91.005|walker_max=98.961
STEP|n=147900000|unique=4765943|accepted=23906644|rate=108769.8/s|walker_min=42.840|walker_med=93.377|walker_max=98.668
STEP|n=148000000|unique=4767567|accepted=23908268|rate=108779.6/s|walker_min=60.860|walker_med=92.559|walker_max=99.105
STEP|n=148100000|unique=4769252|accepted=23909953|rate=108789.4/s|walker_min=68.581|walker_med=91.883|walker_max=98.908
STEP|n=148200000|unique=4770829|accepted=23911530|rate=108799.4/s|walker_min=61.052|walker_med=91.300|walker_max=98.430
STEP|n=148300000|unique=4772476|accepted=23913177|rate=108810.6/s|walker_min=71.462|walker_med=92.976|walker_max=98.894
STEP|n=148400000|unique=4774148|accepted=23914849|rate=108821.3/s|walker_min=49.591|walker_med=88.917|walker_max=97.770
STEP|n=148500000|unique=4775818|accepted=23916519|rate=108830.4/s|walker_min=61.509|walker_med=86.266|walker_max=98.943
STEP|n=148600000|unique=4777474|accepted=23918175|rate=108838.0/s|walker_min=56.476|walker_med=90.865|walker_max=99.181
STEP|n=148700000|unique=4779265|accepted=23919966|rate=108845.4/s|walker_min=57.505|walker_med=86.356|walker_max=98.831
STEP|n=148800000|unique=4781109|accepted=23921810|rate=108854.6/s|walker_min=67.338|walker_med=92.018|walker_max=99.099
STEP|n=148900000|unique=4782763|accepted=23923464|rate=108863.7/s|walker_min=44.517|walker_med=84.581|walker_max=99.182
STEP|n=149000000|unique=4784453|accepted=23925154|rate=108869.9/s|walker_min=43.505|walker_med=74.216|walker_max=97.970
STEP|n=149100000|unique=4786089|accepted=23926790|rate=108873.7/s|walker_min=53.905|walker_med=83.068|walker_max=98.663
STEP|n=149200000|unique=4787792|accepted=23928493|rate=108878.7/s|walker_min=53.625|walker_med=89.345|walker_max=98.583
STEP|n=149300000|unique=4789545|accepted=23930246|rate=108886.0/s|walker_min=52.267|walker_med=91.079|walker_max=99.150
STEP|n=149400000|unique=4791394|accepted=23932095|rate=108896.0/s|walker_min=53.168|walker_med=90.198|walker_max=99.115
STEP|n=149500000|unique=4793056|accepted=23933757|rate=108906.1/s|walker_min=55.165|walker_med=86.969|walker_max=98.265
STEP|n=149600000|unique=4794583|accepted=23935284|rate=108915.5/s|walker_min=60.940|walker_med=90.963|walker_max=99.207
STEP|n=149700000|unique=4796368|accepted=23937069|rate=108923.3/s|walker_min=60.484|walker_med=90.653|walker_max=99.179
STEP|n=149800000|unique=4797945|accepted=23938646|rate=108930.8/s|walker_min=34.632|walker_med=92.503|walker_max=99.080
STEP|n=149900000|unique=4799558|accepted=23940259|rate=108939.6/s|walker_min=63.137|walker_med=92.431|walker_max=99.130
STEP|n=150000000|unique=4801170|accepted=23941871|rate=108942.6/s|walker_min=74.210|walker_med=92.135|walker_max=99.223
CHECKPOINT|step=150000000|unique=4801170|saved=3000000|min=25.4807|max=93.9815
STEP|n=150100000|unique=4802705|accepted=23943406|rate=108443.2/s|walker_min=64.420|walker_med=92.086|walker_max=98.785
STEP|n=150200000|unique=4804291|accepted=23944992|rate=108443.0/s|walker_min=67.110|walker_med=92.812|walker_max=98.874
STEP|n=150300000|unique=4805862|accepted=23946563|rate=108449.7/s|walker_min=55.651|walker_med=87.767|walker_max=98.456
STEP|n=150400000|unique=4807493|accepted=23948194|rate=108456.8/s|walker_min=64.040|walker_med=91.579|walker_max=99.045
STEP|n=150500000|unique=4809132|accepted=23949833|rate=108464.3/s|walker_min=56.464|walker_med=88.423|walker_max=98.812
STEP|n=150600000|unique=4810888|accepted=23951589|rate=108472.1/s|walker_min=59.087|walker_med=89.968|walker_max=99.146
STEP|n=150700000|unique=4812513|accepted=23953214|rate=108478.6/s|walker_min=46.779|walker_med=88.987|walker_max=99.218
STEP|n=150800000|unique=4814201|accepted=23954902|rate=108485.1/s|walker_min=66.011|walker_med=88.188|walker_max=98.229
STEP|n=150900000|unique=4815945|accepted=23956646|rate=108490.2/s|walker_min=55.728|walker_med=86.902|walker_max=98.930
STEP|n=151000000|unique=4817568|accepted=23958269|rate=108493.8/s|walker_min=51.989|walker_med=73.632|walker_max=94.547
STEP|n=151100000|unique=4819261|accepted=23959962|rate=108496.6/s|walker_min=45.315|walker_med=79.956|walker_max=99.073
STEP|n=151200000|unique=4820947|accepted=23961648|rate=108501.6/s|walker_min=45.610|walker_med=86.938|walker_max=98.461
STEP|n=151300000|unique=4822666|accepted=23963367|rate=108507.6/s|walker_min=52.660|walker_med=87.170|walker_max=97.384
STEP|n=151400000|unique=4824248|accepted=23964949|rate=108514.2/s|walker_min=60.133|walker_med=88.575|walker_max=99.071
STEP|n=151500000|unique=4825826|accepted=23966527|rate=108521.1/s|walker_min=65.057|walker_med=89.814|walker_max=98.174
STEP|n=151600000|unique=4827447|accepted=23968148|rate=108528.2/s|walker_min=55.833|walker_med=91.150|walker_max=98.672
STEP|n=151700000|unique=4829014|accepted=23969715|rate=108536.0/s|walker_min=68.796|walker_med=90.059|walker_max=97.862
STEP|n=151800000|unique=4830465|accepted=23971166|rate=108543.7/s|walker_min=51.438|walker_med=89.481|walker_max=98.283
STEP|n=151900000|unique=4832074|accepted=23972775|rate=108551.2/s|walker_min=64.976|walker_med=84.995|walker_max=99.134
STEP|n=152000000|unique=4833553|accepted=23974254|rate=108558.3/s|walker_min=48.841|walker_med=92.719|walker_max=99.257
STEP|n=152100000|unique=4835141|accepted=23975842|rate=108565.9/s|walker_min=56.394|walker_med=92.242|walker_max=99.076
STEP|n=152200000|unique=4836602|accepted=23977303|rate=108573.7/s|walker_min=66.116|walker_med=91.182|walker_max=99.121
STEP|n=152300000|unique=4838208|accepted=23978909|rate=108581.3/s|walker_min=65.733|walker_med=91.888|walker_max=98.543
STEP|n=152400000|unique=4839794|accepted=23980495|rate=108589.0/s|walker_min=73.050|walker_med=87.602|walker_max=97.276
STEP|n=152500000|unique=4841467|accepted=23982168|rate=108595.7/s|walker_min=53.864|walker_med=90.426|walker_max=98.051
STEP|n=152600000|unique=4843111|accepted=23983812|rate=108602.2/s|walker_min=63.077|walker_med=91.512|walker_max=99.129
STEP|n=152700000|unique=4844762|accepted=23985463|rate=108608.8/s|walker_min=47.854|walker_med=91.023|walker_max=99.160
STEP|n=152800000|unique=4846290|accepted=23986991|rate=108614.9/s|walker_min=48.891|walker_med=84.115|walker_max=98.505
STEP|n=152900000|unique=4847938|accepted=23988639|rate=108620.5/s|walker_min=46.498|walker_med=84.749|walker_max=99.185
STEP|n=153000000|unique=4849709|accepted=23990410|rate=108624.2/s|walker_min=44.290|walker_med=76.197|walker_max=97.493
STEP|n=153100000|unique=4851313|accepted=23992014|rate=108627.1/s|walker_min=41.262|walker_med=86.230|walker_max=99.075
STEP|n=153200000|unique=4853090|accepted=23993791|rate=108632.7/s|walker_min=59.615|walker_med=88.954|walker_max=98.543
STEP|n=153300000|unique=4854687|accepted=23995388|rate=108639.0/s|walker_min=54.141|walker_med=93.190|walker_max=98.720
STEP|n=153400000|unique=4856314|accepted=23997015|rate=108645.9/s|walker_min=55.438|walker_med=90.142|walker_max=98.879
STEP|n=153500000|unique=4857793|accepted=23998494|rate=108652.8/s|walker_min=55.642|walker_med=90.721|walker_max=98.980
STEP|n=153600000|unique=4859316|accepted=24000017|rate=108659.6/s|walker_min=66.487|walker_med=91.614|walker_max=98.913
STEP|n=153700000|unique=4860844|accepted=24001545|rate=108665.8/s|walker_min=58.612|walker_med=91.237|walker_max=99.083
STEP|n=153800000|unique=4862552|accepted=24003253|rate=108673.3/s|walker_min=58.015|walker_med=90.791|walker_max=98.331
STEP|n=153900000|unique=4864088|accepted=24004789|rate=108681.2/s|walker_min=48.132|walker_med=91.880|walker_max=99.182
STEP|n=154000000|unique=4865527|accepted=24006228|rate=108689.1/s|walker_min=63.435|walker_med=92.494|walker_max=98.658
STEP|n=154100000|unique=4866999|accepted=24007700|rate=108696.0/s|walker_min=70.156|walker_med=92.869|walker_max=98.945
STEP|n=154200000|unique=4868492|accepted=24009193|rate=108702.4/s|walker_min=74.367|walker_med=91.401|walker_max=98.776
STEP|n=154300000|unique=4870014|accepted=24010715|rate=108709.6/s|walker_min=68.120|walker_med=93.932|walker_max=99.053
STEP|n=154400000|unique=4871507|accepted=24012208|rate=108717.0/s|walker_min=77.954|walker_med=90.614|walker_max=97.822
STEP|n=154500000|unique=4873052|accepted=24013753|rate=108724.6/s|walker_min=58.013|walker_med=88.512|walker_max=98.422
STEP|n=154600000|unique=4874578|accepted=24015279|rate=108731.6/s|walker_min=53.648|walker_med=87.155|walker_max=97.236
STEP|n=154700000|unique=4876243|accepted=24016944|rate=108737.8/s|walker_min=54.269|walker_med=92.905|walker_max=99.194
STEP|n=154800000|unique=4878020|accepted=24018721|rate=108744.0/s|walker_min=57.103|walker_med=90.072|walker_max=98.580
STEP|n=154900000|unique=4879662|accepted=24020363|rate=108749.6/s|walker_min=48.760|walker_med=86.586|walker_max=98.906
STEP|n=155000000|unique=4881278|accepted=24021979|rate=108753.9/s|walker_min=45.219|walker_med=69.263|walker_max=98.935
STEP|n=155100000|unique=4882759|accepted=24023460|rate=108757.0/s|walker_min=60.718|walker_med=80.166|walker_max=98.883
STEP|n=155200000|unique=4884358|accepted=24025059|rate=108762.0/s|walker_min=57.856|walker_med=91.060|walker_max=99.218
STEP|n=155300000|unique=4886048|accepted=24026749|rate=108768.2/s|walker_min=67.812|walker_med=89.306|walker_max=99.065
STEP|n=155400000|unique=4887652|accepted=24028353|rate=108774.5/s|walker_min=64.923|walker_med=89.598|walker_max=99.223
STEP|n=155500000|unique=4889164|accepted=24029865|rate=108781.8/s|walker_min=57.071|walker_med=87.897|walker_max=98.893
STEP|n=155600000|unique=4890665|accepted=24031366|rate=108789.2/s|walker_min=57.253|walker_med=85.828|walker_max=98.229
STEP|n=155700000|unique=4892118|accepted=24032819|rate=108796.2/s|walker_min=31.257|walker_med=89.454|walker_max=98.899
STEP|n=155800000|unique=4893608|accepted=24034309|rate=108803.1/s|walker_min=49.592|walker_med=93.586|walker_max=99.111
STEP|n=155900000|unique=4895086|accepted=24035787|rate=108809.9/s|walker_min=64.673|walker_med=92.896|walker_max=99.073
STEP|n=156000000|unique=4896585|accepted=24037286|rate=108817.1/s|walker_min=65.681|walker_med=92.490|walker_max=98.887
STEP|n=156100000|unique=4898251|accepted=24038952|rate=108825.0/s|walker_min=59.251|walker_med=91.983|walker_max=99.175
STEP|n=156200000|unique=4899680|accepted=24040381|rate=108832.5/s|walker_min=72.019|walker_med=93.207|walker_max=99.016
STEP|n=156300000|unique=4901134|accepted=24041835|rate=108839.5/s|walker_min=71.519|walker_med=94.971|walker_max=99.254
STEP|n=156400000|unique=4902564|accepted=24043265|rate=108846.4/s|walker_min=57.351|walker_med=87.279|walker_max=98.353
STEP|n=156500000|unique=4904035|accepted=24044736|rate=108853.2/s|walker_min=60.418|walker_med=91.098|walker_max=98.887
STEP|n=156600000|unique=4905525|accepted=24046226|rate=108860.2/s|walker_min=56.775|walker_med=90.495|walker_max=98.059
STEP|n=156700000|unique=4906944|accepted=24047645|rate=108866.7/s|walker_min=56.137|walker_med=88.155|walker_max=98.942
STEP|n=156800000|unique=4908413|accepted=24049114|rate=108872.4/s|walker_min=57.615|walker_med=81.692|walker_max=98.158
STEP|n=156900000|unique=4909914|accepted=24050615|rate=108877.5/s|walker_min=37.427|walker_med=86.546|walker_max=98.301
STEP|n=157000000|unique=4911365|accepted=24052066|rate=108872.9/s|walker_min=35.564|walker_med=79.577|walker_max=99.050
STEP|n=157100000|unique=4912756|accepted=24053457|rate=108876.2/s|walker_min=49.301|walker_med=83.097|walker_max=95.915
STEP|n=157200000|unique=4914232|accepted=24054933|rate=108881.8/s|walker_min=49.567|walker_med=88.759|walker_max=98.929
STEP|n=157300000|unique=4915852|accepted=24056553|rate=108887.6/s|walker_min=42.587|walker_med=85.800|walker_max=99.014
STEP|n=157400000|unique=4917428|accepted=24058129|rate=108894.2/s|walker_min=61.625|walker_med=89.975|walker_max=98.948
STEP|n=157500000|unique=4918928|accepted=24059629|rate=108901.3/s|walker_min=65.251|walker_med=92.549|walker_max=98.864
STEP|n=157600000|unique=4920357|accepted=24061058|rate=108908.6/s|walker_min=67.597|walker_med=92.855|walker_max=99.196
STEP|n=157700000|unique=4921875|accepted=24062576|rate=108915.2/s|walker_min=62.489|walker_med=88.539|walker_max=98.291
STEP|n=157800000|unique=4923254|accepted=24063955|rate=108922.5/s|walker_min=50.076|walker_med=92.180|walker_max=99.024
STEP|n=157900000|unique=4924613|accepted=24065314|rate=108929.2/s|walker_min=72.623|walker_med=92.548|walker_max=99.161
STEP|n=158000000|unique=4925972|accepted=24066673|rate=108936.2/s|walker_min=69.367|walker_med=89.087|walker_max=98.572
STEP|n=158100000|unique=4927343|accepted=24068044|rate=108943.6/s|walker_min=68.022|walker_med=93.195|walker_max=99.146
STEP|n=158200000|unique=4928835|accepted=24069536|rate=108950.4/s|walker_min=66.563|walker_med=90.790|walker_max=98.646
STEP|n=158300000|unique=4930314|accepted=24071015|rate=108957.1/s|walker_min=65.749|walker_med=91.474|walker_max=99.219
STEP|n=158400000|unique=4931767|accepted=24072468|rate=108963.8/s|walker_min=51.459|walker_med=86.835|walker_max=99.190
STEP|n=158500000|unique=4933228|accepted=24073929|rate=108970.8/s|walker_min=51.800|walker_med=91.874|walker_max=99.259
STEP|n=158600000|unique=4934602|accepted=24075303|rate=108977.3/s|walker_min=52.549|walker_med=89.855|walker_max=97.146
STEP|n=158700000|unique=4936019|accepted=24076720|rate=108983.1/s|walker_min=41.566|walker_med=85.396|walker_max=98.168
STEP|n=158800000|unique=4937552|accepted=24078253|rate=108980.5/s|walker_min=47.588|walker_med=88.712|walker_max=99.138
STEP|n=158900000|unique=4939074|accepted=24079775|rate=108985.4/s|walker_min=47.116|walker_med=80.959|walker_max=99.142
STEP|n=159000000|unique=4940654|accepted=24081355|rate=108989.4/s|walker_min=32.722|walker_med=79.802|walker_max=97.596
STEP|n=159100000|unique=4942272|accepted=24082973|rate=108992.8/s|walker_min=36.337|walker_med=80.718|walker_max=97.274
STEP|n=159200000|unique=4943859|accepted=24084560|rate=108998.1/s|walker_min=38.703|walker_med=91.399|walker_max=98.079
STEP|n=159300000|unique=4945287|accepted=24085988|rate=109003.5/s|walker_min=65.763|walker_med=91.126|walker_max=98.854
STEP|n=159400000|unique=4946715|accepted=24087416|rate=109009.5/s|walker_min=50.278|walker_med=88.905|walker_max=99.110
STEP|n=159500000|unique=4948102|accepted=24088803|rate=109016.1/s|walker_min=64.152|walker_med=92.909|walker_max=99.153
STEP|n=159600000|unique=4949498|accepted=24090199|rate=109023.1/s|walker_min=66.752|walker_med=91.050|walker_max=99.065
STEP|n=159700000|unique=4950908|accepted=24091609|rate=109029.7/s|walker_min=67.334|walker_med=91.773|walker_max=99.226
STEP|n=159800000|unique=4952268|accepted=24092969|rate=109036.7/s|walker_min=61.330|walker_med=90.802|walker_max=98.983
STEP|n=159900000|unique=4953680|accepted=24094381|rate=109043.6/s|walker_min=59.660|walker_med=90.561|walker_max=98.918
STEP|n=160000000|unique=4955050|accepted=24095751|rate=109050.4/s|walker_min=73.541|walker_med=92.446|walker_max=98.784
STEP|n=160100000|unique=4956474|accepted=24097175|rate=109057.8/s|walker_min=60.967|walker_med=91.360|walker_max=99.192
STEP|n=160200000|unique=4957845|accepted=24098546|rate=109064.2/s|walker_min=73.568|walker_med=92.454|walker_max=99.159
STEP|n=160300000|unique=4959217|accepted=24099918|rate=109070.9/s|walker_min=63.680|walker_med=90.832|walker_max=98.993
STEP|n=160400000|unique=4960588|accepted=24101289|rate=109077.6/s|walker_min=45.640|walker_med=88.787|walker_max=99.228
STEP|n=160500000|unique=4961881|accepted=24102582|rate=109083.8/s|walker_min=64.931|walker_med=91.561|walker_max=98.719
STEP|n=160600000|unique=4963273|accepted=24103974|rate=109089.9/s|walker_min=52.955|walker_med=90.202|walker_max=99.174
STEP|n=160700000|unique=4964594|accepted=24105295|rate=109096.1/s|walker_min=56.864|walker_med=87.594|walker_max=98.999
STEP|n=160800000|unique=4966068|accepted=24106769|rate=109101.8/s|walker_min=62.836|walker_med=92.360|walker_max=98.792
STEP|n=160900000|unique=4967412|accepted=24108113|rate=109106.5/s|walker_min=55.456|walker_med=83.490|walker_max=96.539
STEP|n=161000000|unique=4968764|accepted=24109465|rate=109110.0/s|walker_min=29.858|walker_med=76.903|walker_max=96.084
STEP|n=161100000|unique=4970065|accepted=24110766|rate=109113.0/s|walker_min=41.200|walker_med=85.478|walker_max=98.265
STEP|n=161200000|unique=4971354|accepted=24112055|rate=109117.2/s|walker_min=46.026|walker_med=84.446|walker_max=98.586
STEP|n=161300000|unique=4972807|accepted=24113508|rate=109122.8/s|walker_min=65.076|walker_med=92.966|walker_max=99.111
STEP|n=161400000|unique=4974168|accepted=24114869|rate=109128.9/s|walker_min=48.969|walker_med=91.581|walker_max=99.089
STEP|n=161500000|unique=4975551|accepted=24116252|rate=109135.6/s|walker_min=41.275|walker_med=87.042|walker_max=99.188
STEP|n=161600000|unique=4976876|accepted=24117577|rate=109142.2/s|walker_min=66.323|walker_med=92.185|walker_max=99.083
STEP|n=161700000|unique=4978187|accepted=24118888|rate=109148.7/s|walker_min=55.793|walker_med=90.542|walker_max=99.116
STEP|n=161800000|unique=4979705|accepted=24120406|rate=109155.9/s|walker_min=70.572|walker_med=93.067|walker_max=99.248
STEP|n=161900000|unique=4981122|accepted=24121823|rate=109162.6/s|walker_min=55.833|walker_med=92.907|walker_max=98.904
STEP|n=162000000|unique=4982361|accepted=24123062|rate=109169.7/s|walker_min=71.049|walker_med=91.689|walker_max=97.755
STEP|n=162100000|unique=4983723|accepted=24124424|rate=109176.7/s|walker_min=60.448|walker_med=91.273|walker_max=99.005
STEP|n=162200000|unique=4985010|accepted=24125711|rate=109183.7/s|walker_min=56.419|walker_med=89.433|walker_max=98.677
STEP|n=162300000|unique=4986369|accepted=24127070|rate=109189.7/s|walker_min=50.149|walker_med=91.369|walker_max=98.974
STEP|n=162400000|unique=4987710|accepted=24128411|rate=109196.0/s|walker_min=75.144|walker_med=91.032|walker_max=99.022
STEP|n=162500000|unique=4989057|accepted=24129758|rate=109202.6/s|walker_min=62.280|walker_med=90.221|walker_max=98.691
STEP|n=162600000|unique=4990512|accepted=24131213|rate=109209.8/s|walker_min=67.981|walker_med=88.930|walker_max=99.133
STEP|n=162700000|unique=4992013|accepted=24132714|rate=109216.5/s|walker_min=34.554|walker_med=90.173|walker_max=98.838
STEP|n=162800000|unique=4993507|accepted=24134208|rate=109222.5/s|walker_min=64.790|walker_med=88.873|walker_max=98.991
STEP|n=162900000|unique=4994897|accepted=24135598|rate=109226.4/s|walker_min=46.503|walker_med=85.101|walker_max=97.590
STEP|n=163000000|unique=4996247|accepted=24136948|rate=109228.9/s|walker_min=39.589|walker_med=70.422|walker_max=98.630
STEP|n=163100000|unique=4997562|accepted=24138263|rate=109231.4/s|walker_min=42.745|walker_med=80.107|walker_max=96.339
STEP|n=163200000|unique=4998897|accepted=24139598|rate=109236.5/s|walker_min=50.998|walker_med=82.881|walker_max=98.913
STEP|n=163300000|unique=5000347|accepted=24141048|rate=109242.5/s|walker_min=64.317|walker_med=91.541|walker_max=99.087
STEP|n=163400000|unique=5001818|accepted=24142519|rate=109248.1/s|walker_min=71.553|walker_med=92.790|walker_max=98.662
STEP|n=163500000|unique=5003234|accepted=24143935|rate=109254.6/s|walker_min=74.216|walker_med=90.214|walker_max=98.559
STEP|n=163600000|unique=5004487|accepted=24145188|rate=109261.2/s|walker_min=60.444|walker_med=87.223|walker_max=98.305
STEP|n=163700000|unique=5005855|accepted=24146556|rate=109268.3/s|walker_min=71.365|walker_med=93.841|walker_max=98.604
STEP|n=163800000|unique=5007180|accepted=24147881|rate=109275.3/s|walker_min=49.719|walker_med=92.192|walker_max=98.902
STEP|n=163900000|unique=5008474|accepted=24149175|rate=109282.4/s|walker_min=65.971|walker_med=93.677|walker_max=99.173
STEP|n=164000000|unique=5009812|accepted=24150513|rate=109288.5/s|walker_min=65.529|walker_med=91.229|walker_max=99.237
STEP|n=164100000|unique=5011216|accepted=24151917|rate=109295.2/s|walker_min=62.912|walker_med=89.896|walker_max=99.192
STEP|n=164200000|unique=5012560|accepted=24153261|rate=109302.1/s|walker_min=54.958|walker_med=89.434|walker_max=98.176
STEP|n=164300000|unique=5013938|accepted=24154639|rate=109309.2/s|walker_min=74.015|walker_med=90.543|walker_max=99.131
STEP|n=164400000|unique=5015281|accepted=24155982|rate=109316.1/s|walker_min=50.952|walker_med=89.825|walker_max=99.041
STEP|n=164500000|unique=5016529|accepted=24157230|rate=109322.6/s|walker_min=51.851|walker_med=88.390|walker_max=99.192
STEP|n=164600000|unique=5017996|accepted=24158697|rate=109328.6/s|walker_min=63.031|walker_med=89.360|walker_max=98.119
STEP|n=164700000|unique=5019289|accepted=24159990|rate=109334.4/s|walker_min=45.768|walker_med=85.559|walker_max=98.520
STEP|n=164800000|unique=5020644|accepted=24161345|rate=109340.1/s|walker_min=59.184|walker_med=89.250|walker_max=98.545
STEP|n=164900000|unique=5022004|accepted=24162705|rate=109345.1/s|walker_min=53.114|walker_med=78.999|walker_max=98.771
STEP|n=165000000|unique=5023251|accepted=24163952|rate=109348.4/s|walker_min=38.435|walker_med=74.736|walker_max=96.900
STEP|n=165100000|unique=5024612|accepted=24165313|rate=109353.3/s|walker_min=48.642|walker_med=85.041|walker_max=99.090
STEP|n=165200000|unique=5026066|accepted=24166767|rate=109360.1/s|walker_min=45.467|walker_med=86.622|walker_max=99.215
STEP|n=165300000|unique=5027338|accepted=24168039|rate=109366.9/s|walker_min=53.063|walker_med=86.487|walker_max=99.105
STEP|n=165400000|unique=5028699|accepted=24169400|rate=109372.9/s|walker_min=72.028|walker_med=93.440|walker_max=99.105
STEP|n=165500000|unique=5029974|accepted=24170675|rate=109379.3/s|walker_min=65.424|walker_med=90.629|walker_max=99.013
STEP|n=165600000|unique=5031279|accepted=24171980|rate=109386.8/s|walker_min=54.655|walker_med=92.301|walker_max=99.162
STEP|n=165700000|unique=5032650|accepted=24173351|rate=109395.1/s|walker_min=69.271|walker_med=90.738|walker_max=99.229
STEP|n=165800000|unique=5033956|accepted=24174657|rate=109403.5/s|walker_min=69.552|walker_med=92.176|walker_max=99.204
STEP|n=165900000|unique=5035176|accepted=24175877|rate=109411.1/s|walker_min=66.732|walker_med=91.736|walker_max=98.861
STEP|n=166000000|unique=5036492|accepted=24177193|rate=109418.1/s|walker_min=62.807|walker_med=92.030|walker_max=99.160
STEP|n=166100000|unique=5037779|accepted=24178480|rate=109425.0/s|walker_min=60.299|walker_med=89.778|walker_max=98.990
STEP|n=166200000|unique=5038974|accepted=24179675|rate=109433.2/s|walker_min=72.801|walker_med=92.352|walker_max=99.076
STEP|n=166300000|unique=5040282|accepted=24180983|rate=109441.8/s|walker_min=62.711|walker_med=93.451|walker_max=99.100
STEP|n=166400000|unique=5041615|accepted=24182316|rate=109450.4/s|walker_min=57.171|walker_med=88.498|walker_max=99.205
STEP|n=166500000|unique=5042990|accepted=24183691|rate=109457.4/s|walker_min=62.131|walker_med=88.902|walker_max=98.695
STEP|n=166600000|unique=5044285|accepted=24184986|rate=109463.8/s|walker_min=62.862|walker_med=87.080|walker_max=98.881
STEP|n=166700000|unique=5045790|accepted=24186491|rate=109470.2/s|walker_min=33.970|walker_med=85.169|walker_max=99.229
STEP|n=166800000|unique=5047105|accepted=24187806|rate=109477.5/s|walker_min=58.974|walker_med=88.528|walker_max=98.924
STEP|n=166900000|unique=5048462|accepted=24189163|rate=109483.9/s|walker_min=43.448|walker_med=77.647|walker_max=98.955
STEP|n=167000000|unique=5049659|accepted=24190360|rate=109488.4/s|walker_min=35.384|walker_med=71.274|walker_max=96.722
STEP|n=167100000|unique=5050892|accepted=24191593|rate=109491.3/s|walker_min=52.295|walker_med=83.922|walker_max=99.109
STEP|n=167200000|unique=5052152|accepted=24192853|rate=109496.1/s|walker_min=49.948|walker_med=87.332|walker_max=99.004
STEP|n=167300000|unique=5053564|accepted=24194265|rate=109502.9/s|walker_min=57.502|walker_med=85.813|walker_max=99.108
STEP|n=167400000|unique=5054764|accepted=24195465|rate=109510.1/s|walker_min=49.812|walker_med=84.509|walker_max=98.829
STEP|n=167500000|unique=5055964|accepted=24196665|rate=109517.5/s|walker_min=67.108|walker_med=93.359|walker_max=98.722
STEP|n=167600000|unique=5057162|accepted=24197863|rate=109524.3/s|walker_min=63.722|walker_med=91.967|walker_max=99.087
STEP|n=167700000|unique=5058484|accepted=24199185|rate=109532.0/s|walker_min=74.456|walker_med=90.194|walker_max=99.201
STEP|n=167800000|unique=5059772|accepted=24200473|rate=109539.6/s|walker_min=58.281|walker_med=88.871|walker_max=99.121
STEP|n=167900000|unique=5061005|accepted=24201706|rate=109545.8/s|walker_min=60.224|walker_med=91.520|walker_max=98.826
STEP|n=168000000|unique=5062177|accepted=24202878|rate=109552.5/s|walker_min=50.585|walker_med=91.282|walker_max=98.384
STEP|n=168100000|unique=5063343|accepted=24204044|rate=109558.0/s|walker_min=55.190|walker_med=90.909|walker_max=98.636
STEP|n=168200000|unique=5064512|accepted=24205213|rate=109565.9/s|walker_min=52.700|walker_med=89.463|walker_max=98.764
STEP|n=168300000|unique=5065682|accepted=24206383|rate=109574.1/s|walker_min=54.472|walker_med=88.702|walker_max=99.255
STEP|n=168400000|unique=5066914|accepted=24207615|rate=109581.9/s|walker_min=71.479|walker_med=93.178|walker_max=99.022
STEP|n=168500000|unique=5068166|accepted=24208867|rate=109588.3/s|walker_min=67.525|walker_med=89.772|walker_max=98.715
STEP|n=168600000|unique=5069412|accepted=24210113|rate=109594.0/s|walker_min=55.938|walker_med=87.659|walker_max=99.007
STEP|n=168700000|unique=5070573|accepted=24211274|rate=109592.6/s|walker_min=41.179|walker_med=91.207|walker_max=98.812
STEP|n=168800000|unique=5071859|accepted=24212560|rate=109598.6/s|walker_min=39.853|walker_med=85.112|walker_max=99.093
STEP|n=168900000|unique=5073109|accepted=24213810|rate=109604.0/s|walker_min=48.252|walker_med=81.409|walker_max=99.249
STEP|n=169000000|unique=5074339|accepted=24215040|rate=109606.8/s|walker_min=40.025|walker_med=82.040|walker_max=98.794
STEP|n=169100000|unique=5075562|accepted=24216263|rate=109609.6/s|walker_min=51.969|walker_med=85.247|walker_max=98.605
STEP|n=169200000|unique=5076844|accepted=24217545|rate=109614.3/s|walker_min=51.378|walker_med=78.603|walker_max=97.701
STEP|n=169300000|unique=5078132|accepted=24218833|rate=109621.5/s|walker_min=63.039|walker_med=89.193|walker_max=98.094
STEP|n=169400000|unique=5079455|accepted=24220156|rate=109629.3/s|walker_min=62.988|walker_med=94.025|walker_max=98.411
STEP|n=169500000|unique=5080680|accepted=24221381|rate=109636.6/s|walker_min=57.669|walker_med=90.775|walker_max=99.031
STEP|n=169600000|unique=5081930|accepted=24222631|rate=109642.9/s|walker_min=58.043|walker_med=90.848|walker_max=99.243
STEP|n=169700000|unique=5083160|accepted=24223861|rate=109649.6/s|walker_min=67.154|walker_med=88.393|walker_max=98.845
STEP|n=169800000|unique=5084346|accepted=24225047|rate=109657.4/s|walker_min=57.013|walker_med=90.838|walker_max=98.882
STEP|n=169900000|unique=5085618|accepted=24226319|rate=109664.5/s|walker_min=61.143|walker_med=92.799|walker_max=98.951
STEP|n=170000000|unique=5086850|accepted=24227551|rate=109672.5/s|walker_min=60.959|walker_med=91.789|walker_max=99.113
STEP|n=170100000|unique=5088066|accepted=24228767|rate=109680.7/s|walker_min=62.033|walker_med=93.257|walker_max=98.935
STEP|n=170200000|unique=5089268|accepted=24229969|rate=109687.3/s|walker_min=59.500|walker_med=89.116|walker_max=99.260
STEP|n=170300000|unique=5090451|accepted=24231152|rate=109693.2/s|walker_min=57.511|walker_med=91.608|walker_max=99.017
STEP|n=170400000|unique=5091645|accepted=24232346|rate=109700.6/s|walker_min=62.080|walker_med=89.623|walker_max=97.782
STEP|n=170500000|unique=5092795|accepted=24233496|rate=109708.3/s|walker_min=65.717|walker_med=89.992|walker_max=99.250
STEP|n=170600000|unique=5094096|accepted=24234797|rate=109716.1/s|walker_min=56.127|walker_med=89.041|walker_max=98.163
STEP|n=170700000|unique=5095281|accepted=24235982|rate=109721.8/s|walker_min=37.351|walker_med=88.604|walker_max=97.946
STEP|n=170800000|unique=5096470|accepted=24237171|rate=109726.8/s|walker_min=67.748|walker_med=88.253|walker_max=97.751
STEP|n=170900000|unique=5097799|accepted=24238500|rate=109731.5/s|walker_min=45.968|walker_med=85.333|walker_max=99.155
STEP|n=171000000|unique=5098990|accepted=24239691|rate=109736.1/s|walker_min=44.238|walker_med=65.096|walker_max=94.679
STEP|n=171100000|unique=5100027|accepted=24240728|rate=109740.1/s|walker_min=47.653|walker_med=83.391|walker_max=98.545
STEP|n=171200000|unique=5101154|accepted=24241855|rate=109745.6/s|walker_min=61.862|walker_med=86.337|walker_max=98.671
STEP|n=171300000|unique=5102309|accepted=24243010|rate=109751.0/s|walker_min=48.871|walker_med=82.171|walker_max=98.845
STEP|n=171400000|unique=5103490|accepted=24244191|rate=109755.9/s|walker_min=43.552|walker_med=92.070|walker_max=98.998
STEP|n=171500000|unique=5104697|accepted=24245398|rate=109762.7/s|walker_min=71.489|walker_med=89.752|walker_max=99.033
STEP|n=171600000|unique=5105842|accepted=24246543|rate=109769.9/s|walker_min=49.018|walker_med=85.678|walker_max=98.887
STEP|n=171700000|unique=5107051|accepted=24247752|rate=109777.7/s|walker_min=72.513|walker_med=89.699|walker_max=99.146
STEP|n=171800000|unique=5108301|accepted=24249002|rate=109784.5/s|walker_min=46.580|walker_med=89.211|walker_max=98.605
STEP|n=171900000|unique=5109570|accepted=24250271|rate=109790.6/s|walker_min=51.130|walker_med=92.043|walker_max=99.121
STEP|n=172000000|unique=5110625|accepted=24251326|rate=109796.5/s|walker_min=57.451|walker_med=91.055|walker_max=98.889
STEP|n=172100000|unique=5111742|accepted=24252443|rate=109803.8/s|walker_min=56.748|walker_med=88.141|walker_max=98.966
STEP|n=172200000|unique=5112931|accepted=24253632|rate=109811.3/s|walker_min=72.001|walker_med=90.479|walker_max=98.195
STEP|n=172300000|unique=5114085|accepted=24254786|rate=109818.6/s|walker_min=69.515|walker_med=89.110|walker_max=98.479
STEP|n=172400000|unique=5115347|accepted=24256048|rate=109825.5/s|walker_min=71.875|walker_med=93.453|walker_max=98.638
STEP|n=172500000|unique=5116532|accepted=24257233|rate=109832.4/s|walker_min=43.224|walker_med=90.400|walker_max=99.203
STEP|n=172600000|unique=5117697|accepted=24258398|rate=109839.0/s|walker_min=52.233|walker_med=88.808|walker_max=99.185
STEP|n=172700000|unique=5118829|accepted=24259530|rate=109844.2/s|walker_min=49.591|walker_med=80.380|walker_max=99.048
STEP|n=172800000|unique=5120010|accepted=24260711|rate=109849.3/s|walker_min=42.699|walker_med=86.577|walker_max=99.111
STEP|n=172900000|unique=5121143|accepted=24261844|rate=109854.2/s|walker_min=44.048|walker_med=84.904|walker_max=97.946
STEP|n=173000000|unique=5122266|accepted=24262967|rate=109858.5/s|walker_min=43.106|walker_med=73.230|walker_max=97.726
STEP|n=173100000|unique=5123525|accepted=24264226|rate=109862.9/s|walker_min=44.935|walker_med=81.231|walker_max=99.118
STEP|n=173200000|unique=5124689|accepted=24265390|rate=109867.7/s|walker_min=64.488|walker_med=88.379|walker_max=98.933
STEP|n=173300000|unique=5125901|accepted=24266602|rate=109872.3/s|walker_min=62.968|walker_med=92.638|walker_max=98.914
STEP|n=173400000|unique=5127078|accepted=24267779|rate=109877.3/s|walker_min=61.255|walker_med=88.177|walker_max=98.482
STEP|n=173500000|unique=5128220|accepted=24268921|rate=109884.6/s|walker_min=68.878|walker_med=91.860|walker_max=99.260
STEP|n=173600000|unique=5129402|accepted=24270103|rate=109891.9/s|walker_min=58.003|walker_med=91.968|walker_max=99.247
STEP|n=173700000|unique=5130530|accepted=24271231|rate=109899.4/s|walker_min=51.298|walker_med=91.041|walker_max=98.265
STEP|n=173800000|unique=5131719|accepted=24272420|rate=109905.4/s|walker_min=64.807|walker_med=90.331|walker_max=98.712
STEP|n=173900000|unique=5132831|accepted=24273532|rate=109912.0/s|walker_min=62.352|walker_med=89.992|walker_max=98.827
STEP|n=174000000|unique=5134010|accepted=24274711|rate=109918.3/s|walker_min=70.125|walker_med=93.434|walker_max=99.088
STEP|n=174100000|unique=5135234|accepted=24275935|rate=109925.7/s|walker_min=56.700|walker_med=88.975|walker_max=98.988
STEP|n=174200000|unique=5136381|accepted=24277082|rate=109932.4/s|walker_min=71.670|walker_med=90.661|walker_max=98.441
STEP|n=174300000|unique=5137437|accepted=24278138|rate=109938.9/s|walker_min=63.811|walker_med=90.839|walker_max=99.073
STEP|n=174400000|unique=5138627|accepted=24279328|rate=109946.3/s|walker_min=58.163|walker_med=87.866|walker_max=98.671
STEP|n=174500000|unique=5139789|accepted=24280490|rate=109953.9/s|walker_min=53.135|walker_med=90.686|walker_max=98.841
STEP|n=174600000|unique=5140826|accepted=24281527|rate=109960.0/s|walker_min=58.421|walker_med=88.459|walker_max=98.481
STEP|n=174700000|unique=5141997|accepted=24282698|rate=109965.3/s|walker_min=64.344|walker_med=86.346|walker_max=99.242
STEP|n=174800000|unique=5143293|accepted=24283994|rate=109970.5/s|walker_min=44.581|walker_med=84.594|walker_max=99.218
STEP|n=174900000|unique=5144436|accepted=24285137|rate=109976.4/s|walker_min=41.824|walker_med=86.379|walker_max=98.216
STEP|n=175000000|unique=5145503|accepted=24286204|rate=109980.3/s|walker_min=39.114|walker_med=72.437|walker_max=99.183
STEP|n=175100000|unique=5146611|accepted=24287312|rate=109984.3/s|walker_min=52.585|walker_med=85.354|walker_max=98.977
STEP|n=175200000|unique=5147827|accepted=24288528|rate=109988.7/s|walker_min=47.838|walker_med=86.876|walker_max=98.249
STEP|n=175300000|unique=5149018|accepted=24289719|rate=109994.3/s|walker_min=67.899|walker_med=86.687|walker_max=98.944
STEP|n=175400000|unique=5150140|accepted=24290841|rate=110000.5/s|walker_min=74.503|walker_med=90.471|walker_max=98.790
STEP|n=175500000|unique=5151328|accepted=24292029|rate=110008.1/s|walker_min=61.681|walker_med=89.042|walker_max=99.164
STEP|n=175600000|unique=5152450|accepted=24293151|rate=110015.8/s|walker_min=66.849|walker_med=90.844|walker_max=99.079
STEP|n=175700000|unique=5153579|accepted=24294280|rate=110022.8/s|walker_min=62.291|walker_med=92.009|walker_max=99.050
STEP|n=175800000|unique=5154555|accepted=24295256|rate=110028.7/s|walker_min=60.464|walker_med=90.278|walker_max=98.264
STEP|n=175900000|unique=5155580|accepted=24296281|rate=110034.7/s|walker_min=55.516|walker_med=92.671|walker_max=99.258
STEP|n=176000000|unique=5156646|accepted=24297347|rate=110042.0/s|walker_min=65.722|walker_med=92.660|walker_max=99.197
STEP|n=176100000|unique=5157715|accepted=24298416|rate=110050.1/s|walker_min=69.297|walker_med=91.094|walker_max=99.042
STEP|n=176200000|unique=5158840|accepted=24299541|rate=110058.1/s|walker_min=66.792|walker_med=91.721|walker_max=99.000
STEP|n=176300000|unique=5159877|accepted=24300578|rate=110064.9/s|walker_min=77.622|walker_med=91.863|walker_max=99.060
STEP|n=176400000|unique=5160965|accepted=24301666|rate=110071.2/s|walker_min=39.275|walker_med=89.778|walker_max=98.659
STEP|n=176500000|unique=5162067|accepted=24302768|rate=110076.9/s|walker_min=52.894|walker_med=88.525|walker_max=98.326
STEP|n=176600000|unique=5163154|accepted=24303855|rate=110084.1/s|walker_min=45.199|walker_med=91.977|walker_max=99.093
STEP|n=176700000|unique=5164294|accepted=24304995|rate=110091.2/s|walker_min=66.843|walker_med=89.277|walker_max=99.003
STEP|n=176800000|unique=5165508|accepted=24306209|rate=110098.1/s|walker_min=53.223|walker_med=85.381|walker_max=98.095
STEP|n=176900000|unique=5166779|accepted=24307480|rate=110102.6/s|walker_min=50.296|walker_med=83.468|walker_max=99.138
STEP|n=177000000|unique=5168024|accepted=24308725|rate=110105.6/s|walker_min=34.734|walker_med=77.033|walker_max=99.214
STEP|n=177100000|unique=5169114|accepted=24309815|rate=110108.7/s|walker_min=46.595|walker_med=82.357|walker_max=97.607
STEP|n=177200000|unique=5170287|accepted=24310988|rate=110114.9/s|walker_min=55.278|walker_med=80.278|walker_max=99.166
STEP|n=177300000|unique=5171399|accepted=24312100|rate=110121.5/s|walker_min=49.646|walker_med=87.648|walker_max=99.053
STEP|n=177400000|unique=5172478|accepted=24313179|rate=110127.8/s|walker_min=48.588|walker_med=91.478|walker_max=99.252
STEP|n=177500000|unique=5173607|accepted=24314308|rate=110133.4/s|walker_min=53.856|walker_med=90.884|walker_max=98.331
STEP|n=177600000|unique=5174636|accepted=24315337|rate=110139.0/s|walker_min=65.497|walker_med=90.344|walker_max=96.250
STEP|n=177700000|unique=5175701|accepted=24316402|rate=110146.2/s|walker_min=32.862|walker_med=86.177|walker_max=98.740
STEP|n=177800000|unique=5176707|accepted=24317408|rate=110153.9/s|walker_min=67.741|walker_med=93.412|walker_max=99.172
STEP|n=177900000|unique=5177727|accepted=24318428|rate=110161.5/s|walker_min=67.363|walker_med=92.499|walker_max=99.224
STEP|n=178000000|unique=5178737|accepted=24319438|rate=110168.1/s|walker_min=76.652|walker_med=90.951|walker_max=98.976
STEP|n=178100000|unique=5179759|accepted=24320460|rate=110174.3/s|walker_min=66.316|walker_med=92.645|walker_max=99.228
STEP|n=178200000|unique=5180770|accepted=24321471|rate=110179.9/s|walker_min=47.439|walker_med=85.334|walker_max=97.684
STEP|n=178300000|unique=5181720|accepted=24322421|rate=110187.5/s|walker_min=69.734|walker_med=91.936|walker_max=98.653
STEP|n=178400000|unique=5182713|accepted=24323414|rate=110194.7/s|walker_min=70.484|walker_med=88.756|walker_max=99.074
STEP|n=178500000|unique=5183804|accepted=24324505|rate=110201.9/s|walker_min=60.157|walker_med=90.477|walker_max=99.020
STEP|n=178600000|unique=5184902|accepted=24325603|rate=110207.5/s|walker_min=44.634|walker_med=90.121|walker_max=98.753
STEP|n=178700000|unique=5185930|accepted=24326631|rate=110212.6/s|walker_min=65.994|walker_med=91.258|walker_max=99.014
STEP|n=178800000|unique=5187072|accepted=24327773|rate=110218.3/s|walker_min=30.695|walker_med=86.974|walker_max=98.638
STEP|n=178900000|unique=5188193|accepted=24328894|rate=110224.4/s|walker_min=53.301|walker_med=82.513|walker_max=97.670
STEP|n=179000000|unique=5189189|accepted=24329890|rate=110228.0/s|walker_min=35.837|walker_med=69.393|walker_max=98.638
STEP|n=179100000|unique=5190332|accepted=24331033|rate=110231.4/s|walker_min=47.263|walker_med=84.742|walker_max=98.159
STEP|n=179200000|unique=5191400|accepted=24332101|rate=110235.5/s|walker_min=42.065|walker_med=87.535|walker_max=98.826
STEP|n=179300000|unique=5192478|accepted=24333179|rate=110240.3/s|walker_min=45.655|walker_med=90.435|walker_max=99.141
STEP|n=179400000|unique=5193539|accepted=24334240|rate=110247.0/s|walker_min=68.859|walker_med=86.334|walker_max=99.214
STEP|n=179500000|unique=5194572|accepted=24335273|rate=110254.3/s|walker_min=69.696|walker_med=86.229|walker_max=98.556
STEP|n=179600000|unique=5195657|accepted=24336358|rate=110261.7/s|walker_min=66.509|walker_med=88.689|walker_max=99.010
STEP|n=179700000|unique=5196777|accepted=24337478|rate=110268.3/s|walker_min=66.293|walker_med=92.234|walker_max=98.145
STEP|n=179800000|unique=5197739|accepted=24338440|rate=110275.0/s|walker_min=58.620|walker_med=91.986|walker_max=99.165
STEP|n=179900000|unique=5198816|accepted=24339517|rate=110281.4/s|walker_min=53.715|walker_med=90.480|walker_max=99.154
STEP|n=180000000|unique=5199900|accepted=24340601|rate=110286.6/s|walker_min=58.886|walker_med=90.757|walker_max=99.024
STEP|n=180100000|unique=5200967|accepted=24341668|rate=110292.4/s|walker_min=65.142|walker_med=91.762|walker_max=98.544
STEP|n=180200000|unique=5202053|accepted=24342754|rate=110298.2/s|walker_min=48.244|walker_med=92.366|walker_max=99.183
STEP|n=180300000|unique=5203123|accepted=24343824|rate=110305.0/s|walker_min=56.840|walker_med=92.664|walker_max=98.785
STEP|n=180400000|unique=5204137|accepted=24344838|rate=110311.5/s|walker_min=52.371|walker_med=89.025|walker_max=99.149
STEP|n=180500000|unique=5205181|accepted=24345882|rate=110310.4/s|walker_min=62.583|walker_med=94.321|walker_max=99.052
STEP|n=180600000|unique=5206235|accepted=24346936|rate=110315.3/s|walker_min=63.714|walker_med=89.982|walker_max=98.768
STEP|n=180700000|unique=5207244|accepted=24347945|rate=110320.3/s|walker_min=56.751|walker_med=90.616|walker_max=98.555
STEP|n=180800000|unique=5208279|accepted=24348980|rate=110326.3/s|walker_min=42.591|walker_med=85.475|walker_max=98.358
STEP|n=180900000|unique=5209262|accepted=24349963|rate=110331.5/s|walker_min=48.651|walker_med=79.987|walker_max=99.122
STEP|n=181000000|unique=5210349|accepted=24351050|rate=110335.3/s|walker_min=43.024|walker_med=77.271|walker_max=99.227
STEP|n=181100000|unique=5211505|accepted=24352206|rate=110337.5/s|walker_min=41.512|walker_med=82.412|walker_max=98.960
STEP|n=181200000|unique=5212592|accepted=24353293|rate=110341.7/s|walker_min=40.978|walker_med=87.359|walker_max=98.477
STEP|n=181300000|unique=5213669|accepted=24354370|rate=110346.3/s|walker_min=67.320|walker_med=91.218|walker_max=98.996
STEP|n=181400000|unique=5214719|accepted=24355420|rate=110352.6/s|walker_min=57.843|walker_med=90.150|walker_max=98.984
STEP|n=181500000|unique=5215722|accepted=24356423|rate=110358.5/s|walker_min=42.249|walker_med=92.796|walker_max=98.805
STEP|n=181600000|unique=5216666|accepted=24357367|rate=110362.2/s|walker_min=69.525|walker_med=88.618|walker_max=98.361
STEP|n=181700000|unique=5217708|accepted=24358409|rate=110369.4/s|walker_min=62.981|walker_med=90.368|walker_max=98.625
STEP|n=181800000|unique=5218721|accepted=24359422|rate=110377.1/s|walker_min=46.368|walker_med=89.886|walker_max=98.546
STEP|n=181900000|unique=5219822|accepted=24360523|rate=110384.6/s|walker_min=79.906|walker_med=94.644|walker_max=99.108
STEP|n=182000000|unique=5220784|accepted=24361485|rate=110391.8/s|walker_min=56.629|walker_med=91.267|walker_max=99.124
STEP|n=182100000|unique=5221835|accepted=24362536|rate=110399.2/s|walker_min=66.462|walker_med=86.900|walker_max=97.943
STEP|n=182200000|unique=5222790|accepted=24363491|rate=110406.8/s|walker_min=69.593|walker_med=91.808|walker_max=98.850
STEP|n=182300000|unique=5223780|accepted=24364481|rate=110414.8/s|walker_min=67.465|walker_med=92.803|walker_max=99.172
STEP|n=182400000|unique=5224845|accepted=24365546|rate=110423.1/s|walker_min=50.225|walker_med=91.447|walker_max=98.899
STEP|n=182500000|unique=5225931|accepted=24366632|rate=110430.4/s|walker_min=70.432|walker_med=90.133|walker_max=98.997
STEP|n=182600000|unique=5226860|accepted=24367561|rate=110437.0/s|walker_min=71.445|walker_med=91.729|walker_max=98.908
STEP|n=182700000|unique=5227782|accepted=24368483|rate=110442.0/s|walker_min=59.953|walker_med=85.346|walker_max=98.433
STEP|n=182800000|unique=5228789|accepted=24369490|rate=110448.2/s|walker_min=52.008|walker_med=84.472|walker_max=98.165
STEP|n=182900000|unique=5229778|accepted=24370479|rate=110453.4/s|walker_min=54.691|walker_med=83.689|walker_max=98.933
STEP|n=183000000|unique=5230800|accepted=24371501|rate=110457.1/s|walker_min=46.459|walker_med=78.292|walker_max=95.639
STEP|n=183100000|unique=5231726|accepted=24372427|rate=110458.8/s|walker_min=33.089|walker_med=83.225|walker_max=96.138
STEP|n=183200000|unique=5232657|accepted=24373358|rate=110462.5/s|walker_min=43.467|walker_med=86.619|walker_max=99.252
STEP|n=183300000|unique=5233727|accepted=24374428|rate=110467.7/s|walker_min=56.367|walker_med=84.110|walker_max=99.002
STEP|n=183400000|unique=5234841|accepted=24375542|rate=110474.4/s|walker_min=55.498|walker_med=90.306|walker_max=98.086
STEP|n=183500000|unique=5235858|accepted=24376559|rate=110481.2/s|walker_min=32.323|walker_med=90.191|walker_max=99.230
STEP|n=183600000|unique=5236940|accepted=24377641|rate=110487.5/s|walker_min=72.530|walker_med=90.878|walker_max=98.465
STEP|n=183700000|unique=5237941|accepted=24378642|rate=110492.9/s|walker_min=67.520|walker_med=89.160|walker_max=97.539
STEP|n=183800000|unique=5238841|accepted=24379542|rate=110498.6/s|walker_min=63.193|walker_med=90.009|walker_max=98.800
STEP|n=183900000|unique=5239776|accepted=24380477|rate=110505.5/s|walker_min=65.136|walker_med=90.605|walker_max=99.197
STEP|n=184000000|unique=5240725|accepted=24381426|rate=110512.8/s|walker_min=62.157|walker_med=88.141|walker_max=99.113
STEP|n=184100000|unique=5241716|accepted=24382417|rate=110520.1/s|walker_min=52.110|walker_med=91.567|walker_max=98.562
STEP|n=184200000|unique=5242776|accepted=24383477|rate=110526.1/s|walker_min=58.168|walker_med=90.465|walker_max=98.806
STEP|n=184300000|unique=5243689|accepted=24384390|rate=110531.5/s|walker_min=53.221|walker_med=88.701|walker_max=99.016
STEP|n=184400000|unique=5244674|accepted=24385375|rate=110537.1/s|walker_min=75.661|walker_med=88.049|walker_max=99.165
STEP|n=184500000|unique=5245697|accepted=24386398|rate=110544.0/s|walker_min=75.616|walker_med=93.341|walker_max=99.234
STEP|n=184600000|unique=5246740|accepted=24387441|rate=110551.0/s|walker_min=61.060|walker_med=89.242|walker_max=99.072
STEP|n=184700000|unique=5247706|accepted=24388407|rate=110557.2/s|walker_min=45.139|walker_med=87.764|walker_max=97.127
STEP|n=184800000|unique=5248647|accepted=24389348|rate=110562.1/s|walker_min=46.876|walker_med=88.562|walker_max=98.898
STEP|n=184900000|unique=5249607|accepted=24390308|rate=110566.0/s|walker_min=40.494|walker_med=84.397|walker_max=99.039
STEP|n=185000000|unique=5250553|accepted=24391254|rate=110569.2/s|walker_min=35.933|walker_med=68.968|walker_max=97.026
STEP|n=185100000|unique=5251564|accepted=24392265|rate=110572.9/s|walker_min=45.886|walker_med=82.706|walker_max=98.813
STEP|n=185200000|unique=5252474|accepted=24393175|rate=110578.2/s|walker_min=58.045|walker_med=88.823|walker_max=97.722
STEP|n=185300000|unique=5253487|accepted=24394188|rate=110583.3/s|walker_min=43.510|walker_med=92.311|walker_max=98.770
STEP|n=185400000|unique=5254518|accepted=24395219|rate=110588.2/s|walker_min=46.403|walker_med=85.908|walker_max=98.197
STEP|n=185500000|unique=5255436|accepted=24396137|rate=110593.5/s|walker_min=68.073|walker_med=90.174|walker_max=99.139
STEP|n=185600000|unique=5256449|accepted=24397150|rate=110600.1/s|walker_min=66.269|walker_med=89.073|walker_max=98.577
STEP|n=185700000|unique=5257469|accepted=24398170|rate=110607.1/s|walker_min=62.738|walker_med=85.339|walker_max=98.076
STEP|n=185800000|unique=5258447|accepted=24399148|rate=110614.4/s|walker_min=56.253|walker_med=90.481|walker_max=99.027
STEP|n=185900000|unique=5259456|accepted=24400157|rate=110620.5/s|walker_min=71.119|walker_med=92.723|walker_max=99.057
STEP|n=186000000|unique=5260531|accepted=24401232|rate=110626.4/s|walker_min=66.741|walker_med=89.590|walker_max=99.174
STEP|n=186100000|unique=5261463|accepted=24402164|rate=110632.4/s|walker_min=59.786|walker_med=90.698|walker_max=98.662
STEP|n=186200000|unique=5262426|accepted=24403127|rate=110639.6/s|walker_min=57.189|walker_med=89.904|walker_max=99.019
STEP|n=186300000|unique=5263387|accepted=24404088|rate=110646.8/s|walker_min=63.092|walker_med=90.995|walker_max=99.188
STEP|n=186400000|unique=5264255|accepted=24404956|rate=110653.4/s|walker_min=56.712|walker_med=87.765|walker_max=99.073
STEP|n=186500000|unique=5265212|accepted=24405913|rate=110658.2/s|walker_min=64.756|walker_med=87.873|walker_max=99.043
STEP|n=186600000|unique=5266163|accepted=24406864|rate=110663.4/s|walker_min=62.702|walker_med=86.520|walker_max=99.216
STEP|n=186700000|unique=5267182|accepted=24407883|rate=110669.3/s|walker_min=50.878|walker_med=90.876|walker_max=98.597
STEP|n=186800000|unique=5268135|accepted=24408836|rate=110675.6/s|walker_min=50.526|walker_med=88.195|walker_max=99.148
STEP|n=186900000|unique=5269225|accepted=24409926|rate=110681.3/s|walker_min=27.717|walker_med=84.802|walker_max=99.217
STEP|n=187000000|unique=5270138|accepted=24410839|rate=110684.0/s|walker_min=39.159|walker_med=71.118|walker_max=97.537
STEP|n=187100000|unique=5271015|accepted=24411716|rate=110687.4/s|walker_min=30.066|walker_med=85.707|walker_max=98.802
STEP|n=187200000|unique=5271961|accepted=24412662|rate=110692.2/s|walker_min=52.728|walker_med=91.021|walker_max=98.306
STEP|n=187300000|unique=5272891|accepted=24413592|rate=110696.8/s|walker_min=64.141|walker_med=89.659|walker_max=98.621
STEP|n=187400000|unique=5273799|accepted=24414500|rate=110701.4/s|walker_min=66.869|walker_med=91.858|walker_max=99.098
STEP|n=187500000|unique=5274812|accepted=24415513|rate=110706.6/s|walker_min=50.092|walker_med=88.236|walker_max=98.409
STEP|n=187600000|unique=5275776|accepted=24416477|rate=110712.7/s|walker_min=48.120|walker_med=88.674|walker_max=98.918
STEP|n=187700000|unique=5276752|accepted=24417453|rate=110719.0/s|walker_min=55.361|walker_med=87.178|walker_max=98.793
STEP|n=187800000|unique=5277640|accepted=24418341|rate=110724.9/s|walker_min=61.926|walker_med=91.216|walker_max=99.073
STEP|n=187900000|unique=5278565|accepted=24419266|rate=110730.2/s|walker_min=51.683|walker_med=90.209|walker_max=98.536
STEP|n=188000000|unique=5279498|accepted=24420199|rate=110735.3/s|walker_min=64.656|walker_med=92.039|walker_max=99.211
STEP|n=188100000|unique=5280434|accepted=24421135|rate=110740.9/s|walker_min=71.636|walker_med=91.086|walker_max=98.846
STEP|n=188200000|unique=5281277|accepted=24421978|rate=110747.2/s|walker_min=68.139|walker_med=86.820|walker_max=99.119
STEP|n=188300000|unique=5282239|accepted=24422940|rate=110753.7/s|walker_min=51.533|walker_med=91.712|walker_max=99.022
STEP|n=188400000|unique=5283154|accepted=24423855|rate=110758.9/s|walker_min=64.656|walker_med=92.535|walker_max=98.940
STEP|n=188500000|unique=5284115|accepted=24424816|rate=110764.0/s|walker_min=46.418|walker_med=89.934|walker_max=99.251
STEP|n=188600000|unique=5285050|accepted=24425751|rate=110768.6/s|walker_min=68.905|walker_med=92.407|walker_max=99.011
STEP|n=188700000|unique=5285955|accepted=24426656|rate=110774.5/s|walker_min=64.784|walker_med=88.452|walker_max=99.226
STEP|n=188800000|unique=5286932|accepted=24427633|rate=110780.4/s|walker_min=43.426|walker_med=83.990|walker_max=99.138
STEP|n=188900000|unique=5287890|accepted=24428591|rate=110786.0/s|walker_min=48.444|walker_med=81.128|walker_max=97.599
STEP|n=189000000|unique=5288860|accepted=24429561|rate=110789.4/s|walker_min=29.377|walker_med=77.709|walker_max=98.989
STEP|n=189100000|unique=5289683|accepted=24430384|rate=110792.3/s|walker_min=50.901|walker_med=89.532|walker_max=99.024
STEP|n=189200000|unique=5290578|accepted=24431279|rate=110797.4/s|walker_min=51.241|walker_med=85.196|walker_max=98.798
STEP|n=189300000|unique=5291563|accepted=24432264|rate=110803.5/s|walker_min=55.706|walker_med=89.341|walker_max=99.125
STEP|n=189400000|unique=5292637|accepted=24433338|rate=110810.0/s|walker_min=66.418|walker_med=90.467|walker_max=98.528
STEP|n=189500000|unique=5293617|accepted=24434318|rate=110816.6/s|walker_min=68.512|walker_med=84.511|walker_max=99.247
STEP|n=189600000|unique=5294498|accepted=24435199|rate=110822.6/s|walker_min=62.155|walker_med=89.508|walker_max=99.076
STEP|n=189700000|unique=5295424|accepted=24436125|rate=110828.9/s|walker_min=59.880|walker_med=89.315|walker_max=98.536
STEP|n=189800000|unique=5296367|accepted=24437068|rate=110835.8/s|walker_min=52.543|walker_med=89.870|walker_max=98.518
STEP|n=189900000|unique=5297305|accepted=24438006|rate=110843.1/s|walker_min=67.853|walker_med=91.856|walker_max=99.130
STEP|n=190000000|unique=5298265|accepted=24438966|rate=110850.4/s|walker_min=63.605|walker_med=91.303|walker_max=99.182
STEP|n=190100000|unique=5299244|accepted=24439945|rate=110856.5/s|walker_min=72.126|walker_med=92.275|walker_max=99.221
STEP|n=190200000|unique=5300112|accepted=24440813|rate=110863.2/s|walker_min=55.716|walker_med=91.168|walker_max=98.951
STEP|n=190300000|unique=5301023|accepted=24441724|rate=110870.1/s|walker_min=62.901|walker_med=89.962|walker_max=99.001
STEP|n=190400000|unique=5302004|accepted=24442705|rate=110875.7/s|walker_min=65.814|walker_med=90.870|walker_max=98.560
STEP|n=190500000|unique=5302952|accepted=24443653|rate=110880.8/s|walker_min=50.446|walker_med=92.422|walker_max=99.220
STEP|n=190600000|unique=5303918|accepted=24444619|rate=110885.6/s|walker_min=49.993|walker_med=89.792|walker_max=99.074
STEP|n=190700000|unique=5304836|accepted=24445537|rate=110891.7/s|walker_min=45.083|walker_med=78.838|walker_max=98.600
STEP|n=190800000|unique=5305771|accepted=24446472|rate=110897.4/s|walker_min=59.416|walker_med=86.870|walker_max=98.950
STEP|n=190900000|unique=5306695|accepted=24447396|rate=110902.0/s|walker_min=49.651|walker_med=87.219|walker_max=98.938
STEP|n=191000000|unique=5307538|accepted=24448239|rate=110903.6/s|walker_min=43.029|walker_med=66.406|walker_max=97.759
STEP|n=191100000|unique=5308373|accepted=24449074|rate=110905.2/s|walker_min=48.580|walker_med=79.966|walker_max=98.963
STEP|n=191200000|unique=5309215|accepted=24449916|rate=110909.1/s|walker_min=69.838|walker_med=89.883|walker_max=98.704
STEP|n=191300000|unique=5310084|accepted=24450785|rate=110915.2/s|walker_min=67.298|walker_med=90.152|walker_max=98.877
STEP|n=191400000|unique=5311001|accepted=24451702|rate=110921.9/s|walker_min=49.746|walker_med=89.737|walker_max=98.994
STEP|n=191500000|unique=5311793|accepted=24452494|rate=110928.5/s|walker_min=60.738|walker_med=89.407|walker_max=98.787
STEP|n=191600000|unique=5312653|accepted=24453354|rate=110934.9/s|walker_min=50.779|walker_med=89.825|walker_max=99.116
STEP|n=191700000|unique=5313568|accepted=24454269|rate=110941.5/s|walker_min=61.042|walker_med=89.691|walker_max=98.921
STEP|n=191800000|unique=5314486|accepted=24455187|rate=110948.8/s|walker_min=63.719|walker_med=91.540|walker_max=98.948
STEP|n=191900000|unique=5315449|accepted=24456150|rate=110956.5/s|walker_min=67.864|walker_med=93.780|walker_max=99.091
STEP|n=192000000|unique=5316330|accepted=24457031|rate=110964.2/s|walker_min=65.990|walker_med=93.802|walker_max=98.967
STEP|n=192100000|unique=5317316|accepted=24458017|rate=110971.4/s|walker_min=57.600|walker_med=93.065|walker_max=99.142
STEP|n=192200000|unique=5318183|accepted=24458884|rate=110978.0/s|walker_min=49.803|walker_med=85.959|walker_max=98.925
STEP|n=192300000|unique=5319007|accepted=24459708|rate=110984.9/s|walker_min=58.346|walker_med=93.208|walker_max=99.108
STEP|n=192400000|unique=5319967|accepted=24460668|rate=110992.5/s|walker_min=59.189|walker_med=91.464|walker_max=99.106
STEP|n=192500000|unique=5320883|accepted=24461584|rate=110999.9/s|walker_min=60.060|walker_med=89.105|walker_max=99.151
STEP|n=192600000|unique=5321727|accepted=24462428|rate=111007.2/s|walker_min=62.802|walker_med=90.504|walker_max=98.692
STEP|n=192700000|unique=5322655|accepted=24463356|rate=111013.1/s|walker_min=54.591|walker_med=88.313|walker_max=99.130
STEP|n=192800000|unique=5323533|accepted=24464234|rate=111017.4/s|walker_min=57.484|walker_med=88.712|walker_max=99.104
STEP|n=192900000|unique=5324405|accepted=24465106|rate=111021.3/s|walker_min=51.342|walker_med=80.630|walker_max=97.530
STEP|n=193000000|unique=5325264|accepted=24465965|rate=111025.1/s|walker_min=32.035|walker_med=72.951|walker_max=95.328
STEP|n=193100000|unique=5326113|accepted=24466814|rate=111029.1/s|walker_min=55.591|walker_med=82.991|walker_max=98.663
STEP|n=193200000|unique=5326966|accepted=24467667|rate=111033.0/s|walker_min=48.306|walker_med=89.813|walker_max=99.186
STEP|n=193300000|unique=5327872|accepted=24468573|rate=111038.3/s|walker_min=60.714|walker_med=85.568|walker_max=98.020
STEP|n=193400000|unique=5328719|accepted=24469420|rate=111043.9/s|walker_min=51.241|walker_med=83.046|walker_max=96.005
STEP|n=193500000|unique=5329633|accepted=24470334|rate=111042.4/s|walker_min=58.745|walker_med=88.963|walker_max=98.387
STEP|n=193600000|unique=5330438|accepted=24471139|rate=111047.0/s|walker_min=59.553|walker_med=91.148|walker_max=98.380
STEP|n=193700000|unique=5331317|accepted=24472018|rate=111052.9/s|walker_min=62.863|walker_med=88.267|walker_max=99.095
STEP|n=193800000|unique=5332217|accepted=24472918|rate=111059.0/s|walker_min=41.937|walker_med=89.920|walker_max=98.743
STEP|n=193900000|unique=5333076|accepted=24473777|rate=111064.7/s|walker_min=71.745|walker_med=92.284|walker_max=99.117
STEP|n=194000000|unique=5333949|accepted=24474650|rate=111069.7/s|walker_min=71.556|walker_med=91.637|walker_max=99.209
STEP|n=194100000|unique=5334783|accepted=24475484|rate=111074.8/s|walker_min=68.399|walker_med=91.054|walker_max=99.209
STEP|n=194200000|unique=5335635|accepted=24476336|rate=111081.1/s|walker_min=59.959|walker_med=92.283|walker_max=99.223
STEP|n=194300000|unique=5336543|accepted=24477244|rate=111086.8/s|walker_min=69.087|walker_med=90.085|walker_max=98.468
STEP|n=194400000|unique=5337469|accepted=24478170|rate=111091.5/s|walker_min=65.802|walker_med=93.738|walker_max=99.010
STEP|n=194500000|unique=5338338|accepted=24479039|rate=111090.8/s|walker_min=67.924|walker_med=88.976|walker_max=98.647
STEP|n=194600000|unique=5339215|accepted=24479916|rate=111097.0/s|walker_min=56.350|walker_med=89.846|walker_max=98.577
STEP|n=194700000|unique=5340054|accepted=24480755|rate=111101.8/s|walker_min=65.899|walker_med=88.021|walker_max=99.215
STEP|n=194800000|unique=5340978|accepted=24481679|rate=111105.5/s|walker_min=51.839|walker_med=83.634|walker_max=98.954
STEP|n=194900000|unique=5341936|accepted=24482637|rate=111110.1/s|walker_min=53.654|walker_med=79.067|walker_max=99.229
STEP|n=195000000|unique=5342785|accepted=24483486|rate=111113.4/s|walker_min=43.923|walker_med=69.737|walker_max=95.893
STEP|n=195100000|unique=5343601|accepted=24484302|rate=111115.0/s|walker_min=45.021|walker_med=84.871|walker_max=99.165
STEP|n=195200000|unique=5344466|accepted=24485167|rate=111117.6/s|walker_min=50.313|walker_med=84.953|walker_max=99.183
STEP|n=195300000|unique=5345257|accepted=24485958|rate=111122.0/s|walker_min=65.874|walker_med=87.877|walker_max=98.630
STEP|n=195400000|unique=5346127|accepted=24486828|rate=111127.9/s|walker_min=61.290|walker_med=91.134|walker_max=98.482
STEP|n=195500000|unique=5346981|accepted=24487682|rate=111133.6/s|walker_min=52.855|walker_med=88.618|walker_max=98.795
STEP|n=195600000|unique=5347908|accepted=24488609|rate=111138.5/s|walker_min=66.280|walker_med=92.204|walker_max=99.004
STEP|n=195700000|unique=5348746|accepted=24489447|rate=111142.6/s|walker_min=65.787|walker_med=94.165|walker_max=99.155
STEP|n=195800000|unique=5349668|accepted=24490369|rate=111149.0/s|walker_min=67.636|walker_med=93.916|walker_max=98.782
STEP|n=195900000|unique=5350548|accepted=24491249|rate=111155.5/s|walker_min=79.537|walker_med=91.206|walker_max=99.016
STEP|n=196000000|unique=5351476|accepted=24492177|rate=111161.3/s|walker_min=49.707|walker_med=93.070|walker_max=99.181
STEP|n=196100000|unique=5352385|accepted=24493086|rate=111166.7/s|walker_min=66.433|walker_med=92.111|walker_max=99.195
STEP|n=196200000|unique=5353272|accepted=24493973|rate=111172.0/s|walker_min=56.595|walker_med=92.020|walker_max=98.814
STEP|n=196300000|unique=5354151|accepted=24494852|rate=111178.5/s|walker_min=68.670|walker_med=91.089|walker_max=99.051
STEP|n=196400000|unique=5354986|accepted=24495687|rate=111185.1/s|walker_min=64.403|walker_med=88.587|walker_max=98.797
STEP|n=196500000|unique=5355739|accepted=24496440|rate=111191.7/s|walker_min=60.339|walker_med=90.759|walker_max=97.814
STEP|n=196600000|unique=5356553|accepted=24497254|rate=111196.2/s|walker_min=61.456|walker_med=89.883|walker_max=98.228
STEP|n=196700000|unique=5357425|accepted=24498126|rate=111200.6/s|walker_min=67.780|walker_med=85.021|walker_max=97.179
STEP|n=196800000|unique=5358246|accepted=24498947|rate=111206.0/s|walker_min=30.695|walker_med=88.760|walker_max=99.189
STEP|n=196900000|unique=5359129|accepted=24499830|rate=111200.2/s|walker_min=48.456|walker_med=87.037|walker_max=98.789
STEP|n=197000000|unique=5359983|accepted=24500684|rate=111201.5/s|walker_min=30.452|walker_med=81.101|walker_max=97.831
STEP|n=197100000|unique=5360773|accepted=24501474|rate=111203.0/s|walker_min=52.523|walker_med=83.323|walker_max=94.893
STEP|n=197200000|unique=5361627|accepted=24502328|rate=111206.0/s|walker_min=49.950|walker_med=83.120|walker_max=97.395
STEP|n=197300000|unique=5362473|accepted=24503174|rate=111209.2/s|walker_min=57.849|walker_med=89.163|walker_max=98.749
STEP|n=197400000|unique=5363256|accepted=24503957|rate=111213.5/s|walker_min=70.817|walker_med=90.567|walker_max=98.849
STEP|n=197500000|unique=5364144|accepted=24504845|rate=111218.1/s|walker_min=61.866|walker_med=85.820|walker_max=98.653
STEP|n=197600000|unique=5364932|accepted=24505633|rate=111222.6/s|walker_min=52.373|walker_med=90.749|walker_max=98.873
STEP|n=197700000|unique=5365817|accepted=24506518|rate=111227.3/s|walker_min=50.653|walker_med=90.110|walker_max=98.787
STEP|n=197800000|unique=5366644|accepted=24507345|rate=111230.5/s|walker_min=66.513|walker_med=89.086|walker_max=97.709
STEP|n=197900000|unique=5367508|accepted=24508209|rate=111234.4/s|walker_min=60.473|walker_med=91.658|walker_max=99.221
STEP|n=198000000|unique=5368359|accepted=24509060|rate=111239.6/s|walker_min=61.308|walker_med=89.221|walker_max=99.099
STEP|n=198100000|unique=5369153|accepted=24509854|rate=111244.6/s|walker_min=50.963|walker_med=90.377|walker_max=99.173
STEP|n=198200000|unique=5370036|accepted=24510737|rate=111249.5/s|walker_min=50.466|walker_med=92.767|walker_max=99.045
STEP|n=198300000|unique=5370890|accepted=24511591|rate=111254.2/s|walker_min=60.201|walker_med=88.064|walker_max=98.977
STEP|n=198400000|unique=5371743|accepted=24512444|rate=111258.8/s|walker_min=53.239|walker_med=88.352|walker_max=98.673
STEP|n=198500000|unique=5372550|accepted=24513251|rate=111263.3/s|walker_min=74.261|walker_med=93.697|walker_max=99.244
STEP|n=198600000|unique=5373406|accepted=24514107|rate=111266.3/s|walker_min=65.055|walker_med=92.217|walker_max=98.765
STEP|n=198700000|unique=5374193|accepted=24514894|rate=111270.6/s|walker_min=62.403|walker_med=90.450|walker_max=98.464
STEP|n=198800000|unique=5375074|accepted=24515775|rate=111274.6/s|walker_min=55.788|walker_med=87.032|walker_max=98.530
STEP|n=198900000|unique=5375954|accepted=24516655|rate=111277.6/s|walker_min=53.437|walker_med=82.932|walker_max=98.087
STEP|n=199000000|unique=5376770|accepted=24517471|rate=111279.3/s|walker_min=39.378|walker_med=72.894|walker_max=98.350
STEP|n=199100000|unique=5377529|accepted=24518230|rate=111279.8/s|walker_min=52.991|walker_med=84.452|walker_max=99.061
STEP|n=199200000|unique=5378344|accepted=24519045|rate=111283.2/s|walker_min=49.172|walker_med=90.386|walker_max=99.138
STEP|n=199300000|unique=5379190|accepted=24519891|rate=111287.2/s|walker_min=61.027|walker_med=88.940|walker_max=97.766
STEP|n=199400000|unique=5380034|accepted=24520735|rate=111291.1/s|walker_min=59.630|walker_med=91.197|walker_max=99.106
STEP|n=199500000|unique=5380841|accepted=24521542|rate=111295.7/s|walker_min=50.520|walker_med=90.973|walker_max=99.037
STEP|n=199600000|unique=5381631|accepted=24522332|rate=111300.5/s|walker_min=66.432|walker_med=92.014|walker_max=99.124
STEP|n=199700000|unique=5382614|accepted=24523315|rate=111305.3/s|walker_min=68.552|walker_med=92.787|walker_max=98.781
STEP|n=199800000|unique=5383415|accepted=24524116|rate=111310.0/s|walker_min=52.344|walker_med=90.333|walker_max=98.327
STEP|n=199900000|unique=5384180|accepted=24524881|rate=111314.4/s|walker_min=67.297|walker_med=91.960|walker_max=98.675
STEP|n=200000000|unique=5384863|accepted=24525564|rate=111318.9/s|walker_min=62.511|walker_med=91.965|walker_max=98.966
CHECKPOINT|step=200000000|unique=5384863|saved=3000000|min=25.4807|max=93.1608
STEP|n=200100000|unique=5385668|accepted=24526369|rate=110890.8/s|walker_min=61.601|walker_med=94.263|walker_max=99.078
STEP|n=200200000|unique=5386460|accepted=24527161|rate=110895.4/s|walker_min=52.929|walker_med=93.224|walker_max=99.226
STEP|n=200300000|unique=5387220|accepted=24527921|rate=110893.3/s|walker_min=66.271|walker_med=90.446|walker_max=98.990
STEP|n=200400000|unique=5388033|accepted=24528734|rate=110897.3/s|walker_min=53.497|walker_med=89.119|walker_max=98.650
STEP|n=200500000|unique=5388811|accepted=24529512|rate=110901.6/s|walker_min=64.198|walker_med=88.084|walker_max=98.382
STEP|n=200600000|unique=5389546|accepted=24530247|rate=110905.7/s|walker_min=64.455|walker_med=87.356|walker_max=98.873
STEP|n=200700000|unique=5390396|accepted=24531097|rate=110910.0/s|walker_min=69.308|walker_med=92.277|walker_max=97.867
STEP|n=200800000|unique=5391265|accepted=24531966|rate=110913.8/s|walker_min=43.361|walker_med=83.592|walker_max=98.836
STEP|n=200900000|unique=5392046|accepted=24532747|rate=110917.1/s|walker_min=60.492|walker_med=81.795|walker_max=99.154
STEP|n=201000000|unique=5392873|accepted=24533574|rate=110918.9/s|walker_min=51.440|walker_med=76.006|walker_max=98.960
STEP|n=201100000|unique=5393660|accepted=24534361|rate=110920.5/s|walker_min=31.691|walker_med=83.864|walker_max=97.861
STEP|n=201200000|unique=5394445|accepted=24535146|rate=110923.4/s|walker_min=53.764|walker_med=90.502|walker_max=98.483
STEP|n=201300000|unique=5395228|accepted=24535929|rate=110927.2/s|walker_min=49.317|walker_med=85.166|walker_max=98.410
STEP|n=201400000|unique=5396006|accepted=24536707|rate=110931.5/s|walker_min=63.111|walker_med=90.814|walker_max=99.138
STEP|n=201500000|unique=5396876|accepted=24537577|rate=110936.0/s|walker_min=56.001|walker_med=83.021|walker_max=99.134
STEP|n=201600000|unique=5397664|accepted=24538365|rate=110940.5/s|walker_min=67.886|walker_med=90.907|walker_max=98.967
STEP|n=201700000|unique=5398462|accepted=24539163|rate=110945.2/s|walker_min=67.199|walker_med=92.790|walker_max=98.693
STEP|n=201800000|unique=5399287|accepted=24539988|rate=110949.9/s|walker_min=60.150|walker_med=92.442|walker_max=98.850
STEP|n=201900000|unique=5400063|accepted=24540764|rate=110954.8/s|walker_min=59.632|walker_med=92.864|walker_max=98.765
STEP|n=202000000|unique=5400828|accepted=24541529|rate=110959.6/s|walker_min=58.163|walker_med=89.970|walker_max=99.196
STEP|n=202100000|unique=5401583|accepted=24542284|rate=110964.5/s|walker_min=70.550|walker_med=91.327|walker_max=98.665
STEP|n=202200000|unique=5402413|accepted=24543114|rate=110969.2/s|walker_min=48.882|walker_med=90.194|walker_max=98.688
STEP|n=202300000|unique=5403189|accepted=24543890|rate=110973.6/s|walker_min=70.850|walker_med=90.960|walker_max=98.777
STEP|n=202400000|unique=5403979|accepted=24544680|rate=110978.0/s|walker_min=66.809|walker_med=91.298|walker_max=98.180
STEP|n=202500000|unique=5404820|accepted=24545521|rate=110982.4/s|walker_min=59.967|walker_med=87.546|walker_max=99.227
STEP|n=202600000|unique=5405629|accepted=24546330|rate=110986.7/s|walker_min=51.867|walker_med=89.699|walker_max=99.197
STEP|n=202700000|unique=5406371|accepted=24547072|rate=110990.9/s|walker_min=57.216|walker_med=90.691|walker_max=98.845
STEP|n=202800000|unique=5407099|accepted=24547800|rate=110994.5/s|walker_min=64.806|walker_med=88.339|walker_max=99.052
STEP|n=202900000|unique=5407842|accepted=24548543|rate=110997.7/s|walker_min=49.283|walker_med=85.432|walker_max=98.803
STEP|n=203000000|unique=5408586|accepted=24549287|rate=110999.4/s|walker_min=33.902|walker_med=71.512|walker_max=99.059
STEP|n=203100000|unique=5409252|accepted=24549953|rate=111000.4/s|walker_min=54.688|walker_med=84.405|walker_max=98.958
STEP|n=203200000|unique=5410018|accepted=24550719|rate=111003.9/s|walker_min=39.907|walker_med=86.989|walker_max=98.334
STEP|n=203300000|unique=5410750|accepted=24551451|rate=111007.4/s|walker_min=65.023|walker_med=93.332|walker_max=98.932
STEP|n=203400000|unique=5411434|accepted=24552135|rate=111011.3/s|walker_min=48.801|walker_med=89.982|walker_max=98.468
STEP|n=203500000|unique=5412239|accepted=24552940|rate=111015.6/s|walker_min=51.083|walker_med=92.455|walker_max=99.220
STEP|n=203600000|unique=5413000|accepted=24553701|rate=111020.4/s|walker_min=53.790|walker_med=89.215|walker_max=98.930
STEP|n=203700000|unique=5413752|accepted=24554453|rate=111024.6/s|walker_min=69.714|walker_med=89.949|walker_max=99.193
STEP|n=203800000|unique=5414522|accepted=24555223|rate=111029.1/s|walker_min=50.062|walker_med=93.348|walker_max=99.198
STEP|n=203900000|unique=5415285|accepted=24555986|rate=111033.6/s|walker_min=53.168|walker_med=89.334|walker_max=99.193
STEP|n=204000000|unique=5415975|accepted=24556676|rate=111038.3/s|walker_min=66.933|walker_med=89.932|walker_max=99.219
STEP|n=204100000|unique=5416769|accepted=24557470|rate=111042.8/s|walker_min=61.469|walker_med=87.771|walker_max=98.801
STEP|n=204200000|unique=5417568|accepted=24558269|rate=111047.1/s|walker_min=60.557|walker_med=90.376|walker_max=99.128
STEP|n=204300000|unique=5418398|accepted=24559099|rate=111051.8/s|walker_min=62.179|walker_med=92.952|walker_max=98.985
STEP|n=204400000|unique=5419313|accepted=24560014|rate=111056.5/s|walker_min=69.527|walker_med=89.347|walker_max=98.919
STEP|n=204500000|unique=5420162|accepted=24560863|rate=111061.1/s|walker_min=50.401|walker_med=90.608|walker_max=99.227
STEP|n=204600000|unique=5420891|accepted=24561592|rate=111065.0/s|walker_min=66.045|walker_med=92.069|walker_max=99.017
STEP|n=204700000|unique=5421617|accepted=24562318|rate=111069.0/s|walker_min=47.785|walker_med=87.670|walker_max=97.917
STEP|n=204800000|unique=5422395|accepted=24563096|rate=111072.8/s|walker_min=67.490|walker_med=88.925|walker_max=99.232
STEP|n=204900000|unique=5423077|accepted=24563778|rate=111075.6/s|walker_min=52.389|walker_med=85.430|walker_max=98.691
STEP|n=205000000|unique=5423758|accepted=24564459|rate=111076.8/s|walker_min=30.778|walker_med=70.364|walker_max=99.093
STEP|n=205100000|unique=5424468|accepted=24565169|rate=111078.3/s|walker_min=53.429|walker_med=85.915|walker_max=98.698
STEP|n=205200000|unique=5425224|accepted=24565925|rate=111080.8/s|walker_min=56.941|walker_med=85.412|walker_max=98.597
STEP|n=205300000|unique=5426027|accepted=24566728|rate=111084.6/s|walker_min=50.615|walker_med=87.801|walker_max=98.757
STEP|n=205400000|unique=5426739|accepted=24567440|rate=111088.8/s|walker_min=56.555|walker_med=86.845|walker_max=99.052
STEP|n=205500000|unique=5427505|accepted=24568206|rate=111092.8/s|walker_min=57.286|walker_med=91.979|walker_max=99.146
STEP|n=205600000|unique=5428210|accepted=24568911|rate=111096.7/s|walker_min=38.905|walker_med=89.197|walker_max=98.914
STEP|n=205700000|unique=5428956|accepted=24569657|rate=111101.1/s|walker_min=66.668|walker_med=91.631|walker_max=98.372
STEP|n=205800000|unique=5429681|accepted=24570382|rate=111105.6/s|walker_min=48.251|walker_med=92.460|walker_max=98.546
STEP|n=205900000|unique=5430402|accepted=24571103|rate=111110.1/s|walker_min=57.921|walker_med=91.270|walker_max=99.078
STEP|n=206000000|unique=5431125|accepted=24571826|rate=111114.5/s|walker_min=58.450|walker_med=90.370|walker_max=99.138
STEP|n=206100000|unique=5431901|accepted=24572602|rate=111118.9/s|walker_min=62.607|walker_med=91.954|walker_max=98.470
STEP|n=206200000|unique=5432582|accepted=24573283|rate=111123.4/s|walker_min=60.281|walker_med=88.486|walker_max=98.882
STEP|n=206300000|unique=5433352|accepted=24574053|rate=111127.9/s|walker_min=60.107|walker_med=88.414|walker_max=99.203
STEP|n=206400000|unique=5434123|accepted=24574824|rate=111132.7/s|walker_min=62.258|walker_med=89.867|walker_max=98.229
STEP|n=206500000|unique=5434914|accepted=24575615|rate=111137.5/s|walker_min=50.509|walker_med=88.402|walker_max=98.935
STEP|n=206600000|unique=5435656|accepted=24576357|rate=111141.5/s|walker_min=55.439|walker_med=90.910|walker_max=99.242
STEP|n=206700000|unique=5436369|accepted=24577070|rate=111145.3/s|walker_min=61.277|walker_med=86.343|walker_max=98.893
STEP|n=206800000|unique=5437171|accepted=24577872|rate=111149.1/s|walker_min=53.602|walker_med=89.713|walker_max=98.704
STEP|n=206900000|unique=5437940|accepted=24578641|rate=111151.7/s|walker_min=57.291|walker_med=82.712|walker_max=97.863
STEP|n=207000000|unique=5438718|accepted=24579419|rate=111153.4/s|walker_min=42.183|walker_med=73.334|walker_max=98.949
STEP|n=207100000|unique=5439342|accepted=24580043|rate=111154.6/s|walker_min=52.684|walker_med=87.640|walker_max=99.061
STEP|n=207200000|unique=5440019|accepted=24580720|rate=111157.6/s|walker_min=48.252|walker_med=87.464|walker_max=99.229
STEP|n=207300000|unique=5440739|accepted=24581440|rate=111161.0/s|walker_min=59.448|walker_med=89.507|walker_max=98.971
STEP|n=207400000|unique=5441460|accepted=24582161|rate=111164.9/s|walker_min=58.591|walker_med=89.756|walker_max=99.088
STEP|n=207500000|unique=5442174|accepted=24582875|rate=111169.0/s|walker_min=53.846|walker_med=92.385|walker_max=99.253
STEP|n=207600000|unique=5443027|accepted=24583728|rate=111173.5/s|walker_min=60.373|walker_med=92.540|walker_max=99.107
STEP|n=207700000|unique=5443935|accepted=24584636|rate=111178.1/s|walker_min=67.741|walker_med=90.509|walker_max=98.997
STEP|n=207800000|unique=5444651|accepted=24585352|rate=111182.4/s|walker_min=45.309|walker_med=93.085|walker_max=99.239
STEP|n=207900000|unique=5445404|accepted=24586105|rate=111187.0/s|walker_min=66.454|walker_med=92.542|walker_max=99.057
STEP|n=208000000|unique=5446098|accepted=24586799|rate=111191.7/s|walker_min=60.627|walker_med=90.850|walker_max=99.191
STEP|n=208100000|unique=5446778|accepted=24587479|rate=111196.5/s|walker_min=55.194|walker_med=91.023|walker_max=98.696
STEP|n=208200000|unique=5447450|accepted=24588151|rate=111200.7/s|walker_min=64.663|walker_med=87.351|walker_max=99.242
STEP|n=208300000|unique=5448165|accepted=24588866|rate=111204.9/s|walker_min=61.433|walker_med=91.220|walker_max=98.291
STEP|n=208400000|unique=5448944|accepted=24589645|rate=111209.3/s|walker_min=72.262|walker_med=88.026|walker_max=98.770
STEP|n=208500000|unique=5449645|accepted=24590346|rate=111213.5/s|walker_min=51.722|walker_med=88.939|walker_max=97.157
STEP|n=208600000|unique=5450404|accepted=24591105|rate=111217.7/s|walker_min=67.179|walker_med=88.672|walker_max=99.007
STEP|n=208700000|unique=5451200|accepted=24591901|rate=111222.0/s|walker_min=63.539|walker_med=91.157|walker_max=98.691
STEP|n=208800000|unique=5451960|accepted=24592661|rate=111225.6/s|walker_min=27.874|walker_med=83.820|walker_max=98.137
STEP|n=208900000|unique=5452686|accepted=24593387|rate=111228.1/s|walker_min=47.706|walker_med=82.564|walker_max=99.010
STEP|n=209000000|unique=5453375|accepted=24594076|rate=111229.3/s|walker_min=47.569|walker_med=78.836|walker_max=99.238
STEP|n=209100000|unique=5454043|accepted=24594744|rate=111230.7/s|walker_min=38.891|walker_med=86.944|walker_max=98.361
STEP|n=209200000|unique=5454791|accepted=24595492|rate=111233.4/s|walker_min=57.226|walker_med=85.959|walker_max=98.032
STEP|n=209300000|unique=5455540|accepted=24596241|rate=111236.7/s|walker_min=46.483|walker_med=89.961|walker_max=98.046
STEP|n=209400000|unique=5456222|accepted=24596923|rate=111239.9/s|walker_min=61.010|walker_med=89.666|walker_max=99.101
STEP|n=209500000|unique=5456892|accepted=24597593|rate=111243.7/s|walker_min=60.980|walker_med=89.723|walker_max=98.951
STEP|n=209600000|unique=5457569|accepted=24598270|rate=111247.8/s|walker_min=55.172|walker_med=90.693|walker_max=98.141
STEP|n=209700000|unique=5458269|accepted=24598970|rate=111251.7/s|walker_min=63.443|walker_med=93.226|walker_max=99.210
STEP|n=209800000|unique=5458975|accepted=24599676|rate=111256.2/s|walker_min=74.239|walker_med=89.590|walker_max=98.803
STEP|n=209900000|unique=5459675|accepted=24600376|rate=111260.5/s|walker_min=67.048|walker_med=89.589|walker_max=98.812
STEP|n=210000000|unique=5460373|accepted=24601074|rate=111264.8/s|walker_min=57.529|walker_med=89.912|walker_max=98.895
STEP|n=210100000|unique=5461004|accepted=24601705|rate=111269.1/s|walker_min=66.980|walker_med=91.335|walker_max=99.175
STEP|n=210200000|unique=5461684|accepted=24602385|rate=111273.7/s|walker_min=69.080|walker_med=90.593|walker_max=98.978
STEP|n=210300000|unique=5462412|accepted=24603113|rate=111278.2/s|walker_min=68.561|walker_med=90.593|walker_max=98.941
STEP|n=210400000|unique=5463089|accepted=24603790|rate=111282.5/s|walker_min=54.966|walker_med=85.373|walker_max=96.721
STEP|n=210500000|unique=5463719|accepted=24604420|rate=111286.5/s|walker_min=68.425|walker_med=88.688|walker_max=97.902
STEP|n=210600000|unique=5464525|accepted=24605226|rate=111290.4/s|walker_min=49.178|walker_med=87.223|walker_max=98.758
STEP|n=210700000|unique=5465206|accepted=24605907|rate=111294.4/s|walker_min=52.432|walker_med=88.815|walker_max=98.104
STEP|n=210800000|unique=5465868|accepted=24606569|rate=111297.6/s|walker_min=55.113|walker_med=86.947|walker_max=99.117
STEP|n=210900000|unique=5466543|accepted=24607244|rate=111299.9/s|walker_min=60.735|walker_med=86.128|walker_max=98.915
STEP|n=211000000|unique=5467204|accepted=24607905|rate=111300.9/s|walker_min=32.323|walker_med=78.524|walker_max=97.444
STEP|n=211100000|unique=5467861|accepted=24608562|rate=111302.0/s|walker_min=58.821|walker_med=78.448|walker_max=97.884
STEP|n=211200000|unique=5468665|accepted=24609366|rate=111305.0/s|walker_min=66.086|walker_med=89.386|walker_max=98.765
STEP|n=211300000|unique=5469479|accepted=24610180|rate=111308.6/s|walker_min=47.003|walker_med=89.593|walker_max=99.107
STEP|n=211400000|unique=5470261|accepted=24610962|rate=111312.2/s|walker_min=60.063|walker_med=90.267|walker_max=98.513
STEP|n=211500000|unique=5471012|accepted=24611713|rate=111316.4/s|walker_min=64.556|walker_med=93.239|walker_max=99.118
STEP|n=211600000|unique=5471785|accepted=24612486|rate=111320.7/s|walker_min=66.609|walker_med=91.906|walker_max=99.180
STEP|n=211700000|unique=5472506|accepted=24613207|rate=111324.9/s|walker_min=74.500|walker_med=93.266|walker_max=99.075
STEP|n=211800000|unique=5473233|accepted=24613934|rate=111329.2/s|walker_min=62.643|walker_med=92.421|walker_max=98.757
STEP|n=211900000|unique=5473911|accepted=24614612|rate=111333.3/s|walker_min=66.694|walker_med=93.172|walker_max=98.724
STEP|n=212000000|unique=5474566|accepted=24615267|rate=111337.8/s|walker_min=65.906|walker_med=90.412|walker_max=98.738
STEP|n=212100000|unique=5475287|accepted=24615988|rate=111342.4/s|walker_min=60.820|walker_med=91.240|walker_max=98.196
STEP|n=212200000|unique=5475955|accepted=24616656|rate=111346.5/s|walker_min=72.634|walker_med=92.543|walker_max=99.252
STEP|n=212300000|unique=5476612|accepted=24617313|rate=111350.8/s|walker_min=68.125|walker_med=89.183|walker_max=96.785
STEP|n=212400000|unique=5477237|accepted=24617938|rate=111354.8/s|walker_min=59.346|walker_med=89.044|walker_max=99.120
STEP|n=212500000|unique=5477941|accepted=24618642|rate=111359.1/s|walker_min=69.738|walker_med=90.285|walker_max=99.260
STEP|n=212600000|unique=5478570|accepted=24619271|rate=111363.1/s|walker_min=58.338|walker_med=84.956|walker_max=98.960
STEP|n=212700000|unique=5479311|accepted=24620012|rate=111366.5/s|walker_min=57.449|walker_med=90.723|walker_max=98.882
STEP|n=212800000|unique=5479959|accepted=24620660|rate=111369.7/s|walker_min=56.068|walker_med=85.094|walker_max=97.948
STEP|n=212900000|unique=5480610|accepted=24621311|rate=111372.3/s|walker_min=39.583|walker_med=82.191|walker_max=99.200
STEP|n=213000000|unique=5481208|accepted=24621909|rate=111373.4/s|walker_min=44.511|walker_med=72.644|walker_max=97.408
STEP|n=213100000|unique=5481813|accepted=24622514|rate=111374.2/s|walker_min=42.803|walker_med=76.815|walker_max=97.680
STEP|n=213200000|unique=5482451|accepted=24623152|rate=111376.6/s|walker_min=55.843|walker_med=89.475|walker_max=98.768
STEP|n=213300000|unique=5483151|accepted=24623852|rate=111379.8/s|walker_min=62.932|walker_med=89.942|walker_max=98.803
STEP|n=213400000|unique=5483903|accepted=24624604|rate=111383.5/s|walker_min=57.431|walker_med=89.293|walker_max=99.232
STEP|n=213500000|unique=5484673|accepted=24625374|rate=111387.7/s|walker_min=39.494|walker_med=89.637|walker_max=97.030
STEP|n=213600000|unique=5485404|accepted=24626105|rate=111391.9/s|walker_min=67.599|walker_med=91.326|walker_max=99.031
STEP|n=213700000|unique=5486066|accepted=24626767|rate=111396.3/s|walker_min=63.043|walker_med=91.420|walker_max=98.676
STEP|n=213800000|unique=5486709|accepted=24627410|rate=111400.4/s|walker_min=48.529|walker_med=90.394|walker_max=98.505
STEP|n=213900000|unique=5487411|accepted=24628112|rate=111404.7/s|walker_min=62.791|walker_med=92.563|walker_max=99.106
STEP|n=214000000|unique=5488108|accepted=24628809|rate=111409.2/s|walker_min=76.927|walker_med=94.997|walker_max=99.213
STEP|n=214100000|unique=5488805|accepted=24629506|rate=111413.8/s|walker_min=57.188|walker_med=91.815|walker_max=98.882
STEP|n=214200000|unique=5489613|accepted=24630314|rate=111418.7/s|walker_min=68.404|walker_med=91.361|walker_max=98.971
STEP|n=214300000|unique=5490321|accepted=24631022|rate=111423.3/s|walker_min=56.979|walker_med=91.098|walker_max=99.258
STEP|n=214400000|unique=5491076|accepted=24631777|rate=111427.3/s|walker_min=60.426|walker_med=89.057|walker_max=98.947
STEP|n=214500000|unique=5491797|accepted=24632498|rate=111431.4/s|walker_min=59.799|walker_med=91.825|walker_max=98.941
STEP|n=214600000|unique=5492559|accepted=24633260|rate=111435.2/s|walker_min=50.469|walker_med=90.082|walker_max=98.867
STEP|n=214700000|unique=5493270|accepted=24633971|rate=111438.9/s|walker_min=56.722|walker_med=88.360|walker_max=98.984
STEP|n=214800000|unique=5493994|accepted=24634695|rate=111442.5/s|walker_min=46.941|walker_med=90.503|walker_max=98.670
STEP|n=214900000|unique=5494729|accepted=24635430|rate=111445.2/s|walker_min=47.877|walker_med=89.345|walker_max=98.526
STEP|n=215000000|unique=5495395|accepted=24636096|rate=111446.2/s|walker_min=45.670|walker_med=78.200|walker_max=94.885
STEP|n=215100000|unique=5496055|accepted=24636756|rate=111447.4/s|walker_min=33.081|walker_med=78.921|walker_max=96.118
STEP|n=215200000|unique=5496676|accepted=24637377|rate=111449.9/s|walker_min=53.974|walker_med=87.896|walker_max=95.992
STEP|n=215300000|unique=5497394|accepted=24638095|rate=111453.7/s|walker_min=55.987|walker_med=88.843|walker_max=96.074
STEP|n=215400000|unique=5498126|accepted=24638827|rate=111457.5/s|walker_min=62.832|walker_med=91.214|walker_max=99.192
STEP|n=215500000|unique=5498798|accepted=24639499|rate=111460.8/s|walker_min=64.499|walker_med=93.586|walker_max=99.160
STEP|n=215600000|unique=5499479|accepted=24640180|rate=111464.8/s|walker_min=66.019|walker_med=90.905|walker_max=99.076
STEP|n=215700000|unique=5500184|accepted=24640885|rate=111468.8/s|walker_min=64.355|walker_med=91.743|walker_max=99.020
STEP|n=215800000|unique=5500882|accepted=24641583|rate=111473.1/s|walker_min=48.534|walker_med=90.554|walker_max=99.157
STEP|n=215900000|unique=5501500|accepted=24642201|rate=111477.4/s|walker_min=59.084|walker_med=94.217|walker_max=99.129
STEP|n=216000000|unique=5502141|accepted=24642842|rate=111481.7/s|walker_min=77.087|walker_med=93.142|walker_max=99.067
STEP|n=216100000|unique=5502760|accepted=24643461|rate=111486.0/s|walker_min=71.831|walker_med=88.692|walker_max=98.192
STEP|n=216200000|unique=5503408|accepted=24644109|rate=111490.3/s|walker_min=69.529|walker_med=91.391|walker_max=99.234
STEP|n=216300000|unique=5504048|accepted=24644749|rate=111494.6/s|walker_min=58.699|walker_med=88.304|walker_max=97.276
STEP|n=216400000|unique=5504774|accepted=24645475|rate=111498.4/s|walker_min=69.777|walker_med=91.560|walker_max=99.190
STEP|n=216500000|unique=5505549|accepted=24646250|rate=111503.0/s|walker_min=57.419|walker_med=92.095|walker_max=98.789
STEP|n=216600000|unique=5506308|accepted=24647009|rate=111506.9/s|walker_min=52.091|walker_med=88.979|walker_max=98.987
STEP|n=216700000|unique=5506912|accepted=24647613|rate=111510.6/s|walker_min=37.782|walker_med=86.152|walker_max=99.212
STEP|n=216800000|unique=5507553|accepted=24648254|rate=111513.6/s|walker_min=67.367|walker_med=90.049|walker_max=98.815
STEP|n=216900000|unique=5508252|accepted=24648953|rate=111516.3/s|walker_min=61.757|walker_med=82.001|walker_max=98.692
STEP|n=217000000|unique=5508959|accepted=24649660|rate=111517.6/s|walker_min=33.363|walker_med=75.223|walker_max=98.504
STEP|n=217100000|unique=5509570|accepted=24650271|rate=111518.8/s|walker_min=42.708|walker_med=83.782|walker_max=98.454
STEP|n=217200000|unique=5510253|accepted=24650954|rate=111521.6/s|walker_min=47.408|walker_med=86.519|walker_max=98.120
STEP|n=217300000|unique=5510919|accepted=24651620|rate=111524.9/s|walker_min=52.331|walker_med=91.697|walker_max=99.065
STEP|n=217400000|unique=5511616|accepted=24652317|rate=111528.5/s|walker_min=58.912|walker_med=89.093|walker_max=99.155
STEP|n=217500000|unique=5512392|accepted=24653093|rate=111532.5/s|walker_min=49.671|walker_med=91.230|walker_max=99.026
STEP|n=217600000|unique=5513129|accepted=24653830|rate=111536.8/s|walker_min=77.906|walker_med=92.525|walker_max=98.972
STEP|n=217700000|unique=5513758|accepted=24654459|rate=111540.6/s|walker_min=59.537|walker_med=89.647|walker_max=98.418
STEP|n=217800000|unique=5514436|accepted=24655137|rate=111544.8/s|walker_min=73.995|walker_med=88.827|walker_max=99.217
STEP|n=217900000|unique=5515083|accepted=24655784|rate=111549.0/s|walker_min=71.696|walker_med=87.918|walker_max=98.655
STEP|n=218000000|unique=5515736|accepted=24656437|rate=111553.1/s|walker_min=61.726|walker_med=92.516|walker_max=98.712
STEP|n=218100000|unique=5516453|accepted=24657154|rate=111557.5/s|walker_min=64.877|walker_med=90.341|walker_max=99.230
STEP|n=218200000|unique=5517137|accepted=24657838|rate=111561.7/s|walker_min=62.302|walker_med=92.000|walker_max=99.227
STEP|n=218300000|unique=5517785|accepted=24658486|rate=111565.5/s|walker_min=62.438|walker_med=91.212|walker_max=98.665
STEP|n=218400000|unique=5518433|accepted=24659134|rate=111569.5/s|walker_min=45.269|walker_med=90.764|walker_max=99.257
STEP|n=218500000|unique=5519038|accepted=24659739|rate=111573.2/s|walker_min=66.335|walker_med=89.108|walker_max=99.161
STEP|n=218600000|unique=5519691|accepted=24660392|rate=111577.0/s|walker_min=66.007|walker_med=91.220|walker_max=98.594
STEP|n=218700000|unique=5520381|accepted=24661082|rate=111580.6/s|walker_min=53.042|walker_med=90.463|walker_max=99.059
STEP|n=218800000|unique=5520991|accepted=24661692|rate=111577.6/s|walker_min=53.000|walker_med=85.508|walker_max=99.103
STEP|n=218900000|unique=5521610|accepted=24662311|rate=111580.2/s|walker_min=44.621|walker_med=77.359|walker_max=98.472
STEP|n=219000000|unique=5522096|accepted=24662797|rate=111581.3/s|walker_min=43.087|walker_med=80.392|walker_max=98.796
STEP|n=219100000|unique=5522686|accepted=24663387|rate=111582.2/s|walker_min=40.870|walker_med=88.389|walker_max=98.847
STEP|n=219200000|unique=5523264|accepted=24663965|rate=111584.7/s|walker_min=62.765|walker_med=87.102|walker_max=98.939
STEP|n=219300000|unique=5523957|accepted=24664658|rate=111587.8/s|walker_min=60.862|walker_med=88.533|walker_max=98.812
STEP|n=219400000|unique=5524560|accepted=24665261|rate=111591.3/s|walker_min=43.132|walker_med=89.557|walker_max=98.714
STEP|n=219500000|unique=5525209|accepted=24665910|rate=111595.0/s|walker_min=51.135|walker_med=89.696|walker_max=99.256
STEP|n=219600000|unique=5525805|accepted=24666506|rate=111598.8/s|walker_min=62.800|walker_med=89.650|walker_max=98.731
STEP|n=219700000|unique=5526435|accepted=24667136|rate=111603.0/s|walker_min=62.521|walker_med=91.960|walker_max=99.236
STEP|n=219800000|unique=5527124|accepted=24667825|rate=111607.3/s|walker_min=73.152|walker_med=92.775|walker_max=99.225
STEP|n=219900000|unique=5527837|accepted=24668538|rate=111611.5/s|walker_min=62.429|walker_med=89.723|walker_max=98.710
STEP|n=220000000|unique=5528463|accepted=24669164|rate=111615.4/s|walker_min=61.058|walker_med=91.047|walker_max=99.120
STEP|n=220100000|unique=5529120|accepted=24669821|rate=111617.8/s|walker_min=67.793|walker_med=94.966|walker_max=99.240
STEP|n=220200000|unique=5529680|accepted=24670381|rate=111621.9/s|walker_min=77.728|walker_med=93.893|walker_max=99.095
STEP|n=220300000|unique=5530300|accepted=24671001|rate=111626.1/s|walker_min=61.973|walker_med=92.905|walker_max=99.159
STEP|n=220400000|unique=5531032|accepted=24671733|rate=111630.1/s|walker_min=58.292|walker_med=89.307|walker_max=98.026
STEP|n=220500000|unique=5531617|accepted=24672318|rate=111634.1/s|walker_min=62.419|walker_med=92.723|walker_max=98.473
STEP|n=220600000|unique=5532273|accepted=24672974|rate=111637.8/s|walker_min=51.620|walker_med=93.002|walker_max=99.023
STEP|n=220700000|unique=5532830|accepted=24673531|rate=111641.2/s|walker_min=57.517|walker_med=87.231|walker_max=97.342
STEP|n=220800000|unique=5533444|accepted=24674145|rate=111644.3/s|walker_min=46.122|walker_med=89.847|walker_max=98.858
STEP|n=220900000|unique=5534047|accepted=24674748|rate=111646.7/s|walker_min=60.208|walker_med=87.755|walker_max=99.156
STEP|n=221000000|unique=5534672|accepted=24675373|rate=111647.7/s|walker_min=41.459|walker_med=74.990|walker_max=97.289
STEP|n=221100000|unique=5535227|accepted=24675928|rate=111649.0/s|walker_min=64.353|walker_med=85.546|walker_max=98.826
STEP|n=221200000|unique=5535899|accepted=24676600|rate=111651.5/s|walker_min=48.439|walker_med=92.284|walker_max=98.200
STEP|n=221300000|unique=5536551|accepted=24677252|rate=111654.8/s|walker_min=47.477|walker_med=89.767|walker_max=99.246
STEP|n=221400000|unique=5537113|accepted=24677814|rate=111658.3/s|walker_min=47.790|walker_med=89.058|walker_max=99.131
STEP|n=221500000|unique=5537790|accepted=24678491|rate=111662.1/s|walker_min=65.720|walker_med=90.847|walker_max=98.299
STEP|n=221600000|unique=5538409|accepted=24679110|rate=111665.8/s|walker_min=59.450|walker_med=93.749|walker_max=98.940
STEP|n=221700000|unique=5539041|accepted=24679742|rate=111669.6/s|walker_min=48.049|walker_med=88.299|walker_max=99.176
STEP|n=221800000|unique=5539645|accepted=24680346|rate=111673.5/s|walker_min=50.323|walker_med=90.536|walker_max=98.865
STEP|n=221900000|unique=5540264|accepted=24680965|rate=111677.9/s|walker_min=64.350|walker_med=89.879|walker_max=98.579
STEP|n=222000000|unique=5540813|accepted=24681514|rate=111682.1/s|walker_min=74.403|walker_med=92.197|walker_max=99.245
STEP|n=222100000|unique=5541442|accepted=24682143|rate=111686.2/s|walker_min=54.881|walker_med=90.361|walker_max=98.586
STEP|n=222200000|unique=5542117|accepted=24682818|rate=111690.4/s|walker_min=58.116|walker_med=89.829|walker_max=98.546
STEP|n=222300000|unique=5542747|accepted=24683448|rate=111694.4/s|walker_min=63.543|walker_med=91.823|walker_max=99.199
STEP|n=222400000|unique=5543434|accepted=24684135|rate=111698.4/s|walker_min=57.932|walker_med=90.631|walker_max=99.220
STEP|n=222500000|unique=5544046|accepted=24684747|rate=111702.2/s|walker_min=74.720|walker_med=92.311|walker_max=99.015
STEP|n=222600000|unique=5544678|accepted=24685379|rate=111705.8/s|walker_min=72.961|walker_med=91.094|walker_max=99.056
STEP|n=222700000|unique=5545345|accepted=24686046|rate=111709.2/s|walker_min=49.644|walker_med=89.106|walker_max=99.196
STEP|n=222800000|unique=5545983|accepted=24686684|rate=111712.6/s|walker_min=63.967|walker_med=85.224|walker_max=99.145
STEP|n=222900000|unique=5546621|accepted=24687322|rate=111714.9/s|walker_min=55.211|walker_med=86.920|walker_max=98.552
STEP|n=223000000|unique=5547230|accepted=24687931|rate=111716.2/s|walker_min=36.075|walker_med=70.630|walker_max=98.275
STEP|n=223100000|unique=5547774|accepted=24688475|rate=111716.9/s|walker_min=42.802|walker_med=84.362|walker_max=96.971
STEP|n=223200000|unique=5548503|accepted=24689204|rate=111719.2/s|walker_min=64.491|walker_med=87.675|walker_max=99.129
STEP|n=223300000|unique=5549070|accepted=24689771|rate=111722.2/s|walker_min=38.136|walker_med=93.354|walker_max=99.011
STEP|n=223400000|unique=5549672|accepted=24690373|rate=111725.6/s|walker_min=63.780|walker_med=91.047|walker_max=99.220
STEP|n=223500000|unique=5550266|accepted=24690967|rate=111729.4/s|walker_min=63.027|walker_med=89.852|walker_max=98.421
STEP|n=223600000|unique=5550818|accepted=24691519|rate=111733.4/s|walker_min=50.737|walker_med=89.133|walker_max=98.906
STEP|n=223700000|unique=5551430|accepted=24692131|rate=111737.2/s|walker_min=67.834|walker_med=85.679|walker_max=98.018
STEP|n=223800000|unique=5552001|accepted=24692702|rate=111740.9/s|walker_min=63.857|walker_med=89.061|walker_max=98.884
STEP|n=223900000|unique=5552579|accepted=24693280|rate=111744.8/s|walker_min=55.985|walker_med=90.334|walker_max=98.814
STEP|n=224000000|unique=5553195|accepted=24693896|rate=111748.6/s|walker_min=72.118|walker_med=90.853|walker_max=99.229
STEP|n=224100000|unique=5553799|accepted=24694500|rate=111752.9/s|walker_min=70.159|walker_med=87.272|walker_max=98.902
STEP|n=224200000|unique=5554397|accepted=24695098|rate=111756.7/s|walker_min=57.431|walker_med=91.129|walker_max=98.691
STEP|n=224300000|unique=5554991|accepted=24695692|rate=111760.7/s|walker_min=58.915|walker_med=88.598|walker_max=99.173
STEP|n=224400000|unique=5555591|accepted=24696292|rate=111764.4/s|walker_min=68.562|walker_med=89.506|walker_max=98.229
STEP|n=224500000|unique=5556142|accepted=24696843|rate=111768.1/s|walker_min=69.222|walker_med=91.829|walker_max=99.255
STEP|n=224600000|unique=5556737|accepted=24697438|rate=111771.7/s|walker_min=54.624|walker_med=86.855|walker_max=99.242
STEP|n=224700000|unique=5557397|accepted=24698098|rate=111775.2/s|walker_min=62.031|walker_med=90.751|walker_max=99.175
STEP|n=224800000|unique=5557966|accepted=24698667|rate=111778.5/s|walker_min=43.544|walker_med=80.262|walker_max=97.969
STEP|n=224900000|unique=5558508|accepted=24699209|rate=111780.5/s|walker_min=35.208|walker_med=81.944|walker_max=98.218
STEP|n=225000000|unique=5559108|accepted=24699809|rate=111781.6/s|walker_min=32.492|walker_med=67.943|walker_max=97.449
STEP|n=225100000|unique=5559713|accepted=24700414|rate=111782.8/s|walker_min=52.649|walker_med=81.384|walker_max=97.917
STEP|n=225200000|unique=5560332|accepted=24701033|rate=111784.6/s|walker_min=70.195|walker_med=88.670|walker_max=97.978
STEP|n=225300000|unique=5560903|accepted=24701604|rate=111787.7/s|walker_min=51.997|walker_med=88.066|walker_max=97.245
STEP|n=225400000|unique=5561471|accepted=24702172|rate=111791.0/s|walker_min=56.945|walker_med=87.174|walker_max=99.133
STEP|n=225500000|unique=5562100|accepted=24702801|rate=111794.6/s|walker_min=67.286|walker_med=90.524|walker_max=99.232
STEP|n=225600000|unique=5562691|accepted=24703392|rate=111798.1/s|walker_min=73.184|walker_med=89.673|walker_max=99.090
STEP|n=225700000|unique=5563283|accepted=24703984|rate=111801.7/s|walker_min=51.874|walker_med=89.823|walker_max=99.001
STEP|n=225800000|unique=5563935|accepted=24704636|rate=111805.6/s|walker_min=50.403|walker_med=90.414|walker_max=99.207
STEP|n=225900000|unique=5564479|accepted=24705180|rate=111809.5/s|walker_min=50.805|walker_med=90.634|walker_max=99.098
STEP|n=226000000|unique=5565045|accepted=24705746|rate=111813.4/s|walker_min=52.995|walker_med=90.600|walker_max=98.806
STEP|n=226100000|unique=5565650|accepted=24706351|rate=111817.5/s|walker_min=50.602|walker_med=91.563|walker_max=98.942
STEP|n=226200000|unique=5566254|accepted=24706955|rate=111821.4/s|walker_min=60.752|walker_med=90.899|walker_max=99.259
STEP|n=226300000|unique=5566874|accepted=24707575|rate=111825.2/s|walker_min=65.759|walker_med=90.013|walker_max=98.724
STEP|n=226400000|unique=5567421|accepted=24708122|rate=111828.8/s|walker_min=56.777|walker_med=92.367|walker_max=98.397
STEP|n=226500000|unique=5568071|accepted=24708772|rate=111832.6/s|walker_min=53.894|walker_med=88.231|walker_max=99.214
STEP|n=226600000|unique=5568722|accepted=24709423|rate=111836.3/s|walker_min=49.352|walker_med=82.583|walker_max=97.021
STEP|n=226700000|unique=5569344|accepted=24710045|rate=111839.4/s|walker_min=69.517|walker_med=87.401|walker_max=99.025
STEP|n=226800000|unique=5569995|accepted=24710696|rate=111842.2/s|walker_min=48.105|walker_med=90.004|walker_max=98.335
STEP|n=226900000|unique=5570517|accepted=24711218|rate=111844.7/s|walker_min=58.166|walker_med=82.120|walker_max=96.483
STEP|n=227000000|unique=5571004|accepted=24711705|rate=111845.4/s|walker_min=39.001|walker_med=70.663|walker_max=99.030
STEP|n=227100000|unique=5571436|accepted=24712137|rate=111845.6/s|walker_min=42.978|walker_med=82.937|walker_max=98.797
STEP|n=227200000|unique=5571934|accepted=24712635|rate=111847.6/s|walker_min=58.534|walker_med=90.302|walker_max=98.882
STEP|n=227300000|unique=5572503|accepted=24713204|rate=111850.7/s|walker_min=55.246|walker_med=84.989|walker_max=98.393
STEP|n=227400000|unique=5573054|accepted=24713755|rate=111853.6/s|walker_min=54.293|walker_med=91.725|walker_max=98.956
STEP|n=227500000|unique=5573653|accepted=24714354|rate=111857.0/s|walker_min=69.660|walker_med=90.738|walker_max=98.937
STEP|n=227600000|unique=5574167|accepted=24714868|rate=111860.1/s|walker_min=56.142|walker_med=91.343|walker_max=98.895
STEP|n=227700000|unique=5574699|accepted=24715400|rate=111863.8/s|walker_min=51.567|walker_med=92.073|walker_max=99.132
STEP|n=227800000|unique=5575222|accepted=24715923|rate=111867.5/s|walker_min=74.888|walker_med=91.441|walker_max=98.225
STEP|n=227900000|unique=5575737|accepted=24716438|rate=111871.5/s|walker_min=60.255|walker_med=92.913|walker_max=99.065
STEP|n=228000000|unique=5576218|accepted=24716919|rate=111875.5/s|walker_min=69.193|walker_med=92.083|walker_max=98.555
STEP|n=228100000|unique=5576867|accepted=24717568|rate=111879.8/s|walker_min=69.083|walker_med=89.638|walker_max=99.228
STEP|n=228200000|unique=5577404|accepted=24718105|rate=111883.5/s|walker_min=52.024|walker_med=91.745|walker_max=98.864
STEP|n=228300000|unique=5577924|accepted=24718625|rate=111887.4/s|walker_min=59.973|walker_med=89.839|walker_max=98.825
STEP|n=228400000|unique=5578494|accepted=24719195|rate=111891.0/s|walker_min=65.631|walker_med=91.855|walker_max=99.171
STEP|n=228500000|unique=5579088|accepted=24719789|rate=111894.6/s|walker_min=55.568|walker_med=91.948|walker_max=98.821
STEP|n=228600000|unique=5579660|accepted=24720361|rate=111898.2/s|walker_min=60.338|walker_med=88.041|walker_max=98.891
STEP|n=228700000|unique=5580247|accepted=24720948|rate=111901.7/s|walker_min=53.118|walker_med=85.091|walker_max=99.104
STEP|n=228800000|unique=5580726|accepted=24721427|rate=111904.2/s|walker_min=63.910|walker_med=89.087|walker_max=98.973
STEP|n=228900000|unique=5581283|accepted=24721984|rate=111906.4/s|walker_min=39.249|walker_med=83.969|walker_max=98.103
STEP|n=229000000|unique=5581822|accepted=24722523|rate=111906.7/s|walker_min=30.211|walker_med=71.474|walker_max=92.555
STEP|n=229100000|unique=5582303|accepted=24723004|rate=111907.4/s|walker_min=28.561|walker_med=84.156|walker_max=98.820
STEP|n=229200000|unique=5582900|accepted=24723601|rate=111909.8/s|walker_min=52.974|walker_med=85.345|walker_max=98.590
STEP|n=229300000|unique=5583495|accepted=24724196|rate=111912.7/s|walker_min=46.275|walker_med=89.949|walker_max=98.893
STEP|n=229400000|unique=5584026|accepted=24724727|rate=111916.0/s|walker_min=62.971|walker_med=87.134|walker_max=98.838
STEP|n=229500000|unique=5584617|accepted=24725318|rate=111919.4/s|walker_min=66.886|walker_med=89.094|walker_max=97.238
STEP|n=229600000|unique=5585246|accepted=24725947|rate=111923.1/s|walker_min=74.495|walker_med=92.116|walker_max=99.229
STEP|n=229700000|unique=5585860|accepted=24726561|rate=111927.0/s|walker_min=71.275|walker_med=91.000|walker_max=99.178
STEP|n=229800000|unique=5586414|accepted=24727115|rate=111930.6/s|walker_min=69.190|walker_med=92.614|walker_max=99.013
STEP|n=229900000|unique=5586957|accepted=24727658|rate=111934.4/s|walker_min=60.758|walker_med=92.068|walker_max=99.119
STEP|n=230000000|unique=5587565|accepted=24728266|rate=111938.3/s|walker_min=70.189|walker_med=92.217|walker_max=98.947
STEP|n=230100000|unique=5588061|accepted=24728762|rate=111942.2/s|walker_min=50.457|walker_med=93.059|walker_max=99.054
STEP|n=230200000|unique=5588613|accepted=24729314|rate=111946.2/s|walker_min=70.418|walker_med=93.331|walker_max=98.838
STEP|n=230300000|unique=5589114|accepted=24729815|rate=111950.2/s|walker_min=71.501|walker_med=93.273|walker_max=99.134
STEP|n=230400000|unique=5589704|accepted=24730405|rate=111953.8/s|walker_min=67.995|walker_med=89.769|walker_max=99.163
STEP|n=230500000|unique=5590258|accepted=24730959|rate=111957.4/s|walker_min=55.429|walker_med=89.039|walker_max=99.011
STEP|n=230600000|unique=5590870|accepted=24731571|rate=111960.9/s|walker_min=59.097|walker_med=88.332|walker_max=98.533
STEP|n=230700000|unique=5591440|accepted=24732141|rate=111964.1/s|walker_min=57.980|walker_med=92.491|walker_max=99.173
STEP|n=230800000|unique=5592099|accepted=24732800|rate=111967.1/s|walker_min=43.221|walker_med=89.989|walker_max=98.937
STEP|n=230900000|unique=5592654|accepted=24733355|rate=111959.3/s|walker_min=64.578|walker_med=79.595|walker_max=98.628
STEP|n=231000000|unique=5593145|accepted=24733846|rate=111960.5/s|walker_min=52.093|walker_med=70.450|walker_max=98.479
STEP|n=231100000|unique=5593651|accepted=24734352|rate=111962.1/s|walker_min=60.180|walker_med=90.996|walker_max=99.132
STEP|n=231200000|unique=5594209|accepted=24734910|rate=111966.7/s|walker_min=64.273|walker_med=87.788|walker_max=99.131
STEP|n=231300000|unique=5594762|accepted=24735463|rate=111971.7/s|walker_min=49.423|walker_med=91.636|walker_max=98.529
STEP|n=231400000|unique=5595339|accepted=24736040|rate=111976.4/s|walker_min=60.589|walker_med=89.147|walker_max=99.187
STEP|n=231500000|unique=5595878|accepted=24736579|rate=111980.0/s|walker_min=64.753|walker_med=88.649|walker_max=99.108
STEP|n=231600000|unique=5596455|accepted=24737156|rate=111983.8/s|walker_min=72.651|walker_med=86.330|walker_max=99.011
STEP|n=231700000|unique=5596986|accepted=24737687|rate=111988.4/s|walker_min=71.030|walker_med=92.486|walker_max=98.207
STEP|n=231800000|unique=5597530|accepted=24738231|rate=111992.7/s|walker_min=63.451|walker_med=94.351|walker_max=99.076
STEP|n=231900000|unique=5598046|accepted=24738747|rate=111996.6/s|walker_min=73.421|walker_med=92.894|walker_max=98.969
STEP|n=232000000|unique=5598631|accepted=24739332|rate=112001.6/s|walker_min=59.670|walker_med=90.304|walker_max=99.244
STEP|n=232100000|unique=5599246|accepted=24739947|rate=112007.3/s|walker_min=51.120|walker_med=91.894|walker_max=98.986
STEP|n=232200000|unique=5599853|accepted=24740554|rate=112012.9/s|walker_min=59.584|walker_med=91.332|walker_max=99.242
STEP|n=232300000|unique=5600384|accepted=24741085|rate=112017.3/s|walker_min=72.933|walker_med=91.544|walker_max=98.442
STEP|n=232400000|unique=5600942|accepted=24741643|rate=112020.9/s|walker_min=65.677|walker_med=90.568|walker_max=98.791
STEP|n=232500000|unique=5601488|accepted=24742189|rate=112024.7/s|walker_min=65.141|walker_med=90.637|walker_max=98.906
STEP|n=232600000|unique=5602079|accepted=24742780|rate=112030.0/s|walker_min=58.840|walker_med=89.759|walker_max=98.932
STEP|n=232700000|unique=5602562|accepted=24743263|rate=112035.1/s|walker_min=54.924|walker_med=86.706|walker_max=98.676
STEP|n=232800000|unique=5603091|accepted=24743792|rate=112040.0/s|walker_min=62.658|walker_med=87.846|walker_max=98.874
STEP|n=232900000|unique=5603594|accepted=24744295|rate=112042.8/s|walker_min=52.746|walker_med=86.534|walker_max=97.790
STEP|n=233000000|unique=5604106|accepted=24744807|rate=112044.1/s|walker_min=46.617|walker_med=69.735|walker_max=95.284
STEP|n=233100000|unique=5604667|accepted=24745368|rate=112046.0/s|walker_min=54.123|walker_med=85.781|walker_max=96.357
STEP|n=233200000|unique=5605166|accepted=24745867|rate=112050.2/s|walker_min=51.219|walker_med=85.741|walker_max=98.755
STEP|n=233300000|unique=5605678|accepted=24746379|rate=112054.9/s|walker_min=58.637|walker_med=91.045|walker_max=99.195
STEP|n=233400000|unique=5606252|accepted=24746953|rate=112059.3/s|walker_min=63.435|walker_med=88.519|walker_max=98.300
STEP|n=233500000|unique=5606837|accepted=24747538|rate=112062.8/s|walker_min=56.927|walker_med=86.889|walker_max=97.965
STEP|n=233600000|unique=5607382|accepted=24748083|rate=112066.4/s|walker_min=68.726|walker_med=94.465|walker_max=98.867
STEP|n=233700000|unique=5607888|accepted=24748589|rate=112071.0/s|walker_min=63.504|walker_med=90.123|walker_max=99.207
STEP|n=233800000|unique=5608423|accepted=24749124|rate=112076.4/s|walker_min=58.385|walker_med=87.629|walker_max=98.832
STEP|n=233900000|unique=5608955|accepted=24749656|rate=112081.9/s|walker_min=72.129|walker_med=92.511|walker_max=99.202
STEP|n=234000000|unique=5609537|accepted=24750238|rate=112086.1/s|walker_min=48.761|walker_med=88.284|walker_max=99.107
STEP|n=234100000|unique=5610046|accepted=24750747|rate=112089.8/s|walker_min=64.040|walker_med=90.765|walker_max=98.117
STEP|n=234200000|unique=5610526|accepted=24751227|rate=112093.9/s|walker_min=67.049|walker_med=93.464|walker_max=99.203
STEP|n=234300000|unique=5611046|accepted=24751747|rate=112099.3/s|walker_min=66.250|walker_med=92.810|walker_max=99.258
STEP|n=234400000|unique=5611537|accepted=24752238|rate=112104.4/s|walker_min=61.988|walker_med=90.116|walker_max=99.080
STEP|n=234500000|unique=5612071|accepted=24752772|rate=112109.6/s|walker_min=71.899|walker_med=94.914|walker_max=99.035
STEP|n=234600000|unique=5612627|accepted=24753328|rate=112113.5/s|walker_min=55.804|walker_med=91.877|walker_max=97.605
STEP|n=234700000|unique=5613149|accepted=24753850|rate=112117.0/s|walker_min=60.534|walker_med=89.524|walker_max=98.567
STEP|n=234800000|unique=5613645|accepted=24754346|rate=112120.1/s|walker_min=58.075|walker_med=89.217|walker_max=99.157
STEP|n=234900000|unique=5614155|accepted=24754856|rate=112124.3/s|walker_min=44.031|walker_med=84.542|walker_max=97.961
STEP|n=235000000|unique=5614695|accepted=24755396|rate=112127.5/s|walker_min=40.746|walker_med=72.426|walker_max=98.041
STEP|n=235100000|unique=5615175|accepted=24755876|rate=112129.7/s|walker_min=49.713|walker_med=83.705|walker_max=99.026
STEP|n=235200000|unique=5615682|accepted=24756383|rate=112132.2/s|walker_min=48.922|walker_med=84.367|walker_max=99.086
STEP|n=235300000|unique=5616227|accepted=24756928|rate=112135.4/s|walker_min=61.704|walker_med=87.874|walker_max=99.101
STEP|n=235400000|unique=5616775|accepted=24757476|rate=112139.8/s|walker_min=67.842|walker_med=89.930|walker_max=98.974
STEP|n=235500000|unique=5617369|accepted=24758070|rate=112145.2/s|walker_min=64.255|walker_med=92.703|walker_max=99.129
STEP|n=235600000|unique=5617839|accepted=24758540|rate=112150.6/s|walker_min=58.449|walker_med=87.491|walker_max=99.077
STEP|n=235700000|unique=5618423|accepted=24759124|rate=112154.9/s|walker_min=64.243|walker_med=94.257|walker_max=98.665
STEP|n=235800000|unique=5618908|accepted=24759609|rate=112159.0/s|walker_min=54.903|walker_med=92.100|walker_max=98.704
STEP|n=235900000|unique=5619418|accepted=24760119|rate=112162.9/s|walker_min=72.796|walker_med=89.960|walker_max=99.140
STEP|n=236000000|unique=5619934|accepted=24760635|rate=112168.5/s|walker_min=55.866|walker_med=94.519|walker_max=98.330
STEP|n=236100000|unique=5620422|accepted=24761123|rate=112174.0/s|walker_min=50.579|walker_med=89.613|walker_max=98.405
STEP|n=236200000|unique=5620912|accepted=24761613|rate=112179.5/s|walker_min=65.847|walker_med=87.032|walker_max=98.423
STEP|n=236300000|unique=5621433|accepted=24762134|rate=112183.4/s|walker_min=69.602|walker_med=93.302|walker_max=98.260
STEP|n=236400000|unique=5621922|accepted=24762623|rate=112186.9/s|walker_min=73.467|walker_med=89.584|walker_max=99.082
STEP|n=236500000|unique=5622459|accepted=24763160|rate=112191.2/s|walker_min=65.702|walker_med=91.090|walker_max=99.003
STEP|n=236600000|unique=5622965|accepted=24763666|rate=112196.2/s|walker_min=59.475|walker_med=90.305|walker_max=97.562
STEP|n=236700000|unique=5623520|accepted=24764221|rate=112201.3/s|walker_min=62.362|walker_med=88.523|walker_max=99.032
STEP|n=236800000|unique=5623987|accepted=24764688|rate=112205.6/s|walker_min=69.978|walker_med=84.922|walker_max=98.184
STEP|n=236900000|unique=5624497|accepted=24765198|rate=112208.1/s|walker_min=45.489|walker_med=85.189|walker_max=98.588
STEP|n=237000000|unique=5624952|accepted=24765653|rate=112209.8/s|walker_min=32.346|walker_med=76.873|walker_max=96.854
STEP|n=237100000|unique=5625368|accepted=24766069|rate=112212.1/s|walker_min=37.253|walker_med=85.017|walker_max=98.437
STEP|n=237200000|unique=5625854|accepted=24766555|rate=112216.2/s|walker_min=48.871|walker_med=83.578|walker_max=97.529
STEP|n=237300000|unique=5626433|accepted=24767134|rate=112221.0/s|walker_min=56.312|walker_med=86.197|walker_max=98.991
STEP|n=237400000|unique=5626928|accepted=24767629|rate=112224.6/s|walker_min=61.738|walker_med=90.251|walker_max=99.137
STEP|n=237500000|unique=5627427|accepted=24768128|rate=112228.1/s|walker_min=77.031|walker_med=88.808|walker_max=99.124
STEP|n=237600000|unique=5627950|accepted=24768651|rate=112231.6/s|walker_min=67.415|walker_med=88.557|walker_max=98.744
STEP|n=237700000|unique=5628474|accepted=24769175|rate=112236.8/s|walker_min=72.242|walker_med=90.816|walker_max=99.194
STEP|n=237800000|unique=5628957|accepted=24769658|rate=112242.1/s|walker_min=36.748|walker_med=90.516|walker_max=98.360
STEP|n=237900000|unique=5629480|accepted=24770181|rate=112247.1/s|walker_min=59.229|walker_med=92.475|walker_max=98.602
STEP|n=238000000|unique=5630003|accepted=24770704|rate=112251.4/s|walker_min=60.034|walker_med=92.087|walker_max=99.099
STEP|n=238100000|unique=5630498|accepted=24771199|rate=112254.9/s|walker_min=45.326|walker_med=92.464|walker_max=99.176
STEP|n=238200000|unique=5631010|accepted=24771711|rate=112258.9/s|walker_min=49.880|walker_med=90.053|walker_max=98.892
STEP|n=238300000|unique=5631547|accepted=24772248|rate=112264.2/s|walker_min=59.521|walker_med=92.844|walker_max=98.466
STEP|n=238400000|unique=5632096|accepted=24772797|rate=112269.4/s|walker_min=69.122|walker_med=92.596|walker_max=99.186
STEP|n=238500000|unique=5632621|accepted=24773322|rate=112274.0/s|walker_min=54.302|walker_med=90.079|walker_max=98.351
STEP|n=238600000|unique=5633105|accepted=24773806|rate=112277.2/s|walker_min=65.193|walker_med=90.119|walker_max=98.831
STEP|n=238700000|unique=5633604|accepted=24774305|rate=112280.8/s|walker_min=63.176|walker_med=88.377|walker_max=98.229
STEP|n=238800000|unique=5634132|accepted=24774833|rate=112284.7/s|walker_min=53.012|walker_med=87.229|walker_max=99.098
STEP|n=238900000|unique=5634647|accepted=24775348|rate=112288.7/s|walker_min=47.636|walker_med=88.161|walker_max=98.623
STEP|n=239000000|unique=5635115|accepted=24775816|rate=112291.6/s|walker_min=39.618|walker_med=74.623|walker_max=98.673
STEP|n=239100000|unique=5635608|accepted=24776309|rate=112293.2/s|walker_min=52.319|walker_med=83.680|walker_max=99.185
STEP|n=239200000|unique=5636054|accepted=24776755|rate=112295.2/s|walker_min=57.153|walker_med=87.257|walker_max=98.928
STEP|n=239300000|unique=5636613|accepted=24777314|rate=112298.5/s|walker_min=49.771|walker_med=89.865|walker_max=99.231
STEP|n=239400000|unique=5637173|accepted=24777874|rate=112303.4/s|walker_min=60.335|walker_med=91.244|walker_max=99.191
STEP|n=239500000|unique=5637649|accepted=24778350|rate=112308.4/s|walker_min=55.434|walker_med=90.730|walker_max=99.136
STEP|n=239600000|unique=5638154|accepted=24778855|rate=112313.3/s|walker_min=65.784|walker_med=91.521|walker_max=99.028
STEP|n=239700000|unique=5638694|accepted=24779395|rate=112316.3/s|walker_min=64.486|walker_med=88.975|walker_max=99.073
STEP|n=239800000|unique=5639150|accepted=24779851|rate=112319.9/s|walker_min=66.780|walker_med=93.495|walker_max=99.003
STEP|n=239900000|unique=5639666|accepted=24780367|rate=112324.4/s|walker_min=64.841|walker_med=91.213|walker_max=99.012
STEP|n=240000000|unique=5640178|accepted=24780879|rate=112329.9/s|walker_min=46.439|walker_med=89.050|walker_max=99.168
STEP|n=240100000|unique=5640694|accepted=24781395|rate=112335.3/s|walker_min=58.636|walker_med=91.588|walker_max=99.146
STEP|n=240200000|unique=5641216|accepted=24781917|rate=112340.1/s|walker_min=36.632|walker_med=90.076|walker_max=99.093
STEP|n=240300000|unique=5641678|accepted=24782379|rate=112343.7/s|walker_min=62.996|walker_med=92.093|walker_max=98.733
STEP|n=240400000|unique=5642202|accepted=24782903|rate=112347.5/s|walker_min=60.919|walker_med=91.325|walker_max=99.110
STEP|n=240500000|unique=5642741|accepted=24783442|rate=112351.9/s|walker_min=71.997|walker_med=91.574|walker_max=98.957
STEP|n=240600000|unique=5643242|accepted=24783943|rate=112356.7/s|walker_min=64.159|walker_med=88.729|walker_max=98.185
STEP|n=240700000|unique=5643767|accepted=24784468|rate=112361.6/s|walker_min=56.280|walker_med=89.906|walker_max=98.712
STEP|n=240800000|unique=5644299|accepted=24785000|rate=112365.3/s|walker_min=58.048|walker_med=89.064|walker_max=98.944
STEP|n=240900000|unique=5644793|accepted=24785494|rate=112367.9/s|walker_min=45.671|walker_med=82.215|walker_max=98.797
STEP|n=241000000|unique=5645296|accepted=24785997|rate=112369.1/s|walker_min=37.532|walker_med=69.431|walker_max=96.366
STEP|n=241100000|unique=5645740|accepted=24786441|rate=112371.3/s|walker_min=27.874|walker_med=78.586|walker_max=99.178
STEP|n=241200000|unique=5646202|accepted=24786903|rate=112374.7/s|walker_min=33.098|walker_med=91.510|walker_max=98.392
STEP|n=241300000|unique=5646661|accepted=24787362|rate=112378.6/s|walker_min=69.703|walker_med=90.931|walker_max=97.898
STEP|n=241400000|unique=5647210|accepted=24787911|rate=112381.9/s|walker_min=53.123|walker_med=91.823|walker_max=97.886
STEP|n=241500000|unique=5647732|accepted=24788433|rate=112385.9/s|walker_min=68.880|walker_med=91.198|walker_max=99.215
STEP|n=241600000|unique=5648238|accepted=24788939|rate=112389.9/s|walker_min=58.211|walker_med=90.188|walker_max=99.168
STEP|n=241700000|unique=5648711|accepted=24789412|rate=112394.4/s|walker_min=56.505|walker_med=90.812|walker_max=99.023
STEP|n=241800000|unique=5649110|accepted=24789811|rate=112399.0/s|walker_min=62.235|walker_med=91.058|walker_max=99.138
STEP|n=241900000|unique=5649555|accepted=24790256|rate=112403.5/s|walker_min=74.687|walker_med=95.812|walker_max=99.213
STEP|n=242000000|unique=5650077|accepted=24790778|rate=112407.5/s|walker_min=70.689|walker_med=90.988|walker_max=99.236
STEP|n=242100000|unique=5650547|accepted=24791248|rate=112411.2/s|walker_min=60.716|walker_med=86.858|walker_max=98.882
STEP|n=242200000|unique=5651069|accepted=24791770|rate=112415.8/s|walker_min=69.760|walker_med=90.195|walker_max=99.208
STEP|n=242300000|unique=5651623|accepted=24792324|rate=112420.8/s|walker_min=66.192|walker_med=91.527|walker_max=99.092
STEP|n=242400000|unique=5652052|accepted=24792753|rate=112425.5/s|walker_min=61.712|walker_med=89.805|walker_max=98.551
STEP|n=242500000|unique=5652514|accepted=24793215|rate=112429.0/s|walker_min=64.274|walker_med=85.026|walker_max=98.148
STEP|n=242600000|unique=5653039|accepted=24793740|rate=112432.7/s|walker_min=66.249|walker_med=90.254|walker_max=99.211
STEP|n=242700000|unique=5653531|accepted=24794232|rate=112435.8/s|walker_min=55.471|walker_med=87.123|walker_max=98.938
STEP|n=242800000|unique=5654102|accepted=24794803|rate=112440.1/s|walker_min=62.007|walker_med=88.642|walker_max=98.670
STEP|n=242900000|unique=5654600|accepted=24795301|rate=112436.5/s|walker_min=46.138|walker_med=78.685|walker_max=98.712
STEP|n=243000000|unique=5655168|accepted=24795869|rate=112438.3/s|walker_min=42.580|walker_med=74.351|walker_max=99.013
STEP|n=243100000|unique=5655588|accepted=24796289|rate=112441.1/s|walker_min=52.642|walker_med=82.874|walker_max=98.800
STEP|n=243200000|unique=5656056|accepted=24796757|rate=112444.9/s|walker_min=62.904|walker_med=81.087|walker_max=98.094
STEP|n=243300000|unique=5656590|accepted=24797291|rate=112449.0/s|walker_min=45.618|walker_med=84.496|walker_max=99.095
STEP|n=243400000|unique=5657110|accepted=24797811|rate=112453.0/s|walker_min=40.500|walker_med=88.449|walker_max=99.123
STEP|n=243500000|unique=5657626|accepted=24798327|rate=112456.4/s|walker_min=52.444|walker_med=89.180|walker_max=99.219
STEP|n=243600000|unique=5658137|accepted=24798838|rate=112460.9/s|walker_min=49.058|walker_med=89.683|walker_max=99.008
STEP|n=243700000|unique=5658666|accepted=24799367|rate=112465.9/s|walker_min=63.993|walker_med=91.013|walker_max=99.214
STEP|n=243800000|unique=5659141|accepted=24799842|rate=112470.9/s|walker_min=68.584|walker_med=92.638|walker_max=98.065
STEP|n=243900000|unique=5659639|accepted=24800340|rate=112474.7/s|walker_min=73.282|walker_med=90.538|walker_max=99.182
STEP|n=244000000|unique=5660143|accepted=24800844|rate=112478.4/s|walker_min=68.072|walker_med=90.756|walker_max=98.590
STEP|n=244100000|unique=5660658|accepted=24801359|rate=112482.1/s|walker_min=60.090|walker_med=89.459|walker_max=97.897
STEP|n=244200000|unique=5661141|accepted=24801842|rate=112486.9/s|walker_min=66.485|walker_med=90.673|walker_max=98.778
STEP|n=244300000|unique=5661560|accepted=24802261|rate=112491.5/s|walker_min=57.226|walker_med=93.033|walker_max=98.793
STEP|n=244400000|unique=5662065|accepted=24802766|rate=112496.2/s|walker_min=65.312|walker_med=87.274|walker_max=99.197
STEP|n=244500000|unique=5662600|accepted=24803301|rate=112499.9/s|walker_min=66.025|walker_med=90.755|walker_max=99.187
STEP|n=244600000|unique=5663087|accepted=24803788|rate=112503.4/s|walker_min=58.024|walker_med=90.218|walker_max=98.202
STEP|n=244700000|unique=5663626|accepted=24804327|rate=112507.2/s|walker_min=54.184|walker_med=89.147|walker_max=97.764
STEP|n=244800000|unique=5664097|accepted=24804798|rate=112511.4/s|walker_min=51.521|walker_med=89.451|walker_max=98.078
STEP|n=244900000|unique=5664487|accepted=24805188|rate=112515.1/s|walker_min=47.335|walker_med=90.956|walker_max=98.958
STEP|n=245000000|unique=5664957|accepted=24805658|rate=112517.2/s|walker_min=45.628|walker_med=75.786|walker_max=98.405
STEP|n=245100000|unique=5665385|accepted=24806086|rate=112518.5/s|walker_min=51.087|walker_med=79.921|walker_max=98.835
STEP|n=245200000|unique=5665889|accepted=24806590|rate=112521.4/s|walker_min=55.340|walker_med=87.694|walker_max=97.685
STEP|n=245300000|unique=5666426|accepted=24807127|rate=112525.6/s|walker_min=47.609|walker_med=87.286|walker_max=99.232
STEP|n=245400000|unique=5666933|accepted=24807634|rate=112530.2/s|walker_min=52.736|walker_med=89.647|walker_max=98.681
STEP|n=245500000|unique=5667410|accepted=24808111|rate=112534.6/s|walker_min=46.961|walker_med=92.662|walker_max=98.614
STEP|n=245600000|unique=5667991|accepted=24808692|rate=112538.6/s|walker_min=65.900|walker_med=90.510|walker_max=98.281
STEP|n=245700000|unique=5668431|accepted=24809132|rate=112542.2/s|walker_min=57.439|walker_med=89.659|walker_max=98.126
STEP|n=245800000|unique=5668917|accepted=24809618|rate=112546.0/s|walker_min=55.700|walker_med=89.978|walker_max=98.941
STEP|n=245900000|unique=5669405|accepted=24810106|rate=112550.7/s|walker_min=57.205|walker_med=89.701|walker_max=98.759
STEP|n=246000000|unique=5669943|accepted=24810644|rate=112555.5/s|walker_min=71.723|walker_med=89.744|walker_max=99.096
STEP|n=246100000|unique=5670515|accepted=24811216|rate=112560.4/s|walker_min=63.650|walker_med=87.767|walker_max=98.925
STEP|n=246200000|unique=5670950|accepted=24811651|rate=112564.1/s|walker_min=57.514|walker_med=91.524|walker_max=98.348
STEP|n=246300000|unique=5671406|accepted=24812107|rate=112567.9/s|walker_min=52.431|walker_med=87.152|walker_max=98.792
STEP|n=246400000|unique=5671894|accepted=24812595|rate=112572.1/s|walker_min=66.393|walker_med=89.301|walker_max=98.830
STEP|n=246500000|unique=5672397|accepted=24813098|rate=112575.9/s|walker_min=56.084|walker_med=91.643|walker_max=98.348
STEP|n=246600000|unique=5672809|accepted=24813510|rate=112579.1/s|walker_min=65.844|walker_med=89.527|walker_max=98.640
STEP|n=246700000|unique=5673317|accepted=24814018|rate=112583.1/s|walker_min=66.987|walker_med=87.226|walker_max=98.981
STEP|n=246800000|unique=5673754|accepted=24814455|rate=112587.8/s|walker_min=53.823|walker_med=86.818|walker_max=98.586
STEP|n=246900000|unique=5674220|accepted=24814921|rate=112592.0/s|walker_min=36.718|walker_med=84.608|walker_max=98.652
STEP|n=247000000|unique=5674696|accepted=24815397|rate=112594.0/s|walker_min=32.862|walker_med=76.682|walker_max=96.882
STEP|n=247100000|unique=5675061|accepted=24815762|rate=112588.1/s|walker_min=57.652|walker_med=83.995|walker_max=98.484
STEP|n=247200000|unique=5675493|accepted=24816194|rate=112591.8/s|walker_min=65.971|walker_med=89.558|walker_max=99.043
STEP|n=247300000|unique=5675980|accepted=24816681|rate=112596.6/s|walker_min=65.516|walker_med=86.207|walker_max=98.892
STEP|n=247400000|unique=5676473|accepted=24817174|rate=112599.7/s|walker_min=50.993|walker_med=88.915|walker_max=98.767
STEP|n=247500000|unique=5677015|accepted=24817716|rate=112604.8/s|walker_min=60.029|walker_med=89.901|walker_max=99.181
STEP|n=247600000|unique=5677463|accepted=24818164|rate=112609.5/s|walker_min=51.083|walker_med=91.674|walker_max=98.743
STEP|n=247700000|unique=5677846|accepted=24818547|rate=112614.8/s|walker_min=74.145|walker_med=90.437|walker_max=99.119
STEP|n=247800000|unique=5678299|accepted=24819000|rate=112618.5/s|walker_min=60.120|walker_med=90.919|walker_max=98.495
STEP|n=247900000|unique=5678819|accepted=24819520|rate=112622.3/s|walker_min=56.409|walker_med=90.957|walker_max=98.748
STEP|n=248000000|unique=5679329|accepted=24820030|rate=112626.4/s|walker_min=55.039|walker_med=93.430|walker_max=99.208
STEP|n=248100000|unique=5679761|accepted=24820462|rate=112632.0/s|walker_min=63.184|walker_med=91.189|walker_max=99.002
STEP|n=248200000|unique=5680213|accepted=24820914|rate=112637.6/s|walker_min=68.628|walker_med=88.497|walker_max=99.062
STEP|n=248300000|unique=5680632|accepted=24821333|rate=112642.6/s|walker_min=57.756|walker_med=88.883|walker_max=99.129
STEP|n=248400000|unique=5681048|accepted=24821749|rate=112646.2/s|walker_min=63.757|walker_med=91.797|walker_max=99.247
STEP|n=248500000|unique=5681484|accepted=24822185|rate=112649.7/s|walker_min=55.009|walker_med=90.309|walker_max=98.925
STEP|n=248600000|unique=5681986|accepted=24822687|rate=112654.2/s|walker_min=48.050|walker_med=90.960|walker_max=99.219
STEP|n=248700000|unique=5682488|accepted=24823189|rate=112659.6/s|walker_min=52.214|walker_med=88.891|walker_max=99.259
STEP|n=248800000|unique=5682950|accepted=24823651|rate=112664.9/s|walker_min=59.567|walker_med=90.088|walker_max=99.109
STEP|n=248900000|unique=5683388|accepted=24824089|rate=112668.6/s|walker_min=53.759|walker_med=85.071|walker_max=99.209
STEP|n=249000000|unique=5683781|accepted=24824482|rate=112669.8/s|walker_min=29.391|walker_med=66.137|walker_max=98.910
STEP|n=249100000|unique=5684181|accepted=24824882|rate=112670.8/s|walker_min=47.044|walker_med=83.268|walker_max=99.122
STEP|n=249200000|unique=5684619|accepted=24825320|rate=112674.5/s|walker_min=62.968|walker_med=86.345|walker_max=99.216
STEP|n=249300000|unique=5685120|accepted=24825821|rate=112679.2/s|walker_min=67.074|walker_med=91.962|walker_max=98.977
STEP|n=249400000|unique=5685623|accepted=24826324|rate=112684.1/s|walker_min=60.360|walker_med=89.481|walker_max=98.825
STEP|n=249500000|unique=5686065|accepted=24826766|rate=112687.9/s|walker_min=58.522|walker_med=88.092|walker_max=98.714
STEP|n=249600000|unique=5686539|accepted=24827240|rate=112691.3/s|walker_min=55.338|walker_med=89.727|walker_max=98.666
STEP|n=249700000|unique=5686969|accepted=24827670|rate=112695.1/s|walker_min=63.707|walker_med=92.428|walker_max=98.995
STEP|n=249800000|unique=5687409|accepted=24828110|rate=112700.5/s|walker_min=54.729|walker_med=92.773|walker_max=99.081
STEP|n=249900000|unique=5687832|accepted=24828533|rate=112706.0/s|walker_min=72.544|walker_med=89.969|walker_max=98.569
STEP|n=250000000|unique=5688299|accepted=24829000|rate=112711.5/s|walker_min=67.118|walker_med=87.701|walker_max=98.678
CHECKPOINT|step=250000000|unique=5688299|saved=3000000|min=25.4807|max=92.8597
STEP|n=250100000|unique=5688704|accepted=24829405|rate=112367.5/s|walker_min=64.344|walker_med=93.175|walker_max=99.207
STEP|n=250200000|unique=5689159|accepted=24829860|rate=112371.4/s|walker_min=78.285|walker_med=92.695|walker_max=97.959
STEP|n=250300000|unique=5689590|accepted=24830291|rate=112375.2/s|walker_min=69.636|walker_med=90.410|walker_max=96.785
STEP|n=250400000|unique=5690028|accepted=24830729|rate=112378.4/s|walker_min=68.926|walker_med=89.523|walker_max=99.094
STEP|n=250500000|unique=5690483|accepted=24831184|rate=112376.1/s|walker_min=38.926|walker_med=85.665|walker_max=98.070
STEP|n=250600000|unique=5690922|accepted=24831623|rate=112379.2/s|walker_min=68.620|walker_med=86.386|walker_max=99.236
STEP|n=250700000|unique=5691357|accepted=24832058|rate=112382.4/s|walker_min=56.431|walker_med=82.139|walker_max=98.087
STEP|n=250800000|unique=5691850|accepted=24832551|rate=112385.4/s|walker_min=62.259|walker_med=91.904|walker_max=99.126
STEP|n=250900000|unique=5692298|accepted=24832999|rate=112387.5/s|walker_min=66.752|walker_med=86.512|walker_max=99.143
STEP|n=251000000|unique=5692693|accepted=24833394|rate=112388.5/s|walker_min=33.066|walker_med=76.789|walker_max=98.273
STEP|n=251100000|unique=5693160|accepted=24833861|rate=112389.3/s|walker_min=41.303|walker_med=81.935|walker_max=99.199
STEP|n=251200000|unique=5693578|accepted=24834279|rate=112391.1/s|walker_min=45.315|walker_med=85.329|walker_max=97.513
STEP|n=251300000|unique=5693973|accepted=24834674|rate=112393.8/s|walker_min=57.140|walker_med=89.922|walker_max=99.095
STEP|n=251400000|unique=5694422|accepted=24835123|rate=112396.9/s|walker_min=66.113|walker_med=89.210|walker_max=99.017
STEP|n=251500000|unique=5694888|accepted=24835589|rate=112400.0/s|walker_min=47.226|walker_med=88.143|walker_max=98.944
STEP|n=251600000|unique=5695316|accepted=24836017|rate=112403.2/s|walker_min=43.316|walker_med=93.082|walker_max=99.192
STEP|n=251700000|unique=5695764|accepted=24836465|rate=112406.5/s|walker_min=61.354|walker_med=90.988|walker_max=98.401
STEP|n=251800000|unique=5696233|accepted=24836934|rate=112409.9/s|walker_min=60.340|walker_med=86.697|walker_max=98.682
STEP|n=251900000|unique=5696700|accepted=24837401|rate=112413.4/s|walker_min=61.515|walker_med=90.050|walker_max=99.164
STEP|n=252000000|unique=5697074|accepted=24837775|rate=112416.7/s|walker_min=68.395|walker_med=92.421|walker_max=98.805
STEP|n=252100000|unique=5697482|accepted=24838183|rate=112420.2/s|walker_min=68.868|walker_med=91.512|walker_max=99.209
STEP|n=252200000|unique=5697907|accepted=24838608|rate=112423.4/s|walker_min=66.154|walker_med=90.718|walker_max=96.943
STEP|n=252300000|unique=5698376|accepted=24839077|rate=112426.7/s|walker_min=47.514|walker_med=91.830|walker_max=98.942
STEP|n=252400000|unique=5698862|accepted=24839563|rate=112430.3/s|walker_min=55.000|walker_med=91.607|walker_max=98.534
STEP|n=252500000|unique=5699250|accepted=24839951|rate=112433.6/s|walker_min=45.604|walker_med=89.264|walker_max=98.513
STEP|n=252600000|unique=5699679|accepted=24840380|rate=112436.7/s|walker_min=31.783|walker_med=88.360|walker_max=98.797
STEP|n=252700000|unique=5700110|accepted=24840811|rate=112439.7/s|walker_min=56.111|walker_med=84.254|walker_max=97.829
STEP|n=252800000|unique=5700502|accepted=24841203|rate=112442.3/s|walker_min=52.724|walker_med=88.027|walker_max=98.617
STEP|n=252900000|unique=5700977|accepted=24841678|rate=112444.5/s|walker_min=61.499|walker_med=80.690|walker_max=97.829
STEP|n=253000000|unique=5701388|accepted=24842089|rate=112445.2/s|walker_min=42.934|walker_med=71.466|walker_max=97.458
STEP|n=253100000|unique=5701819|accepted=24842520|rate=112446.1/s|walker_min=55.160|walker_med=84.904|walker_max=98.794
STEP|n=253200000|unique=5702220|accepted=24842921|rate=112448.2/s|walker_min=53.224|walker_med=81.560|walker_max=98.479
STEP|n=253300000|unique=5702637|accepted=24843338|rate=112450.7/s|walker_min=39.526|walker_med=89.514|walker_max=99.006
STEP|n=253400000|unique=5703037|accepted=24843738|rate=112453.4/s|walker_min=59.305|walker_med=91.103|walker_max=99.175
STEP|n=253500000|unique=5703459|accepted=24844160|rate=112455.8/s|walker_min=61.375|walker_med=93.713|walker_max=99.130
STEP|n=253600000|unique=5703895|accepted=24844596|rate=112459.0/s|walker_min=64.642|walker_med=92.574|walker_max=99.155
STEP|n=253700000|unique=5704313|accepted=24845014|rate=112462.4/s|walker_min=54.123|walker_med=89.244|walker_max=99.190
STEP|n=253800000|unique=5704788|accepted=24845489|rate=112465.9/s|walker_min=71.911|walker_med=91.668|walker_max=98.961
STEP|n=253900000|unique=5705219|accepted=24845920|rate=112469.6/s|walker_min=47.462|walker_med=90.823|walker_max=98.934
STEP|n=254000000|unique=5705562|accepted=24846263|rate=112473.2/s|walker_min=62.149|walker_med=91.110|walker_max=98.773
STEP|n=254100000|unique=5706007|accepted=24846708|rate=112477.0/s|walker_min=67.323|walker_med=92.577|walker_max=99.224
STEP|n=254200000|unique=5706465|accepted=24847166|rate=112480.4/s|walker_min=63.243|walker_med=91.123|walker_max=99.236
STEP|n=254300000|unique=5706913|accepted=24847614|rate=112483.6/s|walker_min=51.109|walker_med=90.804|walker_max=98.963
STEP|n=254400000|unique=5707338|accepted=24848039|rate=112486.8/s|walker_min=68.329|walker_med=89.721|walker_max=98.615
STEP|n=254500000|unique=5707808|accepted=24848509|rate=112490.1/s|walker_min=56.158|walker_med=89.408|walker_max=98.485
STEP|n=254600000|unique=5708248|accepted=24848949|rate=112493.1/s|walker_min=55.691|walker_med=88.217|walker_max=98.768
STEP|n=254700000|unique=5708636|accepted=24849337|rate=112496.1/s|walker_min=46.709|walker_med=87.403|walker_max=99.029
STEP|n=254800000|unique=5709086|accepted=24849787|rate=112499.0/s|walker_min=63.349|walker_med=90.825|walker_max=99.065
STEP|n=254900000|unique=5709460|accepted=24850161|rate=112501.4/s|walker_min=53.183|walker_med=80.430|walker_max=97.676
STEP|n=255000000|unique=5709840|accepted=24850541|rate=112502.3/s|walker_min=39.685|walker_med=69.989|walker_max=99.253
STEP|n=255100000|unique=5710225|accepted=24850926|rate=112502.8/s|walker_min=40.494|walker_med=83.836|walker_max=96.959
STEP|n=255200000|unique=5710590|accepted=24851291|rate=112505.0/s|walker_min=45.768|walker_med=91.298|walker_max=98.954
STEP|n=255300000|unique=5711020|accepted=24851721|rate=112507.8/s|walker_min=51.257|walker_med=89.945|walker_max=98.072
STEP|n=255400000|unique=5711406|accepted=24852107|rate=112511.0/s|walker_min=36.669|walker_med=90.669|walker_max=97.975
STEP|n=255500000|unique=5711936|accepted=24852637|rate=112514.6/s|walker_min=75.441|walker_med=91.274|walker_max=98.985
STEP|n=255600000|unique=5712359|accepted=24853060|rate=112518.1/s|walker_min=60.161|walker_med=90.284|walker_max=99.106
STEP|n=255700000|unique=5712758|accepted=24853459|rate=112521.2/s|walker_min=74.587|walker_med=93.765|walker_max=99.260
STEP|n=255800000|unique=5713211|accepted=24853912|rate=112524.6/s|walker_min=52.491|walker_med=89.012|walker_max=99.174
STEP|n=255900000|unique=5713620|accepted=24854321|rate=112528.2/s|walker_min=67.663|walker_med=90.772|walker_max=99.239
STEP|n=256000000|unique=5714042|accepted=24854743|rate=112531.8/s|walker_min=60.604|walker_med=95.314|walker_max=99.129
STEP|n=256100000|unique=5714485|accepted=24855186|rate=112535.7/s|walker_min=74.537|walker_med=93.581|walker_max=99.054
STEP|n=256200000|unique=5714899|accepted=24855600|rate=112539.0/s|walker_min=62.971|walker_med=93.885|walker_max=99.208
STEP|n=256300000|unique=5715326|accepted=24856027|rate=112542.3/s|walker_min=59.809|walker_med=88.819|walker_max=98.890
STEP|n=256400000|unique=5715725|accepted=24856426|rate=112545.6/s|walker_min=64.420|walker_med=92.521|walker_max=99.036
STEP|n=256500000|unique=5716124|accepted=24856825|rate=112548.9/s|walker_min=55.213|walker_med=91.203|walker_max=98.667
STEP|n=256600000|unique=5716609|accepted=24857310|rate=112552.2/s|walker_min=56.001|walker_med=89.277|walker_max=98.821
STEP|n=256700000|unique=5717041|accepted=24857742|rate=112555.3/s|walker_min=64.118|walker_med=87.326|walker_max=99.252
STEP|n=256800000|unique=5717461|accepted=24858162|rate=112557.6/s|walker_min=58.704|walker_med=86.160|walker_max=98.595
STEP|n=256900000|unique=5717878|accepted=24858579|rate=112559.8/s|walker_min=51.532|walker_med=78.871|walker_max=99.182
STEP|n=257000000|unique=5718328|accepted=24859029|rate=112561.2/s|walker_min=45.503|walker_med=74.761|walker_max=95.456
STEP|n=257100000|unique=5718725|accepted=24859426|rate=112562.1/s|walker_min=49.771|walker_med=84.024|walker_max=99.059
STEP|n=257200000|unique=5719157|accepted=24859858|rate=112564.2/s|walker_min=41.209|walker_med=88.439|walker_max=98.051
STEP|n=257300000|unique=5719580|accepted=24860281|rate=112567.0/s|walker_min=59.458|walker_med=88.928|walker_max=97.778
STEP|n=257400000|unique=5720045|accepted=24860746|rate=112570.3/s|walker_min=56.775|walker_med=88.490|walker_max=99.124
STEP|n=257500000|unique=5720436|accepted=24861137|rate=112573.6/s|walker_min=70.874|walker_med=91.181|walker_max=98.873
STEP|n=257600000|unique=5720842|accepted=24861543|rate=112576.6/s|walker_min=63.752|walker_med=92.398|walker_max=99.001
STEP|n=257700000|unique=5721263|accepted=24861964|rate=112579.9/s|walker_min=60.058|walker_med=90.920|walker_max=98.888
STEP|n=257800000|unique=5721649|accepted=24862350|rate=112583.3/s|walker_min=64.541|walker_med=94.946|walker_max=99.133
STEP|n=257900000|unique=5722032|accepted=24862733|rate=112586.9/s|walker_min=67.128|walker_med=89.043|walker_max=98.902
STEP|n=258000000|unique=5722469|accepted=24863170|rate=112590.4/s|walker_min=61.323|walker_med=89.773|walker_max=99.138
STEP|n=258100000|unique=5722878|accepted=24863579|rate=112593.6/s|walker_min=66.791|walker_med=91.742|walker_max=99.166
STEP|n=258200000|unique=5723283|accepted=24863984|rate=112596.7/s|walker_min=69.325|walker_med=94.461|walker_max=99.220
STEP|n=258300000|unique=5723723|accepted=24864424|rate=112600.1/s|walker_min=74.521|walker_med=88.757|walker_max=99.080
STEP|n=258400000|unique=5724166|accepted=24864867|rate=112603.2/s|walker_min=53.455|walker_med=94.916|walker_max=99.152
STEP|n=258500000|unique=5724642|accepted=24865343|rate=112606.6/s|walker_min=57.889|walker_med=89.053|walker_max=98.915
STEP|n=258600000|unique=5725007|accepted=24865708|rate=112609.4/s|walker_min=66.550|walker_med=90.433|walker_max=99.226
STEP|n=258700000|unique=5725398|accepted=24866099|rate=112612.4/s|walker_min=49.336|walker_med=90.341|walker_max=98.875
STEP|n=258800000|unique=5725775|accepted=24866476|rate=112615.2/s|walker_min=57.100|walker_med=88.292|walker_max=99.135
STEP|n=258900000|unique=5726193|accepted=24866894|rate=112616.4/s|walker_min=51.375|walker_med=77.249|walker_max=98.830
STEP|n=259000000|unique=5726572|accepted=24867273|rate=112617.8/s|walker_min=41.350|walker_med=74.698|walker_max=98.892
STEP|n=259100000|unique=5726906|accepted=24867607|rate=112619.1/s|walker_min=55.505|walker_med=82.878|walker_max=99.160
STEP|n=259200000|unique=5727321|accepted=24868022|rate=112621.2/s|walker_min=57.860|walker_med=87.511|walker_max=99.136
STEP|n=259300000|unique=5727703|accepted=24868404|rate=112623.4/s|walker_min=70.212|walker_med=87.178|walker_max=99.213
STEP|n=259400000|unique=5728126|accepted=24868827|rate=112626.4/s|walker_min=68.957|walker_med=89.812|walker_max=99.166
STEP|n=259500000|unique=5728534|accepted=24869235|rate=112629.7/s|walker_min=66.667|walker_med=91.768|walker_max=99.223
STEP|n=259600000|unique=5728933|accepted=24869634|rate=112632.9/s|walker_min=73.288|walker_med=88.695|walker_max=99.018
STEP|n=259700000|unique=5729362|accepted=24870063|rate=112636.1/s|walker_min=52.881|walker_med=92.548|walker_max=98.896
STEP|n=259800000|unique=5729786|accepted=24870487|rate=112639.7/s|walker_min=63.024|walker_med=89.557|walker_max=99.176
STEP|n=259900000|unique=5730232|accepted=24870933|rate=112643.3/s|walker_min=67.937|walker_med=84.462|walker_max=98.758
STEP|n=260000000|unique=5730603|accepted=24871304|rate=112646.9/s|walker_min=54.627|walker_med=93.067|walker_max=98.688
STEP|n=260100000|unique=5731022|accepted=24871723|rate=112650.4/s|walker_min=64.236|walker_med=90.774|walker_max=98.646
STEP|n=260200000|unique=5731430|accepted=24872131|rate=112653.9/s|walker_min=61.262|walker_med=85.763|walker_max=99.223
STEP|n=260300000|unique=5731833|accepted=24872534|rate=112657.3/s|walker_min=69.423|walker_med=91.091|walker_max=99.145
STEP|n=260400000|unique=5732247|accepted=24872948|rate=112660.7/s|walker_min=65.691|walker_med=91.813|walker_max=98.856
STEP|n=260500000|unique=5732661|accepted=24873362|rate=112664.0/s|walker_min=66.554|walker_med=90.134|walker_max=99.105
STEP|n=260600000|unique=5733091|accepted=24873792|rate=112667.1/s|walker_min=42.713|walker_med=89.903|walker_max=98.744
STEP|n=260700000|unique=5733517|accepted=24874218|rate=112669.9/s|walker_min=63.712|walker_med=87.532|walker_max=98.548
STEP|n=260800000|unique=5733882|accepted=24874583|rate=112672.1/s|walker_min=55.558|walker_med=84.588|walker_max=98.109
STEP|n=260900000|unique=5734299|accepted=24875000|rate=112674.4/s|walker_min=46.505|walker_med=82.298|walker_max=98.942
STEP|n=261000000|unique=5734624|accepted=24875325|rate=112675.5/s|walker_min=28.761|walker_med=70.442|walker_max=99.192
STEP|n=261100000|unique=5735039|accepted=24875740|rate=112676.7/s|walker_min=40.203|walker_med=86.631|walker_max=98.261
STEP|n=261200000|unique=5735434|accepted=24876135|rate=112678.4/s|walker_min=32.551|walker_med=87.305|walker_max=98.218
STEP|n=261300000|unique=5735871|accepted=24876572|rate=112680.8/s|walker_min=63.168|walker_med=78.431|walker_max=99.053
STEP|n=261400000|unique=5736301|accepted=24877002|rate=112683.9/s|walker_min=56.120|walker_med=87.254|walker_max=98.045
STEP|n=261500000|unique=5736672|accepted=24877373|rate=112686.8/s|walker_min=67.018|walker_med=94.080|walker_max=99.251
STEP|n=261600000|unique=5737092|accepted=24877793|rate=112690.1/s|walker_min=49.665|walker_med=90.748|walker_max=99.053
STEP|n=261700000|unique=5737470|accepted=24878171|rate=112693.2/s|walker_min=52.222|walker_med=83.583|walker_max=98.479
STEP|n=261800000|unique=5737868|accepted=24878569|rate=112696.5/s|walker_min=76.400|walker_med=91.433|walker_max=98.911
STEP|n=261900000|unique=5738304|accepted=24879005|rate=112699.8/s|walker_min=68.086|walker_med=93.294|walker_max=98.661
STEP|n=262000000|unique=5738719|accepted=24879420|rate=112703.3/s|walker_min=68.480|walker_med=92.798|walker_max=99.123
STEP|n=262100000|unique=5739093|accepted=24879794|rate=112706.9/s|walker_min=68.567|walker_med=90.310|walker_max=98.833
STEP|n=262200000|unique=5739512|accepted=24880213|rate=112710.5/s|walker_min=59.580|walker_med=92.097|walker_max=99.173
STEP|n=262300000|unique=5739927|accepted=24880628|rate=112713.8/s|walker_min=45.633|walker_med=89.949|walker_max=98.868
STEP|n=262400000|unique=5740343|accepted=24881044|rate=112716.8/s|walker_min=68.090|walker_med=90.947|walker_max=99.146
STEP|n=262500000|unique=5740726|accepted=24881427|rate=112719.9/s|walker_min=61.172|walker_med=88.555|walker_max=98.857
STEP|n=262600000|unique=5741084|accepted=24881785|rate=112723.1/s|walker_min=57.682|walker_med=89.236|walker_max=99.098
STEP|n=262700000|unique=5741438|accepted=24882139|rate=112726.1/s|walker_min=63.056|walker_med=88.083|walker_max=98.627
STEP|n=262800000|unique=5741763|accepted=24882464|rate=112728.5/s|walker_min=57.546|walker_med=90.239|walker_max=98.385
STEP|n=262900000|unique=5742174|accepted=24882875|rate=112730.1/s|walker_min=55.320|walker_med=82.350|walker_max=98.469
STEP|n=263000000|unique=5742533|accepted=24883234|rate=112730.6/s|walker_min=43.181|walker_med=78.721|walker_max=94.688
STEP|n=263100000|unique=5742913|accepted=24883614|rate=112731.6/s|walker_min=46.581|walker_med=84.401|walker_max=98.221
STEP|n=263200000|unique=5743260|accepted=24883961|rate=112733.6/s|walker_min=53.275|walker_med=83.420|walker_max=98.224
STEP|n=263300000|unique=5743629|accepted=24884330|rate=112736.5/s|walker_min=48.615|walker_med=86.994|walker_max=98.803
STEP|n=263400000|unique=5743924|accepted=24884625|rate=112738.8/s|walker_min=65.410|walker_med=91.551|walker_max=98.740
STEP|n=263500000|unique=5744276|accepted=24884977|rate=112741.9/s|walker_min=63.055|walker_med=85.201|walker_max=98.593
STEP|n=263600000|unique=5744733|accepted=24885434|rate=112745.3/s|walker_min=63.238|walker_med=87.616|walker_max=98.751
STEP|n=263700000|unique=5745200|accepted=24885901|rate=112749.0/s|walker_min=58.613|walker_med=90.156|walker_max=98.165
STEP|n=263800000|unique=5745614|accepted=24886315|rate=112752.5/s|walker_min=74.424|walker_med=87.845|walker_max=97.984
STEP|n=263900000|unique=5745947|accepted=24886648|rate=112755.9/s|walker_min=66.651|walker_med=87.383|walker_max=98.443
STEP|n=264000000|unique=5746300|accepted=24887001|rate=112759.2/s|walker_min=74.972|walker_med=90.413|walker_max=99.213
STEP|n=264100000|unique=5746694|accepted=24887395|rate=112762.5/s|walker_min=44.876|walker_med=88.977|walker_max=98.822
STEP|n=264200000|unique=5747120|accepted=24887821|rate=112766.9/s|walker_min=69.075|walker_med=89.978|walker_max=98.995
STEP|n=264300000|unique=5747541|accepted=24888242|rate=112770.6/s|walker_min=53.591|walker_med=83.432|walker_max=96.625
STEP|n=264400000|unique=5747930|accepted=24888631|rate=112773.9/s|walker_min=68.097|walker_med=92.451|walker_max=99.098
STEP|n=264500000|unique=5748283|accepted=24888984|rate=112777.8/s|walker_min=70.457|walker_med=89.114|walker_max=99.004
STEP|n=264600000|unique=5748698|accepted=24889399|rate=112782.4/s|walker_min=52.091|walker_med=91.464|walker_max=98.152
STEP|n=264700000|unique=5749068|accepted=24889769|rate=112786.8/s|walker_min=56.162|walker_med=92.496|walker_max=99.110
STEP|n=264800000|unique=5749478|accepted=24890179|rate=112790.1/s|walker_min=50.686|walker_med=92.684|walker_max=98.985
STEP|n=264900000|unique=5749905|accepted=24890606|rate=112792.5/s|walker_min=51.318|walker_med=89.756|walker_max=99.099
STEP|n=265000000|unique=5750280|accepted=24890981|rate=112793.6/s|walker_min=38.221|walker_med=70.397|walker_max=95.342
STEP|n=265100000|unique=5750617|accepted=24891318|rate=112796.0/s|walker_min=51.364|walker_med=80.163|walker_max=98.117
STEP|n=265200000|unique=5750997|accepted=24891698|rate=112799.9/s|walker_min=51.149|walker_med=87.059|walker_max=97.882
STEP|n=265300000|unique=5751392|accepted=24892093|rate=112804.2/s|walker_min=61.353|walker_med=88.691|walker_max=99.235
STEP|n=265400000|unique=5751771|accepted=24892472|rate=112807.2/s|walker_min=51.018|walker_med=87.023|walker_max=98.757
STEP|n=265500000|unique=5752207|accepted=24892908|rate=112810.4/s|walker_min=71.274|walker_med=92.755|walker_max=98.946
STEP|n=265600000|unique=5752576|accepted=24893277|rate=112813.9/s|walker_min=69.867|walker_med=92.332|walker_max=99.219
STEP|n=265700000|unique=5752926|accepted=24893627|rate=112818.7/s|walker_min=55.746|walker_med=87.429|walker_max=99.196
STEP|n=265800000|unique=5753300|accepted=24894001|rate=112823.6/s|walker_min=71.476|walker_med=91.888|walker_max=99.215
STEP|n=265900000|unique=5753736|accepted=24894437|rate=112828.1/s|walker_min=63.787|walker_med=91.555|walker_max=98.397
STEP|n=266000000|unique=5754162|accepted=24894863|rate=112831.5/s|walker_min=58.642|walker_med=91.358|walker_max=98.925
STEP|n=266100000|unique=5754504|accepted=24895205|rate=112834.9/s|walker_min=61.752|walker_med=90.193|walker_max=99.053
STEP|n=266200000|unique=5754864|accepted=24895565|rate=112838.9/s|walker_min=69.557|walker_med=91.953|walker_max=99.135
STEP|n=266300000|unique=5755225|accepted=24895926|rate=112843.8/s|walker_min=62.239|walker_med=89.403|walker_max=99.186
STEP|n=266400000|unique=5755638|accepted=24896339|rate=112848.7/s|walker_min=70.953|walker_med=89.179|walker_max=99.013
STEP|n=266500000|unique=5756009|accepted=24896710|rate=112853.0/s|walker_min=70.409|walker_med=90.767|walker_max=98.863
STEP|n=266600000|unique=5756367|accepted=24897068|rate=112856.1/s|walker_min=56.220|walker_med=91.077|walker_max=99.190
STEP|n=266700000|unique=5756744|accepted=24897445|rate=112859.0/s|walker_min=50.341|walker_med=88.868|walker_max=99.167
STEP|n=266800000|unique=5757150|accepted=24897851|rate=112862.6/s|walker_min=57.945|walker_med=87.774|walker_max=99.136
STEP|n=266900000|unique=5757514|accepted=24898215|rate=112866.4/s|walker_min=45.640|walker_med=82.187|walker_max=98.999
STEP|n=267000000|unique=5757915|accepted=24898616|rate=112869.1/s|walker_min=37.878|walker_med=70.599|walker_max=98.220
STEP|n=267100000|unique=5758224|accepted=24898925|rate=112870.1/s|walker_min=40.046|walker_med=81.094|walker_max=99.091
STEP|n=267200000|unique=5758648|accepted=24899349|rate=112872.3/s|walker_min=58.264|walker_med=86.538|walker_max=99.047
STEP|n=267300000|unique=5759004|accepted=24899705|rate=112875.1/s|walker_min=63.915|walker_med=90.216|walker_max=98.863
STEP|n=267400000|unique=5759359|accepted=24900060|rate=112879.5/s|walker_min=64.198|walker_med=92.346|walker_max=98.562
STEP|n=267500000|unique=5759681|accepted=24900382|rate=112884.1/s|walker_min=51.965|walker_med=89.576|walker_max=98.983
STEP|n=267600000|unique=5760026|accepted=24900727|rate=112888.4/s|walker_min=59.309|walker_med=93.224|walker_max=99.240
STEP|n=267700000|unique=5760367|accepted=24901068|rate=112891.4/s|walker_min=69.352|walker_med=89.788|walker_max=99.151
STEP|n=267800000|unique=5760847|accepted=24901548|rate=112894.7/s|walker_min=54.957|walker_med=93.968|walker_max=99.080
STEP|n=267900000|unique=5761264|accepted=24901965|rate=112898.8/s|walker_min=59.414|walker_med=92.903|walker_max=99.085
STEP|n=268000000|unique=5761611|accepted=24902312|rate=112903.9/s|walker_min=58.640|walker_med=88.591|walker_max=98.915
STEP|n=268100000|unique=5761945|accepted=24902646|rate=112907.3/s|walker_min=58.891|walker_med=92.244|walker_max=99.182
STEP|n=268200000|unique=5762328|accepted=24903029|rate=112911.3/s|walker_min=74.021|walker_med=93.323|walker_max=98.765
STEP|n=268300000|unique=5762720|accepted=24903421|rate=112915.9/s|walker_min=66.980|walker_med=90.446|walker_max=99.109
STEP|n=268400000|unique=5763078|accepted=24903779|rate=112920.3/s|walker_min=54.992|walker_med=92.280|walker_max=97.919
STEP|n=268500000|unique=5763424|accepted=24904125|rate=112924.0/s|walker_min=57.699|walker_med=93.004|walker_max=98.856
STEP|n=268600000|unique=5763790|accepted=24904491|rate=112926.9/s|walker_min=57.504|walker_med=88.881|walker_max=98.975
STEP|n=268700000|unique=5764121|accepted=24904822|rate=112929.7/s|walker_min=50.055|walker_med=87.065|walker_max=99.244
STEP|n=268800000|unique=5764512|accepted=24905213|rate=112933.2/s|walker_min=53.568|walker_med=88.806|walker_max=98.875
STEP|n=268900000|unique=5764844|accepted=24905545|rate=112936.6/s|walker_min=39.249|walker_med=78.137|walker_max=97.992
STEP|n=269000000|unique=5765174|accepted=24905875|rate=112938.8/s|walker_min=45.303|walker_med=74.190|walker_max=98.945
STEP|n=269100000|unique=5765532|accepted=24906233|rate=112939.7/s|walker_min=60.544|walker_med=86.782|walker_max=98.036
STEP|n=269200000|unique=5765954|accepted=24906655|rate=112941.7/s|walker_min=64.446|walker_med=88.832|walker_max=99.106
STEP|n=269300000|unique=5766386|accepted=24907087|rate=112944.5/s|walker_min=62.589|walker_med=88.704|walker_max=98.779
STEP|n=269400000|unique=5766738|accepted=24907439|rate=112948.5/s|walker_min=62.600|walker_med=89.348|walker_max=99.197
STEP|n=269500000|unique=5767115|accepted=24907816|rate=112953.0/s|walker_min=54.613|walker_med=92.670|walker_max=98.831
STEP|n=269600000|unique=5767475|accepted=24908176|rate=112957.1/s|walker_min=52.494|walker_med=90.831|walker_max=98.761
STEP|n=269700000|unique=5767875|accepted=24908576|rate=112960.0/s|walker_min=60.786|walker_med=90.147|walker_max=98.873
STEP|n=269800000|unique=5768276|accepted=24908977|rate=112963.3/s|walker_min=54.354|walker_med=90.334|walker_max=98.309
STEP|n=269900000|unique=5768659|accepted=24909360|rate=112967.2/s|walker_min=61.838|walker_med=92.860|walker_max=98.947
STEP|n=270000000|unique=5769019|accepted=24909720|rate=112971.8/s|walker_min=66.003|walker_med=91.740|walker_max=98.868
STEP|n=270100000|unique=5769355|accepted=24910056|rate=112976.4/s|walker_min=53.124|walker_med=89.395|walker_max=98.020
STEP|n=270200000|unique=5769710|accepted=24910411|rate=112980.0/s|walker_min=71.858|walker_med=89.366|walker_max=98.327
STEP|n=270300000|unique=5770101|accepted=24910802|rate=112983.1/s|walker_min=61.863|walker_med=90.390|walker_max=98.722
STEP|n=270400000|unique=5770474|accepted=24911175|rate=112985.6/s|walker_min=74.139|walker_med=92.940|walker_max=99.188
STEP|n=270500000|unique=5770862|accepted=24911563|rate=112989.6/s|walker_min=70.295|walker_med=89.006|walker_max=98.946
STEP|n=270600000|unique=5771225|accepted=24911926|rate=112993.8/s|walker_min=62.494|walker_med=85.762|walker_max=99.247
STEP|n=270700000|unique=5771574|accepted=24912275|rate=112997.9/s|walker_min=52.524|walker_med=88.612|walker_max=99.169
STEP|n=270800000|unique=5771927|accepted=24912628|rate=113000.4/s|walker_min=52.885|walker_med=88.818|walker_max=99.100
STEP|n=270900000|unique=5772268|accepted=24912969|rate=113002.3/s|walker_min=54.079|walker_med=83.305|walker_max=98.870
STEP|n=271000000|unique=5772588|accepted=24913289|rate=113003.1/s|walker_min=33.301|walker_med=64.275|walker_max=93.441
STEP|n=271100000|unique=5772887|accepted=24913588|rate=113004.9/s|walker_min=48.289|walker_med=79.525|walker_max=99.146
STEP|n=271200000|unique=5773275|accepted=24913976|rate=113006.7/s|walker_min=58.150|walker_med=89.252|walker_max=98.554
STEP|n=271300000|unique=5773645|accepted=24914346|rate=113009.5/s|walker_min=58.712|walker_med=91.144|walker_max=99.043
STEP|n=271400000|unique=5774055|accepted=24914756|rate=113012.6/s|walker_min=60.414|walker_med=88.265|walker_max=99.054
STEP|n=271500000|unique=5774451|accepted=24915152|rate=113015.3/s|walker_min=67.157|walker_med=93.496|walker_max=99.118
STEP|n=271600000|unique=5774773|accepted=24915474|rate=113019.0/s|walker_min=59.535|walker_med=88.839|walker_max=98.378
STEP|n=271700000|unique=5775161|accepted=24915862|rate=113023.4/s|walker_min=52.811|walker_med=92.117|walker_max=98.539
STEP|n=271800000|unique=5775576|accepted=24916277|rate=113026.9/s|walker_min=61.322|walker_med=90.224|walker_max=98.923
STEP|n=271900000|unique=5775857|accepted=24916558|rate=113030.8/s|walker_min=63.350|walker_med=93.233|walker_max=99.117
STEP|n=272000000|unique=5776238|accepted=24916939|rate=113035.5/s|walker_min=66.774|walker_med=90.981|walker_max=99.104
STEP|n=272100000|unique=5776609|accepted=24917310|rate=113040.0/s|walker_min=79.284|walker_med=89.821|walker_max=99.128
STEP|n=272200000|unique=5776969|accepted=24917670|rate=113043.4/s|walker_min=69.855|walker_med=92.074|walker_max=98.798
STEP|n=272300000|unique=5777363|accepted=24918064|rate=113046.5/s|walker_min=64.196|walker_med=90.969|walker_max=99.169
STEP|n=272400000|unique=5777703|accepted=24918404|rate=113049.1/s|walker_min=60.910|walker_med=90.544|walker_max=98.806
STEP|n=272500000|unique=5778007|accepted=24918708|rate=113053.5/s|walker_min=61.452|walker_med=90.169|walker_max=98.556
STEP|n=272600000|unique=5778364|accepted=24919065|rate=113057.8/s|walker_min=61.249|walker_med=90.519|walker_max=99.113
STEP|n=272700000|unique=5778718|accepted=24919419|rate=113062.0/s|walker_min=65.347|walker_med=88.335|walker_max=98.391
STEP|n=272800000|unique=5779095|accepted=24919796|rate=113064.6/s|walker_min=51.891|walker_med=85.110|walker_max=99.254
STEP|n=272900000|unique=5779424|accepted=24920125|rate=113066.4/s|walker_min=48.097|walker_med=76.428|walker_max=98.801
STEP|n=273000000|unique=5779791|accepted=24920492|rate=113066.8/s|walker_min=42.561|walker_med=76.945|walker_max=96.955
STEP|n=273100000|unique=5780081|accepted=24920782|rate=113067.1/s|walker_min=64.169|walker_med=88.258|walker_max=98.528
STEP|n=273200000|unique=5780449|accepted=24921150|rate=113069.0/s|walker_min=45.346|walker_med=88.319|walker_max=99.031
STEP|n=273300000|unique=5780806|accepted=24921507|rate=113072.3/s|walker_min=72.596|walker_med=91.069|walker_max=99.096
STEP|n=273400000|unique=5781181|accepted=24921882|rate=113076.3/s|walker_min=65.714|walker_med=92.283|walker_max=98.885
STEP|n=273500000|unique=5781525|accepted=24922226|rate=113080.6/s|walker_min=64.324|walker_med=93.404|walker_max=99.090
STEP|n=273600000|unique=5781906|accepted=24922607|rate=113083.8/s|walker_min=74.052|walker_med=91.233|walker_max=99.153
STEP|n=273700000|unique=5782326|accepted=24923027|rate=113086.4/s|walker_min=66.536|walker_med=90.267|walker_max=99.001
STEP|n=273800000|unique=5782638|accepted=24923339|rate=113089.2/s|walker_min=64.728|walker_med=88.419|walker_max=97.445
STEP|n=273900000|unique=5782983|accepted=24923684|rate=113093.5/s|walker_min=61.703|walker_med=93.443|walker_max=99.209
STEP|n=274000000|unique=5783362|accepted=24924063|rate=113097.7/s|walker_min=72.384|walker_med=91.561|walker_max=99.236
STEP|n=274100000|unique=5783687|accepted=24924388|rate=113102.0/s|walker_min=60.805|walker_med=92.187|walker_max=98.625
STEP|n=274200000|unique=5784041|accepted=24924742|rate=113105.3/s|walker_min=74.587|walker_med=92.982|walker_max=99.212
STEP|n=274300000|unique=5784433|accepted=24925134|rate=113108.4/s|walker_min=63.873|walker_med=91.133|walker_max=98.970
STEP|n=274400000|unique=5784759|accepted=24925460|rate=113111.4/s|walker_min=64.705|walker_med=88.605|walker_max=97.295
STEP|n=274500000|unique=5785120|accepted=24925821|rate=113115.4/s|walker_min=65.409|walker_med=90.451|walker_max=98.901
STEP|n=274600000|unique=5785467|accepted=24926168|rate=113119.5/s|walker_min=59.244|walker_med=90.209|walker_max=99.234
STEP|n=274700000|unique=5785837|accepted=24926538|rate=113123.1/s|walker_min=50.067|walker_med=80.725|walker_max=98.459
STEP|n=274800000|unique=5786161|accepted=24926862|rate=113125.2/s|walker_min=51.602|walker_med=85.750|walker_max=98.358
STEP|n=274900000|unique=5786448|accepted=24927149|rate=113126.6/s|walker_min=55.972|walker_med=79.538|walker_max=99.211
STEP|n=275000000|unique=5786759|accepted=24927460|rate=113128.0/s|walker_min=33.010|walker_med=73.534|walker_max=97.930
STEP|n=275100000|unique=5787074|accepted=24927775|rate=113130.0/s|walker_min=39.807|walker_med=84.367|walker_max=99.247
STEP|n=275200000|unique=5787398|accepted=24928099|rate=113132.9/s|walker_min=57.900|walker_med=89.116|walker_max=98.695
STEP|n=275300000|unique=5787751|accepted=24928452|rate=113135.6/s|walker_min=59.212|walker_med=85.847|walker_max=99.088
STEP|n=275400000|unique=5788109|accepted=24928810|rate=113137.9/s|walker_min=54.972|walker_med=91.923|walker_max=98.770
STEP|n=275500000|unique=5788438|accepted=24929139|rate=113140.6/s|walker_min=64.875|walker_med=90.731|walker_max=98.878
STEP|n=275600000|unique=5788734|accepted=24929435|rate=113144.7/s|walker_min=47.588|walker_med=82.835|walker_max=98.610
STEP|n=275700000|unique=5789064|accepted=24929765|rate=113149.0/s|walker_min=51.077|walker_med=91.561|walker_max=99.020
STEP|n=275800000|unique=5789428|accepted=24930129|rate=113153.1/s|walker_min=59.585|walker_med=88.380|walker_max=98.910
STEP|n=275900000|unique=5789773|accepted=24930474|rate=113156.0/s|walker_min=74.889|walker_med=93.238|walker_max=98.700
STEP|n=276000000|unique=5790098|accepted=24930799|rate=113158.8/s|walker_min=68.301|walker_med=91.855|walker_max=98.934
STEP|n=276100000|unique=5790411|accepted=24931112|rate=113162.3/s|walker_min=53.590|walker_med=90.716|walker_max=98.580
STEP|n=276200000|unique=5790728|accepted=24931429|rate=113166.7/s|walker_min=69.311|walker_med=88.196|walker_max=98.859
STEP|n=276300000|unique=5791067|accepted=24931768|rate=113171.2/s|walker_min=69.084|walker_med=88.845|walker_max=99.026
STEP|n=276400000|unique=5791389|accepted=24932090|rate=113175.1/s|walker_min=74.667|walker_med=91.420|walker_max=98.187
STEP|n=276500000|unique=5791770|accepted=24932471|rate=113177.8/s|walker_min=49.634|walker_med=90.921|walker_max=99.245
STEP|n=276600000|unique=5792166|accepted=24932867|rate=113180.7/s|walker_min=54.893|walker_med=91.047|walker_max=98.868
STEP|n=276700000|unique=5792496|accepted=24933197|rate=113183.1/s|walker_min=29.933|walker_med=83.973|walker_max=98.572
STEP|n=276800000|unique=5792880|accepted=24933581|rate=113185.3/s|walker_min=56.954|walker_med=87.159|walker_max=99.192
STEP|n=276900000|unique=5793234|accepted=24933935|rate=113183.7/s|walker_min=58.215|walker_med=88.178|walker_max=99.040
STEP|n=277000000|unique=5793505|accepted=24934206|rate=113185.8/s|walker_min=34.315|walker_med=71.867|walker_max=98.346
STEP|n=277100000|unique=5793855|accepted=24934556|rate=113188.3/s|walker_min=43.791|walker_med=80.999|walker_max=97.832
STEP|n=277200000|unique=5794162|accepted=24934863|rate=113191.7/s|walker_min=39.649|walker_med=82.987|walker_max=98.362
STEP|n=277300000|unique=5794485|accepted=24935186|rate=113194.2/s|walker_min=60.895|walker_med=90.274|walker_max=98.369
STEP|n=277400000|unique=5794861|accepted=24935562|rate=113196.8/s|walker_min=56.421|walker_med=91.540|walker_max=99.243
STEP|n=277500000|unique=5795194|accepted=24935895|rate=113199.7/s|walker_min=42.249|walker_med=92.623|walker_max=98.589
STEP|n=277600000|unique=5795541|accepted=24936242|rate=113204.0/s|walker_min=59.578|walker_med=89.713|walker_max=98.765
STEP|n=277700000|unique=5795872|accepted=24936573|rate=113208.4/s|walker_min=64.994|walker_med=92.830|walker_max=99.152
STEP|n=277800000|unique=5796189|accepted=24936890|rate=113212.0/s|walker_min=63.812|walker_med=89.608|walker_max=99.181
STEP|n=277900000|unique=5796509|accepted=24937210|rate=113214.9/s|walker_min=63.166|walker_med=93.239|walker_max=99.227
STEP|n=278000000|unique=5796819|accepted=24937520|rate=113217.7/s|walker_min=70.047|walker_med=88.481|walker_max=99.136
STEP|n=278100000|unique=5797189|accepted=24937890|rate=113221.4/s|walker_min=62.856|walker_med=92.789|walker_max=98.908
STEP|n=278200000|unique=5797507|accepted=24938208|rate=113226.0/s|walker_min=65.602|walker_med=90.104|walker_max=98.171
STEP|n=278300000|unique=5797843|accepted=24938544|rate=113230.6/s|walker_min=56.060|walker_med=91.441|walker_max=98.677
STEP|n=278400000|unique=5798105|accepted=24938806|rate=113234.0/s|walker_min=62.696|walker_med=87.962|walker_max=98.810
STEP|n=278500000|unique=5798448|accepted=24939149|rate=113236.8/s|walker_min=68.816|walker_med=89.526|walker_max=98.402
STEP|n=278600000|unique=5798748|accepted=24939449|rate=113239.5/s|walker_min=41.835|walker_med=93.205|walker_max=98.774
STEP|n=278700000|unique=5799074|accepted=24939775|rate=113243.2/s|walker_min=49.525|walker_med=85.189|walker_max=98.479
STEP|n=278800000|unique=5799382|accepted=24940083|rate=113244.8/s|walker_min=73.323|walker_med=87.060|walker_max=99.133
STEP|n=278900000|unique=5799731|accepted=24940432|rate=113246.4/s|walker_min=50.041|walker_med=86.058|walker_max=98.033
STEP|n=279000000|unique=5799998|accepted=24940699|rate=113248.1/s|walker_min=47.280|walker_med=72.222|walker_max=90.680
STEP|n=279100000|unique=5800336|accepted=24941037|rate=113250.1/s|walker_min=55.461|walker_med=87.322|walker_max=97.481
STEP|n=279200000|unique=5800634|accepted=24941335|rate=113252.2/s|walker_min=50.040|walker_med=84.052|walker_max=98.353
STEP|n=279300000|unique=5801000|accepted=24941701|rate=113256.0/s|walker_min=52.549|walker_med=87.964|walker_max=98.203
STEP|n=279400000|unique=5801351|accepted=24942052|rate=113260.3/s|walker_min=64.213|walker_med=87.433|walker_max=98.006
STEP|n=279500000|unique=5801715|accepted=24942416|rate=113263.9/s|walker_min=70.735|walker_med=88.981|walker_max=98.091
STEP|n=279600000|unique=5802015|accepted=24942716|rate=113266.5/s|walker_min=59.200|walker_med=89.470|walker_max=99.119
STEP|n=279700000|unique=5802332|accepted=24943033|rate=113269.1/s|walker_min=67.747|walker_med=91.348|walker_max=98.876
STEP|n=279800000|unique=5802613|accepted=24943314|rate=113272.8/s|walker_min=60.029|walker_med=85.365|walker_max=99.252
STEP|n=279900000|unique=5802968|accepted=24943669|rate=113277.2/s|walker_min=57.511|walker_med=92.310|walker_max=99.039
STEP|n=280000000|unique=5803262|accepted=24943963|rate=113281.5/s|walker_min=48.388|walker_med=89.896|walker_max=98.978
STEP|n=280100000|unique=5803579|accepted=24944280|rate=113285.0/s|walker_min=57.728|walker_med=91.368|walker_max=98.999
STEP|n=280200000|unique=5803912|accepted=24944613|rate=113287.7/s|walker_min=66.470|walker_med=90.331|walker_max=99.029
STEP|n=280300000|unique=5804229|accepted=24944930|rate=113290.6/s|walker_min=66.398|walker_med=93.266|walker_max=98.900
STEP|n=280400000|unique=5804616|accepted=24945317|rate=113294.6/s|walker_min=60.340|walker_med=89.689|walker_max=98.635
STEP|n=280500000|unique=5804986|accepted=24945687|rate=113299.0/s|walker_min=50.428|walker_med=89.446|walker_max=97.782
STEP|n=280600000|unique=5805289|accepted=24945990|rate=113303.1/s|walker_min=55.352|walker_med=92.129|walker_max=99.058
STEP|n=280700000|unique=5805620|accepted=24946321|rate=113305.9/s|walker_min=58.097|walker_med=92.500|walker_max=99.092
STEP|n=280800000|unique=5805877|accepted=24946578|rate=113307.9/s|walker_min=61.386|walker_med=89.880|walker_max=99.100
STEP|n=280900000|unique=5806174|accepted=24946875|rate=113309.9/s|walker_min=47.008|walker_med=87.077|walker_max=99.261
STEP|n=281000000|unique=5806426|accepted=24947127|rate=113312.2/s|walker_min=40.274|walker_med=69.675|walker_max=97.103
STEP|n=281100000|unique=5806727|accepted=24947428|rate=113314.4/s|walker_min=48.424|walker_med=79.217|walker_max=97.901
STEP|n=281200000|unique=5807019|accepted=24947720|rate=113317.2/s|walker_min=34.677|walker_med=85.928|walker_max=98.047
STEP|n=281300000|unique=5807335|accepted=24948036|rate=113319.3/s|walker_min=46.771|walker_med=90.095|walker_max=98.967
STEP|n=281400000|unique=5807665|accepted=24948366|rate=113321.6/s|walker_min=49.492|walker_med=89.822|walker_max=98.985
STEP|n=281500000|unique=5807991|accepted=24948692|rate=113325.1/s|walker_min=38.635|walker_med=88.098|walker_max=99.023
STEP|n=281600000|unique=5808353|accepted=24949054|rate=113328.8/s|walker_min=58.606|walker_med=93.158|walker_max=99.245
STEP|n=281700000|unique=5808683|accepted=24949384|rate=113333.3/s|walker_min=64.837|walker_med=88.601|walker_max=99.071
STEP|n=281800000|unique=5808976|accepted=24949677|rate=113336.5/s|walker_min=63.895|walker_med=86.587|walker_max=98.528
STEP|n=281900000|unique=5809305|accepted=24950006|rate=113339.4/s|walker_min=68.721|walker_med=89.614|walker_max=99.229
STEP|n=282000000|unique=5809598|accepted=24950299|rate=113342.3/s|walker_min=67.789|walker_med=93.180|walker_max=99.245
STEP|n=282100000|unique=5809893|accepted=24950594|rate=113346.6/s|walker_min=52.595|walker_med=93.442|walker_max=99.127
STEP|n=282200000|unique=5810236|accepted=24950937|rate=113351.0/s|walker_min=71.425|walker_med=89.588|walker_max=99.018
STEP|n=282300000|unique=5810545|accepted=24951246|rate=113355.3/s|walker_min=65.287|walker_med=89.508|walker_max=98.231
STEP|n=282400000|unique=5810810|accepted=24951511|rate=113357.7/s|walker_min=53.447|walker_med=89.534|walker_max=98.439
STEP|n=282500000|unique=5811147|accepted=24951848|rate=113360.3/s|walker_min=66.251|walker_med=91.740|walker_max=98.963
STEP|n=282600000|unique=5811427|accepted=24952128|rate=113363.1/s|walker_min=50.474|walker_med=82.509|walker_max=99.138
STEP|n=282700000|unique=5811713|accepted=24952414|rate=113367.1/s|walker_min=54.770|walker_med=86.380|walker_max=98.687
STEP|n=282800000|unique=5812002|accepted=24952703|rate=113369.6/s|walker_min=66.258|walker_med=89.745|walker_max=98.347
STEP|n=282900000|unique=5812306|accepted=24953007|rate=113371.7/s|walker_min=66.582|walker_med=87.131|walker_max=97.433
STEP|n=283000000|unique=5812628|accepted=24953329|rate=113373.7/s|walker_min=37.070|walker_med=65.396|walker_max=96.140
STEP|n=283100000|unique=5812935|accepted=24953636|rate=113375.5/s|walker_min=40.806|walker_med=85.867|walker_max=98.083
STEP|n=283200000|unique=5813276|accepted=24953977|rate=113377.9/s|walker_min=70.975|walker_med=89.701|walker_max=98.456
STEP|n=283300000|unique=5813573|accepted=24954274|rate=113379.9/s|walker_min=68.532|walker_med=89.514|walker_max=98.832
STEP|n=283400000|unique=5813956|accepted=24954657|rate=113382.5/s|walker_min=58.416|walker_med=89.588|walker_max=99.233
STEP|n=283500000|unique=5814282|accepted=24954983|rate=113386.0/s|walker_min=64.901|walker_med=88.252|walker_max=97.960
STEP|n=283600000|unique=5814596|accepted=24955297|rate=113389.9/s|walker_min=58.040|walker_med=91.285|walker_max=98.996
STEP|n=283700000|unique=5814948|accepted=24955649|rate=113394.0/s|walker_min=63.566|walker_med=91.145|walker_max=97.645
STEP|n=283800000|unique=5815243|accepted=24955944|rate=113396.7/s|walker_min=64.818|walker_med=91.232|walker_max=98.623
STEP|n=283900000|unique=5815574|accepted=24956275|rate=113399.6/s|walker_min=65.233|walker_med=89.007|walker_max=99.046
STEP|n=284000000|unique=5815867|accepted=24956568|rate=113402.6/s|walker_min=68.812|walker_med=89.725|walker_max=98.785
STEP|n=284100000|unique=5816170|accepted=24956871|rate=113406.7/s|walker_min=68.870|walker_med=92.439|walker_max=99.195
STEP|n=284200000|unique=5816454|accepted=24957155|rate=113410.7/s|walker_min=65.344|walker_med=91.081|walker_max=98.805
STEP|n=284300000|unique=5816823|accepted=24957524|rate=113414.8/s|walker_min=61.494|walker_med=89.874|walker_max=98.923
STEP|n=284400000|unique=5817160|accepted=24957861|rate=113417.2/s|walker_min=75.554|walker_med=91.425|walker_max=99.188
STEP|n=284500000|unique=5817518|accepted=24958219|rate=113419.9/s|walker_min=65.462|walker_med=89.842|walker_max=98.377
STEP|n=284600000|unique=5817859|accepted=24958560|rate=113422.8/s|walker_min=46.941|walker_med=87.536|walker_max=98.360
STEP|n=284700000|unique=5818176|accepted=24958877|rate=113426.5/s|walker_min=54.789|walker_med=90.118|walker_max=98.984
STEP|n=284800000|unique=5818506|accepted=24959207|rate=113429.8/s|walker_min=53.141|walker_med=83.270|walker_max=99.112
STEP|n=284900000|unique=5818815|accepted=24959516|rate=113432.3/s|walker_min=53.202|walker_med=84.195|walker_max=98.369
STEP|n=285000000|unique=5819124|accepted=24959825|rate=113433.0/s|walker_min=46.482|walker_med=70.767|walker_max=97.819
STEP|n=285100000|unique=5819390|accepted=24960091|rate=113433.4/s|walker_min=49.515|walker_med=85.677|walker_max=97.794
STEP|n=285200000|unique=5819738|accepted=24960439|rate=113436.1/s|walker_min=63.029|walker_med=90.547|walker_max=97.616
STEP|n=285300000|unique=5820034|accepted=24960735|rate=113439.4/s|walker_min=66.483|walker_med=88.535|walker_max=98.315
STEP|n=285400000|unique=5820376|accepted=24961077|rate=113443.0/s|walker_min=65.494|walker_med=89.186|walker_max=99.204
STEP|n=285500000|unique=5820744|accepted=24961445|rate=113445.7/s|walker_min=66.083|walker_med=91.736|walker_max=99.216
STEP|n=285600000|unique=5821071|accepted=24961772|rate=113448.5/s|walker_min=61.202|walker_med=91.198|walker_max=98.938
STEP|n=285700000|unique=5821403|accepted=24962104|rate=113451.6/s|walker_min=52.182|walker_med=91.787|walker_max=98.807
STEP|n=285800000|unique=5821738|accepted=24962439|rate=113455.7/s|walker_min=66.367|walker_med=89.254|walker_max=98.934
STEP|n=285900000|unique=5822044|accepted=24962745|rate=113459.7/s|walker_min=67.946|walker_med=92.962|walker_max=99.169
STEP|n=286000000|unique=5822373|accepted=24963074|rate=113463.5/s|walker_min=67.873|walker_med=89.435|walker_max=98.183
STEP|n=286100000|unique=5822690|accepted=24963391|rate=113466.2/s|walker_min=73.035|walker_med=90.165|walker_max=99.095
STEP|n=286200000|unique=5823021|accepted=24963722|rate=113469.2/s|walker_min=57.787|walker_med=92.183|walker_max=99.200
STEP|n=286300000|unique=5823332|accepted=24964033|rate=113472.6/s|walker_min=71.557|walker_med=91.843|walker_max=99.197
STEP|n=286400000|unique=5823636|accepted=24964337|rate=113476.4/s|walker_min=49.904|walker_med=90.585|walker_max=99.133
STEP|n=286500000|unique=5823969|accepted=24964670|rate=113474.5/s|walker_min=62.080|walker_med=92.248|walker_max=98.934
STEP|n=286600000|unique=5824234|accepted=24964935|rate=113477.9/s|walker_min=59.811|walker_med=90.940|walker_max=99.188
STEP|n=286700000|unique=5824607|accepted=24965308|rate=113481.9/s|walker_min=62.244|walker_med=90.385|walker_max=99.165
STEP|n=286800000|unique=5824942|accepted=24965643|rate=113485.7/s|walker_min=64.527|walker_med=91.451|walker_max=98.237
STEP|n=286900000|unique=5825236|accepted=24965937|rate=113487.6/s|walker_min=39.737|walker_med=84.182|walker_max=99.236
STEP|n=287000000|unique=5825494|accepted=24966195|rate=113488.0/s|walker_min=37.058|walker_med=69.914|walker_max=97.565
STEP|n=287100000|unique=5825765|accepted=24966466|rate=113488.3/s|walker_min=52.591|walker_med=86.695|walker_max=98.651
STEP|n=287200000|unique=5826084|accepted=24966785|rate=113491.9/s|walker_min=57.182|walker_med=91.170|walker_max=98.781
STEP|n=287300000|unique=5826429|accepted=24967130|rate=113495.8/s|walker_min=60.255|walker_med=88.312|walker_max=98.154
STEP|n=287400000|unique=5826742|accepted=24967443|rate=113499.4/s|walker_min=62.062|walker_med=90.892|walker_max=97.935
STEP|n=287500000|unique=5827052|accepted=24967753|rate=113501.8/s|walker_min=43.397|walker_med=89.827|walker_max=98.672
STEP|n=287600000|unique=5827331|accepted=24968032|rate=113504.2/s|walker_min=42.700|walker_med=92.471|walker_max=98.807
STEP|n=287700000|unique=5827630|accepted=24968331|rate=113507.6/s|walker_min=72.472|walker_med=90.927|walker_max=98.436
STEP|n=287800000|unique=5827996|accepted=24968697|rate=113512.1/s|walker_min=69.282|walker_med=91.457|walker_max=98.778
STEP|n=287900000|unique=5828292|accepted=24968993|rate=113516.5/s|walker_min=71.603|walker_med=92.991|walker_max=98.984
STEP|n=288000000|unique=5828593|accepted=24969294|rate=113520.3/s|walker_min=65.943|walker_med=91.302|walker_max=98.785
STEP|n=288100000|unique=5828866|accepted=24969567|rate=113522.9/s|walker_min=63.776|walker_med=91.057|walker_max=99.007
STEP|n=288200000|unique=5829145|accepted=24969846|rate=113525.6/s|walker_min=50.448|walker_med=89.817|walker_max=99.198
STEP|n=288300000|unique=5829462|accepted=24970163|rate=113529.2/s|walker_min=65.361|walker_med=94.784|walker_max=99.125
STEP|n=288400000|unique=5829798|accepted=24970499|rate=113533.3/s|walker_min=73.636|walker_med=93.169|walker_max=99.258
STEP|n=288500000|unique=5830069|accepted=24970770|rate=113537.1/s|walker_min=70.338|walker_med=92.290|walker_max=99.156
STEP|n=288600000|unique=5830365|accepted=24971066|rate=113539.7/s|walker_min=59.986|walker_med=87.971|walker_max=97.757
STEP|n=288700000|unique=5830686|accepted=24971387|rate=113542.2/s|walker_min=63.162|walker_med=87.457|walker_max=98.242
STEP|n=288800000|unique=5831038|accepted=24971739|rate=113544.2/s|walker_min=50.064|walker_med=88.276|walker_max=98.304
STEP|n=288900000|unique=5831394|accepted=24972095|rate=113547.4/s|walker_min=51.487|walker_med=81.885|walker_max=98.560
STEP|n=289000000|unique=5831651|accepted=24972352|rate=113549.4/s|walker_min=40.013|walker_med=77.468|walker_max=99.203
STEP|n=289100000|unique=5831974|accepted=24972675|rate=113550.8/s|walker_min=45.520|walker_med=82.315|walker_max=98.099
STEP|n=289200000|unique=5832281|accepted=24972982|rate=113552.4/s|walker_min=52.331|walker_med=84.862|walker_max=99.260
STEP|n=289300000|unique=5832636|accepted=24973337|rate=113554.8/s|walker_min=46.759|walker_med=91.162|walker_max=99.234
STEP|n=289400000|unique=5832954|accepted=24973655|rate=113557.7/s|walker_min=69.097|walker_med=91.523|walker_max=97.291
STEP|n=289500000|unique=5833203|accepted=24973904|rate=113561.7/s|walker_min=42.614|walker_med=90.329|walker_max=99.113
STEP|n=289600000|unique=5833447|accepted=24974148|rate=113565.8/s|walker_min=55.489|walker_med=88.417|walker_max=99.180
STEP|n=289700000|unique=5833818|accepted=24974519|rate=113569.3/s|walker_min=55.211|walker_med=90.692|walker_max=98.543
STEP|n=289800000|unique=5834107|accepted=24974808|rate=113572.1/s|walker_min=69.182|walker_med=92.445|walker_max=98.838
STEP|n=289900000|unique=5834413|accepted=24975114|rate=113574.7/s|walker_min=51.946|walker_med=92.555|walker_max=98.503
STEP|n=290000000|unique=5834729|accepted=24975430|rate=113578.4/s|walker_min=59.933|walker_med=92.906|walker_max=97.088
STEP|n=290100000|unique=5834987|accepted=24975688|rate=113582.5/s|walker_min=63.665|walker_med=90.748|walker_max=98.634
STEP|n=290200000|unique=5835271|accepted=24975972|rate=113584.8/s|walker_min=54.603|walker_med=88.736|walker_max=99.152
STEP|n=290300000|unique=5835585|accepted=24976286|rate=113588.2/s|walker_min=72.271|walker_med=93.467|walker_max=99.121
STEP|n=290400000|unique=5835848|accepted=24976549|rate=113591.9/s|walker_min=61.824|walker_med=92.446|walker_max=99.210
STEP|n=290500000|unique=5836169|accepted=24976870|rate=113595.5/s|walker_min=59.347|walker_med=91.700|walker_max=99.053
STEP|n=290600000|unique=5836463|accepted=24977164|rate=113598.1/s|walker_min=43.319|walker_med=91.839|walker_max=98.160
STEP|n=290700000|unique=5836808|accepted=24977509|rate=113600.5/s|walker_min=65.425|walker_med=88.729|walker_max=99.115
STEP|n=290800000|unique=5837134|accepted=24977835|rate=113602.8/s|walker_min=53.690|walker_med=86.840|walker_max=99.247
STEP|n=290900000|unique=5837430|accepted=24978131|rate=113605.7/s|walker_min=43.021|walker_med=79.768|walker_max=98.249
STEP|n=291000000|unique=5837674|accepted=24978375|rate=113607.2/s|walker_min=34.734|walker_med=76.429|walker_max=97.650
STEP|n=291100000|unique=5837893|accepted=24978594|rate=113608.1/s|walker_min=44.017|walker_med=79.825|walker_max=97.823
STEP|n=291200000|unique=5838179|accepted=24978880|rate=113609.4/s|walker_min=46.482|walker_med=88.690|walker_max=98.195
STEP|n=291300000|unique=5838520|accepted=24979221|rate=113611.4/s|walker_min=55.600|walker_med=88.908|walker_max=99.188
STEP|n=291400000|unique=5838874|accepted=24979575|rate=113614.6/s|walker_min=63.397|walker_med=92.023|walker_max=99.142
STEP|n=291500000|unique=5839124|accepted=24979825|rate=113618.3/s|walker_min=56.563|walker_med=90.476|walker_max=98.560
STEP|n=291600000|unique=5839419|accepted=24980120|rate=113622.1/s|walker_min=62.126|walker_med=88.574|walker_max=99.049
STEP|n=291700000|unique=5839683|accepted=24980384|rate=113624.8/s|walker_min=74.996|walker_med=88.984|walker_max=98.715
STEP|n=291800000|unique=5840004|accepted=24980705|rate=113627.3/s|walker_min=68.874|walker_med=92.254|walker_max=99.109
STEP|n=291900000|unique=5840318|accepted=24981019|rate=113629.8/s|walker_min=45.936|walker_med=90.798|walker_max=98.531
STEP|n=292000000|unique=5840630|accepted=24981331|rate=113633.7/s|walker_min=64.227|walker_med=92.204|walker_max=99.255
STEP|n=292100000|unique=5840926|accepted=24981627|rate=113637.8/s|walker_min=73.003|walker_med=93.757|walker_max=99.215
STEP|n=292200000|unique=5841225|accepted=24981926|rate=113641.9/s|walker_min=69.070|walker_med=91.706|walker_max=98.667
STEP|n=292300000|unique=5841529|accepted=24982230|rate=113644.3/s|walker_min=71.288|walker_med=90.097|walker_max=99.086
STEP|n=292400000|unique=5841823|accepted=24982524|rate=113647.0/s|walker_min=70.687|walker_med=88.495|walker_max=99.261
STEP|n=292500000|unique=5842150|accepted=24982851|rate=113649.7/s|walker_min=65.916|walker_med=90.835|walker_max=98.035
STEP|n=292600000|unique=5842408|accepted=24983109|rate=113653.2/s|walker_min=46.486|walker_med=88.980|walker_max=98.570
STEP|n=292700000|unique=5842656|accepted=24983357|rate=113656.7/s|walker_min=63.023|walker_med=88.713|walker_max=98.870
STEP|n=292800000|unique=5842940|accepted=24983641|rate=113659.7/s|walker_min=57.716|walker_med=91.108|walker_max=98.491
STEP|n=292900000|unique=5843233|accepted=24983934|rate=113661.3/s|walker_min=44.479|walker_med=84.042|walker_max=98.739
STEP|n=293000000|unique=5843561|accepted=24984262|rate=113662.0/s|walker_min=43.176|walker_med=77.073|walker_max=98.984
STEP|n=293100000|unique=5843815|accepted=24984516|rate=113663.1/s|walker_min=50.296|walker_med=91.032|walker_max=99.172
STEP|n=293200000|unique=5844122|accepted=24984823|rate=113665.2/s|walker_min=50.848|walker_med=86.197|walker_max=99.242
STEP|n=293300000|unique=5844395|accepted=24985096|rate=113666.6/s|walker_min=66.839|walker_med=88.024|walker_max=99.152
STEP|n=293400000|unique=5844715|accepted=24985416|rate=113670.1/s|walker_min=62.322|walker_med=86.276|walker_max=98.581
STEP|n=293500000|unique=5845014|accepted=24985715|rate=113673.8/s|walker_min=66.946|walker_med=87.793|walker_max=99.139
STEP|n=293600000|unique=5845290|accepted=24985991|rate=113677.7/s|walker_min=75.560|walker_med=89.391|walker_max=99.079
STEP|n=293700000|unique=5845567|accepted=24986268|rate=113680.2/s|walker_min=72.440|walker_med=92.077|walker_max=98.815
STEP|n=293800000|unique=5845889|accepted=24986590|rate=113682.8/s|walker_min=56.091|walker_med=91.938|walker_max=98.929
STEP|n=293900000|unique=5846190|accepted=24986891|rate=113685.5/s|walker_min=53.707|walker_med=91.993|walker_max=99.042
STEP|n=294000000|unique=5846503|accepted=24987204|rate=113689.7/s|walker_min=54.709|walker_med=89.680|walker_max=98.778
STEP|n=294100000|unique=5846829|accepted=24987530|rate=113693.9/s|walker_min=54.180|walker_med=93.308|walker_max=98.756
STEP|n=294200000|unique=5847098|accepted=24987799|rate=113697.7/s|walker_min=58.181|walker_med=89.000|walker_max=99.249
STEP|n=294300000|unique=5847450|accepted=24988151|rate=113700.2/s|walker_min=66.152|walker_med=93.633|walker_max=99.050
STEP|n=294400000|unique=5847759|accepted=24988460|rate=113702.8/s|walker_min=61.655|walker_med=89.048|walker_max=99.259
STEP|n=294500000|unique=5848013|accepted=24988714|rate=113705.9/s|walker_min=51.726|walker_med=92.232|walker_max=98.917
STEP|n=294600000|unique=5848314|accepted=24989015|rate=113709.7/s|walker_min=58.070|walker_med=91.634|walker_max=98.467
STEP|n=294700000|unique=5848632|accepted=24989333|rate=113713.5/s|walker_min=48.252|walker_med=88.436|walker_max=98.112
STEP|n=294800000|unique=5848925|accepted=24989626|rate=113716.3/s|walker_min=61.058|walker_med=86.597|walker_max=98.179
STEP|n=294900000|unique=5849199|accepted=24989900|rate=113717.7/s|walker_min=51.093|walker_med=85.960|walker_max=99.092
STEP|n=295000000|unique=5849431|accepted=24990132|rate=113717.7/s|walker_min=43.319|walker_med=76.034|walker_max=98.395
STEP|n=295100000|unique=5849671|accepted=24990372|rate=113719.1/s|walker_min=38.769|walker_med=83.158|walker_max=99.136
STEP|n=295200000|unique=5849931|accepted=24990632|rate=113722.1/s|walker_min=43.475|walker_med=88.339|walker_max=98.649
STEP|n=295300000|unique=5850183|accepted=24990884|rate=113725.6/s|walker_min=49.992|walker_med=92.103|walker_max=99.101
STEP|n=295400000|unique=5850505|accepted=24991206|rate=113727.8/s|walker_min=62.146|walker_med=89.739|walker_max=99.067
STEP|n=295500000|unique=5850772|accepted=24991473|rate=113730.1/s|walker_min=61.211|walker_med=91.803|walker_max=99.128
STEP|n=295600000|unique=5851056|accepted=24991757|rate=113732.8/s|walker_min=55.013|walker_med=92.866|walker_max=99.234
STEP|n=295700000|unique=5851328|accepted=24992029|rate=113736.8/s|walker_min=52.790|walker_med=92.644|walker_max=99.007
STEP|n=295800000|unique=5851611|accepted=24992312|rate=113740.9/s|walker_min=63.252|walker_med=91.537|walker_max=98.845
STEP|n=295900000|unique=5851919|accepted=24992620|rate=113744.6/s|walker_min=78.312|walker_med=92.887|walker_max=99.127
STEP|n=296000000|unique=5852192|accepted=24992893|rate=113747.2/s|walker_min=64.558|walker_med=91.069|walker_max=99.053
STEP|n=296100000|unique=5852519|accepted=24993220|rate=113749.8/s|walker_min=68.319|walker_med=89.343|walker_max=98.537
STEP|n=296200000|unique=5852816|accepted=24993517|rate=113753.1/s|walker_min=50.519|walker_med=87.345|walker_max=99.049
STEP|n=296300000|unique=5853119|accepted=24993820|rate=113756.2/s|walker_min=61.146|walker_med=88.482|walker_max=98.882
STEP|n=296400000|unique=5853403|accepted=24994104|rate=113758.1/s|walker_min=67.922|walker_med=90.260|walker_max=99.019
STEP|n=296500000|unique=5853664|accepted=24994365|rate=113761.0/s|walker_min=35.330|walker_med=87.766|walker_max=98.967
STEP|n=296600000|unique=5853899|accepted=24994600|rate=113764.2/s|walker_min=48.047|walker_med=91.868|walker_max=99.248
STEP|n=296700000|unique=5854203|accepted=24994904|rate=113767.7/s|walker_min=49.738|walker_med=92.978|walker_max=98.779
STEP|n=296800000|unique=5854482|accepted=24995183|rate=113769.7/s|walker_min=53.914|walker_med=91.333|walker_max=99.166
STEP|n=296900000|unique=5854688|accepted=24995389|rate=113770.8/s|walker_min=36.531|walker_med=79.438|walker_max=98.234
STEP|n=297000000|unique=5854973|accepted=24995674|rate=113771.1/s|walker_min=41.590|walker_med=70.072|walker_max=96.167
STEP|n=297100000|unique=5855231|accepted=24995932|rate=113772.6/s|walker_min=54.153|walker_med=84.648|walker_max=97.084
STEP|n=297200000|unique=5855484|accepted=24996185|rate=113775.0/s|walker_min=47.763|walker_med=84.118|walker_max=98.580
STEP|n=297300000|unique=5855724|accepted=24996425|rate=113777.9/s|walker_min=39.046|walker_med=86.914|walker_max=99.028
STEP|n=297400000|unique=5855991|accepted=24996692|rate=113780.1/s|walker_min=60.860|walker_med=90.549|walker_max=99.243
STEP|n=297500000|unique=5856249|accepted=24996950|rate=113781.8/s|walker_min=72.034|walker_med=90.459|walker_max=98.197
STEP|n=297600000|unique=5856518|accepted=24997219|rate=113784.7/s|walker_min=62.853|walker_med=88.716|walker_max=99.164
STEP|n=297700000|unique=5856778|accepted=24997479|rate=113788.3/s|walker_min=67.411|walker_med=89.844|walker_max=98.796
STEP|n=297800000|unique=5857067|accepted=24997768|rate=113791.9/s|walker_min=67.744|walker_med=91.175|walker_max=99.013
STEP|n=297900000|unique=5857327|accepted=24998028|rate=113794.9/s|walker_min=65.724|walker_med=93.087|walker_max=99.143
STEP|n=298000000|unique=5857568|accepted=24998269|rate=113797.3/s|walker_min=63.999|walker_med=87.853|walker_max=98.825
STEP|n=298100000|unique=5857820|accepted=24998521|rate=113800.0/s|walker_min=59.723|walker_med=92.724|walker_max=99.236
STEP|n=298200000|unique=5858086|accepted=24998787|rate=113803.4/s|walker_min=72.367|walker_med=88.695|walker_max=99.232
STEP|n=298300000|unique=5858338|accepted=24999039|rate=113807.1/s|walker_min=56.206|walker_med=90.739|walker_max=99.009
STEP|n=298400000|unique=5858645|accepted=24999346|rate=113810.7/s|walker_min=56.699|walker_med=87.685|walker_max=97.235
STEP|n=298500000|unique=5858940|accepted=24999641|rate=113813.4/s|walker_min=66.553|walker_med=92.126|walker_max=98.964
STEP|n=298600000|unique=5859199|accepted=24999900|rate=113815.5/s|walker_min=65.571|walker_med=90.402|walker_max=98.789
STEP|n=298700000|unique=5859484|accepted=25000185|rate=113817.8/s|walker_min=58.813|walker_med=87.241|walker_max=99.241
STEP|n=298800000|unique=5859717|accepted=25000418|rate=113820.8/s|walker_min=42.221|walker_med=88.878|walker_max=98.327
STEP|n=298900000|unique=5859985|accepted=25000686|rate=113821.6/s|walker_min=48.664|walker_med=81.580|walker_max=99.162
STEP|n=299000000|unique=5860226|accepted=25000927|rate=113822.2/s|walker_min=29.838|walker_med=77.256|walker_max=97.731
STEP|n=299100000|unique=5860460|accepted=25001161|rate=113824.0/s|walker_min=44.421|walker_med=84.581|walker_max=99.124
STEP|n=299200000|unique=5860743|accepted=25001444|rate=113826.9/s|walker_min=59.450|walker_med=87.440|walker_max=99.173
STEP|n=299300000|unique=5860986|accepted=25001687|rate=113829.4/s|walker_min=37.181|walker_med=90.536|walker_max=98.909
STEP|n=299400000|unique=5861306|accepted=25002007|rate=113831.6/s|walker_min=62.829|walker_med=91.836|walker_max=98.185
STEP|n=299500000|unique=5861556|accepted=25002257|rate=113833.6/s|walker_min=56.225|walker_med=91.679|walker_max=98.578
STEP|n=299600000|unique=5861884|accepted=25002585|rate=113836.3/s|walker_min=58.851|walker_med=90.136|walker_max=99.212
STEP|n=299700000|unique=5862217|accepted=25002918|rate=113838.8/s|walker_min=75.650|walker_med=93.063|walker_max=99.059
STEP|n=299800000|unique=5862511|accepted=25003212|rate=113841.1/s|walker_min=59.199|walker_med=87.417|walker_max=98.607
STEP|n=299900000|unique=5862734|accepted=25003435|rate=113844.7/s|walker_min=70.314|walker_med=89.611|walker_max=98.156
STEP|n=300000000|unique=5863002|accepted=25003703|rate=113848.4/s|walker_min=61.821|walker_med=88.168|walker_max=99.193
CHECKPOINT|step=300000000|unique=5863002|saved=3000000|min=25.4807|max=92.7225
STEP|n=300100000|unique=5863284|accepted=25003985|rate=113546.0/s|walker_min=60.769|walker_med=92.371|walker_max=97.495
STEP|n=300200000|unique=5863552|accepted=25004253|rate=113548.4/s|walker_min=69.507|walker_med=92.458|walker_max=99.109
STEP|n=300300000|unique=5863814|accepted=25004515|rate=113550.9/s|walker_min=71.212|walker_med=91.155|walker_max=99.077
STEP|n=300400000|unique=5864122|accepted=25004823|rate=113553.3/s|walker_min=66.297|walker_med=90.734|walker_max=98.250
STEP|n=300500000|unique=5864431|accepted=25005132|rate=113555.8/s|walker_min=73.035|walker_med=92.375|walker_max=99.237
STEP|n=300600000|unique=5864724|accepted=25005425|rate=113557.9/s|walker_min=51.673|walker_med=88.463|walker_max=98.013
STEP|n=300700000|unique=5864951|accepted=25005652|rate=113559.7/s|walker_min=61.491|walker_med=91.318|walker_max=98.879
STEP|n=300800000|unique=5865194|accepted=25005895|rate=113556.2/s|walker_min=49.491|walker_med=89.046|walker_max=98.807
STEP|n=300900000|unique=5865452|accepted=25006153|rate=113557.6/s|walker_min=59.589|walker_med=86.048|walker_max=98.399
STEP|n=301000000|unique=5865683|accepted=25006384|rate=113557.9/s|walker_min=36.917|walker_med=71.671|walker_max=98.380
STEP|n=301100000|unique=5865886|accepted=25006587|rate=113557.8/s|walker_min=52.720|walker_med=84.468|walker_max=97.183
STEP|n=301200000|unique=5866106|accepted=25006807|rate=113558.8/s|walker_min=39.652|walker_med=89.656|walker_max=99.196
STEP|n=301300000|unique=5866333|accepted=25007034|rate=113560.5/s|walker_min=64.273|walker_med=90.775|walker_max=99.078
STEP|n=301400000|unique=5866581|accepted=25007282|rate=113562.6/s|walker_min=54.430|walker_med=90.382|walker_max=98.667
STEP|n=301500000|unique=5866827|accepted=25007528|rate=113564.9/s|walker_min=62.283|walker_med=90.338|walker_max=98.645
STEP|n=301600000|unique=5867081|accepted=25007782|rate=113567.2/s|walker_min=35.172|walker_med=86.076|walker_max=98.496
STEP|n=301700000|unique=5867316|accepted=25008017|rate=113569.5/s|walker_min=39.969|walker_med=87.899|walker_max=98.805
STEP|n=301800000|unique=5867566|accepted=25008267|rate=113571.9/s|walker_min=57.706|walker_med=89.134|walker_max=99.136
STEP|n=301900000|unique=5867816|accepted=25008517|rate=113574.4/s|walker_min=62.410|walker_med=93.451|walker_max=98.815
STEP|n=302000000|unique=5868050|accepted=25008751|rate=113577.1/s|walker_min=58.978|walker_med=90.918|walker_max=98.858
STEP|n=302100000|unique=5868311|accepted=25009012|rate=113579.7/s|walker_min=70.587|walker_med=91.395|walker_max=98.876
STEP|n=302200000|unique=5868594|accepted=25009295|rate=113582.3/s|walker_min=69.383|walker_med=89.414|walker_max=98.955
STEP|n=302300000|unique=5868866|accepted=25009567|rate=113584.7/s|walker_min=67.334|walker_med=87.773|walker_max=98.899
STEP|n=302400000|unique=5869214|accepted=25009915|rate=113587.3/s|walker_min=65.594|walker_med=91.000|walker_max=98.959
STEP|n=302500000|unique=5869489|accepted=25010190|rate=113589.6/s|walker_min=66.189|walker_med=89.350|walker_max=99.259
STEP|n=302600000|unique=5869731|accepted=25010432|rate=113591.6/s|walker_min=64.284|walker_med=90.480|walker_max=98.143
STEP|n=302700000|unique=5870007|accepted=25010708|rate=113593.9/s|walker_min=38.435|walker_med=91.874|walker_max=99.115
STEP|n=302800000|unique=5870251|accepted=25010952|rate=113595.6/s|walker_min=49.527|walker_med=85.407|walker_max=98.801
STEP|n=302900000|unique=5870500|accepted=25011201|rate=113596.8/s|walker_min=47.963|walker_med=83.021|walker_max=98.785
STEP|n=303000000|unique=5870780|accepted=25011481|rate=113597.3/s|walker_min=51.317|walker_med=82.761|walker_max=98.880
STEP|n=303100000|unique=5871016|accepted=25011717|rate=113597.7/s|walker_min=57.118|walker_med=83.415|walker_max=99.161
STEP|n=303200000|unique=5871295|accepted=25011996|rate=113599.0/s|walker_min=49.068|walker_med=88.362|walker_max=99.166
STEP|n=303300000|unique=5871502|accepted=25012203|rate=113600.8/s|walker_min=47.758|walker_med=83.604|walker_max=99.167
STEP|n=303400000|unique=5871798|accepted=25012499|rate=113602.7/s|walker_min=61.086|walker_med=90.296|walker_max=99.237
STEP|n=303500000|unique=5872083|accepted=25012784|rate=113604.8/s|walker_min=66.898|walker_med=89.187|walker_max=99.251
STEP|n=303600000|unique=5872399|accepted=25013100|rate=113607.2/s|walker_min=52.851|walker_med=91.597|walker_max=98.899
STEP|n=303700000|unique=5872674|accepted=25013375|rate=113609.6/s|walker_min=55.875|walker_med=89.652|walker_max=99.233
STEP|n=303800000|unique=5872964|accepted=25013665|rate=113612.0/s|walker_min=59.223|walker_med=85.144|walker_max=98.919
STEP|n=303900000|unique=5873291|accepted=25013992|rate=113614.2/s|walker_min=64.693|walker_med=89.434|walker_max=99.116
STEP|n=304000000|unique=5873535|accepted=25014236|rate=113616.9/s|walker_min=73.232|walker_med=91.165|walker_max=99.162
STEP|n=304100000|unique=5873800|accepted=25014501|rate=113619.5/s|walker_min=59.172|walker_med=94.539|walker_max=98.933
STEP|n=304200000|unique=5874042|accepted=25014743|rate=113621.9/s|walker_min=56.537|walker_med=90.377|walker_max=99.184
STEP|n=304300000|unique=5874339|accepted=25015040|rate=113624.5/s|walker_min=73.030|walker_med=90.981|walker_max=97.534
STEP|n=304400000|unique=5874611|accepted=25015312|rate=113627.0/s|walker_min=67.254|walker_med=87.953|walker_max=99.060
STEP|n=304500000|unique=5874919|accepted=25015620|rate=113629.4/s|walker_min=63.918|walker_med=88.646|walker_max=97.561
STEP|n=304600000|unique=5875189|accepted=25015890|rate=113631.7/s|walker_min=64.576|walker_med=87.431|walker_max=98.110
STEP|n=304700000|unique=5875438|accepted=25016139|rate=113633.8/s|walker_min=54.335|walker_med=89.780|walker_max=98.787
STEP|n=304800000|unique=5875678|accepted=25016379|rate=113635.8/s|walker_min=63.903|walker_med=86.571|walker_max=99.240
STEP|n=304900000|unique=5875967|accepted=25016668|rate=113637.3/s|walker_min=49.548|walker_med=84.251|walker_max=97.034
STEP|n=305000000|unique=5876262|accepted=25016963|rate=113637.9/s|walker_min=48.637|walker_med=79.411|walker_max=97.997
STEP|n=305100000|unique=5876466|accepted=25017167|rate=113637.8/s|walker_min=53.238|walker_med=79.803|walker_max=98.684
STEP|n=305200000|unique=5876751|accepted=25017452|rate=113639.2/s|walker_min=41.676|walker_med=89.991|walker_max=98.857
STEP|n=305300000|unique=5877034|accepted=25017735|rate=113641.0/s|walker_min=53.280|walker_med=83.510|walker_max=97.749
STEP|n=305400000|unique=5877292|accepted=25017993|rate=113643.2/s|walker_min=61.534|walker_med=93.548|walker_max=98.749
STEP|n=305500000|unique=5877534|accepted=25018235|rate=113645.4/s|walker_min=61.150|walker_med=92.455|walker_max=99.182
STEP|n=305600000|unique=5877811|accepted=25018512|rate=113647.7/s|walker_min=53.940|walker_med=89.497|walker_max=98.365
STEP|n=305700000|unique=5878061|accepted=25018762|rate=113650.0/s|walker_min=67.866|walker_med=91.987|walker_max=99.025
STEP|n=305800000|unique=5878303|accepted=25019004|rate=113652.3/s|walker_min=52.015|walker_med=90.611|walker_max=98.923
STEP|n=305900000|unique=5878549|accepted=25019250|rate=113654.8/s|walker_min=72.400|walker_med=91.830|walker_max=98.871
STEP|n=306000000|unique=5878826|accepted=25019527|rate=113657.3/s|walker_min=66.641|walker_med=89.026|walker_max=99.154
STEP|n=306100000|unique=5879046|accepted=25019747|rate=113659.8/s|walker_min=67.151|walker_med=93.576|walker_max=98.982
STEP|n=306200000|unique=5879372|accepted=25020073|rate=113662.3/s|walker_min=58.434|walker_med=93.102|walker_max=99.196
STEP|n=306300000|unique=5879650|accepted=25020351|rate=113664.7/s|walker_min=56.481|walker_med=93.359|walker_max=99.248
STEP|n=306400000|unique=5879936|accepted=25020637|rate=113667.3/s|walker_min=48.854|walker_med=90.872|walker_max=98.796
STEP|n=306500000|unique=5880162|accepted=25020863|rate=113669.5/s|walker_min=50.087|walker_med=87.016|walker_max=98.369
STEP|n=306600000|unique=5880384|accepted=25021085|rate=113671.6/s|walker_min=61.712|walker_med=85.320|walker_max=98.895
STEP|n=306700000|unique=5880662|accepted=25021363|rate=113673.7/s|walker_min=61.694|walker_med=89.811|walker_max=97.568
STEP|n=306800000|unique=5880926|accepted=25021627|rate=113675.4/s|walker_min=51.746|walker_med=85.846|walker_max=98.327
STEP|n=306900000|unique=5881178|accepted=25021879|rate=113676.7/s|walker_min=64.841|walker_med=82.928|walker_max=98.437
STEP|n=307000000|unique=5881439|accepted=25022140|rate=113676.9/s|walker_min=47.483|walker_med=73.845|walker_max=97.747
STEP|n=307100000|unique=5881639|accepted=25022340|rate=113677.3/s|walker_min=46.759|walker_med=85.533|walker_max=99.072
STEP|n=307200000|unique=5881886|accepted=25022587|rate=113678.8/s|walker_min=62.819|walker_med=87.261|walker_max=98.946
STEP|n=307300000|unique=5882157|accepted=25022858|rate=113680.6/s|walker_min=50.511|walker_med=91.536|walker_max=99.230
STEP|n=307400000|unique=5882395|accepted=25023096|rate=113682.6/s|walker_min=58.312|walker_med=88.987|walker_max=99.125
STEP|n=307500000|unique=5882673|accepted=25023374|rate=113684.7/s|walker_min=61.711|walker_med=90.608|walker_max=97.682
STEP|n=307600000|unique=5882918|accepted=25023619|rate=113687.2/s|walker_min=67.649|walker_med=90.040|walker_max=99.025
STEP|n=307700000|unique=5883208|accepted=25023909|rate=113689.9/s|walker_min=72.654|walker_med=93.462|walker_max=99.156
STEP|n=307800000|unique=5883588|accepted=25024289|rate=113692.5/s|walker_min=63.185|walker_med=91.447|walker_max=98.712
STEP|n=307900000|unique=5883871|accepted=25024572|rate=113694.8/s|walker_min=76.305|walker_med=91.882|walker_max=99.247
STEP|n=308000000|unique=5884112|accepted=25024813|rate=113697.2/s|walker_min=62.177|walker_med=87.815|walker_max=98.467
STEP|n=308100000|unique=5884337|accepted=25025038|rate=113699.6/s|walker_min=66.149|walker_med=90.834|walker_max=99.162
STEP|n=308200000|unique=5884590|accepted=25025291|rate=113702.2/s|walker_min=50.312|walker_med=94.386|walker_max=99.081
STEP|n=308300000|unique=5884879|accepted=25025580|rate=113704.9/s|walker_min=65.149|walker_med=89.922|walker_max=98.013
STEP|n=308400000|unique=5885150|accepted=25025851|rate=113707.4/s|walker_min=65.956|walker_med=92.125|walker_max=99.255
STEP|n=308500000|unique=5885413|accepted=25026114|rate=113709.6/s|walker_min=54.484|walker_med=89.472|walker_max=98.789
STEP|n=308600000|unique=5885647|accepted=25026348|rate=113711.6/s|walker_min=55.098|walker_med=87.475|walker_max=98.449
STEP|n=308700000|unique=5885903|accepted=25026604|rate=113713.5/s|walker_min=50.341|walker_med=87.485|walker_max=98.471
STEP|n=308800000|unique=5886185|accepted=25026886|rate=113715.2/s|walker_min=56.145|walker_med=87.045|walker_max=98.812
STEP|n=308900000|unique=5886412|accepted=25027113|rate=113716.6/s|walker_min=43.960|walker_med=80.668|walker_max=98.277
STEP|n=309000000|unique=5886591|accepted=25027292|rate=113716.4/s|walker_min=35.496|walker_med=72.589|walker_max=98.746
STEP|n=309100000|unique=5886806|accepted=25027507|rate=113716.6/s|walker_min=46.454|walker_med=83.938|walker_max=98.525
STEP|n=309200000|unique=5887107|accepted=25027808|rate=113718.2/s|walker_min=48.595|walker_med=89.161|walker_max=99.244
STEP|n=309300000|unique=5887354|accepted=25028055|rate=113720.2/s|walker_min=57.758|walker_med=88.883|walker_max=99.242
STEP|n=309400000|unique=5887602|accepted=25028303|rate=113722.3/s|walker_min=49.211|walker_med=91.963|walker_max=98.678
STEP|n=309500000|unique=5887833|accepted=25028534|rate=113725.6/s|walker_min=69.016|walker_med=88.311|walker_max=98.800
STEP|n=309600000|unique=5888052|accepted=25028753|rate=113728.9/s|walker_min=53.479|walker_med=86.419|walker_max=98.644
STEP|n=309700000|unique=5888282|accepted=25028983|rate=113732.3/s|walker_min=65.976|walker_med=93.746|walker_max=98.897
STEP|n=309800000|unique=5888559|accepted=25029260|rate=113734.8/s|walker_min=53.278|walker_med=91.533|walker_max=98.981
STEP|n=309900000|unique=5888782|accepted=25029483|rate=113737.4/s|walker_min=67.266|walker_med=91.012|walker_max=98.930
STEP|n=310000000|unique=5889016|accepted=25029717|rate=113740.1/s|walker_min=64.664|walker_med=92.756|walker_max=98.089
STEP|n=310100000|unique=5889209|accepted=25029910|rate=113744.0/s|walker_min=61.874|walker_med=88.102|walker_max=99.064
STEP|n=310200000|unique=5889416|accepted=25030117|rate=113747.7/s|walker_min=49.806|walker_med=90.596|walker_max=98.639
STEP|n=310300000|unique=5889672|accepted=25030373|rate=113751.1/s|walker_min=68.375|walker_med=92.179|walker_max=98.958
STEP|n=310400000|unique=5889865|accepted=25030566|rate=113753.5/s|walker_min=55.719|walker_med=90.419|walker_max=99.242
STEP|n=310500000|unique=5890112|accepted=25030813|rate=113756.1/s|walker_min=69.065|walker_med=88.537|walker_max=99.066
STEP|n=310600000|unique=5890364|accepted=25031065|rate=113759.0/s|walker_min=58.508|walker_med=90.787|walker_max=98.716
STEP|n=310700000|unique=5890669|accepted=25031370|rate=113762.4/s|walker_min=56.174|walker_med=87.887|walker_max=99.217
STEP|n=310800000|unique=5890891|accepted=25031592|rate=113765.5/s|walker_min=56.065|walker_med=84.782|walker_max=96.167
STEP|n=310900000|unique=5891157|accepted=25031858|rate=113767.5/s|walker_min=54.663|walker_med=88.098|walker_max=98.282
STEP|n=311000000|unique=5891415|accepted=25032116|rate=113768.1/s|walker_min=42.046|walker_med=74.642|walker_max=98.351
STEP|n=311100000|unique=5891620|accepted=25032321|rate=113768.0/s|walker_min=46.613|walker_med=83.398|walker_max=99.247
STEP|n=311200000|unique=5891898|accepted=25032599|rate=113770.7/s|walker_min=59.377|walker_med=82.967|walker_max=99.100
STEP|n=311300000|unique=5892152|accepted=25032853|rate=113773.9/s|walker_min=66.369|walker_med=88.750|walker_max=99.158
STEP|n=311400000|unique=5892420|accepted=25033121|rate=113777.2/s|walker_min=62.491|walker_med=89.116|walker_max=98.647
STEP|n=311500000|unique=5892713|accepted=25033414|rate=113779.7/s|walker_min=63.725|walker_med=90.228|walker_max=98.881
STEP|n=311600000|unique=5892929|accepted=25033630|rate=113782.3/s|walker_min=67.372|walker_med=90.271|walker_max=98.951
STEP|n=311700000|unique=5893162|accepted=25033863|rate=113785.4/s|walker_min=59.758|walker_med=92.891|walker_max=98.839
STEP|n=311800000|unique=5893372|accepted=25034073|rate=113789.0/s|walker_min=65.879|walker_med=90.887|walker_max=98.640
STEP|n=311900000|unique=5893609|accepted=25034310|rate=113792.7/s|walker_min=70.506|walker_med=93.841|walker_max=98.814
STEP|n=312000000|unique=5893849|accepted=25034550|rate=113796.1/s|walker_min=70.164|walker_med=86.812|walker_max=98.270
STEP|n=312100000|unique=5894046|accepted=25034747|rate=113798.7/s|walker_min=59.597|walker_med=90.811|walker_max=99.213
STEP|n=312200000|unique=5894295|accepted=25034996|rate=113801.4/s|walker_min=55.727|walker_med=91.056|walker_max=98.382
STEP|n=312300000|unique=5894525|accepted=25035226|rate=113804.6/s|walker_min=60.028|walker_med=87.384|walker_max=98.370
STEP|n=312400000|unique=5894785|accepted=25035486|rate=113808.4/s|walker_min=63.358|walker_med=92.718|walker_max=99.194
STEP|n=312500000|unique=5895052|accepted=25035753|rate=113812.0/s|walker_min=67.267|walker_med=91.210|walker_max=99.193
STEP|n=312600000|unique=5895309|accepted=25036010|rate=113814.9/s|walker_min=70.707|walker_med=92.871|walker_max=99.153
STEP|n=312700000|unique=5895533|accepted=25036234|rate=113817.1/s|walker_min=64.553|walker_med=89.086|walker_max=98.989
STEP|n=312800000|unique=5895734|accepted=25036435|rate=113819.2/s|walker_min=47.898|walker_med=88.983|walker_max=99.227
STEP|n=312900000|unique=5895957|accepted=25036658|rate=113821.7/s|walker_min=42.245|walker_med=81.666|walker_max=97.677
STEP|n=313000000|unique=5896125|accepted=25036826|rate=113823.2/s|walker_min=30.778|walker_med=79.343|walker_max=97.209
STEP|n=313100000|unique=5896334|accepted=25037035|rate=113824.6/s|walker_min=46.138|walker_med=85.434|walker_max=99.128
STEP|n=313200000|unique=5896552|accepted=25037253|rate=113826.2/s|walker_min=55.492|walker_med=88.882|walker_max=98.828
STEP|n=313300000|unique=5896779|accepted=25037480|rate=113828.3/s|walker_min=51.357|walker_med=88.721|walker_max=98.784
STEP|n=313400000|unique=5897012|accepted=25037713|rate=113830.9/s|walker_min=57.487|walker_med=89.659|walker_max=98.944
STEP|n=313500000|unique=5897252|accepted=25037953|rate=113834.3/s|walker_min=65.113|walker_med=89.220|walker_max=98.424
STEP|n=313600000|unique=5897488|accepted=25038189|rate=113838.0/s|walker_min=74.022|walker_med=92.781|walker_max=98.674
STEP|n=313700000|unique=5897772|accepted=25038473|rate=113841.4/s|walker_min=55.705|walker_med=89.973|walker_max=99.192
STEP|n=313800000|unique=5898013|accepted=25038714|rate=113844.1/s|walker_min=77.365|walker_med=90.853|walker_max=98.269
STEP|n=313900000|unique=5898275|accepted=25038976|rate=113846.3/s|walker_min=71.939|walker_med=93.645|walker_max=99.168
STEP|n=314000000|unique=5898513|accepted=25039214|rate=113849.6/s|walker_min=69.309|walker_med=92.223|walker_max=99.153
STEP|n=314100000|unique=5898741|accepted=25039442|rate=113853.2/s|walker_min=66.019|walker_med=89.546|walker_max=99.111
STEP|n=314200000|unique=5898972|accepted=25039673|rate=113856.9/s|walker_min=62.757|walker_med=91.446|walker_max=98.718
STEP|n=314300000|unique=5899218|accepted=25039919|rate=113860.0/s|walker_min=52.954|walker_med=89.925|walker_max=99.050
STEP|n=314400000|unique=5899450|accepted=25040151|rate=113862.7/s|walker_min=57.510|walker_med=88.208|walker_max=97.944
STEP|n=314500000|unique=5899737|accepted=25040438|rate=113865.2/s|walker_min=49.944|walker_med=92.891|walker_max=99.166
STEP|n=314600000|unique=5899975|accepted=25040676|rate=113868.3/s|walker_min=61.084|walker_med=89.558|walker_max=98.810
STEP|n=314700000|unique=5900205|accepted=25040906|rate=113871.6/s|walker_min=62.866|walker_med=90.063|walker_max=99.048
STEP|n=314800000|unique=5900410|accepted=25041111|rate=113874.5/s|walker_min=61.649|walker_med=84.953|walker_max=99.171
STEP|n=314900000|unique=5900616|accepted=25041317|rate=113876.0/s|walker_min=31.319|walker_med=82.680|walker_max=98.884
STEP|n=315000000|unique=5900785|accepted=25041486|rate=113876.4/s|walker_min=34.331|walker_med=77.562|walker_max=98.589
STEP|n=315100000|unique=5900989|accepted=25041690|rate=113877.0/s|walker_min=43.323|walker_med=82.651|walker_max=98.405
STEP|n=315200000|unique=5901204|accepted=25041905|rate=113879.5/s|walker_min=68.885|walker_med=91.647|walker_max=98.915
STEP|n=315300000|unique=5901461|accepted=25042162|rate=113882.7/s|walker_min=56.022|walker_med=87.187|walker_max=98.740
STEP|n=315400000|unique=5901687|accepted=25042388|rate=113885.6/s|walker_min=63.177|walker_med=89.885|walker_max=99.024
STEP|n=315500000|unique=5901893|accepted=25042594|rate=113887.9/s|walker_min=66.319|walker_med=89.430|walker_max=98.884
STEP|n=315600000|unique=5902158|accepted=25042859|rate=113890.2/s|walker_min=59.696|walker_med=87.358|walker_max=99.201
STEP|n=315700000|unique=5902376|accepted=25043077|rate=113893.3/s|walker_min=57.554|walker_med=90.380|walker_max=98.116
STEP|n=315800000|unique=5902590|accepted=25043291|rate=113897.1/s|walker_min=77.743|walker_med=93.515|walker_max=99.174
STEP|n=315900000|unique=5902793|accepted=25043494|rate=113900.9/s|walker_min=66.668|walker_med=92.335|walker_max=98.971
STEP|n=316000000|unique=5903048|accepted=25043749|rate=113904.0/s|walker_min=62.403|walker_med=94.625|walker_max=99.233
STEP|n=316100000|unique=5903310|accepted=25044011|rate=113906.8/s|walker_min=63.598|walker_med=92.536|walker_max=99.037
STEP|n=316200000|unique=5903570|accepted=25044271|rate=113909.2/s|walker_min=73.508|walker_med=93.369|walker_max=99.214
STEP|n=316300000|unique=5903848|accepted=25044549|rate=113912.5/s|walker_min=69.006|walker_med=91.905|walker_max=98.845
STEP|n=316400000|unique=5904111|accepted=25044812|rate=113916.0/s|walker_min=62.938|walker_med=89.993|walker_max=99.023
STEP|n=316500000|unique=5904305|accepted=25045006|rate=113919.5/s|walker_min=59.518|walker_med=88.687|walker_max=98.702
STEP|n=316600000|unique=5904531|accepted=25045232|rate=113921.7/s|walker_min=42.465|walker_med=90.338|walker_max=98.719
STEP|n=316700000|unique=5904759|accepted=25045460|rate=113923.9/s|walker_min=55.848|walker_med=92.777|walker_max=99.237
STEP|n=316800000|unique=5904986|accepted=25045687|rate=113925.9/s|walker_min=52.103|walker_med=85.933|walker_max=99.111
STEP|n=316900000|unique=5905196|accepted=25045897|rate=113928.6/s|walker_min=54.491|walker_med=83.977|walker_max=98.669
STEP|n=317000000|unique=5905399|accepted=25046100|rate=113930.0/s|walker_min=40.432|walker_med=78.309|walker_max=98.414
STEP|n=317100000|unique=5905611|accepted=25046312|rate=113931.2/s|walker_min=55.038|walker_med=86.784|walker_max=99.227
STEP|n=317200000|unique=5905828|accepted=25046529|rate=113932.5/s|walker_min=64.259|walker_med=92.214|walker_max=98.519
STEP|n=317300000|unique=5906098|accepted=25046799|rate=113934.2/s|walker_min=71.514|walker_med=93.205|walker_max=99.144
STEP|n=317400000|unique=5906327|accepted=25047028|rate=113936.9/s|walker_min=42.756|walker_med=86.172|walker_max=98.912
STEP|n=317500000|unique=5906552|accepted=25047253|rate=113940.3/s|walker_min=70.538|walker_med=93.778|walker_max=98.887
STEP|n=317600000|unique=5906804|accepted=25047505|rate=113943.6/s|walker_min=53.566|walker_med=92.326|walker_max=98.482
STEP|n=317700000|unique=5907034|accepted=25047735|rate=113946.3/s|walker_min=66.834|walker_med=92.403|walker_max=98.843
STEP|n=317800000|unique=5907265|accepted=25047966|rate=113949.0/s|walker_min=72.216|walker_med=89.138|walker_max=99.108
STEP|n=317900000|unique=5907501|accepted=25048202|rate=113951.8/s|walker_min=60.506|walker_med=91.393|walker_max=98.412
STEP|n=318000000|unique=5907688|accepted=25048389|rate=113955.0/s|walker_min=56.145|walker_med=90.239|walker_max=99.028
STEP|n=318100000|unique=5907906|accepted=25048607|rate=113958.5/s|walker_min=71.242|walker_med=91.630|walker_max=98.726
STEP|n=318200000|unique=5908132|accepted=25048833|rate=113962.1/s|walker_min=64.685|walker_med=90.688|walker_max=98.920
STEP|n=318300000|unique=5908343|accepted=25049044|rate=113964.6/s|walker_min=49.863|walker_med=91.128|walker_max=98.274
STEP|n=318400000|unique=5908602|accepted=25049303|rate=113967.1/s|walker_min=51.684|walker_med=94.120|walker_max=99.254
STEP|n=318500000|unique=5908875|accepted=25049576|rate=113969.7/s|walker_min=51.433|walker_med=86.943|walker_max=98.991
STEP|n=318600000|unique=5909112|accepted=25049813|rate=113971.6/s|walker_min=63.557|walker_med=92.557|walker_max=98.841
STEP|n=318700000|unique=5909320|accepted=25050021|rate=113973.6/s|walker_min=61.379|walker_med=88.035|walker_max=99.236
STEP|n=318800000|unique=5909583|accepted=25050284|rate=113975.6/s|walker_min=67.898|walker_med=87.554|walker_max=98.871
STEP|n=318900000|unique=5909751|accepted=25050452|rate=113978.2/s|walker_min=42.513|walker_med=87.318|walker_max=98.775
STEP|n=319000000|unique=5909910|accepted=25050611|rate=113979.9/s|walker_min=27.874|walker_med=70.020|walker_max=96.936
STEP|n=319100000|unique=5910135|accepted=25050836|rate=113980.9/s|walker_min=43.184|walker_med=82.617|walker_max=98.921
STEP|n=319200000|unique=5910352|accepted=25051053|rate=113982.3/s|walker_min=63.438|walker_med=84.624|walker_max=98.930
STEP|n=319300000|unique=5910562|accepted=25051263|rate=113984.0/s|walker_min=66.258|walker_med=88.819|walker_max=99.086
STEP|n=319400000|unique=5910820|accepted=25051521|rate=113987.0/s|walker_min=50.148|walker_med=89.556|walker_max=98.827
STEP|n=319500000|unique=5911027|accepted=25051728|rate=113990.6/s|walker_min=62.164|walker_med=90.408|walker_max=99.196
STEP|n=319600000|unique=5911231|accepted=25051932|rate=113994.1/s|walker_min=53.608|walker_med=90.605|walker_max=98.926
STEP|n=319700000|unique=5911480|accepted=25052181|rate=113996.6/s|walker_min=43.901|walker_med=88.288|walker_max=98.606
STEP|n=319800000|unique=5911761|accepted=25052462|rate=113999.0/s|walker_min=67.344|walker_med=94.449|walker_max=98.996
STEP|n=319900000|unique=5911991|accepted=25052692|rate=114001.5/s|walker_min=68.652|walker_med=92.063|walker_max=98.953
STEP|n=320000000|unique=5912266|accepted=25052967|rate=114005.3/s|walker_min=65.706|walker_med=91.305|walker_max=99.200
STEP|n=320100000|unique=5912508|accepted=25053209|rate=114009.0/s|walker_min=48.301|walker_med=91.207|walker_max=99.108
STEP|n=320200000|unique=5912740|accepted=25053441|rate=114012.6/s|walker_min=66.506|walker_med=87.355|walker_max=99.212
STEP|n=320300000|unique=5912950|accepted=25053651|rate=114014.8/s|walker_min=53.222|walker_med=86.654|walker_max=98.847
STEP|n=320400000|unique=5913175|accepted=25053876|rate=114017.1/s|walker_min=65.388|walker_med=92.213|walker_max=99.038
STEP|n=320500000|unique=5913398|accepted=25054099|rate=114019.7/s|walker_min=62.893|walker_med=91.338|walker_max=99.228
STEP|n=320600000|unique=5913606|accepted=25054307|rate=114023.2/s|walker_min=67.359|walker_med=93.011|walker_max=98.942
STEP|n=320700000|unique=5913844|accepted=25054545|rate=114026.5/s|walker_min=60.645|walker_med=92.888|walker_max=99.137
STEP|n=320800000|unique=5914086|accepted=25054787|rate=114029.2/s|walker_min=54.380|walker_med=82.830|walker_max=98.445
STEP|n=320900000|unique=5914302|accepted=25055003|rate=114030.5/s|walker_min=41.044|walker_med=85.308|walker_max=99.227
STEP|n=321000000|unique=5914468|accepted=25055169|rate=114030.6/s|walker_min=29.838|walker_med=76.621|walker_max=97.679
STEP|n=321100000|unique=5914638|accepted=25055339|rate=114031.7/s|walker_min=46.501|walker_med=80.541|walker_max=95.551
STEP|n=321200000|unique=5914843|accepted=25055544|rate=114033.4/s|walker_min=63.516|walker_med=92.305|walker_max=98.907
STEP|n=321300000|unique=5915104|accepted=25055805|rate=114035.1/s|walker_min=53.057|walker_med=89.026|walker_max=98.137
STEP|n=321400000|unique=5915351|accepted=25056052|rate=114038.1/s|walker_min=50.363|walker_med=89.964|walker_max=99.255
STEP|n=321500000|unique=5915584|accepted=25056285|rate=114041.3/s|walker_min=54.507|walker_med=89.661|walker_max=98.399
STEP|n=321600000|unique=5915844|accepted=25056545|rate=114044.6/s|walker_min=63.890|walker_med=91.052|walker_max=98.744
STEP|n=321700000|unique=5916121|accepted=25056822|rate=114046.9/s|walker_min=50.974|walker_med=89.744|walker_max=99.127
STEP|n=321800000|unique=5916335|accepted=25057036|rate=114049.0/s|walker_min=70.970|walker_med=89.945|walker_max=98.449
STEP|n=321900000|unique=5916607|accepted=25057308|rate=114051.7/s|walker_min=48.032|walker_med=93.700|walker_max=99.094
STEP|n=322000000|unique=5916838|accepted=25057539|rate=114055.2/s|walker_min=62.411|walker_med=92.191|walker_max=99.261
STEP|n=322100000|unique=5917059|accepted=25057760|rate=114058.7/s|walker_min=69.613|walker_med=89.673|walker_max=99.042
STEP|n=322200000|unique=5917297|accepted=25057998|rate=114061.7/s|walker_min=59.582|walker_med=91.885|walker_max=98.874
STEP|n=322300000|unique=5917520|accepted=25058221|rate=114064.2/s|walker_min=66.046|walker_med=92.651|walker_max=99.257
STEP|n=322400000|unique=5917777|accepted=25058478|rate=114066.6/s|walker_min=75.421|walker_med=89.747|walker_max=98.809
STEP|n=322500000|unique=5917965|accepted=25058666|rate=114069.3/s|walker_min=54.598|walker_med=88.902|walker_max=98.750
STEP|n=322600000|unique=5918162|accepted=25058863|rate=114072.5/s|walker_min=58.951|walker_med=88.825|walker_max=98.886
STEP|n=322700000|unique=5918393|accepted=25059094|rate=114075.6/s|walker_min=66.860|walker_med=90.135|walker_max=98.534
STEP|n=322800000|unique=5918606|accepted=25059307|rate=114077.9/s|walker_min=47.370|walker_med=86.935|walker_max=99.184
STEP|n=322900000|unique=5918823|accepted=25059524|rate=114079.2/s|walker_min=33.054|walker_med=84.491|walker_max=98.735
STEP|n=323000000|unique=5919047|accepted=25059748|rate=114079.8/s|walker_min=30.373|walker_med=74.041|walker_max=93.761
STEP|n=323100000|unique=5919245|accepted=25059946|rate=114081.3/s|walker_min=52.168|walker_med=87.146|walker_max=99.253
STEP|n=323200000|unique=5919455|accepted=25060156|rate=114083.7/s|walker_min=51.074|walker_med=84.470|walker_max=98.457
STEP|n=323300000|unique=5919661|accepted=25060362|rate=114086.5/s|walker_min=39.274|walker_med=87.516|walker_max=98.577
STEP|n=323400000|unique=5919877|accepted=25060578|rate=114088.5/s|walker_min=59.223|walker_med=91.750|walker_max=98.923
STEP|n=323500000|unique=5920099|accepted=25060800|rate=114090.8/s|walker_min=57.656|walker_med=94.391|walker_max=98.887
STEP|n=323600000|unique=5920359|accepted=25061060|rate=114093.3/s|walker_min=54.217|walker_med=91.580|walker_max=99.059
STEP|n=323700000|unique=5920569|accepted=25061270|rate=114096.8/s|walker_min=52.613|walker_med=90.076|walker_max=99.191
STEP|n=323800000|unique=5920794|accepted=25061495|rate=114100.2/s|walker_min=72.421|walker_med=91.152|walker_max=98.995
STEP|n=323900000|unique=5920998|accepted=25061699|rate=114103.3/s|walker_min=76.431|walker_med=93.414|walker_max=98.903
STEP|n=324000000|unique=5921194|accepted=25061895|rate=114105.6/s|walker_min=60.298|walker_med=90.425|walker_max=98.724
STEP|n=324100000|unique=5921432|accepted=25062133|rate=114108.0/s|walker_min=57.903|walker_med=90.690|walker_max=99.030
STEP|n=324200000|unique=5921634|accepted=25062335|rate=114110.9/s|walker_min=64.882|walker_med=90.658|walker_max=98.451
STEP|n=324300000|unique=5921876|accepted=25062577|rate=114114.6/s|walker_min=70.493|walker_med=93.487|walker_max=98.523
STEP|n=324400000|unique=5922135|accepted=25062836|rate=114118.2/s|walker_min=70.519|walker_med=91.852|walker_max=98.862
STEP|n=324500000|unique=5922363|accepted=25063064|rate=114120.9/s|walker_min=42.390|walker_med=88.464|walker_max=97.904
STEP|n=324600000|unique=5922573|accepted=25063274|rate=114122.8/s|walker_min=45.027|walker_med=90.538|walker_max=98.997
STEP|n=324700000|unique=5922809|accepted=25063510|rate=114124.7/s|walker_min=47.579|walker_med=86.815|walker_max=98.751
STEP|n=324800000|unique=5923030|accepted=25063731|rate=114127.3/s|walker_min=59.346|walker_med=87.812|walker_max=99.040
STEP|n=324900000|unique=5923225|accepted=25063926|rate=114129.9/s|walker_min=43.176|walker_med=87.853|walker_max=99.004
STEP|n=325000000|unique=5923425|accepted=25064126|rate=114131.3/s|walker_min=47.928|walker_med=76.207|walker_max=98.433
STEP|n=325100000|unique=5923621|accepted=25064322|rate=114131.5/s|walker_min=45.680|walker_med=88.651|walker_max=97.260
STEP|n=325200000|unique=5923843|accepted=25064544|rate=114132.9/s|walker_min=43.507|walker_med=85.305|walker_max=99.010
STEP|n=325300000|unique=5924086|accepted=25064787|rate=114135.1/s|walker_min=57.800|walker_med=90.937|walker_max=99.185
STEP|n=325400000|unique=5924313|accepted=25065014|rate=114138.3/s|walker_min=52.060|walker_med=88.763|walker_max=97.292
STEP|n=325500000|unique=5924545|accepted=25065246|rate=114141.6/s|walker_min=55.939|walker_med=91.167|walker_max=98.723
STEP|n=325600000|unique=5924793|accepted=25065494|rate=114144.6/s|walker_min=65.670|walker_med=90.225|walker_max=97.736
STEP|n=325700000|unique=5925015|accepted=25065716|rate=114147.2/s|walker_min=59.899|walker_med=88.392|walker_max=98.859
STEP|n=325800000|unique=5925271|accepted=25065972|rate=114149.5/s|walker_min=60.317|walker_med=90.535|walker_max=98.677
STEP|n=325900000|unique=5925486|accepted=25066187|rate=114152.2/s|walker_min=60.859|walker_med=91.888|walker_max=98.609
STEP|n=326000000|unique=5925714|accepted=25066415|rate=114155.6/s|walker_min=67.781|walker_med=90.281|walker_max=99.245
STEP|n=326100000|unique=5925978|accepted=25066679|rate=114159.2/s|walker_min=57.630|walker_med=89.713|walker_max=99.125
STEP|n=326200000|unique=5926227|accepted=25066928|rate=114162.1/s|walker_min=68.278|walker_med=93.501|walker_max=98.860
STEP|n=326300000|unique=5926435|accepted=25067136|rate=114164.4/s|walker_min=51.026|walker_med=91.243|walker_max=99.036
STEP|n=326400000|unique=5926654|accepted=25067355|rate=114166.7/s|walker_min=66.159|walker_med=90.828|walker_max=98.535
STEP|n=326500000|unique=5926886|accepted=25067587|rate=114169.8/s|walker_min=45.587|walker_med=90.684|walker_max=98.327
STEP|n=326600000|unique=5927085|accepted=25067786|rate=114172.9/s|walker_min=60.235|walker_med=92.302|walker_max=99.090
STEP|n=326700000|unique=5927285|accepted=25067986|rate=114175.9/s|walker_min=52.276|walker_med=84.039|walker_max=99.122
STEP|n=326800000|unique=5927507|accepted=25068208|rate=114177.8/s|walker_min=64.681|walker_med=87.711|walker_max=98.905
STEP|n=326900000|unique=5927721|accepted=25068422|rate=114179.0/s|walker_min=45.715|walker_med=75.633|walker_max=98.535
STEP|n=327000000|unique=5927936|accepted=25068637|rate=114179.7/s|walker_min=39.939|walker_med=72.689|walker_max=91.534
STEP|n=327100000|unique=5928081|accepted=25068782|rate=114181.1/s|walker_min=41.852|walker_med=88.917|walker_max=99.139
STEP|n=327200000|unique=5928276|accepted=25068977|rate=114183.7/s|walker_min=60.325|walker_med=89.197|walker_max=98.066
STEP|n=327300000|unique=5928477|accepted=25069178|rate=114186.2/s|walker_min=61.688|walker_med=90.833|walker_max=99.077
STEP|n=327400000|unique=5928699|accepted=25069400|rate=114188.3/s|walker_min=62.299|walker_med=90.403|walker_max=99.192
STEP|n=327500000|unique=5928882|accepted=25069583|rate=114190.5/s|walker_min=63.135|walker_med=86.860|walker_max=97.660
STEP|n=327600000|unique=5929097|accepted=25069798|rate=114193.1/s|walker_min=67.574|walker_med=87.627|walker_max=98.500
STEP|n=327700000|unique=5929325|accepted=25070026|rate=114196.4/s|walker_min=54.431|walker_med=88.926|walker_max=99.165
STEP|n=327800000|unique=5929526|accepted=25070227|rate=114199.6/s|walker_min=61.756|walker_med=89.060|walker_max=99.168
STEP|n=327900000|unique=5929752|accepted=25070453|rate=114202.1/s|walker_min=61.887|walker_med=92.010|walker_max=99.069
STEP|n=328000000|unique=5929977|accepted=25070678|rate=114204.8/s|walker_min=67.136|walker_med=91.334|walker_max=99.079
STEP|n=328100000|unique=5930237|accepted=25070938|rate=114207.2/s|walker_min=72.070|walker_med=92.705|walker_max=98.938
STEP|n=328200000|unique=5930455|accepted=25071156|rate=114210.1/s|walker_min=43.114|walker_med=89.739|walker_max=97.843
STEP|n=328300000|unique=5930634|accepted=25071335|rate=114213.4/s|walker_min=63.607|walker_med=88.426|walker_max=99.115
STEP|n=328400000|unique=5930825|accepted=25071526|rate=114216.7/s|walker_min=68.160|walker_med=93.404|walker_max=98.762
STEP|n=328500000|unique=5930982|accepted=25071683|rate=114218.7/s|walker_min=57.383|walker_med=90.875|walker_max=98.079
STEP|n=328600000|unique=5931178|accepted=25071879|rate=114220.9/s|walker_min=43.202|walker_med=84.787|walker_max=99.150
STEP|n=328700000|unique=5931374|accepted=25072075|rate=114223.2/s|walker_min=56.879|walker_med=87.408|walker_max=97.225
STEP|n=328800000|unique=5931606|accepted=25072307|rate=114226.1/s|walker_min=57.250|walker_med=87.432|walker_max=97.588
STEP|n=328900000|unique=5931834|accepted=25072535|rate=114228.8/s|walker_min=40.854|walker_med=87.322|walker_max=98.759
STEP|n=329000000|unique=5931979|accepted=25072680|rate=114230.2/s|walker_min=43.212|walker_med=72.826|walker_max=95.124
STEP|n=329100000|unique=5932186|accepted=25072887|rate=114230.2/s|walker_min=47.176|walker_med=82.306|walker_max=99.234
STEP|n=329200000|unique=5932417|accepted=25073118|rate=114231.7/s|walker_min=60.201|walker_med=90.573|walker_max=98.514
STEP|n=329300000|unique=5932650|accepted=25073351|rate=114234.3/s|walker_min=56.461|walker_med=91.022|walker_max=99.208
STEP|n=329400000|unique=5932889|accepted=25073590|rate=114237.4/s|walker_min=56.937|walker_med=89.837|walker_max=98.352
STEP|n=329500000|unique=5933088|accepted=25073789|rate=114240.7/s|walker_min=54.245|walker_med=89.245|walker_max=98.759
STEP|n=329600000|unique=5933337|accepted=25074038|rate=114243.6/s|walker_min=66.568|walker_med=89.220|walker_max=98.251
STEP|n=329700000|unique=5933544|accepted=25074245|rate=114246.0/s|walker_min=50.710|walker_med=89.180|walker_max=99.260
STEP|n=329800000|unique=5933784|accepted=25074485|rate=114248.3/s|walker_min=63.544|walker_med=89.969|walker_max=98.145
STEP|n=329900000|unique=5933982|accepted=25074683|rate=114251.2/s|walker_min=63.305|walker_med=92.386|walker_max=98.848
STEP|n=330000000|unique=5934216|accepted=25074917|rate=114254.7/s|walker_min=73.765|walker_med=89.438|walker_max=98.920
STEP|n=330100000|unique=5934430|accepted=25075131|rate=114258.3/s|walker_min=64.650|walker_med=90.458|walker_max=98.985
STEP|n=330200000|unique=5934652|accepted=25075353|rate=114260.8/s|walker_min=63.083|walker_med=93.080|walker_max=98.417
STEP|n=330300000|unique=5934863|accepted=25075564|rate=114262.8/s|walker_min=67.913|walker_med=91.005|walker_max=99.214
STEP|n=330400000|unique=5935076|accepted=25075777|rate=114265.1/s|walker_min=59.740|walker_med=87.467|walker_max=99.219
STEP|n=330500000|unique=5935278|accepted=25075979|rate=114268.5/s|walker_min=59.057|walker_med=90.193|walker_max=98.789
STEP|n=330600000|unique=5935503|accepted=25076204|rate=114271.6/s|walker_min=48.323|walker_med=86.331|walker_max=98.959
STEP|n=330700000|unique=5935728|accepted=25076429|rate=114274.7/s|walker_min=56.006|walker_med=86.438|walker_max=98.808
STEP|n=330800000|unique=5935908|accepted=25076609|rate=114276.3/s|walker_min=53.436|walker_med=91.694|walker_max=98.972
STEP|n=330900000|unique=5936118|accepted=25076819|rate=114277.6/s|walker_min=48.623|walker_med=81.044|walker_max=97.502
STEP|n=331000000|unique=5936288|accepted=25076989|rate=114278.1/s|walker_min=31.545|walker_med=79.913|walker_max=97.359
STEP|n=331100000|unique=5936489|accepted=25077190|rate=114279.6/s|walker_min=52.222|walker_med=82.761|walker_max=98.882
STEP|n=331200000|unique=5936646|accepted=25077347|rate=114282.0/s|walker_min=54.808|walker_med=90.224|walker_max=99.003
STEP|n=331300000|unique=5936826|accepted=25077527|rate=114284.0/s|walker_min=53.707|walker_med=90.165|walker_max=98.321
STEP|n=331400000|unique=5937059|accepted=25077760|rate=114286.0/s|walker_min=55.095|walker_med=91.516|walker_max=99.141
STEP|n=331500000|unique=5937247|accepted=25077948|rate=114288.2/s|walker_min=47.831|walker_med=91.045|walker_max=99.216
STEP|n=331600000|unique=5937476|accepted=25078177|rate=114291.4/s|walker_min=57.514|walker_med=91.431|walker_max=98.403
STEP|n=331700000|unique=5937677|accepted=25078378|rate=114294.7/s|walker_min=61.008|walker_med=91.421|walker_max=99.049
STEP|n=331800000|unique=5937979|accepted=25078680|rate=114298.2/s|walker_min=72.259|walker_med=91.025|walker_max=99.234
STEP|n=331900000|unique=5938169|accepted=25078870|rate=114300.7/s|walker_min=69.321|walker_med=91.890|walker_max=98.767
STEP|n=332000000|unique=5938406|accepted=25079107|rate=114302.9/s|walker_min=52.235|walker_med=91.671|walker_max=98.812
STEP|n=332100000|unique=5938615|accepted=25079316|rate=114305.3/s|walker_min=51.466|walker_med=87.532|walker_max=99.169
STEP|n=332200000|unique=5938797|accepted=25079498|rate=114308.6/s|walker_min=57.863|walker_med=90.920|walker_max=99.085
STEP|n=332300000|unique=5938994|accepted=25079695|rate=114312.0/s|walker_min=73.098|walker_med=93.240|walker_max=98.597
STEP|n=332400000|unique=5939187|accepted=25079888|rate=114315.1/s|walker_min=45.930|walker_med=91.688|walker_max=99.159
STEP|n=332500000|unique=5939387|accepted=25080088|rate=114317.3/s|walker_min=78.027|walker_med=92.800|walker_max=99.193
STEP|n=332600000|unique=5939611|accepted=25080312|rate=114319.6/s|walker_min=58.629|walker_med=89.487|walker_max=98.228
STEP|n=332700000|unique=5939832|accepted=25080533|rate=114322.1/s|walker_min=51.901|walker_med=91.049|walker_max=99.133
STEP|n=332800000|unique=5940024|accepted=25080725|rate=114325.0/s|walker_min=54.445|walker_med=86.011|walker_max=99.219
STEP|n=332900000|unique=5940250|accepted=25080951|rate=114327.8/s|walker_min=48.056|walker_med=86.945|walker_max=98.743
STEP|n=333000000|unique=5940434|accepted=25081135|rate=114328.5/s|walker_min=30.373|walker_med=80.021|walker_max=98.003
STEP|n=333100000|unique=5940622|accepted=25081323|rate=114329.0/s|walker_min=50.716|walker_med=79.459|walker_max=98.746
STEP|n=333200000|unique=5940780|accepted=25081481|rate=114329.9/s|walker_min=52.590|walker_med=91.708|walker_max=99.079
STEP|n=333300000|unique=5940942|accepted=25081643|rate=114332.4/s|walker_min=32.323|walker_med=92.976|walker_max=98.763
STEP|n=333400000|unique=5941196|accepted=25081897|rate=114335.7/s|walker_min=65.262|walker_med=92.185|walker_max=98.637
STEP|n=333500000|unique=5941406|accepted=25082107|rate=114338.9/s|walker_min=63.810|walker_med=88.597|walker_max=99.089
STEP|n=333600000|unique=5941635|accepted=25082336|rate=114341.0/s|walker_min=63.585|walker_med=88.390|walker_max=98.663
STEP|n=333700000|unique=5941834|accepted=25082535|rate=114343.2/s|walker_min=66.204|walker_med=88.752|walker_max=99.137
STEP|n=333800000|unique=5942038|accepted=25082739|rate=114345.2/s|walker_min=75.832|walker_med=92.659|walker_max=98.984
STEP|n=333900000|unique=5942248|accepted=25082949|rate=114348.5/s|walker_min=81.009|walker_med=93.209|walker_max=99.017
STEP|n=334000000|unique=5942434|accepted=25083135|rate=114351.9/s|walker_min=65.550|walker_med=91.352|walker_max=99.059
STEP|n=334100000|unique=5942635|accepted=25083336|rate=114355.0/s|walker_min=74.978|walker_med=87.940|walker_max=99.211
STEP|n=334200000|unique=5942854|accepted=25083555|rate=114357.0/s|walker_min=47.608|walker_med=89.542|walker_max=97.122
STEP|n=334300000|unique=5943046|accepted=25083747|rate=114359.1/s|walker_min=62.276|walker_med=90.204|walker_max=99.121
STEP|n=334400000|unique=5943276|accepted=25083977|rate=114361.6/s|walker_min=72.749|walker_med=92.548|walker_max=98.034
STEP|n=334500000|unique=5943519|accepted=25084220|rate=114364.8/s|walker_min=64.880|walker_med=89.983|walker_max=99.134
STEP|n=334600000|unique=5943711|accepted=25084412|rate=114368.1/s|walker_min=67.313|walker_med=87.862|walker_max=99.178
STEP|n=334700000|unique=5943915|accepted=25084616|rate=114370.6/s|walker_min=56.500|walker_med=87.818|walker_max=98.143
STEP|n=334800000|unique=5944126|accepted=25084827|rate=114372.3/s|walker_min=49.438|walker_med=83.764|walker_max=98.503
STEP|n=334900000|unique=5944333|accepted=25085034|rate=114373.7/s|walker_min=58.519|walker_med=84.909|walker_max=98.882
STEP|n=335000000|unique=5944556|accepted=25085257|rate=114375.0/s|walker_min=36.766|walker_med=68.646|walker_max=97.778
STEP|n=335100000|unique=5944706|accepted=25085407|rate=114376.2/s|walker_min=42.896|walker_med=77.543|walker_max=98.252
STEP|n=335200000|unique=5944873|accepted=25085574|rate=114378.5/s|walker_min=40.321|walker_med=84.730|walker_max=98.735
STEP|n=335300000|unique=5945084|accepted=25085785|rate=114380.4/s|walker_min=58.489|walker_med=89.868|walker_max=99.097
STEP|n=335400000|unique=5945296|accepted=25085997|rate=114382.1/s|walker_min=63.547|walker_med=89.368|walker_max=99.184
STEP|n=335500000|unique=5945520|accepted=25086221|rate=114384.2/s|walker_min=68.143|walker_med=90.608|walker_max=98.864
STEP|n=335600000|unique=5945757|accepted=25086458|rate=114387.6/s|walker_min=58.787|walker_med=93.370|walker_max=98.362
STEP|n=335700000|unique=5945945|accepted=25086646|rate=114390.9/s|walker_min=64.421|walker_med=86.935|walker_max=98.948
STEP|n=335800000|unique=5946124|accepted=25086825|rate=114394.1/s|walker_min=67.852|walker_med=90.988|walker_max=98.886
STEP|n=335900000|unique=5946321|accepted=25087022|rate=114396.1/s|walker_min=59.959|walker_med=90.840|walker_max=98.621
STEP|n=336000000|unique=5946514|accepted=25087215|rate=114398.3/s|walker_min=65.351|walker_med=92.583|walker_max=99.258
STEP|n=336100000|unique=5946722|accepted=25087423|rate=114401.1/s|walker_min=63.864|walker_med=90.698|walker_max=98.829
STEP|n=336200000|unique=5946906|accepted=25087607|rate=114404.3/s|walker_min=68.029|walker_med=92.725|walker_max=99.016
STEP|n=336300000|unique=5947118|accepted=25087819|rate=114407.5/s|walker_min=62.469|walker_med=88.868|walker_max=99.149
STEP|n=336400000|unique=5947297|accepted=25087998|rate=114410.1/s|walker_min=53.820|walker_med=87.168|walker_max=98.912
STEP|n=336500000|unique=5947490|accepted=25088191|rate=114412.1/s|walker_min=66.389|walker_med=91.746|walker_max=98.948
STEP|n=336600000|unique=5947685|accepted=25088386|rate=114413.8/s|walker_min=66.655|walker_med=88.870|walker_max=98.910
STEP|n=336700000|unique=5947849|accepted=25088550|rate=114411.6/s|walker_min=55.684|walker_med=88.255|walker_max=97.918
STEP|n=336800000|unique=5948059|accepted=25088760|rate=114413.0/s|walker_min=47.377|walker_med=84.039|walker_max=99.137
STEP|n=336900000|unique=5948249|accepted=25088950|rate=114415.1/s|walker_min=55.472|walker_med=86.571|walker_max=98.319
STEP|n=337000000|unique=5948430|accepted=25089131|rate=114416.6/s|walker_min=33.892|walker_med=67.494|walker_max=96.690
STEP|n=337100000|unique=5948575|accepted=25089276|rate=114418.0/s|walker_min=48.646|walker_med=87.315|walker_max=98.608
STEP|n=337200000|unique=5948739|accepted=25089440|rate=114419.4/s|walker_min=35.837|walker_med=83.905|walker_max=99.199
STEP|n=337300000|unique=5948951|accepted=25089652|rate=114421.0/s|walker_min=59.724|walker_med=89.439|walker_max=98.977
STEP|n=337400000|unique=5949154|accepted=25089855|rate=114423.0/s|walker_min=55.430|walker_med=83.574|walker_max=98.925
STEP|n=337500000|unique=5949342|accepted=25090043|rate=114426.5/s|walker_min=70.750|walker_med=93.326|walker_max=98.756
STEP|n=337600000|unique=5949519|accepted=25090220|rate=114429.9/s|walker_min=65.987|walker_med=91.748|walker_max=98.847
STEP|n=337700000|unique=5949707|accepted=25090408|rate=114433.1/s|walker_min=74.192|walker_med=90.331|walker_max=99.249
STEP|n=337800000|unique=5949883|accepted=25090584|rate=114435.2/s|walker_min=77.032|walker_med=88.882|walker_max=99.121
STEP|n=337900000|unique=5950157|accepted=25090858|rate=114437.5/s|walker_min=69.760|walker_med=90.758|walker_max=98.569
STEP|n=338000000|unique=5950389|accepted=25091090|rate=114440.4/s|walker_min=72.894|walker_med=91.649|walker_max=98.637
STEP|n=338100000|unique=5950564|accepted=25091265|rate=114443.9/s|walker_min=64.230|walker_med=88.117|walker_max=97.884
STEP|n=338200000|unique=5950732|accepted=25091433|rate=114445.3/s|walker_min=71.169|walker_med=91.321|walker_max=99.183
STEP|n=338300000|unique=5950924|accepted=25091625|rate=114448.0/s|walker_min=48.141|walker_med=89.270|walker_max=98.919
STEP|n=338400000|unique=5951163|accepted=25091864|rate=114451.2/s|walker_min=50.879|walker_med=89.532|walker_max=98.312
STEP|n=338500000|unique=5951383|accepted=25092084|rate=114454.3/s|walker_min=58.420|walker_med=88.517|walker_max=99.157
STEP|n=338600000|unique=5951578|accepted=25092279|rate=114456.6/s|walker_min=58.440|walker_med=89.951|walker_max=98.616
STEP|n=338700000|unique=5951778|accepted=25092479|rate=114458.5/s|walker_min=59.370|walker_med=87.064|walker_max=99.167
STEP|n=338800000|unique=5951981|accepted=25092682|rate=114459.8/s|walker_min=67.748|walker_med=92.115|walker_max=97.777
STEP|n=338900000|unique=5952160|accepted=25092861|rate=114462.0/s|walker_min=48.683|walker_med=80.894|walker_max=98.267
STEP|n=339000000|unique=5952286|accepted=25092987|rate=114463.2/s|walker_min=29.838|walker_med=66.874|walker_max=96.442
STEP|n=339100000|unique=5952427|accepted=25093128|rate=114464.2/s|walker_min=47.075|walker_med=80.961|walker_max=98.583
STEP|n=339200000|unique=5952600|accepted=25093301|rate=114465.4/s|walker_min=53.851|walker_med=86.204|walker_max=98.937
STEP|n=339300000|unique=5952780|accepted=25093481|rate=114466.8/s|walker_min=62.323|walker_med=89.119|walker_max=99.003
STEP|n=339400000|unique=5952988|accepted=25093689|rate=114469.0/s|walker_min=55.790|walker_med=91.218|walker_max=99.259
STEP|n=339500000|unique=5953183|accepted=25093884|rate=114471.8/s|walker_min=65.867|walker_med=87.855|walker_max=98.625
STEP|n=339600000|unique=5953346|accepted=25094047|rate=114474.8/s|walker_min=40.492|walker_med=93.627|walker_max=99.036
STEP|n=339700000|unique=5953550|accepted=25094251|rate=114477.5/s|walker_min=57.487|walker_med=88.223|walker_max=98.578
STEP|n=339800000|unique=5953738|accepted=25094439|rate=114479.8/s|walker_min=67.224|walker_med=92.165|walker_max=99.051
STEP|n=339900000|unique=5953956|accepted=25094657|rate=114481.7/s|walker_min=70.304|walker_med=91.513|walker_max=99.186
STEP|n=340000000|unique=5954118|accepted=25094819|rate=114484.4/s|walker_min=70.651|walker_med=89.120|walker_max=99.256
STEP|n=340100000|unique=5954330|accepted=25095031|rate=114487.6/s|walker_min=64.468|walker_med=91.699|walker_max=99.037
STEP|n=340200000|unique=5954531|accepted=25095232|rate=114490.8/s|walker_min=45.234|walker_med=90.536|walker_max=99.014
STEP|n=340300000|unique=5954713|accepted=25095414|rate=114493.4/s|walker_min=63.236|walker_med=93.061|walker_max=98.835
STEP|n=340400000|unique=5954927|accepted=25095628|rate=114495.5/s|walker_min=62.699|walker_med=88.977|walker_max=98.870
STEP|n=340500000|unique=5955135|accepted=25095836|rate=114497.7/s|walker_min=44.920|walker_med=91.341|walker_max=99.072
STEP|n=340600000|unique=5955291|accepted=25095992|rate=114499.9/s|walker_min=53.285|walker_med=91.803|walker_max=98.724
STEP|n=340700000|unique=5955446|accepted=25096147|rate=114502.8/s|walker_min=46.393|walker_med=87.067|walker_max=98.206
STEP|n=340800000|unique=5955616|accepted=25096317|rate=114505.5/s|walker_min=66.346|walker_med=86.135|walker_max=98.637
STEP|n=340900000|unique=5955794|accepted=25096495|rate=114506.4/s|walker_min=42.978|walker_med=85.833|walker_max=98.566
STEP|n=341000000|unique=5956001|accepted=25096702|rate=114506.9/s|walker_min=35.507|walker_med=78.432|walker_max=98.111
STEP|n=341100000|unique=5956147|accepted=25096848|rate=114507.1/s|walker_min=40.188|walker_med=81.474|walker_max=98.209
STEP|n=341200000|unique=5956320|accepted=25097021|rate=114509.3/s|walker_min=46.224|walker_med=88.589|walker_max=99.102
STEP|n=341300000|unique=5956462|accepted=25097163|rate=114511.7/s|walker_min=43.106|walker_med=86.280|walker_max=98.277
STEP|n=341400000|unique=5956629|accepted=25097330|rate=114514.1/s|walker_min=55.211|walker_med=88.636|walker_max=98.883
STEP|n=341500000|unique=5956798|accepted=25097499|rate=114516.1/s|walker_min=60.853|walker_med=91.953|walker_max=99.039
STEP|n=341600000|unique=5956957|accepted=25097658|rate=114518.1/s|walker_min=63.712|walker_med=86.605|walker_max=98.930
STEP|n=341700000|unique=5957140|accepted=25097841|rate=114520.9/s|walker_min=75.017|walker_med=94.027|walker_max=99.086
STEP|n=341800000|unique=5957331|accepted=25098032|rate=114524.2/s|walker_min=50.030|walker_med=92.515|walker_max=98.830
STEP|n=341900000|unique=5957557|accepted=25098258|rate=114527.5/s|walker_min=66.806|walker_med=93.785|walker_max=99.163
STEP|n=342000000|unique=5957726|accepted=25098427|rate=114530.5/s|walker_min=73.711|walker_med=94.043|walker_max=99.019
STEP|n=342100000|unique=5957949|accepted=25098650|rate=114533.3/s|walker_min=49.282|walker_med=92.208|walker_max=99.219
STEP|n=342200000|unique=5958105|accepted=25098806|rate=114536.1/s|walker_min=65.650|walker_med=92.927|walker_max=99.052
STEP|n=342300000|unique=5958270|accepted=25098971|rate=114539.1/s|walker_min=45.587|walker_med=90.407|walker_max=99.228
STEP|n=342400000|unique=5958476|accepted=25099177|rate=114542.4/s|walker_min=50.469|walker_med=91.311|walker_max=99.022
STEP|n=342500000|unique=5958674|accepted=25099375|rate=114545.5/s|walker_min=63.186|walker_med=87.489|walker_max=98.461
STEP|n=342600000|unique=5958857|accepted=25099558|rate=114548.3/s|walker_min=44.907|walker_med=93.740|walker_max=98.841
STEP|n=342700000|unique=5959041|accepted=25099742|rate=114550.7/s|walker_min=42.513|walker_med=85.755|walker_max=99.199
STEP|n=342800000|unique=5959212|accepted=25099913|rate=114553.1/s|walker_min=62.725|walker_med=85.758|walker_max=98.415
STEP|n=342900000|unique=5959401|accepted=25100102|rate=114555.5/s|walker_min=50.290|walker_med=80.848|walker_max=97.904
STEP|n=343000000|unique=5959578|accepted=25100279|rate=114557.0/s|walker_min=27.985|walker_med=76.011|walker_max=97.339
STEP|n=343100000|unique=5959729|accepted=25100430|rate=114558.2/s|walker_min=41.584|walker_med=82.258|walker_max=98.295
STEP|n=343200000|unique=5959886|accepted=25100587|rate=114559.9/s|walker_min=30.695|walker_med=84.902|walker_max=99.172
STEP|n=343300000|unique=5960122|accepted=25100823|rate=114562.0/s|walker_min=32.655|walker_med=92.000|walker_max=99.203
STEP|n=343400000|unique=5960315|accepted=25101016|rate=114564.4/s|walker_min=57.031|walker_med=89.416|walker_max=97.715
STEP|n=343500000|unique=5960508|accepted=25101209|rate=114567.4/s|walker_min=62.231|walker_med=88.668|walker_max=98.917
STEP|n=343600000|unique=5960682|accepted=25101383|rate=114570.4/s|walker_min=60.435|walker_med=89.521|walker_max=98.743
STEP|n=343700000|unique=5960878|accepted=25101579|rate=114573.0/s|walker_min=63.383|walker_med=91.616|walker_max=99.119
STEP|n=343800000|unique=5961065|accepted=25101766|rate=114575.2/s|walker_min=71.126|walker_med=92.913|walker_max=98.476
STEP|n=343900000|unique=5961259|accepted=25101960|rate=114577.8/s|walker_min=56.839|walker_med=91.883|walker_max=98.356
STEP|n=344000000|unique=5961449|accepted=25102150|rate=114580.8/s|walker_min=63.957|walker_med=91.515|walker_max=99.197
STEP|n=344100000|unique=5961618|accepted=25102319|rate=114583.7/s|walker_min=60.217|walker_med=91.316|walker_max=98.429
STEP|n=344200000|unique=5961787|accepted=25102488|rate=114586.6/s|walker_min=48.699|walker_med=91.817|walker_max=98.790
STEP|n=344300000|unique=5961976|accepted=25102677|rate=114589.9/s|walker_min=60.606|walker_med=90.299|walker_max=99.186
STEP|n=344400000|unique=5962153|accepted=25102854|rate=114593.2/s|walker_min=63.843|walker_med=89.074|walker_max=98.047
STEP|n=344500000|unique=5962313|accepted=25103014|rate=114596.4/s|walker_min=66.955|walker_med=87.558|walker_max=98.688
STEP|n=344600000|unique=5962510|accepted=25103211|rate=114598.6/s|walker_min=57.301|walker_med=87.563|walker_max=98.508
STEP|n=344700000|unique=5962713|accepted=25103414|rate=114600.4/s|walker_min=57.813|walker_med=86.278|walker_max=99.022
STEP|n=344800000|unique=5962942|accepted=25103643|rate=114602.3/s|walker_min=65.222|walker_med=88.533|walker_max=99.213
STEP|n=344900000|unique=5963115|accepted=25103816|rate=114605.1/s|walker_min=52.430|walker_med=81.601|walker_max=97.422
STEP|n=345000000|unique=5963254|accepted=25103955|rate=114606.2/s|walker_min=51.535|walker_med=76.544|walker_max=97.674
STEP|n=345100000|unique=5963398|accepted=25104099|rate=114607.6/s|walker_min=51.943|walker_med=80.151|walker_max=99.233
STEP|n=345200000|unique=5963565|accepted=25104266|rate=114608.3/s|walker_min=59.946|walker_med=89.233|walker_max=97.563
STEP|n=345300000|unique=5963733|accepted=25104434|rate=114609.6/s|walker_min=69.790|walker_med=93.407|walker_max=99.024
STEP|n=345400000|unique=5963910|accepted=25104611|rate=114611.9/s|walker_min=64.416|walker_med=91.011|walker_max=98.610
STEP|n=345500000|unique=5964092|accepted=25104793|rate=114614.9/s|walker_min=60.448|walker_med=86.891|walker_max=98.305
STEP|n=345600000|unique=5964299|accepted=25105000|rate=114618.1/s|walker_min=50.401|walker_med=88.483|walker_max=98.387
STEP|n=345700000|unique=5964478|accepted=25105179|rate=114620.7/s|walker_min=64.877|walker_med=89.931|walker_max=98.932
STEP|n=345800000|unique=5964661|accepted=25105362|rate=114622.8/s|walker_min=68.446|walker_med=92.908|walker_max=99.187
STEP|n=345900000|unique=5964844|accepted=25105545|rate=114624.9/s|walker_min=75.534|walker_med=92.539|walker_max=98.270
STEP|n=346000000|unique=5965034|accepted=25105735|rate=114628.1/s|walker_min=64.948|walker_med=91.345|walker_max=99.168
STEP|n=346100000|unique=5965223|accepted=25105924|rate=114631.5/s|walker_min=66.834|walker_med=93.712|walker_max=98.504
STEP|n=346200000|unique=5965394|accepted=25106095|rate=114634.8/s|walker_min=62.868|walker_med=93.348|walker_max=99.232
STEP|n=346300000|unique=5965584|accepted=25106285|rate=114637.1/s|walker_min=62.185|walker_med=83.939|walker_max=98.479
STEP|n=346400000|unique=5965761|accepted=25106462|rate=114639.1/s|walker_min=55.747|walker_med=93.865|walker_max=98.985
STEP|n=346500000|unique=5965948|accepted=25106649|rate=114641.2/s|walker_min=65.263|walker_med=91.473|walker_max=97.669
STEP|n=346600000|unique=5966131|accepted=25106832|rate=114644.5/s|walker_min=61.874|walker_med=91.665|walker_max=99.174
STEP|n=346700000|unique=5966345|accepted=25107046|rate=114647.8/s|walker_min=69.881|walker_med=88.098|walker_max=99.256
STEP|n=346800000|unique=5966513|accepted=25107214|rate=114650.6/s|walker_min=55.626|walker_med=85.769|walker_max=97.460
STEP|n=346900000|unique=5966701|accepted=25107402|rate=114651.9/s|walker_min=40.287|walker_med=84.989|walker_max=99.222
STEP|n=347000000|unique=5966852|accepted=25107553|rate=114651.8/s|walker_min=31.691|walker_med=76.748|walker_max=98.005
STEP|n=347100000|unique=5967005|accepted=25107706|rate=114652.5/s|walker_min=50.217|walker_med=83.213|walker_max=98.332
STEP|n=347200000|unique=5967177|accepted=25107878|rate=114655.0/s|walker_min=52.271|walker_med=88.185|walker_max=98.363
STEP|n=347300000|unique=5967356|accepted=25108057|rate=114657.8/s|walker_min=70.173|walker_med=91.213|walker_max=98.883
STEP|n=347400000|unique=5967539|accepted=25108240|rate=114660.2/s|walker_min=44.836|walker_med=85.796|walker_max=97.519
STEP|n=347500000|unique=5967710|accepted=25108411|rate=114662.0/s|walker_min=63.638|walker_med=92.321|walker_max=99.017
STEP|n=347600000|unique=5967875|accepted=25108576|rate=114663.9/s|walker_min=52.148|walker_med=89.027|walker_max=99.223
STEP|n=347700000|unique=5968028|accepted=25108729|rate=114666.7/s|walker_min=67.281|walker_med=92.165|walker_max=99.186
STEP|n=347800000|unique=5968225|accepted=25108926|rate=114669.9/s|walker_min=65.933|walker_med=91.584|walker_max=99.226
STEP|n=347900000|unique=5968440|accepted=25109141|rate=114673.2/s|walker_min=61.839|walker_med=88.797|walker_max=99.140
STEP|n=348000000|unique=5968608|accepted=25109309|rate=114675.1/s|walker_min=54.659|walker_med=92.398|walker_max=98.041
STEP|n=348100000|unique=5968777|accepted=25109478|rate=114677.2/s|walker_min=71.641|walker_med=92.759|walker_max=99.201
STEP|n=348200000|unique=5968978|accepted=25109679|rate=114679.3/s|walker_min=51.406|walker_med=91.239|walker_max=99.240
STEP|n=348300000|unique=5969171|accepted=25109872|rate=114682.2/s|walker_min=56.843|walker_med=93.843|walker_max=99.252
STEP|n=348400000|unique=5969326|accepted=25110027|rate=114685.0/s|walker_min=62.417|walker_med=90.063|walker_max=98.902
STEP|n=348500000|unique=5969497|accepted=25110198|rate=114687.8/s|walker_min=64.196|walker_med=88.339|walker_max=98.518
STEP|n=348600000|unique=5969650|accepted=25110351|rate=114689.5/s|walker_min=71.911|walker_med=92.919|walker_max=99.141
STEP|n=348700000|unique=5969861|accepted=25110562|rate=114691.5/s|walker_min=64.783|walker_med=89.186|walker_max=98.891
STEP|n=348800000|unique=5970010|accepted=25110711|rate=114693.3/s|walker_min=58.604|walker_med=83.541|walker_max=98.362
STEP|n=348900000|unique=5970190|accepted=25110891|rate=114695.5/s|walker_min=31.786|walker_med=81.036|walker_max=99.015
STEP|n=349000000|unique=5970364|accepted=25111065|rate=114696.6/s|walker_min=33.363|walker_med=70.653|walker_max=96.382
STEP|n=349100000|unique=5970499|accepted=25111200|rate=114697.3/s|walker_min=38.435|walker_med=83.817|walker_max=98.971
STEP|n=349200000|unique=5970671|accepted=25111372|rate=114698.3/s|walker_min=61.789|walker_med=83.097|walker_max=98.104
STEP|n=349300000|unique=5970871|accepted=25111572|rate=114699.8/s|walker_min=57.720|walker_med=90.940|walker_max=98.935
STEP|n=349400000|unique=5971046|accepted=25111747|rate=114702.0/s|walker_min=56.234|walker_med=89.233|walker_max=99.066
STEP|n=349500000|unique=5971193|accepted=25111894|rate=114704.5/s|walker_min=68.918|walker_med=89.216|walker_max=98.764
STEP|n=349600000|unique=5971353|accepted=25112054|rate=114707.2/s|walker_min=66.685|walker_med=85.984|walker_max=98.938
STEP|n=349700000|unique=5971523|accepted=25112224|rate=114709.5/s|walker_min=66.446|walker_med=93.715|walker_max=98.942
STEP|n=349800000|unique=5971702|accepted=25112403|rate=114711.4/s|walker_min=47.946|walker_med=90.022|walker_max=98.640
STEP|n=349900000|unique=5971875|accepted=25112576|rate=114713.5/s|walker_min=64.132|walker_med=91.409|walker_max=99.249
STEP|n=350000000|unique=5972083|accepted=25112784|rate=114716.5/s|walker_min=61.909|walker_med=92.691|walker_max=98.297
CHECKPOINT|step=350000000|unique=5972083|saved=3000000|min=25.4807|max=92.6512
STEP|n=350100000|unique=5972262|accepted=25112963|rate=114456.9/s|walker_min=64.449|walker_med=92.039|walker_max=99.012
STEP|n=350200000|unique=5972419|accepted=25113120|rate=114458.7/s|walker_min=68.046|walker_med=91.701|walker_max=98.196
STEP|n=350300000|unique=5972656|accepted=25113357|rate=114460.7/s|walker_min=55.352|walker_med=91.184|walker_max=99.005
STEP|n=350400000|unique=5972819|accepted=25113520|rate=114462.7/s|walker_min=49.667|walker_med=90.626|walker_max=99.043
STEP|n=350500000|unique=5973017|accepted=25113718|rate=114464.6/s|walker_min=52.242|walker_med=92.016|walker_max=98.959
STEP|n=350600000|unique=5973170|accepted=25113871|rate=114466.4/s|walker_min=61.379|walker_med=90.788|walker_max=98.910
STEP|n=350700000|unique=5973319|accepted=25114020|rate=114468.1/s|walker_min=47.999|walker_med=86.105|walker_max=99.147
STEP|n=350800000|unique=5973503|accepted=25114204|rate=114469.3/s|walker_min=56.702|walker_med=88.357|walker_max=98.936
STEP|n=350900000|unique=5973643|accepted=25114344|rate=114470.2/s|walker_min=60.057|walker_med=81.461|walker_max=97.999
STEP|n=351000000|unique=5973809|accepted=25114510|rate=114470.3/s|walker_min=32.001|walker_med=71.700|walker_max=96.535
STEP|n=351100000|unique=5973942|accepted=25114643|rate=114470.5/s|walker_min=50.294|walker_med=84.134|walker_max=98.781
STEP|n=351200000|unique=5974094|accepted=25114795|rate=114467.0/s|walker_min=53.301|walker_med=90.594|walker_max=98.833
STEP|n=351300000|unique=5974306|accepted=25115007|rate=114468.5/s|walker_min=58.280|walker_med=90.292|walker_max=99.065
STEP|n=351400000|unique=5974509|accepted=25115210|rate=114470.2/s|walker_min=43.928|walker_med=90.399|walker_max=99.202
STEP|n=351500000|unique=5974671|accepted=25115372|rate=114472.0/s|walker_min=50.190|walker_med=89.094|walker_max=99.057
STEP|n=351600000|unique=5974846|accepted=25115547|rate=114473.9/s|walker_min=61.846|walker_med=87.548|walker_max=99.107
STEP|n=351700000|unique=5975010|accepted=25115711|rate=114476.0/s|walker_min=52.576|walker_med=90.577|walker_max=98.938
STEP|n=351800000|unique=5975144|accepted=25115845|rate=114478.1/s|walker_min=59.266|walker_med=89.470|walker_max=99.004
STEP|n=351900000|unique=5975323|accepted=25116024|rate=114480.0/s|walker_min=58.210|walker_med=88.378|walker_max=98.298
STEP|n=352000000|unique=5975519|accepted=25116220|rate=114482.0/s|walker_min=64.308|walker_med=92.227|walker_max=97.865
STEP|n=352100000|unique=5975692|accepted=25116393|rate=114484.0/s|walker_min=48.164|walker_med=93.587|walker_max=99.070
STEP|n=352200000|unique=5975865|accepted=25116566|rate=114486.2/s|walker_min=72.466|walker_med=91.549|walker_max=98.796
STEP|n=352300000|unique=5976044|accepted=25116745|rate=114488.2/s|walker_min=66.858|walker_med=90.854|walker_max=98.719
STEP|n=352400000|unique=5976221|accepted=25116922|rate=114490.2/s|walker_min=65.274|walker_med=90.628|walker_max=98.981
STEP|n=352500000|unique=5976385|accepted=25117086|rate=114491.9/s|walker_min=58.346|walker_med=89.204|walker_max=99.023
STEP|n=352600000|unique=5976531|accepted=25117232|rate=114493.6/s|walker_min=59.859|walker_med=88.953|walker_max=99.033
STEP|n=352700000|unique=5976686|accepted=25117387|rate=114495.3/s|walker_min=54.817|walker_med=91.215|walker_max=99.162
STEP|n=352800000|unique=5976876|accepted=25117577|rate=114496.8/s|walker_min=53.310|walker_med=91.106|walker_max=98.465
STEP|n=352900000|unique=5977026|accepted=25117727|rate=114498.0/s|walker_min=49.235|walker_med=73.547|walker_max=98.692
STEP|n=353000000|unique=5977166|accepted=25117867|rate=114497.9/s|walker_min=25.481|walker_med=68.795|walker_max=97.141
STEP|n=353100000|unique=5977306|accepted=25118007|rate=114497.7/s|walker_min=52.788|walker_med=86.816|walker_max=98.605
STEP|n=353200000|unique=5977473|accepted=25118174|rate=114498.5/s|walker_min=47.269|walker_med=84.124|walker_max=97.727
STEP|n=353300000|unique=5977694|accepted=25118395|rate=114500.1/s|walker_min=54.445|walker_med=87.894|walker_max=97.501
STEP|n=353400000|unique=5977926|accepted=25118627|rate=114501.7/s|walker_min=46.094|walker_med=90.104|walker_max=98.945
STEP|n=353500000|unique=5978153|accepted=25118854|rate=114503.5/s|walker_min=58.737|walker_med=88.447|walker_max=98.638
STEP|n=353600000|unique=5978336|accepted=25119037|rate=114505.5/s|walker_min=66.972|walker_med=89.971|walker_max=98.774
STEP|n=353700000|unique=5978529|accepted=25119230|rate=114507.6/s|walker_min=68.582|walker_med=93.676|walker_max=98.599
STEP|n=353800000|unique=5978700|accepted=25119401|rate=114509.7/s|walker_min=72.442|walker_med=92.931|walker_max=99.178
STEP|n=353900000|unique=5978877|accepted=25119578|rate=114511.9/s|walker_min=67.395|walker_med=88.398|walker_max=97.768
STEP|n=354000000|unique=5979066|accepted=25119767|rate=114514.1/s|walker_min=57.006|walker_med=88.900|walker_max=98.522
STEP|n=354100000|unique=5979234|accepted=25119935|rate=114516.1/s|walker_min=65.593|walker_med=89.301|walker_max=99.115
STEP|n=354200000|unique=5979387|accepted=25120088|rate=114518.1/s|walker_min=61.905|walker_med=92.396|walker_max=98.661
STEP|n=354300000|unique=5979545|accepted=25120246|rate=114520.0/s|walker_min=57.670|walker_med=88.642|walker_max=99.092
STEP|n=354400000|unique=5979706|accepted=25120407|rate=114521.4/s|walker_min=50.176|walker_med=90.566|walker_max=98.374
STEP|n=354500000|unique=5979879|accepted=25120580|rate=114523.3/s|walker_min=68.702|walker_med=90.934|walker_max=99.202
STEP|n=354600000|unique=5980067|accepted=25120768|rate=114524.8/s|walker_min=71.419|walker_med=91.396|walker_max=98.990
STEP|n=354700000|unique=5980276|accepted=25120977|rate=114526.6/s|walker_min=56.793|walker_med=91.026|walker_max=99.261
STEP|n=354800000|unique=5980454|accepted=25121155|rate=114527.9/s|walker_min=43.475|walker_med=84.038|walker_max=98.686
STEP|n=354900000|unique=5980616|accepted=25121317|rate=114528.8/s|walker_min=40.311|walker_med=79.107|walker_max=98.191
STEP|n=355000000|unique=5980740|accepted=25121441|rate=114528.7/s|walker_min=37.257|walker_med=82.915|walker_max=97.557
STEP|n=355100000|unique=5980876|accepted=25121577|rate=114528.5/s|walker_min=53.838|walker_med=80.589|walker_max=98.413
STEP|n=355200000|unique=5981030|accepted=25121731|rate=114529.8/s|walker_min=38.526|walker_med=90.180|walker_max=99.132
STEP|n=355300000|unique=5981198|accepted=25121899|rate=114531.3/s|walker_min=43.896|walker_med=83.322|walker_max=98.785
STEP|n=355400000|unique=5981382|accepted=25122083|rate=114533.0/s|walker_min=58.759|walker_med=91.136|walker_max=98.836
STEP|n=355500000|unique=5981604|accepted=25122305|rate=114534.6/s|walker_min=58.444|walker_med=89.425|walker_max=98.241
STEP|n=355600000|unique=5981750|accepted=25122451|rate=114536.2/s|walker_min=69.152|walker_med=92.564|walker_max=98.627
STEP|n=355700000|unique=5981937|accepted=25122638|rate=114538.2/s|walker_min=63.240|walker_med=88.674|walker_max=99.222
STEP|n=355800000|unique=5982100|accepted=25122801|rate=114540.1/s|walker_min=65.713|walker_med=92.308|walker_max=99.014
STEP|n=355900000|unique=5982264|accepted=25122965|rate=114542.3/s|walker_min=54.702|walker_med=93.842|walker_max=99.142
STEP|n=356000000|unique=5982431|accepted=25123132|rate=114544.4/s|walker_min=73.416|walker_med=91.246|walker_max=98.779
STEP|n=356100000|unique=5982595|accepted=25123296|rate=114546.2/s|walker_min=62.757|walker_med=91.960|walker_max=98.465
STEP|n=356200000|unique=5982747|accepted=25123448|rate=114548.0/s|walker_min=72.417|walker_med=92.802|walker_max=98.367
STEP|n=356300000|unique=5982927|accepted=25123628|rate=114549.8/s|walker_min=63.548|walker_med=90.226|walker_max=98.521
STEP|n=356400000|unique=5983089|accepted=25123790|rate=114551.8/s|walker_min=45.752|walker_med=90.956|walker_max=98.924
STEP|n=356500000|unique=5983236|accepted=25123937|rate=114553.8/s|walker_min=56.370|walker_med=90.673|walker_max=99.134
STEP|n=356600000|unique=5983381|accepted=25124082|rate=114555.4/s|walker_min=62.462|walker_med=92.667|walker_max=99.037
STEP|n=356700000|unique=5983564|accepted=25124265|rate=114556.9/s|walker_min=57.559|walker_med=84.180|walker_max=97.162
STEP|n=356800000|unique=5983773|accepted=25124474|rate=114558.3/s|walker_min=64.153|walker_med=90.463|walker_max=98.748
STEP|n=356900000|unique=5983913|accepted=25124614|rate=114559.5/s|walker_min=48.581|walker_med=84.432|walker_max=99.072
STEP|n=357000000|unique=5984031|accepted=25124732|rate=114559.5/s|walker_min=37.048|walker_med=78.240|walker_max=98.920
STEP|n=357100000|unique=5984149|accepted=25124850|rate=114559.5/s|walker_min=40.433|walker_med=82.297|walker_max=98.139
STEP|n=357200000|unique=5984323|accepted=25125024|rate=114560.3/s|walker_min=48.979|walker_med=87.843|walker_max=98.206
STEP|n=357300000|unique=5984461|accepted=25125162|rate=114561.7/s|walker_min=44.222|walker_med=89.339|walker_max=99.081
STEP|n=357400000|unique=5984623|accepted=25125324|rate=114563.2/s|walker_min=57.884|walker_med=86.712|walker_max=99.165
STEP|n=357500000|unique=5984774|accepted=25125475|rate=114565.0/s|walker_min=41.676|walker_med=91.370|walker_max=99.200
STEP|n=357600000|unique=5984917|accepted=25125618|rate=114566.7/s|walker_min=63.590|walker_med=92.330|walker_max=98.526
STEP|n=357700000|unique=5985074|accepted=25125775|rate=114568.6/s|walker_min=67.860|walker_med=91.722|walker_max=96.455
STEP|n=357800000|unique=5985218|accepted=25125919|rate=114570.3/s|walker_min=66.533|walker_med=93.439|walker_max=98.968
STEP|n=357900000|unique=5985415|accepted=25126116|rate=114572.3/s|walker_min=65.736|walker_med=89.737|walker_max=98.074
STEP|n=358000000|unique=5985578|accepted=25126279|rate=114574.3/s|walker_min=63.220|walker_med=91.188|walker_max=98.629
STEP|n=358100000|unique=5985760|accepted=25126461|rate=114576.3/s|walker_min=58.380|walker_med=90.748|walker_max=99.198
STEP|n=358200000|unique=5985931|accepted=25126632|rate=114578.3/s|walker_min=66.405|walker_med=88.837|walker_max=98.838
STEP|n=358300000|unique=5986086|accepted=25126787|rate=114580.2/s|walker_min=63.485|walker_med=90.773|walker_max=98.335
STEP|n=358400000|unique=5986266|accepted=25126967|rate=114582.1/s|walker_min=53.250|walker_med=91.695|walker_max=98.632
STEP|n=358500000|unique=5986441|accepted=25127142|rate=114584.2/s|walker_min=66.590|walker_med=85.779|walker_max=97.970
STEP|n=358600000|unique=5986621|accepted=25127322|rate=114585.6/s|walker_min=62.018|walker_med=84.692|walker_max=99.064
STEP|n=358700000|unique=5986763|accepted=25127464|rate=114587.2/s|walker_min=58.856|walker_med=89.308|walker_max=99.116
STEP|n=358800000|unique=5986922|accepted=25127623|rate=114588.5/s|walker_min=52.522|walker_med=78.404|walker_max=98.957
STEP|n=358900000|unique=5987093|accepted=25127794|rate=114589.6/s|walker_min=50.727|walker_med=87.050|walker_max=97.892
STEP|n=359000000|unique=5987237|accepted=25127938|rate=114589.9/s|walker_min=45.930|walker_med=71.932|walker_max=95.533
STEP|n=359100000|unique=5987349|accepted=25128050|rate=114589.8/s|walker_min=55.417|walker_med=83.086|walker_max=99.209
STEP|n=359200000|unique=5987487|accepted=25128188|rate=114590.6/s|walker_min=64.164|walker_med=88.664|walker_max=98.997
STEP|n=359300000|unique=5987665|accepted=25128366|rate=114591.8/s|walker_min=58.830|walker_med=88.184|walker_max=99.224
STEP|n=359400000|unique=5987818|accepted=25128519|rate=114593.5/s|walker_min=70.190|walker_med=91.293|walker_max=99.260
STEP|n=359500000|unique=5987979|accepted=25128680|rate=114595.5/s|walker_min=58.360|walker_med=89.493|walker_max=98.705
STEP|n=359600000|unique=5988122|accepted=25128823|rate=114597.4/s|walker_min=67.527|walker_med=90.881|walker_max=98.652
STEP|n=359700000|unique=5988277|accepted=25128978|rate=114599.2/s|walker_min=62.561|walker_med=88.974|walker_max=98.079
STEP|n=359800000|unique=5988448|accepted=25129149|rate=114601.1/s|walker_min=59.981|walker_med=91.295|walker_max=98.852
STEP|n=359900000|unique=5988600|accepted=25129301|rate=114603.1/s|walker_min=56.608|walker_med=86.823|walker_max=98.933
STEP|n=360000000|unique=5988768|accepted=25129469|rate=114605.3/s|walker_min=61.529|walker_med=87.735|walker_max=98.801
STEP|n=360100000|unique=5988930|accepted=25129631|rate=114607.5/s|walker_min=55.985|walker_med=91.789|walker_max=99.199
STEP|n=360200000|unique=5989113|accepted=25129814|rate=114609.6/s|walker_min=60.180|walker_med=91.551|walker_max=99.085
STEP|n=360300000|unique=5989274|accepted=25129975|rate=114611.4/s|walker_min=46.084|walker_med=88.988|walker_max=99.235
STEP|n=360400000|unique=5989464|accepted=25130165|rate=114613.0/s|walker_min=49.894|walker_med=86.377|walker_max=98.710
STEP|n=360500000|unique=5989639|accepted=25130340|rate=114614.9/s|walker_min=60.817|walker_med=89.753|walker_max=98.346
STEP|n=360600000|unique=5989794|accepted=25130495|rate=114616.7/s|walker_min=57.189|walker_med=90.761|walker_max=99.090
STEP|n=360700000|unique=5989953|accepted=25130654|rate=114618.3/s|walker_min=62.696|walker_med=90.767|walker_max=98.405
STEP|n=360800000|unique=5990135|accepted=25130836|rate=114619.8/s|walker_min=58.293|walker_med=89.593|walker_max=98.970
STEP|n=360900000|unique=5990265|accepted=25130966|rate=114620.5/s|walker_min=49.653|walker_med=84.474|walker_max=98.602
STEP|n=361000000|unique=5990376|accepted=25131077|rate=114620.5/s|walker_min=33.089|walker_med=74.358|walker_max=98.840
STEP|n=361100000|unique=5990491|accepted=25131192|rate=114620.6/s|walker_min=56.360|walker_med=81.355|walker_max=98.404
STEP|n=361200000|unique=5990626|accepted=25131327|rate=114621.6/s|walker_min=46.555|walker_med=88.145|walker_max=99.223
STEP|n=361300000|unique=5990762|accepted=25131463|rate=114622.9/s|walker_min=55.101|walker_med=89.428|walker_max=99.193
STEP|n=361400000|unique=5990944|accepted=25131645|rate=114624.3/s|walker_min=59.455|walker_med=88.317|walker_max=98.566
STEP|n=361500000|unique=5991128|accepted=25131829|rate=114626.0/s|walker_min=62.352|walker_med=90.969|walker_max=99.081
STEP|n=361600000|unique=5991261|accepted=25131962|rate=114627.4/s|walker_min=39.828|walker_med=90.752|walker_max=99.035
STEP|n=361700000|unique=5991394|accepted=25132095|rate=114629.3/s|walker_min=81.666|walker_med=91.148|walker_max=99.039
STEP|n=361800000|unique=5991541|accepted=25132242|rate=114631.2/s|walker_min=49.510|walker_med=92.985|walker_max=98.805
STEP|n=361900000|unique=5991677|accepted=25132378|rate=114633.1/s|walker_min=78.219|walker_med=94.300|walker_max=98.906
STEP|n=362000000|unique=5991807|accepted=25132508|rate=114635.2/s|walker_min=65.812|walker_med=87.680|walker_max=97.932
STEP|n=362100000|unique=5992012|accepted=25132713|rate=114637.3/s|walker_min=59.245|walker_med=92.720|walker_max=99.259
STEP|n=362200000|unique=5992205|accepted=25132906|rate=114639.2/s|walker_min=70.342|walker_med=94.250|walker_max=98.936
STEP|n=362300000|unique=5992370|accepted=25133071|rate=114641.0/s|walker_min=64.631|walker_med=92.128|walker_max=99.040
STEP|n=362400000|unique=5992542|accepted=25133243|rate=114642.8/s|walker_min=40.433|walker_med=89.936|walker_max=98.333
STEP|n=362500000|unique=5992728|accepted=25133429|rate=114644.8/s|walker_min=58.908|walker_med=88.488|walker_max=98.816
STEP|n=362600000|unique=5992917|accepted=25133618|rate=114646.4/s|walker_min=44.591|walker_med=90.457|walker_max=99.217
STEP|n=362700000|unique=5993054|accepted=25133755|rate=114648.0/s|walker_min=45.500|walker_med=88.945|walker_max=99.248
STEP|n=362800000|unique=5993218|accepted=25133919|rate=114649.2/s|walker_min=46.676|walker_med=87.596|walker_max=98.431
STEP|n=362900000|unique=5993370|accepted=25134071|rate=114650.3/s|walker_min=48.071|walker_med=85.528|walker_max=97.597
STEP|n=363000000|unique=5993490|accepted=25134191|rate=114650.3/s|walker_min=36.632|walker_med=71.518|walker_max=98.864
STEP|n=363100000|unique=5993613|accepted=25134314|rate=114650.3/s|walker_min=67.655|walker_med=88.418|walker_max=99.162
STEP|n=363200000|unique=5993768|accepted=25134469|rate=114651.6/s|walker_min=49.223|walker_med=89.655|walker_max=98.177
STEP|n=363300000|unique=5993934|accepted=25134635|rate=114652.7/s|walker_min=59.090|walker_med=91.237|walker_max=98.940
STEP|n=363400000|unique=5994085|accepted=25134786|rate=114654.3/s|walker_min=59.395|walker_med=89.104|walker_max=98.878
STEP|n=363500000|unique=5994229|accepted=25134930|rate=114656.0/s|walker_min=74.456|walker_med=92.575|walker_max=99.176
STEP|n=363600000|unique=5994431|accepted=25135132|rate=114658.1/s|walker_min=58.735|walker_med=91.951|walker_max=98.636
STEP|n=363700000|unique=5994608|accepted=25135309|rate=114660.1/s|walker_min=77.187|walker_med=94.586|walker_max=98.605
STEP|n=363800000|unique=5994770|accepted=25135471|rate=114662.0/s|walker_min=71.980|walker_med=93.313|walker_max=98.765
STEP|n=363900000|unique=5994913|accepted=25135614|rate=114663.7/s|walker_min=59.045|walker_med=92.751|walker_max=98.504
STEP|n=364000000|unique=5995067|accepted=25135768|rate=114665.6/s|walker_min=72.652|walker_med=90.226|walker_max=99.253
STEP|n=364100000|unique=5995195|accepted=25135896|rate=114667.5/s|walker_min=72.296|walker_med=93.243|walker_max=98.912
STEP|n=364200000|unique=5995381|accepted=25136082|rate=114669.5/s|walker_min=55.638|walker_med=94.114|walker_max=97.610
STEP|n=364300000|unique=5995513|accepted=25136214|rate=114671.5/s|walker_min=53.774|walker_med=89.610|walker_max=98.619
STEP|n=364400000|unique=5995650|accepted=25136351|rate=114673.3/s|walker_min=62.691|walker_med=92.495|walker_max=99.224
STEP|n=364500000|unique=5995786|accepted=25136487|rate=114675.2/s|walker_min=63.447|walker_med=89.933|walker_max=98.576
STEP|n=364600000|unique=5995952|accepted=25136653|rate=114677.0/s|walker_min=55.590|walker_med=87.738|walker_max=98.912
STEP|n=364700000|unique=5996105|accepted=25136806|rate=114678.4/s|walker_min=46.254|walker_med=90.799|walker_max=99.234
STEP|n=364800000|unique=5996244|accepted=25136945|rate=114679.6/s|walker_min=65.782|walker_med=86.670|walker_max=97.797
STEP|n=364900000|unique=5996374|accepted=25137075|rate=114680.6/s|walker_min=47.779|walker_med=82.013|walker_max=96.316
STEP|n=365000000|unique=5996502|accepted=25137203|rate=114680.8/s|walker_min=31.096|walker_med=70.108|walker_max=96.228
STEP|n=365100000|unique=5996633|accepted=25137334|rate=114680.9/s|walker_min=54.561|walker_med=85.100|walker_max=98.980
STEP|n=365200000|unique=5996782|accepted=25137483|rate=114681.7/s|walker_min=55.572|walker_med=86.340|walker_max=98.513
STEP|n=365300000|unique=5996941|accepted=25137642|rate=114683.1/s|walker_min=52.535|walker_med=91.486|walker_max=99.176
STEP|n=365400000|unique=5997080|accepted=25137781|rate=114684.6/s|walker_min=57.780|walker_med=90.152|walker_max=97.709
STEP|n=365500000|unique=5997226|accepted=25137927|rate=114686.2/s|walker_min=54.407|walker_med=89.950|walker_max=98.482
STEP|n=365600000|unique=5997408|accepted=25138109|rate=114688.1/s|walker_min=62.239|walker_med=91.981|walker_max=99.103
STEP|n=365700000|unique=5997560|accepted=25138261|rate=114690.0/s|walker_min=54.246|walker_med=89.541|walker_max=99.185
STEP|n=365800000|unique=5997732|accepted=25138433|rate=114691.6/s|walker_min=55.836|walker_med=90.716|walker_max=98.377
STEP|n=365900000|unique=5997950|accepted=25138651|rate=114693.5/s|walker_min=70.469|walker_med=90.329|walker_max=99.246
STEP|n=366000000|unique=5998100|accepted=25138801|rate=114695.5/s|walker_min=72.865|walker_med=92.269|walker_max=99.073
STEP|n=366100000|unique=5998270|accepted=25138971|rate=114697.5/s|walker_min=68.466|walker_med=92.174|walker_max=98.763
STEP|n=366200000|unique=5998453|accepted=25139154|rate=114699.6/s|walker_min=56.358|walker_med=87.373|walker_max=98.880
STEP|n=366300000|unique=5998630|accepted=25139331|rate=114701.7/s|walker_min=54.294|walker_med=91.316|walker_max=98.495
STEP|n=366400000|unique=5998812|accepted=25139513|rate=114703.5/s|walker_min=51.702|walker_med=92.231|walker_max=99.048
STEP|n=366500000|unique=5998960|accepted=25139661|rate=114705.0/s|walker_min=62.971|walker_med=90.071|walker_max=99.224
STEP|n=366600000|unique=5999111|accepted=25139812|rate=114706.7/s|walker_min=65.856|walker_med=88.379|walker_max=99.175
STEP|n=366700000|unique=5999269|accepted=25139970|rate=114708.5/s|walker_min=55.957|walker_med=91.634|walker_max=98.770
STEP|n=366800000|unique=5999427|accepted=25140128|rate=114709.9/s|walker_min=57.757|walker_med=85.479|walker_max=99.157
STEP|n=366900000|unique=5999554|accepted=25140255|rate=114710.7/s|walker_min=49.811|walker_med=86.528|walker_max=99.087
STEP|n=367000000|unique=5999656|accepted=25140357|rate=114710.8/s|walker_min=34.688|walker_med=72.096|walker_max=98.799
STEP|n=367100000|unique=5999802|accepted=25140503|rate=114710.9/s|walker_min=53.507|walker_med=88.867|walker_max=98.579
STEP|n=367200000|unique=5999913|accepted=25140614|rate=114711.9/s|walker_min=49.728|walker_med=88.449|walker_max=98.875
STEP|n=367300000|unique=6000055|accepted=25140756|rate=114713.4/s|walker_min=48.383|walker_med=89.428|walker_max=98.960
STEP|n=367400000|unique=6000192|accepted=25140893|rate=114715.0/s|walker_min=78.111|walker_med=90.736|walker_max=98.600
STEP|n=367500000|unique=6000321|accepted=25141022|rate=114716.4/s|walker_min=71.255|walker_med=92.199|walker_max=98.873
STEP|n=367600000|unique=6000490|accepted=25141191|rate=114718.2/s|walker_min=54.384|walker_med=89.711|walker_max=98.470
STEP|n=367700000|unique=6000641|accepted=25141342|rate=114720.1/s|walker_min=64.919|walker_med=90.790|walker_max=98.242
STEP|n=367800000|unique=6000803|accepted=25141504|rate=114722.2/s|walker_min=53.572|walker_med=90.982|walker_max=98.612
STEP|n=367900000|unique=6000952|accepted=25141653|rate=114724.0/s|walker_min=70.041|walker_med=91.771|walker_max=99.200
STEP|n=368000000|unique=6001109|accepted=25141810|rate=114726.0/s|walker_min=60.201|walker_med=94.332|walker_max=99.132
STEP|n=368100000|unique=6001269|accepted=25141970|rate=114727.9/s|walker_min=56.287|walker_med=91.142|walker_max=98.907
STEP|n=368200000|unique=6001409|accepted=25142110|rate=114729.6/s|walker_min=62.317|walker_med=92.774|walker_max=98.917
STEP|n=368300000|unique=6001561|accepted=25142262|rate=114731.7/s|walker_min=61.435|walker_med=88.009|walker_max=98.522
STEP|n=368400000|unique=6001734|accepted=25142435|rate=114733.6/s|walker_min=63.480|walker_med=90.937|walker_max=98.724
STEP|n=368500000|unique=6001886|accepted=25142587|rate=114735.5/s|walker_min=62.250|walker_med=90.021|walker_max=98.957
STEP|n=368600000|unique=6002044|accepted=25142745|rate=114737.0/s|walker_min=37.253|walker_med=90.536|walker_max=97.857
STEP|n=368700000|unique=6002202|accepted=25142903|rate=114738.5/s|walker_min=55.726|walker_med=87.057|walker_max=98.972
STEP|n=368800000|unique=6002335|accepted=25143036|rate=114739.8/s|walker_min=54.390|walker_med=91.390|walker_max=98.930
STEP|n=368900000|unique=6002478|accepted=25143179|rate=114740.2/s|walker_min=59.754|walker_med=84.456|walker_max=97.797
STEP|n=369000000|unique=6002615|accepted=25143316|rate=114740.2/s|walker_min=32.034|walker_med=73.774|walker_max=88.547
STEP|n=369100000|unique=6002739|accepted=25143440|rate=114740.1/s|walker_min=45.299|walker_med=80.424|walker_max=98.756
STEP|n=369200000|unique=6002865|accepted=25143566|rate=114741.1/s|walker_min=55.564|walker_med=87.600|walker_max=99.250
STEP|n=369300000|unique=6003012|accepted=25143713|rate=114742.4/s|walker_min=68.289|walker_med=88.490|walker_max=99.068
STEP|n=369400000|unique=6003178|accepted=25143879|rate=114743.8/s|walker_min=59.688|walker_med=90.275|walker_max=98.562
STEP|n=369500000|unique=6003342|accepted=25144043|rate=114745.4/s|walker_min=67.141|walker_med=90.739|walker_max=99.068
STEP|n=369600000|unique=6003456|accepted=25144157|rate=114746.9/s|walker_min=44.933|walker_med=91.363|walker_max=98.967
STEP|n=369700000|unique=6003605|accepted=25144306|rate=114748.9/s|walker_min=60.425|walker_med=92.442|walker_max=99.209
STEP|n=369800000|unique=6003735|accepted=25144436|rate=114750.9/s|walker_min=70.139|walker_med=91.473|walker_max=98.809
STEP|n=369900000|unique=6003879|accepted=25144580|rate=114752.9/s|walker_min=64.582|walker_med=93.702|walker_max=99.206
STEP|n=370000000|unique=6004061|accepted=25144762|rate=114754.7/s|walker_min=68.897|walker_med=92.185|walker_max=98.814
PRUNE_START|step=370000000|unique=6004061|active_cutoff=99.2612985
PRUNE_DONE|step=370000000|unique=4000000|active_cutoff=95.2853123|reservoir=200000
STEP|n=370100000|unique=4000055|accepted=25144817|rate=114686.3/s|walker_min=62.441|walker_med=87.711|walker_max=95.245
STEP|n=370200000|unique=4000131|accepted=25144893|rate=114688.2/s|walker_min=69.179|walker_med=86.748|walker_max=95.217
STEP|n=370300000|unique=4000181|accepted=25144943|rate=114689.7/s|walker_min=75.676|walker_med=89.348|walker_max=95.220
STEP|n=370400000|unique=4000251|accepted=25145013|rate=114691.7/s|walker_min=59.122|walker_med=90.685|walker_max=94.856
STEP|n=370500000|unique=4000308|accepted=25145070|rate=114693.6/s|walker_min=55.352|walker_med=85.801|walker_max=94.897
STEP|n=370600000|unique=4000368|accepted=25145130|rate=114695.4/s|walker_min=60.570|walker_med=85.478|walker_max=95.255
STEP|n=370700000|unique=4000424|accepted=25145186|rate=114697.1/s|walker_min=48.528|walker_med=87.515|walker_max=95.123
STEP|n=370800000|unique=4000487|accepted=25145249|rate=114698.7/s|walker_min=55.456|walker_med=84.651|walker_max=95.231
STEP|n=370900000|unique=4000529|accepted=25145291|rate=114699.5/s|walker_min=42.169|walker_med=78.039|walker_max=93.337
STEP|n=371000000|unique=4000568|accepted=25145330|rate=114699.6/s|walker_min=31.610|walker_med=72.917|walker_max=94.996
STEP|n=371100000|unique=4000612|accepted=25145374|rate=114700.0/s|walker_min=39.737|walker_med=81.269|walker_max=95.232
STEP|n=371200000|unique=4000665|accepted=25145427|rate=114701.2/s|walker_min=46.399|walker_med=85.771|walker_max=94.634
STEP|n=371300000|unique=4000708|accepted=25145470|rate=114702.7/s|walker_min=65.518|walker_med=87.126|walker_max=94.958
STEP|n=371400000|unique=4000775|accepted=25145537|rate=114704.4/s|walker_min=58.967|walker_med=84.026|walker_max=94.978
STEP|n=371500000|unique=4000829|accepted=25145591|rate=114706.3/s|walker_min=50.363|walker_med=87.306|walker_max=94.661
STEP|n=371600000|unique=4000889|accepted=25145651|rate=114708.3/s|walker_min=41.593|walker_med=85.915|walker_max=95.025
STEP|n=371700000|unique=4000932|accepted=25145694|rate=114710.2/s|walker_min=51.138|walker_med=89.099|walker_max=95.263
STEP|n=371800000|unique=4000978|accepted=25145740|rate=114712.1/s|walker_min=66.434|walker_med=87.509|walker_max=95.155
STEP|n=371900000|unique=4001029|accepted=25145791|rate=114714.0/s|walker_min=47.641|walker_med=86.366|walker_max=94.210
STEP|n=372000000|unique=4001071|accepted=25145833|rate=114716.0/s|walker_min=67.000|walker_med=84.021|walker_max=95.194
STEP|n=372100000|unique=4001125|accepted=25145887|rate=114718.2/s|walker_min=61.468|walker_med=88.095|walker_max=95.182
STEP|n=372200000|unique=4001181|accepted=25145943|rate=114720.0/s|walker_min=59.104|walker_med=90.086|walker_max=95.082
STEP|n=372300000|unique=4001229|accepted=25145991|rate=114721.8/s|walker_min=60.291|walker_med=89.349|walker_max=95.097
STEP|n=372400000|unique=4001287|accepted=25146049|rate=114723.6/s|walker_min=61.117|walker_med=85.505|walker_max=94.660
STEP|n=372500000|unique=4001355|accepted=25146117|rate=114725.5/s|walker_min=71.628|walker_med=87.910|walker_max=94.109
STEP|n=372600000|unique=4001408|accepted=25146170|rate=114727.4/s|walker_min=54.306|walker_med=84.720|walker_max=94.551
STEP|n=372700000|unique=4001457|accepted=25146219|rate=114729.2/s|walker_min=49.749|walker_med=79.699|walker_max=94.472
STEP|n=372800000|unique=4001523|accepted=25146285|rate=114730.8/s|walker_min=44.346|walker_med=83.748|walker_max=95.263
STEP|n=372900000|unique=4001591|accepted=25146353|rate=114732.0/s|walker_min=34.856|walker_med=79.061|walker_max=94.932
STEP|n=373000000|unique=4001629|accepted=25146391|rate=114732.1/s|walker_min=33.732|walker_med=67.021|walker_max=93.572
STEP|n=373100000|unique=4001665|accepted=25146427|rate=114732.5/s|walker_min=37.741|walker_med=77.469|walker_max=93.151
STEP|n=373200000|unique=4001700|accepted=25146462|rate=114733.7/s|walker_min=50.626|walker_med=83.521|walker_max=95.203
STEP|n=373300000|unique=4001767|accepted=25146529|rate=114735.4/s|walker_min=52.805|walker_med=87.669|walker_max=95.157
STEP|n=373400000|unique=4001832|accepted=25146594|rate=114737.0/s|walker_min=65.859|walker_med=87.659|walker_max=95.276
STEP|n=373500000|unique=4001894|accepted=25146656|rate=114738.8/s|walker_min=42.493|walker_med=87.740|walker_max=94.646
STEP|n=373600000|unique=4001952|accepted=25146714|rate=114740.7/s|walker_min=62.239|walker_med=84.570|walker_max=95.119
STEP|n=373700000|unique=4001993|accepted=25146755|rate=114742.9/s|walker_min=50.303|walker_med=86.589|walker_max=94.869
STEP|n=373800000|unique=4002050|accepted=25146812|rate=114744.9/s|walker_min=64.384|walker_med=84.470|walker_max=94.052
STEP|n=373900000|unique=4002100|accepted=25146862|rate=114746.9/s|walker_min=56.847|walker_med=87.915|walker_max=94.459
STEP|n=374000000|unique=4002154|accepted=25146916|rate=114748.7/s|walker_min=76.223|walker_med=86.545|walker_max=95.055
STEP|n=374100000|unique=4002193|accepted=25146955|rate=114750.6/s|walker_min=75.964|walker_med=87.500|walker_max=95.148
STEP|n=374200000|unique=4002250|accepted=25147012|rate=114752.9/s|walker_min=64.549|walker_med=84.771|walker_max=95.062
STEP|n=374300000|unique=4002301|accepted=25147063|rate=114755.0/s|walker_min=46.183|walker_med=88.383|walker_max=95.281
STEP|n=374400000|unique=4002347|accepted=25147109|rate=114757.0/s|walker_min=69.653|walker_med=90.648|walker_max=95.024
STEP|n=374500000|unique=4002418|accepted=25147180|rate=114758.7/s|walker_min=52.856|walker_med=86.205|walker_max=94.165
STEP|n=374600000|unique=4002476|accepted=25147238|rate=114760.3/s|walker_min=50.179|walker_med=85.295|walker_max=95.197
STEP|n=374700000|unique=4002528|accepted=25147290|rate=114761.9/s|walker_min=51.158|walker_med=85.526|walker_max=95.100
STEP|n=374800000|unique=4002586|accepted=25147348|rate=114763.5/s|walker_min=52.905|walker_med=87.291|walker_max=94.813
STEP|n=374900000|unique=4002655|accepted=25147417|rate=114764.9/s|walker_min=43.106|walker_med=76.187|walker_max=94.332
STEP|n=375000000|unique=4002696|accepted=25147458|rate=114765.6/s|walker_min=49.673|walker_med=73.210|walker_max=95.126
STEP|n=375100000|unique=4002743|accepted=25147505|rate=114766.1/s|walker_min=52.628|walker_med=82.937|walker_max=95.148
STEP|n=375200000|unique=4002805|accepted=25147567|rate=114767.3/s|walker_min=56.898|walker_med=83.644|walker_max=95.191
STEP|n=375300000|unique=4002859|accepted=25147621|rate=114768.6/s|walker_min=59.268|walker_med=82.745|walker_max=94.362
STEP|n=375400000|unique=4002902|accepted=25147664|rate=114770.2/s|walker_min=53.162|walker_med=87.177|walker_max=95.226
STEP|n=375500000|unique=4002956|accepted=25147718|rate=114771.8/s|walker_min=64.961|walker_med=86.486|walker_max=94.400
STEP|n=375600000|unique=4003002|accepted=25147764|rate=114773.6/s|walker_min=52.374|walker_med=86.981|walker_max=94.993
STEP|n=375700000|unique=4003072|accepted=25147834|rate=114775.8/s|walker_min=52.261|walker_med=87.934|walker_max=95.061
STEP|n=375800000|unique=4003132|accepted=25147894|rate=114777.9/s|walker_min=68.466|walker_med=87.368|walker_max=95.003
STEP|n=375900000|unique=4003189|accepted=25147951|rate=114779.7/s|walker_min=69.240|walker_med=89.907|walker_max=94.653
STEP|n=376000000|unique=4003237|accepted=25147999|rate=114781.6/s|walker_min=75.285|walker_med=87.612|walker_max=95.248
STEP|n=376100000|unique=4003288|accepted=25148050|rate=114783.6/s|walker_min=65.562|walker_med=87.886|walker_max=94.181
STEP|n=376200000|unique=4003334|accepted=25148096|rate=114785.5/s|walker_min=68.334|walker_med=87.253|walker_max=94.968
STEP|n=376300000|unique=4003377|accepted=25148139|rate=114787.4/s|walker_min=72.038|walker_med=85.957|walker_max=93.997
STEP|n=376400000|unique=4003418|accepted=25148180|rate=114789.3/s|walker_min=61.581|walker_med=86.077|walker_max=95.140
STEP|n=376500000|unique=4003466|accepted=25148228|rate=114791.0/s|walker_min=64.380|walker_med=86.323|walker_max=94.653
STEP|n=376600000|unique=4003514|accepted=25148276|rate=114792.6/s|walker_min=61.427|walker_med=87.633|walker_max=94.857
STEP|n=376700000|unique=4003564|accepted=25148326|rate=114794.1/s|walker_min=38.992|walker_med=84.767|walker_max=94.642
STEP|n=376800000|unique=4003624|accepted=25148386|rate=114794.6/s|walker_min=46.560|walker_med=80.710|walker_max=94.913
STEP|n=376900000|unique=4003676|accepted=25148438|rate=114795.7/s|walker_min=52.936|walker_med=85.725|walker_max=94.623
STEP|n=377000000|unique=4003727|accepted=25148489|rate=114796.2/s|walker_min=36.322|walker_med=77.649|walker_max=93.263
STEP|n=377100000|unique=4003778|accepted=25148540|rate=114796.5/s|walker_min=32.099|walker_med=86.771|walker_max=95.180
STEP|n=377200000|unique=4003873|accepted=25148635|rate=114797.8/s|walker_min=45.670|walker_med=84.121|walker_max=94.879
STEP|n=377300000|unique=4003922|accepted=25148684|rate=114799.2/s|walker_min=54.080|walker_med=82.294|walker_max=94.833
STEP|n=377400000|unique=4003966|accepted=25148728|rate=114800.6/s|walker_min=60.037|walker_med=87.110|walker_max=95.081
STEP|n=377500000|unique=4004024|accepted=25148786|rate=114802.4/s|walker_min=47.449|walker_med=85.262|walker_max=95.238
STEP|n=377600000|unique=4004066|accepted=25148828|rate=114804.3/s|walker_min=49.864|walker_med=83.595|walker_max=95.272
STEP|n=377700000|unique=4004099|accepted=25148861|rate=114806.1/s|walker_min=51.475|walker_med=87.406|walker_max=95.282
STEP|n=377800000|unique=4004169|accepted=25148931|rate=114808.0/s|walker_min=73.676|walker_med=89.395|walker_max=95.009
STEP|n=377900000|unique=4004239|accepted=25149001|rate=114810.0/s|walker_min=69.905|walker_med=87.252|walker_max=94.013
STEP|n=378000000|unique=4004292|accepted=25149054|rate=114812.0/s|walker_min=54.721|walker_med=86.436|walker_max=94.667
STEP|n=378100000|unique=4004334|accepted=25149096|rate=114814.0/s|walker_min=70.367|walker_med=87.675|walker_max=95.239
STEP|n=378200000|unique=4004374|accepted=25149136|rate=114816.1/s|walker_min=66.248|walker_med=87.504|walker_max=95.131
STEP|n=378300000|unique=4004426|accepted=25149188|rate=114818.2/s|walker_min=61.882|walker_med=88.385|walker_max=94.882
STEP|n=378400000|unique=4004481|accepted=25149243|rate=114819.9/s|walker_min=61.759|walker_med=83.043|walker_max=95.208
STEP|n=378500000|unique=4004530|accepted=25149292|rate=114821.6/s|walker_min=38.781|walker_med=87.154|walker_max=94.028
STEP|n=378600000|unique=4004584|accepted=25149346|rate=114823.5/s|walker_min=61.930|walker_med=87.164|walker_max=95.272
STEP|n=378700000|unique=4004622|accepted=25149384|rate=114825.2/s|walker_min=52.476|walker_med=87.769|walker_max=95.011
STEP|n=378800000|unique=4004670|accepted=25149432|rate=114826.8/s|walker_min=36.718|walker_med=88.448|walker_max=94.915
STEP|n=378900000|unique=4004735|accepted=25149497|rate=114828.0/s|walker_min=47.150|walker_med=83.384|walker_max=94.737
STEP|n=379000000|unique=4004774|accepted=25149536|rate=114828.0/s|walker_min=45.023|walker_med=71.649|walker_max=93.499
STEP|n=379100000|unique=4004808|accepted=25149570|rate=114828.1/s|walker_min=32.001|walker_med=73.870|walker_max=93.777
STEP|n=379200000|unique=4004865|accepted=25149627|rate=114829.3/s|walker_min=41.403|walker_med=79.126|walker_max=93.377
STEP|n=379300000|unique=4004906|accepted=25149668|rate=114830.7/s|walker_min=55.875|walker_med=92.127|walker_max=95.067
STEP|n=379400000|unique=4004939|accepted=25149701|rate=114832.4/s|walker_min=62.411|walker_med=82.437|walker_max=93.118
STEP|n=379500000|unique=4004986|accepted=25149748|rate=114833.9/s|walker_min=63.960|walker_med=87.997|walker_max=95.135
STEP|n=379600000|unique=4005018|accepted=25149780|rate=114835.4/s|walker_min=60.690|walker_med=89.072|walker_max=94.875
STEP|n=379700000|unique=4005058|accepted=25149820|rate=114837.3/s|walker_min=60.626|walker_med=83.866|walker_max=94.563
STEP|n=379800000|unique=4005100|accepted=25149862|rate=114839.4/s|walker_min=58.033|walker_med=90.050|walker_max=94.940
STEP|n=379900000|unique=4005136|accepted=25149898|rate=114841.5/s|walker_min=68.800|walker_med=84.591|walker_max=95.210
STEP|n=380000000|unique=4005195|accepted=25149957|rate=114843.4/s|walker_min=66.350|walker_med=90.628|walker_max=95.108
STEP|n=380100000|unique=4005239|accepted=25150001|rate=114845.3/s|walker_min=66.673|walker_med=86.820|walker_max=95.207
STEP|n=380200000|unique=4005281|accepted=25150043|rate=114847.2/s|walker_min=65.558|walker_med=89.240|walker_max=95.126
STEP|n=380300000|unique=4005327|accepted=25150089|rate=114849.2/s|walker_min=56.309|walker_med=89.747|walker_max=95.192
STEP|n=380400000|unique=4005375|accepted=25150137|rate=114851.2/s|walker_min=60.021|walker_med=86.167|walker_max=94.755
STEP|n=380500000|unique=4005427|accepted=25150189|rate=114853.3/s|walker_min=44.714|walker_med=86.863|walker_max=94.606
STEP|n=380600000|unique=4005468|accepted=25150230|rate=114854.9/s|walker_min=54.387|walker_med=85.564|walker_max=94.452
STEP|n=380700000|unique=4005516|accepted=25150278|rate=114856.5/s|walker_min=63.559|walker_med=81.278|walker_max=94.921
STEP|n=380800000|unique=4005557|accepted=25150319|rate=114857.5/s|walker_min=33.118|walker_med=84.013|walker_max=95.036
STEP|n=380900000|unique=4005600|accepted=25150362|rate=114858.8/s|walker_min=48.503|walker_med=80.365|walker_max=94.451
STEP|n=381000000|unique=4005627|accepted=25150389|rate=114859.4/s|walker_min=32.722|walker_med=72.010|walker_max=91.652
STEP|n=381100000|unique=4005670|accepted=25150432|rate=114859.9/s|walker_min=55.737|walker_med=80.955|walker_max=92.934
STEP|n=381200000|unique=4005722|accepted=25150484|rate=114860.5/s|walker_min=45.950|walker_med=82.436|walker_max=94.960
STEP|n=381300000|unique=4005763|accepted=25150525|rate=114861.8/s|walker_min=59.199|walker_med=87.694|walker_max=95.032
STEP|n=381400000|unique=4005829|accepted=25150591|rate=114863.3/s|walker_min=53.250|walker_med=86.229|walker_max=94.760
STEP|n=381500000|unique=4005876|accepted=25150638|rate=114865.3/s|walker_min=61.101|walker_med=84.178|walker_max=95.063
STEP|n=381600000|unique=4005915|accepted=25150677|rate=114867.3/s|walker_min=56.733|walker_med=85.649|walker_max=94.768
STEP|n=381700000|unique=4005948|accepted=25150710|rate=114868.9/s|walker_min=57.539|walker_med=88.926|walker_max=95.169
STEP|n=381800000|unique=4005994|accepted=25150756|rate=114870.8/s|walker_min=66.887|walker_med=85.391|walker_max=94.985
STEP|n=381900000|unique=4006042|accepted=25150804|rate=114872.5/s|walker_min=66.329|walker_med=86.114|walker_max=95.169
STEP|n=382000000|unique=4006091|accepted=25150853|rate=114874.5/s|walker_min=58.364|walker_med=89.569|walker_max=94.899
STEP|n=382100000|unique=4006140|accepted=25150902|rate=114876.7/s|walker_min=44.673|walker_med=85.705|walker_max=94.782
STEP|n=382200000|unique=4006201|accepted=25150963|rate=114878.5/s|walker_min=59.927|walker_med=85.886|walker_max=94.805
STEP|n=382300000|unique=4006257|accepted=25151019|rate=114880.6/s|walker_min=47.083|walker_med=88.036|walker_max=95.202
STEP|n=382400000|unique=4006299|accepted=25151061|rate=114882.6/s|walker_min=55.525|walker_med=86.074|walker_max=94.879
STEP|n=382500000|unique=4006356|accepted=25151118|rate=114884.6/s|walker_min=60.663|walker_med=84.410|walker_max=95.262
STEP|n=382600000|unique=4006407|accepted=25151169|rate=114886.4/s|walker_min=47.446|walker_med=85.110|walker_max=95.051
STEP|n=382700000|unique=4006461|accepted=25151223|rate=114888.2/s|walker_min=40.723|walker_med=88.336|walker_max=94.667
STEP|n=382800000|unique=4006500|accepted=25151262|rate=114889.6/s|walker_min=48.774|walker_med=83.877|walker_max=94.974
STEP|n=382900000|unique=4006540|accepted=25151302|rate=114890.4/s|walker_min=46.069|walker_med=77.407|walker_max=94.602
STEP|n=383000000|unique=4006573|accepted=25151335|rate=114890.5/s|walker_min=32.553|walker_med=64.092|walker_max=94.981
STEP|n=383100000|unique=4006616|accepted=25151378|rate=114890.4/s|walker_min=52.200|walker_med=81.661|walker_max=95.202
STEP|n=383200000|unique=4006690|accepted=25151452|rate=114891.4/s|walker_min=49.111|walker_med=83.453|walker_max=94.138
STEP|n=383300000|unique=4006733|accepted=25151495|rate=114892.7/s|walker_min=55.448|walker_med=88.592|walker_max=94.920
STEP|n=383400000|unique=4006785|accepted=25151547|rate=114894.4/s|walker_min=58.893|walker_med=84.250|walker_max=92.884
STEP|n=383500000|unique=4006833|accepted=25151595|rate=114896.2/s|walker_min=52.267|walker_med=85.984|walker_max=95.072
STEP|n=383600000|unique=4006881|accepted=25151643|rate=114898.1/s|walker_min=59.282|walker_med=86.362|walker_max=95.284
STEP|n=383700000|unique=4006908|accepted=25151670|rate=114899.6/s|walker_min=47.070|walker_med=87.629|walker_max=94.853
STEP|n=383800000|unique=4006954|accepted=25151716|rate=114901.4/s|walker_min=48.296|walker_med=85.731|walker_max=95.279
STEP|n=383900000|unique=4007002|accepted=25151764|rate=114903.2/s|walker_min=53.854|walker_med=86.209|walker_max=94.977
STEP|n=384000000|unique=4007035|accepted=25151797|rate=114905.2/s|walker_min=68.440|walker_med=87.751|walker_max=95.279
STEP|n=384100000|unique=4007087|accepted=25151849|rate=114907.2/s|walker_min=68.312|walker_med=88.604|walker_max=95.244
STEP|n=384200000|unique=4007139|accepted=25151901|rate=114909.0/s|walker_min=68.290|walker_med=87.020|walker_max=95.255
STEP|n=384300000|unique=4007161|accepted=25151923|rate=114910.6/s|walker_min=67.547|walker_med=84.882|walker_max=95.192
STEP|n=384400000|unique=4007221|accepted=25151983|rate=114912.3/s|walker_min=55.858|walker_med=88.952|walker_max=95.266
STEP|n=384500000|unique=4007265|accepted=25152027|rate=114914.1/s|walker_min=69.051|walker_med=88.656|walker_max=94.930
STEP|n=384600000|unique=4007310|accepted=25152072|rate=114915.9/s|walker_min=57.320|walker_med=82.406|walker_max=94.945
STEP|n=384700000|unique=4007339|accepted=25152101|rate=114917.6/s|walker_min=66.974|walker_med=82.547|walker_max=94.657
STEP|n=384800000|unique=4007392|accepted=25152154|rate=114918.7/s|walker_min=60.354|walker_med=85.669|walker_max=94.225
STEP|n=384900000|unique=4007437|accepted=25152199|rate=114919.7/s|walker_min=39.356|walker_med=74.204|walker_max=94.355
STEP|n=385000000|unique=4007467|accepted=25152229|rate=114919.7/s|walker_min=46.586|walker_med=76.875|walker_max=93.848
STEP|n=385100000|unique=4007522|accepted=25152284|rate=114920.3/s|walker_min=53.023|walker_med=86.066|walker_max=93.695
STEP|n=385200000|unique=4007556|accepted=25152318|rate=114921.3/s|walker_min=50.704|walker_med=82.913|walker_max=94.718
STEP|n=385300000|unique=4007604|accepted=25152366|rate=114922.8/s|walker_min=62.604|walker_med=84.520|walker_max=95.092
STEP|n=385400000|unique=4007656|accepted=25152418|rate=114924.2/s|walker_min=56.554|walker_med=85.619|walker_max=95.223
STEP|n=385500000|unique=4007698|accepted=25152460|rate=114925.8/s|walker_min=60.043|walker_med=86.332|walker_max=94.356
STEP|n=385600000|unique=4007752|accepted=25152514|rate=114927.5/s|walker_min=46.359|walker_med=89.199|walker_max=95.114
STEP|n=385700000|unique=4007794|accepted=25152556|rate=114929.5/s|walker_min=56.302|walker_med=85.314|walker_max=95.080
STEP|n=385800000|unique=4007861|accepted=25152623|rate=114931.6/s|walker_min=72.907|walker_med=86.840|walker_max=94.850
STEP|n=385900000|unique=4007909|accepted=25152671|rate=114933.3/s|walker_min=55.469|walker_med=85.960|walker_max=95.222
STEP|n=386000000|unique=4007953|accepted=25152715|rate=114935.0/s|walker_min=64.029|walker_med=85.801|walker_max=95.093
STEP|n=386100000|unique=4008005|accepted=25152767|rate=114936.8/s|walker_min=57.421|walker_med=89.638|walker_max=94.602
STEP|n=386200000|unique=4008035|accepted=25152797|rate=114938.6/s|walker_min=63.193|walker_med=89.519|walker_max=94.768
STEP|n=386300000|unique=4008079|accepted=25152841|rate=114940.6/s|walker_min=62.148|walker_med=84.837|walker_max=95.225
STEP|n=386400000|unique=4008121|accepted=25152883|rate=114942.2/s|walker_min=52.112|walker_med=81.985|walker_max=95.105
STEP|n=386500000|unique=4008162|accepted=25152924|rate=114943.9/s|walker_min=54.398|walker_med=87.084|walker_max=94.834
STEP|n=386600000|unique=4008210|accepted=25152972|rate=114945.7/s|walker_min=62.713|walker_med=85.615|walker_max=94.767
STEP|n=386700000|unique=4008245|accepted=25153007|rate=114947.4/s|walker_min=55.904|walker_med=85.004|walker_max=95.211
STEP|n=386800000|unique=4008290|accepted=25153052|rate=114948.5/s|walker_min=68.773|walker_med=87.298|walker_max=94.392
STEP|n=386900000|unique=4008332|accepted=25153094|rate=114949.5/s|walker_min=41.367|walker_med=77.691|walker_max=94.393
STEP|n=387000000|unique=4008369|accepted=25153131|rate=114949.6/s|walker_min=31.568|walker_med=77.802|walker_max=92.049
STEP|n=387100000|unique=4008401|accepted=25153163|rate=114950.0/s|walker_min=50.258|walker_med=79.016|walker_max=94.954
STEP|n=387200000|unique=4008448|accepted=25153210|rate=114951.3/s|walker_min=46.371|walker_med=88.094|walker_max=94.795
STEP|n=387300000|unique=4008498|accepted=25153260|rate=114952.7/s|walker_min=64.866|walker_med=84.448|walker_max=94.008
STEP|n=387400000|unique=4008542|accepted=25153304|rate=114954.0/s|walker_min=47.845|walker_med=88.052|walker_max=95.123
STEP|n=387500000|unique=4008579|accepted=25153341|rate=114955.7/s|walker_min=60.169|walker_med=87.220|walker_max=95.097
STEP|n=387600000|unique=4008624|accepted=25153386|rate=114957.6/s|walker_min=68.582|walker_med=86.670|walker_max=94.915
STEP|n=387700000|unique=4008665|accepted=25153427|rate=114959.5/s|walker_min=52.772|walker_med=83.666|walker_max=95.238
STEP|n=387800000|unique=4008730|accepted=25153492|rate=114961.6/s|walker_min=67.011|walker_med=88.618|walker_max=95.193
STEP|n=387900000|unique=4008788|accepted=25153550|rate=114963.4/s|walker_min=62.338|walker_med=88.654|walker_max=95.011
STEP|n=388000000|unique=4008854|accepted=25153616|rate=114965.2/s|walker_min=58.594|walker_med=86.633|walker_max=94.538
STEP|n=388100000|unique=4008904|accepted=25153666|rate=114967.1/s|walker_min=52.740|walker_med=85.783|walker_max=94.966
STEP|n=388200000|unique=4008944|accepted=25153706|rate=114969.0/s|walker_min=73.361|walker_med=88.787|walker_max=94.626
STEP|n=388300000|unique=4009000|accepted=25153762|rate=114971.0/s|walker_min=48.896|walker_med=87.175|walker_max=95.224
STEP|n=388400000|unique=4009046|accepted=25153808|rate=114972.7/s|walker_min=62.362|walker_med=88.988|walker_max=95.131
STEP|n=388500000|unique=4009103|accepted=25153865|rate=114974.2/s|walker_min=63.443|walker_med=86.991|walker_max=95.081
STEP|n=388600000|unique=4009140|accepted=25153902|rate=114975.7/s|walker_min=53.943|walker_med=79.883|walker_max=94.949
STEP|n=388700000|unique=4009180|accepted=25153942|rate=114977.4/s|walker_min=41.126|walker_med=88.352|walker_max=95.139
STEP|n=388800000|unique=4009216|accepted=25153978|rate=114979.2/s|walker_min=41.055|walker_med=84.360|walker_max=95.241
STEP|n=388900000|unique=4009265|accepted=25154027|rate=114980.5/s|walker_min=55.854|walker_med=83.316|walker_max=94.719
STEP|n=389000000|unique=4009308|accepted=25154070|rate=114980.6/s|walker_min=29.838|walker_med=69.884|walker_max=89.457
STEP|n=389100000|unique=4009337|accepted=25154099|rate=114980.5/s|walker_min=50.528|walker_med=83.358|walker_max=93.753
STEP|n=389200000|unique=4009386|accepted=25154148|rate=114981.6/s|walker_min=31.319|walker_med=82.680|walker_max=95.105
STEP|n=389300000|unique=4009421|accepted=25154183|rate=114983.1/s|walker_min=50.386|walker_med=81.115|walker_max=95.075
STEP|n=389400000|unique=4009477|accepted=25154239|rate=114984.6/s|walker_min=52.015|walker_med=83.221|walker_max=94.593
STEP|n=389500000|unique=4009519|accepted=25154281|rate=114986.2/s|walker_min=60.756|walker_med=89.527|walker_max=94.564
STEP|n=389600000|unique=4009569|accepted=25154331|rate=114988.0/s|walker_min=63.056|walker_med=88.857|walker_max=94.973
STEP|n=389700000|unique=4009601|accepted=25154363|rate=114989.8/s|walker_min=43.779|walker_med=87.645|walker_max=95.035
STEP|n=389800000|unique=4009649|accepted=25154411|rate=114991.5/s|walker_min=57.492|walker_med=87.316|walker_max=94.822
STEP|n=389900000|unique=4009695|accepted=25154457|rate=114993.3/s|walker_min=65.338|walker_med=84.504|walker_max=95.191
STEP|n=390000000|unique=4009740|accepted=25154502|rate=114995.2/s|walker_min=49.029|walker_med=87.986|walker_max=95.211
STEP|n=390100000|unique=4009792|accepted=25154554|rate=114997.1/s|walker_min=48.776|walker_med=86.624|walker_max=95.273
STEP|n=390200000|unique=4009836|accepted=25154598|rate=114999.0/s|walker_min=72.732|walker_med=87.760|walker_max=95.028
STEP|n=390300000|unique=4009886|accepted=25154648|rate=115001.0/s|walker_min=59.089|walker_med=84.739|walker_max=93.478
STEP|n=390400000|unique=4009927|accepted=25154689|rate=115002.5/s|walker_min=67.787|walker_med=88.199|walker_max=95.096
STEP|n=390500000|unique=4009976|accepted=25154738|rate=115004.3/s|walker_min=58.412|walker_med=87.078|walker_max=94.846
STEP|n=390600000|unique=4010019|accepted=25154781|rate=115005.8/s|walker_min=58.795|walker_med=88.678|walker_max=95.260
STEP|n=390700000|unique=4010064|accepted=25154826|rate=115007.4/s|walker_min=63.077|walker_med=85.414|walker_max=94.634
STEP|n=390800000|unique=4010107|accepted=25154869|rate=115008.9/s|walker_min=61.621|walker_med=85.687|walker_max=94.960
STEP|n=390900000|unique=4010172|accepted=25154934|rate=115010.1/s|walker_min=57.606|walker_med=78.795|walker_max=95.067
STEP|n=391000000|unique=4010202|accepted=25154964|rate=115010.3/s|walker_min=42.556|walker_med=75.185|walker_max=93.377
STEP|n=391100000|unique=4010243|accepted=25155005|rate=115010.4/s|walker_min=36.462|walker_med=85.567|walker_max=95.171
STEP|n=391200000|unique=4010280|accepted=25155042|rate=115011.2/s|walker_min=54.977|walker_med=86.195|walker_max=95.197
STEP|n=391300000|unique=4010317|accepted=25155079|rate=115012.5/s|walker_min=65.640|walker_med=88.187|walker_max=95.274
STEP|n=391400000|unique=4010382|accepted=25155144|rate=115014.2/s|walker_min=50.873|walker_med=86.960|walker_max=94.955
STEP|n=391500000|unique=4010424|accepted=25155186|rate=115015.6/s|walker_min=58.962|walker_med=86.116|walker_max=95.054
STEP|n=391600000|unique=4010448|accepted=25155210|rate=115017.1/s|walker_min=56.461|walker_med=89.966|walker_max=95.143
STEP|n=391700000|unique=4010491|accepted=25155253|rate=115018.8/s|walker_min=58.987|walker_med=88.519|walker_max=95.113
STEP|n=391800000|unique=4010535|accepted=25155297|rate=115020.7/s|walker_min=53.588|walker_med=88.658|walker_max=95.063
STEP|n=391900000|unique=4010585|accepted=25155347|rate=115022.6/s|walker_min=63.135|walker_med=88.549|walker_max=95.094
STEP|n=392000000|unique=4010630|accepted=25155392|rate=115024.5/s|walker_min=62.185|walker_med=84.926|walker_max=94.725
STEP|n=392100000|unique=4010678|accepted=25155440|rate=115026.1/s|walker_min=68.544|walker_med=87.515|walker_max=94.563
STEP|n=392200000|unique=4010720|accepted=25155482|rate=115027.8/s|walker_min=64.623|walker_med=91.041|walker_max=95.180
STEP|n=392300000|unique=4010761|accepted=25155523|rate=115029.7/s|walker_min=54.734|walker_med=91.124|walker_max=94.961
STEP|n=392400000|unique=4010820|accepted=25155582|rate=115031.6/s|walker_min=51.229|walker_med=88.749|walker_max=94.980
STEP|n=392500000|unique=4010863|accepted=25155625|rate=115033.4/s|walker_min=63.759|walker_med=88.125|walker_max=94.137
STEP|n=392600000|unique=4010903|accepted=25155665|rate=115034.9/s|walker_min=62.098|walker_med=85.651|walker_max=94.719
STEP|n=392700000|unique=4010935|accepted=25155697|rate=115036.3/s|walker_min=62.652|walker_med=86.524|walker_max=94.968
STEP|n=392800000|unique=4010982|accepted=25155744|rate=115037.9/s|walker_min=61.047|walker_med=81.873|walker_max=94.594
STEP|n=392900000|unique=4011016|accepted=25155778|rate=115039.0/s|walker_min=52.698|walker_med=80.602|walker_max=93.309
STEP|n=393000000|unique=4011051|accepted=25155813|rate=115039.5/s|walker_min=38.526|walker_med=71.930|walker_max=90.939
STEP|n=393100000|unique=4011105|accepted=25155867|rate=115039.9/s|walker_min=55.313|walker_med=75.784|walker_max=95.163
STEP|n=393200000|unique=4011137|accepted=25155899|rate=115040.5/s|walker_min=43.705|walker_med=83.377|walker_max=94.711
STEP|n=393300000|unique=4011170|accepted=25155932|rate=115041.7/s|walker_min=63.027|walker_med=88.584|walker_max=95.012
STEP|n=393400000|unique=4011199|accepted=25155961|rate=115042.8/s|walker_min=62.912|walker_med=85.642|walker_max=94.998
STEP|n=393500000|unique=4011234|accepted=25155996|rate=115044.1/s|walker_min=51.713|walker_med=87.265|walker_max=95.132
STEP|n=393600000|unique=4011291|accepted=25156053|rate=115045.6/s|walker_min=74.564|walker_med=86.477|walker_max=95.162
STEP|n=393700000|unique=4011328|accepted=25156090|rate=115047.2/s|walker_min=65.782|walker_med=91.601|walker_max=95.212
STEP|n=393800000|unique=4011396|accepted=25156158|rate=115049.2/s|walker_min=55.672|walker_med=88.549|walker_max=94.889
STEP|n=393900000|unique=4011434|accepted=25156196|rate=115051.0/s|walker_min=53.071|walker_med=89.976|walker_max=95.117
STEP|n=394000000|unique=4011478|accepted=25156240|rate=115052.6/s|walker_min=46.869|walker_med=89.057|walker_max=95.012
STEP|n=394100000|unique=4011532|accepted=25156294|rate=115054.0/s|walker_min=60.392|walker_med=84.461|walker_max=94.678
STEP|n=394200000|unique=4011575|accepted=25156337|rate=115055.5/s|walker_min=54.673|walker_med=85.046|walker_max=95.140
STEP|n=394300000|unique=4011609|accepted=25156371|rate=115057.3/s|walker_min=61.786|walker_med=86.975|walker_max=95.272
STEP|n=394400000|unique=4011656|accepted=25156418|rate=115059.1/s|walker_min=61.921|walker_med=87.501|walker_max=95.199
STEP|n=394500000|unique=4011702|accepted=25156464|rate=115060.9/s|walker_min=54.896|walker_med=85.985|walker_max=94.445
STEP|n=394600000|unique=4011725|accepted=25156487|rate=115062.2/s|walker_min=50.231|walker_med=79.942|walker_max=94.397
STEP|n=394700000|unique=4011776|accepted=25156538|rate=115063.5/s|walker_min=53.676|walker_med=85.376|walker_max=94.486
STEP|n=394800000|unique=4011831|accepted=25156593|rate=115064.7/s|walker_min=47.982|walker_med=79.005|walker_max=94.502
STEP|n=394900000|unique=4011875|accepted=25156637|rate=115066.0/s|walker_min=37.606|walker_med=82.638|walker_max=95.101
STEP|n=395000000|unique=4011931|accepted=25156693|rate=115066.7/s|walker_min=39.939|walker_med=76.328|walker_max=95.028
STEP|n=395100000|unique=4011968|accepted=25156730|rate=115066.9/s|walker_min=60.143|walker_med=85.111|walker_max=95.081
STEP|n=395200000|unique=4012008|accepted=25156770|rate=115067.9/s|walker_min=45.969|walker_med=84.202|walker_max=95.106
STEP|n=395300000|unique=4012044|accepted=25156806|rate=115069.2/s|walker_min=61.818|walker_med=81.553|walker_max=95.188
STEP|n=395400000|unique=4012085|accepted=25156847|rate=115070.8/s|walker_min=51.404|walker_med=84.728|walker_max=95.219
STEP|n=395500000|unique=4012113|accepted=25156875|rate=115072.5/s|walker_min=75.116|walker_med=86.729|walker_max=94.727
STEP|n=395600000|unique=4012146|accepted=25156908|rate=115074.3/s|walker_min=69.209|walker_med=89.763|walker_max=95.142
STEP|n=395700000|unique=4012185|accepted=25156947|rate=115075.9/s|walker_min=59.123|walker_med=86.308|walker_max=95.030
STEP|n=395800000|unique=4012221|accepted=25156983|rate=115077.5/s|walker_min=68.465|walker_med=88.519|walker_max=95.191
STEP|n=395900000|unique=4012268|accepted=25157030|rate=115079.0/s|walker_min=60.252|walker_med=87.709|walker_max=95.276
STEP|n=396000000|unique=4012308|accepted=25157070|rate=115080.9/s|walker_min=59.034|walker_med=86.735|walker_max=94.876
STEP|n=396100000|unique=4012337|accepted=25157099|rate=115082.9/s|walker_min=66.367|walker_med=87.502|walker_max=95.208
STEP|n=396200000|unique=4012374|accepted=25157136|rate=115084.8/s|walker_min=71.738|walker_med=86.403|walker_max=95.264
STEP|n=396300000|unique=4012419|accepted=25157181|rate=115086.6/s|walker_min=59.106|walker_med=87.574|walker_max=94.709
STEP|n=396400000|unique=4012472|accepted=25157234|rate=115088.1/s|walker_min=58.037|walker_med=86.035|walker_max=94.947
STEP|n=396500000|unique=4012521|accepted=25157283|rate=115089.9/s|walker_min=46.891|walker_med=85.350|walker_max=94.917
STEP|n=396600000|unique=4012566|accepted=25157328|rate=115091.7/s|walker_min=51.762|walker_med=86.532|walker_max=95.015
STEP|n=396700000|unique=4012623|accepted=25157385|rate=115093.2/s|walker_min=54.530|walker_med=86.287|walker_max=94.545
STEP|n=396800000|unique=4012663|accepted=25157425|rate=115094.7/s|walker_min=43.999|walker_med=86.262|walker_max=95.138
STEP|n=396900000|unique=4012707|accepted=25157469|rate=115095.7/s|walker_min=44.056|walker_med=85.811|walker_max=94.985
STEP|n=397000000|unique=4012747|accepted=25157509|rate=115096.1/s|walker_min=32.933|walker_med=71.377|walker_max=93.098
STEP|n=397100000|unique=4012785|accepted=25157547|rate=115096.5/s|walker_min=55.562|walker_med=82.740|walker_max=95.132
STEP|n=397200000|unique=4012810|accepted=25157572|rate=115097.4/s|walker_min=50.451|walker_med=86.687|walker_max=94.684
STEP|n=397300000|unique=4012845|accepted=25157607|rate=115098.8/s|walker_min=50.374|walker_med=83.230|walker_max=94.634
STEP|n=397400000|unique=4012874|accepted=25157636|rate=115100.1/s|walker_min=56.839|walker_med=85.541|walker_max=94.908
STEP|n=397500000|unique=4012906|accepted=25157668|rate=115101.6/s|walker_min=56.367|walker_med=85.219|walker_max=95.145
STEP|n=397600000|unique=4012954|accepted=25157716|rate=115101.0/s|walker_min=66.696|walker_med=85.076|walker_max=95.285
STEP|n=397700000|unique=4012992|accepted=25157754|rate=115101.1/s|walker_min=58.847|walker_med=87.712|walker_max=95.108
STEP|n=397800000|unique=4013033|accepted=25157795|rate=115102.7/s|walker_min=71.460|walker_med=88.627|walker_max=94.790
STEP|n=397900000|unique=4013080|accepted=25157842|rate=115104.6/s|walker_min=57.591|walker_med=81.374|walker_max=94.713
STEP|n=398000000|unique=4013133|accepted=25157895|rate=115106.4/s|walker_min=69.743|walker_med=89.516|walker_max=93.692
STEP|n=398100000|unique=4013166|accepted=25157928|rate=115108.1/s|walker_min=75.785|walker_med=90.870|walker_max=95.259
STEP|n=398200000|unique=4013215|accepted=25157977|rate=115109.8/s|walker_min=58.386|walker_med=87.882|walker_max=94.676
STEP|n=398300000|unique=4013247|accepted=25158009|rate=115111.4/s|walker_min=62.827|walker_med=87.866|walker_max=94.052
STEP|n=398400000|unique=4013297|accepted=25158059|rate=115113.2/s|walker_min=49.300|walker_med=86.493|walker_max=95.272
STEP|n=398500000|unique=4013348|accepted=25158110|rate=115114.9/s|walker_min=59.218|walker_med=86.965|walker_max=94.459
STEP|n=398600000|unique=4013385|accepted=25158147|rate=115116.5/s|walker_min=56.560|walker_med=84.790|walker_max=93.949
STEP|n=398700000|unique=4013415|accepted=25158177|rate=115117.7/s|walker_min=48.375|walker_med=81.784|walker_max=95.172
STEP|n=398800000|unique=4013464|accepted=25158226|rate=115118.8/s|walker_min=66.854|walker_med=85.097|walker_max=95.250
STEP|n=398900000|unique=4013505|accepted=25158267|rate=115119.8/s|walker_min=46.531|walker_med=83.804|walker_max=95.193
STEP|n=399000000|unique=4013545|accepted=25158307|rate=115120.3/s|walker_min=41.215|walker_med=76.267|walker_max=93.141
STEP|n=399100000|unique=4013565|accepted=25158327|rate=115120.7/s|walker_min=42.258|walker_med=77.935|walker_max=95.047
STEP|n=399200000|unique=4013596|accepted=25158358|rate=115121.4/s|walker_min=62.819|walker_med=86.626|walker_max=94.940
STEP|n=399300000|unique=4013634|accepted=25158396|rate=115122.5/s|walker_min=50.206|walker_med=85.396|walker_max=94.859
STEP|n=399400000|unique=4013670|accepted=25158432|rate=115123.8/s|walker_min=57.367|walker_med=84.226|walker_max=95.204
STEP|n=399500000|unique=4013701|accepted=25158463|rate=115125.3/s|walker_min=62.341|walker_med=86.378|walker_max=94.928
STEP|n=399600000|unique=4013745|accepted=25158507|rate=115127.0/s|walker_min=50.318|walker_med=89.681|walker_max=94.823
STEP|n=399700000|unique=4013786|accepted=25158548|rate=115128.7/s|walker_min=63.508|walker_med=87.029|walker_max=95.105
STEP|n=399800000|unique=4013834|accepted=25158596|rate=115130.2/s|walker_min=74.484|walker_med=88.230|walker_max=95.018
STEP|n=399900000|unique=4013877|accepted=25158639|rate=115131.7/s|walker_min=62.841|walker_med=85.139|walker_max=95.024
STEP|n=400000000|unique=4013907|accepted=25158669|rate=115133.4/s|walker_min=61.751|walker_med=87.110|walker_max=94.967
CHECKPOINT|step=400000000|unique=4013907|saved=3000000|min=25.4807|max=92.6135
STEP|n=400100000|unique=4013943|accepted=25158705|rate=114927.9/s|walker_min=70.695|walker_med=89.963|walker_max=95.145
STEP|n=400200000|unique=4014003|accepted=25158765|rate=114929.6/s|walker_min=66.970|walker_med=88.445|walker_max=94.782
STEP|n=400300000|unique=4014042|accepted=25158804|rate=114931.1/s|walker_min=58.028|walker_med=85.951|walker_max=94.782
STEP|n=400400000|unique=4014076|accepted=25158838|rate=114932.7/s|walker_min=61.495|walker_med=85.541|walker_max=93.331
STEP|n=400500000|unique=4014137|accepted=25158899|rate=114934.5/s|walker_min=60.566|walker_med=87.151|walker_max=95.112
STEP|n=400600000|unique=4014179|accepted=25158941|rate=114936.2/s|walker_min=56.030|walker_med=88.053|walker_max=94.753
STEP|n=400700000|unique=4014207|accepted=25158969|rate=114937.7/s|walker_min=58.397|walker_med=87.454|walker_max=94.780
STEP|n=400800000|unique=4014252|accepted=25159014|rate=114939.1/s|walker_min=55.932|walker_med=84.889|walker_max=95.186
STEP|n=400900000|unique=4014295|accepted=25159057|rate=114940.3/s|walker_min=37.138|walker_med=77.745|walker_max=94.342
STEP|n=401000000|unique=4014324|accepted=25159086|rate=114940.1/s|walker_min=47.562|walker_med=68.908|walker_max=94.577
STEP|n=401100000|unique=4014350|accepted=25159112|rate=114940.0/s|walker_min=39.373|walker_med=75.593|walker_max=95.251
STEP|n=401200000|unique=4014383|accepted=25159145|rate=114941.0/s|walker_min=45.868|walker_med=83.247|walker_max=94.708
STEP|n=401300000|unique=4014438|accepted=25159200|rate=114942.5/s|walker_min=50.633|walker_med=82.918|walker_max=94.649
STEP|n=401400000|unique=4014493|accepted=25159255|rate=114944.1/s|walker_min=67.737|walker_med=87.921|walker_max=95.121
STEP|n=401500000|unique=4014543|accepted=25159305|rate=114945.8/s|walker_min=46.784|walker_med=85.679|walker_max=95.082
STEP|n=401600000|unique=4014585|accepted=25159347|rate=114947.3/s|walker_min=58.564|walker_med=85.756|walker_max=94.930
STEP|n=401700000|unique=4014630|accepted=25159392|rate=114948.9/s|walker_min=51.120|walker_med=85.851|walker_max=95.217
STEP|n=401800000|unique=4014666|accepted=25159428|rate=114950.6/s|walker_min=65.378|walker_med=88.258|walker_max=95.180
STEP|n=401900000|unique=4014713|accepted=25159475|rate=114952.5/s|walker_min=58.899|walker_med=88.355|walker_max=95.118
STEP|n=402000000|unique=4014765|accepted=25159527|rate=114954.2/s|walker_min=66.910|walker_med=88.216|walker_max=95.170
STEP|n=402100000|unique=4014811|accepted=25159573|rate=114955.8/s|walker_min=71.885|walker_med=88.093|walker_max=95.196
STEP|n=402200000|unique=4014858|accepted=25159620|rate=114957.4/s|walker_min=43.319|walker_med=87.502|walker_max=95.027
STEP|n=402300000|unique=4014896|accepted=25159658|rate=114959.0/s|walker_min=55.677|walker_med=89.070|walker_max=95.220
STEP|n=402400000|unique=4014932|accepted=25159694|rate=114960.8/s|walker_min=53.061|walker_med=85.293|walker_max=94.219
STEP|n=402500000|unique=4014965|accepted=25159727|rate=114962.5/s|walker_min=55.571|walker_med=85.340|walker_max=95.094
STEP|n=402600000|unique=4015000|accepted=25159762|rate=114964.1/s|walker_min=59.642|walker_med=85.572|walker_max=95.113
STEP|n=402700000|unique=4015037|accepted=25159799|rate=114965.3/s|walker_min=46.070|walker_med=85.997|walker_max=94.124
STEP|n=402800000|unique=4015067|accepted=25159829|rate=114966.5/s|walker_min=44.658|walker_med=87.688|walker_max=94.826
STEP|n=402900000|unique=4015098|accepted=25159860|rate=114967.4/s|walker_min=39.811|walker_med=79.492|walker_max=93.470
STEP|n=403000000|unique=4015134|accepted=25159896|rate=114967.7/s|walker_min=31.894|walker_med=72.287|walker_max=94.418
STEP|n=403100000|unique=4015184|accepted=25159946|rate=114968.0/s|walker_min=51.411|walker_med=76.197|walker_max=93.959
STEP|n=403200000|unique=4015225|accepted=25159987|rate=114968.9/s|walker_min=64.440|walker_med=84.824|walker_max=95.146
STEP|n=403300000|unique=4015257|accepted=25160019|rate=114970.0/s|walker_min=59.824|walker_med=88.712|walker_max=95.253
STEP|n=403400000|unique=4015301|accepted=25160063|rate=114971.4/s|walker_min=59.047|walker_med=81.370|walker_max=95.190
STEP|n=403500000|unique=4015340|accepted=25160102|rate=114973.0/s|walker_min=52.043|walker_med=82.774|walker_max=95.242
STEP|n=403600000|unique=4015395|accepted=25160157|rate=114974.7/s|walker_min=67.933|walker_med=88.230|walker_max=94.858
STEP|n=403700000|unique=4015444|accepted=25160206|rate=114976.4/s|walker_min=55.085|walker_med=88.588|walker_max=94.693
STEP|n=403800000|unique=4015473|accepted=25160235|rate=114978.2/s|walker_min=55.456|walker_med=89.303|walker_max=95.100
STEP|n=403900000|unique=4015511|accepted=25160273|rate=114980.1/s|walker_min=56.232|walker_med=87.331|walker_max=94.453
STEP|n=404000000|unique=4015551|accepted=25160313|rate=114981.8/s|walker_min=73.475|walker_med=87.197|walker_max=95.143
STEP|n=404100000|unique=4015593|accepted=25160355|rate=114983.3/s|walker_min=59.659|walker_med=88.654|walker_max=94.816
STEP|n=404200000|unique=4015641|accepted=25160403|rate=114984.9/s|walker_min=69.411|walker_med=87.977|walker_max=95.034
STEP|n=404300000|unique=4015669|accepted=25160431|rate=114986.6/s|walker_min=71.049|walker_med=86.161|walker_max=94.800
STEP|n=404400000|unique=4015705|accepted=25160467|rate=114988.3/s|walker_min=65.762|walker_med=88.698|walker_max=94.917
STEP|n=404500000|unique=4015743|accepted=25160505|rate=114989.9/s|walker_min=58.825|walker_med=86.924|walker_max=94.725
STEP|n=404600000|unique=4015770|accepted=25160532|rate=114991.2/s|walker_min=61.540|walker_med=83.032|walker_max=94.923
STEP|n=404700000|unique=4015816|accepted=25160578|rate=114992.4/s|walker_min=39.150|walker_med=84.276|walker_max=94.065
STEP|n=404800000|unique=4015846|accepted=25160608|rate=114993.5/s|walker_min=41.415|walker_med=85.578|walker_max=95.277
STEP|n=404900000|unique=4015878|accepted=25160640|rate=114994.4/s|walker_min=52.735|walker_med=85.389|walker_max=95.222
STEP|n=405000000|unique=4015913|accepted=25160675|rate=114992.3/s|walker_min=39.534|walker_med=75.055|walker_max=94.764
STEP|n=405100000|unique=4015933|accepted=25160695|rate=114992.4/s|walker_min=39.614|walker_med=82.865|walker_max=95.275
STEP|n=405200000|unique=4015977|accepted=25160739|rate=114993.3/s|walker_min=48.264|walker_med=87.913|walker_max=95.169
STEP|n=405300000|unique=4016012|accepted=25160774|rate=114994.5/s|walker_min=56.402|walker_med=84.884|walker_max=94.500
STEP|n=405400000|unique=4016043|accepted=25160805|rate=114995.9/s|walker_min=61.161|walker_med=87.127|walker_max=94.872
STEP|n=405500000|unique=4016082|accepted=25160844|rate=114997.5/s|walker_min=54.935|walker_med=89.618|walker_max=95.233
STEP|n=405600000|unique=4016137|accepted=25160899|rate=114999.2/s|walker_min=60.479|walker_med=87.411|walker_max=95.119
STEP|n=405700000|unique=4016172|accepted=25160934|rate=115000.6/s|walker_min=48.067|walker_med=85.903|walker_max=94.093
STEP|n=405800000|unique=4016211|accepted=25160973|rate=115002.2/s|walker_min=62.532|walker_med=83.363|walker_max=95.202
STEP|n=405900000|unique=4016243|accepted=25161005|rate=115003.7/s|walker_min=55.925|walker_med=88.717|walker_max=95.221
STEP|n=406000000|unique=4016296|accepted=25161058|rate=115005.6/s|walker_min=62.010|walker_med=85.457|walker_max=94.726
STEP|n=406100000|unique=4016345|accepted=25161107|rate=115007.4/s|walker_min=65.181|walker_med=86.769|walker_max=94.949
STEP|n=406200000|unique=4016393|accepted=25161155|rate=115009.1/s|walker_min=61.226|walker_med=89.243|walker_max=95.236
STEP|n=406300000|unique=4016426|accepted=25161188|rate=115010.7/s|walker_min=59.136|walker_med=89.446|walker_max=94.820
STEP|n=406400000|unique=4016456|accepted=25161218|rate=115012.2/s|walker_min=59.277|walker_med=85.073|walker_max=94.880
STEP|n=406500000|unique=4016502|accepted=25161264|rate=115013.8/s|walker_min=64.678|walker_med=84.432|walker_max=95.082
STEP|n=406600000|unique=4016534|accepted=25161296|rate=115015.4/s|walker_min=52.820|walker_med=85.123|walker_max=95.086
STEP|n=406700000|unique=4016566|accepted=25161328|rate=115016.9/s|walker_min=61.871|walker_med=84.384|walker_max=94.538
STEP|n=406800000|unique=4016596|accepted=25161358|rate=115018.2/s|walker_min=53.039|walker_med=81.525|walker_max=95.261
STEP|n=406900000|unique=4016631|accepted=25161393|rate=115019.0/s|walker_min=59.613|walker_med=83.887|walker_max=91.604
STEP|n=407000000|unique=4016671|accepted=25161433|rate=115019.1/s|walker_min=39.969|walker_med=66.354|walker_max=94.702
STEP|n=407100000|unique=4016697|accepted=25161459|rate=115019.3/s|walker_min=38.937|walker_med=83.981|walker_max=95.248
STEP|n=407200000|unique=4016726|accepted=25161488|rate=115020.2/s|walker_min=50.270|walker_med=83.342|walker_max=94.461
STEP|n=407300000|unique=4016759|accepted=25161521|rate=115021.6/s|walker_min=53.754|walker_med=84.710|walker_max=95.268
STEP|n=407400000|unique=4016797|accepted=25161559|rate=115022.8/s|walker_min=47.368|walker_med=86.230|walker_max=94.827
STEP|n=407500000|unique=4016815|accepted=25161577|rate=115024.3/s|walker_min=68.937|walker_med=88.016|walker_max=95.277
STEP|n=407600000|unique=4016873|accepted=25161635|rate=115025.9/s|walker_min=56.535|walker_med=87.569|walker_max=95.011
STEP|n=407700000|unique=4016901|accepted=25161663|rate=115027.7/s|walker_min=58.544|walker_med=87.396|walker_max=95.008
STEP|n=407800000|unique=4016941|accepted=25161703|rate=115029.6/s|walker_min=71.671|walker_med=85.283|walker_max=95.158
STEP|n=407900000|unique=4016979|accepted=25161741|rate=115031.3/s|walker_min=46.247|walker_med=86.913|walker_max=95.184
STEP|n=408000000|unique=4017020|accepted=25161782|rate=115033.2/s|walker_min=64.905|walker_med=87.903|walker_max=94.927
STEP|n=408100000|unique=4017062|accepted=25161824|rate=115035.2/s|walker_min=52.311|walker_med=86.040|walker_max=95.274
STEP|n=408200000|unique=4017102|accepted=25161864|rate=115036.8/s|walker_min=68.625|walker_med=88.058|walker_max=95.128
STEP|n=408300000|unique=4017141|accepted=25161903|rate=115038.4/s|walker_min=62.177|walker_med=88.343|walker_max=95.259
STEP|n=408400000|unique=4017187|accepted=25161949|rate=115040.1/s|walker_min=55.165|walker_med=88.983|walker_max=95.203
STEP|n=408500000|unique=4017222|accepted=25161984|rate=115041.8/s|walker_min=47.217|walker_med=86.639|walker_max=94.979
STEP|n=408600000|unique=4017259|accepted=25162021|rate=115043.4/s|walker_min=47.506|walker_med=84.820|walker_max=95.177
STEP|n=408700000|unique=4017297|accepted=25162059|rate=115044.9/s|walker_min=59.564|walker_med=84.773|walker_max=94.778
STEP|n=408800000|unique=4017331|accepted=25162093|rate=115046.0/s|walker_min=55.872|walker_med=84.983|walker_max=95.262
STEP|n=408900000|unique=4017357|accepted=25162119|rate=115046.8/s|walker_min=48.658|walker_med=79.405|walker_max=94.217
STEP|n=409000000|unique=4017381|accepted=25162143|rate=115046.9/s|walker_min=31.373|walker_med=77.778|walker_max=93.788
STEP|n=409100000|unique=4017416|accepted=25162178|rate=115047.5/s|walker_min=26.958|walker_med=78.399|walker_max=93.918
STEP|n=409200000|unique=4017446|accepted=25162208|rate=115048.6/s|walker_min=60.268|walker_med=87.133|walker_max=94.961
STEP|n=409300000|unique=4017480|accepted=25162242|rate=115049.9/s|walker_min=49.347|walker_med=87.197|walker_max=94.996
STEP|n=409400000|unique=4017519|accepted=25162281|rate=115051.1/s|walker_min=60.206|walker_med=85.974|walker_max=94.972
STEP|n=409500000|unique=4017566|accepted=25162328|rate=115052.7/s|walker_min=53.829|walker_med=82.918|walker_max=95.228
STEP|n=409600000|unique=4017600|accepted=25162362|rate=115054.3/s|walker_min=55.000|walker_med=87.352|walker_max=94.800
STEP|n=409700000|unique=4017642|accepted=25162404|rate=115056.2/s|walker_min=48.717|walker_med=89.028|walker_max=95.053
STEP|n=409800000|unique=4017680|accepted=25162442|rate=115058.1/s|walker_min=67.717|walker_med=86.550|walker_max=95.010
STEP|n=409900000|unique=4017717|accepted=25162479|rate=115059.8/s|walker_min=53.909|walker_med=87.252|walker_max=95.001
STEP|n=410000000|unique=4017746|accepted=25162508|rate=115061.4/s|walker_min=48.688|walker_med=89.564|walker_max=95.082
STEP|n=410100000|unique=4017776|accepted=25162538|rate=115063.1/s|walker_min=70.769|walker_med=86.826|walker_max=94.734
STEP|n=410200000|unique=4017812|accepted=25162574|rate=115064.9/s|walker_min=66.131|walker_med=85.269|walker_max=94.534
STEP|n=410300000|unique=4017852|accepted=25162614|rate=115066.8/s|walker_min=62.494|walker_med=85.460|walker_max=95.278
STEP|n=410400000|unique=4017889|accepted=25162651|rate=115068.6/s|walker_min=67.271|walker_med=88.171|walker_max=94.055
STEP|n=410500000|unique=4017931|accepted=25162693|rate=115070.1/s|walker_min=45.000|walker_med=86.383|walker_max=94.628
STEP|n=410600000|unique=4017970|accepted=25162732|rate=115071.5/s|walker_min=41.352|walker_med=85.603|walker_max=94.837
STEP|n=410700000|unique=4018006|accepted=25162768|rate=115073.1/s|walker_min=52.308|walker_med=84.192|walker_max=95.208
STEP|n=410800000|unique=4018032|accepted=25162794|rate=115074.3/s|walker_min=45.295|walker_med=82.164|walker_max=94.764
STEP|n=410900000|unique=4018069|accepted=25162831|rate=115075.4/s|walker_min=61.190|walker_med=81.378|walker_max=94.929
STEP|n=411000000|unique=4018106|accepted=25162868|rate=115075.5/s|walker_min=29.391|walker_med=66.625|walker_max=88.576
STEP|n=411100000|unique=4018128|accepted=25162890|rate=115075.7/s|walker_min=50.771|walker_med=79.199|walker_max=93.691
STEP|n=411200000|unique=4018153|accepted=25162915|rate=115076.6/s|walker_min=52.765|walker_med=83.950|walker_max=95.280
STEP|n=411300000|unique=4018188|accepted=25162950|rate=115077.6/s|walker_min=60.938|walker_med=86.495|walker_max=95.030
STEP|n=411400000|unique=4018233|accepted=25162995|rate=115078.5/s|walker_min=61.032|walker_med=85.269|walker_max=94.243
STEP|n=411500000|unique=4018289|accepted=25163051|rate=115080.0/s|walker_min=61.865|walker_med=88.149|walker_max=94.925
STEP|n=411600000|unique=4018331|accepted=25163093|rate=115081.7/s|walker_min=60.059|walker_med=83.735|walker_max=94.587
STEP|n=411700000|unique=4018380|accepted=25163142|rate=115083.5/s|walker_min=65.993|walker_med=87.617|walker_max=94.360
STEP|n=411800000|unique=4018430|accepted=25163192|rate=115085.0/s|walker_min=58.967|walker_med=92.677|walker_max=95.244
STEP|n=411900000|unique=4018470|accepted=25163232|rate=115086.5/s|walker_min=71.118|walker_med=87.124|walker_max=95.126
STEP|n=412000000|unique=4018509|accepted=25163271|rate=115088.2/s|walker_min=44.780|walker_med=86.936|walker_max=95.206
STEP|n=412100000|unique=4018541|accepted=25163303|rate=115089.7/s|walker_min=66.414|walker_med=83.541|walker_max=94.983
STEP|n=412200000|unique=4018582|accepted=25163344|rate=115091.4/s|walker_min=67.444|walker_med=85.473|walker_max=94.919
STEP|n=412300000|unique=4018613|accepted=25163375|rate=115093.0/s|walker_min=64.998|walker_med=84.420|walker_max=94.793
STEP|n=412400000|unique=4018644|accepted=25163406|rate=115094.7/s|walker_min=64.084|walker_med=91.438|walker_max=95.171
STEP|n=412500000|unique=4018698|accepted=25163460|rate=115096.1/s|walker_min=65.654|walker_med=82.350|walker_max=95.224
STEP|n=412600000|unique=4018741|accepted=25163503|rate=115097.5/s|walker_min=60.073|walker_med=86.480|walker_max=95.154
STEP|n=412700000|unique=4018777|accepted=25163539|rate=115098.9/s|walker_min=47.424|walker_med=86.561|walker_max=93.945
STEP|n=412800000|unique=4018809|accepted=25163571|rate=115100.2/s|walker_min=44.529|walker_med=84.885|walker_max=94.890
STEP|n=412900000|unique=4018870|accepted=25163632|rate=115101.5/s|walker_min=52.026|walker_med=77.706|walker_max=94.610
STEP|n=413000000|unique=4018891|accepted=25163653|rate=115101.3/s|walker_min=41.990|walker_med=77.353|walker_max=94.762
STEP|n=413100000|unique=4018925|accepted=25163687|rate=115101.2/s|walker_min=56.927|walker_med=77.851|walker_max=94.889
STEP|n=413200000|unique=4018962|accepted=25163724|rate=115102.5/s|walker_min=59.859|walker_med=85.790|walker_max=95.135
STEP|n=413300000|unique=4018991|accepted=25163753|rate=115103.9/s|walker_min=58.981|walker_med=86.015|walker_max=95.242
STEP|n=413400000|unique=4019036|accepted=25163798|rate=115105.6/s|walker_min=55.576|walker_med=87.607|walker_max=94.678
STEP|n=413500000|unique=4019077|accepted=25163839|rate=115107.3/s|walker_min=57.116|walker_med=84.708|walker_max=94.813
STEP|n=413600000|unique=4019112|accepted=25163874|rate=115108.7/s|walker_min=55.230|walker_med=84.702|walker_max=94.510
STEP|n=413700000|unique=4019146|accepted=25163908|rate=115110.2/s|walker_min=44.316|walker_med=88.137|walker_max=94.895
STEP|n=413800000|unique=4019183|accepted=25163945|rate=115112.0/s|walker_min=55.840|walker_med=88.918|walker_max=95.198
STEP|n=413900000|unique=4019233|accepted=25163995|rate=115113.8/s|walker_min=63.120|walker_med=84.567|walker_max=94.477
STEP|n=414000000|unique=4019274|accepted=25164036|rate=115115.6/s|walker_min=60.429|walker_med=87.060|walker_max=94.994
STEP|n=414100000|unique=4019308|accepted=25164070|rate=115117.2/s|walker_min=63.818|walker_med=85.543|walker_max=94.684
STEP|n=414200000|unique=4019341|accepted=25164103|rate=115118.7/s|walker_min=58.998|walker_med=85.365|walker_max=94.642
STEP|n=414300000|unique=4019387|accepted=25164149|rate=115120.3/s|walker_min=53.958|walker_med=86.125|walker_max=95.245
STEP|n=414400000|unique=4019449|accepted=25164211|rate=115122.0/s|walker_min=49.331|walker_med=88.158|walker_max=95.253
STEP|n=414500000|unique=4019477|accepted=25164239|rate=115123.7/s|walker_min=46.251|walker_med=87.550|walker_max=94.349
STEP|n=414600000|unique=4019522|accepted=25164284|rate=115125.3/s|walker_min=54.066|walker_med=82.153|walker_max=95.274
STEP|n=414700000|unique=4019557|accepted=25164319|rate=115126.8/s|walker_min=52.955|walker_med=80.413|walker_max=94.462
STEP|n=414800000|unique=4019583|accepted=25164345|rate=115128.2/s|walker_min=33.066|walker_med=85.945|walker_max=94.994
STEP|n=414900000|unique=4019619|accepted=25164381|rate=115129.1/s|walker_min=31.268|walker_med=87.375|walker_max=94.376
STEP|n=415000000|unique=4019658|accepted=25164420|rate=115129.2/s|walker_min=33.132|walker_med=73.768|walker_max=93.931
STEP|n=415100000|unique=4019692|accepted=25164454|rate=115129.2/s|walker_min=52.313|walker_med=80.331|walker_max=95.193
STEP|n=415200000|unique=4019731|accepted=25164493|rate=115130.1/s|walker_min=56.539|walker_med=85.189|walker_max=95.013
STEP|n=415300000|unique=4019756|accepted=25164518|rate=115131.2/s|walker_min=52.676|walker_med=83.796|walker_max=95.119
STEP|n=415400000|unique=4019793|accepted=25164555|rate=115132.5/s|walker_min=57.951|walker_med=85.535|walker_max=95.075
STEP|n=415500000|unique=4019835|accepted=25164597|rate=115133.9/s|walker_min=59.938|walker_med=84.871|walker_max=95.175
STEP|n=415600000|unique=4019873|accepted=25164635|rate=115135.5/s|walker_min=52.514|walker_med=83.667|walker_max=94.991
STEP|n=415700000|unique=4019911|accepted=25164673|rate=115137.0/s|walker_min=62.470|walker_med=89.556|walker_max=95.254
STEP|n=415800000|unique=4019952|accepted=25164714|rate=115138.5/s|walker_min=52.451|walker_med=86.415|walker_max=94.909
STEP|n=415900000|unique=4019999|accepted=25164761|rate=115139.5/s|walker_min=68.722|walker_med=86.892|walker_max=94.041
STEP|n=416000000|unique=4020030|accepted=25164792|rate=115141.1/s|walker_min=69.777|walker_med=88.929|walker_max=94.979
STEP|n=416100000|unique=4020064|accepted=25164826|rate=115142.8/s|walker_min=56.280|walker_med=86.208|walker_max=95.208
STEP|n=416200000|unique=4020087|accepted=25164849|rate=115144.5/s|walker_min=62.894|walker_med=86.793|walker_max=94.176
STEP|n=416300000|unique=4020133|accepted=25164895|rate=115146.1/s|walker_min=58.735|walker_med=83.668|walker_max=95.098
STEP|n=416400000|unique=4020171|accepted=25164933|rate=115147.9/s|walker_min=59.938|walker_med=88.516|walker_max=95.231
STEP|n=416500000|unique=4020218|accepted=25164980|rate=115149.6/s|walker_min=62.494|walker_med=86.767|walker_max=94.833
STEP|n=416600000|unique=4020262|accepted=25165024|rate=115151.1/s|walker_min=57.635|walker_med=86.688|walker_max=95.212
STEP|n=416700000|unique=4020288|accepted=25165050|rate=115152.2/s|walker_min=51.793|walker_med=88.869|walker_max=94.324
STEP|n=416800000|unique=4020318|accepted=25165080|rate=115153.4/s|walker_min=51.089|walker_med=84.284|walker_max=94.694
STEP|n=416900000|unique=4020343|accepted=25165105|rate=115154.3/s|walker_min=55.700|walker_med=85.240|walker_max=94.576
STEP|n=417000000|unique=4020377|accepted=25165139|rate=115154.6/s|walker_min=33.732|walker_med=77.859|walker_max=94.893
STEP|n=417100000|unique=4020412|accepted=25165174|rate=115155.1/s|walker_min=55.808|walker_med=80.752|walker_max=94.198
STEP|n=417200000|unique=4020475|accepted=25165237|rate=115156.0/s|walker_min=53.784|walker_med=79.725|walker_max=93.161
STEP|n=417300000|unique=4020506|accepted=25165268|rate=115157.1/s|walker_min=60.292|walker_med=86.549|walker_max=95.277
STEP|n=417400000|unique=4020559|accepted=25165321|rate=115158.6/s|walker_min=55.889|walker_med=82.524|walker_max=94.858
STEP|n=417500000|unique=4020589|accepted=25165351|rate=115160.3/s|walker_min=60.086|walker_med=90.773|walker_max=95.144
STEP|n=417600000|unique=4020643|accepted=25165405|rate=115162.0/s|walker_min=63.473|walker_med=83.278|walker_max=95.197
STEP|n=417700000|unique=4020688|accepted=25165450|rate=115163.8/s|walker_min=56.727|walker_med=87.745|walker_max=94.951
STEP|n=417800000|unique=4020723|accepted=25165485|rate=115165.5/s|walker_min=53.033|walker_med=85.797|walker_max=93.846
STEP|n=417900000|unique=4020764|accepted=25165526|rate=115167.3/s|walker_min=55.981|walker_med=90.070|walker_max=95.201
STEP|n=418000000|unique=4020803|accepted=25165565|rate=115168.9/s|walker_min=51.459|walker_med=90.118|walker_max=94.741
STEP|n=418100000|unique=4020841|accepted=25165603|rate=115170.5/s|walker_min=52.750|walker_med=86.471|walker_max=95.274
STEP|n=418200000|unique=4020876|accepted=25165638|rate=115172.1/s|walker_min=65.734|walker_med=89.355|walker_max=94.824
STEP|n=418300000|unique=4020907|accepted=25165669|rate=115173.8/s|walker_min=57.726|walker_med=88.541|walker_max=94.939
STEP|n=418400000|unique=4020944|accepted=25165706|rate=115175.4/s|walker_min=58.293|walker_med=88.882|walker_max=94.631
STEP|n=418500000|unique=4020970|accepted=25165732|rate=115176.9/s|walker_min=42.804|walker_med=82.582|walker_max=94.479
STEP|n=418600000|unique=4021019|accepted=25165781|rate=115178.1/s|walker_min=59.627|walker_med=82.388|walker_max=94.507
STEP|n=418700000|unique=4021036|accepted=25165798|rate=115179.4/s|walker_min=59.092|walker_med=85.983|walker_max=94.813
STEP|n=418800000|unique=4021083|accepted=25165845|rate=115180.6/s|walker_min=49.304|walker_med=83.185|walker_max=94.683
STEP|n=418900000|unique=4021112|accepted=25165874|rate=115181.6/s|walker_min=40.944|walker_med=82.496|walker_max=94.932
STEP|n=419000000|unique=4021134|accepted=25165896|rate=115181.9/s|walker_min=28.671|walker_med=73.964|walker_max=95.285
STEP|n=419100000|unique=4021174|accepted=25165936|rate=115181.9/s|walker_min=52.590|walker_med=76.899|walker_max=94.763
STEP|n=419200000|unique=4021210|accepted=25165972|rate=115182.6/s|walker_min=52.971|walker_med=87.142|walker_max=94.828
STEP|n=419300000|unique=4021242|accepted=25166004|rate=115183.6/s|walker_min=54.205|walker_med=84.793|walker_max=93.677
STEP|n=419400000|unique=4021289|accepted=25166051|rate=115185.1/s|walker_min=66.775|walker_med=82.355|walker_max=95.170
STEP|n=419500000|unique=4021321|accepted=25166083|rate=115186.6/s|walker_min=51.743|walker_med=86.733|walker_max=94.321
STEP|n=419600000|unique=4021352|accepted=25166114|rate=115188.2/s|walker_min=48.706|walker_med=88.245|walker_max=95.197
STEP|n=419700000|unique=4021381|accepted=25166143|rate=115189.6/s|walker_min=62.612|walker_med=89.048|walker_max=95.227
STEP|n=419800000|unique=4021416|accepted=25166178|rate=115191.1/s|walker_min=54.069|walker_med=85.226|walker_max=94.954
STEP|n=419900000|unique=4021439|accepted=25166201|rate=115192.6/s|walker_min=44.082|walker_med=86.356|walker_max=95.110
STEP|n=420000000|unique=4021473|accepted=25166235|rate=115194.3/s|walker_min=67.805|walker_med=89.621|walker_max=95.195
STEP|n=420100000|unique=4021505|accepted=25166267|rate=115196.0/s|walker_min=37.377|walker_med=87.622|walker_max=95.086
STEP|n=420200000|unique=4021536|accepted=25166298|rate=115197.7/s|walker_min=58.638|walker_med=88.874|walker_max=94.914
STEP|n=420300000|unique=4021571|accepted=25166333|rate=115199.1/s|walker_min=53.437|walker_med=81.683|walker_max=95.137
STEP|n=420400000|unique=4021609|accepted=25166371|rate=115200.6/s|walker_min=59.151|walker_med=84.565|walker_max=95.263
STEP|n=420500000|unique=4021658|accepted=25166420|rate=115202.3/s|walker_min=69.716|walker_med=89.420|walker_max=94.220
STEP|n=420600000|unique=4021696|accepted=25166458|rate=115203.9/s|walker_min=51.642|walker_med=86.782|walker_max=95.205
STEP|n=420700000|unique=4021719|accepted=25166481|rate=115205.5/s|walker_min=47.726|walker_med=89.121|walker_max=94.898
STEP|n=420800000|unique=4021748|accepted=25166510|rate=115206.5/s|walker_min=70.849|walker_med=84.710|walker_max=95.085
STEP|n=420900000|unique=4021790|accepted=25166552|rate=115207.2/s|walker_min=49.208|walker_med=79.031|walker_max=94.148
STEP|n=421000000|unique=4021815|accepted=25166577|rate=115207.4/s|walker_min=40.168|walker_med=66.988|walker_max=93.332
STEP|n=421100000|unique=4021839|accepted=25166601|rate=115207.7/s|walker_min=33.732|walker_med=78.724|walker_max=93.705
STEP|n=421200000|unique=4021867|accepted=25166629|rate=115208.6/s|walker_min=55.880|walker_med=83.336|walker_max=95.109
STEP|n=421300000|unique=4021901|accepted=25166663|rate=115209.8/s|walker_min=44.949|walker_med=86.935|walker_max=95.256
STEP|n=421400000|unique=4021933|accepted=25166695|rate=115211.2/s|walker_min=64.871|walker_med=85.399|walker_max=94.479
STEP|n=421500000|unique=4021961|accepted=25166723|rate=115212.8/s|walker_min=69.638|walker_med=86.660|walker_max=95.134
STEP|n=421600000|unique=4021987|accepted=25166749|rate=115214.2/s|walker_min=44.616|walker_med=87.999|walker_max=95.228
STEP|n=421700000|unique=4022022|accepted=25166784|rate=115215.7/s|walker_min=58.525|walker_med=87.687|walker_max=94.820
STEP|n=421800000|unique=4022061|accepted=25166823|rate=115217.4/s|walker_min=59.898|walker_med=89.228|walker_max=95.133
STEP|n=421900000|unique=4022090|accepted=25166852|rate=115219.2/s|walker_min=61.277|walker_med=86.084|walker_max=94.832
STEP|n=422000000|unique=4022120|accepted=25166882|rate=115221.0/s|walker_min=60.716|walker_med=86.045|walker_max=95.196
STEP|n=422100000|unique=4022160|accepted=25166922|rate=115222.8/s|walker_min=62.569|walker_med=87.158|walker_max=94.898
STEP|n=422200000|unique=4022199|accepted=25166961|rate=115224.4/s|walker_min=48.781|walker_med=83.298|walker_max=94.663
STEP|n=422300000|unique=4022223|accepted=25166985|rate=115225.8/s|walker_min=49.719|walker_med=88.596|walker_max=94.789
STEP|n=422400000|unique=4022257|accepted=25167019|rate=115227.2/s|walker_min=64.350|walker_med=88.785|walker_max=93.734
STEP|n=422500000|unique=4022298|accepted=25167060|rate=115228.9/s|walker_min=61.006|walker_med=85.891|walker_max=95.162
STEP|n=422600000|unique=4022342|accepted=25167104|rate=115230.6/s|walker_min=63.935|walker_med=87.829|walker_max=94.914
STEP|n=422700000|unique=4022380|accepted=25167142|rate=115232.0/s|walker_min=55.453|walker_med=85.113|walker_max=95.198
STEP|n=422800000|unique=4022417|accepted=25167179|rate=115233.1/s|walker_min=50.406|walker_med=80.383|walker_max=95.196
STEP|n=422900000|unique=4022455|accepted=25167217|rate=115234.0/s|walker_min=49.065|walker_med=76.532|walker_max=95.016
STEP|n=423000000|unique=4022480|accepted=25167242|rate=115234.0/s|walker_min=32.229|walker_med=70.844|walker_max=92.392
STEP|n=423100000|unique=4022505|accepted=25167267|rate=115234.3/s|walker_min=44.854|walker_med=78.244|walker_max=95.116
STEP|n=423200000|unique=4022542|accepted=25167304|rate=115235.3/s|walker_min=45.907|walker_med=83.081|walker_max=94.881
STEP|n=423300000|unique=4022568|accepted=25167330|rate=115236.3/s|walker_min=40.422|walker_med=87.106|walker_max=95.272
STEP|n=423400000|unique=4022607|accepted=25167369|rate=115237.5/s|walker_min=59.243|walker_med=86.127|walker_max=95.172
STEP|n=423500000|unique=4022637|accepted=25167399|rate=115238.7/s|walker_min=66.479|walker_med=84.558|walker_max=94.992
STEP|n=423600000|unique=4022662|accepted=25167424|rate=115240.4/s|walker_min=56.697|walker_med=84.723|walker_max=94.477
STEP|n=423700000|unique=4022709|accepted=25167471|rate=115242.2/s|walker_min=61.319|walker_med=88.153|walker_max=95.204
STEP|n=423800000|unique=4022753|accepted=25167515|rate=115243.9/s|walker_min=49.859|walker_med=89.744|walker_max=95.019
STEP|n=423900000|unique=4022780|accepted=25167542|rate=115245.4/s|walker_min=31.786|walker_med=87.258|walker_max=95.019
STEP|n=424000000|unique=4022816|accepted=25167578|rate=115246.9/s|walker_min=68.399|walker_med=87.042|walker_max=94.547
STEP|n=424100000|unique=4022839|accepted=25167601|rate=115248.6/s|walker_min=57.043|walker_med=86.688|walker_max=95.148
STEP|n=424200000|unique=4022865|accepted=25167627|rate=115250.5/s|walker_min=52.903|walker_med=87.899|walker_max=95.250
STEP|n=424300000|unique=4022889|accepted=25167651|rate=115252.3/s|walker_min=51.016|walker_med=88.732|walker_max=95.035
STEP|n=424400000|unique=4022923|accepted=25167685|rate=115253.8/s|walker_min=56.535|walker_med=85.057|walker_max=95.081
STEP|n=424500000|unique=4022953|accepted=25167715|rate=115255.2/s|walker_min=69.289|walker_med=88.870|walker_max=94.683
STEP|n=424600000|unique=4022984|accepted=25167746|rate=115256.5/s|walker_min=46.295|walker_med=84.788|walker_max=94.737
STEP|n=424700000|unique=4023008|accepted=25167770|rate=115257.9/s|walker_min=62.788|walker_med=86.940|walker_max=95.136
STEP|n=424800000|unique=4023050|accepted=25167812|rate=115259.4/s|walker_min=69.979|walker_med=85.501|walker_max=94.676
STEP|n=424900000|unique=4023085|accepted=25167847|rate=115260.3/s|walker_min=47.335|walker_med=80.541|walker_max=94.807
STEP|n=425000000|unique=4023111|accepted=25167873|rate=115260.3/s|walker_min=40.094|walker_med=71.940|walker_max=95.258
STEP|n=425100000|unique=4023148|accepted=25167910|rate=115260.3/s|walker_min=44.907|walker_med=83.549|walker_max=94.908
STEP|n=425200000|unique=4023180|accepted=25167942|rate=115261.2/s|walker_min=51.651|walker_med=82.643|walker_max=94.699
STEP|n=425300000|unique=4023203|accepted=25167965|rate=115262.5/s|walker_min=57.403|walker_med=83.371|walker_max=94.920
STEP|n=425400000|unique=4023233|accepted=25167995|rate=115263.9/s|walker_min=50.963|walker_med=88.674|walker_max=94.778
STEP|n=425500000|unique=4023277|accepted=25168039|rate=115265.3/s|walker_min=72.560|walker_med=86.313|walker_max=94.223
STEP|n=425600000|unique=4023311|accepted=25168073|rate=115266.6/s|walker_min=55.155|walker_med=85.429|walker_max=95.284
STEP|n=425700000|unique=4023356|accepted=25168118|rate=115268.1/s|walker_min=52.581|walker_med=89.526|walker_max=95.251
STEP|n=425800000|unique=4023403|accepted=25168165|rate=115269.8/s|walker_min=69.423|walker_med=85.829|walker_max=94.336
STEP|n=425900000|unique=4023442|accepted=25168204|rate=115271.2/s|walker_min=53.704|walker_med=87.272|walker_max=94.786
STEP|n=426000000|unique=4023481|accepted=25168243|rate=115272.7/s|walker_min=63.932|walker_med=88.532|walker_max=95.199
STEP|n=426100000|unique=4023516|accepted=25168278|rate=115274.3/s|walker_min=62.605|walker_med=84.424|walker_max=94.990
STEP|n=426200000|unique=4023552|accepted=25168314|rate=115276.1/s|walker_min=66.629|walker_med=87.369|walker_max=94.975
STEP|n=426300000|unique=4023585|accepted=25168347|rate=115277.8/s|walker_min=63.779|walker_med=86.669|walker_max=95.243
STEP|n=426400000|unique=4023620|accepted=25168382|rate=115279.1/s|walker_min=64.469|walker_med=88.130|walker_max=94.752
STEP|n=426500000|unique=4023662|accepted=25168424|rate=115280.5/s|walker_min=50.487|walker_med=87.701|walker_max=94.769
STEP|n=426600000|unique=4023703|accepted=25168465|rate=115281.9/s|walker_min=60.179|walker_med=88.604|walker_max=95.272
STEP|n=426700000|unique=4023733|accepted=25168495|rate=115283.3/s|walker_min=38.338|walker_med=82.976|walker_max=94.752
STEP|n=426800000|unique=4023776|accepted=25168538|rate=115284.4/s|walker_min=57.434|walker_med=85.779|walker_max=94.647
STEP|n=426900000|unique=4023802|accepted=25168564|rate=115285.2/s|walker_min=49.395|walker_med=80.007|walker_max=94.592
STEP|n=427000000|unique=4023818|accepted=25168580|rate=115285.0/s|walker_min=42.334|walker_med=68.978|walker_max=94.273
STEP|n=427100000|unique=4023833|accepted=25168595|rate=115284.8/s|walker_min=57.716|walker_med=83.207|walker_max=95.267
STEP|n=427200000|unique=4023869|accepted=25168631|rate=115285.8/s|walker_min=59.257|walker_med=85.469|walker_max=94.720
STEP|n=427300000|unique=4023899|accepted=25168661|rate=115287.0/s|walker_min=62.791|walker_med=84.891|walker_max=93.941
STEP|n=427400000|unique=4023938|accepted=25168700|rate=115288.5/s|walker_min=46.678|walker_med=84.880|walker_max=95.019
STEP|n=427500000|unique=4023965|accepted=25168727|rate=115289.7/s|walker_min=58.433|walker_med=86.286|walker_max=95.123
STEP|n=427600000|unique=4023984|accepted=25168746|rate=115291.0/s|walker_min=63.107|walker_med=86.716|walker_max=95.248
STEP|n=427700000|unique=4024023|accepted=25168785|rate=115292.5/s|walker_min=54.296|walker_med=88.635|walker_max=94.979
STEP|n=427800000|unique=4024069|accepted=25168831|rate=115294.2/s|walker_min=65.058|walker_med=87.205|walker_max=94.656
STEP|n=427900000|unique=4024110|accepted=25168872|rate=115295.9/s|walker_min=53.682|walker_med=85.973|walker_max=94.821
STEP|n=428000000|unique=4024139|accepted=25168901|rate=115297.4/s|walker_min=53.364|walker_med=88.245|walker_max=95.147
STEP|n=428100000|unique=4024178|accepted=25168940|rate=115298.9/s|walker_min=55.047|walker_med=90.102|walker_max=94.548
STEP|n=428200000|unique=4024211|accepted=25168973|rate=115300.3/s|walker_min=46.986|walker_med=89.694|walker_max=95.135
STEP|n=428300000|unique=4024247|accepted=25169009|rate=115302.0/s|walker_min=58.051|walker_med=87.968|walker_max=94.512
STEP|n=428400000|unique=4024282|accepted=25169044|rate=115303.5/s|walker_min=49.319|walker_med=87.485|walker_max=95.215
STEP|n=428500000|unique=4024304|accepted=25169066|rate=115305.2/s|walker_min=54.262|walker_med=86.549|walker_max=95.014
STEP|n=428600000|unique=4024333|accepted=25169095|rate=115306.7/s|walker_min=61.090|walker_med=86.404|walker_max=94.748
STEP|n=428700000|unique=4024354|accepted=25169116|rate=115308.2/s|walker_min=60.403|walker_med=86.097|walker_max=95.021
STEP|n=428800000|unique=4024385|accepted=25169147|rate=115309.5/s|walker_min=54.332|walker_med=81.791|walker_max=95.137
STEP|n=428900000|unique=4024412|accepted=25169174|rate=115310.2/s|walker_min=50.036|walker_med=79.806|walker_max=91.388
STEP|n=429000000|unique=4024437|accepted=25169199|rate=115310.4/s|walker_min=48.135|walker_med=79.020|walker_max=93.168
STEP|n=429100000|unique=4024461|accepted=25169223|rate=115310.7/s|walker_min=55.159|walker_med=79.524|walker_max=94.916
STEP|n=429200000|unique=4024498|accepted=25169260|rate=115311.6/s|walker_min=50.675|walker_med=86.901|walker_max=95.025
STEP|n=429300000|unique=4024517|accepted=25169279|rate=115313.0/s|walker_min=60.240|walker_med=87.569|walker_max=94.657
STEP|n=429400000|unique=4024550|accepted=25169312|rate=115314.3/s|walker_min=50.560|walker_med=84.900|walker_max=94.922
STEP|n=429500000|unique=4024568|accepted=25169330|rate=115315.5/s|walker_min=61.243|walker_med=85.760|walker_max=95.113
STEP|n=429600000|unique=4024593|accepted=25169355|rate=115316.8/s|walker_min=54.067|walker_med=85.337|walker_max=95.161
STEP|n=429700000|unique=4024623|accepted=25169385|rate=115318.3/s|walker_min=49.962|walker_med=84.884|walker_max=95.026
STEP|n=429800000|unique=4024656|accepted=25169418|rate=115319.8/s|walker_min=42.624|walker_med=85.876|walker_max=95.076
STEP|n=429900000|unique=4024670|accepted=25169432|rate=115321.2/s|walker_min=41.157|walker_med=83.106|walker_max=94.734
STEP|n=430000000|unique=4024704|accepted=25169466|rate=115322.8/s|walker_min=40.336|walker_med=88.899|walker_max=94.816
STEP|n=430100000|unique=4024735|accepted=25169497|rate=115324.5/s|walker_min=55.848|walker_med=90.546|walker_max=95.048
STEP|n=430200000|unique=4024760|accepted=25169522|rate=115326.1/s|walker_min=67.779|walker_med=88.547|walker_max=95.186
STEP|n=430300000|unique=4024787|accepted=25169549|rate=115327.5/s|walker_min=38.101|walker_med=87.365|walker_max=95.175
STEP|n=430400000|unique=4024815|accepted=25169577|rate=115328.9/s|walker_min=59.848|walker_med=88.784|walker_max=93.670
STEP|n=430500000|unique=4024838|accepted=25169600|rate=115330.4/s|walker_min=63.517|walker_med=90.614|walker_max=94.951
STEP|n=430600000|unique=4024859|accepted=25169621|rate=115331.9/s|walker_min=71.746|walker_med=90.485|walker_max=95.223
STEP|n=430700000|unique=4024888|accepted=25169650|rate=115333.4/s|walker_min=49.008|walker_med=82.547|walker_max=91.585
STEP|n=430800000|unique=4024924|accepted=25169686|rate=115334.5/s|walker_min=52.873|walker_med=81.032|walker_max=94.697
STEP|n=430900000|unique=4024955|accepted=25169717|rate=115335.0/s|walker_min=42.622|walker_med=82.712|walker_max=94.803
STEP|n=431000000|unique=4024994|accepted=25169756|rate=115335.2/s|walker_min=45.827|walker_med=81.812|walker_max=95.059
STEP|n=431100000|unique=4025031|accepted=25169793|rate=115335.5/s|walker_min=50.474|walker_med=80.734|walker_max=93.283
STEP|n=431200000|unique=4025055|accepted=25169817|rate=115336.5/s|walker_min=61.618|walker_med=83.658|walker_max=95.172
STEP|n=431300000|unique=4025097|accepted=25169859|rate=115337.9/s|walker_min=45.749|walker_med=86.904|walker_max=94.918
STEP|n=431400000|unique=4025128|accepted=25169890|rate=115339.1/s|walker_min=61.964|walker_med=84.377|walker_max=94.506
STEP|n=431500000|unique=4025153|accepted=25169915|rate=115340.2/s|walker_min=78.540|walker_med=88.853|walker_max=95.174
STEP|n=431600000|unique=4025173|accepted=25169935|rate=115341.5/s|walker_min=73.962|walker_med=87.284|walker_max=95.104
STEP|n=431700000|unique=4025200|accepted=25169962|rate=115343.1/s|walker_min=53.073|walker_med=86.638|walker_max=94.732
STEP|n=431800000|unique=4025226|accepted=25169988|rate=115344.8/s|walker_min=59.014|walker_med=88.787|walker_max=95.065
STEP|n=431900000|unique=4025251|accepted=25170013|rate=115346.5/s|walker_min=64.139|walker_med=90.525|walker_max=94.496
STEP|n=432000000|unique=4025268|accepted=25170030|rate=115348.1/s|walker_min=56.568|walker_med=91.057|walker_max=95.264
STEP|n=432100000|unique=4025301|accepted=25170063|rate=115349.7/s|walker_min=45.215|walker_med=84.979|walker_max=94.893
STEP|n=432200000|unique=4025323|accepted=25170085|rate=115351.3/s|walker_min=59.743|walker_med=89.381|walker_max=94.063
STEP|n=432300000|unique=4025347|accepted=25170109|rate=115353.0/s|walker_min=62.960|walker_med=86.978|walker_max=95.258
STEP|n=432400000|unique=4025388|accepted=25170150|rate=115354.7/s|walker_min=53.088|walker_med=91.126|walker_max=94.972
STEP|n=432500000|unique=4025412|accepted=25170174|rate=115355.9/s|walker_min=46.480|walker_med=86.202|walker_max=94.172
STEP|n=432600000|unique=4025452|accepted=25170214|rate=115357.1/s|walker_min=61.299|walker_med=85.597|walker_max=95.262
STEP|n=432700000|unique=4025468|accepted=25170230|rate=115358.3/s|walker_min=61.558|walker_med=85.751|walker_max=94.978
STEP|n=432800000|unique=4025492|accepted=25170254|rate=115359.5/s|walker_min=40.329|walker_med=80.342|walker_max=94.315
STEP|n=432900000|unique=4025522|accepted=25170284|rate=115360.6/s|walker_min=49.850|walker_med=83.219|walker_max=94.921
STEP|n=433000000|unique=4025546|accepted=25170308|rate=115361.0/s|walker_min=35.380|walker_med=72.346|walker_max=91.278
STEP|n=433100000|unique=4025566|accepted=25170328|rate=115360.8/s|walker_min=38.060|walker_med=83.485|walker_max=95.240
STEP|n=433200000|unique=4025591|accepted=25170353|rate=115361.5/s|walker_min=55.360|walker_med=80.156|walker_max=95.183
STEP|n=433300000|unique=4025623|accepted=25170385|rate=115362.6/s|walker_min=50.889|walker_med=83.312|walker_max=95.182
STEP|n=433400000|unique=4025661|accepted=25170423|rate=115363.9/s|walker_min=47.493|walker_med=85.767|walker_max=95.168
STEP|n=433500000|unique=4025697|accepted=25170459|rate=115365.5/s|walker_min=53.050|walker_med=88.937|walker_max=94.948
STEP|n=433600000|unique=4025726|accepted=25170488|rate=115366.9/s|walker_min=57.207|walker_med=86.492|walker_max=93.947
STEP|n=433700000|unique=4025772|accepted=25170534|rate=115368.4/s|walker_min=65.840|walker_med=88.924|walker_max=95.122
STEP|n=433800000|unique=4025805|accepted=25170567|rate=115369.7/s|walker_min=56.432|walker_med=86.568|walker_max=94.716
STEP|n=433900000|unique=4025854|accepted=25170616|rate=115371.4/s|walker_min=59.936|walker_med=88.392|walker_max=95.136
STEP|n=434000000|unique=4025880|accepted=25170642|rate=115373.0/s|walker_min=70.378|walker_med=88.009|walker_max=94.777
STEP|n=434100000|unique=4025910|accepted=25170672|rate=115374.7/s|walker_min=52.698|walker_med=88.153|walker_max=95.183
STEP|n=434200000|unique=4025932|accepted=25170694|rate=115376.3/s|walker_min=59.772|walker_med=87.897|walker_max=93.779
STEP|n=434300000|unique=4025969|accepted=25170731|rate=115377.7/s|walker_min=74.026|walker_med=90.324|walker_max=95.268
STEP|n=434400000|unique=4025995|accepted=25170757|rate=115379.1/s|walker_min=53.084|walker_med=85.168|walker_max=94.987
STEP|n=434500000|unique=4026015|accepted=25170777|rate=115380.4/s|walker_min=63.642|walker_med=84.007|walker_max=94.981
STEP|n=434600000|unique=4026031|accepted=25170793|rate=115381.6/s|walker_min=46.696|walker_med=87.518|walker_max=95.124
STEP|n=434700000|unique=4026054|accepted=25170816|rate=115382.8/s|walker_min=49.208|walker_med=84.524|walker_max=94.241
STEP|n=434800000|unique=4026087|accepted=25170849|rate=115383.9/s|walker_min=35.243|walker_med=84.633|walker_max=94.905
STEP|n=434900000|unique=4026125|accepted=25170887|rate=115384.7/s|walker_min=41.710|walker_med=79.413|walker_max=94.574
STEP|n=435000000|unique=4026150|accepted=25170912|rate=115384.7/s|walker_min=38.766|walker_med=71.668|walker_max=95.051
STEP|n=435100000|unique=4026169|accepted=25170931|rate=115384.8/s|walker_min=46.353|walker_med=77.458|walker_max=94.534
STEP|n=435200000|unique=4026192|accepted=25170954|rate=115385.5/s|walker_min=47.770|walker_med=81.645|walker_max=94.735
STEP|n=435300000|unique=4026220|accepted=25170982|rate=115386.3/s|walker_min=57.525|walker_med=87.156|walker_max=94.973
STEP|n=435400000|unique=4026244|accepted=25171006|rate=115387.5/s|walker_min=59.611|walker_med=87.876|walker_max=94.990
STEP|n=435500000|unique=4026274|accepted=25171036|rate=115388.8/s|walker_min=64.087|walker_med=88.250|walker_max=94.095
STEP|n=435600000|unique=4026308|accepted=25171070|rate=115390.3/s|walker_min=68.015|walker_med=87.441|walker_max=95.191
STEP|n=435700000|unique=4026332|accepted=25171094|rate=115391.8/s|walker_min=67.311|walker_med=83.903|walker_max=95.134
STEP|n=435800000|unique=4026368|accepted=25171130|rate=115393.4/s|walker_min=55.022|walker_med=86.964|walker_max=94.907
STEP|n=435900000|unique=4026391|accepted=25171153|rate=115394.7/s|walker_min=40.683|walker_med=86.428|walker_max=94.671
STEP|n=436000000|unique=4026411|accepted=25171173|rate=115396.3/s|walker_min=47.954|walker_med=86.631|walker_max=94.562
STEP|n=436100000|unique=4026449|accepted=25171211|rate=115397.8/s|walker_min=63.114|walker_med=87.266|walker_max=93.952
STEP|n=436200000|unique=4026481|accepted=25171243|rate=115399.3/s|walker_min=53.186|walker_med=86.278|walker_max=94.830
STEP|n=436300000|unique=4026505|accepted=25171267|rate=115401.0/s|walker_min=44.946|walker_med=90.998|walker_max=95.105
STEP|n=436400000|unique=4026523|accepted=25171285|rate=115402.4/s|walker_min=56.562|walker_med=88.234|walker_max=94.977
STEP|n=436500000|unique=4026548|accepted=25171310|rate=115403.7/s|walker_min=65.100|walker_med=85.430|walker_max=94.825
STEP|n=436600000|unique=4026579|accepted=25171341|rate=115405.1/s|walker_min=50.785|walker_med=86.382|walker_max=94.520
STEP|n=436700000|unique=4026601|accepted=25171363|rate=115406.4/s|walker_min=54.142|walker_med=85.911|walker_max=94.582
STEP|n=436800000|unique=4026633|accepted=25171395|rate=115407.5/s|walker_min=47.689|walker_med=84.672|walker_max=94.541
STEP|n=436900000|unique=4026658|accepted=25171420|rate=115408.4/s|walker_min=37.583|walker_med=84.390|walker_max=94.898
STEP|n=437000000|unique=4026678|accepted=25171440|rate=115408.4/s|walker_min=33.298|walker_med=78.758|walker_max=92.742
STEP|n=437100000|unique=4026694|accepted=25171456|rate=115408.4/s|walker_min=46.810|walker_med=82.197|walker_max=94.895
STEP|n=437200000|unique=4026717|accepted=25171479|rate=115409.1/s|walker_min=58.198|walker_med=85.891|walker_max=95.225
STEP|n=437300000|unique=4026755|accepted=25171517|rate=115410.3/s|walker_min=51.657|walker_med=79.400|walker_max=95.274
STEP|n=437400000|unique=4026792|accepted=25171554|rate=115411.6/s|walker_min=42.792|walker_med=87.528|walker_max=93.931
STEP|n=437500000|unique=4026817|accepted=25171579|rate=115412.8/s|walker_min=49.800|walker_med=86.953|walker_max=94.279
STEP|n=437600000|unique=4026832|accepted=25171594|rate=115414.0/s|walker_min=62.631|walker_med=87.654|walker_max=95.025
STEP|n=437700000|unique=4026856|accepted=25171618|rate=115415.3/s|walker_min=63.607|walker_med=85.837|walker_max=95.266
STEP|n=437800000|unique=4026901|accepted=25171663|rate=115416.8/s|walker_min=52.856|walker_med=87.717|walker_max=95.227
STEP|n=437900000|unique=4026925|accepted=25171687|rate=115418.5/s|walker_min=65.138|walker_med=86.469|walker_max=94.332
STEP|n=438000000|unique=4026954|accepted=25171716|rate=115420.2/s|walker_min=63.373|walker_med=86.520|walker_max=94.886
STEP|n=438100000|unique=4026994|accepted=25171756|rate=115421.6/s|walker_min=60.181|walker_med=83.988|walker_max=94.798
STEP|n=438200000|unique=4027028|accepted=25171790|rate=115423.1/s|walker_min=58.178|walker_med=90.245|walker_max=95.180
STEP|n=438300000|unique=4027053|accepted=25171815|rate=115424.5/s|walker_min=62.182|walker_med=89.824|walker_max=95.089
STEP|n=438400000|unique=4027100|accepted=25171862|rate=115425.9/s|walker_min=63.159|walker_med=88.245|walker_max=95.227
STEP|n=438500000|unique=4027142|accepted=25171904|rate=115427.5/s|walker_min=62.003|walker_med=82.535|walker_max=95.043
STEP|n=438600000|unique=4027184|accepted=25171946|rate=115429.0/s|walker_min=44.425|walker_med=86.163|walker_max=95.169
STEP|n=438700000|unique=4027231|accepted=25171993|rate=115430.0/s|walker_min=59.032|walker_med=88.684|walker_max=95.253
STEP|n=438800000|unique=4027247|accepted=25172009|rate=115430.9/s|walker_min=47.817|walker_med=82.197|walker_max=93.648
STEP|n=438900000|unique=4027283|accepted=25172045|rate=115431.8/s|walker_min=49.671|walker_med=82.147|walker_max=94.839
STEP|n=439000000|unique=4027316|accepted=25172078|rate=115431.9/s|walker_min=33.970|walker_med=68.523|walker_max=94.211
STEP|n=439100000|unique=4027338|accepted=25172100|rate=115432.1/s|walker_min=48.545|walker_med=79.666|walker_max=95.040
STEP|n=439200000|unique=4027362|accepted=25172124|rate=115432.6/s|walker_min=50.626|walker_med=82.119|walker_max=95.023
STEP|n=439300000|unique=4027389|accepted=25172151|rate=115433.6/s|walker_min=39.969|walker_med=85.203|walker_max=94.987
STEP|n=439400000|unique=4027430|accepted=25172192|rate=115434.7/s|walker_min=42.325|walker_med=85.712|walker_max=94.446
STEP|n=439500000|unique=4027454|accepted=25172216|rate=115436.1/s|walker_min=63.434|walker_med=86.619|walker_max=95.272
STEP|n=439600000|unique=4027479|accepted=25172241|rate=115437.6/s|walker_min=51.845|walker_med=87.430|walker_max=95.231
STEP|n=439700000|unique=4027505|accepted=25172267|rate=115439.4/s|walker_min=48.384|walker_med=87.613|walker_max=95.116
STEP|n=439800000|unique=4027543|accepted=25172305|rate=115440.7/s|walker_min=52.158|walker_med=88.630|walker_max=94.742
STEP|n=439900000|unique=4027572|accepted=25172334|rate=115442.1/s|walker_min=74.840|walker_med=89.018|walker_max=94.774
STEP|n=440000000|unique=4027596|accepted=25172358|rate=115443.5/s|walker_min=51.027|walker_med=86.322|walker_max=94.509
STEP|n=440100000|unique=4027621|accepted=25172383|rate=115445.0/s|walker_min=64.665|walker_med=86.707|walker_max=94.602
STEP|n=440200000|unique=4027654|accepted=25172416|rate=115446.8/s|walker_min=66.697|walker_med=84.383|walker_max=94.705
STEP|n=440300000|unique=4027674|accepted=25172436|rate=115448.1/s|walker_min=68.390|walker_med=88.223|walker_max=95.022
STEP|n=440400000|unique=4027700|accepted=25172462|rate=115449.3/s|walker_min=54.202|walker_med=86.313|walker_max=95.256
STEP|n=440500000|unique=4027718|accepted=25172480|rate=115450.6/s|walker_min=64.358|walker_med=85.635|walker_max=94.212
STEP|n=440600000|unique=4027745|accepted=25172507|rate=115452.0/s|walker_min=57.153|walker_med=83.249|walker_max=94.621
STEP|n=440700000|unique=4027777|accepted=25172539|rate=115453.4/s|walker_min=48.058|walker_med=85.369|walker_max=95.062
STEP|n=440800000|unique=4027810|accepted=25172572|rate=115454.6/s|walker_min=38.926|walker_med=78.620|walker_max=94.332
STEP|n=440900000|unique=4027843|accepted=25172605|rate=115455.2/s|walker_min=41.275|walker_med=82.565|walker_max=94.090
STEP|n=441000000|unique=4027868|accepted=25172630|rate=115455.3/s|walker_min=42.520|walker_med=76.830|walker_max=94.036
STEP|n=441100000|unique=4027890|accepted=25172652|rate=115455.5/s|walker_min=51.538|walker_med=80.440|walker_max=94.044
STEP|n=441200000|unique=4027918|accepted=25172680|rate=115456.5/s|walker_min=41.408|walker_med=87.992|walker_max=94.593
STEP|n=441300000|unique=4027947|accepted=25172709|rate=115457.7/s|walker_min=61.423|walker_med=84.180|walker_max=95.045
STEP|n=441400000|unique=4027966|accepted=25172728|rate=115459.2/s|walker_min=38.774|walker_med=81.665|walker_max=95.250
STEP|n=441500000|unique=4028000|accepted=25172762|rate=115460.6/s|walker_min=43.778|walker_med=85.761|walker_max=94.944
STEP|n=441600000|unique=4028018|accepted=25172780|rate=115461.9/s|walker_min=69.095|walker_med=85.652|walker_max=94.662
STEP|n=441700000|unique=4028052|accepted=25172814|rate=115463.5/s|walker_min=57.890|walker_med=88.480|walker_max=94.701
STEP|n=441800000|unique=4028082|accepted=25172844|rate=115465.0/s|walker_min=56.843|walker_med=85.762|walker_max=95.273
STEP|n=441900000|unique=4028100|accepted=25172862|rate=115466.4/s|walker_min=66.963|walker_med=89.197|walker_max=93.573
STEP|n=442000000|unique=4028121|accepted=25172883|rate=115467.7/s|walker_min=55.499|walker_med=90.260|walker_max=95.265
STEP|n=442100000|unique=4028156|accepted=25172918|rate=115469.0/s|walker_min=61.133|walker_med=85.058|walker_max=94.445
STEP|n=442200000|unique=4028199|accepted=25172961|rate=115470.4/s|walker_min=56.179|walker_med=89.229|walker_max=95.091
STEP|n=442300000|unique=4028222|accepted=25172984|rate=115471.7/s|walker_min=57.575|walker_med=90.558|walker_max=95.158
STEP|n=442400000|unique=4028255|accepted=25173017|rate=115473.2/s|walker_min=62.742|walker_med=87.303|walker_max=94.975
STEP|n=442500000|unique=4028296|accepted=25173058|rate=115474.7/s|walker_min=53.808|walker_med=85.593|walker_max=95.253
STEP|n=442600000|unique=4028317|accepted=25173079|rate=115476.1/s|walker_min=60.393|walker_med=82.858|walker_max=94.559
STEP|n=442700000|unique=4028343|accepted=25173105|rate=115477.5/s|walker_min=60.597|walker_med=83.310|walker_max=94.474
STEP|n=442800000|unique=4028371|accepted=25173133|rate=115478.6/s|walker_min=58.743|walker_med=85.768|walker_max=95.130
STEP|n=442900000|unique=4028386|accepted=25173148|rate=115479.1/s|walker_min=55.961|walker_med=82.663|walker_max=95.189
STEP|n=443000000|unique=4028410|accepted=25173172|rate=115479.0/s|walker_min=42.699|walker_med=82.867|walker_max=95.074
STEP|n=443100000|unique=4028438|accepted=25173200|rate=115479.0/s|walker_min=59.372|walker_med=78.563|walker_max=95.225
STEP|n=443200000|unique=4028451|accepted=25173213|rate=115479.9/s|walker_min=40.230|walker_med=88.504|walker_max=95.218
STEP|n=443300000|unique=4028476|accepted=25173238|rate=115481.1/s|walker_min=42.325|walker_med=87.195|walker_max=95.283
STEP|n=443400000|unique=4028506|accepted=25173268|rate=115482.0/s|walker_min=58.186|walker_med=82.918|walker_max=95.256
STEP|n=443500000|unique=4028536|accepted=25173298|rate=115483.5/s|walker_min=60.975|walker_med=87.782|walker_max=94.970
STEP|n=443600000|unique=4028579|accepted=25173341|rate=115484.8/s|walker_min=62.088|walker_med=86.839|walker_max=95.060
STEP|n=443700000|unique=4028625|accepted=25173387|rate=115486.1/s|walker_min=56.748|walker_med=88.089|walker_max=94.924
STEP|n=443800000|unique=4028655|accepted=25173417|rate=115487.7/s|walker_min=58.616|walker_med=87.022|walker_max=95.202
STEP|n=443900000|unique=4028685|accepted=25173447|rate=115489.2/s|walker_min=65.248|walker_med=85.120|walker_max=95.235
STEP|n=444000000|unique=4028705|accepted=25173467|rate=115490.9/s|walker_min=52.942|walker_med=88.609|walker_max=95.110
STEP|n=444100000|unique=4028724|accepted=25173486|rate=115492.6/s|walker_min=57.046|walker_med=88.776|walker_max=94.773
STEP|n=444200000|unique=4028748|accepted=25173510|rate=115493.7/s|walker_min=53.678|walker_med=83.119|walker_max=95.171
STEP|n=444300000|unique=4028779|accepted=25173541|rate=115495.2/s|walker_min=69.081|walker_med=85.520|walker_max=95.148
STEP|n=444400000|unique=4028809|accepted=25173571|rate=115496.6/s|walker_min=74.690|walker_med=90.511|walker_max=95.269
STEP|n=444500000|unique=4028828|accepted=25173590|rate=115498.1/s|walker_min=59.688|walker_med=82.748|walker_max=95.025
STEP|n=444600000|unique=4028847|accepted=25173609|rate=115499.4/s|walker_min=59.221|walker_med=84.752|walker_max=94.877
STEP|n=444700000|unique=4028880|accepted=25173642|rate=115500.5/s|walker_min=52.732|walker_med=86.139|walker_max=94.441
STEP|n=444800000|unique=4028917|accepted=25173679|rate=115501.6/s|walker_min=64.324|walker_med=87.955|walker_max=95.180
STEP|n=444900000|unique=4028936|accepted=25173698|rate=115502.2/s|walker_min=49.491|walker_med=83.160|walker_max=94.964
STEP|n=445000000|unique=4028953|accepted=25173715|rate=115502.2/s|walker_min=40.652|walker_med=77.565|walker_max=92.696
STEP|n=445100000|unique=4028968|accepted=25173730|rate=115502.2/s|walker_min=52.597|walker_med=81.566|walker_max=94.958
STEP|n=445200000|unique=4028992|accepted=25173754|rate=115503.2/s|walker_min=49.213|walker_med=79.639|walker_max=95.247
STEP|n=445300000|unique=4029020|accepted=25173782|rate=115503.9/s|walker_min=49.106|walker_med=81.722|walker_max=95.009
STEP|n=445400000|unique=4029052|accepted=25173814|rate=115504.9/s|walker_min=63.032|walker_med=86.104|walker_max=95.143
STEP|n=445500000|unique=4029087|accepted=25173849|rate=115506.2/s|walker_min=50.184|walker_med=88.990|walker_max=94.730
STEP|n=445600000|unique=4029115|accepted=25173877|rate=115507.6/s|walker_min=58.384|walker_med=86.954|walker_max=95.077
STEP|n=445700000|unique=4029134|accepted=25173896|rate=115509.2/s|walker_min=63.229|walker_med=88.556|walker_max=94.942
STEP|n=445800000|unique=4029165|accepted=25173927|rate=115510.7/s|walker_min=54.221|walker_med=88.258|walker_max=95.071
STEP|n=445900000|unique=4029193|accepted=25173955|rate=115511.9/s|walker_min=61.760|walker_med=85.273|walker_max=94.813
STEP|n=446000000|unique=4029219|accepted=25173981|rate=115513.3/s|walker_min=68.952|walker_med=89.748|walker_max=95.016
STEP|n=446100000|unique=4029242|accepted=25174004|rate=115514.9/s|walker_min=49.371|walker_med=89.496|walker_max=94.814
STEP|n=446200000|unique=4029267|accepted=25174029|rate=115516.5/s|walker_min=50.831|walker_med=82.416|walker_max=95.103
STEP|n=446300000|unique=4029281|accepted=25174043|rate=115518.0/s|walker_min=61.473|walker_med=88.211|walker_max=94.940
STEP|n=446400000|unique=4029297|accepted=25174059|rate=115519.3/s|walker_min=45.990|walker_med=83.348|walker_max=94.599
STEP|n=446500000|unique=4029321|accepted=25174083|rate=115520.4/s|walker_min=61.893|walker_med=82.132|walker_max=93.738
STEP|n=446600000|unique=4029357|accepted=25174119|rate=115521.6/s|walker_min=50.939|walker_med=87.402|walker_max=95.062
STEP|n=446700000|unique=4029381|accepted=25174143|rate=115523.1/s|walker_min=58.197|walker_med=84.756|walker_max=94.863
STEP|n=446800000|unique=4029397|accepted=25174159|rate=115524.3/s|walker_min=51.513|walker_med=82.462|walker_max=94.374
STEP|n=446900000|unique=4029424|accepted=25174186|rate=115525.3/s|walker_min=56.456|walker_med=82.310|walker_max=95.063
STEP|n=447000000|unique=4029442|accepted=25174204|rate=115525.0/s|walker_min=39.506|walker_med=76.396|walker_max=94.399
STEP|n=447100000|unique=4029459|accepted=25174221|rate=115524.8/s|walker_min=47.004|walker_med=80.917|walker_max=94.262
STEP|n=447200000|unique=4029479|accepted=25174241|rate=115525.5/s|walker_min=60.824|walker_med=86.449|walker_max=93.519
STEP|n=447300000|unique=4029492|accepted=25174254|rate=115526.6/s|walker_min=58.955|walker_med=86.609|walker_max=94.024
STEP|n=447400000|unique=4029522|accepted=25174284|rate=115527.9/s|walker_min=62.158|walker_med=87.078|walker_max=95.236
STEP|n=447500000|unique=4029545|accepted=25174307|rate=115529.0/s|walker_min=67.893|walker_med=83.674|walker_max=92.148
STEP|n=447600000|unique=4029560|accepted=25174322|rate=115530.1/s|walker_min=49.822|walker_med=86.070|walker_max=95.080
STEP|n=447700000|unique=4029588|accepted=25174350|rate=115531.4/s|walker_min=57.787|walker_med=86.362|walker_max=94.894
STEP|n=447800000|unique=4029621|accepted=25174383|rate=115532.8/s|walker_min=61.696|walker_med=87.941|walker_max=95.222
STEP|n=447900000|unique=4029656|accepted=25174418|rate=115534.3/s|walker_min=51.349|walker_med=88.938|walker_max=95.022
STEP|n=448000000|unique=4029676|accepted=25174438|rate=115536.1/s|walker_min=67.137|walker_med=86.593|walker_max=95.119
STEP|n=448100000|unique=4029705|accepted=25174467|rate=115537.3/s|walker_min=66.819|walker_med=89.315|walker_max=95.171
STEP|n=448200000|unique=4029737|accepted=25174499|rate=115538.7/s|walker_min=63.978|walker_med=80.434|walker_max=95.212
STEP|n=448300000|unique=4029763|accepted=25174525|rate=115540.0/s|walker_min=50.261|walker_med=86.521|walker_max=95.214
STEP|n=448400000|unique=4029797|accepted=25174559|rate=115541.6/s|walker_min=50.660|walker_med=88.974|walker_max=94.664
STEP|n=448500000|unique=4029819|accepted=25174581|rate=115543.0/s|walker_min=54.703|walker_med=86.647|walker_max=94.913
STEP|n=448600000|unique=4029835|accepted=25174597|rate=115544.2/s|walker_min=65.905|walker_med=87.765|walker_max=95.133
STEP|n=448700000|unique=4029857|accepted=25174619|rate=115545.0/s|walker_min=51.926|walker_med=82.680|walker_max=95.250
STEP|n=448800000|unique=4029884|accepted=25174646|rate=115546.0/s|walker_min=37.276|walker_med=81.524|walker_max=93.815
STEP|n=448900000|unique=4029916|accepted=25174678|rate=115546.9/s|walker_min=44.750|walker_med=79.419|walker_max=94.784
STEP|n=449000000|unique=4029943|accepted=25174705|rate=115546.9/s|walker_min=32.723|walker_med=68.158|walker_max=91.752
STEP|n=449100000|unique=4029962|accepted=25174724|rate=115546.9/s|walker_min=41.821|walker_med=81.169|walker_max=94.676
STEP|n=449200000|unique=4029982|accepted=25174744|rate=115547.8/s|walker_min=42.122|walker_med=82.723|walker_max=95.201
STEP|n=449300000|unique=4030014|accepted=25174776|rate=115549.0/s|walker_min=61.127|walker_med=85.621|walker_max=94.994
STEP|n=449400000|unique=4030045|accepted=25174807|rate=115550.4/s|walker_min=50.292|walker_med=82.528|walker_max=95.165
STEP|n=449500000|unique=4030073|accepted=25174835|rate=115551.6/s|walker_min=59.944|walker_med=88.071|walker_max=94.965
STEP|n=449600000|unique=4030102|accepted=25174864|rate=115552.9/s|walker_min=61.271|walker_med=88.147|walker_max=94.935
STEP|n=449700000|unique=4030132|accepted=25174894|rate=115554.3/s|walker_min=58.384|walker_med=89.165|walker_max=95.277
STEP|n=449800000|unique=4030167|accepted=25174929|rate=115555.8/s|walker_min=66.213|walker_med=82.896|walker_max=95.086
STEP|n=449900000|unique=4030197|accepted=25174959|rate=115557.4/s|walker_min=55.446|walker_med=88.759|walker_max=95.232
STEP|n=450000000|unique=4030230|accepted=25174992|rate=115558.8/s|walker_min=53.271|walker_med=86.558|walker_max=95.135
CHECKPOINT|step=450000000|unique=4030230|saved=3000000|min=25.4807|max=92.5916
STEP|n=450100000|unique=4030253|accepted=25175015|rate=115368.1/s|walker_min=66.656|walker_med=86.503|walker_max=94.577
STEP|n=450200000|unique=4030283|accepted=25175045|rate=115369.4/s|walker_min=58.109|walker_med=86.694|walker_max=94.320
STEP|n=450300000|unique=4030306|accepted=25175068|rate=115370.9/s|walker_min=67.786|walker_med=85.701|walker_max=95.033
STEP|n=450400000|unique=4030335|accepted=25175097|rate=115372.1/s|walker_min=54.310|walker_med=85.844|walker_max=95.142
STEP|n=450500000|unique=4030358|accepted=25175120|rate=115373.4/s|walker_min=60.633|walker_med=88.457|walker_max=95.238
STEP|n=450600000|unique=4030384|accepted=25175146|rate=115374.6/s|walker_min=64.680|walker_med=84.987|walker_max=94.087
STEP|n=450700000|unique=4030419|accepted=25175181|rate=115375.6/s|walker_min=62.321|walker_med=87.401|walker_max=95.219
STEP|n=450800000|unique=4030445|accepted=25175207|rate=115376.5/s|walker_min=45.383|walker_med=81.710|walker_max=95.190
STEP|n=450900000|unique=4030471|accepted=25175233|rate=115377.2/s|walker_min=49.045|walker_med=78.457|walker_max=94.966
STEP|n=451000000|unique=4030481|accepted=25175243|rate=115376.9/s|walker_min=30.373|walker_med=64.870|walker_max=95.135
STEP|n=451100000|unique=4030496|accepted=25175258|rate=115377.0/s|walker_min=32.035|walker_med=80.446|walker_max=93.399
STEP|n=451200000|unique=4030532|accepted=25175294|rate=115377.8/s|walker_min=48.424|walker_med=82.333|walker_max=93.884
STEP|n=451300000|unique=4030553|accepted=25175315|rate=115378.9/s|walker_min=53.396|walker_med=85.413|walker_max=95.154
STEP|n=451400000|unique=4030586|accepted=25175348|rate=115380.2/s|walker_min=55.039|walker_med=88.028|walker_max=95.019
STEP|n=451500000|unique=4030632|accepted=25175394|rate=115381.4/s|walker_min=55.057|walker_med=87.998|walker_max=95.034
STEP|n=451600000|unique=4030661|accepted=25175423|rate=115382.8/s|walker_min=65.775|walker_med=88.467|walker_max=94.683
STEP|n=451700000|unique=4030698|accepted=25175460|rate=115384.2/s|walker_min=54.641|walker_med=89.402|walker_max=95.169
STEP|n=451800000|unique=4030733|accepted=25175495|rate=115385.5/s|walker_min=69.909|walker_med=90.604|walker_max=95.187
STEP|n=451900000|unique=4030764|accepted=25175526|rate=115387.0/s|walker_min=65.163|walker_med=85.557|walker_max=95.039
STEP|n=452000000|unique=4030793|accepted=25175555|rate=115388.3/s|walker_min=70.155|walker_med=89.211|walker_max=95.166
STEP|n=452100000|unique=4030826|accepted=25175588|rate=115389.8/s|walker_min=66.700|walker_med=87.088|walker_max=94.402
STEP|n=452200000|unique=4030858|accepted=25175620|rate=115391.0/s|walker_min=58.542|walker_med=86.419|walker_max=94.857
STEP|n=452300000|unique=4030893|accepted=25175655|rate=115392.4/s|walker_min=68.041|walker_med=86.897|walker_max=95.095
STEP|n=452400000|unique=4030923|accepted=25175685|rate=115393.8/s|walker_min=51.452|walker_med=87.166|walker_max=94.918
STEP|n=452500000|unique=4030952|accepted=25175714|rate=115395.0/s|walker_min=67.990|walker_med=85.123|walker_max=94.772
STEP|n=452600000|unique=4030974|accepted=25175736|rate=115396.3/s|walker_min=43.964|walker_med=86.943|walker_max=94.521
STEP|n=452700000|unique=4031017|accepted=25175779|rate=115397.7/s|walker_min=67.545|walker_med=87.238|walker_max=92.146
STEP|n=452800000|unique=4031049|accepted=25175811|rate=115398.9/s|walker_min=47.424|walker_med=81.502|walker_max=95.246
STEP|n=452900000|unique=4031088|accepted=25175850|rate=115399.5/s|walker_min=42.086|walker_med=79.836|walker_max=93.469
STEP|n=453000000|unique=4031110|accepted=25175872|rate=115399.6/s|walker_min=42.724|walker_med=69.206|walker_max=93.762
STEP|n=453100000|unique=4031134|accepted=25175896|rate=115399.4/s|walker_min=49.123|walker_med=79.801|walker_max=94.617
STEP|n=453200000|unique=4031153|accepted=25175915|rate=115400.1/s|walker_min=45.486|walker_med=84.926|walker_max=94.535
STEP|n=453300000|unique=4031182|accepted=25175944|rate=115401.2/s|walker_min=62.538|walker_med=86.851|walker_max=94.965
STEP|n=453400000|unique=4031218|accepted=25175980|rate=115402.4/s|walker_min=62.177|walker_med=87.655|walker_max=93.972
STEP|n=453500000|unique=4031238|accepted=25176000|rate=115403.6/s|walker_min=71.599|walker_med=85.549|walker_max=94.232
STEP|n=453600000|unique=4031276|accepted=25176038|rate=115405.0/s|walker_min=64.189|walker_med=86.900|walker_max=93.773
STEP|n=453700000|unique=4031297|accepted=25176059|rate=115406.4/s|walker_min=66.658|walker_med=89.311|walker_max=95.062
STEP|n=453800000|unique=4031331|accepted=25176093|rate=115407.9/s|walker_min=70.723|walker_med=89.881|walker_max=95.019
STEP|n=453900000|unique=4031373|accepted=25176135|rate=115409.4/s|walker_min=52.864|walker_med=89.474|walker_max=95.222
STEP|n=454000000|unique=4031393|accepted=25176155|rate=115410.8/s|walker_min=48.044|walker_med=84.762|walker_max=94.683
STEP|n=454100000|unique=4031415|accepted=25176177|rate=115412.1/s|walker_min=66.560|walker_med=87.558|walker_max=94.558
STEP|n=454200000|unique=4031435|accepted=25176197|rate=115413.5/s|walker_min=49.166|walker_med=88.497|walker_max=94.806
STEP|n=454300000|unique=4031461|accepted=25176223|rate=115414.8/s|walker_min=54.187|walker_med=87.425|walker_max=95.128
STEP|n=454400000|unique=4031485|accepted=25176247|rate=115416.2/s|walker_min=67.337|walker_med=86.540|walker_max=94.728
STEP|n=454500000|unique=4031503|accepted=25176265|rate=115417.5/s|walker_min=51.805|walker_med=85.989|walker_max=95.278
STEP|n=454600000|unique=4031534|accepted=25176296|rate=115418.8/s|walker_min=63.276|walker_med=83.030|walker_max=94.967
STEP|n=454700000|unique=4031556|accepted=25176318|rate=115419.7/s|walker_min=56.564|walker_med=84.595|walker_max=94.366
STEP|n=454800000|unique=4031573|accepted=25176335|rate=115420.8/s|walker_min=51.597|walker_med=84.784|walker_max=93.974
STEP|n=454900000|unique=4031588|accepted=25176350|rate=115421.4/s|walker_min=36.435|walker_med=80.659|walker_max=94.013
STEP|n=455000000|unique=4031619|accepted=25176381|rate=115421.3/s|walker_min=46.430|walker_med=70.718|walker_max=94.160
STEP|n=455100000|unique=4031642|accepted=25176404|rate=115421.2/s|walker_min=51.653|walker_med=78.349|walker_max=93.637
STEP|n=455200000|unique=4031660|accepted=25176422|rate=115421.9/s|walker_min=55.558|walker_med=83.198|walker_max=94.094
STEP|n=455300000|unique=4031692|accepted=25176454|rate=115422.9/s|walker_min=63.891|walker_med=88.589|walker_max=94.377
STEP|n=455400000|unique=4031710|accepted=25176472|rate=115423.9/s|walker_min=61.716|walker_med=88.394|walker_max=95.103
STEP|n=455500000|unique=4031746|accepted=25176508|rate=115425.1/s|walker_min=51.746|walker_med=84.368|walker_max=94.634
STEP|n=455600000|unique=4031771|accepted=25176533|rate=115426.4/s|walker_min=31.691|walker_med=85.048|walker_max=94.976
STEP|n=455700000|unique=4031801|accepted=25176563|rate=115427.7/s|walker_min=60.625|walker_med=83.671|walker_max=95.149
STEP|n=455800000|unique=4031819|accepted=25176581|rate=115429.1/s|walker_min=55.292|walker_med=85.813|walker_max=94.603
STEP|n=455900000|unique=4031846|accepted=25176608|rate=115430.5/s|walker_min=61.703|walker_med=84.332|walker_max=95.134
STEP|n=456000000|unique=4031868|accepted=25176630|rate=115431.7/s|walker_min=69.236|walker_med=86.675|walker_max=95.228
STEP|n=456100000|unique=4031888|accepted=25176650|rate=115433.2/s|walker_min=63.399|walker_med=89.236|walker_max=95.275
STEP|n=456200000|unique=4031909|accepted=25176671|rate=115434.6/s|walker_min=57.974|walker_med=85.617|walker_max=95.023
STEP|n=456300000|unique=4031933|accepted=25176695|rate=115436.0/s|walker_min=59.513|walker_med=89.629|walker_max=95.100
STEP|n=456400000|unique=4031950|accepted=25176712|rate=115437.4/s|walker_min=60.743|walker_med=89.746|walker_max=95.232
STEP|n=456500000|unique=4031975|accepted=25176737|rate=115438.8/s|walker_min=66.342|walker_med=87.217|walker_max=95.257
STEP|n=456600000|unique=4031993|accepted=25176755|rate=115440.1/s|walker_min=47.166|walker_med=88.145|walker_max=94.961
STEP|n=456700000|unique=4032028|accepted=25176790|rate=115441.3/s|walker_min=57.676|walker_med=85.827|walker_max=95.127
STEP|n=456800000|unique=4032061|accepted=25176823|rate=115442.3/s|walker_min=49.440|walker_med=85.880|walker_max=94.790
STEP|n=456900000|unique=4032079|accepted=25176841|rate=115443.2/s|walker_min=59.749|walker_med=84.609|walker_max=95.229
STEP|n=457000000|unique=4032101|accepted=25176863|rate=115443.2/s|walker_min=31.268|walker_med=69.050|walker_max=94.390
STEP|n=457100000|unique=4032121|accepted=25176883|rate=115443.1/s|walker_min=45.961|walker_med=82.248|walker_max=94.483
STEP|n=457200000|unique=4032136|accepted=25176898|rate=115443.8/s|walker_min=44.853|walker_med=88.093|walker_max=94.300
STEP|n=457300000|unique=4032167|accepted=25176929|rate=115444.8/s|walker_min=61.309|walker_med=82.057|walker_max=94.495
STEP|n=457400000|unique=4032189|accepted=25176951|rate=115445.9/s|walker_min=54.603|walker_med=88.902|walker_max=95.255
STEP|n=457500000|unique=4032208|accepted=25176970|rate=115447.1/s|walker_min=62.500|walker_med=84.909|walker_max=94.695
STEP|n=457600000|unique=4032231|accepted=25176993|rate=115445.8/s|walker_min=58.254|walker_med=86.547|walker_max=94.668
STEP|n=457700000|unique=4032254|accepted=25177016|rate=115447.4/s|walker_min=56.723|walker_med=88.672|walker_max=95.202
STEP|n=457800000|unique=4032284|accepted=25177046|rate=115448.8/s|walker_min=40.046|walker_med=88.276|walker_max=95.152
STEP|n=457900000|unique=4032316|accepted=25177078|rate=115450.1/s|walker_min=64.880|walker_med=88.542|walker_max=94.821
STEP|n=458000000|unique=4032341|accepted=25177103|rate=115451.5/s|walker_min=60.890|walker_med=86.167|walker_max=94.989
STEP|n=458100000|unique=4032361|accepted=25177123|rate=115452.9/s|walker_min=59.721|walker_med=89.225|walker_max=95.262
STEP|n=458200000|unique=4032385|accepted=25177147|rate=115454.3/s|walker_min=63.063|walker_med=85.594|walker_max=95.008
STEP|n=458300000|unique=4032414|accepted=25177176|rate=115455.7/s|walker_min=57.705|walker_med=88.398|walker_max=94.863
STEP|n=458400000|unique=4032435|accepted=25177197|rate=115457.0/s|walker_min=56.349|walker_med=83.478|walker_max=94.809
STEP|n=458500000|unique=4032457|accepted=25177219|rate=115458.3/s|walker_min=58.242|walker_med=87.727|walker_max=94.449
STEP|n=458600000|unique=4032474|accepted=25177236|rate=115459.3/s|walker_min=45.522|walker_med=87.848|walker_max=95.262
STEP|n=458700000|unique=4032506|accepted=25177268|rate=115460.5/s|walker_min=57.617|walker_med=84.448|walker_max=94.504
STEP|n=458800000|unique=4032530|accepted=25177292|rate=115461.3/s|walker_min=43.587|walker_med=81.667|walker_max=94.508
STEP|n=458900000|unique=4032561|accepted=25177323|rate=115462.2/s|walker_min=48.002|walker_med=80.901|walker_max=94.776
STEP|n=459000000|unique=4032586|accepted=25177348|rate=115462.3/s|walker_min=33.298|walker_med=76.931|walker_max=94.862
STEP|n=459100000|unique=4032599|accepted=25177361|rate=115462.3/s|walker_min=39.778|walker_med=81.145|walker_max=95.064
STEP|n=459200000|unique=4032616|accepted=25177378|rate=115463.0/s|walker_min=64.014|walker_med=85.290|walker_max=95.074
STEP|n=459300000|unique=4032651|accepted=25177413|rate=115463.8/s|walker_min=53.830|walker_med=83.611|walker_max=95.093
STEP|n=459400000|unique=4032676|accepted=25177438|rate=115465.0/s|walker_min=54.790|walker_med=85.576|walker_max=95.066
STEP|n=459500000|unique=4032700|accepted=25177462|rate=115466.0/s|walker_min=45.692|walker_med=88.960|walker_max=95.263
STEP|n=459600000|unique=4032713|accepted=25177475|rate=115467.4/s|walker_min=61.631|walker_med=85.260|walker_max=95.069
STEP|n=459700000|unique=4032750|accepted=25177512|rate=115468.8/s|walker_min=72.066|walker_med=91.487|walker_max=95.076
STEP|n=459800000|unique=4032773|accepted=25177535|rate=115470.1/s|walker_min=66.871|walker_med=91.185|walker_max=95.151
STEP|n=459900000|unique=4032792|accepted=25177554|rate=115471.5/s|walker_min=63.328|walker_med=84.491|walker_max=95.156
STEP|n=460000000|unique=4032809|accepted=25177571|rate=115473.0/s|walker_min=50.185|walker_med=89.003|walker_max=94.885
STEP|n=460100000|unique=4032840|accepted=25177602|rate=115474.3/s|walker_min=56.996|walker_med=87.466|walker_max=94.553
STEP|n=460200000|unique=4032857|accepted=25177619|rate=115475.7/s|walker_min=59.010|walker_med=83.113|walker_max=95.132
STEP|n=460300000|unique=4032884|accepted=25177646|rate=115477.2/s|walker_min=64.049|walker_med=86.858|walker_max=94.044
STEP|n=460400000|unique=4032925|accepted=25177687|rate=115478.5/s|walker_min=68.701|walker_med=85.438|walker_max=94.315
STEP|n=460500000|unique=4032960|accepted=25177722|rate=115479.9/s|walker_min=64.851|walker_med=87.404|walker_max=94.794
STEP|n=460600000|unique=4032979|accepted=25177741|rate=115481.3/s|walker_min=61.199|walker_med=83.040|walker_max=94.742
STEP|n=460700000|unique=4033009|accepted=25177771|rate=115482.5/s|walker_min=52.364|walker_med=85.493|walker_max=95.124
STEP|n=460800000|unique=4033027|accepted=25177789|rate=115483.4/s|walker_min=51.216|walker_med=88.260|walker_max=94.984
STEP|n=460900000|unique=4033061|accepted=25177823|rate=115484.2/s|walker_min=45.667|walker_med=77.163|walker_max=90.985
STEP|n=461000000|unique=4033079|accepted=25177841|rate=115484.1/s|walker_min=33.397|walker_med=74.964|walker_max=94.486
STEP|n=461100000|unique=4033101|accepted=25177863|rate=115484.0/s|walker_min=50.693|walker_med=78.212|walker_max=94.181
STEP|n=461200000|unique=4033125|accepted=25177887|rate=115484.7/s|walker_min=52.147|walker_med=77.672|walker_max=94.939
STEP|n=461300000|unique=4033157|accepted=25177919|rate=115485.6/s|walker_min=48.841|walker_med=83.331|walker_max=94.624
STEP|n=461400000|unique=4033184|accepted=25177946|rate=115486.8/s|walker_min=59.381|walker_med=85.676|walker_max=93.715
STEP|n=461500000|unique=4033198|accepted=25177960|rate=115487.9/s|walker_min=63.481|walker_med=88.721|walker_max=94.567
STEP|n=461600000|unique=4033217|accepted=25177979|rate=115489.1/s|walker_min=49.477|walker_med=86.436|walker_max=95.237
STEP|n=461700000|unique=4033253|accepted=25178015|rate=115490.6/s|walker_min=54.717|walker_med=87.377|walker_max=94.954
STEP|n=461800000|unique=4033276|accepted=25178038|rate=115491.9/s|walker_min=62.721|walker_med=86.070|walker_max=95.060
STEP|n=461900000|unique=4033292|accepted=25178054|rate=115493.2/s|walker_min=71.207|walker_med=91.075|walker_max=95.060
STEP|n=462000000|unique=4033312|accepted=25178074|rate=115494.4/s|walker_min=61.263|walker_med=90.375|walker_max=94.589
STEP|n=462100000|unique=4033328|accepted=25178090|rate=115495.8/s|walker_min=63.099|walker_med=85.938|walker_max=95.208
STEP|n=462200000|unique=4033341|accepted=25178103|rate=115497.1/s|walker_min=60.066|walker_med=84.887|walker_max=94.883
STEP|n=462300000|unique=4033357|accepted=25178119|rate=115498.3/s|walker_min=63.065|walker_med=89.716|walker_max=94.566
STEP|n=462400000|unique=4033377|accepted=25178139|rate=115499.6/s|walker_min=62.453|walker_med=84.340|walker_max=95.080
STEP|n=462500000|unique=4033406|accepted=25178168|rate=115500.9/s|walker_min=46.786|walker_med=84.954|walker_max=93.264
STEP|n=462600000|unique=4033429|accepted=25178191|rate=115502.1/s|walker_min=59.485|walker_med=82.571|walker_max=93.825
STEP|n=462700000|unique=4033443|accepted=25178205|rate=115503.3/s|walker_min=47.905|walker_med=83.238|walker_max=93.184
STEP|n=462800000|unique=4033459|accepted=25178221|rate=115504.4/s|walker_min=32.346|walker_med=79.984|walker_max=94.638
STEP|n=462900000|unique=4033488|accepted=25178250|rate=115505.6/s|walker_min=35.980|walker_med=80.398|walker_max=93.958
STEP|n=463000000|unique=4033506|accepted=25178268|rate=115506.3/s|walker_min=50.709|walker_med=71.477|walker_max=95.113
STEP|n=463100000|unique=4033528|accepted=25178290|rate=115507.0/s|walker_min=55.583|walker_med=85.216|walker_max=94.324
STEP|n=463200000|unique=4033553|accepted=25178315|rate=115507.8/s|walker_min=45.969|walker_med=85.241|walker_max=94.315
STEP|n=463300000|unique=4033582|accepted=25178344|rate=115509.0/s|walker_min=63.946|walker_med=85.482|walker_max=94.439
STEP|n=463400000|unique=4033612|accepted=25178374|rate=115510.6/s|walker_min=61.104|walker_med=87.809|walker_max=94.679
STEP|n=463500000|unique=4033632|accepted=25178394|rate=115512.6/s|walker_min=49.173|walker_med=84.067|walker_max=95.115
STEP|n=463600000|unique=4033642|accepted=25178404|rate=115514.7/s|walker_min=49.773|walker_med=86.533|walker_max=94.555
STEP|n=463700000|unique=4033660|accepted=25178422|rate=115516.4/s|walker_min=68.363|walker_med=87.705|walker_max=95.265
STEP|n=463800000|unique=4033688|accepted=25178450|rate=115517.9/s|walker_min=53.784|walker_med=86.403|walker_max=95.028
STEP|n=463900000|unique=4033711|accepted=25178473|rate=115519.4/s|walker_min=67.321|walker_med=88.188|walker_max=94.709
STEP|n=464000000|unique=4033729|accepted=25178491|rate=115521.3/s|walker_min=55.003|walker_med=88.897|walker_max=95.218
STEP|n=464100000|unique=4033762|accepted=25178524|rate=115523.6/s|walker_min=68.019|walker_med=89.434|walker_max=95.259
STEP|n=464200000|unique=4033787|accepted=25178549|rate=115525.8/s|walker_min=65.690|walker_med=90.215|walker_max=95.272
STEP|n=464300000|unique=4033827|accepted=25178589|rate=115527.6/s|walker_min=67.321|walker_med=87.465|walker_max=95.048
STEP|n=464400000|unique=4033861|accepted=25178623|rate=115529.1/s|walker_min=53.729|walker_med=84.371|walker_max=94.719
STEP|n=464500000|unique=4033883|accepted=25178645|rate=115530.5/s|walker_min=53.342|walker_med=85.191|walker_max=94.637
STEP|n=464600000|unique=4033916|accepted=25178678|rate=115532.4/s|walker_min=46.275|walker_med=82.038|walker_max=95.223
STEP|n=464700000|unique=4033931|accepted=25178693|rate=115534.3/s|walker_min=59.799|walker_med=83.878|walker_max=94.697
STEP|n=464800000|unique=4033976|accepted=25178738|rate=115536.1/s|walker_min=57.766|walker_med=82.864|walker_max=94.669
STEP|n=464900000|unique=4034017|accepted=25178779|rate=115537.2/s|walker_min=37.143|walker_med=81.470|walker_max=94.820
STEP|n=465000000|unique=4034036|accepted=25178798|rate=115537.3/s|walker_min=31.884|walker_med=69.731|walker_max=93.819
STEP|n=465100000|unique=4034055|accepted=25178817|rate=115537.8/s|walker_min=41.929|walker_med=80.359|walker_max=94.712
STEP|n=465200000|unique=4034074|accepted=25178836|rate=115539.5/s|walker_min=62.045|walker_med=87.114|walker_max=94.906
STEP|n=465300000|unique=4034097|accepted=25178859|rate=115541.5/s|walker_min=41.759|walker_med=88.726|walker_max=95.109
STEP|n=465400000|unique=4034121|accepted=25178883|rate=115543.5/s|walker_min=55.014|walker_med=88.017|walker_max=94.902
STEP|n=465500000|unique=4034142|accepted=25178904|rate=115545.2/s|walker_min=62.025|walker_med=83.720|walker_max=95.144
STEP|n=465600000|unique=4034173|accepted=25178935|rate=115547.0/s|walker_min=54.644|walker_med=86.223|walker_max=94.960
STEP|n=465700000|unique=4034196|accepted=25178958|rate=115549.1/s|walker_min=69.284|walker_med=86.618|walker_max=95.173
STEP|n=465800000|unique=4034211|accepted=25178973|rate=115551.3/s|walker_min=46.442|walker_med=85.677|walker_max=94.519
STEP|n=465900000|unique=4034244|accepted=25179006|rate=115553.6/s|walker_min=63.231|walker_med=89.384|walker_max=95.238
STEP|n=466000000|unique=4034277|accepted=25179039|rate=115555.1/s|walker_min=59.629|walker_med=87.359|walker_max=94.867
STEP|n=466100000|unique=4034297|accepted=25179059|rate=115556.7/s|walker_min=62.297|walker_med=85.786|walker_max=95.285
STEP|n=466200000|unique=4034324|accepted=25179086|rate=115558.2/s|walker_min=60.284|walker_med=88.462|walker_max=94.850
STEP|n=466300000|unique=4034351|accepted=25179113|rate=115560.0/s|walker_min=49.918|walker_med=85.883|walker_max=94.970
STEP|n=466400000|unique=4034378|accepted=25179140|rate=115561.9/s|walker_min=43.624|walker_med=91.204|walker_max=94.738
STEP|n=466500000|unique=4034396|accepted=25179158|rate=115564.1/s|walker_min=60.884|walker_med=88.562|walker_max=95.109
STEP|n=466600000|unique=4034412|accepted=25179174|rate=115565.7/s|walker_min=65.339|walker_med=82.012|walker_max=95.192
STEP|n=466700000|unique=4034429|accepted=25179191|rate=115566.8/s|walker_min=45.778|walker_med=76.712|walker_max=94.913
STEP|n=466800000|unique=4034451|accepted=25179213|rate=115568.0/s|walker_min=33.417|walker_med=88.830|walker_max=95.069
STEP|n=466900000|unique=4034470|accepted=25179232|rate=115569.5/s|walker_min=43.239|walker_med=81.334|walker_max=95.088
STEP|n=467000000|unique=4034486|accepted=25179248|rate=115570.5/s|walker_min=56.887|walker_med=77.648|walker_max=93.022
STEP|n=467100000|unique=4034506|accepted=25179268|rate=115571.3/s|walker_min=49.607|walker_med=80.058|walker_max=94.270
STEP|n=467200000|unique=4034524|accepted=25179286|rate=115572.2/s|walker_min=47.605|walker_med=83.853|walker_max=95.066
STEP|n=467300000|unique=4034546|accepted=25179308|rate=115573.5/s|walker_min=51.884|walker_med=86.666|walker_max=95.119
STEP|n=467400000|unique=4034563|accepted=25179325|rate=115574.8/s|walker_min=57.313|walker_med=89.507|walker_max=94.853
STEP|n=467500000|unique=4034599|accepted=25179361|rate=115576.9/s|walker_min=66.214|walker_med=83.602|walker_max=95.000
STEP|n=467600000|unique=4034622|accepted=25179384|rate=115579.1/s|walker_min=60.405|walker_med=86.929|walker_max=94.808
STEP|n=467700000|unique=4034648|accepted=25179410|rate=115581.4/s|walker_min=54.166|walker_med=90.196|walker_max=95.006
STEP|n=467800000|unique=4034665|accepted=25179427|rate=115583.3/s|walker_min=79.179|walker_med=89.474|walker_max=94.932
STEP|n=467900000|unique=4034685|accepted=25179447|rate=115585.4/s|walker_min=71.280|walker_med=86.161|walker_max=93.846
STEP|n=468000000|unique=4034707|accepted=25179469|rate=115587.5/s|walker_min=51.899|walker_med=86.810|walker_max=95.036
STEP|n=468100000|unique=4034733|accepted=25179495|rate=115589.8/s|walker_min=59.472|walker_med=87.866|walker_max=94.082
STEP|n=468200000|unique=4034764|accepted=25179526|rate=115592.0/s|walker_min=62.005|walker_med=86.135|walker_max=94.976
STEP|n=468300000|unique=4034779|accepted=25179541|rate=115594.1/s|walker_min=30.373|walker_med=86.106|walker_max=95.196
STEP|n=468400000|unique=4034790|accepted=25179552|rate=115596.2/s|walker_min=69.519|walker_med=88.312|walker_max=94.979
STEP|n=468500000|unique=4034819|accepted=25179581|rate=115598.2/s|walker_min=33.066|walker_med=85.588|walker_max=95.161
STEP|n=468600000|unique=4034833|accepted=25179595|rate=115600.3/s|walker_min=46.986|walker_med=82.639|walker_max=95.194
STEP|n=468700000|unique=4034847|accepted=25179609|rate=115601.8/s|walker_min=51.892|walker_med=86.258|walker_max=95.035
STEP|n=468800000|unique=4034863|accepted=25179625|rate=115602.7/s|walker_min=49.894|walker_med=83.850|walker_max=94.137
STEP|n=468900000|unique=4034874|accepted=25179636|rate=115603.9/s|walker_min=38.233|walker_med=81.542|walker_max=94.559
STEP|n=469000000|unique=4034893|accepted=25179655|rate=115604.7/s|walker_min=43.557|walker_med=79.427|walker_max=91.349
STEP|n=469100000|unique=4034909|accepted=25179671|rate=115605.3/s|walker_min=33.928|walker_med=79.295|walker_max=95.020
STEP|n=469200000|unique=4034923|accepted=25179685|rate=115606.0/s|walker_min=55.657|walker_med=84.145|walker_max=95.212
STEP|n=469300000|unique=4034943|accepted=25179705|rate=115607.0/s|walker_min=60.088|walker_med=85.913|walker_max=94.405
STEP|n=469400000|unique=4034962|accepted=25179724|rate=115608.4/s|walker_min=52.064|walker_med=84.854|walker_max=95.249
STEP|n=469500000|unique=4034979|accepted=25179741|rate=115610.4/s|walker_min=52.227|walker_med=86.316|walker_max=94.666
STEP|n=469600000|unique=4035000|accepted=25179762|rate=115612.3/s|walker_min=61.348|walker_med=85.508|walker_max=94.853
STEP|n=469700000|unique=4035029|accepted=25179791|rate=115614.1/s|walker_min=43.559|walker_med=89.333|walker_max=94.638
STEP|n=469800000|unique=4035053|accepted=25179815|rate=115615.4/s|walker_min=63.568|walker_med=88.374|walker_max=95.007
STEP|n=469900000|unique=4035081|accepted=25179843|rate=115616.8/s|walker_min=61.206|walker_med=89.761|walker_max=95.248
STEP|n=470000000|unique=4035108|accepted=25179870|rate=115618.7/s|walker_min=54.701|walker_med=86.983|walker_max=93.750
STEP|n=470100000|unique=4035134|accepted=25179896|rate=115620.8/s|walker_min=29.358|walker_med=86.140|walker_max=95.088
STEP|n=470200000|unique=4035148|accepted=25179910|rate=115622.8/s|walker_min=56.823|walker_med=85.401|walker_max=95.247
STEP|n=470300000|unique=4035168|accepted=25179930|rate=115624.4/s|walker_min=64.288|walker_med=86.694|walker_max=95.121
STEP|n=470400000|unique=4035195|accepted=25179957|rate=115625.8/s|walker_min=67.556|walker_med=88.361|walker_max=95.159
STEP|n=470500000|unique=4035227|accepted=25179989|rate=115627.2/s|walker_min=55.241|walker_med=86.780|walker_max=94.751
STEP|n=470600000|unique=4035250|accepted=25180012|rate=115629.1/s|walker_min=66.857|walker_med=87.305|walker_max=95.115
STEP|n=470700000|unique=4035267|accepted=25180029|rate=115631.0/s|walker_min=69.603|walker_med=84.071|walker_max=94.110
STEP|n=470800000|unique=4035280|accepted=25180042|rate=115632.8/s|walker_min=61.437|walker_med=84.081|walker_max=95.045
STEP|n=470900000|unique=4035302|accepted=25180064|rate=115633.6/s|walker_min=49.887|walker_med=79.541|walker_max=94.641
STEP|n=471000000|unique=4035325|accepted=25180087|rate=115633.9/s|walker_min=40.336|walker_med=68.107|walker_max=94.913
STEP|n=471100000|unique=4035334|accepted=25180096|rate=115634.3/s|walker_min=33.552|walker_med=79.372|walker_max=95.183
STEP|n=471200000|unique=4035350|accepted=25180112|rate=115635.8/s|walker_min=53.070|walker_med=77.770|walker_max=95.260
STEP|n=471300000|unique=4035368|accepted=25180130|rate=115637.6/s|walker_min=57.091|walker_med=88.023|walker_max=93.850
STEP|n=471400000|unique=4035390|accepted=25180152|rate=115639.0/s|walker_min=44.534|walker_med=88.106|walker_max=95.146
STEP|n=471500000|unique=4035414|accepted=25180176|rate=115640.1/s|walker_min=70.818|walker_med=89.790|walker_max=95.237
STEP|n=471600000|unique=4035437|accepted=25180199|rate=115641.3/s|walker_min=51.275|walker_med=85.885|walker_max=95.013
STEP|n=471700000|unique=4035457|accepted=25180219|rate=115643.2/s|walker_min=62.494|walker_med=88.265|walker_max=95.170
STEP|n=471800000|unique=4035478|accepted=25180240|rate=115644.8/s|walker_min=58.258|walker_med=86.451|walker_max=94.720
STEP|n=471900000|unique=4035500|accepted=25180262|rate=115646.1/s|walker_min=59.007|walker_med=87.184|walker_max=94.376
STEP|n=472000000|unique=4035535|accepted=25180297|rate=115648.0/s|walker_min=62.426|walker_med=89.570|walker_max=94.951
STEP|n=472100000|unique=4035559|accepted=25180321|rate=115649.9/s|walker_min=63.062|walker_med=85.196|walker_max=94.725
STEP|n=472200000|unique=4035575|accepted=25180337|rate=115652.0/s|walker_min=72.464|walker_med=88.899|walker_max=94.709
STEP|n=472300000|unique=4035592|accepted=25180354|rate=115653.3/s|walker_min=60.145|walker_med=86.436|walker_max=94.921
STEP|n=472400000|unique=4035618|accepted=25180380|rate=115654.7/s|walker_min=45.889|walker_med=85.668|walker_max=94.977
STEP|n=472500000|unique=4035637|accepted=25180399|rate=115656.0/s|walker_min=51.440|walker_med=85.001|walker_max=94.193
STEP|n=472600000|unique=4035666|accepted=25180428|rate=115658.0/s|walker_min=63.019|walker_med=85.525|walker_max=95.008
STEP|n=472700000|unique=4035683|accepted=25180445|rate=115659.9/s|walker_min=48.909|walker_med=85.470|walker_max=94.690
STEP|n=472800000|unique=4035698|accepted=25180460|rate=115661.5/s|walker_min=58.508|walker_med=87.403|walker_max=95.092
STEP|n=472900000|unique=4035729|accepted=25180491|rate=115662.2/s|walker_min=40.726|walker_med=83.000|walker_max=94.082
STEP|n=473000000|unique=4035750|accepted=25180512|rate=115662.2/s|walker_min=43.685|walker_med=75.446|walker_max=94.782
STEP|n=473100000|unique=4035770|accepted=25180532|rate=115662.6/s|walker_min=54.284|walker_med=78.490|walker_max=95.024
STEP|n=473200000|unique=4035778|accepted=25180540|rate=115664.0/s|walker_min=59.557|walker_med=83.166|walker_max=93.821
STEP|n=473300000|unique=4035798|accepted=25180560|rate=115665.7/s|walker_min=52.958|walker_med=82.359|walker_max=95.013
STEP|n=473400000|unique=4035824|accepted=25180586|rate=115667.2/s|walker_min=57.102|walker_med=87.589|walker_max=94.978
STEP|n=473500000|unique=4035840|accepted=25180602|rate=115668.4/s|walker_min=67.643|walker_med=83.690|walker_max=95.240
STEP|n=473600000|unique=4035863|accepted=25180625|rate=115669.6/s|walker_min=61.528|walker_med=88.112|walker_max=95.239
STEP|n=473700000|unique=4035875|accepted=25180637|rate=115671.3/s|walker_min=66.113|walker_med=81.250|walker_max=95.111
STEP|n=473800000|unique=4035893|accepted=25180655|rate=115673.1/s|walker_min=69.153|walker_med=89.199|walker_max=94.885
STEP|n=473900000|unique=4035915|accepted=25180677|rate=115675.0/s|walker_min=46.563|walker_med=87.268|walker_max=94.881
STEP|n=474000000|unique=4035935|accepted=25180697|rate=115676.3/s|walker_min=57.631|walker_med=87.180|walker_max=94.529
STEP|n=474100000|unique=4035958|accepted=25180720|rate=115677.7/s|walker_min=53.501|walker_med=85.428|walker_max=95.239
STEP|n=474200000|unique=4035982|accepted=25180744|rate=115679.1/s|walker_min=55.405|walker_med=86.200|walker_max=94.041
STEP|n=474300000|unique=4035997|accepted=25180759|rate=115681.0/s|walker_min=61.734|walker_med=89.008|walker_max=95.206
STEP|n=474400000|unique=4036039|accepted=25180801|rate=115682.9/s|walker_min=47.621|walker_med=86.982|walker_max=94.584
STEP|n=474500000|unique=4036076|accepted=25180838|rate=115684.6/s|walker_min=58.569|walker_med=90.345|walker_max=95.252
STEP|n=474600000|unique=4036106|accepted=25180868|rate=115685.7/s|walker_min=64.162|walker_med=85.496|walker_max=92.741
STEP|n=474700000|unique=4036128|accepted=25180890|rate=115687.0/s|walker_min=57.937|walker_med=81.321|walker_max=95.094
STEP|n=474800000|unique=4036152|accepted=25180914|rate=115688.2/s|walker_min=56.882|walker_med=86.109|walker_max=95.168
STEP|n=474900000|unique=4036171|accepted=25180933|rate=115689.0/s|walker_min=42.899|walker_med=83.926|walker_max=95.149
STEP|n=475000000|unique=4036184|accepted=25180946|rate=115689.2/s|walker_min=30.066|walker_med=72.399|walker_max=91.391
STEP|n=475100000|unique=4036202|accepted=25180964|rate=115689.8/s|walker_min=56.361|walker_med=83.251|walker_max=94.188
STEP|n=475200000|unique=4036221|accepted=25180983|rate=115691.2/s|walker_min=45.002|walker_med=86.073|walker_max=94.759
STEP|n=475300000|unique=4036238|accepted=25181000|rate=115692.9/s|walker_min=54.649|walker_med=84.544|walker_max=95.181
STEP|n=475400000|unique=4036260|accepted=25181022|rate=115694.1/s|walker_min=62.669|walker_med=85.619|walker_max=95.214
STEP|n=475500000|unique=4036281|accepted=25181043|rate=115695.3/s|walker_min=71.564|walker_med=88.015|walker_max=94.862
STEP|n=475600000|unique=4036297|accepted=25181059|rate=115696.7/s|walker_min=58.054|walker_med=89.025|walker_max=94.796
STEP|n=475700000|unique=4036322|accepted=25181084|rate=115698.7/s|walker_min=63.983|walker_med=88.467|walker_max=94.902
STEP|n=475800000|unique=4036348|accepted=25181110|rate=115700.8/s|walker_min=60.306|walker_med=88.224|walker_max=95.116
STEP|n=475900000|unique=4036372|accepted=25181134|rate=115702.8/s|walker_min=49.766|walker_med=88.760|walker_max=95.065
STEP|n=476000000|unique=4036393|accepted=25181155|rate=115704.2/s|walker_min=57.474|walker_med=87.941|walker_max=95.245
STEP|n=476100000|unique=4036418|accepted=25181180|rate=115705.9/s|walker_min=68.809|walker_med=83.497|walker_max=93.692
STEP|n=476200000|unique=4036448|accepted=25181210|rate=115708.1/s|walker_min=64.688|walker_med=88.615|walker_max=94.769
STEP|n=476300000|unique=4036460|accepted=25181222|rate=115710.2/s|walker_min=47.242|walker_med=86.212|walker_max=95.050
STEP|n=476400000|unique=4036490|accepted=25181252|rate=115712.0/s|walker_min=52.107|walker_med=89.169|walker_max=94.816
STEP|n=476500000|unique=4036516|accepted=25181278|rate=115713.9/s|walker_min=60.430|walker_med=86.673|walker_max=95.135
STEP|n=476600000|unique=4036531|accepted=25181293|rate=115715.9/s|walker_min=66.551|walker_med=87.391|walker_max=94.867
STEP|n=476700000|unique=4036552|accepted=25181314|rate=115717.9/s|walker_min=59.174|walker_med=86.501|walker_max=94.801
STEP|n=476800000|unique=4036578|accepted=25181340|rate=115719.6/s|walker_min=53.974|walker_med=85.637|walker_max=93.669
STEP|n=476900000|unique=4036604|accepted=25181366|rate=115720.9/s|walker_min=46.536|walker_med=77.093|walker_max=92.468
STEP|n=477000000|unique=4036625|accepted=25181387|rate=115721.6/s|walker_min=30.695|walker_med=71.089|walker_max=94.791
STEP|n=477100000|unique=4036640|accepted=25181402|rate=115722.4/s|walker_min=41.044|walker_med=74.216|walker_max=94.205
STEP|n=477200000|unique=4036660|accepted=25181422|rate=115723.9/s|walker_min=52.975|walker_med=80.779|walker_max=94.616
STEP|n=477300000|unique=4036689|accepted=25181451|rate=115725.8/s|walker_min=43.418|walker_med=84.376|walker_max=94.571
STEP|n=477400000|unique=4036707|accepted=25181469|rate=115727.7/s|walker_min=44.710|walker_med=87.399|walker_max=94.534
STEP|n=477500000|unique=4036740|accepted=25181502|rate=115729.6/s|walker_min=63.718|walker_med=87.799|walker_max=94.903
STEP|n=477600000|unique=4036755|accepted=25181517|rate=115731.3/s|walker_min=58.318|walker_med=82.983|walker_max=95.257
STEP|n=477700000|unique=4036779|accepted=25181541|rate=115733.4/s|walker_min=45.079|walker_med=89.950|walker_max=95.040
STEP|n=477800000|unique=4036801|accepted=25181563|rate=115735.5/s|walker_min=59.861|walker_med=86.784|walker_max=95.262
STEP|n=477900000|unique=4036816|accepted=25181578|rate=115737.8/s|walker_min=64.514|walker_med=85.428|walker_max=94.952
STEP|n=478000000|unique=4036836|accepted=25181598|rate=115739.7/s|walker_min=56.732|walker_med=90.794|walker_max=95.093
STEP|n=478100000|unique=4036859|accepted=25181621|rate=115741.7/s|walker_min=61.900|walker_med=84.626|walker_max=95.136
STEP|n=478200000|unique=4036892|accepted=25181654|rate=115743.7/s|walker_min=58.869|walker_med=86.585|walker_max=94.507
STEP|n=478300000|unique=4036910|accepted=25181672|rate=115745.9/s|walker_min=59.095|walker_med=86.767|walker_max=94.966
STEP|n=478400000|unique=4036932|accepted=25181694|rate=115748.1/s|walker_min=31.568|walker_med=89.166|walker_max=95.189
STEP|n=478500000|unique=4036960|accepted=25181722|rate=115750.3/s|walker_min=51.986|walker_med=85.120|walker_max=94.863
STEP|n=478600000|unique=4036984|accepted=25181746|rate=115752.1/s|walker_min=47.420|walker_med=84.025|walker_max=95.059
STEP|n=478700000|unique=4037005|accepted=25181767|rate=115753.9/s|walker_min=53.592|walker_med=84.748|walker_max=94.361
STEP|n=478800000|unique=4037034|accepted=25181796|rate=115755.6/s|walker_min=58.358|walker_med=84.008|walker_max=95.259
STEP|n=478900000|unique=4037048|accepted=25181810|rate=115757.1/s|walker_min=37.590|walker_med=80.381|walker_max=95.064
STEP|n=479000000|unique=4037067|accepted=25181829|rate=115758.2/s|walker_min=32.035|walker_med=69.794|walker_max=93.925
STEP|n=479100000|unique=4037080|accepted=25181842|rate=115759.1/s|walker_min=43.559|walker_med=77.393|walker_max=94.636
STEP|n=479200000|unique=4037093|accepted=25181855|rate=115760.5/s|walker_min=45.635|walker_med=82.629|walker_max=95.021
STEP|n=479300000|unique=4037114|accepted=25181876|rate=115762.0/s|walker_min=61.555|walker_med=87.181|walker_max=94.794
STEP|n=479400000|unique=4037146|accepted=25181908|rate=115764.0/s|walker_min=63.773|walker_med=83.813|walker_max=93.712
STEP|n=479500000|unique=4037178|accepted=25181940|rate=115766.2/s|walker_min=65.108|walker_med=90.402|walker_max=95.214
STEP|n=479600000|unique=4037195|accepted=25181957|rate=115767.9/s|walker_min=52.977|walker_med=79.849|walker_max=94.274
STEP|n=479700000|unique=4037215|accepted=25181977|rate=115769.4/s|walker_min=67.522|walker_med=88.715|walker_max=95.202
STEP|n=479800000|unique=4037228|accepted=25181990|rate=115771.1/s|walker_min=55.358|walker_med=88.193|walker_max=94.819
STEP|n=479900000|unique=4037244|accepted=25182006|rate=115773.2/s|walker_min=59.470|walker_med=87.083|walker_max=93.842
STEP|n=480000000|unique=4037264|accepted=25182026|rate=115775.2/s|walker_min=64.252|walker_med=88.303|walker_max=94.504
STEP|n=480100000|unique=4037290|accepted=25182052|rate=115777.2/s|walker_min=66.414|walker_med=90.087|walker_max=94.873
STEP|n=480200000|unique=4037318|accepted=25182080|rate=115779.3/s|walker_min=75.426|walker_med=88.469|walker_max=94.996
STEP|n=480300000|unique=4037344|accepted=25182106|rate=115781.5/s|walker_min=59.918|walker_med=87.405|walker_max=94.917
STEP|n=480400000|unique=4037363|accepted=25182125|rate=115783.7/s|walker_min=50.941|walker_med=89.393|walker_max=94.862
STEP|n=480500000|unique=4037379|accepted=25182141|rate=115785.5/s|walker_min=63.396|walker_med=87.677|walker_max=95.085
STEP|n=480600000|unique=4037402|accepted=25182164|rate=115787.4/s|walker_min=50.189|walker_med=84.978|walker_max=94.773
STEP|n=480700000|unique=4037413|accepted=25182175|rate=115789.1/s|walker_min=33.163|walker_med=83.107|walker_max=94.836
STEP|n=480800000|unique=4037432|accepted=25182194|rate=115791.0/s|walker_min=31.257|walker_med=87.285|walker_max=95.091
STEP|n=480900000|unique=4037457|accepted=25182219|rate=115792.6/s|walker_min=50.061|walker_med=82.829|walker_max=95.282
STEP|n=481000000|unique=4037473|accepted=25182235|rate=115793.6/s|walker_min=38.130|walker_med=76.155|walker_max=94.625
STEP|n=481100000|unique=4037497|accepted=25182259|rate=115794.4/s|walker_min=46.823|walker_med=81.765|walker_max=93.544
STEP|n=481200000|unique=4037529|accepted=25182291|rate=115795.8/s|walker_min=52.108|walker_med=83.256|walker_max=95.165
STEP|n=481300000|unique=4037550|accepted=25182312|rate=115797.4/s|walker_min=50.199|walker_med=82.850|walker_max=95.191
STEP|n=481400000|unique=4037569|accepted=25182331|rate=115799.4/s|walker_min=36.075|walker_med=85.110|walker_max=95.086
STEP|n=481500000|unique=4037593|accepted=25182355|rate=115801.5/s|walker_min=46.905|walker_med=88.264|walker_max=93.976
STEP|n=481600000|unique=4037617|accepted=25182379|rate=115803.5/s|walker_min=66.236|walker_med=89.345|walker_max=95.103
STEP|n=481700000|unique=4037631|accepted=25182393|rate=115805.3/s|walker_min=51.687|walker_med=90.135|walker_max=95.138
STEP|n=481800000|unique=4037648|accepted=25182410|rate=115807.1/s|walker_min=59.896|walker_med=86.536|walker_max=94.747
STEP|n=481900000|unique=4037671|accepted=25182433|rate=115809.2/s|walker_min=68.203|walker_med=87.407|walker_max=95.246
STEP|n=482000000|unique=4037699|accepted=25182461|rate=115811.7/s|walker_min=67.174|walker_med=90.297|walker_max=95.124
STEP|n=482100000|unique=4037726|accepted=25182488|rate=115814.1/s|walker_min=67.750|walker_med=85.810|walker_max=94.059
STEP|n=482200000|unique=4037746|accepted=25182508|rate=115816.4/s|walker_min=66.144|walker_med=89.712|walker_max=94.724
STEP|n=482300000|unique=4037771|accepted=25182533|rate=115818.4/s|walker_min=63.083|walker_med=86.602|walker_max=95.274
STEP|n=482400000|unique=4037787|accepted=25182549|rate=115820.4/s|walker_min=55.059|walker_med=88.316|walker_max=95.090
STEP|n=482500000|unique=4037812|accepted=25182574|rate=115822.5/s|walker_min=64.518|walker_med=87.328|walker_max=94.664
STEP|n=482600000|unique=4037832|accepted=25182594|rate=115824.8/s|walker_min=56.587|walker_med=84.032|walker_max=94.547
STEP|n=482700000|unique=4037860|accepted=25182622|rate=115827.1/s|walker_min=62.887|walker_med=85.207|walker_max=94.990
STEP|n=482800000|unique=4037873|accepted=25182635|rate=115829.0/s|walker_min=66.448|walker_med=87.172|walker_max=95.123
STEP|n=482900000|unique=4037893|accepted=25182655|rate=115830.4/s|walker_min=41.034|walker_med=82.661|walker_max=95.078
STEP|n=483000000|unique=4037903|accepted=25182665|rate=115831.3/s|walker_min=33.132|walker_med=77.477|walker_max=95.226
STEP|n=483100000|unique=4037932|accepted=25182694|rate=115832.4/s|walker_min=46.234|walker_med=78.497|walker_max=93.789
STEP|n=483200000|unique=4037943|accepted=25182705|rate=115834.2/s|walker_min=45.956|walker_med=83.095|walker_max=95.212
STEP|n=483300000|unique=4037955|accepted=25182717|rate=115836.3/s|walker_min=59.705|walker_med=85.581|walker_max=95.176
STEP|n=483400000|unique=4037982|accepted=25182744|rate=115838.3/s|walker_min=46.170|walker_med=85.117|walker_max=94.956
STEP|n=483500000|unique=4037992|accepted=25182754|rate=115840.2/s|walker_min=58.205|walker_med=86.468|walker_max=95.272
STEP|n=483600000|unique=4038016|accepted=25182778|rate=115841.6/s|walker_min=58.769|walker_med=87.179|walker_max=94.829
STEP|n=483700000|unique=4038033|accepted=25182795|rate=115843.5/s|walker_min=56.228|walker_med=88.770|walker_max=94.944
STEP|n=483800000|unique=4038062|accepted=25182824|rate=115845.5/s|walker_min=59.489|walker_med=85.769|walker_max=95.063
STEP|n=483900000|unique=4038082|accepted=25182844|rate=115847.5/s|walker_min=44.333|walker_med=88.247|walker_max=95.025
STEP|n=484000000|unique=4038102|accepted=25182864|rate=115849.0/s|walker_min=62.665|walker_med=86.638|walker_max=94.430
STEP|n=484100000|unique=4038121|accepted=25182883|rate=115850.5/s|walker_min=69.248|walker_med=87.258|walker_max=95.057
STEP|n=484200000|unique=4038140|accepted=25182902|rate=115852.0/s|walker_min=55.031|walker_med=88.673|walker_max=94.692
STEP|n=484300000|unique=4038165|accepted=25182927|rate=115854.0/s|walker_min=55.908|walker_med=88.521|walker_max=95.162
STEP|n=484400000|unique=4038188|accepted=25182950|rate=115856.0/s|walker_min=53.840|walker_med=88.876|walker_max=94.631
STEP|n=484500000|unique=4038207|accepted=25182969|rate=115857.7/s|walker_min=60.223|walker_med=85.728|walker_max=95.139
STEP|n=484600000|unique=4038226|accepted=25182988|rate=115858.9/s|walker_min=52.913|walker_med=86.888|walker_max=94.973
STEP|n=484700000|unique=4038245|accepted=25183007|rate=115860.0/s|walker_min=60.822|walker_med=85.726|walker_max=95.201
STEP|n=484800000|unique=4038257|accepted=25183019|rate=115861.1/s|walker_min=54.127|walker_med=80.379|walker_max=94.889
STEP|n=484900000|unique=4038280|accepted=25183042|rate=115862.5/s|walker_min=51.100|walker_med=82.274|walker_max=94.864
STEP|n=485000000|unique=4038292|accepted=25183054|rate=115863.3/s|walker_min=36.496|walker_med=74.476|walker_max=93.607
STEP|n=485100000|unique=4038314|accepted=25183076|rate=115863.7/s|walker_min=43.029|walker_med=82.483|walker_max=95.181
STEP|n=485200000|unique=4038332|accepted=25183094|rate=115864.5/s|walker_min=48.720|walker_med=77.473|walker_max=94.554
STEP|n=485300000|unique=4038352|accepted=25183114|rate=115865.5/s|walker_min=61.690|walker_med=85.059|walker_max=95.164
STEP|n=485400000|unique=4038376|accepted=25183138|rate=115867.1/s|walker_min=52.453|walker_med=84.489|walker_max=94.577
STEP|n=485500000|unique=4038395|accepted=25183157|rate=115868.9/s|walker_min=56.159|walker_med=86.722|walker_max=95.054
STEP|n=485600000|unique=4038421|accepted=25183183|rate=115870.8/s|walker_min=42.325|walker_med=84.300|walker_max=95.127
STEP|n=485700000|unique=4038461|accepted=25183223|rate=115872.3/s|walker_min=60.686|walker_med=89.303|walker_max=95.235
STEP|n=485800000|unique=4038481|accepted=25183243|rate=115873.6/s|walker_min=46.090|walker_med=86.766|walker_max=94.206
STEP|n=485900000|unique=4038509|accepted=25183271|rate=115875.2/s|walker_min=54.481|walker_med=85.257|walker_max=95.281
STEP|n=486000000|unique=4038530|accepted=25183292|rate=115877.3/s|walker_min=50.500|walker_med=87.370|walker_max=95.023
STEP|n=486100000|unique=4038545|accepted=25183307|rate=115879.4/s|walker_min=52.980|walker_med=88.818|walker_max=95.133
STEP|n=486200000|unique=4038562|accepted=25183324|rate=115881.4/s|walker_min=47.465|walker_med=85.313|walker_max=95.207
STEP|n=486300000|unique=4038571|accepted=25183333|rate=115882.7/s|walker_min=70.064|walker_med=88.415|walker_max=94.980
STEP|n=486400000|unique=4038591|accepted=25183353|rate=115884.0/s|walker_min=62.225|walker_med=83.494|walker_max=94.906
STEP|n=486500000|unique=4038615|accepted=25183377|rate=115885.6/s|walker_min=54.809|walker_med=86.673|walker_max=94.716
STEP|n=486600000|unique=4038639|accepted=25183401|rate=115887.5/s|walker_min=56.762|walker_med=86.674|walker_max=94.884
STEP|n=486700000|unique=4038658|accepted=25183420|rate=115888.7/s|walker_min=58.170|walker_med=84.597|walker_max=94.462
STEP|n=486800000|unique=4038671|accepted=25183433|rate=115889.8/s|walker_min=47.253|walker_med=79.973|walker_max=94.201
STEP|n=486900000|unique=4038681|accepted=25183443|rate=115890.9/s|walker_min=36.045|walker_med=79.337|walker_max=94.790
STEP|n=487000000|unique=4038695|accepted=25183457|rate=115891.4/s|walker_min=40.274|walker_med=76.858|walker_max=94.614
STEP|n=487100000|unique=4038710|accepted=25183472|rate=115891.3/s|walker_min=35.496|walker_med=77.187|walker_max=94.430
STEP|n=487200000|unique=4038723|accepted=25183485|rate=115891.9/s|walker_min=62.165|walker_med=87.108|walker_max=95.272
STEP|n=487300000|unique=4038744|accepted=25183506|rate=115892.8/s|walker_min=58.198|walker_med=83.696|walker_max=93.348
STEP|n=487400000|unique=4038774|accepted=25183536|rate=115894.4/s|walker_min=62.814|walker_med=78.495|walker_max=95.162
STEP|n=487500000|unique=4038790|accepted=25183552|rate=115895.9/s|walker_min=55.982|walker_med=87.388|walker_max=94.637
STEP|n=487600000|unique=4038809|accepted=25183571|rate=115897.1/s|walker_min=51.136|walker_med=81.836|walker_max=95.265
STEP|n=487700000|unique=4038833|accepted=25183595|rate=115899.1/s|walker_min=42.513|walker_med=89.463|walker_max=95.278
STEP|n=487800000|unique=4038847|accepted=25183609|rate=115901.0/s|walker_min=52.318|walker_med=84.395|walker_max=94.904
STEP|n=487900000|unique=4038866|accepted=25183628|rate=115902.8/s|walker_min=49.678|walker_med=87.237|walker_max=94.335
STEP|n=488000000|unique=4038879|accepted=25183641|rate=115904.0/s|walker_min=52.847|walker_med=88.440|walker_max=95.271
STEP|n=488100000|unique=4038904|accepted=25183666|rate=115905.5/s|walker_min=55.002|walker_med=85.567|walker_max=94.501
STEP|n=488200000|unique=4038929|accepted=25183691|rate=115907.0/s|walker_min=37.931|walker_med=88.430|walker_max=95.203
STEP|n=488300000|unique=4038946|accepted=25183708|rate=115908.9/s|walker_min=65.014|walker_med=90.792|walker_max=95.250
STEP|n=488400000|unique=4038962|accepted=25183724|rate=115910.8/s|walker_min=58.423|walker_med=87.533|walker_max=95.123
STEP|n=488500000|unique=4038978|accepted=25183740|rate=115912.4/s|walker_min=53.313|walker_med=87.390|walker_max=95.237
STEP|n=488600000|unique=4038999|accepted=25183761|rate=115913.5/s|walker_min=58.520|walker_med=85.803|walker_max=94.765
STEP|n=488700000|unique=4039021|accepted=25183783|rate=115914.7/s|walker_min=49.459|walker_med=87.125|walker_max=95.252
STEP|n=488800000|unique=4039039|accepted=25183801|rate=115916.0/s|walker_min=47.477|walker_med=85.225|walker_max=94.103
STEP|n=488900000|unique=4039050|accepted=25183812|rate=115917.4/s|walker_min=42.713|walker_med=84.482|walker_max=94.791
STEP|n=489000000|unique=4039057|accepted=25183819|rate=115918.0/s|walker_min=33.054|walker_med=72.143|walker_max=92.682
STEP|n=489100000|unique=4039067|accepted=25183829|rate=115918.1/s|walker_min=46.480|walker_med=84.613|walker_max=95.112
STEP|n=489200000|unique=4039081|accepted=25183843|rate=115918.8/s|walker_min=44.356|walker_med=76.587|walker_max=94.642
STEP|n=489300000|unique=4039095|accepted=25183857|rate=115919.9/s|walker_min=63.700|walker_med=87.527|walker_max=95.066
STEP|n=489400000|unique=4039133|accepted=25183895|rate=115922.0/s|walker_min=60.105|walker_med=88.097|walker_max=95.228
STEP|n=489500000|unique=4039158|accepted=25183920|rate=115924.4/s|walker_min=66.383|walker_med=87.003|walker_max=95.072
STEP|n=489600000|unique=4039178|accepted=25183940|rate=115926.6/s|walker_min=66.873|walker_med=89.883|walker_max=94.867
STEP|n=489700000|unique=4039199|accepted=25183961|rate=115928.1/s|walker_min=62.225|walker_med=87.680|walker_max=95.241
STEP|n=489800000|unique=4039225|accepted=25183987|rate=115930.1/s|walker_min=66.400|walker_med=87.136|walker_max=94.872
STEP|n=489900000|unique=4039257|accepted=25184019|rate=115932.1/s|walker_min=65.849|walker_med=85.372|walker_max=95.208
STEP|n=490000000|unique=4039273|accepted=25184035|rate=115933.5/s|walker_min=58.645|walker_med=85.937|walker_max=94.807
STEP|n=490100000|unique=4039294|accepted=25184056|rate=115934.8/s|walker_min=65.434|walker_med=86.369|walker_max=95.086
STEP|n=490200000|unique=4039307|accepted=25184069|rate=115936.4/s|walker_min=54.750|walker_med=87.808|walker_max=95.281
STEP|n=490300000|unique=4039342|accepted=25184104|rate=115938.4/s|walker_min=58.789|walker_med=87.627|walker_max=95.213
STEP|n=490400000|unique=4039359|accepted=25184121|rate=115940.4/s|walker_min=68.923|walker_med=89.792|walker_max=95.037
STEP|n=490500000|unique=4039374|accepted=25184136|rate=115942.1/s|walker_min=68.243|walker_med=87.866|walker_max=95.119
STEP|n=490600000|unique=4039394|accepted=25184156|rate=115943.1/s|walker_min=65.406|walker_med=88.130|walker_max=95.188
STEP|n=490700000|unique=4039416|accepted=25184178|rate=115944.4/s|walker_min=58.179|walker_med=86.111|walker_max=95.004
STEP|n=490800000|unique=4039433|accepted=25184195|rate=115945.9/s|walker_min=50.460|walker_med=79.754|walker_max=94.843
STEP|n=490900000|unique=4039452|accepted=25184214|rate=115947.4/s|walker_min=47.141|walker_med=82.699|walker_max=94.019
STEP|n=491000000|unique=4039479|accepted=25184241|rate=115948.4/s|walker_min=55.960|walker_med=74.008|walker_max=94.172
STEP|n=491100000|unique=4039491|accepted=25184253|rate=115949.0/s|walker_min=44.336|walker_med=83.375|walker_max=94.365
STEP|n=491200000|unique=4039506|accepted=25184268|rate=115950.3/s|walker_min=51.501|walker_med=84.195|walker_max=94.363
STEP|n=491300000|unique=4039517|accepted=25184279|rate=115951.6/s|walker_min=61.385|walker_med=88.224|walker_max=94.043
STEP|n=491400000|unique=4039531|accepted=25184293|rate=115953.5/s|walker_min=54.463|walker_med=79.640|walker_max=94.976
STEP|n=491500000|unique=4039549|accepted=25184311|rate=115955.5/s|walker_min=43.986|walker_med=88.250|walker_max=95.170
STEP|n=491600000|unique=4039565|accepted=25184327|rate=115957.6/s|walker_min=44.673|walker_med=86.335|walker_max=93.676
STEP|n=491700000|unique=4039582|accepted=25184344|rate=115959.3/s|walker_min=50.634|walker_med=86.211|walker_max=95.225
STEP|n=491800000|unique=4039606|accepted=25184368|rate=115961.1/s|walker_min=65.304|walker_med=87.125|walker_max=95.018
STEP|n=491900000|unique=4039625|accepted=25184387|rate=115963.1/s|walker_min=65.733|walker_med=89.743|walker_max=95.182
STEP|n=492000000|unique=4039659|accepted=25184421|rate=115965.3/s|walker_min=61.966|walker_med=87.991|walker_max=94.448
STEP|n=492100000|unique=4039682|accepted=25184444|rate=115967.5/s|walker_min=38.101|walker_med=90.005|walker_max=94.820
STEP|n=492200000|unique=4039714|accepted=25184476|rate=115969.6/s|walker_min=70.168|walker_med=88.910|walker_max=94.986
STEP|n=492300000|unique=4039728|accepted=25184490|rate=115971.3/s|walker_min=62.502|walker_med=88.544|walker_max=95.143
STEP|n=492400000|unique=4039749|accepted=25184511|rate=115973.1/s|walker_min=62.921|walker_med=86.914|walker_max=94.982
STEP|n=492500000|unique=4039775|accepted=25184537|rate=115974.8/s|walker_min=62.049|walker_med=84.678|walker_max=94.090
STEP|n=492600000|unique=4039797|accepted=25184559|rate=115976.7/s|walker_min=60.895|walker_med=86.957|walker_max=95.067
STEP|n=492700000|unique=4039821|accepted=25184583|rate=115978.6/s|walker_min=49.822|walker_med=87.591|walker_max=95.025
STEP|n=492800000|unique=4039842|accepted=25184604|rate=115980.4/s|walker_min=55.677|walker_med=82.954|walker_max=94.658
STEP|n=492900000|unique=4039858|accepted=25184620|rate=115981.9/s|walker_min=60.746|walker_med=82.066|walker_max=95.107
STEP|n=493000000|unique=4039871|accepted=25184633|rate=115982.3/s|walker_min=32.973|walker_med=78.057|walker_max=95.073
STEP|n=493100000|unique=4039886|accepted=25184648|rate=115983.0/s|walker_min=53.820|walker_med=82.546|walker_max=95.256
STEP|n=493200000|unique=4039901|accepted=25184663|rate=115984.5/s|walker_min=48.578|walker_med=84.857|walker_max=94.595
STEP|n=493300000|unique=4039929|accepted=25184691|rate=115986.4/s|walker_min=44.941|walker_med=83.373|walker_max=95.055
STEP|n=493400000|unique=4039954|accepted=25184716|rate=115988.0/s|walker_min=57.508|walker_med=84.609|walker_max=95.251
STEP|n=493500000|unique=4039979|accepted=25184741|rate=115989.7/s|walker_min=68.450|walker_med=87.108|walker_max=94.431
STEP|n=493600000|unique=4039993|accepted=25184755|rate=115991.6/s|walker_min=62.417|walker_med=90.629|walker_max=95.056
STEP|n=493700000|unique=4040017|accepted=25184779|rate=115993.7/s|walker_min=63.446|walker_med=88.404|walker_max=95.083
STEP|n=493800000|unique=4040035|accepted=25184797|rate=115995.8/s|walker_min=68.355|walker_med=87.035|walker_max=95.229
STEP|n=493900000|unique=4040050|accepted=25184812|rate=115998.0/s|walker_min=51.695|walker_med=88.559|walker_max=95.252
STEP|n=494000000|unique=4040070|accepted=25184832|rate=115999.9/s|walker_min=52.726|walker_med=85.098|walker_max=93.802
STEP|n=494100000|unique=4040095|accepted=25184857|rate=116001.9/s|walker_min=62.800|walker_med=88.658|walker_max=95.032
STEP|n=494200000|unique=4040106|accepted=25184868|rate=116003.9/s|walker_min=67.052|walker_med=88.582|walker_max=95.004
STEP|n=494300000|unique=4040128|accepted=25184890|rate=116005.9/s|walker_min=70.940|walker_med=86.940|walker_max=94.066
STEP|n=494400000|unique=4040144|accepted=25184906|rate=116008.0/s|walker_min=63.032|walker_med=86.339|walker_max=95.264
STEP|n=494500000|unique=4040157|accepted=25184919|rate=116010.0/s|walker_min=61.054|walker_med=86.624|walker_max=94.930
STEP|n=494600000|unique=4040174|accepted=25184936|rate=116011.8/s|walker_min=57.726|walker_med=85.049|walker_max=94.422
STEP|n=494700000|unique=4040192|accepted=25184954|rate=116013.5/s|walker_min=56.525|walker_med=86.322|walker_max=95.269
STEP|n=494800000|unique=4040214|accepted=25184976|rate=116015.2/s|walker_min=63.778|walker_med=85.686|walker_max=94.941
STEP|n=494900000|unique=4040227|accepted=25184989|rate=116016.7/s|walker_min=37.489|walker_med=75.626|walker_max=93.262
STEP|n=495000000|unique=4040236|accepted=25184998|rate=116017.6/s|walker_min=36.496|walker_med=72.102|walker_max=93.695
STEP|n=495100000|unique=4040239|accepted=25185001|rate=116018.4/s|walker_min=47.280|walker_med=81.724|walker_max=94.160
STEP|n=495200000|unique=4040249|accepted=25185011|rate=116019.7/s|walker_min=51.098|walker_med=82.230|walker_max=95.144
STEP|n=495300000|unique=4040268|accepted=25185030|rate=116021.4/s|walker_min=50.793|walker_med=85.572|walker_max=95.156
STEP|n=495400000|unique=4040285|accepted=25185047|rate=116023.2/s|walker_min=51.814|walker_med=85.856|walker_max=95.070
STEP|n=495500000|unique=4040304|accepted=25185066|rate=116025.2/s|walker_min=60.753|walker_med=87.394|walker_max=95.272
STEP|n=495600000|unique=4040324|accepted=25185086|rate=116027.3/s|walker_min=67.689|walker_med=85.406|walker_max=94.779
STEP|n=495700000|unique=4040337|accepted=25185099|rate=116029.2/s|walker_min=54.322|walker_med=87.107|walker_max=95.212
STEP|n=495800000|unique=4040351|accepted=25185113|rate=116031.2/s|walker_min=52.842|walker_med=83.904|walker_max=95.038
STEP|n=495900000|unique=4040367|accepted=25185129|rate=116033.2/s|walker_min=59.295|walker_med=86.338|walker_max=95.245
STEP|n=496000000|unique=4040385|accepted=25185147|rate=116035.2/s|walker_min=68.121|walker_med=87.230|walker_max=94.876
STEP|n=496100000|unique=4040398|accepted=25185160|rate=116037.3/s|walker_min=51.157|walker_med=81.326|walker_max=95.152
STEP|n=496200000|unique=4040414|accepted=25185176|rate=116039.5/s|walker_min=68.753|walker_med=86.323|walker_max=94.926
STEP|n=496300000|unique=4040440|accepted=25185202|rate=116041.4/s|walker_min=60.070|walker_med=87.030|walker_max=95.055
STEP|n=496400000|unique=4040449|accepted=25185211|rate=116043.2/s|walker_min=67.346|walker_med=83.373|walker_max=94.749
STEP|n=496500000|unique=4040465|accepted=25185227|rate=116045.0/s|walker_min=62.705|walker_med=85.486|walker_max=94.725
STEP|n=496600000|unique=4040491|accepted=25185253|rate=116046.9/s|walker_min=70.907|walker_med=87.772|walker_max=95.247
STEP|n=496700000|unique=4040510|accepted=25185272|rate=116049.0/s|walker_min=43.391|walker_med=87.613|walker_max=95.197
STEP|n=496800000|unique=4040526|accepted=25185288|rate=116050.7/s|walker_min=60.512|walker_med=87.501|walker_max=94.638
STEP|n=496900000|unique=4040553|accepted=25185315|rate=116052.1/s|walker_min=46.238|walker_med=82.528|walker_max=94.949
STEP|n=497000000|unique=4040571|accepted=25185333|rate=116052.6/s|walker_min=29.933|walker_med=72.243|walker_max=93.806
STEP|n=497100000|unique=4040582|accepted=25185344|rate=116053.2/s|walker_min=40.007|walker_med=81.977|walker_max=94.574
STEP|n=497200000|unique=4040609|accepted=25185371|rate=116054.7/s|walker_min=40.016|walker_med=80.886|walker_max=95.198
STEP|n=497300000|unique=4040633|accepted=25185395|rate=116056.5/s|walker_min=61.854|walker_med=84.217|walker_max=95.281
STEP|n=497400000|unique=4040649|accepted=25185411|rate=116058.4/s|walker_min=62.180|walker_med=87.223|walker_max=95.070
STEP|n=497500000|unique=4040659|accepted=25185421|rate=116060.1/s|walker_min=43.877|walker_med=88.100|walker_max=94.701
STEP|n=497600000|unique=4040672|accepted=25185434|rate=116061.8/s|walker_min=55.154|walker_med=88.030|walker_max=94.684
STEP|n=497700000|unique=4040697|accepted=25185459|rate=116063.8/s|walker_min=65.171|walker_med=86.914|walker_max=94.757
STEP|n=497800000|unique=4040714|accepted=25185476|rate=116065.9/s|walker_min=54.031|walker_med=85.388|walker_max=95.186
STEP|n=497900000|unique=4040747|accepted=25185509|rate=116068.1/s|walker_min=51.802|walker_med=88.995|walker_max=95.081
STEP|n=498000000|unique=4040767|accepted=25185529|rate=116070.2/s|walker_min=48.075|walker_med=82.113|walker_max=95.263
STEP|n=498100000|unique=4040786|accepted=25185548|rate=116072.2/s|walker_min=62.856|walker_med=88.368|walker_max=94.383
STEP|n=498200000|unique=4040801|accepted=25185563|rate=116074.2/s|walker_min=61.199|walker_med=88.311|walker_max=95.272
STEP|n=498300000|unique=4040828|accepted=25185590|rate=116076.3/s|walker_min=60.079|walker_med=88.944|walker_max=95.044
STEP|n=498400000|unique=4040861|accepted=25185623|rate=116078.5/s|walker_min=57.315|walker_med=87.955|walker_max=95.114
STEP|n=498500000|unique=4040883|accepted=25185645|rate=116080.4/s|walker_min=71.711|walker_med=89.407|walker_max=94.781
STEP|n=498600000|unique=4040911|accepted=25185673|rate=116081.8/s|walker_min=61.573|walker_med=85.520|walker_max=94.386
STEP|n=498700000|unique=4040930|accepted=25185692|rate=116083.6/s|walker_min=53.930|walker_med=84.298|walker_max=95.172
STEP|n=498800000|unique=4040950|accepted=25185712|rate=116085.1/s|walker_min=67.178|walker_med=85.260|walker_max=94.415
STEP|n=498900000|unique=4040965|accepted=25185727|rate=116085.9/s|walker_min=39.114|walker_med=80.324|walker_max=93.999
STEP|n=499000000|unique=4040979|accepted=25185741|rate=116085.9/s|walker_min=42.442|walker_med=68.152|walker_max=94.132
STEP|n=499100000|unique=4040990|accepted=25185752|rate=116085.8/s|walker_min=47.272|walker_med=76.775|walker_max=94.591
STEP|n=499200000|unique=4040998|accepted=25185760|rate=116086.8/s|walker_min=51.353|walker_med=82.266|walker_max=94.174
STEP|n=499300000|unique=4041022|accepted=25185784|rate=116088.3/s|walker_min=53.238|walker_med=80.746|walker_max=94.628
STEP|n=499400000|unique=4041038|accepted=25185800|rate=116089.6/s|walker_min=48.665|walker_med=85.472|walker_max=95.137
STEP|n=499500000|unique=4041049|accepted=25185811|rate=116090.6/s|walker_min=40.265|walker_med=91.684|walker_max=95.138
STEP|n=499600000|unique=4041073|accepted=25185835|rate=116091.8/s|walker_min=53.342|walker_med=84.413|walker_max=95.198
STEP|n=499700000|unique=4041085|accepted=25185847|rate=116093.1/s|walker_min=59.885|walker_med=88.890|walker_max=94.994
STEP|n=499800000|unique=4041099|accepted=25185861|rate=116094.9/s|walker_min=62.822|walker_med=87.146|walker_max=95.236
STEP|n=499900000|unique=4041114|accepted=25185876|rate=116096.7/s|walker_min=51.284|walker_med=89.511|walker_max=95.184
STEP|n=500000000|unique=4041130|accepted=25185892|rate=116098.3/s|walker_min=54.292|walker_med=89.455|walker_max=95.220
CHECKPOINT|step=500000000|unique=4041130|saved=3000000|min=25.4807|max=92.5777
STEP|n=500100000|unique=4041151|accepted=25185913|rate=115938.0/s|walker_min=64.162|walker_med=87.118|walker_max=95.141
STEP|n=500200000|unique=4041167|accepted=25185929|rate=115939.3/s|walker_min=55.577|walker_med=88.494|walker_max=95.107
STEP|n=500300000|unique=4041181|accepted=25185943|rate=115940.6/s|walker_min=59.001|walker_med=87.403|walker_max=95.118
STEP|n=500400000|unique=4041207|accepted=25185969|rate=115941.8/s|walker_min=58.258|walker_med=85.216|walker_max=94.562
STEP|n=500500000|unique=4041223|accepted=25185985|rate=115943.0/s|walker_min=65.990|walker_med=84.414|walker_max=94.142
STEP|n=500600000|unique=4041249|accepted=25186011|rate=115944.1/s|walker_min=43.106|walker_med=87.460|walker_max=95.171
STEP|n=500700000|unique=4041275|accepted=25186037|rate=115945.3/s|walker_min=48.065|walker_med=86.046|walker_max=94.927
STEP|n=500800000|unique=4041290|accepted=25186052|rate=115946.3/s|walker_min=67.413|walker_med=87.525|walker_max=94.745
STEP|n=500900000|unique=4041299|accepted=25186061|rate=115947.0/s|walker_min=39.729|walker_med=81.761|walker_max=95.081
STEP|n=501000000|unique=4041312|accepted=25186074|rate=115946.9/s|walker_min=34.441|walker_med=75.042|walker_max=93.984
STEP|n=501100000|unique=4041324|accepted=25186086|rate=115947.0/s|walker_min=50.779|walker_med=81.489|walker_max=94.671
STEP|n=501200000|unique=4041338|accepted=25186100|rate=115947.7/s|walker_min=46.247|walker_med=83.147|walker_max=94.234
STEP|n=501300000|unique=4041359|accepted=25186121|rate=115948.6/s|walker_min=55.422|walker_med=84.705|walker_max=94.805
STEP|n=501400000|unique=4041382|accepted=25186144|rate=115949.7/s|walker_min=69.921|walker_med=85.982|walker_max=94.987
STEP|n=501500000|unique=4041393|accepted=25186155|rate=115950.8/s|walker_min=60.897|walker_med=87.355|walker_max=94.990
STEP|n=501600000|unique=4041407|accepted=25186169|rate=115952.1/s|walker_min=71.056|walker_med=88.432|walker_max=95.223
STEP|n=501700000|unique=4041421|accepted=25186183|rate=115953.3/s|walker_min=63.525|walker_med=86.869|walker_max=95.102
STEP|n=501800000|unique=4041437|accepted=25186199|rate=115954.7/s|walker_min=70.405|walker_med=80.951|walker_max=94.740
STEP|n=501900000|unique=4041460|accepted=25186222|rate=115955.9/s|walker_min=64.507|walker_med=89.010|walker_max=95.132
STEP|n=502000000|unique=4041481|accepted=25186243|rate=115957.1/s|walker_min=67.300|walker_med=84.671|walker_max=94.942
STEP|n=502100000|unique=4041496|accepted=25186258|rate=115958.5/s|walker_min=63.672|walker_med=88.102|walker_max=95.083
STEP|n=502200000|unique=4041505|accepted=25186267|rate=115959.7/s|walker_min=45.265|walker_med=84.697|walker_max=94.867
STEP|n=502300000|unique=4041531|accepted=25186293|rate=115961.0/s|walker_min=50.936|walker_med=84.955|walker_max=94.137
STEP|n=502400000|unique=4041551|accepted=25186313|rate=115962.2/s|walker_min=59.760|walker_med=86.640|walker_max=95.260
STEP|n=502500000|unique=4041571|accepted=25186333|rate=115963.4/s|walker_min=50.350|walker_med=86.520|walker_max=94.610
STEP|n=502600000|unique=4041596|accepted=25186358|rate=115964.6/s|walker_min=59.723|walker_med=85.143|walker_max=94.791
STEP|n=502700000|unique=4041611|accepted=25186373|rate=115965.8/s|walker_min=44.366|walker_med=89.268|walker_max=95.076
STEP|n=502800000|unique=4041627|accepted=25186389|rate=115966.9/s|walker_min=49.436|walker_med=80.789|walker_max=93.812
STEP|n=502900000|unique=4041636|accepted=25186398|rate=115967.6/s|walker_min=33.903|walker_med=73.362|walker_max=92.475
STEP|n=503000000|unique=4041645|accepted=25186407|rate=115967.8/s|walker_min=45.080|walker_med=71.550|walker_max=94.040
STEP|n=503100000|unique=4041658|accepted=25186420|rate=115967.9/s|walker_min=26.958|walker_med=82.525|walker_max=94.760
STEP|n=503200000|unique=4041671|accepted=25186433|rate=115968.5/s|walker_min=49.993|walker_med=85.564|walker_max=95.186
STEP|n=503300000|unique=4041685|accepted=25186447|rate=115969.5/s|walker_min=54.555|walker_med=84.581|walker_max=94.346
STEP|n=503400000|unique=4041699|accepted=25186461|rate=115970.6/s|walker_min=56.243|walker_med=85.956|walker_max=95.255
STEP|n=503500000|unique=4041724|accepted=25186486|rate=115971.8/s|walker_min=34.315|walker_med=89.090|walker_max=94.866
STEP|n=503600000|unique=4041738|accepted=25186500|rate=115973.0/s|walker_min=63.681|walker_med=84.079|walker_max=95.161
STEP|n=503700000|unique=4041760|accepted=25186522|rate=115974.3/s|walker_min=79.372|walker_med=89.431|walker_max=95.065
STEP|n=503800000|unique=4041774|accepted=25186536|rate=115975.7/s|walker_min=58.268|walker_med=86.174|walker_max=95.230
STEP|n=503900000|unique=4041808|accepted=25186570|rate=115977.1/s|walker_min=72.264|walker_med=89.972|walker_max=94.979
STEP|n=504000000|unique=4041825|accepted=25186587|rate=115978.5/s|walker_min=56.431|walker_med=90.507|walker_max=95.033
STEP|n=504100000|unique=4041851|accepted=25186613|rate=115979.8/s|walker_min=62.857|walker_med=88.822|walker_max=95.212
STEP|n=504200000|unique=4041864|accepted=25186626|rate=115981.2/s|walker_min=65.136|walker_med=89.175|walker_max=94.885
STEP|n=504300000|unique=4041884|accepted=25186646|rate=115982.5/s|walker_min=48.580|walker_med=84.958|walker_max=95.027
STEP|n=504400000|unique=4041898|accepted=25186660|rate=115983.8/s|walker_min=65.334|walker_med=88.454|walker_max=94.994
STEP|n=504500000|unique=4041914|accepted=25186676|rate=115985.0/s|walker_min=57.539|walker_med=85.429|walker_max=94.007
STEP|n=504600000|unique=4041931|accepted=25186693|rate=115986.2/s|walker_min=49.395|walker_med=88.203|walker_max=94.579
STEP|n=504700000|unique=4041948|accepted=25186710|rate=115987.1/s|walker_min=49.472|walker_med=89.937|walker_max=94.548
STEP|n=504800000|unique=4041961|accepted=25186723|rate=115988.0/s|walker_min=62.029|walker_med=86.967|walker_max=94.883
STEP|n=504900000|unique=4041975|accepted=25186737|rate=115988.7/s|walker_min=53.572|walker_med=80.975|walker_max=94.230
STEP|n=505000000|unique=4041994|accepted=25186756|rate=115989.0/s|walker_min=37.836|walker_med=71.381|walker_max=93.522
STEP|n=505100000|unique=4042010|accepted=25186772|rate=115989.0/s|walker_min=40.919|walker_med=85.116|walker_max=94.444
STEP|n=505200000|unique=4042026|accepted=25186788|rate=115989.8/s|walker_min=47.161|walker_med=80.742|walker_max=94.984
STEP|n=505300000|unique=4042042|accepted=25186804|rate=115990.8/s|walker_min=61.268|walker_med=83.178|walker_max=94.984
STEP|n=505400000|unique=4042062|accepted=25186824|rate=115992.0/s|walker_min=51.344|walker_med=80.958|walker_max=95.060
STEP|n=505500000|unique=4042077|accepted=25186839|rate=115993.2/s|walker_min=47.269|walker_med=84.585|walker_max=94.759
STEP|n=505600000|unique=4042094|accepted=25186856|rate=115994.4/s|walker_min=64.505|walker_med=88.565|walker_max=95.075
STEP|n=505700000|unique=4042113|accepted=25186875|rate=115995.6/s|walker_min=66.602|walker_med=81.744|walker_max=95.072
STEP|n=505800000|unique=4042130|accepted=25186892|rate=115996.8/s|walker_min=62.194|walker_med=90.226|walker_max=94.844
STEP|n=505900000|unique=4042151|accepted=25186913|rate=115998.3/s|walker_min=50.529|walker_med=87.734|walker_max=94.811
STEP|n=506000000|unique=4042176|accepted=25186938|rate=115999.6/s|walker_min=52.955|walker_med=85.994|walker_max=94.931
STEP|n=506100000|unique=4042198|accepted=25186960|rate=116000.8/s|walker_min=54.719|walker_med=86.795|walker_max=95.151
STEP|n=506200000|unique=4042220|accepted=25186982|rate=116002.0/s|walker_min=70.944|walker_med=85.565|walker_max=94.503
STEP|n=506300000|unique=4042239|accepted=25187001|rate=116003.3/s|walker_min=75.874|walker_med=89.924|walker_max=95.281
STEP|n=506400000|unique=4042258|accepted=25187020|rate=116004.6/s|walker_min=63.338|walker_med=86.223|walker_max=95.209
STEP|n=506500000|unique=4042272|accepted=25187034|rate=116005.8/s|walker_min=56.419|walker_med=84.128|walker_max=95.273
STEP|n=506600000|unique=4042287|accepted=25187049|rate=116007.0/s|walker_min=70.893|walker_med=86.676|walker_max=94.735
STEP|n=506700000|unique=4042306|accepted=25187068|rate=116008.2/s|walker_min=36.883|walker_med=84.249|walker_max=94.802
STEP|n=506800000|unique=4042330|accepted=25187092|rate=116009.2/s|walker_min=54.404|walker_med=84.359|walker_max=95.239
STEP|n=506900000|unique=4042350|accepted=25187112|rate=116009.8/s|walker_min=37.300|walker_med=84.535|walker_max=94.834
STEP|n=507000000|unique=4042373|accepted=25187135|rate=116010.0/s|walker_min=27.985|walker_med=70.532|walker_max=94.645
STEP|n=507100000|unique=4042381|accepted=25187143|rate=116010.0/s|walker_min=61.695|walker_med=82.785|walker_max=94.727
STEP|n=507200000|unique=4042405|accepted=25187167|rate=116010.7/s|walker_min=43.106|walker_med=85.294|walker_max=94.172
STEP|n=507300000|unique=4042422|accepted=25187184|rate=116011.7/s|walker_min=47.529|walker_med=86.919|walker_max=95.114
STEP|n=507400000|unique=4042433|accepted=25187195|rate=116012.8/s|walker_min=62.813|walker_med=84.937|walker_max=95.272
STEP|n=507500000|unique=4042451|accepted=25187213|rate=116013.8/s|walker_min=53.076|walker_med=84.515|walker_max=95.230
STEP|n=507600000|unique=4042468|accepted=25187230|rate=116015.0/s|walker_min=59.062|walker_med=87.131|walker_max=95.019
STEP|n=507700000|unique=4042483|accepted=25187245|rate=116016.2/s|walker_min=71.799|walker_med=89.748|walker_max=95.229
STEP|n=507800000|unique=4042496|accepted=25187258|rate=116017.4/s|walker_min=64.207|walker_med=90.178|walker_max=95.002
STEP|n=507900000|unique=4042520|accepted=25187282|rate=116018.8/s|walker_min=62.294|walker_med=90.437|walker_max=95.161
STEP|n=508000000|unique=4042545|accepted=25187307|rate=116020.3/s|walker_min=59.983|walker_med=87.050|walker_max=94.915
STEP|n=508100000|unique=4042560|accepted=25187322|rate=116021.5/s|walker_min=59.763|walker_med=87.814|walker_max=94.702
STEP|n=508200000|unique=4042584|accepted=25187346|rate=116022.7/s|walker_min=68.343|walker_med=88.144|walker_max=95.188
STEP|n=508300000|unique=4042602|accepted=25187364|rate=116023.9/s|walker_min=59.377|walker_med=86.037|walker_max=95.192
STEP|n=508400000|unique=4042622|accepted=25187384|rate=116025.1/s|walker_min=58.336|walker_med=84.745|walker_max=94.636
STEP|n=508500000|unique=4042638|accepted=25187400|rate=116026.3/s|walker_min=68.432|walker_med=88.572|walker_max=94.822
STEP|n=508600000|unique=4042652|accepted=25187414|rate=116027.4/s|walker_min=48.922|walker_med=86.141|walker_max=94.936
STEP|n=508700000|unique=4042669|accepted=25187431|rate=116028.4/s|walker_min=51.789|walker_med=81.540|walker_max=95.104
STEP|n=508800000|unique=4042685|accepted=25187447|rate=116029.2/s|walker_min=40.494|walker_med=80.818|walker_max=94.742
STEP|n=508900000|unique=4042700|accepted=25187462|rate=116029.8/s|walker_min=52.596|walker_med=82.431|walker_max=95.106
STEP|n=509000000|unique=4042710|accepted=25187472|rate=116029.8/s|walker_min=40.696|walker_med=71.465|walker_max=95.083
STEP|n=509100000|unique=4042728|accepted=25187490|rate=116029.8/s|walker_min=44.001|walker_med=85.046|walker_max=95.220
STEP|n=509200000|unique=4042737|accepted=25187499|rate=116030.5/s|walker_min=48.087|walker_med=82.327|walker_max=95.133
STEP|n=509300000|unique=4042761|accepted=25187523|rate=116031.5/s|walker_min=57.382|walker_med=89.684|walker_max=94.667
STEP|n=509400000|unique=4042781|accepted=25187543|rate=116032.6/s|walker_min=65.477|walker_med=87.022|walker_max=93.376
STEP|n=509500000|unique=4042798|accepted=25187560|rate=116033.7/s|walker_min=65.128|walker_med=83.764|walker_max=94.778
STEP|n=509600000|unique=4042814|accepted=25187576|rate=116034.8/s|walker_min=63.916|walker_med=88.727|walker_max=95.256
STEP|n=509700000|unique=4042823|accepted=25187585|rate=116036.1/s|walker_min=62.542|walker_med=87.343|walker_max=95.209
STEP|n=509800000|unique=4042849|accepted=25187611|rate=116037.3/s|walker_min=66.302|walker_med=87.852|walker_max=95.170
STEP|n=509900000|unique=4042876|accepted=25187638|rate=116038.6/s|walker_min=53.173|walker_med=85.727|walker_max=95.040
STEP|n=510000000|unique=4042890|accepted=25187652|rate=116040.1/s|walker_min=46.302|walker_med=86.668|walker_max=94.711
STEP|n=510100000|unique=4042903|accepted=25187665|rate=116041.5/s|walker_min=66.555|walker_med=86.646|walker_max=95.205
STEP|n=510200000|unique=4042910|accepted=25187672|rate=116042.8/s|walker_min=73.127|walker_med=87.906|walker_max=94.561
STEP|n=510300000|unique=4042926|accepted=25187688|rate=116044.1/s|walker_min=65.808|walker_med=84.146|walker_max=94.952
STEP|n=510400000|unique=4042946|accepted=25187708|rate=116045.3/s|walker_min=50.261|walker_med=85.315|walker_max=94.865
STEP|n=510500000|unique=4042964|accepted=25187726|rate=116046.6/s|walker_min=60.351|walker_med=86.589|walker_max=94.996
STEP|n=510600000|unique=4042980|accepted=25187742|rate=116047.8/s|walker_min=60.314|walker_med=88.141|walker_max=94.788
STEP|n=510700000|unique=4043003|accepted=25187765|rate=116049.0/s|walker_min=48.755|walker_med=83.011|walker_max=95.178
STEP|n=510800000|unique=4043019|accepted=25187781|rate=116049.9/s|walker_min=25.481|walker_med=83.590|walker_max=94.860
STEP|n=510900000|unique=4043030|accepted=25187792|rate=116050.4/s|walker_min=50.566|walker_med=78.118|walker_max=93.754
STEP|n=511000000|unique=4043039|accepted=25187801|rate=116050.5/s|walker_min=31.541|walker_med=77.215|walker_max=95.005
STEP|n=511100000|unique=4043044|accepted=25187806|rate=116050.6/s|walker_min=54.102|walker_med=83.484|walker_max=94.537
STEP|n=511200000|unique=4043065|accepted=25187827|rate=116051.3/s|walker_min=41.733|walker_med=84.066|walker_max=94.822
STEP|n=511300000|unique=4043077|accepted=25187839|rate=116052.4/s|walker_min=54.664|walker_med=85.544|walker_max=94.733
STEP|n=511400000|unique=4043093|accepted=25187855|rate=116053.4/s|walker_min=52.103|walker_med=84.042|walker_max=94.882
STEP|n=511500000|unique=4043121|accepted=25187883|rate=116054.6/s|walker_min=54.501|walker_med=84.473|walker_max=95.037
STEP|n=511600000|unique=4043137|accepted=25187899|rate=116053.5/s|walker_min=53.087|walker_med=83.998|walker_max=95.064
STEP|n=511700000|unique=4043160|accepted=25187922|rate=116054.9/s|walker_min=57.716|walker_med=89.438|walker_max=95.276
STEP|n=511800000|unique=4043185|accepted=25187947|rate=116056.2/s|walker_min=57.184|walker_med=88.364|walker_max=95.064
STEP|n=511900000|unique=4043194|accepted=25187956|rate=116057.5/s|walker_min=66.705|walker_med=87.636|walker_max=95.207
STEP|n=512000000|unique=4043227|accepted=25187989|rate=116058.7/s|walker_min=59.833|walker_med=85.733|walker_max=94.886
STEP|n=512100000|unique=4043243|accepted=25188005|rate=116060.1/s|walker_min=56.289|walker_med=89.792|walker_max=94.954
STEP|n=512200000|unique=4043260|accepted=25188022|rate=116061.4/s|walker_min=34.564|walker_med=89.642|walker_max=95.012
STEP|n=512300000|unique=4043277|accepted=25188039|rate=116062.7/s|walker_min=63.494|walker_med=88.677|walker_max=94.381
STEP|n=512400000|unique=4043288|accepted=25188050|rate=116063.8/s|walker_min=49.823|walker_med=82.782|walker_max=95.075
STEP|n=512500000|unique=4043305|accepted=25188067|rate=116064.8/s|walker_min=50.017|walker_med=84.530|walker_max=95.223
STEP|n=512600000|unique=4043320|accepted=25188082|rate=116066.0/s|walker_min=62.060|walker_med=84.447|walker_max=94.919
STEP|n=512700000|unique=4043332|accepted=25188094|rate=116067.1/s|walker_min=38.778|walker_med=87.011|walker_max=94.121
STEP|n=512800000|unique=4043347|accepted=25188109|rate=116068.0/s|walker_min=48.137|walker_med=82.224|walker_max=95.038
STEP|n=512900000|unique=4043368|accepted=25188130|rate=116068.7/s|walker_min=38.635|walker_med=77.316|walker_max=94.899
STEP|n=513000000|unique=4043378|accepted=25188140|rate=116068.9/s|walker_min=39.737|walker_med=74.618|walker_max=91.298
STEP|n=513100000|unique=4043392|accepted=25188154|rate=116068.8/s|walker_min=42.689|walker_med=83.021|walker_max=95.217
STEP|n=513200000|unique=4043414|accepted=25188176|rate=116069.5/s|walker_min=58.854|walker_med=85.860|walker_max=95.280
STEP|n=513300000|unique=4043436|accepted=25188198|rate=116070.5/s|walker_min=51.613|walker_med=84.151|walker_max=95.131
STEP|n=513400000|unique=4043451|accepted=25188213|rate=116071.6/s|walker_min=51.965|walker_med=84.951|walker_max=95.152
STEP|n=513500000|unique=4043464|accepted=25188226|rate=116072.6/s|walker_min=63.719|walker_med=86.334|walker_max=94.976
STEP|n=513600000|unique=4043486|accepted=25188248|rate=116073.9/s|walker_min=53.677|walker_med=89.423|walker_max=94.726
STEP|n=513700000|unique=4043499|accepted=25188261|rate=116075.2/s|walker_min=64.068|walker_med=88.176|walker_max=95.260
STEP|n=513800000|unique=4043525|accepted=25188287|rate=116076.5/s|walker_min=67.387|walker_med=87.363|walker_max=94.988
STEP|n=513900000|unique=4043543|accepted=25188305|rate=116077.9/s|walker_min=61.146|walker_med=88.100|walker_max=95.186
STEP|n=514000000|unique=4043561|accepted=25188323|rate=116079.2/s|walker_min=65.801|walker_med=89.653|walker_max=95.015
STEP|n=514100000|unique=4043584|accepted=25188346|rate=116080.5/s|walker_min=64.840|walker_med=83.631|walker_max=94.716
STEP|n=514200000|unique=4043600|accepted=25188362|rate=116081.8/s|walker_min=63.976|walker_med=90.587|walker_max=95.235
STEP|n=514300000|unique=4043615|accepted=25188377|rate=116083.2/s|walker_min=61.166|walker_med=92.049|walker_max=95.161
STEP|n=514400000|unique=4043631|accepted=25188393|rate=116084.6/s|walker_min=65.340|walker_med=87.569|walker_max=95.016
STEP|n=514500000|unique=4043648|accepted=25188410|rate=116085.9/s|walker_min=71.125|walker_med=88.293|walker_max=95.051
STEP|n=514600000|unique=4043661|accepted=25188423|rate=116087.1/s|walker_min=66.120|walker_med=89.946|walker_max=95.062
STEP|n=514700000|unique=4043671|accepted=25188433|rate=116088.2/s|walker_min=42.747|walker_med=81.663|walker_max=95.281
STEP|n=514800000|unique=4043691|accepted=25188453|rate=116089.2/s|walker_min=47.602|walker_med=84.934|walker_max=94.878
STEP|n=514900000|unique=4043708|accepted=25188470|rate=116089.8/s|walker_min=31.551|walker_med=76.544|walker_max=94.836
STEP|n=515000000|unique=4043723|accepted=25188485|rate=116089.9/s|walker_min=42.145|walker_med=67.888|walker_max=91.744
STEP|n=515100000|unique=4043731|accepted=25188493|rate=116090.1/s|walker_min=56.390|walker_med=84.624|walker_max=94.953
STEP|n=515200000|unique=4043755|accepted=25188517|rate=116090.7/s|walker_min=57.248|walker_med=85.532|walker_max=94.831
STEP|n=515300000|unique=4043775|accepted=25188537|rate=116091.7/s|walker_min=58.343|walker_med=86.960|walker_max=94.570
STEP|n=515400000|unique=4043787|accepted=25188549|rate=116092.8/s|walker_min=54.137|walker_med=83.847|walker_max=95.122
STEP|n=515500000|unique=4043812|accepted=25188574|rate=116093.9/s|walker_min=60.138|walker_med=87.227|walker_max=95.079
STEP|n=515600000|unique=4043823|accepted=25188585|rate=116095.2/s|walker_min=72.114|walker_med=89.551|walker_max=95.260
STEP|n=515700000|unique=4043844|accepted=25188606|rate=116096.4/s|walker_min=64.782|walker_med=88.375|walker_max=94.823
STEP|n=515800000|unique=4043853|accepted=25188615|rate=116097.6/s|walker_min=63.346|walker_med=89.622|walker_max=95.078
STEP|n=515900000|unique=4043876|accepted=25188638|rate=116098.9/s|walker_min=64.962|walker_med=86.157|walker_max=95.222
STEP|n=516000000|unique=4043894|accepted=25188656|rate=116100.2/s|walker_min=70.083|walker_med=86.621|walker_max=94.878
STEP|n=516100000|unique=4043922|accepted=25188684|rate=116101.5/s|walker_min=72.834|walker_med=85.537|walker_max=94.696
STEP|n=516200000|unique=4043939|accepted=25188701|rate=116102.9/s|walker_min=65.417|walker_med=87.287|walker_max=95.240
STEP|n=516300000|unique=4043974|accepted=25188736|rate=116104.4/s|walker_min=48.451|walker_med=89.702|walker_max=95.044
STEP|n=516400000|unique=4043993|accepted=25188755|rate=116105.7/s|walker_min=58.712|walker_med=82.779|walker_max=95.193
STEP|n=516500000|unique=4044020|accepted=25188782|rate=116106.8/s|walker_min=52.683|walker_med=87.907|walker_max=94.825
STEP|n=516600000|unique=4044038|accepted=25188800|rate=116107.9/s|walker_min=63.252|walker_med=82.813|walker_max=93.349
STEP|n=516700000|unique=4044048|accepted=25188810|rate=116109.1/s|walker_min=58.111|walker_med=79.804|walker_max=92.941
STEP|n=516800000|unique=4044064|accepted=25188826|rate=116109.9/s|walker_min=60.720|walker_med=84.283|walker_max=94.703
STEP|n=516900000|unique=4044081|accepted=25188843|rate=116110.6/s|walker_min=40.576|walker_med=81.977|walker_max=94.372
STEP|n=517000000|unique=4044093|accepted=25188855|rate=116110.7/s|walker_min=34.331|walker_med=74.009|walker_max=95.049
STEP|n=517100000|unique=4044107|accepted=25188869|rate=116110.7/s|walker_min=49.303|walker_med=83.605|walker_max=94.019
STEP|n=517200000|unique=4044132|accepted=25188894|rate=116111.5/s|walker_min=37.427|walker_med=80.761|walker_max=94.394
STEP|n=517300000|unique=4044147|accepted=25188909|rate=116112.4/s|walker_min=32.001|walker_med=86.168|walker_max=94.615
STEP|n=517400000|unique=4044166|accepted=25188928|rate=116113.5/s|walker_min=57.118|walker_med=87.312|walker_max=94.834
STEP|n=517500000|unique=4044172|accepted=25188934|rate=116114.5/s|walker_min=65.206|walker_med=85.956|walker_max=94.827
STEP|n=517600000|unique=4044190|accepted=25188952|rate=116115.7/s|walker_min=64.337|walker_med=87.192|walker_max=94.526
STEP|n=517700000|unique=4044207|accepted=25188969|rate=116116.9/s|walker_min=45.779|walker_med=88.057|walker_max=94.854
STEP|n=517800000|unique=4044221|accepted=25188983|rate=116118.3/s|walker_min=56.001|walker_med=85.013|walker_max=94.733
STEP|n=517900000|unique=4044238|accepted=25189000|rate=116119.6/s|walker_min=51.994|walker_med=88.507|walker_max=95.139
STEP|n=518000000|unique=4044250|accepted=25189012|rate=116121.0/s|walker_min=66.509|walker_med=90.839|walker_max=95.127
STEP|n=518100000|unique=4044262|accepted=25189024|rate=116122.3/s|walker_min=61.386|walker_med=86.259|walker_max=94.737
STEP|n=518200000|unique=4044274|accepted=25189036|rate=116123.5/s|walker_min=52.480|walker_med=87.718|walker_max=94.935
STEP|n=518300000|unique=4044287|accepted=25189049|rate=116124.8/s|walker_min=60.773|walker_med=87.701|walker_max=95.033
STEP|n=518400000|unique=4044297|accepted=25189059|rate=116126.1/s|walker_min=59.051|walker_med=86.566|walker_max=94.648
STEP|n=518500000|unique=4044311|accepted=25189073|rate=116127.3/s|walker_min=64.963|walker_med=88.632|walker_max=95.236
STEP|n=518600000|unique=4044335|accepted=25189097|rate=116128.5/s|walker_min=54.743|walker_med=86.811|walker_max=95.164
STEP|n=518700000|unique=4044356|accepted=25189118|rate=116129.5/s|walker_min=48.051|walker_med=86.535|walker_max=94.206
STEP|n=518800000|unique=4044377|accepted=25189139|rate=116130.7/s|walker_min=46.873|walker_med=82.339|walker_max=94.749
STEP|n=518900000|unique=4044386|accepted=25189148|rate=116131.4/s|walker_min=36.009|walker_med=81.719|walker_max=95.003
STEP|n=519000000|unique=4044398|accepted=25189160|rate=116131.5/s|walker_min=42.894|walker_med=67.146|walker_max=94.198
STEP|n=519100000|unique=4044407|accepted=25189169|rate=116131.5/s|walker_min=45.828|walker_med=79.985|walker_max=94.938
STEP|n=519200000|unique=4044417|accepted=25189179|rate=116132.0/s|walker_min=56.241|walker_med=84.234|walker_max=93.853
STEP|n=519300000|unique=4044430|accepted=25189192|rate=116133.0/s|walker_min=60.245|walker_med=89.670|walker_max=95.162
STEP|n=519400000|unique=4044449|accepted=25189211|rate=116134.0/s|walker_min=48.045|walker_med=90.900|walker_max=94.997
STEP|n=519500000|unique=4044460|accepted=25189222|rate=116135.1/s|walker_min=57.486|walker_med=86.056|walker_max=94.999
STEP|n=519600000|unique=4044480|accepted=25189242|rate=116136.4/s|walker_min=62.131|walker_med=84.357|walker_max=95.002
STEP|n=519700000|unique=4044490|accepted=25189252|rate=116137.6/s|walker_min=64.141|walker_med=89.438|walker_max=95.174
STEP|n=519800000|unique=4044511|accepted=25189273|rate=116138.9/s|walker_min=56.763|walker_med=89.147|walker_max=95.131
STEP|n=519900000|unique=4044531|accepted=25189293|rate=116140.1/s|walker_min=66.859|walker_med=86.861|walker_max=94.613
STEP|n=520000000|unique=4044544|accepted=25189306|rate=116141.4/s|walker_min=61.101|walker_med=88.171|walker_max=95.012
STEP|n=520100000|unique=4044567|accepted=25189329|rate=116142.7/s|walker_min=54.785|walker_med=86.557|walker_max=94.600
STEP|n=520200000|unique=4044579|accepted=25189341|rate=116144.0/s|walker_min=69.106|walker_med=86.824|walker_max=94.874
STEP|n=520300000|unique=4044593|accepted=25189355|rate=116145.2/s|walker_min=58.204|walker_med=90.495|walker_max=94.935
STEP|n=520400000|unique=4044614|accepted=25189376|rate=116146.5/s|walker_min=59.255|walker_med=88.442|walker_max=94.876
STEP|n=520500000|unique=4044638|accepted=25189400|rate=116147.7/s|walker_min=50.903|walker_med=87.468|walker_max=94.546
STEP|n=520600000|unique=4044657|accepted=25189419|rate=116148.8/s|walker_min=44.234|walker_med=85.031|walker_max=94.990
STEP|n=520700000|unique=4044675|accepted=25189437|rate=116149.8/s|walker_min=40.683|walker_med=84.445|walker_max=94.709
STEP|n=520800000|unique=4044689|accepted=25189451|rate=116150.7/s|walker_min=60.163|walker_med=81.174|walker_max=94.823
STEP|n=520900000|unique=4044700|accepted=25189462|rate=116151.2/s|walker_min=42.792|walker_med=84.827|walker_max=94.891
STEP|n=521000000|unique=4044710|accepted=25189472|rate=116151.4/s|walker_min=36.312|walker_med=75.401|walker_max=94.691
STEP|n=521100000|unique=4044723|accepted=25189485|rate=116151.4/s|walker_min=56.527|walker_med=82.682|walker_max=94.976
STEP|n=521200000|unique=4044730|accepted=25189492|rate=116152.1/s|walker_min=64.710|walker_med=83.516|walker_max=95.237
STEP|n=521300000|unique=4044737|accepted=25189499|rate=116152.9/s|walker_min=60.612|walker_med=85.375|walker_max=94.640
STEP|n=521400000|unique=4044753|accepted=25189515|rate=116153.9/s|walker_min=62.030|walker_med=86.747|walker_max=94.727
STEP|n=521500000|unique=4044771|accepted=25189533|rate=116155.1/s|walker_min=68.055|walker_med=86.418|walker_max=94.815
STEP|n=521600000|unique=4044782|accepted=25189544|rate=116156.4/s|walker_min=59.043|walker_med=88.125|walker_max=95.241
STEP|n=521700000|unique=4044804|accepted=25189566|rate=116157.6/s|walker_min=57.908|walker_med=89.872|walker_max=95.282
STEP|n=521800000|unique=4044818|accepted=25189580|rate=116158.9/s|walker_min=49.395|walker_med=85.999|walker_max=95.270
STEP|n=521900000|unique=4044836|accepted=25189598|rate=116160.2/s|walker_min=61.673|walker_med=86.236|walker_max=94.699
STEP|n=522000000|unique=4044850|accepted=25189612|rate=116161.5/s|walker_min=69.573|walker_med=87.421|walker_max=95.279
STEP|n=522100000|unique=4044864|accepted=25189626|rate=116162.8/s|walker_min=51.845|walker_med=87.787|walker_max=95.110
STEP|n=522200000|unique=4044876|accepted=25189638|rate=116164.0/s|walker_min=55.805|walker_med=89.916|walker_max=95.251
STEP|n=522300000|unique=4044892|accepted=25189654|rate=116165.2/s|walker_min=51.390|walker_med=87.473|walker_max=95.202
STEP|n=522400000|unique=4044907|accepted=25189669|rate=116166.4/s|walker_min=49.886|walker_med=84.930|walker_max=94.293
STEP|n=522500000|unique=4044923|accepted=25189685|rate=116167.6/s|walker_min=52.567|walker_med=85.734|walker_max=94.991
STEP|n=522600000|unique=4044938|accepted=25189700|rate=116168.8/s|walker_min=48.472|walker_med=84.366|walker_max=94.983
STEP|n=522700000|unique=4044964|accepted=25189726|rate=116169.9/s|walker_min=49.541|walker_med=85.665|walker_max=93.108
STEP|n=522800000|unique=4044973|accepted=25189735|rate=116170.5/s|walker_min=49.700|walker_med=84.996|walker_max=95.268
STEP|n=522900000|unique=4044986|accepted=25189748|rate=116171.3/s|walker_min=46.239|walker_med=84.428|walker_max=95.140
STEP|n=523000000|unique=4045003|accepted=25189765|rate=116171.2/s|walker_min=32.862|walker_med=72.873|walker_max=94.818
STEP|n=523100000|unique=4045016|accepted=25189778|rate=116171.3/s|walker_min=47.808|walker_med=76.946|walker_max=95.037
STEP|n=523200000|unique=4045023|accepted=25189785|rate=116171.8/s|walker_min=60.457|walker_med=83.819|walker_max=94.982
STEP|n=523300000|unique=4045039|accepted=25189801|rate=116172.5/s|walker_min=58.103|walker_med=84.488|walker_max=93.728
STEP|n=523400000|unique=4045059|accepted=25189821|rate=116173.6/s|walker_min=49.527|walker_med=82.567|walker_max=94.549
STEP|n=523500000|unique=4045070|accepted=25189832|rate=116174.8/s|walker_min=55.294|walker_med=85.361|walker_max=93.825
STEP|n=523600000|unique=4045078|accepted=25189840|rate=116175.9/s|walker_min=66.551|walker_med=85.072|walker_max=94.756
STEP|n=523700000|unique=4045097|accepted=25189859|rate=116177.0/s|walker_min=64.488|walker_med=88.512|walker_max=95.269
STEP|n=523800000|unique=4045116|accepted=25189878|rate=116178.3/s|walker_min=56.291|walker_med=86.963|walker_max=94.049
STEP|n=523900000|unique=4045127|accepted=25189889|rate=116179.4/s|walker_min=32.933|walker_med=90.678|walker_max=95.281
STEP|n=524000000|unique=4045146|accepted=25189908|rate=116180.7/s|walker_min=55.617|walker_med=88.077|walker_max=95.223
STEP|n=524100000|unique=4045167|accepted=25189929|rate=116182.2/s|walker_min=55.035|walker_med=90.617|walker_max=95.103
STEP|n=524200000|unique=4045178|accepted=25189940|rate=116183.3/s|walker_min=68.363|walker_med=88.698|walker_max=95.050
STEP|n=524300000|unique=4045196|accepted=25189958|rate=116184.6/s|walker_min=67.811|walker_med=84.746|walker_max=95.210
STEP|n=524400000|unique=4045216|accepted=25189978|rate=116185.9/s|walker_min=58.558|walker_med=88.473|walker_max=95.083
STEP|n=524500000|unique=4045231|accepted=25189993|rate=116186.9/s|walker_min=60.062|walker_med=86.023|walker_max=95.164
STEP|n=524600000|unique=4045246|accepted=25190008|rate=116188.0/s|walker_min=52.998|walker_med=88.288|walker_max=94.990
STEP|n=524700000|unique=4045259|accepted=25190021|rate=116189.0/s|walker_min=48.992|walker_med=89.268|walker_max=95.093
STEP|n=524800000|unique=4045272|accepted=25190034|rate=116189.8/s|walker_min=55.862|walker_med=82.541|walker_max=93.399
STEP|n=524900000|unique=4045287|accepted=25190049|rate=116190.5/s|walker_min=49.812|walker_med=80.979|walker_max=95.150
STEP|n=525000000|unique=4045298|accepted=25190060|rate=116190.5/s|walker_min=41.548|walker_med=69.384|walker_max=94.627
STEP|n=525100000|unique=4045315|accepted=25190077|rate=116190.8/s|walker_min=40.932|walker_med=74.852|walker_max=94.870
STEP|n=525200000|unique=4045336|accepted=25190098|rate=116191.5/s|walker_min=41.583|walker_med=80.134|walker_max=95.267
STEP|n=525300000|unique=4045353|accepted=25190115|rate=116192.4/s|walker_min=59.583|walker_med=85.443|walker_max=94.945
STEP|n=525400000|unique=4045371|accepted=25190133|rate=116193.4/s|walker_min=57.528|walker_med=87.590|walker_max=95.245
STEP|n=525500000|unique=4045384|accepted=25190146|rate=116194.4/s|walker_min=54.600|walker_med=82.287|walker_max=94.919
STEP|n=525600000|unique=4045393|accepted=25190155|rate=116195.4/s|walker_min=65.411|walker_med=88.113|walker_max=94.576
STEP|n=525700000|unique=4045415|accepted=25190177|rate=116196.6/s|walker_min=57.760|walker_med=87.435|walker_max=94.859
STEP|n=525800000|unique=4045446|accepted=25190208|rate=116198.0/s|walker_min=62.735|walker_med=88.345|walker_max=95.097
STEP|n=525900000|unique=4045465|accepted=25190227|rate=116199.4/s|walker_min=55.276|walker_med=89.146|walker_max=94.753
STEP|n=526000000|unique=4045483|accepted=25190245|rate=116200.7/s|walker_min=73.972|walker_med=89.485|walker_max=95.088
STEP|n=526100000|unique=4045504|accepted=25190266|rate=116202.0/s|walker_min=55.204|walker_med=87.299|walker_max=94.926
STEP|n=526200000|unique=4045521|accepted=25190283|rate=116203.3/s|walker_min=64.395|walker_med=88.150|walker_max=95.174
STEP|n=526300000|unique=4045531|accepted=25190293|rate=116204.6/s|walker_min=61.388|walker_med=83.158|walker_max=94.984
STEP|n=526400000|unique=4045551|accepted=25190313|rate=116205.8/s|walker_min=55.854|walker_med=86.937|walker_max=95.178
STEP|n=526500000|unique=4045556|accepted=25190318|rate=116206.9/s|walker_min=57.208|walker_med=86.209|walker_max=95.271
STEP|n=526600000|unique=4045566|accepted=25190328|rate=116207.9/s|walker_min=64.604|walker_med=86.092|walker_max=95.094
STEP|n=526700000|unique=4045578|accepted=25190340|rate=116208.8/s|walker_min=41.867|walker_med=86.534|walker_max=94.724
STEP|n=526800000|unique=4045598|accepted=25190360|rate=116209.8/s|walker_min=47.166|walker_med=82.700|walker_max=95.120
STEP|n=526900000|unique=4045619|accepted=25190381|rate=116210.6/s|walker_min=55.679|walker_med=83.556|walker_max=94.746
STEP|n=527000000|unique=4045632|accepted=25190394|rate=116210.8/s|walker_min=40.274|walker_med=69.521|walker_max=95.131
STEP|n=527100000|unique=4045641|accepted=25190403|rate=116211.3/s|walker_min=57.044|walker_med=83.452|walker_max=94.553
STEP|n=527200000|unique=4045660|accepted=25190422|rate=116212.6/s|walker_min=33.970|walker_med=85.591|walker_max=94.269
STEP|n=527300000|unique=4045680|accepted=25190442|rate=116214.1/s|walker_min=57.402|walker_med=83.704|walker_max=94.861
STEP|n=527400000|unique=4045698|accepted=25190460|rate=116215.8/s|walker_min=43.332|walker_med=86.440|walker_max=95.043
STEP|n=527500000|unique=4045716|accepted=25190478|rate=116217.6/s|walker_min=69.388|walker_med=88.650|walker_max=94.373
STEP|n=527600000|unique=4045731|accepted=25190493|rate=116219.3/s|walker_min=71.373|walker_med=88.832|walker_max=94.813
STEP|n=527700000|unique=4045742|accepted=25190504|rate=116221.0/s|walker_min=69.851|walker_med=87.549|walker_max=95.259
STEP|n=527800000|unique=4045758|accepted=25190520|rate=116222.8/s|walker_min=64.168|walker_med=85.117|walker_max=95.182
STEP|n=527900000|unique=4045780|accepted=25190542|rate=116224.6/s|walker_min=63.890|walker_med=88.742|walker_max=95.208
STEP|n=528000000|unique=4045792|accepted=25190554|rate=116226.5/s|walker_min=58.804|walker_med=86.500|walker_max=95.203
STEP|n=528100000|unique=4045804|accepted=25190566|rate=116228.4/s|walker_min=67.946|walker_med=86.668|walker_max=94.722
STEP|n=528200000|unique=4045825|accepted=25190587|rate=116230.3/s|walker_min=62.720|walker_med=87.156|walker_max=93.893
STEP|n=528300000|unique=4045840|accepted=25190602|rate=116232.2/s|walker_min=52.220|walker_med=83.825|walker_max=94.885
STEP|n=528400000|unique=4045852|accepted=25190614|rate=116233.9/s|walker_min=61.316|walker_med=87.421|walker_max=95.040
STEP|n=528500000|unique=4045864|accepted=25190626|rate=116235.6/s|walker_min=62.268|walker_med=84.986|walker_max=95.243
STEP|n=528600000|unique=4045873|accepted=25190635|rate=116237.4/s|walker_min=40.494|walker_med=85.891|walker_max=95.173
STEP|n=528700000|unique=4045881|accepted=25190643|rate=116239.0/s|walker_min=55.048|walker_med=86.871|walker_max=95.009
STEP|n=528800000|unique=4045904|accepted=25190666|rate=116240.5/s|walker_min=60.008|walker_med=83.509|walker_max=94.892
STEP|n=528900000|unique=4045921|accepted=25190683|rate=116241.8/s|walker_min=43.308|walker_med=81.486|walker_max=94.021
STEP|n=529000000|unique=4045934|accepted=25190696|rate=116242.5/s|walker_min=34.856|walker_med=69.629|walker_max=91.708
STEP|n=529100000|unique=4045943|accepted=25190705|rate=116243.0/s|walker_min=42.694|walker_med=76.738|walker_max=95.201
STEP|n=529200000|unique=4045957|accepted=25190719|rate=116244.3/s|walker_min=54.730|walker_med=83.174|walker_max=95.162
STEP|n=529300000|unique=4045977|accepted=25190739|rate=116245.9/s|walker_min=68.254|walker_med=86.575|walker_max=95.129
STEP|n=529400000|unique=4045992|accepted=25190754|rate=116247.3/s|walker_min=65.586|walker_med=88.220|walker_max=95.072
STEP|n=529500000|unique=4046000|accepted=25190762|rate=116248.9/s|walker_min=54.107|walker_med=86.093|walker_max=94.364
STEP|n=529600000|unique=4046006|accepted=25190768|rate=116250.6/s|walker_min=63.809|walker_med=86.338|walker_max=95.218
STEP|n=529700000|unique=4046029|accepted=25190791|rate=116252.6/s|walker_min=44.955|walker_med=89.750|walker_max=94.710
STEP|n=529800000|unique=4046043|accepted=25190805|rate=116254.6/s|walker_min=52.959|walker_med=83.809|walker_max=94.711
STEP|n=529900000|unique=4046052|accepted=25190814|rate=116256.5/s|walker_min=64.029|walker_med=88.515|walker_max=93.609
STEP|n=530000000|unique=4046067|accepted=25190829|rate=116258.2/s|walker_min=56.253|walker_med=87.216|walker_max=94.167
STEP|n=530100000|unique=4046080|accepted=25190842|rate=116260.0/s|walker_min=47.705|walker_med=85.525|walker_max=93.310
STEP|n=530200000|unique=4046100|accepted=25190862|rate=116261.8/s|walker_min=63.646|walker_med=81.059|walker_max=92.918
STEP|n=530300000|unique=4046111|accepted=25190873|rate=116263.6/s|walker_min=63.343|walker_med=88.963|walker_max=94.945
STEP|n=530400000|unique=4046126|accepted=25190888|rate=116265.6/s|walker_min=60.319|walker_med=87.468|walker_max=95.163
STEP|n=530500000|unique=4046138|accepted=25190900|rate=116267.4/s|walker_min=62.747|walker_med=82.828|walker_max=93.810
STEP|n=530600000|unique=4046150|accepted=25190912|rate=116269.0/s|walker_min=52.698|walker_med=84.415|walker_max=95.284
STEP|n=530700000|unique=4046168|accepted=25190930|rate=116270.5/s|walker_min=27.862|walker_med=83.230|walker_max=95.154
STEP|n=530800000|unique=4046184|accepted=25190946|rate=116271.8/s|walker_min=47.789|walker_med=84.992|walker_max=95.133
STEP|n=530900000|unique=4046191|accepted=25190953|rate=116273.1/s|walker_min=57.258|walker_med=82.159|walker_max=95.270
STEP|n=531000000|unique=4046205|accepted=25190967|rate=116274.0/s|walker_min=39.700|walker_med=75.791|walker_max=93.783
STEP|n=531100000|unique=4046218|accepted=25190980|rate=116274.8/s|walker_min=53.363|walker_med=79.445|walker_max=94.676
STEP|n=531200000|unique=4046231|accepted=25190993|rate=116276.0/s|walker_min=62.927|walker_med=84.888|walker_max=94.094
STEP|n=531300000|unique=4046241|accepted=25191003|rate=116277.6/s|walker_min=68.210|walker_med=86.686|walker_max=94.632
STEP|n=531400000|unique=4046259|accepted=25191021|rate=116279.3/s|walker_min=35.395|walker_med=87.753|walker_max=94.845
STEP|n=531500000|unique=4046273|accepted=25191035|rate=116281.2/s|walker_min=57.156|walker_med=83.586|walker_max=95.222
STEP|n=531600000|unique=4046283|accepted=25191045|rate=116283.0/s|walker_min=49.573|walker_med=86.334|walker_max=94.528
STEP|n=531700000|unique=4046299|accepted=25191061|rate=116284.9/s|walker_min=51.391|walker_med=85.841|walker_max=95.093
STEP|n=531800000|unique=4046309|accepted=25191071|rate=116286.7/s|walker_min=60.496|walker_med=87.834|walker_max=94.913
STEP|n=531900000|unique=4046320|accepted=25191082|rate=116288.5/s|walker_min=65.193|walker_med=86.101|walker_max=94.801
STEP|n=532000000|unique=4046327|accepted=25191089|rate=116290.4/s|walker_min=63.154|walker_med=87.914|walker_max=94.948
STEP|n=532100000|unique=4046343|accepted=25191105|rate=116292.4/s|walker_min=68.431|walker_med=89.231|walker_max=95.280
STEP|n=532200000|unique=4046361|accepted=25191123|rate=116294.3/s|walker_min=58.321|walker_med=88.839|walker_max=94.971
STEP|n=532300000|unique=4046380|accepted=25191142|rate=116296.2/s|walker_min=46.969|walker_med=85.412|walker_max=94.952
STEP|n=532400000|unique=4046392|accepted=25191154|rate=116297.8/s|walker_min=67.698|walker_med=88.923|walker_max=95.183
STEP|n=532500000|unique=4046410|accepted=25191172|rate=116299.5/s|walker_min=47.936|walker_med=82.584|walker_max=95.138
STEP|n=532600000|unique=4046419|accepted=25191181|rate=116301.3/s|walker_min=64.928|walker_med=82.993|walker_max=94.396
STEP|n=532700000|unique=4046436|accepted=25191198|rate=116303.1/s|walker_min=73.539|walker_med=88.974|walker_max=94.880
STEP|n=532800000|unique=4046450|accepted=25191212|rate=116304.7/s|walker_min=47.851|walker_med=83.536|walker_max=95.137
STEP|n=532900000|unique=4046457|accepted=25191219|rate=116305.8/s|walker_min=39.100|walker_med=79.560|walker_max=95.127
STEP|n=533000000|unique=4046464|accepted=25191226|rate=116306.4/s|walker_min=28.761|walker_med=69.071|walker_max=92.471
STEP|n=533100000|unique=4046469|accepted=25191231|rate=116307.1/s|walker_min=42.258|walker_med=84.574|walker_max=94.999
STEP|n=533200000|unique=4046480|accepted=25191242|rate=116308.5/s|walker_min=57.049|walker_med=81.266|walker_max=94.876
STEP|n=533300000|unique=4046497|accepted=25191259|rate=116310.0/s|walker_min=39.260|walker_med=84.418|walker_max=94.462
STEP|n=533400000|unique=4046515|accepted=25191277|rate=116311.7/s|walker_min=60.248|walker_med=86.409|walker_max=95.100
STEP|n=533500000|unique=4046526|accepted=25191288|rate=116313.1/s|walker_min=58.241|walker_med=83.135|walker_max=94.745
STEP|n=533600000|unique=4046535|accepted=25191297|rate=116314.2/s|walker_min=68.884|walker_med=88.917|walker_max=95.046
STEP|n=533700000|unique=4046544|accepted=25191306|rate=116315.6/s|walker_min=57.340|walker_med=88.569|walker_max=94.702
STEP|n=533800000|unique=4046556|accepted=25191318|rate=116317.2/s|walker_min=67.065|walker_med=88.283|walker_max=95.111
STEP|n=533900000|unique=4046570|accepted=25191332|rate=116318.8/s|walker_min=66.929|walker_med=86.957|walker_max=95.045
STEP|n=534000000|unique=4046591|accepted=25191353|rate=116320.2/s|walker_min=49.299|walker_med=87.220|walker_max=94.092
STEP|n=534100000|unique=4046610|accepted=25191372|rate=116321.4/s|walker_min=54.167|walker_med=86.446|walker_max=95.206
STEP|n=534200000|unique=4046629|accepted=25191391|rate=116322.6/s|walker_min=64.421|walker_med=87.826|walker_max=95.245
STEP|n=534300000|unique=4046643|accepted=25191405|rate=116324.1/s|walker_min=68.563|walker_med=88.698|walker_max=95.118
STEP|n=534400000|unique=4046655|accepted=25191417|rate=116325.6/s|walker_min=57.390|walker_med=83.137|walker_max=94.737
STEP|n=534500000|unique=4046675|accepted=25191437|rate=116326.7/s|walker_min=67.026|walker_med=90.184|walker_max=95.129
STEP|n=534600000|unique=4046688|accepted=25191450|rate=116328.1/s|walker_min=47.274|walker_med=82.356|walker_max=94.573
STEP|n=534700000|unique=4046699|accepted=25191461|rate=116329.5/s|walker_min=31.551|walker_med=85.353|walker_max=93.873
STEP|n=534800000|unique=4046718|accepted=25191480|rate=116330.8/s|walker_min=41.897|walker_med=79.605|walker_max=94.690
STEP|n=534900000|unique=4046726|accepted=25191488|rate=116331.4/s|walker_min=42.334|walker_med=78.471|walker_max=94.779
STEP|n=535000000|unique=4046740|accepted=25191502|rate=116331.3/s|walker_min=32.973|walker_med=73.758|walker_max=93.528
STEP|n=535100000|unique=4046752|accepted=25191514|rate=116330.5/s|walker_min=58.892|walker_med=77.697|walker_max=95.283
STEP|n=535200000|unique=4046765|accepted=25191527|rate=116331.7/s|walker_min=59.070|walker_med=82.688|walker_max=95.207
STEP|n=535300000|unique=4046781|accepted=25191543|rate=116333.1/s|walker_min=58.253|walker_med=86.665|walker_max=94.913
STEP|n=535400000|unique=4046790|accepted=25191552|rate=116334.3/s|walker_min=48.965|walker_med=84.826|walker_max=95.094
STEP|n=535500000|unique=4046807|accepted=25191569|rate=116335.3/s|walker_min=53.862|walker_med=89.963|walker_max=95.083
STEP|n=535600000|unique=4046824|accepted=25191586|rate=116336.4/s|walker_min=60.516|walker_med=87.524|walker_max=95.125
STEP|n=535700000|unique=4046839|accepted=25191601|rate=116337.9/s|walker_min=62.608|walker_med=84.702|walker_max=94.768
STEP|n=535800000|unique=4046858|accepted=25191620|rate=116339.7/s|walker_min=64.710|walker_med=87.244|walker_max=95.186
STEP|n=535900000|unique=4046872|accepted=25191634|rate=116341.5/s|walker_min=62.599|walker_med=87.643|walker_max=95.236
STEP|n=536000000|unique=4046883|accepted=25191645|rate=116342.9/s|walker_min=67.649|walker_med=91.237|walker_max=95.110
STEP|n=536100000|unique=4046899|accepted=25191661|rate=116344.1/s|walker_min=56.002|walker_med=84.584|walker_max=94.800
STEP|n=536200000|unique=4046915|accepted=25191677|rate=116345.3/s|walker_min=55.844|walker_med=85.674|walker_max=95.121
STEP|n=536300000|unique=4046928|accepted=25191690|rate=116347.0/s|walker_min=55.545|walker_med=87.670|walker_max=93.970
STEP|n=536400000|unique=4046936|accepted=25191698|rate=116348.7/s|walker_min=63.710|walker_med=86.774|walker_max=94.081
STEP|n=536500000|unique=4046954|accepted=25191716|rate=116350.0/s|walker_min=67.605|walker_med=87.979|walker_max=94.987
STEP|n=536600000|unique=4046963|accepted=25191725|rate=116351.5/s|walker_min=49.774|walker_med=88.030|walker_max=95.277
STEP|n=536700000|unique=4046972|accepted=25191734|rate=116353.1/s|walker_min=62.889|walker_med=85.902|walker_max=94.469
STEP|n=536800000|unique=4046977|accepted=25191739|rate=116354.3/s|walker_min=60.661|walker_med=85.704|walker_max=94.966
STEP|n=536900000|unique=4046987|accepted=25191749|rate=116354.6/s|walker_min=49.665|walker_med=81.501|walker_max=94.767
STEP|n=537000000|unique=4047002|accepted=25191764|rate=116354.3/s|walker_min=47.875|walker_med=69.133|walker_max=93.848
STEP|n=537100000|unique=4047009|accepted=25191771|rate=116354.5/s|walker_min=42.504|walker_med=78.765|walker_max=94.653
STEP|n=537200000|unique=4047024|accepted=25191786|rate=116355.7/s|walker_min=53.135|walker_med=82.272|walker_max=95.151
STEP|n=537300000|unique=4047033|accepted=25191795|rate=116357.1/s|walker_min=65.188|walker_med=87.311|walker_max=94.295
STEP|n=537400000|unique=4047048|accepted=25191810|rate=116358.3/s|walker_min=43.943|walker_med=84.691|walker_max=94.977
STEP|n=537500000|unique=4047062|accepted=25191824|rate=116359.3/s|walker_min=68.281|walker_med=86.454|walker_max=95.067
STEP|n=537600000|unique=4047082|accepted=25191844|rate=116360.2/s|walker_min=55.294|walker_med=86.171|walker_max=95.045
STEP|n=537700000|unique=4047106|accepted=25191868|rate=116361.7/s|walker_min=54.073|walker_med=86.395|walker_max=95.241
STEP|n=537800000|unique=4047118|accepted=25191880|rate=116362.8/s|walker_min=54.796|walker_med=86.558|walker_max=95.146
STEP|n=537900000|unique=4047126|accepted=25191888|rate=116364.0/s|walker_min=63.688|walker_med=89.122|walker_max=95.091
STEP|n=538000000|unique=4047134|accepted=25191896|rate=116366.1/s|walker_min=53.561|walker_med=86.462|walker_max=95.226
STEP|n=538100000|unique=4047150|accepted=25191912|rate=116368.3/s|walker_min=53.309|walker_med=84.380|walker_max=94.951
STEP|n=538200000|unique=4047163|accepted=25191925|rate=116370.5/s|walker_min=53.911|walker_med=86.530|walker_max=95.204
STEP|n=538300000|unique=4047179|accepted=25191941|rate=116371.7/s|walker_min=56.854|walker_med=88.297|walker_max=95.132
STEP|n=538400000|unique=4047188|accepted=25191950|rate=116372.8/s|walker_min=65.836|walker_med=88.442|walker_max=94.994
STEP|n=538500000|unique=4047201|accepted=25191963|rate=116374.0/s|walker_min=48.815|walker_med=86.516|walker_max=94.710
STEP|n=538600000|unique=4047218|accepted=25191980|rate=116375.8/s|walker_min=57.957|walker_med=81.318|walker_max=94.931
STEP|n=538700000|unique=4047229|accepted=25191991|rate=116377.6/s|walker_min=39.520|walker_med=87.411|walker_max=95.246
STEP|n=538800000|unique=4047246|accepted=25192008|rate=116379.1/s|walker_min=36.115|walker_med=85.921|walker_max=94.691
STEP|n=538900000|unique=4047266|accepted=25192028|rate=116379.7/s|walker_min=52.605|walker_med=86.470|walker_max=94.510
STEP|n=539000000|unique=4047283|accepted=25192045|rate=116379.7/s|walker_min=29.391|walker_med=73.296|walker_max=95.230
STEP|n=539100000|unique=4047295|accepted=25192057|rate=116380.2/s|walker_min=45.593|walker_med=78.905|walker_max=94.392
STEP|n=539200000|unique=4047304|accepted=25192066|rate=116381.6/s|walker_min=52.375|walker_med=83.039|walker_max=94.975
STEP|n=539300000|unique=4047313|accepted=25192075|rate=116383.4/s|walker_min=57.287|walker_med=87.481|walker_max=94.726
STEP|n=539400000|unique=4047327|accepted=25192089|rate=116384.8/s|walker_min=57.965|walker_med=85.627|walker_max=94.729
STEP|n=539500000|unique=4047332|accepted=25192094|rate=116385.8/s|walker_min=56.771|walker_med=87.879|walker_max=95.036
STEP|n=539600000|unique=4047354|accepted=25192116|rate=116386.9/s|walker_min=63.817|walker_med=86.584|walker_max=94.530
STEP|n=539700000|unique=4047372|accepted=25192134|rate=116388.9/s|walker_min=63.624|walker_med=86.282|walker_max=95.197
STEP|n=539800000|unique=4047387|accepted=25192149|rate=116390.9/s|walker_min=60.875|walker_med=90.195|walker_max=94.564
STEP|n=539900000|unique=4047400|accepted=25192162|rate=116393.0/s|walker_min=55.369|walker_med=87.476|walker_max=94.276
STEP|n=540000000|unique=4047411|accepted=25192173|rate=116394.4/s|walker_min=43.492|walker_med=87.161|walker_max=95.132
STEP|n=540100000|unique=4047420|accepted=25192182|rate=116395.6/s|walker_min=63.256|walker_med=90.169|walker_max=94.973
STEP|n=540200000|unique=4047438|accepted=25192200|rate=116396.8/s|walker_min=69.433|walker_med=88.859|walker_max=95.138
STEP|n=540300000|unique=4047450|accepted=25192212|rate=116398.9/s|walker_min=69.584|walker_med=88.021|walker_max=94.832
STEP|n=540400000|unique=4047465|accepted=25192227|rate=116400.9/s|walker_min=56.223|walker_med=88.048|walker_max=94.770
STEP|n=540500000|unique=4047480|accepted=25192242|rate=116402.9/s|walker_min=65.225|walker_med=85.045|walker_max=94.648
STEP|n=540600000|unique=4047496|accepted=25192258|rate=116404.0/s|walker_min=59.545|walker_med=89.446|walker_max=95.166
STEP|n=540700000|unique=4047502|accepted=25192264|rate=116404.9/s|walker_min=53.342|walker_med=86.192|walker_max=95.249
STEP|n=540800000|unique=4047514|accepted=25192276|rate=116405.9/s|walker_min=44.201|walker_med=84.855|walker_max=95.284
STEP|n=540900000|unique=4047522|accepted=25192284|rate=116407.3/s|walker_min=48.546|walker_med=77.251|walker_max=92.165
STEP|n=541000000|unique=4047528|accepted=25192290|rate=116408.2/s|walker_min=42.783|walker_med=80.552|walker_max=93.888
STEP|n=541100000|unique=4047547|accepted=25192309|rate=116408.9/s|walker_min=45.912|walker_med=81.870|walker_max=94.379
STEP|n=541200000|unique=4047564|accepted=25192326|rate=116409.5/s|walker_min=58.054|walker_med=88.966|walker_max=95.279
STEP|n=541300000|unique=4047576|accepted=25192338|rate=116410.3/s|walker_min=55.430|walker_med=86.922|walker_max=94.741
STEP|n=541400000|unique=4047586|accepted=25192348|rate=116411.7/s|walker_min=53.478|walker_med=84.114|walker_max=94.858
STEP|n=541500000|unique=4047595|accepted=25192357|rate=116413.5/s|walker_min=61.622|walker_med=85.169|walker_max=94.793
STEP|n=541600000|unique=4047606|accepted=25192368|rate=116415.5/s|walker_min=54.254|walker_med=90.840|walker_max=95.052
STEP|n=541700000|unique=4047618|accepted=25192380|rate=116416.9/s|walker_min=59.845|walker_med=89.004|walker_max=95.090
STEP|n=541800000|unique=4047631|accepted=25192393|rate=116418.1/s|walker_min=62.496|walker_med=88.054|walker_max=95.114
STEP|n=541900000|unique=4047643|accepted=25192405|rate=116418.8/s|walker_min=61.088|walker_med=86.199|walker_max=94.305
STEP|n=542000000|unique=4047662|accepted=25192424|rate=116420.5/s|walker_min=46.626|walker_med=87.850|walker_max=94.064
STEP|n=542100000|unique=4047675|accepted=25192437|rate=116422.4/s|walker_min=58.153|walker_med=86.532|walker_max=94.442
STEP|n=542200000|unique=4047689|accepted=25192451|rate=116424.3/s|walker_min=68.665|walker_med=87.510|walker_max=94.872
STEP|n=542300000|unique=4047708|accepted=25192470|rate=116425.4/s|walker_min=68.508|walker_med=88.893|walker_max=95.282
STEP|n=542400000|unique=4047721|accepted=25192483|rate=116426.4/s|walker_min=51.141|walker_med=86.053|walker_max=94.940
STEP|n=542500000|unique=4047733|accepted=25192495|rate=116427.5/s|walker_min=73.180|walker_med=87.143|walker_max=95.029
STEP|n=542600000|unique=4047744|accepted=25192506|rate=116429.3/s|walker_min=60.953|walker_med=85.624|walker_max=95.124
STEP|n=542700000|unique=4047758|accepted=25192520|rate=116431.0/s|walker_min=51.180|walker_med=86.537|walker_max=94.932
STEP|n=542800000|unique=4047767|accepted=25192529|rate=116432.5/s|walker_min=60.760|walker_med=89.728|walker_max=95.240
STEP|n=542900000|unique=4047784|accepted=25192546|rate=116433.2/s|walker_min=49.591|walker_med=81.527|walker_max=94.940
STEP|n=543000000|unique=4047798|accepted=25192560|rate=116433.0/s|walker_min=33.397|walker_med=62.023|walker_max=93.254
STEP|n=543100000|unique=4047805|accepted=25192567|rate=116433.4/s|walker_min=45.454|walker_med=79.582|walker_max=94.181
STEP|n=543200000|unique=4047821|accepted=25192583|rate=116434.8/s|walker_min=50.973|walker_med=82.207|walker_max=94.898
STEP|n=543300000|unique=4047835|accepted=25192597|rate=116436.6/s|walker_min=57.534|walker_med=89.176|walker_max=95.048
STEP|n=543400000|unique=4047852|accepted=25192614|rate=116438.1/s|walker_min=45.225|walker_med=89.712|walker_max=95.120
STEP|n=543500000|unique=4047871|accepted=25192633|rate=116439.1/s|walker_min=68.548|walker_med=86.291|walker_max=95.065
STEP|n=543600000|unique=4047884|accepted=25192646|rate=116440.2/s|walker_min=47.677|walker_med=87.403|walker_max=95.019
STEP|n=543700000|unique=4047898|accepted=25192660|rate=116441.9/s|walker_min=59.139|walker_med=86.395|walker_max=95.242
STEP|n=543800000|unique=4047927|accepted=25192689|rate=116443.9/s|walker_min=63.394|walker_med=90.137|walker_max=94.238
STEP|n=543900000|unique=4047941|accepted=25192703|rate=116445.8/s|walker_min=66.606|walker_med=87.539|walker_max=94.965
STEP|n=544000000|unique=4047974|accepted=25192736|rate=116447.3/s|walker_min=63.113|walker_med=86.731|walker_max=94.820
STEP|n=544100000|unique=4047992|accepted=25192754|rate=116448.5/s|walker_min=59.662|walker_med=88.634|walker_max=95.153
STEP|n=544200000|unique=4048000|accepted=25192762|rate=116449.6/s|walker_min=61.681|walker_med=88.206|walker_max=95.068
STEP|n=544300000|unique=4048019|accepted=25192781|rate=116451.5/s|walker_min=60.895|walker_med=86.916|walker_max=95.018
STEP|n=544400000|unique=4048032|accepted=25192794|rate=116453.3/s|walker_min=71.562|walker_med=88.048|walker_max=95.247
STEP|n=544500000|unique=4048046|accepted=25192808|rate=116455.2/s|walker_min=68.932|walker_med=87.381|walker_max=95.008
STEP|n=544600000|unique=4048059|accepted=25192821|rate=116456.3/s|walker_min=69.982|walker_med=86.804|walker_max=95.041
STEP|n=544700000|unique=4048070|accepted=25192832|rate=116457.1/s|walker_min=57.171|walker_med=85.541|walker_max=95.127
STEP|n=544800000|unique=4048085|accepted=25192847|rate=116458.2/s|walker_min=49.198|walker_med=85.947|walker_max=95.207
STEP|n=544900000|unique=4048106|accepted=25192868|rate=116459.6/s|walker_min=40.616|walker_med=78.093|walker_max=95.144
STEP|n=545000000|unique=4048117|accepted=25192879|rate=116460.5/s|walker_min=33.066|walker_med=70.843|walker_max=94.245
STEP|n=545100000|unique=4048127|accepted=25192889|rate=116461.0/s|walker_min=43.202|walker_med=78.010|walker_max=94.665
STEP|n=545200000|unique=4048135|accepted=25192897|rate=116461.5/s|walker_min=51.197|walker_med=82.805|walker_max=95.113
STEP|n=545300000|unique=4048147|accepted=25192909|rate=116462.3/s|walker_min=57.087|walker_med=86.148|walker_max=94.830
STEP|n=545400000|unique=4048165|accepted=25192927|rate=116463.7/s|walker_min=60.285|walker_med=85.454|walker_max=95.183
STEP|n=545500000|unique=4048183|accepted=25192945|rate=116465.5/s|walker_min=64.916|walker_med=83.973|walker_max=94.354
STEP|n=545600000|unique=4048198|accepted=25192960|rate=116467.4/s|walker_min=54.432|walker_med=84.628|walker_max=95.242
STEP|n=545700000|unique=4048210|accepted=25192972|rate=116468.8/s|walker_min=56.766|walker_med=87.926|walker_max=94.966
STEP|n=545800000|unique=4048223|accepted=25192985|rate=116469.8/s|walker_min=66.020|walker_med=88.094|walker_max=95.224
STEP|n=545900000|unique=4048235|accepted=25192997|rate=116471.0/s|walker_min=58.466|walker_med=88.495|walker_max=95.166
STEP|n=546000000|unique=4048242|accepted=25193004|rate=116472.6/s|walker_min=57.670|walker_med=88.830|walker_max=95.117
STEP|n=546100000|unique=4048253|accepted=25193015|rate=116474.5/s|walker_min=61.052|walker_med=85.987|walker_max=95.011
STEP|n=546200000|unique=4048259|accepted=25193021|rate=116476.4/s|walker_min=59.883|walker_med=89.212|walker_max=95.232
STEP|n=546300000|unique=4048289|accepted=25193051|rate=116477.6/s|walker_min=70.064|walker_med=89.233|walker_max=94.949
STEP|n=546400000|unique=4048303|accepted=25193065|rate=116478.7/s|walker_min=66.209|walker_med=84.182|walker_max=95.112
STEP|n=546500000|unique=4048312|accepted=25193074|rate=116479.8/s|walker_min=53.071|walker_med=82.065|walker_max=95.024
STEP|n=546600000|unique=4048328|accepted=25193090|rate=116481.6/s|walker_min=36.632|walker_med=84.708|walker_max=94.556
STEP|n=546700000|unique=4048347|accepted=25193109|rate=116483.3/s|walker_min=35.175|walker_med=82.692|walker_max=95.001
STEP|n=546800000|unique=4048358|accepted=25193120|rate=116484.7/s|walker_min=55.611|walker_med=84.213|walker_max=94.919
STEP|n=546900000|unique=4048376|accepted=25193138|rate=116485.3/s|walker_min=56.448|walker_med=82.933|walker_max=94.338
STEP|n=547000000|unique=4048387|accepted=25193149|rate=116485.2/s|walker_min=31.522|walker_med=69.623|walker_max=95.020
STEP|n=547100000|unique=4048394|accepted=25193156|rate=116485.6/s|walker_min=41.183|walker_med=80.835|walker_max=94.345
STEP|n=547200000|unique=4048410|accepted=25193172|rate=116487.1/s|walker_min=54.656|walker_med=84.987|walker_max=94.743
STEP|n=547300000|unique=4048416|accepted=25193178|rate=116489.0/s|walker_min=63.315|walker_med=86.956|walker_max=95.212
STEP|n=547400000|unique=4048428|accepted=25193190|rate=116490.4/s|walker_min=60.612|walker_med=83.688|walker_max=94.156
STEP|n=547500000|unique=4048441|accepted=25193203|rate=116491.3/s|walker_min=60.267|walker_med=84.428|walker_max=94.713
STEP|n=547600000|unique=4048457|accepted=25193219|rate=116492.4/s|walker_min=60.813|walker_med=87.567|walker_max=95.209
STEP|n=547700000|unique=4048476|accepted=25193238|rate=116494.0/s|walker_min=52.730|walker_med=89.226|walker_max=95.194
STEP|n=547800000|unique=4048492|accepted=25193254|rate=116496.0/s|walker_min=66.170|walker_med=86.413|walker_max=95.111
STEP|n=547900000|unique=4048502|accepted=25193264|rate=116498.0/s|walker_min=68.022|walker_med=89.975|walker_max=94.862
STEP|n=548000000|unique=4048514|accepted=25193276|rate=116499.5/s|walker_min=61.453|walker_med=86.846|walker_max=95.012
STEP|n=548100000|unique=4048526|accepted=25193288|rate=116500.6/s|walker_min=35.246|walker_med=86.820|walker_max=95.169
STEP|n=548200000|unique=4048534|accepted=25193296|rate=116501.6/s|walker_min=67.280|walker_med=85.601|walker_max=94.850
STEP|n=548300000|unique=4048541|accepted=25193303|rate=116503.4/s|walker_min=43.239|walker_med=87.312|walker_max=94.896
STEP|n=548400000|unique=4048562|accepted=25193324|rate=116505.4/s|walker_min=35.564|walker_med=84.766|walker_max=95.190
STEP|n=548500000|unique=4048572|accepted=25193334|rate=116507.3/s|walker_min=46.517|walker_med=88.171|walker_max=94.959
STEP|n=548600000|unique=4048583|accepted=25193345|rate=116508.4/s|walker_min=59.765|walker_med=86.326|walker_max=94.731
STEP|n=548700000|unique=4048597|accepted=25193359|rate=116509.4/s|walker_min=60.134|walker_med=85.948|walker_max=94.923
STEP|n=548800000|unique=4048616|accepted=25193378|rate=116510.3/s|walker_min=59.082|walker_med=88.036|walker_max=94.989
STEP|n=548900000|unique=4048628|accepted=25193390|rate=116511.8/s|walker_min=50.936|walker_med=84.075|walker_max=95.272
STEP|n=549000000|unique=4048632|accepted=25193394|rate=116512.8/s|walker_min=38.198|walker_med=70.865|walker_max=92.142
STEP|n=549100000|unique=4048641|accepted=25193403|rate=116513.5/s|walker_min=49.934|walker_med=84.615|walker_max=94.927
STEP|n=549200000|unique=4048654|accepted=25193416|rate=116514.0/s|walker_min=54.883|walker_med=81.825|walker_max=94.418
STEP|n=549300000|unique=4048665|accepted=25193427|rate=116514.7/s|walker_min=63.537|walker_med=82.908|walker_max=95.038
STEP|n=549400000|unique=4048671|accepted=25193433|rate=116515.8/s|walker_min=52.348|walker_med=84.207|walker_max=94.681
STEP|n=549500000|unique=4048681|accepted=25193443|rate=116517.4/s|walker_min=58.390|walker_med=84.459|walker_max=94.508
STEP|n=549600000|unique=4048689|accepted=25193451|rate=116519.2/s|walker_min=61.809|walker_med=86.500|walker_max=95.240
STEP|n=549700000|unique=4048703|accepted=25193465|rate=116521.0/s|walker_min=59.306|walker_med=86.989|walker_max=95.099
STEP|n=549800000|unique=4048716|accepted=25193478|rate=116522.7/s|walker_min=62.058|walker_med=86.961|walker_max=95.225
STEP|n=549900000|unique=4048731|accepted=25193493|rate=116524.2/s|walker_min=68.376|walker_med=89.090|walker_max=95.194
STEP|n=550000000|unique=4048753|accepted=25193515|rate=116526.2/s|walker_min=60.230|walker_med=87.250|walker_max=95.025
CHECKPOINT|step=550000000|unique=4048753|saved=3000000|min=25.4807|max=92.5686
STEP|n=550100000|unique=4048764|accepted=25193526|rate=116380.6/s|walker_min=57.156|walker_med=86.592|walker_max=95.064
STEP|n=550200000|unique=4048782|accepted=25193544|rate=116381.8/s|walker_min=52.563|walker_med=89.967|walker_max=94.885
STEP|n=550300000|unique=4048801|accepted=25193563|rate=116382.9/s|walker_min=32.523|walker_med=88.931|walker_max=95.266
STEP|n=550400000|unique=4048812|accepted=25193574|rate=116384.1/s|walker_min=65.231|walker_med=88.473|walker_max=95.245
STEP|n=550500000|unique=4048818|accepted=25193580|rate=116385.0/s|walker_min=54.893|walker_med=84.361|walker_max=94.582
STEP|n=550600000|unique=4048829|accepted=25193591|rate=116385.9/s|walker_min=64.500|walker_med=87.994|walker_max=94.645
STEP|n=550700000|unique=4048836|accepted=25193598|rate=116386.7/s|walker_min=41.686|walker_med=82.612|walker_max=95.101
STEP|n=550800000|unique=4048842|accepted=25193604|rate=116387.4/s|walker_min=39.649|walker_med=85.074|walker_max=94.955
STEP|n=550900000|unique=4048848|accepted=25193610|rate=116387.9/s|walker_min=44.426|walker_med=77.508|walker_max=94.653
STEP|n=551000000|unique=4048855|accepted=25193617|rate=116387.8/s|walker_min=32.655|walker_med=72.354|walker_max=95.146
STEP|n=551100000|unique=4048864|accepted=25193626|rate=116387.5/s|walker_min=36.614|walker_med=84.230|walker_max=95.118
STEP|n=551200000|unique=4048871|accepted=25193633|rate=116388.0/s|walker_min=42.442|walker_med=84.034|walker_max=95.074
STEP|n=551300000|unique=4048890|accepted=25193652|rate=116388.9/s|walker_min=63.473|walker_med=83.050|walker_max=94.581
STEP|n=551400000|unique=4048903|accepted=25193665|rate=116389.8/s|walker_min=51.721|walker_med=84.517|walker_max=94.716
STEP|n=551500000|unique=4048909|accepted=25193671|rate=116390.8/s|walker_min=55.526|walker_med=88.754|walker_max=95.012
STEP|n=551600000|unique=4048915|accepted=25193677|rate=116391.7/s|walker_min=54.001|walker_med=84.263|walker_max=95.106
STEP|n=551700000|unique=4048921|accepted=25193683|rate=116392.7/s|walker_min=62.291|walker_med=87.553|walker_max=95.229
STEP|n=551800000|unique=4048944|accepted=25193706|rate=116393.8/s|walker_min=62.770|walker_med=88.114|walker_max=95.230
STEP|n=551900000|unique=4048957|accepted=25193719|rate=116395.0/s|walker_min=71.845|walker_med=88.590|walker_max=94.677
STEP|n=552000000|unique=4048968|accepted=25193730|rate=116396.1/s|walker_min=74.688|walker_med=85.248|walker_max=93.841
STEP|n=552100000|unique=4048980|accepted=25193742|rate=116397.3/s|walker_min=50.331|walker_med=87.584|walker_max=94.796
STEP|n=552200000|unique=4049001|accepted=25193763|rate=116398.4/s|walker_min=72.013|walker_med=88.774|walker_max=95.024
STEP|n=552300000|unique=4049008|accepted=25193770|rate=116399.3/s|walker_min=51.761|walker_med=86.676|walker_max=94.803
STEP|n=552400000|unique=4049018|accepted=25193780|rate=116400.5/s|walker_min=40.594|walker_med=90.147|walker_max=94.747
STEP|n=552500000|unique=4049028|accepted=25193790|rate=116401.6/s|walker_min=57.691|walker_med=88.811|walker_max=95.043
STEP|n=552600000|unique=4049043|accepted=25193805|rate=116402.6/s|walker_min=65.223|walker_med=89.689|walker_max=95.272
STEP|n=552700000|unique=4049055|accepted=25193817|rate=116403.6/s|walker_min=49.665|walker_med=85.305|walker_max=95.077
STEP|n=552800000|unique=4049065|accepted=25193827|rate=116404.4/s|walker_min=53.662|walker_med=82.455|walker_max=94.872
STEP|n=552900000|unique=4049078|accepted=25193840|rate=116404.9/s|walker_min=32.300|walker_med=73.091|walker_max=94.072
STEP|n=553000000|unique=4049090|accepted=25193852|rate=116404.9/s|walker_min=31.268|walker_med=69.213|walker_max=88.722
STEP|n=553100000|unique=4049105|accepted=25193867|rate=116404.9/s|walker_min=44.689|walker_med=81.176|walker_max=94.628
STEP|n=553200000|unique=4049120|accepted=25193882|rate=116405.6/s|walker_min=58.374|walker_med=83.667|walker_max=94.812
STEP|n=553300000|unique=4049130|accepted=25193892|rate=116406.4/s|walker_min=57.569|walker_med=87.649|walker_max=94.833
STEP|n=553400000|unique=4049141|accepted=25193903|rate=116407.3/s|walker_min=57.715|walker_med=83.459|walker_max=95.233
STEP|n=553500000|unique=4049154|accepted=25193916|rate=116408.4/s|walker_min=60.304|walker_med=90.217|walker_max=95.219
STEP|n=553600000|unique=4049172|accepted=25193934|rate=116409.6/s|walker_min=62.733|walker_med=86.371|walker_max=94.063
STEP|n=553700000|unique=4049187|accepted=25193949|rate=116410.7/s|walker_min=52.163|walker_med=85.180|walker_max=94.416
STEP|n=553800000|unique=4049200|accepted=25193962|rate=116411.8/s|walker_min=59.102|walker_med=85.591|walker_max=94.345
STEP|n=553900000|unique=4049215|accepted=25193977|rate=116412.8/s|walker_min=60.056|walker_med=88.970|walker_max=95.188
STEP|n=554000000|unique=4049237|accepted=25193999|rate=116413.9/s|walker_min=63.154|walker_med=85.665|walker_max=95.168
STEP|n=554100000|unique=4049246|accepted=25194008|rate=116415.0/s|walker_min=69.481|walker_med=88.956|walker_max=94.992
STEP|n=554200000|unique=4049252|accepted=25194014|rate=116416.1/s|walker_min=54.599|walker_med=87.675|walker_max=95.187
STEP|n=554300000|unique=4049265|accepted=25194027|rate=116417.3/s|walker_min=66.868|walker_med=90.657|walker_max=95.140
STEP|n=554400000|unique=4049280|accepted=25194042|rate=116418.2/s|walker_min=61.651|walker_med=84.812|walker_max=95.202
STEP|n=554500000|unique=4049291|accepted=25194053|rate=116419.3/s|walker_min=54.083|walker_med=87.413|walker_max=95.238
STEP|n=554600000|unique=4049306|accepted=25194068|rate=116420.3/s|walker_min=60.236|walker_med=85.219|walker_max=94.430
STEP|n=554700000|unique=4049328|accepted=25194090|rate=116421.3/s|walker_min=47.394|walker_med=78.906|walker_max=94.720
STEP|n=554800000|unique=4049335|accepted=25194097|rate=116422.1/s|walker_min=57.471|walker_med=81.650|walker_max=94.003
STEP|n=554900000|unique=4049342|accepted=25194104|rate=116422.5/s|walker_min=56.270|walker_med=80.864|walker_max=94.803
STEP|n=555000000|unique=4049355|accepted=25194117|rate=116422.6/s|walker_min=33.301|walker_med=74.488|walker_max=91.977
STEP|n=555100000|unique=4049359|accepted=25194121|rate=116422.6/s|walker_min=47.947|walker_med=86.036|walker_max=94.365
STEP|n=555200000|unique=4049373|accepted=25194135|rate=116423.2/s|walker_min=50.832|walker_med=85.700|walker_max=95.083
STEP|n=555300000|unique=4049382|accepted=25194144|rate=116424.1/s|walker_min=37.057|walker_med=85.352|walker_max=95.203
STEP|n=555400000|unique=4049390|accepted=25194152|rate=116424.9/s|walker_min=60.064|walker_med=85.382|walker_max=94.907
STEP|n=555500000|unique=4049400|accepted=25194162|rate=116425.9/s|walker_min=55.319|walker_med=88.479|walker_max=95.156
STEP|n=555600000|unique=4049414|accepted=25194176|rate=116427.1/s|walker_min=67.715|walker_med=83.037|walker_max=94.827
STEP|n=555700000|unique=4049428|accepted=25194190|rate=116428.2/s|walker_min=51.833|walker_med=84.559|walker_max=94.334
STEP|n=555800000|unique=4049450|accepted=25194212|rate=116429.3/s|walker_min=66.207|walker_med=90.107|walker_max=95.030
STEP|n=555900000|unique=4049457|accepted=25194219|rate=116430.3/s|walker_min=57.531|walker_med=89.430|walker_max=95.100
STEP|n=556000000|unique=4049470|accepted=25194232|rate=116431.4/s|walker_min=51.859|walker_med=86.284|walker_max=95.088
STEP|n=556100000|unique=4049487|accepted=25194249|rate=116432.6/s|walker_min=69.434|walker_med=90.559|walker_max=95.125
STEP|n=556200000|unique=4049500|accepted=25194262|rate=116433.7/s|walker_min=69.022|walker_med=87.547|walker_max=95.166
STEP|n=556300000|unique=4049512|accepted=25194274|rate=116434.9/s|walker_min=61.339|walker_med=89.914|walker_max=95.186
STEP|n=556400000|unique=4049522|accepted=25194284|rate=116436.0/s|walker_min=44.009|walker_med=85.088|walker_max=95.198
STEP|n=556500000|unique=4049532|accepted=25194294|rate=116437.0/s|walker_min=62.024|walker_med=87.697|walker_max=95.131
STEP|n=556600000|unique=4049556|accepted=25194318|rate=116438.1/s|walker_min=53.360|walker_med=88.552|walker_max=95.019
STEP|n=556700000|unique=4049562|accepted=25194324|rate=116439.0/s|walker_min=55.438|walker_med=85.078|walker_max=94.576
STEP|n=556800000|unique=4049578|accepted=25194340|rate=116439.7/s|walker_min=51.788|walker_med=83.773|walker_max=94.739
STEP|n=556900000|unique=4049591|accepted=25194353|rate=116440.1/s|walker_min=46.942|walker_med=82.788|walker_max=94.707
STEP|n=557000000|unique=4049598|accepted=25194360|rate=116440.4/s|walker_min=39.151|walker_med=69.555|walker_max=94.335
STEP|n=557100000|unique=4049609|accepted=25194371|rate=116440.4/s|walker_min=46.878|walker_med=82.976|walker_max=95.023
STEP|n=557200000|unique=4049618|accepted=25194380|rate=116441.2/s|walker_min=55.144|walker_med=87.812|walker_max=94.789
STEP|n=557300000|unique=4049627|accepted=25194389|rate=116441.9/s|walker_min=50.304|walker_med=83.625|walker_max=94.561
STEP|n=557400000|unique=4049647|accepted=25194409|rate=116443.2/s|walker_min=59.831|walker_med=86.881|walker_max=94.535
STEP|n=557500000|unique=4049657|accepted=25194419|rate=116444.9/s|walker_min=61.031|walker_med=88.613|walker_max=95.216
STEP|n=557600000|unique=4049678|accepted=25194440|rate=116446.6/s|walker_min=54.796|walker_med=88.110|walker_max=94.629
STEP|n=557700000|unique=4049689|accepted=25194451|rate=116448.0/s|walker_min=63.166|walker_med=88.369|walker_max=95.043
STEP|n=557800000|unique=4049696|accepted=25194458|rate=116449.1/s|walker_min=58.813|walker_med=86.898|walker_max=93.875
STEP|n=557900000|unique=4049710|accepted=25194472|rate=116450.2/s|walker_min=49.069|walker_med=88.999|walker_max=95.247
STEP|n=558000000|unique=4049717|accepted=25194479|rate=116451.8/s|walker_min=58.131|walker_med=88.834|walker_max=94.792
STEP|n=558100000|unique=4049732|accepted=25194494|rate=116453.5/s|walker_min=59.458|walker_med=85.455|walker_max=95.111
STEP|n=558200000|unique=4049740|accepted=25194502|rate=116455.2/s|walker_min=72.551|walker_med=88.534|walker_max=95.249
STEP|n=558300000|unique=4049759|accepted=25194521|rate=116456.5/s|walker_min=68.696|walker_med=83.856|walker_max=93.908
STEP|n=558400000|unique=4049778|accepted=25194540|rate=116457.6/s|walker_min=42.654|walker_med=87.580|walker_max=94.806
STEP|n=558500000|unique=4049787|accepted=25194549|rate=116458.6/s|walker_min=53.752|walker_med=86.939|walker_max=94.776
STEP|n=558600000|unique=4049799|accepted=25194561|rate=116460.1/s|walker_min=55.308|walker_med=88.233|walker_max=95.008
STEP|n=558700000|unique=4049809|accepted=25194571|rate=116461.5/s|walker_min=70.734|walker_med=89.268|walker_max=95.228
STEP|n=558800000|unique=4049818|accepted=25194580|rate=116462.9/s|walker_min=40.906|walker_med=88.204|walker_max=95.176
STEP|n=558900000|unique=4049832|accepted=25194594|rate=116464.1/s|walker_min=58.971|walker_med=81.439|walker_max=94.348
STEP|n=559000000|unique=4049837|accepted=25194599|rate=116464.8/s|walker_min=32.346|walker_med=76.808|walker_max=94.882
STEP|n=559100000|unique=4049842|accepted=25194604|rate=116465.3/s|walker_min=46.275|walker_med=83.122|walker_max=94.990
STEP|n=559200000|unique=4049845|accepted=25194607|rate=116466.4/s|walker_min=45.908|walker_med=84.775|walker_max=93.894
STEP|n=559300000|unique=4049857|accepted=25194619|rate=116468.0/s|walker_min=50.311|walker_med=87.258|walker_max=94.884
STEP|n=559400000|unique=4049865|accepted=25194627|rate=116469.5/s|walker_min=54.523|walker_med=86.445|walker_max=93.711
STEP|n=559500000|unique=4049879|accepted=25194641|rate=116470.9/s|walker_min=63.117|walker_med=90.039|walker_max=95.094
STEP|n=559600000|unique=4049890|accepted=25194652|rate=116472.2/s|walker_min=54.613|walker_med=88.044|walker_max=94.677
STEP|n=559700000|unique=4049904|accepted=25194666|rate=116474.0/s|walker_min=52.904|walker_med=89.638|walker_max=95.131
STEP|n=559800000|unique=4049911|accepted=25194673|rate=116475.8/s|walker_min=56.494|walker_med=91.995|walker_max=95.256
STEP|n=559900000|unique=4049925|accepted=25194687|rate=116477.7/s|walker_min=59.278|walker_med=89.585|walker_max=95.156
STEP|n=560000000|unique=4049932|accepted=25194694|rate=116479.2/s|walker_min=54.436|walker_med=85.595|walker_max=94.969
STEP|n=560100000|unique=4049941|accepted=25194703|rate=116480.8/s|walker_min=61.470|walker_med=88.515|walker_max=95.233
STEP|n=560200000|unique=4049948|accepted=25194710|rate=116482.5/s|walker_min=69.942|walker_med=89.516|walker_max=95.017
STEP|n=560300000|unique=4049955|accepted=25194717|rate=116484.2/s|walker_min=62.172|walker_med=88.625|walker_max=95.213
STEP|n=560400000|unique=4049972|accepted=25194734|rate=116486.0/s|walker_min=69.720|walker_med=87.240|walker_max=95.225
STEP|n=560500000|unique=4049984|accepted=25194746|rate=116487.7/s|walker_min=63.999|walker_med=85.071|walker_max=95.065
STEP|n=560600000|unique=4049996|accepted=25194758|rate=116489.4/s|walker_min=54.893|walker_med=86.255|walker_max=95.238
STEP|n=560700000|unique=4050003|accepted=25194765|rate=116490.8/s|walker_min=42.137|walker_med=80.022|walker_max=95.267
STEP|n=560800000|unique=4050012|accepted=25194774|rate=116492.1/s|walker_min=47.454|walker_med=82.431|walker_max=95.174
STEP|n=560900000|unique=4050027|accepted=25194789|rate=116493.3/s|walker_min=32.701|walker_med=80.410|walker_max=94.966
STEP|n=561000000|unique=4050036|accepted=25194798|rate=116494.1/s|walker_min=32.655|walker_med=76.281|walker_max=94.989
STEP|n=561100000|unique=4050042|accepted=25194804|rate=116494.9/s|walker_min=29.933|walker_med=77.175|walker_max=93.189
STEP|n=561200000|unique=4050048|accepted=25194810|rate=116495.9/s|walker_min=36.384|walker_med=88.155|walker_max=94.467
STEP|n=561300000|unique=4050052|accepted=25194814|rate=116497.3/s|walker_min=39.811|walker_med=80.351|walker_max=94.285
STEP|n=561400000|unique=4050067|accepted=25194829|rate=116498.7/s|walker_min=59.693|walker_med=85.711|walker_max=94.153
STEP|n=561500000|unique=4050073|accepted=25194835|rate=116500.4/s|walker_min=65.726|walker_med=86.982|walker_max=95.006
STEP|n=561600000|unique=4050083|accepted=25194845|rate=116502.1/s|walker_min=70.246|walker_med=87.837|walker_max=94.964
STEP|n=561700000|unique=4050092|accepted=25194854|rate=116503.7/s|walker_min=54.418|walker_med=89.315|walker_max=94.998
STEP|n=561800000|unique=4050099|accepted=25194861|rate=116505.3/s|walker_min=65.331|walker_med=89.243|walker_max=95.169
STEP|n=561900000|unique=4050118|accepted=25194880|rate=116506.8/s|walker_min=55.292|walker_med=87.951|walker_max=95.007
STEP|n=562000000|unique=4050131|accepted=25194893|rate=116508.5/s|walker_min=73.581|walker_med=87.599|walker_max=95.186
STEP|n=562100000|unique=4050145|accepted=25194907|rate=116510.4/s|walker_min=62.318|walker_med=86.631|walker_max=95.060
STEP|n=562200000|unique=4050162|accepted=25194924|rate=116512.3/s|walker_min=65.013|walker_med=88.359|walker_max=95.080
STEP|n=562300000|unique=4050176|accepted=25194938|rate=116514.1/s|walker_min=47.430|walker_med=87.776|walker_max=94.971
STEP|n=562400000|unique=4050193|accepted=25194955|rate=116515.7/s|walker_min=54.472|walker_med=87.771|walker_max=95.258
STEP|n=562500000|unique=4050204|accepted=25194966|rate=116517.2/s|walker_min=59.765|walker_med=86.167|walker_max=95.012
STEP|n=562600000|unique=4050212|accepted=25194974|rate=116518.8/s|walker_min=48.811|walker_med=86.559|walker_max=95.091
STEP|n=562700000|unique=4050224|accepted=25194986|rate=116520.3/s|walker_min=50.581|walker_med=82.609|walker_max=93.630
STEP|n=562800000|unique=4050239|accepted=25195001|rate=116521.8/s|walker_min=67.830|walker_med=82.889|walker_max=94.979
STEP|n=562900000|unique=4050263|accepted=25195025|rate=116523.1/s|walker_min=51.157|walker_med=80.293|walker_max=94.725
STEP|n=563000000|unique=4050270|accepted=25195032|rate=116523.6/s|walker_min=36.632|walker_med=74.663|walker_max=93.068
STEP|n=563100000|unique=4050283|accepted=25195045|rate=116524.2/s|walker_min=56.952|walker_med=74.635|walker_max=91.233
STEP|n=563200000|unique=4050291|accepted=25195053|rate=116525.2/s|walker_min=54.384|walker_med=78.137|walker_max=94.979
STEP|n=563300000|unique=4050304|accepted=25195066|rate=116526.6/s|walker_min=43.328|walker_med=84.664|walker_max=95.064
STEP|n=563400000|unique=4050313|accepted=25195075|rate=116528.2/s|walker_min=58.961|walker_med=86.745|walker_max=94.941
STEP|n=563500000|unique=4050325|accepted=25195087|rate=116529.6/s|walker_min=67.369|walker_med=86.840|walker_max=94.608
STEP|n=563600000|unique=4050343|accepted=25195105|rate=116531.1/s|walker_min=54.937|walker_med=85.149|walker_max=94.774
STEP|n=563700000|unique=4050354|accepted=25195116|rate=116532.6/s|walker_min=53.920|walker_med=83.177|walker_max=95.203
STEP|n=563800000|unique=4050367|accepted=25195129|rate=116534.3/s|walker_min=47.495|walker_med=88.869|walker_max=95.136
STEP|n=563900000|unique=4050376|accepted=25195138|rate=116536.1/s|walker_min=59.064|walker_med=84.564|walker_max=94.353
STEP|n=564000000|unique=4050392|accepted=25195154|rate=116537.9/s|walker_min=47.996|walker_med=85.406|walker_max=94.557
STEP|n=564100000|unique=4050408|accepted=25195170|rate=116539.4/s|walker_min=70.279|walker_med=90.828|walker_max=95.282
STEP|n=564200000|unique=4050420|accepted=25195182|rate=116541.0/s|walker_min=51.672|walker_med=88.671|walker_max=94.771
STEP|n=564300000|unique=4050437|accepted=25195199|rate=116542.6/s|walker_min=42.847|walker_med=91.188|walker_max=95.242
STEP|n=564400000|unique=4050449|accepted=25195211|rate=116544.3/s|walker_min=57.730|walker_med=85.611|walker_max=95.118
STEP|n=564500000|unique=4050456|accepted=25195218|rate=116546.0/s|walker_min=59.388|walker_med=83.040|walker_max=94.979
STEP|n=564600000|unique=4050466|accepted=25195228|rate=116547.6/s|walker_min=55.746|walker_med=87.583|walker_max=93.933
STEP|n=564700000|unique=4050472|accepted=25195234|rate=116549.1/s|walker_min=63.520|walker_med=86.117|walker_max=95.146
STEP|n=564800000|unique=4050482|accepted=25195244|rate=116550.4/s|walker_min=48.940|walker_med=84.470|walker_max=94.725
STEP|n=564900000|unique=4050492|accepted=25195254|rate=116551.5/s|walker_min=57.197|walker_med=79.272|walker_max=92.893
STEP|n=565000000|unique=4050498|accepted=25195260|rate=116552.3/s|walker_min=37.378|walker_med=68.507|walker_max=93.616
STEP|n=565100000|unique=4050505|accepted=25195267|rate=116552.9/s|walker_min=49.944|walker_med=77.168|walker_max=93.820
STEP|n=565200000|unique=4050513|accepted=25195275|rate=116554.1/s|walker_min=44.567|walker_med=82.532|walker_max=93.980
STEP|n=565300000|unique=4050534|accepted=25195296|rate=116555.4/s|walker_min=45.281|walker_med=79.873|walker_max=95.259
STEP|n=565400000|unique=4050537|accepted=25195299|rate=116556.8/s|walker_min=59.395|walker_med=83.789|walker_max=94.457
STEP|n=565500000|unique=4050543|accepted=25195305|rate=116558.4/s|walker_min=46.083|walker_med=84.067|walker_max=95.014
STEP|n=565600000|unique=4050554|accepted=25195316|rate=116560.1/s|walker_min=62.956|walker_med=85.963|walker_max=94.851
STEP|n=565700000|unique=4050567|accepted=25195329|rate=116561.9/s|walker_min=60.611|walker_med=84.963|walker_max=94.935
STEP|n=565800000|unique=4050577|accepted=25195339|rate=116563.6/s|walker_min=61.881|walker_med=86.897|walker_max=94.946
STEP|n=565900000|unique=4050596|accepted=25195358|rate=116565.2/s|walker_min=76.541|walker_med=87.620|walker_max=95.197
STEP|n=566000000|unique=4050607|accepted=25195369|rate=116566.7/s|walker_min=67.815|walker_med=87.592|walker_max=95.041
STEP|n=566100000|unique=4050620|accepted=25195382|rate=116568.4/s|walker_min=56.456|walker_med=91.765|walker_max=95.134
STEP|n=566200000|unique=4050633|accepted=25195395|rate=116570.2/s|walker_min=66.052|walker_med=83.425|walker_max=93.836
STEP|n=566300000|unique=4050642|accepted=25195404|rate=116572.0/s|walker_min=70.425|walker_med=87.240|walker_max=95.210
STEP|n=566400000|unique=4050650|accepted=25195412|rate=116573.5/s|walker_min=58.363|walker_med=84.829|walker_max=95.096
STEP|n=566500000|unique=4050658|accepted=25195420|rate=116575.0/s|walker_min=65.830|walker_med=87.933|walker_max=95.174
STEP|n=566600000|unique=4050670|accepted=25195432|rate=116576.4/s|walker_min=37.548|walker_med=86.983|walker_max=95.163
STEP|n=566700000|unique=4050677|accepted=25195439|rate=116577.8/s|walker_min=58.478|walker_med=78.534|walker_max=95.244
STEP|n=566800000|unique=4050694|accepted=25195456|rate=116579.2/s|walker_min=63.260|walker_med=87.544|walker_max=94.805
STEP|n=566900000|unique=4050704|accepted=25195466|rate=116580.3/s|walker_min=55.208|walker_med=77.556|walker_max=95.255
STEP|n=567000000|unique=4050712|accepted=25195474|rate=116580.8/s|walker_min=33.132|walker_med=68.449|walker_max=94.131
STEP|n=567100000|unique=4050722|accepted=25195484|rate=116581.3/s|walker_min=50.068|walker_med=82.924|walker_max=94.816
STEP|n=567200000|unique=4050730|accepted=25195492|rate=116582.4/s|walker_min=45.501|walker_med=82.500|walker_max=94.491
STEP|n=567300000|unique=4050739|accepted=25195501|rate=116583.8/s|walker_min=62.744|walker_med=85.760|walker_max=95.026
STEP|n=567400000|unique=4050748|accepted=25195510|rate=116583.3/s|walker_min=67.622|walker_med=84.707|walker_max=93.180
STEP|n=567500000|unique=4050768|accepted=25195530|rate=116584.9/s|walker_min=66.153|walker_med=85.264|walker_max=95.203
STEP|n=567600000|unique=4050784|accepted=25195546|rate=116586.5/s|walker_min=63.823|walker_med=86.059|walker_max=94.871
STEP|n=567700000|unique=4050791|accepted=25195553|rate=116588.0/s|walker_min=64.546|walker_med=87.092|walker_max=95.264
STEP|n=567800000|unique=4050809|accepted=25195571|rate=116589.7/s|walker_min=69.722|walker_med=90.448|walker_max=95.174
STEP|n=567900000|unique=4050822|accepted=25195584|rate=116591.5/s|walker_min=55.025|walker_med=87.869|walker_max=95.283
STEP|n=568000000|unique=4050833|accepted=25195595|rate=116593.2/s|walker_min=60.630|walker_med=87.155|walker_max=95.267
STEP|n=568100000|unique=4050846|accepted=25195608|rate=116594.9/s|walker_min=52.322|walker_med=85.138|walker_max=94.979
STEP|n=568200000|unique=4050866|accepted=25195628|rate=116596.5/s|walker_min=69.497|walker_med=87.649|walker_max=95.039
STEP|n=568300000|unique=4050899|accepted=25195661|rate=116598.1/s|walker_min=41.769|walker_med=86.657|walker_max=95.215
STEP|n=568400000|unique=4050910|accepted=25195672|rate=116599.8/s|walker_min=60.597|walker_med=85.135|walker_max=95.209
STEP|n=568500000|unique=4050924|accepted=25195686|rate=116601.5/s|walker_min=33.397|walker_med=82.961|walker_max=93.557
STEP|n=568600000|unique=4050934|accepted=25195696|rate=116603.1/s|walker_min=56.850|walker_med=86.173|walker_max=94.871
STEP|n=568700000|unique=4050949|accepted=25195711|rate=116604.6/s|walker_min=52.878|walker_med=83.827|walker_max=95.154
STEP|n=568800000|unique=4050959|accepted=25195721|rate=116605.8/s|walker_min=55.728|walker_med=83.054|walker_max=94.940
STEP|n=568900000|unique=4050977|accepted=25195739|rate=116606.8/s|walker_min=33.010|walker_med=81.967|walker_max=95.057
STEP|n=569000000|unique=4050984|accepted=25195746|rate=116607.4/s|walker_min=33.301|walker_med=72.620|walker_max=94.918
STEP|n=569100000|unique=4050986|accepted=25195748|rate=116608.2/s|walker_min=39.807|walker_med=84.869|walker_max=92.945
STEP|n=569200000|unique=4050996|accepted=25195758|rate=116609.5/s|walker_min=48.322|walker_med=83.056|walker_max=94.381
STEP|n=569300000|unique=4051006|accepted=25195768|rate=116610.8/s|walker_min=60.867|walker_med=81.939|walker_max=95.069
STEP|n=569400000|unique=4051022|accepted=25195784|rate=116612.3/s|walker_min=56.093|walker_med=86.994|walker_max=94.535
STEP|n=569500000|unique=4051027|accepted=25195789|rate=116613.9/s|walker_min=62.739|walker_med=90.213|walker_max=94.925
STEP|n=569600000|unique=4051040|accepted=25195802|rate=116615.6/s|walker_min=65.264|walker_med=89.234|walker_max=95.226
STEP|n=569700000|unique=4051049|accepted=25195811|rate=116617.3/s|walker_min=73.786|walker_med=90.434|walker_max=94.732
STEP|n=569800000|unique=4051058|accepted=25195820|rate=116619.0/s|walker_min=58.776|walker_med=85.136|walker_max=94.146
STEP|n=569900000|unique=4051074|accepted=25195836|rate=116620.6/s|walker_min=64.110|walker_med=89.939|walker_max=95.195
STEP|n=570000000|unique=4051077|accepted=25195839|rate=116622.0/s|walker_min=61.009|walker_med=90.603|walker_max=95.181
STEP|n=570100000|unique=4051084|accepted=25195846|rate=116623.7/s|walker_min=43.661|walker_med=88.402|walker_max=95.011
STEP|n=570200000|unique=4051098|accepted=25195860|rate=116625.5/s|walker_min=62.160|walker_med=88.832|walker_max=95.100
STEP|n=570300000|unique=4051107|accepted=25195869|rate=116627.2/s|walker_min=63.998|walker_med=85.433|walker_max=94.377
STEP|n=570400000|unique=4051117|accepted=25195879|rate=116628.8/s|walker_min=62.480|walker_med=88.169|walker_max=94.473
STEP|n=570500000|unique=4051131|accepted=25195893|rate=116630.3/s|walker_min=60.472|walker_med=84.174|walker_max=95.017
STEP|n=570600000|unique=4051144|accepted=25195906|rate=116631.6/s|walker_min=37.166|walker_med=82.162|walker_max=93.879
STEP|n=570700000|unique=4051152|accepted=25195914|rate=116633.1/s|walker_min=53.400|walker_med=87.286|walker_max=94.171
STEP|n=570800000|unique=4051162|accepted=25195924|rate=116634.6/s|walker_min=61.499|walker_med=81.366|walker_max=95.031
STEP|n=570900000|unique=4051170|accepted=25195932|rate=116635.3/s|walker_min=41.990|walker_med=82.552|walker_max=94.769
STEP|n=571000000|unique=4051176|accepted=25195938|rate=116635.6/s|walker_min=37.884|walker_med=73.458|walker_max=94.210
STEP|n=571100000|unique=4051195|accepted=25195957|rate=116635.9/s|walker_min=49.802|walker_med=78.283|walker_max=95.116
STEP|n=571200000|unique=4051197|accepted=25195959|rate=116636.7/s|walker_min=48.159|walker_med=82.461|walker_max=94.560
STEP|n=571300000|unique=4051201|accepted=25195963|rate=116637.3/s|walker_min=52.423|walker_med=85.146|walker_max=95.155
STEP|n=571400000|unique=4051220|accepted=25195982|rate=116638.1/s|walker_min=61.397|walker_med=87.860|walker_max=95.177
STEP|n=571500000|unique=4051231|accepted=25195993|rate=116639.1/s|walker_min=63.010|walker_med=89.888|walker_max=94.704
STEP|n=571600000|unique=4051247|accepted=25196009|rate=116640.5/s|walker_min=63.619|walker_med=87.451|walker_max=95.217
STEP|n=571700000|unique=4051253|accepted=25196015|rate=116641.9/s|walker_min=65.649|walker_med=86.766|walker_max=94.975
STEP|n=571800000|unique=4051267|accepted=25196029|rate=116643.3/s|walker_min=46.480|walker_med=86.482|walker_max=95.225
STEP|n=571900000|unique=4051279|accepted=25196041|rate=116644.3/s|walker_min=57.333|walker_med=87.409|walker_max=94.937
STEP|n=572000000|unique=4051287|accepted=25196049|rate=116645.3/s|walker_min=65.112|walker_med=87.004|walker_max=94.585
STEP|n=572100000|unique=4051292|accepted=25196054|rate=116646.5/s|walker_min=62.484|walker_med=85.219|walker_max=95.090
STEP|n=572200000|unique=4051304|accepted=25196066|rate=116648.1/s|walker_min=62.368|walker_med=87.983|walker_max=94.910
STEP|n=572300000|unique=4051318|accepted=25196080|rate=116649.6/s|walker_min=64.270|walker_med=91.433|walker_max=95.198
STEP|n=572400000|unique=4051331|accepted=25196093|rate=116650.7/s|walker_min=57.445|walker_med=90.672|walker_max=95.151
STEP|n=572500000|unique=4051348|accepted=25196110|rate=116651.7/s|walker_min=65.299|walker_med=83.723|walker_max=94.889
STEP|n=572600000|unique=4051357|accepted=25196119|rate=116652.6/s|walker_min=66.816|walker_med=85.678|walker_max=94.530
STEP|n=572700000|unique=4051369|accepted=25196131|rate=116653.7/s|walker_min=56.015|walker_med=85.662|walker_max=93.380
STEP|n=572800000|unique=4051377|accepted=25196139|rate=116655.0/s|walker_min=56.255|walker_med=85.666|walker_max=94.541
STEP|n=572900000|unique=4051388|accepted=25196150|rate=116656.0/s|walker_min=54.531|walker_med=81.621|walker_max=94.864
STEP|n=573000000|unique=4051396|accepted=25196158|rate=116656.0/s|walker_min=43.173|walker_med=69.421|walker_max=94.450
STEP|n=573100000|unique=4051407|accepted=25196169|rate=116655.9/s|walker_min=43.391|walker_med=77.009|walker_max=94.428
STEP|n=573200000|unique=4051410|accepted=25196172|rate=116656.5/s|walker_min=49.993|walker_med=81.977|walker_max=95.060
STEP|n=573300000|unique=4051422|accepted=25196184|rate=116657.8/s|walker_min=47.286|walker_med=85.385|walker_max=94.891
STEP|n=573400000|unique=4051429|accepted=25196191|rate=116659.1/s|walker_min=55.155|walker_med=83.534|walker_max=95.119
STEP|n=573500000|unique=4051434|accepted=25196196|rate=116660.3/s|walker_min=58.226|walker_med=85.965|walker_max=94.928
STEP|n=573600000|unique=4051440|accepted=25196202|rate=116661.2/s|walker_min=63.467|walker_med=87.220|walker_max=95.035
STEP|n=573700000|unique=4051456|accepted=25196218|rate=116662.2/s|walker_min=48.110|walker_med=87.129|walker_max=94.510
STEP|n=573800000|unique=4051462|accepted=25196224|rate=116663.4/s|walker_min=67.309|walker_med=89.025|walker_max=94.802
STEP|n=573900000|unique=4051467|accepted=25196229|rate=116665.0/s|walker_min=65.745|walker_med=89.155|walker_max=94.615
STEP|n=574000000|unique=4051476|accepted=25196238|rate=116666.5/s|walker_min=51.752|walker_med=86.635|walker_max=95.105
STEP|n=574100000|unique=4051485|accepted=25196247|rate=116667.7/s|walker_min=59.098|walker_med=88.238|walker_max=94.891
STEP|n=574200000|unique=4051498|accepted=25196260|rate=116668.7/s|walker_min=64.721|walker_med=88.343|walker_max=95.230
STEP|n=574300000|unique=4051513|accepted=25196275|rate=116669.6/s|walker_min=42.011|walker_med=87.619|walker_max=95.174
STEP|n=574400000|unique=4051521|accepted=25196283|rate=116671.1/s|walker_min=46.310|walker_med=86.875|walker_max=95.242
STEP|n=574500000|unique=4051545|accepted=25196307|rate=116672.6/s|walker_min=38.608|walker_med=88.258|walker_max=95.085
STEP|n=574600000|unique=4051556|accepted=25196318|rate=116674.1/s|walker_min=49.514|walker_med=85.863|walker_max=94.916
STEP|n=574700000|unique=4051571|accepted=25196333|rate=116675.1/s|walker_min=60.420|walker_med=81.909|walker_max=94.324
STEP|n=574800000|unique=4051582|accepted=25196344|rate=116675.9/s|walker_min=60.249|walker_med=83.354|walker_max=95.264
STEP|n=574900000|unique=4051588|accepted=25196350|rate=116676.4/s|walker_min=38.198|walker_med=79.972|walker_max=95.143
STEP|n=575000000|unique=4051602|accepted=25196364|rate=116677.0/s|walker_min=34.632|walker_med=72.967|walker_max=94.327
STEP|n=575100000|unique=4051606|accepted=25196368|rate=116677.6/s|walker_min=56.085|walker_med=80.561|walker_max=95.207
STEP|n=575200000|unique=4051615|accepted=25196377|rate=116678.4/s|walker_min=52.991|walker_med=84.161|walker_max=94.790
STEP|n=575300000|unique=4051623|accepted=25196385|rate=116679.0/s|walker_min=57.542|walker_med=82.784|walker_max=95.257
STEP|n=575400000|unique=4051634|accepted=25196396|rate=116679.9/s|walker_min=66.992|walker_med=87.926|walker_max=94.860
STEP|n=575500000|unique=4051644|accepted=25196406|rate=116681.0/s|walker_min=49.035|walker_med=86.349|walker_max=94.832
STEP|n=575600000|unique=4051654|accepted=25196416|rate=116682.4/s|walker_min=45.512|walker_med=86.237|walker_max=93.674
STEP|n=575700000|unique=4051662|accepted=25196424|rate=116683.8/s|walker_min=36.322|walker_med=88.582|walker_max=94.937
STEP|n=575800000|unique=4051686|accepted=25196448|rate=116685.1/s|walker_min=53.537|walker_med=87.574|walker_max=94.087
STEP|n=575900000|unique=4051697|accepted=25196459|rate=116686.1/s|walker_min=61.517|walker_med=88.269|walker_max=94.835
STEP|n=576000000|unique=4051703|accepted=25196465|rate=116687.2/s|walker_min=55.344|walker_med=84.524|walker_max=94.656
STEP|n=576100000|unique=4051710|accepted=25196472|rate=116688.7/s|walker_min=48.551|walker_med=87.171|walker_max=93.880
STEP|n=576200000|unique=4051718|accepted=25196480|rate=116690.2/s|walker_min=68.823|walker_med=84.523|walker_max=94.531
STEP|n=576300000|unique=4051734|accepted=25196496|rate=116691.7/s|walker_min=65.742|walker_med=90.621|walker_max=95.279
STEP|n=576400000|unique=4051744|accepted=25196506|rate=116692.7/s|walker_min=63.836|walker_med=85.424|walker_max=94.987
STEP|n=576500000|unique=4051753|accepted=25196515|rate=116693.7/s|walker_min=64.944|walker_med=87.599|walker_max=94.976
STEP|n=576600000|unique=4051774|accepted=25196536|rate=116694.6/s|walker_min=56.797|walker_med=85.456|walker_max=94.500
STEP|n=576700000|unique=4051793|accepted=25196555|rate=116696.0/s|walker_min=59.945|walker_med=86.604|walker_max=95.279
STEP|n=576800000|unique=4051805|accepted=25196567|rate=116697.3/s|walker_min=51.961|walker_med=81.158|walker_max=95.069
STEP|n=576900000|unique=4051815|accepted=25196577|rate=116698.2/s|walker_min=56.240|walker_med=81.135|walker_max=94.765
STEP|n=577000000|unique=4051822|accepted=25196584|rate=116698.1/s|walker_min=43.212|walker_med=71.622|walker_max=93.470
STEP|n=577100000|unique=4051827|accepted=25196589|rate=116698.0/s|walker_min=55.444|walker_med=83.843|walker_max=95.117
STEP|n=577200000|unique=4051837|accepted=25196599|rate=116698.7/s|walker_min=48.547|walker_med=87.908|walker_max=95.266
STEP|n=577300000|unique=4051849|accepted=25196611|rate=116699.7/s|walker_min=50.839|walker_med=88.788|walker_max=95.077
STEP|n=577400000|unique=4051857|accepted=25196619|rate=116700.4/s|walker_min=54.316|walker_med=84.005|walker_max=94.746
STEP|n=577500000|unique=4051868|accepted=25196630|rate=116701.6/s|walker_min=57.455|walker_med=87.950|walker_max=95.277
STEP|n=577600000|unique=4051880|accepted=25196642|rate=116703.0/s|walker_min=54.224|walker_med=86.412|walker_max=94.078
STEP|n=577700000|unique=4051889|accepted=25196651|rate=116704.6/s|walker_min=68.557|walker_med=87.174|walker_max=94.851
STEP|n=577800000|unique=4051899|accepted=25196661|rate=116706.1/s|walker_min=64.286|walker_med=89.609|walker_max=94.930
STEP|n=577900000|unique=4051915|accepted=25196677|rate=116707.5/s|walker_min=51.985|walker_med=84.586|walker_max=94.920
STEP|n=578000000|unique=4051927|accepted=25196689|rate=116709.0/s|walker_min=76.345|walker_med=89.560|walker_max=95.087
STEP|n=578100000|unique=4051945|accepted=25196707|rate=116710.6/s|walker_min=71.905|walker_med=87.544|walker_max=95.105
STEP|n=578200000|unique=4051957|accepted=25196719|rate=116712.2/s|walker_min=59.036|walker_med=85.188|walker_max=93.971
STEP|n=578300000|unique=4051972|accepted=25196734|rate=116713.8/s|walker_min=37.661|walker_med=86.164|walker_max=94.832
STEP|n=578400000|unique=4051984|accepted=25196746|rate=116715.3/s|walker_min=55.257|walker_med=86.621|walker_max=95.129
STEP|n=578500000|unique=4051996|accepted=25196758|rate=116716.8/s|walker_min=62.644|walker_med=87.567|walker_max=95.074
STEP|n=578600000|unique=4052005|accepted=25196767|rate=116718.1/s|walker_min=52.841|walker_med=88.143|walker_max=95.077
STEP|n=578700000|unique=4052015|accepted=25196777|rate=116719.6/s|walker_min=49.452|walker_med=85.120|walker_max=93.349
STEP|n=578800000|unique=4052028|accepted=25196790|rate=116720.9/s|walker_min=43.930|walker_med=84.691|walker_max=94.266
STEP|n=578900000|unique=4052032|accepted=25196794|rate=116722.0/s|walker_min=46.103|walker_med=79.829|walker_max=94.916
STEP|n=579000000|unique=4052036|accepted=25196798|rate=116722.4/s|walker_min=43.580|walker_med=71.834|walker_max=92.092
STEP|n=579100000|unique=4052045|accepted=25196807|rate=116722.8/s|walker_min=47.612|walker_med=80.518|walker_max=94.185
STEP|n=579200000|unique=4052050|accepted=25196812|rate=116723.9/s|walker_min=46.141|walker_med=85.477|walker_max=94.798
STEP|n=579300000|unique=4052061|accepted=25196823|rate=116725.2/s|walker_min=68.483|walker_med=86.747|walker_max=94.923
STEP|n=579400000|unique=4052069|accepted=25196831|rate=116726.6/s|walker_min=55.452|walker_med=83.919|walker_max=94.761
STEP|n=579500000|unique=4052082|accepted=25196844|rate=116728.1/s|walker_min=61.084|walker_med=84.720|walker_max=95.031
STEP|n=579600000|unique=4052094|accepted=25196856|rate=116729.4/s|walker_min=62.158|walker_med=86.313|walker_max=94.653
STEP|n=579700000|unique=4052107|accepted=25196869|rate=116730.9/s|walker_min=49.640|walker_med=86.331|walker_max=94.936
STEP|n=579800000|unique=4052118|accepted=25196880|rate=116732.4/s|walker_min=71.008|walker_med=87.766|walker_max=95.230
STEP|n=579900000|unique=4052132|accepted=25196894|rate=116734.2/s|walker_min=53.221|walker_med=87.579|walker_max=94.427
STEP|n=580000000|unique=4052148|accepted=25196910|rate=116735.9/s|walker_min=63.949|walker_med=86.552|walker_max=94.972
STEP|n=580100000|unique=4052165|accepted=25196927|rate=116737.5/s|walker_min=68.689|walker_med=83.587|walker_max=95.024
STEP|n=580200000|unique=4052183|accepted=25196945|rate=116739.0/s|walker_min=48.160|walker_med=91.547|walker_max=95.004
STEP|n=580300000|unique=4052194|accepted=25196956|rate=116740.4/s|walker_min=63.622|walker_med=91.109|walker_max=95.004
STEP|n=580400000|unique=4052204|accepted=25196966|rate=116741.9/s|walker_min=60.294|walker_med=86.942|walker_max=95.079
STEP|n=580500000|unique=4052219|accepted=25196981|rate=116743.6/s|walker_min=60.132|walker_med=87.710|walker_max=94.504
STEP|n=580600000|unique=4052229|accepted=25196991|rate=116745.2/s|walker_min=65.161|walker_med=85.715|walker_max=94.650
STEP|n=580700000|unique=4052240|accepted=25197002|rate=116746.6/s|walker_min=46.779|walker_med=82.295|walker_max=94.935
STEP|n=580800000|unique=4052267|accepted=25197029|rate=116747.7/s|walker_min=50.588|walker_med=82.058|walker_max=93.975
STEP|n=580900000|unique=4052277|accepted=25197039|rate=116748.7/s|walker_min=45.649|walker_med=83.331|walker_max=94.669
STEP|n=581000000|unique=4052284|accepted=25197046|rate=116749.1/s|walker_min=35.454|walker_med=75.592|walker_max=94.853
STEP|n=581100000|unique=4052292|accepted=25197054|rate=116749.9/s|walker_min=48.265|walker_med=84.137|walker_max=94.874
STEP|n=581200000|unique=4052299|accepted=25197061|rate=116751.0/s|walker_min=46.180|walker_med=80.120|walker_max=93.984
STEP|n=581300000|unique=4052305|accepted=25197067|rate=116752.2/s|walker_min=55.803|walker_med=87.033|walker_max=94.731
STEP|n=581400000|unique=4052315|accepted=25197077|rate=116753.5/s|walker_min=59.890|walker_med=88.543|walker_max=94.832
STEP|n=581500000|unique=4052329|accepted=25197091|rate=116755.0/s|walker_min=45.974|walker_med=86.679|walker_max=94.583
STEP|n=581600000|unique=4052337|accepted=25197099|rate=116756.6/s|walker_min=56.220|walker_med=85.296|walker_max=95.111
STEP|n=581700000|unique=4052345|accepted=25197107|rate=116758.2/s|walker_min=72.846|walker_med=89.026|walker_max=94.881
STEP|n=581800000|unique=4052356|accepted=25197118|rate=116760.0/s|walker_min=66.108|walker_med=87.007|walker_max=95.136
STEP|n=581900000|unique=4052366|accepted=25197128|rate=116761.4/s|walker_min=36.664|walker_med=88.845|walker_max=95.090
STEP|n=582000000|unique=4052381|accepted=25197143|rate=116762.8/s|walker_min=43.976|walker_med=90.002|walker_max=95.200
STEP|n=582100000|unique=4052394|accepted=25197156|rate=116764.4/s|walker_min=65.298|walker_med=87.231|walker_max=94.665
STEP|n=582200000|unique=4052409|accepted=25197171|rate=116766.0/s|walker_min=40.834|walker_med=89.492|walker_max=95.160
STEP|n=582300000|unique=4052421|accepted=25197183|rate=116767.7/s|walker_min=43.114|walker_med=86.122|walker_max=94.136
STEP|n=582400000|unique=4052432|accepted=25197194|rate=116769.3/s|walker_min=56.867|walker_med=84.817|walker_max=94.655
STEP|n=582500000|unique=4052443|accepted=25197205|rate=116770.8/s|walker_min=59.679|walker_med=86.406|walker_max=94.848
STEP|n=582600000|unique=4052453|accepted=25197215|rate=116772.2/s|walker_min=48.124|walker_med=86.186|walker_max=95.198
STEP|n=582700000|unique=4052468|accepted=25197230|rate=116773.5/s|walker_min=46.470|walker_med=87.437|walker_max=95.182
STEP|n=582800000|unique=4052480|accepted=25197242|rate=116774.9/s|walker_min=47.818|walker_med=85.933|walker_max=95.251
STEP|n=582900000|unique=4052483|accepted=25197245|rate=116776.1/s|walker_min=27.862|walker_med=75.807|walker_max=95.132
STEP|n=583000000|unique=4052490|accepted=25197252|rate=116776.7/s|walker_min=44.949|walker_med=73.397|walker_max=94.710
STEP|n=583100000|unique=4052496|accepted=25197258|rate=116777.0/s|walker_min=45.239|walker_med=81.009|walker_max=94.438
STEP|n=583200000|unique=4052500|accepted=25197262|rate=116777.9/s|walker_min=50.471|walker_med=83.188|walker_max=94.754
STEP|n=583300000|unique=4052504|accepted=25197266|rate=116779.3/s|walker_min=52.658|walker_med=85.541|walker_max=94.947
STEP|n=583400000|unique=4052512|accepted=25197274|rate=116780.7/s|walker_min=53.394|walker_med=91.059|walker_max=95.223
STEP|n=583500000|unique=4052528|accepted=25197290|rate=116782.4/s|walker_min=66.349|walker_med=86.290|walker_max=94.949
STEP|n=583600000|unique=4052540|accepted=25197302|rate=116783.9/s|walker_min=67.595|walker_med=86.285|walker_max=94.814
STEP|n=583700000|unique=4052561|accepted=25197323|rate=116785.5/s|walker_min=64.433|walker_med=86.073|walker_max=95.024
STEP|n=583800000|unique=4052570|accepted=25197332|rate=116786.9/s|walker_min=69.184|walker_med=87.820|walker_max=95.219
STEP|n=583900000|unique=4052581|accepted=25197343|rate=116788.5/s|walker_min=56.709|walker_med=87.732|walker_max=94.274
STEP|n=584000000|unique=4052585|accepted=25197347|rate=116790.2/s|walker_min=69.805|walker_med=86.166|walker_max=94.671
STEP|n=584100000|unique=4052597|accepted=25197359|rate=116791.8/s|walker_min=62.865|walker_med=89.047|walker_max=95.212
STEP|n=584200000|unique=4052601|accepted=25197363|rate=116793.3/s|walker_min=56.833|walker_med=87.536|walker_max=94.928
STEP|n=584300000|unique=4052614|accepted=25197376|rate=116794.9/s|walker_min=73.616|walker_med=89.260|walker_max=95.260
STEP|n=584400000|unique=4052634|accepted=25197396|rate=116796.5/s|walker_min=64.731|walker_med=89.226|walker_max=94.433
STEP|n=584500000|unique=4052646|accepted=25197408|rate=116798.1/s|walker_min=39.275|walker_med=83.671|walker_max=94.573
STEP|n=584600000|unique=4052656|accepted=25197418|rate=116799.6/s|walker_min=65.464|walker_med=88.973|walker_max=95.259
STEP|n=584700000|unique=4052666|accepted=25197428|rate=116801.1/s|walker_min=54.659|walker_med=87.958|walker_max=94.729
STEP|n=584800000|unique=4052679|accepted=25197441|rate=116802.3/s|walker_min=46.084|walker_med=79.389|walker_max=93.762
STEP|n=584900000|unique=4052689|accepted=25197451|rate=116803.2/s|walker_min=45.669|walker_med=82.737|walker_max=93.964
STEP|n=585000000|unique=4052698|accepted=25197460|rate=116803.8/s|walker_min=51.337|walker_med=69.823|walker_max=93.128
STEP|n=585100000|unique=4052706|accepted=25197468|rate=116804.5/s|walker_min=44.708|walker_med=84.132|walker_max=94.704
STEP|n=585200000|unique=4052717|accepted=25197479|rate=116805.7/s|walker_min=62.091|walker_med=84.441|walker_max=94.830
STEP|n=585300000|unique=4052732|accepted=25197494|rate=116807.0/s|walker_min=61.943|walker_med=82.700|walker_max=94.960
STEP|n=585400000|unique=4052738|accepted=25197500|rate=116808.1/s|walker_min=57.886|walker_med=82.586|walker_max=94.383
STEP|n=585500000|unique=4052756|accepted=25197518|rate=116809.5/s|walker_min=51.552|walker_med=84.695|walker_max=94.955
STEP|n=585600000|unique=4052766|accepted=25197528|rate=116811.1/s|walker_min=57.725|walker_med=85.247|walker_max=95.118
STEP|n=585700000|unique=4052779|accepted=25197541|rate=116812.8/s|walker_min=62.986|walker_med=89.147|walker_max=94.854
STEP|n=585800000|unique=4052792|accepted=25197554|rate=116814.2/s|walker_min=61.542|walker_med=84.931|walker_max=95.157
STEP|n=585900000|unique=4052796|accepted=25197558|rate=116815.8/s|walker_min=61.493|walker_med=89.848|walker_max=94.795
STEP|n=586000000|unique=4052802|accepted=25197564|rate=116817.3/s|walker_min=61.813|walker_med=88.098|walker_max=95.215
STEP|n=586100000|unique=4052812|accepted=25197574|rate=116818.7/s|walker_min=50.583|walker_med=86.416|walker_max=94.979
STEP|n=586200000|unique=4052826|accepted=25197588|rate=116820.2/s|walker_min=51.358|walker_med=87.865|walker_max=95.207
STEP|n=586300000|unique=4052834|accepted=25197596|rate=116821.8/s|walker_min=55.420|walker_med=85.422|walker_max=95.074
STEP|n=586400000|unique=4052844|accepted=25197606|rate=116823.4/s|walker_min=70.124|walker_med=87.303|walker_max=94.832
STEP|n=586500000|unique=4052853|accepted=25197615|rate=116824.7/s|walker_min=61.471|walker_med=91.462|walker_max=95.023
STEP|n=586600000|unique=4052861|accepted=25197623|rate=116826.1/s|walker_min=57.831|walker_med=88.728|walker_max=94.856
STEP|n=586700000|unique=4052872|accepted=25197634|rate=116827.4/s|walker_min=50.706|walker_med=83.674|walker_max=94.280
STEP|n=586800000|unique=4052883|accepted=25197645|rate=116829.0/s|walker_min=44.297|walker_med=81.777|walker_max=94.985
STEP|n=586900000|unique=4052891|accepted=25197653|rate=116830.3/s|walker_min=58.149|walker_med=80.256|walker_max=94.338
STEP|n=587000000|unique=4052897|accepted=25197659|rate=116831.0/s|walker_min=45.116|walker_med=75.250|walker_max=93.007
STEP|n=587100000|unique=4052903|accepted=25197665|rate=116831.1/s|walker_min=46.837|walker_med=80.401|walker_max=93.967
STEP|n=587200000|unique=4052912|accepted=25197674|rate=116831.7/s|walker_min=49.524|walker_med=84.221|walker_max=93.783
STEP|n=587300000|unique=4052916|accepted=25197678|rate=116832.6/s|walker_min=54.385|walker_med=83.698|walker_max=94.937
STEP|n=587400000|unique=4052925|accepted=25197687|rate=116834.1/s|walker_min=42.263|walker_med=88.029|walker_max=94.900
STEP|n=587500000|unique=4052933|accepted=25197695|rate=116835.6/s|walker_min=57.326|walker_med=88.544|walker_max=95.254
STEP|n=587600000|unique=4052940|accepted=25197702|rate=116836.5/s|walker_min=49.050|walker_med=83.692|walker_max=95.002
STEP|n=587700000|unique=4052946|accepted=25197708|rate=116837.6/s|walker_min=61.415|walker_med=87.226|walker_max=94.753
STEP|n=587800000|unique=4052952|accepted=25197714|rate=116838.4/s|walker_min=68.281|walker_med=85.987|walker_max=94.954
STEP|n=587900000|unique=4052959|accepted=25197721|rate=116839.9/s|walker_min=65.907|walker_med=89.680|walker_max=95.242
STEP|n=588000000|unique=4052965|accepted=25197727|rate=116841.6/s|walker_min=63.643|walker_med=88.422|walker_max=95.005
STEP|n=588100000|unique=4052973|accepted=25197735|rate=116843.2/s|walker_min=58.339|walker_med=89.929|walker_max=95.101
STEP|n=588200000|unique=4052982|accepted=25197744|rate=116844.4/s|walker_min=64.561|walker_med=89.769|walker_max=95.235
STEP|n=588300000|unique=4052997|accepted=25197759|rate=116845.4/s|walker_min=55.465|walker_med=86.808|walker_max=95.155
STEP|n=588400000|unique=4053010|accepted=25197772|rate=116846.3/s|walker_min=43.330|walker_med=87.801|walker_max=93.820
STEP|n=588500000|unique=4053017|accepted=25197779|rate=116847.7/s|walker_min=67.789|walker_med=87.870|walker_max=95.223
STEP|n=588600000|unique=4053027|accepted=25197789|rate=116849.2/s|walker_min=50.731|walker_med=85.534|walker_max=94.768
STEP|n=588700000|unique=4053037|accepted=25197799|rate=116850.7/s|walker_min=55.946|walker_med=83.901|walker_max=95.139
STEP|n=588800000|unique=4053049|accepted=25197811|rate=116851.6/s|walker_min=57.956|walker_med=83.245|walker_max=94.543
STEP|n=588900000|unique=4053066|accepted=25197828|rate=116851.9/s|walker_min=37.378|walker_med=79.749|walker_max=94.316
STEP|n=589000000|unique=4053068|accepted=25197830|rate=116851.9/s|walker_min=28.761|walker_med=73.905|walker_max=94.883
STEP|n=589100000|unique=4053072|accepted=25197834|rate=116852.5/s|walker_min=47.801|walker_med=78.061|walker_max=94.281
STEP|n=589200000|unique=4053080|accepted=25197842|rate=116853.6/s|walker_min=67.938|walker_med=87.376|walker_max=95.159
STEP|n=589300000|unique=4053090|accepted=25197852|rate=116854.6/s|walker_min=59.225|walker_med=86.644|walker_max=94.930
STEP|n=589400000|unique=4053103|accepted=25197865|rate=116855.2/s|walker_min=56.240|walker_med=86.123|walker_max=94.184
STEP|n=589500000|unique=4053110|accepted=25197872|rate=116856.1/s|walker_min=57.882|walker_med=86.835|walker_max=95.142
STEP|n=589600000|unique=4053125|accepted=25197887|rate=116857.4/s|walker_min=63.342|walker_med=90.447|walker_max=95.163
STEP|n=589700000|unique=4053143|accepted=25197905|rate=116859.0/s|walker_min=62.369|walker_med=86.670|walker_max=95.253
STEP|n=589800000|unique=4053152|accepted=25197914|rate=116860.6/s|walker_min=50.482|walker_med=84.702|walker_max=95.246
STEP|n=589900000|unique=4053159|accepted=25197921|rate=116861.7/s|walker_min=59.323|walker_med=84.730|walker_max=94.600
STEP|n=590000000|unique=4053171|accepted=25197933|rate=116862.7/s|walker_min=52.342|walker_med=85.941|walker_max=94.508
STEP|n=590100000|unique=4053187|accepted=25197949|rate=116863.8/s|walker_min=61.799|walker_med=88.320|walker_max=95.207
STEP|n=590200000|unique=4053199|accepted=25197961|rate=116865.3/s|walker_min=73.698|walker_med=88.443|walker_max=95.026
STEP|n=590300000|unique=4053208|accepted=25197970|rate=116866.9/s|walker_min=62.398|walker_med=88.575|walker_max=94.861
STEP|n=590400000|unique=4053218|accepted=25197980|rate=116868.4/s|walker_min=54.802|walker_med=88.148|walker_max=94.923
STEP|n=590500000|unique=4053223|accepted=25197985|rate=116869.4/s|walker_min=57.608|walker_med=83.639|walker_max=95.168
STEP|n=590600000|unique=4053227|accepted=25197989|rate=116870.3/s|walker_min=63.500|walker_med=84.391|walker_max=94.560
STEP|n=590700000|unique=4053247|accepted=25198009|rate=116871.3/s|walker_min=51.668|walker_med=84.985|walker_max=93.957
STEP|n=590800000|unique=4053254|accepted=25198016|rate=116872.7/s|walker_min=52.039|walker_med=82.732|walker_max=93.987
STEP|n=590900000|unique=4053263|accepted=25198025|rate=116873.9/s|walker_min=48.310|walker_med=84.198|walker_max=95.202
STEP|n=591000000|unique=4053273|accepted=25198035|rate=116874.5/s|walker_min=38.276|walker_med=67.883|walker_max=93.833
STEP|n=591100000|unique=4053279|accepted=25198041|rate=116874.1/s|walker_min=36.984|walker_med=82.047|walker_max=95.117
STEP|n=591200000|unique=4053292|accepted=25198054|rate=116874.4/s|walker_min=50.096|walker_med=83.257|walker_max=93.968
STEP|n=591300000|unique=4053300|accepted=25198062|rate=116875.2/s|walker_min=44.361|walker_med=82.998|walker_max=94.570
STEP|n=591400000|unique=4053307|accepted=25198069|rate=116876.6/s|walker_min=57.078|walker_med=86.354|walker_max=95.268
STEP|n=591500000|unique=4053312|accepted=25198074|rate=116878.0/s|walker_min=66.414|walker_med=84.948|walker_max=95.201
STEP|n=591600000|unique=4053330|accepted=25198092|rate=116879.1/s|walker_min=56.402|walker_med=89.785|walker_max=95.260
STEP|n=591700000|unique=4053339|accepted=25198101|rate=116879.9/s|walker_min=55.470|walker_med=90.596|walker_max=94.925
STEP|n=591800000|unique=4053350|accepted=25198112|rate=116881.0/s|walker_min=74.192|walker_med=90.397|walker_max=95.197
STEP|n=591900000|unique=4053364|accepted=25198126|rate=116882.1/s|walker_min=68.434|walker_med=89.010|walker_max=95.055
STEP|n=592000000|unique=4053377|accepted=25198139|rate=116883.6/s|walker_min=44.071|walker_med=87.541|walker_max=94.728
STEP|n=592100000|unique=4053388|accepted=25198150|rate=116884.8/s|walker_min=52.896|walker_med=85.506|walker_max=95.272
STEP|n=592200000|unique=4053391|accepted=25198153|rate=116885.8/s|walker_min=48.240|walker_med=88.359|walker_max=95.028
STEP|n=592300000|unique=4053401|accepted=25198163|rate=116886.8/s|walker_min=53.509|walker_med=87.563|walker_max=95.167
STEP|n=592400000|unique=4053409|accepted=25198171|rate=116888.3/s|walker_min=65.057|walker_med=87.175|walker_max=95.202
STEP|n=592500000|unique=4053413|accepted=25198175|rate=116889.8/s|walker_min=64.983|walker_med=84.470|walker_max=95.227
STEP|n=592600000|unique=4053418|accepted=25198180|rate=116891.2/s|walker_min=56.884|walker_med=85.959|walker_max=94.791
STEP|n=592700000|unique=4053428|accepted=25198190|rate=116892.0/s|walker_min=49.352|walker_med=85.363|walker_max=94.629
STEP|n=592800000|unique=4053433|accepted=25198195|rate=116892.8/s|walker_min=43.999|walker_med=84.462|walker_max=95.033
STEP|n=592900000|unique=4053444|accepted=25198206|rate=116893.4/s|walker_min=56.884|walker_med=79.629|walker_max=94.944
STEP|n=593000000|unique=4053452|accepted=25198214|rate=116893.9/s|walker_min=38.221|walker_med=74.013|walker_max=92.442
STEP|n=593100000|unique=4053462|accepted=25198224|rate=116894.5/s|walker_min=49.773|walker_med=81.419|walker_max=94.893
STEP|n=593200000|unique=4053464|accepted=25198226|rate=116895.2/s|walker_min=48.677|walker_med=83.149|walker_max=95.026
STEP|n=593300000|unique=4053485|accepted=25198247|rate=116895.9/s|walker_min=65.860|walker_med=83.174|walker_max=94.640
STEP|n=593400000|unique=4053494|accepted=25198256|rate=116896.6/s|walker_min=60.713|walker_med=88.755|walker_max=95.222
STEP|n=593500000|unique=4053516|accepted=25198278|rate=116897.9/s|walker_min=60.042|walker_med=88.319|walker_max=94.531
STEP|n=593600000|unique=4053526|accepted=25198288|rate=116899.5/s|walker_min=62.644|walker_med=87.649|walker_max=95.062
STEP|n=593700000|unique=4053529|accepted=25198291|rate=116901.0/s|walker_min=66.093|walker_med=86.623|walker_max=94.681
STEP|n=593800000|unique=4053538|accepted=25198300|rate=116902.3/s|walker_min=60.492|walker_med=84.697|walker_max=93.804
STEP|n=593900000|unique=4053545|accepted=25198307|rate=116903.1/s|walker_min=59.277|walker_med=87.547|walker_max=95.099
STEP|n=594000000|unique=4053553|accepted=25198315|rate=116904.0/s|walker_min=63.159|walker_med=86.890|walker_max=95.162
STEP|n=594100000|unique=4053565|accepted=25198327|rate=116905.5/s|walker_min=61.507|walker_med=86.987|walker_max=94.834
STEP|n=594200000|unique=4053576|accepted=25198338|rate=116907.1/s|walker_min=57.896|walker_med=88.654|walker_max=95.176
STEP|n=594300000|unique=4053586|accepted=25198348|rate=116908.7/s|walker_min=70.662|walker_med=89.342|walker_max=95.218
STEP|n=594400000|unique=4053597|accepted=25198359|rate=116909.8/s|walker_min=40.639|walker_med=84.516|walker_max=93.215
STEP|n=594500000|unique=4053602|accepted=25198364|rate=116910.6/s|walker_min=48.383|walker_med=85.390|walker_max=95.149
STEP|n=594600000|unique=4053617|accepted=25198379|rate=116911.4/s|walker_min=45.309|walker_med=85.449|walker_max=94.971
STEP|n=594700000|unique=4053629|accepted=25198391|rate=116912.8/s|walker_min=51.854|walker_med=85.237|walker_max=95.173
STEP|n=594800000|unique=4053641|accepted=25198403|rate=116914.1/s|walker_min=52.590|walker_med=81.214|walker_max=94.941
STEP|n=594900000|unique=4053659|accepted=25198421|rate=116915.2/s|walker_min=32.553|walker_med=78.171|walker_max=94.640
STEP|n=595000000|unique=4053669|accepted=25198431|rate=116915.1/s|walker_min=35.164|walker_med=78.209|walker_max=94.153
STEP|n=595100000|unique=4053677|accepted=25198439|rate=116914.9/s|walker_min=53.555|walker_med=80.023|walker_max=94.820
STEP|n=595200000|unique=4053685|accepted=25198447|rate=116915.6/s|walker_min=63.351|walker_med=90.541|walker_max=94.841
STEP|n=595300000|unique=4053693|accepted=25198455|rate=116916.9/s|walker_min=58.686|walker_med=85.079|walker_max=94.577
STEP|n=595400000|unique=4053703|accepted=25198465|rate=116918.2/s|walker_min=55.347|walker_med=83.415|walker_max=95.188
STEP|n=595500000|unique=4053711|accepted=25198473|rate=116919.3/s|walker_min=51.485|walker_med=82.099|walker_max=95.039
STEP|n=595600000|unique=4053718|accepted=25198480|rate=116920.3/s|walker_min=63.650|walker_med=84.848|walker_max=93.984
STEP|n=595700000|unique=4053726|accepted=25198488|rate=116921.4/s|walker_min=40.696|walker_med=88.025|walker_max=94.795
STEP|n=595800000|unique=4053733|accepted=25198495|rate=116922.6/s|walker_min=62.407|walker_med=87.975|walker_max=95.018
STEP|n=595900000|unique=4053746|accepted=25198508|rate=116924.2/s|walker_min=61.006|walker_med=87.252|walker_max=94.987
STEP|n=596000000|unique=4053756|accepted=25198518|rate=116925.7/s|walker_min=54.066|walker_med=91.283|walker_max=95.036
STEP|n=596100000|unique=4053764|accepted=25198526|rate=116926.7/s|walker_min=67.122|walker_med=88.966|walker_max=95.203
STEP|n=596200000|unique=4053780|accepted=25198542|rate=116927.7/s|walker_min=63.685|walker_med=89.399|walker_max=95.206
STEP|n=596300000|unique=4053792|accepted=25198554|rate=116928.8/s|walker_min=71.142|walker_med=87.657|walker_max=95.123
STEP|n=596400000|unique=4053797|accepted=25198559|rate=116930.3/s|walker_min=53.671|walker_med=90.267|walker_max=95.176
STEP|n=596500000|unique=4053811|accepted=25198573|rate=116931.8/s|walker_min=36.999|walker_med=88.961|walker_max=94.934
STEP|n=596600000|unique=4053814|accepted=25198576|rate=116933.3/s|walker_min=40.955|walker_med=81.301|walker_max=94.766
STEP|n=596700000|unique=4053821|accepted=25198583|rate=116934.2/s|walker_min=51.180|walker_med=84.946|walker_max=94.470
STEP|n=596800000|unique=4053827|accepted=25198589|rate=116934.7/s|walker_min=44.714|walker_med=85.951|walker_max=95.171
STEP|n=596900000|unique=4053833|accepted=25198595|rate=116935.2/s|walker_min=49.626|walker_med=77.685|walker_max=91.199
STEP|n=597000000|unique=4053834|accepted=25198596|rate=116935.8/s|walker_min=32.346|walker_med=75.121|walker_max=94.979
STEP|n=597100000|unique=4053836|accepted=25198598|rate=116936.3/s|walker_min=50.585|walker_med=76.138|walker_max=94.951
STEP|n=597200000|unique=4053845|accepted=25198607|rate=116936.9/s|walker_min=45.158|walker_med=83.671|walker_max=93.314
STEP|n=597300000|unique=4053850|accepted=25198612|rate=116937.6/s|walker_min=60.867|walker_med=83.968|walker_max=94.997
STEP|n=597400000|unique=4053862|accepted=25198624|rate=116938.4/s|walker_min=55.765|walker_med=85.924|walker_max=95.043
STEP|n=597500000|unique=4053880|accepted=25198642|rate=116939.6/s|walker_min=61.977|walker_med=89.912|walker_max=95.172
STEP|n=597600000|unique=4053894|accepted=25198656|rate=116941.1/s|walker_min=59.603|walker_med=87.331|walker_max=95.256
STEP|n=597700000|unique=4053913|accepted=25198675|rate=116942.6/s|walker_min=64.874|walker_med=87.481|walker_max=94.831
STEP|n=597800000|unique=4053922|accepted=25198684|rate=116943.8/s|walker_min=62.667|walker_med=87.136|walker_max=95.193
STEP|n=597900000|unique=4053931|accepted=25198693|rate=116944.6/s|walker_min=54.650|walker_med=87.070|walker_max=95.048
STEP|n=598000000|unique=4053938|accepted=25198700|rate=116945.6/s|walker_min=62.134|walker_med=86.720|walker_max=94.980
STEP|n=598100000|unique=4053948|accepted=25198710|rate=116947.0/s|walker_min=63.126|walker_med=85.901|walker_max=95.110
STEP|n=598200000|unique=4053962|accepted=25198724|rate=116948.6/s|walker_min=61.977|walker_med=85.143|walker_max=95.106
STEP|n=598300000|unique=4053969|accepted=25198731|rate=116950.3/s|walker_min=65.306|walker_med=85.818|walker_max=94.849
STEP|n=598400000|unique=4053979|accepted=25198741|rate=116951.2/s|walker_min=53.517|walker_med=89.604|walker_max=95.280
STEP|n=598500000|unique=4053984|accepted=25198746|rate=116952.1/s|walker_min=69.263|walker_med=86.957|walker_max=94.840
STEP|n=598600000|unique=4053991|accepted=25198753|rate=116952.9/s|walker_min=39.853|walker_med=89.671|walker_max=94.993
STEP|n=598700000|unique=4054002|accepted=25198764|rate=116954.3/s|walker_min=63.791|walker_med=86.312|walker_max=95.247
STEP|n=598800000|unique=4054016|accepted=25198778|rate=116955.6/s|walker_min=62.806|walker_med=84.419|walker_max=94.917
STEP|n=598900000|unique=4054026|accepted=25198788|rate=116956.5/s|walker_min=45.166|walker_med=81.734|walker_max=94.674
STEP|n=599000000|unique=4054028|accepted=25198790|rate=116956.3/s|walker_min=34.928|walker_med=71.553|walker_max=93.335
STEP|n=599100000|unique=4054032|accepted=25198794|rate=116956.3/s|walker_min=61.455|walker_med=86.638|walker_max=95.281
STEP|n=599200000|unique=4054039|accepted=25198801|rate=116957.0/s|walker_min=32.323|walker_med=83.257|walker_max=95.201
STEP|n=599300000|unique=4054048|accepted=25198810|rate=116958.2/s|walker_min=55.689|walker_med=80.190|walker_max=94.013
STEP|n=599400000|unique=4054053|accepted=25198815|rate=116959.6/s|walker_min=37.033|walker_med=86.042|walker_max=94.996
STEP|n=599500000|unique=4054067|accepted=25198829|rate=116959.8/s|walker_min=69.869|walker_med=86.587|walker_max=95.142
STEP|n=599600000|unique=4054084|accepted=25198846|rate=116956.7/s|walker_min=53.226|walker_med=86.856|walker_max=94.826
STEP|n=599700000|unique=4054093|accepted=25198855|rate=116950.7/s|walker_min=58.345|walker_med=86.389|walker_max=95.138
STEP|n=599800000|unique=4054103|accepted=25198865|rate=116934.8/s|walker_min=54.720|walker_med=87.665|walker_max=95.154
STEP|n=599900000|unique=4054116|accepted=25198878|rate=116902.9/s|walker_min=72.691|walker_med=87.946|walker_max=95.243
STEP|n=600000000|unique=4054123|accepted=25198885|rate=116863.9/s|walker_min=62.481|walker_med=83.936|walker_max=94.671
CHECKPOINT|step=600000000|unique=4054123|saved=3000000|min=25.4807|max=92.5621
STEP|n=600100000|unique=4054128|accepted=25198890|rate=116475.5/s|walker_min=62.870|walker_med=88.139|walker_max=94.977
STEP|n=600200000|unique=4054141|accepted=25198903|rate=116445.6/s|walker_min=59.935|walker_med=87.912|walker_max=94.953
STEP|n=600300000|unique=4054151|accepted=25198913|rate=116416.3/s|walker_min=35.395|walker_med=90.081|walker_max=94.739
STEP|n=600400000|unique=4054162|accepted=25198924|rate=116386.5/s|walker_min=50.936|walker_med=88.032|walker_max=93.985
STEP|n=600500000|unique=4054173|accepted=25198935|rate=116357.1/s|walker_min=65.272|walker_med=84.092|walker_max=94.557
STEP|n=600600000|unique=4054187|accepted=25198949|rate=116327.7/s|walker_min=60.853|walker_med=90.460|walker_max=94.822
STEP|n=600700000|unique=4054204|accepted=25198966|rate=116298.2/s|walker_min=50.801|walker_med=88.794|walker_max=94.591
STEP|n=600800000|unique=4054213|accepted=25198975|rate=116268.2/s|walker_min=54.561|walker_med=83.350|walker_max=95.150
STEP|n=600900000|unique=4054221|accepted=25198983|rate=116237.8/s|walker_min=38.608|walker_med=75.901|walker_max=95.216
STEP|n=601000000|unique=4054227|accepted=25198989|rate=116206.2/s|walker_min=42.858|walker_med=73.911|walker_max=94.678
STEP|n=601100000|unique=4054234|accepted=25198996|rate=116175.1/s|walker_min=43.247|walker_med=78.884|walker_max=95.064
STEP|n=601200000|unique=4054238|accepted=25199000|rate=116144.9/s|walker_min=41.367|walker_med=83.464|walker_max=95.050
STEP|n=601300000|unique=4054248|accepted=25199010|rate=116115.5/s|walker_min=50.323|walker_med=90.048|walker_max=95.256
STEP|n=601400000|unique=4054256|accepted=25199018|rate=116086.7/s|walker_min=50.957|walker_med=87.381|walker_max=93.878
STEP|n=601500000|unique=4054273|accepted=25199035|rate=116057.9/s|walker_min=59.894|walker_med=84.224|walker_max=95.001
STEP|n=601600000|unique=4054288|accepted=25199050|rate=116029.4/s|walker_min=63.874|walker_med=87.416|walker_max=94.763
STEP|n=601700000|unique=4054298|accepted=25199060|rate=116000.3/s|walker_min=51.702|walker_med=88.174|walker_max=95.171
STEP|n=601800000|unique=4054307|accepted=25199069|rate=115985.2/s|walker_min=53.248|walker_med=87.000|walker_max=95.284
STEP|n=601900000|unique=4054314|accepted=25199076|rate=115986.1/s|walker_min=61.941|walker_med=88.376|walker_max=95.062
STEP|n=602000000|unique=4054328|accepted=25199090|rate=115986.9/s|walker_min=53.429|walker_med=85.481|walker_max=94.446
STEP|n=602100000|unique=4054338|accepted=25199100|rate=115987.7/s|walker_min=56.367|walker_med=86.959|walker_max=94.035
STEP|n=602200000|unique=4054355|accepted=25199117|rate=115988.4/s|walker_min=59.967|walker_med=89.477|walker_max=94.963
STEP|n=602300000|unique=4054359|accepted=25199121|rate=115989.3/s|walker_min=56.617|walker_med=86.643|walker_max=95.193
STEP|n=602400000|unique=4054370|accepted=25199132|rate=115990.3/s|walker_min=73.376|walker_med=88.513|walker_max=95.142
STEP|n=602500000|unique=4054379|accepted=25199141|rate=115991.2/s|walker_min=64.808|walker_med=86.146|walker_max=95.177
STEP|n=602600000|unique=4054388|accepted=25199150|rate=115991.8/s|walker_min=66.020|walker_med=85.111|walker_max=94.312
STEP|n=602700000|unique=4054402|accepted=25199164|rate=115992.5/s|walker_min=60.723|walker_med=84.193|walker_max=95.175
STEP|n=602800000|unique=4054408|accepted=25199170|rate=115993.3/s|walker_min=58.648|walker_med=82.568|walker_max=92.962
STEP|n=602900000|unique=4054417|accepted=25199179|rate=115994.4/s|walker_min=33.397|walker_med=79.033|walker_max=94.901
STEP|n=603000000|unique=4054425|accepted=25199187|rate=115995.1/s|walker_min=46.148|walker_med=73.000|walker_max=94.315
STEP|n=603100000|unique=4054438|accepted=25199200|rate=115995.5/s|walker_min=47.970|walker_med=83.551|walker_max=94.068
STEP|n=603200000|unique=4054449|accepted=25199211|rate=115996.1/s|walker_min=53.686|walker_med=81.596|walker_max=94.236
STEP|n=603300000|unique=4054455|accepted=25199217|rate=115996.7/s|walker_min=61.146|walker_med=82.938|walker_max=93.964
STEP|n=603400000|unique=4054464|accepted=25199226|rate=115997.9/s|walker_min=42.708|walker_med=85.650|walker_max=94.818
STEP|n=603500000|unique=4054471|accepted=25199233|rate=115999.4/s|walker_min=50.391|walker_med=89.828|walker_max=94.783
STEP|n=603600000|unique=4054483|accepted=25199245|rate=116001.0/s|walker_min=59.024|walker_med=83.299|walker_max=95.282
STEP|n=603700000|unique=4054497|accepted=25199259|rate=116002.2/s|walker_min=58.910|walker_med=80.575|walker_max=95.139
STEP|n=603800000|unique=4054511|accepted=25199273|rate=116003.1/s|walker_min=75.446|walker_med=89.251|walker_max=94.952
STEP|n=603900000|unique=4054527|accepted=25199289|rate=116004.1/s|walker_min=62.138|walker_med=88.812|walker_max=94.905
STEP|n=604000000|unique=4054535|accepted=25199297|rate=116005.8/s|walker_min=68.479|walker_med=86.831|walker_max=95.264
STEP|n=604100000|unique=4054543|accepted=25199305|rate=116007.6/s|walker_min=58.352|walker_med=86.112|walker_max=94.874
STEP|n=604200000|unique=4054555|accepted=25199317|rate=116009.5/s|walker_min=53.685|walker_med=86.264|walker_max=94.933
STEP|n=604300000|unique=4054564|accepted=25199326|rate=116010.5/s|walker_min=65.266|walker_med=85.677|walker_max=94.068
STEP|n=604400000|unique=4054575|accepted=25199337|rate=116011.4/s|walker_min=52.422|walker_med=86.591|walker_max=94.805
STEP|n=604500000|unique=4054593|accepted=25199355|rate=116012.4/s|walker_min=62.456|walker_med=88.909|walker_max=94.998
STEP|n=604600000|unique=4054605|accepted=25199367|rate=116014.0/s|walker_min=54.866|walker_med=87.487|walker_max=95.106
STEP|n=604700000|unique=4054615|accepted=25199377|rate=116015.5/s|walker_min=40.789|walker_med=85.040|walker_max=94.929
STEP|n=604800000|unique=4054629|accepted=25199391|rate=116016.8/s|walker_min=45.813|walker_med=85.027|walker_max=94.674
STEP|n=604900000|unique=4054643|accepted=25199405|rate=116017.4/s|walker_min=38.993|walker_med=83.041|walker_max=95.029
STEP|n=605000000|unique=4054652|accepted=25199414|rate=116017.3/s|walker_min=45.541|walker_med=69.567|walker_max=94.583
STEP|n=605100000|unique=4054655|accepted=25199417|rate=116017.5/s|walker_min=48.355|walker_med=81.376|walker_max=94.478
STEP|n=605200000|unique=4054662|accepted=25199424|rate=116018.9/s|walker_min=55.849|walker_med=85.966|walker_max=94.882
STEP|n=605300000|unique=4054672|accepted=25199434|rate=116020.4/s|walker_min=67.080|walker_med=85.502|walker_max=94.667
STEP|n=605400000|unique=4054677|accepted=25199439|rate=116021.5/s|walker_min=62.417|walker_med=89.252|walker_max=95.040
STEP|n=605500000|unique=4054681|accepted=25199443|rate=116022.4/s|walker_min=44.136|walker_med=85.616|walker_max=93.655
STEP|n=605600000|unique=4054688|accepted=25199450|rate=116023.1/s|walker_min=69.777|walker_med=90.259|walker_max=95.280
STEP|n=605700000|unique=4054704|accepted=25199466|rate=116024.7/s|walker_min=46.580|walker_med=87.046|walker_max=95.147
STEP|n=605800000|unique=4054711|accepted=25199473|rate=116026.4/s|walker_min=69.848|walker_med=88.324|walker_max=94.516
STEP|n=605900000|unique=4054718|accepted=25199480|rate=116028.2/s|walker_min=63.445|walker_med=87.464|walker_max=95.207
STEP|n=606000000|unique=4054726|accepted=25199488|rate=116029.2/s|walker_min=58.305|walker_med=87.498|walker_max=94.748
STEP|n=606100000|unique=4054737|accepted=25199499|rate=116030.2/s|walker_min=57.031|walker_med=86.111|walker_max=95.247
STEP|n=606200000|unique=4054741|accepted=25199503|rate=116031.1/s|walker_min=66.246|walker_med=89.044|walker_max=94.880
STEP|n=606300000|unique=4054747|accepted=25199509|rate=116032.8/s|walker_min=65.889|walker_med=89.678|walker_max=95.278
STEP|n=606400000|unique=4054754|accepted=25199516|rate=116034.6/s|walker_min=54.887|walker_med=90.223|walker_max=95.252
STEP|n=606500000|unique=4054763|accepted=25199525|rate=116036.2/s|walker_min=61.145|walker_med=88.293|walker_max=94.994
STEP|n=606600000|unique=4054778|accepted=25199540|rate=116037.0/s|walker_min=42.088|walker_med=85.478|walker_max=93.664
STEP|n=606700000|unique=4054791|accepted=25199553|rate=116037.8/s|walker_min=58.683|walker_med=87.079|walker_max=94.681
STEP|n=606800000|unique=4054800|accepted=25199562|rate=116038.7/s|walker_min=51.481|walker_med=86.630|walker_max=95.103
STEP|n=606900000|unique=4054808|accepted=25199570|rate=116040.0/s|walker_min=50.403|walker_med=78.981|walker_max=94.437
STEP|n=607000000|unique=4054819|accepted=25199581|rate=116040.9/s|walker_min=40.652|walker_med=74.808|walker_max=94.967
STEP|n=607100000|unique=4054824|accepted=25199586|rate=116041.3/s|walker_min=43.767|walker_med=82.661|walker_max=93.498
STEP|n=607200000|unique=4054830|accepted=25199592|rate=116041.5/s|walker_min=55.120|walker_med=82.228|walker_max=94.344
STEP|n=607300000|unique=4054837|accepted=25199599|rate=116042.1/s|walker_min=53.455|walker_med=86.502|walker_max=94.799
STEP|n=607400000|unique=4054841|accepted=25199603|rate=116043.4/s|walker_min=67.986|walker_med=85.864|walker_max=95.260
STEP|n=607500000|unique=4054848|accepted=25199610|rate=116045.1/s|walker_min=59.145|walker_med=88.973|walker_max=94.352
STEP|n=607600000|unique=4054857|accepted=25199619|rate=116046.7/s|walker_min=47.999|walker_med=90.479|walker_max=95.129
STEP|n=607700000|unique=4054870|accepted=25199632|rate=116047.8/s|walker_min=51.111|walker_med=86.591|walker_max=95.106
STEP|n=607800000|unique=4054880|accepted=25199642|rate=116048.7/s|walker_min=69.118|walker_med=89.379|walker_max=95.177
STEP|n=607900000|unique=4054884|accepted=25199646|rate=116049.7/s|walker_min=67.512|walker_med=86.061|walker_max=95.142
STEP|n=608000000|unique=4054894|accepted=25199656|rate=116051.5/s|walker_min=51.717|walker_med=88.469|walker_max=94.689
STEP|n=608100000|unique=4054903|accepted=25199665|rate=116053.4/s|walker_min=64.540|walker_med=89.460|walker_max=94.821
STEP|n=608200000|unique=4054913|accepted=25199675|rate=116055.1/s|walker_min=64.984|walker_med=81.585|walker_max=94.499
STEP|n=608300000|unique=4054918|accepted=25199680|rate=116056.1/s|walker_min=58.251|walker_med=89.041|walker_max=95.239
STEP|n=608400000|unique=4054930|accepted=25199692|rate=116056.9/s|walker_min=71.633|walker_med=84.546|walker_max=95.208
STEP|n=608500000|unique=4054943|accepted=25199705|rate=116057.9/s|walker_min=51.075|walker_med=84.400|walker_max=94.778
STEP|n=608600000|unique=4054951|accepted=25199713|rate=116059.5/s|walker_min=64.567|walker_med=88.892|walker_max=95.016
STEP|n=608700000|unique=4054961|accepted=25199723|rate=116061.0/s|walker_min=55.142|walker_med=88.141|walker_max=95.162
STEP|n=608800000|unique=4054977|accepted=25199739|rate=116062.2/s|walker_min=50.310|walker_med=83.806|walker_max=95.233
STEP|n=608900000|unique=4054985|accepted=25199747|rate=116062.7/s|walker_min=48.840|walker_med=78.547|walker_max=92.121
STEP|n=609000000|unique=4054997|accepted=25199759|rate=116062.6/s|walker_min=30.695|walker_med=77.888|walker_max=94.939
STEP|n=609100000|unique=4055003|accepted=25199765|rate=116063.1/s|walker_min=48.910|walker_med=76.479|walker_max=92.546
STEP|n=609200000|unique=4055007|accepted=25199769|rate=116064.2/s|walker_min=45.825|walker_med=86.903|walker_max=94.831
STEP|n=609300000|unique=4055012|accepted=25199774|rate=116065.1/s|walker_min=58.891|walker_med=89.194|walker_max=94.873
STEP|n=609400000|unique=4055018|accepted=25199780|rate=116066.4/s|walker_min=63.532|walker_med=86.885|walker_max=95.152
STEP|n=609500000|unique=4055026|accepted=25199788|rate=116067.8/s|walker_min=55.989|walker_med=84.361|walker_max=94.505
STEP|n=609600000|unique=4055035|accepted=25199797|rate=116069.3/s|walker_min=58.872|walker_med=85.270|walker_max=95.163
STEP|n=609700000|unique=4055044|accepted=25199806|rate=116070.2/s|walker_min=60.517|walker_med=82.688|walker_max=92.677
STEP|n=609800000|unique=4055057|accepted=25199819|rate=116070.9/s|walker_min=40.683|walker_med=82.417|walker_max=94.886
STEP|n=609900000|unique=4055068|accepted=25199830|rate=116068.7/s|walker_min=41.759|walker_med=83.825|walker_max=95.160
STEP|n=610000000|unique=4055076|accepted=25199838|rate=116063.0/s|walker_min=55.510|walker_med=87.945|walker_max=94.639
STEP|n=610100000|unique=4055083|accepted=25199845|rate=116049.1/s|walker_min=55.657|walker_med=89.990|walker_max=95.004
STEP|n=610200000|unique=4055094|accepted=25199856|rate=116019.4/s|walker_min=65.703|walker_med=89.366|walker_max=94.951
STEP|n=610300000|unique=4055108|accepted=25199870|rate=115982.8/s|walker_min=43.224|walker_med=84.594|walker_max=93.475
STEP|n=610400000|unique=4055115|accepted=25199877|rate=115948.4/s|walker_min=54.077|walker_med=84.480|walker_max=95.166
STEP|n=610500000|unique=4055136|accepted=25199898|rate=115917.1/s|walker_min=65.682|walker_med=86.996|walker_max=94.228
STEP|n=610600000|unique=4055150|accepted=25199912|rate=115891.8/s|walker_min=54.005|walker_med=84.894|walker_max=95.019
STEP|n=610700000|unique=4055161|accepted=25199923|rate=115864.7/s|walker_min=63.173|walker_med=85.613|walker_max=94.389
STEP|n=610800000|unique=4055168|accepted=25199930|rate=115836.0/s|walker_min=53.810|walker_med=80.730|walker_max=95.237
STEP|n=610900000|unique=4055178|accepted=25199940|rate=115806.4/s|walker_min=47.490|walker_med=82.842|walker_max=94.435
STEP|n=611000000|unique=4055185|accepted=25199947|rate=115775.3/s|walker_min=36.312|walker_med=69.555|walker_max=94.780
STEP|n=611100000|unique=4055192|accepted=25199954|rate=115744.0/s|walker_min=46.909|walker_med=80.367|walker_max=93.856
STEP|n=611200000|unique=4055196|accepted=25199958|rate=115713.9/s|walker_min=45.540|walker_med=83.744|walker_max=94.858
STEP|n=611300000|unique=4055205|accepted=25199967|rate=115684.9/s|walker_min=52.130|walker_med=85.777|walker_max=93.573
STEP|n=611400000|unique=4055212|accepted=25199974|rate=115656.6/s|walker_min=35.175|walker_med=89.116|walker_max=94.833
STEP|n=611500000|unique=4055217|accepted=25199979|rate=115628.1/s|walker_min=49.373|walker_med=88.106|walker_max=95.115
STEP|n=611600000|unique=4055226|accepted=25199988|rate=115600.1/s|walker_min=51.241|walker_med=88.938|walker_max=94.612
STEP|n=611700000|unique=4055235|accepted=25199997|rate=115572.0/s|walker_min=52.702|walker_med=86.002|walker_max=95.144
STEP|n=611800000|unique=4055243|accepted=25200005|rate=115543.9/s|walker_min=63.136|walker_med=88.976|walker_max=95.085
STEP|n=611900000|unique=4055254|accepted=25200016|rate=115516.5/s|walker_min=69.091|walker_med=87.222|walker_max=93.958
STEP|n=612000000|unique=4055270|accepted=25200032|rate=115489.0/s|walker_min=58.809|walker_med=87.819|walker_max=94.898
STEP|n=612100000|unique=4055279|accepted=25200041|rate=115461.1/s|walker_min=61.043|walker_med=89.569|walker_max=95.133
STEP|n=612200000|unique=4055289|accepted=25200051|rate=115433.4/s|walker_min=62.539|walker_med=90.526|walker_max=95.062
STEP|n=612300000|unique=4055294|accepted=25200056|rate=115405.7/s|walker_min=68.805|walker_med=87.343|walker_max=94.454
STEP|n=612400000|unique=4055300|accepted=25200062|rate=115377.5/s|walker_min=74.543|walker_med=88.351|walker_max=94.158
STEP|n=612500000|unique=4055308|accepted=25200070|rate=115349.4/s|walker_min=64.056|walker_med=84.071|walker_max=94.715
STEP|n=612600000|unique=4055314|accepted=25200076|rate=115321.1/s|walker_min=48.968|walker_med=81.855|walker_max=94.837
STEP|n=612700000|unique=4055324|accepted=25200086|rate=115293.1/s|walker_min=47.183|walker_med=88.343|walker_max=95.188
STEP|n=612800000|unique=4055341|accepted=25200103|rate=115262.5/s|walker_min=57.132|walker_med=84.130|walker_max=94.246
STEP|n=612900000|unique=4055346|accepted=25200108|rate=115234.3/s|walker_min=52.189|walker_med=86.965|walker_max=94.200
STEP|n=613000000|unique=4055349|accepted=25200111|rate=115204.4/s|walker_min=39.687|walker_med=67.610|walker_max=93.435
STEP|n=613100000|unique=4055356|accepted=25200118|rate=115174.2/s|walker_min=45.166|walker_med=83.676|walker_max=95.159
STEP|n=613200000|unique=4055365|accepted=25200127|rate=115145.3/s|walker_min=46.875|walker_med=82.032|walker_max=94.807
STEP|n=613300000|unique=4055376|accepted=25200138|rate=115117.5/s|walker_min=65.043|walker_med=83.212|walker_max=94.388
STEP|n=613400000|unique=4055387|accepted=25200149|rate=115090.1/s|walker_min=47.905|walker_med=84.895|walker_max=94.698
STEP|n=613500000|unique=4055398|accepted=25200160|rate=115062.6/s|walker_min=65.581|walker_med=81.807|walker_max=93.269
STEP|n=613600000|unique=4055407|accepted=25200169|rate=115035.0/s|walker_min=61.798|walker_med=89.423|walker_max=95.251
STEP|n=613700000|unique=4055414|accepted=25200176|rate=115007.8/s|walker_min=54.180|walker_med=86.902|walker_max=95.187
STEP|n=613800000|unique=4055421|accepted=25200183|rate=114980.4/s|walker_min=66.047|walker_med=87.706|walker_max=94.370
STEP|n=613900000|unique=4055436|accepted=25200198|rate=114953.4/s|walker_min=65.675|walker_med=87.491|walker_max=95.043
STEP|n=614000000|unique=4055442|accepted=25200204|rate=114925.8/s|walker_min=58.510|walker_med=86.930|walker_max=94.801
STEP|n=614100000|unique=4055448|accepted=25200210|rate=114898.7/s|walker_min=65.234|walker_med=89.128|walker_max=94.624
STEP|n=614200000|unique=4055456|accepted=25200218|rate=114871.8/s|walker_min=53.985|walker_med=89.594|walker_max=95.110
STEP|n=614300000|unique=4055463|accepted=25200225|rate=114844.7/s|walker_min=67.602|walker_med=89.314|walker_max=95.119
STEP|n=614400000|unique=4055466|accepted=25200228|rate=114817.4/s|walker_min=55.465|walker_med=83.521|walker_max=94.639
STEP|n=614500000|unique=4055469|accepted=25200231|rate=114790.1/s|walker_min=59.590|walker_med=82.430|walker_max=94.880
STEP|n=614600000|unique=4055478|accepted=25200240|rate=114762.5/s|walker_min=59.545|walker_med=81.959|walker_max=94.995
STEP|n=614700000|unique=4055486|accepted=25200248|rate=114734.9/s|walker_min=55.318|walker_med=84.326|walker_max=94.955
STEP|n=614800000|unique=4055490|accepted=25200252|rate=114707.6/s|walker_min=46.902|walker_med=79.571|walker_max=94.491
STEP|n=614900000|unique=4055504|accepted=25200266|rate=114679.6/s|walker_min=50.507|walker_med=78.229|walker_max=94.998
STEP|n=615000000|unique=4055520|accepted=25200282|rate=114649.8/s|walker_min=30.722|walker_med=70.238|walker_max=91.930
STEP|n=615100000|unique=4055527|accepted=25200289|rate=114616.8/s|walker_min=43.291|walker_med=79.012|walker_max=94.711
STEP|n=615200000|unique=4055531|accepted=25200293|rate=114585.4/s|walker_min=52.482|walker_med=82.226|walker_max=95.171
STEP|n=615300000|unique=4055534|accepted=25200296|rate=114553.7/s|walker_min=62.169|walker_med=86.711|walker_max=94.997
STEP|n=615400000|unique=4055544|accepted=25200306|rate=114523.9/s|walker_min=56.771|walker_med=80.686|walker_max=95.236
STEP|n=615500000|unique=4055559|accepted=25200321|rate=114499.3/s|walker_min=58.202|walker_med=83.339|walker_max=95.035
STEP|n=615600000|unique=4055566|accepted=25200328|rate=114473.5/s|walker_min=67.943|walker_med=87.679|walker_max=95.184
STEP|n=615700000|unique=4055581|accepted=25200343|rate=114447.1/s|walker_min=57.136|walker_med=87.094|walker_max=93.958
STEP|n=615800000|unique=4055589|accepted=25200351|rate=114420.7/s|walker_min=55.699|walker_med=89.723|walker_max=95.150
STEP|n=615900000|unique=4055601|accepted=25200363|rate=114394.6/s|walker_min=54.955|walker_med=85.638|walker_max=95.236
STEP|n=616000000|unique=4055609|accepted=25200371|rate=114367.8/s|walker_min=60.424|walker_med=88.414|walker_max=94.966
STEP|n=616100000|unique=4055621|accepted=25200383|rate=114341.4/s|walker_min=65.512|walker_med=86.145|walker_max=93.907
STEP|n=616200000|unique=4055628|accepted=25200390|rate=114315.0/s|walker_min=73.818|walker_med=85.833|walker_max=94.764
STEP|n=616300000|unique=4055637|accepted=25200399|rate=114288.6/s|walker_min=59.031|walker_med=89.267|walker_max=94.686
STEP|n=616400000|unique=4055648|accepted=25200410|rate=114262.0/s|walker_min=67.009|walker_med=84.477|walker_max=95.124
STEP|n=616500000|unique=4055659|accepted=25200421|rate=114235.2/s|walker_min=58.102|walker_med=87.962|walker_max=93.907
STEP|n=616600000|unique=4055669|accepted=25200431|rate=114208.8/s|walker_min=60.158|walker_med=84.583|walker_max=95.022
STEP|n=616700000|unique=4055675|accepted=25200437|rate=114181.9/s|walker_min=58.382|walker_med=84.519|walker_max=93.877
STEP|n=616800000|unique=4055690|accepted=25200452|rate=114154.6/s|walker_min=47.354|walker_med=86.209|walker_max=94.321
STEP|n=616900000|unique=4055707|accepted=25200469|rate=114126.4/s|walker_min=41.593|walker_med=76.896|walker_max=94.503
STEP|n=617000000|unique=4055713|accepted=25200475|rate=114097.1/s|walker_min=47.303|walker_med=72.005|walker_max=95.012
STEP|n=617100000|unique=4055719|accepted=25200481|rate=114068.2/s|walker_min=44.736|walker_med=81.610|walker_max=94.940
STEP|n=617200000|unique=4055724|accepted=25200486|rate=114040.2/s|walker_min=57.319|walker_med=83.395|walker_max=94.965
STEP|n=617300000|unique=4055733|accepted=25200495|rate=114012.9/s|walker_min=42.700|walker_med=85.989|walker_max=94.773
STEP|n=617400000|unique=4055737|accepted=25200499|rate=113986.1/s|walker_min=69.210|walker_med=85.060|walker_max=95.234
STEP|n=617500000|unique=4055750|accepted=25200512|rate=113959.5/s|walker_min=42.183|walker_med=86.203|walker_max=94.569
STEP|n=617600000|unique=4055757|accepted=25200519|rate=113933.1/s|walker_min=54.272|walker_med=87.815|walker_max=94.817
STEP|n=617700000|unique=4055760|accepted=25200522|rate=113906.8/s|walker_min=57.269|walker_med=84.655|walker_max=94.908
STEP|n=617800000|unique=4055767|accepted=25200529|rate=113880.3/s|walker_min=65.948|walker_med=86.536|walker_max=94.736
STEP|n=617900000|unique=4055771|accepted=25200533|rate=113853.7/s|walker_min=67.126|walker_med=87.156|walker_max=94.351
STEP|n=618000000|unique=4055781|accepted=25200543|rate=113827.4/s|walker_min=64.832|walker_med=89.337|walker_max=94.617
STEP|n=618100000|unique=4055790|accepted=25200552|rate=113801.0/s|walker_min=70.724|walker_med=89.721|walker_max=94.884
STEP|n=618200000|unique=4055797|accepted=25200559|rate=113774.9/s|walker_min=66.424|walker_med=84.710|walker_max=94.585
STEP|n=618300000|unique=4055809|accepted=25200571|rate=113747.0/s|walker_min=64.446|walker_med=86.738|walker_max=95.262
STEP|n=618400000|unique=4055826|accepted=25200588|rate=113721.1/s|walker_min=60.081|walker_med=83.673|walker_max=94.716
STEP|n=618500000|unique=4055834|accepted=25200596|rate=113695.4/s|walker_min=42.334|walker_med=85.471|walker_max=94.471
STEP|n=618600000|unique=4055843|accepted=25200605|rate=113669.1/s|walker_min=58.048|walker_med=88.221|walker_max=95.005
STEP|n=618700000|unique=4055850|accepted=25200612|rate=113642.6/s|walker_min=46.735|walker_med=81.634|walker_max=95.191
STEP|n=618800000|unique=4055852|accepted=25200614|rate=113615.8/s|walker_min=58.988|walker_med=86.820|walker_max=95.168
STEP|n=618900000|unique=4055863|accepted=25200625|rate=113588.8/s|walker_min=51.577|walker_med=82.380|walker_max=95.150
STEP|n=619000000|unique=4055866|accepted=25200628|rate=113560.5/s|walker_min=42.249|walker_med=73.915|walker_max=95.163
STEP|n=619100000|unique=4055875|accepted=25200637|rate=113532.6/s|walker_min=49.804|walker_med=80.151|walker_max=92.964
STEP|n=619200000|unique=4055879|accepted=25200641|rate=113505.2/s|walker_min=48.939|walker_med=84.806|walker_max=95.188
STEP|n=619300000|unique=4055885|accepted=25200647|rate=113478.7/s|walker_min=46.182|walker_med=81.274|walker_max=94.306
STEP|n=619400000|unique=4055898|accepted=25200660|rate=113452.4/s|walker_min=76.481|walker_med=88.151|walker_max=94.719
STEP|n=619500000|unique=4055906|accepted=25200668|rate=113426.3/s|walker_min=69.199|walker_med=86.340|walker_max=94.715
STEP|n=619600000|unique=4055919|accepted=25200681|rate=113400.5/s|walker_min=66.414|walker_med=88.571|walker_max=95.067
STEP|n=619700000|unique=4055932|accepted=25200694|rate=113374.8/s|walker_min=63.655|walker_med=87.490|walker_max=95.035
STEP|n=619800000|unique=4055945|accepted=25200707|rate=113348.9/s|walker_min=58.232|walker_med=83.738|walker_max=95.122
STEP|n=619900000|unique=4055950|accepted=25200712|rate=113323.2/s|walker_min=65.784|walker_med=84.705|walker_max=94.860
STEP|n=620000000|unique=4055974|accepted=25200736|rate=113297.6/s|walker_min=63.800|walker_med=85.811|walker_max=94.727
STEP|n=620100000|unique=4055983|accepted=25200745|rate=113271.3/s|walker_min=70.523|walker_med=84.580|walker_max=94.591
STEP|n=620200000|unique=4055989|accepted=25200751|rate=113245.7/s|walker_min=64.587|walker_med=87.704|walker_max=95.141
STEP|n=620300000|unique=4055994|accepted=25200756|rate=113220.0/s|walker_min=58.910|walker_med=85.384|walker_max=95.163
STEP|n=620400000|unique=4056006|accepted=25200768|rate=113194.2/s|walker_min=59.156|walker_med=87.555|walker_max=95.133
STEP|n=620500000|unique=4056016|accepted=25200778|rate=113168.5/s|walker_min=61.961|walker_med=90.049|walker_max=95.187
STEP|n=620600000|unique=4056023|accepted=25200785|rate=113142.6/s|walker_min=66.044|walker_med=82.938|walker_max=94.470
STEP|n=620700000|unique=4056032|accepted=25200794|rate=113116.7/s|walker_min=60.073|walker_med=77.709|walker_max=94.725
STEP|n=620800000|unique=4056040|accepted=25200802|rate=113090.2/s|walker_min=60.535|walker_med=88.693|walker_max=94.891
STEP|n=620900000|unique=4056044|accepted=25200806|rate=113063.7/s|walker_min=60.362|walker_med=82.688|walker_max=95.241
STEP|n=621000000|unique=4056052|accepted=25200814|rate=113035.7/s|walker_min=42.896|walker_med=74.988|walker_max=94.996
STEP|n=621100000|unique=4056055|accepted=25200817|rate=113005.4/s|walker_min=40.550|walker_med=75.950|walker_max=94.644
STEP|n=621200000|unique=4056060|accepted=25200822|rate=112979.6/s|walker_min=59.078|walker_med=88.512|walker_max=95.078
STEP|n=621300000|unique=4056077|accepted=25200839|rate=112953.8/s|walker_min=46.175|walker_med=83.239|walker_max=94.747
STEP|n=621400000|unique=4056087|accepted=25200849|rate=112928.0/s|walker_min=61.503|walker_med=88.193|walker_max=95.211
STEP|n=621500000|unique=4056107|accepted=25200869|rate=112902.4/s|walker_min=60.965|walker_med=84.997|walker_max=94.973
STEP|n=621600000|unique=4056113|accepted=25200875|rate=112876.7/s|walker_min=67.562|walker_med=89.338|walker_max=95.152
STEP|n=621700000|unique=4056125|accepted=25200887|rate=112848.0/s|walker_min=62.824|walker_med=86.354|walker_max=94.955
STEP|n=621800000|unique=4056130|accepted=25200892|rate=112822.9/s|walker_min=58.452|walker_med=86.178|walker_max=94.731
STEP|n=621900000|unique=4056143|accepted=25200905|rate=112797.6/s|walker_min=52.427|walker_med=85.013|walker_max=94.958
STEP|n=622000000|unique=4056151|accepted=25200913|rate=112772.3/s|walker_min=71.198|walker_med=90.566|walker_max=95.276
STEP|n=622100000|unique=4056162|accepted=25200924|rate=112747.0/s|walker_min=65.469|walker_med=82.386|walker_max=95.158
STEP|n=622200000|unique=4056172|accepted=25200934|rate=112721.7/s|walker_min=50.460|walker_med=90.068|walker_max=94.485
STEP|n=622300000|unique=4056184|accepted=25200946|rate=112696.4/s|walker_min=68.812|walker_med=89.521|walker_max=95.189
STEP|n=622400000|unique=4056201|accepted=25200963|rate=112671.3/s|walker_min=58.341|walker_med=88.620|walker_max=95.110
STEP|n=622500000|unique=4056210|accepted=25200972|rate=112645.9/s|walker_min=53.414|walker_med=86.106|walker_max=95.138
STEP|n=622600000|unique=4056215|accepted=25200977|rate=112620.2/s|walker_min=65.443|walker_med=87.524|walker_max=95.102
STEP|n=622700000|unique=4056219|accepted=25200981|rate=112594.5/s|walker_min=56.198|walker_med=84.611|walker_max=93.688
STEP|n=622800000|unique=4056222|accepted=25200984|rate=112568.6/s|walker_min=44.853|walker_med=81.889|walker_max=94.405
STEP|n=622900000|unique=4056232|accepted=25200994|rate=112541.8/s|walker_min=50.576|walker_med=79.617|walker_max=95.116
STEP|n=623000000|unique=4056245|accepted=25201007|rate=112514.2/s|walker_min=25.481|walker_med=81.612|walker_max=94.583
STEP|n=623100000|unique=4056252|accepted=25201014|rate=112486.7/s|walker_min=57.247|walker_med=80.676|walker_max=92.719
STEP|n=623200000|unique=4056257|accepted=25201019|rate=112460.3/s|walker_min=41.033|walker_med=83.144|walker_max=94.333
STEP|n=623300000|unique=4056261|accepted=25201023|rate=112434.5/s|walker_min=58.655|walker_med=84.764|walker_max=94.780
STEP|n=623400000|unique=4056266|accepted=25201028|rate=112408.6/s|walker_min=50.654|walker_med=83.001|walker_max=94.093
STEP|n=623500000|unique=4056276|accepted=25201038|rate=112383.1/s|walker_min=61.817|walker_med=85.411|walker_max=94.820
STEP|n=623600000|unique=4056286|accepted=25201048|rate=112357.8/s|walker_min=45.436|walker_med=89.893|walker_max=95.283
STEP|n=623700000|unique=4056292|accepted=25201054|rate=112332.8/s|walker_min=66.648|walker_med=88.372|walker_max=95.281
STEP|n=623800000|unique=4056301|accepted=25201063|rate=112308.0/s|walker_min=61.677|walker_med=85.627|walker_max=93.941
STEP|n=623900000|unique=4056310|accepted=25201072|rate=112281.1/s|walker_min=65.065|walker_med=89.346|walker_max=94.920
STEP|n=624000000|unique=4056319|accepted=25201081|rate=112256.6/s|walker_min=62.727|walker_med=88.884|walker_max=94.970
STEP|n=624100000|unique=4056326|accepted=25201088|rate=112231.7/s|walker_min=60.382|walker_med=88.561|walker_max=95.186
STEP|n=624200000|unique=4056332|accepted=25201094|rate=112206.9/s|walker_min=64.191|walker_med=88.782|walker_max=94.883
STEP|n=624300000|unique=4056343|accepted=25201105|rate=112182.2/s|walker_min=53.028|walker_med=88.603|walker_max=95.138
STEP|n=624400000|unique=4056356|accepted=25201118|rate=112157.5/s|walker_min=54.148|walker_med=88.389|walker_max=94.093
STEP|n=624500000|unique=4056366|accepted=25201128|rate=112132.3/s|walker_min=60.432|walker_med=87.770|walker_max=94.863
STEP|n=624600000|unique=4056378|accepted=25201140|rate=112107.6/s|walker_min=60.725|walker_med=83.851|walker_max=95.019
STEP|n=624700000|unique=4056382|accepted=25201144|rate=112082.6/s|walker_min=64.344|walker_med=84.504|walker_max=94.875
STEP|n=624800000|unique=4056388|accepted=25201150|rate=112057.4/s|walker_min=32.931|walker_med=83.669|walker_max=94.558
STEP|n=624900000|unique=4056392|accepted=25201154|rate=112031.2/s|walker_min=52.081|walker_med=77.691|walker_max=94.776
STEP|n=625000000|unique=4056395|accepted=25201157|rate=112004.3/s|walker_min=33.010|walker_med=64.905|walker_max=93.424
STEP|n=625100000|unique=4056398|accepted=25201160|rate=111977.3/s|walker_min=45.940|walker_med=78.718|walker_max=95.119
STEP|n=625200000|unique=4056407|accepted=25201169|rate=111951.5/s|walker_min=50.384|walker_med=81.717|walker_max=95.234
STEP|n=625300000|unique=4056418|accepted=25201180|rate=111926.1/s|walker_min=55.651|walker_med=84.480|walker_max=94.642
STEP|n=625400000|unique=4056423|accepted=25201185|rate=111900.8/s|walker_min=63.609|walker_med=88.414|walker_max=94.938
STEP|n=625500000|unique=4056430|accepted=25201192|rate=111876.2/s|walker_min=68.524|walker_med=90.354|walker_max=95.240
STEP|n=625600000|unique=4056436|accepted=25201198|rate=111851.6/s|walker_min=50.656|walker_med=87.003|walker_max=94.747
STEP|n=625700000|unique=4056446|accepted=25201208|rate=111827.1/s|walker_min=65.339|walker_med=86.579|walker_max=94.436
STEP|n=625800000|unique=4056452|accepted=25201214|rate=111802.7/s|walker_min=45.531|walker_med=89.401|walker_max=95.057
STEP|n=625900000|unique=4056464|accepted=25201226|rate=111777.5/s|walker_min=72.005|walker_med=90.206|walker_max=95.281
STEP|n=626000000|unique=4056466|accepted=25201228|rate=111752.9/s|walker_min=69.566|walker_med=90.715|walker_max=95.215
STEP|n=626100000|unique=4056479|accepted=25201241|rate=111728.6/s|walker_min=72.587|walker_med=87.439|walker_max=94.628
STEP|n=626200000|unique=4056486|accepted=25201248|rate=111704.1/s|walker_min=71.093|walker_med=90.495|walker_max=95.239
STEP|n=626300000|unique=4056496|accepted=25201258|rate=111679.6/s|walker_min=69.914|walker_med=89.200|walker_max=95.093
STEP|n=626400000|unique=4056516|accepted=25201278|rate=111655.1/s|walker_min=56.340|walker_med=90.367|walker_max=95.252
STEP|n=626500000|unique=4056522|accepted=25201284|rate=111630.7/s|walker_min=67.922|walker_med=87.509|walker_max=94.960
STEP|n=626600000|unique=4056537|accepted=25201299|rate=111606.3/s|walker_min=56.103|walker_med=87.919|walker_max=95.164
STEP|n=626700000|unique=4056547|accepted=25201309|rate=111579.6/s|walker_min=46.310|walker_med=84.878|walker_max=95.204
STEP|n=626800000|unique=4056558|accepted=25201320|rate=111555.1/s|walker_min=59.165|walker_med=80.761|walker_max=95.227
STEP|n=626900000|unique=4056572|accepted=25201334|rate=111529.9/s|walker_min=54.087|walker_med=80.707|walker_max=94.179
STEP|n=627000000|unique=4056578|accepted=25201340|rate=111503.4/s|walker_min=33.163|walker_med=73.200|walker_max=93.786
STEP|n=627100000|unique=4056583|accepted=25201345|rate=111476.6/s|walker_min=53.922|walker_med=80.709|walker_max=94.507
STEP|n=627200000|unique=4056594|accepted=25201356|rate=111451.3/s|walker_min=48.045|walker_med=80.993|walker_max=94.931
STEP|n=627300000|unique=4056609|accepted=25201371|rate=111426.7/s|walker_min=65.081|walker_med=88.080|walker_max=95.097
STEP|n=627400000|unique=4056615|accepted=25201377|rate=111402.0/s|walker_min=55.118|walker_med=84.550|walker_max=95.089
STEP|n=627500000|unique=4056619|accepted=25201381|rate=111377.5/s|walker_min=59.531|walker_med=88.568|walker_max=95.159
STEP|n=627600000|unique=4056632|accepted=25201394|rate=111353.2/s|walker_min=56.200|walker_med=85.683|walker_max=95.232
STEP|n=627700000|unique=4056642|accepted=25201404|rate=111328.8/s|walker_min=66.383|walker_med=88.872|walker_max=95.005
STEP|n=627800000|unique=4056652|accepted=25201414|rate=111304.7/s|walker_min=67.290|walker_med=88.882|walker_max=95.042
STEP|n=627900000|unique=4056657|accepted=25201419|rate=111280.6/s|walker_min=56.549|walker_med=85.843|walker_max=95.273
STEP|n=628000000|unique=4056664|accepted=25201426|rate=111256.6/s|walker_min=57.912|walker_med=89.437|walker_max=95.031
STEP|n=628100000|unique=4056669|accepted=25201431|rate=111232.2/s|walker_min=65.524|walker_med=87.022|walker_max=95.137
STEP|n=628200000|unique=4056683|accepted=25201445|rate=111207.8/s|walker_min=50.291|walker_med=89.701|walker_max=95.241
STEP|n=628300000|unique=4056694|accepted=25201456|rate=111184.0/s|walker_min=65.996|walker_med=88.245|walker_max=94.814
STEP|n=628400000|unique=4056699|accepted=25201461|rate=111158.9/s|walker_min=69.185|walker_med=87.860|walker_max=95.162
STEP|n=628500000|unique=4056706|accepted=25201468|rate=111133.8/s|walker_min=51.524|walker_med=83.906|walker_max=94.946
STEP|n=628600000|unique=4056723|accepted=25201485|rate=111110.0/s|walker_min=55.858|walker_med=81.757|walker_max=95.063
STEP|n=628700000|unique=4056729|accepted=25201491|rate=111085.7/s|walker_min=59.573|walker_med=87.060|walker_max=93.923
STEP|n=628800000|unique=4056738|accepted=25201500|rate=111060.8/s|walker_min=47.272|walker_med=85.534|walker_max=95.184
STEP|n=628900000|unique=4056747|accepted=25201509|rate=111035.8/s|walker_min=37.965|walker_med=79.879|walker_max=94.215
STEP|n=629000000|unique=4056753|accepted=25201515|rate=111009.1/s|walker_min=41.994|walker_med=70.549|walker_max=93.160
STEP|n=629100000|unique=4056763|accepted=25201525|rate=110982.7/s|walker_min=38.937|walker_med=82.266|walker_max=94.623
STEP|n=629200000|unique=4056772|accepted=25201534|rate=110955.6/s|walker_min=58.052|walker_med=83.744|walker_max=95.194
STEP|n=629300000|unique=4056775|accepted=25201537|rate=110929.2/s|walker_min=58.384|walker_med=83.177|walker_max=94.858
STEP|n=629400000|unique=4056784|accepted=25201546|rate=110904.0/s|walker_min=58.399|walker_med=86.077|walker_max=94.568
STEP|n=629500000|unique=4056796|accepted=25201558|rate=110879.4/s|walker_min=50.460|walker_med=87.543|walker_max=95.033
STEP|n=629600000|unique=4056807|accepted=25201569|rate=110855.6/s|walker_min=49.154|walker_med=87.624|walker_max=94.990
STEP|n=629700000|unique=4056817|accepted=25201579|rate=110831.6/s|walker_min=61.273|walker_med=88.176|walker_max=94.722
STEP|n=629800000|unique=4056824|accepted=25201586|rate=110807.7/s|walker_min=69.184|walker_med=89.348|walker_max=94.877
STEP|n=629900000|unique=4056835|accepted=25201597|rate=110783.8/s|walker_min=71.225|walker_med=88.479|walker_max=95.065
STEP|n=630000000|unique=4056844|accepted=25201606|rate=110760.2/s|walker_min=65.750|walker_med=88.154|walker_max=94.891
STEP|n=630100000|unique=4056852|accepted=25201614|rate=110736.8/s|walker_min=53.851|walker_med=88.420|walker_max=94.902
STEP|n=630200000|unique=4056859|accepted=25201621|rate=110713.2/s|walker_min=73.625|walker_med=89.332|walker_max=94.967
STEP|n=630300000|unique=4056868|accepted=25201630|rate=110689.8/s|walker_min=67.354|walker_med=83.348|walker_max=94.772
STEP|n=630400000|unique=4056876|accepted=25201638|rate=110666.1/s|walker_min=64.228|walker_med=86.998|walker_max=94.852
STEP|n=630500000|unique=4056879|accepted=25201641|rate=110642.3/s|walker_min=45.908|walker_med=87.947|walker_max=94.252
STEP|n=630600000|unique=4056894|accepted=25201656|rate=110618.4/s|walker_min=61.161|walker_med=83.950|walker_max=94.902
STEP|n=630700000|unique=4056898|accepted=25201660|rate=110594.3/s|walker_min=51.597|walker_med=84.530|walker_max=93.762
STEP|n=630800000|unique=4056910|accepted=25201672|rate=110570.5/s|walker_min=46.708|walker_med=88.859|walker_max=95.170
STEP|n=630900000|unique=4056921|accepted=25201683|rate=110546.3/s|walker_min=41.056|walker_med=76.481|walker_max=93.223
STEP|n=631000000|unique=4056927|accepted=25201689|rate=110520.5/s|walker_min=44.201|walker_med=71.933|walker_max=92.144
STEP|n=631100000|unique=4056932|accepted=25201694|rate=110494.7/s|walker_min=52.087|walker_med=83.948|walker_max=94.751
STEP|n=631200000|unique=4056944|accepted=25201706|rate=110469.1/s|walker_min=46.626|walker_med=80.947|walker_max=95.215
STEP|n=631300000|unique=4056953|accepted=25201715|rate=110445.2/s|walker_min=62.689|walker_med=84.459|walker_max=94.728
STEP|n=631400000|unique=4056959|accepted=25201721|rate=110421.6/s|walker_min=62.421|walker_med=87.696|walker_max=95.076
STEP|n=631500000|unique=4056977|accepted=25201739|rate=110398.2/s|walker_min=52.044|walker_med=88.123|walker_max=95.091
STEP|n=631600000|unique=4056993|accepted=25201755|rate=110374.8/s|walker_min=42.654|walker_med=87.478|walker_max=95.221
STEP|n=631700000|unique=4057000|accepted=25201762|rate=110351.1/s|walker_min=42.423|walker_med=85.697|walker_max=95.129
STEP|n=631800000|unique=4057008|accepted=25201770|rate=110327.6/s|walker_min=66.917|walker_med=86.043|walker_max=95.214
STEP|n=631900000|unique=4057018|accepted=25201780|rate=110304.6/s|walker_min=63.285|walker_med=88.154|walker_max=95.271
STEP|n=632000000|unique=4057024|accepted=25201786|rate=110281.1/s|walker_min=55.046|walker_med=87.993|walker_max=95.114
STEP|n=632100000|unique=4057030|accepted=25201792|rate=110257.8/s|walker_min=53.100|walker_med=83.760|walker_max=94.506
STEP|n=632200000|unique=4057036|accepted=25201798|rate=110233.5/s|walker_min=61.463|walker_med=86.716|walker_max=94.973
STEP|n=632300000|unique=4057046|accepted=25201808|rate=110209.4/s|walker_min=61.164|walker_med=88.827|walker_max=95.202
STEP|n=632400000|unique=4057052|accepted=25201814|rate=110186.3/s|walker_min=47.188|walker_med=85.480|walker_max=95.014
STEP|n=632500000|unique=4057056|accepted=25201818|rate=110163.1/s|walker_min=58.525|walker_med=86.287|walker_max=95.244
STEP|n=632600000|unique=4057063|accepted=25201825|rate=110139.6/s|walker_min=48.533|walker_med=86.454|walker_max=94.284
STEP|n=632700000|unique=4057072|accepted=25201834|rate=110115.8/s|walker_min=53.279|walker_med=83.284|walker_max=94.892
STEP|n=632800000|unique=4057078|accepted=25201840|rate=110091.8/s|walker_min=51.595|walker_med=81.958|walker_max=94.873
STEP|n=632900000|unique=4057085|accepted=25201847|rate=110067.3/s|walker_min=33.298|walker_med=71.603|walker_max=94.997
STEP|n=633000000|unique=4057089|accepted=25201851|rate=110041.7/s|walker_min=37.343|walker_med=67.918|walker_max=93.316
STEP|n=633100000|unique=4057091|accepted=25201853|rate=110016.0/s|walker_min=44.601|walker_med=78.660|walker_max=94.894
STEP|n=633200000|unique=4057096|accepted=25201858|rate=109991.8/s|walker_min=30.577|walker_med=82.202|walker_max=95.273
STEP|n=633300000|unique=4057101|accepted=25201863|rate=109967.9/s|walker_min=54.550|walker_med=85.070|walker_max=93.126
STEP|n=633400000|unique=4057111|accepted=25201873|rate=109944.0/s|walker_min=58.150|walker_med=86.388|walker_max=95.202
STEP|n=633500000|unique=4057121|accepted=25201883|rate=109920.4/s|walker_min=51.468|walker_med=88.166|walker_max=94.982
STEP|n=633600000|unique=4057129|accepted=25201891|rate=109897.5/s|walker_min=46.592|walker_med=83.689|walker_max=95.063
STEP|n=633700000|unique=4057139|accepted=25201901|rate=109874.6/s|walker_min=61.590|walker_med=89.031|walker_max=95.159
STEP|n=633800000|unique=4057144|accepted=25201906|rate=109851.3/s|walker_min=46.782|walker_med=87.871|walker_max=94.381
STEP|n=633900000|unique=4057150|accepted=25201912|rate=109828.3/s|walker_min=70.933|walker_med=91.358|walker_max=95.046
STEP|n=634000000|unique=4057153|accepted=25201915|rate=109805.3/s|walker_min=41.535|walker_med=87.666|walker_max=95.029
STEP|n=634100000|unique=4057154|accepted=25201916|rate=109782.2/s|walker_min=55.297|walker_med=84.856|walker_max=94.007
STEP|n=634200000|unique=4057161|accepted=25201923|rate=109759.4/s|walker_min=61.125|walker_med=90.831|walker_max=95.185
STEP|n=634300000|unique=4057174|accepted=25201936|rate=109736.4/s|walker_min=69.390|walker_med=88.494|walker_max=95.037
STEP|n=634400000|unique=4057182|accepted=25201944|rate=109713.1/s|walker_min=62.863|walker_med=83.683|walker_max=94.796
STEP|n=634500000|unique=4057189|accepted=25201951|rate=109689.8/s|walker_min=53.594|walker_med=84.865|walker_max=94.992
STEP|n=634600000|unique=4057195|accepted=25201957|rate=109666.7/s|walker_min=63.624|walker_med=86.275|walker_max=95.173
STEP|n=634700000|unique=4057205|accepted=25201967|rate=109643.8/s|walker_min=65.796|walker_med=87.957|walker_max=95.234
STEP|n=634800000|unique=4057215|accepted=25201977|rate=109620.1/s|walker_min=39.177|walker_med=85.552|walker_max=94.006
STEP|n=634900000|unique=4057227|accepted=25201989|rate=109596.3/s|walker_min=53.791|walker_med=83.127|walker_max=94.934
STEP|n=635000000|unique=4057234|accepted=25201996|rate=109570.2/s|walker_min=53.959|walker_med=71.510|walker_max=95.085
STEP|n=635100000|unique=4057241|accepted=25202003|rate=109545.3/s|walker_min=33.060|walker_med=79.757|walker_max=94.507
STEP|n=635200000|unique=4057246|accepted=25202008|rate=109521.4/s|walker_min=39.520|walker_med=88.910|walker_max=95.229
STEP|n=635300000|unique=4057258|accepted=25202020|rate=109498.2/s|walker_min=55.946|walker_med=88.305|walker_max=95.237
STEP|n=635400000|unique=4057269|accepted=25202031|rate=109475.6/s|walker_min=64.837|walker_med=89.343|walker_max=95.038
STEP|n=635500000|unique=4057274|accepted=25202036|rate=109452.9/s|walker_min=44.290|walker_med=89.293|walker_max=94.723
STEP|n=635600000|unique=4057284|accepted=25202046|rate=109430.9/s|walker_min=49.694|walker_med=87.754|walker_max=95.111
STEP|n=635700000|unique=4057297|accepted=25202059|rate=109408.8/s|walker_min=59.969|walker_med=86.248|walker_max=95.209
STEP|n=635800000|unique=4057305|accepted=25202067|rate=109387.0/s|walker_min=63.005|walker_med=86.456|walker_max=94.192
STEP|n=635900000|unique=4057323|accepted=25202085|rate=109365.3/s|walker_min=65.817|walker_med=87.374|walker_max=95.028
STEP|n=636000000|unique=4057332|accepted=25202094|rate=109342.6/s|walker_min=63.720|walker_med=89.305|walker_max=94.991
STEP|n=636100000|unique=4057344|accepted=25202106|rate=109320.5/s|walker_min=51.510|walker_med=88.847|walker_max=94.806
STEP|n=636200000|unique=4057351|accepted=25202113|rate=109297.5/s|walker_min=50.055|walker_med=86.868|walker_max=95.124
STEP|n=636300000|unique=4057356|accepted=25202118|rate=109274.7/s|walker_min=55.347|walker_med=87.845|walker_max=94.688
STEP|n=636400000|unique=4057366|accepted=25202128|rate=109251.5/s|walker_min=55.325|walker_med=84.254|walker_max=94.891
STEP|n=636500000|unique=4057376|accepted=25202138|rate=109229.0/s|walker_min=63.900|walker_med=87.073|walker_max=95.137
STEP|n=636600000|unique=4057386|accepted=25202148|rate=109206.2/s|walker_min=41.824|walker_med=86.640|walker_max=94.864
STEP|n=636700000|unique=4057391|accepted=25202153|rate=109183.0/s|walker_min=64.222|walker_med=85.919|walker_max=94.049
STEP|n=636800000|unique=4057393|accepted=25202155|rate=109159.8/s|walker_min=37.388|walker_med=82.921|walker_max=94.698
STEP|n=636900000|unique=4057410|accepted=25202172|rate=109136.5/s|walker_min=53.346|walker_med=80.095|walker_max=94.155
STEP|n=637000000|unique=4057417|accepted=25202179|rate=109112.1/s|walker_min=39.177|walker_med=70.233|walker_max=95.229
STEP|n=637100000|unique=4057424|accepted=25202186|rate=109088.0/s|walker_min=53.753|walker_med=79.550|walker_max=94.049
STEP|n=637200000|unique=4057429|accepted=25202191|rate=109064.6/s|walker_min=51.493|walker_med=86.811|walker_max=94.339
STEP|n=637300000|unique=4057435|accepted=25202197|rate=109041.4/s|walker_min=45.697|walker_med=82.541|walker_max=94.897
STEP|n=637400000|unique=4057442|accepted=25202204|rate=109018.5/s|walker_min=66.468|walker_med=83.627|walker_max=95.225
STEP|n=637500000|unique=4057450|accepted=25202212|rate=108996.1/s|walker_min=68.413|walker_med=87.349|walker_max=95.135
STEP|n=637600000|unique=4057459|accepted=25202221|rate=108973.5/s|walker_min=55.189|walker_med=88.173|walker_max=95.253
STEP|n=637700000|unique=4057466|accepted=25202228|rate=108951.2/s|walker_min=52.549|walker_med=89.630|walker_max=95.041
STEP|n=637800000|unique=4057470|accepted=25202232|rate=108927.5/s|walker_min=41.640|walker_med=89.511|walker_max=95.085
STEP|n=637900000|unique=4057484|accepted=25202246|rate=108902.2/s|walker_min=60.167|walker_med=87.410|walker_max=95.147
STEP|n=638000000|unique=4057492|accepted=25202254|rate=108875.2/s|walker_min=72.166|walker_med=86.265|walker_max=94.719
STEP|n=638100000|unique=4057501|accepted=25202263|rate=108850.4/s|walker_min=59.756|walker_med=90.013|walker_max=95.025
STEP|n=638200000|unique=4057505|accepted=25202267|rate=108831.0/s|walker_min=65.635|walker_med=88.504|walker_max=94.848
STEP|n=638300000|unique=4057510|accepted=25202272|rate=108809.7/s|walker_min=69.475|walker_med=85.539|walker_max=95.184
STEP|n=638400000|unique=4057518|accepted=25202280|rate=108787.5/s|walker_min=62.203|walker_med=88.004|walker_max=95.218
STEP|n=638500000|unique=4057522|accepted=25202284|rate=108765.1/s|walker_min=62.195|walker_med=88.306|walker_max=95.095
STEP|n=638600000|unique=4057527|accepted=25202289|rate=108742.7/s|walker_min=69.575|walker_med=89.222|walker_max=94.894
STEP|n=638700000|unique=4057541|accepted=25202303|rate=108720.4/s|walker_min=60.883|walker_med=87.093|walker_max=95.039
STEP|n=638800000|unique=4057551|accepted=25202313|rate=108697.3/s|walker_min=51.711|walker_med=84.587|walker_max=94.833
STEP|n=638900000|unique=4057555|accepted=25202317|rate=108673.8/s|walker_min=53.864|walker_med=84.889|walker_max=94.197
STEP|n=639000000|unique=4057559|accepted=25202321|rate=108649.3/s|walker_min=29.549|walker_med=78.252|walker_max=92.948
STEP|n=639100000|unique=4057575|accepted=25202337|rate=108625.4/s|walker_min=47.660|walker_med=86.051|walker_max=94.587
STEP|n=639200000|unique=4057585|accepted=25202347|rate=108602.3/s|walker_min=50.827|walker_med=84.325|walker_max=94.322
STEP|n=639300000|unique=4057592|accepted=25202354|rate=108579.3/s|walker_min=51.767|walker_med=80.113|walker_max=95.254
STEP|n=639400000|unique=4057605|accepted=25202367|rate=108557.0/s|walker_min=55.041|walker_med=84.430|walker_max=94.863
STEP|n=639500000|unique=4057614|accepted=25202376|rate=108534.8/s|walker_min=55.545|walker_med=87.386|walker_max=94.698
STEP|n=639600000|unique=4057624|accepted=25202386|rate=108512.9/s|walker_min=58.031|walker_med=86.432|walker_max=94.796
STEP|n=639700000|unique=4057633|accepted=25202395|rate=108490.7/s|walker_min=57.348|walker_med=86.231|walker_max=95.272
STEP|n=639800000|unique=4057637|accepted=25202399|rate=108468.5/s|walker_min=77.479|walker_med=88.448|walker_max=95.177
STEP|n=639900000|unique=4057646|accepted=25202408|rate=108446.7/s|walker_min=65.828|walker_med=88.391|walker_max=94.935
STEP|n=640000000|unique=4057652|accepted=25202414|rate=108424.7/s|walker_min=56.669|walker_med=86.330|walker_max=95.167
STEP|n=640100000|unique=4057660|accepted=25202422|rate=108402.7/s|walker_min=69.724|walker_med=86.827|walker_max=94.087
STEP|n=640200000|unique=4057668|accepted=25202430|rate=108380.5/s|walker_min=55.076|walker_med=86.377|walker_max=95.189
STEP|n=640300000|unique=4057676|accepted=25202438|rate=108358.6/s|walker_min=59.465|walker_med=88.222|walker_max=94.791
STEP|n=640400000|unique=4057684|accepted=25202446|rate=108336.8/s|walker_min=61.930|walker_med=88.156|walker_max=95.148
STEP|n=640500000|unique=4057692|accepted=25202454|rate=108315.0/s|walker_min=58.235|walker_med=88.845|walker_max=93.798
STEP|n=640600000|unique=4057700|accepted=25202462|rate=108291.7/s|walker_min=57.808|walker_med=85.625|walker_max=95.202
STEP|n=640700000|unique=4057706|accepted=25202468|rate=108269.4/s|walker_min=57.396|walker_med=83.219|walker_max=95.191
STEP|n=640800000|unique=4057716|accepted=25202478|rate=108247.1/s|walker_min=54.557|walker_med=87.707|walker_max=94.557
STEP|n=640900000|unique=4057732|accepted=25202494|rate=108224.2/s|walker_min=49.460|walker_med=78.489|walker_max=95.120
STEP|n=641000000|unique=4057735|accepted=25202497|rate=108200.1/s|walker_min=30.989|walker_med=75.746|walker_max=95.030
STEP|n=641100000|unique=4057742|accepted=25202504|rate=108176.3/s|walker_min=40.588|walker_med=79.119|walker_max=94.327
STEP|n=641200000|unique=4057751|accepted=25202513|rate=108153.5/s|walker_min=57.559|walker_med=87.414|walker_max=95.044
STEP|n=641300000|unique=4057765|accepted=25202527|rate=108131.2/s|walker_min=54.116|walker_med=86.733|walker_max=94.667
STEP|n=641400000|unique=4057779|accepted=25202541|rate=108109.1/s|walker_min=51.364|walker_med=83.645|walker_max=94.538
STEP|n=641500000|unique=4057782|accepted=25202544|rate=108087.2/s|walker_min=53.870|walker_med=82.701|walker_max=93.683
STEP|n=641600000|unique=4057790|accepted=25202552|rate=108065.3/s|walker_min=55.720|walker_med=86.332|walker_max=94.967
STEP|n=641700000|unique=4057800|accepted=25202562|rate=108043.4/s|walker_min=62.919|walker_med=87.538|walker_max=95.107
STEP|n=641800000|unique=4057805|accepted=25202567|rate=108021.7/s|walker_min=45.239|walker_med=85.999|walker_max=92.961
STEP|n=641900000|unique=4057814|accepted=25202576|rate=108000.2/s|walker_min=50.261|walker_med=86.140|walker_max=94.376
STEP|n=642000000|unique=4057822|accepted=25202584|rate=107978.6/s|walker_min=60.428|walker_med=87.834|walker_max=94.648
STEP|n=642100000|unique=4057826|accepted=25202588|rate=107957.0/s|walker_min=50.428|walker_med=86.746|walker_max=95.092
STEP|n=642200000|unique=4057829|accepted=25202591|rate=107935.2/s|walker_min=53.930|walker_med=87.033|walker_max=95.227
STEP|n=642300000|unique=4057840|accepted=25202602|rate=107913.8/s|walker_min=53.377|walker_med=83.831|walker_max=95.140
STEP|n=642400000|unique=4057853|accepted=25202615|rate=107892.4/s|walker_min=61.228|walker_med=86.142|walker_max=95.088
STEP|n=642500000|unique=4057862|accepted=25202624|rate=107870.8/s|walker_min=60.139|walker_med=86.070|walker_max=95.000
STEP|n=642600000|unique=4057868|accepted=25202630|rate=107849.0/s|walker_min=34.503|walker_med=85.927|walker_max=94.996
STEP|n=642700000|unique=4057870|accepted=25202632|rate=107826.4/s|walker_min=57.925|walker_med=80.636|walker_max=93.200
STEP|n=642800000|unique=4057880|accepted=25202642|rate=107804.2/s|walker_min=62.016|walker_med=83.187|walker_max=94.606
STEP|n=642900000|unique=4057891|accepted=25202653|rate=107781.5/s|walker_min=43.760|walker_med=77.145|walker_max=95.165
STEP|n=643000000|unique=4057897|accepted=25202659|rate=107757.6/s|walker_min=43.316|walker_med=70.914|walker_max=93.362
STEP|n=643100000|unique=4057905|accepted=25202667|rate=107733.2/s|walker_min=41.601|walker_med=81.835|walker_max=94.883
STEP|n=643200000|unique=4057910|accepted=25202672|rate=107711.0/s|walker_min=59.894|walker_med=86.608|walker_max=95.278
STEP|n=643300000|unique=4057919|accepted=25202681|rate=107688.7/s|walker_min=55.680|walker_med=87.991|walker_max=95.147
STEP|n=643400000|unique=4057924|accepted=25202686|rate=107664.0/s|walker_min=62.845|walker_med=84.640|walker_max=95.127
STEP|n=643500000|unique=4057928|accepted=25202690|rate=107641.0/s|walker_min=66.957|walker_med=88.003|walker_max=95.227
STEP|n=643600000|unique=4057931|accepted=25202693|rate=107620.1/s|walker_min=65.198|walker_med=87.526|walker_max=93.396
STEP|n=643700000|unique=4057939|accepted=25202701|rate=107598.9/s|walker_min=75.872|walker_med=88.655|walker_max=95.108
STEP|n=643800000|unique=4057945|accepted=25202707|rate=107577.4/s|walker_min=57.548|walker_med=87.514|walker_max=94.742
STEP|n=643900000|unique=4057952|accepted=25202714|rate=107555.8/s|walker_min=60.258|walker_med=88.625|walker_max=94.221
STEP|n=644000000|unique=4057960|accepted=25202722|rate=107534.5/s|walker_min=60.837|walker_med=86.443|walker_max=94.292
STEP|n=644100000|unique=4057969|accepted=25202731|rate=107513.1/s|walker_min=54.369|walker_med=87.305|walker_max=94.755
STEP|n=644200000|unique=4057975|accepted=25202737|rate=107491.7/s|walker_min=73.446|walker_med=83.767|walker_max=95.086
STEP|n=644300000|unique=4057978|accepted=25202740|rate=107470.3/s|walker_min=60.867|walker_med=88.096|walker_max=94.988
STEP|n=644400000|unique=4057989|accepted=25202751|rate=107449.0/s|walker_min=67.250|walker_med=88.166|walker_max=94.249
STEP|n=644500000|unique=4057997|accepted=25202759|rate=107427.3/s|walker_min=71.015|walker_med=87.825|walker_max=94.583
STEP|n=644600000|unique=4058003|accepted=25202765|rate=107405.6/s|walker_min=57.897|walker_med=89.700|walker_max=95.122
STEP|n=644700000|unique=4058007|accepted=25202769|rate=107384.0/s|walker_min=46.351|walker_med=87.280|walker_max=94.927
STEP|n=644800000|unique=4058017|accepted=25202779|rate=107362.2/s|walker_min=51.692|walker_med=85.468|walker_max=94.782
STEP|n=644900000|unique=4058025|accepted=25202787|rate=107340.0/s|walker_min=53.003|walker_med=77.181|walker_max=93.943
STEP|n=645000000|unique=4058039|accepted=25202801|rate=107317.0/s|walker_min=42.328|walker_med=77.073|walker_max=92.162
STEP|n=645100000|unique=4058044|accepted=25202806|rate=107293.6/s|walker_min=46.518|walker_med=80.003|walker_max=95.049
STEP|n=645200000|unique=4058054|accepted=25202816|rate=107270.3/s|walker_min=47.034|walker_med=87.302|walker_max=95.276
STEP|n=645300000|unique=4058065|accepted=25202827|rate=107248.7/s|walker_min=64.356|walker_med=89.324|walker_max=95.012
STEP|n=645400000|unique=4058068|accepted=25202830|rate=107227.5/s|walker_min=52.216|walker_med=83.569|walker_max=94.805
STEP|n=645500000|unique=4058078|accepted=25202840|rate=107206.0/s|walker_min=64.475|walker_med=87.169|walker_max=94.418
STEP|n=645600000|unique=4058084|accepted=25202846|rate=107184.7/s|walker_min=48.086|walker_med=81.538|walker_max=94.823
STEP|n=645700000|unique=4058094|accepted=25202856|rate=107163.5/s|walker_min=57.621|walker_med=87.548|walker_max=94.967
STEP|n=645800000|unique=4058102|accepted=25202864|rate=107142.2/s|walker_min=57.404|walker_med=87.362|walker_max=94.954
STEP|n=645900000|unique=4058122|accepted=25202884|rate=107121.3/s|walker_min=67.344|walker_med=88.666|walker_max=95.074
STEP|n=646000000|unique=4058129|accepted=25202891|rate=107100.5/s|walker_min=74.206|walker_med=86.519|walker_max=95.081
STEP|n=646100000|unique=4058133|accepted=25202895|rate=107079.5/s|walker_min=58.341|walker_med=87.426|walker_max=95.261
STEP|n=646200000|unique=4058144|accepted=25202906|rate=107056.8/s|walker_min=39.283|walker_med=84.919|walker_max=95.053
STEP|n=646300000|unique=4058149|accepted=25202911|rate=107036.5/s|walker_min=69.137|walker_med=87.943|walker_max=94.673
STEP|n=646400000|unique=4058159|accepted=25202921|rate=107015.3/s|walker_min=66.490|walker_med=87.748|walker_max=95.129
STEP|n=646500000|unique=4058166|accepted=25202928|rate=106994.2/s|walker_min=69.018|walker_med=88.108|walker_max=95.057
STEP|n=646600000|unique=4058176|accepted=25202938|rate=106973.0/s|walker_min=65.272|walker_med=86.649|walker_max=95.206
STEP|n=646700000|unique=4058188|accepted=25202950|rate=106951.8/s|walker_min=65.508|walker_med=86.029|walker_max=94.783
STEP|n=646800000|unique=4058198|accepted=25202960|rate=106930.5/s|walker_min=53.114|walker_med=85.316|walker_max=94.995
STEP|n=646900000|unique=4058201|accepted=25202963|rate=106908.5/s|walker_min=50.757|walker_med=80.250|walker_max=92.908
STEP|n=647000000|unique=4058209|accepted=25202971|rate=106885.6/s|walker_min=32.362|walker_med=71.829|walker_max=94.153
STEP|n=647100000|unique=4058226|accepted=25202988|rate=106862.8/s|walker_min=60.063|walker_med=78.308|walker_max=93.919
STEP|n=647200000|unique=4058231|accepted=25202993|rate=106840.8/s|walker_min=61.164|walker_med=81.368|walker_max=95.094
STEP|n=647300000|unique=4058238|accepted=25203000|rate=106819.3/s|walker_min=47.255|walker_med=83.018|walker_max=95.029
STEP|n=647400000|unique=4058248|accepted=25203010|rate=106797.9/s|walker_min=64.960|walker_med=88.454|walker_max=94.245
STEP|n=647500000|unique=4058253|accepted=25203015|rate=106777.0/s|walker_min=52.193|walker_med=87.719|walker_max=95.260
STEP|n=647600000|unique=4058256|accepted=25203018|rate=106755.8/s|walker_min=62.355|walker_med=87.211|walker_max=94.519
STEP|n=647700000|unique=4058259|accepted=25203021|rate=106734.7/s|walker_min=60.407|walker_med=83.844|walker_max=95.193
STEP|n=647800000|unique=4058262|accepted=25203024|rate=106713.8/s|walker_min=60.699|walker_med=90.675|walker_max=95.256
STEP|n=647900000|unique=4058271|accepted=25203033|rate=106693.1/s|walker_min=67.419|walker_med=89.597|walker_max=95.013
STEP|n=648000000|unique=4058273|accepted=25203035|rate=106672.3/s|walker_min=64.760|walker_med=87.782|walker_max=95.108
STEP|n=648100000|unique=4058287|accepted=25203049|rate=106651.8/s|walker_min=66.500|walker_med=88.522|walker_max=95.002
STEP|n=648200000|unique=4058299|accepted=25203061|rate=106631.2/s|walker_min=50.098|walker_med=89.171|walker_max=95.166
STEP|n=648300000|unique=4058307|accepted=25203069|rate=106610.3/s|walker_min=71.054|walker_med=89.716|walker_max=95.209
STEP|n=648400000|unique=4058317|accepted=25203079|rate=106589.5/s|walker_min=68.063|walker_med=90.252|walker_max=95.245
STEP|n=648500000|unique=4058326|accepted=25203088|rate=106568.6/s|walker_min=63.860|walker_med=86.007|walker_max=94.833
STEP|n=648600000|unique=4058331|accepted=25203093|rate=106547.5/s|walker_min=50.053|walker_med=84.446|walker_max=95.148
STEP|n=648700000|unique=4058344|accepted=25203106|rate=106526.7/s|walker_min=59.175|walker_med=86.311|walker_max=94.641
STEP|n=648800000|unique=4058352|accepted=25203114|rate=106505.6/s|walker_min=48.282|walker_med=81.612|walker_max=95.228
STEP|n=648900000|unique=4058361|accepted=25203123|rate=106484.1/s|walker_min=47.073|walker_med=77.494|walker_max=95.229
STEP|n=649000000|unique=4058371|accepted=25203133|rate=106459.8/s|walker_min=33.132|walker_med=72.652|walker_max=93.831
STEP|n=649100000|unique=4058377|accepted=25203139|rate=106437.1/s|walker_min=55.567|walker_med=83.378|walker_max=94.838
STEP|n=649200000|unique=4058382|accepted=25203144|rate=106415.5/s|walker_min=60.185|walker_med=83.816|walker_max=95.182
STEP|n=649300000|unique=4058385|accepted=25203147|rate=106394.5/s|walker_min=53.246|walker_med=85.153|walker_max=95.246
STEP|n=649400000|unique=4058391|accepted=25203153|rate=106373.3/s|walker_min=49.976|walker_med=85.630|walker_max=94.707
STEP|n=649500000|unique=4058396|accepted=25203158|rate=106352.8/s|walker_min=54.240|walker_med=86.214|walker_max=94.738
STEP|n=649600000|unique=4058409|accepted=25203171|rate=106332.1/s|walker_min=55.600|walker_med=87.763|walker_max=94.792
STEP|n=649700000|unique=4058415|accepted=25203177|rate=106311.7/s|walker_min=43.914|walker_med=86.036|walker_max=94.473
STEP|n=649800000|unique=4058421|accepted=25203183|rate=106291.2/s|walker_min=60.517|walker_med=86.279|walker_max=95.216
STEP|n=649900000|unique=4058429|accepted=25203191|rate=106270.8/s|walker_min=61.498|walker_med=87.206|walker_max=95.070
STEP|n=650000000|unique=4058438|accepted=25203200|rate=106250.4/s|walker_min=61.582|walker_med=84.019|walker_max=94.364
CHECKPOINT|step=650000000|unique=4058438|saved=3000000|min=25.4807|max=92.557
STEP|n=650100000|unique=4058442|accepted=25203204|rate=105976.6/s|walker_min=70.823|walker_med=87.248|walker_max=95.272
STEP|n=650200000|unique=4058451|accepted=25203213|rate=105956.5/s|walker_min=46.738|walker_med=88.547|walker_max=95.123
STEP|n=650300000|unique=4058461|accepted=25203223|rate=105936.2/s|walker_min=66.983|walker_med=86.250|walker_max=95.155
STEP|n=650400000|unique=4058466|accepted=25203228|rate=105916.0/s|walker_min=58.913|walker_med=89.269|walker_max=95.265
STEP|n=650500000|unique=4058476|accepted=25203238|rate=105895.9/s|walker_min=63.640|walker_med=89.032|walker_max=95.002
STEP|n=650600000|unique=4058487|accepted=25203249|rate=105875.4/s|walker_min=56.603|walker_med=87.463|walker_max=95.035
STEP|n=650700000|unique=4058495|accepted=25203257|rate=105854.8/s|walker_min=51.016|walker_med=84.888|walker_max=94.590
STEP|n=650800000|unique=4058499|accepted=25203261|rate=105833.9/s|walker_min=60.295|walker_med=83.662|walker_max=95.242
STEP|n=650900000|unique=4058504|accepted=25203266|rate=105812.8/s|walker_min=45.593|walker_med=79.463|walker_max=94.905
STEP|n=651000000|unique=4058509|accepted=25203271|rate=105790.8/s|walker_min=28.561|walker_med=69.310|walker_max=95.119
STEP|n=651100000|unique=4058518|accepted=25203280|rate=105766.7/s|walker_min=41.612|walker_med=82.544|walker_max=94.925
STEP|n=651200000|unique=4058524|accepted=25203286|rate=105745.9/s|walker_min=61.307|walker_med=88.328|walker_max=95.005
STEP|n=651300000|unique=4058530|accepted=25203292|rate=105725.4/s|walker_min=52.432|walker_med=84.132|walker_max=95.061
STEP|n=651400000|unique=4058540|accepted=25203302|rate=105705.0/s|walker_min=49.179|walker_med=81.540|walker_max=95.143
STEP|n=651500000|unique=4058560|accepted=25203322|rate=105684.8/s|walker_min=55.088|walker_med=85.288|walker_max=94.313
STEP|n=651600000|unique=4058569|accepted=25203331|rate=105664.6/s|walker_min=60.631|walker_med=83.783|walker_max=94.985
STEP|n=651700000|unique=4058576|accepted=25203338|rate=105644.4/s|walker_min=42.896|walker_med=88.629|walker_max=95.249
STEP|n=651800000|unique=4058588|accepted=25203350|rate=105624.4/s|walker_min=54.980|walker_med=85.865|walker_max=94.313
STEP|n=651900000|unique=4058595|accepted=25203357|rate=105604.5/s|walker_min=59.162|walker_med=88.587|walker_max=94.815
STEP|n=652000000|unique=4058601|accepted=25203363|rate=105584.6/s|walker_min=51.100|walker_med=85.972|walker_max=94.920
STEP|n=652100000|unique=4058614|accepted=25203376|rate=105564.5/s|walker_min=48.045|walker_med=83.363|walker_max=94.943
STEP|n=652200000|unique=4058621|accepted=25203383|rate=105544.3/s|walker_min=61.235|walker_med=83.989|walker_max=95.020
STEP|n=652300000|unique=4058627|accepted=25203389|rate=105524.1/s|walker_min=63.658|walker_med=86.114|walker_max=95.131
STEP|n=652400000|unique=4058637|accepted=25203399|rate=105503.1/s|walker_min=63.442|walker_med=85.331|walker_max=95.018
STEP|n=652500000|unique=4058646|accepted=25203408|rate=105482.5/s|walker_min=64.055|walker_med=86.507|walker_max=95.271
STEP|n=652600000|unique=4058657|accepted=25203419|rate=105462.6/s|walker_min=55.463|walker_med=82.291|walker_max=95.023
STEP|n=652700000|unique=4058665|accepted=25203427|rate=105442.0/s|walker_min=36.022|walker_med=84.097|walker_max=95.224
STEP|n=652800000|unique=4058673|accepted=25203435|rate=105421.9/s|walker_min=47.366|walker_med=82.561|walker_max=94.706
STEP|n=652900000|unique=4058676|accepted=25203438|rate=105401.0/s|walker_min=40.973|walker_med=81.225|walker_max=93.824
STEP|n=653000000|unique=4058685|accepted=25203447|rate=105379.3/s|walker_min=53.950|walker_med=67.745|walker_max=94.196
STEP|n=653100000|unique=4058687|accepted=25203449|rate=105357.5/s|walker_min=55.195|walker_med=72.665|walker_max=94.514
STEP|n=653200000|unique=4058694|accepted=25203456|rate=105337.0/s|walker_min=60.315|walker_med=82.340|walker_max=94.444
STEP|n=653300000|unique=4058700|accepted=25203462|rate=105316.1/s|walker_min=68.213|walker_med=86.187|walker_max=95.256
STEP|n=653400000|unique=4058705|accepted=25203467|rate=105295.6/s|walker_min=47.509|walker_med=88.298|walker_max=94.953
STEP|n=653500000|unique=4058713|accepted=25203475|rate=105275.6/s|walker_min=53.216|walker_med=88.276|walker_max=94.899
STEP|n=653600000|unique=4058719|accepted=25203481|rate=105255.4/s|walker_min=65.287|walker_med=85.490|walker_max=94.650
STEP|n=653700000|unique=4058726|accepted=25203488|rate=105235.5/s|walker_min=64.714|walker_med=89.000|walker_max=94.997
STEP|n=653800000|unique=4058738|accepted=25203500|rate=105215.8/s|walker_min=60.875|walker_med=87.254|walker_max=95.275
STEP|n=653900000|unique=4058743|accepted=25203505|rate=105194.0/s|walker_min=50.729|walker_med=89.293|walker_max=94.913
STEP|n=654000000|unique=4058755|accepted=25203517|rate=105174.5/s|walker_min=50.096|walker_med=89.440|walker_max=94.805
STEP|n=654100000|unique=4058770|accepted=25203532|rate=105154.9/s|walker_min=52.935|walker_med=88.629|walker_max=95.184
STEP|n=654200000|unique=4058774|accepted=25203536|rate=105135.4/s|walker_min=61.871|walker_med=88.245|walker_max=94.937
STEP|n=654300000|unique=4058781|accepted=25203543|rate=105115.8/s|walker_min=64.877|walker_med=89.826|walker_max=94.925
STEP|n=654400000|unique=4058787|accepted=25203549|rate=105096.1/s|walker_min=69.783|walker_med=87.064|walker_max=94.761
STEP|n=654500000|unique=4058791|accepted=25203553|rate=105076.1/s|walker_min=61.021|walker_med=86.664|walker_max=94.865
STEP|n=654600000|unique=4058794|accepted=25203556|rate=105056.0/s|walker_min=62.865|walker_med=86.163|walker_max=95.247
STEP|n=654700000|unique=4058800|accepted=25203562|rate=105036.1/s|walker_min=49.484|walker_med=85.405|walker_max=95.034
STEP|n=654800000|unique=4058802|accepted=25203564|rate=105016.0/s|walker_min=60.774|walker_med=84.388|walker_max=95.234
STEP|n=654900000|unique=4058812|accepted=25203574|rate=104995.2/s|walker_min=49.452|walker_med=80.467|walker_max=95.115
STEP|n=655000000|unique=4058816|accepted=25203578|rate=104973.4/s|walker_min=33.503|walker_med=64.552|walker_max=94.280
STEP|n=655100000|unique=4058822|accepted=25203584|rate=104951.7/s|walker_min=33.054|walker_med=79.632|walker_max=92.866
STEP|n=655200000|unique=4058825|accepted=25203587|rate=104931.3/s|walker_min=57.335|walker_med=85.099|walker_max=94.555
STEP|n=655300000|unique=4058831|accepted=25203593|rate=104911.4/s|walker_min=62.539|walker_med=88.359|walker_max=94.997
STEP|n=655400000|unique=4058842|accepted=25203604|rate=104891.4/s|walker_min=66.152|walker_med=85.400|walker_max=94.916
STEP|n=655500000|unique=4058851|accepted=25203613|rate=104871.4/s|walker_min=53.820|walker_med=89.136|walker_max=94.552
STEP|n=655600000|unique=4058859|accepted=25203621|rate=104851.5/s|walker_min=50.912|walker_med=84.418|walker_max=94.852
STEP|n=655700000|unique=4058878|accepted=25203640|rate=104832.1/s|walker_min=72.751|walker_med=87.383|walker_max=95.051
STEP|n=655800000|unique=4058886|accepted=25203648|rate=104812.6/s|walker_min=68.778|walker_med=86.403|walker_max=95.216
STEP|n=655900000|unique=4058891|accepted=25203653|rate=104793.0/s|walker_min=63.104|walker_med=88.139|walker_max=94.920
STEP|n=656000000|unique=4058898|accepted=25203660|rate=104773.4/s|walker_min=60.011|walker_med=83.610|walker_max=95.055
STEP|n=656100000|unique=4058903|accepted=25203665|rate=104754.1/s|walker_min=56.206|walker_med=88.494|walker_max=94.052
STEP|n=656200000|unique=4058912|accepted=25203674|rate=104733.8/s|walker_min=72.100|walker_med=87.683|walker_max=95.066
STEP|n=656300000|unique=4058922|accepted=25203684|rate=104713.5/s|walker_min=69.464|walker_med=90.609|walker_max=94.892
STEP|n=656400000|unique=4058925|accepted=25203687|rate=104694.1/s|walker_min=60.641|walker_med=88.161|walker_max=95.077
STEP|n=656500000|unique=4058930|accepted=25203692|rate=104674.5/s|walker_min=58.042|walker_med=84.264|walker_max=95.211
STEP|n=656600000|unique=4058934|accepted=25203696|rate=104654.7/s|walker_min=60.048|walker_med=85.965|walker_max=95.281
STEP|n=656700000|unique=4058938|accepted=25203700|rate=104633.0/s|walker_min=56.016|walker_med=84.973|walker_max=95.001
STEP|n=656800000|unique=4058947|accepted=25203709|rate=104613.8/s|walker_min=55.027|walker_med=84.273|walker_max=94.461
STEP|n=656900000|unique=4058958|accepted=25203720|rate=104593.7/s|walker_min=47.338|walker_med=78.946|walker_max=94.658
STEP|n=657000000|unique=4058964|accepted=25203726|rate=104572.3/s|walker_min=49.237|walker_med=71.063|walker_max=91.354
STEP|n=657100000|unique=4058969|accepted=25203731|rate=104550.7/s|walker_min=34.726|walker_med=80.885|walker_max=94.957
STEP|n=657200000|unique=4058969|accepted=25203731|rate=104530.3/s|walker_min=43.976|walker_med=84.365|walker_max=94.873
STEP|n=657300000|unique=4058976|accepted=25203738|rate=104507.6/s|walker_min=55.989|walker_med=81.942|walker_max=94.599
STEP|n=657400000|unique=4058985|accepted=25203747|rate=104481.4/s|walker_min=67.414|walker_med=86.704|walker_max=95.159
STEP|n=657500000|unique=4058991|accepted=25203753|rate=104459.6/s|walker_min=67.209|walker_med=84.792|walker_max=94.858
STEP|n=657600000|unique=4058998|accepted=25203760|rate=104441.4/s|walker_min=53.076|walker_med=85.290|walker_max=94.464
STEP|n=657700000|unique=4059001|accepted=25203763|rate=104423.8/s|walker_min=49.198|walker_med=87.563|walker_max=94.739
STEP|n=657800000|unique=4059005|accepted=25203767|rate=104404.8/s|walker_min=63.110|walker_med=88.417|walker_max=95.149
STEP|n=657900000|unique=4059010|accepted=25203772|rate=104385.4/s|walker_min=65.601|walker_med=87.791|walker_max=95.098
STEP|n=658000000|unique=4059018|accepted=25203780|rate=104366.1/s|walker_min=61.776|walker_med=90.258|walker_max=95.273
STEP|n=658100000|unique=4059023|accepted=25203785|rate=104346.8/s|walker_min=60.596|walker_med=87.915|walker_max=95.214
STEP|n=658200000|unique=4059032|accepted=25203794|rate=104327.6/s|walker_min=66.249|walker_med=87.160|walker_max=95.139
STEP|n=658300000|unique=4059036|accepted=25203798|rate=104308.5/s|walker_min=66.374|walker_med=87.914|walker_max=94.773
STEP|n=658400000|unique=4059043|accepted=25203805|rate=104288.9/s|walker_min=51.923|walker_med=86.907|walker_max=94.624
STEP|n=658500000|unique=4059057|accepted=25203819|rate=104269.3/s|walker_min=59.681|walker_med=81.462|walker_max=95.011
STEP|n=658600000|unique=4059060|accepted=25203822|rate=104249.5/s|walker_min=55.801|walker_med=86.938|walker_max=95.256
STEP|n=658700000|unique=4059065|accepted=25203827|rate=104230.3/s|walker_min=52.600|walker_med=81.968|walker_max=94.868
STEP|n=658800000|unique=4059068|accepted=25203830|rate=104210.3/s|walker_min=38.944|walker_med=86.805|walker_max=95.063
STEP|n=658900000|unique=4059075|accepted=25203837|rate=104190.2/s|walker_min=56.066|walker_med=81.707|walker_max=93.578
STEP|n=659000000|unique=4059079|accepted=25203841|rate=104169.2/s|walker_min=39.181|walker_med=75.576|walker_max=95.144
STEP|n=659100000|unique=4059081|accepted=25203843|rate=104148.1/s|walker_min=50.691|walker_med=85.665|walker_max=94.487
STEP|n=659200000|unique=4059097|accepted=25203859|rate=104128.2/s|walker_min=41.183|walker_med=83.485|walker_max=95.186
STEP|n=659300000|unique=4059111|accepted=25203873|rate=104109.0/s|walker_min=55.012|walker_med=88.926|walker_max=95.109
STEP|n=659400000|unique=4059116|accepted=25203878|rate=104088.8/s|walker_min=62.531|walker_med=87.168|walker_max=94.317
STEP|n=659500000|unique=4059124|accepted=25203886|rate=104068.5/s|walker_min=61.115|walker_med=87.896|walker_max=94.467
STEP|n=659600000|unique=4059126|accepted=25203888|rate=104049.6/s|walker_min=57.544|walker_med=89.519|walker_max=95.074
STEP|n=659700000|unique=4059134|accepted=25203896|rate=104030.5/s|walker_min=68.125|walker_med=87.304|walker_max=95.210
STEP|n=659800000|unique=4059148|accepted=25203910|rate=104011.6/s|walker_min=54.424|walker_med=85.414|walker_max=94.269
STEP|n=659900000|unique=4059153|accepted=25203915|rate=103992.3/s|walker_min=55.001|walker_med=87.005|walker_max=94.713
STEP|n=660000000|unique=4059160|accepted=25203922|rate=103973.6/s|walker_min=71.751|walker_med=89.871|walker_max=94.477
STEP|n=660100000|unique=4059162|accepted=25203924|rate=103954.6/s|walker_min=69.443|walker_med=86.237|walker_max=95.133
STEP|n=660200000|unique=4059169|accepted=25203931|rate=103935.7/s|walker_min=63.001|walker_med=85.867|walker_max=95.247
STEP|n=660300000|unique=4059175|accepted=25203937|rate=103917.0/s|walker_min=58.445|walker_med=85.913|walker_max=94.651
STEP|n=660400000|unique=4059182|accepted=25203944|rate=103898.1/s|walker_min=57.568|walker_med=88.007|walker_max=95.144
STEP|n=660500000|unique=4059189|accepted=25203951|rate=103879.0/s|walker_min=65.887|walker_med=88.498|walker_max=95.209
STEP|n=660600000|unique=4059197|accepted=25203959|rate=103859.8/s|walker_min=64.289|walker_med=89.370|walker_max=95.281
STEP|n=660700000|unique=4059201|accepted=25203963|rate=103840.5/s|walker_min=41.911|walker_med=81.173|walker_max=94.275
STEP|n=660800000|unique=4059216|accepted=25203978|rate=103821.0/s|walker_min=56.401|walker_med=83.492|walker_max=94.069
STEP|n=660900000|unique=4059223|accepted=25203985|rate=103801.4/s|walker_min=40.245|walker_med=80.187|walker_max=93.380
STEP|n=661000000|unique=4059226|accepted=25203988|rate=103780.1/s|walker_min=43.312|walker_med=70.306|walker_max=94.607
STEP|n=661100000|unique=4059228|accepted=25203990|rate=103759.3/s|walker_min=42.601|walker_med=79.184|walker_max=93.400
STEP|n=661200000|unique=4059233|accepted=25203995|rate=103739.7/s|walker_min=45.343|walker_med=88.047|walker_max=95.220
STEP|n=661300000|unique=4059240|accepted=25204002|rate=103720.0/s|walker_min=54.384|walker_med=84.420|walker_max=94.407
STEP|n=661400000|unique=4059244|accepted=25204006|rate=103700.7/s|walker_min=48.310|walker_med=83.349|walker_max=93.997
STEP|n=661500000|unique=4059247|accepted=25204009|rate=103681.8/s|walker_min=62.596|walker_med=83.066|walker_max=95.142
STEP|n=661600000|unique=4059257|accepted=25204019|rate=103662.6/s|walker_min=62.964|walker_med=88.205|walker_max=95.190
STEP|n=661700000|unique=4059269|accepted=25204031|rate=103643.7/s|walker_min=53.977|walker_med=86.102|walker_max=94.927
STEP|n=661800000|unique=4059275|accepted=25204037|rate=103625.0/s|walker_min=65.375|walker_med=89.890|walker_max=95.114
STEP|n=661900000|unique=4059282|accepted=25204044|rate=103606.0/s|walker_min=56.726|walker_med=85.454|walker_max=93.717
STEP|n=662000000|unique=4059297|accepted=25204059|rate=103587.3/s|walker_min=71.246|walker_med=86.453|walker_max=95.191
STEP|n=662100000|unique=4059306|accepted=25204068|rate=103568.8/s|walker_min=61.650|walker_med=90.184|walker_max=95.202
STEP|n=662200000|unique=4059309|accepted=25204071|rate=103549.5/s|walker_min=62.691|walker_med=89.790|walker_max=95.130
STEP|n=662300000|unique=4059315|accepted=25204077|rate=103530.0/s|walker_min=51.057|walker_med=87.359|walker_max=94.852
STEP|n=662400000|unique=4059317|accepted=25204079|rate=103511.5/s|walker_min=55.131|walker_med=83.197|walker_max=94.538
STEP|n=662500000|unique=4059324|accepted=25204086|rate=103492.9/s|walker_min=64.799|walker_med=84.164|walker_max=95.220
STEP|n=662600000|unique=4059330|accepted=25204092|rate=103474.1/s|walker_min=53.470|walker_med=81.469|walker_max=94.290
STEP|n=662700000|unique=4059338|accepted=25204100|rate=103455.3/s|walker_min=29.858|walker_med=85.588|walker_max=94.957
STEP|n=662800000|unique=4059343|accepted=25204105|rate=103436.0/s|walker_min=60.575|walker_med=84.924|walker_max=94.368
STEP|n=662900000|unique=4059344|accepted=25204106|rate=103416.4/s|walker_min=41.281|walker_med=77.469|walker_max=92.747
STEP|n=663000000|unique=4059350|accepted=25204112|rate=103396.1/s|walker_min=34.348|walker_med=70.717|walker_max=90.034
STEP|n=663100000|unique=4059354|accepted=25204116|rate=103375.6/s|walker_min=52.964|walker_med=80.860|walker_max=94.246
STEP|n=663200000|unique=4059358|accepted=25204120|rate=103356.3/s|walker_min=54.737|walker_med=82.504|walker_max=95.234
STEP|n=663300000|unique=4059364|accepted=25204126|rate=103337.1/s|walker_min=46.491|walker_med=79.444|walker_max=94.848
STEP|n=663400000|unique=4059372|accepted=25204134|rate=103318.0/s|walker_min=46.098|walker_med=87.167|walker_max=94.766
STEP|n=663500000|unique=4059373|accepted=25204135|rate=103299.2/s|walker_min=60.750|walker_med=84.744|walker_max=95.221
STEP|n=663600000|unique=4059384|accepted=25204146|rate=103280.3/s|walker_min=56.427|walker_med=86.469|walker_max=94.899
STEP|n=663700000|unique=4059393|accepted=25204155|rate=103261.7/s|walker_min=53.633|walker_med=86.671|walker_max=95.155
STEP|n=663800000|unique=4059398|accepted=25204160|rate=103243.2/s|walker_min=62.980|walker_med=84.011|walker_max=95.202
STEP|n=663900000|unique=4059406|accepted=25204168|rate=103224.7/s|walker_min=46.518|walker_med=89.859|walker_max=95.200
STEP|n=664000000|unique=4059411|accepted=25204173|rate=103206.2/s|walker_min=66.672|walker_med=90.751|walker_max=95.045
STEP|n=664100000|unique=4059417|accepted=25204179|rate=103187.8/s|walker_min=59.097|walker_med=85.052|walker_max=94.897
STEP|n=664200000|unique=4059425|accepted=25204187|rate=103169.4/s|walker_min=53.990|walker_med=88.412|walker_max=94.471
STEP|n=664300000|unique=4059430|accepted=25204192|rate=103150.8/s|walker_min=39.807|walker_med=87.603|walker_max=94.701
STEP|n=664400000|unique=4059431|accepted=25204193|rate=103132.2/s|walker_min=62.590|walker_med=87.701|walker_max=95.079
STEP|n=664500000|unique=4059432|accepted=25204194|rate=103113.8/s|walker_min=47.278|walker_med=85.790|walker_max=94.931
STEP|n=664600000|unique=4059439|accepted=25204201|rate=103095.4/s|walker_min=64.908|walker_med=88.630|walker_max=95.221
STEP|n=664700000|unique=4059440|accepted=25204202|rate=103076.7/s|walker_min=53.931|walker_med=87.731|walker_max=94.687
STEP|n=664800000|unique=4059447|accepted=25204209|rate=103057.6/s|walker_min=59.831|walker_med=84.829|walker_max=94.817
STEP|n=664900000|unique=4059456|accepted=25204218|rate=103038.4/s|walker_min=37.343|walker_med=79.177|walker_max=93.347
STEP|n=665000000|unique=4059470|accepted=25204232|rate=103017.2/s|walker_min=48.540|walker_med=77.620|walker_max=94.264
STEP|n=665100000|unique=4059478|accepted=25204240|rate=102996.4/s|walker_min=43.699|walker_med=83.248|walker_max=94.621
STEP|n=665200000|unique=4059486|accepted=25204248|rate=102977.1/s|walker_min=48.115|walker_med=81.410|walker_max=94.755
STEP|n=665300000|unique=4059498|accepted=25204260|rate=102958.3/s|walker_min=70.321|walker_med=86.956|walker_max=94.554
STEP|n=665400000|unique=4059501|accepted=25204263|rate=102939.8/s|walker_min=56.400|walker_med=85.939|walker_max=95.131
STEP|n=665500000|unique=4059510|accepted=25204272|rate=102921.2/s|walker_min=58.341|walker_med=86.613|walker_max=95.267
STEP|n=665600000|unique=4059520|accepted=25204282|rate=102903.0/s|walker_min=49.274|walker_med=86.371|walker_max=95.264
STEP|n=665700000|unique=4059528|accepted=25204290|rate=102884.7/s|walker_min=59.630|walker_med=87.178|walker_max=95.234
STEP|n=665800000|unique=4059537|accepted=25204299|rate=102866.7/s|walker_min=54.457|walker_med=88.747|walker_max=94.974
STEP|n=665900000|unique=4059542|accepted=25204304|rate=102848.8/s|walker_min=58.152|walker_med=89.683|walker_max=94.631
STEP|n=666000000|unique=4059553|accepted=25204315|rate=102830.9/s|walker_min=49.650|walker_med=89.028|walker_max=95.019
STEP|n=666100000|unique=4059557|accepted=25204319|rate=102812.6/s|walker_min=63.894|walker_med=85.923|walker_max=95.100
STEP|n=666200000|unique=4059566|accepted=25204328|rate=102794.4/s|walker_min=46.368|walker_med=84.919|walker_max=94.554
STEP|n=666300000|unique=4059572|accepted=25204334|rate=102775.8/s|walker_min=59.443|walker_med=86.927|walker_max=95.057
STEP|n=666400000|unique=4059579|accepted=25204341|rate=102757.5/s|walker_min=60.816|walker_med=84.378|walker_max=94.943
STEP|n=666500000|unique=4059591|accepted=25204353|rate=102739.4/s|walker_min=68.872|walker_med=86.634|walker_max=94.619
STEP|n=666600000|unique=4059595|accepted=25204357|rate=102721.2/s|walker_min=50.126|walker_med=83.944|walker_max=94.931
STEP|n=666700000|unique=4059602|accepted=25204364|rate=102702.7/s|walker_min=56.973|walker_med=88.339|walker_max=94.236
STEP|n=666800000|unique=4059613|accepted=25204375|rate=102684.2/s|walker_min=57.153|walker_med=86.131|walker_max=95.239
STEP|n=666900000|unique=4059617|accepted=25204379|rate=102665.1/s|walker_min=46.776|walker_med=82.914|walker_max=95.161
STEP|n=667000000|unique=4059622|accepted=25204384|rate=102645.3/s|walker_min=44.201|walker_med=70.188|walker_max=94.963
STEP|n=667100000|unique=4059625|accepted=25204387|rate=102624.8/s|walker_min=51.613|walker_med=77.846|walker_max=94.917
STEP|n=667200000|unique=4059636|accepted=25204398|rate=102605.9/s|walker_min=59.632|walker_med=83.660|walker_max=94.213
STEP|n=667300000|unique=4059639|accepted=25204401|rate=102587.4/s|walker_min=66.837|walker_med=90.108|walker_max=95.198
STEP|n=667400000|unique=4059645|accepted=25204407|rate=102569.0/s|walker_min=51.467|walker_med=88.481|walker_max=95.083
STEP|n=667500000|unique=4059654|accepted=25204416|rate=102550.7/s|walker_min=65.965|walker_med=89.591|walker_max=95.173
STEP|n=667600000|unique=4059659|accepted=25204421|rate=102532.6/s|walker_min=68.313|walker_med=87.100|walker_max=94.921
STEP|n=667700000|unique=4059670|accepted=25204432|rate=102514.6/s|walker_min=43.538|walker_med=85.743|walker_max=94.843
STEP|n=667800000|unique=4059675|accepted=25204437|rate=102495.8/s|walker_min=70.230|walker_med=88.414|walker_max=94.982
STEP|n=667900000|unique=4059691|accepted=25204453|rate=102477.6/s|walker_min=60.753|walker_med=90.296|walker_max=95.016
STEP|n=668000000|unique=4059701|accepted=25204463|rate=102459.2/s|walker_min=69.362|walker_med=88.241|walker_max=95.227
STEP|n=668100000|unique=4059710|accepted=25204472|rate=102441.2/s|walker_min=54.754|walker_med=89.698|walker_max=95.259
STEP|n=668200000|unique=4059715|accepted=25204477|rate=102423.3/s|walker_min=60.504|walker_med=88.623|walker_max=95.033
STEP|n=668300000|unique=4059720|accepted=25204482|rate=102405.2/s|walker_min=61.439|walker_med=86.372|walker_max=95.187
STEP|n=668400000|unique=4059739|accepted=25204501|rate=102387.5/s|walker_min=48.824|walker_med=81.560|walker_max=93.509
STEP|n=668500000|unique=4059745|accepted=25204507|rate=102369.5/s|walker_min=63.651|walker_med=89.147|walker_max=94.455
STEP|n=668600000|unique=4059755|accepted=25204517|rate=102351.4/s|walker_min=51.810|walker_med=83.902|walker_max=94.687
STEP|n=668700000|unique=4059760|accepted=25204522|rate=102333.1/s|walker_min=49.191|walker_med=86.173|walker_max=95.140
STEP|n=668800000|unique=4059766|accepted=25204528|rate=102314.8/s|walker_min=46.905|walker_med=84.723|walker_max=94.797
STEP|n=668900000|unique=4059772|accepted=25204534|rate=102296.0/s|walker_min=49.025|walker_med=83.859|walker_max=93.209
STEP|n=669000000|unique=4059775|accepted=25204537|rate=102276.4/s|walker_min=31.237|walker_med=72.035|walker_max=94.852
STEP|n=669100000|unique=4059777|accepted=25204539|rate=102256.6/s|walker_min=46.270|walker_med=76.212|walker_max=93.811
STEP|n=669200000|unique=4059782|accepted=25204544|rate=102237.9/s|walker_min=38.936|walker_med=84.348|walker_max=95.112
STEP|n=669300000|unique=4059789|accepted=25204551|rate=102219.8/s|walker_min=57.171|walker_med=88.918|walker_max=94.787
STEP|n=669400000|unique=4059801|accepted=25204563|rate=102201.8/s|walker_min=57.501|walker_med=85.251|walker_max=95.264
STEP|n=669500000|unique=4059807|accepted=25204569|rate=102183.8/s|walker_min=51.968|walker_med=88.742|walker_max=95.129
STEP|n=669600000|unique=4059813|accepted=25204575|rate=102166.0/s|walker_min=63.564|walker_med=89.586|walker_max=94.985
STEP|n=669700000|unique=4059818|accepted=25204580|rate=102148.2/s|walker_min=69.133|walker_med=87.484|walker_max=94.982
STEP|n=669800000|unique=4059829|accepted=25204591|rate=102130.6/s|walker_min=55.593|walker_med=83.375|walker_max=95.053
STEP|n=669900000|unique=4059833|accepted=25204595|rate=102113.0/s|walker_min=67.724|walker_med=88.465|walker_max=95.086
STEP|n=670000000|unique=4059842|accepted=25204604|rate=102095.3/s|walker_min=69.669|walker_med=86.283|walker_max=95.256
STEP|n=670100000|unique=4059849|accepted=25204611|rate=102077.6/s|walker_min=49.246|walker_med=85.080|walker_max=94.461
STEP|n=670200000|unique=4059858|accepted=25204620|rate=102060.0/s|walker_min=45.930|walker_med=85.384|walker_max=94.472
STEP|n=670300000|unique=4059868|accepted=25204630|rate=102042.4/s|walker_min=72.482|walker_med=90.567|walker_max=95.183
STEP|n=670400000|unique=4059872|accepted=25204634|rate=102024.6/s|walker_min=58.528|walker_med=88.192|walker_max=95.128
STEP|n=670500000|unique=4059878|accepted=25204640|rate=102006.8/s|walker_min=42.477|walker_med=86.418|walker_max=95.260
STEP|n=670600000|unique=4059886|accepted=25204648|rate=101987.9/s|walker_min=62.951|walker_med=86.135|walker_max=94.387
STEP|n=670700000|unique=4059892|accepted=25204654|rate=101969.4/s|walker_min=51.872|walker_med=87.112|walker_max=95.103
STEP|n=670800000|unique=4059902|accepted=25204664|rate=101951.4/s|walker_min=62.273|walker_med=81.090|walker_max=94.097
STEP|n=670900000|unique=4059906|accepted=25204668|rate=101933.0/s|walker_min=49.200|walker_med=82.857|walker_max=95.075
STEP|n=671000000|unique=4059912|accepted=25204674|rate=101913.5/s|walker_min=40.683|walker_med=63.363|walker_max=94.908
STEP|n=671100000|unique=4059922|accepted=25204684|rate=101894.0/s|walker_min=37.548|walker_med=85.423|walker_max=94.661
STEP|n=671200000|unique=4059926|accepted=25204688|rate=101875.5/s|walker_min=37.378|walker_med=83.794|walker_max=94.766
STEP|n=671300000|unique=4059932|accepted=25204694|rate=101856.0/s|walker_min=56.362|walker_med=83.555|walker_max=94.431
STEP|n=671400000|unique=4059943|accepted=25204705|rate=101833.8/s|walker_min=62.828|walker_med=86.673|walker_max=94.032
STEP|n=671500000|unique=4059947|accepted=25204709|rate=101812.2/s|walker_min=50.347|walker_med=87.442|walker_max=95.066
STEP|n=671600000|unique=4059955|accepted=25204717|rate=101792.9/s|walker_min=49.887|walker_med=86.099|walker_max=95.029
STEP|n=671700000|unique=4059965|accepted=25204727|rate=101778.4/s|walker_min=44.011|walker_med=85.659|walker_max=95.192
STEP|n=671800000|unique=4059975|accepted=25204737|rate=101761.2/s|walker_min=47.155|walker_med=84.424|walker_max=94.560
STEP|n=671900000|unique=4059987|accepted=25204749|rate=101743.9/s|walker_min=60.714|walker_med=90.328|walker_max=95.275
STEP|n=672000000|unique=4060000|accepted=25204762|rate=101726.7/s|walker_min=53.170|walker_med=87.284|walker_max=94.902
STEP|n=672100000|unique=4060012|accepted=25204774|rate=101709.3/s|walker_min=56.876|walker_med=88.590|walker_max=95.194
STEP|n=672200000|unique=4060025|accepted=25204787|rate=101691.8/s|walker_min=65.627|walker_med=87.523|walker_max=95.075
STEP|n=672300000|unique=4060029|accepted=25204791|rate=101674.4/s|walker_min=67.265|walker_med=88.473|walker_max=94.842
STEP|n=672400000|unique=4060034|accepted=25204796|rate=101656.4/s|walker_min=51.876|walker_med=83.863|walker_max=95.196
STEP|n=672500000|unique=4060042|accepted=25204804|rate=101638.9/s|walker_min=64.405|walker_med=88.548|walker_max=95.245
STEP|n=672600000|unique=4060053|accepted=25204815|rate=101621.2/s|walker_min=59.872|walker_med=90.048|walker_max=95.151
STEP|n=672700000|unique=4060059|accepted=25204821|rate=101603.6/s|walker_min=58.736|walker_med=84.227|walker_max=94.573
STEP|n=672800000|unique=4060067|accepted=25204829|rate=101585.6/s|walker_min=40.670|walker_med=85.778|walker_max=94.862
STEP|n=672900000|unique=4060072|accepted=25204834|rate=101567.1/s|walker_min=48.218|walker_med=82.790|walker_max=92.059
STEP|n=673000000|unique=4060077|accepted=25204839|rate=101547.6/s|walker_min=39.150|walker_med=72.546|walker_max=93.110
STEP|n=673100000|unique=4060082|accepted=25204844|rate=101528.2/s|walker_min=48.201|walker_med=78.173|walker_max=94.824
STEP|n=673200000|unique=4060084|accepted=25204846|rate=101510.0/s|walker_min=49.536|walker_med=83.558|walker_max=94.614
STEP|n=673300000|unique=4060090|accepted=25204852|rate=101492.3/s|walker_min=57.650|walker_med=88.461|walker_max=94.910
STEP|n=673400000|unique=4060094|accepted=25204856|rate=101473.1/s|walker_min=57.022|walker_med=87.397|walker_max=94.189
STEP|n=673500000|unique=4060105|accepted=25204867|rate=101455.7/s|walker_min=61.804|walker_med=88.170|walker_max=94.692
STEP|n=673600000|unique=4060116|accepted=25204878|rate=101438.4/s|walker_min=58.145|walker_med=84.042|walker_max=94.839
STEP|n=673700000|unique=4060118|accepted=25204880|rate=101421.1/s|walker_min=58.071|walker_med=87.133|walker_max=95.281
STEP|n=673800000|unique=4060121|accepted=25204883|rate=101403.6/s|walker_min=54.331|walker_med=83.549|walker_max=94.866
STEP|n=673900000|unique=4060134|accepted=25204896|rate=101386.2/s|walker_min=66.401|walker_med=88.481|walker_max=94.525
STEP|n=674000000|unique=4060138|accepted=25204900|rate=101369.3/s|walker_min=63.749|walker_med=87.247|walker_max=95.160
STEP|n=674100000|unique=4060142|accepted=25204904|rate=101351.9/s|walker_min=64.993|walker_med=88.914|walker_max=94.508
STEP|n=674200000|unique=4060146|accepted=25204908|rate=101334.7/s|walker_min=56.428|walker_med=85.779|walker_max=95.087
STEP|n=674300000|unique=4060149|accepted=25204911|rate=101317.3/s|walker_min=63.386|walker_med=88.026|walker_max=94.071
STEP|n=674400000|unique=4060153|accepted=25204915|rate=101299.8/s|walker_min=51.504|walker_med=85.861|walker_max=94.923
STEP|n=674500000|unique=4060158|accepted=25204920|rate=101281.6/s|walker_min=54.205|walker_med=85.948|walker_max=94.685
STEP|n=674600000|unique=4060162|accepted=25204924|rate=101263.9/s|walker_min=62.249|walker_med=88.812|walker_max=95.049
STEP|n=674700000|unique=4060168|accepted=25204930|rate=101246.5/s|walker_min=60.444|walker_med=85.311|walker_max=95.118
STEP|n=674800000|unique=4060178|accepted=25204940|rate=101228.9/s|walker_min=44.290|walker_med=88.086|walker_max=95.063
STEP|n=674900000|unique=4060182|accepted=25204944|rate=101210.9/s|walker_min=50.174|walker_med=79.651|walker_max=95.100
STEP|n=675000000|unique=4060188|accepted=25204950|rate=101191.5/s|walker_min=34.691|walker_med=64.488|walker_max=94.809
STEP|n=675100000|unique=4060194|accepted=25204956|rate=101172.4/s|walker_min=44.695|walker_med=81.081|walker_max=94.907
STEP|n=675200000|unique=4060199|accepted=25204961|rate=101153.7/s|walker_min=57.251|walker_med=83.193|walker_max=94.972
STEP|n=675300000|unique=4060202|accepted=25204964|rate=101136.2/s|walker_min=53.931|walker_med=88.062|walker_max=94.949
STEP|n=675400000|unique=4060206|accepted=25204968|rate=101118.9/s|walker_min=57.070|walker_med=88.071|walker_max=95.036
STEP|n=675500000|unique=4060208|accepted=25204970|rate=101101.3/s|walker_min=67.697|walker_med=84.284|walker_max=95.226
STEP|n=675600000|unique=4060212|accepted=25204974|rate=101083.9/s|walker_min=69.935|walker_med=87.579|walker_max=95.274
STEP|n=675700000|unique=4060216|accepted=25204978|rate=101066.5/s|walker_min=50.452|walker_med=83.866|walker_max=94.844
STEP|n=675800000|unique=4060219|accepted=25204981|rate=101049.2/s|walker_min=59.468|walker_med=87.706|walker_max=95.179
STEP|n=675900000|unique=4060228|accepted=25204990|rate=101031.7/s|walker_min=70.091|walker_med=87.657|walker_max=95.090
STEP|n=676000000|unique=4060234|accepted=25204996|rate=101014.5/s|walker_min=64.752|walker_med=86.702|walker_max=94.446
STEP|n=676100000|unique=4060238|accepted=25205000|rate=100997.5/s|walker_min=65.798|walker_med=87.627|walker_max=94.975
STEP|n=676200000|unique=4060242|accepted=25205004|rate=100978.9/s|walker_min=43.152|walker_med=89.116|walker_max=95.237
STEP|n=676300000|unique=4060247|accepted=25205009|rate=100962.1/s|walker_min=33.813|walker_med=86.909|walker_max=95.092
STEP|n=676400000|unique=4060249|accepted=25205011|rate=100944.9/s|walker_min=60.041|walker_med=88.080|walker_max=95.145
STEP|n=676500000|unique=4060257|accepted=25205019|rate=100927.8/s|walker_min=48.760|walker_med=88.218|walker_max=94.684
STEP|n=676600000|unique=4060263|accepted=25205025|rate=100909.7/s|walker_min=63.850|walker_med=85.190|walker_max=94.525
STEP|n=676700000|unique=4060274|accepted=25205036|rate=100890.7/s|walker_min=56.062|walker_med=84.172|walker_max=94.659
STEP|n=676800000|unique=4060280|accepted=25205042|rate=100871.7/s|walker_min=50.050|walker_med=84.063|walker_max=95.063
STEP|n=676900000|unique=4060283|accepted=25205045|rate=100853.9/s|walker_min=41.157|walker_med=80.344|walker_max=94.734
STEP|n=677000000|unique=4060287|accepted=25205049|rate=100835.5/s|walker_min=35.933|walker_med=71.221|walker_max=94.312
STEP|n=677100000|unique=4060310|accepted=25205072|rate=100817.1/s|walker_min=39.687|walker_med=79.580|walker_max=95.224
STEP|n=677200000|unique=4060316|accepted=25205078|rate=100799.0/s|walker_min=43.624|walker_med=83.035|walker_max=94.796
STEP|n=677300000|unique=4060328|accepted=25205090|rate=100781.5/s|walker_min=64.843|walker_med=86.561|walker_max=94.924
STEP|n=677400000|unique=4060335|accepted=25205097|rate=100763.9/s|walker_min=63.942|walker_med=90.282|walker_max=95.251
STEP|n=677500000|unique=4060339|accepted=25205101|rate=100746.9/s|walker_min=59.079|walker_med=90.125|walker_max=95.096
STEP|n=677600000|unique=4060349|accepted=25205111|rate=100730.0/s|walker_min=58.245|walker_med=85.306|walker_max=94.838
STEP|n=677700000|unique=4060359|accepted=25205121|rate=100713.1/s|walker_min=64.667|walker_med=89.930|walker_max=95.201
STEP|n=677800000|unique=4060367|accepted=25205129|rate=100696.1/s|walker_min=58.747|walker_med=87.296|walker_max=95.156
STEP|n=677900000|unique=4060377|accepted=25205139|rate=100679.3/s|walker_min=50.913|walker_med=82.561|walker_max=94.984
STEP|n=678000000|unique=4060383|accepted=25205145|rate=100662.5/s|walker_min=61.061|walker_med=87.260|walker_max=95.123
STEP|n=678100000|unique=4060388|accepted=25205150|rate=100645.8/s|walker_min=61.173|walker_med=89.316|walker_max=95.024
STEP|n=678200000|unique=4060398|accepted=25205160|rate=100629.1/s|walker_min=57.941|walker_med=85.528|walker_max=94.224
STEP|n=678300000|unique=4060406|accepted=25205168|rate=100612.2/s|walker_min=57.945|walker_med=84.456|walker_max=95.285
STEP|n=678400000|unique=4060411|accepted=25205173|rate=100595.3/s|walker_min=60.195|walker_med=85.519|walker_max=95.283
STEP|n=678500000|unique=4060417|accepted=25205179|rate=100578.3/s|walker_min=70.098|walker_med=87.760|walker_max=95.125
STEP|n=678600000|unique=4060422|accepted=25205184|rate=100561.4/s|walker_min=52.666|walker_med=84.362|walker_max=94.771
STEP|n=678700000|unique=4060425|accepted=25205187|rate=100544.2/s|walker_min=37.201|walker_med=83.351|walker_max=94.116
STEP|n=678800000|unique=4060436|accepted=25205198|rate=100524.7/s|walker_min=60.434|walker_med=86.722|walker_max=94.740
STEP|n=678900000|unique=4060443|accepted=25205205|rate=100506.7/s|walker_min=37.439|walker_med=78.610|walker_max=94.632
STEP|n=679000000|unique=4060447|accepted=25205209|rate=100487.2/s|walker_min=32.701|walker_med=75.516|walker_max=93.377
STEP|n=679100000|unique=4060452|accepted=25205214|rate=100468.9/s|walker_min=42.916|walker_med=79.315|walker_max=94.309
STEP|n=679200000|unique=4060457|accepted=25205219|rate=100451.3/s|walker_min=32.245|walker_med=84.815|walker_max=94.372
STEP|n=679300000|unique=4060461|accepted=25205223|rate=100434.1/s|walker_min=65.318|walker_med=87.870|walker_max=95.065
STEP|n=679400000|unique=4060474|accepted=25205236|rate=100417.0/s|walker_min=52.248|walker_med=89.124|walker_max=95.226
STEP|n=679500000|unique=4060484|accepted=25205246|rate=100400.0/s|walker_min=55.275|walker_med=88.310|walker_max=94.841
STEP|n=679600000|unique=4060492|accepted=25205254|rate=100383.4/s|walker_min=42.758|walker_med=88.194|walker_max=95.019
STEP|n=679700000|unique=4060494|accepted=25205256|rate=100366.7/s|walker_min=65.053|walker_med=88.997|walker_max=95.115
STEP|n=679800000|unique=4060503|accepted=25205265|rate=100349.9/s|walker_min=60.761|walker_med=85.356|walker_max=94.958
STEP|n=679900000|unique=4060507|accepted=25205269|rate=100333.3/s|walker_min=70.769|walker_med=87.943|walker_max=93.942
STEP|n=680000000|unique=4060512|accepted=25205274|rate=100316.5/s|walker_min=61.902|walker_med=88.088|walker_max=94.671
STEP|n=680100000|unique=4060517|accepted=25205279|rate=100299.8/s|walker_min=58.184|walker_med=89.944|walker_max=94.786
STEP|n=680200000|unique=4060522|accepted=25205284|rate=100283.0/s|walker_min=60.385|walker_med=86.591|walker_max=94.998
STEP|n=680300000|unique=4060527|accepted=25205289|rate=100266.3/s|walker_min=60.824|walker_med=87.232|walker_max=95.092
STEP|n=680400000|unique=4060536|accepted=25205298|rate=100249.9/s|walker_min=49.953|walker_med=84.246|walker_max=95.174
STEP|n=680500000|unique=4060540|accepted=25205302|rate=100233.3/s|walker_min=59.282|walker_med=87.203|walker_max=94.764
STEP|n=680600000|unique=4060551|accepted=25205313|rate=100216.0/s|walker_min=33.163|walker_med=82.042|walker_max=94.900
STEP|n=680700000|unique=4060554|accepted=25205316|rate=100199.1/s|walker_min=50.458|walker_med=88.836|walker_max=95.259
STEP|n=680800000|unique=4060561|accepted=25205323|rate=100182.0/s|walker_min=57.044|walker_med=83.023|walker_max=94.799
STEP|n=680900000|unique=4060566|accepted=25205328|rate=100164.8/s|walker_min=34.856|walker_med=84.614|walker_max=94.987
STEP|n=681000000|unique=4060573|accepted=25205335|rate=100146.4/s|walker_min=33.903|walker_med=74.599|walker_max=95.262
STEP|n=681100000|unique=4060577|accepted=25205339|rate=100128.1/s|walker_min=44.056|walker_med=77.839|walker_max=95.272
STEP|n=681200000|unique=4060582|accepted=25205344|rate=100110.3/s|walker_min=47.609|walker_med=80.908|walker_max=94.548
STEP|n=681300000|unique=4060586|accepted=25205348|rate=100093.2/s|walker_min=50.176|walker_med=85.807|walker_max=95.175
STEP|n=681400000|unique=4060593|accepted=25205355|rate=100076.2/s|walker_min=68.507|walker_med=83.328|walker_max=93.856
STEP|n=681500000|unique=4060607|accepted=25205369|rate=100059.6/s|walker_min=65.091|walker_med=86.425|walker_max=95.201
STEP|n=681600000|unique=4060610|accepted=25205372|rate=100042.9/s|walker_min=57.676|walker_med=88.919|walker_max=95.089
STEP|n=681700000|unique=4060618|accepted=25205380|rate=100025.5/s|walker_min=47.012|walker_med=85.121|walker_max=95.260
STEP|n=681800000|unique=4060627|accepted=25205389|rate=100008.5/s|walker_min=59.421|walker_med=87.155|walker_max=95.192
STEP|n=681900000|unique=4060639|accepted=25205401|rate=99992.3/s|walker_min=68.164|walker_med=87.027|walker_max=94.771
STEP|n=682000000|unique=4060646|accepted=25205408|rate=99976.0/s|walker_min=64.332|walker_med=89.396|walker_max=95.258
STEP|n=682100000|unique=4060651|accepted=25205413|rate=99959.8/s|walker_min=71.362|walker_med=86.749|walker_max=95.192
STEP|n=682200000|unique=4060656|accepted=25205418|rate=99943.3/s|walker_min=59.554|walker_med=84.927|walker_max=94.984
STEP|n=682300000|unique=4060659|accepted=25205421|rate=99926.9/s|walker_min=56.462|walker_med=85.132|walker_max=93.732
STEP|n=682400000|unique=4060667|accepted=25205429|rate=99910.3/s|walker_min=70.592|walker_med=87.441|walker_max=95.253
STEP|n=682500000|unique=4060667|accepted=25205429|rate=99893.6/s|walker_min=54.187|walker_med=86.909|walker_max=94.112
STEP|n=682600000|unique=4060673|accepted=25205435|rate=22052.1/s|walker_min=62.570|walker_med=87.424|walker_max=94.929
STEP|n=682700000|unique=4060682|accepted=25205444|rate=22050.6/s|walker_min=68.500|walker_med=84.819|walker_max=93.418
STEP|n=682800000|unique=4060688|accepted=25205450|rate=22049.3/s|walker_min=53.974|walker_med=83.384|walker_max=95.047
STEP|n=682900000|unique=4060693|accepted=25205455|rate=22048.6/s|walker_min=48.506|walker_med=80.865|walker_max=93.878
STEP|n=683000000|unique=4060697|accepted=25205459|rate=22048.0/s|walker_min=37.378|walker_med=81.468|walker_max=94.461
STEP|n=683100000|unique=4060701|accepted=25205463|rate=22048.5/s|walker_min=51.344|walker_med=82.674|walker_max=94.342
STEP|n=683200000|unique=4060707|accepted=25205469|rate=22048.7/s|walker_min=47.361|walker_med=83.861|walker_max=94.316
STEP|n=683300000|unique=4060717|accepted=25205479|rate=22046.9/s|walker_min=62.018|walker_med=85.357|walker_max=95.256
STEP|n=683400000|unique=4060723|accepted=25205485|rate=22045.5/s|walker_min=52.480|walker_med=86.699|walker_max=94.601
STEP|n=683500000|unique=4060730|accepted=25205492|rate=22044.2/s|walker_min=57.216|walker_med=85.361|walker_max=94.766
STEP|n=683600000|unique=4060736|accepted=25205498|rate=22043.6/s|walker_min=58.690|walker_med=87.081|walker_max=95.179
STEP|n=683700000|unique=4060739|accepted=25205501|rate=22044.3/s|walker_min=64.073|walker_med=84.363|walker_max=95.145
STEP|n=683800000|unique=4060744|accepted=25205506|rate=22045.2/s|walker_min=59.378|walker_med=88.022|walker_max=95.245
STEP|n=683900000|unique=4060750|accepted=25205512|rate=22046.3/s|walker_min=53.513|walker_med=88.329|walker_max=94.159
STEP|n=684000000|unique=4060753|accepted=25205515|rate=22047.5/s|walker_min=60.991|walker_med=88.379|walker_max=95.067
STEP|n=684100000|unique=4060761|accepted=25205523|rate=22048.6/s|walker_min=58.032|walker_med=83.807|walker_max=95.169
STEP|n=684200000|unique=4060763|accepted=25205525|rate=22049.7/s|walker_min=67.577|walker_med=88.436|walker_max=94.802
STEP|n=684300000|unique=4060766|accepted=25205528|rate=22050.3/s|walker_min=60.830|walker_med=87.627|walker_max=94.767
STEP|n=684400000|unique=4060769|accepted=25205531|rate=22051.3/s|walker_min=62.447|walker_med=86.662|walker_max=95.213
STEP|n=684500000|unique=4060772|accepted=25205534|rate=22052.3/s|walker_min=53.173|walker_med=88.409|walker_max=94.492
STEP|n=684600000|unique=4060776|accepted=25205538|rate=22053.5/s|walker_min=49.435|walker_med=84.948|walker_max=94.569
STEP|n=684700000|unique=4060785|accepted=25205547|rate=22054.5/s|walker_min=52.686|walker_med=87.596|walker_max=94.974
STEP|n=684800000|unique=4060789|accepted=25205551|rate=22055.6/s|walker_min=59.909|walker_med=79.542|walker_max=94.058
STEP|n=684900000|unique=4060794|accepted=25205556|rate=22056.2/s|walker_min=44.876|walker_med=79.274|walker_max=94.713
STEP|n=685000000|unique=4060802|accepted=25205564|rate=22057.2/s|walker_min=31.568|walker_med=68.134|walker_max=94.933
STEP|n=685100000|unique=4060805|accepted=25205567|rate=22058.1/s|walker_min=58.696|walker_med=82.756|walker_max=94.649
STEP|n=685200000|unique=4060808|accepted=25205570|rate=22058.6/s|walker_min=49.583|walker_med=81.054|walker_max=94.705
STEP|n=685300000|unique=4060816|accepted=25205578|rate=22058.0/s|walker_min=65.264|walker_med=85.480|walker_max=95.246
STEP|n=685400000|unique=4060823|accepted=25205585|rate=22058.4/s|walker_min=71.722|walker_med=88.993|walker_max=93.358
STEP|n=685500000|unique=4060829|accepted=25205591|rate=22059.2/s|walker_min=65.280|walker_med=86.654|walker_max=94.791
STEP|n=685600000|unique=4060832|accepted=25205594|rate=22060.2/s|walker_min=68.228|walker_med=87.506|walker_max=95.242
STEP|n=685700000|unique=4060840|accepted=25205602|rate=22061.3/s|walker_min=72.393|walker_med=85.779|walker_max=93.250
STEP|n=685800000|unique=4060846|accepted=25205608|rate=22061.5/s|walker_min=64.007|walker_med=88.420|walker_max=94.313
STEP|n=685900000|unique=4060853|accepted=25205615|rate=22062.2/s|walker_min=52.869|walker_med=90.044|walker_max=95.073
STEP|n=686000000|unique=4060859|accepted=25205621|rate=22063.3/s|walker_min=64.006|walker_med=87.710|walker_max=95.163
STEP|n=686100000|unique=4060870|accepted=25205632|rate=22064.6/s|walker_min=58.315|walker_med=86.845|walker_max=95.166
STEP|n=686200000|unique=4060872|accepted=25205634|rate=22066.1/s|walker_min=57.507|walker_med=86.999|walker_max=94.629
STEP|n=686300000|unique=4060882|accepted=25205644|rate=22067.6/s|walker_min=65.426|walker_med=89.470|walker_max=95.242
STEP|n=686400000|unique=4060904|accepted=25205666|rate=22069.1/s|walker_min=60.149|walker_med=89.270|walker_max=95.176
STEP|n=686500000|unique=4060906|accepted=25205668|rate=22070.6/s|walker_min=63.498|walker_med=86.743|walker_max=94.867
STEP|n=686600000|unique=4060912|accepted=25205674|rate=22072.0/s|walker_min=52.851|walker_med=86.904|walker_max=94.853
STEP|n=686700000|unique=4060922|accepted=25205684|rate=22073.5/s|walker_min=51.039|walker_med=85.064|walker_max=95.198
STEP|n=686800000|unique=4060926|accepted=25205688|rate=22075.0/s|walker_min=42.474|walker_med=82.626|walker_max=95.073
STEP|n=686900000|unique=4060933|accepted=25205695|rate=22076.1/s|walker_min=35.085|walker_med=79.357|walker_max=94.868
STEP|n=687000000|unique=4060938|accepted=25205700|rate=22077.1/s|walker_min=30.931|walker_med=73.429|walker_max=93.943
STEP|n=687100000|unique=4060944|accepted=25205706|rate=22078.4/s|walker_min=54.724|walker_med=87.605|walker_max=95.216
STEP|n=687200000|unique=4060950|accepted=25205712|rate=22079.8/s|walker_min=61.096|walker_med=82.866|walker_max=95.164
STEP|n=687300000|unique=4060955|accepted=25205717|rate=22081.2/s|walker_min=65.787|walker_med=86.122|walker_max=94.897
STEP|n=687400000|unique=4060958|accepted=25205720|rate=22082.0/s|walker_min=57.076|walker_med=84.870|walker_max=95.229
STEP|n=687500000|unique=4060966|accepted=25205728|rate=22083.1/s|walker_min=55.804|walker_med=89.744|walker_max=95.251
STEP|n=687600000|unique=4060975|accepted=25205737|rate=22084.2/s|walker_min=59.847|walker_med=87.725|walker_max=94.814
STEP|n=687700000|unique=4060985|accepted=25205747|rate=22085.5/s|walker_min=61.797|walker_med=84.976|walker_max=94.529
STEP|n=687800000|unique=4060990|accepted=25205752|rate=22087.0/s|walker_min=42.251|walker_med=84.378|walker_max=95.078
STEP|n=687900000|unique=4060995|accepted=25205757|rate=22088.5/s|walker_min=61.443|walker_med=86.735|walker_max=95.046
STEP|n=688000000|unique=4061001|accepted=25205763|rate=22089.9/s|walker_min=54.301|walker_med=89.205|walker_max=95.186
STEP|n=688100000|unique=4061006|accepted=25205768|rate=22091.4/s|walker_min=56.410|walker_med=90.157|walker_max=94.885
STEP|n=688200000|unique=4061013|accepted=25205775|rate=22093.0/s|walker_min=63.467|walker_med=88.019|walker_max=95.210
STEP|n=688300000|unique=4061024|accepted=25205786|rate=22094.6/s|walker_min=50.759|walker_med=85.811|walker_max=94.681
STEP|n=688400000|unique=4061029|accepted=25205791|rate=22096.3/s|walker_min=55.089|walker_med=86.215|walker_max=95.045
STEP|n=688500000|unique=4061031|accepted=25205793|rate=22097.9/s|walker_min=66.725|walker_med=87.199|walker_max=94.715
STEP|n=688600000|unique=4061031|accepted=25205793|rate=22097.7/s|walker_min=55.770|walker_med=84.491|walker_max=95.054
STEP|n=688700000|unique=4061035|accepted=25205797|rate=22097.1/s|walker_min=61.082|walker_med=85.390|walker_max=94.462
STEP|n=688800000|unique=4061045|accepted=25205807|rate=22099.6/s|walker_min=61.027|walker_med=80.843|walker_max=94.543
STEP|n=688900000|unique=4061051|accepted=25205813|rate=22102.3/s|walker_min=46.512|walker_med=81.488|walker_max=93.398
STEP|n=689000000|unique=4061055|accepted=25205817|rate=22104.8/s|walker_min=29.549|walker_med=71.925|walker_max=94.133
STEP|n=689100000|unique=4061055|accepted=25205817|rate=22107.4/s|walker_min=54.960|walker_med=87.377|walker_max=94.758
STEP|n=689200000|unique=4061062|accepted=25205824|rate=22110.0/s|walker_min=52.046|walker_med=81.706|walker_max=94.504
STEP|n=689300000|unique=4061067|accepted=25205829|rate=22112.7/s|walker_min=54.345|walker_med=85.190|walker_max=94.549
STEP|n=689400000|unique=4061071|accepted=25205833|rate=22115.3/s|walker_min=51.715|walker_med=81.293|walker_max=94.991
STEP|n=689500000|unique=4061077|accepted=25205839|rate=22117.9/s|walker_min=49.671|walker_med=86.494|walker_max=94.452
STEP|n=689600000|unique=4061083|accepted=25205845|rate=22120.5/s|walker_min=73.546|walker_med=87.202|walker_max=94.898
STEP|n=689700000|unique=4061091|accepted=25205853|rate=22123.1/s|walker_min=71.103|walker_med=84.764|walker_max=94.423
STEP|n=689800000|unique=4061100|accepted=25205862|rate=22125.8/s|walker_min=43.934|walker_med=88.847|walker_max=94.927
STEP|n=689900000|unique=4061108|accepted=25205870|rate=22128.4/s|walker_min=73.183|walker_med=89.618|walker_max=94.969
STEP|n=690000000|unique=4061116|accepted=25205878|rate=22131.0/s|walker_min=65.308|walker_med=88.469|walker_max=95.115
STEP|n=690100000|unique=4061124|accepted=25205886|rate=22133.7/s|walker_min=60.303|walker_med=83.672|walker_max=94.826
STEP|n=690200000|unique=4061131|accepted=25205893|rate=22136.3/s|walker_min=43.489|walker_med=84.942|walker_max=95.112
STEP|n=690300000|unique=4061139|accepted=25205901|rate=22138.9/s|walker_min=63.286|walker_med=87.622|walker_max=95.263
STEP|n=690400000|unique=4061149|accepted=25205911|rate=22141.5/s|walker_min=65.646|walker_med=85.463|walker_max=94.514
STEP|n=690500000|unique=4061151|accepted=25205913|rate=22144.1/s|walker_min=40.152|walker_med=89.930|walker_max=95.190
STEP|n=690600000|unique=4061157|accepted=25205919|rate=22146.8/s|walker_min=39.255|walker_med=85.776|walker_max=95.160
STEP|n=690700000|unique=4061169|accepted=25205931|rate=22149.3/s|walker_min=48.044|walker_med=88.034|walker_max=94.396
STEP|n=690800000|unique=4061173|accepted=25205935|rate=22152.0/s|walker_min=43.789|walker_med=81.708|walker_max=94.671
STEP|n=690900000|unique=4061181|accepted=25205943|rate=22154.6/s|walker_min=45.313|walker_med=79.370|walker_max=93.169
STEP|n=691000000|unique=4061187|accepted=25205949|rate=22157.2/s|walker_min=34.734|walker_med=72.878|walker_max=94.724
STEP|n=691100000|unique=4061194|accepted=25205956|rate=22159.8/s|walker_min=37.878|walker_med=85.107|walker_max=94.694
STEP|n=691200000|unique=4061197|accepted=25205959|rate=22162.4/s|walker_min=51.327|walker_med=81.744|walker_max=94.062
STEP|n=691300000|unique=4061204|accepted=25205966|rate=22165.0/s|walker_min=55.728|walker_med=87.518|walker_max=94.364
STEP|n=691400000|unique=4061216|accepted=25205978|rate=22167.6/s|walker_min=52.168|walker_med=86.474|walker_max=95.198
STEP|n=691500000|unique=4061222|accepted=25205984|rate=22170.2/s|walker_min=58.070|walker_med=86.348|walker_max=95.083
STEP|n=691600000|unique=4061231|accepted=25205993|rate=22172.9/s|walker_min=64.005|walker_med=87.222|walker_max=94.690
STEP|n=691700000|unique=4061235|accepted=25205997|rate=22175.5/s|walker_min=65.705|walker_med=89.941|walker_max=95.234
STEP|n=691800000|unique=4061242|accepted=25206004|rate=22178.1/s|walker_min=48.956|walker_med=82.982|walker_max=94.482
STEP|n=691900000|unique=4061249|accepted=25206011|rate=22180.7/s|walker_min=61.179|walker_med=83.758|walker_max=95.031
STEP|n=692000000|unique=4061255|accepted=25206017|rate=22183.4/s|walker_min=46.247|walker_med=85.937|walker_max=94.936
STEP|n=692100000|unique=4061257|accepted=25206019|rate=22186.0/s|walker_min=45.491|walker_med=88.102|walker_max=95.226
STEP|n=692200000|unique=4061262|accepted=25206024|rate=22188.6/s|walker_min=49.688|walker_med=84.483|walker_max=95.020
STEP|n=692300000|unique=4061268|accepted=25206030|rate=22191.2/s|walker_min=56.368|walker_med=89.347|walker_max=94.920
STEP|n=692400000|unique=4061274|accepted=25206036|rate=22193.9/s|walker_min=55.567|walker_med=86.630|walker_max=94.700
STEP|n=692500000|unique=4061278|accepted=25206040|rate=22196.5/s|walker_min=56.150|walker_med=84.620|walker_max=94.837
STEP|n=692600000|unique=4061293|accepted=25206055|rate=22199.1/s|walker_min=45.692|walker_med=85.422|walker_max=95.279
STEP|n=692700000|unique=4061293|accepted=25206055|rate=22201.7/s|walker_min=69.814|walker_med=85.602|walker_max=95.102
STEP|n=692800000|unique=4061297|accepted=25206059|rate=22204.3/s|walker_min=38.635|walker_med=85.763|walker_max=95.197
STEP|n=692900000|unique=4061303|accepted=25206065|rate=22206.9/s|walker_min=53.105|walker_med=80.313|walker_max=94.583
STEP|n=693000000|unique=4061308|accepted=25206070|rate=22209.5/s|walker_min=32.931|walker_med=68.969|walker_max=94.408
STEP|n=693100000|unique=4061311|accepted=25206073|rate=22212.1/s|walker_min=46.568|walker_med=76.269|walker_max=94.142
STEP|n=693200000|unique=4061313|accepted=25206075|rate=22214.7/s|walker_min=50.179|walker_med=80.576|walker_max=94.067
STEP|n=693300000|unique=4061323|accepted=25206085|rate=22217.3/s|walker_min=63.698|walker_med=86.263|walker_max=94.490
STEP|n=693400000|unique=4061324|accepted=25206086|rate=22219.9/s|walker_min=41.868|walker_med=88.379|walker_max=94.699
STEP|n=693500000|unique=4061327|accepted=25206089|rate=22222.6/s|walker_min=66.383|walker_med=86.510|walker_max=94.787
STEP|n=693600000|unique=4061331|accepted=25206093|rate=22225.2/s|walker_min=62.018|walker_med=87.336|walker_max=94.266
STEP|n=693700000|unique=4061339|accepted=25206101|rate=22227.8/s|walker_min=65.470|walker_med=87.630|walker_max=95.213
STEP|n=693800000|unique=4061352|accepted=25206114|rate=22230.4/s|walker_min=65.135|walker_med=87.227|walker_max=95.195
STEP|n=693900000|unique=4061360|accepted=25206122|rate=22233.1/s|walker_min=64.450|walker_med=87.960|walker_max=94.981
STEP|n=694000000|unique=4061367|accepted=25206129|rate=22235.7/s|walker_min=66.847|walker_med=88.504|walker_max=94.830
STEP|n=694100000|unique=4061376|accepted=25206138|rate=22238.3/s|walker_min=50.171|walker_med=85.981|walker_max=94.944
STEP|n=694200000|unique=4061383|accepted=25206145|rate=22240.9/s|walker_min=52.093|walker_med=92.713|walker_max=95.198
STEP|n=694300000|unique=4061392|accepted=25206154|rate=22243.5/s|walker_min=65.415|walker_med=86.451|walker_max=94.878
STEP|n=694400000|unique=4061395|accepted=25206157|rate=22246.2/s|walker_min=58.713|walker_med=86.435|walker_max=94.815
STEP|n=694500000|unique=4061398|accepted=25206160|rate=22248.8/s|walker_min=68.157|walker_med=89.745|walker_max=95.029
STEP|n=694600000|unique=4061405|accepted=25206167|rate=22251.4/s|walker_min=55.911|walker_med=84.015|walker_max=94.434
STEP|n=694700000|unique=4061408|accepted=25206170|rate=22254.0/s|walker_min=64.855|walker_med=88.099|walker_max=95.259
STEP|n=694800000|unique=4061411|accepted=25206173|rate=22256.6/s|walker_min=61.861|walker_med=83.430|walker_max=94.534
STEP|n=694900000|unique=4061419|accepted=25206181|rate=22259.2/s|walker_min=40.351|walker_med=85.738|walker_max=94.677
STEP|n=695000000|unique=4061424|accepted=25206186|rate=22261.8/s|walker_min=32.001|walker_med=71.170|walker_max=93.069
STEP|n=695100000|unique=4061433|accepted=25206195|rate=22264.4/s|walker_min=34.677|walker_med=82.199|walker_max=94.884
STEP|n=695200000|unique=4061436|accepted=25206198|rate=22267.0/s|walker_min=53.967|walker_med=86.136|walker_max=95.237
STEP|n=695300000|unique=4061448|accepted=25206210|rate=22269.6/s|walker_min=60.273|walker_med=86.898|walker_max=94.689
STEP|n=695400000|unique=4061454|accepted=25206216|rate=22272.2/s|walker_min=61.617|walker_med=86.470|walker_max=95.221
STEP|n=695500000|unique=4061466|accepted=25206228|rate=22274.9/s|walker_min=61.989|walker_med=89.045|walker_max=95.262
STEP|n=695600000|unique=4061469|accepted=25206231|rate=22277.5/s|walker_min=64.460|walker_med=87.730|walker_max=94.760
STEP|n=695700000|unique=4061477|accepted=25206239|rate=22280.1/s|walker_min=56.290|walker_med=87.986|walker_max=94.483
STEP|n=695800000|unique=4061482|accepted=25206244|rate=22282.7/s|walker_min=45.648|walker_med=87.557|walker_max=95.247
STEP|n=695900000|unique=4061488|accepted=25206250|rate=22285.3/s|walker_min=59.498|walker_med=84.033|walker_max=94.703
STEP|n=696000000|unique=4061491|accepted=25206253|rate=22287.9/s|walker_min=51.171|walker_med=88.414|walker_max=94.632
STEP|n=696100000|unique=4061498|accepted=25206260|rate=22290.6/s|walker_min=61.566|walker_med=87.922|walker_max=94.446
STEP|n=696200000|unique=4061501|accepted=25206263|rate=22293.2/s|walker_min=63.546|walker_med=88.098|walker_max=95.016
STEP|n=696300000|unique=4061505|accepted=25206267|rate=22295.8/s|walker_min=61.512|walker_med=83.563|walker_max=95.222
STEP|n=696400000|unique=4061510|accepted=25206272|rate=22298.4/s|walker_min=74.802|walker_med=85.534|walker_max=95.261
STEP|n=696500000|unique=4061521|accepted=25206283|rate=22301.0/s|walker_min=44.352|walker_med=86.659|walker_max=95.218
STEP|n=696600000|unique=4061526|accepted=25206288|rate=22303.6/s|walker_min=54.205|walker_med=89.430|walker_max=94.995
STEP|n=696700000|unique=4061528|accepted=25206290|rate=22306.2/s|walker_min=58.404|walker_med=86.235|walker_max=95.278
STEP|n=696800000|unique=4061529|accepted=25206291|rate=22308.8/s|walker_min=58.184|walker_med=85.819|walker_max=94.412
STEP|n=696900000|unique=4061533|accepted=25206295|rate=22311.4/s|walker_min=58.065|walker_med=77.590|walker_max=94.907
STEP|n=697000000|unique=4061538|accepted=25206300|rate=22314.0/s|walker_min=35.395|walker_med=74.274|walker_max=95.017
STEP|n=697100000|unique=4061544|accepted=25206306|rate=22316.6/s|walker_min=54.127|walker_med=81.160|walker_max=95.098
STEP|n=697200000|unique=4061547|accepted=25206309|rate=22319.2/s|walker_min=54.244|walker_med=83.358|walker_max=94.842
STEP|n=697300000|unique=4061552|accepted=25206314|rate=22321.8/s|walker_min=63.354|walker_med=84.700|walker_max=94.206
STEP|n=697400000|unique=4061553|accepted=25206315|rate=22324.4/s|walker_min=67.234|walker_med=84.809|walker_max=95.241
STEP|n=697500000|unique=4061564|accepted=25206326|rate=22327.0/s|walker_min=53.722|walker_med=85.071|walker_max=95.076
STEP|n=697600000|unique=4061567|accepted=25206329|rate=22329.6/s|walker_min=69.726|walker_med=86.193|walker_max=94.934
STEP|n=697700000|unique=4061573|accepted=25206335|rate=22332.3/s|walker_min=59.486|walker_med=86.233|walker_max=94.755
STEP|n=697800000|unique=4061583|accepted=25206345|rate=22334.9/s|walker_min=69.894|walker_med=88.227|walker_max=95.177
STEP|n=697900000|unique=4061593|accepted=25206355|rate=22337.5/s|walker_min=60.652|walker_med=87.283|walker_max=95.069
STEP|n=698000000|unique=4061601|accepted=25206363|rate=22340.1/s|walker_min=34.485|walker_med=90.108|walker_max=94.104
STEP|n=698100000|unique=4061603|accepted=25206365|rate=22342.7/s|walker_min=60.664|walker_med=89.245|walker_max=94.407
STEP|n=698200000|unique=4061606|accepted=25206368|rate=22345.3/s|walker_min=59.092|walker_med=88.728|walker_max=94.436
STEP|n=698300000|unique=4061613|accepted=25206375|rate=22347.9/s|walker_min=64.999|walker_med=88.900|walker_max=95.235
STEP|n=698400000|unique=4061622|accepted=25206384|rate=22350.6/s|walker_min=73.335|walker_med=87.764|walker_max=94.800
STEP|n=698500000|unique=4061627|accepted=25206389|rate=22353.2/s|walker_min=64.941|walker_med=88.020|walker_max=95.035
STEP|n=698600000|unique=4061632|accepted=25206394|rate=22355.8/s|walker_min=57.207|walker_med=86.483|walker_max=95.042
STEP|n=698700000|unique=4061637|accepted=25206399|rate=22358.4/s|walker_min=46.353|walker_med=87.676|walker_max=95.081
STEP|n=698800000|unique=4061639|accepted=25206401|rate=22361.0/s|walker_min=44.727|walker_med=88.888|walker_max=95.194
STEP|n=698900000|unique=4061654|accepted=25206416|rate=22363.5/s|walker_min=43.188|walker_med=80.053|walker_max=93.262
STEP|n=699000000|unique=4061655|accepted=25206417|rate=22366.1/s|walker_min=49.459|walker_med=77.676|walker_max=93.605
STEP|n=699100000|unique=4061660|accepted=25206422|rate=22368.7/s|walker_min=34.503|walker_med=76.503|walker_max=95.220
STEP|n=699200000|unique=4061665|accepted=25206427|rate=22371.3/s|walker_min=49.223|walker_med=85.757|walker_max=94.489
STEP|n=699300000|unique=4061668|accepted=25206430|rate=22373.8/s|walker_min=62.248|walker_med=84.739|walker_max=95.191
STEP|n=699400000|unique=4061678|accepted=25206440|rate=22376.4/s|walker_min=43.308|walker_med=84.305|walker_max=95.129
STEP|n=699500000|unique=4061683|accepted=25206445|rate=22379.0/s|walker_min=59.897|walker_med=84.165|walker_max=95.125
STEP|n=699600000|unique=4061689|accepted=25206451|rate=22381.6/s|walker_min=64.735|walker_med=85.069|walker_max=95.264
STEP|n=699700000|unique=4061692|accepted=25206454|rate=22384.2/s|walker_min=56.170|walker_med=89.677|walker_max=95.110
STEP|n=699800000|unique=4061700|accepted=25206462|rate=22386.8/s|walker_min=56.186|walker_med=87.378|walker_max=94.700
STEP|n=699900000|unique=4061714|accepted=25206476|rate=22389.4/s|walker_min=65.860|walker_med=89.531|walker_max=95.254
STEP|n=700000000|unique=4061719|accepted=25206481|rate=22392.0/s|walker_min=48.812|walker_med=87.093|walker_max=95.267
CHECKPOINT|step=700000000|unique=4061719|saved=3000000|min=25.4807|max=92.5533
STEP|n=700100000|unique=4061730|accepted=25206492|rate=22390.2/s|walker_min=71.483|walker_med=89.561|walker_max=94.710
STEP|n=700200000|unique=4061734|accepted=25206496|rate=22392.8/s|walker_min=47.648|walker_med=89.682|walker_max=95.275
STEP|n=700300000|unique=4061746|accepted=25206508|rate=22395.4/s|walker_min=62.895|walker_med=81.564|walker_max=94.831
STEP|n=700400000|unique=4061751|accepted=25206513|rate=22398.0/s|walker_min=70.873|walker_med=88.022|walker_max=95.170
STEP|n=700500000|unique=4061753|accepted=25206515|rate=22400.6/s|walker_min=70.775|walker_med=88.874|walker_max=95.086
STEP|n=700600000|unique=4061759|accepted=25206521|rate=22403.2/s|walker_min=47.182|walker_med=85.482|walker_max=94.823
STEP|n=700700000|unique=4061760|accepted=25206522|rate=22405.8/s|walker_min=54.753|walker_med=84.320|walker_max=94.796
STEP|n=700800000|unique=4061765|accepted=25206527|rate=22408.4/s|walker_min=44.336|walker_med=82.860|walker_max=94.458
STEP|n=700900000|unique=4061771|accepted=25206533|rate=22411.0/s|walker_min=41.215|walker_med=77.837|walker_max=94.731
STEP|n=701000000|unique=4061776|accepted=25206538|rate=22413.6/s|walker_min=39.249|walker_med=68.176|walker_max=95.202
STEP|n=701100000|unique=4061779|accepted=25206541|rate=22416.1/s|walker_min=41.283|walker_med=75.364|walker_max=94.595
STEP|n=701200000|unique=4061782|accepted=25206544|rate=22418.7/s|walker_min=25.481|walker_med=87.379|walker_max=94.891
STEP|n=701300000|unique=4061788|accepted=25206550|rate=22421.3/s|walker_min=45.106|walker_med=87.769|walker_max=94.483
STEP|n=701400000|unique=4061793|accepted=25206555|rate=22424.0/s|walker_min=63.633|walker_med=84.172|walker_max=95.191
STEP|n=701500000|unique=4061801|accepted=25206563|rate=22426.6/s|walker_min=43.291|walker_med=83.016|walker_max=94.714
STEP|n=701600000|unique=4061805|accepted=25206567|rate=22429.2/s|walker_min=68.973|walker_med=85.947|walker_max=94.952
STEP|n=701700000|unique=4061813|accepted=25206575|rate=22431.8/s|walker_min=50.054|walker_med=87.737|walker_max=95.208
STEP|n=701800000|unique=4061820|accepted=25206582|rate=22434.4/s|walker_min=56.039|walker_med=84.261|walker_max=95.282
STEP|n=701900000|unique=4061834|accepted=25206596|rate=22437.0/s|walker_min=70.718|walker_med=88.952|walker_max=95.180
STEP|n=702000000|unique=4061846|accepted=25206608|rate=22439.7/s|walker_min=63.157|walker_med=83.297|walker_max=95.191
STEP|n=702100000|unique=4061850|accepted=25206612|rate=22442.3/s|walker_min=52.365|walker_med=88.640|walker_max=95.266
STEP|n=702200000|unique=4061857|accepted=25206619|rate=22444.9/s|walker_min=52.074|walker_med=88.085|walker_max=94.765
STEP|n=702300000|unique=4061861|accepted=25206623|rate=22447.5/s|walker_min=53.435|walker_med=85.016|walker_max=95.224
STEP|n=702400000|unique=4061863|accepted=25206625|rate=22450.1/s|walker_min=64.244|walker_med=86.206|walker_max=95.179
STEP|n=702500000|unique=4061868|accepted=25206630|rate=22452.7/s|walker_min=66.332|walker_med=88.552|walker_max=95.238
STEP|n=702600000|unique=4061871|accepted=25206633|rate=22455.3/s|walker_min=51.391|walker_med=85.570|walker_max=94.895
STEP|n=702700000|unique=4061876|accepted=25206638|rate=22457.9/s|walker_min=66.599|walker_med=87.256|walker_max=94.898
STEP|n=702800000|unique=4061880|accepted=25206642|rate=22460.6/s|walker_min=45.277|walker_med=86.899|walker_max=94.551
STEP|n=702900000|unique=4061883|accepted=25206645|rate=22463.2/s|walker_min=41.051|walker_med=78.272|walker_max=95.085
STEP|n=703000000|unique=4061886|accepted=25206648|rate=22465.7/s|walker_min=45.632|walker_med=75.415|walker_max=93.960
STEP|n=703100000|unique=4061891|accepted=25206653|rate=22468.3/s|walker_min=53.172|walker_med=83.755|walker_max=94.176
STEP|n=703200000|unique=4061899|accepted=25206661|rate=22470.9/s|walker_min=52.055|walker_med=84.229|walker_max=95.243
STEP|n=703300000|unique=4061906|accepted=25206668|rate=22473.5/s|walker_min=61.101|walker_med=88.642|walker_max=94.852
STEP|n=703400000|unique=4061913|accepted=25206675|rate=22476.1/s|walker_min=39.925|walker_med=86.911|walker_max=94.743
STEP|n=703500000|unique=4061920|accepted=25206682|rate=22478.8/s|walker_min=52.690|walker_med=85.911|walker_max=94.760
STEP|n=703600000|unique=4061932|accepted=25206694|rate=22481.4/s|walker_min=60.564|walker_med=84.978|walker_max=94.272
STEP|n=703700000|unique=4061948|accepted=25206710|rate=22484.0/s|walker_min=72.073|walker_med=89.904|walker_max=94.979
STEP|n=703800000|unique=4061962|accepted=25206724|rate=22486.6/s|walker_min=60.301|walker_med=83.824|walker_max=94.481
STEP|n=703900000|unique=4061966|accepted=25206728|rate=22489.2/s|walker_min=64.821|walker_med=85.800|walker_max=94.450
STEP|n=704000000|unique=4061973|accepted=25206735|rate=22491.8/s|walker_min=68.481|walker_med=86.478|walker_max=94.098
STEP|n=704100000|unique=4061982|accepted=25206744|rate=22494.4/s|walker_min=62.949|walker_med=87.045|walker_max=94.632
STEP|n=704200000|unique=4061989|accepted=25206751|rate=22497.0/s|walker_min=55.820|walker_med=86.698|walker_max=94.688
STEP|n=704300000|unique=4061994|accepted=25206756|rate=22499.6/s|walker_min=64.918|walker_med=88.497|walker_max=95.211
STEP|n=704400000|unique=4061998|accepted=25206760|rate=22502.2/s|walker_min=46.119|walker_med=87.681|walker_max=95.208
STEP|n=704500000|unique=4062003|accepted=25206765|rate=22504.8/s|walker_min=48.102|walker_med=85.389|walker_max=95.254
STEP|n=704600000|unique=4062009|accepted=25206771|rate=22507.4/s|walker_min=66.644|walker_med=86.920|walker_max=92.882
STEP|n=704700000|unique=4062015|accepted=25206777|rate=22510.0/s|walker_min=43.269|walker_med=82.972|walker_max=95.231
STEP|n=704800000|unique=4062022|accepted=25206784|rate=22512.6/s|walker_min=49.539|walker_med=85.290|walker_max=94.971
STEP|n=704900000|unique=4062026|accepted=25206788|rate=22515.2/s|walker_min=45.562|walker_med=80.151|walker_max=94.470
STEP|n=705000000|unique=4062032|accepted=25206794|rate=22517.8/s|walker_min=37.548|walker_med=76.835|walker_max=95.219
STEP|n=705100000|unique=4062040|accepted=25206802|rate=22520.4/s|walker_min=43.332|walker_med=75.958|walker_max=95.151
STEP|n=705200000|unique=4062043|accepted=25206805|rate=22523.0/s|walker_min=29.549|walker_med=84.324|walker_max=94.741
STEP|n=705300000|unique=4062049|accepted=25206811|rate=22525.6/s|walker_min=41.876|walker_med=83.443|walker_max=94.672
STEP|n=705400000|unique=4062054|accepted=25206816|rate=22528.2/s|walker_min=57.024|walker_med=87.198|walker_max=95.099
STEP|n=705500000|unique=4062060|accepted=25206822|rate=22530.8/s|walker_min=57.610|walker_med=83.356|walker_max=95.190
STEP|n=705600000|unique=4062070|accepted=25206832|rate=22533.4/s|walker_min=63.244|walker_med=83.597|walker_max=94.386
STEP|n=705700000|unique=4062076|accepted=25206838|rate=22536.0/s|walker_min=58.170|walker_med=84.634|walker_max=94.598
STEP|n=705800000|unique=4062083|accepted=25206845|rate=22538.6/s|walker_min=43.923|walker_med=86.477|walker_max=95.193
STEP|n=705900000|unique=4062093|accepted=25206855|rate=22541.2/s|walker_min=50.936|walker_med=87.658|walker_max=95.086
STEP|n=706000000|unique=4062099|accepted=25206861|rate=22543.8/s|walker_min=76.648|walker_med=89.550|walker_max=94.974
STEP|n=706100000|unique=4062111|accepted=25206873|rate=22546.4/s|walker_min=64.970|walker_med=86.321|walker_max=95.031
STEP|n=706200000|unique=4062113|accepted=25206875|rate=22549.0/s|walker_min=49.744|walker_med=87.197|walker_max=95.181
STEP|n=706300000|unique=4062118|accepted=25206880|rate=22551.6/s|walker_min=47.342|walker_med=85.995|walker_max=95.107
STEP|n=706400000|unique=4062129|accepted=25206891|rate=22554.2/s|walker_min=61.682|walker_med=82.630|walker_max=94.995
STEP|n=706500000|unique=4062137|accepted=25206899|rate=22556.8/s|walker_min=71.504|walker_med=86.563|walker_max=94.157
STEP|n=706600000|unique=4062144|accepted=25206906|rate=22559.4/s|walker_min=57.680|walker_med=80.389|walker_max=94.158
STEP|n=706700000|unique=4062149|accepted=25206911|rate=22562.0/s|walker_min=57.478|walker_med=82.346|walker_max=94.715
STEP|n=706800000|unique=4062149|accepted=25206911|rate=22564.6/s|walker_min=48.685|walker_med=86.801|walker_max=95.276
STEP|n=706900000|unique=4062156|accepted=25206918|rate=22567.2/s|walker_min=40.168|walker_med=82.755|walker_max=95.065
STEP|n=707000000|unique=4062157|accepted=25206919|rate=22569.8/s|walker_min=48.630|walker_med=74.221|walker_max=92.485
STEP|n=707100000|unique=4062158|accepted=25206920|rate=22572.4/s|walker_min=48.392|walker_med=81.761|walker_max=94.644
STEP|n=707200000|unique=4062166|accepted=25206928|rate=22574.9/s|walker_min=52.472|walker_med=84.402|walker_max=95.261
STEP|n=707300000|unique=4062173|accepted=25206935|rate=22577.5/s|walker_min=62.174|walker_med=82.863|walker_max=94.881
STEP|n=707400000|unique=4062176|accepted=25206938|rate=22580.1/s|walker_min=62.304|walker_med=84.943|walker_max=95.020
STEP|n=707500000|unique=4062180|accepted=25206942|rate=22582.7/s|walker_min=68.130|walker_med=88.794|walker_max=95.264
STEP|n=707600000|unique=4062192|accepted=25206954|rate=22585.3/s|walker_min=61.874|walker_med=87.487|walker_max=95.105
STEP|n=707700000|unique=4062198|accepted=25206960|rate=22587.9/s|walker_min=68.905|walker_med=89.479|walker_max=95.073
STEP|n=707800000|unique=4062202|accepted=25206964|rate=22590.5/s|walker_min=54.792|walker_med=89.511|walker_max=94.946
STEP|n=707900000|unique=4062207|accepted=25206969|rate=22593.1/s|walker_min=47.636|walker_med=90.286|walker_max=94.978
STEP|n=708000000|unique=4062213|accepted=25206975|rate=22595.7/s|walker_min=57.398|walker_med=84.757|walker_max=95.175
STEP|n=708100000|unique=4062221|accepted=25206983|rate=22598.3/s|walker_min=64.095|walker_med=91.046|walker_max=95.236
STEP|n=708200000|unique=4062229|accepted=25206991|rate=22600.9/s|walker_min=59.137|walker_med=88.142|walker_max=95.232
STEP|n=708300000|unique=4062234|accepted=25206996|rate=22603.5/s|walker_min=65.582|walker_med=80.460|walker_max=92.294
STEP|n=708400000|unique=4062237|accepted=25206999|rate=22606.1/s|walker_min=68.439|walker_med=87.791|walker_max=95.257
STEP|n=708500000|unique=4062242|accepted=25207004|rate=22608.7/s|walker_min=66.130|walker_med=85.702|walker_max=95.227
STEP|n=708600000|unique=4062244|accepted=25207006|rate=22611.3/s|walker_min=47.164|walker_med=84.896|walker_max=95.158
STEP|n=708700000|unique=4062246|accepted=25207008|rate=22613.9/s|walker_min=61.319|walker_med=87.291|walker_max=94.964
STEP|n=708800000|unique=4062250|accepted=25207012|rate=22616.5/s|walker_min=57.873|walker_med=84.110|walker_max=95.226
STEP|n=708900000|unique=4062251|accepted=25207013|rate=22619.1/s|walker_min=41.640|walker_med=87.233|walker_max=94.777
STEP|n=709000000|unique=4062253|accepted=25207015|rate=22621.7/s|walker_min=40.878|walker_med=73.962|walker_max=93.895
STEP|n=709100000|unique=4062256|accepted=25207018|rate=22624.2/s|walker_min=46.580|walker_med=78.033|walker_max=91.710
STEP|n=709200000|unique=4062259|accepted=25207021|rate=22626.8/s|walker_min=32.093|walker_med=82.720|walker_max=94.289
STEP|n=709300000|unique=4062270|accepted=25207032|rate=22629.4/s|walker_min=55.150|walker_med=85.966|walker_max=94.788
STEP|n=709400000|unique=4062274|accepted=25207036|rate=22632.0/s|walker_min=40.929|walker_med=88.158|walker_max=95.131
STEP|n=709500000|unique=4062281|accepted=25207043|rate=22634.6/s|walker_min=59.463|walker_med=87.400|walker_max=94.806
STEP|n=709600000|unique=4062285|accepted=25207047|rate=22637.2/s|walker_min=39.373|walker_med=88.813|walker_max=95.255
STEP|n=709700000|unique=4062294|accepted=25207056|rate=22639.8/s|walker_min=60.458|walker_med=88.948|walker_max=95.075
STEP|n=709800000|unique=4062296|accepted=25207058|rate=22642.4/s|walker_min=64.555|walker_med=89.472|walker_max=95.139
STEP|n=709900000|unique=4062306|accepted=25207068|rate=22645.0/s|walker_min=72.693|walker_med=85.323|walker_max=95.133
STEP|n=710000000|unique=4062312|accepted=25207074|rate=22647.6/s|walker_min=60.882|walker_med=89.396|walker_max=94.753
STEP|n=710100000|unique=4062316|accepted=25207078|rate=22650.2/s|walker_min=60.545|walker_med=89.416|walker_max=94.787
STEP|n=710200000|unique=4062320|accepted=25207082|rate=22652.8/s|walker_min=57.878|walker_med=90.573|walker_max=94.812
STEP|n=710300000|unique=4062328|accepted=25207090|rate=22655.4/s|walker_min=58.983|walker_med=84.099|walker_max=95.198
STEP|n=710400000|unique=4062340|accepted=25207102|rate=22658.0/s|walker_min=54.209|walker_med=86.270|walker_max=95.145
STEP|n=710500000|unique=4062347|accepted=25207109|rate=22660.6/s|walker_min=55.003|walker_med=89.186|walker_max=93.934
STEP|n=710600000|unique=4062355|accepted=25207117|rate=22663.2/s|walker_min=67.637|walker_med=88.644|walker_max=95.101
STEP|n=710700000|unique=4062360|accepted=25207122|rate=22665.8/s|walker_min=54.955|walker_med=86.078|walker_max=94.845
STEP|n=710800000|unique=4062364|accepted=25207126|rate=22668.4/s|walker_min=43.423|walker_med=82.239|walker_max=94.639
STEP|n=710900000|unique=4062365|accepted=25207127|rate=22671.0/s|walker_min=46.056|walker_med=77.479|walker_max=94.208
STEP|n=711000000|unique=4062365|accepted=25207127|rate=22673.5/s|walker_min=46.487|walker_med=74.663|walker_max=95.058
STEP|n=711100000|unique=4062373|accepted=25207135|rate=22676.1/s|walker_min=32.200|walker_med=86.041|walker_max=94.969
STEP|n=711200000|unique=4062377|accepted=25207139|rate=22678.6/s|walker_min=49.125|walker_med=84.135|walker_max=94.969
STEP|n=711300000|unique=4062382|accepted=25207144|rate=22681.2/s|walker_min=61.722|walker_med=83.565|walker_max=94.529
STEP|n=711400000|unique=4062390|accepted=25207152|rate=22683.8/s|walker_min=62.230|walker_med=86.477|walker_max=94.864
STEP|n=711500000|unique=4062397|accepted=25207159|rate=22686.4/s|walker_min=68.563|walker_med=86.708|walker_max=95.186
STEP|n=711600000|unique=4062405|accepted=25207167|rate=22689.0/s|walker_min=56.705|walker_med=88.796|walker_max=95.239
STEP|n=711700000|unique=4062410|accepted=25207172|rate=22691.6/s|walker_min=68.486|walker_med=87.044|walker_max=95.130
STEP|n=711800000|unique=4062418|accepted=25207180|rate=22694.2/s|walker_min=64.846|walker_med=86.286|walker_max=94.150
STEP|n=711900000|unique=4062429|accepted=25207191|rate=22696.8/s|walker_min=63.256|walker_med=90.195|walker_max=95.025
STEP|n=712000000|unique=4062437|accepted=25207199|rate=22699.4/s|walker_min=57.688|walker_med=90.438|walker_max=94.884
STEP|n=712100000|unique=4062442|accepted=25207204|rate=22702.0/s|walker_min=71.156|walker_med=86.744|walker_max=94.913
STEP|n=712200000|unique=4062448|accepted=25207210|rate=22704.6/s|walker_min=58.483|walker_med=85.040|walker_max=92.587
STEP|n=712300000|unique=4062452|accepted=25207214|rate=22707.2/s|walker_min=51.869|walker_med=87.409|walker_max=95.193
STEP|n=712400000|unique=4062454|accepted=25207216|rate=22709.8/s|walker_min=60.547|walker_med=89.268|walker_max=95.188
STEP|n=712500000|unique=4062463|accepted=25207225|rate=22712.4/s|walker_min=54.887|walker_med=85.714|walker_max=94.043
STEP|n=712600000|unique=4062473|accepted=25207235|rate=22715.0/s|walker_min=55.161|walker_med=86.980|walker_max=94.876
STEP|n=712700000|unique=4062474|accepted=25207236|rate=22717.6/s|walker_min=59.511|walker_med=84.230|walker_max=94.712
STEP|n=712800000|unique=4062481|accepted=25207243|rate=22720.2/s|walker_min=40.690|walker_med=80.014|walker_max=94.645
STEP|n=712900000|unique=4062486|accepted=25207248|rate=22722.7/s|walker_min=50.134|walker_med=84.757|walker_max=95.146
STEP|n=713000000|unique=4062488|accepted=25207250|rate=22725.3/s|walker_min=38.755|walker_med=71.906|walker_max=94.881
STEP|n=713100000|unique=4062491|accepted=25207253|rate=22727.8/s|walker_min=63.417|walker_med=84.488|walker_max=94.904
STEP|n=713200000|unique=4062498|accepted=25207260|rate=22730.4/s|walker_min=41.100|walker_med=83.319|walker_max=95.232
STEP|n=713300000|unique=4062502|accepted=25207264|rate=22733.0/s|walker_min=55.405|walker_med=83.482|walker_max=95.194
STEP|n=713400000|unique=4062503|accepted=25207265|rate=22735.6/s|walker_min=54.106|walker_med=88.728|walker_max=95.138
STEP|n=713500000|unique=4062506|accepted=25207268|rate=22738.2/s|walker_min=52.965|walker_med=86.983|walker_max=94.927
STEP|n=713600000|unique=4062514|accepted=25207276|rate=22740.8/s|walker_min=47.128|walker_med=88.516|walker_max=94.754
STEP|n=713700000|unique=4062521|accepted=25207283|rate=22743.4/s|walker_min=64.048|walker_med=86.901|walker_max=95.276
STEP|n=713800000|unique=4062529|accepted=25207291|rate=22746.0/s|walker_min=70.596|walker_med=88.610|walker_max=95.053
STEP|n=713900000|unique=4062534|accepted=25207296|rate=22748.6/s|walker_min=66.078|walker_med=89.058|walker_max=95.016
STEP|n=714000000|unique=4062540|accepted=25207302|rate=22751.1/s|walker_min=63.047|walker_med=87.553|walker_max=95.082
STEP|n=714100000|unique=4062554|accepted=25207316|rate=22753.7/s|walker_min=65.432|walker_med=89.683|walker_max=94.958
STEP|n=714200000|unique=4062562|accepted=25207324|rate=22756.3/s|walker_min=56.545|walker_med=85.226|walker_max=94.478
STEP|n=714300000|unique=4062565|accepted=25207327|rate=22758.9/s|walker_min=45.940|walker_med=85.650|walker_max=94.063
STEP|n=714400000|unique=4062572|accepted=25207334|rate=22761.5/s|walker_min=66.924|walker_med=87.565|walker_max=94.523
STEP|n=714500000|unique=4062578|accepted=25207340|rate=22764.1/s|walker_min=70.952|walker_med=82.033|walker_max=95.005
STEP|n=714600000|unique=4062585|accepted=25207347|rate=22766.7/s|walker_min=71.382|walker_med=87.931|walker_max=95.255
STEP|n=714700000|unique=4062589|accepted=25207351|rate=22769.3/s|walker_min=42.205|walker_med=85.179|walker_max=95.271
STEP|n=714800000|unique=4062593|accepted=25207355|rate=22771.8/s|walker_min=45.841|walker_med=85.102|walker_max=95.222
STEP|n=714900000|unique=4062596|accepted=25207358|rate=22774.4/s|walker_min=39.178|walker_med=76.719|walker_max=93.474
STEP|n=715000000|unique=4062598|accepted=25207360|rate=22777.0/s|walker_min=52.175|walker_med=74.924|walker_max=92.773
STEP|n=715100000|unique=4062602|accepted=25207364|rate=22779.5/s|walker_min=35.208|walker_med=80.278|walker_max=93.359
STEP|n=715200000|unique=4062612|accepted=25207374|rate=22782.1/s|walker_min=58.512|walker_med=82.024|walker_max=94.788
STEP|n=715300000|unique=4062615|accepted=25207377|rate=22784.7/s|walker_min=39.029|walker_med=83.484|walker_max=92.338
STEP|n=715400000|unique=4062622|accepted=25207384|rate=22787.3/s|walker_min=46.786|walker_med=86.990|walker_max=95.197
STEP|n=715500000|unique=4062626|accepted=25207388|rate=22789.8/s|walker_min=64.067|walker_med=86.708|walker_max=95.177
STEP|n=715600000|unique=4062631|accepted=25207393|rate=22792.4/s|walker_min=73.584|walker_med=88.432|walker_max=94.847
STEP|n=715700000|unique=4062636|accepted=25207398|rate=22795.0/s|walker_min=53.184|walker_med=86.338|walker_max=94.379
STEP|n=715800000|unique=4062639|accepted=25207401|rate=22797.6/s|walker_min=67.387|walker_med=86.971|walker_max=94.439
STEP|n=715900000|unique=4062643|accepted=25207405|rate=22800.2/s|walker_min=61.733|walker_med=87.304|walker_max=94.565
STEP|n=716000000|unique=4062654|accepted=25207416|rate=22802.7/s|walker_min=65.977|walker_med=89.044|walker_max=95.100
STEP|n=716100000|unique=4062655|accepted=25207417|rate=22805.3/s|walker_min=57.260|walker_med=87.571|walker_max=94.409
STEP|n=716200000|unique=4062667|accepted=25207429|rate=22807.9/s|walker_min=67.181|walker_med=89.825|walker_max=95.091
STEP|n=716300000|unique=4062669|accepted=25207431|rate=22810.5/s|walker_min=64.575|walker_med=87.189|walker_max=95.123
STEP|n=716400000|unique=4062674|accepted=25207436|rate=22813.1/s|walker_min=55.725|walker_med=87.340|walker_max=95.241
STEP|n=716500000|unique=4062678|accepted=25207440|rate=22815.6/s|walker_min=69.325|walker_med=87.480|walker_max=95.047
STEP|n=716600000|unique=4062685|accepted=25207447|rate=22818.2/s|walker_min=50.658|walker_med=85.616|walker_max=94.329
STEP|n=716700000|unique=4062693|accepted=25207455|rate=22820.8/s|walker_min=62.056|walker_med=88.021|walker_max=95.012
STEP|n=716800000|unique=4062697|accepted=25207459|rate=22823.4/s|walker_min=44.957|walker_med=82.139|walker_max=93.762
STEP|n=716900000|unique=4062699|accepted=25207461|rate=22825.9/s|walker_min=31.237|walker_med=77.121|walker_max=92.525
STEP|n=717000000|unique=4062704|accepted=25207466|rate=22828.5/s|walker_min=46.202|walker_med=76.960|walker_max=93.326
STEP|n=717100000|unique=4062710|accepted=25207472|rate=22831.1/s|walker_min=30.778|walker_med=84.415|walker_max=94.857
STEP|n=717200000|unique=4062711|accepted=25207473|rate=22833.6/s|walker_min=64.180|walker_med=84.040|walker_max=94.016
STEP|n=717300000|unique=4062720|accepted=25207482|rate=22836.2/s|walker_min=66.538|walker_med=89.417|walker_max=94.717
STEP|n=717400000|unique=4062732|accepted=25207494|rate=22838.8/s|walker_min=58.133|walker_med=85.373|walker_max=94.793
STEP|n=717500000|unique=4062738|accepted=25207500|rate=22841.4/s|walker_min=75.271|walker_med=88.019|walker_max=95.036
STEP|n=717600000|unique=4062745|accepted=25207507|rate=22844.0/s|walker_min=53.292|walker_med=85.905|walker_max=95.227
STEP|n=717700000|unique=4062748|accepted=25207510|rate=22846.6/s|walker_min=61.864|walker_med=88.571|walker_max=94.685
STEP|n=717800000|unique=4062754|accepted=25207516|rate=22849.1/s|walker_min=59.981|walker_med=87.586|walker_max=95.165
STEP|n=717900000|unique=4062762|accepted=25207524|rate=22851.7/s|walker_min=65.644|walker_med=87.152|walker_max=95.166
STEP|n=718000000|unique=4062766|accepted=25207528|rate=22854.3/s|walker_min=53.320|walker_med=88.425|walker_max=95.182
STEP|n=718100000|unique=4062770|accepted=25207532|rate=22856.9/s|walker_min=60.068|walker_med=87.374|walker_max=94.922
STEP|n=718200000|unique=4062778|accepted=25207540|rate=22859.5/s|walker_min=51.966|walker_med=85.859|walker_max=95.080
STEP|n=718300000|unique=4062786|accepted=25207548|rate=22862.1/s|walker_min=47.221|walker_med=83.914|walker_max=94.997
STEP|n=718400000|unique=4062791|accepted=25207553|rate=22864.7/s|walker_min=60.184|walker_med=86.784|walker_max=94.826
STEP|n=718500000|unique=4062798|accepted=25207560|rate=22867.3/s|walker_min=45.948|walker_med=86.726|walker_max=93.608
STEP|n=718600000|unique=4062804|accepted=25207566|rate=22869.9/s|walker_min=50.085|walker_med=80.233|walker_max=94.450
STEP|n=718700000|unique=4062810|accepted=25207572|rate=22872.4/s|walker_min=63.179|walker_med=85.806|walker_max=94.487
STEP|n=718800000|unique=4062817|accepted=25207579|rate=22875.0/s|walker_min=57.291|walker_med=86.436|walker_max=94.507
STEP|n=718900000|unique=4062823|accepted=25207585|rate=22877.6/s|walker_min=39.148|walker_med=79.127|walker_max=94.245
STEP|n=719000000|unique=4062833|accepted=25207595|rate=22880.1/s|walker_min=46.242|walker_med=73.879|walker_max=94.729
STEP|n=719100000|unique=4062841|accepted=25207603|rate=22882.7/s|walker_min=31.894|walker_med=75.793|walker_max=94.699
STEP|n=719200000|unique=4062846|accepted=25207608|rate=22885.2/s|walker_min=54.418|walker_med=84.034|walker_max=94.968
STEP|n=719300000|unique=4062855|accepted=25207617|rate=22887.8/s|walker_min=44.534|walker_med=81.296|walker_max=94.701
STEP|n=719400000|unique=4062863|accepted=25207625|rate=22890.4/s|walker_min=48.724|walker_med=85.522|walker_max=94.844
STEP|n=719500000|unique=4062867|accepted=25207629|rate=22893.0/s|walker_min=56.838|walker_med=87.007|walker_max=94.652
STEP|n=719600000|unique=4062872|accepted=25207634|rate=22895.6/s|walker_min=60.753|walker_med=86.624|walker_max=94.887
STEP|n=719700000|unique=4062878|accepted=25207640|rate=22898.2/s|walker_min=65.301|walker_med=85.842|walker_max=95.064
STEP|n=719800000|unique=4062887|accepted=25207649|rate=22900.8/s|walker_min=58.802|walker_med=87.592|walker_max=95.143
STEP|n=719900000|unique=4062893|accepted=25207655|rate=22903.3/s|walker_min=50.189|walker_med=89.058|walker_max=95.107
STEP|n=720000000|unique=4062900|accepted=25207662|rate=22905.9/s|walker_min=58.906|walker_med=90.100|walker_max=95.195
STEP|n=720100000|unique=4062904|accepted=25207666|rate=22908.5/s|walker_min=52.971|walker_med=88.048|walker_max=94.728
STEP|n=720200000|unique=4062912|accepted=25207674|rate=22911.1/s|walker_min=47.150|walker_med=85.337|walker_max=95.001
STEP|n=720300000|unique=4062919|accepted=25207681|rate=22913.7/s|walker_min=39.729|walker_med=86.919|walker_max=94.962
STEP|n=720400000|unique=4062923|accepted=25207685|rate=22916.2/s|walker_min=60.576|walker_med=88.877|walker_max=95.225
STEP|n=720500000|unique=4062928|accepted=25207690|rate=22918.8/s|walker_min=42.423|walker_med=83.917|walker_max=94.944
STEP|n=720600000|unique=4062932|accepted=25207694|rate=22921.4/s|walker_min=51.712|walker_med=87.722|walker_max=94.254
STEP|n=720700000|unique=4062936|accepted=25207698|rate=22924.0/s|walker_min=60.155|walker_med=85.886|walker_max=95.220
STEP|n=720800000|unique=4062946|accepted=25207708|rate=22926.6/s|walker_min=44.831|walker_med=82.736|walker_max=95.264
STEP|n=720900000|unique=4062950|accepted=25207712|rate=22929.1/s|walker_min=33.272|walker_med=75.506|walker_max=94.462
STEP|n=721000000|unique=4062957|accepted=25207719|rate=22931.7/s|walker_min=44.788|walker_med=72.551|walker_max=93.953
STEP|n=721100000|unique=4062960|accepted=25207722|rate=22934.2/s|walker_min=45.837|walker_med=81.583|walker_max=94.466
STEP|n=721200000|unique=4062967|accepted=25207729|rate=22936.8/s|walker_min=57.479|walker_med=87.921|walker_max=95.245
STEP|n=721300000|unique=4062972|accepted=25207734|rate=22939.4/s|walker_min=51.915|walker_med=83.871|walker_max=95.138
STEP|n=721400000|unique=4062977|accepted=25207739|rate=22942.0/s|walker_min=60.429|walker_med=86.027|walker_max=94.947
STEP|n=721500000|unique=4062981|accepted=25207743|rate=22944.5/s|walker_min=53.168|walker_med=89.574|walker_max=94.834
STEP|n=721600000|unique=4062986|accepted=25207748|rate=22947.1/s|walker_min=66.577|walker_med=87.037|walker_max=95.144
STEP|n=721700000|unique=4062990|accepted=25207752|rate=22949.7/s|walker_min=50.286|walker_med=86.669|walker_max=94.719
STEP|n=721800000|unique=4063002|accepted=25207764|rate=22952.3/s|walker_min=44.222|walker_med=87.486|walker_max=95.266
STEP|n=721900000|unique=4063014|accepted=25207776|rate=22954.9/s|walker_min=67.471|walker_med=86.608|walker_max=94.780
STEP|n=722000000|unique=4063019|accepted=25207781|rate=22957.5/s|walker_min=48.876|walker_med=87.730|walker_max=95.097
STEP|n=722100000|unique=4063022|accepted=25207784|rate=22960.1/s|walker_min=70.120|walker_med=87.573|walker_max=94.856
STEP|n=722200000|unique=4063027|accepted=25207789|rate=22962.7/s|walker_min=62.882|walker_med=83.086|walker_max=94.556
STEP|n=722300000|unique=4063035|accepted=25207797|rate=22965.2/s|walker_min=55.840|walker_med=89.520|walker_max=95.115
STEP|n=722400000|unique=4063038|accepted=25207800|rate=22967.8/s|walker_min=58.508|walker_med=83.332|walker_max=95.117
STEP|n=722500000|unique=4063043|accepted=25207805|rate=22970.4/s|walker_min=64.709|walker_med=89.030|walker_max=94.813
STEP|n=722600000|unique=4063052|accepted=25207814|rate=22972.9/s|walker_min=57.086|walker_med=85.425|walker_max=95.121
STEP|n=722700000|unique=4063057|accepted=25207819|rate=22975.5/s|walker_min=48.176|walker_med=85.884|walker_max=94.819
STEP|n=722800000|unique=4063060|accepted=25207822|rate=22978.1/s|walker_min=58.357|walker_med=83.768|walker_max=94.268
STEP|n=722900000|unique=4063065|accepted=25207827|rate=22980.7/s|walker_min=33.732|walker_med=77.721|walker_max=95.141
STEP|n=723000000|unique=4063068|accepted=25207830|rate=22983.2/s|walker_min=42.724|walker_med=78.233|walker_max=95.016
STEP|n=723100000|unique=4063071|accepted=25207833|rate=22985.8/s|walker_min=53.694|walker_med=81.161|walker_max=93.876
STEP|n=723200000|unique=4063074|accepted=25207836|rate=22988.3/s|walker_min=51.212|walker_med=82.626|walker_max=94.946
STEP|n=723300000|unique=4063076|accepted=25207838|rate=22990.9/s|walker_min=59.230|walker_med=84.691|walker_max=95.210
STEP|n=723400000|unique=4063077|accepted=25207839|rate=22993.5/s|walker_min=61.061|walker_med=83.385|walker_max=95.280
STEP|n=723500000|unique=4063086|accepted=25207848|rate=22996.0/s|walker_min=50.853|walker_med=88.687|walker_max=95.158
STEP|n=723600000|unique=4063091|accepted=25207853|rate=22998.6/s|walker_min=42.622|walker_med=85.484|walker_max=94.399
STEP|n=723700000|unique=4063097|accepted=25207859|rate=23001.2/s|walker_min=57.965|walker_med=88.913|walker_max=95.179
STEP|n=723800000|unique=4063105|accepted=25207867|rate=23003.7/s|walker_min=58.587|walker_med=89.684|walker_max=95.223
STEP|n=723900000|unique=4063109|accepted=25207871|rate=23006.3/s|walker_min=60.014|walker_med=83.986|walker_max=95.208
STEP|n=724000000|unique=4063113|accepted=25207875|rate=23008.9/s|walker_min=65.738|walker_med=85.821|walker_max=95.007
STEP|n=724100000|unique=4063115|accepted=25207877|rate=23011.4/s|walker_min=35.933|walker_med=86.986|walker_max=95.161
STEP|n=724200000|unique=4063118|accepted=25207880|rate=23014.0/s|walker_min=56.227|walker_med=85.138|walker_max=95.136
STEP|n=724300000|unique=4063124|accepted=25207886|rate=23016.6/s|walker_min=62.782|walker_med=84.453|walker_max=94.175
STEP|n=724400000|unique=4063128|accepted=25207890|rate=23019.2/s|walker_min=57.141|walker_med=88.920|walker_max=95.266
STEP|n=724500000|unique=4063132|accepted=25207894|rate=23021.7/s|walker_min=50.087|walker_med=86.750|walker_max=94.643
STEP|n=724600000|unique=4063136|accepted=25207898|rate=23024.3/s|walker_min=57.715|walker_med=85.854|walker_max=95.281
STEP|n=724700000|unique=4063139|accepted=25207901|rate=23026.9/s|walker_min=48.711|walker_med=88.385|walker_max=95.079
STEP|n=724800000|unique=4063145|accepted=25207907|rate=23029.4/s|walker_min=54.808|walker_med=84.268|walker_max=95.166
STEP|n=724900000|unique=4063158|accepted=25207920|rate=23032.0/s|walker_min=33.363|walker_med=80.081|walker_max=95.229
STEP|n=725000000|unique=4063165|accepted=25207927|rate=23034.6/s|walker_min=38.928|walker_med=70.849|walker_max=92.510
STEP|n=725100000|unique=4063168|accepted=25207930|rate=23037.1/s|walker_min=41.375|walker_med=80.744|walker_max=95.010
STEP|n=725200000|unique=4063171|accepted=25207933|rate=23039.7/s|walker_min=59.525|walker_med=81.798|walker_max=94.913
STEP|n=725300000|unique=4063175|accepted=25207937|rate=23042.3/s|walker_min=54.996|walker_med=86.331|walker_max=93.982
STEP|n=725400000|unique=4063182|accepted=25207944|rate=23044.8/s|walker_min=73.613|walker_med=90.195|walker_max=94.964
STEP|n=725500000|unique=4063192|accepted=25207954|rate=23047.4/s|walker_min=64.028|walker_med=86.990|walker_max=95.169
STEP|n=725600000|unique=4063196|accepted=25207958|rate=23050.0/s|walker_min=51.763|walker_med=88.405|walker_max=93.663
STEP|n=725700000|unique=4063201|accepted=25207963|rate=23052.6/s|walker_min=57.551|walker_med=89.753|walker_max=94.875
STEP|n=725800000|unique=4063205|accepted=25207967|rate=23055.2/s|walker_min=60.780|walker_med=87.282|walker_max=94.151
STEP|n=725900000|unique=4063210|accepted=25207972|rate=23057.7/s|walker_min=55.488|walker_med=85.765|walker_max=94.967
STEP|n=726000000|unique=4063216|accepted=25207978|rate=23060.3/s|walker_min=70.756|walker_med=90.175|walker_max=95.044
STEP|n=726100000|unique=4063218|accepted=25207980|rate=23062.9/s|walker_min=48.854|walker_med=88.331|walker_max=95.099
STEP|n=726200000|unique=4063226|accepted=25207988|rate=23065.5/s|walker_min=57.554|walker_med=89.848|walker_max=95.196
STEP|n=726300000|unique=4063229|accepted=25207991|rate=23068.1/s|walker_min=60.154|walker_med=89.338|walker_max=95.126
STEP|n=726400000|unique=4063237|accepted=25207999|rate=23070.6/s|walker_min=67.890|walker_med=84.720|walker_max=95.188
STEP|n=726500000|unique=4063243|accepted=25208005|rate=23073.2/s|walker_min=63.915|walker_med=87.733|walker_max=94.382
STEP|n=726600000|unique=4063255|accepted=25208017|rate=23075.8/s|walker_min=55.961|walker_med=88.010|walker_max=95.024
STEP|n=726700000|unique=4063259|accepted=25208021|rate=23078.4/s|walker_min=64.515|walker_med=85.314|walker_max=95.104
STEP|n=726800000|unique=4063265|accepted=25208027|rate=23081.0/s|walker_min=50.021|walker_med=86.293|walker_max=95.246
STEP|n=726900000|unique=4063275|accepted=25208037|rate=23083.5/s|walker_min=54.608|walker_med=84.929|walker_max=92.600
STEP|n=727000000|unique=4063277|accepted=25208039|rate=23086.1/s|walker_min=33.639|walker_med=73.803|walker_max=92.772
STEP|n=727100000|unique=4063280|accepted=25208042|rate=23088.6/s|walker_min=42.018|walker_med=81.487|walker_max=94.704
STEP|n=727200000|unique=4063283|accepted=25208045|rate=23091.2/s|walker_min=56.490|walker_med=87.555|walker_max=95.270
STEP|n=727300000|unique=4063288|accepted=25208050|rate=23093.8/s|walker_min=62.979|walker_med=88.776|walker_max=95.237
STEP|n=727400000|unique=4063292|accepted=25208054|rate=23096.3/s|walker_min=51.839|walker_med=87.011|walker_max=95.086
STEP|n=727500000|unique=4063296|accepted=25208058|rate=23098.9/s|walker_min=63.273|walker_med=87.348|walker_max=94.977
STEP|n=727600000|unique=4063299|accepted=25208061|rate=23101.5/s|walker_min=56.074|walker_med=85.072|walker_max=93.986
