original_path	archived_path	sha256	kind
elliptic-curves/cas/analyze_anonymous_rank_candidate_v2.sage	archive/elliptic-curves/cas/analyze_anonymous_rank_candidate_v2.sage	b17e62488b565ae5f45be909602d53aabe0acc88cca7eec1bd089cc333ca8197	source-script
elliptic-curves/cas/analyze_anonymous_rank_candidate.sage	archive/elliptic-curves/cas/analyze_anonymous_rank_candidate.sage	f24d7bc366155d44ee4bfc9105ee5f7a28a9a66120781a66b0b8177013f0e38b	source-script
elliptic-curves/cas/analyze_icarm245_275_cross_shape_transport.sage	archive/elliptic-curves/cas/analyze_icarm245_275_cross_shape_transport.sage	47bec0e93c071349cfc0b732d3d642a72a206b4f6cade8ba7b2638638d23433c	source-script
elliptic-curves/cas/anonymous_rank_candidate.py	archive/elliptic-curves/cas/anonymous_rank_candidate.py	9a1748fe4c2d566b88db12ba4676558758f26d2abef11766cd5132c3ada5cf55	source-script
elliptic-curves/cas/audit_elkies_rank18_sources.py	archive/elliptic-curves/cas/audit_elkies_rank18_sources.py	af7d62fa9c040aa8b85db1df46de549b81b7608b3338877c5f8d753e3b5970d1	source-script
elliptic-curves/cas/audit_fermigier_component_mestre_02393128133175.sing	archive/elliptic-curves/cas/audit_fermigier_component_mestre_02393128133175.sing	69e960dfe70082c96f825253167d5c53f70d596c2f8e0fa360560023780bc109	source-script
elliptic-curves/cas/audit_kumar_kuwata_f6_galois.py	archive/elliptic-curves/cas/audit_kumar_kuwata_f6_galois.py	9fa338fda3675fbabee693813e1a1c80b629093905e6ff695489e6a267e1d4ed	source-script
elliptic-curves/cas/audit_mestre_conjugate_two_section_seed_relations.py	archive/elliptic-curves/cas/audit_mestre_conjugate_two_section_seed_relations.py	4670a13d867fcd9fd051a653819b70b1395c459a9afed2e7723aff4551ac1d54	source-script
elliptic-curves/cas/audit_mestre_diameter235_displayed_lattice.py	archive/elliptic-curves/cas/audit_mestre_diameter235_displayed_lattice.py	5d5c6f808fbb8079063f783b7f51a4de2d59b267e283434a7c6b17156cde6800	source-script
elliptic-curves/cas/audit_mestre_fermigier_two_section_intersection.py	archive/elliptic-curves/cas/audit_mestre_fermigier_two_section_intersection.py	f4d4cd851fab4bff4f471d0ad6b727ed1160d87873a252c5a015e33f4fa84bb2	source-script
elliptic-curves/cas/audit_mestre_multprime_seed_classification.py	archive/elliptic-curves/cas/audit_mestre_multprime_seed_classification.py	f8549c55bedf4a74a2a75b1de9627ce1b7eab2068043e059636e2930025dcd43	source-script
elliptic-curves/cas/audit_mestre_transverse_band_211_215.py	archive/elliptic-curves/cas/audit_mestre_transverse_band_211_215.py	a5b53ff4172d3435042305e0947d225ae1f3a7b89bac48de82f9e9940b5361fc	source-script
elliptic-curves/cas/audit_mestre_transverse_component_relations.py	archive/elliptic-curves/cas/audit_mestre_transverse_component_relations.py	e94db70209c08e0fd98f11e3b21eb2a8d74de7faa5c7d5e2a9cb553928f64cc6	source-script
elliptic-curves/cas/audit_mestre_transverse_conic_component_relations.py	archive/elliptic-curves/cas/audit_mestre_transverse_conic_component_relations.py	d292cbbcbaa4c7012123e21eee96d14f2effd7227a3b372c55c84a68bd69983a	source-script
elliptic-curves/cas/audit_mestre_transverse_two_section_specialization.py	archive/elliptic-curves/cas/audit_mestre_transverse_two_section_specialization.py	1326555b12026f375787c470e25ce9db703a40e52fa647c1bc784b86107c5e78	source-script
elliptic-curves/cas/audit_rank21_conductor_public_data.py	archive/elliptic-curves/cas/audit_rank21_conductor_public_data.py	43a917e8fe68ec57bf7dabae002e20da9dc752ab91d943a5464a50770ef7b3a6	source-script
elliptic-curves/cas/audit_rank30_public_sources.py	archive/elliptic-curves/cas/audit_rank30_public_sources.py	fa62ba70225122acdef4dca10fb2714ce7b85201729072fb0790ea0c56701f71	source-script
elliptic-curves/cas/batch_rank_triage.py	archive/elliptic-curves/cas/batch_rank_triage.py	fb9c6fa7341fa1277dddc68010e758947effa10b9f251e0afe9cf84872eb7dfc	source-script
elliptic-curves/cas/certify_kihara_rank14_basis.py	archive/elliptic-curves/cas/certify_kihara_rank14_basis.py	85b84023ca0dda8ddde8a3bc89a4e936a2b7621d1809a9e7b899221983e8030f	source-script
elliptic-curves/cas/certify_mestre_02136217261290_t2_rank15.py	archive/elliptic-curves/cas/certify_mestre_02136217261290_t2_rank15.py	bacc7f735c86d81adaac1bb0d5c1916f8120f79b2f12f33c2b720418358bc06e	source-script
elliptic-curves/cas/certify_mestre_02557104116148_t62_35_rank16.py	archive/elliptic-curves/cas/certify_mestre_02557104116148_t62_35_rank16.py	d722996d7648bcc5bdb0bf0e6322d447bb296c64cb2f617f74cf5df477c7a06e	source-script
elliptic-curves/cas/certify_mestre_0647557080_t8_rank13.py	archive/elliptic-curves/cas/certify_mestre_0647557080_t8_rank13.py	b4eb1e0c911310bf7d97e5835532c0c83d5b7ff363f526488a331fa8c4734747	source-script
elliptic-curves/cas/certify_mestre_rank15_2731_36.py	archive/elliptic-curves/cas/certify_mestre_rank15_2731_36.py	c872e93e8f9b951a40df0d6a4a95edbe359b5e2dab045b16d120b882b81e8cad	source-script
elliptic-curves/cas/certify_mestre_rank15_490_9.py	archive/elliptic-curves/cas/certify_mestre_rank15_490_9.py	622f0d563f7b34d9a06635d79da992066b86b3797dff3f496c7b7959c8f7bd12	source-script
elliptic-curves/cas/certify_nagao_rank21_t6793.py	archive/elliptic-curves/cas/certify_nagao_rank21_t6793.py	ae85c61919ed79f58b0580b9cdc31df72deb694bf8b2269efe267232ff83d484	source-script
elliptic-curves/cas/compare_score_cutoffs.py	archive/elliptic-curves/cas/compare_score_cutoffs.py	cf0977206585b2fdd743097f458dc2b88cc5fa0e622e31fe0ea9ccb80eb524cd	source-script
elliptic-curves/cas/derive_kihara_rank14_identities.py	archive/elliptic-curves/cas/derive_kihara_rank14_identities.py	a97a8ded98be98231bdc8c253ae08ee67a7532cdd58716c60687f3a298efc89c	source-script
elliptic-curves/cas/diagnose_anonymous_rank.py	archive/elliptic-curves/cas/diagnose_anonymous_rank.py	2ac5ea8b8911b11fc1c886f9df9891aa491765e556d249f8fdbf72881db634f6	source-script
elliptic-curves/cas/enumerate_mestre_root_tuples_scale_band.cpp	archive/elliptic-curves/cas/enumerate_mestre_root_tuples_scale_band.cpp	8850cd5baf54f626041b4060d818ebd4b8d788e88d6e94213a79e409be7f281c	source-script
elliptic-curves/cas/enumerate_mestre_root_tuples_scale_max200.cpp	archive/elliptic-curves/cas/enumerate_mestre_root_tuples_scale_max200.cpp	56f5111765315fefea45628066a2971894bb963469d48823f08b717ba91c0c3a	source-script
elliptic-curves/cas/enumerate_mestre_root_tuples_scale_max300.cpp	archive/elliptic-curves/cas/enumerate_mestre_root_tuples_scale_max300.cpp	9b5c939638ca3b1193088434f3c5c386915d049068c9d6c0d13febd059a02d7d	source-script
elliptic-curves/cas/enumerate_mestre_root_tuples_scale.cpp	archive/elliptic-curves/cas/enumerate_mestre_root_tuples_scale.cpp	31650333800698201819eddc91bf228089824bca026c629c9360683324a69eb5	source-script
elliptic-curves/cas/exhaustive_multiple_root_height.py	archive/elliptic-curves/cas/exhaustive_multiple_root_height.py	16108f104a2bc5f53c85b4e2aedcee3dc12d2bef124045ee07a5fd1d4697639c	source-script
elliptic-curves/cas/explicit_formula_mestre_02136217261290_t2_delta22.py	archive/elliptic-curves/cas/explicit_formula_mestre_02136217261290_t2_delta22.py	27965afe7551bb35ec231428b3cf4355445fbcd4893bd75a7b0de190e000934f	source-script
elliptic-curves/cas/explicit_formula_mestre_02557104116148_t62_35_delta22.py	archive/elliptic-curves/cas/explicit_formula_mestre_02557104116148_t62_35_delta22.py	f6391b19c2f7070834bfa2dfa25ac41e4cd5cf76a7864c7590043a2a182d6b25	source-script
elliptic-curves/cas/explicit_formula_mestre_rank15_2731_36_delta22.py	archive/elliptic-curves/cas/explicit_formula_mestre_rank15_2731_36_delta22.py	dff0f8f1ccc3346fd310ae997944cae3b0b8f54a8d4a6b3cc903a8f043ef2139	source-script
elliptic-curves/cas/explicit_formula_rank18_t6629_delta22.py	archive/elliptic-curves/cas/explicit_formula_rank18_t6629_delta22.py	088d30a64a0fdd04dddc5d753b3fa16ceffa75ff245f29a6802a2b54488a24f2	source-script
elliptic-curves/cas/explicit_formula_rank20_t5081.py	archive/elliptic-curves/cas/explicit_formula_rank20_t5081.py	e44d1a1925e8c16149abcb417468880df120ed111dd2308f0d6c590c2022278e	source-script
elliptic-curves/cas/explicit_formula_section7_rank17.py	archive/elliptic-curves/cas/explicit_formula_section7_rank17.py	ee72dfe7bfaa37906f12feeec0a842db6f3bbfb8ded5f5b577cb4038cbb779f6	source-script
elliptic-curves/cas/export_nagao_published_rank21_gram.py	archive/elliptic-curves/cas/export_nagao_published_rank21_gram.py	85491521d5d17274164115e75bfd9009f4ae4968ed7ac8d24a73fe7414625cd3	source-script
elliptic-curves/cas/export_nagao_section7_auxiliary_group_orbit_stream.py	archive/elliptic-curves/cas/export_nagao_section7_auxiliary_group_orbit_stream.py	775ea22e7d50858780de0f6ca7fa18ec576f4ead8285aebeb8fa82f1cc660b64	source-script
elliptic-curves/cas/export_nagao_t6793_height_gram.py	archive/elliptic-curves/cas/export_nagao_t6793_height_gram.py	7ba92323e63d79301189342aaf08457e7405603b01bdc9373217099f6aa61eb3	source-script
elliptic-curves/cas/extend_mestre_root_tuple_scale_max300_second_tranche.py	archive/elliptic-curves/cas/extend_mestre_root_tuple_scale_max300_second_tranche.py	36c6ab80b8d92604b14a34ae4f332f67ca89f6aabafa2bcd31a95fe6269c0126	source-script
elliptic-curves/cas/extend_nagao_section7_a10_genus2.py	archive/elliptic-curves/cas/extend_nagao_section7_a10_genus2.py	ddfae9a45b7dc203501fff70cfa8eb67cd23b52bd31ce8ed6f12f258169d06c2	source-script
elliptic-curves/cas/extend_nagao_u118_height.py	archive/elliptic-curves/cas/extend_nagao_u118_height.py	ea684f5353c6376f96d78d5b3cdd37127e376cfcbf18ac73bdbc76a4fc752ad1	source-script
elliptic-curves/cas/icarm_curve90.py	archive/elliptic-curves/cas/icarm_curve90.py	01e69c47ef9d86d1aa26cf218c7dc842535a8626d4f3c64b20b1caf997ec74b5	source-script
elliptic-curves/cas/mestre_affine_section_elimination.sing	archive/elliptic-curves/cas/mestre_affine_section_elimination.sing	db8bcf3a9115d3f0a2df26c02999cb0fb63d5464b3f828b73b2d3d9823f80dd7	source-script
elliptic-curves/cas/newfamily/calibrate_unseeded_search_height.py	archive/elliptic-curves/cas/newfamily/calibrate_unseeded_search_height.py	19c6ca531518b3d61cfcbfb36d7a746429446c95f1ea1bf8caf24cd83721aab5	source-script
elliptic-curves/cas/newfamily/picard_prime_plan.py	archive/elliptic-curves/cas/newfamily/picard_prime_plan.py	9ba08eb9a70290997d6f159a980b7cf0eb782b37baf529fef8fa0d945aeb2dd5	source-script
elliptic-curves/cas/newfamily/picard_probe.py	archive/elliptic-curves/cas/newfamily/picard_probe.py	3f83d51e86b0877275f3811189eb7c259eae72bde040e4986cc480a98c790712	source-script
elliptic-curves/cas/newfamily/picard_root_scan.py	archive/elliptic-curves/cas/newfamily/picard_root_scan.py	7668fe3dd6d67e68b87974cadcff3dba68a8a4ba369cc534a36675a961695761	source-script
elliptic-curves/cas/newfamily/screen_seeded_rational_candidates.py	archive/elliptic-curves/cas/newfamily/screen_seeded_rational_candidates.py	5b7bebab202e8d5114aede9167a5d4cc4b30f9bf64cc1216734a828ea4341e07	source-script
elliptic-curves/cas/newfamily/search_seeded_rank_gain.py	archive/elliptic-curves/cas/newfamily/search_seeded_rank_gain.py	ee87d31c2b1877c7d81d377fea1b7fd07fae8354afc528cb65be09bab4622485	source-script
elliptic-curves/cas/newfamily/twist_decomposition.py	archive/elliptic-curves/cas/newfamily/twist_decomposition.py	73eb59dbdb04c8c312ff69472a6c93f416b792097da41cb4f8552c6a65d2fcf6	source-script
elliptic-curves/cas/normalize_elkies_klagsbrun_rank30_companion_center_sieve_b500000.py	archive/elliptic-curves/cas/normalize_elkies_klagsbrun_rank30_companion_center_sieve_b500000.py	7667478455c17eeb153f08802ab1a2b78f9feb0512f37edddbd1259a34d75727	source-script
elliptic-curves/cas/normalize_elkies_klagsbrun_rank30_denominator_sieve_b500000.py	archive/elliptic-curves/cas/normalize_elkies_klagsbrun_rank30_denominator_sieve_b500000.py	ef64f98658079c698290f05ac0a6fad5187b597a6ed4e7dd017a73788e94a0f5	source-script
elliptic-curves/cas/prepare_curve273_short_vectors.py	archive/elliptic-curves/cas/prepare_curve273_short_vectors.py	835804294bd3620c047a82fb0a4908f7f79074095c634196e292dd8171043fb0	source-script
elliptic-curves/cas/probe_curve273_crt_cycle.py	archive/elliptic-curves/cas/probe_curve273_crt_cycle.py	647377b6c91b13eaeaf3db5c195e57ecfd156f01504e6ed36270f1724fa685f3	source-script
elliptic-curves/cas/probe_curve273_multi_special_q.py	archive/elliptic-curves/cas/probe_curve273_multi_special_q.py	79a02fc183478e34ad8b84e4aad3f44384778e5b0e396643ac1c1a6dbd87609d	source-script
elliptic-curves/cas/probe_curve273_root_smoothness.py	archive/elliptic-curves/cas/probe_curve273_root_smoothness.py	36b1104049b44693f1aaf0a22887bd834caa60ab36d93499afe9482f24004c44	source-script
elliptic-curves/cas/probe_curve273_special_q.py	archive/elliptic-curves/cas/probe_curve273_special_q.py	f53e5be6d7bfcb81280a5de4fec58225d51d502738f6ef20fb5b274c74f838b1	source-script
elliptic-curves/cas/probe_mestre_conjugate_two_section_germ.py	archive/elliptic-curves/cas/probe_mestre_conjugate_two_section_germ.py	43057faa5bcb95279b70423c49cf5445a8db778add694fecdb570aa509b79dbc	source-script
elliptic-curves/cas/probe_mestre_transverse_two_section.py	archive/elliptic-curves/cas/probe_mestre_transverse_two_section.py	f01899de8446ce5796433da14e8298662592d83afcc6de4d9c095875127f63b7	source-script
elliptic-curves/cas/run_curve273_mod2_relations.py	archive/elliptic-curves/cas/run_curve273_mod2_relations.py	901399f7e05a6c025cbf20acb73fd3e7d33997a4113827b746bc523ee180b38c	source-script
elliptic-curves/cas/scan_fermigier_global.cpp	archive/elliptic-curves/cas/scan_fermigier_global.cpp	a8efe31a5440a8a0fa69f1b51598ff7396ae727dedb0f46625ba27ca7472ea31	source-script
elliptic-curves/cas/scan_mestre_02136217261290_t2_neighborhood.cpp	archive/elliptic-curves/cas/scan_mestre_02136217261290_t2_neighborhood.cpp	b1ffda487851260a302c5d9a28bcf7e529a74f28f25ff1cccd03785144f0a76f	source-script
elliptic-curves/cas/scan_mestre_02557104116148_direct_rational.cpp	archive/elliptic-curves/cas/scan_mestre_02557104116148_direct_rational.cpp	3c3165b1a847106f6ef6ee0534e6fe9bf392885595aca4e7daa00aa8c7f25a54	source-script
elliptic-curves/cas/scan_mestre_02557104116148_t62_35_neighborhood.cpp	archive/elliptic-curves/cas/scan_mestre_02557104116148_t62_35_neighborhood.cpp	ebfd72712915799d4d2c4675cafd3fa835cb05f6c5c3b55a5e755d4ffdc8e05f	source-script
elliptic-curves/cas/scan_mestre_0430313946.cpp	archive/elliptic-curves/cas/scan_mestre_0430313946.cpp	010a3c50b058d9f2256a50e68347c86fe8e59a52e088022d7205334459fe883a	source-script
elliptic-curves/cas/scan_mestre_0649738296_rational.cpp	archive/elliptic-curves/cas/scan_mestre_0649738296_rational.cpp	af3d4c09c78115a6962edc77968d04c0bd2fdc40dbb3ff3e0767c6386e64eb8f	source-script
elliptic-curves/cas/scan_mestre_rank13_multifamily.cpp	archive/elliptic-curves/cas/scan_mestre_rank13_multifamily.cpp	e4363bd5bc03995eec9edd14710a08868073e3af88ced4874125ab7e3a30ff9d	source-script
elliptic-curves/cas/scan_mestre_rank14_pair.cpp	archive/elliptic-curves/cas/scan_mestre_rank14_pair.cpp	85769ce09a991f974f271f4e3913dbc34186a0ca3ba8ac38f84cad5a53b08330	source-script
elliptic-curves/cas/scan_mestre_rank15_annulus.cpp	archive/elliptic-curves/cas/scan_mestre_rank15_annulus.cpp	545bee442bedf6750f51e36d727e1202a7e3477ac1de9a515f551930e4ba4479	source-script
elliptic-curves/cas/scan_nagao_section7_global.cpp	archive/elliptic-curves/cas/scan_nagao_section7_global.cpp	fd3d9b436ccd0a1920d6df214c118d6283be5bdf5986b9f6ac4163f072e52e7f	source-script
elliptic-curves/cas/score_mestre_dsquare_four.cpp	archive/elliptic-curves/cas/score_mestre_dsquare_four.cpp	5ef33ae581e08c5250d109f624fff827d4ff370ea74192d30a8f24393d7bd845	source-script
elliptic-curves/cas/screen_mestre_fermigier_two_section_component_escape.py	archive/elliptic-curves/cas/screen_mestre_fermigier_two_section_component_escape.py	f1b9098c908312cb69286a22f3728e7e4524004c4c9b706e07e77e930b9b4afa	source-script
elliptic-curves/cas/screen_mestre_transverse_component_independence.py	archive/elliptic-curves/cas/screen_mestre_transverse_component_independence.py	8b31215577b0e5f19ad1b2216ce411279272c71405bee53876874a1b4955d5c1	source-script
elliptic-curves/cas/screen_mestre_transverse_conic_component_independence.py	archive/elliptic-curves/cas/screen_mestre_transverse_conic_component_independence.py	30dd913394f5c28f34249599c57919b6979ad24e8306aecc5c20d0680fb6c3e5	source-script
elliptic-curves/cas/screen_mestre_two_section_transverse_band.py	archive/elliptic-curves/cas/screen_mestre_two_section_transverse_band.py	5f4fbf93c0609268ae8be230103c4f6fb489c7028e10cb319673c09d5e0cba46	source-script
elliptic-curves/cas/screen_multiple_root_frontier.py	archive/elliptic-curves/cas/screen_multiple_root_frontier.py	f228a71ceb40087224fcaa99874631972d212773f8cd76f84d9908704acf631d	source-script
elliptic-curves/cas/search_anonymous_denominator_sieve.py	archive/elliptic-curves/cas/search_anonymous_denominator_sieve.py	883ad7dbdd991a72f37e40ec1e74e78729a8235281ffa2a5c22ce47cb01395f8	source-script
elliptic-curves/cas/search_anonymous_initial_points.py	archive/elliptic-curves/cas/search_anonymous_initial_points.py	0631b9af81b74c5bb15aae8ca0fb6d5ee3961b8f354c9950a34a6dad92fcc368	source-script
elliptic-curves/cas/search_crt_lattice.py	archive/elliptic-curves/cas/search_crt_lattice.py	4753e446d82d9cd1308c79d9617bc3abc383bbae1798324ec5524fcd47abf2b2	source-script
elliptic-curves/cas/search_curve273_rank31_alternate_short_covers.py	archive/elliptic-curves/cas/search_curve273_rank31_alternate_short_covers.py	60854a19d357084dc68ca102115c023072bce5fabea59103a8334cd470751a81	source-script
elliptic-curves/cas/search_curve273_rank31_short_lattice.py	archive/elliptic-curves/cas/search_curve273_rank31_short_lattice.py	088ee8af063f6444347f8d5e21c666fb0def567c847f248b7ce1d466984a884c	source-script
elliptic-curves/cas/search_discovered_local_conditions.py	archive/elliptic-curves/cas/search_discovered_local_conditions.py	cca7dbb276e7697189d690efb51f5a0b2b246d066058b83baf72376385f50eea	source-script
elliptic-curves/cas/search_elkies_klagsbrun_rank30_alternate_covers.py	archive/elliptic-curves/cas/search_elkies_klagsbrun_rank30_alternate_covers.py	0efa701a52d04bb1cd8c03344b12d69c0339cdf8daa89e048927b4337bb88207	source-script
elliptic-curves/cas/search_elkies_klagsbrun_rank30_companion_center_sieve.py	archive/elliptic-curves/cas/search_elkies_klagsbrun_rank30_companion_center_sieve.py	89f63d500bdea8b3b6602d4321b2395f76740c0123e6583cb9adce8baf91e680	source-script
elliptic-curves/cas/search_elkies_klagsbrun_rank30_denominator_sieve.py	archive/elliptic-curves/cas/search_elkies_klagsbrun_rank30_denominator_sieve.py	73d46aa761e912feee18667a7ffea240db9a211ce9401ec73b8722fe54f09878	source-script
elliptic-curves/cas/search_elkies_klagsbrun_rank30_higher_weight_covers.py	archive/elliptic-curves/cas/search_elkies_klagsbrun_rank30_higher_weight_covers.py	15142cb6aeac9238e74ba6bc083bedee7ca7b71d205fe014ed1b72444b9aa529	source-script
elliptic-curves/cas/search_elkies_klagsbrun_rank30_offset_annulus.py	archive/elliptic-curves/cas/search_elkies_klagsbrun_rank30_offset_annulus.py	2d4f7570b2b712d72cd509b832ecd39d3e203a97e6b51493c03b56d54144a243	source-script
elliptic-curves/cas/search_elkies_klagsbrun_rank30_subgroup_center_remainder_sieve.py	archive/elliptic-curves/cas/search_elkies_klagsbrun_rank30_subgroup_center_remainder_sieve.py	164c7e708faea20e48797bfeb820f03f8ef6cf4cbcd96bced4e31f3f059dddab	source-script
elliptic-curves/cas/search_elkies_klagsbrun_rank30_subgroup_center_sieve.py	archive/elliptic-curves/cas/search_elkies_klagsbrun_rank30_subgroup_center_sieve.py	ddcc4b314a21809c56c87caa55d13a5bc595f09b11b9b6765a454c8632d018ab	source-script
elliptic-curves/cas/search_elkies_klagsbrun_rank30_weight3_center_sieve.py	archive/elliptic-curves/cas/search_elkies_klagsbrun_rank30_weight3_center_sieve.py	eca68046aec19919d3c01c884e717322e7cdedf4e425710fe80dec5ff6d16afc	source-script
elliptic-curves/cas/search_elkies_klagsbrun_rank30.py	archive/elliptic-curves/cas/search_elkies_klagsbrun_rank30.py	7efb24400ae77dbe09da4c4225e19cf68c3e5f25ef9795267dd9fe323d68cb26	source-script
elliptic-curves/cas/search_fermigier_global.py	archive/elliptic-curves/cas/search_fermigier_global.py	8d0f534328464a41337c308fa8718bf6a3b3b584f2528f887fa65912849a0aab	source-script
elliptic-curves/cas/search_fermigier_published_pair_fiber_products_h1000000_charts.py	archive/elliptic-curves/cas/search_fermigier_published_pair_fiber_products_h1000000_charts.py	c24323961ab2877e57e1efbf61cd73efafb2aa18f05bb3e3206a5328942b2e35	source-script
elliptic-curves/cas/search_fermigier_published_pair_fiber_products_h1000000.py	archive/elliptic-curves/cas/search_fermigier_published_pair_fiber_products_h1000000.py	9aeac3f4b2640ebf46819b4349ff4304ee9bd602eca2c0c744dce2e4b4c5a9f0	source-script
elliptic-curves/cas/search_fermigier_published_pair_fiber_products_h50000.py	archive/elliptic-curves/cas/search_fermigier_published_pair_fiber_products_h50000.py	2d5523e16444f08406e23e596c57198cc9a805cbcaf316f197dc47ca664c53c1	source-script
elliptic-curves/cas/search_fermigier_published_pair_fiber_products.py	archive/elliptic-curves/cas/search_fermigier_published_pair_fiber_products.py	9385499d9a3cf05b5a04ecc6133b8233cb12a7e057026e38a13ff33ef9fde21c	source-script
elliptic-curves/cas/search_fermigier_rank22_auxiliary_orbits.py	archive/elliptic-curves/cas/search_fermigier_rank22_auxiliary_orbits.py	d8b2e69b409cb0e5097324c804b1c065f3a0ec28f1cf2d3e7abd4e4d9ef4c4e5	source-script
elliptic-curves/cas/search_fermigier_rank22_missing_preimage_slices.py	archive/elliptic-curves/cas/search_fermigier_rank22_missing_preimage_slices.py	b75d3034848a664e6ba08d045137dde18a8805a4008f84d259d1143aa67ea1d3	source-script
elliptic-curves/cas/search_fermigier_rank22_multislope_collisions.py	archive/elliptic-curves/cas/search_fermigier_rank22_multislope_collisions.py	e40c969cf6b67911ae0b8ef6cc545f95876ef588ff95410281bd45f1e59365bf	source-script
elliptic-curves/cas/search_fermigier_rank22_record_group_directions.py	archive/elliptic-curves/cas/search_fermigier_rank22_record_group_directions.py	921aeb1eb1193d9f4dba98d7b381d17a28004e15ff114bc06919c42f6a622e28	source-script
elliptic-curves/cas/search_fermigier_rank22_record_group_quads.py	archive/elliptic-curves/cas/search_fermigier_rank22_record_group_quads.py	96213612a758efb60961bcaf5ba9882ffc51cf8c78f19c5bc704a3ddd32c972a	source-script
elliptic-curves/cas/search_fermigier_rank22_record_group_triples_remainder.py	archive/elliptic-curves/cas/search_fermigier_rank22_record_group_triples_remainder.py	c3cfe703bf2659e8ff5deea574aabdcf025a72d4e91276b8eb06837a88968f82	source-script
elliptic-curves/cas/search_fermigier_rank22_record_group_triples.py	archive/elliptic-curves/cas/search_fermigier_rank22_record_group_triples.py	f28040e5643ccc9f3336f60de23e2d67802052a5f234bcc2e2b8567c3c2a2a8c	source-script
elliptic-curves/cas/search_fermigier_record_residue_deep_tranche.py	archive/elliptic-curves/cas/search_fermigier_record_residue_deep_tranche.py	4520daee70358ae147038a109f2276ff1d10705cb3b6137d4171b254e0c5ea06	source-script
elliptic-curves/cas/search_fermigier_t2429_two_source_collisions.py	archive/elliptic-curves/cas/search_fermigier_t2429_two_source_collisions.py	d4de344507f208c489732288fef3eb5595a7797ebfed5c678f391c11dfba67db	source-script
elliptic-curves/cas/search_icarm_curve226_accidental_slices.py	archive/elliptic-curves/cas/search_icarm_curve226_accidental_slices.py	94d7dc674597029a52057859ddbc31222c65b5e675c68381363843434a6e3563	source-script
elliptic-curves/cas/search_icarm_curve243_accidental_slices.py	archive/elliptic-curves/cas/search_icarm_curve243_accidental_slices.py	7877f2e13080b20a6819893be9194b2778d136eeb0583e661ca849db04f8750e	source-script
elliptic-curves/cas/search_icarm_curve245_accidental_slices.py	archive/elliptic-curves/cas/search_icarm_curve245_accidental_slices.py	812d04786a2d176ccbc75864747d4249f412f8adc689a2c08d9b8ffb8e22e01e	source-script
elliptic-curves/cas/search_icarm_curve245_mestre_neighborhood.py	archive/elliptic-curves/cas/search_icarm_curve245_mestre_neighborhood.py	aba9868ad20e6a0ecdfbf8e53767c083515c8f6d86229edf66d249ae27cdee59	source-script
elliptic-curves/cas/search_icarm_curve273_rank31.py	archive/elliptic-curves/cas/search_icarm_curve273_rank31.py	386cb1c749b4ac4a0760b19d47ff61ca6ef3e7c0d7898a4ccff818dec75eebe1	source-script
elliptic-curves/cas/search_kihara_rank14_specializations.py	archive/elliptic-curves/cas/search_kihara_rank14_specializations.py	4f2a251e4fbe6d5a8214570cde7e48a2be83dded28b30a05b5fbd98b4715f98e	source-script
elliptic-curves/cas/search_mestre_02136217261290_t2_rational_neighborhood.py	archive/elliptic-curves/cas/search_mestre_02136217261290_t2_rational_neighborhood.py	49a1d88ced4ba5eccb18126aabaf2a929df5e2598dab6d6c900efd4df7e9ba0d	source-script
elliptic-curves/cas/search_mestre_02393128133175_basechange_alternate.py	archive/elliptic-curves/cas/search_mestre_02393128133175_basechange_alternate.py	e7c3ffd981425e9f7935ad8d9560c837aaebfa7e3d09cff0630c4a104eb96ccc	source-script
elliptic-curves/cas/search_mestre_02393128133175_basechange_crt.py	archive/elliptic-curves/cas/search_mestre_02393128133175_basechange_crt.py	89fb58d45d043d02f7f8a4da6aca1cc3312e97ea52667da51787c0823d2f18a2	source-script
elliptic-curves/cas/search_mestre_02557104116148_t62_35_neighborhood.py	archive/elliptic-curves/cas/search_mestre_02557104116148_t62_35_neighborhood.py	30fc0d0318ed85212a7cd93e1f213db9fab4600637f07a607fac0678bf2819a5	source-script
elliptic-curves/cas/search_mestre_0430313946_power_crt.py	archive/elliptic-curves/cas/search_mestre_0430313946_power_crt.py	65016b98307317acde67b6c53eb8f26aa5050e85185d187609ea80fbcc7dfd5f	source-script
elliptic-curves/cas/search_mestre_0649738296_rational.py	archive/elliptic-curves/cas/search_mestre_0649738296_rational.py	16eb2bfd0e43afc2fb801dc6bf319c0f604ae060230eafe12f4c8b93c0b2ac8c	source-script
elliptic-curves/cas/search_mestre_family2_t115_78_alternate_covers.py	archive/elliptic-curves/cas/search_mestre_family2_t115_78_alternate_covers.py	af9d670220157cd4042105cc1ea86741dec5a855051219c9e3c6b115e7f7a579	source-script
elliptic-curves/cas/search_mestre_rank13_multifamily_rational.py	archive/elliptic-curves/cas/search_mestre_rank13_multifamily_rational.py	cc16c8aeaa2319eb009be5ea6e6b58f041ba646e147b6786ac7ace5e11895335	source-script
elliptic-curves/cas/search_mestre_rank15_2731_36_alternate_covers.py	archive/elliptic-curves/cas/search_mestre_rank15_2731_36_alternate_covers.py	b620feba3a8c2347d3de2bc2731f3d04490b6e315609d2f590cb676dd2d119c4	source-script
elliptic-curves/cas/search_mestre_rank15_490_9_outside_neighborhood.py	archive/elliptic-curves/cas/search_mestre_rank15_490_9_outside_neighborhood.py	389251651e9b352e70152ff7f4f9bcadf933e576956f467f11d6347a2bd6cc50	source-script
elliptic-curves/cas/search_mestre_rank15_annulus.py	archive/elliptic-curves/cas/search_mestre_rank15_annulus.py	64958776e7e642f74157b77f5accd270a5871936a860b39012f6dec8023c5b9a	source-script
elliptic-curves/cas/search_mestre_root_tuple_scale_max100_complete.py	archive/elliptic-curves/cas/search_mestre_root_tuple_scale_max100_complete.py	5fefa372dca3563bedef08a55b1adad8c7db26c5161db38faa89a2e12d59ef6c	source-script
elliptic-curves/cas/search_mestre_root_tuple_scale_max300_second_tranche.py	archive/elliptic-curves/cas/search_mestre_root_tuple_scale_max300_second_tranche.py	a03456a4b844653432b9435cd9193cf721920ac3b52ada32e771bfd084009596	source-script
elliptic-curves/cas/search_mestre_root_tuple_scale_max300.py	archive/elliptic-curves/cas/search_mestre_root_tuple_scale_max300.py	922cd33621e882dbb5483b041c547f568d3f4fdfea2bffc8cab0d3741a3445b4	source-script
elliptic-curves/cas/search_multiple_root_crt.py	archive/elliptic-curves/cas/search_multiple_root_crt.py	2185dcc4c0df36c33478ca293f431e5a8fb4b0e2e394182ea282deb6ee55474f	source-script
elliptic-curves/cas/search_nagao_integer_offset.cpp	archive/elliptic-curves/cas/search_nagao_integer_offset.cpp	32c68d4fc6c9da7da92e2357a145e8bee593a6d7b67fc23e75ae8d3e7b169bb6	source-script
elliptic-curves/cas/search_nagao_rank13_generation3.py	archive/elliptic-curves/cas/search_nagao_rank13_generation3.py	40e002cfc3253827eee19d1299369fd6f68f9cf51c1a7ef526be41415a126863	source-script
elliptic-curves/cas/search_nagao_rank13_integer_u.py	archive/elliptic-curves/cas/search_nagao_rank13_integer_u.py	156bbc770b53432395c51b66588ed0560e6fb527298269d2f8b091364a3cb9af	source-script
elliptic-curves/cas/search_nagao_rank13_local_crt.py	archive/elliptic-curves/cas/search_nagao_rank13_local_crt.py	49ffb340e8bbd0c7b40f23badad57e438c2a4c97756a1621fb683f07553ba532	source-script
elliptic-curves/cas/search_nagao_rank13_rank_gain.py	archive/elliptic-curves/cas/search_nagao_rank13_rank_gain.py	e95a9868b83381ebbd3f4fd8a7fd214ed0f3f18c49a143f40ab9bbec532c0a9a	source-script
elliptic-curves/cas/search_nagao_rank20_t5081_cover_skew.py	archive/elliptic-curves/cas/search_nagao_rank20_t5081_cover_skew.py	8fd0b3b12e02012ba5c2a4d9e3b1f7793c2652e5b2df9d9c9e547f5ba70d7c1e	source-script
elliptic-curves/cas/search_nagao_rank20_t5081_direction.py	archive/elliptic-curves/cas/search_nagao_rank20_t5081_direction.py	4d7d27471fce7f6ce0b5d0a63119cf949f1b5b180cd77996aa3265c08a803c37	source-script
elliptic-curves/cas/search_nagao_rank21_accidental_slices.py	archive/elliptic-curves/cas/search_nagao_rank21_accidental_slices.py	edbc3c179e498cdf76426f4251ac0177cc7c3f1e59e405aba9a0a76c58da3258	source-script
elliptic-curves/cas/search_nagao_rank21_anchor_trace_tail.py	archive/elliptic-curves/cas/search_nagao_rank21_anchor_trace_tail.py	bfad32b6c07d73f0ad63214c335e393defc794dda4f47ff31bc91690680b73ec	source-script
elliptic-curves/cas/search_nagao_rank21_anchor_union.py	archive/elliptic-curves/cas/search_nagao_rank21_anchor_union.py	7526bafee9ea030ffe17fd8bd5fd5dd1ee1bb2915568a478e5938172ed8b5404	source-script
elliptic-curves/cas/search_nagao_rank21_bivariate.cpp	archive/elliptic-curves/cas/search_nagao_rank21_bivariate.cpp	800def18de0ef298d5a5e7222ad7135afb20f26e9b082c4af5e9a61b566eb443	source-script
elliptic-curves/cas/search_nagao_rank21_fingerprint_crt.py	archive/elliptic-curves/cas/search_nagao_rank21_fingerprint_crt.py	0d8b4807b39653a86cb8732ae027dd7fbdb86b06feab08638633b5340ef92dc8	source-script
elliptic-curves/cas/search_nagao_rank21_historical_finalists.py	archive/elliptic-curves/cas/search_nagao_rank21_historical_finalists.py	6cfabacee5c8dd07cb09ac650f51c4bed29cbba2fa73efd576b75e5e7e7ee18f	source-script
elliptic-curves/cas/search_nagao_rank21_mutations.py	archive/elliptic-curves/cas/search_nagao_rank21_mutations.py	e30c1a3825cf76108407e4f920504a03fb947ddec5c513be017cdf516e4e897f	source-script
elliptic-curves/cas/search_nagao_rank21_productive_auxiliary_local_classes.py	archive/elliptic-curves/cas/search_nagao_rank21_productive_auxiliary_local_classes.py	25e6798a801d5f56700f3be68ff82c41a2968cc9829783c9fdaf42ef0a7d0136	source-script
elliptic-curves/cas/search_nagao_rank21_productive_auxiliary_orbit.py	archive/elliptic-curves/cas/search_nagao_rank21_productive_auxiliary_orbit.py	84f443c5f54612c607309e12fbb4a55cf1fd933f44a529083af166581b7b0165	source-script
elliptic-curves/cas/search_nagao_rank21_productive_auxiliary_partial_classes.py	archive/elliptic-curves/cas/search_nagao_rank21_productive_auxiliary_partial_classes.py	1b66d59a1d3fc44e9f59c6f6fd72317e7a93b5e6c22487cb82b8acbfe7542cf1	source-script
elliptic-curves/cas/search_nagao_rank21_rare_event_model.py	archive/elliptic-curves/cas/search_nagao_rank21_rare_event_model.py	3639fa90cf9d4be1bc1e5601b10d3e8f82f12037e84661ba731f342b261d0bf5	source-script
elliptic-curves/cas/search_nagao_rank21_remaining_auxiliary_slices.py	archive/elliptic-curves/cas/search_nagao_rank21_remaining_auxiliary_slices.py	74fabd98e9f242062a0e0a3309c0e9a5e790d0f02909f500b289e16a1512153b	source-script
elliptic-curves/cas/search_nagao_rank21_t1637_alternate_covers.py	archive/elliptic-curves/cas/search_nagao_rank21_t1637_alternate_covers.py	2f520d7cdf958eab106bdcb234c1bfe7e68265374dd1b32bdfdb51aa70ac8429	source-script
elliptic-curves/cas/search_nagao_rank21_t531_alternate_covers.py	archive/elliptic-curves/cas/search_nagao_rank21_t531_alternate_covers.py	a356c7447ab04778dea252dc5018a39435776be89a1a9f082aa37afe0a9611e4	source-script
elliptic-curves/cas/search_nagao_rank21_t5777_alternate_covers.py	archive/elliptic-curves/cas/search_nagao_rank21_t5777_alternate_covers.py	d96118453762a627e016e4019aa200506f0801cb55e9d2d764b9901058fd7e5b	source-script
elliptic-curves/cas/search_nagao_rank21_t6629_alternate_covers.py	archive/elliptic-curves/cas/search_nagao_rank21_t6629_alternate_covers.py	c8c9defbab0901b358214c3cb3e6fdd26ec5cf4222f3b6b6f1e8422b6b5203f7	source-script
elliptic-curves/cas/search_nagao_rank21_t6793_alternate_covers.py	archive/elliptic-curves/cas/search_nagao_rank21_t6793_alternate_covers.py	aebf8a79f012a830287541a5ffa9a6be4fc84387488e6bf4bc71987eb6524537	source-script
elliptic-curves/cas/search_nagao_rational_offset.cpp	archive/elliptic-curves/cas/search_nagao_rational_offset.cpp	5126579f2fecfe3a494c87d38f187627b472512eb1d6eec5aa484557e1d9f8f6	source-script
elliptic-curves/cas/search_nagao_section7_accidental_genus2_slices.py	archive/elliptic-curves/cas/search_nagao_section7_accidental_genus2_slices.py	abb63f29b1e95eaa23e983e4f8003e682eb2cc4c1b3158ec93aa1f2a694d1e09	source-script
elliptic-curves/cas/search_nagao_section7_anomalous_root_crt.py	archive/elliptic-curves/cas/search_nagao_section7_anomalous_root_crt.py	1166ab14d980c32eae1c93cf5b7659ebf2ac84c059f6a5d1445edc3e660b9ebd	source-script
elliptic-curves/cas/search_nagao_section7_auxiliary_group_orbits.py	archive/elliptic-curves/cas/search_nagao_section7_auxiliary_group_orbits.py	0163bc8a74ed9252ceb5ff26cade69baf1c682a0e6bf8d3f0319a5f46e6e88c8	source-script
elliptic-curves/cas/search_nagao_section7_global.py	archive/elliptic-curves/cas/search_nagao_section7_global.py	2af42cb0f6a8108737eaa735865d3a25b3122f993db7c7d5475f7ceda252eb1f	source-script
elliptic-curves/cas/search_nagao_section7_remaining_auxiliary_slices.py	archive/elliptic-curves/cas/search_nagao_section7_remaining_auxiliary_slices.py	fbe2f5597c2012d18eb41eacfa58e9840cfcee99c67ff154478040a5d4c87fbe	source-script
elliptic-curves/cas/search_nagao_u135_skew_height.py	archive/elliptic-curves/cas/search_nagao_u135_skew_height.py	f5c8be9c5d83f06f6fa81f72cd23ca63f31ab2403c343fe8aed2b8182ff18c79	source-script
elliptic-curves/cas/search_nagao_u471_11_alternate_covers.py	archive/elliptic-curves/cas/search_nagao_u471_11_alternate_covers.py	184c528c98f0e3430dbf3d9e968ab1b8ce664b8c6ee095d3d98bbd80932668ad	source-script
elliptic-curves/cas/search_nagao_u75_alternate_covers.py	archive/elliptic-curves/cas/search_nagao_u75_alternate_covers.py	5204723dcf3dfc8081039534c19f3bbc17d2caeebd367613aa7abb972af0f4ed	source-script
elliptic-curves/cas/search_power_pairs.py	archive/elliptic-curves/cas/search_power_pairs.py	069873a5dafc865447d27e275c4fd419c044cfbf019b8f3acc15aab0d0d42140	source-script
elliptic-curves/cas/search_record_residue_class.py	archive/elliptic-curves/cas/search_record_residue_class.py	9d0ef025c6923960cee75ae09366a928178d42baa2145b4eb0affa8615115074	source-script
elliptic-curves/cas/select_mestre_rank15_2731_36_disjoint_neighborhood.py	archive/elliptic-curves/cas/select_mestre_rank15_2731_36_disjoint_neighborhood.py	31e1e73818855679239ea0b336ce8a9838d252b0c69339a3eadee870933e1995	source-script
elliptic-curves/cas/staged_record_rescore.py	archive/elliptic-curves/cas/staged_record_rescore.py	3036b128c03abba5c809f9e0d61de35fe1b6913aa6b5e6269c4b4b2de968ab7f	source-script
elliptic-curves/cas/summarize_mestre_02393128133175_basechange_crt.py	archive/elliptic-curves/cas/summarize_mestre_02393128133175_basechange_crt.py	6d71eba636e840602e7f10a3861b1dfdace96b2f6a82e3a38f93eb6c8d989ae8	source-script
elliptic-curves/cas/survey_mestre_root_tuples.py	archive/elliptic-curves/cas/survey_mestre_root_tuples.py	5cbee5e3e653c1769f7925fff6b154d20334a1ada7765c84402ce484488f847d	source-script
elliptic-curves/cas/triage_nagao_rank13_local_candidates.py	archive/elliptic-curves/cas/triage_nagao_rank13_local_candidates.py	40f430e15ce17f211c593d50e345a9653bcca3210e0183bae7066a8856f40fb9	source-script
elliptic-curves/cas/verify_curve273_not_disc43_anchor_fiber.sage	archive/elliptic-curves/cas/verify_curve273_not_disc43_anchor_fiber.sage	fc597f30381d9c35a429d51f3d57270de29e3b4742d7881e6560d6980c94ae1a	source-script
elliptic-curves/cas/verify_fermigier_1666_9.py	archive/elliptic-curves/cas/verify_fermigier_1666_9.py	455f6a2d9c60c6e24ba1fa5704be50573625dd29cbcf432991098c3d39501d8f	source-script
elliptic-curves/cas/verify_fermigier_affine_section_component.sing	archive/elliptic-curves/cas/verify_fermigier_affine_section_component.sing	3cc7be2ada511b980fa06a62e201eb87450125ebd381cbc96b507984db7fede0	source-script
elliptic-curves/cas/verify_fermigier_affine_section_jacobian.sing	archive/elliptic-curves/cas/verify_fermigier_affine_section_jacobian.sing	16297b2fdd03e2d83e135e87bad459e9bc47f8972061548a2a6da8fb1801f86b	source-script
elliptic-curves/cas/verify_kihara_rank14_symbolic.py	archive/elliptic-curves/cas/verify_kihara_rank14_symbolic.py	d1e74897778a59767decb93fe401dfbd6f90e4ae6b6ff0e6f77f6c642e9d7189	source-script
elliptic-curves/cas/verify_mestre_02393128133175_moduli_fiber.sing	archive/elliptic-curves/cas/verify_mestre_02393128133175_moduli_fiber.sing	11f63963db1ec0deff8e4e652726d201f07da1b5099e0710c1a6c93b970f7fa3	source-script
elliptic-curves/cas/verify_mestre_02595143168205_moduli_fiber.sing	archive/elliptic-curves/cas/verify_mestre_02595143168205_moduli_fiber.sing	ca44865d7ecfbbc76ab5b99fd8e74997072b7a456044313cc201698630ff842f	source-script
elliptic-curves/cas/verify_mestre_diameter235_eight_companion_generic_relation.py	archive/elliptic-curves/cas/verify_mestre_diameter235_eight_companion_generic_relation.py	2d0333cd97794fce36a7b7894a83dd07d928770ff0b205ecb3a8dc5647050097	source-script
elliptic-curves/cas/verify_mestre_fermigier_two_section_component.py	archive/elliptic-curves/cas/verify_mestre_fermigier_two_section_component.py	2c2fee913b913ca54f3d0044721950bc36a2ed1c080898cc364b5eb287aaf5d6	source-script
elliptic-curves/cas/verify_mestre_transverse_component_generic_relations.py	archive/elliptic-curves/cas/verify_mestre_transverse_component_generic_relations.py	cc7732326217ebd22b61e68a106f672ac240a04612560418f6e9e00a5e5cf5ef	source-script
elliptic-curves/cas/verify_mestre_transverse_conic_component_generic_relations.py	archive/elliptic-curves/cas/verify_mestre_transverse_conic_component_generic_relations.py	8c99f3fd983d6665e61d1e429fc44dec23b2d41ffc76d3578e752702038ac116	source-script
elliptic-curves/cas/verify_mestre_transverse_two_section_component.py	archive/elliptic-curves/cas/verify_mestre_transverse_two_section_component.py	0b1374034e87f87dc7e977e6d3d885459e54e35b06291ac4763d595b573a6994	source-script
elliptic-curves/cas/verify_mestre_transverse_two_section_conic_component.py	archive/elliptic-curves/cas/verify_mestre_transverse_two_section_conic_component.py	44d98e796bb6a422289a0e085d0817dd74998e81decc333cad834a2bbb5cd957	source-script
elliptic-curves/cas/verify_nagao_rank21_t1637.py	archive/elliptic-curves/cas/verify_nagao_rank21_t1637.py	a1c656a71ef093631124ba3f94c1f289689fc7143bd6b0987d2b93a2f5d17399	source-script
elliptic-curves/cas/verify_nagao_rank21_t531.py	archive/elliptic-curves/cas/verify_nagao_rank21_t531.py	debd3241531cd0b98e5f106e7be5f831063770a43c3ba8fb7ae683da555d2a56	source-script
elliptic-curves/cas/verify_nagao_rank21_t5777.py	archive/elliptic-curves/cas/verify_nagao_rank21_t5777.py	00353c48143daeaec1bee8ea2881567d61b000e823fe7ddb5cf7088835c4272a	source-script
elliptic-curves/cas/verify_nagao_u42_rank17.py	archive/elliptic-curves/cas/verify_nagao_u42_rank17.py	de54e10a31d7586f33db6934fd3f0b7e8b6065a9f39c72a46b6367e1d79e866f	source-script
elliptic-curves/tests/test_batch_rank_triage.py	archive/elliptic-curves/tests/test_batch_rank_triage.py	447ee395072667c6a083ee473f73fbebb75e8fb715b910198e3467c15dfbfbff	regression-test
elliptic-curves/tests/test_certify_kihara_rank14_basis.py	archive/elliptic-curves/tests/test_certify_kihara_rank14_basis.py	d9558c46243371aa51c7c57bdfe188808d868a94d3cbe0743950574e6a3ef999	regression-test
elliptic-curves/tests/test_certify_mestre_0647557080_t8_rank13.py	archive/elliptic-curves/tests/test_certify_mestre_0647557080_t8_rank13.py	7ec6bf2a905f3bcafdf453a84986cdcf21eb7e59134b6635653d60c579527960	regression-test
elliptic-curves/tests/test_certify_mestre_rank15_490_9.py	archive/elliptic-curves/tests/test_certify_mestre_rank15_490_9.py	b74143ca52f2f6f94dd1f1cb66a1b66a6ce2c487f5d6a712c0cd0310d9a3f86c	regression-test
elliptic-curves/tests/test_certify_nagao_rank21_t6793.py	archive/elliptic-curves/tests/test_certify_nagao_rank21_t6793.py	2fa43a36793f7a8b00c7cc5ac927cdfecde3b643b83c75ef9f0c48a656addb36	regression-test
elliptic-curves/tests/test_compare_score_cutoffs.py	archive/elliptic-curves/tests/test_compare_score_cutoffs.py	d851d946f90fdd1937becb2dec4e17ba0a62e7194cddaf0ea544fd1e8cf277f2	regression-test
elliptic-curves/tests/test_elkies_rank18_source_audit.py	archive/elliptic-curves/tests/test_elkies_rank18_source_audit.py	a510c557e010e1250fdc3acab8de6076a3e5eebf21d38f9164449a89460f4588	regression-test
elliptic-curves/tests/test_exhaustive_multiple_root_height.py	archive/elliptic-curves/tests/test_exhaustive_multiple_root_height.py	5b40a651f600b6f6d9ad3b552349675ca4193e061fdd6708145ba750e6826e21	regression-test
elliptic-curves/tests/test_explicit_formula_mestre_02136217261290_t2_delta22.py	archive/elliptic-curves/tests/test_explicit_formula_mestre_02136217261290_t2_delta22.py	ff26009a4891afd118e5cceacaaab8b12170ca0bb9b4438fc93cd5d2bd2a84f2	regression-test
elliptic-curves/tests/test_explicit_formula_rank18_t6629_delta22.py	archive/elliptic-curves/tests/test_explicit_formula_rank18_t6629_delta22.py	64ff276e83aece23768221038a31ffaffcaad5714859454ef1771c7e1e6f5567	regression-test
elliptic-curves/tests/test_explicit_formula_rank20_t5081.py	archive/elliptic-curves/tests/test_explicit_formula_rank20_t5081.py	38ef27d1fc68d7b3ecab40e30d0ffcf578787c35017c0415e4a9351a0479d692	regression-test
elliptic-curves/tests/test_explicit_formula_section7_rank17.py	archive/elliptic-curves/tests/test_explicit_formula_section7_rank17.py	e93bbe1c818ee64f15c58f4e022f766db1107c12ec8c88f0ffccea269206fb76	regression-test
elliptic-curves/tests/test_extend_nagao_section7_a10_genus2.py	archive/elliptic-curves/tests/test_extend_nagao_section7_a10_genus2.py	4a74ab6a01683debec99ae75a2a2da7d85198eb05cdb3229d91d377613ce46bb	regression-test
elliptic-curves/tests/test_fermigier_rank20_mwrank_descent.py	archive/elliptic-curves/tests/test_fermigier_rank20_mwrank_descent.py	17db438ac2fd775136855ba3d0bba2487cbaaec761f67583ed3d3eefd52f9e34	regression-test
elliptic-curves/tests/test_fermigier_rank20_pari_descent.py	archive/elliptic-curves/tests/test_fermigier_rank20_pari_descent.py	e7dad4d0a1c919f7cd27be5c216b1195f3db94d26d0a6b4258f96a3373e8431d	regression-test
elliptic-curves/tests/test_fermigier_signature_map.py	archive/elliptic-curves/tests/test_fermigier_signature_map.py	10322b664a2ee3bf841274906f67ef5ee04e243df9cd9caeafdef3b7e58bcb3e	regression-test
elliptic-curves/tests/test_generate_u42_magma.py	archive/elliptic-curves/tests/test_generate_u42_magma.py	63da96f565ad0b5f1ecaf8f644c43d431b6c18d51b4890def13ee80514f07141	regression-test
elliptic-curves/tests/test_icarm_curve90_saturation.py	archive/elliptic-curves/tests/test_icarm_curve90_saturation.py	082ba097d89dcb8214d49bb864ad9e9670e0e1ec131aec37a23e02d1aa6b8104	regression-test
elliptic-curves/tests/test_kihara_rank14_identities.py	archive/elliptic-curves/tests/test_kihara_rank14_identities.py	f27ed507c6b8494d1cec0d97b255d811261fbaec42fb5ae351ccad2aee693064	regression-test
elliptic-curves/tests/test_kumar_kuwata_f6_galois_audit.py	archive/elliptic-curves/tests/test_kumar_kuwata_f6_galois_audit.py	f107f0c3147afe20960d1e6f0e55455f02a146e3731fba987644a511c095c35d	regression-test
elliptic-curves/tests/test_mestre_02557104116148_direct_program.py	archive/elliptic-curves/tests/test_mestre_02557104116148_direct_program.py	8f6a8ef4faa8f5c647caad2668e78bbbafd058bf84efefcd390ebd7f5c327e89	regression-test
elliptic-curves/tests/test_mestre_02557104116148_power_root_crt.py	archive/elliptic-curves/tests/test_mestre_02557104116148_power_root_crt.py	9d327ec5acc4e21947e04443b3065f95319f9315e0c13186cb89325039400db5	regression-test
elliptic-curves/tests/test_mestre_02595143168205_rank13.py	archive/elliptic-curves/tests/test_mestre_02595143168205_rank13.py	04a6f4945937883bdbfc58db2854ccb47bad97e0239876d3cdbec479769ab88c	regression-test
elliptic-curves/tests/test_mestre_conjugate_two_section_germ.py	archive/elliptic-curves/tests/test_mestre_conjugate_two_section_germ.py	d2855779fb5f76e2383685757a135d563dada8b2b9c3333b2f6f19ced6925f9e	regression-test
elliptic-curves/tests/test_mestre_conjugate_two_section_seed_relations.py	archive/elliptic-curves/tests/test_mestre_conjugate_two_section_seed_relations.py	e443251ea06b313c5a1f5ab15c7347c7a2aa01766169ac1713c782b6a6d395c2	regression-test
elliptic-curves/tests/test_mestre_diameter235_displayed_lattice.py	archive/elliptic-curves/tests/test_mestre_diameter235_displayed_lattice.py	9afd5c7d1aaee4cc8b793de43933450762c8005f058ecfbb0f080ddab504b680	regression-test
elliptic-curves/tests/test_mestre_fermigier_two_section_component.py	archive/elliptic-curves/tests/test_mestre_fermigier_two_section_component.py	03c1faf0c60bc5c75f3c0b9c879246c98fbb56a775db4838e4e367804e5d1335	regression-test
elliptic-curves/tests/test_mestre_fermigier_two_section_component_escape.py	archive/elliptic-curves/tests/test_mestre_fermigier_two_section_component_escape.py	3ffac3a1264e16c3cdce7877d0d496f8a0457feec78e072f5fd9f7964636794d	regression-test
elliptic-curves/tests/test_mestre_fermigier_two_section_escape.py	archive/elliptic-curves/tests/test_mestre_fermigier_two_section_escape.py	42fc899655bc273fc0befb9d04f770758b9cb3ed20f975aca7e9d69691673ea1	regression-test
elliptic-curves/tests/test_mestre_fermigier_two_section_height_triage.py	archive/elliptic-curves/tests/test_mestre_fermigier_two_section_height_triage.py	e57eae7c7927685c5a04ccfd413cb806b41e22fe989e77b4bc2a948dfe6e12f1	regression-test
elliptic-curves/tests/test_mestre_fermigier_two_section_intersection.py	archive/elliptic-curves/tests/test_mestre_fermigier_two_section_intersection.py	1062b5c32b4c02150b28ba890873144382f846fa9a312fd252204392d397db32	regression-test
elliptic-curves/tests/test_mestre_fermigier_two_section_local_continuation.py	archive/elliptic-curves/tests/test_mestre_fermigier_two_section_local_continuation.py	e6f9ccd030578fc9b600367f7cee8f8e15c81843ac8b94ae1bf704301da94c30	regression-test
elliptic-curves/tests/test_mestre_multprime_seed_classification.py	archive/elliptic-curves/tests/test_mestre_multprime_seed_classification.py	61fd2cc2c56db8b59482e9486b8278ca93eef9468841fc493b1c1a650dcbc223	regression-test
elliptic-curves/tests/test_mestre_rank15_2731_36_followup.py	archive/elliptic-curves/tests/test_mestre_rank15_2731_36_followup.py	2c8a51f12b213a059ed73cd513209f77362d335740f2e25505c9d5cbb2537903	regression-test
elliptic-curves/tests/test_mestre_transverse_band_211_215.py	archive/elliptic-curves/tests/test_mestre_transverse_band_211_215.py	09cbf5a608f54bfd05888ad419b2a47bcf5dfd821b8c44c036619a7588f1d2c2	regression-test
elliptic-curves/tests/test_mestre_transverse_component_generic_relations.py	archive/elliptic-curves/tests/test_mestre_transverse_component_generic_relations.py	cf2a5e30b0340e63e206a928a6202f97a581a661d7c362c73aa83025f76c4525	regression-test
elliptic-curves/tests/test_mestre_transverse_component_independence.py	archive/elliptic-curves/tests/test_mestre_transverse_component_independence.py	c40318dfd5fc13e5c727b33081004a6e2852a9e20b2708c92d85b5f4a6930f5c	regression-test
elliptic-curves/tests/test_mestre_transverse_component_relations.py	archive/elliptic-curves/tests/test_mestre_transverse_component_relations.py	ef8504c2597af1bbc2fac877dd791a50db9f3eb59aef93f8fbb59fde5856b421	regression-test
elliptic-curves/tests/test_mestre_transverse_two_section.py	archive/elliptic-curves/tests/test_mestre_transverse_two_section.py	2aa521ff357849ef2a96fe992c22568a115a340513e637aa0dfdf0bf1bfefbc0	regression-test
elliptic-curves/tests/test_mestre_transverse_two_section_conic_component.py	archive/elliptic-curves/tests/test_mestre_transverse_two_section_conic_component.py	3cf5349db82b8f80f4c3aea5a2424e1d8dff7ce79a13cb00ede0fdf591d4c09e	regression-test
elliptic-curves/tests/test_mestre_transverse_two_section_conic_component_generic_relations.py	archive/elliptic-curves/tests/test_mestre_transverse_two_section_conic_component_generic_relations.py	3b3b5628f6ca6ac86a40ed5eb8184c9f24ac854c8060669d91956f282329f334	regression-test
elliptic-curves/tests/test_mestre_transverse_two_section_conic_component_independence.py	archive/elliptic-curves/tests/test_mestre_transverse_two_section_conic_component_independence.py	f96c0567c89d36ffe8a9f1c7006a5e9988e72dfd081aa2312b5e6b2929187fa5	regression-test
elliptic-curves/tests/test_mestre_transverse_two_section_conic_component_relations.py	archive/elliptic-curves/tests/test_mestre_transverse_two_section_conic_component_relations.py	b35a40e82c774cf77877f09ba4bd13fbab8dd6d7817c2d6ce26cf4383105f171	regression-test
elliptic-curves/tests/test_mestre_two_section_local_continuation.py	archive/elliptic-curves/tests/test_mestre_two_section_local_continuation.py	681f8d72ab0cbcaf78a20ab9dacd3beeaa2ea2d39f6269e2aaf7e99d69ecb991	regression-test
elliptic-curves/tests/test_mestre_two_section_seed_screen.py	archive/elliptic-curves/tests/test_mestre_two_section_seed_screen.py	bf58c48949b241002a03c0cf654f0ebec3addef3909da8a243152edf6c4d142a	regression-test
elliptic-curves/tests/test_mestre_two_section_transverse_band.py	archive/elliptic-curves/tests/test_mestre_two_section_transverse_band.py	4839850b586c5359f74dffc8574c4bfed2db1b521666f0f0946a48bc1b46447e	regression-test
elliptic-curves/tests/test_nagao_rank21_t956.py	archive/elliptic-curves/tests/test_nagao_rank21_t956.py	e78666e8e2d495db70fee69ff873c31613c0200dddd13f102494e06525d90643	regression-test
elliptic-curves/tests/test_normalize_elkies_klagsbrun_rank30_companion_center_sieve_b500000.py	archive/elliptic-curves/tests/test_normalize_elkies_klagsbrun_rank30_companion_center_sieve_b500000.py	a1a38829997e19d6ada8011f6038a1c9cd276467554593c141ae78a0d9a6705f	regression-test
elliptic-curves/tests/test_normalize_elkies_klagsbrun_rank30_denominator_sieve_b500000.py	archive/elliptic-curves/tests/test_normalize_elkies_klagsbrun_rank30_denominator_sieve_b500000.py	ce90f6ad261a5e777da5599749fc6e249a5002f252d8243d17b3f4a321a14576	regression-test
elliptic-curves/tests/test_probe_elkies_klagsbrun_rank29_descent.py	archive/elliptic-curves/tests/test_probe_elkies_klagsbrun_rank29_descent.py	3b0e5a6acee0dff1f3d864efd22952da24033ac4a8c3b459d47471908a2ade9e	regression-test
elliptic-curves/tests/test_rank21_conductor_public_data_audit.py	archive/elliptic-curves/tests/test_rank21_conductor_public_data_audit.py	38088380ff08bd630aee4cdbb96264288aaa344b7dfdc8d5aed48d52d66239c0	regression-test
elliptic-curves/tests/test_rank30_public_source_audit.py	archive/elliptic-curves/tests/test_rank30_public_source_audit.py	f5953705544b170bc385a79196d9e67fbd8d0dbcbca4efeb0d35b5e5a8dbf4ad	regression-test
elliptic-curves/tests/test_rank_jump_benchmark.py	archive/elliptic-curves/tests/test_rank_jump_benchmark.py	1f289bc2ec35b8b2f829ef7c96e4259a7d6cb33f916dd11b1cc8cb200ee869c6	regression-test
elliptic-curves/tests/test_record_residue_class.py	archive/elliptic-curves/tests/test_record_residue_class.py	55cf501fa8a849e5d7700c929c43bd1d04a5485f1c592f9565225a5d759c34de	regression-test
elliptic-curves/tests/test_run_nagao_rank20_t5081_ell2cover.py	archive/elliptic-curves/tests/test_run_nagao_rank20_t5081_ell2cover.py	9582ab84fbcc0866d802b2486d9ac9ed8b5c994a65cddc13baae6c5118007801	regression-test
elliptic-curves/tests/test_run_nagao_u135_ell2cover.py	archive/elliptic-curves/tests/test_run_nagao_u135_ell2cover.py	bbd423d56036b78217aa0c6a10ed877b9057b8fdaeacdf43668beb586a6c4812	regression-test
elliptic-curves/tests/test_screen_multiple_root_frontier.py	archive/elliptic-curves/tests/test_screen_multiple_root_frontier.py	e8cb250828c589231a211500eff5a89d8dd753210258320037450966df9a8f09	regression-test
elliptic-curves/tests/test_search_elkies_klagsbrun_rank30.py	archive/elliptic-curves/tests/test_search_elkies_klagsbrun_rank30.py	1f36549cde9a89a3a34d3f3104c39da5e82ea20808d1bac75a3b36cc88ee5c31	regression-test
elliptic-curves/tests/test_search_elkies_klagsbrun_rank30_alternate_covers.py	archive/elliptic-curves/tests/test_search_elkies_klagsbrun_rank30_alternate_covers.py	96683ed2138df0272ff8673bb4c1ba69988d755ec879ec522d99a62e0e38186c	regression-test
elliptic-curves/tests/test_search_elkies_klagsbrun_rank30_companion_center_sieve.py	archive/elliptic-curves/tests/test_search_elkies_klagsbrun_rank30_companion_center_sieve.py	7047b171dbac13e320b6394f71a36190effc260d3d5f5815502df001901d96eb	regression-test
elliptic-curves/tests/test_search_elkies_klagsbrun_rank30_denominator_sieve.py	archive/elliptic-curves/tests/test_search_elkies_klagsbrun_rank30_denominator_sieve.py	9dc6bf4f0184951ad0a5f4066867f8eb3d18f7166d17d91094ef43d7695364eb	regression-test
elliptic-curves/tests/test_search_elkies_klagsbrun_rank30_higher_weight_covers.py	archive/elliptic-curves/tests/test_search_elkies_klagsbrun_rank30_higher_weight_covers.py	f0bd18563cb8cdd18598555b6c5c831548bd01d7b83d26c7f34e036a57cc3a7f	regression-test
elliptic-curves/tests/test_search_elkies_klagsbrun_rank30_offset_annulus.py	archive/elliptic-curves/tests/test_search_elkies_klagsbrun_rank30_offset_annulus.py	2e672ee052625807d9b7290fd476a672cd2b3d1e2cd63f39712863165ec12177	regression-test
elliptic-curves/tests/test_search_elkies_klagsbrun_rank30_subgroup_center_remainder_sieve.py	archive/elliptic-curves/tests/test_search_elkies_klagsbrun_rank30_subgroup_center_remainder_sieve.py	86403a977c7e9488f495d3e7ce3d7673299e4fbd94a7b3c0774dcacc05dd0c10	regression-test
elliptic-curves/tests/test_search_elkies_klagsbrun_rank30_subgroup_center_sieve.py	archive/elliptic-curves/tests/test_search_elkies_klagsbrun_rank30_subgroup_center_sieve.py	8d8a6af8fdececa395e93fb9ac565783c16a3dba5cd855821063c61b190d88ff	regression-test
elliptic-curves/tests/test_search_elkies_klagsbrun_rank30_weight3_center_sieve.py	archive/elliptic-curves/tests/test_search_elkies_klagsbrun_rank30_weight3_center_sieve.py	c904c6de6665bc8d190fcf24904e9dd239465ac047d6cf8feefac7ecd5c10e0d	regression-test
elliptic-curves/tests/test_search_fermigier_global.py	archive/elliptic-curves/tests/test_search_fermigier_global.py	e1b7d31df6e92a3c7cfa707edf10aaeae862162c4045a02e8ae1fb72b4dfe45e	regression-test
elliptic-curves/tests/test_search_fermigier_published_pair_fiber_products.py	archive/elliptic-curves/tests/test_search_fermigier_published_pair_fiber_products.py	04c0db2af5a98940be8af7041bd0f07759ac37ba4c0fd1d025888ef9200ce3fc	regression-test
elliptic-curves/tests/test_search_fermigier_published_pair_fiber_products_h1000000.py	archive/elliptic-curves/tests/test_search_fermigier_published_pair_fiber_products_h1000000.py	266c7cd7299d1ca01f6efdb9ed70fcf900ba85f4ad545b92567f5bb141e6cd05	regression-test
elliptic-curves/tests/test_search_fermigier_published_pair_fiber_products_h1000000_charts.py	archive/elliptic-curves/tests/test_search_fermigier_published_pair_fiber_products_h1000000_charts.py	22375aee0d2a5bf033e89b3016a5a5ee20b15c49f3b787269f35d2dcacb78659	regression-test
elliptic-curves/tests/test_search_fermigier_published_pair_fiber_products_h50000.py	archive/elliptic-curves/tests/test_search_fermigier_published_pair_fiber_products_h50000.py	4ba2eb8773e84a089742d38ed5988be6d507db5e9825f38346a521dde3a9c1dd	regression-test
elliptic-curves/tests/test_search_fermigier_rank22_auxiliary_orbits.py	archive/elliptic-curves/tests/test_search_fermigier_rank22_auxiliary_orbits.py	d69f34b3b907097b913ca6eb631acfcc8fdc0cbae8140653ef0d8bb453ea131b	regression-test
elliptic-curves/tests/test_search_fermigier_rank22_missing_preimage_slices.py	archive/elliptic-curves/tests/test_search_fermigier_rank22_missing_preimage_slices.py	013b811130dd0a440ab5e35c5a27f390584093939f73afece806c2e38da9f10c	regression-test
elliptic-curves/tests/test_search_fermigier_rank22_record_group_directions.py	archive/elliptic-curves/tests/test_search_fermigier_rank22_record_group_directions.py	207751d0d9b07c8595f436a943cab510657b78e6347c169764634398a4d2b903	regression-test
elliptic-curves/tests/test_search_fermigier_rank22_record_group_quads.py	archive/elliptic-curves/tests/test_search_fermigier_rank22_record_group_quads.py	14c0d8a6ccdb491fa535295703ce89e4fc7eaf61ff98dc4b88d381b1ad295164	regression-test
elliptic-curves/tests/test_search_fermigier_rank22_record_group_triples.py	archive/elliptic-curves/tests/test_search_fermigier_rank22_record_group_triples.py	02b069182d7dfdc79b9a190c53d0fce0b917488981b1b10ae4e7f0ac804b0ca0	regression-test
elliptic-curves/tests/test_search_fermigier_rank22_record_group_triples_remainder.py	archive/elliptic-curves/tests/test_search_fermigier_rank22_record_group_triples_remainder.py	1663031fe7457d32afa3d605e198a5b60a237c7cbba7f386f121ac9e2f768b63	regression-test
elliptic-curves/tests/test_search_fermigier_record_residue_deep_tranche.py	archive/elliptic-curves/tests/test_search_fermigier_record_residue_deep_tranche.py	cf62f5d718c0f8decc0ba6928badd2089824aeea12dac81a08ad215ed3af1e34	regression-test
elliptic-curves/tests/test_search_kihara_rank14_specializations.py	archive/elliptic-curves/tests/test_search_kihara_rank14_specializations.py	7f12e8b07876179a78ac9973d07ab78ff59829c9f1ab6fa634845c7524190cbf	regression-test
elliptic-curves/tests/test_search_mestre_02136217261290_t2_rational_neighborhood.py	archive/elliptic-curves/tests/test_search_mestre_02136217261290_t2_rational_neighborhood.py	aafc6e4708b145d3fbeb8b22ac64a5cc54a83bb290fd5952307d2ce76c23bfd6	regression-test
elliptic-curves/tests/test_search_mestre_0430313946_power_crt.py	archive/elliptic-curves/tests/test_search_mestre_0430313946_power_crt.py	03e27a3a9041d5ae38b17934f63cbecfd38897b43c77e1ecd4d2444f821e81a5	regression-test
elliptic-curves/tests/test_search_mestre_0649738296_rational.py	archive/elliptic-curves/tests/test_search_mestre_0649738296_rational.py	6d05e37dc04f87f021cba030346b0b854f1cdabfd5445ac179ae27cc1816156a	regression-test
elliptic-curves/tests/test_search_mestre_rank13_multifamily_rational.py	archive/elliptic-curves/tests/test_search_mestre_rank13_multifamily_rational.py	8c55a46ee72618716babfc518d56659e4c6bb9c414a40054ac1b846a0b95d936	regression-test
elliptic-curves/tests/test_search_mestre_rank15_490_9_outside_neighborhood.py	archive/elliptic-curves/tests/test_search_mestre_rank15_490_9_outside_neighborhood.py	40b52ff5edb8a10927d5ad427d16e27e073135a5468d6aad0d22197edd3de9d3	regression-test
elliptic-curves/tests/test_search_mestre_rank15_annulus.py	archive/elliptic-curves/tests/test_search_mestre_rank15_annulus.py	cdb17ba48b2a74f28fab3061ed00d2caafea8df3d0eead758129ec1be4a5d5ff	regression-test
elliptic-curves/tests/test_search_mestre_root_tuple_scale_max100_complete.py	archive/elliptic-curves/tests/test_search_mestre_root_tuple_scale_max100_complete.py	a135711d2f5e7dbc0e7fba4f052596d3709a24d69565488c83bdeee9958f27d1	regression-test
elliptic-curves/tests/test_search_mestre_root_tuple_scale_max300.py	archive/elliptic-curves/tests/test_search_mestre_root_tuple_scale_max300.py	1c7e81710c60d61bd849adb1f801a8f3ab1caf45f58543272e0c6e86313e4df4	regression-test
elliptic-curves/tests/test_search_multiple_root_crt.py	archive/elliptic-curves/tests/test_search_multiple_root_crt.py	7c83c8422da7c70e0cc9fe4f2029a4bb0ebc012a6d335e17d91868742564f196	regression-test
elliptic-curves/tests/test_search_nagao_rank13_generation3.py	archive/elliptic-curves/tests/test_search_nagao_rank13_generation3.py	34251014424b899ecf9fb68987c7b0c3f13c71fcb2a99c6ea13d72d3008e774b	regression-test
elliptic-curves/tests/test_search_nagao_rank13_integer_u.py	archive/elliptic-curves/tests/test_search_nagao_rank13_integer_u.py	5242a1e7be733e891327c4cd6ee28be63546ba8a095096afd200fedf3eab1b4c	regression-test
elliptic-curves/tests/test_search_nagao_rank13_rank_gain.py	archive/elliptic-curves/tests/test_search_nagao_rank13_rank_gain.py	92d0a603c37374659938a61f876be8f56a2f87d283805d6cacb138bf6adb46c7	regression-test
elliptic-curves/tests/test_search_nagao_rank20_t5081_cover_skew.py	archive/elliptic-curves/tests/test_search_nagao_rank20_t5081_cover_skew.py	2142f49f7b7523ad3d71aa0eea3b6f9ae51bc9bb790bf413102e3df4d448ab8d	regression-test
elliptic-curves/tests/test_search_nagao_rank20_t5081_direction.py	archive/elliptic-curves/tests/test_search_nagao_rank20_t5081_direction.py	f7392162532b7f7855ae0a0c17450238808992f62639dc1231c72164a732dce8	regression-test
elliptic-curves/tests/test_search_nagao_rank21_accidental_slices.py	archive/elliptic-curves/tests/test_search_nagao_rank21_accidental_slices.py	91cfc3cd67f81df82bfb16e807680a3c38d9c5dd06db5bc65a25389679b1f460	regression-test
elliptic-curves/tests/test_search_nagao_rank21_anchor_trace_tail.py	archive/elliptic-curves/tests/test_search_nagao_rank21_anchor_trace_tail.py	a6efc308ba4188943687b6571c5fde6fb1e1fdfafb6ca241e62b8062730a8b30	regression-test
elliptic-curves/tests/test_search_nagao_rank21_anchor_union.py	archive/elliptic-curves/tests/test_search_nagao_rank21_anchor_union.py	ea2d2d2c26d3e9e67f3fde0e9b87e666f121f1692c0d9792a35271abd9d54272	regression-test
elliptic-curves/tests/test_search_nagao_rank21_fingerprint_crt.py	archive/elliptic-curves/tests/test_search_nagao_rank21_fingerprint_crt.py	0732987e274682c8ca10ad41bf7783808832e3d6d25c45173ca5e05eb7743279	regression-test
elliptic-curves/tests/test_search_nagao_rank21_historical_finalists.py	archive/elliptic-curves/tests/test_search_nagao_rank21_historical_finalists.py	7b1d1f328afceade247ae508295fe9400d6f58db7819ad0360fa9aa4d0696539	regression-test
elliptic-curves/tests/test_search_nagao_rank21_mutations.py	archive/elliptic-curves/tests/test_search_nagao_rank21_mutations.py	776494afbf551f9574981cea47ef597da7753688ec0cc5f0d8f05ab1145e1b01	regression-test
elliptic-curves/tests/test_search_nagao_rank21_productive_auxiliary_local_classes.py	archive/elliptic-curves/tests/test_search_nagao_rank21_productive_auxiliary_local_classes.py	1f9cefad99973a245a0a59ec8ec00aebfc2bc4e60ed0a54cf0fb92ce4d13e33c	regression-test
elliptic-curves/tests/test_search_nagao_rank21_productive_auxiliary_orbit.py	archive/elliptic-curves/tests/test_search_nagao_rank21_productive_auxiliary_orbit.py	a60b4a8117bb62078ba86adbf7f9443ecc354eee7d9fbc2865c970c145059ec4	regression-test
elliptic-curves/tests/test_search_nagao_rank21_productive_auxiliary_partial_classes.py	archive/elliptic-curves/tests/test_search_nagao_rank21_productive_auxiliary_partial_classes.py	c7f2ba6766c729fdd519415ff400a9b9ab6b39c20ec29cac7e53d5b856c16b05	regression-test
elliptic-curves/tests/test_search_nagao_rank21_rare_event_model.py	archive/elliptic-curves/tests/test_search_nagao_rank21_rare_event_model.py	81bfd83eabcc663c099a7582150947361b36f58e7faf42acf8899fd90d3a86a6	regression-test
elliptic-curves/tests/test_search_nagao_rank21_remaining_auxiliary_slices.py	archive/elliptic-curves/tests/test_search_nagao_rank21_remaining_auxiliary_slices.py	17b9aa925711e97b878e042e865fcfbada17237f9c4f8e32ed65314adab6d242	regression-test
elliptic-curves/tests/test_search_nagao_rank21_t1637_alternate_covers.py	archive/elliptic-curves/tests/test_search_nagao_rank21_t1637_alternate_covers.py	fc820fd02a962fa5b8d8134c57da00d95ed6567cfe161496d2affa3505d27d08	regression-test
elliptic-curves/tests/test_search_nagao_rank21_t531_alternate_covers.py	archive/elliptic-curves/tests/test_search_nagao_rank21_t531_alternate_covers.py	952ad5b673939de9e6e3f989680ec434af3efe844bfe172e501570c7a746f767	regression-test
elliptic-curves/tests/test_search_nagao_rank21_t5777_alternate_covers.py	archive/elliptic-curves/tests/test_search_nagao_rank21_t5777_alternate_covers.py	fc9d50463664e2142416b0cf5b1d5ea0f2860e4fd5d910956335f0f4a706bb06	regression-test
elliptic-curves/tests/test_search_nagao_rank21_t6629_alternate_covers.py	archive/elliptic-curves/tests/test_search_nagao_rank21_t6629_alternate_covers.py	c757d39412a126794dc3c112177d319c291e90746843ee03729a4de0dc3e9340	regression-test
elliptic-curves/tests/test_search_nagao_rank21_t6793_alternate_covers.py	archive/elliptic-curves/tests/test_search_nagao_rank21_t6793_alternate_covers.py	20b44c7a1e8dc2bc3d5840c7d4ef6475bc32ca4675dd27d1ebcabb015480edc0	regression-test
elliptic-curves/tests/test_search_nagao_section7_accidental_genus2_slices.py	archive/elliptic-curves/tests/test_search_nagao_section7_accidental_genus2_slices.py	60969679cef2b82b05d676b188e85340c389e50dd39a5792bc51040368e1cc17	regression-test
elliptic-curves/tests/test_search_nagao_section7_anomalous_root_crt.py	archive/elliptic-curves/tests/test_search_nagao_section7_anomalous_root_crt.py	7803bc24fe69c8c5659d463baa9c1181db84c492226f1871034c1d4f38754a27	regression-test
elliptic-curves/tests/test_search_nagao_section7_auxiliary_group_orbits.py	archive/elliptic-curves/tests/test_search_nagao_section7_auxiliary_group_orbits.py	17fa5905287f3635542d28f6d98ac08c0c5069f3d47e457c9b75711a6b5b698b	regression-test
elliptic-curves/tests/test_search_nagao_section7_global.py	archive/elliptic-curves/tests/test_search_nagao_section7_global.py	387270ed34c6ed50bb2e16aa1d9f4771b73ee520000a7d473d7a199cbb621767	regression-test
elliptic-curves/tests/test_search_nagao_section7_remaining_auxiliary_slices.py	archive/elliptic-curves/tests/test_search_nagao_section7_remaining_auxiliary_slices.py	9da9ddfff68350ed04f6c26c01a1c95ddfa3526eb0cdcc915b5e8c9808f7cd35	regression-test
elliptic-curves/tests/test_search_nagao_u135_skew_height.py	archive/elliptic-curves/tests/test_search_nagao_u135_skew_height.py	dd0de19773239223953cd908f9d4a91ef501858fc348f2036ff1b2457fe58074	regression-test
elliptic-curves/tests/test_search_nagao_u471_11_alternate_covers.py	archive/elliptic-curves/tests/test_search_nagao_u471_11_alternate_covers.py	47fb81390b2a97974e84c99be82381d9ef42f98a1161d1c42053e5aedb1f323d	regression-test
elliptic-curves/tests/test_search_nagao_u75_alternate_covers.py	archive/elliptic-curves/tests/test_search_nagao_u75_alternate_covers.py	6793c9bc5d610f35fc66a96df1b841a72991ede7a096f37397de404adceec0f6	regression-test
elliptic-curves/tests/test_select_mestre_rank15_2731_36_disjoint_neighborhood.py	archive/elliptic-curves/tests/test_select_mestre_rank15_2731_36_disjoint_neighborhood.py	5313d3cacb2e0990a948db1884bce695ae822a3d4081898577f0ca69a9cab4a2	regression-test
elliptic-curves/tests/test_staged_record_rescore.py	archive/elliptic-curves/tests/test_staged_record_rescore.py	6206e30584271e5242a4a1614d7436c66a921ba82ab9b4f328175a3dd7fc74c6	regression-test
elliptic-curves/tests/test_verify_fermigier_1666_9.py	archive/elliptic-curves/tests/test_verify_fermigier_1666_9.py	f862bb506ea4f1dd412210471f857846199afed1a4b3421a66e10aca862d86cb	regression-test
elliptic-curves/tests/test_verify_nagao_rank21_t1637.py	archive/elliptic-curves/tests/test_verify_nagao_rank21_t1637.py	2772132493ad4f0a5c4025c2bd168340510a737df2af721c51032729c6af1d98	regression-test
elliptic-curves/tests/test_verify_nagao_rank21_t531.py	archive/elliptic-curves/tests/test_verify_nagao_rank21_t531.py	41a7d5433334e21012e2d961f20719a1e4e88820af6ca1acd456f07dc65f71b6	regression-test
elliptic-curves/tests/test_verify_nagao_rank21_t5777.py	archive/elliptic-curves/tests/test_verify_nagao_rank21_t5777.py	434a8606dbf0e871bab9bbde2099a20dcf2b88ae921e49319608049836a16359	regression-test
artifacts/generated-results/elliptic_elkies_klagsbrun_rank29_descent_probe.json	archive/elliptic-curves/artifacts/generated-results/elliptic_elkies_klagsbrun_rank29_descent_probe.json	23ae1a0d62dfd36615261f0e1606d1ac23398bd2c59354a7c50667380206f623	generated-artifact
artifacts/generated-results/elliptic_elkies_klagsbrun_rank30_alternate_covers.json	archive/elliptic-curves/artifacts/generated-results/elliptic_elkies_klagsbrun_rank30_alternate_covers.json	81d0b502d9cb550b2dcf5b15aa7bdfa2febf16ed9a5cad6af2060e2e294f36cb	generated-artifact
artifacts/generated-results/elliptic_elkies_klagsbrun_rank30_companion_center_sieve_b500000_raw.json	archive/elliptic-curves/artifacts/generated-results/elliptic_elkies_klagsbrun_rank30_companion_center_sieve_b500000_raw.json	1d1acf0356c13494d023eaf996787e32a684edb064a7a6865855aeb0e0a5a987	generated-artifact
artifacts/generated-results/elliptic_elkies_klagsbrun_rank30_companion_center_sieve_b500000.json	archive/elliptic-curves/artifacts/generated-results/elliptic_elkies_klagsbrun_rank30_companion_center_sieve_b500000.json	db3b15f4bae99595534ecd5ab5a17eb9882649e5457438c9c8011636595a5d34	generated-artifact
artifacts/generated-results/elliptic_elkies_klagsbrun_rank30_companion_center_sieve.json	archive/elliptic-curves/artifacts/generated-results/elliptic_elkies_klagsbrun_rank30_companion_center_sieve.json	237ee493f65214b6d5081b7da19728d3cee1fb9e4d81f3bb617da9dca09cf1df	generated-artifact
artifacts/generated-results/elliptic_elkies_klagsbrun_rank30_denominator_sieve_b500000_raw.json	archive/elliptic-curves/artifacts/generated-results/elliptic_elkies_klagsbrun_rank30_denominator_sieve_b500000_raw.json	39b2ce7834d73cfd04f6dca82b40e64a40d9595069f7e56865d2015dee216457	generated-artifact
artifacts/generated-results/elliptic_elkies_klagsbrun_rank30_denominator_sieve_b500000.json	archive/elliptic-curves/artifacts/generated-results/elliptic_elkies_klagsbrun_rank30_denominator_sieve_b500000.json	0e1de93ee3f99d2b5beae97a056b47f0388987861ccde993e776d4b55c3c5314	generated-artifact
artifacts/generated-results/elliptic_elkies_klagsbrun_rank30_denominator_sieve.json	archive/elliptic-curves/artifacts/generated-results/elliptic_elkies_klagsbrun_rank30_denominator_sieve.json	6f1d16c429b8d2df330eaa70e37161cc77e41a6bd1e641d0f2a90133406b70a9	generated-artifact
artifacts/generated-results/elliptic_elkies_klagsbrun_rank30_higher_weight_covers.json	archive/elliptic-curves/artifacts/generated-results/elliptic_elkies_klagsbrun_rank30_higher_weight_covers.json	c63af8aa2c6a972c34ecabc9acf0b8f564912a8e8b4956d065b33ab222d769e0	generated-artifact
artifacts/generated-results/elliptic_elkies_klagsbrun_rank30_offset_annulus.json	archive/elliptic-curves/artifacts/generated-results/elliptic_elkies_klagsbrun_rank30_offset_annulus.json	50f43ff7af2f647e4f31e1f8b4df9f7274d2eb391fa6e00de4624bd6bb390e53	generated-artifact
artifacts/generated-results/elliptic_elkies_klagsbrun_rank30_search_deep.json	archive/elliptic-curves/artifacts/generated-results/elliptic_elkies_klagsbrun_rank30_search_deep.json	5f07458bdf57fb84d09abb830f3f21edecd470f0e7d1965c2e9f9a9d21efbe54	generated-artifact
artifacts/generated-results/elliptic_elkies_klagsbrun_rank30_search.json	archive/elliptic-curves/artifacts/generated-results/elliptic_elkies_klagsbrun_rank30_search.json	bca9853e5f05ea90d29d2a8eeb2707a3744c73063e834fd0c99cfdd9cbd08005	generated-artifact
artifacts/generated-results/elliptic_elkies_klagsbrun_rank30_subgroup_center_remainder_sieve.json	archive/elliptic-curves/artifacts/generated-results/elliptic_elkies_klagsbrun_rank30_subgroup_center_remainder_sieve.json	1f2253ac6e90c7ea44b17fc296d0efa088fe7d3fdb2c869c8f237cf5d3f53b5d	generated-artifact
artifacts/generated-results/elliptic_elkies_klagsbrun_rank30_subgroup_center_sieve.json	archive/elliptic-curves/artifacts/generated-results/elliptic_elkies_klagsbrun_rank30_subgroup_center_sieve.json	a46d126cde3db7847bfcac75afb10f4cdd15c1ffd8a79983b899e78f2e14c5cd	generated-artifact
artifacts/generated-results/elliptic_elkies_klagsbrun_rank30_weight3_center_sieve.json	archive/elliptic-curves/artifacts/generated-results/elliptic_elkies_klagsbrun_rank30_weight3_center_sieve.json	20bfb405387d5d7974641133eb3421f456f06bf18edfdafc82d36912aa063fc5	generated-artifact
artifacts/generated-results/elliptic_elkies_rank18_source_audit.json	archive/elliptic-curves/artifacts/generated-results/elliptic_elkies_rank18_source_audit.json	89de077b012b69d5c2236fde420ec851bd3838e6c137500248a7032e0e0cd42a	generated-artifact
artifacts/generated-results/elliptic_fermigier_1666_9.json	archive/elliptic-curves/artifacts/generated-results/elliptic_fermigier_1666_9.json	8fad6172a675ca3aebc76427184c1b241cc1de5b908902f196051d1605b9cee9	generated-artifact
artifacts/generated-results/elliptic_fermigier_3115_3_h1000000_checkpoint.json	archive/elliptic-curves/artifacts/generated-results/elliptic_fermigier_3115_3_h1000000_checkpoint.json	fe4acebc95c02b61229107ef7220974e83696ded87f97629a8980cef3ba46471	generated-artifact
artifacts/generated-results/elliptic_fermigier_batch_rank_triage.json	archive/elliptic-curves/artifacts/generated-results/elliptic_fermigier_batch_rank_triage.json	d1fb509ecab0f1dcdb97bb9db852e807f7fc7b7c001211c6fcf11b2fe52f33f6	generated-artifact
artifacts/generated-results/elliptic_fermigier_crt_lattice_pilot.json	archive/elliptic-curves/artifacts/generated-results/elliptic_fermigier_crt_lattice_pilot.json	c06389a9fc15335f406f83a2e6c9b32b2029a637555cabf80d323ff53167c050	generated-artifact
artifacts/generated-results/elliptic_fermigier_discovered_local_conditions.json	archive/elliptic-curves/artifacts/generated-results/elliptic_fermigier_discovered_local_conditions.json	7f9eda8297d5060f6cc57b4e977224f5a94d9edf3f3b4a02aa2e4ff9d46e6d19	generated-artifact
artifacts/generated-results/elliptic_fermigier_extra_points.json	archive/elliptic-curves/artifacts/generated-results/elliptic_fermigier_extra_points.json	24e956f61ccc523c6af97120869143a032887f48daf25a219debc5eb0d184128	generated-artifact
artifacts/generated-results/elliptic_fermigier_global.json	archive/elliptic-curves/artifacts/generated-results/elliptic_fermigier_global.json	d4085a457f3aea0549b446ad328803d81e63282c5ef17577515275fc80429a2d	generated-artifact
artifacts/generated-results/elliptic_fermigier_high_power_crt_gauss.json	archive/elliptic-curves/artifacts/generated-results/elliptic_fermigier_high_power_crt_gauss.json	2e42f162a7fffe11e43f5adf283900e3a6cee14a781f62c2ac252746eaae0c70	generated-artifact
artifacts/generated-results/elliptic_fermigier_multiple_root_crt.json	archive/elliptic-curves/artifacts/generated-results/elliptic_fermigier_multiple_root_crt.json	3334a46dc8e4e226d92fa4a0040011779c9dd56d87613b0c6def148deaa71943	generated-artifact
artifacts/generated-results/elliptic_fermigier_multiple_root_frontier.json	archive/elliptic-curves/artifacts/generated-results/elliptic_fermigier_multiple_root_frontier.json	9e85adaf27af8dd774e27695fd5f57b224dbdb4556e4eff637efbf61de5034db	generated-artifact
artifacts/generated-results/elliptic_fermigier_multiple_root_height_h50000.json	archive/elliptic-curves/artifacts/generated-results/elliptic_fermigier_multiple_root_height_h50000.json	34769e4f16833717fc20da13ab737f324d4cb0086b1e0f97f0830940dcc4a08d	generated-artifact
artifacts/generated-results/elliptic_fermigier_power_pairs.json	archive/elliptic-curves/artifacts/generated-results/elliptic_fermigier_power_pairs.json	4259e84a849a9d5d22d2e76e0096740ddc8ec2bacdf8c9a8ede3cc30de8d9e61	generated-artifact
artifacts/generated-results/elliptic_fermigier_published_pair_fiber_products_h1000000_charts.json	archive/elliptic-curves/artifacts/generated-results/elliptic_fermigier_published_pair_fiber_products_h1000000_charts.json	615f32c9c9c9ed2b9cde8f7ef7ebed60aed75b9d80104f6d36330b4031f62b25	generated-artifact
artifacts/generated-results/elliptic_fermigier_published_pair_fiber_products_h1000000.json	archive/elliptic-curves/artifacts/generated-results/elliptic_fermigier_published_pair_fiber_products_h1000000.json	706cc2933641f3fb1edfe255a027d16c3bc17c44259798320e92b2c853360b26	generated-artifact
artifacts/generated-results/elliptic_fermigier_published_pair_fiber_products_h50000.json	archive/elliptic-curves/artifacts/generated-results/elliptic_fermigier_published_pair_fiber_products_h50000.json	cdca612edcce38150f77785f1fa24cd0208b38e19be6be6a872703c7625f1e52	generated-artifact
artifacts/generated-results/elliptic_fermigier_published_pair_fiber_products.json	archive/elliptic-curves/artifacts/generated-results/elliptic_fermigier_published_pair_fiber_products.json	f6c65ee07f10a915c2073986bc48c2f48f2a7ad55697dbce062e6198da33f849	generated-artifact
artifacts/generated-results/elliptic_fermigier_rank20_28917_20_explicit_formula_delta22.json	archive/elliptic-curves/artifacts/generated-results/elliptic_fermigier_rank20_28917_20_explicit_formula_delta22.json	9e8262d81026557999409860850cef55540a89a384d10723c4270e57261ebce5	generated-artifact
artifacts/generated-results/elliptic_fermigier_rank20_adapter_neighborhood_audit.json	archive/elliptic-curves/artifacts/generated-results/elliptic_fermigier_rank20_adapter_neighborhood_audit.json	0eef1ad22211d9b8f6b8cdcec3e1c8829322f2889195a2f1527b03465e799615	generated-artifact
artifacts/generated-results/elliptic_fermigier_rank22_auxiliary_orbits_l1_7.json	archive/elliptic-curves/artifacts/generated-results/elliptic_fermigier_rank22_auxiliary_orbits_l1_7.json	38e128b3b08e5a4929f536a6bf3fa7b72b5990dd3896460f59a91b2a2bea6112	generated-artifact
artifacts/generated-results/elliptic_fermigier_rank22_auxiliary_orbits.json	archive/elliptic-curves/artifacts/generated-results/elliptic_fermigier_rank22_auxiliary_orbits.json	ef840dce82dcc7b70bd0aa72995aa9c16a562a8b84cafad68cad59a55589d4b1	generated-artifact
artifacts/generated-results/elliptic_fermigier_rank22_missing_preimage_slices.json	archive/elliptic-curves/artifacts/generated-results/elliptic_fermigier_rank22_missing_preimage_slices.json	e5a162ebf8aec6628c1ece498a4fecbfdb68db2b9791af5fb78f87642268a7c3	generated-artifact
artifacts/generated-results/elliptic_fermigier_rank22_record_group_directions.json	archive/elliptic-curves/artifacts/generated-results/elliptic_fermigier_rank22_record_group_directions.json	4928c44e27cada74b7a558dd97edfba20a554a508ac0e98ca051df7dea66a3c1	generated-artifact
artifacts/generated-results/elliptic_fermigier_rank22_record_group_quads_stream.jsonl	archive/elliptic-curves/artifacts/generated-results/elliptic_fermigier_rank22_record_group_quads_stream.jsonl	b23514bacd6660dc6c9829bdc117e5467c245e7c8ede8d6108ff2d835b5a47c6	generated-artifact
artifacts/generated-results/elliptic_fermigier_rank22_record_group_quads.json	archive/elliptic-curves/artifacts/generated-results/elliptic_fermigier_rank22_record_group_quads.json	ef9a78aca5db699a7fd724599365690186b6105d5567b2a5956690a9de3eea2b	generated-artifact
artifacts/generated-results/elliptic_fermigier_rank22_record_group_triples_remainder_stream.jsonl	archive/elliptic-curves/artifacts/generated-results/elliptic_fermigier_rank22_record_group_triples_remainder_stream.jsonl	66e69019bb53b28310bc1a4fa0d40989fe2fd95e677b53bca55feaafa2f3b5de	generated-artifact
artifacts/generated-results/elliptic_fermigier_rank22_record_group_triples_remainder.json	archive/elliptic-curves/artifacts/generated-results/elliptic_fermigier_rank22_record_group_triples_remainder.json	829bf44e50fb8d3583592190732ce4c9057c1bc54c9ababbea4e6cc002e6e028	generated-artifact
artifacts/generated-results/elliptic_fermigier_rank22_record_group_triples.json	archive/elliptic-curves/artifacts/generated-results/elliptic_fermigier_rank22_record_group_triples.json	2803b1fa276c80eccceac5ce83215f8678d9fb771abdccb8e5043a9962b1ed36	generated-artifact
artifacts/generated-results/elliptic_fermigier_record_rescore_h5000.json	archive/elliptic-curves/artifacts/generated-results/elliptic_fermigier_record_rescore_h5000.json	5bcb6ce807e542996cf89a81aff5fc16aba2a6e6986e17e5dc40205b6c34d43a	generated-artifact
artifacts/generated-results/elliptic_fermigier_record_residue_class.json	archive/elliptic-curves/artifacts/generated-results/elliptic_fermigier_record_residue_class.json	8a82a417ddd9b6888e9c5fff5b13439fb264458db99af00c093cd0339a85e6c1	generated-artifact
artifacts/generated-results/elliptic_fermigier_record_residue_deep_tranche.json	archive/elliptic-curves/artifacts/generated-results/elliptic_fermigier_record_residue_deep_tranche.json	fd17b69198950c1c26aca1b8b87cd37ccea894831b6952c00df08d1be251b74b	generated-artifact
artifacts/generated-results/elliptic_fermigier_score_cutoffs.json	archive/elliptic-curves/artifacts/generated-results/elliptic_fermigier_score_cutoffs.json	1e6e166b1f91f23de446c8f30a149d791d90926a91eaa9c574d6e6aa440a88df	generated-artifact
artifacts/generated-results/elliptic_kihara_rank14_basis.json	archive/elliptic-curves/artifacts/generated-results/elliptic_kihara_rank14_basis.json	ab44b356befa1301928d40bc176d7f933e635f26c67d9c0836a20b8f24421d9d	generated-artifact
artifacts/generated-results/elliptic_kihara_rank14_specializations.json	archive/elliptic-curves/artifacts/generated-results/elliptic_kihara_rank14_specializations.json	ee0e735cfc63219f480013fd9bcba8d9726c66f3c396603af01f2d4f9a63c0b3	generated-artifact
artifacts/generated-results/elliptic_kumar_kuwata_f6_galois.json	archive/elliptic-curves/artifacts/generated-results/elliptic_kumar_kuwata_f6_galois.json	184c0401a680eaa4155c0a4c8dcb83b935ac137abde7991e45cd6ac110484d20	generated-artifact
artifacts/generated-results/elliptic_mestre_02136217261290_t2_explicit_formula_delta22.json	archive/elliptic-curves/artifacts/generated-results/elliptic_mestre_02136217261290_t2_explicit_formula_delta22.json	6092f3b547e53275cd16842a595488ba97230f299fafae2305d75f92239b070a	generated-artifact
artifacts/generated-results/elliptic_mestre_02136217261290_t2_rank15_certificate.json	archive/elliptic-curves/artifacts/generated-results/elliptic_mestre_02136217261290_t2_rank15_certificate.json	35abefefab42b19f49fad074f0c2cd65b039e8f36c398fbe7b46f68a0c2f09ea	generated-artifact
artifacts/generated-results/elliptic_mestre_02136217261290_t2_rational_neighborhood.json	archive/elliptic-curves/artifacts/generated-results/elliptic_mestre_02136217261290_t2_rational_neighborhood.json	9970b2a947821d33dabc67824294c72ec67f4d6f17ddf90cd4a9adacab3d164b	generated-artifact
artifacts/generated-results/elliptic_mestre_02557104116148_direct_rational.json	archive/elliptic-curves/artifacts/generated-results/elliptic_mestre_02557104116148_direct_rational.json	4874478c553c81ed69fffb49738b5975900a26a17d96f4dca9203a8244e75db6	generated-artifact
artifacts/generated-results/elliptic_mestre_02557104116148_power_root_crt.json	archive/elliptic-curves/artifacts/generated-results/elliptic_mestre_02557104116148_power_root_crt.json	f21b5be50a8ca46f4fc8771ada88d260d3e58bab99a739a8c810da1d39e48699	generated-artifact
artifacts/generated-results/elliptic_mestre_02557104116148_t62_35_explicit_formula_delta22.json	archive/elliptic-curves/artifacts/generated-results/elliptic_mestre_02557104116148_t62_35_explicit_formula_delta22.json	4352da34ecbc586a63042dc7c0c746be2f2d17d6ea751b8349cdac48956a56ad	generated-artifact
artifacts/generated-results/elliptic_mestre_02557104116148_t62_35_neighborhood.json	archive/elliptic-curves/artifacts/generated-results/elliptic_mestre_02557104116148_t62_35_neighborhood.json	7953c61b51b27e07840d2dbaaa6016b77d3f443c8b519fb746860f56b6b67af1	generated-artifact
artifacts/generated-results/elliptic_mestre_02557104116148_t62_35_rank16_certificate.json	archive/elliptic-curves/artifacts/generated-results/elliptic_mestre_02557104116148_t62_35_rank16_certificate.json	2c6d918546548227ac8f83287b3242e8d4261a98facd2665d506a8308f4c9fc7	generated-artifact
artifacts/generated-results/elliptic_mestre_0430313946_frontier.json	archive/elliptic-curves/artifacts/generated-results/elliptic_mestre_0430313946_frontier.json	546cfc676b28f6956808b2698260d3bab4f9490dab5f2efc195f487ab6a2e514	generated-artifact
artifacts/generated-results/elliptic_mestre_0430313946_power_crt.json	archive/elliptic-curves/artifacts/generated-results/elliptic_mestre_0430313946_power_crt.json	3f0cc34e75cb67d2a2482d56115a2c91f5cce6097c0fd834875f9d673ffaf9b8	generated-artifact
artifacts/generated-results/elliptic_mestre_0647557080_t8_rank13_certificate.json	archive/elliptic-curves/artifacts/generated-results/elliptic_mestre_0647557080_t8_rank13_certificate.json	cef8f6f0279b48a114459be7c36f9c9c96cd2416d45be840a8d74d58518e0250	generated-artifact
artifacts/generated-results/elliptic_mestre_0649738296_rational.json	archive/elliptic-curves/artifacts/generated-results/elliptic_mestre_0649738296_rational.json	1c0e001c6c03e557722e16897f66ad2c90c93aa7d88f7cbbdd286700c66eaa78	generated-artifact
artifacts/generated-results/elliptic_mestre_conjugate_two_section_germ.json	archive/elliptic-curves/artifacts/generated-results/elliptic_mestre_conjugate_two_section_germ.json	ea96bb365ac182dc8cdacc005d0c2c51bcd88d9896c9bcea46ed59aed282a06f	generated-artifact
artifacts/generated-results/elliptic_mestre_conjugate_two_section_seed_relations.json	archive/elliptic-curves/artifacts/generated-results/elliptic_mestre_conjugate_two_section_seed_relations.json	809ac5bf80c4424a80182da101e8d19f5eaa00d6068d67f7aee32e32b1260ab9	generated-artifact
artifacts/generated-results/elliptic_mestre_diameter235_displayed_lattice_seed_audit.json	archive/elliptic-curves/artifacts/generated-results/elliptic_mestre_diameter235_displayed_lattice_seed_audit.json	7dfe0bdfcd33b6a95c188991c788ddbda4f8c9b439933b87acbb2f2c5519323e	generated-artifact
artifacts/generated-results/elliptic_mestre_diameter235_eight_companion_local.json	archive/elliptic-curves/artifacts/generated-results/elliptic_mestre_diameter235_eight_companion_local.json	566f07cb100670ec1cf6a31a3c5177cafff04883e952de27761b275e3813957f	generated-artifact
artifacts/generated-results/elliptic_mestre_diameter235_eight_companion_low_bidegree_c3_c4_order32.json	archive/elliptic-curves/artifacts/generated-results/elliptic_mestre_diameter235_eight_companion_low_bidegree_c3_c4_order32.json	2f2557d4efdaaccbd64900fa992864d29b74be2616f97bf7075346dac8c70040	generated-artifact
artifacts/generated-results/elliptic_mestre_fermigier_two_section_component_escape_h5_t4.json	archive/elliptic-curves/artifacts/generated-results/elliptic_mestre_fermigier_two_section_component_escape_h5_t4.json	4d302a3cc1ce8bbe6333ca4f0e052ac5ae7722934d699f8cda1ab12d65216a2f	generated-artifact
artifacts/generated-results/elliptic_mestre_fermigier_two_section_component.json	archive/elliptic-curves/artifacts/generated-results/elliptic_mestre_fermigier_two_section_component.json	fbb83b6a7913f42ce9cbedcbe272dc5a210c21b2966913b78f36880cc0e0b740	generated-artifact
artifacts/generated-results/elliptic_mestre_fermigier_two_section_escape_h40.json	archive/elliptic-curves/artifacts/generated-results/elliptic_mestre_fermigier_two_section_escape_h40.json	18f8888c0a32182883c7b238cb6ec36a745d677488d3463f0f976331eb55dd66	generated-artifact
artifacts/generated-results/elliptic_mestre_fermigier_two_section_height_triage_h10_t123.json	archive/elliptic-curves/artifacts/generated-results/elliptic_mestre_fermigier_two_section_height_triage_h10_t123.json	726f48507f4d82a299e4eac4f3a9727c5da3a894fb46f9af6c370dfb893c7e76	generated-artifact
artifacts/generated-results/elliptic_mestre_fermigier_two_section_intersection.json	archive/elliptic-curves/artifacts/generated-results/elliptic_mestre_fermigier_two_section_intersection.json	44547e408ea7e3a01ce1bdfa04feaa52bbf3de9adc4db2c4ff40990707aa0be6	generated-artifact
artifacts/generated-results/elliptic_mestre_fermigier_two_section_local_branch.json	archive/elliptic-curves/artifacts/generated-results/elliptic_mestre_fermigier_two_section_local_branch.json	a0fe08f2780a8bafe497591274f7cb15e06624eefbf031e4bb26f1db653e564c	generated-artifact
artifacts/generated-results/elliptic_mestre_rank13_multifamily_rational.json	archive/elliptic-curves/artifacts/generated-results/elliptic_mestre_rank13_multifamily_rational.json	0f664e937b9983bd7fa1cfb80269b5c734faddbf6d02dbe4dfca0e3b573ac41f	generated-artifact
artifacts/generated-results/elliptic_mestre_rank14_pair_rational_frontier.json	archive/elliptic-curves/artifacts/generated-results/elliptic_mestre_rank14_pair_rational_frontier.json	87e2d278cc1ee0653d1a4f871c1e34ed3d03babe1c1cd2ffe6712b7608efaee7	generated-artifact
artifacts/generated-results/elliptic_mestre_rank15_2731_36_alternate_covers.json	archive/elliptic-curves/artifacts/generated-results/elliptic_mestre_rank15_2731_36_alternate_covers.json	37dbc02c5468603edfc6f6608d7723daa68c5fb276878153cbb74c06b132bd97	generated-artifact
artifacts/generated-results/elliptic_mestre_rank15_2731_36_disjoint_neighborhood_selection.json	archive/elliptic-curves/artifacts/generated-results/elliptic_mestre_rank15_2731_36_disjoint_neighborhood_selection.json	512c0fdaa47ccc23794c104c9ad4e96af5b286b4bf46815cafb871a44e931c63	generated-artifact
artifacts/generated-results/elliptic_mestre_rank15_2731_36_explicit_formula_delta22.json	archive/elliptic-curves/artifacts/generated-results/elliptic_mestre_rank15_2731_36_explicit_formula_delta22.json	a0920e555b8a9ca32019d4d31f462969502863b41d67b00e795c138c00b56c10	generated-artifact
artifacts/generated-results/elliptic_mestre_rank15_2731_36.json	archive/elliptic-curves/artifacts/generated-results/elliptic_mestre_rank15_2731_36.json	5f91987e9fd21887afbe0cd376e7b56844a37e0e70ade6fc713aaa3121e87c1a	generated-artifact
artifacts/generated-results/elliptic_mestre_rank15_490_9_explicit_formula_delta22.json	archive/elliptic-curves/artifacts/generated-results/elliptic_mestre_rank15_490_9_explicit_formula_delta22.json	329c0cb578424859d35b55739d2a77ea813fafd6d3cadbfbf3e1afe3d94f4928	generated-artifact
artifacts/generated-results/elliptic_mestre_rank15_490_9_outside_neighborhood.json	archive/elliptic-curves/artifacts/generated-results/elliptic_mestre_rank15_490_9_outside_neighborhood.json	190fe9192dda6a093e12a0caf9fd09829f63e894b87fe4aa96b391f7c6ad4149	generated-artifact
artifacts/generated-results/elliptic_mestre_rank15_490_9.json	archive/elliptic-curves/artifacts/generated-results/elliptic_mestre_rank15_490_9.json	50b2b9c8bd24bcb5533534446af6404f3a9a761b5f33e0e28e04dc572227f950	generated-artifact
artifacts/generated-results/elliptic_mestre_rank15_annulus.json	archive/elliptic-curves/artifacts/generated-results/elliptic_mestre_rank15_annulus.json	a75a052a6e47b46d7dcf6e5da53fda96b9b31e6669225884689d2a474b22ecf7	generated-artifact
artifacts/generated-results/elliptic_mestre_root_tuple_scale_max100_complete.json	archive/elliptic-curves/artifacts/generated-results/elliptic_mestre_root_tuple_scale_max100_complete.json	c2cb2e68a54cc1625224cf1aed1cce0196582c16d21373bdbc86c67a1e91d24c	generated-artifact
artifacts/generated-results/elliptic_mestre_root_tuple_scale_max100.json	archive/elliptic-curves/artifacts/generated-results/elliptic_mestre_root_tuple_scale_max100.json	63dcd39555ad8b39c7b584a16663164bf73e6c6c59906b6a230bfa9b9f65a3bb	generated-artifact
artifacts/generated-results/elliptic_mestre_root_tuple_scale_max200_census.json	archive/elliptic-curves/artifacts/generated-results/elliptic_mestre_root_tuple_scale_max200_census.json	7270769007f9c130fce8b1813164373de9c6a5eb1c6d86cfe71b8c96fada161b	generated-artifact
artifacts/generated-results/elliptic_mestre_root_tuple_scale_max200.json	archive/elliptic-curves/artifacts/generated-results/elliptic_mestre_root_tuple_scale_max200.json	5e1b53e187520735efba46fc8fd9cbdd4dfd4284545a815f6416baf3be84f342	generated-artifact
artifacts/generated-results/elliptic_mestre_root_tuple_scale_max300_census.json	archive/elliptic-curves/artifacts/generated-results/elliptic_mestre_root_tuple_scale_max300_census.json	c5a68905977f059182efc1233e7301c039b2164b45bdfef1f8fd106b13d263ea	generated-artifact
artifacts/generated-results/elliptic_mestre_root_tuple_scale_max300_second_tranche_extension.json	archive/elliptic-curves/artifacts/generated-results/elliptic_mestre_root_tuple_scale_max300_second_tranche_extension.json	d7666c581d9f0b6de338e35af5b7cc68fbe5a165080e8219ae29bccf273af9ac	generated-artifact
artifacts/generated-results/elliptic_mestre_root_tuple_scale_max300_second_tranche.json	archive/elliptic-curves/artifacts/generated-results/elliptic_mestre_root_tuple_scale_max300_second_tranche.json	94662ac54a1666f3ee238a7849db3b07cf3a433308b940d682b918a8cd58b796	generated-artifact
artifacts/generated-results/elliptic_mestre_root_tuple_scale_max300.json	archive/elliptic-curves/artifacts/generated-results/elliptic_mestre_root_tuple_scale_max300.json	e4a7be774ac0cae3c636c70bde7490e7ced7e313971dfba3c9017e48d730fca7	generated-artifact
artifacts/generated-results/elliptic_mestre_root_tuple_scale.json	archive/elliptic-curves/artifacts/generated-results/elliptic_mestre_root_tuple_scale.json	fd2dccb1fd08aad70857df7ca19df77bd521e2be017b98f5579a748fd26cfc14	generated-artifact
artifacts/generated-results/elliptic_mestre_root_tuple_survey.json	archive/elliptic-curves/artifacts/generated-results/elliptic_mestre_root_tuple_survey.json	b40e7ebbe24a7cbea2d3ee40b53299a76db07ad5febfb27a655d05a247c747c1	generated-artifact
artifacts/generated-results/elliptic_mestre_transverse_component_generic_relations.json	archive/elliptic-curves/artifacts/generated-results/elliptic_mestre_transverse_component_generic_relations.json	401e10fbbed16270706993a117a889d78936f4c2650b0fb719a88f1acea1d274	generated-artifact
artifacts/generated-results/elliptic_mestre_transverse_component_independence_h5.json	archive/elliptic-curves/artifacts/generated-results/elliptic_mestre_transverse_component_independence_h5.json	a74caa056d2aef67a10985f02f202a2c12ea36362b2a882101d161a754964ad3	generated-artifact
artifacts/generated-results/elliptic_mestre_transverse_component_r2_t1_relations.json	archive/elliptic-curves/artifacts/generated-results/elliptic_mestre_transverse_component_r2_t1_relations.json	a1e6d1a89eb0e0e57314b07c0eb06a37a7dba40da7509221b2dc404a33c3d2ef	generated-artifact
artifacts/generated-results/elliptic_mestre_transverse_two_section_component.json	archive/elliptic-curves/artifacts/generated-results/elliptic_mestre_transverse_two_section_component.json	87737b0f8639b8f34c55ccfb83dcffdc651b07bf35442bf67c38007458371753	generated-artifact
artifacts/generated-results/elliptic_mestre_transverse_two_section_conic_component_generic_first_relation.json	archive/elliptic-curves/artifacts/generated-results/elliptic_mestre_transverse_two_section_conic_component_generic_first_relation.json	99360cfe129491e45691fae61cfe6bf0e24886ae3ec603b53f237ba21562294c	generated-artifact
artifacts/generated-results/elliptic_mestre_transverse_two_section_conic_component_generic_relations.json	archive/elliptic-curves/artifacts/generated-results/elliptic_mestre_transverse_two_section_conic_component_generic_relations.json	9a420a06a8b8563d5561038c961bc491e16e88bd52be2e14919105286a26321c	generated-artifact
artifacts/generated-results/elliptic_mestre_transverse_two_section_conic_component_independence_h5.json	archive/elliptic-curves/artifacts/generated-results/elliptic_mestre_transverse_two_section_conic_component_independence_h5.json	d9de87e7e23bf9046664a618d709a4ce6f330fef88cf0153f8630b5187578fb1	generated-artifact
artifacts/generated-results/elliptic_mestre_transverse_two_section_conic_component_seed_relations.json	archive/elliptic-curves/artifacts/generated-results/elliptic_mestre_transverse_two_section_conic_component_seed_relations.json	f197f8c35189334d6432f9675a7e97bcdcfa10a8e9777d32fe9f96ee25c1b735	generated-artifact
artifacts/generated-results/elliptic_mestre_transverse_two_section_conic_component.json	archive/elliptic-curves/artifacts/generated-results/elliptic_mestre_transverse_two_section_conic_component.json	aeb6f1c0d724e5f730ebaa5b6d5de08e533653535164b645d8fbf20e288e23f3	generated-artifact
artifacts/generated-results/elliptic_mestre_two_section_local_continuation.json	archive/elliptic-curves/artifacts/generated-results/elliptic_mestre_two_section_local_continuation.json	52f3b2bdd12b6a7581903fffd44dbcb79ed6356acdb46b7d48a4e220bcec5bd8	generated-artifact
artifacts/generated-results/elliptic_mestre_two_section_seed_screen_max200_all_primes_classification.json	archive/elliptic-curves/artifacts/generated-results/elliptic_mestre_two_section_seed_screen_max200_all_primes_classification.json	e26aab52f6db523763de3f3976af14bd63edc64edce4dd26bf8739306468f28d	generated-artifact
artifacts/generated-results/elliptic_mestre_two_section_seed_screen_max200_all_primes.json	archive/elliptic-curves/artifacts/generated-results/elliptic_mestre_two_section_seed_screen_max200_all_primes.json	2df716c6f86f39abaa8a61fcdfb0be20b5791cbb8c24724f2bce8b1aed22c761	generated-artifact
artifacts/generated-results/elliptic_mestre_two_section_seed_screen_max200.json	archive/elliptic-curves/artifacts/generated-results/elliptic_mestre_two_section_seed_screen_max200.json	c2b665990f309675741d41d7d8686509b10516ac9ff981eee26a7624311d7968	generated-artifact
artifacts/generated-results/elliptic_mestre_two_section_transverse_band_201_205_all_primes.json	archive/elliptic-curves/artifacts/generated-results/elliptic_mestre_two_section_transverse_band_201_205_all_primes.json	72f12930de7b388f65a89baaaec9441b172d445a61cd84db0885de02fc451943	generated-artifact
artifacts/generated-results/elliptic_mestre_two_section_transverse_band_201_205.json	archive/elliptic-curves/artifacts/generated-results/elliptic_mestre_two_section_transverse_band_201_205.json	94a75ea313614400787ceed9bd825088af48d357b60391bf27c278b2fb22d49c	generated-artifact
artifacts/generated-results/elliptic_mestre_two_section_transverse_band_206_210_all_primes.json	archive/elliptic-curves/artifacts/generated-results/elliptic_mestre_two_section_transverse_band_206_210_all_primes.json	f810d6f513df53012060157fe15fff1996c31f3c5314b0499a2855453fc86b15	generated-artifact
artifacts/generated-results/elliptic_mestre_two_section_transverse_band_211_215_all_primes.json	archive/elliptic-curves/artifacts/generated-results/elliptic_mestre_two_section_transverse_band_211_215_all_primes.json	9b16b84c7cc63b40b90199ab9b9e68db8216cac3f93049bb0d66fc2d6ef1ff29	generated-artifact
artifacts/generated-results/elliptic_mestre_two_section_transverse_band_211_215_tangent_audit.json	archive/elliptic-curves/artifacts/generated-results/elliptic_mestre_two_section_transverse_band_211_215_tangent_audit.json	1c196a7990ef85241fa5644daa83403779528e45210f04d350fe8fe6ee77bea3	generated-artifact
artifacts/generated-results/elliptic_mestre_two_section_transverse_band_216_220_all_primes.json	archive/elliptic-curves/artifacts/generated-results/elliptic_mestre_two_section_transverse_band_216_220_all_primes.json	fe5f98249e5d4dab4c2506d02806c95f9db2247e83f1be5e6628f1dbc70ac0c7	generated-artifact
artifacts/generated-results/elliptic_mestre_two_section_transverse_band_221_225_all_primes.json	archive/elliptic-curves/artifacts/generated-results/elliptic_mestre_two_section_transverse_band_221_225_all_primes.json	a84f45d4f6186a144516e72091468ba57a6dd8add22e83ed3353fb0dfcb83232	generated-artifact
artifacts/generated-results/elliptic_mestre_two_section_transverse_band_226_230_all_primes.json	archive/elliptic-curves/artifacts/generated-results/elliptic_mestre_two_section_transverse_band_226_230_all_primes.json	b7678f8fa8987396fb0df27ad6947dedea66501d1188d3099af553835459c836	generated-artifact
artifacts/generated-results/elliptic_nagao_rank13_finalist_triage.json	archive/elliptic-curves/artifacts/generated-results/elliptic_nagao_rank13_finalist_triage.json	ba936299554ab578e61b732996983a8106f9bf76f0a66399f01ba073170b259b	generated-artifact
artifacts/generated-results/elliptic_nagao_rank13_generation3.json	archive/elliptic-curves/artifacts/generated-results/elliptic_nagao_rank13_generation3.json	924879ff9e9202473dab7813870889a18df86a54aae89653a0473168935caefe	generated-artifact
artifacts/generated-results/elliptic_nagao_rank13_integer_u.json	archive/elliptic-curves/artifacts/generated-results/elliptic_nagao_rank13_integer_u.json	c238b04983c637359838f3a874e4695bf6b470dbc7e7c71fff5d78b9a2a90535	generated-artifact
artifacts/generated-results/elliptic_nagao_rank13_integer_u2000.json	archive/elliptic-curves/artifacts/generated-results/elliptic_nagao_rank13_integer_u2000.json	4153ebe30b72c8f583be0df8324f0f9320c9ed2186729d2a0d88a3e63243da51	generated-artifact
artifacts/generated-results/elliptic_nagao_rank13_local_candidate_triage.json	archive/elliptic-curves/artifacts/generated-results/elliptic_nagao_rank13_local_candidate_triage.json	9dd967422ed5b0cb14e85d673389ec2e8256c7089b5562d7e1186a4b8e6f6860	generated-artifact
artifacts/generated-results/elliptic_nagao_rank13_local_crt.json	archive/elliptic-curves/artifacts/generated-results/elliptic_nagao_rank13_local_crt.json	272fbf6eb8b227dc05b5ea82ebf0a8a3057bd786937ca1b917060d9212e16894	generated-artifact
artifacts/generated-results/elliptic_nagao_rank13_rank_gain_mutations.json	archive/elliptic-curves/artifacts/generated-results/elliptic_nagao_rank13_rank_gain_mutations.json	b039dba6b629182f56ab8ee8777f19f0fb674696a3411f390213aa824f6dd0a4	generated-artifact
artifacts/generated-results/elliptic_nagao_rank13_rank_gain_search.json	archive/elliptic-curves/artifacts/generated-results/elliptic_nagao_rank13_rank_gain_search.json	5f55e0f35368760c65dc2ee66da8edee9ca1153f88e70123e1844d4e2bade559	generated-artifact
artifacts/generated-results/elliptic_nagao_rank18_t6629_explicit_formula_delta22.json	archive/elliptic-curves/artifacts/generated-results/elliptic_nagao_rank18_t6629_explicit_formula_delta22.json	b3bc3087dca2566db15c99d5cd58c306bd6a7a4fa33930df7f771a59a56c0a90	generated-artifact
artifacts/generated-results/elliptic_nagao_rank20_t5081_cover_skew.json	archive/elliptic-curves/artifacts/generated-results/elliptic_nagao_rank20_t5081_cover_skew.json	9d774ac7cb443741a2db43b1063b1796227df81a492dbb1eb90e74253faf95c0	generated-artifact
artifacts/generated-results/elliptic_nagao_rank20_t5081_direction.json	archive/elliptic-curves/artifacts/generated-results/elliptic_nagao_rank20_t5081_direction.json	9462cfbd7a909f7922a47f1d4662452091500553801856a12fab00483d9cd997	generated-artifact
artifacts/generated-results/elliptic_nagao_rank20_t5081_ell2cover.json	archive/elliptic-curves/artifacts/generated-results/elliptic_nagao_rank20_t5081_ell2cover.json	9d7ff48bfea3ff5daf2a8814497bd15088ffecfefb5cbe02eb9e4de4bed9d18f	generated-artifact
artifacts/generated-results/elliptic_nagao_rank20_t5081_explicit_formula_delta22.json	archive/elliptic-curves/artifacts/generated-results/elliptic_nagao_rank20_t5081_explicit_formula_delta22.json	089467d16fe8a76ba019052185ad723b73f636b1c2511c6d4620251673357ae0	generated-artifact
artifacts/generated-results/elliptic_nagao_rank20_t5081_explicit_formula.json	archive/elliptic-curves/artifacts/generated-results/elliptic_nagao_rank20_t5081_explicit_formula.json	2f799421101235c2092956a045c3b0e2cca0afccef26112297406d26e6432485	generated-artifact
artifacts/generated-results/elliptic_nagao_rank20_t5081_neighborhood.json	archive/elliptic-curves/artifacts/generated-results/elliptic_nagao_rank20_t5081_neighborhood.json	070062f8962fbf0c4cdf1ea9a7c324667bc71f4a27439ca110c40f4e05197ccc	generated-artifact
artifacts/generated-results/elliptic_nagao_rank21_accidental_slices.json	archive/elliptic-curves/artifacts/generated-results/elliptic_nagao_rank21_accidental_slices.json	125a6b0df7941099547039302b6f1878b5009dcde774328527952699877b1670	generated-artifact
artifacts/generated-results/elliptic_nagao_rank21_anchor_trace_tail.json	archive/elliptic-curves/artifacts/generated-results/elliptic_nagao_rank21_anchor_trace_tail.json	968692208ceeda0db8d096d906a7108288d66b9bda0458876c3119711122a9ba	generated-artifact
artifacts/generated-results/elliptic_nagao_rank21_anchor_union.json	archive/elliptic-curves/artifacts/generated-results/elliptic_nagao_rank21_anchor_union.json	c518ee794118c74c94c9621f702d18047c11d6c37bc773a0b5e7134d1616801a	generated-artifact
artifacts/generated-results/elliptic_nagao_rank21_fingerprint_crt.json	archive/elliptic-curves/artifacts/generated-results/elliptic_nagao_rank21_fingerprint_crt.json	31ff52558551f5799633f7d3767af017a036180e34cb730caa50dc4527f547b1	generated-artifact
artifacts/generated-results/elliptic_nagao_rank21_historical_finalists.json	archive/elliptic-curves/artifacts/generated-results/elliptic_nagao_rank21_historical_finalists.json	90fc658cdb7c39c96317ee888be1364b8c9f368859230e25161dc45cd6a3cec7	generated-artifact
artifacts/generated-results/elliptic_nagao_rank21_mutations.json	archive/elliptic-curves/artifacts/generated-results/elliptic_nagao_rank21_mutations.json	0c0347246a1f154831c77c8f1334eb202493a0f9501caada255877a5429dd330	generated-artifact
artifacts/generated-results/elliptic_nagao_rank21_neighbor_triage.json	archive/elliptic-curves/artifacts/generated-results/elliptic_nagao_rank21_neighbor_triage.json	9b3151444a649fe1bc5a52c58a170a362f60f97bc17612ee5c8503c99c0d00bc	generated-artifact
artifacts/generated-results/elliptic_nagao_rank21_neighborhood.json	archive/elliptic-curves/artifacts/generated-results/elliptic_nagao_rank21_neighborhood.json	7d59fe9a91c0f3e46604794e8931ae27e26eeea1ebf252176dffd6be8d6010fe	generated-artifact
artifacts/generated-results/elliptic_nagao_rank21_productive_auxiliary_local_classes.json	archive/elliptic-curves/artifacts/generated-results/elliptic_nagao_rank21_productive_auxiliary_local_classes.json	551302a4e406ae9b229572b9fbb2795a328553609d7c09d341b76cfcdb717031	generated-artifact
artifacts/generated-results/elliptic_nagao_rank21_productive_auxiliary_orbit.json	archive/elliptic-curves/artifacts/generated-results/elliptic_nagao_rank21_productive_auxiliary_orbit.json	afc9c6185067f78eeb7c27c94bf93cebe854cb9b1115772ec62288d0ba4779df	generated-artifact
artifacts/generated-results/elliptic_nagao_rank21_productive_auxiliary_partial_classes.json	archive/elliptic-curves/artifacts/generated-results/elliptic_nagao_rank21_productive_auxiliary_partial_classes.json	a386ae90141863aa50d66e164f3c835400864f5e2208bdcc0200e38c13791a55	generated-artifact
artifacts/generated-results/elliptic_nagao_rank21_rare_event_model.json	archive/elliptic-curves/artifacts/generated-results/elliptic_nagao_rank21_rare_event_model.json	48059ab320180e642fd85f274cab40e7711ab3c85786e0720c205b7da2d81ba4	generated-artifact
artifacts/generated-results/elliptic_nagao_rank21_remaining_auxiliary_slices.json	archive/elliptic-curves/artifacts/generated-results/elliptic_nagao_rank21_remaining_auxiliary_slices.json	1165e245ea720d00138c28be1b5beae70fd09d21fc772feaf6afb4e40bc92958	generated-artifact
artifacts/generated-results/elliptic_nagao_rank21_t1637_alternate_covers.json	archive/elliptic-curves/artifacts/generated-results/elliptic_nagao_rank21_t1637_alternate_covers.json	2d4d51aa415b5ac1717a87ba68b6c9d5f937b640fef5047fd353c1179effccbd	generated-artifact
artifacts/generated-results/elliptic_nagao_rank21_t1637_rank16_certificate.json	archive/elliptic-curves/artifacts/generated-results/elliptic_nagao_rank21_t1637_rank16_certificate.json	0f71ad6f41e215bcf92cf0c19d6985d1d7ce64ea9d989388fdf600d138d9813e	generated-artifact
artifacts/generated-results/elliptic_nagao_rank21_t531_alternate_covers.json	archive/elliptic-curves/artifacts/generated-results/elliptic_nagao_rank21_t531_alternate_covers.json	b214798568f62a22f151b6909fd8ab87ade065b0dca813d1d1f7beaea3e2c296	generated-artifact
artifacts/generated-results/elliptic_nagao_rank21_t531_rank17_certificate.json	archive/elliptic-curves/artifacts/generated-results/elliptic_nagao_rank21_t531_rank17_certificate.json	a3b242525c153b6fb70bcbd51b27243b0e9b6176be197689dd24f231992f48cc	generated-artifact
artifacts/generated-results/elliptic_nagao_rank21_t5777_alternate_covers.json	archive/elliptic-curves/artifacts/generated-results/elliptic_nagao_rank21_t5777_alternate_covers.json	fbc7275b43192a9f323ed7c8b661519b678d3041936b6de0e296bb719fcfafb2	generated-artifact
artifacts/generated-results/elliptic_nagao_rank21_t5777_rank17_certificate.json	archive/elliptic-curves/artifacts/generated-results/elliptic_nagao_rank21_t5777_rank17_certificate.json	065a569fe57a2f232cab376954c2f0854d02cb9a80c2ddc19f7596ff011213bc	generated-artifact
artifacts/generated-results/elliptic_nagao_rank21_t6629_alternate_covers.json	archive/elliptic-curves/artifacts/generated-results/elliptic_nagao_rank21_t6629_alternate_covers.json	16f2cc019f0e06e7c0ad1eeca6a79ac74b76459180dc16f060b77e8261ca8476	generated-artifact
artifacts/generated-results/elliptic_nagao_rank21_t6793_alternate_covers.json	archive/elliptic-curves/artifacts/generated-results/elliptic_nagao_rank21_t6793_alternate_covers.json	c307a4c09509e0d1a44107f22917d22ea702ef4577d1aea72e4decb702b822d8	generated-artifact
artifacts/generated-results/elliptic_nagao_rank21_t6793_explicit_formula.json	archive/elliptic-curves/artifacts/generated-results/elliptic_nagao_rank21_t6793_explicit_formula.json	d07e3b7aec11aaea470142f35942a4263c955e54aeb91794d628126ef1d93296	generated-artifact
artifacts/generated-results/elliptic_nagao_rank21_t6793_rank19_certificate.json	archive/elliptic-curves/artifacts/generated-results/elliptic_nagao_rank21_t6793_rank19_certificate.json	0df1ea176d66c0446de16774ac5129253ade2379d6b6af9a591c444c8822bb6e	generated-artifact
artifacts/generated-results/elliptic_nagao_rank21_t6793_skew.json	archive/elliptic-curves/artifacts/generated-results/elliptic_nagao_rank21_t6793_skew.json	be803d8a3d08755ebb81399bcb76711bdd93be59536fd6e58a339d718506ddc3	generated-artifact
artifacts/generated-results/elliptic_nagao_rank21_t956_rank17_certificate.json	archive/elliptic-curves/artifacts/generated-results/elliptic_nagao_rank21_t956_rank17_certificate.json	cb1212e80950b38d68931533fd4622fad52037b455e4cbbdcd05ae9ff02bd711	generated-artifact
artifacts/generated-results/elliptic_nagao_rank21_t956_skew.json	archive/elliptic-curves/artifacts/generated-results/elliptic_nagao_rank21_t956_skew.json	30f03782c173dafcb40dcb3dbff8ded234a1f8d19b52901db2a4e9e5600a9cc4	generated-artifact
artifacts/generated-results/elliptic_nagao_rank21_unbiased.json	archive/elliptic-curves/artifacts/generated-results/elliptic_nagao_rank21_unbiased.json	5bf7406855af5ec39b269fa4105c9225adb4a10d13fab5480b15264cc3e8fe1d	generated-artifact
artifacts/generated-results/elliptic_nagao_section7_a10_genus2_extension.json	archive/elliptic-curves/artifacts/generated-results/elliptic_nagao_section7_a10_genus2_extension.json	2715bce7c5a53ab8b6f7832dc13ac7836110763e6645fea849d79daa25bb9717	generated-artifact
artifacts/generated-results/elliptic_nagao_section7_accidental_genus2_slices.json	archive/elliptic-curves/artifacts/generated-results/elliptic_nagao_section7_accidental_genus2_slices.json	112fb09a12aca5982311a64d161449887074eb13dad52b5b2cb752d93cf7c320	generated-artifact
artifacts/generated-results/elliptic_nagao_section7_anomalous_root_crt.json	archive/elliptic-curves/artifacts/generated-results/elliptic_nagao_section7_anomalous_root_crt.json	fdb03df218c8753027e7896b0b177fdb7b95e3b279c196f2505d7456a923eea8	generated-artifact
artifacts/generated-results/elliptic_nagao_section7_auxiliary_group_orbit_stream.json	archive/elliptic-curves/artifacts/generated-results/elliptic_nagao_section7_auxiliary_group_orbit_stream.json	2d51802ddf76c8fa9b14ac7d68f668d4c40c5fb322c8ef0617803df2e9eb6139	generated-artifact
artifacts/generated-results/elliptic_nagao_section7_auxiliary_group_orbits.json	archive/elliptic-curves/artifacts/generated-results/elliptic_nagao_section7_auxiliary_group_orbits.json	4167f4de11fc54b5e4e80eb2292659039f99859a4a99c7062f22c6a67418d9b4	generated-artifact
artifacts/generated-results/elliptic_nagao_section7_global.json	archive/elliptic-curves/artifacts/generated-results/elliptic_nagao_section7_global.json	c86c2b39acfe278802d3b654e134d3031772013e984d81e2b78073eca1f53568	generated-artifact
artifacts/generated-results/elliptic_nagao_section7_rank17_explicit_formula.json	archive/elliptic-curves/artifacts/generated-results/elliptic_nagao_section7_rank17_explicit_formula.json	bc13eb84dae2bcd92a44603a2fd80422c3acb4b88d272dc4b58464fddba644ea	generated-artifact
artifacts/generated-results/elliptic_nagao_section7_remaining_auxiliary_slices.json	archive/elliptic-curves/artifacts/generated-results/elliptic_nagao_section7_remaining_auxiliary_slices.json	2360f9f57874e0fbdabacc8910cf10c8fe869ff556f113782dbf3567bd21d9b2	generated-artifact
artifacts/generated-results/elliptic_nagao_u118_height_1000000.json	archive/elliptic-curves/artifacts/generated-results/elliptic_nagao_u118_height_1000000.json	f526328e4710b4c7a2742982e6746dd902ec3d19bdbd69d72ded5cdc3a137f06	generated-artifact
artifacts/generated-results/elliptic_nagao_u135_alternate_covers.json	archive/elliptic-curves/artifacts/generated-results/elliptic_nagao_u135_alternate_covers.json	c47c91155588ccaf6f6606f7f76115aedb3b61e32a4c1907b44fbc5ae4e1c83b	generated-artifact
artifacts/generated-results/elliptic_nagao_u135_ell2cover.json	archive/elliptic-curves/artifacts/generated-results/elliptic_nagao_u135_ell2cover.json	61566039b04722164dda4b2b02d459c7426cde8ac452e6ae4ea9dcc068914630	generated-artifact
artifacts/generated-results/elliptic_nagao_u135_skew_height.json	archive/elliptic-curves/artifacts/generated-results/elliptic_nagao_u135_skew_height.json	4182d87746ac1903e0e67babb21398ed35a90d769dbecf7159d129aa88a0f001	generated-artifact
artifacts/generated-results/elliptic_nagao_u42_descent_toolchain.json	archive/elliptic-curves/artifacts/generated-results/elliptic_nagao_u42_descent_toolchain.json	902f83f22b1685a1f19f3c550079c2d4c2eea48fd58c69ae3b2361af5f4b1fcf	generated-artifact
artifacts/generated-results/elliptic_nagao_u42_height_10000000.json	archive/elliptic-curves/artifacts/generated-results/elliptic_nagao_u42_height_10000000.json	4fea0207fd637988bcc1147143657cbec5c2404cb81b4c4a487e2dde20cc43b8	generated-artifact
artifacts/generated-results/elliptic_nagao_u42_magma_probe.json	archive/elliptic-curves/artifacts/generated-results/elliptic_nagao_u42_magma_probe.json	5fefc8e6f0a4b9353e58542087849d73620748f71e2ed3620520741ae03bd8e3	generated-artifact
artifacts/generated-results/elliptic_nagao_u42_rank17_certificate.json	archive/elliptic-curves/artifacts/generated-results/elliptic_nagao_u42_rank17_certificate.json	ef942e81ed0a2e7bd1bfa8d5bf3f549b80ad71a100cc55333390aad614056437	generated-artifact
artifacts/generated-results/elliptic_nagao_u42_skew_height.json	archive/elliptic-curves/artifacts/generated-results/elliptic_nagao_u42_skew_height.json	e0abb85d618cde90d3681efb6cef2ea4e7f22a89d59fcc5eda882f17f652b140	generated-artifact
artifacts/generated-results/elliptic_nagao_u471_11_alternate_covers.json	archive/elliptic-curves/artifacts/generated-results/elliptic_nagao_u471_11_alternate_covers.json	3edbc41aa1faff001af37c6979a78b8b9ca12a4f15f6d9154019146457805152	generated-artifact
artifacts/generated-results/elliptic_nagao_u75_alternate_covers.json	archive/elliptic-curves/artifacts/generated-results/elliptic_nagao_u75_alternate_covers.json	0cc7cd65f8adb5a01f770b3f8b383ff1a993bff3dc9aeb410a3d1508b6d5dc5c	generated-artifact
artifacts/generated-results/elliptic_rank21_conductor_public_data_audit.json	archive/elliptic-curves/artifacts/generated-results/elliptic_rank21_conductor_public_data_audit.json	ed112610ff2206a6e15951965af77b7add535af90ddfc74294ced0c5d70e81c1	generated-artifact
artifacts/generated-results/elliptic_rank30_public_source_audit.json	archive/elliptic-curves/artifacts/generated-results/elliptic_rank30_public_source_audit.json	b9422883d492ab8f914befbe53b05823b2b3169691beeacccf6b0b3cac79871e	generated-artifact
elliptic-curves/REPRODUCE.md (pre-cleanup snapshot)	archive/elliptic-curves/REPRODUCE_2026-08-24.txt	a2f201c2c44f7a6e306fee5f2b040e1580bcee69dfd0308445e70214fe72ed69	documentation-snapshot
elliptic-curves/cas/newfamily/README.md (pre-cleanup snapshot)	archive/elliptic-curves/NEWFAMILY_README_2026-08-24.txt	59982d7ee52d4372603abf641037c555e295a9e3aadb6f2a619e9f987a873c9f	documentation-snapshot
elliptic-curves/tests/test_explicit_formula_fermigier_rank20_28917_20_delta22.py	archive/elliptic-curves/tests/test_explicit_formula_fermigier_rank20_28917_20_delta22.py	86a68e7516d5b69c5b4b45aa79986f79e7c66b537b8acd957badca5f2d64d78b	regression-test
elliptic-curves/tests/test_explicit_formula_mestre_rank15_490_9_delta22.py	archive/elliptic-curves/tests/test_explicit_formula_mestre_rank15_490_9_delta22.py	0b5fedbd250d6687daa0a0148eafc9bc1c093f35a8037e367811f5e309d4cbda	regression-test
elliptic-curves/tests/test_kihara_rank14.py	archive/elliptic-curves/tests/test_kihara_rank14.py	d863a0842066e3c275c31057b3cc9d8e704fbd91de0493a1a1213db06f3bd846	regression-test
elliptic-curves/tests/test_mestre_root_tuples.py	archive/elliptic-curves/tests/test_mestre_root_tuples.py	4e083bd35233ab12be7ac5f04c6bec6cafcae5227b780e05f46273082327aa0c	regression-test
elliptic-curves/tests/test_nagao_rank13_local.py	archive/elliptic-curves/tests/test_nagao_rank13_local.py	55aff5be53ff302bf02d2afb4ce560595d8783719f9d5407e1d8c857f1d84536	regression-test
elliptic-curves/tests/test_nagao_skew_height.py	archive/elliptic-curves/tests/test_nagao_skew_height.py	d76dd4fb2dea5e5678375659554feba272cad97c1449e3c64fa5d4f8f54e4ba0	regression-test
elliptic-curves/tests/test_search_mestre_0430313946_frontier.py	archive/elliptic-curves/tests/test_search_mestre_0430313946_frontier.py	a5674a9d56ba588c3db15882b4503f3d7c89af3e04828899779f28bc446f48d1	regression-test
elliptic-curves/tests/test_search_mestre_rank14_pair_rational_frontier.py	archive/elliptic-curves/tests/test_search_mestre_rank14_pair_rational_frontier.py	3e3d5fb5de426d10b5666a3cb0e2e1a3fac2a06c5a07e0e6376cad38bdc269d6	regression-test
elliptic-curves/tests/test_search_mestre_root_tuple_scale.py	archive/elliptic-curves/tests/test_search_mestre_root_tuple_scale.py	a3930892e7e574161c0713c6c9b7c9f5aee0aa74e8e7acb89c250e2f9975d7c3	regression-test
elliptic-curves/tests/test_search_mestre_root_tuple_scale_max100.py	archive/elliptic-curves/tests/test_search_mestre_root_tuple_scale_max100.py	e29826713ab9ba3045701891c1ae5bf07f9c1c69a86c171b11c86bc3c576f965	regression-test
elliptic-curves/tests/test_search_mestre_root_tuple_scale_max200.py	archive/elliptic-curves/tests/test_search_mestre_root_tuple_scale_max200.py	5922a56123afc0e3d0c9e7563c9aa542cb26de7a59565f6363690d74b4d617c8	regression-test
elliptic-curves/tests/test_search_nagao_rank20_t5081_neighborhood.py	archive/elliptic-curves/tests/test_search_nagao_rank20_t5081_neighborhood.py	a063713d90e31c6dd7b8d6de79b57899b3f3de32820f4a781c2e8125620cfa4e	regression-test
elliptic-curves/tests/test_search_nagao_rank21_neighborhood.py	archive/elliptic-curves/tests/test_search_nagao_rank21_neighborhood.py	08fc9925504aff7505670115720f6c367736f70fee2acd121bb910e35d60a277	regression-test
elliptic-curves/tests/test_search_nagao_rank21_t6793_skew.py	archive/elliptic-curves/tests/test_search_nagao_rank21_t6793_skew.py	3768dc97e4c17fa6612c2d72376b996fc2f0521bc1f449a4363f3b27bbe01a98	regression-test
elliptic-curves/tests/test_search_nagao_rank21_unbiased.py	archive/elliptic-curves/tests/test_search_nagao_rank21_unbiased.py	840a7318a1c8f23041a92045cc88f13cf80deb2633d5ce659daaa6b6663d4506	regression-test
elliptic-curves/tests/test_search_nagao_section7_auxiliary_jacobians.py	archive/elliptic-curves/tests/test_search_nagao_section7_auxiliary_jacobians.py	1268bb16a368cecdb796ddb5ff9c186a85f41e12d4361d1f32d2039b5eeadefe	regression-test
elliptic-curves/tests/test_search_nagao_u135_alternate_covers.py	archive/elliptic-curves/tests/test_search_nagao_u135_alternate_covers.py	4701a0e6204468328aa18ea1596d5a4d402feef36910b37c478315f352f452d7	regression-test
elliptic-curves/tests/test_search_nagao_u42_skew_height.py	archive/elliptic-curves/tests/test_search_nagao_u42_skew_height.py	ab80d23087212b2d005aa8baab5c0f7636d2407dcfcdfe87e78fc7c70d811c71	regression-test
elliptic-curves/tests/test_triage_nagao_rank13_finalists.py	archive/elliptic-curves/tests/test_triage_nagao_rank13_finalists.py	37fbf1990d8af5f18021ca5cf9b23f25b84b420e4eed71ae8405ab51f08b14bf	regression-test
elliptic-curves/tests/test_triage_nagao_rank21_neighbor.py	archive/elliptic-curves/tests/test_triage_nagao_rank21_neighbor.py	c0566163db90d7f8b71ff5b7759775592f77bfd92f781651fe86c6080979eeb8	regression-test
elliptic-curves/tests/test_explicit_formula_rank_diagnostic.py	archive/elliptic-curves/tests/test_explicit_formula_rank_diagnostic.py	51f5f75532fb28ede132d1ee0e3bdadbb7a3238dcecda2c85dafb8b296147fcd	regression-test
elliptic-curves/tests/test_explicit_formula_rank20_t5081_delta22.py	archive/elliptic-curves/tests/test_explicit_formula_rank20_t5081_delta22.py	a7d56338111e9b66f0c956d100027ea815840736dbdfe79b8e544189f317f562	regression-test
elliptic-curves/cas/explicit_formula_rank_diagnostic.py	archive/elliptic-curves/cas/explicit_formula_rank_diagnostic.py	ec2b28e934f00f0cd8ddeb51b0680118afcc4fa75b6ef1261eb6c76b88adc0be	source-script
elliptic-curves/cas/explicit_formula_mestre_rank15_490_9_delta22.py	archive/elliptic-curves/cas/explicit_formula_mestre_rank15_490_9_delta22.py	4b7149b8013de293c617c1054f11269a4cfafd9419647d112d42529f7b4101da	source-script
elliptic-curves/tests/test_mod2_reduction_independence.py	archive/elliptic-curves/tests/test_mod2_reduction_independence.py	89ed8bde736985707e0fd0a1e54d6d94d02e09e6a9f7446596d0bee92c9b5b9b	regression-test
