attribution,batch_cpu_lower,batch_cpu_upper,batch_elapsed_lower,batch_elapsed_upper,call,deep_event,directions,id,point_search_cpu_sum,point_search_elapsed_sum,rank_after_call_attribution,rank_from_earlier_calls,timing_scope
ORIGINATING_CALL; may be certified by later reconciliation,0.0,157.68733565,0.0,170.1221012469905,1,False,1,broad-rank-v1:b-72359c6a3a563776fcba,,,18,17,Enclosing batch sums; includes preparation and verification. Not exact discovery CPU.
ORIGINATING_CALL; may be certified by later reconciliation,0.0,157.68733565,0.0,170.1221012469905,7,False,1,broad-rank-v1:b-72359c6a3a563776fcba,,,19,18,Enclosing batch sums; includes preparation and verification. Not exact discovery CPU.
ORIGINATING_CALL; may be certified by later reconciliation,0.0,165.38345246999998,0.0,173.78157939799712,27,False,1,broad-rank-v1:b-6d2fa708fb10d4f7629e,,,18,17,Enclosing batch sums; includes preparation and verification. Not exact discovery CPU.
ORIGINATING_CALL; may be certified by later reconciliation,0.0,241.232435681,0.0,257.5599366349925,5,False,2,broad-rank-v1:b-00afced4a28be454f129,,,19,17,Enclosing batch sums; includes preparation and verification. Not exact discovery CPU.
ORIGINATING_CALL; may be certified by later reconciliation,0.0,241.232435681,0.0,257.5599366349925,6,False,1,broad-rank-v1:b-00afced4a28be454f129,,,20,19,Enclosing batch sums; includes preparation and verification. Not exact discovery CPU.
ORIGINATING_CALL; may be certified by later reconciliation,0.0,241.232435681,0.0,257.5599366349925,9,False,1,broad-rank-v1:b-00afced4a28be454f129,,,21,20,Enclosing batch sums; includes preparation and verification. Not exact discovery CPU.
ORIGINATING_CALL; may be certified by later reconciliation,0.0,241.232435681,0.0,257.5599366349925,20,False,1,broad-rank-v1:b-00afced4a28be454f129,,,22,21,Enclosing batch sums; includes preparation and verification. Not exact discovery CPU.
ORIGINATING_CALL; may be certified by later reconciliation,0.0,184.73010025999997,0.0,201.24858523100556,1,False,2,broad-rank-v1:b-148539fd475e5f041139,,,19,17,Enclosing batch sums; includes preparation and verification. Not exact discovery CPU.
ORIGINATING_CALL; may be certified by later reconciliation,0.0,184.73010025999997,0.0,201.24858523100556,11,False,1,broad-rank-v1:b-148539fd475e5f041139,,,20,19,Enclosing batch sums; includes preparation and verification. Not exact discovery CPU.
ORIGINATING_CALL; may be certified by later reconciliation,0.0,184.73010025999997,0.0,201.24858523100556,90,False,1,broad-rank-v1:b-148539fd475e5f041139,,,21,20,Enclosing batch sums; includes preparation and verification. Not exact discovery CPU.
ORIGINATING_CALL; may be certified by later reconciliation,0.0,156.99700065599995,0.0,177.92486589201144,21,False,1,broad-rank-v1:b-09b63f407a1e1d08534c,,,18,17,Enclosing batch sums; includes preparation and verification. Not exact discovery CPU.
ORIGINATING_CALL; may be certified by later reconciliation,0.0,156.99700065599995,0.0,177.92486589201144,104,False,1,broad-rank-v1:b-09b63f407a1e1d08534c,,,19,18,Enclosing batch sums; includes preparation and verification. Not exact discovery CPU.
ORIGINATING_CALL; may be certified by later reconciliation,0.0,178.614451444,0.0,198.21947315298894,7,False,1,broad-rank-v1:b-345c85aaf628a21c906d,,,18,17,Enclosing batch sums; includes preparation and verification. Not exact discovery CPU.
ORIGINATING_CALL; may be certified by later reconciliation,0.0,178.614451444,0.0,198.21947315298894,18,False,1,broad-rank-v1:b-345c85aaf628a21c906d,,,19,18,Enclosing batch sums; includes preparation and verification. Not exact discovery CPU.
ORIGINATING_CALL; may be certified by later reconciliation,0.0,178.614451444,0.0,198.21947315298894,49,False,1,broad-rank-v1:b-345c85aaf628a21c906d,,,20,19,Enclosing batch sums; includes preparation and verification. Not exact discovery CPU.
ORIGINATING_CALL; may be certified by later reconciliation,0.0,245.82392823699996,0.0,330.5100995209941,51,False,1,broad-rank-v1:b-e94bbe4462c32b3de07c,,,18,17,Enclosing batch sums; includes preparation and verification. Not exact discovery CPU.
ORIGINATING_CALL; may be certified by later reconciliation,0.0,144.09895949,0.0,152.64481105799496,3,False,1,broad-rank-v1:b-8c36292ae43e874a1304,,,18,17,Enclosing batch sums; includes preparation and verification. Not exact discovery CPU.
ORIGINATING_CALL; may be certified by later reconciliation,0.0,141.53015830599998,0.0,154.5074513950094,7,False,1,broad-rank-v1:b-b2d9af3062591a8281da,,,18,17,Enclosing batch sums; includes preparation and verification. Not exact discovery CPU.
ORIGINATING_CALL; may be certified by later reconciliation,0.0,147.42687392,0.0,160.05313910199038,13,False,1,broad-rank-v1:b-4559713d89d632c8a87e,,,18,17,Enclosing batch sums; includes preparation and verification. Not exact discovery CPU.
ORIGINATING_CALL; may be certified by later reconciliation,0.0,174.39873278700003,0.0,191.64674833300523,13,False,1,broad-rank-v1:b-5e9fdf4ff3e00c6b9780,,,18,17,Enclosing batch sums; includes preparation and verification. Not exact discovery CPU.
ORIGINATING_CALL; may be certified by later reconciliation,0.0,174.39873278700003,0.0,191.64674833300523,40,False,1,broad-rank-v1:b-5e9fdf4ff3e00c6b9780,,,19,18,Enclosing batch sums; includes preparation and verification. Not exact discovery CPU.
ORIGINATING_CALL; may be certified by later reconciliation,0.0,148.117126062,0.0,163.0977339039964,9,False,1,broad-rank-v1:b-b9adcb9f5d09f6079fba,,,18,17,Enclosing batch sums; includes preparation and verification. Not exact discovery CPU.
ORIGINATING_CALL; may be certified by later reconciliation,0.0,158.16659428100002,0.0,174.62446352600818,23,False,1,broad-rank-v1:b-c82bef3cabf56cf92f5e,,,18,17,Enclosing batch sums; includes preparation and verification. Not exact discovery CPU.
ORIGINATING_CALL; may be certified by later reconciliation,0.0,237.893197516,0.0,256.8308742969966,1,False,1,broad-rank-v1:b-257c2359a7a9a2be8b28,,,18,17,Enclosing batch sums; includes preparation and verification. Not exact discovery CPU.
ORIGINATING_CALL; may be certified by later reconciliation,0.0,237.893197516,0.0,256.8308742969966,14,False,1,broad-rank-v1:b-257c2359a7a9a2be8b28,,,19,18,Enclosing batch sums; includes preparation and verification. Not exact discovery CPU.
ORIGINATING_CALL; may be certified by later reconciliation,0.0,237.893197516,0.0,256.8308742969966,18,False,1,broad-rank-v1:b-257c2359a7a9a2be8b28,,,20,19,Enclosing batch sums; includes preparation and verification. Not exact discovery CPU.
ORIGINATING_CALL; may be certified by later reconciliation,0.0,237.893197516,0.0,256.8308742969966,35,False,2,broad-rank-v1:b-257c2359a7a9a2be8b28,,,22,20,Enclosing batch sums; includes preparation and verification. Not exact discovery CPU.
ORIGINATING_CALL; may be certified by later reconciliation,0.0,189.930858607,0.0,207.7735662030027,2,False,1,broad-rank-v1:b-ee948b44bca14fde4c59,,,18,17,Enclosing batch sums; includes preparation and verification. Not exact discovery CPU.
ORIGINATING_CALL; may be certified by later reconciliation,0.0,189.930858607,0.0,207.7735662030027,5,False,1,broad-rank-v1:b-ee948b44bca14fde4c59,,,19,18,Enclosing batch sums; includes preparation and verification. Not exact discovery CPU.
ORIGINATING_CALL; may be certified by later reconciliation,0.0,189.930858607,0.0,207.7735662030027,6,False,1,broad-rank-v1:b-ee948b44bca14fde4c59,,,20,19,Enclosing batch sums; includes preparation and verification. Not exact discovery CPU.
ORIGINATING_CALL; may be certified by later reconciliation,0.0,189.930858607,0.0,207.7735662030027,11,False,1,broad-rank-v1:b-ee948b44bca14fde4c59,,,21,20,Enclosing batch sums; includes preparation and verification. Not exact discovery CPU.
ORIGINATING_CALL; may be certified by later reconciliation,0.0,158.936357036,0.0,177.55300075399282,9,False,1,broad-rank-v1:b-692a919f10607585cf10,,,18,17,Enclosing batch sums; includes preparation and verification. Not exact discovery CPU.
ORIGINATING_CALL; may be certified by later reconciliation,0.0,158.936357036,0.0,177.55300075399282,68,False,1,broad-rank-v1:b-692a919f10607585cf10,,,19,18,Enclosing batch sums; includes preparation and verification. Not exact discovery CPU.
ORIGINATING_CALL; may be certified by later reconciliation,0.0,260.964315335,0.0,355.70519686699845,54,False,1,broad-rank-v1:b-4bd42b9edad0a5b9df76,,,18,17,Enclosing batch sums; includes preparation and verification. Not exact discovery CPU.
ORIGINATING_CALL; may be certified by later reconciliation,0.0,269.133183572,0.0,358.4104599410057,191,False,1,broad-rank-v1:b-2a7ec94c29d7bd699cea,,,18,17,Enclosing batch sums; includes preparation and verification. Not exact discovery CPU.
ORIGINATING_CALL; may be certified by later reconciliation,0.0,135.13999581899998,0.0,146.14947138199932,9,False,1,broad-rank-v1:b-b08192c085b65404f623,,,18,17,Enclosing batch sums; includes preparation and verification. Not exact discovery CPU.
ORIGINATING_CALL; may be certified by later reconciliation,0.0,176.208441922,0.0,195.03300453200063,23,False,1,broad-rank-v1:b-d0dbed9624b7f5ba284a,,,18,17,Enclosing batch sums; includes preparation and verification. Not exact discovery CPU.
ORIGINATING_CALL; may be certified by later reconciliation,0.0,176.208441922,0.0,195.03300453200063,24,False,1,broad-rank-v1:b-d0dbed9624b7f5ba284a,,,19,18,Enclosing batch sums; includes preparation and verification. Not exact discovery CPU.
ORIGINATING_CALL; may be certified by later reconciliation,0.0,190.560697228,0.0,210.46771248399455,83,False,1,broad-rank-v1:b-dcd4862f4c254e89fff0,,,18,17,Enclosing batch sums; includes preparation and verification. Not exact discovery CPU.
ORIGINATING_CALL; may be certified by later reconciliation,190.560697228,301.363467618,210.46771248399455,331.62953505701444,260,False,1,broad-rank-v1:b-dcd4862f4c254e89fff0,,,19,18,Enclosing batch sums; includes preparation and verification. Not exact discovery CPU.
ORIGINATING_CALL; may be certified by later reconciliation,0.0,326.42140459700005,0.0,358.6334004310047,1,False,1,broad-rank-v1:b-516ff5b73983bcd0accd,,,18,17,Enclosing batch sums; includes preparation and verification. Not exact discovery CPU.
ORIGINATING_CALL; may be certified by later reconciliation,0.0,326.42140459700005,0.0,358.6334004310047,5,False,1,broad-rank-v1:b-516ff5b73983bcd0accd,,,19,18,Enclosing batch sums; includes preparation and verification. Not exact discovery CPU.
ORIGINATING_CALL; may be certified by later reconciliation,0.0,326.42140459700005,0.0,358.6334004310047,36,False,1,broad-rank-v1:b-516ff5b73983bcd0accd,,,20,19,Enclosing batch sums; includes preparation and verification. Not exact discovery CPU.
ORIGINATING_CALL; may be certified by later reconciliation,0.0,326.42140459700005,0.0,358.6334004310047,37,False,1,broad-rank-v1:b-516ff5b73983bcd0accd,,,21,20,Enclosing batch sums; includes preparation and verification. Not exact discovery CPU.
ORIGINATING_CALL; may be certified by later reconciliation,0.0,326.42140459700005,0.0,358.6334004310047,40,False,1,broad-rank-v1:b-516ff5b73983bcd0accd,,,22,21,Enclosing batch sums; includes preparation and verification. Not exact discovery CPU.
ORIGINATING_CALL; may be certified by later reconciliation,0.0,326.42140459700005,0.0,358.6334004310047,43,False,1,broad-rank-v1:b-516ff5b73983bcd0accd,,,23,22,Enclosing batch sums; includes preparation and verification. Not exact discovery CPU.
ORIGINATING_CALL; may be certified by later reconciliation,0.0,270.458621847,0.0,285.6728410950018,1,False,3,broad-rank-v1:b-8115824ac0e6b26f7e6f,,,20,17,Enclosing batch sums; includes preparation and verification. Not exact discovery CPU.
ORIGINATING_CALL; may be certified by later reconciliation,0.0,270.458621847,0.0,285.6728410950018,2,False,3,broad-rank-v1:b-8115824ac0e6b26f7e6f,,,23,20,Enclosing batch sums; includes preparation and verification. Not exact discovery CPU.
ORIGINATING_CALL; may be certified by later reconciliation,0.0,161.088312173,0.0,175.57364604300528,43,False,1,broad-rank-v1:b-b15fc63404b82f6307c3,,,18,17,Enclosing batch sums; includes preparation and verification. Not exact discovery CPU.
ORIGINATING_CALL; may be certified by later reconciliation,161.088312173,278.168976667,175.57364604300528,301.51665846102696,140,False,1,broad-rank-v1:b-b15fc63404b82f6307c3,,,19,18,Enclosing batch sums; includes preparation and verification. Not exact discovery CPU.
ORIGINATING_CALL; may be certified by later reconciliation,0.0,139.194935505,0.0,150.76992396199785,9,False,1,broad-rank-v1:b-6dacabd3a04dd046d7b2,,,18,17,Enclosing batch sums; includes preparation and verification. Not exact discovery CPU.
ORIGINATING_CALL; may be certified by later reconciliation,0.0,186.61785686599998,0.0,200.0948038380011,47,False,1,broad-rank-v1:b-e7b3f865d871b05128c5,,,18,17,Enclosing batch sums; includes preparation and verification. Not exact discovery CPU.
ORIGINATING_CALL; may be certified by later reconciliation,0.0,161.88315786399997,0.0,187.67551044598804,1,False,1,broad-rank-v1:b-bc2eef18d778fe12becc,,,18,17,Enclosing batch sums; includes preparation and verification. Not exact discovery CPU.
ORIGINATING_CALL; may be certified by later reconciliation,0.0,161.88315786399997,0.0,187.67551044598804,6,False,1,broad-rank-v1:b-bc2eef18d778fe12becc,,,19,18,Enclosing batch sums; includes preparation and verification. Not exact discovery CPU.
ORIGINATING_CALL; may be certified by later reconciliation,0.0,161.88315786399997,0.0,187.67551044598804,27,False,1,broad-rank-v1:b-bc2eef18d778fe12becc,,,20,19,Enclosing batch sums; includes preparation and verification. Not exact discovery CPU.
ORIGINATING_CALL; may be certified by later reconciliation,0.0,134.842675813,0.0,151.3926002040098,1,False,1,broad-rank-v1:b-881a67d3e3564f617253,,,18,17,Enclosing batch sums; includes preparation and verification. Not exact discovery CPU.
ORIGINATING_CALL; may be certified by later reconciliation,0.0,237.813729965,0.0,317.16464651501155,1,False,3,broad-rank-v1:b-d697f3aaef5558b4d618,,,20,17,Enclosing batch sums; includes preparation and verification. Not exact discovery CPU.
ORIGINATING_CALL; may be certified by later reconciliation,0.0,237.813729965,0.0,317.16464651501155,2,False,1,broad-rank-v1:b-d697f3aaef5558b4d618,,,21,20,Enclosing batch sums; includes preparation and verification. Not exact discovery CPU.
ORIGINATING_CALL; may be certified by later reconciliation,0.0,165.962967327,0.0,183.20625850500073,37,False,1,broad-rank-v1:b-cf7c189ed67cbefeccf7,,,18,17,Enclosing batch sums; includes preparation and verification. Not exact discovery CPU.
ORIGINATING_CALL; may be certified by later reconciliation,0.0,167.711884339,0.0,189.57805504300632,5,False,1,broad-rank-v1:b-b0b4045b027fd7fa44a0,,,18,17,Enclosing batch sums; includes preparation and verification. Not exact discovery CPU.
ORIGINATING_CALL; may be certified by later reconciliation,0.0,167.711884339,0.0,189.57805504300632,30,False,1,broad-rank-v1:b-b0b4045b027fd7fa44a0,,,19,18,Enclosing batch sums; includes preparation and verification. Not exact discovery CPU.
ORIGINATING_CALL; may be certified by later reconciliation,0.0,167.711884339,0.0,189.57805504300632,31,False,1,broad-rank-v1:b-b0b4045b027fd7fa44a0,,,20,19,Enclosing batch sums; includes preparation and verification. Not exact discovery CPU.
ORIGINATING_CALL; may be certified by later reconciliation,0.0,233.719076295,0.0,308.17735617900325,9,False,1,broad-rank-v1:b-cac4427829cba4f89872,,,18,17,Enclosing batch sums; includes preparation and verification. Not exact discovery CPU.
ORIGINATING_CALL; may be certified by later reconciliation,0.0,181.73124081,0.0,193.32570321299136,57,False,1,broad-rank-v1:b-f405194f716e636ef1e2,,,18,17,Enclosing batch sums; includes preparation and verification. Not exact discovery CPU.
ORIGINATING_CALL; may be certified by later reconciliation,0.0,178.013466299,0.0,198.60761877600453,7,False,1,broad-rank-v1:b-221578503a65b689155c,,,18,17,Enclosing batch sums; includes preparation and verification. Not exact discovery CPU.
ORIGINATING_CALL; may be certified by later reconciliation,0.0,178.013466299,0.0,198.60761877600453,32,False,1,broad-rank-v1:b-221578503a65b689155c,,,19,18,Enclosing batch sums; includes preparation and verification. Not exact discovery CPU.
ORIGINATING_CALL; may be certified by later reconciliation,0.0,178.013466299,0.0,198.60761877600453,39,False,1,broad-rank-v1:b-221578503a65b689155c,,,20,19,Enclosing batch sums; includes preparation and verification. Not exact discovery CPU.
ORIGINATING_CALL; may be certified by later reconciliation,0.0,156.520407153,0.0,170.67633263899188,23,False,1,broad-rank-v1:b-91c07104aa9478c702d2,,,18,17,Enclosing batch sums; includes preparation and verification. Not exact discovery CPU.
ORIGINATING_CALL; may be certified by later reconciliation,0.0,113.93000917999998,0.0,131.34401942099794,1,False,1,broad-rank-v1:b-78caba56c253b9926996,,,18,17,Enclosing batch sums; includes preparation and verification. Not exact discovery CPU.
ORIGINATING_CALL; may be certified by later reconciliation,0.0,227.115368637,0.0,322.5799230779958,14,False,1,broad-rank-v1:b-b50415de075f9f9a1afc,,,18,17,Enclosing batch sums; includes preparation and verification. Not exact discovery CPU.
ORIGINATING_CALL; may be certified by later reconciliation,0.0,227.115368637,0.0,322.5799230779958,123,False,1,broad-rank-v1:b-b50415de075f9f9a1afc,,,19,18,Enclosing batch sums; includes preparation and verification. Not exact discovery CPU.
ORIGINATING_CALL; may be certified by later reconciliation,0.0,158.15927056700002,0.0,179.25702516800084,14,False,1,broad-rank-v1:b-830c00ab641fc46f4343,,,18,17,Enclosing batch sums; includes preparation and verification. Not exact discovery CPU.
ORIGINATING_CALL; may be certified by later reconciliation,0.0,158.15927056700002,0.0,179.25702516800084,15,False,1,broad-rank-v1:b-830c00ab641fc46f4343,,,19,18,Enclosing batch sums; includes preparation and verification. Not exact discovery CPU.
ORIGINATING_CALL; may be certified by later reconciliation,0.0,158.15927056700002,0.0,179.25702516800084,28,False,1,broad-rank-v1:b-830c00ab641fc46f4343,,,20,19,Enclosing batch sums; includes preparation and verification. Not exact discovery CPU.
ORIGINATING_CALL; may be certified by later reconciliation,0.0,122.598141333,0.0,138.51121605199296,1,False,1,broad-rank-v1:b-dcc4800d393cceec40ef,,,18,17,Enclosing batch sums; includes preparation and verification. Not exact discovery CPU.
ORIGINATING_CALL; may be certified by later reconciliation,122.598141333,240.379469218,138.51121605199296,266.504353456985,191,False,1,broad-rank-v1:b-dcc4800d393cceec40ef,,,19,18,Enclosing batch sums; includes preparation and verification. Not exact discovery CPU.
ORIGINATING_CALL; may be certified by later reconciliation,0.0,219.987384679,0.0,297.95028946000093,47,False,1,broad-rank-v1:b-f9725f157ddb25d38779,,,18,17,Enclosing batch sums; includes preparation and verification. Not exact discovery CPU.
ORIGINATING_CALL; may be certified by later reconciliation,0.0,201.562933882,0.0,223.68445198101108,69,False,1,broad-rank-v1:b-d76cc98d3fc5c644bff3,,,18,17,Enclosing batch sums; includes preparation and verification. Not exact discovery CPU.
ORIGINATING_CALL; may be certified by later reconciliation,0.0,201.562933882,0.0,223.68445198101108,146,False,1,broad-rank-v1:b-d76cc98d3fc5c644bff3,,,19,18,Enclosing batch sums; includes preparation and verification. Not exact discovery CPU.
ORIGINATING_CALL; may be certified by later reconciliation,0.0,139.74470886999998,0.0,157.52652990698698,9,False,1,broad-rank-v1:b-8c5c99ccf8c33105bb1c,,,18,17,Enclosing batch sums; includes preparation and verification. Not exact discovery CPU.
ORIGINATING_CALL; may be certified by later reconciliation,0.0,319.61000725700006,0.0,416.5324662899948,1,False,2,broad-rank-v1:b-e374acf7da628c9b0226,,,19,17,Enclosing batch sums; includes preparation and verification. Not exact discovery CPU.
ORIGINATING_CALL; may be certified by later reconciliation,0.0,319.61000725700006,0.0,416.5324662899948,4,False,1,broad-rank-v1:b-e374acf7da628c9b0226,,,20,19,Enclosing batch sums; includes preparation and verification. Not exact discovery CPU.
ORIGINATING_CALL; may be certified by later reconciliation,0.0,319.61000725700006,0.0,416.5324662899948,9,False,1,broad-rank-v1:b-e374acf7da628c9b0226,,,21,20,Enclosing batch sums; includes preparation and verification. Not exact discovery CPU.
ORIGINATING_CALL; may be certified by later reconciliation,0.0,319.61000725700006,0.0,416.5324662899948,10,False,1,broad-rank-v1:b-e374acf7da628c9b0226,,,22,21,Enclosing batch sums; includes preparation and verification. Not exact discovery CPU.
ORIGINATING_CALL; may be certified by later reconciliation,0.0,205.88480459,0.0,215.5522410100093,1,False,5,broad-rank-v1:b-1b21405657690013f96e,,,22,17,Enclosing batch sums; includes preparation and verification. Not exact discovery CPU.
ORIGINATING_CALL; may be certified by later reconciliation,0.0,124.69455555999998,0.0,135.38951339700725,10,False,1,broad-rank-v1:b-99ba2fb552a559cccc4e,,,18,17,Enclosing batch sums; includes preparation and verification. Not exact discovery CPU.
ORIGINATING_CALL; may be certified by later reconciliation,0.0,237.22494039299997,0.0,261.5242687400023,81,False,1,broad-rank-v1:b-90b98c6d0b9f5bb7c384,,,18,17,Enclosing batch sums; includes preparation and verification. Not exact discovery CPU.
ORIGINATING_CALL; may be certified by later reconciliation,0.0,237.22494039299997,0.0,261.5242687400023,142,False,1,broad-rank-v1:b-90b98c6d0b9f5bb7c384,,,19,18,Enclosing batch sums; includes preparation and verification. Not exact discovery CPU.
ORIGINATING_CALL; may be certified by later reconciliation,0.0,237.22494039299997,0.0,261.5242687400023,179,False,1,broad-rank-v1:b-90b98c6d0b9f5bb7c384,,,20,19,Enclosing batch sums; includes preparation and verification. Not exact discovery CPU.
ORIGINATING_CALL; may be certified by later reconciliation,237.22494039299997,378.032337216,261.5242687400023,410.8779050099838,270,False,1,broad-rank-v1:b-90b98c6d0b9f5bb7c384,,,21,20,Enclosing batch sums; includes preparation and verification. Not exact discovery CPU.
ORIGINATING_CALL; may be certified by later reconciliation,0.0,129.02828656900002,0.0,143.33542487799423,15,False,1,broad-rank-v1:b-76bda6c24cb6067346e3,,,18,17,Enclosing batch sums; includes preparation and verification. Not exact discovery CPU.
ORIGINATING_CALL; may be certified by later reconciliation,0.0,265.14044924,0.0,350.9249319630035,1,False,1,broad-rank-v1:b-ae4c3d5355e8b688f0c0,,,18,17,Enclosing batch sums; includes preparation and verification. Not exact discovery CPU.
ORIGINATING_CALL; may be certified by later reconciliation,0.0,265.14044924,0.0,350.9249319630035,5,False,1,broad-rank-v1:b-ae4c3d5355e8b688f0c0,,,19,18,Enclosing batch sums; includes preparation and verification. Not exact discovery CPU.
ORIGINATING_CALL; may be certified by later reconciliation,0.0,265.14044924,0.0,350.9249319630035,21,False,1,broad-rank-v1:b-ae4c3d5355e8b688f0c0,,,20,19,Enclosing batch sums; includes preparation and verification. Not exact discovery CPU.
ORIGINATING_CALL; may be certified by later reconciliation,0.0,265.14044924,0.0,350.9249319630035,27,False,1,broad-rank-v1:b-ae4c3d5355e8b688f0c0,,,21,20,Enclosing batch sums; includes preparation and verification. Not exact discovery CPU.
ORIGINATING_CALL; may be certified by later reconciliation,0.0,172.375800866,0.0,190.10406572000647,1,False,3,broad-rank-v1:b-ebd8873994a34ee3d90e,,,20,17,Enclosing batch sums; includes preparation and verification. Not exact discovery CPU.
ORIGINATING_CALL; may be certified by later reconciliation,0.0,172.375800866,0.0,190.10406572000647,2,False,1,broad-rank-v1:b-ebd8873994a34ee3d90e,,,21,20,Enclosing batch sums; includes preparation and verification. Not exact discovery CPU.
ORIGINATING_CALL; may be certified by later reconciliation,0.0,258.692306299,0.0,349.07941419500276,5,False,1,broad-rank-v1:b-83880d2875a792c4f0ca,,,18,17,Enclosing batch sums; includes preparation and verification. Not exact discovery CPU.
ORIGINATING_CALL; may be certified by later reconciliation,0.0,258.692306299,0.0,349.07941419500276,16,False,2,broad-rank-v1:b-83880d2875a792c4f0ca,,,20,18,Enclosing batch sums; includes preparation and verification. Not exact discovery CPU.
ORIGINATING_CALL; may be certified by later reconciliation,0.0,258.692306299,0.0,349.07941419500276,31,False,1,broad-rank-v1:b-83880d2875a792c4f0ca,,,21,20,Enclosing batch sums; includes preparation and verification. Not exact discovery CPU.
ORIGINATING_CALL; may be certified by later reconciliation,0.0,143.884829917,0.0,155.33378211699892,17,False,1,broad-rank-v1:b-3aed26a3ee147fd65cd5,,,18,17,Enclosing batch sums; includes preparation and verification. Not exact discovery CPU.
ORIGINATING_CALL; may be certified by later reconciliation,143.884829917,258.288241845,155.33378211699892,279.7918352409906,128,False,1,broad-rank-v1:b-3aed26a3ee147fd65cd5,,,19,18,Enclosing batch sums; includes preparation and verification. Not exact discovery CPU.
ORIGINATING_CALL; may be certified by later reconciliation,0.0,251.175807022,0.0,349.5170070299937,159,False,1,broad-rank-v1:b-64687f0c57d3c4b85935,,,18,17,Enclosing batch sums; includes preparation and verification. Not exact discovery CPU.
ORIGINATING_CALL; may be certified by later reconciliation,0.0,198.46460276899998,0.0,217.34347281999362,83,False,1,broad-rank-v1:b-47649bef4c1ba81df0ee,,,18,17,Enclosing batch sums; includes preparation and verification. Not exact discovery CPU.
ORIGINATING_CALL; may be certified by later reconciliation,0.0,198.46460276899998,0.0,217.34347281999362,94,False,1,broad-rank-v1:b-47649bef4c1ba81df0ee,,,19,18,Enclosing batch sums; includes preparation and verification. Not exact discovery CPU.
ORIGINATING_CALL; may be certified by later reconciliation,0.0,132.003329971,0.0,142.80204341100762,17,False,1,broad-rank-v1:b-59a69a295373475c78ce,,,18,17,Enclosing batch sums; includes preparation and verification. Not exact discovery CPU.
ORIGINATING_CALL; may be certified by later reconciliation,0.0,150.533419847,0.0,164.01146738999523,25,False,1,broad-rank-v1:b-0baead4ef43f4ac7e008,,,18,17,Enclosing batch sums; includes preparation and verification. Not exact discovery CPU.
ORIGINATING_CALL; may be certified by later reconciliation,0.0,165.69194968899998,0.0,188.36519250899437,17,False,1,broad-rank-v1:b-4326ff5dbc0740fa5f78,,,18,17,Enclosing batch sums; includes preparation and verification. Not exact discovery CPU.
ORIGINATING_CALL; may be certified by later reconciliation,0.0,165.69194968899998,0.0,188.36519250899437,58,False,1,broad-rank-v1:b-4326ff5dbc0740fa5f78,,,19,18,Enclosing batch sums; includes preparation and verification. Not exact discovery CPU.
ORIGINATING_CALL; may be certified by later reconciliation,0.0,146.225641232,0.0,160.17947200400522,7,False,1,broad-rank-v1:b-cc5fdc8031a9cc35fb89,,,18,17,Enclosing batch sums; includes preparation and verification. Not exact discovery CPU.
ORIGINATING_CALL; may be certified by later reconciliation,0.0,146.225641232,0.0,160.17947200400522,78,False,1,broad-rank-v1:b-cc5fdc8031a9cc35fb89,,,19,18,Enclosing batch sums; includes preparation and verification. Not exact discovery CPU.
ORIGINATING_CALL; may be certified by later reconciliation,0.0,192.34823542099997,0.0,212.39540707800188,7,False,2,broad-rank-v1:b-71bb135b085b9479ee93,,,19,17,Enclosing batch sums; includes preparation and verification. Not exact discovery CPU.
ORIGINATING_CALL; may be certified by later reconciliation,0.0,192.34823542099997,0.0,212.39540707800188,22,False,1,broad-rank-v1:b-71bb135b085b9479ee93,,,20,19,Enclosing batch sums; includes preparation and verification. Not exact discovery CPU.
ORIGINATING_CALL; may be certified by later reconciliation,0.0,192.34823542099997,0.0,212.39540707800188,25,False,1,broad-rank-v1:b-71bb135b085b9479ee93,,,21,20,Enclosing batch sums; includes preparation and verification. Not exact discovery CPU.
ORIGINATING_CALL; may be certified by later reconciliation,0.0,416.048466848,0.0,490.21357561399054,1,False,4,broad-rank-v1:b-37d50595eb8037ca7d7c,,,21,17,Enclosing batch sums; includes preparation and verification. Not exact discovery CPU.
ORIGINATING_CALL; may be certified by later reconciliation,0.0,416.048466848,0.0,490.21357561399054,2,False,1,broad-rank-v1:b-37d50595eb8037ca7d7c,,,22,21,Enclosing batch sums; includes preparation and verification. Not exact discovery CPU.
ORIGINATING_CALL; may be certified by later reconciliation,0.0,416.048466848,0.0,490.21357561399054,5,False,1,broad-rank-v1:b-37d50595eb8037ca7d7c,,,23,22,Enclosing batch sums; includes preparation and verification. Not exact discovery CPU.
ORIGINATING_CALL; may be certified by later reconciliation,0.0,135.179676605,0.0,146.0580921679939,1,False,1,broad-rank-v1:b-4b02a620f3d094e28ae2,,,18,17,Enclosing batch sums; includes preparation and verification. Not exact discovery CPU.
ORIGINATING_CALL; may be certified by later reconciliation,0.0,142.31461491299999,0.0,159.53808634600136,9,False,1,broad-rank-v1:b-babf6f74ffeb4e1764fe,,,18,17,Enclosing batch sums; includes preparation and verification. Not exact discovery CPU.
ORIGINATING_CALL; may be certified by later reconciliation,0.0,142.31461491299999,0.0,159.53808634600136,28,False,1,broad-rank-v1:b-babf6f74ffeb4e1764fe,,,19,18,Enclosing batch sums; includes preparation and verification. Not exact discovery CPU.
ORIGINATING_CALL; may be certified by later reconciliation,0.0,176.639414029,0.0,186.72381629099254,41,False,1,broad-rank-v1:b-9a515c585cd973222d78,,,18,17,Enclosing batch sums; includes preparation and verification. Not exact discovery CPU.
ORIGINATING_CALL; may be certified by later reconciliation,176.639414029,303.417228015,186.72381629099254,322.19513363199076,220,False,1,broad-rank-v1:b-9a515c585cd973222d78,,,19,18,Enclosing batch sums; includes preparation and verification. Not exact discovery CPU.
ORIGINATING_CALL; may be certified by later reconciliation,412.708847718,507.51568784,436.04514521799865,538.5491831990075,356,False,1,broad-rank-v1:b-9a515c585cd973222d78,,,20,19,Enclosing batch sums; includes preparation and verification. Not exact discovery CPU.
ORIGINATING_CALL; may be certified by later reconciliation,0.0,222.488529854,0.0,295.09311799200077,91,False,1,broad-rank-v1:b-634eac740a2fb2309250,,,18,17,Enclosing batch sums; includes preparation and verification. Not exact discovery CPU.
ORIGINATING_CALL; may be certified by later reconciliation,0.0,164.224568004,0.0,178.54331384999387,15,False,1,broad-rank-v1:b-dcf27923952bc37a4180,,,18,17,Enclosing batch sums; includes preparation and verification. Not exact discovery CPU.
ORIGINATING_CALL; may be certified by later reconciliation,0.0,164.224568004,0.0,178.54331384999387,40,False,1,broad-rank-v1:b-dcf27923952bc37a4180,,,19,18,Enclosing batch sums; includes preparation and verification. Not exact discovery CPU.
ORIGINATING_CALL; may be certified by later reconciliation,0.0,154.361526512,0.0,175.3646005549963,7,False,1,broad-rank-v1:b-513d01a3e8d4bdf9b0c9,,,18,17,Enclosing batch sums; includes preparation and verification. Not exact discovery CPU.
ORIGINATING_CALL; may be certified by later reconciliation,0.0,154.361526512,0.0,175.3646005549963,38,False,1,broad-rank-v1:b-513d01a3e8d4bdf9b0c9,,,19,18,Enclosing batch sums; includes preparation and verification. Not exact discovery CPU.
ORIGINATING_CALL; may be certified by later reconciliation,0.0,259.78703376100003,0.0,353.0931886879989,117,False,1,broad-rank-v1:b-797b21738ee0bd228b52,,,18,17,Enclosing batch sums; includes preparation and verification. Not exact discovery CPU.
ORIGINATING_CALL; may be certified by later reconciliation,0.0,128.929680231,0.0,141.79436851300125,29,False,1,broad-rank-v1:b-948ead8fa4d2ace27196,,,18,17,Enclosing batch sums; includes preparation and verification. Not exact discovery CPU.
ORIGINATING_CALL; may be certified by later reconciliation,0.0,155.42663733999998,0.0,176.45182797100279,9,False,1,broad-rank-v1:b-2a1dc1f906b97436576d,,,18,17,Enclosing batch sums; includes preparation and verification. Not exact discovery CPU.
ORIGINATING_CALL; may be certified by later reconciliation,0.0,155.42663733999998,0.0,176.45182797100279,18,False,1,broad-rank-v1:b-2a1dc1f906b97436576d,,,19,18,Enclosing batch sums; includes preparation and verification. Not exact discovery CPU.
ORIGINATING_CALL; may be certified by later reconciliation,0.0,116.74904453199998,0.0,133.94523011901765,5,False,1,broad-rank-v1:b-102e2487b5cbb3dfe3e9,,,18,17,Enclosing batch sums; includes preparation and verification. Not exact discovery CPU.
ORIGINATING_CALL; may be certified by later reconciliation,0.0,168.373526089,0.0,182.653454978019,45,False,1,broad-rank-v1:b-5de11ff11019d177b9c7,,,18,17,Enclosing batch sums; includes preparation and verification. Not exact discovery CPU.
ORIGINATING_CALL; may be certified by later reconciliation,168.373526089,278.447702879,182.653454978019,303.3202910310065,182,False,1,broad-rank-v1:b-5de11ff11019d177b9c7,,,19,18,Enclosing batch sums; includes preparation and verification. Not exact discovery CPU.
ORIGINATING_CALL; may be certified by later reconciliation,0.0,149.433668481,0.0,173.01930969799287,10,False,1,broad-rank-v1:b-050a6374083d8cb9328c,,,18,17,Enclosing batch sums; includes preparation and verification. Not exact discovery CPU.
ORIGINATING_CALL; may be certified by later reconciliation,0.0,149.433668481,0.0,173.01930969799287,89,False,1,broad-rank-v1:b-050a6374083d8cb9328c,,,19,18,Enclosing batch sums; includes preparation and verification. Not exact discovery CPU.
ORIGINATING_CALL; may be certified by later reconciliation,244.13530443000002,360.762394672,274.37917239099625,399.49194218899356,289,False,1,broad-rank-v1:b-050a6374083d8cb9328c,,,20,19,Enclosing batch sums; includes preparation and verification. Not exact discovery CPU.
ORIGINATING_CALL; may be certified by later reconciliation,388.668700074,518.512618124,431.4409954830189,568.6491954560042,335,False,1,broad-rank-v1:b-050a6374083d8cb9328c,,,21,20,Enclosing batch sums; includes preparation and verification. Not exact discovery CPU.
ORIGINATING_CALL; may be certified by later reconciliation,518.512618124,671.128531792,568.6491954560042,727.0095903379843,456,False,1,broad-rank-v1:b-050a6374083d8cb9328c,,,22,21,Enclosing batch sums; includes preparation and verification. Not exact discovery CPU.
ORIGINATING_CALL; may be certified by later reconciliation,0.0,322.098291572,0.0,342.9022271170106,5,False,1,broad-rank-v1:b-c6696036d8e65c023954,,,18,17,Enclosing batch sums; includes preparation and verification. Not exact discovery CPU.
ORIGINATING_CALL; may be certified by later reconciliation,0.0,322.098291572,0.0,342.9022271170106,6,False,3,broad-rank-v1:b-c6696036d8e65c023954,,,21,18,Enclosing batch sums; includes preparation and verification. Not exact discovery CPU.
ORIGINATING_CALL; may be certified by later reconciliation,0.0,322.098291572,0.0,342.9022271170106,9,False,1,broad-rank-v1:b-c6696036d8e65c023954,,,22,21,Enclosing batch sums; includes preparation and verification. Not exact discovery CPU.
ORIGINATING_CALL; may be certified by later reconciliation,0.0,322.098291572,0.0,342.9022271170106,14,False,1,broad-rank-v1:b-c6696036d8e65c023954,,,23,22,Enclosing batch sums; includes preparation and verification. Not exact discovery CPU.
ORIGINATING_CALL; may be certified by later reconciliation,0.0,184.705797702,0.0,201.7997738130216,25,False,1,broad-rank-v1:b-b0e440ce03095e7415ce,,,18,17,Enclosing batch sums; includes preparation and verification. Not exact discovery CPU.
ORIGINATING_CALL; may be certified by later reconciliation,0.0,184.705797702,0.0,201.7997738130216,28,False,1,broad-rank-v1:b-b0e440ce03095e7415ce,,,19,18,Enclosing batch sums; includes preparation and verification. Not exact discovery CPU.
ORIGINATING_CALL; may be certified by later reconciliation,0.0,184.705797702,0.0,201.7997738130216,35,False,1,broad-rank-v1:b-b0e440ce03095e7415ce,,,20,19,Enclosing batch sums; includes preparation and verification. Not exact discovery CPU.
ORIGINATING_CALL; may be certified by later reconciliation,0.0,180.94029409,0.0,195.08887316202163,41,False,1,broad-rank-v1:b-a71cdc8f12e1e1ec968a,,,18,17,Enclosing batch sums; includes preparation and verification. Not exact discovery CPU.
ORIGINATING_CALL; may be certified by later reconciliation,0.0,128.82030483600002,0.0,137.7946300439944,7,False,1,broad-rank-v1:b-41b92edc11916167665e,,,18,17,Enclosing batch sums; includes preparation and verification. Not exact discovery CPU.
ORIGINATING_CALL; may be certified by later reconciliation,0.0,133.770521157,0.0,151.13670853400254,21,False,1,broad-rank-v1:b-2d5fc8558b0a6b454024,,,18,17,Enclosing batch sums; includes preparation and verification. Not exact discovery CPU.
ORIGINATING_CALL; may be certified by later reconciliation,0.0,156.87801227,0.0,167.86873161501717,23,False,1,broad-rank-v1:b-6acd33e47f7325320e26,,,18,17,Enclosing batch sums; includes preparation and verification. Not exact discovery CPU.
ORIGINATING_CALL; may be certified by later reconciliation,0.0,187.75011271699998,0.0,198.4813044439943,43,False,1,broad-rank-v1:b-81a72d1f9e37b2085bd4,,,18,17,Enclosing batch sums; includes preparation and verification. Not exact discovery CPU.
ORIGINATING_CALL; may be certified by later reconciliation,0.0,180.51614970400001,0.0,202.8185477280058,10,False,1,broad-rank-v1:b-b8ec208c096fc735d02f,,,18,17,Enclosing batch sums; includes preparation and verification. Not exact discovery CPU.
ORIGINATING_CALL; may be certified by later reconciliation,0.0,180.51614970400001,0.0,202.8185477280058,32,False,1,broad-rank-v1:b-b8ec208c096fc735d02f,,,19,18,Enclosing batch sums; includes preparation and verification. Not exact discovery CPU.
ORIGINATING_CALL; may be certified by later reconciliation,0.0,180.51614970400001,0.0,202.8185477280058,57,False,1,broad-rank-v1:b-b8ec208c096fc735d02f,,,20,19,Enclosing batch sums; includes preparation and verification. Not exact discovery CPU.
ORIGINATING_CALL; may be certified by later reconciliation,0.0,166.00741609800002,0.0,190.1228377110092,7,False,1,broad-rank-v1:b-69a4a5bc530a7eb503f7,,,18,17,Enclosing batch sums; includes preparation and verification. Not exact discovery CPU.
ORIGINATING_CALL; may be certified by later reconciliation,0.0,166.00741609800002,0.0,190.1228377110092,36,False,1,broad-rank-v1:b-69a4a5bc530a7eb503f7,,,19,18,Enclosing batch sums; includes preparation and verification. Not exact discovery CPU.
ORIGINATING_CALL; may be certified by later reconciliation,0.0,166.00741609800002,0.0,190.1228377110092,69,False,1,broad-rank-v1:b-69a4a5bc530a7eb503f7,,,20,19,Enclosing batch sums; includes preparation and verification. Not exact discovery CPU.
ORIGINATING_CALL; may be certified by later reconciliation,166.00741609800002,304.58144077500003,190.1228377110092,338.26176250801655,123,False,1,broad-rank-v1:b-69a4a5bc530a7eb503f7,,,21,20,Enclosing batch sums; includes preparation and verification. Not exact discovery CPU.
ORIGINATING_CALL; may be certified by later reconciliation,0.0,186.611006119,0.0,210.27048828202533,13,False,1,broad-rank-v1:b-04697d10a41cecdfcc67,,,18,17,Enclosing batch sums; includes preparation and verification. Not exact discovery CPU.
ORIGINATING_CALL; may be certified by later reconciliation,0.0,186.611006119,0.0,210.27048828202533,18,False,1,broad-rank-v1:b-04697d10a41cecdfcc67,,,19,18,Enclosing batch sums; includes preparation and verification. Not exact discovery CPU.
ORIGINATING_CALL; may be certified by later reconciliation,0.0,186.611006119,0.0,210.27048828202533,71,False,1,broad-rank-v1:b-04697d10a41cecdfcc67,,,20,19,Enclosing batch sums; includes preparation and verification. Not exact discovery CPU.
ORIGINATING_CALL; may be certified by later reconciliation,0.0,155.047838454,0.0,176.26049815199804,3,False,1,broad-rank-v1:b-917822e5bef1a480e8de,,,18,17,Enclosing batch sums; includes preparation and verification. Not exact discovery CPU.
ORIGINATING_CALL; may be certified by later reconciliation,0.0,155.047838454,0.0,176.26049815199804,20,False,1,broad-rank-v1:b-917822e5bef1a480e8de,,,19,18,Enclosing batch sums; includes preparation and verification. Not exact discovery CPU.
ORIGINATING_CALL; may be certified by later reconciliation,155.047838454,276.16096742599996,176.26049815199804,307.7065615580068,156,False,1,broad-rank-v1:b-917822e5bef1a480e8de,,,20,19,Enclosing batch sums; includes preparation and verification. Not exact discovery CPU.
ORIGINATING_CALL; may be certified by later reconciliation,0.0,153.73714681899997,0.0,168.19781435700133,31,False,1,broad-rank-v1:b-90ce2e756da14e708ae8,,,18,17,Enclosing batch sums; includes preparation and verification. Not exact discovery CPU.
ORIGINATING_CALL; may be certified by later reconciliation,0.0,154.983605565,0.0,170.65647229002207,27,False,1,broad-rank-v1:b-c7dcd63133e5b9ad2ac6,,,18,17,Enclosing batch sums; includes preparation and verification. Not exact discovery CPU.
ORIGINATING_CALL; may be certified by later reconciliation,0.0,137.80765706699998,0.0,149.20194718099083,13,False,1,broad-rank-v1:b-c52b7fcd100cb455909a,,,18,17,Enclosing batch sums; includes preparation and verification. Not exact discovery CPU.
ORIGINATING_CALL; may be certified by later reconciliation,0.0,155.260143898,0.0,173.7053862909961,7,False,1,broad-rank-v1:b-ee42888466335c05f3a8,,,18,17,Enclosing batch sums; includes preparation and verification. Not exact discovery CPU.
ORIGINATING_CALL; may be certified by later reconciliation,0.0,155.260143898,0.0,173.7053862909961,84,False,1,broad-rank-v1:b-ee42888466335c05f3a8,,,19,18,Enclosing batch sums; includes preparation and verification. Not exact discovery CPU.
ORIGINATING_CALL; may be certified by later reconciliation,0.0,179.055176913,0.0,195.11209778301418,53,False,1,broad-rank-v1:b-e01e176e9fe4ab2e990b,,,18,17,Enclosing batch sums; includes preparation and verification. Not exact discovery CPU.
ORIGINATING_CALL; may be certified by later reconciliation,0.0,191.89885367899998,0.0,203.81022315099835,41,False,1,broad-rank-v1:b-1b3d61d707c58c356bd9,,,18,17,Enclosing batch sums; includes preparation and verification. Not exact discovery CPU.
ORIGINATING_CALL; may be certified by later reconciliation,0.0,255.05014163899997,0.0,280.7241669340001,3,False,1,broad-rank-v1:b-435884aaa910f132bd9a,,,18,17,Enclosing batch sums; includes preparation and verification. Not exact discovery CPU.
ORIGINATING_CALL; may be certified by later reconciliation,0.0,255.05014163899997,0.0,280.7241669340001,6,False,1,broad-rank-v1:b-435884aaa910f132bd9a,,,19,18,Enclosing batch sums; includes preparation and verification. Not exact discovery CPU.
ORIGINATING_CALL; may be certified by later reconciliation,0.0,255.05014163899997,0.0,280.7241669340001,11,False,1,broad-rank-v1:b-435884aaa910f132bd9a,,,20,19,Enclosing batch sums; includes preparation and verification. Not exact discovery CPU.
ORIGINATING_CALL; may be certified by later reconciliation,0.0,255.05014163899997,0.0,280.7241669340001,12,False,1,broad-rank-v1:b-435884aaa910f132bd9a,,,21,20,Enclosing batch sums; includes preparation and verification. Not exact discovery CPU.
ORIGINATING_CALL; may be certified by later reconciliation,0.0,255.05014163899997,0.0,280.7241669340001,21,False,1,broad-rank-v1:b-435884aaa910f132bd9a,,,22,21,Enclosing batch sums; includes preparation and verification. Not exact discovery CPU.
ORIGINATING_CALL; may be certified by later reconciliation,0.0,197.705753717,0.0,221.96950829899288,3,False,2,broad-rank-v1:b-61d76fdffb4430565c23,,,19,17,Enclosing batch sums; includes preparation and verification. Not exact discovery CPU.
ORIGINATING_CALL; may be certified by later reconciliation,0.0,197.705753717,0.0,221.96950829899288,26,False,1,broad-rank-v1:b-61d76fdffb4430565c23,,,20,19,Enclosing batch sums; includes preparation and verification. Not exact discovery CPU.
ORIGINATING_CALL; may be certified by later reconciliation,0.0,197.705753717,0.0,221.96950829899288,27,False,1,broad-rank-v1:b-61d76fdffb4430565c23,,,21,20,Enclosing batch sums; includes preparation and verification. Not exact discovery CPU.
ORIGINATING_CALL; may be certified by later reconciliation,105.627028466,256.462785329,116.26328572898638,276.02975514996797,99,False,1,broad-rank-v1:b-5cd1051a052394504934,,,18,17,Enclosing batch sums; includes preparation and verification. Not exact discovery CPU.
ORIGINATING_CALL; may be certified by later reconciliation,105.627028466,256.462785329,116.26328572898638,276.02975514996797,154,False,1,broad-rank-v1:b-5cd1051a052394504934,,,19,18,Enclosing batch sums; includes preparation and verification. Not exact discovery CPU.
ORIGINATING_CALL; may be certified by later reconciliation,0.0,239.298068181,0.0,256.8386625479907,1,False,3,broad-rank-v1:b-0f3bc12e9be4473c6086,,,20,17,Enclosing batch sums; includes preparation and verification. Not exact discovery CPU.
ORIGINATING_CALL; may be certified by later reconciliation,0.0,239.298068181,0.0,256.8386625479907,2,False,1,broad-rank-v1:b-0f3bc12e9be4473c6086,,,21,20,Enclosing batch sums; includes preparation and verification. Not exact discovery CPU.
ORIGINATING_CALL; may be certified by later reconciliation,0.0,239.298068181,0.0,256.8386625479907,5,False,1,broad-rank-v1:b-0f3bc12e9be4473c6086,,,22,21,Enclosing batch sums; includes preparation and verification. Not exact discovery CPU.
ORIGINATING_CALL; may be certified by later reconciliation,0.0,160.8575392,0.0,177.5670640700264,7,False,1,broad-rank-v1:b-b1888cd27499ed621d26,,,18,17,Enclosing batch sums; includes preparation and verification. Not exact discovery CPU.
ORIGINATING_CALL; may be certified by later reconciliation,0.0,160.8575392,0.0,177.5670640700264,30,False,1,broad-rank-v1:b-b1888cd27499ed621d26,,,19,18,Enclosing batch sums; includes preparation and verification. Not exact discovery CPU.
ORIGINATING_CALL; may be certified by later reconciliation,0.0,198.59464322999997,0.0,215.95889907499077,65,False,1,broad-rank-v1:b-29f898754474f4758003,,,18,17,Enclosing batch sums; includes preparation and verification. Not exact discovery CPU.
ORIGINATING_CALL; may be certified by later reconciliation,198.59464322999997,327.603152487,215.95889907499077,353.19920648497646,248,False,1,broad-rank-v1:b-29f898754474f4758003,,,19,18,Enclosing batch sums; includes preparation and verification. Not exact discovery CPU.
ORIGINATING_CALL; may be certified by later reconciliation,0.0,179.30074127400002,0.0,196.63147885599756,57,False,1,broad-rank-v1:b-406ecadd9268797c55c4,,,18,17,Enclosing batch sums; includes preparation and verification. Not exact discovery CPU.
ORIGINATING_CALL; may be certified by later reconciliation,0.0,278.332997735,0.0,378.6462117880001,15,False,1,broad-rank-v1:b-7acd442e05ec62e9d29b,,,18,17,Enclosing batch sums; includes preparation and verification. Not exact discovery CPU.
ORIGINATING_CALL; may be certified by later reconciliation,0.0,278.332997735,0.0,378.6462117880001,62,False,1,broad-rank-v1:b-7acd442e05ec62e9d29b,,,19,18,Enclosing batch sums; includes preparation and verification. Not exact discovery CPU.
ORIGINATING_CALL; may be certified by later reconciliation,0.0,138.590181241,0.0,151.5069157310063,20,False,1,broad-rank-v1:b-63cc4afd0d5fffa04ddb,,,18,17,Enclosing batch sums; includes preparation and verification. Not exact discovery CPU.
ORIGINATING_CALL; may be certified by later reconciliation,0.0,130.626313368,0.0,141.7097275389824,9,False,1,broad-rank-v1:b-a8a5fa929bf4847b0fa7,,,18,17,Enclosing batch sums; includes preparation and verification. Not exact discovery CPU.
ORIGINATING_CALL; may be certified by later reconciliation,0.0,165.20526641500004,0.0,183.59446831198875,63,False,1,broad-rank-v1:b-93dc2e71e1636e883542,,,18,17,Enclosing batch sums; includes preparation and verification. Not exact discovery CPU.
ORIGINATING_CALL; may be certified by later reconciliation,0.0,232.64923544500002,0.0,335.099808650004,7,False,1,broad-rank-v1:b-1a857280e4beca139d0e,,,18,17,Enclosing batch sums; includes preparation and verification. Not exact discovery CPU.
ORIGINATING_CALL; may be certified by later reconciliation,0.0,232.64923544500002,0.0,335.099808650004,16,False,1,broad-rank-v1:b-1a857280e4beca139d0e,,,19,18,Enclosing batch sums; includes preparation and verification. Not exact discovery CPU.
ORIGINATING_CALL; may be certified by later reconciliation,0.0,169.41424401400002,0.0,193.00773649700568,3,False,2,broad-rank-v1:b-71765079c9412ec2a43b,,,19,17,Enclosing batch sums; includes preparation and verification. Not exact discovery CPU.
ORIGINATING_CALL; may be certified by later reconciliation,0.0,169.41424401400002,0.0,193.00773649700568,32,False,1,broad-rank-v1:b-71765079c9412ec2a43b,,,20,19,Enclosing batch sums; includes preparation and verification. Not exact discovery CPU.
ORIGINATING_CALL; may be certified by later reconciliation,0.0,169.41424401400002,0.0,193.00773649700568,103,False,1,broad-rank-v1:b-71765079c9412ec2a43b,,,21,20,Enclosing batch sums; includes preparation and verification. Not exact discovery CPU.
ORIGINATING_CALL; may be certified by later reconciliation,169.41424401400002,351.1238429890001,193.00773649700568,381.67006489800406,160,False,1,broad-rank-v1:b-71765079c9412ec2a43b,,,22,21,Enclosing batch sums; includes preparation and verification. Not exact discovery CPU.
ORIGINATING_CALL; may be certified by later reconciliation,351.1238429890001,583.9581419830001,381.67006489800406,618.0417211810127,254,False,1,broad-rank-v1:b-71765079c9412ec2a43b,,,23,22,Enclosing batch sums; includes preparation and verification. Not exact discovery CPU.
ORIGINATING_CALL; may be certified by later reconciliation,0.0,308.438392457,0.0,331.6982183990185,1,False,1,broad-rank-v1:b-6fa796d523a324491258,,,18,17,Enclosing batch sums; includes preparation and verification. Not exact discovery CPU.
ORIGINATING_CALL; may be certified by later reconciliation,0.0,308.438392457,0.0,331.6982183990185,2,False,3,broad-rank-v1:b-6fa796d523a324491258,,,21,18,Enclosing batch sums; includes preparation and verification. Not exact discovery CPU.
ORIGINATING_CALL; may be certified by later reconciliation,0.0,308.438392457,0.0,331.6982183990185,5,False,1,broad-rank-v1:b-6fa796d523a324491258,,,22,21,Enclosing batch sums; includes preparation and verification. Not exact discovery CPU.
ORIGINATING_CALL; may be certified by later reconciliation,0.0,308.438392457,0.0,331.6982183990185,8,False,1,broad-rank-v1:b-6fa796d523a324491258,,,23,22,Enclosing batch sums; includes preparation and verification. Not exact discovery CPU.
ORIGINATING_CALL; may be certified by later reconciliation,0.0,252.520473799,0.0,339.46034689299995,7,False,1,broad-rank-v1:b-811dec315f9fde8861a4,,,18,17,Enclosing batch sums; includes preparation and verification. Not exact discovery CPU.
ORIGINATING_CALL; may be certified by later reconciliation,0.0,252.520473799,0.0,339.46034689299995,60,False,1,broad-rank-v1:b-811dec315f9fde8861a4,,,19,18,Enclosing batch sums; includes preparation and verification. Not exact discovery CPU.
ORIGINATING_CALL; may be certified by later reconciliation,252.520473799,375.287898929,339.46034689299995,474.30233917498845,201,False,1,broad-rank-v1:b-811dec315f9fde8861a4,,,20,19,Enclosing batch sums; includes preparation and verification. Not exact discovery CPU.
ORIGINATING_CALL; may be certified by later reconciliation,0.0,167.051474308,0.0,181.91511391301174,7,False,1,broad-rank-v1:b-b09052b90319b1578255,,,18,17,Enclosing batch sums; includes preparation and verification. Not exact discovery CPU.
ORIGINATING_CALL; may be certified by later reconciliation,0.0,167.051474308,0.0,181.91511391301174,66,False,1,broad-rank-v1:b-b09052b90319b1578255,,,19,18,Enclosing batch sums; includes preparation and verification. Not exact discovery CPU.
ORIGINATING_CALL; may be certified by later reconciliation,0.0,158.758230622,0.0,177.3172126430145,3,False,1,broad-rank-v1:b-3ed852a9b4e9e564a811,,,18,17,Enclosing batch sums; includes preparation and verification. Not exact discovery CPU.
ORIGINATING_CALL; may be certified by later reconciliation,0.0,158.758230622,0.0,177.3172126430145,8,False,1,broad-rank-v1:b-3ed852a9b4e9e564a811,,,19,18,Enclosing batch sums; includes preparation and verification. Not exact discovery CPU.
ORIGINATING_CALL; may be certified by later reconciliation,0.0,245.536211886,0.0,272.9201416890137,1,False,1,broad-rank-v1:b-6c2c36055bafe74fe083,,,18,17,Enclosing batch sums; includes preparation and verification. Not exact discovery CPU.
ORIGINATING_CALL; may be certified by later reconciliation,0.0,245.536211886,0.0,272.9201416890137,6,False,1,broad-rank-v1:b-6c2c36055bafe74fe083,,,19,18,Enclosing batch sums; includes preparation and verification. Not exact discovery CPU.
ORIGINATING_CALL; may be certified by later reconciliation,0.0,245.536211886,0.0,272.9201416890137,12,False,1,broad-rank-v1:b-6c2c36055bafe74fe083,,,20,19,Enclosing batch sums; includes preparation and verification. Not exact discovery CPU.
ORIGINATING_CALL; may be certified by later reconciliation,0.0,245.536211886,0.0,272.9201416890137,37,False,1,broad-rank-v1:b-6c2c36055bafe74fe083,,,21,20,Enclosing batch sums; includes preparation and verification. Not exact discovery CPU.
ORIGINATING_CALL; may be certified by later reconciliation,0.0,245.536211886,0.0,272.9201416890137,40,False,1,broad-rank-v1:b-6c2c36055bafe74fe083,,,22,21,Enclosing batch sums; includes preparation and verification. Not exact discovery CPU.
ORIGINATING_CALL; may be certified by later reconciliation,0.0,179.156135776,0.0,198.0771515489905,17,False,1,broad-rank-v1:b-6da6fc1625cb7d8b6c7c,,,18,17,Enclosing batch sums; includes preparation and verification. Not exact discovery CPU.
ORIGINATING_CALL; may be certified by later reconciliation,0.0,179.156135776,0.0,198.0771515489905,20,False,1,broad-rank-v1:b-6da6fc1625cb7d8b6c7c,,,19,18,Enclosing batch sums; includes preparation and verification. Not exact discovery CPU.
ORIGINATING_CALL; may be certified by later reconciliation,0.0,179.156135776,0.0,198.0771515489905,69,False,1,broad-rank-v1:b-6da6fc1625cb7d8b6c7c,,,20,19,Enclosing batch sums; includes preparation and verification. Not exact discovery CPU.
ORIGINATING_CALL; may be certified by later reconciliation,282.06124718,408.759610177,306.29280828798073,439.96802990697324,264,False,1,broad-rank-v1:b-6da6fc1625cb7d8b6c7c,,,21,20,Enclosing batch sums; includes preparation and verification. Not exact discovery CPU.
ORIGINATING_CALL; may be certified by later reconciliation,408.759610177,571.526511723,439.96802990697324,608.0160491629795,392,False,1,broad-rank-v1:b-6da6fc1625cb7d8b6c7c,,,22,21,Enclosing batch sums; includes preparation and verification. Not exact discovery CPU.
ORIGINATING_CALL; may be certified by later reconciliation,0.0,173.821309801,0.0,194.3274514169898,5,False,1,broad-rank-v1:b-71673d646b031db977cd,,,18,17,Enclosing batch sums; includes preparation and verification. Not exact discovery CPU.
ORIGINATING_CALL; may be certified by later reconciliation,0.0,173.821309801,0.0,194.3274514169898,14,False,1,broad-rank-v1:b-71673d646b031db977cd,,,19,18,Enclosing batch sums; includes preparation and verification. Not exact discovery CPU.
ORIGINATING_CALL; may be certified by later reconciliation,0.0,173.821309801,0.0,194.3274514169898,83,False,1,broad-rank-v1:b-71673d646b031db977cd,,,20,19,Enclosing batch sums; includes preparation and verification. Not exact discovery CPU.
ORIGINATING_CALL; may be certified by later reconciliation,0.0,270.034318483,0.0,370.0676362130034,5,False,1,broad-rank-v1:b-1bbe709c3162c8bbf493,,,18,17,Enclosing batch sums; includes preparation and verification. Not exact discovery CPU.
ORIGINATING_CALL; may be certified by later reconciliation,0.0,270.034318483,0.0,370.0676362130034,11,False,1,broad-rank-v1:b-1bbe709c3162c8bbf493,,,19,18,Enclosing batch sums; includes preparation and verification. Not exact discovery CPU.
ORIGINATING_CALL; may be certified by later reconciliation,0.0,270.034318483,0.0,370.0676362130034,32,False,1,broad-rank-v1:b-1bbe709c3162c8bbf493,,,20,19,Enclosing batch sums; includes preparation and verification. Not exact discovery CPU.
ORIGINATING_CALL; may be certified by later reconciliation,0.0,270.034318483,0.0,370.0676362130034,35,False,1,broad-rank-v1:b-1bbe709c3162c8bbf493,,,21,20,Enclosing batch sums; includes preparation and verification. Not exact discovery CPU.
ORIGINATING_CALL; may be certified by later reconciliation,0.0,121.934846283,0.0,131.53331686201273,5,False,1,broad-rank-v1:b-2ced07ed7c98a83730f0,,,18,17,Enclosing batch sums; includes preparation and verification. Not exact discovery CPU.
ORIGINATING_CALL; may be certified by later reconciliation,0.0,120.651144631,0.0,135.74717565599713,1,False,1,broad-rank-v1:b-d0e677f957e5eeffb2f9,,,18,17,Enclosing batch sums; includes preparation and verification. Not exact discovery CPU.
ORIGINATING_CALL; may be certified by later reconciliation,0.0,268.31829821499997,0.0,366.16102674699505,7,False,1,broad-rank-v1:b-fba6cfd1b23fc0ec474a,,,18,17,Enclosing batch sums; includes preparation and verification. Not exact discovery CPU.
ORIGINATING_CALL; may be certified by later reconciliation,0.0,268.31829821499997,0.0,366.16102674699505,8,False,1,broad-rank-v1:b-fba6cfd1b23fc0ec474a,,,19,18,Enclosing batch sums; includes preparation and verification. Not exact discovery CPU.
ORIGINATING_CALL; may be certified by later reconciliation,0.0,268.31829821499997,0.0,366.16102674699505,9,False,2,broad-rank-v1:b-fba6cfd1b23fc0ec474a,,,21,19,Enclosing batch sums; includes preparation and verification. Not exact discovery CPU.
ORIGINATING_CALL; may be certified by later reconciliation,0.0,145.94930856500002,0.0,159.5778813409852,1,False,1,broad-rank-v1:b-e3ee2d3a82ae7200ceb3,,,18,17,Enclosing batch sums; includes preparation and verification. Not exact discovery CPU.
ORIGINATING_CALL; may be certified by later reconciliation,0.0,145.94930856500002,0.0,159.5778813409852,26,False,1,broad-rank-v1:b-e3ee2d3a82ae7200ceb3,,,19,18,Enclosing batch sums; includes preparation and verification. Not exact discovery CPU.
ORIGINATING_CALL; may be certified by later reconciliation,0.0,188.680351819,0.0,200.1511872789997,59,False,1,broad-rank-v1:b-3f99836994725f29a27a,,,18,17,Enclosing batch sums; includes preparation and verification. Not exact discovery CPU.
ORIGINATING_CALL; may be certified by later reconciliation,0.0,183.192978125,0.0,201.3863240579958,83,False,1,broad-rank-v1:b-c97611f4d60bd9a36c89,,,18,17,Enclosing batch sums; includes preparation and verification. Not exact discovery CPU.
ORIGINATING_CALL; may be certified by later reconciliation,0.0,227.692326863,0.0,322.9337641230086,9,False,1,broad-rank-v1:b-5ba9fa054b6889ba712a,,,18,17,Enclosing batch sums; includes preparation and verification. Not exact discovery CPU.
ORIGINATING_CALL; may be certified by later reconciliation,0.0,227.692326863,0.0,322.9337641230086,10,False,1,broad-rank-v1:b-5ba9fa054b6889ba712a,,,19,18,Enclosing batch sums; includes preparation and verification. Not exact discovery CPU.
ORIGINATING_CALL; may be certified by later reconciliation,0.0,227.692326863,0.0,322.9337641230086,13,False,1,broad-rank-v1:b-5ba9fa054b6889ba712a,,,20,19,Enclosing batch sums; includes preparation and verification. Not exact discovery CPU.
ORIGINATING_CALL; may be certified by later reconciliation,0.0,136.78913736799998,0.0,150.19265860898304,5,False,1,broad-rank-v1:b-6709a132cc67362f0894,,,18,17,Enclosing batch sums; includes preparation and verification. Not exact discovery CPU.
ORIGINATING_CALL; may be certified by later reconciliation,0.0,159.79079611,0.0,178.99288880600943,7,False,2,broad-rank-v1:b-0a8a4b1b2e9734a99fe9,,,19,17,Enclosing batch sums; includes preparation and verification. Not exact discovery CPU.
ORIGINATING_CALL; may be certified by later reconciliation,0.0,159.79079611,0.0,178.99288880600943,8,False,1,broad-rank-v1:b-0a8a4b1b2e9734a99fe9,,,20,19,Enclosing batch sums; includes preparation and verification. Not exact discovery CPU.
ORIGINATING_CALL; may be certified by later reconciliation,0.0,315.06798073500005,0.0,404.18486823598505,6,False,1,broad-rank-v1:b-d35bbd4fb5df06adb311,,,18,17,Enclosing batch sums; includes preparation and verification. Not exact discovery CPU.
ORIGINATING_CALL; may be certified by later reconciliation,0.0,315.06798073500005,0.0,404.18486823598505,13,False,2,broad-rank-v1:b-d35bbd4fb5df06adb311,,,20,18,Enclosing batch sums; includes preparation and verification. Not exact discovery CPU.
ORIGINATING_CALL; may be certified by later reconciliation,0.0,315.06798073500005,0.0,404.18486823598505,28,False,1,broad-rank-v1:b-d35bbd4fb5df06adb311,,,21,20,Enclosing batch sums; includes preparation and verification. Not exact discovery CPU.
ORIGINATING_CALL; may be certified by later reconciliation,0.0,315.06798073500005,0.0,404.18486823598505,47,False,1,broad-rank-v1:b-d35bbd4fb5df06adb311,,,22,21,Enclosing batch sums; includes preparation and verification. Not exact discovery CPU.
ORIGINATING_CALL; may be certified by later reconciliation,0.0,182.806632566,0.0,207.58433287899243,15,False,1,broad-rank-v1:b-6b99c5f2bc68143e0cf4,,,18,17,Enclosing batch sums; includes preparation and verification. Not exact discovery CPU.
ORIGINATING_CALL; may be certified by later reconciliation,0.0,182.806632566,0.0,207.58433287899243,16,False,1,broad-rank-v1:b-6b99c5f2bc68143e0cf4,,,19,18,Enclosing batch sums; includes preparation and verification. Not exact discovery CPU.
ORIGINATING_CALL; may be certified by later reconciliation,0.0,182.806632566,0.0,207.58433287899243,71,False,1,broad-rank-v1:b-6b99c5f2bc68143e0cf4,,,20,19,Enclosing batch sums; includes preparation and verification. Not exact discovery CPU.
ORIGINATING_CALL; may be certified by later reconciliation,0.0,130.054639849,0.0,144.38455299998168,1,False,2,broad-rank-v1:b-10e7ab5df12862f7ec5f,,,19,17,Enclosing batch sums; includes preparation and verification. Not exact discovery CPU.
ORIGINATING_CALL; may be certified by later reconciliation,0.0,152.176955956,0.0,163.13471448002383,11,False,1,broad-rank-v1:b-48442f352363589b210c,,,18,17,Enclosing batch sums; includes preparation and verification. Not exact discovery CPU.
ORIGINATING_CALL; may be certified by later reconciliation,152.176955956,278.14479017400004,163.13471448002383,298.0850075990311,112,False,1,broad-rank-v1:b-48442f352363589b210c,,,19,18,Enclosing batch sums; includes preparation and verification. Not exact discovery CPU.
ORIGINATING_CALL; may be certified by later reconciliation,0.0,148.94145297199998,0.0,167.10295895999297,1,False,1,broad-rank-v1:b-daa101ee5641f62365e1,,,18,17,Enclosing batch sums; includes preparation and verification. Not exact discovery CPU.
ORIGINATING_CALL; may be certified by later reconciliation,0.0,148.94145297199998,0.0,167.10295895999297,14,False,1,broad-rank-v1:b-daa101ee5641f62365e1,,,19,18,Enclosing batch sums; includes preparation and verification. Not exact discovery CPU.
ORIGINATING_CALL; may be certified by later reconciliation,0.0,231.899250109,0.0,254.45144830699428,1,False,2,broad-rank-v1:b-78f22e1df10bfbea76d7,,,19,17,Enclosing batch sums; includes preparation and verification. Not exact discovery CPU.
ORIGINATING_CALL; may be certified by later reconciliation,0.0,231.899250109,0.0,254.45144830699428,6,False,2,broad-rank-v1:b-78f22e1df10bfbea76d7,,,21,19,Enclosing batch sums; includes preparation and verification. Not exact discovery CPU.
ORIGINATING_CALL; may be certified by later reconciliation,0.0,231.899250109,0.0,254.45144830699428,15,False,1,broad-rank-v1:b-78f22e1df10bfbea76d7,,,22,21,Enclosing batch sums; includes preparation and verification. Not exact discovery CPU.
ORIGINATING_CALL; may be certified by later reconciliation,0.0,343.156657951,0.0,440.888443393982,7,False,1,broad-rank-v1:b-0a747e12471c338d5d61,,,18,17,Enclosing batch sums; includes preparation and verification. Not exact discovery CPU.
ORIGINATING_CALL; may be certified by later reconciliation,0.0,343.156657951,0.0,440.888443393982,10,False,1,broad-rank-v1:b-0a747e12471c338d5d61,,,19,18,Enclosing batch sums; includes preparation and verification. Not exact discovery CPU.
ORIGINATING_CALL; may be certified by later reconciliation,0.0,343.156657951,0.0,440.888443393982,11,False,1,broad-rank-v1:b-0a747e12471c338d5d61,,,20,19,Enclosing batch sums; includes preparation and verification. Not exact discovery CPU.
ORIGINATING_CALL; may be certified by later reconciliation,0.0,343.156657951,0.0,440.888443393982,54,False,1,broad-rank-v1:b-0a747e12471c338d5d61,,,21,20,Enclosing batch sums; includes preparation and verification. Not exact discovery CPU.
ORIGINATING_CALL; may be certified by later reconciliation,0.0,343.156657951,0.0,440.888443393982,63,False,1,broad-rank-v1:b-0a747e12471c338d5d61,,,22,21,Enclosing batch sums; includes preparation and verification. Not exact discovery CPU.
ORIGINATING_CALL; may be certified by later reconciliation,0.0,192.219500175,0.0,215.04449222100084,1,False,2,broad-rank-v1:b-e7fc94d4633713337735,,,19,17,Enclosing batch sums; includes preparation and verification. Not exact discovery CPU.
ORIGINATING_CALL; may be certified by later reconciliation,0.0,192.219500175,0.0,215.04449222100084,4,False,1,broad-rank-v1:b-e7fc94d4633713337735,,,20,19,Enclosing batch sums; includes preparation and verification. Not exact discovery CPU.
ORIGINATING_CALL; may be certified by later reconciliation,0.0,192.219500175,0.0,215.04449222100084,17,False,1,broad-rank-v1:b-e7fc94d4633713337735,,,21,20,Enclosing batch sums; includes preparation and verification. Not exact discovery CPU.
ORIGINATING_CALL; may be certified by later reconciliation,0.0,223.381793482,0.0,312.85545103400364,71,False,1,broad-rank-v1:b-bb1a8aefe000aebcea52,,,18,17,Enclosing batch sums; includes preparation and verification. Not exact discovery CPU.
ORIGINATING_CALL; may be certified by later reconciliation,0.0,154.61679123700003,0.0,167.17970174201764,23,False,1,broad-rank-v1:b-daf1b37f0f23ba5e88e7,,,18,17,Enclosing batch sums; includes preparation and verification. Not exact discovery CPU.
ORIGINATING_CALL; may be certified by later reconciliation,154.61679123700003,291.719889414,167.17970174201764,316.23945843504043,133,False,1,broad-rank-v1:b-daf1b37f0f23ba5e88e7,,,19,18,Enclosing batch sums; includes preparation and verification. Not exact discovery CPU.
ORIGINATING_CALL; may be certified by later reconciliation,154.61679123700003,291.719889414,167.17970174201764,316.23945843504043,168,False,1,broad-rank-v1:b-daf1b37f0f23ba5e88e7,,,20,19,Enclosing batch sums; includes preparation and verification. Not exact discovery CPU.
ORIGINATING_CALL; may be certified by later reconciliation,396.673202715,535.924194231,425.9391562170349,572.4728762610175,394,False,1,broad-rank-v1:b-daf1b37f0f23ba5e88e7,,,21,20,Enclosing batch sums; includes preparation and verification. Not exact discovery CPU.
ORIGINATING_CALL; may be certified by later reconciliation,0.0,134.432731275,0.0,149.53903126399382,19,False,1,broad-rank-v1:b-e3117d66dc337caee009,,,18,17,Enclosing batch sums; includes preparation and verification. Not exact discovery CPU.
ORIGINATING_CALL; may be certified by later reconciliation,0.0,164.16663807700002,0.0,188.0330467140011,1,False,1,broad-rank-v1:b-61a7947b5a81e217f5ec,,,18,17,Enclosing batch sums; includes preparation and verification. Not exact discovery CPU.
ORIGINATING_CALL; may be certified by later reconciliation,0.0,164.16663807700002,0.0,188.0330467140011,16,False,1,broad-rank-v1:b-61a7947b5a81e217f5ec,,,19,18,Enclosing batch sums; includes preparation and verification. Not exact discovery CPU.
ORIGINATING_CALL; may be certified by later reconciliation,0.0,164.16663807700002,0.0,188.0330467140011,25,False,1,broad-rank-v1:b-61a7947b5a81e217f5ec,,,20,19,Enclosing batch sums; includes preparation and verification. Not exact discovery CPU.
ORIGINATING_CALL; may be certified by later reconciliation,0.0,170.105035353,0.0,186.93617666698992,1,False,2,broad-rank-v1:b-776e854eab80faa96e24,,,19,17,Enclosing batch sums; includes preparation and verification. Not exact discovery CPU.
ORIGINATING_CALL; may be certified by later reconciliation,0.0,170.105035353,0.0,186.93617666698992,94,False,1,broad-rank-v1:b-776e854eab80faa96e24,,,20,19,Enclosing batch sums; includes preparation and verification. Not exact discovery CPU.
ORIGINATING_CALL; may be certified by later reconciliation,0.0,170.673450625,0.0,183.88090649200603,48,False,1,broad-rank-v1:b-5b8ca1d2cf24dce70504,,,18,17,Enclosing batch sums; includes preparation and verification. Not exact discovery CPU.
ORIGINATING_CALL; may be certified by later reconciliation,0.0,196.369703267,0.0,222.47492156902445,5,False,1,broad-rank-v1:b-c2ea26aad1fbf112f825,,,18,17,Enclosing batch sums; includes preparation and verification. Not exact discovery CPU.
ORIGINATING_CALL; may be certified by later reconciliation,0.0,196.369703267,0.0,222.47492156902445,40,False,1,broad-rank-v1:b-c2ea26aad1fbf112f825,,,19,18,Enclosing batch sums; includes preparation and verification. Not exact discovery CPU.
ORIGINATING_CALL; may be certified by later reconciliation,0.0,196.369703267,0.0,222.47492156902445,45,False,1,broad-rank-v1:b-c2ea26aad1fbf112f825,,,20,19,Enclosing batch sums; includes preparation and verification. Not exact discovery CPU.
ORIGINATING_CALL; may be certified by later reconciliation,0.0,196.369703267,0.0,222.47492156902445,50,False,1,broad-rank-v1:b-c2ea26aad1fbf112f825,,,21,20,Enclosing batch sums; includes preparation and verification. Not exact discovery CPU.
ORIGINATING_CALL; may be certified by later reconciliation,0.0,233.51694787899999,0.0,249.65422730398132,97,False,1,broad-rank-v1:b-c01f7fa91df3d9e48a7d,,,18,17,Enclosing batch sums; includes preparation and verification. Not exact discovery CPU.
ORIGINATING_CALL; may be certified by later reconciliation,0.0,202.95847388100003,0.0,225.19373137201183,33,False,1,broad-rank-v1:b-3e4be25c6f3382bcd01f,,,18,17,Enclosing batch sums; includes preparation and verification. Not exact discovery CPU.
ORIGINATING_CALL; may be certified by later reconciliation,0.0,202.95847388100003,0.0,225.19373137201183,42,False,1,broad-rank-v1:b-3e4be25c6f3382bcd01f,,,19,18,Enclosing batch sums; includes preparation and verification. Not exact discovery CPU.
ORIGINATING_CALL; may be certified by later reconciliation,0.0,202.95847388100003,0.0,225.19373137201183,49,False,1,broad-rank-v1:b-3e4be25c6f3382bcd01f,,,20,19,Enclosing batch sums; includes preparation and verification. Not exact discovery CPU.
ORIGINATING_CALL; may be certified by later reconciliation,202.95847388100003,351.29892999000003,225.19373137201183,381.8358804300078,138,False,1,broad-rank-v1:b-3e4be25c6f3382bcd01f,,,21,20,Enclosing batch sums; includes preparation and verification. Not exact discovery CPU.
ORIGINATING_CALL; may be certified by later reconciliation,0.0,257.19488863099997,0.0,339.7035273219808,3,False,1,broad-rank-v1:b-3f024dab6f880ec2dd76,,,18,17,Enclosing batch sums; includes preparation and verification. Not exact discovery CPU.
ORIGINATING_CALL; may be certified by later reconciliation,0.0,166.18752034,0.0,179.57831917298608,41,False,1,broad-rank-v1:b-08d65b6f5aa948722e86,,,18,17,Enclosing batch sums; includes preparation and verification. Not exact discovery CPU.
ORIGINATING_CALL; may be certified by later reconciliation,0.0,155.912884136,0.0,168.88817933597602,3,False,1,broad-rank-v1:b-144b852368361af77229,,,18,17,Enclosing batch sums; includes preparation and verification. Not exact discovery CPU.
ORIGINATING_CALL; may be certified by later reconciliation,0.0,155.912884136,0.0,168.88817933597602,56,False,1,broad-rank-v1:b-144b852368361af77229,,,19,18,Enclosing batch sums; includes preparation and verification. Not exact discovery CPU.
ORIGINATING_CALL; may be certified by later reconciliation,0.0,141.624303516,0.0,154.57559360400774,13,False,1,broad-rank-v1:b-58db637c331f53d1084f,,,18,17,Enclosing batch sums; includes preparation and verification. Not exact discovery CPU.
ORIGINATING_CALL; may be certified by later reconciliation,0.0,248.21340296099999,0.0,350.4778486090072,3,False,1,broad-rank-v1:b-1eba72dd052f75ab8475,,,18,17,Enclosing batch sums; includes preparation and verification. Not exact discovery CPU.
ORIGINATING_CALL; may be certified by later reconciliation,248.21340296099999,383.234235922,350.4778486090072,500.21161194102024,251,False,1,broad-rank-v1:b-1eba72dd052f75ab8475,,,19,18,Enclosing batch sums; includes preparation and verification. Not exact discovery CPU.
ORIGINATING_CALL; may be certified by later reconciliation,248.21340296099999,383.234235922,350.4778486090072,500.21161194102024,264,False,1,broad-rank-v1:b-1eba72dd052f75ab8475,,,20,19,Enclosing batch sums; includes preparation and verification. Not exact discovery CPU.
ORIGINATING_CALL; may be certified by later reconciliation,0.0,209.845560714,0.0,230.8333656169998,45,False,1,broad-rank-v1:b-a3dbda024e012d3395bf,,,18,17,Enclosing batch sums; includes preparation and verification. Not exact discovery CPU.
ORIGINATING_CALL; may be certified by later reconciliation,0.0,209.845560714,0.0,230.8333656169998,68,False,1,broad-rank-v1:b-a3dbda024e012d3395bf,,,19,18,Enclosing batch sums; includes preparation and verification. Not exact discovery CPU.
ORIGINATING_CALL; may be certified by later reconciliation,0.0,209.845560714,0.0,230.8333656169998,95,False,1,broad-rank-v1:b-a3dbda024e012d3395bf,,,20,19,Enclosing batch sums; includes preparation and verification. Not exact discovery CPU.
ORIGINATING_CALL; may be certified by later reconciliation,0.0,190.092586017,0.0,217.66396397000062,3,False,1,broad-rank-v1:b-0b30de153a32fb76c632,,,18,17,Enclosing batch sums; includes preparation and verification. Not exact discovery CPU.
ORIGINATING_CALL; may be certified by later reconciliation,0.0,190.092586017,0.0,217.66396397000062,12,False,1,broad-rank-v1:b-0b30de153a32fb76c632,,,19,18,Enclosing batch sums; includes preparation and verification. Not exact discovery CPU.
ORIGINATING_CALL; may be certified by later reconciliation,0.0,190.092586017,0.0,217.66396397000062,23,False,1,broad-rank-v1:b-0b30de153a32fb76c632,,,20,19,Enclosing batch sums; includes preparation and verification. Not exact discovery CPU.
ORIGINATING_CALL; may be certified by later reconciliation,0.0,190.092586017,0.0,217.66396397000062,72,False,1,broad-rank-v1:b-0b30de153a32fb76c632,,,21,20,Enclosing batch sums; includes preparation and verification. Not exact discovery CPU.
ORIGINATING_CALL; may be certified by later reconciliation,0.0,208.542417786,0.0,225.59875501997885,87,False,1,broad-rank-v1:b-fbc1f47f3387de0afec8,,,18,17,Enclosing batch sums; includes preparation and verification. Not exact discovery CPU.
ORIGINATING_CALL; may be certified by later reconciliation,0.0,253.899596293,0.0,348.8820452069922,24,False,1,broad-rank-v1:b-9f0232c47e60e89b1002,,,18,17,Enclosing batch sums; includes preparation and verification. Not exact discovery CPU.
ORIGINATING_CALL; may be certified by later reconciliation,0.0,253.899596293,0.0,348.8820452069922,91,False,1,broad-rank-v1:b-9f0232c47e60e89b1002,,,19,18,Enclosing batch sums; includes preparation and verification. Not exact discovery CPU.
ORIGINATING_CALL; may be certified by later reconciliation,0.0,204.75057004299995,0.0,229.65061074099503,3,False,1,broad-rank-v1:b-1c8c4697f625dff92d72,,,18,17,Enclosing batch sums; includes preparation and verification. Not exact discovery CPU.
ORIGINATING_CALL; may be certified by later reconciliation,0.0,204.75057004299995,0.0,229.65061074099503,18,False,1,broad-rank-v1:b-1c8c4697f625dff92d72,,,19,18,Enclosing batch sums; includes preparation and verification. Not exact discovery CPU.
ORIGINATING_CALL; may be certified by later reconciliation,0.0,204.75057004299995,0.0,229.65061074099503,91,False,1,broad-rank-v1:b-1c8c4697f625dff92d72,,,20,19,Enclosing batch sums; includes preparation and verification. Not exact discovery CPU.
ORIGINATING_CALL; may be certified by later reconciliation,0.0,204.75057004299995,0.0,229.65061074099503,92,False,1,broad-rank-v1:b-1c8c4697f625dff92d72,,,21,20,Enclosing batch sums; includes preparation and verification. Not exact discovery CPU.
ORIGINATING_CALL; may be certified by later reconciliation,0.0,165.688123613,0.0,180.39931685000192,7,False,1,broad-rank-v1:b-4fa782cfd9c318575c95,,,18,17,Enclosing batch sums; includes preparation and verification. Not exact discovery CPU.
ORIGINATING_CALL; may be certified by later reconciliation,0.0,165.688123613,0.0,180.39931685000192,42,False,1,broad-rank-v1:b-4fa782cfd9c318575c95,,,19,18,Enclosing batch sums; includes preparation and verification. Not exact discovery CPU.
ORIGINATING_CALL; may be certified by later reconciliation,277.002439933,408.64246205200004,297.25503196701175,436.5292989660229,222,False,1,broad-rank-v1:b-4fa782cfd9c318575c95,,,20,19,Enclosing batch sums; includes preparation and verification. Not exact discovery CPU.
ORIGINATING_CALL; may be certified by later reconciliation,0.0,156.265329693,0.0,177.91347454898641,9,False,1,broad-rank-v1:b-9e942c075f40e051ebff,,,18,17,Enclosing batch sums; includes preparation and verification. Not exact discovery CPU.
ORIGINATING_CALL; may be certified by later reconciliation,0.0,156.265329693,0.0,177.91347454898641,66,False,1,broad-rank-v1:b-9e942c075f40e051ebff,,,19,18,Enclosing batch sums; includes preparation and verification. Not exact discovery CPU.
ORIGINATING_CALL; may be certified by later reconciliation,0.0,132.81689686500002,0.0,148.89652576399385,1,False,1,broad-rank-v1:b-58e6a6ecbdc481a13cfc,,,18,17,Enclosing batch sums; includes preparation and verification. Not exact discovery CPU.
ORIGINATING_CALL; may be certified by later reconciliation,132.81689686500002,244.952973413,148.89652576399385,270.4501966679818,150,False,1,broad-rank-v1:b-58e6a6ecbdc481a13cfc,,,19,18,Enclosing batch sums; includes preparation and verification. Not exact discovery CPU.
ORIGINATING_CALL; may be certified by later reconciliation,0.0,244.85860330400004,0.0,348.39444087300217,86,False,1,broad-rank-v1:b-09f4a73c87ca1625dfca,,,18,17,Enclosing batch sums; includes preparation and verification. Not exact discovery CPU.
ORIGINATING_CALL; may be certified by later reconciliation,0.0,182.165269918,0.0,204.31737676999182,47,False,1,broad-rank-v1:b-6e44766af0c4afdcc7ed,,,18,17,Enclosing batch sums; includes preparation and verification. Not exact discovery CPU.
ORIGINATING_CALL; may be certified by later reconciliation,0.0,182.165269918,0.0,204.31737676999182,52,False,1,broad-rank-v1:b-6e44766af0c4afdcc7ed,,,19,18,Enclosing batch sums; includes preparation and verification. Not exact discovery CPU.
ORIGINATING_CALL; may be certified by later reconciliation,182.165269918,299.42082851099997,204.31737676999182,330.92069469898706,200,False,1,broad-rank-v1:b-6e44766af0c4afdcc7ed,,,20,19,Enclosing batch sums; includes preparation and verification. Not exact discovery CPU.
ORIGINATING_CALL; may be certified by later reconciliation,0.0,138.85385580700003,0.0,151.27765854098834,15,False,1,broad-rank-v1:b-a4daf2694b5f004a3530,,,18,17,Enclosing batch sums; includes preparation and verification. Not exact discovery CPU.
ORIGINATING_CALL; may be certified by later reconciliation,0.0,131.094867223,0.0,146.41150246097823,11,False,1,broad-rank-v1:b-cc6a91e20b7f32e097ad,,,18,17,Enclosing batch sums; includes preparation and verification. Not exact discovery CPU.
ORIGINATING_CALL; may be certified by later reconciliation,0.0,238.851057059,0.0,331.01499195900396,3,False,1,broad-rank-v1:b-a10b5a662c91d5492f70,,,18,17,Enclosing batch sums; includes preparation and verification. Not exact discovery CPU.
ORIGINATING_CALL; may be certified by later reconciliation,0.0,238.851057059,0.0,331.01499195900396,6,False,1,broad-rank-v1:b-a10b5a662c91d5492f70,,,19,18,Enclosing batch sums; includes preparation and verification. Not exact discovery CPU.
ORIGINATING_CALL; may be certified by later reconciliation,0.0,238.851057059,0.0,331.01499195900396,47,False,1,broad-rank-v1:b-a10b5a662c91d5492f70,,,20,19,Enclosing batch sums; includes preparation and verification. Not exact discovery CPU.
ORIGINATING_CALL; may be certified by later reconciliation,0.0,143.77518321199997,0.0,159.24644032301148,3,False,1,broad-rank-v1:b-2a44423f0753c3711f0f,,,18,17,Enclosing batch sums; includes preparation and verification. Not exact discovery CPU.
ORIGINATING_CALL; may be certified by later reconciliation,0.0,143.77518321199997,0.0,159.24644032301148,4,False,1,broad-rank-v1:b-2a44423f0753c3711f0f,,,19,18,Enclosing batch sums; includes preparation and verification. Not exact discovery CPU.
ORIGINATING_CALL; may be certified by later reconciliation,0.0,157.944439698,0.0,172.86953388899565,3,False,1,broad-rank-v1:b-a22d31e668c0f006deb5,,,18,17,Enclosing batch sums; includes preparation and verification. Not exact discovery CPU.
ORIGINATING_CALL; may be certified by later reconciliation,0.0,157.944439698,0.0,172.86953388899565,70,False,1,broad-rank-v1:b-a22d31e668c0f006deb5,,,19,18,Enclosing batch sums; includes preparation and verification. Not exact discovery CPU.
ORIGINATING_CALL; may be certified by later reconciliation,0.0,149.61809374899997,0.0,165.09007601000485,21,False,1,broad-rank-v1:b-d4a3961f3b8e49c44a2f,,,18,17,Enclosing batch sums; includes preparation and verification. Not exact discovery CPU.
ORIGINATING_CALL; may be certified by later reconciliation,0.0,168.92581511400002,0.0,188.20509162399685,15,False,1,broad-rank-v1:b-123da869692d5e96cdf2,,,18,17,Enclosing batch sums; includes preparation and verification. Not exact discovery CPU.
ORIGINATING_CALL; may be certified by later reconciliation,0.0,168.92581511400002,0.0,188.20509162399685,66,False,1,broad-rank-v1:b-123da869692d5e96cdf2,,,19,18,Enclosing batch sums; includes preparation and verification. Not exact discovery CPU.
ORIGINATING_CALL; may be certified by later reconciliation,0.0,138.89104078900002,0.0,151.99585083298734,7,False,1,broad-rank-v1:b-39959d19aa7f661e2d95,,,18,17,Enclosing batch sums; includes preparation and verification. Not exact discovery CPU.
ORIGINATING_CALL; may be certified by later reconciliation,0.0,268.224559532,0.0,369.23961176598095,1,False,1,broad-rank-v1:b-8aaad4277869373d5793,,,18,17,Enclosing batch sums; includes preparation and verification. Not exact discovery CPU.
ORIGINATING_CALL; may be certified by later reconciliation,0.0,268.224559532,0.0,369.23961176598095,8,False,2,broad-rank-v1:b-8aaad4277869373d5793,,,20,18,Enclosing batch sums; includes preparation and verification. Not exact discovery CPU.
ORIGINATING_CALL; may be certified by later reconciliation,0.0,175.986369339,0.0,192.1796952470031,25,False,1,broad-rank-v1:b-1f40dc42c6e49be91a32,,,18,17,Enclosing batch sums; includes preparation and verification. Not exact discovery CPU.
ORIGINATING_CALL; may be certified by later reconciliation,0.0,175.986369339,0.0,192.1796952470031,32,False,1,broad-rank-v1:b-1f40dc42c6e49be91a32,,,19,18,Enclosing batch sums; includes preparation and verification. Not exact discovery CPU.
ORIGINATING_CALL; may be certified by later reconciliation,0.0,169.43028125,0.0,183.52576015898376,7,False,1,broad-rank-v1:b-b1b0204b400c26f243af,,,18,17,Enclosing batch sums; includes preparation and verification. Not exact discovery CPU.
ORIGINATING_CALL; may be certified by later reconciliation,0.0,169.43028125,0.0,183.52576015898376,60,False,1,broad-rank-v1:b-b1b0204b400c26f243af,,,19,18,Enclosing batch sums; includes preparation and verification. Not exact discovery CPU.
ORIGINATING_CALL; may be certified by later reconciliation,0.0,190.13870747600004,0.0,207.824976539996,69,False,1,broad-rank-v1:b-cdaa92bc595ef064919e,,,18,17,Enclosing batch sums; includes preparation and verification. Not exact discovery CPU.
ORIGINATING_CALL; may be certified by later reconciliation,0.0,160.584002061,0.0,181.85371171397856,5,False,2,broad-rank-v1:b-02e32fe54681916d1d91,,,19,17,Enclosing batch sums; includes preparation and verification. Not exact discovery CPU.
ORIGINATING_CALL; may be certified by later reconciliation,0.0,160.584002061,0.0,181.85371171397856,22,False,1,broad-rank-v1:b-02e32fe54681916d1d91,,,20,19,Enclosing batch sums; includes preparation and verification. Not exact discovery CPU.
ORIGINATING_CALL; may be certified by later reconciliation,0.0,265.783311139,0.0,353.98245641199173,68,False,1,broad-rank-v1:b-5eebc34a7d9d87f4e59f,,,18,17,Enclosing batch sums; includes preparation and verification. Not exact discovery CPU.
ORIGINATING_CALL; may be certified by later reconciliation,0.0,170.883791303,0.0,188.27422234701226,1,False,1,broad-rank-v1:b-d9319574dd7623519a3a,,,18,17,Enclosing batch sums; includes preparation and verification. Not exact discovery CPU.
ORIGINATING_CALL; may be certified by later reconciliation,0.0,170.883791303,0.0,188.27422234701226,4,False,1,broad-rank-v1:b-d9319574dd7623519a3a,,,19,18,Enclosing batch sums; includes preparation and verification. Not exact discovery CPU.
ORIGINATING_CALL; may be certified by later reconciliation,0.0,170.883791303,0.0,188.27422234701226,35,False,1,broad-rank-v1:b-d9319574dd7623519a3a,,,20,19,Enclosing batch sums; includes preparation and verification. Not exact discovery CPU.
ORIGINATING_CALL; may be certified by later reconciliation,0.0,184.07789043300002,0.0,201.3437331689929,73,False,1,broad-rank-v1:b-18a7759b86e59d098054,,,18,17,Enclosing batch sums; includes preparation and verification. Not exact discovery CPU.
ORIGINATING_CALL; may be certified by later reconciliation,0.0,139.057107648,0.0,154.78944557602517,3,False,2,broad-rank-v1:b-616297761d7ac5051ab0,,,19,17,Enclosing batch sums; includes preparation and verification. Not exact discovery CPU.
ORIGINATING_CALL; may be certified by later reconciliation,0.0,142.147319485,0.0,154.24598632898415,5,False,1,broad-rank-v1:b-e04daff7603ed291f419,,,18,17,Enclosing batch sums; includes preparation and verification. Not exact discovery CPU.
ORIGINATING_CALL; may be certified by later reconciliation,0.0,150.751050448,0.0,167.51053931901697,3,False,1,broad-rank-v1:b-21b0e4281254110f0e00,,,18,17,Enclosing batch sums; includes preparation and verification. Not exact discovery CPU.
ORIGINATING_CALL; may be certified by later reconciliation,0.0,150.751050448,0.0,167.51053931901697,88,False,1,broad-rank-v1:b-21b0e4281254110f0e00,,,19,18,Enclosing batch sums; includes preparation and verification. Not exact discovery CPU.
ORIGINATING_CALL; may be certified by later reconciliation,0.0,206.253592694,0.0,224.74353807099396,87,False,1,broad-rank-v1:b-027b6078e31ab2e2a208,,,18,17,Enclosing batch sums; includes preparation and verification. Not exact discovery CPU.
ORIGINATING_CALL; may be certified by later reconciliation,0.0,200.793284261,0.0,228.41905817299266,1,False,1,broad-rank-v1:b-fc4613e4870f6b9bb9e8,,,18,17,Enclosing batch sums; includes preparation and verification. Not exact discovery CPU.
ORIGINATING_CALL; may be certified by later reconciliation,0.0,200.793284261,0.0,228.41905817299266,2,False,1,broad-rank-v1:b-fc4613e4870f6b9bb9e8,,,19,18,Enclosing batch sums; includes preparation and verification. Not exact discovery CPU.
ORIGINATING_CALL; may be certified by later reconciliation,0.0,200.793284261,0.0,228.41905817299266,23,False,1,broad-rank-v1:b-fc4613e4870f6b9bb9e8,,,20,19,Enclosing batch sums; includes preparation and verification. Not exact discovery CPU.
ORIGINATING_CALL; may be certified by later reconciliation,0.0,200.793284261,0.0,228.41905817299266,70,False,1,broad-rank-v1:b-fc4613e4870f6b9bb9e8,,,21,20,Enclosing batch sums; includes preparation and verification. Not exact discovery CPU.
ORIGINATING_CALL; may be certified by later reconciliation,0.0,159.31847517799997,0.0,177.7839811879967,59,False,1,broad-rank-v1:b-3d0e82c1bf53feb667bf,,,18,17,Enclosing batch sums; includes preparation and verification. Not exact discovery CPU.
ORIGINATING_CALL; may be certified by later reconciliation,0.0,154.184131453,0.0,170.8339814739884,65,False,1,broad-rank-v1:b-1c29779c0dbc96685505,,,18,17,Enclosing batch sums; includes preparation and verification. Not exact discovery CPU.
ORIGINATING_CALL; may be certified by later reconciliation,0.0,165.387190451,0.0,179.27478857300594,3,False,1,broad-rank-v1:b-9c6c623a71212ae2961e,,,18,17,Enclosing batch sums; includes preparation and verification. Not exact discovery CPU.
ORIGINATING_CALL; may be certified by later reconciliation,0.0,165.387190451,0.0,179.27478857300594,22,False,1,broad-rank-v1:b-9c6c623a71212ae2961e,,,19,18,Enclosing batch sums; includes preparation and verification. Not exact discovery CPU.
ORIGINATING_CALL; may be certified by later reconciliation,0.0,191.996205604,0.0,205.58155430600164,30,False,1,broad-rank-v1:b-c002d772862615c7bf38,,,18,17,Enclosing batch sums; includes preparation and verification. Not exact discovery CPU.
ORIGINATING_CALL; may be certified by later reconciliation,0.0,191.996205604,0.0,205.58155430600164,77,False,1,broad-rank-v1:b-c002d772862615c7bf38,,,19,18,Enclosing batch sums; includes preparation and verification. Not exact discovery CPU.
ORIGINATING_CALL; may be certified by later reconciliation,191.996205604,354.943845098,205.58155430600164,383.1983698460099,218,False,1,broad-rank-v1:b-c002d772862615c7bf38,,,20,19,Enclosing batch sums; includes preparation and verification. Not exact discovery CPU.
ORIGINATING_CALL; may be certified by later reconciliation,191.996205604,354.943845098,205.58155430600164,383.1983698460099,219,False,1,broad-rank-v1:b-c002d772862615c7bf38,,,21,20,Enclosing batch sums; includes preparation and verification. Not exact discovery CPU.
ORIGINATING_CALL; may be certified by later reconciliation,0.0,151.503934978,0.0,164.25575981999282,19,False,1,broad-rank-v1:b-28ee21710a1c9f2d3920,,,18,17,Enclosing batch sums; includes preparation and verification. Not exact discovery CPU.
ORIGINATING_CALL; may be certified by later reconciliation,0.0,136.39612486500002,0.0,148.8744821450091,9,False,1,broad-rank-v1:b-09c6150e336e84391c20,,,18,17,Enclosing batch sums; includes preparation and verification. Not exact discovery CPU.
ORIGINATING_CALL; may be certified by later reconciliation,0.0,246.463547472,0.0,344.2516097589978,19,False,1,broad-rank-v1:b-b345437a645914753c16,,,18,17,Enclosing batch sums; includes preparation and verification. Not exact discovery CPU.
ORIGINATING_CALL; may be certified by later reconciliation,0.0,246.463547472,0.0,344.2516097589978,164,False,1,broad-rank-v1:b-b345437a645914753c16,,,19,18,Enclosing batch sums; includes preparation and verification. Not exact discovery CPU.
ORIGINATING_CALL; may be certified by later reconciliation,0.0,213.94812429,0.0,231.47057029302232,85,False,1,broad-rank-v1:b-c493760479395aaf2073,,,18,17,Enclosing batch sums; includes preparation and verification. Not exact discovery CPU.
ORIGINATING_CALL; may be certified by later reconciliation,213.94812429,332.839717516,231.47057029302232,362.40519509802107,222,False,1,broad-rank-v1:b-c493760479395aaf2073,,,19,18,Enclosing batch sums; includes preparation and verification. Not exact discovery CPU.
ORIGINATING_CALL; may be certified by later reconciliation,0.0,163.27197753200002,0.0,181.16946821901365,1,False,2,broad-rank-v1:b-e0948cc3101f02bcd022,,,19,17,Enclosing batch sums; includes preparation and verification. Not exact discovery CPU.
ORIGINATING_CALL; may be certified by later reconciliation,0.0,163.27197753200002,0.0,181.16946821901365,2,False,1,broad-rank-v1:b-e0948cc3101f02bcd022,,,20,19,Enclosing batch sums; includes preparation and verification. Not exact discovery CPU.
ORIGINATING_CALL; may be certified by later reconciliation,0.0,249.25341499300004,0.0,342.39968025899725,128,False,1,broad-rank-v1:b-117b0c84d37b26097527,,,18,17,Enclosing batch sums; includes preparation and verification. Not exact discovery CPU.
ORIGINATING_CALL; may be certified by later reconciliation,0.0,187.061272312,0.0,209.98500539700035,1,False,1,broad-rank-v1:b-08cdfbe261e3c1d8de32,,,18,17,Enclosing batch sums; includes preparation and verification. Not exact discovery CPU.
ORIGINATING_CALL; may be certified by later reconciliation,0.0,187.061272312,0.0,209.98500539700035,24,False,1,broad-rank-v1:b-08cdfbe261e3c1d8de32,,,19,18,Enclosing batch sums; includes preparation and verification. Not exact discovery CPU.
ORIGINATING_CALL; may be certified by later reconciliation,0.0,187.061272312,0.0,209.98500539700035,49,False,1,broad-rank-v1:b-08cdfbe261e3c1d8de32,,,20,19,Enclosing batch sums; includes preparation and verification. Not exact discovery CPU.
ORIGINATING_CALL; may be certified by later reconciliation,0.0,187.061272312,0.0,209.98500539700035,58,False,1,broad-rank-v1:b-08cdfbe261e3c1d8de32,,,21,20,Enclosing batch sums; includes preparation and verification. Not exact discovery CPU.
ORIGINATING_CALL; may be certified by later reconciliation,0.0,256.57624262800005,0.0,356.2515462409938,15,False,1,broad-rank-v1:b-21cf046e5f7b0e9f8cda,,,18,17,Enclosing batch sums; includes preparation and verification. Not exact discovery CPU.
ORIGINATING_CALL; may be certified by later reconciliation,0.0,256.57624262800005,0.0,356.2515462409938,46,False,1,broad-rank-v1:b-21cf046e5f7b0e9f8cda,,,19,18,Enclosing batch sums; includes preparation and verification. Not exact discovery CPU.
ORIGINATING_CALL; may be certified by later reconciliation,0.0,256.57624262800005,0.0,356.2515462409938,63,False,1,broad-rank-v1:b-21cf046e5f7b0e9f8cda,,,20,19,Enclosing batch sums; includes preparation and verification. Not exact discovery CPU.
ORIGINATING_CALL; may be certified by later reconciliation,0.0,254.960885207,0.0,337.1384241049818,13,False,1,broad-rank-v1:b-909dc1470a58b017bd6b,,,18,17,Enclosing batch sums; includes preparation and verification. Not exact discovery CPU.
ORIGINATING_CALL; may be certified by later reconciliation,0.0,136.057397167,0.0,147.52530072597438,3,False,1,broad-rank-v1:b-2f53d0abd3f49f7db783,,,18,17,Enclosing batch sums; includes preparation and verification. Not exact discovery CPU.
ORIGINATING_CALL; may be certified by later reconciliation,0.0,163.303938428,0.0,180.0151840360195,7,False,1,broad-rank-v1:b-fb7512031651fb8cc06a,,,18,17,Enclosing batch sums; includes preparation and verification. Not exact discovery CPU.
ORIGINATING_CALL; may be certified by later reconciliation,0.0,163.303938428,0.0,180.0151840360195,16,False,1,broad-rank-v1:b-fb7512031651fb8cc06a,,,19,18,Enclosing batch sums; includes preparation and verification. Not exact discovery CPU.
ORIGINATING_CALL; may be certified by later reconciliation,0.0,272.612069684,0.0,369.68082733498886,1,False,1,broad-rank-v1:b-f0a767f64e1069f4f27a,,,18,17,Enclosing batch sums; includes preparation and verification. Not exact discovery CPU.
ORIGINATING_CALL; may be certified by later reconciliation,0.0,135.73044103099997,0.0,145.16588755699922,1,False,1,broad-rank-v1:b-77790841121b5a00426e,,,18,17,Enclosing batch sums; includes preparation and verification. Not exact discovery CPU.
ORIGINATING_CALL; may be certified by later reconciliation,0.0,149.17810956600002,0.0,159.13282860501204,19,False,1,broad-rank-v1:b-2f746063158b17a9486e,,,18,17,Enclosing batch sums; includes preparation and verification. Not exact discovery CPU.
ORIGINATING_CALL; may be certified by later reconciliation,0.0,171.41837568000003,0.0,188.95701126300264,5,False,1,broad-rank-v1:b-ccac013feb4613a60440,,,18,17,Enclosing batch sums; includes preparation and verification. Not exact discovery CPU.
ORIGINATING_CALL; may be certified by later reconciliation,0.0,171.41837568000003,0.0,188.95701126300264,22,False,1,broad-rank-v1:b-ccac013feb4613a60440,,,19,18,Enclosing batch sums; includes preparation and verification. Not exact discovery CPU.
ORIGINATING_CALL; may be certified by later reconciliation,0.0,141.832300667,0.0,156.47729045301094,23,False,1,broad-rank-v1:b-73901c1c0d0f612fcdc3,,,18,17,Enclosing batch sums; includes preparation and verification. Not exact discovery CPU.
ORIGINATING_CALL; may be certified by later reconciliation,0.0,247.83349417799997,0.0,339.9308322290017,64,False,1,broad-rank-v1:b-0b0cd9e871e25899314b,,,18,17,Enclosing batch sums; includes preparation and verification. Not exact discovery CPU.
ORIGINATING_CALL; may be certified by later reconciliation,0.0,143.892696815,0.0,156.67893465197994,3,False,1,broad-rank-v1:b-672ebef409069cb13e58,,,18,17,Enclosing batch sums; includes preparation and verification. Not exact discovery CPU.
ORIGINATING_CALL; may be certified by later reconciliation,0.0,134.440750224,0.0,147.91008150199195,9,False,1,broad-rank-v1:b-6501f3cb24b1d4a34924,,,18,17,Enclosing batch sums; includes preparation and verification. Not exact discovery CPU.
ORIGINATING_CALL; may be certified by later reconciliation,228.933512782,342.15763825700003,248.51495614799205,369.5719742929796,234,False,1,broad-rank-v1:b-6501f3cb24b1d4a34924,,,19,18,Enclosing batch sums; includes preparation and verification. Not exact discovery CPU.
ORIGINATING_CALL; may be certified by later reconciliation,0.0,219.210926338,0.0,313.9886931720248,25,False,1,broad-rank-v1:b-6a18c65db090a17033cc,,,18,17,Enclosing batch sums; includes preparation and verification. Not exact discovery CPU.
ORIGINATING_CALL; may be certified by later reconciliation,0.0,219.210926338,0.0,313.9886931720248,102,False,1,broad-rank-v1:b-6a18c65db090a17033cc,,,19,18,Enclosing batch sums; includes preparation and verification. Not exact discovery CPU.
ORIGINATING_CALL; may be certified by later reconciliation,0.0,301.093015768,0.0,322.8452235699806,5,False,1,broad-rank-v1:b-e6d04993ed063649fccb,,,18,17,Enclosing batch sums; includes preparation and verification. Not exact discovery CPU.
ORIGINATING_CALL; may be certified by later reconciliation,0.0,301.093015768,0.0,322.8452235699806,6,False,2,broad-rank-v1:b-e6d04993ed063649fccb,,,20,18,Enclosing batch sums; includes preparation and verification. Not exact discovery CPU.
ORIGINATING_CALL; may be certified by later reconciliation,0.0,301.093015768,0.0,322.8452235699806,9,False,1,broad-rank-v1:b-e6d04993ed063649fccb,,,21,20,Enclosing batch sums; includes preparation and verification. Not exact discovery CPU.
ORIGINATING_CALL; may be certified by later reconciliation,0.0,301.093015768,0.0,322.8452235699806,16,False,2,broad-rank-v1:b-e6d04993ed063649fccb,,,23,21,Enclosing batch sums; includes preparation and verification. Not exact discovery CPU.
ORIGINATING_CALL; may be certified by later reconciliation,0.0,225.893673549,0.0,242.80102808200172,59,False,1,broad-rank-v1:b-bb21d7c5fb8356fd46d9,,,18,17,Enclosing batch sums; includes preparation and verification. Not exact discovery CPU.
ORIGINATING_CALL; may be certified by later reconciliation,0.0,225.893673549,0.0,242.80102808200172,78,False,1,broad-rank-v1:b-bb21d7c5fb8356fd46d9,,,19,18,Enclosing batch sums; includes preparation and verification. Not exact discovery CPU.
ORIGINATING_CALL; may be certified by later reconciliation,0.0,340.35569487299995,0.0,364.01893814699724,5,False,1,broad-rank-v1:b-f4523a2ab7fa837bb374,,,18,17,Enclosing batch sums; includes preparation and verification. Not exact discovery CPU.
ORIGINATING_CALL; may be certified by later reconciliation,0.0,340.35569487299995,0.0,364.01893814699724,10,False,1,broad-rank-v1:b-f4523a2ab7fa837bb374,,,19,18,Enclosing batch sums; includes preparation and verification. Not exact discovery CPU.
ORIGINATING_CALL; may be certified by later reconciliation,0.0,340.35569487299995,0.0,364.01893814699724,25,False,1,broad-rank-v1:b-f4523a2ab7fa837bb374,,,20,19,Enclosing batch sums; includes preparation and verification. Not exact discovery CPU.
ORIGINATING_CALL; may be certified by later reconciliation,0.0,340.35569487299995,0.0,364.01893814699724,34,False,1,broad-rank-v1:b-f4523a2ab7fa837bb374,,,21,20,Enclosing batch sums; includes preparation and verification. Not exact discovery CPU.
ORIGINATING_CALL; may be certified by later reconciliation,0.0,340.35569487299995,0.0,364.01893814699724,45,False,1,broad-rank-v1:b-f4523a2ab7fa837bb374,,,22,21,Enclosing batch sums; includes preparation and verification. Not exact discovery CPU.
ORIGINATING_CALL; may be certified by later reconciliation,0.0,340.35569487299995,0.0,364.01893814699724,48,False,1,broad-rank-v1:b-f4523a2ab7fa837bb374,,,23,22,Enclosing batch sums; includes preparation and verification. Not exact discovery CPU.
ORIGINATING_CALL; may be certified by later reconciliation,0.0,235.17384164999999,0.0,254.683112986997,3,False,1,broad-rank-v1:b-43eeec75fb577a8c3b1f,,,18,17,Enclosing batch sums; includes preparation and verification. Not exact discovery CPU.
ORIGINATING_CALL; may be certified by later reconciliation,0.0,235.17384164999999,0.0,254.683112986997,4,False,2,broad-rank-v1:b-43eeec75fb577a8c3b1f,,,20,18,Enclosing batch sums; includes preparation and verification. Not exact discovery CPU.
ORIGINATING_CALL; may be certified by later reconciliation,0.0,235.17384164999999,0.0,254.683112986997,9,False,2,broad-rank-v1:b-43eeec75fb577a8c3b1f,,,22,20,Enclosing batch sums; includes preparation and verification. Not exact discovery CPU.
ORIGINATING_CALL; may be certified by later reconciliation,0.0,142.93430181200003,0.0,159.50427605200093,1,False,1,broad-rank-v1:b-54d2c9a9dc497d439869,,,18,17,Enclosing batch sums; includes preparation and verification. Not exact discovery CPU.
ORIGINATING_CALL; may be certified by later reconciliation,0.0,142.93430181200003,0.0,159.50427605200093,6,False,1,broad-rank-v1:b-54d2c9a9dc497d439869,,,19,18,Enclosing batch sums; includes preparation and verification. Not exact discovery CPU.
ORIGINATING_CALL; may be certified by later reconciliation,0.0,236.159899676,0.0,336.8225831449963,50,False,1,broad-rank-v1:b-ec68368d38c5c41296ca,,,18,17,Enclosing batch sums; includes preparation and verification. Not exact discovery CPU.
ORIGINATING_CALL; may be certified by later reconciliation,0.0,236.159899676,0.0,336.8225831449963,55,False,1,broad-rank-v1:b-ec68368d38c5c41296ca,,,19,18,Enclosing batch sums; includes preparation and verification. Not exact discovery CPU.
ORIGINATING_CALL; may be certified by later reconciliation,0.0,236.159899676,0.0,336.8225831449963,76,False,1,broad-rank-v1:b-ec68368d38c5c41296ca,,,20,19,Enclosing batch sums; includes preparation and verification. Not exact discovery CPU.
ORIGINATING_CALL; may be certified by later reconciliation,0.0,155.029716239,0.0,164.9885593620129,21,False,1,broad-rank-v1:b-d7e323ed3968e68f87fe,,,18,17,Enclosing batch sums; includes preparation and verification. Not exact discovery CPU.
ORIGINATING_CALL; may be certified by later reconciliation,0.0,145.17714842599997,0.0,164.10504107701126,1,False,1,broad-rank-v1:b-b74fe17b2b808fc88020,,,18,17,Enclosing batch sums; includes preparation and verification. Not exact discovery CPU.
ORIGINATING_CALL; may be certified by later reconciliation,0.0,145.17714842599997,0.0,164.10504107701126,28,False,1,broad-rank-v1:b-b74fe17b2b808fc88020,,,19,18,Enclosing batch sums; includes preparation and verification. Not exact discovery CPU.
ORIGINATING_CALL; may be certified by later reconciliation,0.0,252.28358113500002,0.0,345.3741794200032,1,False,3,broad-rank-v1:b-49df1768251d558a418e,,,20,17,Enclosing batch sums; includes preparation and verification. Not exact discovery CPU.
ORIGINATING_CALL; may be certified by later reconciliation,0.0,252.28358113500002,0.0,345.3741794200032,2,False,1,broad-rank-v1:b-49df1768251d558a418e,,,21,20,Enclosing batch sums; includes preparation and verification. Not exact discovery CPU.
ORIGINATING_CALL; may be certified by later reconciliation,0.0,178.38211404200004,0.0,194.14925983498688,23,False,1,broad-rank-v1:b-2385c3b92a3e95105dc5,,,18,17,Enclosing batch sums; includes preparation and verification. Not exact discovery CPU.
ORIGINATING_CALL; may be certified by later reconciliation,0.0,178.38211404200004,0.0,194.14925983498688,40,False,1,broad-rank-v1:b-2385c3b92a3e95105dc5,,,19,18,Enclosing batch sums; includes preparation and verification. Not exact discovery CPU.
ORIGINATING_CALL; may be certified by later reconciliation,0.0,162.00433623799998,0.0,184.82701006898424,1,False,1,broad-rank-v1:b-2d57b7ef32e6497bd92c,,,18,17,Enclosing batch sums; includes preparation and verification. Not exact discovery CPU.
ORIGINATING_CALL; may be certified by later reconciliation,0.0,162.00433623799998,0.0,184.82701006898424,6,False,1,broad-rank-v1:b-2d57b7ef32e6497bd92c,,,19,18,Enclosing batch sums; includes preparation and verification. Not exact discovery CPU.
ORIGINATING_CALL; may be certified by later reconciliation,0.0,162.00433623799998,0.0,184.82701006898424,17,False,1,broad-rank-v1:b-2d57b7ef32e6497bd92c,,,20,19,Enclosing batch sums; includes preparation and verification. Not exact discovery CPU.
ORIGINATING_CALL; may be certified by later reconciliation,0.0,279.99388299,0.0,370.8737019529799,31,False,1,broad-rank-v1:b-4d6d0bebec78f447cfab,,,18,17,Enclosing batch sums; includes preparation and verification. Not exact discovery CPU.
ORIGINATING_CALL; may be certified by later reconciliation,0.0,279.99388299,0.0,370.8737019529799,34,False,1,broad-rank-v1:b-4d6d0bebec78f447cfab,,,19,18,Enclosing batch sums; includes preparation and verification. Not exact discovery CPU.
ORIGINATING_CALL; may be certified by later reconciliation,0.0,279.99388299,0.0,370.8737019529799,45,False,1,broad-rank-v1:b-4d6d0bebec78f447cfab,,,20,19,Enclosing batch sums; includes preparation and verification. Not exact discovery CPU.
ORIGINATING_CALL; may be certified by later reconciliation,0.0,279.99388299,0.0,370.8737019529799,54,False,1,broad-rank-v1:b-4d6d0bebec78f447cfab,,,21,20,Enclosing batch sums; includes preparation and verification. Not exact discovery CPU.
ORIGINATING_CALL; may be certified by later reconciliation,0.0,192.56297559899997,0.0,217.71376729602343,1,False,1,broad-rank-v1:b-ee767bdd5ff0c625e186,,,18,17,Enclosing batch sums; includes preparation and verification. Not exact discovery CPU.
ORIGINATING_CALL; may be certified by later reconciliation,0.0,192.56297559899997,0.0,217.71376729602343,2,False,1,broad-rank-v1:b-ee767bdd5ff0c625e186,,,19,18,Enclosing batch sums; includes preparation and verification. Not exact discovery CPU.
ORIGINATING_CALL; may be certified by later reconciliation,0.0,192.56297559899997,0.0,217.71376729602343,3,False,1,broad-rank-v1:b-ee767bdd5ff0c625e186,,,20,19,Enclosing batch sums; includes preparation and verification. Not exact discovery CPU.
ORIGINATING_CALL; may be certified by later reconciliation,0.0,192.56297559899997,0.0,217.71376729602343,10,False,1,broad-rank-v1:b-ee767bdd5ff0c625e186,,,21,20,Enclosing batch sums; includes preparation and verification. Not exact discovery CPU.
ORIGINATING_CALL; may be certified by later reconciliation,0.0,193.74936682,0.0,210.3995365940209,59,False,1,broad-rank-v1:b-cf07b1aa4b516b0024e9,,,18,17,Enclosing batch sums; includes preparation and verification. Not exact discovery CPU.
ORIGINATING_CALL; may be certified by later reconciliation,0.0,276.072315811,0.0,375.8990301490121,151,False,1,broad-rank-v1:b-423d575e5622e56d62f6,,,18,17,Enclosing batch sums; includes preparation and verification. Not exact discovery CPU.
ORIGINATING_CALL; may be certified by later reconciliation,0.0,201.908075388,0.0,226.70209744101157,3,False,1,broad-rank-v1:b-2885590ca06767c60c8e,,,18,17,Enclosing batch sums; includes preparation and verification. Not exact discovery CPU.
ORIGINATING_CALL; may be certified by later reconciliation,0.0,201.908075388,0.0,226.70209744101157,8,False,1,broad-rank-v1:b-2885590ca06767c60c8e,,,19,18,Enclosing batch sums; includes preparation and verification. Not exact discovery CPU.
ORIGINATING_CALL; may be certified by later reconciliation,0.0,201.908075388,0.0,226.70209744101157,17,False,1,broad-rank-v1:b-2885590ca06767c60c8e,,,20,19,Enclosing batch sums; includes preparation and verification. Not exact discovery CPU.
ORIGINATING_CALL; may be certified by later reconciliation,0.0,201.908075388,0.0,226.70209744101157,26,False,1,broad-rank-v1:b-2885590ca06767c60c8e,,,21,20,Enclosing batch sums; includes preparation and verification. Not exact discovery CPU.
ORIGINATING_CALL; may be certified by later reconciliation,0.0,206.117667183,0.0,235.43942673600395,31,False,1,broad-rank-v1:b-484fce5fa9688fff9eb1,,,18,17,Enclosing batch sums; includes preparation and verification. Not exact discovery CPU.
ORIGINATING_CALL; may be certified by later reconciliation,0.0,206.117667183,0.0,235.43942673600395,53,False,1,broad-rank-v1:b-484fce5fa9688fff9eb1,,,19,18,Enclosing batch sums; includes preparation and verification. Not exact discovery CPU.
ORIGINATING_CALL; may be certified by later reconciliation,0.0,206.117667183,0.0,235.43942673600395,92,False,1,broad-rank-v1:b-484fce5fa9688fff9eb1,,,20,19,Enclosing batch sums; includes preparation and verification. Not exact discovery CPU.
ORIGINATING_CALL; may be certified by later reconciliation,0.0,206.117667183,0.0,235.43942673600395,129,False,1,broad-rank-v1:b-484fce5fa9688fff9eb1,,,21,20,Enclosing batch sums; includes preparation and verification. Not exact discovery CPU.
ORIGINATING_CALL; may be certified by later reconciliation,0.0,176.92097993999997,0.0,201.01478240298457,1,False,1,broad-rank-v1:b-b12de17b5ecd1463610c,,,18,17,Enclosing batch sums; includes preparation and verification. Not exact discovery CPU.
ORIGINATING_CALL; may be certified by later reconciliation,0.0,176.92097993999997,0.0,201.01478240298457,32,False,1,broad-rank-v1:b-b12de17b5ecd1463610c,,,19,18,Enclosing batch sums; includes preparation and verification. Not exact discovery CPU.
ORIGINATING_CALL; may be certified by later reconciliation,0.0,176.92097993999997,0.0,201.01478240298457,75,False,1,broad-rank-v1:b-b12de17b5ecd1463610c,,,20,19,Enclosing batch sums; includes preparation and verification. Not exact discovery CPU.
ORIGINATING_CALL; may be certified by later reconciliation,0.0,142.50389703599998,0.0,162.42136501098867,1,False,1,broad-rank-v1:b-90bae285aace9dcc07ab,,,18,17,Enclosing batch sums; includes preparation and verification. Not exact discovery CPU.
ORIGINATING_CALL; may be certified by later reconciliation,0.0,142.50389703599998,0.0,162.42136501098867,8,False,1,broad-rank-v1:b-90bae285aace9dcc07ab,,,19,18,Enclosing batch sums; includes preparation and verification. Not exact discovery CPU.
ORIGINATING_CALL; may be certified by later reconciliation,235.43670760199998,349.968044726,262.750450677966,386.45435687497957,208,False,1,broad-rank-v1:b-90bae285aace9dcc07ab,,,20,19,Enclosing batch sums; includes preparation and verification. Not exact discovery CPU.
ORIGINATING_CALL; may be certified by later reconciliation,0.0,254.52106390400002,0.0,350.21542704300373,4,False,1,broad-rank-v1:b-53e8afbdb4fe22e7ad96,,,18,17,Enclosing batch sums; includes preparation and verification. Not exact discovery CPU.
ORIGINATING_CALL; may be certified by later reconciliation,0.0,149.797187515,0.0,160.03598509100266,3,False,1,broad-rank-v1:b-1073b5711dfc618f1ed5,,,18,17,Enclosing batch sums; includes preparation and verification. Not exact discovery CPU.
ORIGINATING_CALL; may be certified by later reconciliation,0.0,148.963494629,0.0,161.24242821100052,15,False,1,broad-rank-v1:b-af1864827d7e66ee890b,,,18,17,Enclosing batch sums; includes preparation and verification. Not exact discovery CPU.
ORIGINATING_CALL; may be certified by later reconciliation,0.0,169.305345384,0.0,192.41455560398754,1,False,1,broad-rank-v1:b-0b73d75e6b5d9b10fb48,,,18,17,Enclosing batch sums; includes preparation and verification. Not exact discovery CPU.
ORIGINATING_CALL; may be certified by later reconciliation,0.0,169.305345384,0.0,192.41455560398754,22,False,1,broad-rank-v1:b-0b73d75e6b5d9b10fb48,,,19,18,Enclosing batch sums; includes preparation and verification. Not exact discovery CPU.
ORIGINATING_CALL; may be certified by later reconciliation,0.0,169.305345384,0.0,192.41455560398754,43,False,1,broad-rank-v1:b-0b73d75e6b5d9b10fb48,,,20,19,Enclosing batch sums; includes preparation and verification. Not exact discovery CPU.
ORIGINATING_CALL; may be certified by later reconciliation,0.0,239.63768369500002,0.0,321.73125151198474,1,False,1,broad-rank-v1:b-6bea07876c1cf427f709,,,18,17,Enclosing batch sums; includes preparation and verification. Not exact discovery CPU.
ORIGINATING_CALL; may be certified by later reconciliation,0.0,239.63768369500002,0.0,321.73125151198474,6,False,1,broad-rank-v1:b-6bea07876c1cf427f709,,,19,18,Enclosing batch sums; includes preparation and verification. Not exact discovery CPU.
ORIGINATING_CALL; may be certified by later reconciliation,0.0,169.17024066699997,0.0,182.65446959302062,41,False,1,broad-rank-v1:b-a202004a2b1f4e18c017,,,18,17,Enclosing batch sums; includes preparation and verification. Not exact discovery CPU.
ORIGINATING_CALL; may be certified by later reconciliation,169.17024066699997,289.24123823499997,182.65446959302062,312.4488449690107,172,False,1,broad-rank-v1:b-a202004a2b1f4e18c017,,,19,18,Enclosing batch sums; includes preparation and verification. Not exact discovery CPU.
ORIGINATING_CALL; may be certified by later reconciliation,0.0,136.755305815,0.0,145.56542568199802,3,False,1,broad-rank-v1:b-54bb9da29708c2e7cf7a,,,18,17,Enclosing batch sums; includes preparation and verification. Not exact discovery CPU.
ORIGINATING_CALL; may be certified by later reconciliation,136.755305815,277.445437783,145.56542568199802,299.35296747199027,126,False,1,broad-rank-v1:b-54bb9da29708c2e7cf7a,,,19,18,Enclosing batch sums; includes preparation and verification. Not exact discovery CPU.
ORIGINATING_CALL; may be certified by later reconciliation,136.755305815,277.445437783,145.56542568199802,299.35296747199027,155,False,1,broad-rank-v1:b-54bb9da29708c2e7cf7a,,,20,19,Enclosing batch sums; includes preparation and verification. Not exact discovery CPU.
ORIGINATING_CALL; may be certified by later reconciliation,0.0,189.075085215,0.0,204.96767966699554,77,False,1,broad-rank-v1:b-fad38d16df137f2b943c,,,18,17,Enclosing batch sums; includes preparation and verification. Not exact discovery CPU.
ORIGINATING_CALL; may be certified by later reconciliation,0.0,164.381848944,0.0,176.3936936139944,1,False,2,broad-rank-v1:b-5bb9188fe89ae7bd8d03,,,19,17,Enclosing batch sums; includes preparation and verification. Not exact discovery CPU.
ORIGINATING_CALL; may be certified by later reconciliation,0.0,128.392481717,0.0,143.76430665902444,22,False,1,broad-rank-v1:b-2606ed5f30f120ffd0b3,,,18,17,Enclosing batch sums; includes preparation and verification. Not exact discovery CPU.
ORIGINATING_CALL; may be certified by later reconciliation,0.0,254.039689595,0.0,344.4357003059995,7,False,1,broad-rank-v1:b-66ff12fc87cd265aabcc,,,18,17,Enclosing batch sums; includes preparation and verification. Not exact discovery CPU.
ORIGINATING_CALL; may be certified by later reconciliation,0.0,135.65523849599998,0.0,150.62052607999067,5,False,1,broad-rank-v1:b-f6fdd83a99cba40c6bcc,,,18,17,Enclosing batch sums; includes preparation and verification. Not exact discovery CPU.
ORIGINATING_CALL; may be certified by later reconciliation,0.0,171.538886324,0.0,187.54898612000397,37,False,1,broad-rank-v1:b-ea76a8a0aff4a0e5cce2,,,18,17,Enclosing batch sums; includes preparation and verification. Not exact discovery CPU.
ORIGINATING_CALL; may be certified by later reconciliation,171.538886324,294.852947277,187.54898612000397,321.8265152510139,176,False,1,broad-rank-v1:b-ea76a8a0aff4a0e5cce2,,,19,18,Enclosing batch sums; includes preparation and verification. Not exact discovery CPU.
ORIGINATING_CALL; may be certified by later reconciliation,0.0,155.604703927,0.0,170.70223553900723,1,False,3,broad-rank-v1:b-c7195dffd83b9886a66d,,,20,17,Enclosing batch sums; includes preparation and verification. Not exact discovery CPU.
ORIGINATING_CALL; may be certified by later reconciliation,0.0,259.980407186,0.0,342.75229119398864,7,False,1,broad-rank-v1:b-315189ac20892825f6fd,,,18,17,Enclosing batch sums; includes preparation and verification. Not exact discovery CPU.
ORIGINATING_CALL; may be certified by later reconciliation,0.0,259.980407186,0.0,342.75229119398864,26,False,1,broad-rank-v1:b-315189ac20892825f6fd,,,19,18,Enclosing batch sums; includes preparation and verification. Not exact discovery CPU.
ORIGINATING_CALL; may be certified by later reconciliation,0.0,231.67514558800002,0.0,255.33327348800958,3,False,2,broad-rank-v1:b-63dd49c4305ec54c5cdd,,,19,17,Enclosing batch sums; includes preparation and verification. Not exact discovery CPU.
ORIGINATING_CALL; may be certified by later reconciliation,0.0,231.67514558800002,0.0,255.33327348800958,16,False,1,broad-rank-v1:b-63dd49c4305ec54c5cdd,,,20,19,Enclosing batch sums; includes preparation and verification. Not exact discovery CPU.
ORIGINATING_CALL; may be certified by later reconciliation,0.0,231.67514558800002,0.0,255.33327348800958,37,False,1,broad-rank-v1:b-63dd49c4305ec54c5cdd,,,21,20,Enclosing batch sums; includes preparation and verification. Not exact discovery CPU.
ORIGINATING_CALL; may be certified by later reconciliation,0.0,231.67514558800002,0.0,255.33327348800958,38,False,1,broad-rank-v1:b-63dd49c4305ec54c5cdd,,,22,21,Enclosing batch sums; includes preparation and verification. Not exact discovery CPU.
ORIGINATING_CALL; may be certified by later reconciliation,231.67514558800002,457.709334379,255.33327348800958,486.47521398900426,120,False,1,broad-rank-v1:b-63dd49c4305ec54c5cdd,,,23,22,Enclosing batch sums; includes preparation and verification. Not exact discovery CPU.
ORIGINATING_CALL; may be certified by later reconciliation,0.0,164.069255047,0.0,177.72849791799672,3,False,1,broad-rank-v1:b-7696d3ed23f05eb8d25d,,,18,17,Enclosing batch sums; includes preparation and verification. Not exact discovery CPU.
ORIGINATING_CALL; may be certified by later reconciliation,0.0,164.069255047,0.0,177.72849791799672,10,False,1,broad-rank-v1:b-7696d3ed23f05eb8d25d,,,19,18,Enclosing batch sums; includes preparation and verification. Not exact discovery CPU.
ORIGINATING_CALL; may be certified by later reconciliation,164.069255047,293.97446038199996,177.72849791799672,317.3544399040111,134,False,1,broad-rank-v1:b-7696d3ed23f05eb8d25d,,,20,19,Enclosing batch sums; includes preparation and verification. Not exact discovery CPU.
ORIGINATING_CALL; may be certified by later reconciliation,0.0,130.36064126,0.0,141.46692408900708,3,False,2,broad-rank-v1:b-6109c581706555e8e77d,,,19,17,Enclosing batch sums; includes preparation and verification. Not exact discovery CPU.
ORIGINATING_CALL; may be certified by later reconciliation,0.0,161.35024914,0.0,177.2617469250108,41,False,1,broad-rank-v1:b-0a90ad2e726b6452afd2,,,18,17,Enclosing batch sums; includes preparation and verification. Not exact discovery CPU.
ORIGINATING_CALL; may be certified by later reconciliation,0.0,232.852069162,0.0,327.97698425798444,21,False,1,broad-rank-v1:b-ec0cba7a8cf95fefa573,,,18,17,Enclosing batch sums; includes preparation and verification. Not exact discovery CPU.
ORIGINATING_CALL; may be certified by later reconciliation,0.0,160.557310195,0.0,171.80656704001012,17,False,1,broad-rank-v1:b-4c1e8488b8136b077c75,,,18,17,Enclosing batch sums; includes preparation and verification. Not exact discovery CPU.
ORIGINATING_CALL; may be certified by later reconciliation,0.0,168.636663006,0.0,181.48158620201866,49,False,1,broad-rank-v1:b-24efe00b958fc3205d0e,,,18,17,Enclosing batch sums; includes preparation and verification. Not exact discovery CPU.
ORIGINATING_CALL; may be certified by later reconciliation,168.636663006,280.31665603700003,181.48158620201866,303.1005831040093,218,False,1,broad-rank-v1:b-24efe00b958fc3205d0e,,,19,18,Enclosing batch sums; includes preparation and verification. Not exact discovery CPU.
ORIGINATING_CALL; may be certified by later reconciliation,0.0,216.83157866099998,0.0,234.57816867600195,55,False,1,broad-rank-v1:b-5ead23a3940f842bbab5,,,18,17,Enclosing batch sums; includes preparation and verification. Not exact discovery CPU.
ORIGINATING_CALL; may be certified by later reconciliation,0.0,216.83157866099998,0.0,234.57816867600195,92,False,1,broad-rank-v1:b-5ead23a3940f842bbab5,,,19,18,Enclosing batch sums; includes preparation and verification. Not exact discovery CPU.
ORIGINATING_CALL; may be certified by later reconciliation,0.0,152.528599489,0.0,165.35398396098753,5,False,1,broad-rank-v1:b-df112e949db3d399c2c3,,,18,17,Enclosing batch sums; includes preparation and verification. Not exact discovery CPU.
ORIGINATING_CALL; may be certified by later reconciliation,0.0,152.528599489,0.0,165.35398396098753,22,False,1,broad-rank-v1:b-df112e949db3d399c2c3,,,19,18,Enclosing batch sums; includes preparation and verification. Not exact discovery CPU.
ORIGINATING_CALL; may be certified by later reconciliation,0.0,171.814425242,0.0,187.22772385698045,40,False,1,broad-rank-v1:b-420bd9d7947c30d9853f,,,18,17,Enclosing batch sums; includes preparation and verification. Not exact discovery CPU.
ORIGINATING_CALL; may be certified by later reconciliation,0.0,294.588186673,0.0,399.3872880520066,108,False,1,broad-rank-v1:b-e45d2a0b5af37eca9542,,,18,17,Enclosing batch sums; includes preparation and verification. Not exact discovery CPU.
ORIGINATING_CALL; may be certified by later reconciliation,0.0,153.112104591,0.0,170.55033856799128,1,False,1,broad-rank-v1:b-115d4332acd9abeedbb6,,,18,17,Enclosing batch sums; includes preparation and verification. Not exact discovery CPU.
ORIGINATING_CALL; may be certified by later reconciliation,0.0,153.112104591,0.0,170.55033856799128,16,False,1,broad-rank-v1:b-115d4332acd9abeedbb6,,,19,18,Enclosing batch sums; includes preparation and verification. Not exact discovery CPU.
ORIGINATING_CALL; may be certified by later reconciliation,153.112104591,278.704513815,170.55033856799128,305.6450103200041,112,False,1,broad-rank-v1:b-115d4332acd9abeedbb6,,,20,19,Enclosing batch sums; includes preparation and verification. Not exact discovery CPU.
ORIGINATING_CALL; may be certified by later reconciliation,0.0,131.392576243,0.0,150.40658228998655,11,False,1,broad-rank-v1:b-f037c9b232c32d4df3eb,,,18,17,Enclosing batch sums; includes preparation and verification. Not exact discovery CPU.
ORIGINATING_CALL; may be certified by later reconciliation,131.392576243,239.59515403,150.40658228998655,269.0446554609807,126,False,1,broad-rank-v1:b-f037c9b232c32d4df3eb,,,19,18,Enclosing batch sums; includes preparation and verification. Not exact discovery CPU.
ORIGINATING_CALL; may be certified by later reconciliation,0.0,256.87434779299997,0.0,282.3102539079846,3,False,1,broad-rank-v1:b-8ddc9844f9a333346410,,,18,17,Enclosing batch sums; includes preparation and verification. Not exact discovery CPU.
ORIGINATING_CALL; may be certified by later reconciliation,0.0,256.87434779299997,0.0,282.3102539079846,4,False,2,broad-rank-v1:b-8ddc9844f9a333346410,,,20,18,Enclosing batch sums; includes preparation and verification. Not exact discovery CPU.
ORIGINATING_CALL; may be certified by later reconciliation,0.0,256.87434779299997,0.0,282.3102539079846,9,False,1,broad-rank-v1:b-8ddc9844f9a333346410,,,21,20,Enclosing batch sums; includes preparation and verification. Not exact discovery CPU.
ORIGINATING_CALL; may be certified by later reconciliation,0.0,256.87434779299997,0.0,282.3102539079846,30,False,1,broad-rank-v1:b-8ddc9844f9a333346410,,,22,21,Enclosing batch sums; includes preparation and verification. Not exact discovery CPU.
ORIGINATING_CALL; may be certified by later reconciliation,0.0,236.03459753399997,0.0,321.17152317400905,15,False,1,broad-rank-v1:b-7e575f614572d64437ff,,,18,17,Enclosing batch sums; includes preparation and verification. Not exact discovery CPU.
ORIGINATING_CALL; may be certified by later reconciliation,0.0,236.03459753399997,0.0,321.17152317400905,38,False,1,broad-rank-v1:b-7e575f614572d64437ff,,,19,18,Enclosing batch sums; includes preparation and verification. Not exact discovery CPU.
ORIGINATING_CALL; may be certified by later reconciliation,0.0,236.03459753399997,0.0,321.17152317400905,93,False,1,broad-rank-v1:b-7e575f614572d64437ff,,,20,19,Enclosing batch sums; includes preparation and verification. Not exact discovery CPU.
ORIGINATING_CALL; may be certified by later reconciliation,0.0,159.67979958300003,0.0,174.60904919999302,3,False,1,broad-rank-v1:b-b1028a9d672554e80087,,,18,17,Enclosing batch sums; includes preparation and verification. Not exact discovery CPU.
ORIGINATING_CALL; may be certified by later reconciliation,0.0,159.67979958300003,0.0,174.60904919999302,4,False,1,broad-rank-v1:b-b1028a9d672554e80087,,,19,18,Enclosing batch sums; includes preparation and verification. Not exact discovery CPU.
ORIGINATING_CALL; may be certified by later reconciliation,159.67979958300003,286.39846295800004,174.60904919999302,310.90287104499293,184,False,1,broad-rank-v1:b-b1028a9d672554e80087,,,20,19,Enclosing batch sums; includes preparation and verification. Not exact discovery CPU.
ORIGINATING_CALL; may be certified by later reconciliation,0.0,164.376173729,0.0,182.67009190801764,5,False,1,broad-rank-v1:b-ba934ed40dce66556343,,,18,17,Enclosing batch sums; includes preparation and verification. Not exact discovery CPU.
ORIGINATING_CALL; may be certified by later reconciliation,0.0,164.376173729,0.0,182.67009190801764,35,False,1,broad-rank-v1:b-ba934ed40dce66556343,,,19,18,Enclosing batch sums; includes preparation and verification. Not exact discovery CPU.
ORIGINATING_CALL; may be certified by later reconciliation,0.0,164.376173729,0.0,182.67009190801764,78,False,1,broad-rank-v1:b-ba934ed40dce66556343,,,20,19,Enclosing batch sums; includes preparation and verification. Not exact discovery CPU.
ORIGINATING_CALL; may be certified by later reconciliation,0.0,147.374395263,0.0,158.4512313400046,7,False,1,broad-rank-v1:b-f5861f004b28a10c459d,,,18,17,Enclosing batch sums; includes preparation and verification. Not exact discovery CPU.
ORIGINATING_CALL; may be certified by later reconciliation,0.0,175.639725527,0.0,193.19059095098055,3,False,1,broad-rank-v1:b-adc2f561d7b0e2d62117,,,18,17,Enclosing batch sums; includes preparation and verification. Not exact discovery CPU.
ORIGINATING_CALL; may be certified by later reconciliation,0.0,175.639725527,0.0,193.19059095098055,8,False,1,broad-rank-v1:b-adc2f561d7b0e2d62117,,,19,18,Enclosing batch sums; includes preparation and verification. Not exact discovery CPU.
ORIGINATING_CALL; may be certified by later reconciliation,0.0,175.639725527,0.0,193.19059095098055,15,False,1,broad-rank-v1:b-adc2f561d7b0e2d62117,,,20,19,Enclosing batch sums; includes preparation and verification. Not exact discovery CPU.
ORIGINATING_CALL; may be certified by later reconciliation,0.0,191.23521014899998,0.0,204.4162063540134,77,False,1,broad-rank-v1:b-b7157a271ac32c349690,,,18,17,Enclosing batch sums; includes preparation and verification. Not exact discovery CPU.
ORIGINATING_CALL; may be certified by later reconciliation,0.0,121.810058207,0.0,132.08580166799948,1,False,1,broad-rank-v1:b-e2560cafdd67bfe11359,,,18,17,Enclosing batch sums; includes preparation and verification. Not exact discovery CPU.
ORIGINATING_CALL; may be certified by later reconciliation,0.0,132.74645805499998,0.0,141.99661765099154,1,False,1,broad-rank-v1:b-303525b12b16279f3788,,,18,17,Enclosing batch sums; includes preparation and verification. Not exact discovery CPU.
ORIGINATING_CALL; may be certified by later reconciliation,0.0,192.24729584799996,0.0,205.9441282560001,43,False,1,broad-rank-v1:b-730dbf3d84c606f6033a,,,18,17,Enclosing batch sums; includes preparation and verification. Not exact discovery CPU.
ORIGINATING_CALL; may be certified by later reconciliation,0.0,192.24729584799996,0.0,205.9441282560001,62,False,1,broad-rank-v1:b-730dbf3d84c606f6033a,,,19,18,Enclosing batch sums; includes preparation and verification. Not exact discovery CPU.
ORIGINATING_CALL; may be certified by later reconciliation,0.0,128.045632287,0.0,137.50755823697546,9,False,1,broad-rank-v1:b-d0ced7a8acde667de197,,,18,17,Enclosing batch sums; includes preparation and verification. Not exact discovery CPU.
ORIGINATING_CALL; may be certified by later reconciliation,0.0,169.23012150600002,0.0,182.7560274990101,7,False,1,broad-rank-v1:b-742a03f9ad0edd82562f,,,18,17,Enclosing batch sums; includes preparation and verification. Not exact discovery CPU.
ORIGINATING_CALL; may be certified by later reconciliation,0.0,169.23012150600002,0.0,182.7560274990101,82,False,1,broad-rank-v1:b-742a03f9ad0edd82562f,,,19,18,Enclosing batch sums; includes preparation and verification. Not exact discovery CPU.
ORIGINATING_CALL; may be certified by later reconciliation,0.0,151.596421249,0.0,161.49541760300053,21,False,1,broad-rank-v1:b-87c79ee0cd7d5a4cc894,,,18,17,Enclosing batch sums; includes preparation and verification. Not exact discovery CPU.
ORIGINATING_CALL; may be certified by later reconciliation,151.596421249,262.888290745,161.49541760300053,283.7787388910074,116,False,1,broad-rank-v1:b-87c79ee0cd7d5a4cc894,,,19,18,Enclosing batch sums; includes preparation and verification. Not exact discovery CPU.
ORIGINATING_CALL; may be certified by later reconciliation,0.0,438.671124819,0.0,452.28304901201045,1,False,2,broad-rank-v1:b-477371c10385690c84a4,,,19,17,Enclosing batch sums; includes preparation and verification. Not exact discovery CPU.
ORIGINATING_CALL; may be certified by later reconciliation,0.0,438.671124819,0.0,452.28304901201045,2,False,1,broad-rank-v1:b-477371c10385690c84a4,,,20,19,Enclosing batch sums; includes preparation and verification. Not exact discovery CPU.
ORIGINATING_CALL; may be certified by later reconciliation,0.0,438.671124819,0.0,452.28304901201045,11,False,2,broad-rank-v1:b-477371c10385690c84a4,,,22,20,Enclosing batch sums; includes preparation and verification. Not exact discovery CPU.
ORIGINATING_CALL; may be certified by later reconciliation,0.0,438.671124819,0.0,452.28304901201045,28,False,1,broad-rank-v1:b-477371c10385690c84a4,,,23,22,Enclosing batch sums; includes preparation and verification. Not exact discovery CPU.
ORIGINATING_CALL; may be certified by later reconciliation,0.0,438.671124819,0.0,452.28304901201045,45,True,1,broad-rank-v1:b-477371c10385690c84a4,,,24,23,Enclosing batch sums; includes preparation and verification. Not exact discovery CPU.
ORIGINATING_CALL; may be certified by later reconciliation,0.0,184.349199169,0.0,198.19637553798384,39,False,1,broad-rank-v1:b-bfdc02a6f86d00899b22,,,18,17,Enclosing batch sums; includes preparation and verification. Not exact discovery CPU.
ORIGINATING_CALL; may be certified by later reconciliation,0.0,184.349199169,0.0,198.19637553798384,82,False,1,broad-rank-v1:b-bfdc02a6f86d00899b22,,,19,18,Enclosing batch sums; includes preparation and verification. Not exact discovery CPU.
ORIGINATING_CALL; may be certified by later reconciliation,0.0,131.019378767,0.0,140.65724132300238,1,False,1,broad-rank-v1:b-01bcf1616f2fe3107a3c,,,18,17,Enclosing batch sums; includes preparation and verification. Not exact discovery CPU.
ORIGINATING_CALL; may be certified by later reconciliation,228.184500828,347.620405385,244.67981284300913,371.7265615390206,194,False,1,broad-rank-v1:b-01bcf1616f2fe3107a3c,,,19,18,Enclosing batch sums; includes preparation and verification. Not exact discovery CPU.
ORIGINATING_CALL; may be certified by later reconciliation,0.0,150.04383702399997,0.0,159.86820135300513,27,False,1,broad-rank-v1:b-2e6a3adb39975b5659d6,,,18,17,Enclosing batch sums; includes preparation and verification. Not exact discovery CPU.
ORIGINATING_CALL; may be certified by later reconciliation,0.0,140.962118026,0.0,151.07273529001395,3,False,1,broad-rank-v1:b-7f5d579b016db1da6572,,,18,17,Enclosing batch sums; includes preparation and verification. Not exact discovery CPU.
ORIGINATING_CALL; may be certified by later reconciliation,0.0,167.731455452,0.0,186.64473675997579,2,False,1,broad-rank-v1:b-75f5fcbff93db01395a4,,,18,17,Enclosing batch sums; includes preparation and verification. Not exact discovery CPU.
ORIGINATING_CALL; may be certified by later reconciliation,0.0,167.731455452,0.0,186.64473675997579,3,False,1,broad-rank-v1:b-75f5fcbff93db01395a4,,,19,18,Enclosing batch sums; includes preparation and verification. Not exact discovery CPU.
ORIGINATING_CALL; may be certified by later reconciliation,0.0,167.731455452,0.0,186.64473675997579,10,False,1,broad-rank-v1:b-75f5fcbff93db01395a4,,,20,19,Enclosing batch sums; includes preparation and verification. Not exact discovery CPU.
ORIGINATING_CALL; may be certified by later reconciliation,0.0,191.056375371,0.0,203.93911678800941,24,False,1,broad-rank-v1:b-eaa2cdb43341159cd6dc,,,18,17,Enclosing batch sums; includes preparation and verification. Not exact discovery CPU.
ORIGINATING_CALL; may be certified by later reconciliation,0.0,191.056375371,0.0,203.93911678800941,79,False,1,broad-rank-v1:b-eaa2cdb43341159cd6dc,,,19,18,Enclosing batch sums; includes preparation and verification. Not exact discovery CPU.
ORIGINATING_CALL; may be certified by later reconciliation,0.0,164.29963813300003,0.0,176.39108067099005,51,False,1,broad-rank-v1:b-f98a1a098658acae0091,,,18,17,Enclosing batch sums; includes preparation and verification. Not exact discovery CPU.
ORIGINATING_CALL; may be certified by later reconciliation,0.0,151.869663072,0.0,161.71284720499534,25,False,1,broad-rank-v1:b-98096dd8a161fc5cf558,,,18,17,Enclosing batch sums; includes preparation and verification. Not exact discovery CPU.
ORIGINATING_CALL; may be certified by later reconciliation,0.0,136.679539589,0.0,147.18338652598322,3,False,1,broad-rank-v1:b-655707ae824c88505d5e,,,18,17,Enclosing batch sums; includes preparation and verification. Not exact discovery CPU.
ORIGINATING_CALL; may be certified by later reconciliation,0.0,148.705600631,0.0,160.54455305900774,29,False,1,broad-rank-v1:b-e6166b60b926a30cc694,,,18,17,Enclosing batch sums; includes preparation and verification. Not exact discovery CPU.
ORIGINATING_CALL; may be certified by later reconciliation,148.705600631,272.829870738,160.54455305900774,298.749183218024,190,False,1,broad-rank-v1:b-e6166b60b926a30cc694,,,19,18,Enclosing batch sums; includes preparation and verification. Not exact discovery CPU.
ORIGINATING_CALL; may be certified by later reconciliation,148.705600631,272.829870738,160.54455305900774,298.749183218024,191,False,1,broad-rank-v1:b-e6166b60b926a30cc694,,,20,19,Enclosing batch sums; includes preparation and verification. Not exact discovery CPU.
ORIGINATING_CALL; may be certified by later reconciliation,0.0,179.113719847,0.0,196.8932357369922,5,False,1,broad-rank-v1:b-8c81fe0ede482b956d39,,,18,17,Enclosing batch sums; includes preparation and verification. Not exact discovery CPU.
ORIGINATING_CALL; may be certified by later reconciliation,0.0,179.113719847,0.0,196.8932357369922,24,False,1,broad-rank-v1:b-8c81fe0ede482b956d39,,,19,18,Enclosing batch sums; includes preparation and verification. Not exact discovery CPU.
ORIGINATING_CALL; may be certified by later reconciliation,0.0,179.113719847,0.0,196.8932357369922,53,False,1,broad-rank-v1:b-8c81fe0ede482b956d39,,,20,19,Enclosing batch sums; includes preparation and verification. Not exact discovery CPU.
ORIGINATING_CALL; may be certified by later reconciliation,179.113719847,318.895721624,196.8932357369922,346.44572678999975,116,False,1,broad-rank-v1:b-8c81fe0ede482b956d39,,,21,20,Enclosing batch sums; includes preparation and verification. Not exact discovery CPU.
ORIGINATING_CALL; may be certified by later reconciliation,0.0,154.659183262,0.0,168.15763479901943,42,False,1,broad-rank-v1:b-4d24ef465704aa957efd,,,18,17,Enclosing batch sums; includes preparation and verification. Not exact discovery CPU.
ORIGINATING_CALL; may be certified by later reconciliation,154.659183262,259.34759167699997,168.15763479901943,283.30449727200903,212,False,1,broad-rank-v1:b-4d24ef465704aa957efd,,,19,18,Enclosing batch sums; includes preparation and verification. Not exact discovery CPU.
ORIGINATING_CALL; may be certified by later reconciliation,0.0,157.087310664,0.0,173.16820341997663,1,False,1,broad-rank-v1:b-a4a3c97a418909e1640f,,,18,17,Enclosing batch sums; includes preparation and verification. Not exact discovery CPU.
ORIGINATING_CALL; may be certified by later reconciliation,0.0,157.087310664,0.0,173.16820341997663,8,False,1,broad-rank-v1:b-a4a3c97a418909e1640f,,,19,18,Enclosing batch sums; includes preparation and verification. Not exact discovery CPU.
ORIGINATING_CALL; may be certified by later reconciliation,0.0,141.390143856,0.0,152.54604449900216,7,False,1,broad-rank-v1:b-67adce4bed050a2711ab,,,18,17,Enclosing batch sums; includes preparation and verification. Not exact discovery CPU.
ORIGINATING_CALL; may be certified by later reconciliation,141.390143856,278.116097006,152.54604449900216,301.4600689189974,152,False,1,broad-rank-v1:b-67adce4bed050a2711ab,,,19,18,Enclosing batch sums; includes preparation and verification. Not exact discovery CPU.
ORIGINATING_CALL; may be certified by later reconciliation,141.390143856,278.116097006,152.54604449900216,301.4600689189974,159,False,1,broad-rank-v1:b-67adce4bed050a2711ab,,,20,19,Enclosing batch sums; includes preparation and verification. Not exact discovery CPU.
ORIGINATING_CALL; may be certified by later reconciliation,0.0,160.039899405,0.0,170.37609646999044,37,False,1,broad-rank-v1:b-535752bf112faf57677f,,,18,17,Enclosing batch sums; includes preparation and verification. Not exact discovery CPU.
ORIGINATING_CALL; may be certified by later reconciliation,160.039899405,274.248959109,170.37609646999044,294.69613485000446,150,False,1,broad-rank-v1:b-535752bf112faf57677f,,,19,18,Enclosing batch sums; includes preparation and verification. Not exact discovery CPU.
ORIGINATING_CALL; may be certified by later reconciliation,0.0,159.153316216,0.0,168.5739808290091,29,False,1,broad-rank-v1:b-0223c18da01d97da3b56,,,18,17,Enclosing batch sums; includes preparation and verification. Not exact discovery CPU.
ORIGINATING_CALL; may be certified by later reconciliation,0.0,190.222151262,0.0,201.85253483001725,71,False,1,broad-rank-v1:b-34800cc55aa060a4fe74,,,18,17,Enclosing batch sums; includes preparation and verification. Not exact discovery CPU.
ORIGINATING_CALL; may be certified by later reconciliation,0.0,146.28513706,0.0,156.9579156030086,25,False,1,broad-rank-v1:b-098978342b0091279b46,,,18,17,Enclosing batch sums; includes preparation and verification. Not exact discovery CPU.
ORIGINATING_CALL; may be certified by later reconciliation,0.0,169.073318071,0.0,186.78117521500099,3,False,1,broad-rank-v1:b-8497b5abe568bdfc875b,,,18,17,Enclosing batch sums; includes preparation and verification. Not exact discovery CPU.
ORIGINATING_CALL; may be certified by later reconciliation,0.0,169.073318071,0.0,186.78117521500099,6,False,1,broad-rank-v1:b-8497b5abe568bdfc875b,,,19,18,Enclosing batch sums; includes preparation and verification. Not exact discovery CPU.
ORIGINATING_CALL; may be certified by later reconciliation,0.0,169.073318071,0.0,186.78117521500099,13,False,1,broad-rank-v1:b-8497b5abe568bdfc875b,,,20,19,Enclosing batch sums; includes preparation and verification. Not exact discovery CPU.
ORIGINATING_CALL; may be certified by later reconciliation,169.073318071,304.43012920499996,186.78117521500099,329.9482166109956,108,False,1,broad-rank-v1:b-8497b5abe568bdfc875b,,,21,20,Enclosing batch sums; includes preparation and verification. Not exact discovery CPU.
ORIGINATING_CALL; may be certified by later reconciliation,0.0,227.627534607,0.0,239.04945273298654,81,False,1,broad-rank-v1:b-377ea076765196682ef9,,,18,17,Enclosing batch sums; includes preparation and verification. Not exact discovery CPU.
ORIGINATING_CALL; may be certified by later reconciliation,0.0,140.120917859,0.0,151.49423423601547,9,False,1,broad-rank-v1:b-ae29b96119b666604821,,,18,17,Enclosing batch sums; includes preparation and verification. Not exact discovery CPU.
ORIGINATING_CALL; may be certified by later reconciliation,0.0,145.039529854,0.0,156.57125192097737,27,False,1,broad-rank-v1:b-290b87bdb6ffd739356f,,,18,17,Enclosing batch sums; includes preparation and verification. Not exact discovery CPU.
ORIGINATING_CALL; may be certified by later reconciliation,145.039529854,251.49658853,156.57125192097737,272.71727456795634,208,False,1,broad-rank-v1:b-290b87bdb6ffd739356f,,,19,18,Enclosing batch sums; includes preparation and verification. Not exact discovery CPU.
ORIGINATING_CALL; may be certified by later reconciliation,0.0,173.098369215,0.0,190.42123748201993,3,False,1,broad-rank-v1:b-42de7197c51f4ab49a3e,,,18,17,Enclosing batch sums; includes preparation and verification. Not exact discovery CPU.
ORIGINATING_CALL; may be certified by later reconciliation,0.0,173.098369215,0.0,190.42123748201993,24,False,1,broad-rank-v1:b-42de7197c51f4ab49a3e,,,19,18,Enclosing batch sums; includes preparation and verification. Not exact discovery CPU.
ORIGINATING_CALL; may be certified by later reconciliation,0.0,173.098369215,0.0,190.42123748201993,35,False,1,broad-rank-v1:b-42de7197c51f4ab49a3e,,,20,19,Enclosing batch sums; includes preparation and verification. Not exact discovery CPU.
ORIGINATING_CALL; may be certified by later reconciliation,0.0,208.607336761,0.0,221.89769890898606,85,False,1,broad-rank-v1:b-c37e5c0fe804fd818c72,,,18,17,Enclosing batch sums; includes preparation and verification. Not exact discovery CPU.
ORIGINATING_CALL; may be certified by later reconciliation,0.0,170.751323842,0.0,186.80791524300002,23,False,1,broad-rank-v1:b-271564f26e12664556b4,,,18,17,Enclosing batch sums; includes preparation and verification. Not exact discovery CPU.
ORIGINATING_CALL; may be certified by later reconciliation,277.117591742,409.816111523,299.5042714709998,439.9958776929998,235,False,1,broad-rank-v1:b-271564f26e12664556b4,,,19,18,Enclosing batch sums; includes preparation and verification. Not exact discovery CPU.
ORIGINATING_CALL; may be certified by later reconciliation,0.0,145.910933273,0.0,159.8913235249929,19,False,1,broad-rank-v1:b-4e8f6e894c74b35b3264,,,18,17,Enclosing batch sums; includes preparation and verification. Not exact discovery CPU.
ORIGINATING_CALL; may be certified by later reconciliation,0.0,132.925731502,0.0,146.0607689069875,1,False,1,broad-rank-v1:b-bc044fa182687c923728,,,18,17,Enclosing batch sums; includes preparation and verification. Not exact discovery CPU.
ORIGINATING_CALL; may be certified by later reconciliation,0.0,163.30371398499997,0.0,177.81893968599616,61,False,1,broad-rank-v1:b-31aa76ae575201624ec2,,,18,17,Enclosing batch sums; includes preparation and verification. Not exact discovery CPU.
ORIGINATING_CALL; may be certified by later reconciliation,0.0,170.409204543,0.0,183.54825037700357,9,False,1,broad-rank-v1:b-cb14476de95d924d27b2,,,18,17,Enclosing batch sums; includes preparation and verification. Not exact discovery CPU.
ORIGINATING_CALL; may be certified by later reconciliation,0.0,170.409204543,0.0,183.54825037700357,33,False,1,broad-rank-v1:b-cb14476de95d924d27b2,,,19,18,Enclosing batch sums; includes preparation and verification. Not exact discovery CPU.
ORIGINATING_CALL; may be certified by later reconciliation,0.0,350.83990515700003,0.0,369.48294959700434,3,False,1,broad-rank-v1:b-4ced5e6a400d884e4c06,,,18,17,Enclosing batch sums; includes preparation and verification. Not exact discovery CPU.
ORIGINATING_CALL; may be certified by later reconciliation,0.0,350.83990515700003,0.0,369.48294959700434,4,False,2,broad-rank-v1:b-4ced5e6a400d884e4c06,,,20,18,Enclosing batch sums; includes preparation and verification. Not exact discovery CPU.
ORIGINATING_CALL; may be certified by later reconciliation,0.0,350.83990515700003,0.0,369.48294959700434,9,False,1,broad-rank-v1:b-4ced5e6a400d884e4c06,,,21,20,Enclosing batch sums; includes preparation and verification. Not exact discovery CPU.
ORIGINATING_CALL; may be certified by later reconciliation,0.0,350.83990515700003,0.0,369.48294959700434,14,False,1,broad-rank-v1:b-4ced5e6a400d884e4c06,,,22,21,Enclosing batch sums; includes preparation and verification. Not exact discovery CPU.
ORIGINATING_CALL; may be certified by later reconciliation,0.0,350.83990515700003,0.0,369.48294959700434,37,False,1,broad-rank-v1:b-4ced5e6a400d884e4c06,,,23,22,Enclosing batch sums; includes preparation and verification. Not exact discovery CPU.
ORIGINATING_CALL; may be certified by later reconciliation,0.0,167.98852219,0.0,179.7867563450127,43,False,1,broad-rank-v1:b-2df39fbf2c5646986cfe,,,18,17,Enclosing batch sums; includes preparation and verification. Not exact discovery CPU.
ORIGINATING_CALL; may be certified by later reconciliation,0.0,209.637063884,0.0,226.32339211300132,25,False,1,broad-rank-v1:b-09e7e5d490e0e527432f,,,18,17,Enclosing batch sums; includes preparation and verification. Not exact discovery CPU.
ORIGINATING_CALL; may be certified by later reconciliation,0.0,209.637063884,0.0,226.32339211300132,28,False,1,broad-rank-v1:b-09e7e5d490e0e527432f,,,19,18,Enclosing batch sums; includes preparation and verification. Not exact discovery CPU.
ORIGINATING_CALL; may be certified by later reconciliation,0.0,209.637063884,0.0,226.32339211300132,57,False,2,broad-rank-v1:b-09e7e5d490e0e527432f,,,21,19,Enclosing batch sums; includes preparation and verification. Not exact discovery CPU.
ORIGINATING_CALL; may be certified by later reconciliation,209.637063884,377.203538212,226.32339211300132,400.5500031110132,162,False,1,broad-rank-v1:b-09e7e5d490e0e527432f,,,22,21,Enclosing batch sums; includes preparation and verification. Not exact discovery CPU.
ORIGINATING_CALL; may be certified by later reconciliation,0.0,185.33725193500004,0.0,206.5169637129875,35,False,1,broad-rank-v1:b-2b938e72efda7c2be14a,,,18,17,Enclosing batch sums; includes preparation and verification. Not exact discovery CPU.
ORIGINATING_CALL; may be certified by later reconciliation,0.0,185.33725193500004,0.0,206.5169637129875,36,False,1,broad-rank-v1:b-2b938e72efda7c2be14a,,,19,18,Enclosing batch sums; includes preparation and verification. Not exact discovery CPU.
ORIGINATING_CALL; may be certified by later reconciliation,0.0,185.33725193500004,0.0,206.5169637129875,43,False,1,broad-rank-v1:b-2b938e72efda7c2be14a,,,20,19,Enclosing batch sums; includes preparation and verification. Not exact discovery CPU.
ORIGINATING_CALL; may be certified by later reconciliation,0.0,149.452526591,0.0,165.75701465297607,7,False,1,broad-rank-v1:b-d9d544bdd7d4187d71b3,,,18,17,Enclosing batch sums; includes preparation and verification. Not exact discovery CPU.
ORIGINATING_CALL; may be certified by later reconciliation,0.0,149.452526591,0.0,165.75701465297607,12,False,1,broad-rank-v1:b-d9d544bdd7d4187d71b3,,,19,18,Enclosing batch sums; includes preparation and verification. Not exact discovery CPU.
ORIGINATING_CALL; may be certified by later reconciliation,0.0,309.76455688900006,0.0,318.5389919159934,1,False,5,broad-rank-v1:b-c907453d80ddd62ca2fd,,,22,17,Enclosing batch sums; includes preparation and verification. Not exact discovery CPU.
ORIGINATING_CALL; may be certified by later reconciliation,0.0,309.76455688900006,0.0,318.5389919159934,2,False,1,broad-rank-v1:b-c907453d80ddd62ca2fd,,,23,22,Enclosing batch sums; includes preparation and verification. Not exact discovery CPU.
ORIGINATING_CALL; may be certified by later reconciliation,104.47211591,254.359310784,109.99180758598959,264.546293374995,99,False,1,broad-rank-v1:b-3652504069e756b7672b,,,18,17,Enclosing batch sums; includes preparation and verification. Not exact discovery CPU.
ORIGINATING_CALL; may be certified by later reconciliation,333.75834801,479.07195031000003,347.8415371339943,504.0671799610136,308,False,1,broad-rank-v1:b-3652504069e756b7672b,,,19,18,Enclosing batch sums; includes preparation and verification. Not exact discovery CPU.
ORIGINATING_CALL; may be certified by later reconciliation,333.75834801,479.07195031000003,347.8415371339943,504.0671799610136,331,False,1,broad-rank-v1:b-3652504069e756b7672b,,,20,19,Enclosing batch sums; includes preparation and verification. Not exact discovery CPU.
ORIGINATING_CALL; may be certified by later reconciliation,0.0,158.851568549,0.0,172.73147002299083,37,False,1,broad-rank-v1:b-95917f1e5b548955bd56,,,18,17,Enclosing batch sums; includes preparation and verification. Not exact discovery CPU.
ORIGINATING_CALL; may be certified by later reconciliation,0.0,141.054761891,0.0,152.84932759898948,13,False,1,broad-rank-v1:b-f000faf97089337d3e6e,,,18,17,Enclosing batch sums; includes preparation and verification. Not exact discovery CPU.
ORIGINATING_CALL; may be certified by later reconciliation,0.0,180.38356649600001,0.0,191.767501224007,65,False,1,broad-rank-v1:b-e0e41899ba68d81839d8,,,18,17,Enclosing batch sums; includes preparation and verification. Not exact discovery CPU.
ORIGINATING_CALL; may be certified by later reconciliation,180.38356649600001,290.36268823600005,191.767501224007,311.02783067399287,166,False,1,broad-rank-v1:b-e0e41899ba68d81839d8,,,19,18,Enclosing batch sums; includes preparation and verification. Not exact discovery CPU.
ORIGINATING_CALL; may be certified by later reconciliation,0.0,140.727642488,0.0,150.01714291400276,1,False,1,broad-rank-v1:b-002206434d92e4eedcab,,,18,17,Enclosing batch sums; includes preparation and verification. Not exact discovery CPU.
ORIGINATING_CALL; may be certified by later reconciliation,0.0,169.905684115,0.0,182.85317972599296,9,False,1,broad-rank-v1:b-d7a579a32761774c596b,,,18,17,Enclosing batch sums; includes preparation and verification. Not exact discovery CPU.
ORIGINATING_CALL; may be certified by later reconciliation,0.0,169.905684115,0.0,182.85317972599296,94,False,1,broad-rank-v1:b-d7a579a32761774c596b,,,19,18,Enclosing batch sums; includes preparation and verification. Not exact discovery CPU.
ORIGINATING_CALL; may be certified by later reconciliation,284.97361428,412.737682849,302.49421175400494,437.55753531798837,224,False,1,broad-rank-v1:b-d7a579a32761774c596b,,,20,19,Enclosing batch sums; includes preparation and verification. Not exact discovery CPU.
ORIGINATING_CALL; may be certified by later reconciliation,0.0,151.695164011,0.0,162.139329283993,13,False,1,broad-rank-v1:b-99fdf8c89fcac1c411db,,,18,17,Enclosing batch sums; includes preparation and verification. Not exact discovery CPU.
ORIGINATING_CALL; may be certified by later reconciliation,0.0,172.00814088099997,0.0,185.63616172102047,1,False,1,broad-rank-v1:b-dc98a84ecc0e6ea209d5,,,18,17,Enclosing batch sums; includes preparation and verification. Not exact discovery CPU.
ORIGINATING_CALL; may be certified by later reconciliation,0.0,172.00814088099997,0.0,185.63616172102047,4,False,2,broad-rank-v1:b-dc98a84ecc0e6ea209d5,,,20,18,Enclosing batch sums; includes preparation and verification. Not exact discovery CPU.
ORIGINATING_CALL; may be certified by later reconciliation,0.0,141.91641677399997,0.0,157.2561935580161,1,False,1,broad-rank-v1:b-a9d6cdcad4ac6bfdab8e,,,18,17,Enclosing batch sums; includes preparation and verification. Not exact discovery CPU.
ORIGINATING_CALL; may be certified by later reconciliation,0.0,141.91641677399997,0.0,157.2561935580161,60,False,1,broad-rank-v1:b-a9d6cdcad4ac6bfdab8e,,,19,18,Enclosing batch sums; includes preparation and verification. Not exact discovery CPU.
ORIGINATING_CALL; may be certified by later reconciliation,0.0,220.202569147,0.0,234.01404143500258,3,False,4,broad-rank-v1:b-bdf06112bfaa3b34ae21,,,21,17,Enclosing batch sums; includes preparation and verification. Not exact discovery CPU.
ORIGINATING_CALL; may be certified by later reconciliation,0.0,220.202569147,0.0,234.01404143500258,10,False,1,broad-rank-v1:b-bdf06112bfaa3b34ae21,,,22,21,Enclosing batch sums; includes preparation and verification. Not exact discovery CPU.
ORIGINATING_CALL; may be certified by later reconciliation,0.0,323.774815799,0.0,351.9241497369949,7,False,1,broad-rank-v1:b-d56b29af89fb6f62ef8f,,,18,17,Enclosing batch sums; includes preparation and verification. Not exact discovery CPU.
ORIGINATING_CALL; may be certified by later reconciliation,0.0,323.774815799,0.0,351.9241497369949,8,False,1,broad-rank-v1:b-d56b29af89fb6f62ef8f,,,19,18,Enclosing batch sums; includes preparation and verification. Not exact discovery CPU.
ORIGINATING_CALL; may be certified by later reconciliation,0.0,323.774815799,0.0,351.9241497369949,31,False,1,broad-rank-v1:b-d56b29af89fb6f62ef8f,,,20,19,Enclosing batch sums; includes preparation and verification. Not exact discovery CPU.
ORIGINATING_CALL; may be certified by later reconciliation,0.0,323.774815799,0.0,351.9241497369949,36,False,1,broad-rank-v1:b-d56b29af89fb6f62ef8f,,,21,20,Enclosing batch sums; includes preparation and verification. Not exact discovery CPU.
ORIGINATING_CALL; may be certified by later reconciliation,0.0,323.774815799,0.0,351.9241497369949,69,False,1,broad-rank-v1:b-d56b29af89fb6f62ef8f,,,22,21,Enclosing batch sums; includes preparation and verification. Not exact discovery CPU.
ORIGINATING_CALL; may be certified by later reconciliation,0.0,323.774815799,0.0,351.9241497369949,88,False,1,broad-rank-v1:b-d56b29af89fb6f62ef8f,,,23,22,Enclosing batch sums; includes preparation and verification. Not exact discovery CPU.
ORIGINATING_CALL; may be certified by later reconciliation,0.0,205.89196079600003,0.0,215.97836825298145,1,False,5,broad-rank-v1:b-53593b19ebc7b75e78b8,,,22,17,Enclosing batch sums; includes preparation and verification. Not exact discovery CPU.
ORIGINATING_CALL; may be certified by later reconciliation,0.0,187.736627756,0.0,208.32848675298737,9,False,1,broad-rank-v1:b-29415d88047d2b381fda,,,18,17,Enclosing batch sums; includes preparation and verification. Not exact discovery CPU.
ORIGINATING_CALL; may be certified by later reconciliation,0.0,187.736627756,0.0,208.32848675298737,22,False,1,broad-rank-v1:b-29415d88047d2b381fda,,,19,18,Enclosing batch sums; includes preparation and verification. Not exact discovery CPU.
ORIGINATING_CALL; may be certified by later reconciliation,0.0,187.736627756,0.0,208.32848675298737,43,False,1,broad-rank-v1:b-29415d88047d2b381fda,,,20,19,Enclosing batch sums; includes preparation and verification. Not exact discovery CPU.
ORIGINATING_CALL; may be certified by later reconciliation,187.736627756,330.180305875,208.32848675298737,358.8315443559841,142,False,1,broad-rank-v1:b-29415d88047d2b381fda,,,21,20,Enclosing batch sums; includes preparation and verification. Not exact discovery CPU.
ORIGINATING_CALL; may be certified by later reconciliation,0.0,219.500784729,0.0,243.6568487250188,68,False,1,broad-rank-v1:b-f9a5b96268e846113ce3,,,18,17,Enclosing batch sums; includes preparation and verification. Not exact discovery CPU.
ORIGINATING_CALL; may be certified by later reconciliation,0.0,219.500784729,0.0,243.6568487250188,69,False,1,broad-rank-v1:b-f9a5b96268e846113ce3,,,19,18,Enclosing batch sums; includes preparation and verification. Not exact discovery CPU.
ORIGINATING_CALL; may be certified by later reconciliation,0.0,219.500784729,0.0,243.6568487250188,100,False,1,broad-rank-v1:b-f9a5b96268e846113ce3,,,20,19,Enclosing batch sums; includes preparation and verification. Not exact discovery CPU.
ORIGINATING_CALL; may be certified by later reconciliation,0.0,249.023713547,0.0,262.8454699489812,1,False,3,broad-rank-v1:b-f8a93590667f01707462,,,20,17,Enclosing batch sums; includes preparation and verification. Not exact discovery CPU.
ORIGINATING_CALL; may be certified by later reconciliation,0.0,249.023713547,0.0,262.8454699489812,4,False,1,broad-rank-v1:b-f8a93590667f01707462,,,21,20,Enclosing batch sums; includes preparation and verification. Not exact discovery CPU.
ORIGINATING_CALL; may be certified by later reconciliation,0.0,249.023713547,0.0,262.8454699489812,17,False,1,broad-rank-v1:b-f8a93590667f01707462,,,22,21,Enclosing batch sums; includes preparation and verification. Not exact discovery CPU.
ORIGINATING_CALL; may be certified by later reconciliation,0.0,166.48755971799997,0.0,181.80173584099975,3,False,1,broad-rank-v1:b-d76ff4fd7424d5e6af9d,,,18,17,Enclosing batch sums; includes preparation and verification. Not exact discovery CPU.
ORIGINATING_CALL; may be certified by later reconciliation,0.0,166.48755971799997,0.0,181.80173584099975,20,False,1,broad-rank-v1:b-d76ff4fd7424d5e6af9d,,,19,18,Enclosing batch sums; includes preparation and verification. Not exact discovery CPU.
ORIGINATING_CALL; may be certified by later reconciliation,0.0,166.48755971799997,0.0,181.80173584099975,87,False,1,broad-rank-v1:b-d76ff4fd7424d5e6af9d,,,20,19,Enclosing batch sums; includes preparation and verification. Not exact discovery CPU.
ORIGINATING_CALL; may be certified by later reconciliation,0.0,248.95161444400003,0.0,272.7601527849911,1,False,1,broad-rank-v1:b-8ef0f429d97746bbc4d6,,,18,17,Enclosing batch sums; includes preparation and verification. Not exact discovery CPU.
ORIGINATING_CALL; may be certified by later reconciliation,0.0,248.95161444400003,0.0,272.7601527849911,14,False,1,broad-rank-v1:b-8ef0f429d97746bbc4d6,,,19,18,Enclosing batch sums; includes preparation and verification. Not exact discovery CPU.
ORIGINATING_CALL; may be certified by later reconciliation,0.0,248.95161444400003,0.0,272.7601527849911,17,False,1,broad-rank-v1:b-8ef0f429d97746bbc4d6,,,20,19,Enclosing batch sums; includes preparation and verification. Not exact discovery CPU.
ORIGINATING_CALL; may be certified by later reconciliation,0.0,248.95161444400003,0.0,272.7601527849911,36,False,1,broad-rank-v1:b-8ef0f429d97746bbc4d6,,,21,20,Enclosing batch sums; includes preparation and verification. Not exact discovery CPU.
ORIGINATING_CALL; may be certified by later reconciliation,0.0,248.95161444400003,0.0,272.7601527849911,45,False,1,broad-rank-v1:b-8ef0f429d97746bbc4d6,,,22,21,Enclosing batch sums; includes preparation and verification. Not exact discovery CPU.
ORIGINATING_CALL; may be certified by later reconciliation,0.0,151.12810551599998,0.0,161.9346896079951,19,False,1,broad-rank-v1:b-d32912126163920abee2,,,18,17,Enclosing batch sums; includes preparation and verification. Not exact discovery CPU.
ORIGINATING_CALL; may be certified by later reconciliation,0.0,152.549614829,0.0,165.54805854099686,5,False,1,broad-rank-v1:b-bc0f74aeaf50c258b515,,,18,17,Enclosing batch sums; includes preparation and verification. Not exact discovery CPU.
ORIGINATING_CALL; may be certified by later reconciliation,0.0,152.549614829,0.0,165.54805854099686,88,False,1,broad-rank-v1:b-bc0f74aeaf50c258b515,,,19,18,Enclosing batch sums; includes preparation and verification. Not exact discovery CPU.
ORIGINATING_CALL; may be certified by later reconciliation,152.549614829,275.061363091,165.54805854099686,298.5053091580048,146,False,1,broad-rank-v1:b-bc0f74aeaf50c258b515,,,20,19,Enclosing batch sums; includes preparation and verification. Not exact discovery CPU.
ORIGINATING_CALL; may be certified by later reconciliation,0.0,142.67340644499998,0.0,154.43819425601396,7,False,1,broad-rank-v1:b-1387fccdf64ba0749442,,,18,17,Enclosing batch sums; includes preparation and verification. Not exact discovery CPU.
ORIGINATING_CALL; may be certified by later reconciliation,0.0,143.78547123599998,0.0,162.2233205299999,5,False,1,broad-rank-v1:b-51f3e2dcd1debabed864,,,18,17,Enclosing batch sums; includes preparation and verification. Not exact discovery CPU.
ORIGINATING_CALL; may be certified by later reconciliation,0.0,143.78547123599998,0.0,162.2233205299999,6,False,1,broad-rank-v1:b-51f3e2dcd1debabed864,,,19,18,Enclosing batch sums; includes preparation and verification. Not exact discovery CPU.
ORIGINATING_CALL; may be certified by later reconciliation,0.0,129.007265888,0.0,140.37141434298246,1,False,1,broad-rank-v1:b-1b8c858be0ae917e1813,,,18,17,Enclosing batch sums; includes preparation and verification. Not exact discovery CPU.
ORIGINATING_CALL; may be certified by later reconciliation,0.0,192.642478047,0.0,213.02991010298138,3,False,1,broad-rank-v1:b-fff5fdf1b27d8e54d745,,,18,17,Enclosing batch sums; includes preparation and verification. Not exact discovery CPU.
ORIGINATING_CALL; may be certified by later reconciliation,0.0,192.642478047,0.0,213.02991010298138,14,False,1,broad-rank-v1:b-fff5fdf1b27d8e54d745,,,19,18,Enclosing batch sums; includes preparation and verification. Not exact discovery CPU.
ORIGINATING_CALL; may be certified by later reconciliation,0.0,192.642478047,0.0,213.02991010298138,23,False,1,broad-rank-v1:b-fff5fdf1b27d8e54d745,,,20,19,Enclosing batch sums; includes preparation and verification. Not exact discovery CPU.
ORIGINATING_CALL; may be certified by later reconciliation,0.0,192.642478047,0.0,213.02991010298138,24,False,1,broad-rank-v1:b-fff5fdf1b27d8e54d745,,,21,20,Enclosing batch sums; includes preparation and verification. Not exact discovery CPU.
ORIGINATING_CALL; may be certified by later reconciliation,0.0,222.89531040399996,0.0,244.13282012598938,27,False,1,broad-rank-v1:b-f5bf80951b1c2164656e,,,18,17,Enclosing batch sums; includes preparation and verification. Not exact discovery CPU.
ORIGINATING_CALL; may be certified by later reconciliation,0.0,222.89531040399996,0.0,244.13282012598938,34,False,1,broad-rank-v1:b-f5bf80951b1c2164656e,,,19,18,Enclosing batch sums; includes preparation and verification. Not exact discovery CPU.
ORIGINATING_CALL; may be certified by later reconciliation,0.0,222.89531040399996,0.0,244.13282012598938,35,False,1,broad-rank-v1:b-f5bf80951b1c2164656e,,,20,19,Enclosing batch sums; includes preparation and verification. Not exact discovery CPU.
ORIGINATING_CALL; may be certified by later reconciliation,0.0,222.89531040399996,0.0,244.13282012598938,36,False,1,broad-rank-v1:b-f5bf80951b1c2164656e,,,21,20,Enclosing batch sums; includes preparation and verification. Not exact discovery CPU.
ORIGINATING_CALL; may be certified by later reconciliation,345.98743488099996,563.2363781839999,371.7082787529798,593.8710912749812,280,False,1,broad-rank-v1:b-f5bf80951b1c2164656e,,,22,21,Enclosing batch sums; includes preparation and verification. Not exact discovery CPU.
ORIGINATING_CALL; may be certified by later reconciliation,345.98743488099996,563.2363781839999,371.7082787529798,593.8710912749812,307,False,1,broad-rank-v1:b-f5bf80951b1c2164656e,,,23,22,Enclosing batch sums; includes preparation and verification. Not exact discovery CPU.
ORIGINATING_CALL; may be certified by later reconciliation,0.0,167.01170878000002,0.0,178.9519688670116,49,False,1,broad-rank-v1:b-de553ad524b199e07e64,,,18,17,Enclosing batch sums; includes preparation and verification. Not exact discovery CPU.
ORIGINATING_CALL; may be certified by later reconciliation,0.0,328.59756595999994,0.0,345.6629675049917,1,False,2,broad-rank-v1:b-b1dfd57aaf748bf8725b,,,19,17,Enclosing batch sums; includes preparation and verification. Not exact discovery CPU.
ORIGINATING_CALL; may be certified by later reconciliation,0.0,328.59756595999994,0.0,345.6629675049917,22,False,1,broad-rank-v1:b-b1dfd57aaf748bf8725b,,,20,19,Enclosing batch sums; includes preparation and verification. Not exact discovery CPU.
ORIGINATING_CALL; may be certified by later reconciliation,0.0,328.59756595999994,0.0,345.6629675049917,23,False,1,broad-rank-v1:b-b1dfd57aaf748bf8725b,,,21,20,Enclosing batch sums; includes preparation and verification. Not exact discovery CPU.
ORIGINATING_CALL; may be certified by later reconciliation,0.0,328.59756595999994,0.0,345.6629675049917,34,False,1,broad-rank-v1:b-b1dfd57aaf748bf8725b,,,22,21,Enclosing batch sums; includes preparation and verification. Not exact discovery CPU.
ORIGINATING_CALL; may be certified by later reconciliation,0.0,328.59756595999994,0.0,345.6629675049917,37,False,1,broad-rank-v1:b-b1dfd57aaf748bf8725b,,,23,22,Enclosing batch sums; includes preparation and verification. Not exact discovery CPU.
ORIGINATING_CALL; may be certified by later reconciliation,328.59756595999994,628.193267871,345.6629675049917,644.6198412159865,140,True,1,broad-rank-v1:b-b1dfd57aaf748bf8725b,,,24,23,Enclosing batch sums; includes preparation and verification. Not exact discovery CPU.
ORIGINATING_CALL; may be certified by later reconciliation,0.0,155.007215385,0.0,168.72966711298795,5,False,1,broad-rank-v1:b-dd862f4d902aee10ef2f,,,18,17,Enclosing batch sums; includes preparation and verification. Not exact discovery CPU.
ORIGINATING_CALL; may be certified by later reconciliation,0.0,155.007215385,0.0,168.72966711298795,50,False,1,broad-rank-v1:b-dd862f4d902aee10ef2f,,,19,18,Enclosing batch sums; includes preparation and verification. Not exact discovery CPU.
ORIGINATING_CALL; may be certified by later reconciliation,0.0,180.84694016600002,0.0,189.97626905699144,25,False,1,broad-rank-v1:b-b1831c1d3404640d95c8,,,18,17,Enclosing batch sums; includes preparation and verification. Not exact discovery CPU.
ORIGINATING_CALL; may be certified by later reconciliation,0.0,181.714058085,0.0,197.76861411999562,3,False,1,broad-rank-v1:b-8da2966945f39368cf2f,,,18,17,Enclosing batch sums; includes preparation and verification. Not exact discovery CPU.
ORIGINATING_CALL; may be certified by later reconciliation,0.0,181.714058085,0.0,197.76861411999562,16,False,1,broad-rank-v1:b-8da2966945f39368cf2f,,,19,18,Enclosing batch sums; includes preparation and verification. Not exact discovery CPU.
ORIGINATING_CALL; may be certified by later reconciliation,0.0,181.714058085,0.0,197.76861411999562,45,False,1,broad-rank-v1:b-8da2966945f39368cf2f,,,20,19,Enclosing batch sums; includes preparation and verification. Not exact discovery CPU.
ORIGINATING_CALL; may be certified by later reconciliation,0.0,202.962025966,0.0,229.43484955799067,5,False,1,broad-rank-v1:b-356615003417d88233ec,,,18,17,Enclosing batch sums; includes preparation and verification. Not exact discovery CPU.
ORIGINATING_CALL; may be certified by later reconciliation,0.0,202.962025966,0.0,229.43484955799067,28,False,1,broad-rank-v1:b-356615003417d88233ec,,,19,18,Enclosing batch sums; includes preparation and verification. Not exact discovery CPU.
ORIGINATING_CALL; may be certified by later reconciliation,0.0,202.962025966,0.0,229.43484955799067,61,False,1,broad-rank-v1:b-356615003417d88233ec,,,20,19,Enclosing batch sums; includes preparation and verification. Not exact discovery CPU.
ORIGINATING_CALL; may be certified by later reconciliation,0.0,202.962025966,0.0,229.43484955799067,74,False,1,broad-rank-v1:b-356615003417d88233ec,,,21,20,Enclosing batch sums; includes preparation and verification. Not exact discovery CPU.
ORIGINATING_CALL; may be certified by later reconciliation,0.0,135.58264708699997,0.0,145.7741234030109,1,False,1,broad-rank-v1:b-2fef72819a7b2bdf4f67,,,18,17,Enclosing batch sums; includes preparation and verification. Not exact discovery CPU.
ORIGINATING_CALL; may be certified by later reconciliation,0.0,177.38249438100001,0.0,189.70092425399343,53,False,1,broad-rank-v1:b-19a7d9ff96099007746f,,,18,17,Enclosing batch sums; includes preparation and verification. Not exact discovery CPU.
ORIGINATING_CALL; may be certified by later reconciliation,0.0,332.95839631199993,0.0,353.4171831640124,8,False,1,broad-rank-v1:b-d6c7a23093c65bf22c41,,,18,17,Enclosing batch sums; includes preparation and verification. Not exact discovery CPU.
ORIGINATING_CALL; may be certified by later reconciliation,0.0,332.95839631199993,0.0,353.4171831640124,15,False,1,broad-rank-v1:b-d6c7a23093c65bf22c41,,,19,18,Enclosing batch sums; includes preparation and verification. Not exact discovery CPU.
ORIGINATING_CALL; may be certified by later reconciliation,0.0,332.95839631199993,0.0,353.4171831640124,17,False,1,broad-rank-v1:b-d6c7a23093c65bf22c41,,,20,19,Enclosing batch sums; includes preparation and verification. Not exact discovery CPU.
ORIGINATING_CALL; may be certified by later reconciliation,0.0,332.95839631199993,0.0,353.4171831640124,32,False,2,broad-rank-v1:b-d6c7a23093c65bf22c41,,,22,20,Enclosing batch sums; includes preparation and verification. Not exact discovery CPU.
ORIGINATING_CALL; may be certified by later reconciliation,0.0,332.95839631199993,0.0,353.4171831640124,59,False,1,broad-rank-v1:b-d6c7a23093c65bf22c41,,,23,22,Enclosing batch sums; includes preparation and verification. Not exact discovery CPU.
ORIGINATING_CALL; may be certified by later reconciliation,0.0,331.57938855299994,0.0,353.38357022500713,1,False,2,broad-rank-v1:b-c1c61596468940fe47df,,,19,17,Enclosing batch sums; includes preparation and verification. Not exact discovery CPU.
ORIGINATING_CALL; may be certified by later reconciliation,0.0,331.57938855299994,0.0,353.38357022500713,8,False,1,broad-rank-v1:b-c1c61596468940fe47df,,,20,19,Enclosing batch sums; includes preparation and verification. Not exact discovery CPU.
ORIGINATING_CALL; may be certified by later reconciliation,0.0,331.57938855299994,0.0,353.38357022500713,13,False,1,broad-rank-v1:b-c1c61596468940fe47df,,,21,20,Enclosing batch sums; includes preparation and verification. Not exact discovery CPU.
ORIGINATING_CALL; may be certified by later reconciliation,0.0,331.57938855299994,0.0,353.38357022500713,66,False,1,broad-rank-v1:b-c1c61596468940fe47df,,,22,21,Enclosing batch sums; includes preparation and verification. Not exact discovery CPU.
ORIGINATING_CALL; may be certified by later reconciliation,0.0,331.57938855299994,0.0,353.38357022500713,85,False,1,broad-rank-v1:b-c1c61596468940fe47df,,,23,22,Enclosing batch sums; includes preparation and verification. Not exact discovery CPU.
ORIGINATING_CALL; may be certified by later reconciliation,0.0,151.16579943300002,0.0,161.10806421999587,7,False,1,broad-rank-v1:b-a17bf3329805ffe99a18,,,18,17,Enclosing batch sums; includes preparation and verification. Not exact discovery CPU.
ORIGINATING_CALL; may be certified by later reconciliation,0.0,197.389202199,0.0,216.60044738801662,1,False,1,broad-rank-v1:b-64b49bbd5d059fc33e5c,,,18,17,Enclosing batch sums; includes preparation and verification. Not exact discovery CPU.
ORIGINATING_CALL; may be certified by later reconciliation,0.0,197.389202199,0.0,216.60044738801662,4,False,1,broad-rank-v1:b-64b49bbd5d059fc33e5c,,,19,18,Enclosing batch sums; includes preparation and verification. Not exact discovery CPU.
ORIGINATING_CALL; may be certified by later reconciliation,0.0,197.389202199,0.0,216.60044738801662,5,False,1,broad-rank-v1:b-64b49bbd5d059fc33e5c,,,20,19,Enclosing batch sums; includes preparation and verification. Not exact discovery CPU.
ORIGINATING_CALL; may be certified by later reconciliation,0.0,197.389202199,0.0,216.60044738801662,38,False,1,broad-rank-v1:b-64b49bbd5d059fc33e5c,,,21,20,Enclosing batch sums; includes preparation and verification. Not exact discovery CPU.
ORIGINATING_CALL; may be certified by later reconciliation,0.0,171.96812014900001,0.0,183.27225303798332,39,False,1,broad-rank-v1:b-9d5586cb4aaf18ce5eae,,,18,17,Enclosing batch sums; includes preparation and verification. Not exact discovery CPU.
ORIGINATING_CALL; may be certified by later reconciliation,0.0,139.577371675,0.0,148.3524539259961,1,False,1,broad-rank-v1:b-a65b0d2afad508e57342,,,18,17,Enclosing batch sums; includes preparation and verification. Not exact discovery CPU.
ORIGINATING_CALL; may be certified by later reconciliation,0.0,186.448271608,0.0,199.75136255598045,63,False,1,broad-rank-v1:b-f8a28938a9132982f592,,,18,17,Enclosing batch sums; includes preparation and verification. Not exact discovery CPU.
ORIGINATING_CALL; may be certified by later reconciliation,0.0,144.29892353900001,0.0,155.22505910499603,17,False,1,broad-rank-v1:b-3e5e9067061e3e577033,,,18,17,Enclosing batch sums; includes preparation and verification. Not exact discovery CPU.
ORIGINATING_CALL; may be certified by later reconciliation,0.0,184.518620616,0.0,200.2415237609821,27,False,1,broad-rank-v1:b-0f5a3f9514f1047f650f,,,18,17,Enclosing batch sums; includes preparation and verification. Not exact discovery CPU.
ORIGINATING_CALL; may be certified by later reconciliation,0.0,184.518620616,0.0,200.2415237609821,60,False,1,broad-rank-v1:b-0f5a3f9514f1047f650f,,,19,18,Enclosing batch sums; includes preparation and verification. Not exact discovery CPU.
ORIGINATING_CALL; may be certified by later reconciliation,0.0,134.27290786,0.0,145.70377503498457,9,False,1,broad-rank-v1:b-fbc52eea4d4dd1e2be02,,,18,17,Enclosing batch sums; includes preparation and verification. Not exact discovery CPU.
ORIGINATING_CALL; may be certified by later reconciliation,0.0,172.92338501199998,0.0,191.36626373798936,1,False,1,broad-rank-v1:b-ba16b3cdc056ea0d9251,,,18,17,Enclosing batch sums; includes preparation and verification. Not exact discovery CPU.
ORIGINATING_CALL; may be certified by later reconciliation,0.0,172.92338501199998,0.0,191.36626373798936,6,False,1,broad-rank-v1:b-ba16b3cdc056ea0d9251,,,19,18,Enclosing batch sums; includes preparation and verification. Not exact discovery CPU.
ORIGINATING_CALL; may be certified by later reconciliation,0.0,172.92338501199998,0.0,191.36626373798936,77,False,1,broad-rank-v1:b-ba16b3cdc056ea0d9251,,,20,19,Enclosing batch sums; includes preparation and verification. Not exact discovery CPU.
ORIGINATING_CALL; may be certified by later reconciliation,0.0,166.224890662,0.0,185.85615813100594,17,False,1,broad-rank-v1:b-51ef68225876da043539,,,18,17,Enclosing batch sums; includes preparation and verification. Not exact discovery CPU.
ORIGINATING_CALL; may be certified by later reconciliation,0.0,166.224890662,0.0,185.85615813100594,18,False,1,broad-rank-v1:b-51ef68225876da043539,,,19,18,Enclosing batch sums; includes preparation and verification. Not exact discovery CPU.
ORIGINATING_CALL; may be certified by later reconciliation,0.0,166.224890662,0.0,185.85615813100594,41,False,1,broad-rank-v1:b-51ef68225876da043539,,,20,19,Enclosing batch sums; includes preparation and verification. Not exact discovery CPU.
ORIGINATING_CALL; may be certified by later reconciliation,0.0,136.56324919399998,0.0,147.66903896298027,9,False,1,broad-rank-v1:b-c56e010857bf815f9140,,,18,17,Enclosing batch sums; includes preparation and verification. Not exact discovery CPU.
ORIGINATING_CALL; may be certified by later reconciliation,0.0,162.945344027,0.0,173.7615361599892,35,False,1,broad-rank-v1:b-d5df76c0ada14d5b143e,,,18,17,Enclosing batch sums; includes preparation and verification. Not exact discovery CPU.
ORIGINATING_CALL; may be certified by later reconciliation,0.0,177.248330891,0.0,192.85654851800064,21,False,1,broad-rank-v1:b-d93bb99225e3c898638f,,,18,17,Enclosing batch sums; includes preparation and verification. Not exact discovery CPU.
ORIGINATING_CALL; may be certified by later reconciliation,0.0,177.248330891,0.0,192.85654851800064,22,False,1,broad-rank-v1:b-d93bb99225e3c898638f,,,19,18,Enclosing batch sums; includes preparation and verification. Not exact discovery CPU.
ORIGINATING_CALL; may be certified by later reconciliation,0.0,146.534821524,0.0,157.01291333598783,21,False,1,broad-rank-v1:b-6b99a151b23d022c0992,,,18,17,Enclosing batch sums; includes preparation and verification. Not exact discovery CPU.
ORIGINATING_CALL; may be certified by later reconciliation,0.0,137.99923411700001,0.0,148.78754497799673,5,False,1,broad-rank-v1:b-45de18fba0cb6dcc8f73,,,18,17,Enclosing batch sums; includes preparation and verification. Not exact discovery CPU.
ORIGINATING_CALL; may be certified by later reconciliation,0.0,185.33655205700003,0.0,202.27984626899706,7,False,1,broad-rank-v1:b-2714711323ab6bf45331,,,18,17,Enclosing batch sums; includes preparation and verification. Not exact discovery CPU.
ORIGINATING_CALL; may be certified by later reconciliation,0.0,185.33655205700003,0.0,202.27984626899706,16,False,1,broad-rank-v1:b-2714711323ab6bf45331,,,19,18,Enclosing batch sums; includes preparation and verification. Not exact discovery CPU.
ORIGINATING_CALL; may be certified by later reconciliation,0.0,185.33655205700003,0.0,202.27984626899706,17,False,1,broad-rank-v1:b-2714711323ab6bf45331,,,20,19,Enclosing batch sums; includes preparation and verification. Not exact discovery CPU.
ORIGINATING_CALL; may be certified by later reconciliation,0.0,156.335388764,0.0,166.94357417299761,31,False,1,broad-rank-v1:b-138c9dbe073963179321,,,18,17,Enclosing batch sums; includes preparation and verification. Not exact discovery CPU.
ORIGINATING_CALL; may be certified by later reconciliation,0.0,159.49171388300002,0.0,175.20143321098294,7,False,1,broad-rank-v1:b-71f65e5e0b09ed739abb,,,18,17,Enclosing batch sums; includes preparation and verification. Not exact discovery CPU.
ORIGINATING_CALL; may be certified by later reconciliation,0.0,159.49171388300002,0.0,175.20143321098294,18,False,1,broad-rank-v1:b-71f65e5e0b09ed739abb,,,19,18,Enclosing batch sums; includes preparation and verification. Not exact discovery CPU.
ORIGINATING_CALL; may be certified by later reconciliation,159.49171388300002,319.19926524699997,175.20143321098294,348.2517376829928,138,False,1,broad-rank-v1:b-71f65e5e0b09ed739abb,,,20,19,Enclosing batch sums; includes preparation and verification. Not exact discovery CPU.
ORIGINATING_CALL; may be certified by later reconciliation,159.49171388300002,319.19926524699997,175.20143321098294,348.2517376829928,143,False,1,broad-rank-v1:b-71f65e5e0b09ed739abb,,,21,20,Enclosing batch sums; includes preparation and verification. Not exact discovery CPU.
ORIGINATING_CALL; may be certified by later reconciliation,0.0,166.742149636,0.0,181.66291603900027,11,False,1,broad-rank-v1:b-3456cd75be031cc1ce91,,,18,17,Enclosing batch sums; includes preparation and verification. Not exact discovery CPU.
ORIGINATING_CALL; may be certified by later reconciliation,0.0,166.742149636,0.0,181.66291603900027,19,False,1,broad-rank-v1:b-3456cd75be031cc1ce91,,,19,18,Enclosing batch sums; includes preparation and verification. Not exact discovery CPU.
ORIGINATING_CALL; may be certified by later reconciliation,166.742149636,301.41578087199997,181.66291603900027,325.7917185789847,142,False,1,broad-rank-v1:b-3456cd75be031cc1ce91,,,20,19,Enclosing batch sums; includes preparation and verification. Not exact discovery CPU.
ORIGINATING_CALL; may be certified by later reconciliation,0.0,193.02890712800001,0.0,208.3948687260272,1,False,1,broad-rank-v1:b-067c0582c2e0b76f0d4e,,,18,17,Enclosing batch sums; includes preparation and verification. Not exact discovery CPU.
ORIGINATING_CALL; may be certified by later reconciliation,0.0,193.02890712800001,0.0,208.3948687260272,8,False,1,broad-rank-v1:b-067c0582c2e0b76f0d4e,,,19,18,Enclosing batch sums; includes preparation and verification. Not exact discovery CPU.
ORIGINATING_CALL; may be certified by later reconciliation,0.0,193.02890712800001,0.0,208.3948687260272,65,False,1,broad-rank-v1:b-067c0582c2e0b76f0d4e,,,20,19,Enclosing batch sums; includes preparation and verification. Not exact discovery CPU.
ORIGINATING_CALL; may be certified by later reconciliation,0.0,156.61719927500002,0.0,170.891675899009,7,False,2,broad-rank-v1:b-bec8261dc2ae03ae5913,,,19,17,Enclosing batch sums; includes preparation and verification. Not exact discovery CPU.
ORIGINATING_CALL; may be certified by later reconciliation,0.0,156.61719927500002,0.0,170.891675899009,38,False,1,broad-rank-v1:b-bec8261dc2ae03ae5913,,,20,19,Enclosing batch sums; includes preparation and verification. Not exact discovery CPU.
ORIGINATING_CALL; may be certified by later reconciliation,258.52734312900003,389.941819251,278.2537126740208,417.19950542002334,286,False,1,broad-rank-v1:b-bec8261dc2ae03ae5913,,,21,20,Enclosing batch sums; includes preparation and verification. Not exact discovery CPU.
ORIGINATING_CALL; may be certified by later reconciliation,0.0,193.822886949,0.0,210.09635322800023,51,False,1,broad-rank-v1:b-c5be9183374db6be4eeb,,,18,17,Enclosing batch sums; includes preparation and verification. Not exact discovery CPU.
ORIGINATING_CALL; may be certified by later reconciliation,0.0,193.822886949,0.0,210.09635322800023,70,False,1,broad-rank-v1:b-c5be9183374db6be4eeb,,,19,18,Enclosing batch sums; includes preparation and verification. Not exact discovery CPU.
ORIGINATING_CALL; may be certified by later reconciliation,193.822886949,318.788173968,210.09635322800023,344.3252267880016,246,False,1,broad-rank-v1:b-c5be9183374db6be4eeb,,,20,19,Enclosing batch sums; includes preparation and verification. Not exact discovery CPU.
ORIGINATING_CALL; may be certified by later reconciliation,0.0,192.28384852400004,0.0,206.12080562798656,76,False,1,broad-rank-v1:b-028da12e2b9b4daac78b,,,18,17,Enclosing batch sums; includes preparation and verification. Not exact discovery CPU.
ORIGINATING_CALL; may be certified by later reconciliation,192.28384852400004,299.90350253200006,206.12080562798656,323.4113446419942,219,False,1,broad-rank-v1:b-028da12e2b9b4daac78b,,,19,18,Enclosing batch sums; includes preparation and verification. Not exact discovery CPU.
ORIGINATING_CALL; may be certified by later reconciliation,0.0,142.499718296,0.0,153.94714540799032,9,False,1,broad-rank-v1:b-2715d8f28ecabce0a574,,,18,17,Enclosing batch sums; includes preparation and verification. Not exact discovery CPU.
ORIGINATING_CALL; may be certified by later reconciliation,0.0,155.04408650800002,0.0,167.94291223099572,3,False,1,broad-rank-v1:b-0e4d6f008a218e184cfc,,,18,17,Enclosing batch sums; includes preparation and verification. Not exact discovery CPU.
ORIGINATING_CALL; may be certified by later reconciliation,0.0,155.04408650800002,0.0,167.94291223099572,26,False,1,broad-rank-v1:b-0e4d6f008a218e184cfc,,,19,18,Enclosing batch sums; includes preparation and verification. Not exact discovery CPU.
ORIGINATING_CALL; may be certified by later reconciliation,0.0,127.27424453900001,0.0,138.61396557299304,3,False,1,broad-rank-v1:b-3fa8bc535b00127fe2b3,,,18,17,Enclosing batch sums; includes preparation and verification. Not exact discovery CPU.
ORIGINATING_CALL; may be certified by later reconciliation,127.27424453900001,236.909974693,138.61396557299304,257.8506925519905,108,False,1,broad-rank-v1:b-3fa8bc535b00127fe2b3,,,19,18,Enclosing batch sums; includes preparation and verification. Not exact discovery CPU.
ORIGINATING_CALL; may be certified by later reconciliation,0.0,133.862044785,0.0,144.17971289900015,13,False,1,broad-rank-v1:b-7bc248ad47464fad1a97,,,18,17,Enclosing batch sums; includes preparation and verification. Not exact discovery CPU.
ORIGINATING_CALL; may be certified by later reconciliation,0.0,204.53034771000003,0.0,223.1824346469948,19,False,1,broad-rank-v1:b-dea603df1a33c80114fd,,,18,17,Enclosing batch sums; includes preparation and verification. Not exact discovery CPU.
ORIGINATING_CALL; may be certified by later reconciliation,0.0,204.53034771000003,0.0,223.1824346469948,24,False,1,broad-rank-v1:b-dea603df1a33c80114fd,,,19,18,Enclosing batch sums; includes preparation and verification. Not exact discovery CPU.
ORIGINATING_CALL; may be certified by later reconciliation,0.0,204.53034771000003,0.0,223.1824346469948,41,False,2,broad-rank-v1:b-dea603df1a33c80114fd,,,21,19,Enclosing batch sums; includes preparation and verification. Not exact discovery CPU.
ORIGINATING_CALL; may be certified by later reconciliation,0.0,173.31117715000002,0.0,187.81384847400477,7,False,1,broad-rank-v1:b-b45197dbc9a5adaf702f,,,18,17,Enclosing batch sums; includes preparation and verification. Not exact discovery CPU.
ORIGINATING_CALL; may be certified by later reconciliation,0.0,173.31117715000002,0.0,187.81384847400477,34,False,1,broad-rank-v1:b-b45197dbc9a5adaf702f,,,19,18,Enclosing batch sums; includes preparation and verification. Not exact discovery CPU.
ORIGINATING_CALL; may be certified by later reconciliation,0.0,152.347509235,0.0,166.06996556100785,1,False,1,broad-rank-v1:b-f1e6d4ee6485d6677391,,,18,17,Enclosing batch sums; includes preparation and verification. Not exact discovery CPU.
ORIGINATING_CALL; may be certified by later reconciliation,0.0,152.347509235,0.0,166.06996556100785,66,False,1,broad-rank-v1:b-f1e6d4ee6485d6677391,,,19,18,Enclosing batch sums; includes preparation and verification. Not exact discovery CPU.
ORIGINATING_CALL; may be certified by later reconciliation,0.0,138.338378876,0.0,147.73783380899113,1,False,1,broad-rank-v1:b-38efc60e487c87022b03,,,18,17,Enclosing batch sums; includes preparation and verification. Not exact discovery CPU.
ORIGINATING_CALL; may be certified by later reconciliation,0.0,135.729483576,0.0,146.7925926609896,11,False,1,broad-rank-v1:b-85d2ccda247e07f41030,,,18,17,Enclosing batch sums; includes preparation and verification. Not exact discovery CPU.
ORIGINATING_CALL; may be certified by later reconciliation,0.0,164.144565917,0.0,174.48679680700297,27,False,1,broad-rank-v1:b-54487ce2fcab6a82dab1,,,18,17,Enclosing batch sums; includes preparation and verification. Not exact discovery CPU.
ORIGINATING_CALL; may be certified by later reconciliation,0.0,186.006739655,0.0,198.94010031601647,83,False,1,broad-rank-v1:b-8f58f3a9f133d8b443b3,,,18,17,Enclosing batch sums; includes preparation and verification. Not exact discovery CPU.
ORIGINATING_CALL; may be certified by later reconciliation,0.0,152.199941739,0.0,162.6362506900041,33,False,1,broad-rank-v1:b-99f07a428a65cad5fb69,,,18,17,Enclosing batch sums; includes preparation and verification. Not exact discovery CPU.
ORIGINATING_CALL; may be certified by later reconciliation,0.0,152.577617063,0.0,162.00832836897462,17,False,1,broad-rank-v1:b-81d9df10fb3aa244b669,,,18,17,Enclosing batch sums; includes preparation and verification. Not exact discovery CPU.
ORIGINATING_CALL; may be certified by later reconciliation,152.577617063,281.291579242,162.00832836897462,300.8998022049782,186,False,1,broad-rank-v1:b-81d9df10fb3aa244b669,,,19,18,Enclosing batch sums; includes preparation and verification. Not exact discovery CPU.
ORIGINATING_CALL; may be certified by later reconciliation,0.0,174.089126058,0.0,190.36788190400694,59,False,1,broad-rank-v1:b-8f3ae6c674a9537a0d42,,,18,17,Enclosing batch sums; includes preparation and verification. Not exact discovery CPU.
ORIGINATING_CALL; may be certified by later reconciliation,174.089126058,301.209771898,190.36788190400694,331.73070666301646,175,False,1,broad-rank-v1:b-8f3ae6c674a9537a0d42,,,19,18,Enclosing batch sums; includes preparation and verification. Not exact discovery CPU.
ORIGINATING_CALL; may be certified by later reconciliation,174.089126058,301.209771898,190.36788190400694,331.73070666301646,245,False,1,broad-rank-v1:b-8f3ae6c674a9537a0d42,,,20,19,Enclosing batch sums; includes preparation and verification. Not exact discovery CPU.
ORIGINATING_CALL; may be certified by later reconciliation,0.0,160.80913692800002,0.0,172.1492576559831,39,False,1,broad-rank-v1:b-775f3087b2315c0cb69b,,,18,17,Enclosing batch sums; includes preparation and verification. Not exact discovery CPU.
ORIGINATING_CALL; may be certified by later reconciliation,0.0,149.798237929,0.0,161.94708057600656,15,False,1,broad-rank-v1:b-98a467ca31c7204e953e,,,18,17,Enclosing batch sums; includes preparation and verification. Not exact discovery CPU.
ORIGINATING_CALL; may be certified by later reconciliation,0.0,183.45904885299996,0.0,202.30450528097572,13,False,1,broad-rank-v1:b-e8145687abbf8369038b,,,18,17,Enclosing batch sums; includes preparation and verification. Not exact discovery CPU.
ORIGINATING_CALL; may be certified by later reconciliation,0.0,183.45904885299996,0.0,202.30450528097572,30,False,1,broad-rank-v1:b-e8145687abbf8369038b,,,19,18,Enclosing batch sums; includes preparation and verification. Not exact discovery CPU.
ORIGINATING_CALL; may be certified by later reconciliation,0.0,183.45904885299996,0.0,202.30450528097572,45,False,1,broad-rank-v1:b-e8145687abbf8369038b,,,20,19,Enclosing batch sums; includes preparation and verification. Not exact discovery CPU.
ORIGINATING_CALL; may be certified by later reconciliation,183.45904885299996,315.01370565599996,202.30450528097572,342.8464694429713,120,False,1,broad-rank-v1:b-e8145687abbf8369038b,,,21,20,Enclosing batch sums; includes preparation and verification. Not exact discovery CPU.
ORIGINATING_CALL; may be certified by later reconciliation,0.0,187.115448602,0.0,199.14729173100204,52,False,1,broad-rank-v1:b-4e55b1689d2492572a1a,,,18,17,Enclosing batch sums; includes preparation and verification. Not exact discovery CPU.
ORIGINATING_CALL; may be certified by later reconciliation,0.0,136.324679645,0.0,146.83372866199352,1,False,1,broad-rank-v1:b-bcae97e7a7c56a5ff257,,,18,17,Enclosing batch sums; includes preparation and verification. Not exact discovery CPU.
ORIGINATING_CALL; may be certified by later reconciliation,0.0,175.11988460900002,0.0,188.4656413870107,31,False,1,broad-rank-v1:b-2a2530d4dfec78670308,,,18,17,Enclosing batch sums; includes preparation and verification. Not exact discovery CPU.
ORIGINATING_CALL; may be certified by later reconciliation,0.0,175.11988460900002,0.0,188.4656413870107,102,False,1,broad-rank-v1:b-2a2530d4dfec78670308,,,19,18,Enclosing batch sums; includes preparation and verification. Not exact discovery CPU.
ORIGINATING_CALL; may be certified by later reconciliation,175.11988460900002,293.440036258,188.4656413870107,316.5570610499999,214,False,1,broad-rank-v1:b-2a2530d4dfec78670308,,,20,19,Enclosing batch sums; includes preparation and verification. Not exact discovery CPU.
ORIGINATING_CALL; may be certified by later reconciliation,0.0,177.0729323,0.0,187.9058343390061,37,False,1,broad-rank-v1:b-c229080953170f6561f0,,,18,17,Enclosing batch sums; includes preparation and verification. Not exact discovery CPU.
ORIGINATING_CALL; may be certified by later reconciliation,0.0,159.19871844,0.0,177.05684927399852,1,False,1,broad-rank-v1:b-62bd5bdf069280616955,,,18,17,Enclosing batch sums; includes preparation and verification. Not exact discovery CPU.
ORIGINATING_CALL; may be certified by later reconciliation,0.0,159.19871844,0.0,177.05684927399852,12,False,1,broad-rank-v1:b-62bd5bdf069280616955,,,19,18,Enclosing batch sums; includes preparation and verification. Not exact discovery CPU.
ORIGINATING_CALL; may be certified by later reconciliation,0.0,159.19871844,0.0,177.05684927399852,27,False,1,broad-rank-v1:b-62bd5bdf069280616955,,,20,19,Enclosing batch sums; includes preparation and verification. Not exact discovery CPU.
ORIGINATING_CALL; may be certified by later reconciliation,0.0,146.145160343,0.0,160.56776519899722,2,False,1,broad-rank-v1:b-7df56faac7419dcc4bb7,,,18,17,Enclosing batch sums; includes preparation and verification. Not exact discovery CPU.
ORIGINATING_CALL; may be certified by later reconciliation,0.0,146.145160343,0.0,160.56776519899722,40,False,1,broad-rank-v1:b-7df56faac7419dcc4bb7,,,19,18,Enclosing batch sums; includes preparation and verification. Not exact discovery CPU.
ORIGINATING_CALL; may be certified by later reconciliation,0.0,130.92097740600002,0.0,141.60140421098913,1,False,1,broad-rank-v1:b-0414a1c7476c8b0d704b,,,18,17,Enclosing batch sums; includes preparation and verification. Not exact discovery CPU.
ORIGINATING_CALL; may be certified by later reconciliation,0.0,133.355220696,0.0,144.16025973900105,15,False,1,broad-rank-v1:b-5a2e9f46780dfa28527c,,,18,17,Enclosing batch sums; includes preparation and verification. Not exact discovery CPU.
ORIGINATING_CALL; may be certified by later reconciliation,0.0,149.706361397,0.0,163.1370880100003,3,False,2,broad-rank-v1:b-85fb13f6597b7e0367df,,,19,17,Enclosing batch sums; includes preparation and verification. Not exact discovery CPU.
ORIGINATING_CALL; may be certified by later reconciliation,0.0,148.09964763099998,0.0,159.06751767202513,3,False,1,broad-rank-v1:b-72be8495ce2d641844a6,,,18,17,Enclosing batch sums; includes preparation and verification. Not exact discovery CPU.
ORIGINATING_CALL; may be certified by later reconciliation,0.0,322.751569782,0.0,340.7303504720039,1,False,3,broad-rank-v1:b-dea09f09762ca96b5be1,,,20,17,Enclosing batch sums; includes preparation and verification. Not exact discovery CPU.
ORIGINATING_CALL; may be certified by later reconciliation,0.0,322.751569782,0.0,340.7303504720039,4,False,1,broad-rank-v1:b-dea09f09762ca96b5be1,,,21,20,Enclosing batch sums; includes preparation and verification. Not exact discovery CPU.
ORIGINATING_CALL; may be certified by later reconciliation,0.0,322.751569782,0.0,340.7303504720039,15,False,1,broad-rank-v1:b-dea09f09762ca96b5be1,,,22,21,Enclosing batch sums; includes preparation and verification. Not exact discovery CPU.
ORIGINATING_CALL; may be certified by later reconciliation,0.0,322.751569782,0.0,340.7303504720039,16,False,1,broad-rank-v1:b-dea09f09762ca96b5be1,,,23,22,Enclosing batch sums; includes preparation and verification. Not exact discovery CPU.
ORIGINATING_CALL; may be certified by later reconciliation,0.0,185.067160427,0.0,199.2055515119864,35,False,1,broad-rank-v1:b-d0a0349085bf1a0da348,,,18,17,Enclosing batch sums; includes preparation and verification. Not exact discovery CPU.
ORIGINATING_CALL; may be certified by later reconciliation,0.0,185.067160427,0.0,199.2055515119864,72,False,1,broad-rank-v1:b-d0a0349085bf1a0da348,,,19,18,Enclosing batch sums; includes preparation and verification. Not exact discovery CPU.
ORIGINATING_CALL; may be certified by later reconciliation,0.0,198.435917798,0.0,212.29558005699073,85,False,1,broad-rank-v1:b-98a7445de05051080f6c,,,18,17,Enclosing batch sums; includes preparation and verification. Not exact discovery CPU.
ORIGINATING_CALL; may be certified by later reconciliation,0.0,159.769130569,0.0,170.2144290000142,22,False,1,broad-rank-v1:b-23622f81eedbd3f85e4d,,,18,17,Enclosing batch sums; includes preparation and verification. Not exact discovery CPU.
ORIGINATING_CALL; may be certified by later reconciliation,0.0,142.39195569600003,0.0,153.44595966199995,3,False,1,broad-rank-v1:b-9ed502fa8b872c5eb596,,,18,17,Enclosing batch sums; includes preparation and verification. Not exact discovery CPU.
ORIGINATING_CALL; may be certified by later reconciliation,0.0,134.404953751,0.0,146.80466353401425,5,False,1,broad-rank-v1:b-048f8721c313665fa200,,,18,17,Enclosing batch sums; includes preparation and verification. Not exact discovery CPU.
ORIGINATING_CALL; may be certified by later reconciliation,0.0,179.63113477799996,0.0,198.31396207999205,5,False,1,broad-rank-v1:b-03639cf8e6b3a2cf1a75,,,18,17,Enclosing batch sums; includes preparation and verification. Not exact discovery CPU.
ORIGINATING_CALL; may be certified by later reconciliation,0.0,179.63113477799996,0.0,198.31396207999205,18,False,1,broad-rank-v1:b-03639cf8e6b3a2cf1a75,,,19,18,Enclosing batch sums; includes preparation and verification. Not exact discovery CPU.
ORIGINATING_CALL; may be certified by later reconciliation,0.0,179.63113477799996,0.0,198.31396207999205,27,False,1,broad-rank-v1:b-03639cf8e6b3a2cf1a75,,,20,19,Enclosing batch sums; includes preparation and verification. Not exact discovery CPU.
ORIGINATING_CALL; may be certified by later reconciliation,0.0,161.65293279200003,0.0,176.0004044250236,1,False,1,broad-rank-v1:b-11bf10a7ac184f06c1b8,,,18,17,Enclosing batch sums; includes preparation and verification. Not exact discovery CPU.
ORIGINATING_CALL; may be certified by later reconciliation,0.0,161.65293279200003,0.0,176.0004044250236,8,False,1,broad-rank-v1:b-11bf10a7ac184f06c1b8,,,19,18,Enclosing batch sums; includes preparation and verification. Not exact discovery CPU.
ORIGINATING_CALL; may be certified by later reconciliation,0.0,213.045062616,0.0,229.09679667200544,51,False,1,broad-rank-v1:b-335606f87e367c789fcf,,,18,17,Enclosing batch sums; includes preparation and verification. Not exact discovery CPU.
ORIGINATING_CALL; may be certified by later reconciliation,0.0,213.045062616,0.0,229.09679667200544,64,False,1,broad-rank-v1:b-335606f87e367c789fcf,,,19,18,Enclosing batch sums; includes preparation and verification. Not exact discovery CPU.
ORIGINATING_CALL; may be certified by later reconciliation,213.045062616,342.6533938,229.09679667200544,366.9639421990141,226,False,1,broad-rank-v1:b-335606f87e367c789fcf,,,20,19,Enclosing batch sums; includes preparation and verification. Not exact discovery CPU.
ORIGINATING_CALL; may be certified by later reconciliation,0.0,128.35153177200002,0.0,138.42914849400404,1,False,1,broad-rank-v1:b-280591c27047feebf45e,,,18,17,Enclosing batch sums; includes preparation and verification. Not exact discovery CPU.
ORIGINATING_CALL; may be certified by later reconciliation,128.35153177200002,242.690284952,138.42914849400404,261.53567095001927,134,False,1,broad-rank-v1:b-280591c27047feebf45e,,,19,18,Enclosing batch sums; includes preparation and verification. Not exact discovery CPU.
ORIGINATING_CALL; may be certified by later reconciliation,0.0,158.182484646,0.0,173.1883320469933,7,False,1,broad-rank-v1:b-38303a27dfd7a083b2d2,,,18,17,Enclosing batch sums; includes preparation and verification. Not exact discovery CPU.
ORIGINATING_CALL; may be certified by later reconciliation,0.0,158.182484646,0.0,173.1883320469933,96,False,1,broad-rank-v1:b-38303a27dfd7a083b2d2,,,19,18,Enclosing batch sums; includes preparation and verification. Not exact discovery CPU.
ORIGINATING_CALL; may be certified by later reconciliation,261.880412086,387.712774845,282.29587449200335,416.1180815670232,212,False,1,broad-rank-v1:b-38303a27dfd7a083b2d2,,,20,19,Enclosing batch sums; includes preparation and verification. Not exact discovery CPU.
ORIGINATING_CALL; may be certified by later reconciliation,0.0,179.35565482099997,0.0,194.37745998898754,65,False,1,broad-rank-v1:b-6250f47b8eab527881c0,,,18,17,Enclosing batch sums; includes preparation and verification. Not exact discovery CPU.
ORIGINATING_CALL; may be certified by later reconciliation,0.0,143.408671237,0.0,155.03162150201388,1,False,1,broad-rank-v1:b-a3bbb98ca8cfabb62767,,,18,17,Enclosing batch sums; includes preparation and verification. Not exact discovery CPU.
ORIGINATING_CALL; may be certified by later reconciliation,252.01445354199998,391.767750408,268.3243160159909,418.5159307109716,235,False,1,broad-rank-v1:b-a3bbb98ca8cfabb62767,,,19,18,Enclosing batch sums; includes preparation and verification. Not exact discovery CPU.
ORIGINATING_CALL; may be certified by later reconciliation,252.01445354199998,391.767750408,268.3243160159909,418.5159307109716,250,False,1,broad-rank-v1:b-a3bbb98ca8cfabb62767,,,20,19,Enclosing batch sums; includes preparation and verification. Not exact discovery CPU.
ORIGINATING_CALL; may be certified by later reconciliation,0.0,160.96778029799998,0.0,171.01751145301387,23,False,1,broad-rank-v1:b-b1d9d1aaa8059006cfc1,,,18,17,Enclosing batch sums; includes preparation and verification. Not exact discovery CPU.
ORIGINATING_CALL; may be certified by later reconciliation,160.96778029799998,282.115456017,171.01751145301387,300.71020545600913,148,False,1,broad-rank-v1:b-b1d9d1aaa8059006cfc1,,,19,18,Enclosing batch sums; includes preparation and verification. Not exact discovery CPU.
ORIGINATING_CALL; may be certified by later reconciliation,0.0,245.169986933,0.0,259.57808386097895,1,False,2,broad-rank-v1:b-16c620035d9557cad55e,,,19,17,Enclosing batch sums; includes preparation and verification. Not exact discovery CPU.
ORIGINATING_CALL; may be certified by later reconciliation,0.0,245.169986933,0.0,259.57808386097895,2,False,2,broad-rank-v1:b-16c620035d9557cad55e,,,21,19,Enclosing batch sums; includes preparation and verification. Not exact discovery CPU.
ORIGINATING_CALL; may be certified by later reconciliation,0.0,245.169986933,0.0,259.57808386097895,11,False,1,broad-rank-v1:b-16c620035d9557cad55e,,,22,21,Enclosing batch sums; includes preparation and verification. Not exact discovery CPU.
ORIGINATING_CALL; may be certified by later reconciliation,0.0,565.14477953,0.0,573.3592009690183,1,False,4,broad-rank-v1:b-7bb187bc9254e81c6283,,,21,17,Enclosing batch sums; includes preparation and verification. Not exact discovery CPU.
ORIGINATING_CALL; may be certified by later reconciliation,0.0,565.14477953,0.0,573.3592009690183,2,False,1,broad-rank-v1:b-7bb187bc9254e81c6283,,,22,21,Enclosing batch sums; includes preparation and verification. Not exact discovery CPU.
ORIGINATING_CALL; may be certified by later reconciliation,0.0,565.14477953,0.0,573.3592009690183,3,False,2,broad-rank-v1:b-7bb187bc9254e81c6283,,,24,22,Enclosing batch sums; includes preparation and verification. Not exact discovery CPU.
ORIGINATING_CALL; may be certified by later reconciliation,0.0,565.14477953,0.0,573.3592009690183,5,True,1,broad-rank-v1:b-7bb187bc9254e81c6283,,,25,24,Enclosing batch sums; includes preparation and verification. Not exact discovery CPU.
ORIGINATING_CALL; may be certified by later reconciliation,0.0,146.94387033700002,0.0,156.1951330610027,15,False,1,broad-rank-v1:b-1ab07058a3cc07974300,,,18,17,Enclosing batch sums; includes preparation and verification. Not exact discovery CPU.
ORIGINATING_CALL; may be certified by later reconciliation,0.0,192.976842466,0.0,210.5878647249774,27,False,1,broad-rank-v1:b-40eca90693e2d70d09db,,,18,17,Enclosing batch sums; includes preparation and verification. Not exact discovery CPU.
ORIGINATING_CALL; may be certified by later reconciliation,0.0,192.976842466,0.0,210.5878647249774,32,False,1,broad-rank-v1:b-40eca90693e2d70d09db,,,19,18,Enclosing batch sums; includes preparation and verification. Not exact discovery CPU.
ORIGINATING_CALL; may be certified by later reconciliation,0.0,192.976842466,0.0,210.5878647249774,91,False,1,broad-rank-v1:b-40eca90693e2d70d09db,,,20,19,Enclosing batch sums; includes preparation and verification. Not exact discovery CPU.
ORIGINATING_CALL; may be certified by later reconciliation,0.0,160.098111858,0.0,169.70437232000404,27,False,1,broad-rank-v1:b-1025c81d629b7bc91779,,,18,17,Enclosing batch sums; includes preparation and verification. Not exact discovery CPU.
ORIGINATING_CALL; may be certified by later reconciliation,0.0,156.432432869,0.0,169.57474131902563,1,False,1,broad-rank-v1:b-f64714c750e636c1b3dc,,,18,17,Enclosing batch sums; includes preparation and verification. Not exact discovery CPU.
ORIGINATING_CALL; may be certified by later reconciliation,0.0,156.432432869,0.0,169.57474131902563,16,False,1,broad-rank-v1:b-f64714c750e636c1b3dc,,,19,18,Enclosing batch sums; includes preparation and verification. Not exact discovery CPU.
ORIGINATING_CALL; may be certified by later reconciliation,0.0,172.376763786,0.0,194.2225825850037,1,False,1,broad-rank-v1:b-210a412086872761c4e1,,,18,17,Enclosing batch sums; includes preparation and verification. Not exact discovery CPU.
ORIGINATING_CALL; may be certified by later reconciliation,0.0,172.376763786,0.0,194.2225825850037,86,False,1,broad-rank-v1:b-210a412086872761c4e1,,,19,18,Enclosing batch sums; includes preparation and verification. Not exact discovery CPU.
ORIGINATING_CALL; may be certified by later reconciliation,0.0,172.376763786,0.0,194.2225825850037,87,False,1,broad-rank-v1:b-210a412086872761c4e1,,,20,19,Enclosing batch sums; includes preparation and verification. Not exact discovery CPU.
ORIGINATING_CALL; may be certified by later reconciliation,172.376763786,309.184672658,194.2225825850037,339.64497074100655,190,False,1,broad-rank-v1:b-210a412086872761c4e1,,,21,20,Enclosing batch sums; includes preparation and verification. Not exact discovery CPU.
ORIGINATING_CALL; may be certified by later reconciliation,0.0,136.165485614,0.0,145.29157143400516,3,False,1,broad-rank-v1:b-c89cc6f88d0b8b2e54a2,,,18,17,Enclosing batch sums; includes preparation and verification. Not exact discovery CPU.
ORIGINATING_CALL; may be certified by later reconciliation,0.0,113.696179407,0.0,125.89441882600659,7,False,1,broad-rank-v1:b-32faf5113dc5535f8ec2,,,18,17,Enclosing batch sums; includes preparation and verification. Not exact discovery CPU.
ORIGINATING_CALL; may be certified by later reconciliation,0.0,156.41453116800002,0.0,170.59406517399475,1,False,1,broad-rank-v1:b-c1ebc1626885258ba2e5,,,18,17,Enclosing batch sums; includes preparation and verification. Not exact discovery CPU.
ORIGINATING_CALL; may be certified by later reconciliation,0.0,156.41453116800002,0.0,170.59406517399475,8,False,1,broad-rank-v1:b-c1ebc1626885258ba2e5,,,19,18,Enclosing batch sums; includes preparation and verification. Not exact discovery CPU.
ORIGINATING_CALL; may be certified by later reconciliation,259.651034093,385.683742404,279.35749077500077,412.86674093600595,228,False,1,broad-rank-v1:b-c1ebc1626885258ba2e5,,,20,19,Enclosing batch sums; includes preparation and verification. Not exact discovery CPU.
ORIGINATING_CALL; may be certified by later reconciliation,0.0,171.034040465,0.0,186.9248537060048,41,False,1,broad-rank-v1:b-403be3d560d087b11ffb,,,18,17,Enclosing batch sums; includes preparation and verification. Not exact discovery CPU.
ORIGINATING_CALL; may be certified by later reconciliation,0.0,171.034040465,0.0,186.9248537060048,48,False,1,broad-rank-v1:b-403be3d560d087b11ffb,,,19,18,Enclosing batch sums; includes preparation and verification. Not exact discovery CPU.
ORIGINATING_CALL; may be certified by later reconciliation,0.0,171.503335489,0.0,184.69908399900305,41,False,1,broad-rank-v1:b-47893faf6631bdb39b4b,,,18,17,Enclosing batch sums; includes preparation and verification. Not exact discovery CPU.
ORIGINATING_CALL; may be certified by later reconciliation,0.0,153.422154016,0.0,169.6050487739849,5,False,1,broad-rank-v1:b-645788d3ebb1a71ba72f,,,18,17,Enclosing batch sums; includes preparation and verification. Not exact discovery CPU.
ORIGINATING_CALL; may be certified by later reconciliation,0.0,153.422154016,0.0,169.6050487739849,24,False,1,broad-rank-v1:b-645788d3ebb1a71ba72f,,,19,18,Enclosing batch sums; includes preparation and verification. Not exact discovery CPU.
ORIGINATING_CALL; may be certified by later reconciliation,0.0,146.42058986,0.0,164.31053642299958,1,False,1,broad-rank-v1:b-cdce44d6de62cd4f2487,,,18,17,Enclosing batch sums; includes preparation and verification. Not exact discovery CPU.
ORIGINATING_CALL; may be certified by later reconciliation,0.0,146.42058986,0.0,164.31053642299958,12,False,1,broad-rank-v1:b-cdce44d6de62cd4f2487,,,19,18,Enclosing batch sums; includes preparation and verification. Not exact discovery CPU.
ORIGINATING_CALL; may be certified by later reconciliation,0.0,192.449323095,0.0,217.12865525999223,1,False,1,broad-rank-v1:b-19ca1018a4f58177f905,,,18,17,Enclosing batch sums; includes preparation and verification. Not exact discovery CPU.
ORIGINATING_CALL; may be certified by later reconciliation,0.0,192.449323095,0.0,217.12865525999223,2,False,1,broad-rank-v1:b-19ca1018a4f58177f905,,,19,18,Enclosing batch sums; includes preparation and verification. Not exact discovery CPU.
ORIGINATING_CALL; may be certified by later reconciliation,0.0,192.449323095,0.0,217.12865525999223,3,False,1,broad-rank-v1:b-19ca1018a4f58177f905,,,20,19,Enclosing batch sums; includes preparation and verification. Not exact discovery CPU.
ORIGINATING_CALL; may be certified by later reconciliation,0.0,192.449323095,0.0,217.12865525999223,8,False,1,broad-rank-v1:b-19ca1018a4f58177f905,,,21,20,Enclosing batch sums; includes preparation and verification. Not exact discovery CPU.
ORIGINATING_CALL; may be certified by later reconciliation,0.0,130.527526852,0.0,142.526677730988,1,False,2,broad-rank-v1:b-bc6fe18405ddf97ef94a,,,19,17,Enclosing batch sums; includes preparation and verification. Not exact discovery CPU.
ORIGINATING_CALL; may be certified by later reconciliation,0.0,207.662422164,0.0,228.7096707049932,47,False,1,broad-rank-v1:b-f758df466d832218bda0,,,18,17,Enclosing batch sums; includes preparation and verification. Not exact discovery CPU.
ORIGINATING_CALL; may be certified by later reconciliation,0.0,207.662422164,0.0,228.7096707049932,48,False,1,broad-rank-v1:b-f758df466d832218bda0,,,19,18,Enclosing batch sums; includes preparation and verification. Not exact discovery CPU.
ORIGINATING_CALL; may be certified by later reconciliation,0.0,207.662422164,0.0,228.7096707049932,49,False,1,broad-rank-v1:b-f758df466d832218bda0,,,20,19,Enclosing batch sums; includes preparation and verification. Not exact discovery CPU.
ORIGINATING_CALL; may be certified by later reconciliation,0.0,189.89188579199998,0.0,203.75487614399754,1,False,3,broad-rank-v1:b-844789b56c7c6724fb98,,,20,17,Enclosing batch sums; includes preparation and verification. Not exact discovery CPU.
ORIGINATING_CALL; may be certified by later reconciliation,0.0,189.89188579199998,0.0,203.75487614399754,4,False,1,broad-rank-v1:b-844789b56c7c6724fb98,,,21,20,Enclosing batch sums; includes preparation and verification. Not exact discovery CPU.
ORIGINATING_CALL; may be certified by later reconciliation,0.0,280.740245004,0.0,304.8536955229938,13,False,1,broad-rank-v1:b-b241bcae90ce1bb9862d,,,18,17,Enclosing batch sums; includes preparation and verification. Not exact discovery CPU.
ORIGINATING_CALL; may be certified by later reconciliation,0.0,280.740245004,0.0,304.8536955229938,14,False,1,broad-rank-v1:b-b241bcae90ce1bb9862d,,,19,18,Enclosing batch sums; includes preparation and verification. Not exact discovery CPU.
ORIGINATING_CALL; may be certified by later reconciliation,0.0,280.740245004,0.0,304.8536955229938,25,False,1,broad-rank-v1:b-b241bcae90ce1bb9862d,,,20,19,Enclosing batch sums; includes preparation and verification. Not exact discovery CPU.
ORIGINATING_CALL; may be certified by later reconciliation,0.0,280.740245004,0.0,304.8536955229938,44,False,1,broad-rank-v1:b-b241bcae90ce1bb9862d,,,21,20,Enclosing batch sums; includes preparation and verification. Not exact discovery CPU.
ORIGINATING_CALL; may be certified by later reconciliation,0.0,280.740245004,0.0,304.8536955229938,93,False,1,broad-rank-v1:b-b241bcae90ce1bb9862d,,,22,21,Enclosing batch sums; includes preparation and verification. Not exact discovery CPU.
ORIGINATING_CALL; may be certified by later reconciliation,0.0,170.422841917,0.0,189.2291161059984,1,False,1,broad-rank-v1:b-f0fcdf3625f83540c8b6,,,18,17,Enclosing batch sums; includes preparation and verification. Not exact discovery CPU.
ORIGINATING_CALL; may be certified by later reconciliation,0.0,170.422841917,0.0,189.2291161059984,2,False,1,broad-rank-v1:b-f0fcdf3625f83540c8b6,,,19,18,Enclosing batch sums; includes preparation and verification. Not exact discovery CPU.
ORIGINATING_CALL; may be certified by later reconciliation,0.0,170.422841917,0.0,189.2291161059984,14,False,1,broad-rank-v1:b-f0fcdf3625f83540c8b6,,,20,19,Enclosing batch sums; includes preparation and verification. Not exact discovery CPU.
ORIGINATING_CALL; may be certified by later reconciliation,0.0,196.632660711,0.0,216.46532153600128,5,False,1,broad-rank-v1:b-97d5982d1af4146c6e41,,,18,17,Enclosing batch sums; includes preparation and verification. Not exact discovery CPU.
ORIGINATING_CALL; may be certified by later reconciliation,0.0,196.632660711,0.0,216.46532153600128,14,False,1,broad-rank-v1:b-97d5982d1af4146c6e41,,,19,18,Enclosing batch sums; includes preparation and verification. Not exact discovery CPU.
ORIGINATING_CALL; may be certified by later reconciliation,0.0,196.632660711,0.0,216.46532153600128,19,False,1,broad-rank-v1:b-97d5982d1af4146c6e41,,,20,19,Enclosing batch sums; includes preparation and verification. Not exact discovery CPU.
ORIGINATING_CALL; may be certified by later reconciliation,0.0,196.632660711,0.0,216.46532153600128,30,False,1,broad-rank-v1:b-97d5982d1af4146c6e41,,,21,20,Enclosing batch sums; includes preparation and verification. Not exact discovery CPU.
ORIGINATING_CALL; may be certified by later reconciliation,0.0,144.13419837700002,0.0,156.7325837489916,9,False,1,broad-rank-v1:b-f306065759bff6b0d1fd,,,18,17,Enclosing batch sums; includes preparation and verification. Not exact discovery CPU.
ORIGINATING_CALL; may be certified by later reconciliation,144.13419837700002,262.81972413,156.7325837489916,284.61162091899314,162,False,1,broad-rank-v1:b-f306065759bff6b0d1fd,,,19,18,Enclosing batch sums; includes preparation and verification. Not exact discovery CPU.
ORIGINATING_CALL; may be certified by later reconciliation,0.0,268.410210924,0.0,293.21111484299763,81,False,1,broad-rank-v1:b-cc35bb89cbd0a413580d,,,18,17,Enclosing batch sums; includes preparation and verification. Not exact discovery CPU.
ORIGINATING_CALL; may be certified by later reconciliation,0.0,268.410210924,0.0,293.21111484299763,116,False,1,broad-rank-v1:b-cc35bb89cbd0a413580d,,,19,18,Enclosing batch sums; includes preparation and verification. Not exact discovery CPU.
ORIGINATING_CALL; may be certified by later reconciliation,0.0,268.410210924,0.0,293.21111484299763,127,False,1,broad-rank-v1:b-cc35bb89cbd0a413580d,,,20,19,Enclosing batch sums; includes preparation and verification. Not exact discovery CPU.
ORIGINATING_CALL; may be certified by later reconciliation,0.0,268.410210924,0.0,293.21111484299763,166,False,1,broad-rank-v1:b-cc35bb89cbd0a413580d,,,21,20,Enclosing batch sums; includes preparation and verification. Not exact discovery CPU.
ORIGINATING_CALL; may be certified by later reconciliation,0.0,134.34984649,0.0,146.35415464101243,3,False,1,broad-rank-v1:b-9ed9edfaa90fcd7b38f6,,,18,17,Enclosing batch sums; includes preparation and verification. Not exact discovery CPU.
ORIGINATING_CALL; may be certified by later reconciliation,0.0,157.52725773199998,0.0,172.7361001649988,3,False,1,broad-rank-v1:b-3dbd6f026947e8c5d7a5,,,18,17,Enclosing batch sums; includes preparation and verification. Not exact discovery CPU.
ORIGINATING_CALL; may be certified by later reconciliation,0.0,157.52725773199998,0.0,172.7361001649988,20,False,1,broad-rank-v1:b-3dbd6f026947e8c5d7a5,,,19,18,Enclosing batch sums; includes preparation and verification. Not exact discovery CPU.
ORIGINATING_CALL; may be certified by later reconciliation,157.52725773199998,282.16841406,172.7361001649988,306.1674484380055,114,False,1,broad-rank-v1:b-3dbd6f026947e8c5d7a5,,,20,19,Enclosing batch sums; includes preparation and verification. Not exact discovery CPU.
ORIGINATING_CALL; may be certified by later reconciliation,0.0,329.044213544,0.0,345.18710224097595,1,False,2,broad-rank-v1:b-87ef4a86f497dd1b1175,,,19,17,Enclosing batch sums; includes preparation and verification. Not exact discovery CPU.
ORIGINATING_CALL; may be certified by later reconciliation,0.0,329.044213544,0.0,345.18710224097595,2,False,2,broad-rank-v1:b-87ef4a86f497dd1b1175,,,21,19,Enclosing batch sums; includes preparation and verification. Not exact discovery CPU.
ORIGINATING_CALL; may be certified by later reconciliation,0.0,329.044213544,0.0,345.18710224097595,13,False,1,broad-rank-v1:b-87ef4a86f497dd1b1175,,,22,21,Enclosing batch sums; includes preparation and verification. Not exact discovery CPU.
ORIGINATING_CALL; may be certified by later reconciliation,0.0,329.044213544,0.0,345.18710224097595,22,False,1,broad-rank-v1:b-87ef4a86f497dd1b1175,,,23,22,Enclosing batch sums; includes preparation and verification. Not exact discovery CPU.
ORIGINATING_CALL; may be certified by later reconciliation,0.0,161.708755109,0.0,177.26592791100848,5,False,1,broad-rank-v1:b-d214e420dab951890c6b,,,18,17,Enclosing batch sums; includes preparation and verification. Not exact discovery CPU.
ORIGINATING_CALL; may be certified by later reconciliation,0.0,161.708755109,0.0,177.26592791100848,32,False,1,broad-rank-v1:b-d214e420dab951890c6b,,,19,18,Enclosing batch sums; includes preparation and verification. Not exact discovery CPU.
ORIGINATING_CALL; may be certified by later reconciliation,272.594746122,402.82220603300004,293.93782225999166,432.97979198698886,282,False,1,broad-rank-v1:b-d214e420dab951890c6b,,,20,19,Enclosing batch sums; includes preparation and verification. Not exact discovery CPU.
ORIGINATING_CALL; may be certified by later reconciliation,0.0,151.21445168200003,0.0,169.20990531798452,7,False,1,broad-rank-v1:b-9adda22f816085dbe91d,,,18,17,Enclosing batch sums; includes preparation and verification. Not exact discovery CPU.
ORIGINATING_CALL; may be certified by later reconciliation,0.0,151.21445168200003,0.0,169.20990531798452,8,False,1,broad-rank-v1:b-9adda22f816085dbe91d,,,19,18,Enclosing batch sums; includes preparation and verification. Not exact discovery CPU.
ORIGINATING_CALL; may be certified by later reconciliation,0.0,153.717326949,0.0,169.51196790701943,5,False,1,broad-rank-v1:b-824ab260275a1eb7bee5,,,18,17,Enclosing batch sums; includes preparation and verification. Not exact discovery CPU.
ORIGINATING_CALL; may be certified by later reconciliation,0.0,153.717326949,0.0,169.51196790701943,82,False,1,broad-rank-v1:b-824ab260275a1eb7bee5,,,19,18,Enclosing batch sums; includes preparation and verification. Not exact discovery CPU.
ORIGINATING_CALL; may be certified by later reconciliation,153.717326949,272.630722698,169.51196790701943,297.7873046550085,164,False,1,broad-rank-v1:b-824ab260275a1eb7bee5,,,20,19,Enclosing batch sums; includes preparation and verification. Not exact discovery CPU.
ORIGINATING_CALL; may be certified by later reconciliation,0.0,115.585715945,0.0,127.4575739360007,6,False,1,broad-rank-v1:b-327228c3bef23a6fef24,,,18,17,Enclosing batch sums; includes preparation and verification. Not exact discovery CPU.
ORIGINATING_CALL; may be certified by later reconciliation,0.0,176.79993054999997,0.0,195.1395070470171,1,False,1,broad-rank-v1:b-a715aedca8b9fdac992e,,,18,17,Enclosing batch sums; includes preparation and verification. Not exact discovery CPU.
ORIGINATING_CALL; may be certified by later reconciliation,0.0,176.79993054999997,0.0,195.1395070470171,16,False,1,broad-rank-v1:b-a715aedca8b9fdac992e,,,19,18,Enclosing batch sums; includes preparation and verification. Not exact discovery CPU.
ORIGINATING_CALL; may be certified by later reconciliation,0.0,176.79993054999997,0.0,195.1395070470171,41,False,1,broad-rank-v1:b-a715aedca8b9fdac992e,,,20,19,Enclosing batch sums; includes preparation and verification. Not exact discovery CPU.
ORIGINATING_CALL; may be certified by later reconciliation,0.0,138.585998117,0.0,147.51438275398687,11,False,1,broad-rank-v1:b-1d13015fd517545e82c1,,,18,17,Enclosing batch sums; includes preparation and verification. Not exact discovery CPU.
ORIGINATING_CALL; may be certified by later reconciliation,0.0,144.93323684700002,0.0,155.65006413901574,13,False,1,broad-rank-v1:b-882df5565cd7c3e6b49c,,,18,17,Enclosing batch sums; includes preparation and verification. Not exact discovery CPU.
ORIGINATING_CALL; may be certified by later reconciliation,0.0,170.09752,0.0,181.0015103330079,51,False,1,broad-rank-v1:b-65eda8e5cefcc68ba6ed,,,18,17,Enclosing batch sums; includes preparation and verification. Not exact discovery CPU.
ORIGINATING_CALL; may be certified by later reconciliation,0.0,137.96032064899998,0.0,147.10154695500387,11,False,1,broad-rank-v1:b-d5649e1f173fc06cf1a4,,,18,17,Enclosing batch sums; includes preparation and verification. Not exact discovery CPU.
ORIGINATING_CALL; may be certified by later reconciliation,0.0,145.384720567,0.0,159.43591778801056,13,False,1,broad-rank-v1:b-a38ebad69ffb741e259e,,,18,17,Enclosing batch sums; includes preparation and verification. Not exact discovery CPU.
ORIGINATING_CALL; may be certified by later reconciliation,0.0,145.384720567,0.0,159.43591778801056,24,False,1,broad-rank-v1:b-a38ebad69ffb741e259e,,,19,18,Enclosing batch sums; includes preparation and verification. Not exact discovery CPU.
ORIGINATING_CALL; may be certified by later reconciliation,0.0,136.91295211699997,0.0,146.0172985859972,7,False,1,broad-rank-v1:b-784ead048062481901e1,,,18,17,Enclosing batch sums; includes preparation and verification. Not exact discovery CPU.
ORIGINATING_CALL; may be certified by later reconciliation,0.0,142.867679728,0.0,156.47739686901332,1,False,1,broad-rank-v1:b-23e9db1d43d4ad3c9376,,,18,17,Enclosing batch sums; includes preparation and verification. Not exact discovery CPU.
ORIGINATING_CALL; may be certified by later reconciliation,0.0,142.867679728,0.0,156.47739686901332,12,False,1,broad-rank-v1:b-23e9db1d43d4ad3c9376,,,19,18,Enclosing batch sums; includes preparation and verification. Not exact discovery CPU.
ORIGINATING_CALL; may be certified by later reconciliation,0.0,131.590691411,0.0,142.01121842997964,5,False,1,broad-rank-v1:b-446ff5acbb8ba3694b39,,,18,17,Enclosing batch sums; includes preparation and verification. Not exact discovery CPU.
ORIGINATING_CALL; may be certified by later reconciliation,0.0,134.01208551300002,0.0,143.64210337901022,5,False,1,broad-rank-v1:b-228bb999e9bf467078c7,,,18,17,Enclosing batch sums; includes preparation and verification. Not exact discovery CPU.
ORIGINATING_CALL; may be certified by later reconciliation,134.01208551300002,247.98591877900003,143.64210337901022,267.4067234120157,172,False,1,broad-rank-v1:b-228bb999e9bf467078c7,,,19,18,Enclosing batch sums; includes preparation and verification. Not exact discovery CPU.
ORIGINATING_CALL; may be certified by later reconciliation,247.98591877900003,367.07173438200005,267.4067234120157,394.53986157500185,224,False,1,broad-rank-v1:b-228bb999e9bf467078c7,,,20,19,Enclosing batch sums; includes preparation and verification. Not exact discovery CPU.
ORIGINATING_CALL; may be certified by later reconciliation,0.0,243.94026485799998,0.0,265.1385668510047,1,False,1,broad-rank-v1:b-0421ace6af8aad44083f,,,18,17,Enclosing batch sums; includes preparation and verification. Not exact discovery CPU.
ORIGINATING_CALL; may be certified by later reconciliation,0.0,243.94026485799998,0.0,265.1385668510047,27,False,2,broad-rank-v1:b-0421ace6af8aad44083f,,,20,18,Enclosing batch sums; includes preparation and verification. Not exact discovery CPU.
ORIGINATING_CALL; may be certified by later reconciliation,0.0,243.94026485799998,0.0,265.1385668510047,57,False,1,broad-rank-v1:b-0421ace6af8aad44083f,,,21,20,Enclosing batch sums; includes preparation and verification. Not exact discovery CPU.
ORIGINATING_CALL; may be certified by later reconciliation,0.0,243.94026485799998,0.0,265.1385668510047,63,False,1,broad-rank-v1:b-0421ace6af8aad44083f,,,22,21,Enclosing batch sums; includes preparation and verification. Not exact discovery CPU.
ORIGINATING_CALL; may be certified by later reconciliation,0.0,165.25871499299998,0.0,184.6107277519768,5,False,1,broad-rank-v1:b-4b04a7a1ed2aee63c6a2,,,18,17,Enclosing batch sums; includes preparation and verification. Not exact discovery CPU.
ORIGINATING_CALL; may be certified by later reconciliation,0.0,165.25871499299998,0.0,184.6107277519768,7,False,1,broad-rank-v1:b-4b04a7a1ed2aee63c6a2,,,19,18,Enclosing batch sums; includes preparation and verification. Not exact discovery CPU.
ORIGINATING_CALL; may be certified by later reconciliation,0.0,165.25871499299998,0.0,184.6107277519768,14,False,1,broad-rank-v1:b-4b04a7a1ed2aee63c6a2,,,20,19,Enclosing batch sums; includes preparation and verification. Not exact discovery CPU.
ORIGINATING_CALL; may be certified by later reconciliation,0.0,154.81252433299997,0.0,169.21494993500528,11,False,1,broad-rank-v1:b-cfcee2b69339b548846f,,,18,17,Enclosing batch sums; includes preparation and verification. Not exact discovery CPU.
ORIGINATING_CALL; may be certified by later reconciliation,0.0,154.81252433299997,0.0,169.21494993500528,36,False,1,broad-rank-v1:b-cfcee2b69339b548846f,,,19,18,Enclosing batch sums; includes preparation and verification. Not exact discovery CPU.
ORIGINATING_CALL; may be certified by later reconciliation,0.0,145.235276863,0.0,156.5956457349821,11,False,1,broad-rank-v1:b-1724b98755c167e993b3,,,18,17,Enclosing batch sums; includes preparation and verification. Not exact discovery CPU.
ORIGINATING_CALL; may be certified by later reconciliation,145.235276863,278.256329219,156.5956457349821,302.8611022159748,114,False,1,broad-rank-v1:b-1724b98755c167e993b3,,,19,18,Enclosing batch sums; includes preparation and verification. Not exact discovery CPU.
ORIGINATING_CALL; may be certified by later reconciliation,145.235276863,278.256329219,156.5956457349821,302.8611022159748,179,False,1,broad-rank-v1:b-1724b98755c167e993b3,,,20,19,Enclosing batch sums; includes preparation and verification. Not exact discovery CPU.
ORIGINATING_CALL; may be certified by later reconciliation,0.0,159.125181448,0.0,169.8009501300112,41,False,1,broad-rank-v1:b-75d257b322c8f1bdd405,,,18,17,Enclosing batch sums; includes preparation and verification. Not exact discovery CPU.
ORIGINATING_CALL; may be certified by later reconciliation,0.0,139.25583564800002,0.0,148.22323887297534,4,False,1,broad-rank-v1:b-a5eff23672ec3b04eb0a,,,18,17,Enclosing batch sums; includes preparation and verification. Not exact discovery CPU.
ORIGINATING_CALL; may be certified by later reconciliation,0.0,230.222113809,0.0,241.02842394198524,91,False,1,broad-rank-v1:b-cb8e0aab962df4ffb725,,,18,17,Enclosing batch sums; includes preparation and verification. Not exact discovery CPU.
ORIGINATING_CALL; may be certified by later reconciliation,0.0,192.38092832,0.0,211.94538346800255,1,False,1,broad-rank-v1:b-1f720fd3690e5c7f6fe6,,,18,17,Enclosing batch sums; includes preparation and verification. Not exact discovery CPU.
ORIGINATING_CALL; may be certified by later reconciliation,0.0,192.38092832,0.0,211.94538346800255,5,False,1,broad-rank-v1:b-1f720fd3690e5c7f6fe6,,,19,18,Enclosing batch sums; includes preparation and verification. Not exact discovery CPU.
ORIGINATING_CALL; may be certified by later reconciliation,0.0,192.38092832,0.0,211.94538346800255,6,False,1,broad-rank-v1:b-1f720fd3690e5c7f6fe6,,,20,19,Enclosing batch sums; includes preparation and verification. Not exact discovery CPU.
ORIGINATING_CALL; may be certified by later reconciliation,0.0,192.38092832,0.0,211.94538346800255,23,False,1,broad-rank-v1:b-1f720fd3690e5c7f6fe6,,,21,20,Enclosing batch sums; includes preparation and verification. Not exact discovery CPU.
ORIGINATING_CALL; may be certified by later reconciliation,0.0,189.32780139300002,0.0,204.80547547899187,1,False,2,broad-rank-v1:b-cea27663284e555ed9e5,,,19,17,Enclosing batch sums; includes preparation and verification. Not exact discovery CPU.
ORIGINATING_CALL; may be certified by later reconciliation,0.0,189.32780139300002,0.0,204.80547547899187,31,False,1,broad-rank-v1:b-cea27663284e555ed9e5,,,20,19,Enclosing batch sums; includes preparation and verification. Not exact discovery CPU.
ORIGINATING_CALL; may be certified by later reconciliation,0.0,189.32780139300002,0.0,204.80547547899187,34,False,1,broad-rank-v1:b-cea27663284e555ed9e5,,,21,20,Enclosing batch sums; includes preparation and verification. Not exact discovery CPU.
ORIGINATING_CALL; may be certified by later reconciliation,0.0,146.51336212,0.0,156.21656952999183,11,False,1,broad-rank-v1:b-f5c2d1fdceffff7fbdee,,,18,17,Enclosing batch sums; includes preparation and verification. Not exact discovery CPU.
ORIGINATING_CALL; may be certified by later reconciliation,0.0,107.941314889,0.0,121.50957385700895,2,False,1,broad-rank-v1:b-d7e95f50bf5b9093e1f5,,,18,17,Enclosing batch sums; includes preparation and verification. Not exact discovery CPU.
ORIGINATING_CALL; may be certified by later reconciliation,0.0,170.467054141,0.0,191.19619091998902,1,False,1,broad-rank-v1:b-b4bc130613792142e062,,,18,17,Enclosing batch sums; includes preparation and verification. Not exact discovery CPU.
ORIGINATING_CALL; may be certified by later reconciliation,0.0,170.467054141,0.0,191.19619091998902,4,False,1,broad-rank-v1:b-b4bc130613792142e062,,,19,18,Enclosing batch sums; includes preparation and verification. Not exact discovery CPU.
ORIGINATING_CALL; may be certified by later reconciliation,0.0,170.467054141,0.0,191.19619091998902,5,False,1,broad-rank-v1:b-b4bc130613792142e062,,,20,19,Enclosing batch sums; includes preparation and verification. Not exact discovery CPU.
ORIGINATING_CALL; may be certified by later reconciliation,0.0,146.248226276,0.0,155.68032827600837,5,False,1,broad-rank-v1:b-f171d0914917bd0cc61e,,,18,17,Enclosing batch sums; includes preparation and verification. Not exact discovery CPU.
ORIGINATING_CALL; may be certified by later reconciliation,0.0,156.724364366,0.0,169.7766060810245,9,False,1,broad-rank-v1:b-103bab1314240a8915c1,,,18,17,Enclosing batch sums; includes preparation and verification. Not exact discovery CPU.
ORIGINATING_CALL; may be certified by later reconciliation,0.0,156.724364366,0.0,169.7766060810245,84,False,1,broad-rank-v1:b-103bab1314240a8915c1,,,19,18,Enclosing batch sums; includes preparation and verification. Not exact discovery CPU.
ORIGINATING_CALL; may be certified by later reconciliation,0.0,156.319840662,0.0,171.28176306199748,7,False,1,broad-rank-v1:b-3cf3870b5dc51338ee31,,,18,17,Enclosing batch sums; includes preparation and verification. Not exact discovery CPU.
ORIGINATING_CALL; may be certified by later reconciliation,0.0,156.319840662,0.0,171.28176306199748,30,False,1,broad-rank-v1:b-3cf3870b5dc51338ee31,,,19,18,Enclosing batch sums; includes preparation and verification. Not exact discovery CPU.
ORIGINATING_CALL; may be certified by later reconciliation,0.0,156.319840662,0.0,171.28176306199748,107,False,1,broad-rank-v1:b-3cf3870b5dc51338ee31,,,20,19,Enclosing batch sums; includes preparation and verification. Not exact discovery CPU.
ORIGINATING_CALL; may be certified by later reconciliation,0.0,152.832710012,0.0,167.32703924900852,3,False,1,broad-rank-v1:b-e3731918bcf93aea3d8d,,,18,17,Enclosing batch sums; includes preparation and verification. Not exact discovery CPU.
ORIGINATING_CALL; may be certified by later reconciliation,0.0,152.832710012,0.0,167.32703924900852,16,False,1,broad-rank-v1:b-e3731918bcf93aea3d8d,,,19,18,Enclosing batch sums; includes preparation and verification. Not exact discovery CPU.
ORIGINATING_CALL; may be certified by later reconciliation,152.832710012,276.327435369,167.32703924900852,301.1572755970119,116,False,1,broad-rank-v1:b-e3731918bcf93aea3d8d,,,20,19,Enclosing batch sums; includes preparation and verification. Not exact discovery CPU.
ORIGINATING_CALL; may be certified by later reconciliation,0.0,218.869781849,0.0,231.6334928520082,1,False,2,broad-rank-v1:b-5651a8129478dbcf9d3b,,,19,17,Enclosing batch sums; includes preparation and verification. Not exact discovery CPU.
ORIGINATING_CALL; may be certified by later reconciliation,0.0,218.869781849,0.0,231.6334928520082,4,False,3,broad-rank-v1:b-5651a8129478dbcf9d3b,,,22,19,Enclosing batch sums; includes preparation and verification. Not exact discovery CPU.
ORIGINATING_CALL; may be certified by later reconciliation,0.0,186.998878173,0.0,204.500587980001,19,False,1,broad-rank-v1:b-4c4408fd21dfe6b0fe25,,,18,17,Enclosing batch sums; includes preparation and verification. Not exact discovery CPU.
ORIGINATING_CALL; may be certified by later reconciliation,0.0,186.998878173,0.0,204.500587980001,50,False,1,broad-rank-v1:b-4c4408fd21dfe6b0fe25,,,19,18,Enclosing batch sums; includes preparation and verification. Not exact discovery CPU.
ORIGINATING_CALL; may be certified by later reconciliation,0.0,186.998878173,0.0,204.500587980001,51,False,1,broad-rank-v1:b-4c4408fd21dfe6b0fe25,,,20,19,Enclosing batch sums; includes preparation and verification. Not exact discovery CPU.
ORIGINATING_CALL; may be certified by later reconciliation,0.0,137.477138905,0.0,153.08054351300234,1,False,1,broad-rank-v1:b-d72b3b7ba0d336976eb0,,,18,17,Enclosing batch sums; includes preparation and verification. Not exact discovery CPU.
ORIGINATING_CALL; may be certified by later reconciliation,0.0,137.477138905,0.0,153.08054351300234,8,False,1,broad-rank-v1:b-d72b3b7ba0d336976eb0,,,19,18,Enclosing batch sums; includes preparation and verification. Not exact discovery CPU.
ORIGINATING_CALL; may be certified by later reconciliation,0.0,169.85910849400003,0.0,190.02876063500298,5,False,1,broad-rank-v1:b-9a1e844e49a9e16b0f06,,,18,17,Enclosing batch sums; includes preparation and verification. Not exact discovery CPU.
ORIGINATING_CALL; may be certified by later reconciliation,0.0,169.85910849400003,0.0,190.02876063500298,30,False,1,broad-rank-v1:b-9a1e844e49a9e16b0f06,,,19,18,Enclosing batch sums; includes preparation and verification. Not exact discovery CPU.
ORIGINATING_CALL; may be certified by later reconciliation,0.0,169.85910849400003,0.0,190.02876063500298,39,False,1,broad-rank-v1:b-9a1e844e49a9e16b0f06,,,20,19,Enclosing batch sums; includes preparation and verification. Not exact discovery CPU.
ORIGINATING_CALL; may be certified by later reconciliation,0.0,118.711102528,0.0,130.61019490897888,10,False,1,broad-rank-v1:b-22fd17f0d02e2181d3ca,,,18,17,Enclosing batch sums; includes preparation and verification. Not exact discovery CPU.
ORIGINATING_CALL; may be certified by later reconciliation,0.0,176.81008012900003,0.0,193.25028346697218,1,False,1,broad-rank-v1:b-376449c73c65c0365d44,,,18,17,Enclosing batch sums; includes preparation and verification. Not exact discovery CPU.
ORIGINATING_CALL; may be certified by later reconciliation,0.0,176.81008012900003,0.0,193.25028346697218,2,False,1,broad-rank-v1:b-376449c73c65c0365d44,,,19,18,Enclosing batch sums; includes preparation and verification. Not exact discovery CPU.
ORIGINATING_CALL; may be certified by later reconciliation,0.0,176.81008012900003,0.0,193.25028346697218,22,False,1,broad-rank-v1:b-376449c73c65c0365d44,,,20,19,Enclosing batch sums; includes preparation and verification. Not exact discovery CPU.
ORIGINATING_CALL; may be certified by later reconciliation,0.0,165.590911304,0.0,175.21286085702013,31,False,1,broad-rank-v1:b-6e267b55a1ad391bb442,,,18,17,Enclosing batch sums; includes preparation and verification. Not exact discovery CPU.
ORIGINATING_CALL; may be certified by later reconciliation,0.0,151.37497248300002,0.0,164.19707136400393,1,False,1,broad-rank-v1:b-4f9a5abb09c0cc460cc7,,,18,17,Enclosing batch sums; includes preparation and verification. Not exact discovery CPU.
ORIGINATING_CALL; may be certified by later reconciliation,0.0,151.37497248300002,0.0,164.19707136400393,6,False,1,broad-rank-v1:b-4f9a5abb09c0cc460cc7,,,19,18,Enclosing batch sums; includes preparation and verification. Not exact discovery CPU.
ORIGINATING_CALL; may be certified by later reconciliation,0.0,138.761413817,0.0,148.64834880200215,1,False,1,broad-rank-v1:b-974052c11130011d3dd9,,,18,17,Enclosing batch sums; includes preparation and verification. Not exact discovery CPU.
ORIGINATING_CALL; may be certified by later reconciliation,138.761413817,253.112118177,148.64834880200215,272.11403008000343,112,False,1,broad-rank-v1:b-974052c11130011d3dd9,,,19,18,Enclosing batch sums; includes preparation and verification. Not exact discovery CPU.
ORIGINATING_CALL; may be certified by later reconciliation,0.0,222.58060389300002,0.0,238.3229305400164,85,False,1,broad-rank-v1:b-26ad64ce10189bbabc5a,,,18,17,Enclosing batch sums; includes preparation and verification. Not exact discovery CPU.
ORIGINATING_CALL; may be certified by later reconciliation,0.0,222.58060389300002,0.0,238.3229305400164,152,False,1,broad-rank-v1:b-26ad64ce10189bbabc5a,,,19,18,Enclosing batch sums; includes preparation and verification. Not exact discovery CPU.
ORIGINATING_CALL; may be certified by later reconciliation,0.0,161.887196262,0.0,174.19137364500784,9,False,1,broad-rank-v1:b-9fcabe990651e93bad5c,,,18,17,Enclosing batch sums; includes preparation and verification. Not exact discovery CPU.
ORIGINATING_CALL; may be certified by later reconciliation,0.0,161.887196262,0.0,174.19137364500784,50,False,1,broad-rank-v1:b-9fcabe990651e93bad5c,,,19,18,Enclosing batch sums; includes preparation and verification. Not exact discovery CPU.
ORIGINATING_CALL; may be certified by later reconciliation,0.0,179.05751605600003,0.0,195.51060038700234,3,False,2,broad-rank-v1:b-7b261a2123c50b1d2ca7,,,19,17,Enclosing batch sums; includes preparation and verification. Not exact discovery CPU.
ORIGINATING_CALL; may be certified by later reconciliation,0.0,179.05751605600003,0.0,195.51060038700234,16,False,1,broad-rank-v1:b-7b261a2123c50b1d2ca7,,,20,19,Enclosing batch sums; includes preparation and verification. Not exact discovery CPU.
ORIGINATING_CALL; may be certified by later reconciliation,0.0,179.05751605600003,0.0,195.51060038700234,57,False,1,broad-rank-v1:b-7b261a2123c50b1d2ca7,,,21,20,Enclosing batch sums; includes preparation and verification. Not exact discovery CPU.
ORIGINATING_CALL; may be certified by later reconciliation,0.0,160.80502917799998,0.0,172.33455715200398,31,False,1,broad-rank-v1:b-bc5154251c3d33c9a87d,,,18,17,Enclosing batch sums; includes preparation and verification. Not exact discovery CPU.
ORIGINATING_CALL; may be certified by later reconciliation,0.0,162.63264592100003,0.0,174.68550435898942,17,False,1,broad-rank-v1:b-691f50d443abb0fb188d,,,18,17,Enclosing batch sums; includes preparation and verification. Not exact discovery CPU.
ORIGINATING_CALL; may be certified by later reconciliation,0.0,124.208099985,0.0,138.69636065501254,3,False,1,broad-rank-v1:b-b45a43b6c654c0a2c03d,,,18,17,Enclosing batch sums; includes preparation and verification. Not exact discovery CPU.
ORIGINATING_CALL; may be certified by later reconciliation,0.0,128.925187057,0.0,139.51265786399017,3,False,1,broad-rank-v1:b-ba9b13fb9ffabfe9a0b8,,,18,17,Enclosing batch sums; includes preparation and verification. Not exact discovery CPU.
ORIGINATING_CALL; may be certified by later reconciliation,0.0,187.15053874100002,0.0,207.34253544698004,1,False,1,broad-rank-v1:b-bff3de02dbfd41143382,,,18,17,Enclosing batch sums; includes preparation and verification. Not exact discovery CPU.
ORIGINATING_CALL; may be certified by later reconciliation,0.0,187.15053874100002,0.0,207.34253544698004,4,False,1,broad-rank-v1:b-bff3de02dbfd41143382,,,19,18,Enclosing batch sums; includes preparation and verification. Not exact discovery CPU.
ORIGINATING_CALL; may be certified by later reconciliation,0.0,187.15053874100002,0.0,207.34253544698004,7,False,2,broad-rank-v1:b-bff3de02dbfd41143382,,,21,19,Enclosing batch sums; includes preparation and verification. Not exact discovery CPU.
ORIGINATING_CALL; may be certified by later reconciliation,187.15053874100002,347.048219716,207.34253544698004,375.44190614597755,109,False,1,broad-rank-v1:b-bff3de02dbfd41143382,,,22,21,Enclosing batch sums; includes preparation and verification. Not exact discovery CPU.
ORIGINATING_CALL; may be certified by later reconciliation,0.0,161.38748232199998,0.0,170.92277493100846,35,False,1,broad-rank-v1:b-f3d93eaf2dde19fa6f9f,,,18,17,Enclosing batch sums; includes preparation and verification. Not exact discovery CPU.
ORIGINATING_CALL; may be certified by later reconciliation,0.0,150.28339870399998,0.0,165.39060842600884,7,False,1,broad-rank-v1:b-1108c6feb8a8a6ae809b,,,18,17,Enclosing batch sums; includes preparation and verification. Not exact discovery CPU.
ORIGINATING_CALL; may be certified by later reconciliation,0.0,150.28339870399998,0.0,165.39060842600884,10,False,1,broad-rank-v1:b-1108c6feb8a8a6ae809b,,,19,18,Enclosing batch sums; includes preparation and verification. Not exact discovery CPU.
ORIGINATING_CALL; may be certified by later reconciliation,246.65544656399996,361.477314773,267.8514009859937,391.94655490800506,208,False,1,broad-rank-v1:b-1108c6feb8a8a6ae809b,,,20,19,Enclosing batch sums; includes preparation and verification. Not exact discovery CPU.
ORIGINATING_CALL; may be certified by later reconciliation,0.0,205.276805468,0.0,226.15264444999048,3,False,1,broad-rank-v1:b-c751b4e589d18ba139e4,,,18,17,Enclosing batch sums; includes preparation and verification. Not exact discovery CPU.
ORIGINATING_CALL; may be certified by later reconciliation,0.0,205.276805468,0.0,226.15264444999048,8,False,1,broad-rank-v1:b-c751b4e589d18ba139e4,,,19,18,Enclosing batch sums; includes preparation and verification. Not exact discovery CPU.
ORIGINATING_CALL; may be certified by later reconciliation,0.0,205.276805468,0.0,226.15264444999048,27,False,1,broad-rank-v1:b-c751b4e589d18ba139e4,,,20,19,Enclosing batch sums; includes preparation and verification. Not exact discovery CPU.
ORIGINATING_CALL; may be certified by later reconciliation,0.0,205.276805468,0.0,226.15264444999048,56,False,1,broad-rank-v1:b-c751b4e589d18ba139e4,,,21,20,Enclosing batch sums; includes preparation and verification. Not exact discovery CPU.
ORIGINATING_CALL; may be certified by later reconciliation,0.0,144.91057205699997,0.0,156.26293845201144,15,False,1,broad-rank-v1:b-262271c6c21503ac22da,,,18,17,Enclosing batch sums; includes preparation and verification. Not exact discovery CPU.
ORIGINATING_CALL; may be certified by later reconciliation,0.0,275.50716637500005,0.0,295.0897663630021,1,False,1,broad-rank-v1:b-8ca79d14105b24eaf1a3,,,18,17,Enclosing batch sums; includes preparation and verification. Not exact discovery CPU.
ORIGINATING_CALL; may be certified by later reconciliation,0.0,275.50716637500005,0.0,295.0897663630021,2,False,1,broad-rank-v1:b-8ca79d14105b24eaf1a3,,,19,18,Enclosing batch sums; includes preparation and verification. Not exact discovery CPU.
ORIGINATING_CALL; may be certified by later reconciliation,0.0,275.50716637500005,0.0,295.0897663630021,3,False,1,broad-rank-v1:b-8ca79d14105b24eaf1a3,,,20,19,Enclosing batch sums; includes preparation and verification. Not exact discovery CPU.
ORIGINATING_CALL; may be certified by later reconciliation,0.0,275.50716637500005,0.0,295.0897663630021,6,False,1,broad-rank-v1:b-8ca79d14105b24eaf1a3,,,21,20,Enclosing batch sums; includes preparation and verification. Not exact discovery CPU.
ORIGINATING_CALL; may be certified by later reconciliation,0.0,275.50716637500005,0.0,295.0897663630021,9,False,1,broad-rank-v1:b-8ca79d14105b24eaf1a3,,,22,21,Enclosing batch sums; includes preparation and verification. Not exact discovery CPU.
ORIGINATING_CALL; may be certified by later reconciliation,0.0,164.580680358,0.0,178.45561627700226,21,False,1,broad-rank-v1:b-6383e92e70cf73dde03a,,,18,17,Enclosing batch sums; includes preparation and verification. Not exact discovery CPU.
ORIGINATING_CALL; may be certified by later reconciliation,0.0,164.580680358,0.0,178.45561627700226,29,False,1,broad-rank-v1:b-6383e92e70cf73dde03a,,,19,18,Enclosing batch sums; includes preparation and verification. Not exact discovery CPU.
ORIGINATING_CALL; may be certified by later reconciliation,164.580680358,284.678569029,178.45561627700226,307.7080772909976,194,False,1,broad-rank-v1:b-6383e92e70cf73dde03a,,,20,19,Enclosing batch sums; includes preparation and verification. Not exact discovery CPU.
ORIGINATING_CALL; may be certified by later reconciliation,0.0,132.348006948,0.0,142.4117001539853,3,False,1,broad-rank-v1:b-6a8c2c602f5dfb027d5d,,,18,17,Enclosing batch sums; includes preparation and verification. Not exact discovery CPU.
ORIGINATING_CALL; may be certified by later reconciliation,230.04810552200001,345.351544352,245.418699627975,369.1876474269957,280,False,1,broad-rank-v1:b-6a8c2c602f5dfb027d5d,,,19,18,Enclosing batch sums; includes preparation and verification. Not exact discovery CPU.
ORIGINATING_CALL; may be certified by later reconciliation,0.0,138.176533659,0.0,147.84217805598746,7,False,1,broad-rank-v1:b-47ec45f01c675f6856e8,,,18,17,Enclosing batch sums; includes preparation and verification. Not exact discovery CPU.
ORIGINATING_CALL; may be certified by later reconciliation,0.0,142.915550438,0.0,152.42801890100236,3,False,1,broad-rank-v1:b-dc406e4d3c423f4f6bc0,,,18,17,Enclosing batch sums; includes preparation and verification. Not exact discovery CPU.
ORIGINATING_CALL; may be certified by later reconciliation,142.915550438,269.181547864,152.42801890100236,287.7917011520185,118,False,1,broad-rank-v1:b-dc406e4d3c423f4f6bc0,,,19,18,Enclosing batch sums; includes preparation and verification. Not exact discovery CPU.
ORIGINATING_CALL; may be certified by later reconciliation,0.0,215.417752111,0.0,227.92403698599082,97,False,1,broad-rank-v1:b-f2c199cc1f1e6ca49d78,,,18,17,Enclosing batch sums; includes preparation and verification. Not exact discovery CPU.
ORIGINATING_CALL; may be certified by later reconciliation,0.0,228.797161529,0.0,251.53529012098443,39,False,1,broad-rank-v1:b-658bc8de38ae26d315ca,,,18,17,Enclosing batch sums; includes preparation and verification. Not exact discovery CPU.
ORIGINATING_CALL; may be certified by later reconciliation,0.0,228.797161529,0.0,251.53529012098443,110,False,1,broad-rank-v1:b-658bc8de38ae26d315ca,,,19,18,Enclosing batch sums; includes preparation and verification. Not exact discovery CPU.
ORIGINATING_CALL; may be certified by later reconciliation,0.0,228.797161529,0.0,251.53529012098443,111,False,1,broad-rank-v1:b-658bc8de38ae26d315ca,,,20,19,Enclosing batch sums; includes preparation and verification. Not exact discovery CPU.
ORIGINATING_CALL; may be certified by later reconciliation,0.0,228.797161529,0.0,251.53529012098443,112,False,1,broad-rank-v1:b-658bc8de38ae26d315ca,,,21,20,Enclosing batch sums; includes preparation and verification. Not exact discovery CPU.
ORIGINATING_CALL; may be certified by later reconciliation,0.0,214.005797233,0.0,228.51330512200366,95,False,1,broad-rank-v1:b-3fca3c8791ba0b8923eb,,,18,17,Enclosing batch sums; includes preparation and verification. Not exact discovery CPU.
ORIGINATING_CALL; may be certified by later reconciliation,214.005797233,330.127592365,228.51330512200366,355.3497565659927,230,False,1,broad-rank-v1:b-3fca3c8791ba0b8923eb,,,19,18,Enclosing batch sums; includes preparation and verification. Not exact discovery CPU.
ORIGINATING_CALL; may be certified by later reconciliation,0.0,153.56969120799997,0.0,163.07779199600918,19,False,1,broad-rank-v1:b-cfb7cd3e2cd98ef9f616,,,18,17,Enclosing batch sums; includes preparation and verification. Not exact discovery CPU.
ORIGINATING_CALL; may be certified by later reconciliation,0.0,214.32437514699998,0.0,230.7527014700172,65,False,1,broad-rank-v1:b-e8d5841051a4f4e2e289,,,18,17,Enclosing batch sums; includes preparation and verification. Not exact discovery CPU.
ORIGINATING_CALL; may be certified by later reconciliation,0.0,214.32437514699998,0.0,230.7527014700172,84,False,1,broad-rank-v1:b-e8d5841051a4f4e2e289,,,19,18,Enclosing batch sums; includes preparation and verification. Not exact discovery CPU.
ORIGINATING_CALL; may be certified by later reconciliation,0.0,177.444370247,0.0,188.41272923801444,61,False,1,broad-rank-v1:b-a403c6d4eaae4a8b75c9,,,18,17,Enclosing batch sums; includes preparation and verification. Not exact discovery CPU.
ORIGINATING_CALL; may be certified by later reconciliation,0.0,140.71356899200003,0.0,156.7007495269936,3,False,1,broad-rank-v1:b-9242c28516c2e1a2120d,,,18,17,Enclosing batch sums; includes preparation and verification. Not exact discovery CPU.
ORIGINATING_CALL; may be certified by later reconciliation,0.0,140.71356899200003,0.0,156.7007495269936,28,False,1,broad-rank-v1:b-9242c28516c2e1a2120d,,,19,18,Enclosing batch sums; includes preparation and verification. Not exact discovery CPU.
ORIGINATING_CALL; may be certified by later reconciliation,0.0,221.187926549,0.0,236.11059358200873,77,False,1,broad-rank-v1:b-a99ae6ae4d9651f69eca,,,18,17,Enclosing batch sums; includes preparation and verification. Not exact discovery CPU.
ORIGINATING_CALL; may be certified by later reconciliation,0.0,221.187926549,0.0,236.11059358200873,95,False,1,broad-rank-v1:b-a99ae6ae4d9651f69eca,,,19,18,Enclosing batch sums; includes preparation and verification. Not exact discovery CPU.
ORIGINATING_CALL; may be certified by later reconciliation,0.0,157.693442772,0.0,171.1620365199924,7,False,2,broad-rank-v1:b-b2845bb4436e4b5e29ed,,,19,17,Enclosing batch sums; includes preparation and verification. Not exact discovery CPU.
ORIGINATING_CALL; may be certified by later reconciliation,0.0,157.693442772,0.0,171.1620365199924,46,False,1,broad-rank-v1:b-b2845bb4436e4b5e29ed,,,20,19,Enclosing batch sums; includes preparation and verification. Not exact discovery CPU.
ORIGINATING_CALL; may be certified by later reconciliation,0.0,169.79024950299998,0.0,179.55163263197755,35,False,1,broad-rank-v1:b-503d96a84baf14a652e8,,,18,17,Enclosing batch sums; includes preparation and verification. Not exact discovery CPU.
ORIGINATING_CALL; may be certified by later reconciliation,0.0,174.637952886,0.0,193.46968430100242,21,False,1,broad-rank-v1:b-e7c073afc625a837be9c,,,18,17,Enclosing batch sums; includes preparation and verification. Not exact discovery CPU.
ORIGINATING_CALL; may be certified by later reconciliation,0.0,174.637952886,0.0,193.46968430100242,26,False,1,broad-rank-v1:b-e7c073afc625a837be9c,,,19,18,Enclosing batch sums; includes preparation and verification. Not exact discovery CPU.
ORIGINATING_CALL; may be certified by later reconciliation,0.0,174.637952886,0.0,193.46968430100242,35,False,1,broad-rank-v1:b-e7c073afc625a837be9c,,,20,19,Enclosing batch sums; includes preparation and verification. Not exact discovery CPU.
ORIGINATING_CALL; may be certified by later reconciliation,0.0,100.67276306699999,0.0,111.62357208199683,5,False,1,broad-rank-v1:b-c616de030894114330a5,,,18,17,Enclosing batch sums; includes preparation and verification. Not exact discovery CPU.
ORIGINATING_CALL; may be certified by later reconciliation,0.0,157.219088538,0.0,166.78402664599707,27,False,1,broad-rank-v1:b-8f976646d79c9eeced35,,,18,17,Enclosing batch sums; includes preparation and verification. Not exact discovery CPU.
ORIGINATING_CALL; may be certified by later reconciliation,0.0,213.23007489600002,0.0,224.31864560599206,85,False,1,broad-rank-v1:b-d40f5421c52fc54cf85a,,,18,17,Enclosing batch sums; includes preparation and verification. Not exact discovery CPU.
ORIGINATING_CALL; may be certified by later reconciliation,0.0,198.076703719,0.0,216.54050129899406,1,False,1,broad-rank-v1:b-d61b0f1908cbef25af5f,,,18,17,Enclosing batch sums; includes preparation and verification. Not exact discovery CPU.
ORIGINATING_CALL; may be certified by later reconciliation,0.0,198.076703719,0.0,216.54050129899406,30,False,1,broad-rank-v1:b-d61b0f1908cbef25af5f,,,19,18,Enclosing batch sums; includes preparation and verification. Not exact discovery CPU.
ORIGINATING_CALL; may be certified by later reconciliation,0.0,198.076703719,0.0,216.54050129899406,45,False,1,broad-rank-v1:b-d61b0f1908cbef25af5f,,,20,19,Enclosing batch sums; includes preparation and verification. Not exact discovery CPU.
ORIGINATING_CALL; may be certified by later reconciliation,0.0,198.076703719,0.0,216.54050129899406,48,False,1,broad-rank-v1:b-d61b0f1908cbef25af5f,,,21,20,Enclosing batch sums; includes preparation and verification. Not exact discovery CPU.
ORIGINATING_CALL; may be certified by later reconciliation,198.076703719,364.790702667,216.54050129899406,390.0162850100023,174,False,1,broad-rank-v1:b-d61b0f1908cbef25af5f,,,22,21,Enclosing batch sums; includes preparation and verification. Not exact discovery CPU.
ORIGINATING_CALL; may be certified by later reconciliation,0.0,147.498818916,0.0,161.03586862998782,1,False,1,broad-rank-v1:b-77ef5209cbc6bba83d7d,,,18,17,Enclosing batch sums; includes preparation and verification. Not exact discovery CPU.
ORIGINATING_CALL; may be certified by later reconciliation,0.0,147.498818916,0.0,161.03586862998782,48,False,1,broad-rank-v1:b-77ef5209cbc6bba83d7d,,,19,18,Enclosing batch sums; includes preparation and verification. Not exact discovery CPU.
ORIGINATING_CALL; may be certified by later reconciliation,0.0,147.498818916,0.0,161.03586862998782,101,False,1,broad-rank-v1:b-77ef5209cbc6bba83d7d,,,20,19,Enclosing batch sums; includes preparation and verification. Not exact discovery CPU.
ORIGINATING_CALL; may be certified by later reconciliation,0.0,161.424915167,0.0,173.12158575101057,69,False,1,broad-rank-v1:b-b9155b83050d60333c04,,,18,17,Enclosing batch sums; includes preparation and verification. Not exact discovery CPU.
ORIGINATING_CALL; may be certified by later reconciliation,0.0,134.838548332,0.0,145.10755878299824,11,False,1,broad-rank-v1:b-d8125108bf3fd71313e4,,,18,17,Enclosing batch sums; includes preparation and verification. Not exact discovery CPU.
ORIGINATING_CALL; may be certified by later reconciliation,0.0,160.13111901500002,0.0,171.00560333000612,31,False,1,broad-rank-v1:b-e5307f4ada2a7286fa64,,,18,17,Enclosing batch sums; includes preparation and verification. Not exact discovery CPU.
ORIGINATING_CALL; may be certified by later reconciliation,0.0,157.58547351500002,0.0,171.944884327997,15,False,1,broad-rank-v1:b-1626eacdfbd9be1ffafd,,,18,17,Enclosing batch sums; includes preparation and verification. Not exact discovery CPU.
ORIGINATING_CALL; may be certified by later reconciliation,0.0,157.58547351500002,0.0,171.944884327997,82,False,1,broad-rank-v1:b-1626eacdfbd9be1ffafd,,,19,18,Enclosing batch sums; includes preparation and verification. Not exact discovery CPU.
ORIGINATING_CALL; may be certified by later reconciliation,0.0,238.813608906,0.0,264.9036094250041,1,False,1,broad-rank-v1:b-af0cddb48290834e437d,,,18,17,Enclosing batch sums; includes preparation and verification. Not exact discovery CPU.
ORIGINATING_CALL; may be certified by later reconciliation,0.0,238.813608906,0.0,264.9036094250041,8,False,1,broad-rank-v1:b-af0cddb48290834e437d,,,19,18,Enclosing batch sums; includes preparation and verification. Not exact discovery CPU.
ORIGINATING_CALL; may be certified by later reconciliation,0.0,238.813608906,0.0,264.9036094250041,9,False,1,broad-rank-v1:b-af0cddb48290834e437d,,,20,19,Enclosing batch sums; includes preparation and verification. Not exact discovery CPU.
ORIGINATING_CALL; may be certified by later reconciliation,0.0,238.813608906,0.0,264.9036094250041,12,False,1,broad-rank-v1:b-af0cddb48290834e437d,,,21,20,Enclosing batch sums; includes preparation and verification. Not exact discovery CPU.
ORIGINATING_CALL; may be certified by later reconciliation,0.0,238.813608906,0.0,264.9036094250041,91,False,1,broad-rank-v1:b-af0cddb48290834e437d,,,22,21,Enclosing batch sums; includes preparation and verification. Not exact discovery CPU.
ORIGINATING_CALL; may be certified by later reconciliation,0.0,140.032732863,0.0,150.9888640579884,1,False,1,broad-rank-v1:b-e2304ef209e094a111b7,,,18,17,Enclosing batch sums; includes preparation and verification. Not exact discovery CPU.
ORIGINATING_CALL; may be certified by later reconciliation,0.0,136.822174354,0.0,151.16876932099694,41,False,1,broad-rank-v1:b-444c6bcaabc723b104a9,,,18,17,Enclosing batch sums; includes preparation and verification. Not exact discovery CPU.
ORIGINATING_CALL; may be certified by later reconciliation,0.0,331.42854711,0.0,354.61121698701754,3,False,1,broad-rank-v1:b-7c47b0d89d71478bfbb9,,,18,17,Enclosing batch sums; includes preparation and verification. Not exact discovery CPU.
ORIGINATING_CALL; may be certified by later reconciliation,0.0,331.42854711,0.0,354.61121698701754,8,False,1,broad-rank-v1:b-7c47b0d89d71478bfbb9,,,19,18,Enclosing batch sums; includes preparation and verification. Not exact discovery CPU.
ORIGINATING_CALL; may be certified by later reconciliation,0.0,331.42854711,0.0,354.61121698701754,15,False,1,broad-rank-v1:b-7c47b0d89d71478bfbb9,,,20,19,Enclosing batch sums; includes preparation and verification. Not exact discovery CPU.
ORIGINATING_CALL; may be certified by later reconciliation,0.0,331.42854711,0.0,354.61121698701754,25,False,1,broad-rank-v1:b-7c47b0d89d71478bfbb9,,,21,20,Enclosing batch sums; includes preparation and verification. Not exact discovery CPU.
ORIGINATING_CALL; may be certified by later reconciliation,0.0,331.42854711,0.0,354.61121698701754,26,False,1,broad-rank-v1:b-7c47b0d89d71478bfbb9,,,22,21,Enclosing batch sums; includes preparation and verification. Not exact discovery CPU.
ORIGINATING_CALL; may be certified by later reconciliation,0.0,331.42854711,0.0,354.61121698701754,33,False,1,broad-rank-v1:b-7c47b0d89d71478bfbb9,,,23,22,Enclosing batch sums; includes preparation and verification. Not exact discovery CPU.
ORIGINATING_CALL; may be certified by later reconciliation,0.0,199.982211195,0.0,222.06842248199973,9,False,1,broad-rank-v1:b-5f4c90015ae590cd2b11,,,18,17,Enclosing batch sums; includes preparation and verification. Not exact discovery CPU.
ORIGINATING_CALL; may be certified by later reconciliation,0.0,199.982211195,0.0,222.06842248199973,14,False,1,broad-rank-v1:b-5f4c90015ae590cd2b11,,,19,18,Enclosing batch sums; includes preparation and verification. Not exact discovery CPU.
ORIGINATING_CALL; may be certified by later reconciliation,0.0,199.982211195,0.0,222.06842248199973,43,False,1,broad-rank-v1:b-5f4c90015ae590cd2b11,,,20,19,Enclosing batch sums; includes preparation and verification. Not exact discovery CPU.
ORIGINATING_CALL; may be certified by later reconciliation,0.0,199.982211195,0.0,222.06842248199973,66,False,1,broad-rank-v1:b-5f4c90015ae590cd2b11,,,21,20,Enclosing batch sums; includes preparation and verification. Not exact discovery CPU.
ORIGINATING_CALL; may be certified by later reconciliation,0.0,155.896284842,0.0,169.54277123798965,3,False,1,broad-rank-v1:b-803a476a4f9751b696a9,,,18,17,Enclosing batch sums; includes preparation and verification. Not exact discovery CPU.
ORIGINATING_CALL; may be certified by later reconciliation,0.0,155.896284842,0.0,169.54277123798965,14,False,1,broad-rank-v1:b-803a476a4f9751b696a9,,,19,18,Enclosing batch sums; includes preparation and verification. Not exact discovery CPU.
ORIGINATING_CALL; may be certified by later reconciliation,0.0,120.56075349099999,0.0,130.79171944598784,10,False,1,broad-rank-v1:b-75f67fd321c660943b54,,,18,17,Enclosing batch sums; includes preparation and verification. Not exact discovery CPU.
ORIGINATING_CALL; may be certified by later reconciliation,0.0,151.67877770100003,0.0,164.51016314700246,9,False,1,broad-rank-v1:b-32a953de8e58ea499349,,,18,17,Enclosing batch sums; includes preparation and verification. Not exact discovery CPU.
ORIGINATING_CALL; may be certified by later reconciliation,0.0,151.67877770100003,0.0,164.51016314700246,42,False,1,broad-rank-v1:b-32a953de8e58ea499349,,,19,18,Enclosing batch sums; includes preparation and verification. Not exact discovery CPU.
ORIGINATING_CALL; may be certified by later reconciliation,0.0,180.724457979,0.0,199.88917760000913,11,False,1,broad-rank-v1:b-c85159116b5be176018d,,,18,17,Enclosing batch sums; includes preparation and verification. Not exact discovery CPU.
ORIGINATING_CALL; may be certified by later reconciliation,0.0,180.724457979,0.0,199.88917760000913,30,False,1,broad-rank-v1:b-c85159116b5be176018d,,,19,18,Enclosing batch sums; includes preparation and verification. Not exact discovery CPU.
ORIGINATING_CALL; may be certified by later reconciliation,0.0,180.724457979,0.0,199.88917760000913,103,False,1,broad-rank-v1:b-c85159116b5be176018d,,,20,19,Enclosing batch sums; includes preparation and verification. Not exact discovery CPU.
ORIGINATING_CALL; may be certified by later reconciliation,0.0,204.57597272499999,0.0,220.13222621299792,49,False,1,broad-rank-v1:b-5beacded6bba1194da54,,,18,17,Enclosing batch sums; includes preparation and verification. Not exact discovery CPU.
ORIGINATING_CALL; may be certified by later reconciliation,0.0,204.57597272499999,0.0,220.13222621299792,87,False,1,broad-rank-v1:b-5beacded6bba1194da54,,,19,18,Enclosing batch sums; includes preparation and verification. Not exact discovery CPU.
ORIGINATING_CALL; may be certified by later reconciliation,0.0,148.000219633,0.0,157.19730145900394,11,False,1,broad-rank-v1:b-4307631505e71370fcd2,,,18,17,Enclosing batch sums; includes preparation and verification. Not exact discovery CPU.
ORIGINATING_CALL; may be certified by later reconciliation,0.0,165.26613604399998,0.0,179.91091785600292,5,False,1,broad-rank-v1:b-e72903a4578a469a5e2c,,,18,17,Enclosing batch sums; includes preparation and verification. Not exact discovery CPU.
ORIGINATING_CALL; may be certified by later reconciliation,0.0,165.26613604399998,0.0,179.91091785600292,8,False,2,broad-rank-v1:b-e72903a4578a469a5e2c,,,20,18,Enclosing batch sums; includes preparation and verification. Not exact discovery CPU.
ORIGINATING_CALL; may be certified by later reconciliation,0.0,185.305451019,0.0,198.08591884101043,79,False,1,broad-rank-v1:b-e2ef5c13a21252692b8a,,,18,17,Enclosing batch sums; includes preparation and verification. Not exact discovery CPU.
ORIGINATING_CALL; may be certified by later reconciliation,0.0,138.830166029,0.0,148.95933909798623,1,False,1,broad-rank-v1:b-29ed092d9f97f785997f,,,18,17,Enclosing batch sums; includes preparation and verification. Not exact discovery CPU.
ORIGINATING_CALL; may be certified by later reconciliation,0.0,144.137418108,0.0,158.85807934799232,5,False,1,broad-rank-v1:b-b67570a9540c1d9a2f89,,,18,17,Enclosing batch sums; includes preparation and verification. Not exact discovery CPU.
ORIGINATING_CALL; may be certified by later reconciliation,0.0,144.137418108,0.0,158.85807934799232,64,False,1,broad-rank-v1:b-b67570a9540c1d9a2f89,,,19,18,Enclosing batch sums; includes preparation and verification. Not exact discovery CPU.
ORIGINATING_CALL; may be certified by later reconciliation,0.0,134.79481517300002,0.0,147.83875407101004,7,False,1,broad-rank-v1:b-7a8080380413753c33e1,,,18,17,Enclosing batch sums; includes preparation and verification. Not exact discovery CPU.
ORIGINATING_CALL; may be certified by later reconciliation,0.0,193.27215275499998,0.0,203.54824860100052,65,False,1,broad-rank-v1:b-5e0b0e85a117dc7aad89,,,18,17,Enclosing batch sums; includes preparation and verification. Not exact discovery CPU.
ORIGINATING_CALL; may be certified by later reconciliation,0.0,180.37102935800002,0.0,196.55871544301044,22,False,1,broad-rank-v1:b-8c09d007c90d54ad169d,,,18,17,Enclosing batch sums; includes preparation and verification. Not exact discovery CPU.
ORIGINATING_CALL; may be certified by later reconciliation,0.0,180.37102935800002,0.0,196.55871544301044,67,False,1,broad-rank-v1:b-8c09d007c90d54ad169d,,,19,18,Enclosing batch sums; includes preparation and verification. Not exact discovery CPU.
ORIGINATING_CALL; may be certified by later reconciliation,0.0,161.77204092600002,0.0,174.58159504202195,51,False,1,broad-rank-v1:b-3231cbc612ddd76a47b7,,,18,17,Enclosing batch sums; includes preparation and verification. Not exact discovery CPU.
ORIGINATING_CALL; may be certified by later reconciliation,0.0,155.27181672600003,0.0,173.93218597900704,1,False,1,broad-rank-v1:b-2cb65c1433579334609f,,,18,17,Enclosing batch sums; includes preparation and verification. Not exact discovery CPU.
ORIGINATING_CALL; may be certified by later reconciliation,0.0,155.27181672600003,0.0,173.93218597900704,22,False,1,broad-rank-v1:b-2cb65c1433579334609f,,,19,18,Enclosing batch sums; includes preparation and verification. Not exact discovery CPU.
ORIGINATING_CALL; may be certified by later reconciliation,0.0,155.27181672600003,0.0,173.93218597900704,67,False,1,broad-rank-v1:b-2cb65c1433579334609f,,,20,19,Enclosing batch sums; includes preparation and verification. Not exact discovery CPU.
ORIGINATING_CALL; may be certified by later reconciliation,0.0,267.400316578,0.0,287.2345410089765,1,False,1,broad-rank-v1:b-dfe33743c1c2664f4961,,,18,17,Enclosing batch sums; includes preparation and verification. Not exact discovery CPU.
ORIGINATING_CALL; may be certified by later reconciliation,0.0,267.400316578,0.0,287.2345410089765,6,False,2,broad-rank-v1:b-dfe33743c1c2664f4961,,,20,18,Enclosing batch sums; includes preparation and verification. Not exact discovery CPU.
ORIGINATING_CALL; may be certified by later reconciliation,0.0,267.400316578,0.0,287.2345410089765,13,False,1,broad-rank-v1:b-dfe33743c1c2664f4961,,,21,20,Enclosing batch sums; includes preparation and verification. Not exact discovery CPU.
ORIGINATING_CALL; may be certified by later reconciliation,0.0,267.400316578,0.0,287.2345410089765,46,False,1,broad-rank-v1:b-dfe33743c1c2664f4961,,,22,21,Enclosing batch sums; includes preparation and verification. Not exact discovery CPU.
ORIGINATING_CALL; may be certified by later reconciliation,0.0,148.52246526099998,0.0,162.55545619298937,1,False,1,broad-rank-v1:b-d8e564256fbd7d7a006a,,,18,17,Enclosing batch sums; includes preparation and verification. Not exact discovery CPU.
ORIGINATING_CALL; may be certified by later reconciliation,0.0,148.52246526099998,0.0,162.55545619298937,30,False,1,broad-rank-v1:b-d8e564256fbd7d7a006a,,,19,18,Enclosing batch sums; includes preparation and verification. Not exact discovery CPU.
ORIGINATING_CALL; may be certified by later reconciliation,0.0,193.071471485,0.0,214.84235295499093,7,False,1,broad-rank-v1:b-a2a4f707f8abc9d2bc38,,,18,17,Enclosing batch sums; includes preparation and verification. Not exact discovery CPU.
ORIGINATING_CALL; may be certified by later reconciliation,0.0,193.071471485,0.0,214.84235295499093,22,False,1,broad-rank-v1:b-a2a4f707f8abc9d2bc38,,,19,18,Enclosing batch sums; includes preparation and verification. Not exact discovery CPU.
ORIGINATING_CALL; may be certified by later reconciliation,0.0,193.071471485,0.0,214.84235295499093,39,False,1,broad-rank-v1:b-a2a4f707f8abc9d2bc38,,,20,19,Enclosing batch sums; includes preparation and verification. Not exact discovery CPU.
ORIGINATING_CALL; may be certified by later reconciliation,0.0,193.071471485,0.0,214.84235295499093,58,False,1,broad-rank-v1:b-a2a4f707f8abc9d2bc38,,,21,20,Enclosing batch sums; includes preparation and verification. Not exact discovery CPU.
ORIGINATING_CALL; may be certified by later reconciliation,0.0,178.724541942,0.0,189.97932718598167,57,False,1,broad-rank-v1:b-48985e6aaf39b7a40820,,,18,17,Enclosing batch sums; includes preparation and verification. Not exact discovery CPU.
ORIGINATING_CALL; may be certified by later reconciliation,0.0,133.79658268199998,0.0,144.22721728199394,5,False,1,broad-rank-v1:b-765cf9685c949c862580,,,18,17,Enclosing batch sums; includes preparation and verification. Not exact discovery CPU.
ORIGINATING_CALL; may be certified by later reconciliation,0.0,152.55065239700002,0.0,163.2047298460093,17,False,1,broad-rank-v1:b-a5aa590bb15936b6b8c6,,,18,17,Enclosing batch sums; includes preparation and verification. Not exact discovery CPU.
ORIGINATING_CALL; may be certified by later reconciliation,152.55065239700002,290.732567039,163.2047298460093,313.5572275200102,140,False,1,broad-rank-v1:b-a5aa590bb15936b6b8c6,,,19,18,Enclosing batch sums; includes preparation and verification. Not exact discovery CPU.
ORIGINATING_CALL; may be certified by later reconciliation,152.55065239700002,290.732567039,163.2047298460093,313.5572275200102,203,False,1,broad-rank-v1:b-a5aa590bb15936b6b8c6,,,20,19,Enclosing batch sums; includes preparation and verification. Not exact discovery CPU.
ORIGINATING_CALL; may be certified by later reconciliation,0.0,336.728020435,0.0,353.6930672599992,1,False,2,broad-rank-v1:b-08fae58c0accfd75962b,,,19,17,Enclosing batch sums; includes preparation and verification. Not exact discovery CPU.
ORIGINATING_CALL; may be certified by later reconciliation,0.0,336.728020435,0.0,353.6930672599992,2,False,2,broad-rank-v1:b-08fae58c0accfd75962b,,,21,19,Enclosing batch sums; includes preparation and verification. Not exact discovery CPU.
ORIGINATING_CALL; may be certified by later reconciliation,0.0,336.728020435,0.0,353.6930672599992,19,False,1,broad-rank-v1:b-08fae58c0accfd75962b,,,22,21,Enclosing batch sums; includes preparation and verification. Not exact discovery CPU.
ORIGINATING_CALL; may be certified by later reconciliation,0.0,336.728020435,0.0,353.6930672599992,34,False,1,broad-rank-v1:b-08fae58c0accfd75962b,,,23,22,Enclosing batch sums; includes preparation and verification. Not exact discovery CPU.
ORIGINATING_CALL; may be certified by later reconciliation,0.0,185.912539636,0.0,196.90114309597993,61,False,1,broad-rank-v1:b-0a4dccc58bf5e5b78017,,,18,17,Enclosing batch sums; includes preparation and verification. Not exact discovery CPU.
ORIGINATING_CALL; may be certified by later reconciliation,0.0,137.853650353,0.0,147.28548414999386,1,False,1,broad-rank-v1:b-d1658ad4e77aa03274c7,,,18,17,Enclosing batch sums; includes preparation and verification. Not exact discovery CPU.
ORIGINATING_CALL; may be certified by later reconciliation,137.853650353,263.121481938,147.28548414999386,280.86929096799577,158,False,1,broad-rank-v1:b-d1658ad4e77aa03274c7,,,19,18,Enclosing batch sums; includes preparation and verification. Not exact discovery CPU.
ORIGINATING_CALL; may be certified by later reconciliation,0.0,198.40664178600002,0.0,218.902654762991,1,False,1,broad-rank-v1:b-9f633bc198eb77a43ac1,,,18,17,Enclosing batch sums; includes preparation and verification. Not exact discovery CPU.
ORIGINATING_CALL; may be certified by later reconciliation,0.0,198.40664178600002,0.0,218.902654762991,2,False,1,broad-rank-v1:b-9f633bc198eb77a43ac1,,,19,18,Enclosing batch sums; includes preparation and verification. Not exact discovery CPU.
ORIGINATING_CALL; may be certified by later reconciliation,0.0,198.40664178600002,0.0,218.902654762991,5,False,1,broad-rank-v1:b-9f633bc198eb77a43ac1,,,20,19,Enclosing batch sums; includes preparation and verification. Not exact discovery CPU.
ORIGINATING_CALL; may be certified by later reconciliation,0.0,198.40664178600002,0.0,218.902654762991,8,False,1,broad-rank-v1:b-9f633bc198eb77a43ac1,,,21,20,Enclosing batch sums; includes preparation and verification. Not exact discovery CPU.
ORIGINATING_CALL; may be certified by later reconciliation,0.0,244.676891444,0.0,272.7346107949852,11,False,1,broad-rank-v1:b-cefd4f26d353790b12df,,,18,17,Enclosing batch sums; includes preparation and verification. Not exact discovery CPU.
ORIGINATING_CALL; may be certified by later reconciliation,0.0,244.676891444,0.0,272.7346107949852,12,False,1,broad-rank-v1:b-cefd4f26d353790b12df,,,19,18,Enclosing batch sums; includes preparation and verification. Not exact discovery CPU.
ORIGINATING_CALL; may be certified by later reconciliation,0.0,244.676891444,0.0,272.7346107949852,17,False,1,broad-rank-v1:b-cefd4f26d353790b12df,,,20,19,Enclosing batch sums; includes preparation and verification. Not exact discovery CPU.
ORIGINATING_CALL; may be certified by later reconciliation,0.0,244.676891444,0.0,272.7346107949852,58,False,1,broad-rank-v1:b-cefd4f26d353790b12df,,,21,20,Enclosing batch sums; includes preparation and verification. Not exact discovery CPU.
ORIGINATING_CALL; may be certified by later reconciliation,0.0,244.676891444,0.0,272.7346107949852,73,False,1,broad-rank-v1:b-cefd4f26d353790b12df,,,22,21,Enclosing batch sums; includes preparation and verification. Not exact discovery CPU.
ORIGINATING_CALL; may be certified by later reconciliation,0.0,150.37445753799997,0.0,164.56905159598682,5,False,1,broad-rank-v1:b-3c0d11be1f56a1cbee98,,,18,17,Enclosing batch sums; includes preparation and verification. Not exact discovery CPU.
ORIGINATING_CALL; may be certified by later reconciliation,0.0,150.37445753799997,0.0,164.56905159598682,26,False,1,broad-rank-v1:b-3c0d11be1f56a1cbee98,,,19,18,Enclosing batch sums; includes preparation and verification. Not exact discovery CPU.
ORIGINATING_CALL; may be certified by later reconciliation,0.0,193.14271800500003,0.0,209.69524176299456,47,False,1,broad-rank-v1:b-4eb2d0ef83eb75a52a89,,,18,17,Enclosing batch sums; includes preparation and verification. Not exact discovery CPU.
ORIGINATING_CALL; may be certified by later reconciliation,0.0,193.14271800500003,0.0,209.69524176299456,130,False,1,broad-rank-v1:b-4eb2d0ef83eb75a52a89,,,19,18,Enclosing batch sums; includes preparation and verification. Not exact discovery CPU.
ORIGINATING_CALL; may be certified by later reconciliation,298.81561263900005,416.63881205100006,320.13743625901407,445.3670239880157,346,False,1,broad-rank-v1:b-4eb2d0ef83eb75a52a89,,,20,19,Enclosing batch sums; includes preparation and verification. Not exact discovery CPU.
ORIGINATING_CALL; may be certified by later reconciliation,0.0,330.57278163099994,0.0,353.95556766499067,5,False,1,broad-rank-v1:b-f3e9a3dc98feabb7bab9,,,18,17,Enclosing batch sums; includes preparation and verification. Not exact discovery CPU.
ORIGINATING_CALL; may be certified by later reconciliation,0.0,330.57278163099994,0.0,353.95556766499067,10,False,1,broad-rank-v1:b-f3e9a3dc98feabb7bab9,,,19,18,Enclosing batch sums; includes preparation and verification. Not exact discovery CPU.
ORIGINATING_CALL; may be certified by later reconciliation,0.0,330.57278163099994,0.0,353.95556766499067,21,False,1,broad-rank-v1:b-f3e9a3dc98feabb7bab9,,,20,19,Enclosing batch sums; includes preparation and verification. Not exact discovery CPU.
ORIGINATING_CALL; may be certified by later reconciliation,0.0,330.57278163099994,0.0,353.95556766499067,30,False,1,broad-rank-v1:b-f3e9a3dc98feabb7bab9,,,21,20,Enclosing batch sums; includes preparation and verification. Not exact discovery CPU.
ORIGINATING_CALL; may be certified by later reconciliation,0.0,330.57278163099994,0.0,353.95556766499067,47,False,1,broad-rank-v1:b-f3e9a3dc98feabb7bab9,,,22,21,Enclosing batch sums; includes preparation and verification. Not exact discovery CPU.
ORIGINATING_CALL; may be certified by later reconciliation,0.0,330.57278163099994,0.0,353.95556766499067,102,False,1,broad-rank-v1:b-f3e9a3dc98feabb7bab9,,,23,22,Enclosing batch sums; includes preparation and verification. Not exact discovery CPU.
ORIGINATING_CALL; may be certified by later reconciliation,0.0,180.75659332799998,0.0,190.31142292101867,43,False,1,broad-rank-v1:b-ba9bcc1aa5e2a3230ef4,,,18,17,Enclosing batch sums; includes preparation and verification. Not exact discovery CPU.
ORIGINATING_CALL; may be certified by later reconciliation,0.0,264.61496582800004,0.0,286.09611993600265,7,False,1,broad-rank-v1:b-9b261fe2598148ccc4da,,,18,17,Enclosing batch sums; includes preparation and verification. Not exact discovery CPU.
ORIGINATING_CALL; may be certified by later reconciliation,0.0,264.61496582800004,0.0,286.09611993600265,8,False,1,broad-rank-v1:b-9b261fe2598148ccc4da,,,19,18,Enclosing batch sums; includes preparation and verification. Not exact discovery CPU.
ORIGINATING_CALL; may be certified by later reconciliation,0.0,264.61496582800004,0.0,286.09611993600265,15,False,1,broad-rank-v1:b-9b261fe2598148ccc4da,,,20,19,Enclosing batch sums; includes preparation and verification. Not exact discovery CPU.
ORIGINATING_CALL; may be certified by later reconciliation,0.0,264.61496582800004,0.0,286.09611993600265,44,False,1,broad-rank-v1:b-9b261fe2598148ccc4da,,,21,20,Enclosing batch sums; includes preparation and verification. Not exact discovery CPU.
ORIGINATING_CALL; may be certified by later reconciliation,0.0,264.61496582800004,0.0,286.09611993600265,80,False,1,broad-rank-v1:b-9b261fe2598148ccc4da,,,22,21,Enclosing batch sums; includes preparation and verification. Not exact discovery CPU.
ORIGINATING_CALL; may be certified by later reconciliation,264.61496582800004,517.070261114,286.09611993600265,540.1341276020103,154,False,1,broad-rank-v1:b-9b261fe2598148ccc4da,,,23,22,Enclosing batch sums; includes preparation and verification. Not exact discovery CPU.
ORIGINATING_CALL; may be certified by later reconciliation,0.0,153.277268305,0.0,164.67859019798925,17,False,1,broad-rank-v1:b-b7929334f6f6ccffb3cf,,,18,17,Enclosing batch sums; includes preparation and verification. Not exact discovery CPU.
ORIGINATING_CALL; may be certified by later reconciliation,0.0,132.908385079,0.0,142.05281852200278,1,False,1,broad-rank-v1:b-0237cdbd5ba971c664ea,,,18,17,Enclosing batch sums; includes preparation and verification. Not exact discovery CPU.
ORIGINATING_CALL; may be certified by later reconciliation,0.0,134.50091985400002,0.0,145.98130779902567,3,False,2,broad-rank-v1:b-d3984be992b2e3c2653a,,,19,17,Enclosing batch sums; includes preparation and verification. Not exact discovery CPU.
ORIGINATING_CALL; may be certified by later reconciliation,0.0,159.0720693,0.0,173.9057023100031,1,False,1,broad-rank-v1:b-0e6d402930fb5d09c97e,,,18,17,Enclosing batch sums; includes preparation and verification. Not exact discovery CPU.
ORIGINATING_CALL; may be certified by later reconciliation,0.0,159.0720693,0.0,173.9057023100031,8,False,1,broad-rank-v1:b-0e6d402930fb5d09c97e,,,19,18,Enclosing batch sums; includes preparation and verification. Not exact discovery CPU.
ORIGINATING_CALL; may be certified by later reconciliation,0.0,180.84711545300001,0.0,197.1700091189996,1,False,1,broad-rank-v1:b-0cdb1f5c6930db1d4859,,,18,17,Enclosing batch sums; includes preparation and verification. Not exact discovery CPU.
ORIGINATING_CALL; may be certified by later reconciliation,0.0,180.84711545300001,0.0,197.1700091189996,4,False,1,broad-rank-v1:b-0cdb1f5c6930db1d4859,,,19,18,Enclosing batch sums; includes preparation and verification. Not exact discovery CPU.
ORIGINATING_CALL; may be certified by later reconciliation,0.0,180.84711545300001,0.0,197.1700091189996,61,False,1,broad-rank-v1:b-0cdb1f5c6930db1d4859,,,20,19,Enclosing batch sums; includes preparation and verification. Not exact discovery CPU.
ORIGINATING_CALL; may be certified by later reconciliation,0.0,183.655198606,0.0,196.60268380201887,65,False,1,broad-rank-v1:b-c937db3a2b2623fd9eaf,,,18,17,Enclosing batch sums; includes preparation and verification. Not exact discovery CPU.
ORIGINATING_CALL; may be certified by later reconciliation,183.655198606,313.865855486,196.60268380201887,340.5747268560226,232,False,1,broad-rank-v1:b-c937db3a2b2623fd9eaf,,,19,18,Enclosing batch sums; includes preparation and verification. Not exact discovery CPU.
ORIGINATING_CALL; may be certified by later reconciliation,183.655198606,313.865855486,196.60268380201887,340.5747268560226,255,False,1,broad-rank-v1:b-c937db3a2b2623fd9eaf,,,20,19,Enclosing batch sums; includes preparation and verification. Not exact discovery CPU.
ORIGINATING_CALL; may be certified by later reconciliation,0.0,169.70216043099998,0.0,187.33509171000333,5,False,1,broad-rank-v1:b-a914e3b27fa0eefe18e4,,,18,17,Enclosing batch sums; includes preparation and verification. Not exact discovery CPU.
ORIGINATING_CALL; may be certified by later reconciliation,0.0,169.70216043099998,0.0,187.33509171000333,6,False,1,broad-rank-v1:b-a914e3b27fa0eefe18e4,,,19,18,Enclosing batch sums; includes preparation and verification. Not exact discovery CPU.
ORIGINATING_CALL; may be certified by later reconciliation,0.0,169.70216043099998,0.0,187.33509171000333,41,False,1,broad-rank-v1:b-a914e3b27fa0eefe18e4,,,20,19,Enclosing batch sums; includes preparation and verification. Not exact discovery CPU.
ORIGINATING_CALL; may be certified by later reconciliation,0.0,158.820636585,0.0,172.31528586000786,9,False,1,broad-rank-v1:b-4b722e12a80cbf9424d1,,,18,17,Enclosing batch sums; includes preparation and verification. Not exact discovery CPU.
ORIGINATING_CALL; may be certified by later reconciliation,0.0,158.820636585,0.0,172.31528586000786,10,False,1,broad-rank-v1:b-4b722e12a80cbf9424d1,,,19,18,Enclosing batch sums; includes preparation and verification. Not exact discovery CPU.
ORIGINATING_CALL; may be certified by later reconciliation,0.0,121.524106549,0.0,131.9390426580212,7,False,1,broad-rank-v1:b-90e5dd8b113e66b75fa4,,,18,17,Enclosing batch sums; includes preparation and verification. Not exact discovery CPU.
ORIGINATING_CALL; may be certified by later reconciliation,0.0,199.945671987,0.0,219.44165359201725,31,False,1,broad-rank-v1:b-fad864201009c3186e8a,,,18,17,Enclosing batch sums; includes preparation and verification. Not exact discovery CPU.
ORIGINATING_CALL; may be certified by later reconciliation,0.0,199.945671987,0.0,219.44165359201725,104,False,1,broad-rank-v1:b-fad864201009c3186e8a,,,19,18,Enclosing batch sums; includes preparation and verification. Not exact discovery CPU.
ORIGINATING_CALL; may be certified by later reconciliation,0.0,199.945671987,0.0,219.44165359201725,109,False,1,broad-rank-v1:b-fad864201009c3186e8a,,,20,19,Enclosing batch sums; includes preparation and verification. Not exact discovery CPU.
ORIGINATING_CALL; may be certified by later reconciliation,199.945671987,387.630343932,219.44165359201725,417.53238486501505,150,False,1,broad-rank-v1:b-fad864201009c3186e8a,,,21,20,Enclosing batch sums; includes preparation and verification. Not exact discovery CPU.
ORIGINATING_CALL; may be certified by later reconciliation,199.945671987,387.630343932,219.44165359201725,417.53238486501505,205,False,1,broad-rank-v1:b-fad864201009c3186e8a,,,22,21,Enclosing batch sums; includes preparation and verification. Not exact discovery CPU.
ORIGINATING_CALL; may be certified by later reconciliation,0.0,204.181637738,0.0,224.41871454400825,49,False,1,broad-rank-v1:b-03611193d24ef621f48e,,,18,17,Enclosing batch sums; includes preparation and verification. Not exact discovery CPU.
ORIGINATING_CALL; may be certified by later reconciliation,0.0,204.181637738,0.0,224.41871454400825,80,False,1,broad-rank-v1:b-03611193d24ef621f48e,,,19,18,Enclosing batch sums; includes preparation and verification. Not exact discovery CPU.
ORIGINATING_CALL; may be certified by later reconciliation,0.0,187.704569217,0.0,200.48151590602356,47,False,1,broad-rank-v1:b-a134b1089cf1d8e8e246,,,18,17,Enclosing batch sums; includes preparation and verification. Not exact discovery CPU.
ORIGINATING_CALL; may be certified by later reconciliation,187.704569217,314.808410346,200.48151590602356,336.2416613600217,196,False,1,broad-rank-v1:b-a134b1089cf1d8e8e246,,,19,18,Enclosing batch sums; includes preparation and verification. Not exact discovery CPU.
ORIGINATING_CALL; may be certified by later reconciliation,314.808410346,456.520557344,336.2416613600217,484.4953752090223,332,False,1,broad-rank-v1:b-a134b1089cf1d8e8e246,,,20,19,Enclosing batch sums; includes preparation and verification. Not exact discovery CPU.
ORIGINATING_CALL; may be certified by later reconciliation,0.0,200.07545338500003,0.0,219.22260837300564,3,False,1,broad-rank-v1:b-80eed22ad2e0a79e8271,,,18,17,Enclosing batch sums; includes preparation and verification. Not exact discovery CPU.
ORIGINATING_CALL; may be certified by later reconciliation,0.0,200.07545338500003,0.0,219.22260837300564,4,False,1,broad-rank-v1:b-80eed22ad2e0a79e8271,,,19,18,Enclosing batch sums; includes preparation and verification. Not exact discovery CPU.
ORIGINATING_CALL; may be certified by later reconciliation,0.0,200.07545338500003,0.0,219.22260837300564,7,False,1,broad-rank-v1:b-80eed22ad2e0a79e8271,,,20,19,Enclosing batch sums; includes preparation and verification. Not exact discovery CPU.
ORIGINATING_CALL; may be certified by later reconciliation,0.0,200.07545338500003,0.0,219.22260837300564,8,False,1,broad-rank-v1:b-80eed22ad2e0a79e8271,,,21,20,Enclosing batch sums; includes preparation and verification. Not exact discovery CPU.
ORIGINATING_CALL; may be certified by later reconciliation,200.07545338500003,375.65359262000004,219.22260837300564,400.34690889000194,150,False,1,broad-rank-v1:b-80eed22ad2e0a79e8271,,,22,21,Enclosing batch sums; includes preparation and verification. Not exact discovery CPU.
ORIGINATING_CALL; may be certified by later reconciliation,0.0,154.662949495,0.0,167.47565417501028,7,False,1,broad-rank-v1:b-6c9a706fa0b3e0811a8d,,,18,17,Enclosing batch sums; includes preparation and verification. Not exact discovery CPU.
ORIGINATING_CALL; may be certified by later reconciliation,0.0,154.662949495,0.0,167.47565417501028,60,False,1,broad-rank-v1:b-6c9a706fa0b3e0811a8d,,,19,18,Enclosing batch sums; includes preparation and verification. Not exact discovery CPU.
ORIGINATING_CALL; may be certified by later reconciliation,154.662949495,269.81999105299997,167.47565417501028,291.5387250210333,182,False,1,broad-rank-v1:b-6c9a706fa0b3e0811a8d,,,20,19,Enclosing batch sums; includes preparation and verification. Not exact discovery CPU.
ORIGINATING_CALL; may be certified by later reconciliation,0.0,149.693267227,0.0,158.6902242449869,13,False,1,broad-rank-v1:b-76a9e7c828c966aa5bfd,,,18,17,Enclosing batch sums; includes preparation and verification. Not exact discovery CPU.
ORIGINATING_CALL; may be certified by later reconciliation,0.0,157.465957336,0.0,171.49461937899468,3,False,1,broad-rank-v1:b-9772e4fd2bb2ba585d97,,,18,17,Enclosing batch sums; includes preparation and verification. Not exact discovery CPU.
ORIGINATING_CALL; may be certified by later reconciliation,0.0,157.465957336,0.0,171.49461937899468,8,False,1,broad-rank-v1:b-9772e4fd2bb2ba585d97,,,19,18,Enclosing batch sums; includes preparation and verification. Not exact discovery CPU.
ORIGINATING_CALL; may be certified by later reconciliation,157.465957336,295.04910576500004,171.49461937899468,318.3170528629853,119,False,1,broad-rank-v1:b-9772e4fd2bb2ba585d97,,,20,19,Enclosing batch sums; includes preparation and verification. Not exact discovery CPU.
ORIGINATING_CALL; may be certified by later reconciliation,0.0,162.556934269,0.0,173.1209115590027,19,False,1,broad-rank-v1:b-ad0279ecdcf76b3b4cb2,,,18,17,Enclosing batch sums; includes preparation and verification. Not exact discovery CPU.
ORIGINATING_CALL; may be certified by later reconciliation,0.0,192.69807439000002,0.0,208.36786294801277,19,False,1,broad-rank-v1:b-b1b19a996b492e5b3792,,,18,17,Enclosing batch sums; includes preparation and verification. Not exact discovery CPU.
ORIGINATING_CALL; may be certified by later reconciliation,0.0,192.69807439000002,0.0,208.36786294801277,40,False,1,broad-rank-v1:b-b1b19a996b492e5b3792,,,19,18,Enclosing batch sums; includes preparation and verification. Not exact discovery CPU.
ORIGINATING_CALL; may be certified by later reconciliation,0.0,192.69807439000002,0.0,208.36786294801277,49,False,1,broad-rank-v1:b-b1b19a996b492e5b3792,,,20,19,Enclosing batch sums; includes preparation and verification. Not exact discovery CPU.
ORIGINATING_CALL; may be certified by later reconciliation,0.0,197.48633809600003,0.0,206.43524510698626,1,False,5,broad-rank-v1:b-b06081ea41b73338e1d3,,,22,17,Enclosing batch sums; includes preparation and verification. Not exact discovery CPU.
ORIGINATING_CALL; may be certified by later reconciliation,0.0,183.08860727500002,0.0,195.89013310801238,65,False,1,broad-rank-v1:b-428f3ad4a13eb8c12ed8,,,18,17,Enclosing batch sums; includes preparation and verification. Not exact discovery CPU.
ORIGINATING_CALL; may be certified by later reconciliation,280.695315058,396.410436851,298.5237765519996,422.8751608490129,268,False,1,broad-rank-v1:b-428f3ad4a13eb8c12ed8,,,19,18,Enclosing batch sums; includes preparation and verification. Not exact discovery CPU.
ORIGINATING_CALL; may be certified by later reconciliation,0.0,171.166386002,0.0,187.44973874199786,11,False,1,broad-rank-v1:b-3f024c47e874d30cf00b,,,18,17,Enclosing batch sums; includes preparation and verification. Not exact discovery CPU.
ORIGINATING_CALL; may be certified by later reconciliation,0.0,171.166386002,0.0,187.44973874199786,74,False,1,broad-rank-v1:b-3f024c47e874d30cf00b,,,19,18,Enclosing batch sums; includes preparation and verification. Not exact discovery CPU.
ORIGINATING_CALL; may be certified by later reconciliation,0.0,186.128828049,0.0,196.89478812200832,55,False,1,broad-rank-v1:b-9219acad1f530be334ee,,,18,17,Enclosing batch sums; includes preparation and verification. Not exact discovery CPU.
ORIGINATING_CALL; may be certified by later reconciliation,0.0,174.69743088299998,0.0,192.32179532398004,43,False,1,broad-rank-v1:b-8c2d692272fa6fd7524e,,,18,17,Enclosing batch sums; includes preparation and verification. Not exact discovery CPU.
ORIGINATING_CALL; may be certified by later reconciliation,0.0,174.69743088299998,0.0,192.32179532398004,72,False,1,broad-rank-v1:b-8c2d692272fa6fd7524e,,,19,18,Enclosing batch sums; includes preparation and verification. Not exact discovery CPU.
ORIGINATING_CALL; may be certified by later reconciliation,0.0,174.744685531,0.0,191.90154754999094,7,False,1,broad-rank-v1:b-7aabefefd92777bbc4d6,,,18,17,Enclosing batch sums; includes preparation and verification. Not exact discovery CPU.
ORIGINATING_CALL; may be certified by later reconciliation,0.0,174.744685531,0.0,191.90154754999094,32,False,1,broad-rank-v1:b-7aabefefd92777bbc4d6,,,19,18,Enclosing batch sums; includes preparation and verification. Not exact discovery CPU.
ORIGINATING_CALL; may be certified by later reconciliation,0.0,174.744685531,0.0,191.90154754999094,41,False,1,broad-rank-v1:b-7aabefefd92777bbc4d6,,,20,19,Enclosing batch sums; includes preparation and verification. Not exact discovery CPU.
ORIGINATING_CALL; may be certified by later reconciliation,0.0,148.08686142500002,0.0,157.96415099300793,13,False,1,broad-rank-v1:b-60696cf154bc3f37b9fd,,,18,17,Enclosing batch sums; includes preparation and verification. Not exact discovery CPU.
ORIGINATING_CALL; may be certified by later reconciliation,0.0,131.542958343,0.0,140.0357256809948,1,False,1,broad-rank-v1:b-1409f76534fdb185bca0,,,18,17,Enclosing batch sums; includes preparation and verification. Not exact discovery CPU.
ORIGINATING_CALL; may be certified by later reconciliation,0.0,211.60364593200003,0.0,221.83667890398647,73,False,1,broad-rank-v1:b-d541a4a7db8ae9f74cd1,,,18,17,Enclosing batch sums; includes preparation and verification. Not exact discovery CPU.
ORIGINATING_CALL; may be certified by later reconciliation,0.0,172.52556600199998,0.0,189.61645630799467,5,False,1,broad-rank-v1:b-a8d0714a58a58e1e75be,,,18,17,Enclosing batch sums; includes preparation and verification. Not exact discovery CPU.
ORIGINATING_CALL; may be certified by later reconciliation,0.0,172.52556600199998,0.0,189.61645630799467,12,False,1,broad-rank-v1:b-a8d0714a58a58e1e75be,,,19,18,Enclosing batch sums; includes preparation and verification. Not exact discovery CPU.
ORIGINATING_CALL; may be certified by later reconciliation,0.0,172.52556600199998,0.0,189.61645630799467,43,False,1,broad-rank-v1:b-a8d0714a58a58e1e75be,,,20,19,Enclosing batch sums; includes preparation and verification. Not exact discovery CPU.
ORIGINATING_CALL; may be certified by later reconciliation,0.0,192.016937487,0.0,204.64118857201538,25,False,1,broad-rank-v1:b-83b73eba5d630445ef1c,,,18,17,Enclosing batch sums; includes preparation and verification. Not exact discovery CPU.
ORIGINATING_CALL; may be certified by later reconciliation,0.0,192.016937487,0.0,204.64118857201538,50,False,1,broad-rank-v1:b-83b73eba5d630445ef1c,,,19,18,Enclosing batch sums; includes preparation and verification. Not exact discovery CPU.
ORIGINATING_CALL; may be certified by later reconciliation,0.0,182.644934005,0.0,203.19595635999576,27,False,1,broad-rank-v1:b-7773a5123b3367b4d74e,,,18,17,Enclosing batch sums; includes preparation and verification. Not exact discovery CPU.
ORIGINATING_CALL; may be certified by later reconciliation,0.0,182.644934005,0.0,203.19595635999576,47,False,1,broad-rank-v1:b-7773a5123b3367b4d74e,,,19,18,Enclosing batch sums; includes preparation and verification. Not exact discovery CPU.
ORIGINATING_CALL; may be certified by later reconciliation,0.0,182.644934005,0.0,203.19595635999576,98,False,1,broad-rank-v1:b-7773a5123b3367b4d74e,,,20,19,Enclosing batch sums; includes preparation and verification. Not exact discovery CPU.
ORIGINATING_CALL; may be certified by later reconciliation,182.644934005,313.50866113,203.19595635999576,344.4475574019889,139,False,1,broad-rank-v1:b-7773a5123b3367b4d74e,,,21,20,Enclosing batch sums; includes preparation and verification. Not exact discovery CPU.
ORIGINATING_CALL; may be certified by later reconciliation,0.0,153.72563192899997,0.0,166.23231185600162,3,False,1,broad-rank-v1:b-3756357ee83331bd2394,,,18,17,Enclosing batch sums; includes preparation and verification. Not exact discovery CPU.
ORIGINATING_CALL; may be certified by later reconciliation,0.0,153.72563192899997,0.0,166.23231185600162,82,False,1,broad-rank-v1:b-3756357ee83331bd2394,,,19,18,Enclosing batch sums; includes preparation and verification. Not exact discovery CPU.
ORIGINATING_CALL; may be certified by later reconciliation,0.0,192.109182035,0.0,212.32776699401438,15,False,1,broad-rank-v1:b-bee39fa4c1cc503b809a,,,18,17,Enclosing batch sums; includes preparation and verification. Not exact discovery CPU.
ORIGINATING_CALL; may be certified by later reconciliation,0.0,192.109182035,0.0,212.32776699401438,46,False,1,broad-rank-v1:b-bee39fa4c1cc503b809a,,,19,18,Enclosing batch sums; includes preparation and verification. Not exact discovery CPU.
ORIGINATING_CALL; may be certified by later reconciliation,0.0,192.109182035,0.0,212.32776699401438,47,False,1,broad-rank-v1:b-bee39fa4c1cc503b809a,,,20,19,Enclosing batch sums; includes preparation and verification. Not exact discovery CPU.
ORIGINATING_CALL; may be certified by later reconciliation,192.109182035,337.34671950300003,212.32776699401438,365.07460084100603,156,False,1,broad-rank-v1:b-bee39fa4c1cc503b809a,,,21,20,Enclosing batch sums; includes preparation and verification. Not exact discovery CPU.
ORIGINATING_CALL; may be certified by later reconciliation,477.85873341300004,657.7793728080001,526.7663410870009,711.4485500670271,326,False,1,broad-rank-v1:b-bee39fa4c1cc503b809a,,,22,21,Enclosing batch sums; includes preparation and verification. Not exact discovery CPU.
ORIGINATING_CALL; may be certified by later reconciliation,0.0,146.268749139,0.0,160.76329743201495,3,False,1,broad-rank-v1:b-9696f47dec1a4e18d19f,,,18,17,Enclosing batch sums; includes preparation and verification. Not exact discovery CPU.
ORIGINATING_CALL; may be certified by later reconciliation,0.0,146.268749139,0.0,160.76329743201495,78,False,1,broad-rank-v1:b-9696f47dec1a4e18d19f,,,19,18,Enclosing batch sums; includes preparation and verification. Not exact discovery CPU.
ORIGINATING_CALL; may be certified by later reconciliation,146.268749139,259.216590263,160.76329743201495,284.0004275140236,154,False,1,broad-rank-v1:b-9696f47dec1a4e18d19f,,,20,19,Enclosing batch sums; includes preparation and verification. Not exact discovery CPU.
ORIGINATING_CALL; may be certified by later reconciliation,0.0,141.732164306,0.0,155.91737648600247,1,False,1,broad-rank-v1:b-109353353517e1d67481,,,18,17,Enclosing batch sums; includes preparation and verification. Not exact discovery CPU.
ORIGINATING_CALL; may be certified by later reconciliation,0.0,141.732164306,0.0,155.91737648600247,18,False,1,broad-rank-v1:b-109353353517e1d67481,,,19,18,Enclosing batch sums; includes preparation and verification. Not exact discovery CPU.
ORIGINATING_CALL; may be certified by later reconciliation,237.706923674,400.22116277500004,258.4672554420249,465.0164103420102,268,False,1,broad-rank-v1:b-109353353517e1d67481,,,20,19,Enclosing batch sums; includes preparation and verification. Not exact discovery CPU.
ORIGINATING_CALL; may be certified by later reconciliation,237.706923674,400.22116277500004,258.4672554420249,465.0164103420102,275,False,1,broad-rank-v1:b-109353353517e1d67481,,,21,20,Enclosing batch sums; includes preparation and verification. Not exact discovery CPU.
ORIGINATING_CALL; may be certified by later reconciliation,0.0,122.028694678,0.0,132.48607604700373,2,False,1,broad-rank-v1:b-a0ecc9ad3cc11b8ec668,,,18,17,Enclosing batch sums; includes preparation and verification. Not exact discovery CPU.
ORIGINATING_CALL; may be certified by later reconciliation,0.0,178.26787125299998,0.0,190.68383581200032,6,False,1,broad-rank-v1:b-39fe5cb47114b1d4a82f,,,18,17,Enclosing batch sums; includes preparation and verification. Not exact discovery CPU.
ORIGINATING_CALL; may be certified by later reconciliation,0.0,178.26787125299998,0.0,190.68383581200032,7,False,1,broad-rank-v1:b-39fe5cb47114b1d4a82f,,,19,18,Enclosing batch sums; includes preparation and verification. Not exact discovery CPU.
ORIGINATING_CALL; may be certified by later reconciliation,0.0,196.314697803,0.0,204.91739424600382,49,False,1,broad-rank-v1:b-323fedfdc330b4891152,,,18,17,Enclosing batch sums; includes preparation and verification. Not exact discovery CPU.
ORIGINATING_CALL; may be certified by later reconciliation,0.0,181.39241836000002,0.0,196.091109408997,59,False,1,broad-rank-v1:b-c0d43808ef432679c5c7,,,18,17,Enclosing batch sums; includes preparation and verification. Not exact discovery CPU.
ORIGINATING_CALL; may be certified by later reconciliation,181.39241836000002,296.378133153,196.091109408997,320.43382204597583,162,False,1,broad-rank-v1:b-c0d43808ef432679c5c7,,,19,18,Enclosing batch sums; includes preparation and verification. Not exact discovery CPU.
ORIGINATING_CALL; may be certified by later reconciliation,0.0,162.538758912,0.0,176.8878888830077,45,False,1,broad-rank-v1:b-71387e077d803034a2af,,,18,17,Enclosing batch sums; includes preparation and verification. Not exact discovery CPU.
ORIGINATING_CALL; may be certified by later reconciliation,0.0,215.881531432,0.0,227.30714266301948,93,False,1,broad-rank-v1:b-7770cd99b80ccbd14c4c,,,18,17,Enclosing batch sums; includes preparation and verification. Not exact discovery CPU.
ORIGINATING_CALL; may be certified by later reconciliation,0.0,160.756343821,0.0,170.61294486900442,14,False,1,broad-rank-v1:b-2d651d275cedfc6aab69,,,18,17,Enclosing batch sums; includes preparation and verification. Not exact discovery CPU.
ORIGINATING_CALL; may be certified by later reconciliation,0.0,164.681961438,0.0,173.63082759600366,19,False,1,broad-rank-v1:b-4e48c2aa0fc841c69576,,,18,17,Enclosing batch sums; includes preparation and verification. Not exact discovery CPU.
ORIGINATING_CALL; may be certified by later reconciliation,0.0,179.30950623400003,0.0,184.41592918001697,19,False,1,broad-rank-v1:b-db38ac722d99d41ce2d3,,,18,17,Enclosing batch sums; includes preparation and verification. Not exact discovery CPU.
ORIGINATING_CALL; may be certified by later reconciliation,0.0,175.133860097,0.0,183.00942747999215,1,False,1,broad-rank-v1:b-3af6688c9030bb6e8dba,,,18,17,Enclosing batch sums; includes preparation and verification. Not exact discovery CPU.
ORIGINATING_CALL; may be certified by later reconciliation,0.0,175.133860097,0.0,183.00942747999215,24,False,1,broad-rank-v1:b-3af6688c9030bb6e8dba,,,19,18,Enclosing batch sums; includes preparation and verification. Not exact discovery CPU.
ORIGINATING_CALL; may be certified by later reconciliation,0.0,179.097910306,0.0,183.74175128998468,23,False,1,broad-rank-v1:b-a54fb55f5f8db02d1651,,,18,17,Enclosing batch sums; includes preparation and verification. Not exact discovery CPU.
ORIGINATING_CALL; may be certified by later reconciliation,0.0,211.622159228,0.0,218.23667780298274,1,False,1,broad-rank-v1:b-2eb70c332cb425e9b78a,,,18,17,Enclosing batch sums; includes preparation and verification. Not exact discovery CPU.
ORIGINATING_CALL; may be certified by later reconciliation,0.0,211.622159228,0.0,218.23667780298274,8,False,2,broad-rank-v1:b-2eb70c332cb425e9b78a,,,20,18,Enclosing batch sums; includes preparation and verification. Not exact discovery CPU.
ORIGINATING_CALL; may be certified by later reconciliation,0.0,176.82777674899998,0.0,182.381371830008,19,False,1,broad-rank-v1:b-38c583b6fd08210d3bf1,,,18,17,Enclosing batch sums; includes preparation and verification. Not exact discovery CPU.
ORIGINATING_CALL; may be certified by later reconciliation,277.68433457699996,396.39786862299997,288.92707090699696,415.71535391997895,298,False,1,broad-rank-v1:b-38c583b6fd08210d3bf1,,,19,18,Enclosing batch sums; includes preparation and verification. Not exact discovery CPU.
ORIGINATING_CALL; may be certified by later reconciliation,0.0,185.527354908,0.0,198.32404690497788,1,False,1,broad-rank-v1:b-53aafbb88f4773cd2fd8,,,18,17,Enclosing batch sums; includes preparation and verification. Not exact discovery CPU.
ORIGINATING_CALL; may be certified by later reconciliation,0.0,185.527354908,0.0,198.32404690497788,60,False,1,broad-rank-v1:b-53aafbb88f4773cd2fd8,,,19,18,Enclosing batch sums; includes preparation and verification. Not exact discovery CPU.
ORIGINATING_CALL; may be certified by later reconciliation,0.0,185.527354908,0.0,198.32404690497788,61,False,1,broad-rank-v1:b-53aafbb88f4773cd2fd8,,,20,19,Enclosing batch sums; includes preparation and verification. Not exact discovery CPU.
ORIGINATING_CALL; may be certified by later reconciliation,0.0,143.61443368399998,0.0,151.296211887995,28,False,1,broad-rank-v1:b-20cd4839bb5d2949b4d2,,,18,17,Enclosing batch sums; includes preparation and verification. Not exact discovery CPU.
ORIGINATING_CALL; may be certified by later reconciliation,0.0,151.06086175,0.0,156.09897107299184,3,False,1,broad-rank-v1:b-5fa69a65cd4a153e781f,,,18,17,Enclosing batch sums; includes preparation and verification. Not exact discovery CPU.
ORIGINATING_CALL; may be certified by later reconciliation,0.0,153.459753071,0.0,160.86187221700675,31,False,1,broad-rank-v1:b-5142284f04d15e97f0b4,,,18,17,Enclosing batch sums; includes preparation and verification. Not exact discovery CPU.
ORIGINATING_CALL; may be certified by later reconciliation,235.21579725599997,337.454852211,249.3051153740089,361.6561845340184,268,False,1,broad-rank-v1:b-5142284f04d15e97f0b4,,,19,18,Enclosing batch sums; includes preparation and verification. Not exact discovery CPU.
ORIGINATING_CALL; may be certified by later reconciliation,0.0,177.18972683500002,0.0,185.78347725700587,47,False,1,broad-rank-v1:b-2bc4169aa24338d7a6f4,,,18,17,Enclosing batch sums; includes preparation and verification. Not exact discovery CPU.
ORIGINATING_CALL; may be certified by later reconciliation,0.0,169.017264795,0.0,181.46709261799697,5,False,1,broad-rank-v1:b-89f6977174026a89312b,,,18,17,Enclosing batch sums; includes preparation and verification. Not exact discovery CPU.
ORIGINATING_CALL; may be certified by later reconciliation,0.0,169.017264795,0.0,181.46709261799697,28,False,1,broad-rank-v1:b-89f6977174026a89312b,,,19,18,Enclosing batch sums; includes preparation and verification. Not exact discovery CPU.
ORIGINATING_CALL; may be certified by later reconciliation,0.0,246.969305768,0.0,254.86658435701975,89,False,1,broad-rank-v1:b-1426021d27b9058181ee,,,18,17,Enclosing batch sums; includes preparation and verification. Not exact discovery CPU.
ORIGINATING_CALL; may be certified by later reconciliation,0.0,165.565379301,0.0,175.96924882099847,9,False,1,broad-rank-v1:b-26796602aacf5ff1d62f,,,18,17,Enclosing batch sums; includes preparation and verification. Not exact discovery CPU.
ORIGINATING_CALL; may be certified by later reconciliation,0.0,165.565379301,0.0,175.96924882099847,15,False,1,broad-rank-v1:b-26796602aacf5ff1d62f,,,19,18,Enclosing batch sums; includes preparation and verification. Not exact discovery CPU.
ORIGINATING_CALL; may be certified by later reconciliation,0.0,190.504515517,0.0,199.47493126799236,3,False,2,broad-rank-v1:b-6fc78e4550c1f01b11c4,,,19,17,Enclosing batch sums; includes preparation and verification. Not exact discovery CPU.
ORIGINATING_CALL; may be certified by later reconciliation,0.0,190.504515517,0.0,199.47493126799236,10,False,1,broad-rank-v1:b-6fc78e4550c1f01b11c4,,,20,19,Enclosing batch sums; includes preparation and verification. Not exact discovery CPU.
ORIGINATING_CALL; may be certified by later reconciliation,0.0,167.78684854899998,0.0,173.48121772598824,21,False,1,broad-rank-v1:b-88f173416ec9a5916e56,,,18,17,Enclosing batch sums; includes preparation and verification. Not exact discovery CPU.
ORIGINATING_CALL; may be certified by later reconciliation,0.0,152.482748088,0.0,158.3430546799791,8,False,1,broad-rank-v1:b-a8b0e8f6fdf59bbb309e,,,18,17,Enclosing batch sums; includes preparation and verification. Not exact discovery CPU.
ORIGINATING_CALL; may be certified by later reconciliation,0.0,262.393577504,0.0,282.02953137498116,17,False,1,broad-rank-v1:b-89350e71e29514573ef6,,,18,17,Enclosing batch sums; includes preparation and verification. Not exact discovery CPU.
ORIGINATING_CALL; may be certified by later reconciliation,0.0,262.393577504,0.0,282.02953137498116,20,False,1,broad-rank-v1:b-89350e71e29514573ef6,,,19,18,Enclosing batch sums; includes preparation and verification. Not exact discovery CPU.
ORIGINATING_CALL; may be certified by later reconciliation,0.0,262.393577504,0.0,282.02953137498116,49,False,1,broad-rank-v1:b-89350e71e29514573ef6,,,20,19,Enclosing batch sums; includes preparation and verification. Not exact discovery CPU.
ORIGINATING_CALL; may be certified by later reconciliation,0.0,262.393577504,0.0,282.02953137498116,69,False,1,broad-rank-v1:b-89350e71e29514573ef6,,,21,20,Enclosing batch sums; includes preparation and verification. Not exact discovery CPU.
ORIGINATING_CALL; may be certified by later reconciliation,0.0,262.393577504,0.0,282.02953137498116,72,False,1,broad-rank-v1:b-89350e71e29514573ef6,,,22,21,Enclosing batch sums; includes preparation and verification. Not exact discovery CPU.
ORIGINATING_CALL; may be certified by later reconciliation,262.393577504,467.86534450600004,282.02953137498116,493.2754921789747,192,False,1,broad-rank-v1:b-89350e71e29514573ef6,,,23,22,Enclosing batch sums; includes preparation and verification. Not exact discovery CPU.
ORIGINATING_CALL; may be certified by later reconciliation,0.0,181.432884944,0.0,189.8094694239844,5,False,1,broad-rank-v1:b-16823fcbb68ff4e55b1d,,,18,17,Enclosing batch sums; includes preparation and verification. Not exact discovery CPU.
ORIGINATING_CALL; may be certified by later reconciliation,0.0,181.432884944,0.0,189.8094694239844,58,False,1,broad-rank-v1:b-16823fcbb68ff4e55b1d,,,19,18,Enclosing batch sums; includes preparation and verification. Not exact discovery CPU.
ORIGINATING_CALL; may be certified by later reconciliation,181.432884944,311.86754872999995,189.8094694239844,329.68500180897536,128,False,1,broad-rank-v1:b-16823fcbb68ff4e55b1d,,,20,19,Enclosing batch sums; includes preparation and verification. Not exact discovery CPU.
ORIGINATING_CALL; may be certified by later reconciliation,0.0,134.2878144,0.0,141.69419209301122,3,False,1,broad-rank-v1:b-117b43dec2ba08945cc2,,,18,17,Enclosing batch sums; includes preparation and verification. Not exact discovery CPU.
ORIGINATING_CALL; may be certified by later reconciliation,0.0,220.928136588,0.0,238.05912857799558,1,False,1,broad-rank-v1:b-112f703bd6c54d87730b,,,18,17,Enclosing batch sums; includes preparation and verification. Not exact discovery CPU.
ORIGINATING_CALL; may be certified by later reconciliation,0.0,220.928136588,0.0,238.05912857799558,46,False,1,broad-rank-v1:b-112f703bd6c54d87730b,,,19,18,Enclosing batch sums; includes preparation and verification. Not exact discovery CPU.
ORIGINATING_CALL; may be certified by later reconciliation,0.0,220.928136588,0.0,238.05912857799558,51,False,1,broad-rank-v1:b-112f703bd6c54d87730b,,,20,19,Enclosing batch sums; includes preparation and verification. Not exact discovery CPU.
ORIGINATING_CALL; may be certified by later reconciliation,0.0,220.928136588,0.0,238.05912857799558,78,False,1,broad-rank-v1:b-112f703bd6c54d87730b,,,21,20,Enclosing batch sums; includes preparation and verification. Not exact discovery CPU.
ORIGINATING_CALL; may be certified by later reconciliation,220.928136588,396.553953869,238.05912857799558,419.784211916005,180,False,1,broad-rank-v1:b-112f703bd6c54d87730b,,,22,21,Enclosing batch sums; includes preparation and verification. Not exact discovery CPU.
ORIGINATING_CALL; may be certified by later reconciliation,0.0,275.967082427,0.0,288.72176295198733,1,False,2,broad-rank-v1:b-0134bf4effe0cfecf8f6,,,19,17,Enclosing batch sums; includes preparation and verification. Not exact discovery CPU.
ORIGINATING_CALL; may be certified by later reconciliation,0.0,275.967082427,0.0,288.72176295198733,4,False,1,broad-rank-v1:b-0134bf4effe0cfecf8f6,,,20,19,Enclosing batch sums; includes preparation and verification. Not exact discovery CPU.
ORIGINATING_CALL; may be certified by later reconciliation,0.0,275.967082427,0.0,288.72176295198733,9,False,1,broad-rank-v1:b-0134bf4effe0cfecf8f6,,,21,20,Enclosing batch sums; includes preparation and verification. Not exact discovery CPU.
ORIGINATING_CALL; may be certified by later reconciliation,0.0,275.967082427,0.0,288.72176295198733,10,False,1,broad-rank-v1:b-0134bf4effe0cfecf8f6,,,22,21,Enclosing batch sums; includes preparation and verification. Not exact discovery CPU.
ORIGINATING_CALL; may be certified by later reconciliation,0.0,183.612123213,0.0,190.39574728600564,35,False,1,broad-rank-v1:b-24a8ce07d8547acc01dd,,,18,17,Enclosing batch sums; includes preparation and verification. Not exact discovery CPU.
ORIGINATING_CALL; may be certified by later reconciliation,183.612123213,353.70793734,190.39574728600564,375.77382176800165,160,False,1,broad-rank-v1:b-24a8ce07d8547acc01dd,,,19,18,Enclosing batch sums; includes preparation and verification. Not exact discovery CPU.
ORIGINATING_CALL; may be certified by later reconciliation,183.612123213,353.70793734,190.39574728600564,375.77382176800165,193,False,1,broad-rank-v1:b-24a8ce07d8547acc01dd,,,20,19,Enclosing batch sums; includes preparation and verification. Not exact discovery CPU.
ORIGINATING_CALL; may be certified by later reconciliation,183.612123213,353.70793734,190.39574728600564,375.77382176800165,202,False,1,broad-rank-v1:b-24a8ce07d8547acc01dd,,,21,20,Enclosing batch sums; includes preparation and verification. Not exact discovery CPU.
ORIGINATING_CALL; may be certified by later reconciliation,353.70793734,511.385132003,375.77382176800165,538.1681056689995,256,False,1,broad-rank-v1:b-24a8ce07d8547acc01dd,,,22,21,Enclosing batch sums; includes preparation and verification. Not exact discovery CPU.
ORIGINATING_CALL; may be certified by later reconciliation,0.0,174.92194283,0.0,184.97691095300252,19,False,1,broad-rank-v1:b-097612256781e4ce9673,,,18,17,Enclosing batch sums; includes preparation and verification. Not exact discovery CPU.
ORIGINATING_CALL; may be certified by later reconciliation,0.0,174.92194283,0.0,184.97691095300252,72,False,1,broad-rank-v1:b-097612256781e4ce9673,,,19,18,Enclosing batch sums; includes preparation and verification. Not exact discovery CPU.
ORIGINATING_CALL; may be certified by later reconciliation,0.0,209.920560029,0.0,222.65504707102082,1,False,1,broad-rank-v1:b-e0081c47050f46594094,,,18,17,Enclosing batch sums; includes preparation and verification. Not exact discovery CPU.
ORIGINATING_CALL; may be certified by later reconciliation,0.0,209.920560029,0.0,222.65504707102082,2,False,1,broad-rank-v1:b-e0081c47050f46594094,,,19,18,Enclosing batch sums; includes preparation and verification. Not exact discovery CPU.
ORIGINATING_CALL; may be certified by later reconciliation,0.0,209.920560029,0.0,222.65504707102082,5,False,1,broad-rank-v1:b-e0081c47050f46594094,,,20,19,Enclosing batch sums; includes preparation and verification. Not exact discovery CPU.
ORIGINATING_CALL; may be certified by later reconciliation,0.0,209.920560029,0.0,222.65504707102082,20,False,1,broad-rank-v1:b-e0081c47050f46594094,,,21,20,Enclosing batch sums; includes preparation and verification. Not exact discovery CPU.
ORIGINATING_CALL; may be certified by later reconciliation,0.0,162.694382524,0.0,168.13844487199094,27,False,1,broad-rank-v1:b-85622fcfd805d3b17571,,,18,17,Enclosing batch sums; includes preparation and verification. Not exact discovery CPU.
ORIGINATING_CALL; may be certified by later reconciliation,246.95906466,354.036791019,258.08145696498104,372.50261126397527,233,False,1,broad-rank-v1:b-85622fcfd805d3b17571,,,19,18,Enclosing batch sums; includes preparation and verification. Not exact discovery CPU.
ORIGINATING_CALL; may be certified by later reconciliation,0.0,160.76772946000003,0.0,170.4539326269878,3,False,1,broad-rank-v1:b-a1e566efff2e4179987b,,,18,17,Enclosing batch sums; includes preparation and verification. Not exact discovery CPU.
ORIGINATING_CALL; may be certified by later reconciliation,0.0,160.76772946000003,0.0,170.4539326269878,40,False,1,broad-rank-v1:b-a1e566efff2e4179987b,,,19,18,Enclosing batch sums; includes preparation and verification. Not exact discovery CPU.
ORIGINATING_CALL; may be certified by later reconciliation,0.0,149.101356224,0.0,157.64721509901574,13,False,1,broad-rank-v1:b-7e4682a76fbb7d22711a,,,18,17,Enclosing batch sums; includes preparation and verification. Not exact discovery CPU.
ORIGINATING_CALL; may be certified by later reconciliation,0.0,211.063022067,0.0,223.57841963900137,11,False,1,broad-rank-v1:b-77c863201eb69a38305e,,,18,17,Enclosing batch sums; includes preparation and verification. Not exact discovery CPU.
ORIGINATING_CALL; may be certified by later reconciliation,0.0,211.063022067,0.0,223.57841963900137,34,False,1,broad-rank-v1:b-77c863201eb69a38305e,,,19,18,Enclosing batch sums; includes preparation and verification. Not exact discovery CPU.
ORIGINATING_CALL; may be certified by later reconciliation,0.0,211.063022067,0.0,223.57841963900137,41,False,1,broad-rank-v1:b-77c863201eb69a38305e,,,20,19,Enclosing batch sums; includes preparation and verification. Not exact discovery CPU.
ORIGINATING_CALL; may be certified by later reconciliation,0.0,235.77147338700001,0.0,244.40993488798267,81,False,1,broad-rank-v1:b-387403816a81b248e189,,,18,17,Enclosing batch sums; includes preparation and verification. Not exact discovery CPU.
ORIGINATING_CALL; may be certified by later reconciliation,0.0,171.975635395,0.0,177.7508800009964,13,False,1,broad-rank-v1:b-9f9101624ce2a028d9ac,,,18,17,Enclosing batch sums; includes preparation and verification. Not exact discovery CPU.
ORIGINATING_CALL; may be certified by later reconciliation,171.975635395,315.469631893,177.7508800009964,334.73792032399797,142,False,1,broad-rank-v1:b-9f9101624ce2a028d9ac,,,19,18,Enclosing batch sums; includes preparation and verification. Not exact discovery CPU.
ORIGINATING_CALL; may be certified by later reconciliation,171.975635395,315.469631893,177.7508800009964,334.73792032399797,205,False,1,broad-rank-v1:b-9f9101624ce2a028d9ac,,,20,19,Enclosing batch sums; includes preparation and verification. Not exact discovery CPU.
ORIGINATING_CALL; may be certified by later reconciliation,315.469631893,459.633793395,334.73792032399797,484.6220712120121,288,False,1,broad-rank-v1:b-9f9101624ce2a028d9ac,,,21,20,Enclosing batch sums; includes preparation and verification. Not exact discovery CPU.
ORIGINATING_CALL; may be certified by later reconciliation,0.0,171.91793495700003,0.0,176.79988559999038,25,False,1,broad-rank-v1:b-2540436f232e43182183,,,18,17,Enclosing batch sums; includes preparation and verification. Not exact discovery CPU.
ORIGINATING_CALL; may be certified by later reconciliation,171.91793495700003,289.27941964800004,176.79988559999038,303.82203826200566,144,False,1,broad-rank-v1:b-2540436f232e43182183,,,19,18,Enclosing batch sums; includes preparation and verification. Not exact discovery CPU.
ORIGINATING_CALL; may be certified by later reconciliation,0.0,141.61565832399998,0.0,150.0733197540103,1,False,1,broad-rank-v1:b-bdf07bc2cd7e97238520,,,18,17,Enclosing batch sums; includes preparation and verification. Not exact discovery CPU.
ORIGINATING_CALL; may be certified by later reconciliation,0.0,214.641614275,0.0,226.0586645239964,1,False,2,broad-rank-v1:b-ebcb37a9f823dde21944,,,19,17,Enclosing batch sums; includes preparation and verification. Not exact discovery CPU.
ORIGINATING_CALL; may be certified by later reconciliation,0.0,214.641614275,0.0,226.0586645239964,18,False,1,broad-rank-v1:b-ebcb37a9f823dde21944,,,20,19,Enclosing batch sums; includes preparation and verification. Not exact discovery CPU.
ORIGINATING_CALL; may be certified by later reconciliation,0.0,214.641614275,0.0,226.0586645239964,69,False,1,broad-rank-v1:b-ebcb37a9f823dde21944,,,21,20,Enclosing batch sums; includes preparation and verification. Not exact discovery CPU.
ORIGINATING_CALL; may be certified by later reconciliation,0.0,165.829900619,0.0,174.51797081000404,1,False,1,broad-rank-v1:b-e4f2c8360a20c94be411,,,18,17,Enclosing batch sums; includes preparation and verification. Not exact discovery CPU.
ORIGINATING_CALL; may be certified by later reconciliation,0.0,165.829900619,0.0,174.51797081000404,12,False,1,broad-rank-v1:b-e4f2c8360a20c94be411,,,19,18,Enclosing batch sums; includes preparation and verification. Not exact discovery CPU.
ORIGINATING_CALL; may be certified by later reconciliation,264.577602049,382.714823132,279.6699018620129,405.9065633880091,250,False,1,broad-rank-v1:b-e4f2c8360a20c94be411,,,20,19,Enclosing batch sums; includes preparation and verification. Not exact discovery CPU.
ORIGINATING_CALL; may be certified by later reconciliation,519.4405335820001,644.005717516,549.546119044011,680.8541486280155,496,False,1,broad-rank-v1:b-e4f2c8360a20c94be411,,,21,20,Enclosing batch sums; includes preparation and verification. Not exact discovery CPU.
ORIGINATING_CALL; may be certified by later reconciliation,0.0,189.464287687,0.0,198.2220026019786,7,False,2,broad-rank-v1:b-3ffa4a703ec626a0625a,,,19,17,Enclosing batch sums; includes preparation and verification. Not exact discovery CPU.
ORIGINATING_CALL; may be certified by later reconciliation,0.0,189.464287687,0.0,198.2220026019786,42,False,1,broad-rank-v1:b-3ffa4a703ec626a0625a,,,20,19,Enclosing batch sums; includes preparation and verification. Not exact discovery CPU.
ORIGINATING_CALL; may be certified by later reconciliation,189.464287687,325.52231918,198.2220026019786,342.6099305389798,132,False,1,broad-rank-v1:b-3ffa4a703ec626a0625a,,,21,20,Enclosing batch sums; includes preparation and verification. Not exact discovery CPU.
ORIGINATING_CALL; may be certified by later reconciliation,0.0,160.005617304,0.0,164.58556672098348,3,False,1,broad-rank-v1:b-f81df8e5741aaaa44eb0,,,18,17,Enclosing batch sums; includes preparation and verification. Not exact discovery CPU.
ORIGINATING_CALL; may be certified by later reconciliation,160.005617304,295.69727682999996,164.58556672098348,313.3759187249816,112,False,1,broad-rank-v1:b-f81df8e5741aaaa44eb0,,,19,18,Enclosing batch sums; includes preparation and verification. Not exact discovery CPU.
ORIGINATING_CALL; may be certified by later reconciliation,160.005617304,295.69727682999996,164.58556672098348,313.3759187249816,125,False,1,broad-rank-v1:b-f81df8e5741aaaa44eb0,,,20,19,Enclosing batch sums; includes preparation and verification. Not exact discovery CPU.
ORIGINATING_CALL; may be certified by later reconciliation,0.0,158.83378517200003,0.0,165.88599710300332,11,False,1,broad-rank-v1:b-1ff67bab84bfe338e442,,,18,17,Enclosing batch sums; includes preparation and verification. Not exact discovery CPU.
ORIGINATING_CALL; may be certified by later reconciliation,0.0,192.13267812900003,0.0,200.7459763700026,5,False,2,broad-rank-v1:b-2a3a9d146f5d537e5f09,,,19,17,Enclosing batch sums; includes preparation and verification. Not exact discovery CPU.
ORIGINATING_CALL; may be certified by later reconciliation,0.0,192.13267812900003,0.0,200.7459763700026,28,False,1,broad-rank-v1:b-2a3a9d146f5d537e5f09,,,20,19,Enclosing batch sums; includes preparation and verification. Not exact discovery CPU.
ORIGINATING_CALL; may be certified by later reconciliation,0.0,150.694386073,0.0,157.04612841800554,7,False,1,broad-rank-v1:b-2ebcadb00a379a5615bf,,,18,17,Enclosing batch sums; includes preparation and verification. Not exact discovery CPU.
ORIGINATING_CALL; may be certified by later reconciliation,0.0,208.303509744,0.0,224.6877907839953,1,False,1,broad-rank-v1:b-b6bd0a53802684158114,,,18,17,Enclosing batch sums; includes preparation and verification. Not exact discovery CPU.
ORIGINATING_CALL; may be certified by later reconciliation,0.0,208.303509744,0.0,224.6877907839953,10,False,1,broad-rank-v1:b-b6bd0a53802684158114,,,19,18,Enclosing batch sums; includes preparation and verification. Not exact discovery CPU.
ORIGINATING_CALL; may be certified by later reconciliation,0.0,208.303509744,0.0,224.6877907839953,21,False,1,broad-rank-v1:b-b6bd0a53802684158114,,,20,19,Enclosing batch sums; includes preparation and verification. Not exact discovery CPU.
ORIGINATING_CALL; may be certified by later reconciliation,0.0,208.303509744,0.0,224.6877907839953,40,False,1,broad-rank-v1:b-b6bd0a53802684158114,,,21,20,Enclosing batch sums; includes preparation and verification. Not exact discovery CPU.
ORIGINATING_CALL; may be certified by later reconciliation,0.0,156.54533025700002,0.0,162.78729048802052,20,False,1,broad-rank-v1:b-2222414584fd12d33756,,,18,17,Enclosing batch sums; includes preparation and verification. Not exact discovery CPU.
ORIGINATING_CALL; may be certified by later reconciliation,0.0,183.903080963,0.0,189.61826639799983,23,False,1,broad-rank-v1:b-7943012913fcba37708d,,,18,17,Enclosing batch sums; includes preparation and verification. Not exact discovery CPU.
ORIGINATING_CALL; may be certified by later reconciliation,0.0,204.496171264,0.0,215.38112651999108,15,False,1,broad-rank-v1:b-0a908e3661349224e5a3,,,18,17,Enclosing batch sums; includes preparation and verification. Not exact discovery CPU.
ORIGINATING_CALL; may be certified by later reconciliation,0.0,204.496171264,0.0,215.38112651999108,32,False,1,broad-rank-v1:b-0a908e3661349224e5a3,,,19,18,Enclosing batch sums; includes preparation and verification. Not exact discovery CPU.
ORIGINATING_CALL; may be certified by later reconciliation,0.0,204.496171264,0.0,215.38112651999108,105,False,1,broad-rank-v1:b-0a908e3661349224e5a3,,,20,19,Enclosing batch sums; includes preparation and verification. Not exact discovery CPU.
ORIGINATING_CALL; may be certified by later reconciliation,0.0,198.49802766599998,0.0,219.14208160198177,5,False,1,broad-rank-v1:b-6692c71461aa733f6c66,,,18,17,Enclosing batch sums; includes preparation and verification. Not exact discovery CPU.
ORIGINATING_CALL; may be certified by later reconciliation,0.0,198.49802766599998,0.0,219.14208160198177,52,False,1,broad-rank-v1:b-6692c71461aa733f6c66,,,19,18,Enclosing batch sums; includes preparation and verification. Not exact discovery CPU.
ORIGINATING_CALL; may be certified by later reconciliation,0.0,198.49802766599998,0.0,219.14208160198177,93,False,1,broad-rank-v1:b-6692c71461aa733f6c66,,,20,19,Enclosing batch sums; includes preparation and verification. Not exact discovery CPU.
ORIGINATING_CALL; may be certified by later reconciliation,0.0,136.642854879,0.0,142.977581647021,5,False,1,broad-rank-v1:b-f2ae3c6d937553f3778d,,,18,17,Enclosing batch sums; includes preparation and verification. Not exact discovery CPU.
ORIGINATING_CALL; may be certified by later reconciliation,136.642854879,257.504257476,142.977581647021,277.47418776602717,136,False,1,broad-rank-v1:b-f2ae3c6d937553f3778d,,,19,18,Enclosing batch sums; includes preparation and verification. Not exact discovery CPU.
ORIGINATING_CALL; may be certified by later reconciliation,136.642854879,257.504257476,142.977581647021,277.47418776602717,140,False,1,broad-rank-v1:b-f2ae3c6d937553f3778d,,,20,19,Enclosing batch sums; includes preparation and verification. Not exact discovery CPU.
ORIGINATING_CALL; may be certified by later reconciliation,0.0,184.38136300300002,0.0,226.26768916199217,1,False,1,broad-rank-v1:b-6f6faddb3a6a526c2447,,,18,17,Enclosing batch sums; includes preparation and verification. Not exact discovery CPU.
ORIGINATING_CALL; may be certified by later reconciliation,0.0,184.38136300300002,0.0,226.26768916199217,14,False,1,broad-rank-v1:b-6f6faddb3a6a526c2447,,,19,18,Enclosing batch sums; includes preparation and verification. Not exact discovery CPU.
ORIGINATING_CALL; may be certified by later reconciliation,0.0,184.38136300300002,0.0,226.26768916199217,77,False,1,broad-rank-v1:b-6f6faddb3a6a526c2447,,,20,19,Enclosing batch sums; includes preparation and verification. Not exact discovery CPU.
ORIGINATING_CALL; may be certified by later reconciliation,0.0,150.087976444,0.0,174.93302222900093,17,False,1,broad-rank-v1:b-05c60c862443515ebdf3,,,18,17,Enclosing batch sums; includes preparation and verification. Not exact discovery CPU.
ORIGINATING_CALL; may be certified by later reconciliation,0.0,154.572302189,0.0,182.2080274480104,15,False,1,broad-rank-v1:b-04233709a31eda8b83b7,,,18,17,Enclosing batch sums; includes preparation and verification. Not exact discovery CPU.
ORIGINATING_CALL; may be certified by later reconciliation,254.83659402299998,376.11029837399997,287.7504861220077,415.89513706203434,230,False,1,broad-rank-v1:b-04233709a31eda8b83b7,,,19,18,Enclosing batch sums; includes preparation and verification. Not exact discovery CPU.
ORIGINATING_CALL; may be certified by later reconciliation,0.0,205.75176283599998,0.0,238.24056807201123,29,False,1,broad-rank-v1:b-e9a4b48e9db9cba770f3,,,18,17,Enclosing batch sums; includes preparation and verification. Not exact discovery CPU.
ORIGINATING_CALL; may be certified by later reconciliation,0.0,205.75176283599998,0.0,238.24056807201123,100,False,1,broad-rank-v1:b-e9a4b48e9db9cba770f3,,,19,18,Enclosing batch sums; includes preparation and verification. Not exact discovery CPU.
ORIGINATING_CALL; may be certified by later reconciliation,0.0,200.418411366,0.0,226.7694902390067,49,False,1,broad-rank-v1:b-eb316c1e777c3eb9d447,,,18,17,Enclosing batch sums; includes preparation and verification. Not exact discovery CPU.
ORIGINATING_CALL; may be certified by later reconciliation,0.0,161.04095017800003,0.0,188.29839860499487,5,False,1,broad-rank-v1:b-5ef2ccc0e319697a8317,,,18,17,Enclosing batch sums; includes preparation and verification. Not exact discovery CPU.
ORIGINATING_CALL; may be certified by later reconciliation,0.0,142.19783491700002,0.0,170.27984013600508,7,False,1,broad-rank-v1:b-89f38008d68bf0db5bff,,,18,17,Enclosing batch sums; includes preparation and verification. Not exact discovery CPU.
ORIGINATING_CALL; may be certified by later reconciliation,0.0,150.466390931,0.0,174.58344734300044,8,False,1,broad-rank-v1:b-9663473fb0cc47401f51,,,18,17,Enclosing batch sums; includes preparation and verification. Not exact discovery CPU.
ORIGINATING_CALL; may be certified by later reconciliation,0.0,182.480261984,0.0,216.66100301398546,5,False,2,broad-rank-v1:b-8f561847851074f189a8,,,19,17,Enclosing batch sums; includes preparation and verification. Not exact discovery CPU.
ORIGINATING_CALL; may be certified by later reconciliation,0.0,182.480261984,0.0,216.66100301398546,8,False,1,broad-rank-v1:b-8f561847851074f189a8,,,20,19,Enclosing batch sums; includes preparation and verification. Not exact discovery CPU.
ORIGINATING_CALL; may be certified by later reconciliation,0.0,164.468170501,0.0,188.8864188430016,19,False,1,broad-rank-v1:b-c2242e72a6b2321aee10,,,18,17,Enclosing batch sums; includes preparation and verification. Not exact discovery CPU.
ORIGINATING_CALL; may be certified by later reconciliation,0.0,185.042329552,0.0,218.36671087599825,5,False,1,broad-rank-v1:b-67fe1ad9e96263a6a8bf,,,18,17,Enclosing batch sums; includes preparation and verification. Not exact discovery CPU.
ORIGINATING_CALL; may be certified by later reconciliation,0.0,185.042329552,0.0,218.36671087599825,50,False,1,broad-rank-v1:b-67fe1ad9e96263a6a8bf,,,19,18,Enclosing batch sums; includes preparation and verification. Not exact discovery CPU.
ORIGINATING_CALL; may be certified by later reconciliation,0.0,216.938398878,0.0,254.54699310098658,57,False,1,broad-rank-v1:b-221121a0ee8aaf8cfabd,,,18,17,Enclosing batch sums; includes preparation and verification. Not exact discovery CPU.
ORIGINATING_CALL; may be certified by later reconciliation,0.0,216.938398878,0.0,254.54699310098658,110,False,1,broad-rank-v1:b-221121a0ee8aaf8cfabd,,,19,18,Enclosing batch sums; includes preparation and verification. Not exact discovery CPU.
ORIGINATING_CALL; may be certified by later reconciliation,216.938398878,338.592037293,254.54699310098658,385.5320351149712,240,False,1,broad-rank-v1:b-221121a0ee8aaf8cfabd,,,20,19,Enclosing batch sums; includes preparation and verification. Not exact discovery CPU.
ORIGINATING_CALL; may be certified by later reconciliation,0.0,186.719650054,0.0,221.98892575901118,25,False,1,broad-rank-v1:b-0af6785da71db88843a2,,,18,17,Enclosing batch sums; includes preparation and verification. Not exact discovery CPU.
ORIGINATING_CALL; may be certified by later reconciliation,0.0,186.719650054,0.0,221.98892575901118,96,False,1,broad-rank-v1:b-0af6785da71db88843a2,,,19,18,Enclosing batch sums; includes preparation and verification. Not exact discovery CPU.
ORIGINATING_CALL; may be certified by later reconciliation,186.719650054,305.995670874,221.98892575901118,350.6631442180078,138,False,1,broad-rank-v1:b-0af6785da71db88843a2,,,20,19,Enclosing batch sums; includes preparation and verification. Not exact discovery CPU.
ORIGINATING_CALL; may be certified by later reconciliation,0.0,280.604102517,0.0,326.075547401997,1,False,2,broad-rank-v1:b-2954376adc6846f6b969,,,19,17,Enclosing batch sums; includes preparation and verification. Not exact discovery CPU.
ORIGINATING_CALL; may be certified by later reconciliation,0.0,280.604102517,0.0,326.075547401997,2,False,1,broad-rank-v1:b-2954376adc6846f6b969,,,20,19,Enclosing batch sums; includes preparation and verification. Not exact discovery CPU.
ORIGINATING_CALL; may be certified by later reconciliation,0.0,280.604102517,0.0,326.075547401997,3,False,1,broad-rank-v1:b-2954376adc6846f6b969,,,21,20,Enclosing batch sums; includes preparation and verification. Not exact discovery CPU.
ORIGINATING_CALL; may be certified by later reconciliation,0.0,280.604102517,0.0,326.075547401997,6,False,1,broad-rank-v1:b-2954376adc6846f6b969,,,22,21,Enclosing batch sums; includes preparation and verification. Not exact discovery CPU.
ORIGINATING_CALL; may be certified by later reconciliation,0.0,163.55942817,0.0,188.7741112119984,1,False,1,broad-rank-v1:b-e45aabf70f6281eafd3c,,,18,17,Enclosing batch sums; includes preparation and verification. Not exact discovery CPU.
ORIGINATING_CALL; may be certified by later reconciliation,0.0,149.98104091000002,0.0,177.75406614498934,9,False,1,broad-rank-v1:b-f0419caa0ec2288f02a8,,,18,17,Enclosing batch sums; includes preparation and verification. Not exact discovery CPU.
ORIGINATING_CALL; may be certified by later reconciliation,0.0,208.82012150900002,0.0,243.47739927098155,30,False,1,broad-rank-v1:b-08b28c37c0d1fe8ce5f7,,,18,17,Enclosing batch sums; includes preparation and verification. Not exact discovery CPU.
ORIGINATING_CALL; may be certified by later reconciliation,0.0,208.82012150900002,0.0,243.47739927098155,38,False,1,broad-rank-v1:b-08b28c37c0d1fe8ce5f7,,,19,18,Enclosing batch sums; includes preparation and verification. Not exact discovery CPU.
ORIGINATING_CALL; may be certified by later reconciliation,0.0,242.135164712,0.0,289.04896971801645,15,False,1,broad-rank-v1:b-e5a83c335056c57dac86,,,18,17,Enclosing batch sums; includes preparation and verification. Not exact discovery CPU.
ORIGINATING_CALL; may be certified by later reconciliation,0.0,242.135164712,0.0,289.04896971801645,27,False,1,broad-rank-v1:b-e5a83c335056c57dac86,,,19,18,Enclosing batch sums; includes preparation and verification. Not exact discovery CPU.
ORIGINATING_CALL; may be certified by later reconciliation,0.0,242.135164712,0.0,289.04896971801645,28,False,1,broad-rank-v1:b-e5a83c335056c57dac86,,,20,19,Enclosing batch sums; includes preparation and verification. Not exact discovery CPU.
ORIGINATING_CALL; may be certified by later reconciliation,0.0,242.135164712,0.0,289.04896971801645,47,False,1,broad-rank-v1:b-e5a83c335056c57dac86,,,21,20,Enclosing batch sums; includes preparation and verification. Not exact discovery CPU.
ORIGINATING_CALL; may be certified by later reconciliation,0.0,196.996259177,0.0,226.0426911440154,61,False,1,broad-rank-v1:b-1c6cded1d033b14b9b4a,,,18,17,Enclosing batch sums; includes preparation and verification. Not exact discovery CPU.
ORIGINATING_CALL; may be certified by later reconciliation,292.43094101500003,406.159262765,326.9792889650271,448.3910281120334,312,False,1,broad-rank-v1:b-1c6cded1d033b14b9b4a,,,19,18,Enclosing batch sums; includes preparation and verification. Not exact discovery CPU.
ORIGINATING_CALL; may be certified by later reconciliation,0.0,217.189774322,0.0,253.38159354499658,89,False,1,broad-rank-v1:b-ce44bb7dedd1cee019db,,,18,17,Enclosing batch sums; includes preparation and verification. Not exact discovery CPU.
ORIGINATING_CALL; may be certified by later reconciliation,0.0,155.196729723,0.0,181.03014983798494,5,False,1,broad-rank-v1:b-d500cda8a24b075cd15a,,,18,17,Enclosing batch sums; includes preparation and verification. Not exact discovery CPU.
ORIGINATING_CALL; may be certified by later reconciliation,0.0,204.165832967,0.0,247.9026119929913,30,False,1,broad-rank-v1:b-843311dac3ceda45126d,,,18,17,Enclosing batch sums; includes preparation and verification. Not exact discovery CPU.
ORIGINATING_CALL; may be certified by later reconciliation,0.0,204.165832967,0.0,247.9026119929913,31,False,1,broad-rank-v1:b-843311dac3ceda45126d,,,19,18,Enclosing batch sums; includes preparation and verification. Not exact discovery CPU.
ORIGINATING_CALL; may be certified by later reconciliation,0.0,204.165832967,0.0,247.9026119929913,90,False,1,broad-rank-v1:b-843311dac3ceda45126d,,,20,19,Enclosing batch sums; includes preparation and verification. Not exact discovery CPU.
ORIGINATING_CALL; may be certified by later reconciliation,0.0,195.235363051,0.0,232.3287076370034,25,False,1,broad-rank-v1:b-8c11a85a938003d60036,,,18,17,Enclosing batch sums; includes preparation and verification. Not exact discovery CPU.
ORIGINATING_CALL; may be certified by later reconciliation,0.0,195.235363051,0.0,232.3287076370034,118,False,1,broad-rank-v1:b-8c11a85a938003d60036,,,19,18,Enclosing batch sums; includes preparation and verification. Not exact discovery CPU.
ORIGINATING_CALL; may be certified by later reconciliation,0.0,142.351971997,0.0,169.20928206501412,5,False,1,broad-rank-v1:b-fcf126b2048957dfca02,,,18,17,Enclosing batch sums; includes preparation and verification. Not exact discovery CPU.
ORIGINATING_CALL; may be certified by later reconciliation,234.444956185,363.040283122,267.7797257020138,406.3918108450016,256,False,1,broad-rank-v1:b-fcf126b2048957dfca02,,,19,18,Enclosing batch sums; includes preparation and verification. Not exact discovery CPU.
ORIGINATING_CALL; may be certified by later reconciliation,234.444956185,363.040283122,267.7797257020138,406.3918108450016,269,False,1,broad-rank-v1:b-fcf126b2048957dfca02,,,20,19,Enclosing batch sums; includes preparation and verification. Not exact discovery CPU.
ORIGINATING_CALL; may be certified by later reconciliation,0.0,124.964920729,0.0,152.52080388899776,6,False,1,broad-rank-v1:b-f4a36cef48fb4aced39f,,,18,17,Enclosing batch sums; includes preparation and verification. Not exact discovery CPU.
ORIGINATING_CALL; may be certified by later reconciliation,0.0,218.07567609200004,0.0,268.86554087599507,7,False,1,broad-rank-v1:b-8404abb56d5a66b3982a,,,18,17,Enclosing batch sums; includes preparation and verification. Not exact discovery CPU.
ORIGINATING_CALL; may be certified by later reconciliation,0.0,218.07567609200004,0.0,268.86554087599507,8,False,1,broad-rank-v1:b-8404abb56d5a66b3982a,,,19,18,Enclosing batch sums; includes preparation and verification. Not exact discovery CPU.
ORIGINATING_CALL; may be certified by later reconciliation,0.0,218.07567609200004,0.0,268.86554087599507,35,False,1,broad-rank-v1:b-8404abb56d5a66b3982a,,,20,19,Enclosing batch sums; includes preparation and verification. Not exact discovery CPU.
ORIGINATING_CALL; may be certified by later reconciliation,0.0,218.07567609200004,0.0,268.86554087599507,38,False,1,broad-rank-v1:b-8404abb56d5a66b3982a,,,21,20,Enclosing batch sums; includes preparation and verification. Not exact discovery CPU.
ORIGINATING_CALL; may be certified by later reconciliation,218.07567609200004,381.87105872800004,268.86554087599507,440.1974042390066,124,False,1,broad-rank-v1:b-8404abb56d5a66b3982a,,,22,21,Enclosing batch sums; includes preparation and verification. Not exact discovery CPU.
ORIGINATING_CALL; may be certified by later reconciliation,0.0,162.47640347799998,0.0,194.0412740620086,3,False,1,broad-rank-v1:b-68098cb6d7447a94c9e6,,,18,17,Enclosing batch sums; includes preparation and verification. Not exact discovery CPU.
ORIGINATING_CALL; may be certified by later reconciliation,0.0,162.47640347799998,0.0,194.0412740620086,6,False,1,broad-rank-v1:b-68098cb6d7447a94c9e6,,,19,18,Enclosing batch sums; includes preparation and verification. Not exact discovery CPU.
ORIGINATING_CALL; may be certified by later reconciliation,0.0,192.029144606,0.0,225.0171533730172,9,False,1,broad-rank-v1:b-e77e13978eefbcc13f05,,,18,17,Enclosing batch sums; includes preparation and verification. Not exact discovery CPU.
ORIGINATING_CALL; may be certified by later reconciliation,0.0,192.029144606,0.0,225.0171533730172,12,False,2,broad-rank-v1:b-e77e13978eefbcc13f05,,,20,18,Enclosing batch sums; includes preparation and verification. Not exact discovery CPU.
ORIGINATING_CALL; may be certified by later reconciliation,0.0,179.25989797100002,0.0,213.04984724798123,9,False,1,broad-rank-v1:b-81418909ffbd18b01cba,,,18,17,Enclosing batch sums; includes preparation and verification. Not exact discovery CPU.
ORIGINATING_CALL; may be certified by later reconciliation,0.0,179.25989797100002,0.0,213.04984724798123,43,False,1,broad-rank-v1:b-81418909ffbd18b01cba,,,19,18,Enclosing batch sums; includes preparation and verification. Not exact discovery CPU.
ORIGINATING_CALL; may be certified by later reconciliation,179.25989797100002,333.99494015799996,213.04984724798123,380.94735751496046,118,False,1,broad-rank-v1:b-81418909ffbd18b01cba,,,20,19,Enclosing batch sums; includes preparation and verification. Not exact discovery CPU.
ORIGINATING_CALL; may be certified by later reconciliation,179.25989797100002,333.99494015799996,213.04984724798123,380.94735751496046,201,False,1,broad-rank-v1:b-81418909ffbd18b01cba,,,21,20,Enclosing batch sums; includes preparation and verification. Not exact discovery CPU.
ORIGINATING_CALL; may be certified by later reconciliation,0.0,162.170088122,0.0,196.04238145900308,1,False,1,broad-rank-v1:b-5ea41a813f4ddff56d4f,,,18,17,Enclosing batch sums; includes preparation and verification. Not exact discovery CPU.
ORIGINATING_CALL; may be certified by later reconciliation,0.0,162.170088122,0.0,196.04238145900308,14,False,1,broad-rank-v1:b-5ea41a813f4ddff56d4f,,,19,18,Enclosing batch sums; includes preparation and verification. Not exact discovery CPU.
ORIGINATING_CALL; may be certified by later reconciliation,162.170088122,281.901211701,196.04238145900308,327.04691149800783,156,False,1,broad-rank-v1:b-5ea41a813f4ddff56d4f,,,20,19,Enclosing batch sums; includes preparation and verification. Not exact discovery CPU.
ORIGINATING_CALL; may be certified by later reconciliation,0.0,189.160514838,0.0,231.51369256700855,1,False,1,broad-rank-v1:b-b760e8a1be44e7fc319a,,,18,17,Enclosing batch sums; includes preparation and verification. Not exact discovery CPU.
ORIGINATING_CALL; may be certified by later reconciliation,0.0,189.160514838,0.0,231.51369256700855,8,False,1,broad-rank-v1:b-b760e8a1be44e7fc319a,,,19,18,Enclosing batch sums; includes preparation and verification. Not exact discovery CPU.
ORIGINATING_CALL; may be certified by later reconciliation,0.0,189.160514838,0.0,231.51369256700855,56,False,1,broad-rank-v1:b-b760e8a1be44e7fc319a,,,20,19,Enclosing batch sums; includes preparation and verification. Not exact discovery CPU.
ORIGINATING_CALL; may be certified by later reconciliation,0.0,172.510026636,0.0,197.42671868699836,31,False,1,broad-rank-v1:b-97e059a61e462b5dfdc7,,,18,17,Enclosing batch sums; includes preparation and verification. Not exact discovery CPU.
ORIGINATING_CALL; may be certified by later reconciliation,0.0,160.33287724000004,0.0,187.79218361200765,17,False,1,broad-rank-v1:b-77212608317f86f7290f,,,18,17,Enclosing batch sums; includes preparation and verification. Not exact discovery CPU.
ORIGINATING_CALL; may be certified by later reconciliation,0.0,243.93470711700002,0.0,284.72092941898154,83,False,1,broad-rank-v1:b-774f96f92dc5cae4e6e2,,,18,17,Enclosing batch sums; includes preparation and verification. Not exact discovery CPU.
ORIGINATING_CALL; may be certified by later reconciliation,0.0,243.93470711700002,0.0,284.72092941898154,159,False,1,broad-rank-v1:b-774f96f92dc5cae4e6e2,,,19,18,Enclosing batch sums; includes preparation and verification. Not exact discovery CPU.
ORIGINATING_CALL; may be certified by later reconciliation,0.0,170.39493356800003,0.0,193.1469443620008,17,False,1,broad-rank-v1:b-81eca3f158a38af26097,,,18,17,Enclosing batch sums; includes preparation and verification. Not exact discovery CPU.
ORIGINATING_CALL; may be certified by later reconciliation,0.0,157.62852563100003,0.0,181.93823345398414,7,False,1,broad-rank-v1:b-8ec2ef887385f154f73b,,,18,17,Enclosing batch sums; includes preparation and verification. Not exact discovery CPU.
ORIGINATING_CALL; may be certified by later reconciliation,0.0,141.92090408700003,0.0,168.74529079400236,28,False,1,broad-rank-v1:b-41ccf8386f03e4154939,,,18,17,Enclosing batch sums; includes preparation and verification. Not exact discovery CPU.
ORIGINATING_CALL; may be certified by later reconciliation,0.0,199.422601132,0.0,229.02528742299182,39,False,1,broad-rank-v1:b-a89dc0a899f3dc8ea700,,,18,17,Enclosing batch sums; includes preparation and verification. Not exact discovery CPU.
ORIGINATING_CALL; may be certified by later reconciliation,0.0,146.61618752,0.0,175.6020271180023,2,False,2,broad-rank-v1:b-8c3b14e6928b1b91f3ac,,,19,17,Enclosing batch sums; includes preparation and verification. Not exact discovery CPU.
ORIGINATING_CALL; may be certified by later reconciliation,0.0,170.092592839,0.0,202.22115052398294,7,False,1,broad-rank-v1:b-cee1708202a5438786db,,,18,17,Enclosing batch sums; includes preparation and verification. Not exact discovery CPU.
ORIGINATING_CALL; may be certified by later reconciliation,0.0,170.092592839,0.0,202.22115052398294,54,False,1,broad-rank-v1:b-cee1708202a5438786db,,,19,18,Enclosing batch sums; includes preparation and verification. Not exact discovery CPU.
ORIGINATING_CALL; may be certified by later reconciliation,0.0,146.90497093200003,0.0,171.34912427401287,11,False,1,broad-rank-v1:b-228fb2fa3f122b75e798,,,18,17,Enclosing batch sums; includes preparation and verification. Not exact discovery CPU.
ORIGINATING_CALL; may be certified by later reconciliation,146.90497093200003,261.12596178600006,171.34912427401287,295.0472744250146,112,False,1,broad-rank-v1:b-228fb2fa3f122b75e798,,,19,18,Enclosing batch sums; includes preparation and verification. Not exact discovery CPU.
ORIGINATING_CALL; may be certified by later reconciliation,0.0,195.91184121,0.0,235.0757566090033,45,False,1,broad-rank-v1:b-01246eff217cf9efdfcb,,,18,17,Enclosing batch sums; includes preparation and verification. Not exact discovery CPU.
ORIGINATING_CALL; may be certified by later reconciliation,0.0,195.91184121,0.0,235.0757566090033,72,False,1,broad-rank-v1:b-01246eff217cf9efdfcb,,,19,18,Enclosing batch sums; includes preparation and verification. Not exact discovery CPU.
ORIGINATING_CALL; may be certified by later reconciliation,0.0,155.62411979599997,0.0,180.21516884400626,3,False,1,broad-rank-v1:b-8e7899179593056456cd,,,18,17,Enclosing batch sums; includes preparation and verification. Not exact discovery CPU.
ORIGINATING_CALL; may be certified by later reconciliation,0.0,162.414809685,0.0,190.63635289401282,21,False,1,broad-rank-v1:b-f831746d81705ec06991,,,18,17,Enclosing batch sums; includes preparation and verification. Not exact discovery CPU.
ORIGINATING_CALL; may be certified by later reconciliation,162.414809685,274.743005666,190.63635289401282,312.4088943740353,194,False,1,broad-rank-v1:b-f831746d81705ec06991,,,19,18,Enclosing batch sums; includes preparation and verification. Not exact discovery CPU.
ORIGINATING_CALL; may be certified by later reconciliation,0.0,152.95146301900002,0.0,181.2496096570103,21,False,1,broad-rank-v1:b-8e18a3eea56102c4e8a3,,,18,17,Enclosing batch sums; includes preparation and verification. Not exact discovery CPU.
ORIGINATING_CALL; may be certified by later reconciliation,0.0,177.432721315,0.0,207.65868469001725,9,False,1,broad-rank-v1:b-ac29b1a05eccc55e5686,,,18,17,Enclosing batch sums; includes preparation and verification. Not exact discovery CPU.
ORIGINATING_CALL; may be certified by later reconciliation,0.0,177.432721315,0.0,207.65868469001725,40,False,1,broad-rank-v1:b-ac29b1a05eccc55e5686,,,19,18,Enclosing batch sums; includes preparation and verification. Not exact discovery CPU.
ORIGINATING_CALL; may be certified by later reconciliation,0.0,150.09194910500003,0.0,174.82603572600055,3,False,1,broad-rank-v1:b-1cd41a7de020520a90a5,,,18,17,Enclosing batch sums; includes preparation and verification. Not exact discovery CPU.
ORIGINATING_CALL; may be certified by later reconciliation,0.0,175.12071769800002,0.0,204.6886616910051,1,False,1,broad-rank-v1:b-09f68f8cd7847a65acf9,,,18,17,Enclosing batch sums; includes preparation and verification. Not exact discovery CPU.
ORIGINATING_CALL; may be certified by later reconciliation,0.0,175.12071769800002,0.0,204.6886616910051,9,False,1,broad-rank-v1:b-09f68f8cd7847a65acf9,,,19,18,Enclosing batch sums; includes preparation and verification. Not exact discovery CPU.
ORIGINATING_CALL; may be certified by later reconciliation,0.0,133.36874559800003,0.0,145.54673861601623,3,False,1,broad-rank-v1:b-cfd68d950ca3bdc5bc1b,,,18,17,Enclosing batch sums; includes preparation and verification. Not exact discovery CPU.
ORIGINATING_CALL; may be certified by later reconciliation,0.0,138.73394308999997,0.0,149.03043007600354,1,False,1,broad-rank-v1:b-fd316924b9996f598e0a,,,18,17,Enclosing batch sums; includes preparation and verification. Not exact discovery CPU.
ORIGINATING_CALL; may be certified by later reconciliation,0.0,159.68839653300003,0.0,164.41429857100593,16,False,1,broad-rank-v1:b-6c77a2a038f40a95d0ab,,,18,17,Enclosing batch sums; includes preparation and verification. Not exact discovery CPU.
ORIGINATING_CALL; may be certified by later reconciliation,0.0,167.148662715,0.0,171.60072620297433,7,False,1,broad-rank-v1:b-77effa76b6379e42d17c,,,18,17,Enclosing batch sums; includes preparation and verification. Not exact discovery CPU.
ORIGINATING_CALL; may be certified by later reconciliation,0.0,193.593301851,0.0,197.31514949700795,27,False,1,broad-rank-v1:b-85115b0473a712e53101,,,18,17,Enclosing batch sums; includes preparation and verification. Not exact discovery CPU.
ORIGINATING_CALL; may be certified by later reconciliation,0.0,154.776244567,0.0,162.09015973098576,19,False,1,broad-rank-v1:b-849a06c0cef887e5cf57,,,18,17,Enclosing batch sums; includes preparation and verification. Not exact discovery CPU.
ORIGINATING_CALL; may be certified by later reconciliation,249.636005631,362.913403218,263.89155892599956,384.53081463399576,258,False,1,broad-rank-v1:b-849a06c0cef887e5cf57,,,19,18,Enclosing batch sums; includes preparation and verification. Not exact discovery CPU.
ORIGINATING_CALL; may be certified by later reconciliation,0.0,187.481249188,0.0,195.7779600789945,7,False,1,broad-rank-v1:b-f01da4b2d3ac8e226d22,,,18,17,Enclosing batch sums; includes preparation and verification. Not exact discovery CPU.
ORIGINATING_CALL; may be certified by later reconciliation,0.0,187.481249188,0.0,195.7779600789945,8,False,1,broad-rank-v1:b-f01da4b2d3ac8e226d22,,,19,18,Enclosing batch sums; includes preparation and verification. Not exact discovery CPU.
ORIGINATING_CALL; may be certified by later reconciliation,187.481249188,320.918129004,195.7779600789945,338.3552178220125,162,False,1,broad-rank-v1:b-f01da4b2d3ac8e226d22,,,20,19,Enclosing batch sums; includes preparation and verification. Not exact discovery CPU.
ORIGINATING_CALL; may be certified by later reconciliation,320.918129004,467.470407756,338.3552178220125,490.9098224470217,246,False,1,broad-rank-v1:b-f01da4b2d3ac8e226d22,,,21,20,Enclosing batch sums; includes preparation and verification. Not exact discovery CPU.
ORIGINATING_CALL; may be certified by later reconciliation,0.0,179.66699801299998,0.0,192.08882614498725,3,False,1,broad-rank-v1:b-ab315ca97bda6514eee1,,,18,17,Enclosing batch sums; includes preparation and verification. Not exact discovery CPU.
ORIGINATING_CALL; may be certified by later reconciliation,0.0,179.66699801299998,0.0,192.08882614498725,10,False,1,broad-rank-v1:b-ab315ca97bda6514eee1,,,19,18,Enclosing batch sums; includes preparation and verification. Not exact discovery CPU.
ORIGINATING_CALL; may be certified by later reconciliation,0.0,183.58816604499998,0.0,198.17288232099963,11,False,1,broad-rank-v1:b-71dab3503abe3db35561,,,18,17,Enclosing batch sums; includes preparation and verification. Not exact discovery CPU.
ORIGINATING_CALL; may be certified by later reconciliation,0.0,183.58816604499998,0.0,198.17288232099963,14,False,1,broad-rank-v1:b-71dab3503abe3db35561,,,19,18,Enclosing batch sums; includes preparation and verification. Not exact discovery CPU.
ORIGINATING_CALL; may be certified by later reconciliation,0.0,183.58816604499998,0.0,198.17288232099963,67,False,1,broad-rank-v1:b-71dab3503abe3db35561,,,20,19,Enclosing batch sums; includes preparation and verification. Not exact discovery CPU.
ORIGINATING_CALL; may be certified by later reconciliation,183.58816604499998,305.97428702099995,198.17288232099963,330.7815928590135,128,False,1,broad-rank-v1:b-71dab3503abe3db35561,,,21,20,Enclosing batch sums; includes preparation and verification. Not exact discovery CPU.
ORIGINATING_CALL; may be certified by later reconciliation,0.0,201.044139473,0.0,213.47985320800217,17,False,1,broad-rank-v1:b-17546454fb4afca8658e,,,18,17,Enclosing batch sums; includes preparation and verification. Not exact discovery CPU.
ORIGINATING_CALL; may be certified by later reconciliation,0.0,201.044139473,0.0,213.47985320800217,18,False,1,broad-rank-v1:b-17546454fb4afca8658e,,,19,18,Enclosing batch sums; includes preparation and verification. Not exact discovery CPU.
ORIGINATING_CALL; may be certified by later reconciliation,0.0,201.044139473,0.0,213.47985320800217,87,False,1,broad-rank-v1:b-17546454fb4afca8658e,,,20,19,Enclosing batch sums; includes preparation and verification. Not exact discovery CPU.
ORIGINATING_CALL; may be certified by later reconciliation,201.044139473,333.361037161,213.47985320800217,356.78331711600185,118,False,1,broad-rank-v1:b-17546454fb4afca8658e,,,21,20,Enclosing batch sums; includes preparation and verification. Not exact discovery CPU.
ORIGINATING_CALL; may be certified by later reconciliation,0.0,153.877461567,0.0,159.8609216719924,3,False,1,broad-rank-v1:b-de805637e5ddd86f686f,,,18,17,Enclosing batch sums; includes preparation and verification. Not exact discovery CPU.
ORIGINATING_CALL; may be certified by later reconciliation,153.877461567,272.905965931,159.8609216719924,288.74552139497246,114,False,1,broad-rank-v1:b-de805637e5ddd86f686f,,,19,18,Enclosing batch sums; includes preparation and verification. Not exact discovery CPU.
ORIGINATING_CALL; may be certified by later reconciliation,0.0,173.47848956800001,0.0,182.7281965839793,1,False,1,broad-rank-v1:b-121c9f29e7278e17fb2d,,,18,17,Enclosing batch sums; includes preparation and verification. Not exact discovery CPU.
ORIGINATING_CALL; may be certified by later reconciliation,0.0,173.47848956800001,0.0,182.7281965839793,16,False,1,broad-rank-v1:b-121c9f29e7278e17fb2d,,,19,18,Enclosing batch sums; includes preparation and verification. Not exact discovery CPU.
ORIGINATING_CALL; may be certified by later reconciliation,0.0,176.710517813,0.0,183.443610945018,33,False,1,broad-rank-v1:b-3cbf550ecd743ae5332a,,,18,17,Enclosing batch sums; includes preparation and verification. Not exact discovery CPU.
ORIGINATING_CALL; may be certified by later reconciliation,0.0,193.83310884600002,0.0,200.54504053399432,43,False,1,broad-rank-v1:b-f7cb3cda84b7da592f44,,,18,17,Enclosing batch sums; includes preparation and verification. Not exact discovery CPU.
ORIGINATING_CALL; may be certified by later reconciliation,0.0,185.92178060499998,0.0,199.59832990600262,13,False,1,broad-rank-v1:b-683d8a3a02016bb11d7e,,,18,17,Enclosing batch sums; includes preparation and verification. Not exact discovery CPU.
ORIGINATING_CALL; may be certified by later reconciliation,0.0,185.92178060499998,0.0,199.59832990600262,32,False,1,broad-rank-v1:b-683d8a3a02016bb11d7e,,,19,18,Enclosing batch sums; includes preparation and verification. Not exact discovery CPU.
ORIGINATING_CALL; may be certified by later reconciliation,0.0,185.92178060499998,0.0,199.59832990600262,75,False,1,broad-rank-v1:b-683d8a3a02016bb11d7e,,,20,19,Enclosing batch sums; includes preparation and verification. Not exact discovery CPU.
ORIGINATING_CALL; may be certified by later reconciliation,0.0,126.74526112299999,0.0,135.016986342991,6,False,1,broad-rank-v1:b-efc12ce8135edd548b72,,,18,17,Enclosing batch sums; includes preparation and verification. Not exact discovery CPU.
ORIGINATING_CALL; may be certified by later reconciliation,0.0,173.721023345,0.0,183.635038531007,49,False,1,broad-rank-v1:b-82f7a66e39a8bb251af0,,,18,17,Enclosing batch sums; includes preparation and verification. Not exact discovery CPU.
ORIGINATING_CALL; may be certified by later reconciliation,0.0,153.693679157,0.0,160.5046359260159,9,False,1,broad-rank-v1:b-c772789db85578e2a5c3,,,18,17,Enclosing batch sums; includes preparation and verification. Not exact discovery CPU.
ORIGINATING_CALL; may be certified by later reconciliation,0.0,152.256644123,0.0,159.4670652069908,35,False,1,broad-rank-v1:b-d9b6bb2b3d830706903f,,,18,17,Enclosing batch sums; includes preparation and verification. Not exact discovery CPU.
ORIGINATING_CALL; may be certified by later reconciliation,152.256644123,253.673566875,159.4670652069908,270.7120110949909,136,False,1,broad-rank-v1:b-d9b6bb2b3d830706903f,,,19,18,Enclosing batch sums; includes preparation and verification. Not exact discovery CPU.
ORIGINATING_CALL; may be certified by later reconciliation,253.673566875,359.57196618800003,270.7120110949909,385.415553267987,314,False,1,broad-rank-v1:b-d9b6bb2b3d830706903f,,,20,19,Enclosing batch sums; includes preparation and verification. Not exact discovery CPU.
ORIGINATING_CALL; may be certified by later reconciliation,0.0,225.82346853800001,0.0,241.36428563299705,1,False,1,broad-rank-v1:b-1c02fa312e4b66d515fd,,,18,17,Enclosing batch sums; includes preparation and verification. Not exact discovery CPU.
ORIGINATING_CALL; may be certified by later reconciliation,0.0,225.82346853800001,0.0,241.36428563299705,6,False,1,broad-rank-v1:b-1c02fa312e4b66d515fd,,,19,18,Enclosing batch sums; includes preparation and verification. Not exact discovery CPU.
ORIGINATING_CALL; may be certified by later reconciliation,0.0,225.82346853800001,0.0,241.36428563299705,89,False,1,broad-rank-v1:b-1c02fa312e4b66d515fd,,,20,19,Enclosing batch sums; includes preparation and verification. Not exact discovery CPU.
ORIGINATING_CALL; may be certified by later reconciliation,0.0,225.82346853800001,0.0,241.36428563299705,99,False,1,broad-rank-v1:b-1c02fa312e4b66d515fd,,,21,20,Enclosing batch sums; includes preparation and verification. Not exact discovery CPU.
ORIGINATING_CALL; may be certified by later reconciliation,0.0,185.34089120400003,0.0,197.72335633801413,1,False,1,broad-rank-v1:b-b2e60da7bc4e9cb41233,,,18,17,Enclosing batch sums; includes preparation and verification. Not exact discovery CPU.
ORIGINATING_CALL; may be certified by later reconciliation,0.0,185.34089120400003,0.0,197.72335633801413,6,False,1,broad-rank-v1:b-b2e60da7bc4e9cb41233,,,19,18,Enclosing batch sums; includes preparation and verification. Not exact discovery CPU.
ORIGINATING_CALL; may be certified by later reconciliation,0.0,185.34089120400003,0.0,197.72335633801413,59,False,1,broad-rank-v1:b-b2e60da7bc4e9cb41233,,,20,19,Enclosing batch sums; includes preparation and verification. Not exact discovery CPU.
ORIGINATING_CALL; may be certified by later reconciliation,185.34089120400003,321.4366823810001,197.72335633801413,343.22523274700507,167,False,1,broad-rank-v1:b-b2e60da7bc4e9cb41233,,,21,20,Enclosing batch sums; includes preparation and verification. Not exact discovery CPU.
ORIGINATING_CALL; may be certified by later reconciliation,0.0,190.742847526,0.0,200.63390096300282,65,False,1,broad-rank-v1:b-e12c507be6babdc8c71d,,,18,17,Enclosing batch sums; includes preparation and verification. Not exact discovery CPU.
ORIGINATING_CALL; may be certified by later reconciliation,0.0,179.923225164,0.0,189.70753343301476,55,False,1,broad-rank-v1:b-0f0069fc5f81b3de8999,,,18,17,Enclosing batch sums; includes preparation and verification. Not exact discovery CPU.
ORIGINATING_CALL; may be certified by later reconciliation,0.0,196.79374151000002,0.0,203.3830542729993,59,False,1,broad-rank-v1:b-2394be79760965bca569,,,18,17,Enclosing batch sums; includes preparation and verification. Not exact discovery CPU.
ORIGINATING_CALL; may be certified by later reconciliation,0.0,178.875205932,0.0,193.686288618017,6,False,1,broad-rank-v1:b-3a80bf9bd4c3133b890a,,,18,17,Enclosing batch sums; includes preparation and verification. Not exact discovery CPU.
ORIGINATING_CALL; may be certified by later reconciliation,0.0,178.875205932,0.0,193.686288618017,21,False,1,broad-rank-v1:b-3a80bf9bd4c3133b890a,,,19,18,Enclosing batch sums; includes preparation and verification. Not exact discovery CPU.
ORIGINATING_CALL; may be certified by later reconciliation,0.0,178.875205932,0.0,193.686288618017,96,False,1,broad-rank-v1:b-3a80bf9bd4c3133b890a,,,20,19,Enclosing batch sums; includes preparation and verification. Not exact discovery CPU.
ORIGINATING_CALL; may be certified by later reconciliation,0.0,171.23486704799998,0.0,180.1801346919965,1,False,1,broad-rank-v1:b-6506f2bb58a9d9580f47,,,18,17,Enclosing batch sums; includes preparation and verification. Not exact discovery CPU.
ORIGINATING_CALL; may be certified by later reconciliation,0.0,171.23486704799998,0.0,180.1801346919965,2,False,1,broad-rank-v1:b-6506f2bb58a9d9580f47,,,19,18,Enclosing batch sums; includes preparation and verification. Not exact discovery CPU.
ORIGINATING_CALL; may be certified by later reconciliation,0.0,168.340910003,0.0,177.31467018200783,53,False,1,broad-rank-v1:b-b63d506e7c0b89cd61be,,,18,17,Enclosing batch sums; includes preparation and verification. Not exact discovery CPU.
ORIGINATING_CALL; may be certified by later reconciliation,0.0,190.85854882499999,0.0,206.33438184001716,5,False,1,broad-rank-v1:b-2333851be293d8597aff,,,18,17,Enclosing batch sums; includes preparation and verification. Not exact discovery CPU.
ORIGINATING_CALL; may be certified by later reconciliation,0.0,190.85854882499999,0.0,206.33438184001716,24,False,1,broad-rank-v1:b-2333851be293d8597aff,,,19,18,Enclosing batch sums; includes preparation and verification. Not exact discovery CPU.
ORIGINATING_CALL; may be certified by later reconciliation,0.0,190.85854882499999,0.0,206.33438184001716,51,False,1,broad-rank-v1:b-2333851be293d8597aff,,,20,19,Enclosing batch sums; includes preparation and verification. Not exact discovery CPU.
ORIGINATING_CALL; may be certified by later reconciliation,190.85854882499999,388.54310679899993,206.33438184001716,414.26706565901986,123,False,1,broad-rank-v1:b-2333851be293d8597aff,,,21,20,Enclosing batch sums; includes preparation and verification. Not exact discovery CPU.
ORIGINATING_CALL; may be certified by later reconciliation,190.85854882499999,388.54310679899993,206.33438184001716,414.26706565901986,148,False,1,broad-rank-v1:b-2333851be293d8597aff,,,22,21,Enclosing batch sums; includes preparation and verification. Not exact discovery CPU.
ORIGINATING_CALL; may be certified by later reconciliation,0.0,207.591574305,0.0,214.78321700901142,55,False,1,broad-rank-v1:b-edde9b99b80cf997d848,,,18,17,Enclosing batch sums; includes preparation and verification. Not exact discovery CPU.
ORIGINATING_CALL; may be certified by later reconciliation,316.19087966899997,440.01450805699994,328.10559409399866,458.95213070098544,271,False,1,broad-rank-v1:b-edde9b99b80cf997d848,,,19,18,Enclosing batch sums; includes preparation and verification. Not exact discovery CPU.
ORIGINATING_CALL; may be certified by later reconciliation,0.0,185.847718154,0.0,196.03148060198873,23,False,1,broad-rank-v1:b-eb8a6d786167764c3c57,,,18,17,Enclosing batch sums; includes preparation and verification. Not exact discovery CPU.
ORIGINATING_CALL; may be certified by later reconciliation,0.0,185.847718154,0.0,196.03148060198873,30,False,1,broad-rank-v1:b-eb8a6d786167764c3c57,,,19,18,Enclosing batch sums; includes preparation and verification. Not exact discovery CPU.
ORIGINATING_CALL; may be certified by later reconciliation,0.0,204.185466479,0.0,211.63594243800617,69,False,1,broad-rank-v1:b-6b478a3c79025d88ea33,,,18,17,Enclosing batch sums; includes preparation and verification. Not exact discovery CPU.
ORIGINATING_CALL; may be certified by later reconciliation,293.671953192,422.393000016,306.9069371270016,447.536208488018,264,False,1,broad-rank-v1:b-6b478a3c79025d88ea33,,,19,18,Enclosing batch sums; includes preparation and verification. Not exact discovery CPU.
ORIGINATING_CALL; may be certified by later reconciliation,293.671953192,422.393000016,306.9069371270016,447.536208488018,295,False,1,broad-rank-v1:b-6b478a3c79025d88ea33,,,20,19,Enclosing batch sums; includes preparation and verification. Not exact discovery CPU.
ORIGINATING_CALL; may be certified by later reconciliation,0.0,216.588263326,0.0,221.73887666099472,59,False,1,broad-rank-v1:b-b96e4d35421b24907e8a,,,18,17,Enclosing batch sums; includes preparation and verification. Not exact discovery CPU.
ORIGINATING_CALL; may be certified by later reconciliation,0.0,148.09788023000002,0.0,155.84947528201155,5,False,1,broad-rank-v1:b-21e1950b21f2084ac0c2,,,18,17,Enclosing batch sums; includes preparation and verification. Not exact discovery CPU.
ORIGINATING_CALL; may be certified by later reconciliation,246.97768885700003,361.435396118,260.34980192701914,383.3338236420241,254,False,1,broad-rank-v1:b-21e1950b21f2084ac0c2,,,19,18,Enclosing batch sums; includes preparation and verification. Not exact discovery CPU.
ORIGINATING_CALL; may be certified by later reconciliation,0.0,151.036791369,0.0,158.5316796200059,11,False,1,broad-rank-v1:b-f8f5628219de672e28e3,,,18,17,Enclosing batch sums; includes preparation and verification. Not exact discovery CPU.
ORIGINATING_CALL; may be certified by later reconciliation,0.0,215.291252977,0.0,224.17636752300314,81,False,1,broad-rank-v1:b-6f452f989531245a984b,,,18,17,Enclosing batch sums; includes preparation and verification. Not exact discovery CPU.
ORIGINATING_CALL; may be certified by later reconciliation,0.0,172.280355069,0.0,183.7580605020048,7,False,1,broad-rank-v1:b-33c65ff3b8e78d2a5b09,,,18,17,Enclosing batch sums; includes preparation and verification. Not exact discovery CPU.
ORIGINATING_CALL; may be certified by later reconciliation,0.0,172.280355069,0.0,183.7580605020048,10,False,1,broad-rank-v1:b-33c65ff3b8e78d2a5b09,,,19,18,Enclosing batch sums; includes preparation and verification. Not exact discovery CPU.
ORIGINATING_CALL; may be certified by later reconciliation,0.0,166.449321406,0.0,178.36429320799652,1,False,1,broad-rank-v1:b-54873cb86a895e99bf9f,,,18,17,Enclosing batch sums; includes preparation and verification. Not exact discovery CPU.
ORIGINATING_CALL; may be certified by later reconciliation,0.0,166.449321406,0.0,178.36429320799652,14,False,1,broad-rank-v1:b-54873cb86a895e99bf9f,,,19,18,Enclosing batch sums; includes preparation and verification. Not exact discovery CPU.
ORIGINATING_CALL; may be certified by later reconciliation,0.0,193.347567614,0.0,203.60216178101837,69,False,1,broad-rank-v1:b-635f31316fd420e8b087,,,18,17,Enclosing batch sums; includes preparation and verification. Not exact discovery CPU.
ORIGINATING_CALL; may be certified by later reconciliation,0.0,152.947864235,0.0,160.8288081130013,13,False,1,broad-rank-v1:b-828cf2a0857482b8c52c,,,18,17,Enclosing batch sums; includes preparation and verification. Not exact discovery CPU.
ORIGINATING_CALL; may be certified by later reconciliation,0.0,219.27166941800004,0.0,227.75418045799597,39,False,1,broad-rank-v1:b-5bf85c35cd106d99be54,,,18,17,Enclosing batch sums; includes preparation and verification. Not exact discovery CPU.
ORIGINATING_CALL; may be certified by later reconciliation,0.0,219.27166941800004,0.0,227.75418045799597,96,False,1,broad-rank-v1:b-5bf85c35cd106d99be54,,,19,18,Enclosing batch sums; includes preparation and verification. Not exact discovery CPU.
ORIGINATING_CALL; may be certified by later reconciliation,0.0,178.853212619,0.0,186.86928522598464,28,False,1,broad-rank-v1:b-14e27e3fcc800a357af0,,,18,17,Enclosing batch sums; includes preparation and verification. Not exact discovery CPU.
ORIGINATING_CALL; may be certified by later reconciliation,0.0,236.80814740299996,0.0,252.5281082840229,1,False,1,broad-rank-v1:b-c24102d6513ce299c470,,,18,17,Enclosing batch sums; includes preparation and verification. Not exact discovery CPU.
ORIGINATING_CALL; may be certified by later reconciliation,0.0,236.80814740299996,0.0,252.5281082840229,8,False,1,broad-rank-v1:b-c24102d6513ce299c470,,,19,18,Enclosing batch sums; includes preparation and verification. Not exact discovery CPU.
ORIGINATING_CALL; may be certified by later reconciliation,0.0,236.80814740299996,0.0,252.5281082840229,27,False,1,broad-rank-v1:b-c24102d6513ce299c470,,,20,19,Enclosing batch sums; includes preparation and verification. Not exact discovery CPU.
ORIGINATING_CALL; may be certified by later reconciliation,0.0,236.80814740299996,0.0,252.5281082840229,28,False,1,broad-rank-v1:b-c24102d6513ce299c470,,,21,20,Enclosing batch sums; includes preparation and verification. Not exact discovery CPU.
ORIGINATING_CALL; may be certified by later reconciliation,0.0,168.61235405,0.0,179.80629413900897,3,False,1,broad-rank-v1:b-8ce881a0ce9d112ea814,,,18,17,Enclosing batch sums; includes preparation and verification. Not exact discovery CPU.
ORIGINATING_CALL; may be certified by later reconciliation,0.0,168.61235405,0.0,179.80629413900897,46,False,1,broad-rank-v1:b-8ce881a0ce9d112ea814,,,19,18,Enclosing batch sums; includes preparation and verification. Not exact discovery CPU.
ORIGINATING_CALL; may be certified by later reconciliation,0.0,156.683607321,0.0,167.92144468898186,10,False,1,broad-rank-v1:b-de3761f502d2f5568468,,,18,17,Enclosing batch sums; includes preparation and verification. Not exact discovery CPU.
ORIGINATING_CALL; may be certified by later reconciliation,0.0,156.683607321,0.0,167.92144468898186,53,False,1,broad-rank-v1:b-de3761f502d2f5568468,,,19,18,Enclosing batch sums; includes preparation and verification. Not exact discovery CPU.
ORIGINATING_CALL; may be certified by later reconciliation,0.0,168.266917417,0.0,178.2320728939958,3,False,1,broad-rank-v1:b-76c5d08e182d004248e7,,,18,17,Enclosing batch sums; includes preparation and verification. Not exact discovery CPU.
ORIGINATING_CALL; may be certified by later reconciliation,0.0,168.266917417,0.0,178.2320728939958,74,False,1,broad-rank-v1:b-76c5d08e182d004248e7,,,19,18,Enclosing batch sums; includes preparation and verification. Not exact discovery CPU.
ORIGINATING_CALL; may be certified by later reconciliation,0.0,211.77948085999998,0.0,229.10125802000402,2,False,1,broad-rank-v1:b-49fd27d83504eab677c9,,,18,17,Enclosing batch sums; includes preparation and verification. Not exact discovery CPU.
ORIGINATING_CALL; may be certified by later reconciliation,0.0,211.77948085999998,0.0,229.10125802000402,11,False,1,broad-rank-v1:b-49fd27d83504eab677c9,,,19,18,Enclosing batch sums; includes preparation and verification. Not exact discovery CPU.
ORIGINATING_CALL; may be certified by later reconciliation,0.0,211.77948085999998,0.0,229.10125802000402,22,False,1,broad-rank-v1:b-49fd27d83504eab677c9,,,20,19,Enclosing batch sums; includes preparation and verification. Not exact discovery CPU.
ORIGINATING_CALL; may be certified by later reconciliation,0.0,211.77948085999998,0.0,229.10125802000402,73,False,1,broad-rank-v1:b-49fd27d83504eab677c9,,,21,20,Enclosing batch sums; includes preparation and verification. Not exact discovery CPU.
ORIGINATING_CALL; may be certified by later reconciliation,0.0,147.005829535,0.0,155.46419724298175,7,False,1,broad-rank-v1:b-e86486b38d31bc2ef274,,,18,17,Enclosing batch sums; includes preparation and verification. Not exact discovery CPU.
ORIGINATING_CALL; may be certified by later reconciliation,0.0,129.872136673,0.0,136.84343021400855,9,False,1,broad-rank-v1:b-aba72c45d02a1987de8d,,,18,17,Enclosing batch sums; includes preparation and verification. Not exact discovery CPU.
ORIGINATING_CALL; may be certified by later reconciliation,0.0,333.569125471,0.0,348.50831754499814,1,False,2,broad-rank-v1:b-abfc2beeb916ffe84cb9,,,19,17,Enclosing batch sums; includes preparation and verification. Not exact discovery CPU.
ORIGINATING_CALL; may be certified by later reconciliation,0.0,333.569125471,0.0,348.50831754499814,4,False,1,broad-rank-v1:b-abfc2beeb916ffe84cb9,,,20,19,Enclosing batch sums; includes preparation and verification. Not exact discovery CPU.
ORIGINATING_CALL; may be certified by later reconciliation,0.0,333.569125471,0.0,348.50831754499814,9,False,1,broad-rank-v1:b-abfc2beeb916ffe84cb9,,,21,20,Enclosing batch sums; includes preparation and verification. Not exact discovery CPU.
ORIGINATING_CALL; may be certified by later reconciliation,0.0,333.569125471,0.0,348.50831754499814,24,False,1,broad-rank-v1:b-abfc2beeb916ffe84cb9,,,22,21,Enclosing batch sums; includes preparation and verification. Not exact discovery CPU.
ORIGINATING_CALL; may be certified by later reconciliation,0.0,333.569125471,0.0,348.50831754499814,53,False,1,broad-rank-v1:b-abfc2beeb916ffe84cb9,,,23,22,Enclosing batch sums; includes preparation and verification. Not exact discovery CPU.
ORIGINATING_CALL; may be certified by later reconciliation,0.0,146.86677150800003,0.0,153.3765254279715,1,False,1,broad-rank-v1:b-63521820019fb9ed310d,,,18,17,Enclosing batch sums; includes preparation and verification. Not exact discovery CPU.
ORIGINATING_CALL; may be certified by later reconciliation,0.0,180.20751297400002,0.0,193.8339706120023,1,False,2,broad-rank-v1:b-42b2cf74268939222cd7,,,19,17,Enclosing batch sums; includes preparation and verification. Not exact discovery CPU.
ORIGINATING_CALL; may be certified by later reconciliation,0.0,180.20751297400002,0.0,193.8339706120023,26,False,1,broad-rank-v1:b-42b2cf74268939222cd7,,,20,19,Enclosing batch sums; includes preparation and verification. Not exact discovery CPU.
ORIGINATING_CALL; may be certified by later reconciliation,0.0,180.20751297400002,0.0,193.8339706120023,35,False,1,broad-rank-v1:b-42b2cf74268939222cd7,,,21,20,Enclosing batch sums; includes preparation and verification. Not exact discovery CPU.
ORIGINATING_CALL; may be certified by later reconciliation,0.0,202.36692719400003,0.0,221.33813032202306,7,False,1,broad-rank-v1:b-7de92110a39ae23476ce,,,18,17,Enclosing batch sums; includes preparation and verification. Not exact discovery CPU.
ORIGINATING_CALL; may be certified by later reconciliation,0.0,202.36692719400003,0.0,221.33813032202306,19,False,1,broad-rank-v1:b-7de92110a39ae23476ce,,,19,18,Enclosing batch sums; includes preparation and verification. Not exact discovery CPU.
ORIGINATING_CALL; may be certified by later reconciliation,0.0,202.36692719400003,0.0,221.33813032202306,29,False,1,broad-rank-v1:b-7de92110a39ae23476ce,,,20,19,Enclosing batch sums; includes preparation and verification. Not exact discovery CPU.
ORIGINATING_CALL; may be certified by later reconciliation,0.0,202.36692719400003,0.0,221.33813032202306,104,False,1,broad-rank-v1:b-7de92110a39ae23476ce,,,21,20,Enclosing batch sums; includes preparation and verification. Not exact discovery CPU.
ORIGINATING_CALL; may be certified by later reconciliation,0.0,205.34361496399998,0.0,217.37745041702874,47,False,1,broad-rank-v1:b-541da7dc6abb3116bce3,,,18,17,Enclosing batch sums; includes preparation and verification. Not exact discovery CPU.
ORIGINATING_CALL; may be certified by later reconciliation,0.0,205.34361496399998,0.0,217.37745041702874,82,False,1,broad-rank-v1:b-541da7dc6abb3116bce3,,,19,18,Enclosing batch sums; includes preparation and verification. Not exact discovery CPU.
ORIGINATING_CALL; may be certified by later reconciliation,0.0,172.637853247,0.0,186.18212599601247,1,False,1,broad-rank-v1:b-148dc1099f9fda326c31,,,18,17,Enclosing batch sums; includes preparation and verification. Not exact discovery CPU.
ORIGINATING_CALL; may be certified by later reconciliation,0.0,172.637853247,0.0,186.18212599601247,4,False,1,broad-rank-v1:b-148dc1099f9fda326c31,,,19,18,Enclosing batch sums; includes preparation and verification. Not exact discovery CPU.
ORIGINATING_CALL; may be certified by later reconciliation,0.0,172.637853247,0.0,186.18212599601247,9,False,1,broad-rank-v1:b-148dc1099f9fda326c31,,,20,19,Enclosing batch sums; includes preparation and verification. Not exact discovery CPU.
ORIGINATING_CALL; may be certified by later reconciliation,0.0,209.677496591,0.0,218.05807673599338,87,False,1,broad-rank-v1:b-9da0acc63284fe3a5775,,,18,17,Enclosing batch sums; includes preparation and verification. Not exact discovery CPU.
ORIGINATING_CALL; may be certified by later reconciliation,0.0,160.095818752,0.0,166.40482200699626,15,False,1,broad-rank-v1:b-7c6100c82864fe161bb6,,,18,17,Enclosing batch sums; includes preparation and verification. Not exact discovery CPU.
ORIGINATING_CALL; may be certified by later reconciliation,0.0,212.375702032,0.0,220.32751293698675,55,False,1,broad-rank-v1:b-00c9d78ef3b160f75c41,,,18,17,Enclosing batch sums; includes preparation and verification. Not exact discovery CPU.
ORIGINATING_CALL; may be certified by later reconciliation,0.0,176.750157062,0.0,187.2134232739918,17,False,1,broad-rank-v1:b-979a0b254082bfe0e41c,,,18,17,Enclosing batch sums; includes preparation and verification. Not exact discovery CPU.
ORIGINATING_CALL; may be certified by later reconciliation,0.0,176.750157062,0.0,187.2134232739918,42,False,1,broad-rank-v1:b-979a0b254082bfe0e41c,,,19,18,Enclosing batch sums; includes preparation and verification. Not exact discovery CPU.
ORIGINATING_CALL; may be certified by later reconciliation,0.0,145.29828378200003,0.0,153.96625960199162,3,False,1,broad-rank-v1:b-23eba48f6f192589ace9,,,18,17,Enclosing batch sums; includes preparation and verification. Not exact discovery CPU.
ORIGINATING_CALL; may be certified by later reconciliation,145.29828378200003,257.78508454900003,153.96625960199162,275.4108009869815,136,False,1,broad-rank-v1:b-23eba48f6f192589ace9,,,19,18,Enclosing batch sums; includes preparation and verification. Not exact discovery CPU.
ORIGINATING_CALL; may be certified by later reconciliation,0.0,143.55852514600002,0.0,149.6673405719921,5,False,1,broad-rank-v1:b-3fd48ad92622b5bf8574,,,18,17,Enclosing batch sums; includes preparation and verification. Not exact discovery CPU.
ORIGINATING_CALL; may be certified by later reconciliation,0.0,130.23370278200002,0.0,136.93450618698262,13,False,1,broad-rank-v1:b-dfaa854cbdb06a57174b,,,18,17,Enclosing batch sums; includes preparation and verification. Not exact discovery CPU.
ORIGINATING_CALL; may be certified by later reconciliation,0.0,205.26123209699998,0.0,212.27336126100272,65,False,1,broad-rank-v1:b-b1ab66788c2cf5143dc7,,,18,17,Enclosing batch sums; includes preparation and verification. Not exact discovery CPU.
ORIGINATING_CALL; may be certified by later reconciliation,0.0,164.14841922600002,0.0,171.91445042501437,25,False,1,broad-rank-v1:b-753f543396c2f2febcf6,,,18,17,Enclosing batch sums; includes preparation and verification. Not exact discovery CPU.
ORIGINATING_CALL; may be certified by later reconciliation,0.0,181.01627258800002,0.0,191.475593827985,3,False,1,broad-rank-v1:b-7b4bc02014a564adbd44,,,18,17,Enclosing batch sums; includes preparation and verification. Not exact discovery CPU.
ORIGINATING_CALL; may be certified by later reconciliation,0.0,181.01627258800002,0.0,191.475593827985,6,False,1,broad-rank-v1:b-7b4bc02014a564adbd44,,,19,18,Enclosing batch sums; includes preparation and verification. Not exact discovery CPU.
ORIGINATING_CALL; may be certified by later reconciliation,0.0,208.63653239700002,0.0,223.0305135769886,24,False,1,broad-rank-v1:b-a01c473d215f5e427900,,,18,17,Enclosing batch sums; includes preparation and verification. Not exact discovery CPU.
ORIGINATING_CALL; may be certified by later reconciliation,0.0,208.63653239700002,0.0,223.0305135769886,60,False,1,broad-rank-v1:b-a01c473d215f5e427900,,,19,18,Enclosing batch sums; includes preparation and verification. Not exact discovery CPU.
ORIGINATING_CALL; may be certified by later reconciliation,0.0,208.63653239700002,0.0,223.0305135769886,64,False,1,broad-rank-v1:b-a01c473d215f5e427900,,,20,19,Enclosing batch sums; includes preparation and verification. Not exact discovery CPU.
ORIGINATING_CALL; may be certified by later reconciliation,0.0,151.749696727,0.0,161.90404155402211,1,False,1,broad-rank-v1:b-9224b283b782bc891abf,,,18,17,Enclosing batch sums; includes preparation and verification. Not exact discovery CPU.
ORIGINATING_CALL; may be certified by later reconciliation,0.0,151.749696727,0.0,161.90404155402211,20,False,1,broad-rank-v1:b-9224b283b782bc891abf,,,19,18,Enclosing batch sums; includes preparation and verification. Not exact discovery CPU.
ORIGINATING_CALL; may be certified by later reconciliation,0.0,158.93310882400002,0.0,165.26725714001805,23,False,1,broad-rank-v1:b-6b00316a24a39e06a3da,,,18,17,Enclosing batch sums; includes preparation and verification. Not exact discovery CPU.
ORIGINATING_CALL; may be certified by later reconciliation,0.0,191.53121188500003,0.0,201.68012939300388,15,False,1,broad-rank-v1:b-565c7ed6742f1b50f73f,,,18,17,Enclosing batch sums; includes preparation and verification. Not exact discovery CPU.
ORIGINATING_CALL; may be certified by later reconciliation,0.0,191.53121188500003,0.0,201.68012939300388,82,False,1,broad-rank-v1:b-565c7ed6742f1b50f73f,,,19,18,Enclosing batch sums; includes preparation and verification. Not exact discovery CPU.
ORIGINATING_CALL; may be certified by later reconciliation,191.53121188500003,346.18539126400003,201.68012939300388,369.76647350899293,186,False,1,broad-rank-v1:b-565c7ed6742f1b50f73f,,,20,19,Enclosing batch sums; includes preparation and verification. Not exact discovery CPU.
ORIGINATING_CALL; may be certified by later reconciliation,191.53121188500003,346.18539126400003,201.68012939300388,369.76647350899293,207,False,1,broad-rank-v1:b-565c7ed6742f1b50f73f,,,21,20,Enclosing batch sums; includes preparation and verification. Not exact discovery CPU.
ORIGINATING_CALL; may be certified by later reconciliation,520.2801808500001,690.3533268770001,550.5202463340247,725.8538843690185,360,False,1,broad-rank-v1:b-565c7ed6742f1b50f73f,,,22,21,Enclosing batch sums; includes preparation and verification. Not exact discovery CPU.
ORIGINATING_CALL; may be certified by later reconciliation,0.0,149.565506581,0.0,156.08772484300425,3,False,1,broad-rank-v1:b-c77e9482004bf04c3903,,,18,17,Enclosing batch sums; includes preparation and verification. Not exact discovery CPU.
ORIGINATING_CALL; may be certified by later reconciliation,0.0,175.129563329,0.0,186.23732292000204,15,False,1,broad-rank-v1:b-112287817e7fc996fb2f,,,18,17,Enclosing batch sums; includes preparation and verification. Not exact discovery CPU.
ORIGINATING_CALL; may be certified by later reconciliation,0.0,175.129563329,0.0,186.23732292000204,34,False,1,broad-rank-v1:b-112287817e7fc996fb2f,,,19,18,Enclosing batch sums; includes preparation and verification. Not exact discovery CPU.
ORIGINATING_CALL; may be certified by later reconciliation,0.0,178.819309244,0.0,191.3319313719985,9,False,1,broad-rank-v1:b-4c5e546bff377f4165b7,,,18,17,Enclosing batch sums; includes preparation and verification. Not exact discovery CPU.
ORIGINATING_CALL; may be certified by later reconciliation,0.0,178.819309244,0.0,191.3319313719985,52,False,1,broad-rank-v1:b-4c5e546bff377f4165b7,,,19,18,Enclosing batch sums; includes preparation and verification. Not exact discovery CPU.
ORIGINATING_CALL; may be certified by later reconciliation,0.0,168.80147003300002,0.0,177.24364699597936,23,False,1,broad-rank-v1:b-0dda565946f401e5ce8a,,,18,17,Enclosing batch sums; includes preparation and verification. Not exact discovery CPU.
ORIGINATING_CALL; may be certified by later reconciliation,0.0,191.129466731,0.0,203.81858488800935,32,False,1,broad-rank-v1:b-d0768cd5d56901e83122,,,18,17,Enclosing batch sums; includes preparation and verification. Not exact discovery CPU.
ORIGINATING_CALL; may be certified by later reconciliation,0.0,191.129466731,0.0,203.81858488800935,39,False,1,broad-rank-v1:b-d0768cd5d56901e83122,,,19,18,Enclosing batch sums; includes preparation and verification. Not exact discovery CPU.
ORIGINATING_CALL; may be certified by later reconciliation,0.0,137.40218745800001,0.0,147.19293693001964,9,False,1,broad-rank-v1:b-256730e840b49a6120a1,,,18,17,Enclosing batch sums; includes preparation and verification. Not exact discovery CPU.
ORIGINATING_CALL; may be certified by later reconciliation,0.0,440.89309311999995,0.0,450.79431095099426,1,False,1,broad-rank-v1:b-4410cdc73412aacf2537,,,18,17,Enclosing batch sums; includes preparation and verification. Not exact discovery CPU.
ORIGINATING_CALL; may be certified by later reconciliation,0.0,440.89309311999995,0.0,450.79431095099426,4,False,1,broad-rank-v1:b-4410cdc73412aacf2537,,,19,18,Enclosing batch sums; includes preparation and verification. Not exact discovery CPU.
ORIGINATING_CALL; may be certified by later reconciliation,0.0,440.89309311999995,0.0,450.79431095099426,11,False,2,broad-rank-v1:b-4410cdc73412aacf2537,,,21,19,Enclosing batch sums; includes preparation and verification. Not exact discovery CPU.
ORIGINATING_CALL; may be certified by later reconciliation,0.0,440.89309311999995,0.0,450.79431095099426,44,False,1,broad-rank-v1:b-4410cdc73412aacf2537,,,22,21,Enclosing batch sums; includes preparation and verification. Not exact discovery CPU.
ORIGINATING_CALL; may be certified by later reconciliation,0.0,440.89309311999995,0.0,450.79431095099426,67,False,1,broad-rank-v1:b-4410cdc73412aacf2537,,,23,22,Enclosing batch sums; includes preparation and verification. Not exact discovery CPU.
ORIGINATING_CALL; may be certified by later reconciliation,0.0,440.89309311999995,0.0,450.79431095099426,70,True,1,broad-rank-v1:b-4410cdc73412aacf2537,,,24,23,Enclosing batch sums; includes preparation and verification. Not exact discovery CPU.
ORIGINATING_CALL; may be certified by later reconciliation,0.0,277.066666461,0.0,289.2512764999992,1,False,2,broad-rank-v1:b-c4f5ac404805ee0025db,,,19,17,Enclosing batch sums; includes preparation and verification. Not exact discovery CPU.
ORIGINATING_CALL; may be certified by later reconciliation,0.0,277.066666461,0.0,289.2512764999992,2,False,1,broad-rank-v1:b-c4f5ac404805ee0025db,,,20,19,Enclosing batch sums; includes preparation and verification. Not exact discovery CPU.
ORIGINATING_CALL; may be certified by later reconciliation,0.0,277.066666461,0.0,289.2512764999992,6,False,1,broad-rank-v1:b-c4f5ac404805ee0025db,,,21,20,Enclosing batch sums; includes preparation and verification. Not exact discovery CPU.
ORIGINATING_CALL; may be certified by later reconciliation,0.0,277.066666461,0.0,289.2512764999992,7,False,1,broad-rank-v1:b-c4f5ac404805ee0025db,,,22,21,Enclosing batch sums; includes preparation and verification. Not exact discovery CPU.
ORIGINATING_CALL; may be certified by later reconciliation,0.0,481.95174724599997,0.0,494.64865175200976,3,False,1,broad-rank-v1:b-abdbb535111fd5090fb6,,,18,17,Enclosing batch sums; includes preparation and verification. Not exact discovery CPU.
ORIGINATING_CALL; may be certified by later reconciliation,0.0,481.95174724599997,0.0,494.64865175200976,5,False,1,broad-rank-v1:b-abdbb535111fd5090fb6,,,19,18,Enclosing batch sums; includes preparation and verification. Not exact discovery CPU.
ORIGINATING_CALL; may be certified by later reconciliation,0.0,481.95174724599997,0.0,494.64865175200976,6,False,1,broad-rank-v1:b-abdbb535111fd5090fb6,,,20,19,Enclosing batch sums; includes preparation and verification. Not exact discovery CPU.
ORIGINATING_CALL; may be certified by later reconciliation,0.0,481.95174724599997,0.0,494.64865175200976,8,False,1,broad-rank-v1:b-abdbb535111fd5090fb6,,,21,20,Enclosing batch sums; includes preparation and verification. Not exact discovery CPU.
ORIGINATING_CALL; may be certified by later reconciliation,0.0,481.95174724599997,0.0,494.64865175200976,9,False,1,broad-rank-v1:b-abdbb535111fd5090fb6,,,22,21,Enclosing batch sums; includes preparation and verification. Not exact discovery CPU.
ORIGINATING_CALL; may be certified by later reconciliation,0.0,481.95174724599997,0.0,494.64865175200976,14,False,1,broad-rank-v1:b-abdbb535111fd5090fb6,,,23,22,Enclosing batch sums; includes preparation and verification. Not exact discovery CPU.
ORIGINATING_CALL; may be certified by later reconciliation,0.0,481.95174724599997,0.0,494.64865175200976,37,True,1,broad-rank-v1:b-abdbb535111fd5090fb6,,,24,23,Enclosing batch sums; includes preparation and verification. Not exact discovery CPU.
ORIGINATING_CALL; may be certified by later reconciliation,0.0,164.922055013,0.0,170.1883523229917,13,False,1,broad-rank-v1:b-bd497e58460d9da415a1,,,18,17,Enclosing batch sums; includes preparation and verification. Not exact discovery CPU.
ORIGINATING_CALL; may be certified by later reconciliation,0.0,175.40127053499998,0.0,180.10733090699068,17,False,1,broad-rank-v1:b-ba664e39bd145fad5aa1,,,18,17,Enclosing batch sums; includes preparation and verification. Not exact discovery CPU.
ORIGINATING_CALL; may be certified by later reconciliation,0.0,143.13228878200002,0.0,149.84340214799158,1,False,1,broad-rank-v1:b-97124848f4563a268e15,,,18,17,Enclosing batch sums; includes preparation and verification. Not exact discovery CPU.
ORIGINATING_CALL; may be certified by later reconciliation,0.0,125.180525098,0.0,132.65121002399246,1,False,1,broad-rank-v1:b-6e58358c2769399eea17,,,18,17,Enclosing batch sums; includes preparation and verification. Not exact discovery CPU.
ORIGINATING_CALL; may be certified by later reconciliation,0.0,146.862579144,0.0,153.43278769397875,20,False,1,broad-rank-v1:b-f2ef0b2d8863585e1a56,,,18,17,Enclosing batch sums; includes preparation and verification. Not exact discovery CPU.
ORIGINATING_CALL; may be certified by later reconciliation,0.0,134.538706982,0.0,141.96296153200092,11,False,1,broad-rank-v1:b-a47c392e72349d07d7ed,,,18,17,Enclosing batch sums; includes preparation and verification. Not exact discovery CPU.
ORIGINATING_CALL; may be certified by later reconciliation,0.0,172.18374445299997,0.0,179.70324659597827,44,False,1,broad-rank-v1:b-1282fa80cfcebe77620f,,,18,17,Enclosing batch sums; includes preparation and verification. Not exact discovery CPU.
ORIGINATING_CALL; may be certified by later reconciliation,0.0,172.568946301,0.0,181.38638519999222,65,False,1,broad-rank-v1:b-dbf318e688266d0581bd,,,18,17,Enclosing batch sums; includes preparation and verification. Not exact discovery CPU.
ORIGINATING_CALL; may be certified by later reconciliation,0.0,180.389852265,0.0,188.92080466498737,4,False,1,broad-rank-v1:b-f71e465d91f1d3582a14,,,18,17,Enclosing batch sums; includes preparation and verification. Not exact discovery CPU.
ORIGINATING_CALL; may be certified by later reconciliation,0.0,180.389852265,0.0,188.92080466498737,16,False,1,broad-rank-v1:b-f71e465d91f1d3582a14,,,19,18,Enclosing batch sums; includes preparation and verification. Not exact discovery CPU.
ORIGINATING_CALL; may be certified by later reconciliation,0.0,156.786085771,0.0,163.6888866929803,15,False,1,broad-rank-v1:b-4652ab83aa63856b5cdf,,,18,17,Enclosing batch sums; includes preparation and verification. Not exact discovery CPU.
ORIGINATING_CALL; may be certified by later reconciliation,0.0,173.527325281,0.0,183.48060378897935,13,False,1,broad-rank-v1:b-9d9bc1c8603ee7ab2c45,,,18,17,Enclosing batch sums; includes preparation and verification. Not exact discovery CPU.
ORIGINATING_CALL; may be certified by later reconciliation,0.0,173.527325281,0.0,183.48060378897935,36,False,1,broad-rank-v1:b-9d9bc1c8603ee7ab2c45,,,19,18,Enclosing batch sums; includes preparation and verification. Not exact discovery CPU.
ORIGINATING_CALL; may be certified by later reconciliation,0.0,193.052612475,0.0,206.23867197101936,1,False,1,broad-rank-v1:b-97e7fc746927e5ed31c9,,,18,17,Enclosing batch sums; includes preparation and verification. Not exact discovery CPU.
ORIGINATING_CALL; may be certified by later reconciliation,0.0,193.052612475,0.0,206.23867197101936,14,False,1,broad-rank-v1:b-97e7fc746927e5ed31c9,,,19,18,Enclosing batch sums; includes preparation and verification. Not exact discovery CPU.
ORIGINATING_CALL; may be certified by later reconciliation,0.0,193.052612475,0.0,206.23867197101936,15,False,1,broad-rank-v1:b-97e7fc746927e5ed31c9,,,20,19,Enclosing batch sums; includes preparation and verification. Not exact discovery CPU.
ORIGINATING_CALL; may be certified by later reconciliation,0.0,256.44673825399997,0.0,273.1411481190007,1,False,2,broad-rank-v1:b-cf9dbdba5e5465a71264,,,19,17,Enclosing batch sums; includes preparation and verification. Not exact discovery CPU.
ORIGINATING_CALL; may be certified by later reconciliation,0.0,256.44673825399997,0.0,273.1411481190007,6,False,1,broad-rank-v1:b-cf9dbdba5e5465a71264,,,20,19,Enclosing batch sums; includes preparation and verification. Not exact discovery CPU.
ORIGINATING_CALL; may be certified by later reconciliation,0.0,256.44673825399997,0.0,273.1411481190007,7,False,1,broad-rank-v1:b-cf9dbdba5e5465a71264,,,21,20,Enclosing batch sums; includes preparation and verification. Not exact discovery CPU.
ORIGINATING_CALL; may be certified by later reconciliation,0.0,256.44673825399997,0.0,273.1411481190007,34,False,1,broad-rank-v1:b-cf9dbdba5e5465a71264,,,22,21,Enclosing batch sums; includes preparation and verification. Not exact discovery CPU.
ORIGINATING_CALL; may be certified by later reconciliation,0.0,177.61963589,0.0,187.88731043500593,1,False,2,broad-rank-v1:b-eeb0299cbef171a0d966,,,19,17,Enclosing batch sums; includes preparation and verification. Not exact discovery CPU.
ORIGINATING_CALL; may be certified by later reconciliation,0.0,177.61963589,0.0,187.88731043500593,13,False,1,broad-rank-v1:b-eeb0299cbef171a0d966,,,20,19,Enclosing batch sums; includes preparation and verification. Not exact discovery CPU.
ORIGINATING_CALL; may be certified by later reconciliation,0.0,193.500803341,0.0,208.48885766000603,31,False,1,broad-rank-v1:b-b6569c84e346ce592225,,,18,17,Enclosing batch sums; includes preparation and verification. Not exact discovery CPU.
ORIGINATING_CALL; may be certified by later reconciliation,0.0,193.500803341,0.0,208.48885766000603,102,False,1,broad-rank-v1:b-b6569c84e346ce592225,,,19,18,Enclosing batch sums; includes preparation and verification. Not exact discovery CPU.
ORIGINATING_CALL; may be certified by later reconciliation,193.500803341,320.25483978,208.48885766000603,344.68539316699025,208,False,1,broad-rank-v1:b-b6569c84e346ce592225,,,20,19,Enclosing batch sums; includes preparation and verification. Not exact discovery CPU.
ORIGINATING_CALL; may be certified by later reconciliation,0.0,134.03162114900002,0.0,141.72624492598698,3,False,1,broad-rank-v1:b-672d73b381a93588e302,,,18,17,Enclosing batch sums; includes preparation and verification. Not exact discovery CPU.
ORIGINATING_CALL; may be certified by later reconciliation,134.03162114900002,258.537200599,141.72624492598698,275.77782622000086,94,False,1,broad-rank-v1:b-672d73b381a93588e302,,,19,18,Enclosing batch sums; includes preparation and verification. Not exact discovery CPU.
ORIGINATING_CALL; may be certified by later reconciliation,258.537200599,407.978110185,275.77782622000086,436.4406408270006,220,False,1,broad-rank-v1:b-672d73b381a93588e302,,,20,19,Enclosing batch sums; includes preparation and verification. Not exact discovery CPU.
ORIGINATING_CALL; may be certified by later reconciliation,258.537200599,407.978110185,275.77782622000086,436.4406408270006,221,False,1,broad-rank-v1:b-672d73b381a93588e302,,,21,20,Enclosing batch sums; includes preparation and verification. Not exact discovery CPU.
ORIGINATING_CALL; may be certified by later reconciliation,0.0,210.36925407899997,0.0,225.24686492298497,1,False,1,broad-rank-v1:b-3793f43047ca7093859a,,,18,17,Enclosing batch sums; includes preparation and verification. Not exact discovery CPU.
ORIGINATING_CALL; may be certified by later reconciliation,0.0,210.36925407899997,0.0,225.24686492298497,4,False,1,broad-rank-v1:b-3793f43047ca7093859a,,,19,18,Enclosing batch sums; includes preparation and verification. Not exact discovery CPU.
ORIGINATING_CALL; may be certified by later reconciliation,0.0,210.36925407899997,0.0,225.24686492298497,5,False,1,broad-rank-v1:b-3793f43047ca7093859a,,,20,19,Enclosing batch sums; includes preparation and verification. Not exact discovery CPU.
ORIGINATING_CALL; may be certified by later reconciliation,0.0,210.36925407899997,0.0,225.24686492298497,18,False,1,broad-rank-v1:b-3793f43047ca7093859a,,,21,20,Enclosing batch sums; includes preparation and verification. Not exact discovery CPU.
ORIGINATING_CALL; may be certified by later reconciliation,0.0,167.516335645,0.0,176.7517186269979,15,False,1,broad-rank-v1:b-4c6acf7eca427d5ff23a,,,18,17,Enclosing batch sums; includes preparation and verification. Not exact discovery CPU.
ORIGINATING_CALL; may be certified by later reconciliation,0.0,167.516335645,0.0,176.7517186269979,18,False,1,broad-rank-v1:b-4c6acf7eca427d5ff23a,,,19,18,Enclosing batch sums; includes preparation and verification. Not exact discovery CPU.
ORIGINATING_CALL; may be certified by later reconciliation,167.516335645,287.044536095,176.7517186269979,308.8905298990139,204,False,1,broad-rank-v1:b-4c6acf7eca427d5ff23a,,,20,19,Enclosing batch sums; includes preparation and verification. Not exact discovery CPU.
ORIGINATING_CALL; may be certified by later reconciliation,0.0,178.65113312900002,0.0,185.78016124397982,59,False,1,broad-rank-v1:b-8b22ef617b404f2cdd99,,,18,17,Enclosing batch sums; includes preparation and verification. Not exact discovery CPU.
ORIGINATING_CALL; may be certified by later reconciliation,0.0,217.81391748700003,0.0,234.19383134698728,19,False,1,broad-rank-v1:b-4b8ec68829bed1a15d92,,,18,17,Enclosing batch sums; includes preparation and verification. Not exact discovery CPU.
ORIGINATING_CALL; may be certified by later reconciliation,0.0,217.81391748700003,0.0,234.19383134698728,28,False,1,broad-rank-v1:b-4b8ec68829bed1a15d92,,,19,18,Enclosing batch sums; includes preparation and verification. Not exact discovery CPU.
ORIGINATING_CALL; may be certified by later reconciliation,0.0,217.81391748700003,0.0,234.19383134698728,57,False,1,broad-rank-v1:b-4b8ec68829bed1a15d92,,,20,19,Enclosing batch sums; includes preparation and verification. Not exact discovery CPU.
ORIGINATING_CALL; may be certified by later reconciliation,0.0,217.81391748700003,0.0,234.19383134698728,74,False,1,broad-rank-v1:b-4b8ec68829bed1a15d92,,,21,20,Enclosing batch sums; includes preparation and verification. Not exact discovery CPU.
ORIGINATING_CALL; may be certified by later reconciliation,0.0,139.31127904,0.0,147.83694327200647,1,False,1,broad-rank-v1:b-b2fcceee7db8a7b5df63,,,18,17,Enclosing batch sums; includes preparation and verification. Not exact discovery CPU.
ORIGINATING_CALL; may be certified by later reconciliation,0.0,155.25915128900002,0.0,162.42757907300256,15,False,1,broad-rank-v1:b-2becc3c1cdafe1562167,,,18,17,Enclosing batch sums; includes preparation and verification. Not exact discovery CPU.
ORIGINATING_CALL; may be certified by later reconciliation,0.0,147.631946007,0.0,155.86342509000679,7,False,1,broad-rank-v1:b-f348e44534c1728e55e1,,,18,17,Enclosing batch sums; includes preparation and verification. Not exact discovery CPU.
ORIGINATING_CALL; may be certified by later reconciliation,147.631946007,271.540681744,155.86342509000679,299.44016096400446,152,False,1,broad-rank-v1:b-f348e44534c1728e55e1,,,19,18,Enclosing batch sums; includes preparation and verification. Not exact discovery CPU.
ORIGINATING_CALL; may be certified by later reconciliation,0.0,181.930860197,0.0,198.96452556102304,9,False,1,broad-rank-v1:b-7b8024b648a6346acf03,,,18,17,Enclosing batch sums; includes preparation and verification. Not exact discovery CPU.
ORIGINATING_CALL; may be certified by later reconciliation,0.0,181.930860197,0.0,198.96452556102304,14,False,1,broad-rank-v1:b-7b8024b648a6346acf03,,,19,18,Enclosing batch sums; includes preparation and verification. Not exact discovery CPU.
ORIGINATING_CALL; may be certified by later reconciliation,0.0,181.930860197,0.0,198.96452556102304,35,False,1,broad-rank-v1:b-7b8024b648a6346acf03,,,20,19,Enclosing batch sums; includes preparation and verification. Not exact discovery CPU.
ORIGINATING_CALL; may be certified by later reconciliation,0.0,147.610368467,0.0,155.34009658699506,11,False,1,broad-rank-v1:b-9617ac0ddfee07dd3a87,,,18,17,Enclosing batch sums; includes preparation and verification. Not exact discovery CPU.
ORIGINATING_CALL; may be certified by later reconciliation,0.0,170.683057652,0.0,179.6857563520025,53,False,1,broad-rank-v1:b-1c32f82800a085b76cd7,,,18,17,Enclosing batch sums; includes preparation and verification. Not exact discovery CPU.
ORIGINATING_CALL; may be certified by later reconciliation,0.0,173.76717669500002,0.0,183.15489207900828,17,False,1,broad-rank-v1:b-484a2347c226ac8bcc7c,,,18,17,Enclosing batch sums; includes preparation and verification. Not exact discovery CPU.
ORIGINATING_CALL; may be certified by later reconciliation,0.0,173.76717669500002,0.0,183.15489207900828,36,False,1,broad-rank-v1:b-484a2347c226ac8bcc7c,,,19,18,Enclosing batch sums; includes preparation and verification. Not exact discovery CPU.
ORIGINATING_CALL; may be certified by later reconciliation,0.0,139.701282637,0.0,147.7676099029777,3,False,1,broad-rank-v1:b-ce038f4d2d224d2951e6,,,18,17,Enclosing batch sums; includes preparation and verification. Not exact discovery CPU.
ORIGINATING_CALL; may be certified by later reconciliation,0.0,152.85718592499998,0.0,164.70791480201297,3,False,1,broad-rank-v1:b-4202919fa1606c7dbfba,,,18,17,Enclosing batch sums; includes preparation and verification. Not exact discovery CPU.
ORIGINATING_CALL; may be certified by later reconciliation,0.0,152.85718592499998,0.0,164.70791480201297,6,False,1,broad-rank-v1:b-4202919fa1606c7dbfba,,,19,18,Enclosing batch sums; includes preparation and verification. Not exact discovery CPU.
ORIGINATING_CALL; may be certified by later reconciliation,0.0,233.332746171,0.0,247.94354410399683,6,False,1,broad-rank-v1:b-6ab71c71186c25548b3f,,,18,17,Enclosing batch sums; includes preparation and verification. Not exact discovery CPU.
ORIGINATING_CALL; may be certified by later reconciliation,0.0,233.332746171,0.0,247.94354410399683,9,False,1,broad-rank-v1:b-6ab71c71186c25548b3f,,,19,18,Enclosing batch sums; includes preparation and verification. Not exact discovery CPU.
ORIGINATING_CALL; may be certified by later reconciliation,0.0,233.332746171,0.0,247.94354410399683,14,False,1,broad-rank-v1:b-6ab71c71186c25548b3f,,,20,19,Enclosing batch sums; includes preparation and verification. Not exact discovery CPU.
ORIGINATING_CALL; may be certified by later reconciliation,0.0,233.332746171,0.0,247.94354410399683,39,False,1,broad-rank-v1:b-6ab71c71186c25548b3f,,,21,20,Enclosing batch sums; includes preparation and verification. Not exact discovery CPU.
ORIGINATING_CALL; may be certified by later reconciliation,0.0,141.09767971099998,0.0,149.44598222599598,4,False,1,broad-rank-v1:b-d26b2a6cd1bdcf524759,,,18,17,Enclosing batch sums; includes preparation and verification. Not exact discovery CPU.
ORIGINATING_CALL; may be certified by later reconciliation,0.0,154.70755097699998,0.0,164.3572691709851,52,False,1,broad-rank-v1:b-721540110eabb94a87d9,,,18,17,Enclosing batch sums; includes preparation and verification. Not exact discovery CPU.
ORIGINATING_CALL; may be certified by later reconciliation,0.0,122.619363452,0.0,129.8387344549992,1,False,1,broad-rank-v1:b-9ece5f3c198dcb3e77fe,,,18,17,Enclosing batch sums; includes preparation and verification. Not exact discovery CPU.
ORIGINATING_CALL; may be certified by later reconciliation,122.619363452,226.809392933,129.8387344549992,244.75053799001034,110,False,1,broad-rank-v1:b-9ece5f3c198dcb3e77fe,,,19,18,Enclosing batch sums; includes preparation and verification. Not exact discovery CPU.
ORIGINATING_CALL; may be certified by later reconciliation,0.0,210.555610102,0.0,226.74230793499737,1,False,1,broad-rank-v1:b-e123716186cff91ef3cf,,,18,17,Enclosing batch sums; includes preparation and verification. Not exact discovery CPU.
ORIGINATING_CALL; may be certified by later reconciliation,0.0,210.555610102,0.0,226.74230793499737,60,False,1,broad-rank-v1:b-e123716186cff91ef3cf,,,19,18,Enclosing batch sums; includes preparation and verification. Not exact discovery CPU.
ORIGINATING_CALL; may be certified by later reconciliation,0.0,210.555610102,0.0,226.74230793499737,62,False,1,broad-rank-v1:b-e123716186cff91ef3cf,,,20,19,Enclosing batch sums; includes preparation and verification. Not exact discovery CPU.
ORIGINATING_CALL; may be certified by later reconciliation,0.0,210.555610102,0.0,226.74230793499737,79,False,1,broad-rank-v1:b-e123716186cff91ef3cf,,,21,20,Enclosing batch sums; includes preparation and verification. Not exact discovery CPU.
ORIGINATING_CALL; may be certified by later reconciliation,210.555610102,384.145704156,226.74230793499737,420.58750587300165,124,False,1,broad-rank-v1:b-e123716186cff91ef3cf,,,22,21,Enclosing batch sums; includes preparation and verification. Not exact discovery CPU.
ORIGINATING_CALL; may be certified by later reconciliation,0.0,191.87115986700002,0.0,198.56151066199527,45,False,1,broad-rank-v1:b-2c1a7ce9bcba17244cf2,,,18,17,Enclosing batch sums; includes preparation and verification. Not exact discovery CPU.
ORIGINATING_CALL; may be certified by later reconciliation,0.0,162.21616392299998,0.0,172.99436327599688,3,False,1,broad-rank-v1:b-f6c7930c90951ca3de0e,,,18,17,Enclosing batch sums; includes preparation and verification. Not exact discovery CPU.
ORIGINATING_CALL; may be certified by later reconciliation,0.0,162.21616392299998,0.0,172.99436327599688,70,False,1,broad-rank-v1:b-f6c7930c90951ca3de0e,,,19,18,Enclosing batch sums; includes preparation and verification. Not exact discovery CPU.
ORIGINATING_CALL; may be certified by later reconciliation,0.0,163.128309604,0.0,173.52799979099655,9,False,1,broad-rank-v1:b-63b109bb65dad23dbccb,,,18,17,Enclosing batch sums; includes preparation and verification. Not exact discovery CPU.
ORIGINATING_CALL; may be certified by later reconciliation,0.0,163.128309604,0.0,173.52799979099655,62,False,1,broad-rank-v1:b-63b109bb65dad23dbccb,,,19,18,Enclosing batch sums; includes preparation and verification. Not exact discovery CPU.
ORIGINATING_CALL; may be certified by later reconciliation,0.0,168.05752486999998,0.0,175.7560234279954,15,False,1,broad-rank-v1:b-5aa702192fdcd37aef80,,,18,17,Enclosing batch sums; includes preparation and verification. Not exact discovery CPU.
ORIGINATING_CALL; may be certified by later reconciliation,0.0,163.996263059,0.0,173.3783661359921,1,False,1,broad-rank-v1:b-8b0fa3751669afdf083f,,,18,17,Enclosing batch sums; includes preparation and verification. Not exact discovery CPU.
ORIGINATING_CALL; may be certified by later reconciliation,0.0,163.996263059,0.0,173.3783661359921,6,False,1,broad-rank-v1:b-8b0fa3751669afdf083f,,,19,18,Enclosing batch sums; includes preparation and verification. Not exact discovery CPU.
ORIGINATING_CALL; may be certified by later reconciliation,0.0,186.75324276699996,0.0,199.43847309899866,1,False,1,broad-rank-v1:b-f44d7c73bd24ac710d6c,,,18,17,Enclosing batch sums; includes preparation and verification. Not exact discovery CPU.
ORIGINATING_CALL; may be certified by later reconciliation,0.0,186.75324276699996,0.0,199.43847309899866,8,False,1,broad-rank-v1:b-f44d7c73bd24ac710d6c,,,19,18,Enclosing batch sums; includes preparation and verification. Not exact discovery CPU.
ORIGINATING_CALL; may be certified by later reconciliation,0.0,186.75324276699996,0.0,199.43847309899866,25,False,1,broad-rank-v1:b-f44d7c73bd24ac710d6c,,,20,19,Enclosing batch sums; includes preparation and verification. Not exact discovery CPU.
ORIGINATING_CALL; may be certified by later reconciliation,186.75324276699996,327.508693139,199.43847309899866,354.6407571180025,132,False,1,broad-rank-v1:b-f44d7c73bd24ac710d6c,,,21,20,Enclosing batch sums; includes preparation and verification. Not exact discovery CPU.
ORIGINATING_CALL; may be certified by later reconciliation,0.0,162.204862233,0.0,170.35755727399373,43,False,1,broad-rank-v1:b-b17573f9d14e26778bd7,,,18,17,Enclosing batch sums; includes preparation and verification. Not exact discovery CPU.
ORIGINATING_CALL; may be certified by later reconciliation,0.0,181.207094828,0.0,191.07761183098773,9,False,1,broad-rank-v1:b-c7d64e5abad0626ef682,,,18,17,Enclosing batch sums; includes preparation and verification. Not exact discovery CPU.
ORIGINATING_CALL; may be certified by later reconciliation,0.0,181.207094828,0.0,191.07761183098773,56,False,1,broad-rank-v1:b-c7d64e5abad0626ef682,,,19,18,Enclosing batch sums; includes preparation and verification. Not exact discovery CPU.
ORIGINATING_CALL; may be certified by later reconciliation,181.207094828,314.114522274,191.07761183098773,344.3924274389865,198,False,1,broad-rank-v1:b-c7d64e5abad0626ef682,,,20,19,Enclosing batch sums; includes preparation and verification. Not exact discovery CPU.
ORIGINATING_CALL; may be certified by later reconciliation,0.0,148.06081396,0.0,158.34649334999267,15,False,1,broad-rank-v1:b-5c8873afbcb380695d30,,,18,17,Enclosing batch sums; includes preparation and verification. Not exact discovery CPU.
ORIGINATING_CALL; may be certified by later reconciliation,0.0,125.041208379,0.0,134.88862050999887,7,False,1,broad-rank-v1:b-de720de073b763f62a6d,,,18,17,Enclosing batch sums; includes preparation and verification. Not exact discovery CPU.
ORIGINATING_CALL; may be certified by later reconciliation,0.0,236.219158535,0.0,243.1093308479758,75,False,1,broad-rank-v1:b-d355129341b9e6ca3d95,,,18,17,Enclosing batch sums; includes preparation and verification. Not exact discovery CPU.
ORIGINATING_CALL; may be certified by later reconciliation,0.0,181.682667986,0.0,194.75905552500626,1,False,1,broad-rank-v1:b-047ddd3458f4838945a1,,,18,17,Enclosing batch sums; includes preparation and verification. Not exact discovery CPU.
ORIGINATING_CALL; may be certified by later reconciliation,0.0,181.682667986,0.0,194.75905552500626,2,False,1,broad-rank-v1:b-047ddd3458f4838945a1,,,19,18,Enclosing batch sums; includes preparation and verification. Not exact discovery CPU.
ORIGINATING_CALL; may be certified by later reconciliation,0.0,181.682667986,0.0,194.75905552500626,7,False,1,broad-rank-v1:b-047ddd3458f4838945a1,,,20,19,Enclosing batch sums; includes preparation and verification. Not exact discovery CPU.
ORIGINATING_CALL; may be certified by later reconciliation,294.737785683,427.56654577000006,323.1222850650083,463.03232693701284,286,False,1,broad-rank-v1:b-047ddd3458f4838945a1,,,21,20,Enclosing batch sums; includes preparation and verification. Not exact discovery CPU.
ORIGINATING_CALL; may be certified by later reconciliation,0.0,176.37979822600002,0.0,187.45070128398947,3,False,1,broad-rank-v1:b-bed2271a4981a8704986,,,18,17,Enclosing batch sums; includes preparation and verification. Not exact discovery CPU.
ORIGINATING_CALL; may be certified by later reconciliation,0.0,176.37979822600002,0.0,187.45070128398947,12,False,1,broad-rank-v1:b-bed2271a4981a8704986,,,19,18,Enclosing batch sums; includes preparation and verification. Not exact discovery CPU.
ORIGINATING_CALL; may be certified by later reconciliation,0.0,209.871589505,0.0,228.16369699200732,1,False,1,broad-rank-v1:b-f0b26b64fa17e54c9191,,,18,17,Enclosing batch sums; includes preparation and verification. Not exact discovery CPU.
ORIGINATING_CALL; may be certified by later reconciliation,0.0,209.871589505,0.0,228.16369699200732,2,False,1,broad-rank-v1:b-f0b26b64fa17e54c9191,,,19,18,Enclosing batch sums; includes preparation and verification. Not exact discovery CPU.
ORIGINATING_CALL; may be certified by later reconciliation,0.0,209.871589505,0.0,228.16369699200732,3,False,1,broad-rank-v1:b-f0b26b64fa17e54c9191,,,20,19,Enclosing batch sums; includes preparation and verification. Not exact discovery CPU.
ORIGINATING_CALL; may be certified by later reconciliation,0.0,209.871589505,0.0,228.16369699200732,6,False,1,broad-rank-v1:b-f0b26b64fa17e54c9191,,,21,20,Enclosing batch sums; includes preparation and verification. Not exact discovery CPU.
ORIGINATING_CALL; may be certified by later reconciliation,0.0,179.897617371,0.0,194.89776467398042,1,False,1,broad-rank-v1:b-f22160f06f8a66ba85e8,,,18,17,Enclosing batch sums; includes preparation and verification. Not exact discovery CPU.
ORIGINATING_CALL; may be certified by later reconciliation,0.0,179.897617371,0.0,194.89776467398042,12,False,1,broad-rank-v1:b-f22160f06f8a66ba85e8,,,19,18,Enclosing batch sums; includes preparation and verification. Not exact discovery CPU.
ORIGINATING_CALL; may be certified by later reconciliation,0.0,179.897617371,0.0,194.89776467398042,19,False,1,broad-rank-v1:b-f22160f06f8a66ba85e8,,,20,19,Enclosing batch sums; includes preparation and verification. Not exact discovery CPU.
ORIGINATING_CALL; may be certified by later reconciliation,0.0,357.35549274100003,0.0,374.64382100699004,1,False,1,broad-rank-v1:b-1cd5bce4943b9b28a095,,,18,17,Enclosing batch sums; includes preparation and verification. Not exact discovery CPU.
ORIGINATING_CALL; may be certified by later reconciliation,0.0,357.35549274100003,0.0,374.64382100699004,20,False,1,broad-rank-v1:b-1cd5bce4943b9b28a095,,,19,18,Enclosing batch sums; includes preparation and verification. Not exact discovery CPU.
ORIGINATING_CALL; may be certified by later reconciliation,0.0,357.35549274100003,0.0,374.64382100699004,21,False,1,broad-rank-v1:b-1cd5bce4943b9b28a095,,,20,19,Enclosing batch sums; includes preparation and verification. Not exact discovery CPU.
ORIGINATING_CALL; may be certified by later reconciliation,0.0,357.35549274100003,0.0,374.64382100699004,26,False,1,broad-rank-v1:b-1cd5bce4943b9b28a095,,,21,20,Enclosing batch sums; includes preparation and verification. Not exact discovery CPU.
ORIGINATING_CALL; may be certified by later reconciliation,0.0,357.35549274100003,0.0,374.64382100699004,27,False,1,broad-rank-v1:b-1cd5bce4943b9b28a095,,,22,21,Enclosing batch sums; includes preparation and verification. Not exact discovery CPU.
ORIGINATING_CALL; may be certified by later reconciliation,0.0,357.35549274100003,0.0,374.64382100699004,76,False,1,broad-rank-v1:b-1cd5bce4943b9b28a095,,,23,22,Enclosing batch sums; includes preparation and verification. Not exact discovery CPU.
ORIGINATING_CALL; may be certified by later reconciliation,0.0,154.406463421,0.0,162.01642537099542,19,False,1,broad-rank-v1:b-9ca924b79a40dbe5bf9f,,,18,17,Enclosing batch sums; includes preparation and verification. Not exact discovery CPU.
ORIGINATING_CALL; may be certified by later reconciliation,0.0,138.67647246,0.0,146.84396797098452,5,False,1,broad-rank-v1:b-79e6e7b3e174467df8d5,,,18,17,Enclosing batch sums; includes preparation and verification. Not exact discovery CPU.
ORIGINATING_CALL; may be certified by later reconciliation,0.0,180.15544200300002,0.0,189.74163977001444,65,False,1,broad-rank-v1:b-23f60edfa811f8871286,,,18,17,Enclosing batch sums; includes preparation and verification. Not exact discovery CPU.
ORIGINATING_CALL; may be certified by later reconciliation,0.0,136.26821336400002,0.0,144.6711874989851,1,False,1,broad-rank-v1:b-3a3b83c37f6db7601b46,,,18,17,Enclosing batch sums; includes preparation and verification. Not exact discovery CPU.
ORIGINATING_CALL; may be certified by later reconciliation,136.26821336400002,255.583738347,144.6711874989851,279.6603939009947,106,False,1,broad-rank-v1:b-3a3b83c37f6db7601b46,,,19,18,Enclosing batch sums; includes preparation and verification. Not exact discovery CPU.
ORIGINATING_CALL; may be certified by later reconciliation,0.0,220.185088872,0.0,229.3780924110033,88,False,1,broad-rank-v1:b-ba951b5783796c25a647,,,18,17,Enclosing batch sums; includes preparation and verification. Not exact discovery CPU.
ORIGINATING_CALL; may be certified by later reconciliation,0.0,139.888128005,0.0,148.69317592898733,9,False,1,broad-rank-v1:b-a13e4e6f02fb86b720ea,,,18,17,Enclosing batch sums; includes preparation and verification. Not exact discovery CPU.
ORIGINATING_CALL; may be certified by later reconciliation,0.0,178.869552508,0.0,197.2037553510163,1,False,1,broad-rank-v1:b-2ed69cbae2ca5b4ba571,,,18,17,Enclosing batch sums; includes preparation and verification. Not exact discovery CPU.
ORIGINATING_CALL; may be certified by later reconciliation,0.0,178.869552508,0.0,197.2037553510163,22,False,1,broad-rank-v1:b-2ed69cbae2ca5b4ba571,,,19,18,Enclosing batch sums; includes preparation and verification. Not exact discovery CPU.
ORIGINATING_CALL; may be certified by later reconciliation,0.0,178.869552508,0.0,197.2037553510163,85,False,1,broad-rank-v1:b-2ed69cbae2ca5b4ba571,,,20,19,Enclosing batch sums; includes preparation and verification. Not exact discovery CPU.
ORIGINATING_CALL; may be certified by later reconciliation,0.0,194.43738888700003,0.0,208.45370396602084,38,False,1,broad-rank-v1:b-298685c7e9e676c18f62,,,18,17,Enclosing batch sums; includes preparation and verification. Not exact discovery CPU.
ORIGINATING_CALL; may be certified by later reconciliation,0.0,194.43738888700003,0.0,208.45370396602084,95,False,1,broad-rank-v1:b-298685c7e9e676c18f62,,,19,18,Enclosing batch sums; includes preparation and verification. Not exact discovery CPU.
ORIGINATING_CALL; may be certified by later reconciliation,0.0,178.19820423,0.0,188.8130837289791,51,False,1,broad-rank-v1:b-d7893ee7e2f8d18df570,,,18,17,Enclosing batch sums; includes preparation and verification. Not exact discovery CPU.
ORIGINATING_CALL; may be certified by later reconciliation,277.95660265099997,394.92629060099995,297.75259311599075,422.0450432719954,328,False,1,broad-rank-v1:b-d7893ee7e2f8d18df570,,,19,18,Enclosing batch sums; includes preparation and verification. Not exact discovery CPU.
ORIGINATING_CALL; may be certified by later reconciliation,0.0,148.81694807200003,0.0,158.05378559001838,15,False,1,broad-rank-v1:b-246dbcfa61363aa0ab51,,,18,17,Enclosing batch sums; includes preparation and verification. Not exact discovery CPU.
ORIGINATING_CALL; may be certified by later reconciliation,148.81694807200003,315.801307869,158.05378559001838,346.22353923600167,112,False,1,broad-rank-v1:b-246dbcfa61363aa0ab51,,,19,18,Enclosing batch sums; includes preparation and verification. Not exact discovery CPU.
ORIGINATING_CALL; may be certified by later reconciliation,148.81694807200003,315.801307869,158.05378559001838,346.22353923600167,115,False,1,broad-rank-v1:b-246dbcfa61363aa0ab51,,,20,19,Enclosing batch sums; includes preparation and verification. Not exact discovery CPU.
ORIGINATING_CALL; may be certified by later reconciliation,148.81694807200003,315.801307869,158.05378559001838,346.22353923600167,150,False,1,broad-rank-v1:b-246dbcfa61363aa0ab51,,,21,20,Enclosing batch sums; includes preparation and verification. Not exact discovery CPU.
ORIGINATING_CALL; may be certified by later reconciliation,0.0,254.90196975,0.0,269.22456387401326,1,False,3,broad-rank-v1:b-71d41b62b2f01bd11219,,,20,17,Enclosing batch sums; includes preparation and verification. Not exact discovery CPU.
ORIGINATING_CALL; may be certified by later reconciliation,0.0,254.90196975,0.0,269.22456387401326,3,False,1,broad-rank-v1:b-71d41b62b2f01bd11219,,,21,20,Enclosing batch sums; includes preparation and verification. Not exact discovery CPU.
ORIGINATING_CALL; may be certified by later reconciliation,0.0,254.90196975,0.0,269.22456387401326,4,False,1,broad-rank-v1:b-71d41b62b2f01bd11219,,,22,21,Enclosing batch sums; includes preparation and verification. Not exact discovery CPU.
ORIGINATING_CALL; may be certified by later reconciliation,0.0,169.66902579199999,0.0,183.26906131501892,17,False,1,broad-rank-v1:b-71f10478b42b8ebe46e8,,,18,17,Enclosing batch sums; includes preparation and verification. Not exact discovery CPU.
ORIGINATING_CALL; may be certified by later reconciliation,0.0,169.66902579199999,0.0,183.26906131501892,20,False,1,broad-rank-v1:b-71f10478b42b8ebe46e8,,,19,18,Enclosing batch sums; includes preparation and verification. Not exact discovery CPU.
ORIGINATING_CALL; may be certified by later reconciliation,0.0,133.745209848,0.0,143.0367376060167,1,False,1,broad-rank-v1:b-aceaa0c0a9cae4307d54,,,18,17,Enclosing batch sums; includes preparation and verification. Not exact discovery CPU.
ORIGINATING_CALL; may be certified by later reconciliation,0.0,146.214937268,0.0,157.1622318260197,11,False,1,broad-rank-v1:b-84b8b819b6ca34396531,,,18,17,Enclosing batch sums; includes preparation and verification. Not exact discovery CPU.
ORIGINATING_CALL; may be certified by later reconciliation,146.214937268,268.71832413,157.1622318260197,293.3804429480224,136,False,1,broad-rank-v1:b-84b8b819b6ca34396531,,,19,18,Enclosing batch sums; includes preparation and verification. Not exact discovery CPU.
ORIGINATING_CALL; may be certified by later reconciliation,0.0,131.861435586,0.0,140.67991759098368,4,False,1,broad-rank-v1:b-7aa8df7656cd82b27cf1,,,18,17,Enclosing batch sums; includes preparation and verification. Not exact discovery CPU.
ORIGINATING_CALL; may be certified by later reconciliation,131.861435586,247.72054217,140.67991759098368,265.81169999798294,159,False,1,broad-rank-v1:b-7aa8df7656cd82b27cf1,,,19,18,Enclosing batch sums; includes preparation and verification. Not exact discovery CPU.
ORIGINATING_CALL; may be certified by later reconciliation,0.0,190.78641606399998,0.0,206.27936843998032,7,False,1,broad-rank-v1:b-757e2e589551ae2188bf,,,18,17,Enclosing batch sums; includes preparation and verification. Not exact discovery CPU.
ORIGINATING_CALL; may be certified by later reconciliation,0.0,190.78641606399998,0.0,206.27936843998032,10,False,1,broad-rank-v1:b-757e2e589551ae2188bf,,,19,18,Enclosing batch sums; includes preparation and verification. Not exact discovery CPU.
ORIGINATING_CALL; may be certified by later reconciliation,0.0,190.78641606399998,0.0,206.27936843998032,15,False,1,broad-rank-v1:b-757e2e589551ae2188bf,,,20,19,Enclosing batch sums; includes preparation and verification. Not exact discovery CPU.
ORIGINATING_CALL; may be certified by later reconciliation,321.96574435699995,461.47102997499996,343.0681916119938,488.67366462401696,304,False,1,broad-rank-v1:b-757e2e589551ae2188bf,,,21,20,Enclosing batch sums; includes preparation and verification. Not exact discovery CPU.
ORIGINATING_CALL; may be certified by later reconciliation,0.0,151.129810556,0.0,165.90910596502363,7,False,1,broad-rank-v1:b-222da96b74377822b379,,,18,17,Enclosing batch sums; includes preparation and verification. Not exact discovery CPU.
ORIGINATING_CALL; may be certified by later reconciliation,0.0,151.129810556,0.0,165.90910596502363,8,False,1,broad-rank-v1:b-222da96b74377822b379,,,19,18,Enclosing batch sums; includes preparation and verification. Not exact discovery CPU.
ORIGINATING_CALL; may be certified by later reconciliation,0.0,125.52648759,0.0,135.96125292999204,12,False,1,broad-rank-v1:b-9ead82f7818e414c1a64,,,18,17,Enclosing batch sums; includes preparation and verification. Not exact discovery CPU.
ORIGINATING_CALL; may be certified by later reconciliation,0.0,163.889010493,0.0,177.55669528100407,11,False,1,broad-rank-v1:b-a114a13475fd3bb73bc6,,,18,17,Enclosing batch sums; includes preparation and verification. Not exact discovery CPU.
ORIGINATING_CALL; may be certified by later reconciliation,0.0,163.889010493,0.0,177.55669528100407,36,False,1,broad-rank-v1:b-a114a13475fd3bb73bc6,,,19,18,Enclosing batch sums; includes preparation and verification. Not exact discovery CPU.
ORIGINATING_CALL; may be certified by later reconciliation,0.0,141.507292927,0.0,150.63765521999449,1,False,1,broad-rank-v1:b-fd2af7f7fc98f1cab81d,,,18,17,Enclosing batch sums; includes preparation and verification. Not exact discovery CPU.
ORIGINATING_CALL; may be certified by later reconciliation,0.0,171.059320421,0.0,185.6347962419968,21,False,1,broad-rank-v1:b-8d16b932ea124c6e4268,,,18,17,Enclosing batch sums; includes preparation and verification. Not exact discovery CPU.
ORIGINATING_CALL; may be certified by later reconciliation,0.0,171.059320421,0.0,185.6347962419968,34,False,1,broad-rank-v1:b-8d16b932ea124c6e4268,,,19,18,Enclosing batch sums; includes preparation and verification. Not exact discovery CPU.
ORIGINATING_CALL; may be certified by later reconciliation,171.059320421,289.264707423,185.6347962419968,313.3062026039988,148,False,1,broad-rank-v1:b-8d16b932ea124c6e4268,,,20,19,Enclosing batch sums; includes preparation and verification. Not exact discovery CPU.
ORIGINATING_CALL; may be certified by later reconciliation,0.0,168.873590275,0.0,181.02130749900243,11,False,1,broad-rank-v1:b-0a660d02200ebcf12f25,,,18,17,Enclosing batch sums; includes preparation and verification. Not exact discovery CPU.
ORIGINATING_CALL; may be certified by later reconciliation,0.0,168.873590275,0.0,181.02130749900243,22,False,1,broad-rank-v1:b-0a660d02200ebcf12f25,,,19,18,Enclosing batch sums; includes preparation and verification. Not exact discovery CPU.
ORIGINATING_CALL; may be certified by later reconciliation,0.0,191.444672377,0.0,209.03421454498312,11,False,1,broad-rank-v1:b-dbf1bcd3186878cbd3da,,,18,17,Enclosing batch sums; includes preparation and verification. Not exact discovery CPU.
ORIGINATING_CALL; may be certified by later reconciliation,0.0,191.444672377,0.0,209.03421454498312,12,False,1,broad-rank-v1:b-dbf1bcd3186878cbd3da,,,19,18,Enclosing batch sums; includes preparation and verification. Not exact discovery CPU.
ORIGINATING_CALL; may be certified by later reconciliation,0.0,191.444672377,0.0,209.03421454498312,31,False,1,broad-rank-v1:b-dbf1bcd3186878cbd3da,,,20,19,Enclosing batch sums; includes preparation and verification. Not exact discovery CPU.
ORIGINATING_CALL; may be certified by later reconciliation,0.0,197.001672824,0.0,219.66681488702307,1,False,1,broad-rank-v1:b-0968c86e000a2e181cd9,,,18,17,Enclosing batch sums; includes preparation and verification. Not exact discovery CPU.
ORIGINATING_CALL; may be certified by later reconciliation,0.0,197.001672824,0.0,219.66681488702307,10,False,1,broad-rank-v1:b-0968c86e000a2e181cd9,,,19,18,Enclosing batch sums; includes preparation and verification. Not exact discovery CPU.
ORIGINATING_CALL; may be certified by later reconciliation,0.0,197.001672824,0.0,219.66681488702307,75,False,1,broad-rank-v1:b-0968c86e000a2e181cd9,,,20,19,Enclosing batch sums; includes preparation and verification. Not exact discovery CPU.
ORIGINATING_CALL; may be certified by later reconciliation,0.0,197.001672824,0.0,219.66681488702307,80,False,1,broad-rank-v1:b-0968c86e000a2e181cd9,,,21,20,Enclosing batch sums; includes preparation and verification. Not exact discovery CPU.
ORIGINATING_CALL; may be certified by later reconciliation,197.001672824,372.177384988,219.66681488702307,400.89147603101446,162,False,1,broad-rank-v1:b-0968c86e000a2e181cd9,,,22,21,Enclosing batch sums; includes preparation and verification. Not exact discovery CPU.
ORIGINATING_CALL; may be certified by later reconciliation,0.0,183.22423169900003,0.0,203.5022479899926,9,False,1,broad-rank-v1:b-74e6a943c1db923193e6,,,18,17,Enclosing batch sums; includes preparation and verification. Not exact discovery CPU.
ORIGINATING_CALL; may be certified by later reconciliation,0.0,183.22423169900003,0.0,203.5022479899926,18,False,1,broad-rank-v1:b-74e6a943c1db923193e6,,,19,18,Enclosing batch sums; includes preparation and verification. Not exact discovery CPU.
ORIGINATING_CALL; may be certified by later reconciliation,0.0,183.22423169900003,0.0,203.5022479899926,19,False,1,broad-rank-v1:b-74e6a943c1db923193e6,,,20,19,Enclosing batch sums; includes preparation and verification. Not exact discovery CPU.
ORIGINATING_CALL; may be certified by later reconciliation,0.0,132.244396962,0.0,141.5874972490128,5,False,1,broad-rank-v1:b-b1d8a92b1523451dfa50,,,18,17,Enclosing batch sums; includes preparation and verification. Not exact discovery CPU.
ORIGINATING_CALL; may be certified by later reconciliation,0.0,151.64075033199998,0.0,161.91600175600615,7,False,1,broad-rank-v1:b-e9fc1f5cf073659c18dc,,,18,17,Enclosing batch sums; includes preparation and verification. Not exact discovery CPU.
ORIGINATING_CALL; may be certified by later reconciliation,151.64075033199998,278.785756308,161.91600175600615,296.90823878199444,142,False,1,broad-rank-v1:b-e9fc1f5cf073659c18dc,,,19,18,Enclosing batch sums; includes preparation and verification. Not exact discovery CPU.
ORIGINATING_CALL; may be certified by later reconciliation,0.0,157.71277638499998,0.0,171.44488152401755,3,False,1,broad-rank-v1:b-7ba35a66fc7d7712069f,,,18,17,Enclosing batch sums; includes preparation and verification. Not exact discovery CPU.
ORIGINATING_CALL; may be certified by later reconciliation,0.0,157.71277638499998,0.0,171.44488152401755,16,False,1,broad-rank-v1:b-7ba35a66fc7d7712069f,,,19,18,Enclosing batch sums; includes preparation and verification. Not exact discovery CPU.
ORIGINATING_CALL; may be certified by later reconciliation,0.0,176.266788214,0.0,193.61231775701162,3,False,1,broad-rank-v1:b-62068ee64a3f7d72a3b2,,,18,17,Enclosing batch sums; includes preparation and verification. Not exact discovery CPU.
ORIGINATING_CALL; may be certified by later reconciliation,0.0,176.266788214,0.0,193.61231775701162,4,False,1,broad-rank-v1:b-62068ee64a3f7d72a3b2,,,19,18,Enclosing batch sums; includes preparation and verification. Not exact discovery CPU.
ORIGINATING_CALL; may be certified by later reconciliation,0.0,176.266788214,0.0,193.61231775701162,11,False,1,broad-rank-v1:b-62068ee64a3f7d72a3b2,,,20,19,Enclosing batch sums; includes preparation and verification. Not exact discovery CPU.
ORIGINATING_CALL; may be certified by later reconciliation,0.0,161.53553263400002,0.0,176.8188778120093,15,False,1,broad-rank-v1:b-55f0f8d1caacac34208e,,,18,17,Enclosing batch sums; includes preparation and verification. Not exact discovery CPU.
ORIGINATING_CALL; may be certified by later reconciliation,0.0,161.53553263400002,0.0,176.8188778120093,38,False,1,broad-rank-v1:b-55f0f8d1caacac34208e,,,19,18,Enclosing batch sums; includes preparation and verification. Not exact discovery CPU.
ORIGINATING_CALL; may be certified by later reconciliation,0.0,170.037943986,0.0,181.11794572699,33,False,1,broad-rank-v1:b-6d641d3fb692d7dfea2c,,,18,17,Enclosing batch sums; includes preparation and verification. Not exact discovery CPU.
ORIGINATING_CALL; may be certified by later reconciliation,0.0,325.487962954,0.0,341.16754013698664,1,False,2,broad-rank-v1:b-6268895b4587ec68b047,,,19,17,Enclosing batch sums; includes preparation and verification. Not exact discovery CPU.
ORIGINATING_CALL; may be certified by later reconciliation,0.0,325.487962954,0.0,341.16754013698664,4,False,1,broad-rank-v1:b-6268895b4587ec68b047,,,20,19,Enclosing batch sums; includes preparation and verification. Not exact discovery CPU.
ORIGINATING_CALL; may be certified by later reconciliation,0.0,325.487962954,0.0,341.16754013698664,9,False,1,broad-rank-v1:b-6268895b4587ec68b047,,,21,20,Enclosing batch sums; includes preparation and verification. Not exact discovery CPU.
ORIGINATING_CALL; may be certified by later reconciliation,0.0,325.487962954,0.0,341.16754013698664,12,False,1,broad-rank-v1:b-6268895b4587ec68b047,,,22,21,Enclosing batch sums; includes preparation and verification. Not exact discovery CPU.
ORIGINATING_CALL; may be certified by later reconciliation,0.0,325.487962954,0.0,341.16754013698664,19,False,1,broad-rank-v1:b-6268895b4587ec68b047,,,23,22,Enclosing batch sums; includes preparation and verification. Not exact discovery CPU.
ORIGINATING_CALL; may be certified by later reconciliation,0.0,127.87972963099999,0.0,137.682337723003,1,False,1,broad-rank-v1:b-500a3eadb5f0ab5d2bae,,,18,17,Enclosing batch sums; includes preparation and verification. Not exact discovery CPU.
ORIGINATING_CALL; may be certified by later reconciliation,0.0,175.548566938,0.0,192.11501792099443,21,False,1,broad-rank-v1:b-ccb40b2ffaa6470ae9da,,,18,17,Enclosing batch sums; includes preparation and verification. Not exact discovery CPU.
ORIGINATING_CALL; may be certified by later reconciliation,0.0,175.548566938,0.0,192.11501792099443,74,False,1,broad-rank-v1:b-ccb40b2ffaa6470ae9da,,,19,18,Enclosing batch sums; includes preparation and verification. Not exact discovery CPU.
ORIGINATING_CALL; may be certified by later reconciliation,0.0,253.248147311,0.0,276.9955558720103,17,False,1,broad-rank-v1:b-caf37d8af29c6e8e74df,,,18,17,Enclosing batch sums; includes preparation and verification. Not exact discovery CPU.
ORIGINATING_CALL; may be certified by later reconciliation,0.0,253.248147311,0.0,276.9955558720103,68,False,1,broad-rank-v1:b-caf37d8af29c6e8e74df,,,19,18,Enclosing batch sums; includes preparation and verification. Not exact discovery CPU.
ORIGINATING_CALL; may be certified by later reconciliation,0.0,253.248147311,0.0,276.9955558720103,93,False,1,broad-rank-v1:b-caf37d8af29c6e8e74df,,,20,19,Enclosing batch sums; includes preparation and verification. Not exact discovery CPU.
ORIGINATING_CALL; may be certified by later reconciliation,0.0,253.248147311,0.0,276.9955558720103,100,False,1,broad-rank-v1:b-caf37d8af29c6e8e74df,,,21,20,Enclosing batch sums; includes preparation and verification. Not exact discovery CPU.
ORIGINATING_CALL; may be certified by later reconciliation,0.0,253.248147311,0.0,276.9955558720103,103,False,1,broad-rank-v1:b-caf37d8af29c6e8e74df,,,22,21,Enclosing batch sums; includes preparation and verification. Not exact discovery CPU.
ORIGINATING_CALL; may be certified by later reconciliation,0.0,141.34451271999998,0.0,152.75857719802298,9,False,1,broad-rank-v1:b-05695e7f4d6e3944f3ce,,,18,17,Enclosing batch sums; includes preparation and verification. Not exact discovery CPU.
ORIGINATING_CALL; may be certified by later reconciliation,0.0,176.210356754,0.0,194.20485544000985,3,False,1,broad-rank-v1:b-d205abe2fbb9399c50df,,,18,17,Enclosing batch sums; includes preparation and verification. Not exact discovery CPU.
ORIGINATING_CALL; may be certified by later reconciliation,0.0,176.210356754,0.0,194.20485544000985,10,False,1,broad-rank-v1:b-d205abe2fbb9399c50df,,,19,18,Enclosing batch sums; includes preparation and verification. Not exact discovery CPU.
ORIGINATING_CALL; may be certified by later reconciliation,0.0,176.210356754,0.0,194.20485544000985,63,False,1,broad-rank-v1:b-d205abe2fbb9399c50df,,,20,19,Enclosing batch sums; includes preparation and verification. Not exact discovery CPU.
ORIGINATING_CALL; may be certified by later reconciliation,0.0,139.10146646700002,0.0,149.7545890029869,15,False,1,broad-rank-v1:b-3c55635d47b29fb88bf7,,,18,17,Enclosing batch sums; includes preparation and verification. Not exact discovery CPU.
ORIGINATING_CALL; may be certified by later reconciliation,0.0,146.452287814,0.0,155.3745436029858,1,False,1,broad-rank-v1:b-4bb80366ecd54d190925,,,18,17,Enclosing batch sums; includes preparation and verification. Not exact discovery CPU.
ORIGINATING_CALL; may be certified by later reconciliation,0.0,184.85991356,0.0,200.36395204701694,5,False,1,broad-rank-v1:b-989032e3f1febe37dbcd,,,18,17,Enclosing batch sums; includes preparation and verification. Not exact discovery CPU.
ORIGINATING_CALL; may be certified by later reconciliation,0.0,184.85991356,0.0,200.36395204701694,6,False,1,broad-rank-v1:b-989032e3f1febe37dbcd,,,19,18,Enclosing batch sums; includes preparation and verification. Not exact discovery CPU.
ORIGINATING_CALL; may be certified by later reconciliation,0.0,184.85991356,0.0,200.36395204701694,37,False,1,broad-rank-v1:b-989032e3f1febe37dbcd,,,20,19,Enclosing batch sums; includes preparation and verification. Not exact discovery CPU.
ORIGINATING_CALL; may be certified by later reconciliation,0.0,203.513661213,0.0,225.02283459500177,7,False,1,broad-rank-v1:b-72ae6b576619847b47cb,,,18,17,Enclosing batch sums; includes preparation and verification. Not exact discovery CPU.
ORIGINATING_CALL; may be certified by later reconciliation,0.0,203.513661213,0.0,225.02283459500177,14,False,1,broad-rank-v1:b-72ae6b576619847b47cb,,,19,18,Enclosing batch sums; includes preparation and verification. Not exact discovery CPU.
ORIGINATING_CALL; may be certified by later reconciliation,0.0,203.513661213,0.0,225.02283459500177,51,False,1,broad-rank-v1:b-72ae6b576619847b47cb,,,20,19,Enclosing batch sums; includes preparation and verification. Not exact discovery CPU.
ORIGINATING_CALL; may be certified by later reconciliation,0.0,203.513661213,0.0,225.02283459500177,104,False,1,broad-rank-v1:b-72ae6b576619847b47cb,,,21,20,Enclosing batch sums; includes preparation and verification. Not exact discovery CPU.
ORIGINATING_CALL; may be certified by later reconciliation,0.0,135.22105556399998,0.0,145.70784771299805,11,False,1,broad-rank-v1:b-01e4bc6f4aca70cf9a5f,,,18,17,Enclosing batch sums; includes preparation and verification. Not exact discovery CPU.
ORIGINATING_CALL; may be certified by later reconciliation,226.25896873399998,334.27502431799996,242.46528346999548,357.910452193988,204,False,1,broad-rank-v1:b-01e4bc6f4aca70cf9a5f,,,19,18,Enclosing batch sums; includes preparation and verification. Not exact discovery CPU.
ORIGINATING_CALL; may be certified by later reconciliation,0.0,144.746200132,0.0,154.2188232280023,1,False,1,broad-rank-v1:b-c21083797a8c66cea480,,,18,17,Enclosing batch sums; includes preparation and verification. Not exact discovery CPU.
ORIGINATING_CALL; may be certified by later reconciliation,250.388227733,374.973345756,264.4478877320071,396.6756528990227,246,False,1,broad-rank-v1:b-c21083797a8c66cea480,,,19,18,Enclosing batch sums; includes preparation and verification. Not exact discovery CPU.
ORIGINATING_CALL; may be certified by later reconciliation,0.0,202.404048172,0.0,223.5616748490138,1,False,1,broad-rank-v1:b-e68c7854648aafa27117,,,18,17,Enclosing batch sums; includes preparation and verification. Not exact discovery CPU.
ORIGINATING_CALL; may be certified by later reconciliation,0.0,202.404048172,0.0,223.5616748490138,2,False,1,broad-rank-v1:b-e68c7854648aafa27117,,,19,18,Enclosing batch sums; includes preparation and verification. Not exact discovery CPU.
ORIGINATING_CALL; may be certified by later reconciliation,0.0,202.404048172,0.0,223.5616748490138,27,False,1,broad-rank-v1:b-e68c7854648aafa27117,,,20,19,Enclosing batch sums; includes preparation and verification. Not exact discovery CPU.
ORIGINATING_CALL; may be certified by later reconciliation,0.0,202.404048172,0.0,223.5616748490138,86,False,1,broad-rank-v1:b-e68c7854648aafa27117,,,21,20,Enclosing batch sums; includes preparation and verification. Not exact discovery CPU.
ORIGINATING_CALL; may be certified by later reconciliation,0.0,148.11893374099998,0.0,159.66067881899653,15,False,1,broad-rank-v1:b-a9f574187dac43d7418f,,,18,17,Enclosing batch sums; includes preparation and verification. Not exact discovery CPU.
ORIGINATING_CALL; may be certified by later reconciliation,0.0,151.542192064,0.0,163.019391334994,19,False,1,broad-rank-v1:b-4194b8367b75052ec5ba,,,18,17,Enclosing batch sums; includes preparation and verification. Not exact discovery CPU.
ORIGINATING_CALL; may be certified by later reconciliation,0.0,148.569764882,0.0,163.56113084300887,15,False,1,broad-rank-v1:b-7139df8acf04d18ecdad,,,18,17,Enclosing batch sums; includes preparation and verification. Not exact discovery CPU.
ORIGINATING_CALL; may be certified by later reconciliation,0.0,148.569764882,0.0,163.56113084300887,78,False,1,broad-rank-v1:b-7139df8acf04d18ecdad,,,19,18,Enclosing batch sums; includes preparation and verification. Not exact discovery CPU.
ORIGINATING_CALL; may be certified by later reconciliation,0.0,221.68425006799998,0.0,236.72615472099278,85,False,1,broad-rank-v1:b-2cc71568152504270cfc,,,18,17,Enclosing batch sums; includes preparation and verification. Not exact discovery CPU.
ORIGINATING_CALL; may be certified by later reconciliation,0.0,221.68425006799998,0.0,236.72615472099278,154,False,1,broad-rank-v1:b-2cc71568152504270cfc,,,19,18,Enclosing batch sums; includes preparation and verification. Not exact discovery CPU.
ORIGINATING_CALL; may be certified by later reconciliation,0.0,163.281559993,0.0,174.57050384400645,51,False,1,broad-rank-v1:b-d4ee5fd6ff66302db623,,,18,17,Enclosing batch sums; includes preparation and verification. Not exact discovery CPU.
ORIGINATING_CALL; may be certified by later reconciliation,0.0,170.954063692,0.0,187.12078310997458,11,False,1,broad-rank-v1:b-04578e861ff7587a22e1,,,18,17,Enclosing batch sums; includes preparation and verification. Not exact discovery CPU.
ORIGINATING_CALL; may be certified by later reconciliation,0.0,170.954063692,0.0,187.12078310997458,34,False,1,broad-rank-v1:b-04578e861ff7587a22e1,,,19,18,Enclosing batch sums; includes preparation and verification. Not exact discovery CPU.
ORIGINATING_CALL; may be certified by later reconciliation,0.0,170.954063692,0.0,187.12078310997458,37,False,1,broad-rank-v1:b-04578e861ff7587a22e1,,,20,19,Enclosing batch sums; includes preparation and verification. Not exact discovery CPU.
ORIGINATING_CALL; may be certified by later reconciliation,,,,,15,False,1,r17-60-panel-v1:074d9-low-01,,,18,17,
ORIGINATING_CALL; may be certified by later reconciliation,,,,,61,False,1,r17-60-panel-v1:074d9-low-01,,,19,18,
ORIGINATING_CALL; may be certified by later reconciliation,,,,,115,False,1,r17-60-panel-v1:074d9-low-01,,,20,19,
ORIGINATING_CALL; may be certified by later reconciliation,,,,,1,False,2,r17-60-panel-v1:07ca9-low-01,,,19,17,
ORIGINATING_CALL; may be certified by later reconciliation,,,,,2,False,1,r17-60-panel-v1:07ca9-low-01,,,20,19,
ORIGINATING_CALL; may be certified by later reconciliation,,,,,3,False,1,r17-60-panel-v1:07ca9-low-01,,,21,20,
ORIGINATING_CALL; may be certified by later reconciliation,,,,,6,False,1,r17-60-panel-v1:07ca9-low-01,,,22,21,
ORIGINATING_CALL; may be certified by later reconciliation,,,,,3,False,1,r17-60-panel-v1:08f72-low-01,,,18,17,
ORIGINATING_CALL; may be certified by later reconciliation,,,,,12,False,1,r17-60-panel-v1:08f72-low-01,,,19,18,
ORIGINATING_CALL; may be certified by later reconciliation,,,,,29,False,1,r17-60-panel-v1:08f72-low-01,,,20,19,
ORIGINATING_CALL; may be certified by later reconciliation,,,,,38,False,1,r17-60-panel-v1:08f72-low-01,,,21,20,
ORIGINATING_CALL; may be certified by later reconciliation,,,,,1,False,2,r17-60-panel-v1:103b2-low-01,,,19,17,
ORIGINATING_CALL; may be certified by later reconciliation,,,,,3,False,3,r17-60-panel-v1:103b2-low-01,,,22,19,
ORIGINATING_CALL; may be certified by later reconciliation,,,,,4,False,1,r17-60-panel-v1:103b2-low-01,,,23,22,
ORIGINATING_CALL; may be certified by later reconciliation,,,,,1,False,5,r17-60-panel-v1:11952-low-01,,,22,17,
ORIGINATING_CALL; may be certified by later reconciliation,,,,,24,False,1,r17-60-panel-v1:074d9-high-01,,,18,17,
ORIGINATING_CALL; may be certified by later reconciliation,,,,,67,False,1,r17-60-panel-v1:074d9-high-01,,,19,18,
ORIGINATING_CALL; may be certified by later reconciliation,,,,,120,False,1,r17-60-panel-v1:074d9-high-01,,,20,19,
ORIGINATING_CALL; may be certified by later reconciliation,,,,,1,False,1,r17-60-panel-v1:07ca9-high-01,,,18,17,
ORIGINATING_CALL; may be certified by later reconciliation,,,,,6,False,1,r17-60-panel-v1:07ca9-high-01,,,19,18,
ORIGINATING_CALL; may be certified by later reconciliation,,,,,75,False,1,r17-60-panel-v1:07ca9-high-01,,,20,19,
ORIGINATING_CALL; may be certified by later reconciliation,,,,,37,False,1,r17-60-panel-v1:08234-high-01,,,18,17,
ORIGINATING_CALL; may be certified by later reconciliation,,,,,3,False,1,r17-60-panel-v1:08f72-high-01,,,18,17,
ORIGINATING_CALL; may be certified by later reconciliation,,,,,10,False,1,r17-60-panel-v1:08f72-high-01,,,19,18,
ORIGINATING_CALL; may be certified by later reconciliation,,,,,47,False,1,r17-60-panel-v1:08f72-high-01,,,20,19,
ORIGINATING_CALL; may be certified by later reconciliation,,,,,62,False,1,r17-60-panel-v1:11952-high-01,,,18,17,
ORIGINATING_CALL; may be certified by later reconciliation,,,,,143,False,1,r17-60-panel-v1:11952-high-01,,,19,18,
ORIGINATING_CALL; may be certified by later reconciliation,,,,,1,False,1,r17-60-panel-v1:074d9-low-02,,,18,17,
ORIGINATING_CALL; may be certified by later reconciliation,,,,,12,False,1,r17-60-panel-v1:074d9-low-02,,,19,18,
ORIGINATING_CALL; may be certified by later reconciliation,,,,,31,False,1,r17-60-panel-v1:074d9-low-02,,,20,19,
ORIGINATING_CALL; may be certified by later reconciliation,,,,,32,False,1,r17-60-panel-v1:074d9-low-02,,,21,20,
ORIGINATING_CALL; may be certified by later reconciliation,,,,,5,False,1,r17-60-panel-v1:07ca9-low-02,,,18,17,
ORIGINATING_CALL; may be certified by later reconciliation,,,,,7,False,1,r17-60-panel-v1:07ca9-low-02,,,19,18,
ORIGINATING_CALL; may be certified by later reconciliation,,,,,14,False,1,r17-60-panel-v1:07ca9-low-02,,,20,19,
ORIGINATING_CALL; may be certified by later reconciliation,,,,,15,False,1,r17-60-panel-v1:07ca9-low-02,,,21,20,
ORIGINATING_CALL; may be certified by later reconciliation,,,,,21,False,1,r17-60-panel-v1:08234-low-02,,,18,17,
ORIGINATING_CALL; may be certified by later reconciliation,,,,,1,False,2,r17-60-panel-v1:08f72-low-02,,,19,17,
ORIGINATING_CALL; may be certified by later reconciliation,,,,,4,False,1,r17-60-panel-v1:08f72-low-02,,,20,19,
ORIGINATING_CALL; may be certified by later reconciliation,,,,,14,False,2,r17-60-panel-v1:08f72-low-02,,,22,20,
ORIGINATING_CALL; may be certified by later reconciliation,,,,,15,False,1,r17-60-panel-v1:08f72-low-02,,,23,22,
ORIGINATING_CALL; may be certified by later reconciliation,,,,,1,False,2,r17-60-panel-v1:103b2-low-02,,,19,17,
ORIGINATING_CALL; may be certified by later reconciliation,,,,,10,False,1,r17-60-panel-v1:103b2-low-02,,,20,19,
ORIGINATING_CALL; may be certified by later reconciliation,,,,,21,False,3,r17-60-panel-v1:103b2-low-02,,,23,20,
ORIGINATING_CALL; may be certified by later reconciliation,,,,,22,True,1,r17-60-panel-v1:103b2-low-02,,,24,23,
ORIGINATING_CALL; may be certified by later reconciliation,,,,,44,True,1,r17-60-panel-v1:103b2-low-02,,,25,24,
ORIGINATING_CALL; may be certified by later reconciliation,,,,,45,True,1,r17-60-panel-v1:103b2-low-02,,,26,25,
ORIGINATING_CALL; may be certified by later reconciliation,,,,,68,True,1,r17-60-panel-v1:103b2-low-02,,,27,26,
ORIGINATING_CALL; may be certified by later reconciliation,,,,,1,False,5,r17-60-panel-v1:11952-low-02,,,22,17,
ORIGINATING_CALL; may be certified by later reconciliation,,,,,2,False,1,r17-60-panel-v1:11952-low-02,,,23,22,
ORIGINATING_CALL; may be certified by later reconciliation,,,,,5,True,1,r17-60-panel-v1:11952-low-02,,,24,23,
ORIGINATING_CALL; may be certified by later reconciliation,,,,,1,False,1,r17-60-panel-v1:07ca9-high-02,,,18,17,
ORIGINATING_CALL; may be certified by later reconciliation,,,,,5,False,1,r17-60-panel-v1:07ca9-high-02,,,19,18,
ORIGINATING_CALL; may be certified by later reconciliation,,,,,6,False,1,r17-60-panel-v1:07ca9-high-02,,,20,19,
ORIGINATING_CALL; may be certified by later reconciliation,,,,,13,False,1,r17-60-panel-v1:07ca9-high-02,,,21,20,
ORIGINATING_CALL; may be certified by later reconciliation,,,,,40,False,1,r17-60-panel-v1:07ca9-high-02,,,22,21,
ORIGINATING_CALL; may be certified by later reconciliation,,,,,1,False,7,r17-60-panel-v1:08234-high-02,,,24,17,
ORIGINATING_CALL; may be certified by later reconciliation,,,,,4,False,1,r17-60-panel-v1:11952-high-02,,,18,17,
ORIGINATING_CALL; may be certified by later reconciliation,,,,,6,False,1,r17-60-panel-v1:11952-high-02,,,19,18,
ORIGINATING_CALL; may be certified by later reconciliation,,,,,80,False,1,r17-60-panel-v1:11952-high-02,,,20,19,
ORIGINATING_CALL; may be certified by later reconciliation,,,,,93,False,1,r17-60-panel-v1:11952-high-02,,,21,20,
ORIGINATING_CALL; may be certified by later reconciliation,,,,,1,False,1,r17-60-panel-v1:074d9-low-03,,,18,17,
ORIGINATING_CALL; may be certified by later reconciliation,,,,,2,False,1,r17-60-panel-v1:074d9-low-03,,,19,18,
ORIGINATING_CALL; may be certified by later reconciliation,,,,,3,False,1,r17-60-panel-v1:074d9-low-03,,,20,19,
ORIGINATING_CALL; may be certified by later reconciliation,,,,,4,False,1,r17-60-panel-v1:074d9-low-03,,,21,20,
ORIGINATING_CALL; may be certified by later reconciliation,,,,,5,False,1,r17-60-panel-v1:074d9-low-03,,,22,21,
ORIGINATING_CALL; may be certified by later reconciliation,,,,,8,False,1,r17-60-panel-v1:074d9-low-03,,,23,22,
ORIGINATING_CALL; may be certified by later reconciliation,,,,,1,False,3,r17-60-panel-v1:07ca9-low-03,,,20,17,
ORIGINATING_CALL; may be certified by later reconciliation,,,,,2,False,2,r17-60-panel-v1:07ca9-low-03,,,22,20,
ORIGINATING_CALL; may be certified by later reconciliation,,,,,3,False,1,r17-60-panel-v1:07ca9-low-03,,,23,22,
ORIGINATING_CALL; may be certified by later reconciliation,,,,,10,True,1,r17-60-panel-v1:07ca9-low-03,,,24,23,
ORIGINATING_CALL; may be certified by later reconciliation,,,,,1,False,3,r17-60-panel-v1:08f72-low-03,,,20,17,
ORIGINATING_CALL; may be certified by later reconciliation,,,,,12,False,1,r17-60-panel-v1:08f72-low-03,,,21,20,
ORIGINATING_CALL; may be certified by later reconciliation,,,,,17,False,1,r17-60-panel-v1:08f72-low-03,,,22,21,
ORIGINATING_CALL; may be certified by later reconciliation,,,,,1,False,2,r17-60-panel-v1:103b2-low-03,,,19,17,
ORIGINATING_CALL; may be certified by later reconciliation,,,,,3,False,1,r17-60-panel-v1:103b2-low-03,,,20,19,
ORIGINATING_CALL; may be certified by later reconciliation,,,,,4,False,1,r17-60-panel-v1:103b2-low-03,,,21,20,
ORIGINATING_CALL; may be certified by later reconciliation,,,,,13,False,2,r17-60-panel-v1:103b2-low-03,,,23,21,
ORIGINATING_CALL; may be certified by later reconciliation,,,,,14,True,1,r17-60-panel-v1:103b2-low-03,,,24,23,
ORIGINATING_CALL; may be certified by later reconciliation,,,,,27,True,1,r17-60-panel-v1:103b2-low-03,,,25,24,
ORIGINATING_CALL; may be certified by later reconciliation,,,,,1,False,3,r17-60-panel-v1:11952-low-03,,,20,17,
ORIGINATING_CALL; may be certified by later reconciliation,,,,,2,False,1,r17-60-panel-v1:11952-low-03,,,21,20,
ORIGINATING_CALL; may be certified by later reconciliation,,,,,3,False,1,r17-60-panel-v1:11952-low-03,,,22,21,
ORIGINATING_CALL; may be certified by later reconciliation,,,,,4,False,1,r17-60-panel-v1:11952-low-03,,,23,22,
ORIGINATING_CALL; may be certified by later reconciliation,,,,,9,True,1,r17-60-panel-v1:11952-low-03,,,24,23,
ORIGINATING_CALL; may be certified by later reconciliation,,,,,1,False,1,r17-60-panel-v1:074d9-high-03,,,18,17,
ORIGINATING_CALL; may be certified by later reconciliation,,,,,10,False,1,r17-60-panel-v1:074d9-high-03,,,19,18,
ORIGINATING_CALL; may be certified by later reconciliation,,,,,35,False,1,r17-60-panel-v1:074d9-high-03,,,20,19,
ORIGINATING_CALL; may be certified by later reconciliation,,,,,45,False,1,r17-60-panel-v1:074d9-high-03,,,21,20,
ORIGINATING_CALL; may be certified by later reconciliation,,,,,1,False,1,r17-60-panel-v1:07ca9-high-03,,,18,17,
ORIGINATING_CALL; may be certified by later reconciliation,,,,,4,False,1,r17-60-panel-v1:07ca9-high-03,,,19,18,
ORIGINATING_CALL; may be certified by later reconciliation,,,,,51,False,1,r17-60-panel-v1:07ca9-high-03,,,20,19,
ORIGINATING_CALL; may be certified by later reconciliation,,,,,7,False,1,r17-60-panel-v1:08f72-high-03,,,18,17,
ORIGINATING_CALL; may be certified by later reconciliation,,,,,15,False,1,r17-60-panel-v1:11952-high-03,,,18,17,
ORIGINATING_CALL; may be certified by later reconciliation,,,,,1,False,2,r17-60-panel-v1:074d9-low-04,,,19,17,
ORIGINATING_CALL; may be certified by later reconciliation,,,,,4,False,1,r17-60-panel-v1:074d9-low-04,,,20,19,
ORIGINATING_CALL; may be certified by later reconciliation,,,,,7,False,1,r17-60-panel-v1:074d9-low-04,,,21,20,
ORIGINATING_CALL; may be certified by later reconciliation,,,,,8,False,1,r17-60-panel-v1:074d9-low-04,,,22,21,
ORIGINATING_CALL; may be certified by later reconciliation,,,,,9,False,1,r17-60-panel-v1:074d9-low-04,,,23,22,
ORIGINATING_CALL; may be certified by later reconciliation,,,,,17,True,1,r17-60-panel-v1:074d9-low-04,,,24,23,
ORIGINATING_CALL; may be certified by later reconciliation,,,,,20,True,1,r17-60-panel-v1:074d9-low-04,,,25,24,
ORIGINATING_CALL; may be certified by later reconciliation,,,,,41,True,1,r17-60-panel-v1:074d9-low-04,,,26,25,
ORIGINATING_CALL; may be certified by later reconciliation,,,,,1,False,3,r17-60-panel-v1:07ca9-low-04,,,20,17,
ORIGINATING_CALL; may be certified by later reconciliation,,,,,3,False,3,r17-60-panel-v1:07ca9-low-04,,,23,20,
ORIGINATING_CALL; may be certified by later reconciliation,,,,,4,True,1,r17-60-panel-v1:07ca9-low-04,,,24,23,
ORIGINATING_CALL; may be certified by later reconciliation,,,,,12,True,1,r17-60-panel-v1:07ca9-low-04,,,25,24,
ORIGINATING_CALL; may be certified by later reconciliation,,,,,1,False,6,r17-60-panel-v1:08234-low-04,,,23,17,
ORIGINATING_CALL; may be certified by later reconciliation,,,,,1,False,2,r17-60-panel-v1:08f72-low-04,,,19,17,
ORIGINATING_CALL; may be certified by later reconciliation,,,,,2,False,1,r17-60-panel-v1:08f72-low-04,,,20,19,
ORIGINATING_CALL; may be certified by later reconciliation,,,,,8,False,2,r17-60-panel-v1:08f72-low-04,,,22,20,
ORIGINATING_CALL; may be certified by later reconciliation,,,,,9,False,1,r17-60-panel-v1:08f72-low-04,,,23,22,
ORIGINATING_CALL; may be certified by later reconciliation,,,,,20,True,1,r17-60-panel-v1:08f72-low-04,,,24,23,
ORIGINATING_CALL; may be certified by later reconciliation,,,,,17,False,1,r17-60-panel-v1:103b2-low-04,,,18,17,
ORIGINATING_CALL; may be certified by later reconciliation,,,,,1,False,4,r17-60-panel-v1:11952-low-04,,,21,17,
ORIGINATING_CALL; may be certified by later reconciliation,,,,,2,False,1,r17-60-panel-v1:11952-low-04,,,22,21,
ORIGINATING_CALL; may be certified by later reconciliation,,,,,5,False,1,r17-60-panel-v1:11952-low-04,,,23,22,
ORIGINATING_CALL; may be certified by later reconciliation,,,,,7,True,2,r17-60-panel-v1:11952-low-04,,,25,23,
ORIGINATING_CALL; may be certified by later reconciliation,,,,,8,True,1,r17-60-panel-v1:11952-low-04,,,26,25,
ORIGINATING_CALL; may be certified by later reconciliation,,,,,3,False,1,r17-60-panel-v1:074d9-high-04,,,18,17,
ORIGINATING_CALL; may be certified by later reconciliation,,,,,48,False,1,r17-60-panel-v1:074d9-high-04,,,19,18,
ORIGINATING_CALL; may be certified by later reconciliation,,,,,6,False,1,r17-60-panel-v1:07ca9-high-04,,,18,17,
ORIGINATING_CALL; may be certified by later reconciliation,,,,,17,False,1,r17-60-panel-v1:07ca9-high-04,,,19,18,
ORIGINATING_CALL; may be certified by later reconciliation,,,,,18,False,1,r17-60-panel-v1:07ca9-high-04,,,20,19,
ORIGINATING_CALL; may be certified by later reconciliation,,,,,24,False,1,r17-60-panel-v1:07ca9-high-04,,,21,20,
ORIGINATING_CALL; may be certified by later reconciliation,,,,,45,False,1,r17-60-panel-v1:07ca9-high-04,,,22,21,
ORIGINATING_CALL; may be certified by later reconciliation,,,,,56,False,1,r17-60-panel-v1:07ca9-high-04,,,23,22,
ORIGINATING_CALL; may be certified by later reconciliation,,,,,9,False,1,r17-60-panel-v1:08234-high-04,,,18,17,
ORIGINATING_CALL; may be certified by later reconciliation,,,,,10,False,1,r17-60-panel-v1:08234-high-04,,,19,18,
ORIGINATING_CALL; may be certified by later reconciliation,,,,,43,False,1,r17-60-panel-v1:08234-high-04,,,20,19,
ORIGINATING_CALL; may be certified by later reconciliation,,,,,46,False,1,r17-60-panel-v1:08234-high-04,,,21,20,
ORIGINATING_CALL; may be certified by later reconciliation,,,,,53,False,1,r17-60-panel-v1:08234-high-04,,,22,21,
ORIGINATING_CALL; may be certified by later reconciliation,,,,,68,False,1,r17-60-panel-v1:08234-high-04,,,23,22,
ORIGINATING_CALL; may be certified by later reconciliation,,,,,101,True,1,r17-60-panel-v1:08234-high-04,,,24,23,
ORIGINATING_CALL; may be certified by later reconciliation,,,,,1,False,2,r17-60-panel-v1:08f72-high-04,,,19,17,
ORIGINATING_CALL; may be certified by later reconciliation,,,,,2,False,1,r17-60-panel-v1:08f72-high-04,,,20,19,
ORIGINATING_CALL; may be certified by later reconciliation,,,,,8,False,2,r17-60-panel-v1:08f72-high-04,,,22,20,
ORIGINATING_CALL; may be certified by later reconciliation,,,,,9,False,1,r17-60-panel-v1:08f72-high-04,,,23,22,
ORIGINATING_CALL; may be certified by later reconciliation,,,,,18,True,1,r17-60-panel-v1:08f72-high-04,,,24,23,
ORIGINATING_CALL; may be certified by later reconciliation,,,,,19,True,1,r17-60-panel-v1:08f72-high-04,,,25,24,
ORIGINATING_CALL; may be certified by later reconciliation,,,,,1,False,6,r17-60-panel-v1:11952-high-04,,,23,17,
ORIGINATING_CALL; may be certified by later reconciliation,,,,,2,True,1,r17-60-panel-v1:11952-high-04,,,24,23,
ORIGINATING_CALL; may be certified by later reconciliation,,,,,3,False,2,r17-60-panel-v1:074d9-low-05,,,19,17,
ORIGINATING_CALL; may be certified by later reconciliation,,,,,6,False,1,r17-60-panel-v1:074d9-low-05,,,20,19,
ORIGINATING_CALL; may be certified by later reconciliation,,,,,13,False,1,r17-60-panel-v1:074d9-low-05,,,21,20,
ORIGINATING_CALL; may be certified by later reconciliation,,,,,14,False,1,r17-60-panel-v1:074d9-low-05,,,22,21,
ORIGINATING_CALL; may be certified by later reconciliation,,,,,17,False,1,r17-60-panel-v1:074d9-low-05,,,23,22,
ORIGINATING_CALL; may be certified by later reconciliation,,,,,24,True,1,r17-60-panel-v1:074d9-low-05,,,24,23,
ORIGINATING_CALL; may be certified by later reconciliation,,,,,12,False,1,r17-60-panel-v1:07ca9-low-05,,,18,17,
ORIGINATING_CALL; may be certified by later reconciliation,,,,,16,False,1,r17-60-panel-v1:07ca9-low-05,,,19,18,
ORIGINATING_CALL; may be certified by later reconciliation,,,,,11,False,1,r17-60-panel-v1:08f72-low-05,,,18,17,
ORIGINATING_CALL; may be certified by later reconciliation,,,,,1,False,2,r17-60-panel-v1:103b2-low-05,,,19,17,
ORIGINATING_CALL; may be certified by later reconciliation,,,,,2,False,1,r17-60-panel-v1:103b2-low-05,,,20,19,
ORIGINATING_CALL; may be certified by later reconciliation,,,,,5,False,1,r17-60-panel-v1:103b2-low-05,,,21,20,
ORIGINATING_CALL; may be certified by later reconciliation,,,,,12,False,1,r17-60-panel-v1:103b2-low-05,,,22,21,
ORIGINATING_CALL; may be certified by later reconciliation,,,,,13,False,2,r17-60-panel-v1:103b2-low-05,,,24,22,
ORIGINATING_CALL; may be certified by later reconciliation,,,,,14,True,1,r17-60-panel-v1:103b2-low-05,,,25,24,
ORIGINATING_CALL; may be certified by later reconciliation,,,,,43,True,1,r17-60-panel-v1:103b2-low-05,,,26,25,
ORIGINATING_CALL; may be certified by later reconciliation,,,,,3,False,1,r17-60-panel-v1:11952-low-05,,,18,17,
ORIGINATING_CALL; may be certified by later reconciliation,,,,,5,False,1,r17-60-panel-v1:11952-low-05,,,19,18,
ORIGINATING_CALL; may be certified by later reconciliation,,,,,8,False,1,r17-60-panel-v1:11952-low-05,,,20,19,
ORIGINATING_CALL; may be certified by later reconciliation,,,,,15,False,1,r17-60-panel-v1:11952-low-05,,,21,20,
ORIGINATING_CALL; may be certified by later reconciliation,,,,,19,False,1,r17-60-panel-v1:11952-low-05,,,22,21,
ORIGINATING_CALL; may be certified by later reconciliation,,,,,20,False,1,r17-60-panel-v1:11952-low-05,,,23,22,
ORIGINATING_CALL; may be certified by later reconciliation,,,,,45,True,1,r17-60-panel-v1:11952-low-05,,,24,23,
ORIGINATING_CALL; may be certified by later reconciliation,,,,,3,False,1,r17-60-panel-v1:074d9-high-05,,,18,17,
ORIGINATING_CALL; may be certified by later reconciliation,,,,,1,False,1,r17-60-panel-v1:07ca9-high-05,,,18,17,
ORIGINATING_CALL; may be certified by later reconciliation,,,,,2,False,1,r17-60-panel-v1:07ca9-high-05,,,19,18,
ORIGINATING_CALL; may be certified by later reconciliation,,,,,5,False,1,r17-60-panel-v1:07ca9-high-05,,,20,19,
ORIGINATING_CALL; may be certified by later reconciliation,,,,,16,False,1,r17-60-panel-v1:07ca9-high-05,,,21,20,
ORIGINATING_CALL; may be certified by later reconciliation,,,,,22,False,1,r17-60-panel-v1:07ca9-high-05,,,22,21,
ORIGINATING_CALL; may be certified by later reconciliation,,,,,23,False,1,r17-60-panel-v1:07ca9-high-05,,,23,22,
ORIGINATING_CALL; may be certified by later reconciliation,,,,,26,True,1,r17-60-panel-v1:07ca9-high-05,,,24,23,
ORIGINATING_CALL; may be certified by later reconciliation,,,,,63,True,1,r17-60-panel-v1:07ca9-high-05,,,25,24,
ORIGINATING_CALL; may be certified by later reconciliation,,,,,5,False,1,r17-60-panel-v1:08f72-high-05,,,18,17,
ORIGINATING_CALL; may be certified by later reconciliation,,,,,6,False,1,r17-60-panel-v1:08f72-high-05,,,19,18,
ORIGINATING_CALL; may be certified by later reconciliation,,,,,33,False,1,r17-60-panel-v1:08f72-high-05,,,20,19,
ORIGINATING_CALL; may be certified by later reconciliation,,,,,34,False,1,r17-60-panel-v1:08f72-high-05,,,21,20,
ORIGINATING_CALL; may be certified by later reconciliation,,,,,79,False,1,r17-60-panel-v1:08f72-high-05,,,22,21,
ORIGINATING_CALL; may be certified by later reconciliation,,,,,84,False,1,r17-60-panel-v1:08f72-high-05,,,23,22,
ORIGINATING_CALL; may be certified by later reconciliation,,,,,9,False,1,r17-60-panel-v1:11952-high-05,,,18,17,
ORIGINATING_CALL; may be certified by later reconciliation,,,,,77,False,1,r17-60-panel-v1:11952-high-05,,,19,18,
ORIGINATING_CALL; may be certified by later reconciliation,,,,,1,False,5,compact192_r17:074d9-001,0.567,0.5715415480080992,22,17,Point-box sums only; excludes preparation/admission/verification
ORIGINATING_CALL; may be certified by later reconciliation,,,,,2,False,1,compact192_r17:074d9-001,1.3519999999999999,1.3655839990242384,23,22,Point-box sums only; excludes preparation/admission/verification
ORIGINATING_CALL; may be certified by later reconciliation,,,,,4,True,1,compact192_r17:074d9-001,2.63,2.6606423829798587,24,23,Point-box sums only; excludes preparation/admission/verification
ORIGINATING_CALL; may be certified by later reconciliation,,,,,1,False,2,compact192_r17:074d9-002,0.692,0.7011866660322994,19,17,Point-box sums only; excludes preparation/admission/verification
ORIGINATING_CALL; may be certified by later reconciliation,,,,,2,False,1,compact192_r17:074d9-002,1.233,1.2471041820244864,20,19,Point-box sums only; excludes preparation/admission/verification
ORIGINATING_CALL; may be certified by later reconciliation,,,,,4,False,1,compact192_r17:074d9-002,2.4370000000000003,2.4607543000020087,21,20,Point-box sums only; excludes preparation/admission/verification
ORIGINATING_CALL; may be certified by later reconciliation,,,,,5,False,2,compact192_r17:074d9-002,2.8960000000000004,2.9235160739626735,23,21,Point-box sums only; excludes preparation/admission/verification
ORIGINATING_CALL; may be certified by later reconciliation,,,,,7,True,2,compact192_r17:074d9-002,4.491,4.525987956963945,25,23,Point-box sums only; excludes preparation/admission/verification
ORIGINATING_CALL; may be certified by later reconciliation,,,,,2,False,1,compact192_r17:074d9-003,1.1219999999999999,1.1310861519887112,18,17,Point-box sums only; excludes preparation/admission/verification
ORIGINATING_CALL; may be certified by later reconciliation,,,,,3,False,2,compact192_r17:074d9-003,1.734,1.7502667189692147,20,18,Point-box sums only; excludes preparation/admission/verification
ORIGINATING_CALL; may be certified by later reconciliation,,,,,8,False,1,compact192_r17:074d9-003,4.3660000000000005,4.4023543919902295,21,20,Point-box sums only; excludes preparation/admission/verification
ORIGINATING_CALL; may be certified by later reconciliation,,,,,9,False,2,compact192_r17:074d9-003,4.74,4.779535226000007,23,21,Point-box sums only; excludes preparation/admission/verification
ORIGINATING_CALL; may be certified by later reconciliation,,,,,1,False,2,compact192_r17:074d9-004,0.773,0.7771244409959763,19,17,Point-box sums only; excludes preparation/admission/verification
ORIGINATING_CALL; may be certified by later reconciliation,,,,,8,False,1,compact192_r17:074d9-004,5.276999999999999,5.323687223019078,20,19,Point-box sums only; excludes preparation/admission/verification
ORIGINATING_CALL; may be certified by later reconciliation,,,,,11,False,1,compact192_r17:074d9-004,7.069999999999999,7.136761163943447,21,20,Point-box sums only; excludes preparation/admission/verification
ORIGINATING_CALL; may be certified by later reconciliation,,,,,1,False,1,compact192_r17:074d9-005,0.22,0.22729559300933033,18,17,Point-box sums only; excludes preparation/admission/verification
ORIGINATING_CALL; may be certified by later reconciliation,,,,,2,False,6,compact192_r17:074d9-005,0.503,0.515109931002371,24,18,Point-box sums only; excludes preparation/admission/verification
ORIGINATING_CALL; may be certified by later reconciliation,,,,,1,False,4,compact192_r17:074d9-006,0.705,0.7092118930304423,21,17,Point-box sums only; excludes preparation/admission/verification
ORIGINATING_CALL; may be certified by later reconciliation,,,,,23,False,1,compact192_r17:074d9-006,14.104,14.216000822081696,22,21,Point-box sums only; excludes preparation/admission/verification
ORIGINATING_CALL; may be certified by later reconciliation,,,,,1,False,2,compact192_r17:074d9-007,0.58,0.5920507840346545,19,17,Point-box sums only; excludes preparation/admission/verification
ORIGINATING_CALL; may be certified by later reconciliation,,,,,3,False,1,compact192_r17:074d9-007,2.086,2.1078598650638014,20,19,Point-box sums only; excludes preparation/admission/verification
ORIGINATING_CALL; may be certified by later reconciliation,,,,,4,False,2,compact192_r17:074d9-007,2.537,2.562890696048271,22,20,Point-box sums only; excludes preparation/admission/verification
ORIGINATING_CALL; may be certified by later reconciliation,,,,,6,False,1,compact192_r17:074d9-008,3.403,3.4275548551231623,18,17,Point-box sums only; excludes preparation/admission/verification
ORIGINATING_CALL; may be certified by later reconciliation,,,,,17,False,1,compact192_r17:074d9-009,10.55,10.639001577103045,18,17,Point-box sums only; excludes preparation/admission/verification
ORIGINATING_CALL; may be certified by later reconciliation,,,,,30,False,1,compact192_r17:074d9-009,19.002000000000002,19.159213579143398,19,18,Point-box sums only; excludes preparation/admission/verification
ORIGINATING_CALL; may be certified by later reconciliation,,,,,2,False,2,compact192_r17:074d9-011,1.384,1.3926501179812476,19,17,Point-box sums only; excludes preparation/admission/verification
ORIGINATING_CALL; may be certified by later reconciliation,,,,,4,False,1,compact192_r17:074d9-011,2.6129999999999995,2.637944307993166,20,19,Point-box sums only; excludes preparation/admission/verification
ORIGINATING_CALL; may be certified by later reconciliation,,,,,8,False,1,compact192_r17:074d9-011,4.799999999999999,4.843146855942905,21,20,Point-box sums only; excludes preparation/admission/verification
ORIGINATING_CALL; may be certified by later reconciliation,,,,,10,False,1,compact192_r17:074d9-011,6.542999999999999,6.594727735908236,22,21,Point-box sums only; excludes preparation/admission/verification
ORIGINATING_CALL; may be certified by later reconciliation,,,,,11,False,1,compact192_r17:074d9-011,7.446,7.50368353392696,23,22,Point-box sums only; excludes preparation/admission/verification
ORIGINATING_CALL; may be certified by later reconciliation,,,,,27,True,1,compact192_r17:074d9-011,17.212999999999997,17.350905325845815,24,23,Point-box sums only; excludes preparation/admission/verification
ORIGINATING_CALL; may be certified by later reconciliation,,,,,3,False,2,compact192_r17:074d9-012,2.843,2.85681454295991,19,17,Point-box sums only; excludes preparation/admission/verification
ORIGINATING_CALL; may be certified by later reconciliation,,,,,4,False,1,compact192_r17:074d9-012,3.538,3.556821023928933,20,19,Point-box sums only; excludes preparation/admission/verification
ORIGINATING_CALL; may be certified by later reconciliation,,,,,11,False,1,compact192_r17:074d9-012,7.496,7.5573027759674005,21,20,Point-box sums only; excludes preparation/admission/verification
ORIGINATING_CALL; may be certified by later reconciliation,,,,,12,False,1,compact192_r17:074d9-012,8.082,8.149881113960873,22,21,Point-box sums only; excludes preparation/admission/verification
ORIGINATING_CALL; may be certified by later reconciliation,,,,,36,False,1,compact192_r17:074d9-012,21.253999999999998,21.450261995953042,23,22,Point-box sums only; excludes preparation/admission/verification
ORIGINATING_CALL; may be certified by later reconciliation,,,,,1,False,1,compact192_r17:074d9-013,0.67,0.6744605790008791,18,17,Point-box sums only; excludes preparation/admission/verification
ORIGINATING_CALL; may be certified by later reconciliation,,,,,12,False,1,compact192_r17:074d9-013,7.803000000000001,7.86827097897185,19,18,Point-box sums only; excludes preparation/admission/verification
ORIGINATING_CALL; may be certified by later reconciliation,,,,,15,False,1,compact192_r17:074d9-013,9.907000000000002,9.98815057502361,20,19,Point-box sums only; excludes preparation/admission/verification
ORIGINATING_CALL; may be certified by later reconciliation,,,,,16,False,1,compact192_r17:074d9-013,10.536000000000001,10.62049493106315,21,20,Point-box sums only; excludes preparation/admission/verification
ORIGINATING_CALL; may be certified by later reconciliation,,,,,19,False,1,compact192_r17:074d9-013,12.682000000000002,12.78307972906623,22,21,Point-box sums only; excludes preparation/admission/verification
ORIGINATING_CALL; may be certified by later reconciliation,,,,,25,False,1,compact192_r17:074d9-015,14.565,14.703471659042407,18,17,Point-box sums only; excludes preparation/admission/verification
ORIGINATING_CALL; may be certified by later reconciliation,,,,,9,False,1,compact192_r17:074d9-016,4.670999999999999,4.707232683780603,18,17,Point-box sums only; excludes preparation/admission/verification
ORIGINATING_CALL; may be certified by later reconciliation,,,,,4,False,1,compact192_r17:074d9-019,1.85,1.8756738299853168,18,17,Point-box sums only; excludes preparation/admission/verification
ORIGINATING_CALL; may be certified by later reconciliation,,,,,13,False,1,compact192_r17:074d9-019,6.789000000000001,6.860146401857492,19,18,Point-box sums only; excludes preparation/admission/verification
ORIGINATING_CALL; may be certified by later reconciliation,,,,,18,False,1,compact192_r17:074d9-019,9.888,10.000564259942621,20,19,Point-box sums only; excludes preparation/admission/verification
ORIGINATING_CALL; may be certified by later reconciliation,,,,,33,False,1,compact192_r17:074d9-019,18.291999999999998,18.491127401823178,21,20,Point-box sums only; excludes preparation/admission/verification
ORIGINATING_CALL; may be certified by later reconciliation,,,,,3,False,1,compact192_r17:074d9-020,1.792,1.8054610439576209,18,17,Point-box sums only; excludes preparation/admission/verification
ORIGINATING_CALL; may be certified by later reconciliation,,,,,9,False,1,compact192_r17:074d9-020,4.787999999999999,4.8296396699151956,19,18,Point-box sums only; excludes preparation/admission/verification
ORIGINATING_CALL; may be certified by later reconciliation,,,,,18,False,1,compact192_r17:074d9-020,10.028999999999998,10.109723787056282,20,19,Point-box sums only; excludes preparation/admission/verification
ORIGINATING_CALL; may be certified by later reconciliation,,,,,29,False,1,compact192_r17:074d9-020,16.638999999999996,16.77518110111123,21,20,Point-box sums only; excludes preparation/admission/verification
ORIGINATING_CALL; may be certified by later reconciliation,,,,,1,False,5,compact192_r17:074d9-021,0.57,0.5735761230462231,22,17,Point-box sums only; excludes preparation/admission/verification
ORIGINATING_CALL; may be certified by later reconciliation,,,,,2,False,2,compact192_r17:074d9-021,1.1789999999999998,1.1903785950271413,24,22,Point-box sums only; excludes preparation/admission/verification
ORIGINATING_CALL; may be certified by later reconciliation,,,,,20,False,1,compact192_r17:074d9-022,9.428,9.547896149859298,18,17,Point-box sums only; excludes preparation/admission/verification
ORIGINATING_CALL; may be certified by later reconciliation,,,,,5,False,1,compact192_r17:074d9-023,2.584,2.612971429945901,18,17,Point-box sums only; excludes preparation/admission/verification
ORIGINATING_CALL; may be certified by later reconciliation,,,,,8,False,1,compact192_r17:074d9-023,4.332,4.38138043298386,19,18,Point-box sums only; excludes preparation/admission/verification
ORIGINATING_CALL; may be certified by later reconciliation,,,,,2,False,2,compact192_r17:074d9-024,1.048,1.0577087689889595,19,17,Point-box sums only; excludes preparation/admission/verification
ORIGINATING_CALL; may be certified by later reconciliation,,,,,12,False,2,compact192_r17:074d9-024,6.477,6.551067128079012,21,19,Point-box sums only; excludes preparation/admission/verification
ORIGINATING_CALL; may be certified by later reconciliation,,,,,2,False,1,compact192_r17:074d9-025,1.072,1.0796759209479205,18,17,Point-box sums only; excludes preparation/admission/verification
ORIGINATING_CALL; may be certified by later reconciliation,,,,,4,False,1,compact192_r17:074d9-025,2.0629999999999997,2.082130783936009,19,18,Point-box sums only; excludes preparation/admission/verification
ORIGINATING_CALL; may be certified by later reconciliation,,,,,30,False,1,compact192_r17:074d9-025,13.310999999999998,13.482156650105026,20,19,Point-box sums only; excludes preparation/admission/verification
ORIGINATING_CALL; may be certified by later reconciliation,,,,,1,False,1,compact192_r17:074d9-027,0.548,0.5518870330415666,18,17,Point-box sums only; excludes preparation/admission/verification
ORIGINATING_CALL; may be certified by later reconciliation,,,,,6,False,1,compact192_r17:074d9-027,3.294,3.31653064902639,19,18,Point-box sums only; excludes preparation/admission/verification
ORIGINATING_CALL; may be certified by later reconciliation,,,,,9,False,1,compact192_r17:074d9-027,4.54,4.577943402982783,20,19,Point-box sums only; excludes preparation/admission/verification
ORIGINATING_CALL; may be certified by later reconciliation,,,,,13,False,1,compact192_r17:074d9-027,6.3660000000000005,6.423641594010405,21,20,Point-box sums only; excludes preparation/admission/verification
ORIGINATING_CALL; may be certified by later reconciliation,,,,,18,False,1,compact192_r17:074d9-027,9.517999999999999,9.604308214969933,22,21,Point-box sums only; excludes preparation/admission/verification
ORIGINATING_CALL; may be certified by later reconciliation,,,,,28,False,1,compact192_r17:074d9-027,14.449999999999998,14.585101400967687,23,22,Point-box sums only; excludes preparation/admission/verification
ORIGINATING_CALL; may be certified by later reconciliation,,,,,2,False,1,compact192_r17:074d9-028,1.104,1.1156252110376954,18,17,Point-box sums only; excludes preparation/admission/verification
ORIGINATING_CALL; may be certified by later reconciliation,,,,,4,False,1,compact192_r17:074d9-028,1.887,1.9146560570807196,19,18,Point-box sums only; excludes preparation/admission/verification
ORIGINATING_CALL; may be certified by later reconciliation,,,,,8,False,1,compact192_r17:074d9-028,3.7009999999999996,3.749156534089707,20,19,Point-box sums only; excludes preparation/admission/verification
ORIGINATING_CALL; may be certified by later reconciliation,,,,,10,False,1,compact192_r17:074d9-028,4.699,4.755875480128452,21,20,Point-box sums only; excludes preparation/admission/verification
ORIGINATING_CALL; may be certified by later reconciliation,,,,,13,False,1,compact192_r17:074d9-028,6.276000000000001,6.34365483612055,22,21,Point-box sums only; excludes preparation/admission/verification
ORIGINATING_CALL; may be certified by later reconciliation,,,,,1,False,1,compact192_r17:074d9-030,0.616,0.6251765780034475,18,17,Point-box sums only; excludes preparation/admission/verification
ORIGINATING_CALL; may be certified by later reconciliation,,,,,2,False,1,compact192_r17:074d9-030,1.3,1.3156698739621788,19,18,Point-box sums only; excludes preparation/admission/verification
ORIGINATING_CALL; may be certified by later reconciliation,,,,,3,False,4,compact192_r17:074d9-030,1.964,1.9850086919614114,23,19,Point-box sums only; excludes preparation/admission/verification
ORIGINATING_CALL; may be certified by later reconciliation,,,,,13,True,1,compact192_r17:074d9-030,7.195,7.258425402978901,24,23,Point-box sums only; excludes preparation/admission/verification
ORIGINATING_CALL; may be certified by later reconciliation,,,,,2,False,1,compact192_r17:074d9-031,1.411,1.4273831979953684,18,17,Point-box sums only; excludes preparation/admission/verification
ORIGINATING_CALL; may be certified by later reconciliation,,,,,3,False,1,compact192_r17:074d9-031,1.996,2.016504991974216,19,18,Point-box sums only; excludes preparation/admission/verification
ORIGINATING_CALL; may be certified by later reconciliation,,,,,5,False,1,compact192_r17:074d9-031,3.2359999999999998,3.265020798018668,20,19,Point-box sums only; excludes preparation/admission/verification
ORIGINATING_CALL; may be certified by later reconciliation,,,,,9,False,1,compact192_r17:074d9-031,5.5920000000000005,5.646641558036208,21,20,Point-box sums only; excludes preparation/admission/verification
ORIGINATING_CALL; may be certified by later reconciliation,,,,,11,False,1,compact192_r17:074d9-031,7.135000000000001,7.197481070063077,22,21,Point-box sums only; excludes preparation/admission/verification
ORIGINATING_CALL; may be certified by later reconciliation,,,,,29,False,1,compact192_r17:074d9-031,19.283,19.431170671188738,23,22,Point-box sums only; excludes preparation/admission/verification
ORIGINATING_CALL; may be certified by later reconciliation,,,,,1,False,1,compact192_r17:074d9-032,0.715,0.7184199260082096,18,17,Point-box sums only; excludes preparation/admission/verification
ORIGINATING_CALL; may be certified by later reconciliation,,,,,5,False,1,compact192_r17:074d9-032,3.173,3.200614925066475,19,18,Point-box sums only; excludes preparation/admission/verification
ORIGINATING_CALL; may be certified by later reconciliation,,,,,6,False,1,compact192_r17:074d9-032,3.621,3.6535138690378517,20,19,Point-box sums only; excludes preparation/admission/verification
ORIGINATING_CALL; may be certified by later reconciliation,,,,,9,False,1,compact192_r17:074d9-032,5.635000000000001,5.6878682800452225,21,20,Point-box sums only; excludes preparation/admission/verification
ORIGINATING_CALL; may be certified by later reconciliation,,,,,1,False,3,compact192_r17:07ca9-001,0.52,0.523943638021592,20,17,Point-box sums only; excludes preparation/admission/verification
ORIGINATING_CALL; may be certified by later reconciliation,,,,,2,False,2,compact192_r17:07ca9-001,1.195,1.2042900719679892,22,20,Point-box sums only; excludes preparation/admission/verification
ORIGINATING_CALL; may be certified by later reconciliation,,,,,4,False,3,compact192_r17:07ca9-001,2.5740000000000003,2.5958663349738345,25,22,Point-box sums only; excludes preparation/admission/verification
ORIGINATING_CALL; may be certified by later reconciliation,,,,,6,True,1,compact192_r17:07ca9-001,4.164000000000001,4.193429414939601,26,25,Point-box sums only; excludes preparation/admission/verification
ORIGINATING_CALL; may be certified by later reconciliation,,,,,1,False,7,compact192_r17:07ca9-002,0.53,0.5332870519487187,24,17,Point-box sums only; excludes preparation/admission/verification
ORIGINATING_CALL; may be certified by later reconciliation,,,,,1,False,2,compact192_r17:07ca9-003,0.498,0.5031428360380232,19,17,Point-box sums only; excludes preparation/admission/verification
ORIGINATING_CALL; may be certified by later reconciliation,,,,,3,False,1,compact192_r17:07ca9-003,1.423,1.4356983239995316,20,19,Point-box sums only; excludes preparation/admission/verification
ORIGINATING_CALL; may be certified by later reconciliation,,,,,6,False,1,compact192_r17:07ca9-003,2.81,2.8409262660425156,21,20,Point-box sums only; excludes preparation/admission/verification
ORIGINATING_CALL; may be certified by later reconciliation,,,,,10,False,1,compact192_r17:07ca9-003,4.586,4.640341849066317,22,21,Point-box sums only; excludes preparation/admission/verification
ORIGINATING_CALL; may be certified by later reconciliation,,,,,22,False,1,compact192_r17:07ca9-003,9.986999999999998,10.108372816001065,23,22,Point-box sums only; excludes preparation/admission/verification
ORIGINATING_CALL; may be certified by later reconciliation,,,,,25,True,1,compact192_r17:07ca9-003,11.284999999999998,11.456149868026841,24,23,Point-box sums only; excludes preparation/admission/verification
ORIGINATING_CALL; may be certified by later reconciliation,,,,,1,False,7,compact192_r17:07ca9-004,0.274,0.28190851700492203,24,17,Point-box sums only; excludes preparation/admission/verification
ORIGINATING_CALL; may be certified by later reconciliation,,,,,1,False,2,compact192_r17:07ca9-005,0.748,0.7512951089884154,19,17,Point-box sums only; excludes preparation/admission/verification
ORIGINATING_CALL; may be certified by later reconciliation,,,,,2,False,2,compact192_r17:07ca9-005,1.338,1.3492297689663246,21,19,Point-box sums only; excludes preparation/admission/verification
ORIGINATING_CALL; may be certified by later reconciliation,,,,,3,False,1,compact192_r17:07ca9-005,2.111,2.127127307932824,22,21,Point-box sums only; excludes preparation/admission/verification
ORIGINATING_CALL; may be certified by later reconciliation,,,,,4,False,1,compact192_r17:07ca9-005,2.736,2.756371859984938,23,22,Point-box sums only; excludes preparation/admission/verification
ORIGINATING_CALL; may be certified by later reconciliation,,,,,24,True,1,compact192_r17:07ca9-005,15.365,15.47862045490183,24,23,Point-box sums only; excludes preparation/admission/verification
ORIGINATING_CALL; may be certified by later reconciliation,,,,,1,False,2,compact192_r17:07ca9-006,0.494,0.49767290701856837,19,17,Point-box sums only; excludes preparation/admission/verification
ORIGINATING_CALL; may be certified by later reconciliation,,,,,3,False,2,compact192_r17:07ca9-006,1.292,1.3030602390062995,21,19,Point-box sums only; excludes preparation/admission/verification
ORIGINATING_CALL; may be certified by later reconciliation,,,,,5,False,2,compact192_r17:07ca9-006,1.8410000000000002,1.8651305700768717,23,21,Point-box sums only; excludes preparation/admission/verification
ORIGINATING_CALL; may be certified by later reconciliation,,,,,8,True,1,compact192_r17:07ca9-006,2.965,3.006417105149012,24,23,Point-box sums only; excludes preparation/admission/verification
ORIGINATING_CALL; may be certified by later reconciliation,,,,,16,True,2,compact192_r17:07ca9-006,6.751999999999999,6.824655873177107,26,24,Point-box sums only; excludes preparation/admission/verification
ORIGINATING_CALL; may be certified by later reconciliation,,,,,4,False,2,compact192_r17:07ca9-007,2.0020000000000002,2.0262364929076284,19,17,Point-box sums only; excludes preparation/admission/verification
ORIGINATING_CALL; may be certified by later reconciliation,,,,,9,False,1,compact192_r17:07ca9-007,5.215000000000001,5.261308807821479,20,19,Point-box sums only; excludes preparation/admission/verification
ORIGINATING_CALL; may be certified by later reconciliation,,,,,10,False,1,compact192_r17:07ca9-007,5.649000000000001,5.699901437794324,21,20,Point-box sums only; excludes preparation/admission/verification
ORIGINATING_CALL; may be certified by later reconciliation,,,,,17,False,1,compact192_r17:07ca9-007,8.894000000000002,8.982637275825255,22,21,Point-box sums only; excludes preparation/admission/verification
ORIGINATING_CALL; may be certified by later reconciliation,,,,,18,False,1,compact192_r17:07ca9-007,9.261000000000003,9.35427451482974,23,22,Point-box sums only; excludes preparation/admission/verification
ORIGINATING_CALL; may be certified by later reconciliation,,,,,19,True,1,compact192_r17:07ca9-007,9.979000000000003,10.075529548863415,24,23,Point-box sums only; excludes preparation/admission/verification
ORIGINATING_CALL; may be certified by later reconciliation,,,,,30,True,1,compact192_r17:07ca9-007,15.092,15.253712225880008,25,24,Point-box sums only; excludes preparation/admission/verification
ORIGINATING_CALL; may be certified by later reconciliation,,,,,1,False,1,compact192_r17:07ca9-008,0.689,0.6929992110235617,18,17,Point-box sums only; excludes preparation/admission/verification
ORIGINATING_CALL; may be certified by later reconciliation,,,,,3,False,2,compact192_r17:07ca9-008,2.057,2.0789369250414893,20,18,Point-box sums only; excludes preparation/admission/verification
ORIGINATING_CALL; may be certified by later reconciliation,,,,,4,False,2,compact192_r17:07ca9-008,2.919,2.944660500041209,22,20,Point-box sums only; excludes preparation/admission/verification
ORIGINATING_CALL; may be certified by later reconciliation,,,,,9,False,1,compact192_r17:07ca9-008,6.684000000000001,6.738154375052545,23,22,Point-box sums only; excludes preparation/admission/verification
ORIGINATING_CALL; may be certified by later reconciliation,,,,,21,False,1,compact192_r17:07ca9-009,10.402,10.50722562201554,18,17,Point-box sums only; excludes preparation/admission/verification
ORIGINATING_CALL; may be certified by later reconciliation,,,,,3,False,1,compact192_r17:07ca9-010,1.6119999999999999,1.6289167361101136,18,17,Point-box sums only; excludes preparation/admission/verification
ORIGINATING_CALL; may be certified by later reconciliation,,,,,3,False,1,compact192_r17:07ca9-011,1.742,1.7613362330012023,18,17,Point-box sums only; excludes preparation/admission/verification
ORIGINATING_CALL; may be certified by later reconciliation,,,,,5,False,1,compact192_r17:07ca9-011,2.7860000000000005,2.813571985985618,19,18,Point-box sums only; excludes preparation/admission/verification
ORIGINATING_CALL; may be certified by later reconciliation,,,,,6,False,3,compact192_r17:07ca9-011,3.5280000000000005,3.5656739289406687,22,19,Point-box sums only; excludes preparation/admission/verification
ORIGINATING_CALL; may be certified by later reconciliation,,,,,7,False,1,compact192_r17:07ca9-011,4.135000000000001,4.177712377917487,23,22,Point-box sums only; excludes preparation/admission/verification
ORIGINATING_CALL; may be certified by later reconciliation,,,,,9,True,1,compact192_r17:07ca9-011,5.353000000000001,5.406567294849083,24,23,Point-box sums only; excludes preparation/admission/verification
ORIGINATING_CALL; may be certified by later reconciliation,,,,,13,True,1,compact192_r17:07ca9-011,8.865,8.937584787840024,25,24,Point-box sums only; excludes preparation/admission/verification
ORIGINATING_CALL; may be certified by later reconciliation,,,,,16,True,1,compact192_r17:07ca9-011,10.888000000000002,10.981216017855331,26,25,Point-box sums only; excludes preparation/admission/verification
ORIGINATING_CALL; may be certified by later reconciliation,,,,,1,False,1,compact192_r17:07ca9-012,0.715,0.7179802869795822,18,17,Point-box sums only; excludes preparation/admission/verification
ORIGINATING_CALL; may be certified by later reconciliation,,,,,11,False,1,compact192_r17:07ca9-012,6.288999999999999,6.348902294994332,19,18,Point-box sums only; excludes preparation/admission/verification
ORIGINATING_CALL; may be certified by later reconciliation,,,,,2,False,1,compact192_r17:07ca9-013,0.8700000000000001,0.8794950150186196,18,17,Point-box sums only; excludes preparation/admission/verification
ORIGINATING_CALL; may be certified by later reconciliation,,,,,5,False,1,compact192_r17:07ca9-013,2.224,2.2473028790554963,19,18,Point-box sums only; excludes preparation/admission/verification
ORIGINATING_CALL; may be certified by later reconciliation,,,,,6,False,2,compact192_r17:07ca9-013,2.798,2.8247728530550376,21,19,Point-box sums only; excludes preparation/admission/verification
ORIGINATING_CALL; may be certified by later reconciliation,,,,,7,False,1,compact192_r17:07ca9-013,3.451,3.482180593069643,22,21,Point-box sums only; excludes preparation/admission/verification
ORIGINATING_CALL; may be certified by later reconciliation,,,,,8,False,1,compact192_r17:07ca9-013,4.014,4.0483015740755945,23,22,Point-box sums only; excludes preparation/admission/verification
ORIGINATING_CALL; may be certified by later reconciliation,,,,,10,True,1,compact192_r17:07ca9-013,5.097,5.144573103112634,24,23,Point-box sums only; excludes preparation/admission/verification
ORIGINATING_CALL; may be certified by later reconciliation,,,,,16,True,1,compact192_r17:07ca9-013,8.919,8.999602530151606,25,24,Point-box sums only; excludes preparation/admission/verification
ORIGINATING_CALL; may be certified by later reconciliation,,,,,30,False,1,compact192_r17:07ca9-014,16.828000000000003,16.966285148111638,18,17,Point-box sums only; excludes preparation/admission/verification
ORIGINATING_CALL; may be certified by later reconciliation,,,,,8,False,1,compact192_r17:07ca9-015,4.053000000000001,4.10935751296347,18,17,Point-box sums only; excludes preparation/admission/verification
ORIGINATING_CALL; may be certified by later reconciliation,,,,,2,False,2,compact192_r17:07ca9-016,0.9930000000000001,1.0044812779524364,19,17,Point-box sums only; excludes preparation/admission/verification
ORIGINATING_CALL; may be certified by later reconciliation,,,,,3,False,1,compact192_r17:07ca9-016,1.326,1.3429909719270654,20,19,Point-box sums only; excludes preparation/admission/verification
ORIGINATING_CALL; may be certified by later reconciliation,,,,,7,False,1,compact192_r17:07ca9-018,4.412,4.450693658029195,18,17,Point-box sums only; excludes preparation/admission/verification
ORIGINATING_CALL; may be certified by later reconciliation,,,,,9,False,1,compact192_r17:07ca9-018,5.827,5.877898876031395,19,18,Point-box sums only; excludes preparation/admission/verification
ORIGINATING_CALL; may be certified by later reconciliation,,,,,29,False,1,compact192_r17:07ca9-018,18.492,18.656432159186807,20,19,Point-box sums only; excludes preparation/admission/verification
ORIGINATING_CALL; may be certified by later reconciliation,,,,,37,False,1,compact192_r17:07ca9-018,24.931,25.14784340118058,21,20,Point-box sums only; excludes preparation/admission/verification
ORIGINATING_CALL; may be certified by later reconciliation,,,,,39,False,1,compact192_r17:07ca9-018,26.198,26.42264047911158,22,21,Point-box sums only; excludes preparation/admission/verification
ORIGINATING_CALL; may be certified by later reconciliation,,,,,40,False,1,compact192_r17:07ca9-018,26.763,26.991317102103494,23,22,Point-box sums only; excludes preparation/admission/verification
ORIGINATING_CALL; may be certified by later reconciliation,,,,,11,False,1,compact192_r17:07ca9-019,6.342999999999999,6.412626623059623,18,17,Point-box sums only; excludes preparation/admission/verification
ORIGINATING_CALL; may be certified by later reconciliation,,,,,21,False,1,compact192_r17:07ca9-019,11.748000000000001,11.875352333066985,19,18,Point-box sums only; excludes preparation/admission/verification
ORIGINATING_CALL; may be certified by later reconciliation,,,,,23,False,2,compact192_r17:07ca9-019,12.744000000000002,12.878106270974968,21,19,Point-box sums only; excludes preparation/admission/verification
ORIGINATING_CALL; may be certified by later reconciliation,,,,,24,False,1,compact192_r17:07ca9-019,13.410000000000002,13.549324735009577,22,21,Point-box sums only; excludes preparation/admission/verification
ORIGINATING_CALL; may be certified by later reconciliation,,,,,25,False,1,compact192_r17:07ca9-019,14.193000000000001,14.340297706017736,23,22,Point-box sums only; excludes preparation/admission/verification
ORIGINATING_CALL; may be certified by later reconciliation,,,,,1,False,1,compact192_r17:07ca9-020,0.828,0.8360723949735984,18,17,Point-box sums only; excludes preparation/admission/verification
ORIGINATING_CALL; may be certified by later reconciliation,,,,,12,False,2,compact192_r17:07ca9-020,7.851000000000001,7.9574461508891545,20,18,Point-box sums only; excludes preparation/admission/verification
ORIGINATING_CALL; may be certified by later reconciliation,,,,,32,False,1,compact192_r17:07ca9-020,19.227,19.449402423924766,21,20,Point-box sums only; excludes preparation/admission/verification
ORIGINATING_CALL; may be certified by later reconciliation,,,,,36,False,1,compact192_r17:07ca9-020,21.313,21.59745393594494,22,21,Point-box sums only; excludes preparation/admission/verification
ORIGINATING_CALL; may be certified by later reconciliation,,,,,1,False,6,compact192_r17:07ca9-022,1.059,1.0631812720093876,23,17,Point-box sums only; excludes preparation/admission/verification
ORIGINATING_CALL; may be certified by later reconciliation,,,,,1,False,7,compact192_r17:07ca9-023,0.873,0.8766922369832173,24,17,Point-box sums only; excludes preparation/admission/verification
ORIGINATING_CALL; may be certified by later reconciliation,,,,,2,True,1,compact192_r17:07ca9-023,1.491,1.4985352279618382,25,24,Point-box sums only; excludes preparation/admission/verification
ORIGINATING_CALL; may be certified by later reconciliation,,,,,1,False,1,compact192_r17:07ca9-024,0.462,0.466063049971126,18,17,Point-box sums only; excludes preparation/admission/verification
ORIGINATING_CALL; may be certified by later reconciliation,,,,,2,False,4,compact192_r17:07ca9-024,0.887,0.8950176849612035,22,18,Point-box sums only; excludes preparation/admission/verification
ORIGINATING_CALL; may be certified by later reconciliation,,,,,4,False,1,compact192_r17:07ca9-025,2.431,2.4520520270452835,18,17,Point-box sums only; excludes preparation/admission/verification
ORIGINATING_CALL; may be certified by later reconciliation,,,,,6,False,1,compact192_r17:07ca9-025,3.725,3.7608708200859837,19,18,Point-box sums only; excludes preparation/admission/verification
ORIGINATING_CALL; may be certified by later reconciliation,,,,,7,False,1,compact192_r17:07ca9-025,4.447,4.489104217092972,20,19,Point-box sums only; excludes preparation/admission/verification
ORIGINATING_CALL; may be certified by later reconciliation,,,,,9,False,1,compact192_r17:07ca9-025,5.619,5.675720675091725,21,20,Point-box sums only; excludes preparation/admission/verification
ORIGINATING_CALL; may be certified by later reconciliation,,,,,14,False,1,compact192_r17:07ca9-025,8.804,8.883338524145074,22,21,Point-box sums only; excludes preparation/admission/verification
ORIGINATING_CALL; may be certified by later reconciliation,,,,,4,False,1,compact192_r17:07ca9-026,2.567,2.5860125921317376,18,17,Point-box sums only; excludes preparation/admission/verification
ORIGINATING_CALL; may be certified by later reconciliation,,,,,18,False,1,compact192_r17:07ca9-027,11.981000000000002,12.07375661592232,18,17,Point-box sums only; excludes preparation/admission/verification
ORIGINATING_CALL; may be certified by later reconciliation,,,,,8,False,2,compact192_r17:07ca9-028,4.559,4.616252051026095,19,17,Point-box sums only; excludes preparation/admission/verification
ORIGINATING_CALL; may be certified by later reconciliation,,,,,12,False,1,compact192_r17:07ca9-029,6.207999999999999,6.264504394959658,18,17,Point-box sums only; excludes preparation/admission/verification
ORIGINATING_CALL; may be certified by later reconciliation,,,,,6,False,1,compact192_r17:07ca9-030,3.949,3.975315111980308,18,17,Point-box sums only; excludes preparation/admission/verification
ORIGINATING_CALL; may be certified by later reconciliation,,,,,10,False,1,compact192_r17:07ca9-030,6.311,6.3583012979943305,19,18,Point-box sums only; excludes preparation/admission/verification
ORIGINATING_CALL; may be certified by later reconciliation,,,,,16,False,1,compact192_r17:07ca9-030,9.607,9.687024194106925,20,19,Point-box sums only; excludes preparation/admission/verification
ORIGINATING_CALL; may be certified by later reconciliation,,,,,16,False,1,compact192_r17:07ca9-031,10.780999999999999,10.857780116901267,18,17,Point-box sums only; excludes preparation/admission/verification
ORIGINATING_CALL; may be certified by later reconciliation,,,,,1,False,1,compact192_r17:07ca9-032,0.63,0.6347280039917678,18,17,Point-box sums only; excludes preparation/admission/verification
ORIGINATING_CALL; may be certified by later reconciliation,,,,,3,False,1,compact192_r17:07ca9-032,1.349,1.3631732260109857,19,18,Point-box sums only; excludes preparation/admission/verification
ORIGINATING_CALL; may be certified by later reconciliation,,,,,13,False,1,compact192_r17:07ca9-032,6.218,6.280655179056339,20,19,Point-box sums only; excludes preparation/admission/verification
ORIGINATING_CALL; may be certified by later reconciliation,,,,,17,False,1,compact192_r17:07ca9-032,7.959,8.039671900041867,21,20,Point-box sums only; excludes preparation/admission/verification
ORIGINATING_CALL; may be certified by later reconciliation,,,,,35,False,1,compact192_r17:07ca9-032,16.363999999999997,16.53242896590382,22,21,Point-box sums only; excludes preparation/admission/verification
ORIGINATING_CALL; may be certified by later reconciliation,,,,,14,False,2,compact192_r17:08234-001,7.701,7.774942694872152,19,17,Point-box sums only; excludes preparation/admission/verification
ORIGINATING_CALL; may be certified by later reconciliation,,,,,43,False,1,compact192_r17:08234-001,23.356,23.59939700580435,20,19,Point-box sums only; excludes preparation/admission/verification
ORIGINATING_CALL; may be certified by later reconciliation,,,,,40,False,1,compact192_r17:08234-002,24.011,24.217852926114574,18,17,Point-box sums only; excludes preparation/admission/verification
ORIGINATING_CALL; may be certified by later reconciliation,,,,,41,False,1,compact192_r17:08234-002,24.857,25.0716990721412,19,18,Point-box sums only; excludes preparation/admission/verification
ORIGINATING_CALL; may be certified by later reconciliation,,,,,1,False,7,compact192_r17:08234-003,0.686,0.694554743997287,24,17,Point-box sums only; excludes preparation/admission/verification
ORIGINATING_CALL; may be certified by later reconciliation,,,,,38,False,1,compact192_r17:08234-007,25.73699999999999,25.952219030063134,18,17,Point-box sums only; excludes preparation/admission/verification
ORIGINATING_CALL; may be certified by later reconciliation,,,,,1,False,1,compact192_r17:08234-009,0.756,0.7636459920322523,18,17,Point-box sums only; excludes preparation/admission/verification
ORIGINATING_CALL; may be certified by later reconciliation,,,,,2,False,5,compact192_r17:08234-009,1.296,1.3074974600458518,23,18,Point-box sums only; excludes preparation/admission/verification
ORIGINATING_CALL; may be certified by later reconciliation,,,,,3,True,1,compact192_r17:08234-009,1.9460000000000002,1.9638842650456354,24,23,Point-box sums only; excludes preparation/admission/verification
ORIGINATING_CALL; may be certified by later reconciliation,,,,,4,True,1,compact192_r17:08234-009,2.7,2.723070999083575,25,24,Point-box sums only; excludes preparation/admission/verification
ORIGINATING_CALL; may be certified by later reconciliation,,,,,10,False,1,compact192_r17:08234-014,5.791,5.840934597013984,18,17,Point-box sums only; excludes preparation/admission/verification
ORIGINATING_CALL; may be certified by later reconciliation,,,,,25,False,1,compact192_r17:08234-014,14.758000000000003,14.884777531027794,19,18,Point-box sums only; excludes preparation/admission/verification
ORIGINATING_CALL; may be certified by later reconciliation,,,,,7,False,1,compact192_r17:08234-019,3.974,4.0168997279834,18,17,Point-box sums only; excludes preparation/admission/verification
ORIGINATING_CALL; may be certified by later reconciliation,,,,,24,False,1,compact192_r17:08234-019,13.727,13.873126047954429,19,18,Point-box sums only; excludes preparation/admission/verification
ORIGINATING_CALL; may be certified by later reconciliation,,,,,32,False,1,compact192_r17:08234-019,17.935,18.13440041791182,20,19,Point-box sums only; excludes preparation/admission/verification
ORIGINATING_CALL; may be certified by later reconciliation,,,,,1,False,3,compact192_r17:08234-020,0.745,0.7486606269958429,20,17,Point-box sums only; excludes preparation/admission/verification
ORIGINATING_CALL; may be certified by later reconciliation,,,,,6,False,2,compact192_r17:08234-020,4.578,4.608560110908002,22,20,Point-box sums only; excludes preparation/admission/verification
ORIGINATING_CALL; may be certified by later reconciliation,,,,,4,False,1,compact192_r17:08234-021,2.157,2.1823572569992393,18,17,Point-box sums only; excludes preparation/admission/verification
ORIGINATING_CALL; may be certified by later reconciliation,,,,,23,False,1,compact192_r17:08234-023,12.499,12.624544140999205,18,17,Point-box sums only; excludes preparation/admission/verification
ORIGINATING_CALL; may be certified by later reconciliation,,,,,14,False,1,compact192_r17:08234-026,7.499999999999999,7.574096738884691,18,17,Point-box sums only; excludes preparation/admission/verification
ORIGINATING_CALL; may be certified by later reconciliation,,,,,21,False,1,compact192_r17:08234-026,11.027000000000001,11.136277065903414,19,18,Point-box sums only; excludes preparation/admission/verification
ORIGINATING_CALL; may be certified by later reconciliation,,,,,22,False,3,compact192_r17:08234-026,11.661000000000001,11.774430250923615,22,19,Point-box sums only; excludes preparation/admission/verification
ORIGINATING_CALL; may be certified by later reconciliation,,,,,23,False,1,compact192_r17:08234-026,12.136000000000001,12.252620990911964,23,22,Point-box sums only; excludes preparation/admission/verification
ORIGINATING_CALL; may be certified by later reconciliation,,,,,4,False,1,compact192_r17:08234-027,2.374,2.394472237036098,18,17,Point-box sums only; excludes preparation/admission/verification
ORIGINATING_CALL; may be certified by later reconciliation,,,,,6,False,1,compact192_r17:08234-027,3.5020000000000002,3.53949471807573,19,18,Point-box sums only; excludes preparation/admission/verification
ORIGINATING_CALL; may be certified by later reconciliation,,,,,11,False,1,compact192_r17:08234-027,6.713,6.771280004119035,20,19,Point-box sums only; excludes preparation/admission/verification
ORIGINATING_CALL; may be certified by later reconciliation,,,,,21,False,1,compact192_r17:08234-027,12.351000000000003,12.466594129044097,21,20,Point-box sums only; excludes preparation/admission/verification
ORIGINATING_CALL; may be certified by later reconciliation,,,,,27,False,1,compact192_r17:08234-027,16.355000000000004,16.509487192088272,22,21,Point-box sums only; excludes preparation/admission/verification
ORIGINATING_CALL; may be certified by later reconciliation,,,,,23,False,1,compact192_r17:08234-030,12.571000000000002,12.694506115105469,18,17,Point-box sums only; excludes preparation/admission/verification
ORIGINATING_CALL; may be certified by later reconciliation,,,,,36,False,1,compact192_r17:08234-031,16.537999999999997,16.743605456023943,18,17,Point-box sums only; excludes preparation/admission/verification
ORIGINATING_CALL; may be certified by later reconciliation,,,,,14,False,1,compact192_r17:08f72-001,7.352,7.419597717816941,18,17,Point-box sums only; excludes preparation/admission/verification
ORIGINATING_CALL; may be certified by later reconciliation,,,,,15,False,1,compact192_r17:08f72-001,7.627000000000001,7.6979606408276595,19,18,Point-box sums only; excludes preparation/admission/verification
ORIGINATING_CALL; may be certified by later reconciliation,,,,,18,False,1,compact192_r17:08f72-001,9.565000000000001,9.653247746813577,20,19,Point-box sums only; excludes preparation/admission/verification
ORIGINATING_CALL; may be certified by later reconciliation,,,,,19,False,1,compact192_r17:08f72-001,9.851,9.94386352080619,21,20,Point-box sums only; excludes preparation/admission/verification
ORIGINATING_CALL; may be certified by later reconciliation,,,,,21,False,1,compact192_r17:08f72-001,10.967,11.068671439774334,22,21,Point-box sums only; excludes preparation/admission/verification
ORIGINATING_CALL; may be certified by later reconciliation,,,,,33,False,1,compact192_r17:08f72-001,18.046999999999997,18.20474192191614,23,22,Point-box sums only; excludes preparation/admission/verification
ORIGINATING_CALL; may be certified by later reconciliation,,,,,34,True,1,compact192_r17:08f72-001,18.683999999999997,18.845128407876473,24,23,Point-box sums only; excludes preparation/admission/verification
ORIGINATING_CALL; may be certified by later reconciliation,,,,,38,True,1,compact192_r17:08f72-001,20.733,20.9125483398675,25,24,Point-box sums only; excludes preparation/admission/verification
ORIGINATING_CALL; may be certified by later reconciliation,,,,,1,False,1,compact192_r17:08f72-002,0.445,0.4553327989997342,18,17,Point-box sums only; excludes preparation/admission/verification
ORIGINATING_CALL; may be certified by later reconciliation,,,,,3,False,3,compact192_r17:08f72-002,1.267,1.2865500150364824,21,18,Point-box sums only; excludes preparation/admission/verification
ORIGINATING_CALL; may be certified by later reconciliation,,,,,4,False,2,compact192_r17:08f72-002,1.7269999999999999,1.7547718560090289,23,21,Point-box sums only; excludes preparation/admission/verification
ORIGINATING_CALL; may be certified by later reconciliation,,,,,2,False,3,compact192_r17:08f72-003,1.1709999999999998,1.1811550480197184,20,17,Point-box sums only; excludes preparation/admission/verification
ORIGINATING_CALL; may be certified by later reconciliation,,,,,3,False,1,compact192_r17:08f72-003,1.8259999999999998,1.8429219920071773,21,20,Point-box sums only; excludes preparation/admission/verification
ORIGINATING_CALL; may be certified by later reconciliation,,,,,7,False,1,compact192_r17:08f72-003,4.042,4.074114606890362,22,21,Point-box sums only; excludes preparation/admission/verification
ORIGINATING_CALL; may be certified by later reconciliation,,,,,8,False,1,compact192_r17:08f72-003,4.6339999999999995,4.670678570866585,23,22,Point-box sums only; excludes preparation/admission/verification
ORIGINATING_CALL; may be certified by later reconciliation,,,,,11,True,1,compact192_r17:08f72-003,6.471,6.519912552845199,24,23,Point-box sums only; excludes preparation/admission/verification
ORIGINATING_CALL; may be certified by later reconciliation,,,,,1,False,1,compact192_r17:08f72-004,0.571,0.5746016259654425,18,17,Point-box sums only; excludes preparation/admission/verification
ORIGINATING_CALL; may be certified by later reconciliation,,,,,4,False,1,compact192_r17:08f72-004,2.742,2.7606309769907966,19,18,Point-box sums only; excludes preparation/admission/verification
ORIGINATING_CALL; may be certified by later reconciliation,,,,,8,False,1,compact192_r17:08f72-004,5.3309999999999995,5.371130862971768,20,19,Point-box sums only; excludes preparation/admission/verification
ORIGINATING_CALL; may be certified by later reconciliation,,,,,13,False,1,compact192_r17:08f72-004,8.796,8.857006078993436,21,20,Point-box sums only; excludes preparation/admission/verification
ORIGINATING_CALL; may be certified by later reconciliation,,,,,18,False,1,compact192_r17:08f72-004,12.834,12.919864438998047,22,21,Point-box sums only; excludes preparation/admission/verification
ORIGINATING_CALL; may be certified by later reconciliation,,,,,20,False,1,compact192_r17:08f72-004,14.089,14.187504078028724,23,22,Point-box sums only; excludes preparation/admission/verification
ORIGINATING_CALL; may be certified by later reconciliation,,,,,28,True,2,compact192_r17:08f72-004,19.769000000000002,19.911201302078553,25,23,Point-box sums only; excludes preparation/admission/verification
ORIGINATING_CALL; may be certified by later reconciliation,,,,,3,False,1,compact192_r17:08f72-005,1.818,1.834365602931939,18,17,Point-box sums only; excludes preparation/admission/verification
ORIGINATING_CALL; may be certified by later reconciliation,,,,,4,False,2,compact192_r17:08f72-005,2.209,2.228753850911744,20,18,Point-box sums only; excludes preparation/admission/verification
ORIGINATING_CALL; may be certified by later reconciliation,,,,,5,False,2,compact192_r17:08f72-005,2.975,2.9980449149152264,22,20,Point-box sums only; excludes preparation/admission/verification
ORIGINATING_CALL; may be certified by later reconciliation,,,,,6,False,1,compact192_r17:08f72-005,3.423,3.449299193918705,23,22,Point-box sums only; excludes preparation/admission/verification
ORIGINATING_CALL; may be certified by later reconciliation,,,,,1,False,1,compact192_r17:08f72-006,0.742,0.7450944120064378,18,17,Point-box sums only; excludes preparation/admission/verification
ORIGINATING_CALL; may be certified by later reconciliation,,,,,2,False,2,compact192_r17:08f72-006,1.4569999999999999,1.4675640760106035,20,18,Point-box sums only; excludes preparation/admission/verification
ORIGINATING_CALL; may be certified by later reconciliation,,,,,4,False,1,compact192_r17:08f72-006,2.899,2.9199558289838023,21,20,Point-box sums only; excludes preparation/admission/verification
ORIGINATING_CALL; may be certified by later reconciliation,,,,,6,False,1,compact192_r17:08f72-006,3.913,3.9478173939860426,22,21,Point-box sums only; excludes preparation/admission/verification
ORIGINATING_CALL; may be certified by later reconciliation,,,,,14,False,1,compact192_r17:08f72-006,9.267,9.354075047012884,23,22,Point-box sums only; excludes preparation/admission/verification
ORIGINATING_CALL; may be certified by later reconciliation,,,,,17,True,1,compact192_r17:08f72-006,11.248000000000001,11.351210441964213,24,23,Point-box sums only; excludes preparation/admission/verification
ORIGINATING_CALL; may be certified by later reconciliation,,,,,25,False,1,compact192_r17:08f72-007,14.505999999999998,14.637184919964056,18,17,Point-box sums only; excludes preparation/admission/verification
ORIGINATING_CALL; may be certified by later reconciliation,,,,,3,False,1,compact192_r17:08f72-008,1.871,1.8838719800114632,18,17,Point-box sums only; excludes preparation/admission/verification
ORIGINATING_CALL; may be certified by later reconciliation,,,,,9,False,1,compact192_r17:08f72-008,5.945,5.994260358973406,19,18,Point-box sums only; excludes preparation/admission/verification
ORIGINATING_CALL; may be certified by later reconciliation,,,,,2,False,2,compact192_r17:08f72-009,1.009,1.0160050090053119,19,17,Point-box sums only; excludes preparation/admission/verification
ORIGINATING_CALL; may be certified by later reconciliation,,,,,3,False,1,compact192_r17:08f72-009,1.541,1.5518209930160083,20,19,Point-box sums only; excludes preparation/admission/verification
ORIGINATING_CALL; may be certified by later reconciliation,,,,,4,False,1,compact192_r17:08f72-009,2.15,2.167796705965884,21,20,Point-box sums only; excludes preparation/admission/verification
ORIGINATING_CALL; may be certified by later reconciliation,,,,,10,False,1,compact192_r17:08f72-009,5.5120000000000005,5.560405080905184,22,21,Point-box sums only; excludes preparation/admission/verification
ORIGINATING_CALL; may be certified by later reconciliation,,,,,12,False,1,compact192_r17:08f72-009,6.750000000000001,6.8103697878541425,23,22,Point-box sums only; excludes preparation/admission/verification
ORIGINATING_CALL; may be certified by later reconciliation,,,,,13,True,1,compact192_r17:08f72-009,7.311000000000001,7.378162702836562,24,23,Point-box sums only; excludes preparation/admission/verification
ORIGINATING_CALL; may be certified by later reconciliation,,,,,1,False,4,compact192_r17:08f72-010,0.671,0.6748510239995085,21,17,Point-box sums only; excludes preparation/admission/verification
ORIGINATING_CALL; may be certified by later reconciliation,,,,,2,False,1,compact192_r17:08f72-010,1.15,1.1591879490297288,22,21,Point-box sums only; excludes preparation/admission/verification
ORIGINATING_CALL; may be certified by later reconciliation,,,,,7,False,1,compact192_r17:08f72-010,4.223,4.263257057056762,23,22,Point-box sums only; excludes preparation/admission/verification
ORIGINATING_CALL; may be certified by later reconciliation,,,,,12,True,1,compact192_r17:08f72-010,7.548,7.6175653749960475,24,23,Point-box sums only; excludes preparation/admission/verification
ORIGINATING_CALL; may be certified by later reconciliation,,,,,13,True,1,compact192_r17:08f72-010,8.209,8.285178406978957,25,24,Point-box sums only; excludes preparation/admission/verification
ORIGINATING_CALL; may be certified by later reconciliation,,,,,1,False,2,compact192_r17:08f72-011,0.599,0.6028625019825995,19,17,Point-box sums only; excludes preparation/admission/verification
ORIGINATING_CALL; may be certified by later reconciliation,,,,,2,False,3,compact192_r17:08f72-011,1.278,1.285713343997486,22,19,Point-box sums only; excludes preparation/admission/verification
ORIGINATING_CALL; may be certified by later reconciliation,,,,,3,False,1,compact192_r17:08f72-011,2.049,2.0605195579701103,23,22,Point-box sums only; excludes preparation/admission/verification
ORIGINATING_CALL; may be certified by later reconciliation,,,,,4,True,1,compact192_r17:08f72-011,2.485,2.503203409956768,24,23,Point-box sums only; excludes preparation/admission/verification
ORIGINATING_CALL; may be certified by later reconciliation,,,,,7,True,1,compact192_r17:08f72-011,4.034,4.0713447170564905,25,24,Point-box sums only; excludes preparation/admission/verification
ORIGINATING_CALL; may be certified by later reconciliation,,,,,1,False,5,compact192_r17:08f72-013,0.73,0.7374359300010838,22,17,Point-box sums only; excludes preparation/admission/verification
ORIGINATING_CALL; may be certified by later reconciliation,,,,,3,False,1,compact192_r17:08f72-013,1.583,1.5982652839738876,23,22,Point-box sums only; excludes preparation/admission/verification
ORIGINATING_CALL; may be certified by later reconciliation,,,,,7,False,1,compact192_r17:08f72-014,3.155,3.1920598601573147,18,17,Point-box sums only; excludes preparation/admission/verification
ORIGINATING_CALL; may be certified by later reconciliation,,,,,30,False,1,compact192_r17:08f72-014,15.632000000000001,15.791725935181603,19,18,Point-box sums only; excludes preparation/admission/verification
ORIGINATING_CALL; may be certified by later reconciliation,,,,,1,False,1,compact192_r17:08f72-015,0.699,0.7037451579817571,18,17,Point-box sums only; excludes preparation/admission/verification
ORIGINATING_CALL; may be certified by later reconciliation,,,,,2,False,1,compact192_r17:08f72-015,1.072,1.0801502449903637,19,18,Point-box sums only; excludes preparation/admission/verification
ORIGINATING_CALL; may be certified by later reconciliation,,,,,5,False,1,compact192_r17:08f72-015,3.3320000000000003,3.3555585150024854,20,19,Point-box sums only; excludes preparation/admission/verification
ORIGINATING_CALL; may be certified by later reconciliation,,,,,15,False,2,compact192_r17:08f72-015,9.109,9.190094577963464,22,20,Point-box sums only; excludes preparation/admission/verification
ORIGINATING_CALL; may be certified by later reconciliation,,,,,26,False,1,compact192_r17:08f72-015,15.743999999999998,15.878400773915928,23,22,Point-box sums only; excludes preparation/admission/verification
ORIGINATING_CALL; may be certified by later reconciliation,,,,,1,False,1,compact192_r17:08f72-016,0.581,0.5844584449660033,18,17,Point-box sums only; excludes preparation/admission/verification
ORIGINATING_CALL; may be certified by later reconciliation,,,,,10,False,1,compact192_r17:08f72-016,5.986,6.043754769896623,19,18,Point-box sums only; excludes preparation/admission/verification
ORIGINATING_CALL; may be certified by later reconciliation,,,,,15,False,1,compact192_r17:08f72-016,9.212,9.290759018913377,20,19,Point-box sums only; excludes preparation/admission/verification
ORIGINATING_CALL; may be certified by later reconciliation,,,,,24,False,1,compact192_r17:08f72-016,14.909999999999997,15.039453363860957,21,20,Point-box sums only; excludes preparation/admission/verification
ORIGINATING_CALL; may be certified by later reconciliation,,,,,41,False,1,compact192_r17:08f72-016,25.557999999999996,25.775485586898867,22,21,Point-box sums only; excludes preparation/admission/verification
ORIGINATING_CALL; may be certified by later reconciliation,,,,,3,False,1,compact192_r17:08f72-018,1.234,1.2498089479631744,18,17,Point-box sums only; excludes preparation/admission/verification
ORIGINATING_CALL; may be certified by later reconciliation,,,,,4,False,1,compact192_r17:08f72-018,1.9449999999999998,1.968493670981843,19,18,Point-box sums only; excludes preparation/admission/verification
ORIGINATING_CALL; may be certified by later reconciliation,,,,,7,False,1,compact192_r17:08f72-018,4.033,4.072465022967663,20,19,Point-box sums only; excludes preparation/admission/verification
ORIGINATING_CALL; may be certified by later reconciliation,,,,,18,False,1,compact192_r17:08f72-018,10.358,10.456600154924672,21,20,Point-box sums only; excludes preparation/admission/verification
ORIGINATING_CALL; may be certified by later reconciliation,,,,,15,False,1,compact192_r17:08f72-019,8.609,8.674353402922861,18,17,Point-box sums only; excludes preparation/admission/verification
ORIGINATING_CALL; may be certified by later reconciliation,,,,,1,False,1,compact192_r17:08f72-020,0.414,0.4170456189895049,18,17,Point-box sums only; excludes preparation/admission/verification
ORIGINATING_CALL; may be certified by later reconciliation,,,,,10,False,1,compact192_r17:08f72-020,5.135999999999999,5.192227773019113,19,18,Point-box sums only; excludes preparation/admission/verification
ORIGINATING_CALL; may be certified by later reconciliation,,,,,18,False,1,compact192_r17:08f72-020,10.107,10.209900897170883,20,19,Point-box sums only; excludes preparation/admission/verification
ORIGINATING_CALL; may be certified by later reconciliation,,,,,25,False,1,compact192_r17:08f72-020,13.363,13.507584141159896,21,20,Point-box sums only; excludes preparation/admission/verification
ORIGINATING_CALL; may be certified by later reconciliation,,,,,28,False,1,compact192_r17:08f72-020,14.850999999999999,15.013218192150816,22,21,Point-box sums only; excludes preparation/admission/verification
ORIGINATING_CALL; may be certified by later reconciliation,,,,,9,False,1,compact192_r17:08f72-021,5.664000000000001,5.712506458919961,18,17,Point-box sums only; excludes preparation/admission/verification
ORIGINATING_CALL; may be certified by later reconciliation,,,,,16,False,1,compact192_r17:08f72-022,10.789000000000001,10.879443392099347,18,17,Point-box sums only; excludes preparation/admission/verification
ORIGINATING_CALL; may be certified by later reconciliation,,,,,19,False,1,compact192_r17:08f72-022,12.738000000000001,12.843347634130623,19,18,Point-box sums only; excludes preparation/admission/verification
ORIGINATING_CALL; may be certified by later reconciliation,,,,,4,False,1,compact192_r17:08f72-023,2.185,2.205162672966253,18,17,Point-box sums only; excludes preparation/admission/verification
ORIGINATING_CALL; may be certified by later reconciliation,,,,,24,False,1,compact192_r17:08f72-023,12.518999999999998,12.64177637588,19,18,Point-box sums only; excludes preparation/admission/verification
ORIGINATING_CALL; may be certified by later reconciliation,,,,,19,False,1,compact192_r17:08f72-024,12.505000000000003,12.643735370889772,18,17,Point-box sums only; excludes preparation/admission/verification
ORIGINATING_CALL; may be certified by later reconciliation,,,,,3,False,1,compact192_r17:08f72-025,1.3050000000000002,1.3165092279668897,18,17,Point-box sums only; excludes preparation/admission/verification
ORIGINATING_CALL; may be certified by later reconciliation,,,,,10,False,1,compact192_r17:08f72-025,3.6770000000000005,3.721708151861094,19,18,Point-box sums only; excludes preparation/admission/verification
ORIGINATING_CALL; may be certified by later reconciliation,,,,,39,False,1,compact192_r17:08f72-025,16.578,16.792668942944147,20,19,Point-box sums only; excludes preparation/admission/verification
ORIGINATING_CALL; may be certified by later reconciliation,,,,,1,False,2,compact192_r17:08f72-026,0.693,0.6965594909852371,19,17,Point-box sums only; excludes preparation/admission/verification
ORIGINATING_CALL; may be certified by later reconciliation,,,,,8,False,1,compact192_r17:08f72-026,4.901,4.941525748989079,20,19,Point-box sums only; excludes preparation/admission/verification
ORIGINATING_CALL; may be certified by later reconciliation,,,,,12,False,1,compact192_r17:08f72-026,7.753,7.81507592293201,21,20,Point-box sums only; excludes preparation/admission/verification
ORIGINATING_CALL; may be certified by later reconciliation,,,,,16,False,1,compact192_r17:08f72-026,10.501999999999999,10.5906062949216,22,21,Point-box sums only; excludes preparation/admission/verification
ORIGINATING_CALL; may be certified by later reconciliation,,,,,33,False,1,compact192_r17:08f72-026,21.789999999999996,21.959130602772348,23,22,Point-box sums only; excludes preparation/admission/verification
ORIGINATING_CALL; may be certified by later reconciliation,,,,,2,False,2,compact192_r17:08f72-027,1.284,1.2933967400458641,19,17,Point-box sums only; excludes preparation/admission/verification
ORIGINATING_CALL; may be certified by later reconciliation,,,,,4,False,1,compact192_r17:08f72-027,2.6340000000000003,2.6534725200617686,20,19,Point-box sums only; excludes preparation/admission/verification
ORIGINATING_CALL; may be certified by later reconciliation,,,,,27,False,1,compact192_r17:08f72-027,15.719999999999999,15.87164743815083,21,20,Point-box sums only; excludes preparation/admission/verification
ORIGINATING_CALL; may be certified by later reconciliation,,,,,20,False,1,compact192_r17:08f72-029,12.758000000000001,12.852576645964291,18,17,Point-box sums only; excludes preparation/admission/verification
ORIGINATING_CALL; may be certified by later reconciliation,,,,,24,False,1,compact192_r17:08f72-029,15.313,15.431187428941485,19,18,Point-box sums only; excludes preparation/admission/verification
ORIGINATING_CALL; may be certified by later reconciliation,,,,,45,False,2,compact192_r17:08f72-029,28.200999999999997,28.432524233008735,21,19,Point-box sums only; excludes preparation/admission/verification
ORIGINATING_CALL; may be certified by later reconciliation,,,,,1,False,3,compact192_r17:08f72-030,0.215,0.21827142901020125,20,17,Point-box sums only; excludes preparation/admission/verification
ORIGINATING_CALL; may be certified by later reconciliation,,,,,5,False,1,compact192_r17:08f72-030,2.3200000000000003,2.341586904018186,21,20,Point-box sums only; excludes preparation/admission/verification
ORIGINATING_CALL; may be certified by later reconciliation,,,,,6,False,2,compact192_r17:08f72-030,2.987,3.0157303110463545,23,21,Point-box sums only; excludes preparation/admission/verification
ORIGINATING_CALL; may be certified by later reconciliation,,,,,9,True,1,compact192_r17:08f72-030,4.8,4.856271161057521,24,23,Point-box sums only; excludes preparation/admission/verification
ORIGINATING_CALL; may be certified by later reconciliation,,,,,1,False,3,compact192_r17:08f72-031,0.675,0.6800014849868603,20,17,Point-box sums only; excludes preparation/admission/verification
ORIGINATING_CALL; may be certified by later reconciliation,,,,,2,False,1,compact192_r17:08f72-031,1.319,1.3274891930050217,21,20,Point-box sums only; excludes preparation/admission/verification
ORIGINATING_CALL; may be certified by later reconciliation,,,,,9,False,2,compact192_r17:08f72-031,4.8759999999999994,4.933936605986673,23,21,Point-box sums only; excludes preparation/admission/verification
ORIGINATING_CALL; may be certified by later reconciliation,,,,,17,True,1,compact192_r17:08f72-031,8.715,8.817395215970464,24,23,Point-box sums only; excludes preparation/admission/verification
ORIGINATING_CALL; may be certified by later reconciliation,,,,,30,False,1,compact192_r17:08f72-032,17.726999999999997,17.901276324817445,18,17,Point-box sums only; excludes preparation/admission/verification
ORIGINATING_CALL; may be certified by later reconciliation,,,,,33,False,1,compact192_r17:08f72-032,19.747,19.944454150740057,19,18,Point-box sums only; excludes preparation/admission/verification
ORIGINATING_CALL; may be certified by later reconciliation,,,,,1,False,1,compact192_r17:103b2-001,0.467,0.47121788799995556,18,17,Point-box sums only; excludes preparation/admission/verification
ORIGINATING_CALL; may be certified by later reconciliation,,,,,2,False,1,compact192_r17:103b2-001,1.524,1.5330930459895171,19,18,Point-box sums only; excludes preparation/admission/verification
ORIGINATING_CALL; may be certified by later reconciliation,,,,,5,False,1,compact192_r17:103b2-001,3.497,3.5282032669638284,20,19,Point-box sums only; excludes preparation/admission/verification
ORIGINATING_CALL; may be certified by later reconciliation,,,,,6,False,3,compact192_r17:103b2-001,3.9699999999999998,4.005116656946484,23,20,Point-box sums only; excludes preparation/admission/verification
ORIGINATING_CALL; may be certified by later reconciliation,,,,,1,False,1,compact192_r17:103b2-002,0.524,0.52753300400218,18,17,Point-box sums only; excludes preparation/admission/verification
ORIGINATING_CALL; may be certified by later reconciliation,,,,,9,False,1,compact192_r17:103b2-002,5.257,5.304520838020835,19,18,Point-box sums only; excludes preparation/admission/verification
ORIGINATING_CALL; may be certified by later reconciliation,,,,,24,False,1,compact192_r17:103b2-002,13.487999999999998,13.607846344879363,20,19,Point-box sums only; excludes preparation/admission/verification
ORIGINATING_CALL; may be certified by later reconciliation,,,,,2,False,2,compact192_r17:103b2-003,1.1179999999999999,1.1256618829793297,19,17,Point-box sums only; excludes preparation/admission/verification
ORIGINATING_CALL; may be certified by later reconciliation,,,,,4,False,1,compact192_r17:103b2-003,2.002,2.0166802280582488,20,19,Point-box sums only; excludes preparation/admission/verification
ORIGINATING_CALL; may be certified by later reconciliation,,,,,5,False,2,compact192_r17:103b2-003,2.646,2.6646692030481063,22,20,Point-box sums only; excludes preparation/admission/verification
ORIGINATING_CALL; may be certified by later reconciliation,,,,,6,False,1,compact192_r17:103b2-003,3.3739999999999997,3.396384003048297,23,22,Point-box sums only; excludes preparation/admission/verification
ORIGINATING_CALL; may be certified by later reconciliation,,,,,8,True,1,compact192_r17:103b2-003,5.213,5.2519477480091155,24,23,Point-box sums only; excludes preparation/admission/verification
ORIGINATING_CALL; may be certified by later reconciliation,,,,,9,True,1,compact192_r17:103b2-003,6.09,6.133018347027246,25,24,Point-box sums only; excludes preparation/admission/verification
ORIGINATING_CALL; may be certified by later reconciliation,,,,,2,False,1,compact192_r17:103b2-004,1.1480000000000001,1.1601639590226114,18,17,Point-box sums only; excludes preparation/admission/verification
ORIGINATING_CALL; may be certified by later reconciliation,,,,,7,False,1,compact192_r17:103b2-004,4.686000000000001,4.724315122934058,19,18,Point-box sums only; excludes preparation/admission/verification
ORIGINATING_CALL; may be certified by later reconciliation,,,,,8,False,1,compact192_r17:103b2-004,5.3180000000000005,5.366406317974906,20,19,Point-box sums only; excludes preparation/admission/verification
ORIGINATING_CALL; may be certified by later reconciliation,,,,,31,False,1,compact192_r17:103b2-004,20.444000000000003,20.61753723002039,21,20,Point-box sums only; excludes preparation/admission/verification
ORIGINATING_CALL; may be certified by later reconciliation,,,,,34,False,1,compact192_r17:103b2-004,22.758000000000003,22.94800578005379,22,21,Point-box sums only; excludes preparation/admission/verification
ORIGINATING_CALL; may be certified by later reconciliation,,,,,18,False,1,compact192_r17:103b2-006,10.328000000000001,10.426426188088953,18,17,Point-box sums only; excludes preparation/admission/verification
ORIGINATING_CALL; may be certified by later reconciliation,,,,,26,False,1,compact192_r17:103b2-006,14.800000000000002,14.932734774134587,19,18,Point-box sums only; excludes preparation/admission/verification
ORIGINATING_CALL; may be certified by later reconciliation,,,,,28,False,1,compact192_r17:103b2-006,16.149000000000004,16.28972515714122,20,19,Point-box sums only; excludes preparation/admission/verification
ORIGINATING_CALL; may be certified by later reconciliation,,,,,33,False,1,compact192_r17:103b2-006,19.342000000000006,19.51090397418011,21,20,Point-box sums only; excludes preparation/admission/verification
ORIGINATING_CALL; may be certified by later reconciliation,,,,,8,False,1,compact192_r17:103b2-007,5.093000000000001,5.130474962003063,18,17,Point-box sums only; excludes preparation/admission/verification
ORIGINATING_CALL; may be certified by later reconciliation,,,,,13,False,1,compact192_r17:103b2-007,7.707000000000001,7.766810403962154,19,18,Point-box sums only; excludes preparation/admission/verification
ORIGINATING_CALL; may be certified by later reconciliation,,,,,1,False,1,compact192_r17:103b2-008,0.125,0.12830873898928985,18,17,Point-box sums only; excludes preparation/admission/verification
ORIGINATING_CALL; may be certified by later reconciliation,,,,,4,False,1,compact192_r17:103b2-008,1.782,1.8093699060264044,19,18,Point-box sums only; excludes preparation/admission/verification
ORIGINATING_CALL; may be certified by later reconciliation,,,,,6,False,1,compact192_r17:103b2-008,2.8649999999999998,2.9048338080756366,20,19,Point-box sums only; excludes preparation/admission/verification
ORIGINATING_CALL; may be certified by later reconciliation,,,,,8,False,1,compact192_r17:103b2-008,3.885,3.9322111010551453,21,20,Point-box sums only; excludes preparation/admission/verification
ORIGINATING_CALL; may be certified by later reconciliation,,,,,11,False,1,compact192_r17:103b2-008,5.914,5.983522714057472,22,21,Point-box sums only; excludes preparation/admission/verification
ORIGINATING_CALL; may be certified by later reconciliation,,,,,13,False,1,compact192_r17:103b2-008,6.723999999999999,6.80729918211,23,22,Point-box sums only; excludes preparation/admission/verification
ORIGINATING_CALL; may be certified by later reconciliation,,,,,34,True,1,compact192_r17:103b2-008,18.471000000000004,18.662644185998943,24,23,Point-box sums only; excludes preparation/admission/verification
ORIGINATING_CALL; may be certified by later reconciliation,,,,,35,True,1,compact192_r17:103b2-008,18.831000000000003,19.02651518199127,25,24,Point-box sums only; excludes preparation/admission/verification
ORIGINATING_CALL; may be certified by later reconciliation,,,,,18,False,1,compact192_r17:103b2-009,11.175,11.270724255940877,18,17,Point-box sums only; excludes preparation/admission/verification
ORIGINATING_CALL; may be certified by later reconciliation,,,,,31,False,1,compact192_r17:103b2-009,20.116,20.30411902279593,19,18,Point-box sums only; excludes preparation/admission/verification
ORIGINATING_CALL; may be certified by later reconciliation,,,,,38,False,1,compact192_r17:103b2-009,24.008999999999997,24.2587941417587,20,19,Point-box sums only; excludes preparation/admission/verification
ORIGINATING_CALL; may be certified by later reconciliation,,,,,16,False,1,compact192_r17:103b2-010,8.553999999999998,8.675834067165852,18,17,Point-box sums only; excludes preparation/admission/verification
ORIGINATING_CALL; may be certified by later reconciliation,,,,,27,False,1,compact192_r17:103b2-010,15.571,15.757835768221412,19,18,Point-box sums only; excludes preparation/admission/verification
ORIGINATING_CALL; may be certified by later reconciliation,,,,,29,False,1,compact192_r17:103b2-010,16.597,16.790668084227946,20,19,Point-box sums only; excludes preparation/admission/verification
ORIGINATING_CALL; may be certified by later reconciliation,,,,,30,False,1,compact192_r17:103b2-010,17.164,17.36300108319847,21,20,Point-box sums only; excludes preparation/admission/verification
ORIGINATING_CALL; may be certified by later reconciliation,,,,,32,False,1,compact192_r17:103b2-010,18.352000000000004,18.558217131183483,22,21,Point-box sums only; excludes preparation/admission/verification
ORIGINATING_CALL; may be certified by later reconciliation,,,,,19,False,1,compact192_r17:103b2-011,10.859,10.949893879937008,18,17,Point-box sums only; excludes preparation/admission/verification
ORIGINATING_CALL; may be certified by later reconciliation,,,,,1,False,1,compact192_r17:103b2-012,0.334,0.3413872080272995,18,17,Point-box sums only; excludes preparation/admission/verification
ORIGINATING_CALL; may be certified by later reconciliation,,,,,4,False,1,compact192_r17:103b2-012,2.262,2.2880230720038526,19,18,Point-box sums only; excludes preparation/admission/verification
ORIGINATING_CALL; may be certified by later reconciliation,,,,,6,False,1,compact192_r17:103b2-012,2.9749999999999996,3.013292418967467,20,19,Point-box sums only; excludes preparation/admission/verification
ORIGINATING_CALL; may be certified by later reconciliation,,,,,9,False,1,compact192_r17:103b2-012,5.191999999999999,5.246414809022099,21,20,Point-box sums only; excludes preparation/admission/verification
ORIGINATING_CALL; may be certified by later reconciliation,,,,,13,False,1,compact192_r17:103b2-012,7.162,7.231275612080935,22,21,Point-box sums only; excludes preparation/admission/verification
ORIGINATING_CALL; may be certified by later reconciliation,,,,,17,False,1,compact192_r17:103b2-012,9.177,9.262201881036162,23,22,Point-box sums only; excludes preparation/admission/verification
ORIGINATING_CALL; may be certified by later reconciliation,,,,,18,True,1,compact192_r17:103b2-012,9.728,9.816622683021706,24,23,Point-box sums only; excludes preparation/admission/verification
ORIGINATING_CALL; may be certified by later reconciliation,,,,,1,False,6,compact192_r17:103b2-013,0.337,0.3447496449807659,23,17,Point-box sums only; excludes preparation/admission/verification
ORIGINATING_CALL; may be certified by later reconciliation,,,,,1,False,2,compact192_r17:103b2-014,0.53,0.5340073320548981,19,17,Point-box sums only; excludes preparation/admission/verification
ORIGINATING_CALL; may be certified by later reconciliation,,,,,2,False,1,compact192_r17:103b2-014,1.362,1.3732829080545343,20,19,Point-box sums only; excludes preparation/admission/verification
ORIGINATING_CALL; may be certified by later reconciliation,,,,,6,False,1,compact192_r17:103b2-014,3.6320000000000006,3.661715292080771,21,20,Point-box sums only; excludes preparation/admission/verification
ORIGINATING_CALL; may be certified by later reconciliation,,,,,9,False,1,compact192_r17:103b2-014,5.464000000000001,5.509571093949489,22,21,Point-box sums only; excludes preparation/admission/verification
ORIGINATING_CALL; may be certified by later reconciliation,,,,,12,False,1,compact192_r17:103b2-014,7.065000000000001,7.121498906926718,23,22,Point-box sums only; excludes preparation/admission/verification
ORIGINATING_CALL; may be certified by later reconciliation,,,,,20,True,1,compact192_r17:103b2-014,11.753,11.859403590962756,24,23,Point-box sums only; excludes preparation/admission/verification
ORIGINATING_CALL; may be certified by later reconciliation,,,,,34,True,1,compact192_r17:103b2-014,20.083999999999996,20.25715313589899,25,24,Point-box sums only; excludes preparation/admission/verification
ORIGINATING_CALL; may be certified by later reconciliation,,,,,6,False,1,compact192_r17:103b2-015,2.837,2.8774732920574024,18,17,Point-box sums only; excludes preparation/admission/verification
ORIGINATING_CALL; may be certified by later reconciliation,,,,,9,False,1,compact192_r17:103b2-015,4.301,4.355033313098829,19,18,Point-box sums only; excludes preparation/admission/verification
ORIGINATING_CALL; may be certified by later reconciliation,,,,,18,False,1,compact192_r17:103b2-015,8.221000000000002,8.33061131206341,20,19,Point-box sums only; excludes preparation/admission/verification
ORIGINATING_CALL; may be certified by later reconciliation,,,,,24,False,1,compact192_r17:103b2-015,11.114000000000003,11.252472530002706,21,20,Point-box sums only; excludes preparation/admission/verification
ORIGINATING_CALL; may be certified by later reconciliation,,,,,3,False,1,compact192_r17:103b2-016,1.262,1.2816245129797608,18,17,Point-box sums only; excludes preparation/admission/verification
ORIGINATING_CALL; may be certified by later reconciliation,,,,,7,False,1,compact192_r17:103b2-016,3.724,3.7625417599338107,19,18,Point-box sums only; excludes preparation/admission/verification
ORIGINATING_CALL; may be certified by later reconciliation,,,,,10,False,1,compact192_r17:103b2-016,5.474,5.5234231918584555,20,19,Point-box sums only; excludes preparation/admission/verification
ORIGINATING_CALL; may be certified by later reconciliation,,,,,11,False,1,compact192_r17:103b2-016,6.197,6.25000818882836,21,20,Point-box sums only; excludes preparation/admission/verification
ORIGINATING_CALL; may be certified by later reconciliation,,,,,14,False,1,compact192_r17:103b2-016,7.534000000000001,7.600672235828824,22,21,Point-box sums only; excludes preparation/admission/verification
ORIGINATING_CALL; may be certified by later reconciliation,,,,,19,False,1,compact192_r17:103b2-016,9.854,9.952381050796248,23,22,Point-box sums only; excludes preparation/admission/verification
ORIGINATING_CALL; may be certified by later reconciliation,,,,,1,False,4,compact192_r17:103b2-017,0.743,0.7500049619702622,21,17,Point-box sums only; excludes preparation/admission/verification
ORIGINATING_CALL; may be certified by later reconciliation,,,,,3,False,1,compact192_r17:103b2-017,1.8679999999999999,1.8820536729181185,22,21,Point-box sums only; excludes preparation/admission/verification
ORIGINATING_CALL; may be certified by later reconciliation,,,,,9,False,1,compact192_r17:103b2-017,5.355999999999999,5.3955483719473705,23,22,Point-box sums only; excludes preparation/admission/verification
ORIGINATING_CALL; may be certified by later reconciliation,,,,,13,True,1,compact192_r17:103b2-017,7.826,7.888553575961851,24,23,Point-box sums only; excludes preparation/admission/verification
ORIGINATING_CALL; may be certified by later reconciliation,,,,,1,False,6,compact192_r17:103b2-019,0.865,0.8686766110477038,23,17,Point-box sums only; excludes preparation/admission/verification
ORIGINATING_CALL; may be certified by later reconciliation,,,,,3,False,1,compact192_r17:103b2-020,2.408,2.4215391009347513,18,17,Point-box sums only; excludes preparation/admission/verification
ORIGINATING_CALL; may be certified by later reconciliation,,,,,13,False,1,compact192_r17:103b2-020,7.767999999999999,7.82766714488389,19,18,Point-box sums only; excludes preparation/admission/verification
ORIGINATING_CALL; may be certified by later reconciliation,,,,,17,False,1,compact192_r17:103b2-020,10.158000000000001,10.23863397387322,20,19,Point-box sums only; excludes preparation/admission/verification
ORIGINATING_CALL; may be certified by later reconciliation,,,,,1,False,1,compact192_r17:103b2-022,0.754,0.7583626629784703,18,17,Point-box sums only; excludes preparation/admission/verification
ORIGINATING_CALL; may be certified by later reconciliation,,,,,26,False,1,compact192_r17:103b2-022,14.241000000000001,14.371441165858414,19,18,Point-box sums only; excludes preparation/admission/verification
ORIGINATING_CALL; may be certified by later reconciliation,,,,,27,False,1,compact192_r17:103b2-022,15.036000000000001,15.17542405880522,20,19,Point-box sums only; excludes preparation/admission/verification
ORIGINATING_CALL; may be certified by later reconciliation,,,,,16,False,1,compact192_r17:103b2-023,9.195,9.276930536958389,18,17,Point-box sums only; excludes preparation/admission/verification
ORIGINATING_CALL; may be certified by later reconciliation,,,,,2,False,1,compact192_r17:103b2-024,1.1560000000000001,1.1687731389538385,18,17,Point-box sums only; excludes preparation/admission/verification
ORIGINATING_CALL; may be certified by later reconciliation,,,,,5,False,1,compact192_r17:103b2-024,2.6580000000000004,2.6895141789573245,19,18,Point-box sums only; excludes preparation/admission/verification
ORIGINATING_CALL; may be certified by later reconciliation,,,,,10,False,1,compact192_r17:103b2-024,5.850000000000001,5.905934238922782,20,19,Point-box sums only; excludes preparation/admission/verification
ORIGINATING_CALL; may be certified by later reconciliation,,,,,11,False,1,compact192_r17:103b2-024,6.380000000000002,6.439869456924498,21,20,Point-box sums only; excludes preparation/admission/verification
ORIGINATING_CALL; may be certified by later reconciliation,,,,,18,False,1,compact192_r17:103b2-024,10.328000000000003,10.42724438890582,22,21,Point-box sums only; excludes preparation/admission/verification
ORIGINATING_CALL; may be certified by later reconciliation,,,,,12,False,1,compact192_r17:103b2-025,5.559000000000001,5.612230609927792,18,17,Point-box sums only; excludes preparation/admission/verification
ORIGINATING_CALL; may be certified by later reconciliation,,,,,14,False,1,compact192_r17:103b2-025,6.658,6.722871638950892,19,18,Point-box sums only; excludes preparation/admission/verification
ORIGINATING_CALL; may be certified by later reconciliation,,,,,19,False,1,compact192_r17:103b2-025,8.315000000000001,8.40559694491094,20,19,Point-box sums only; excludes preparation/admission/verification
ORIGINATING_CALL; may be certified by later reconciliation,,,,,28,False,1,compact192_r17:103b2-025,12.523000000000001,12.656745348882396,21,20,Point-box sums only; excludes preparation/admission/verification
ORIGINATING_CALL; may be certified by later reconciliation,,,,,39,False,1,compact192_r17:103b2-025,17.035000000000004,17.22109782480402,22,21,Point-box sums only; excludes preparation/admission/verification
ORIGINATING_CALL; may be certified by later reconciliation,,,,,1,False,2,compact192_r17:103b2-026,0.409,0.417210296029225,19,17,Point-box sums only; excludes preparation/admission/verification
ORIGINATING_CALL; may be certified by later reconciliation,,,,,2,False,1,compact192_r17:103b2-026,1.026,1.0381378720630892,20,19,Point-box sums only; excludes preparation/admission/verification
ORIGINATING_CALL; may be certified by later reconciliation,,,,,3,False,2,compact192_r17:103b2-026,1.81,1.829645635036286,22,20,Point-box sums only; excludes preparation/admission/verification
ORIGINATING_CALL; may be certified by later reconciliation,,,,,5,False,2,compact192_r17:103b2-026,2.782,2.81050360907102,24,22,Point-box sums only; excludes preparation/admission/verification
ORIGINATING_CALL; may be certified by later reconciliation,,,,,5,False,1,compact192_r17:103b2-027,3.356,3.3858493430307135,18,17,Point-box sums only; excludes preparation/admission/verification
ORIGINATING_CALL; may be certified by later reconciliation,,,,,7,False,2,compact192_r17:103b2-027,5.196,5.238799026061315,20,18,Point-box sums only; excludes preparation/admission/verification
ORIGINATING_CALL; may be certified by later reconciliation,,,,,12,False,1,compact192_r17:103b2-027,8.431,8.49801999918418,21,20,Point-box sums only; excludes preparation/admission/verification
ORIGINATING_CALL; may be certified by later reconciliation,,,,,16,False,1,compact192_r17:103b2-027,11.527999999999999,11.609447246184573,22,21,Point-box sums only; excludes preparation/admission/verification
ORIGINATING_CALL; may be certified by later reconciliation,,,,,19,False,1,compact192_r17:103b2-027,13.518999999999998,13.61847644217778,23,22,Point-box sums only; excludes preparation/admission/verification
ORIGINATING_CALL; may be certified by later reconciliation,,,,,1,False,1,compact192_r17:103b2-029,0.65,0.6535210610018112,18,17,Point-box sums only; excludes preparation/admission/verification
ORIGINATING_CALL; may be certified by later reconciliation,,,,,2,False,1,compact192_r17:103b2-029,1.396,1.4200915130204521,19,18,Point-box sums only; excludes preparation/admission/verification
ORIGINATING_CALL; may be certified by later reconciliation,,,,,3,False,2,compact192_r17:103b2-029,2.02,2.0523698370088823,21,19,Point-box sums only; excludes preparation/admission/verification
ORIGINATING_CALL; may be certified by later reconciliation,,,,,5,False,1,compact192_r17:103b2-029,2.9170000000000003,2.9620240560616367,22,21,Point-box sums only; excludes preparation/admission/verification
ORIGINATING_CALL; may be certified by later reconciliation,,,,,8,False,1,compact192_r17:103b2-029,4.562,4.624713771045208,23,22,Point-box sums only; excludes preparation/admission/verification
ORIGINATING_CALL; may be certified by later reconciliation,,,,,10,True,3,compact192_r17:103b2-029,5.426,5.5032171150669456,26,23,Point-box sums only; excludes preparation/admission/verification
ORIGINATING_CALL; may be certified by later reconciliation,,,,,3,False,2,compact192_r17:103b2-030,1.3199999999999998,1.331308947992511,19,17,Point-box sums only; excludes preparation/admission/verification
ORIGINATING_CALL; may be certified by later reconciliation,,,,,4,False,1,compact192_r17:103b2-030,1.7089999999999999,1.724447318003513,20,19,Point-box sums only; excludes preparation/admission/verification
ORIGINATING_CALL; may be certified by later reconciliation,,,,,5,False,1,compact192_r17:103b2-030,2.199,2.219696562970057,21,20,Point-box sums only; excludes preparation/admission/verification
ORIGINATING_CALL; may be certified by later reconciliation,,,,,9,False,1,compact192_r17:103b2-030,3.9689999999999994,4.006787558959331,22,21,Point-box sums only; excludes preparation/admission/verification
ORIGINATING_CALL; may be certified by later reconciliation,,,,,21,False,1,compact192_r17:103b2-030,10.433999999999997,10.532619911944494,23,22,Point-box sums only; excludes preparation/admission/verification
ORIGINATING_CALL; may be certified by later reconciliation,,,,,24,True,1,compact192_r17:103b2-030,11.877999999999997,12.00405204296112,24,23,Point-box sums only; excludes preparation/admission/verification
ORIGINATING_CALL; may be certified by later reconciliation,,,,,25,True,1,compact192_r17:103b2-030,12.306999999999997,12.441259529965464,25,24,Point-box sums only; excludes preparation/admission/verification
ORIGINATING_CALL; may be certified by later reconciliation,,,,,12,False,1,compact192_r17:103b2-032,6.281000000000001,6.328779907955322,18,17,Point-box sums only; excludes preparation/admission/verification
ORIGINATING_CALL; may be certified by later reconciliation,,,,,2,False,2,compact192_r17:11952-002,1.133,1.1463843030505814,19,17,Point-box sums only; excludes preparation/admission/verification
ORIGINATING_CALL; may be certified by later reconciliation,,,,,4,False,1,compact192_r17:11952-002,2.531,2.5567936780280434,20,19,Point-box sums only; excludes preparation/admission/verification
ORIGINATING_CALL; may be certified by later reconciliation,,,,,5,False,1,compact192_r17:11952-002,2.971,3.0005014070193283,21,20,Point-box sums only; excludes preparation/admission/verification
ORIGINATING_CALL; may be certified by later reconciliation,,,,,12,False,1,compact192_r17:11952-002,7.292000000000001,7.346245129941963,22,21,Point-box sums only; excludes preparation/admission/verification
ORIGINATING_CALL; may be certified by later reconciliation,,,,,1,False,3,compact192_r17:11952-003,0.628,0.6317891579819843,20,17,Point-box sums only; excludes preparation/admission/verification
ORIGINATING_CALL; may be certified by later reconciliation,,,,,2,False,1,compact192_r17:11952-003,1.3860000000000001,1.3951636030105874,21,20,Point-box sums only; excludes preparation/admission/verification
ORIGINATING_CALL; may be certified by later reconciliation,,,,,9,False,1,compact192_r17:11952-003,5.891000000000001,5.932065466069616,22,21,Point-box sums only; excludes preparation/admission/verification
ORIGINATING_CALL; may be certified by later reconciliation,,,,,13,False,2,compact192_r17:11952-003,7.891,7.9568094700807706,24,22,Point-box sums only; excludes preparation/admission/verification
ORIGINATING_CALL; may be certified by later reconciliation,,,,,14,True,1,compact192_r17:11952-003,8.72,8.789087559096515,25,24,Point-box sums only; excludes preparation/admission/verification
ORIGINATING_CALL; may be certified by later reconciliation,,,,,1,False,1,compact192_r17:11952-004,0.499,0.5038491449668072,18,17,Point-box sums only; excludes preparation/admission/verification
ORIGINATING_CALL; may be certified by later reconciliation,,,,,2,False,1,compact192_r17:11952-004,0.7010000000000001,0.7104441999690607,19,18,Point-box sums only; excludes preparation/admission/verification
ORIGINATING_CALL; may be certified by later reconciliation,,,,,27,False,1,compact192_r17:11952-004,14.155,14.298812623892445,20,19,Point-box sums only; excludes preparation/admission/verification
ORIGINATING_CALL; may be certified by later reconciliation,,,,,5,False,1,compact192_r17:11952-005,2.799,2.8236404249910265,18,17,Point-box sums only; excludes preparation/admission/verification
ORIGINATING_CALL; may be certified by later reconciliation,,,,,24,False,1,compact192_r17:11952-005,13.532000000000002,13.649969592050184,19,18,Point-box sums only; excludes preparation/admission/verification
ORIGINATING_CALL; may be certified by later reconciliation,,,,,44,False,1,compact192_r17:11952-005,24.976999999999993,25.201073113945313,20,19,Point-box sums only; excludes preparation/admission/verification
ORIGINATING_CALL; may be certified by later reconciliation,,,,,2,False,2,compact192_r17:11952-006,1.012,1.020027368038427,19,17,Point-box sums only; excludes preparation/admission/verification
ORIGINATING_CALL; may be certified by later reconciliation,,,,,4,False,1,compact192_r17:11952-006,2.0060000000000002,2.0295774590340443,20,19,Point-box sums only; excludes preparation/admission/verification
ORIGINATING_CALL; may be certified by later reconciliation,,,,,6,False,1,compact192_r17:11952-006,2.947,2.979293468000833,21,20,Point-box sums only; excludes preparation/admission/verification
ORIGINATING_CALL; may be certified by later reconciliation,,,,,12,False,1,compact192_r17:11952-006,5.543,5.608727368991822,22,21,Point-box sums only; excludes preparation/admission/verification
ORIGINATING_CALL; may be certified by later reconciliation,,,,,19,False,1,compact192_r17:11952-006,8.674,8.777236855996307,23,22,Point-box sums only; excludes preparation/admission/verification
ORIGINATING_CALL; may be certified by later reconciliation,,,,,31,True,1,compact192_r17:11952-006,14.876,15.044904679059982,24,23,Point-box sums only; excludes preparation/admission/verification
ORIGINATING_CALL; may be certified by later reconciliation,,,,,2,False,2,compact192_r17:11952-007,1.471,1.4871199789922684,19,17,Point-box sums only; excludes preparation/admission/verification
ORIGINATING_CALL; may be certified by later reconciliation,,,,,3,False,3,compact192_r17:11952-007,2.3680000000000003,2.389219110016711,22,19,Point-box sums only; excludes preparation/admission/verification
ORIGINATING_CALL; may be certified by later reconciliation,,,,,4,False,2,compact192_r17:11952-007,2.9840000000000004,3.0086106790113263,24,22,Point-box sums only; excludes preparation/admission/verification
ORIGINATING_CALL; may be certified by later reconciliation,,,,,5,True,1,compact192_r17:11952-007,3.6910000000000003,3.718948588008061,25,24,Point-box sums only; excludes preparation/admission/verification
ORIGINATING_CALL; may be certified by later reconciliation,,,,,2,False,1,compact192_r17:11952-008,1.279,1.29111415107036,18,17,Point-box sums only; excludes preparation/admission/verification
ORIGINATING_CALL; may be certified by later reconciliation,,,,,4,False,1,compact192_r17:11952-008,2.548,2.5710198950837366,19,18,Point-box sums only; excludes preparation/admission/verification
ORIGINATING_CALL; may be certified by later reconciliation,,,,,8,False,1,compact192_r17:11952-008,4.618,4.659304339089431,20,19,Point-box sums only; excludes preparation/admission/verification
ORIGINATING_CALL; may be certified by later reconciliation,,,,,18,False,2,compact192_r17:11952-008,10.623,10.712255917082075,22,20,Point-box sums only; excludes preparation/admission/verification
ORIGINATING_CALL; may be certified by later reconciliation,,,,,19,False,1,compact192_r17:11952-008,11.298,11.39301018009428,23,22,Point-box sums only; excludes preparation/admission/verification
ORIGINATING_CALL; may be certified by later reconciliation,,,,,11,False,1,compact192_r17:11952-009,7.234999999999999,7.288701939920429,18,17,Point-box sums only; excludes preparation/admission/verification
ORIGINATING_CALL; may be certified by later reconciliation,,,,,23,False,1,compact192_r17:11952-009,14.357000000000001,14.467881515040062,19,18,Point-box sums only; excludes preparation/admission/verification
ORIGINATING_CALL; may be certified by later reconciliation,,,,,26,False,1,compact192_r17:11952-009,16.144000000000002,16.267186662065797,20,19,Point-box sums only; excludes preparation/admission/verification
ORIGINATING_CALL; may be certified by later reconciliation,,,,,1,False,1,compact192_r17:11952-010,0.575,0.5786406670231372,18,17,Point-box sums only; excludes preparation/admission/verification
ORIGINATING_CALL; may be certified by later reconciliation,,,,,2,False,2,compact192_r17:11952-010,0.891,0.898700584017206,20,18,Point-box sums only; excludes preparation/admission/verification
ORIGINATING_CALL; may be certified by later reconciliation,,,,,3,False,1,compact192_r17:11952-010,1.556,1.5679391979938373,21,20,Point-box sums only; excludes preparation/admission/verification
ORIGINATING_CALL; may be certified by later reconciliation,,,,,5,False,5,compact192_r17:11952-010,2.552,2.5766015899716876,26,21,Point-box sums only; excludes preparation/admission/verification
ORIGINATING_CALL; may be certified by later reconciliation,,,,,7,False,1,compact192_r17:11952-011,3.3149999999999995,3.3515546761336736,18,17,Point-box sums only; excludes preparation/admission/verification
ORIGINATING_CALL; may be certified by later reconciliation,,,,,10,False,1,compact192_r17:11952-011,5.0089999999999995,5.065357021114323,19,18,Point-box sums only; excludes preparation/admission/verification
ORIGINATING_CALL; may be certified by later reconciliation,,,,,17,False,1,compact192_r17:11952-011,8.69,8.784857412101701,20,19,Point-box sums only; excludes preparation/admission/verification
ORIGINATING_CALL; may be certified by later reconciliation,,,,,27,False,1,compact192_r17:11952-011,14.268,14.440961941203568,21,20,Point-box sums only; excludes preparation/admission/verification
ORIGINATING_CALL; may be certified by later reconciliation,,,,,39,False,1,compact192_r17:11952-011,20.382999999999996,20.721600537130143,22,21,Point-box sums only; excludes preparation/admission/verification
ORIGINATING_CALL; may be certified by later reconciliation,,,,,10,False,1,compact192_r17:11952-012,5.598,5.644763598043937,18,17,Point-box sums only; excludes preparation/admission/verification
ORIGINATING_CALL; may be certified by later reconciliation,,,,,42,False,1,compact192_r17:11952-012,24.194,24.448536681185942,19,18,Point-box sums only; excludes preparation/admission/verification
ORIGINATING_CALL; may be certified by later reconciliation,,,,,11,False,1,compact192_r17:11952-013,6.107000000000001,6.178997116046958,18,17,Point-box sums only; excludes preparation/admission/verification
ORIGINATING_CALL; may be certified by later reconciliation,,,,,24,False,1,compact192_r17:11952-013,13.820000000000002,13.986416330968495,19,18,Point-box sums only; excludes preparation/admission/verification
ORIGINATING_CALL; may be certified by later reconciliation,,,,,26,False,1,compact192_r17:11952-013,15.056000000000001,15.236580673023127,20,19,Point-box sums only; excludes preparation/admission/verification
ORIGINATING_CALL; may be certified by later reconciliation,,,,,1,False,2,compact192_r17:11952-014,0.415,0.42104946001200005,19,17,Point-box sums only; excludes preparation/admission/verification
ORIGINATING_CALL; may be certified by later reconciliation,,,,,2,False,1,compact192_r17:11952-014,0.8009999999999999,0.8122833160450682,20,19,Point-box sums only; excludes preparation/admission/verification
ORIGINATING_CALL; may be certified by later reconciliation,,,,,3,False,1,compact192_r17:11952-014,1.6749999999999998,1.6940525130485184,21,20,Point-box sums only; excludes preparation/admission/verification
ORIGINATING_CALL; may be certified by later reconciliation,,,,,9,False,1,compact192_r17:11952-014,5.863,5.962837816041429,22,21,Point-box sums only; excludes preparation/admission/verification
ORIGINATING_CALL; may be certified by later reconciliation,,,,,25,False,1,compact192_r17:11952-015,16.301000000000005,16.424630707828328,18,17,Point-box sums only; excludes preparation/admission/verification
ORIGINATING_CALL; may be certified by later reconciliation,,,,,1,False,2,compact192_r17:11952-016,0.471,0.47925611498067155,19,17,Point-box sums only; excludes preparation/admission/verification
ORIGINATING_CALL; may be certified by later reconciliation,,,,,2,False,2,compact192_r17:11952-016,1.127,1.1387054729857482,21,19,Point-box sums only; excludes preparation/admission/verification
ORIGINATING_CALL; may be certified by later reconciliation,,,,,3,False,2,compact192_r17:11952-016,1.42,1.4351265609730035,23,21,Point-box sums only; excludes preparation/admission/verification
ORIGINATING_CALL; may be certified by later reconciliation,,,,,10,True,1,compact192_r17:11952-016,5.218999999999999,5.273581455927342,24,23,Point-box sums only; excludes preparation/admission/verification
ORIGINATING_CALL; may be certified by later reconciliation,,,,,7,False,1,compact192_r17:11952-017,3.949,3.977113168919459,18,17,Point-box sums only; excludes preparation/admission/verification
ORIGINATING_CALL; may be certified by later reconciliation,,,,,9,False,1,compact192_r17:11952-017,5.029,5.069871197920293,19,18,Point-box sums only; excludes preparation/admission/verification
ORIGINATING_CALL; may be certified by later reconciliation,,,,,46,False,1,compact192_r17:11952-017,26.948,27.16316488373559,20,19,Point-box sums only; excludes preparation/admission/verification
ORIGINATING_CALL; may be certified by later reconciliation,,,,,3,False,1,compact192_r17:11952-018,1.26,1.2763015270465985,18,17,Point-box sums only; excludes preparation/admission/verification
ORIGINATING_CALL; may be certified by later reconciliation,,,,,9,False,3,compact192_r17:11952-018,4.164,4.204970652994234,21,18,Point-box sums only; excludes preparation/admission/verification
ORIGINATING_CALL; may be certified by later reconciliation,,,,,12,False,1,compact192_r17:11952-018,5.784000000000001,5.8420535599580035,22,21,Point-box sums only; excludes preparation/admission/verification
ORIGINATING_CALL; may be certified by later reconciliation,,,,,19,False,1,compact192_r17:11952-018,9.765,9.856880129082128,23,22,Point-box sums only; excludes preparation/admission/verification
ORIGINATING_CALL; may be certified by later reconciliation,,,,,35,True,1,compact192_r17:11952-018,17.381,17.558266113046557,24,23,Point-box sums only; excludes preparation/admission/verification
ORIGINATING_CALL; may be certified by later reconciliation,,,,,1,False,5,compact192_r17:11952-019,0.422,0.4272019049967639,22,17,Point-box sums only; excludes preparation/admission/verification
ORIGINATING_CALL; may be certified by later reconciliation,,,,,22,False,1,compact192_r17:11952-020,12.011000000000001,12.11665259290021,18,17,Point-box sums only; excludes preparation/admission/verification
ORIGINATING_CALL; may be certified by later reconciliation,,,,,1,False,3,compact192_r17:11952-021,0.654,0.6581408510101028,20,17,Point-box sums only; excludes preparation/admission/verification
ORIGINATING_CALL; may be certified by later reconciliation,,,,,15,False,1,compact192_r17:11952-021,7.947000000000001,8.015592738811392,21,20,Point-box sums only; excludes preparation/admission/verification
ORIGINATING_CALL; may be certified by later reconciliation,,,,,16,False,1,compact192_r17:11952-021,8.405000000000001,8.477738019777462,22,21,Point-box sums only; excludes preparation/admission/verification
ORIGINATING_CALL; may be certified by later reconciliation,,,,,17,False,1,compact192_r17:11952-021,8.882000000000001,8.962562690780032,23,22,Point-box sums only; excludes preparation/admission/verification
ORIGINATING_CALL; may be certified by later reconciliation,,,,,21,False,1,compact192_r17:11952-022,9.119,9.21434931497788,18,17,Point-box sums only; excludes preparation/admission/verification
ORIGINATING_CALL; may be certified by later reconciliation,,,,,23,False,1,compact192_r17:11952-022,9.857999999999999,9.968939558952115,19,18,Point-box sums only; excludes preparation/admission/verification
ORIGINATING_CALL; may be certified by later reconciliation,,,,,46,False,1,compact192_r17:11952-022,20.352999999999994,20.586552209046204,20,19,Point-box sums only; excludes preparation/admission/verification
ORIGINATING_CALL; may be certified by later reconciliation,,,,,3,False,1,compact192_r17:11952-024,1.961,1.9776962739997543,18,17,Point-box sums only; excludes preparation/admission/verification
ORIGINATING_CALL; may be certified by later reconciliation,,,,,2,False,2,compact192_r17:11952-025,0.986,0.9973322649602778,19,17,Point-box sums only; excludes preparation/admission/verification
ORIGINATING_CALL; may be certified by later reconciliation,,,,,8,False,1,compact192_r17:11952-025,4.418000000000001,4.457891984900925,20,19,Point-box sums only; excludes preparation/admission/verification
ORIGINATING_CALL; may be certified by later reconciliation,,,,,9,False,1,compact192_r17:11952-025,5.258000000000001,5.305107181891799,21,20,Point-box sums only; excludes preparation/admission/verification
ORIGINATING_CALL; may be certified by later reconciliation,,,,,34,False,1,compact192_r17:11952-025,18.762,18.946527714841068,22,21,Point-box sums only; excludes preparation/admission/verification
ORIGINATING_CALL; may be certified by later reconciliation,,,,,23,False,1,compact192_r17:11952-026,14.259999999999998,14.40799297398189,18,17,Point-box sums only; excludes preparation/admission/verification
ORIGINATING_CALL; may be certified by later reconciliation,,,,,32,False,1,compact192_r17:11952-027,17.115,17.297533489996567,18,17,Point-box sums only; excludes preparation/admission/verification
ORIGINATING_CALL; may be certified by later reconciliation,,,,,2,False,1,compact192_r17:11952-028,1.428,1.4349186680046842,18,17,Point-box sums only; excludes preparation/admission/verification
ORIGINATING_CALL; may be certified by later reconciliation,,,,,12,False,1,compact192_r17:11952-029,8.857999999999999,8.918852590839379,18,17,Point-box sums only; excludes preparation/admission/verification
ORIGINATING_CALL; may be certified by later reconciliation,,,,,13,False,1,compact192_r17:11952-029,9.697999999999999,9.761921102821361,19,18,Point-box sums only; excludes preparation/admission/verification
ORIGINATING_CALL; may be certified by later reconciliation,,,,,22,False,1,compact192_r17:11952-029,15.867999999999999,15.976093188801315,20,19,Point-box sums only; excludes preparation/admission/verification
ORIGINATING_CALL; may be certified by later reconciliation,,,,,1,False,2,compact192_r17:11952-030,0.744,0.7491648720460944,19,17,Point-box sums only; excludes preparation/admission/verification
ORIGINATING_CALL; may be certified by later reconciliation,,,,,3,False,1,compact192_r17:11952-030,1.6760000000000002,1.6891428640810773,20,19,Point-box sums only; excludes preparation/admission/verification
ORIGINATING_CALL; may be certified by later reconciliation,,,,,5,False,1,compact192_r17:11952-030,2.749,2.770907596044708,21,20,Point-box sums only; excludes preparation/admission/verification
ORIGINATING_CALL; may be certified by later reconciliation,,,,,6,False,1,compact192_r17:11952-030,3.491,3.5166736060054973,22,21,Point-box sums only; excludes preparation/admission/verification
ORIGINATING_CALL; may be certified by later reconciliation,,,,,8,False,1,compact192_r17:11952-030,4.397,4.431213417090476,23,22,Point-box sums only; excludes preparation/admission/verification
ORIGINATING_CALL; may be certified by later reconciliation,,,,,32,True,1,compact192_r17:11952-030,18.243000000000002,18.40982692426769,24,23,Point-box sums only; excludes preparation/admission/verification
ORIGINATING_CALL; may be certified by later reconciliation,,,,,8,False,1,compact192_r17:11952-031,4.022,4.075780897052027,18,17,Point-box sums only; excludes preparation/admission/verification
ORIGINATING_CALL; may be certified by later reconciliation,,,,,12,False,1,compact192_r17:11952-031,5.334,5.41054841602454,19,18,Point-box sums only; excludes preparation/admission/verification
ORIGINATING_CALL; may be certified by later reconciliation,,,,,28,False,1,compact192_r17:11952-031,13.134999999999998,13.303961962054018,20,19,Point-box sums only; excludes preparation/admission/verification
ORIGINATING_CALL; may be certified by later reconciliation,,,,,1,False,4,compact192_r17:11952-032,0.48,0.48366768995765597,21,17,Point-box sums only; excludes preparation/admission/verification
ORIGINATING_CALL; may be certified by later reconciliation,,,,,2,False,2,compact192_r17:11952-032,1.3159999999999998,1.3235402269056067,23,21,Point-box sums only; excludes preparation/admission/verification
ORIGINATING_CALL; may be certified by later reconciliation,,,,,3,True,1,compact192_r17:11952-032,1.8419999999999999,1.8555582839180715,24,23,Point-box sums only; excludes preparation/admission/verification
ORIGINATING_CALL; may be certified by later reconciliation,,,,,38,False,1,joint64_r17:11952-0024632,17.882,18.17204001103528,18,17,Point-box sums only; excludes preparation/admission/verification
ORIGINATING_CALL; may be certified by later reconciliation,,,,,26,False,1,joint64_r17:11952-0020513,14.901,15.069198941695504,18,17,Point-box sums only; excludes preparation/admission/verification
ORIGINATING_CALL; may be certified by later reconciliation,,,,,4,False,1,full11952_64_r17:11952-0891932,1.9579999999999997,1.9786834130063653,18,17,Point-box sums only; excludes preparation/admission/verification
ORIGINATING_CALL; may be certified by later reconciliation,,,,,19,False,1,full11952_64_r17:11952-0891932,10.201999999999998,10.30763702292461,19,18,Point-box sums only; excludes preparation/admission/verification
ORIGINATING_CALL; may be certified by later reconciliation,,,,,20,False,1,full11952_64_r17:11952-0891932,10.560999999999998,10.669888501870446,20,19,Point-box sums only; excludes preparation/admission/verification
ORIGINATING_CALL; may be certified by later reconciliation,,,,,24,False,1,full11952_64_r17:11952-0891932,12.399999999999999,12.527573942905292,21,20,Point-box sums only; excludes preparation/admission/verification
ORIGINATING_CALL; may be certified by later reconciliation,,,,,36,False,1,full11952_64_r17:11952-0891932,18.665,18.84784442477394,22,21,Point-box sums only; excludes preparation/admission/verification
ORIGINATING_CALL; may be certified by later reconciliation,,,,,39,False,1,full11952_64_r17:11952-0891932,20.052999999999997,20.252654302865267,23,22,Point-box sums only; excludes preparation/admission/verification
ORIGINATING_CALL; may be certified by later reconciliation,,,,,1,False,1,full11952_64_r17:11952-0962587,0.666,0.669235632987693,18,17,Point-box sums only; excludes preparation/admission/verification
ORIGINATING_CALL; may be certified by later reconciliation,,,,,2,False,3,full11952_64_r17:11952-0962587,1.178,1.184795688954182,21,18,Point-box sums only; excludes preparation/admission/verification
ORIGINATING_CALL; may be certified by later reconciliation,,,,,3,False,2,full11952_64_r17:11952-0962587,1.867,1.877015485893935,23,21,Point-box sums only; excludes preparation/admission/verification
ORIGINATING_CALL; may be certified by later reconciliation,,,,,8,True,1,full11952_64_r17:11952-0962587,4.758,4.798254808993079,24,23,Point-box sums only; excludes preparation/admission/verification
ORIGINATING_CALL; may be certified by later reconciliation,,,,,9,True,1,full11952_64_r17:11952-0962587,5.225,5.269218817004003,25,24,Point-box sums only; excludes preparation/admission/verification
ORIGINATING_CALL; may be certified by later reconciliation,,,,,10,True,1,full11952_64_r17:11952-0962587,5.754,5.801921171019785,26,25,Point-box sums only; excludes preparation/admission/verification
ORIGINATING_CALL; may be certified by later reconciliation,,,,,11,True,1,full11952_64_r17:11952-0962587,6.188,6.241264855954796,27,26,Point-box sums only; excludes preparation/admission/verification
ORIGINATING_CALL; may be certified by later reconciliation,,,,,13,False,1,full11952_64_r17:11952-0274988,4.888000000000001,4.954320160089992,18,17,Point-box sums only; excludes preparation/admission/verification
ORIGINATING_CALL; may be certified by later reconciliation,,,,,6,False,1,full11952_64_r17:11952-0656455,3.7110000000000003,3.7460937841096893,18,17,Point-box sums only; excludes preparation/admission/verification
ORIGINATING_CALL; may be certified by later reconciliation,,,,,30,False,1,full11952_64_r17:11952-0656455,18.034,18.197765855002217,19,18,Point-box sums only; excludes preparation/admission/verification
ORIGINATING_CALL; may be certified by later reconciliation,,,,,3,False,1,full11952_64_r17:11952-0028737,1.246,1.2593089689034969,18,17,Point-box sums only; excludes preparation/admission/verification
ORIGINATING_CALL; may be certified by later reconciliation,,,,,38,False,1,full11952_64_r17:11952-1021465,20.377000000000002,20.567370586795732,18,17,Point-box sums only; excludes preparation/admission/verification
ORIGINATING_CALL; may be certified by later reconciliation,,,,,6,False,1,full11952_64_r17:11952-0601378,3.242,3.2771119020180777,18,17,Point-box sums only; excludes preparation/admission/verification
ORIGINATING_CALL; may be certified by later reconciliation,,,,,7,False,1,full11952_64_r17:11952-0601378,3.967,4.009812786127441,19,18,Point-box sums only; excludes preparation/admission/verification
ORIGINATING_CALL; may be certified by later reconciliation,,,,,13,False,1,full11952_64_r17:11952-0601378,7.616,7.695942844846286,20,19,Point-box sums only; excludes preparation/admission/verification
ORIGINATING_CALL; may be certified by later reconciliation,,,,,15,False,1,full11952_64_r17:11952-0601378,8.866999999999999,8.956675539026037,21,20,Point-box sums only; excludes preparation/admission/verification
ORIGINATING_CALL; may be certified by later reconciliation,,,,,21,False,1,full11952_64_r17:11952-0601378,11.982,12.113564714090899,22,21,Point-box sums only; excludes preparation/admission/verification
ORIGINATING_CALL; may be certified by later reconciliation,,,,,23,False,1,full11952_64_r17:11952-0601378,13.175999999999998,13.319370813085698,23,22,Point-box sums only; excludes preparation/admission/verification
ORIGINATING_CALL; may be certified by later reconciliation,,,,,25,True,1,full11952_64_r17:11952-0601378,14.264,14.418946107034571,24,23,Point-box sums only; excludes preparation/admission/verification
ORIGINATING_CALL; may be certified by later reconciliation,,,,,28,True,1,full11952_64_r17:11952-0601378,15.682,15.857389922137372,25,24,Point-box sums only; excludes preparation/admission/verification
ORIGINATING_CALL; may be certified by later reconciliation,,,,,33,True,1,full11952_64_r17:11952-0601378,18.436999999999998,18.631964282132685,26,25,Point-box sums only; excludes preparation/admission/verification
ORIGINATING_CALL; may be certified by later reconciliation,,,,,48,True,1,full11952_64_r17:11952-0601378,25.973999999999993,26.231367092113942,27,26,Point-box sums only; excludes preparation/admission/verification
ORIGINATING_CALL; may be certified by later reconciliation,,,,,49,True,1,full11952_64_r17:11952-0601378,26.471999999999994,26.733132638037205,28,27,Point-box sums only; excludes preparation/admission/verification
ORIGINATING_CALL; may be certified by later reconciliation,,,,,2,False,1,full11952_64_r17:11952-0302717,1.499,1.5088000090327114,18,17,Point-box sums only; excludes preparation/admission/verification
ORIGINATING_CALL; may be certified by later reconciliation,,,,,12,False,1,full11952_64_r17:11952-0559616,6.349,6.418225410860032,18,17,Point-box sums only; excludes preparation/admission/verification
ORIGINATING_CALL; may be certified by later reconciliation,,,,,5,False,1,full11952_64_r17:11952-0101406,2.507,2.5364789329469204,18,17,Point-box sums only; excludes preparation/admission/verification
ORIGINATING_CALL; may be certified by later reconciliation,,,,,19,False,1,full11952_64_r17:11952-0101406,9.336000000000002,9.44374053075444,19,18,Point-box sums only; excludes preparation/admission/verification
ORIGINATING_CALL; may be certified by later reconciliation,,,,,40,False,1,full11952_64_r17:11952-0101406,20.323,20.543586288695224,20,19,Point-box sums only; excludes preparation/admission/verification
ORIGINATING_CALL; may be certified by later reconciliation,,,,,8,False,1,full11952_64_r17:11952-0788483,4.327,4.366901715751737,18,17,Point-box sums only; excludes preparation/admission/verification
ORIGINATING_CALL; may be certified by later reconciliation,,,,,10,False,1,full11952_64_r17:11952-0766167,5.814,5.866174567956477,18,17,Point-box sums only; excludes preparation/admission/verification
ORIGINATING_CALL; may be certified by later reconciliation,,,,,37,False,1,full11952_64_r17:11952-0150973,21.421000000000003,21.61916221003048,18,17,Point-box sums only; excludes preparation/admission/verification
ORIGINATING_CALL; may be certified by later reconciliation,,,,,11,False,1,full11952_64_r17:11952-0847980,4.77,4.830257717170753,18,17,Point-box sums only; excludes preparation/admission/verification
ORIGINATING_CALL; may be certified by later reconciliation,,,,,20,False,1,full11952_64_r17:11952-1015808,10.21,10.298185938037932,18,17,Point-box sums only; excludes preparation/admission/verification
ORIGINATING_CALL; may be certified by later reconciliation,,,,,27,False,1,full11952_64_r17:11952-1015808,14.162,14.28121228190139,19,18,Point-box sums only; excludes preparation/admission/verification
ORIGINATING_CALL; may be certified by later reconciliation,,,,,2,False,1,full11952_late64_r17:11952-0959582,1.149,1.1580818729707971,18,17,Point-box sums only; excludes preparation/admission/verification
ORIGINATING_CALL; may be certified by later reconciliation,,,,,6,False,1,full11952_late64_r17:11952-0959582,3.42,3.4502020699437708,19,18,Point-box sums only; excludes preparation/admission/verification
ORIGINATING_CALL; may be certified by later reconciliation,,,,,7,False,2,full11952_late64_r17:11952-0959582,4.112,4.1491863779956475,21,19,Point-box sums only; excludes preparation/admission/verification
ORIGINATING_CALL; may be certified by later reconciliation,,,,,12,False,1,full11952_late64_r17:11952-0959582,6.974000000000001,7.038881330983713,22,21,Point-box sums only; excludes preparation/admission/verification
ORIGINATING_CALL; may be certified by later reconciliation,,,,,13,False,1,full11952_late64_r17:11952-0959582,7.418000000000001,7.4869435880100355,23,22,Point-box sums only; excludes preparation/admission/verification
ORIGINATING_CALL; may be certified by later reconciliation,,,,,17,True,2,full11952_late64_r17:11952-0959582,9.911,9.997362756053917,25,23,Point-box sums only; excludes preparation/admission/verification
ORIGINATING_CALL; may be certified by later reconciliation,,,,,23,True,1,full11952_late64_r17:11952-0959582,13.137999999999998,13.25434600119479,26,25,Point-box sums only; excludes preparation/admission/verification
ORIGINATING_CALL; may be certified by later reconciliation,,,,,25,True,1,full11952_late64_r17:11952-0959582,14.341999999999999,14.47400798916351,27,26,Point-box sums only; excludes preparation/admission/verification
ORIGINATING_CALL; may be certified by later reconciliation,,,,,1,False,2,full11952_late64_r17:11952-0671851,0.645,0.6483980789780617,19,17,Point-box sums only; excludes preparation/admission/verification
ORIGINATING_CALL; may be certified by later reconciliation,,,,,2,False,1,full11952_late64_r17:11952-0671851,1.06,1.071052375016734,20,19,Point-box sums only; excludes preparation/admission/verification
ORIGINATING_CALL; may be certified by later reconciliation,,,,,5,False,1,full11952_late64_r17:11952-0671851,2.9510000000000005,2.9808432410936803,21,20,Point-box sums only; excludes preparation/admission/verification
ORIGINATING_CALL; may be certified by later reconciliation,,,,,17,False,1,full11952_late64_r17:11952-0671851,10.193999999999997,10.281932076090015,22,21,Point-box sums only; excludes preparation/admission/verification
ORIGINATING_CALL; may be certified by later reconciliation,,,,,18,False,1,full11952_late64_r17:11952-0671851,10.801999999999998,10.894193861051463,23,22,Point-box sums only; excludes preparation/admission/verification
ORIGINATING_CALL; may be certified by later reconciliation,,,,,19,True,1,full11952_late64_r17:11952-0671851,11.498999999999997,11.595527764991857,24,23,Point-box sums only; excludes preparation/admission/verification
ORIGINATING_CALL; may be certified by later reconciliation,,,,,23,True,1,full11952_late64_r17:11952-0671851,13.514999999999997,13.627319752122276,25,24,Point-box sums only; excludes preparation/admission/verification
ORIGINATING_CALL; may be certified by later reconciliation,,,,,27,True,1,full11952_late64_r17:11952-0671851,15.938999999999997,16.07167352223769,26,25,Point-box sums only; excludes preparation/admission/verification
ORIGINATING_CALL; may be certified by later reconciliation,,,,,1,False,1,full11952_late64_r17:11952-0970821,0.565,0.5686995569849387,18,17,Point-box sums only; excludes preparation/admission/verification
ORIGINATING_CALL; may be certified by later reconciliation,,,,,36,False,1,full11952_late64_r17:11952-0970821,23.099999999999998,23.299199216999114,19,18,Point-box sums only; excludes preparation/admission/verification
ORIGINATING_CALL; may be certified by later reconciliation,,,,,4,False,1,full11952_late64_r17:11952-0929095,2.943,2.961953829973936,18,17,Point-box sums only; excludes preparation/admission/verification
ORIGINATING_CALL; may be certified by later reconciliation,,,,,35,False,1,full11952_late64_r17:11952-0043220,21.770999999999997,21.949588159215637,18,17,Point-box sums only; excludes preparation/admission/verification
ORIGINATING_CALL; may be certified by later reconciliation,,,,,5,False,1,full11952_late64_r17:11952-0649211,3.2469999999999994,3.277004183968529,18,17,Point-box sums only; excludes preparation/admission/verification
ORIGINATING_CALL; may be certified by later reconciliation,,,,,19,False,1,full11952_late64_r17:11952-0649211,12.070999999999998,12.159391770721413,19,18,Point-box sums only; excludes preparation/admission/verification
ORIGINATING_CALL; may be certified by later reconciliation,,,,,2,False,1,full11952_late64_r17:11952-0175156,0.839,0.856109606102109,18,17,Point-box sums only; excludes preparation/admission/verification
ORIGINATING_CALL; may be certified by later reconciliation,,,,,3,False,1,full11952_late64_r17:11952-0175156,1.318,1.3383443671045825,19,18,Point-box sums only; excludes preparation/admission/verification
ORIGINATING_CALL; may be certified by later reconciliation,,,,,16,False,1,full11952_late64_r17:11952-0175156,7.017000000000001,7.10326585394796,20,19,Point-box sums only; excludes preparation/admission/verification
ORIGINATING_CALL; may be certified by later reconciliation,,,,,41,False,1,full11952_late64_r17:11952-0175156,18.26,18.47765807097312,21,20,Point-box sums only; excludes preparation/admission/verification
ORIGINATING_CALL; may be certified by later reconciliation,,,,,7,False,1,full11952_late64_r17:11952-0840198,3.96,3.9933723059948534,18,17,Point-box sums only; excludes preparation/admission/verification
ORIGINATING_CALL; may be certified by later reconciliation,,,,,22,False,1,full11952_late64_r17:11952-0484356,14.198000000000002,14.330978615093045,18,17,Point-box sums only; excludes preparation/admission/verification
ORIGINATING_CALL; may be certified by later reconciliation,,,,,37,False,1,full11952_late64_r17:11952-0484356,24.250000000000007,24.464113370049745,19,18,Point-box sums only; excludes preparation/admission/verification
ORIGINATING_CALL; may be certified by later reconciliation,,,,,2,False,1,full11952_late64_r17:11952-0739615,1.1099999999999999,1.122793719987385,18,17,Point-box sums only; excludes preparation/admission/verification
ORIGINATING_CALL; may be certified by later reconciliation,,,,,9,False,1,full11952_late64_r17:11952-0739615,5.8069999999999995,5.856227199896239,19,18,Point-box sums only; excludes preparation/admission/verification
ORIGINATING_CALL; may be certified by later reconciliation,,,,,20,False,1,full11952_late64_r17:11952-0739615,11.843,11.947832321864553,20,19,Point-box sums only; excludes preparation/admission/verification
ORIGINATING_CALL; may be certified by later reconciliation,,,,,20,False,1,full11952_late64_r17:11952-0629884,12.741999999999999,12.833865372114815,18,17,Point-box sums only; excludes preparation/admission/verification
ORIGINATING_CALL; may be certified by later reconciliation,,,,,2,False,3,retention24_r17:074d9-112,0.755,0.7645766380010173,20,17,Point-box sums only; excludes preparation/admission/verification
ORIGINATING_CALL; may be certified by later reconciliation,,,,,3,False,1,retention24_r17:074d9-112,1.001,1.0150560420006514,21,20,Point-box sums only; excludes preparation/admission/verification
ORIGINATING_CALL; may be certified by later reconciliation,,,,,8,False,1,retention24_r17:074d9-112,3.186,3.2227826550370082,22,21,Point-box sums only; excludes preparation/admission/verification
ORIGINATING_CALL; may be certified by later reconciliation,,,,,17,False,1,retention24_r17:074d9-112,6.859,6.936227539961692,23,22,Point-box sums only; excludes preparation/admission/verification
ORIGINATING_CALL; may be certified by later reconciliation,,,,,6,False,1,retention24_r17:074d9-425,2.619,2.6473559630685486,18,17,Point-box sums only; excludes preparation/admission/verification
ORIGINATING_CALL; may be certified by later reconciliation,,,,,13,False,1,retention24_r17:074d9-425,5.409999999999999,5.470781489042565,19,18,Point-box sums only; excludes preparation/admission/verification
ORIGINATING_CALL; may be certified by later reconciliation,,,,,22,False,1,retention24_r17:074d9-425,9.342999999999998,9.468352735042572,20,19,Point-box sums only; excludes preparation/admission/verification
ORIGINATING_CALL; may be certified by later reconciliation,,,,,23,False,1,retention24_r17:074d9-425,9.825999999999999,9.956747982068919,21,20,Point-box sums only; excludes preparation/admission/verification
ORIGINATING_CALL; may be certified by later reconciliation,,,,,1,False,4,retention24_r17:074d9-069,0.584,0.587870683055371,21,17,Point-box sums only; excludes preparation/admission/verification
ORIGINATING_CALL; may be certified by later reconciliation,,,,,2,False,1,retention24_r17:074d9-069,1.108,1.1157044790452346,22,21,Point-box sums only; excludes preparation/admission/verification
ORIGINATING_CALL; may be certified by later reconciliation,,,,,4,False,2,retention24_r17:074d9-069,2.012,2.0331354610971175,24,22,Point-box sums only; excludes preparation/admission/verification
ORIGINATING_CALL; may be certified by later reconciliation,,,,,7,True,1,retention24_r17:074d9-069,3.4939999999999998,3.5280995761277154,25,24,Point-box sums only; excludes preparation/admission/verification
ORIGINATING_CALL; may be certified by later reconciliation,,,,,8,True,1,retention24_r17:074d9-069,3.908,3.9493832901353016,26,25,Point-box sums only; excludes preparation/admission/verification
ORIGINATING_CALL; may be certified by later reconciliation,,,,,1,False,2,retention24_r17:074d9-415,0.254,0.25935095496242866,19,17,Point-box sums only; excludes preparation/admission/verification
ORIGINATING_CALL; may be certified by later reconciliation,,,,,3,False,5,retention24_r17:074d9-415,1.291,1.305653124989476,24,19,Point-box sums only; excludes preparation/admission/verification
ORIGINATING_CALL; may be certified by later reconciliation,,,,,4,True,1,retention24_r17:074d9-415,1.708,1.7260780759970658,25,24,Point-box sums only; excludes preparation/admission/verification
ORIGINATING_CALL; may be certified by later reconciliation,,,,,1,False,4,retention24_r17:07ca9-280,0.617,0.6206757189938799,21,17,Point-box sums only; excludes preparation/admission/verification
ORIGINATING_CALL; may be certified by later reconciliation,,,,,2,False,2,retention24_r17:07ca9-280,1.111,1.1186077760066837,23,21,Point-box sums only; excludes preparation/admission/verification
ORIGINATING_CALL; may be certified by later reconciliation,,,,,3,True,2,retention24_r17:07ca9-280,2.015,2.0263977340073325,25,23,Point-box sums only; excludes preparation/admission/verification
ORIGINATING_CALL; may be certified by later reconciliation,,,,,8,True,1,retention24_r17:07ca9-280,4.978,5.020803808060009,26,25,Point-box sums only; excludes preparation/admission/verification
ORIGINATING_CALL; may be certified by later reconciliation,,,,,6,False,3,retention24_r17:07ca9-248,4.49,4.5270969700068235,20,17,Point-box sums only; excludes preparation/admission/verification
ORIGINATING_CALL; may be certified by later reconciliation,,,,,8,False,1,retention24_r17:07ca9-248,5.771000000000001,5.820080781006254,21,20,Point-box sums only; excludes preparation/admission/verification
ORIGINATING_CALL; may be certified by later reconciliation,,,,,9,False,1,retention24_r17:07ca9-248,6.588000000000001,6.640624707972165,22,21,Point-box sums only; excludes preparation/admission/verification
ORIGINATING_CALL; may be certified by later reconciliation,,,,,20,False,2,retention24_r17:07ca9-248,14.715000000000002,14.814839278988075,24,22,Point-box sums only; excludes preparation/admission/verification
ORIGINATING_CALL; may be certified by later reconciliation,,,,,21,True,1,retention24_r17:07ca9-248,15.195000000000002,15.29813174897572,25,24,Point-box sums only; excludes preparation/admission/verification
ORIGINATING_CALL; may be certified by later reconciliation,,,,,1,False,5,retention24_r17:07ca9-214,0.505,0.5095298799569719,22,17,Point-box sums only; excludes preparation/admission/verification
ORIGINATING_CALL; may be certified by later reconciliation,,,,,2,False,1,retention24_r17:07ca9-214,0.998,1.005768974951934,23,22,Point-box sums only; excludes preparation/admission/verification
ORIGINATING_CALL; may be certified by later reconciliation,,,,,3,True,2,retention24_r17:07ca9-214,1.5,1.5157478849287145,25,23,Point-box sums only; excludes preparation/admission/verification
ORIGINATING_CALL; may be certified by later reconciliation,,,,,1,False,1,retention24_r17:07ca9-245,0.561,0.5725744829978794,18,17,Point-box sums only; excludes preparation/admission/verification
ORIGINATING_CALL; may be certified by later reconciliation,,,,,4,False,2,retention24_r17:07ca9-245,1.973,1.9990424899733625,20,18,Point-box sums only; excludes preparation/admission/verification
ORIGINATING_CALL; may be certified by later reconciliation,,,,,8,False,1,retention24_r17:07ca9-245,4.152,4.199636423960328,21,20,Point-box sums only; excludes preparation/admission/verification
ORIGINATING_CALL; may be certified by later reconciliation,,,,,1,False,5,retention24_r17:08234-433,0.779,0.7909612530493177,22,17,Point-box sums only; excludes preparation/admission/verification
ORIGINATING_CALL; may be certified by later reconciliation,,,,,2,False,3,retention24_r17:08234-433,1.248,1.2645948700373992,25,22,Point-box sums only; excludes preparation/admission/verification
ORIGINATING_CALL; may be certified by later reconciliation,,,,,3,False,2,retention24_r17:08234-671,2.376,2.3885167600237764,19,17,Point-box sums only; excludes preparation/admission/verification
ORIGINATING_CALL; may be certified by later reconciliation,,,,,4,False,1,retention24_r17:08234-671,3.189,3.2056512300041504,20,19,Point-box sums only; excludes preparation/admission/verification
ORIGINATING_CALL; may be certified by later reconciliation,,,,,5,False,3,retention24_r17:08234-671,4.295,4.315466706990264,23,20,Point-box sums only; excludes preparation/admission/verification
ORIGINATING_CALL; may be certified by later reconciliation,,,,,7,True,1,retention24_r17:08234-671,6.09,6.124031465034932,24,23,Point-box sums only; excludes preparation/admission/verification
ORIGINATING_CALL; may be certified by later reconciliation,,,,,8,True,1,retention24_r17:08234-671,6.958,6.996878128033131,25,24,Point-box sums only; excludes preparation/admission/verification
ORIGINATING_CALL; may be certified by later reconciliation,,,,,1,False,4,retention24_r17:08234-154,0.511,0.5145825689542107,21,17,Point-box sums only; excludes preparation/admission/verification
ORIGINATING_CALL; may be certified by later reconciliation,,,,,1,False,4,retention24_r17:08234-305,0.528,0.5358519639703445,21,17,Point-box sums only; excludes preparation/admission/verification
ORIGINATING_CALL; may be certified by later reconciliation,,,,,2,False,3,retention24_r17:08234-305,1.013,1.0274851819267496,24,21,Point-box sums only; excludes preparation/admission/verification
ORIGINATING_CALL; may be certified by later reconciliation,,,,,3,True,1,retention24_r17:08234-305,1.6039999999999999,1.623247854935471,25,24,Point-box sums only; excludes preparation/admission/verification
ORIGINATING_CALL; may be certified by later reconciliation,,,,,1,False,1,retention24_r17:08f72-464,0.614,0.6176427120226435,18,17,Point-box sums only; excludes preparation/admission/verification
ORIGINATING_CALL; may be certified by later reconciliation,,,,,2,False,4,retention24_r17:08f72-464,1.358,1.36546681902837,22,18,Point-box sums only; excludes preparation/admission/verification
ORIGINATING_CALL; may be certified by later reconciliation,,,,,3,False,1,retention24_r17:08f72-464,1.826,1.837594151031226,23,22,Point-box sums only; excludes preparation/admission/verification
ORIGINATING_CALL; may be certified by later reconciliation,,,,,4,True,1,retention24_r17:08f72-464,2.15,2.1692228150204755,24,23,Point-box sums only; excludes preparation/admission/verification
ORIGINATING_CALL; may be certified by later reconciliation,,,,,7,True,1,retention24_r17:08f72-464,3.731,3.761314028990455,25,24,Point-box sums only; excludes preparation/admission/verification
ORIGINATING_CALL; may be certified by later reconciliation,,,,,11,True,2,retention24_r17:08f72-464,6.007000000000001,6.056481238920242,27,25,Point-box sums only; excludes preparation/admission/verification
ORIGINATING_CALL; may be certified by later reconciliation,,,,,1,False,5,retention24_r17:08f72-124,0.56,0.563881806039717,22,17,Point-box sums only; excludes preparation/admission/verification
ORIGINATING_CALL; may be certified by later reconciliation,,,,,2,False,1,retention24_r17:08f72-124,1.028,1.039245046034921,23,22,Point-box sums only; excludes preparation/admission/verification
ORIGINATING_CALL; may be certified by later reconciliation,,,,,1,False,2,retention24_r17:08f72-475,0.618,0.623354572977405,19,17,Point-box sums only; excludes preparation/admission/verification
ORIGINATING_CALL; may be certified by later reconciliation,,,,,2,False,2,retention24_r17:08f72-475,1.3519999999999999,1.3608445290010422,21,19,Point-box sums only; excludes preparation/admission/verification
ORIGINATING_CALL; may be certified by later reconciliation,,,,,3,False,1,retention24_r17:08f72-475,1.763,1.776957975991536,22,21,Point-box sums only; excludes preparation/admission/verification
ORIGINATING_CALL; may be certified by later reconciliation,,,,,4,False,1,retention24_r17:08f72-475,2.286,2.305219395959284,23,22,Point-box sums only; excludes preparation/admission/verification
ORIGINATING_CALL; may be certified by later reconciliation,,,,,6,True,1,retention24_r17:08f72-475,3.106,3.1347401309758425,24,23,Point-box sums only; excludes preparation/admission/verification
ORIGINATING_CALL; may be certified by later reconciliation,,,,,1,False,2,retention24_r17:08f72-336,0.683,0.6862933310330845,19,17,Point-box sums only; excludes preparation/admission/verification
ORIGINATING_CALL; may be certified by later reconciliation,,,,,2,False,2,retention24_r17:08f72-336,1.351,1.3582010440295562,21,19,Point-box sums only; excludes preparation/admission/verification
ORIGINATING_CALL; may be certified by later reconciliation,,,,,4,False,2,retention24_r17:08f72-336,2.063,2.0822703060111962,23,21,Point-box sums only; excludes preparation/admission/verification
ORIGINATING_CALL; may be certified by later reconciliation,,,,,5,True,1,retention24_r17:08f72-336,2.696,2.7204986510332674,24,23,Point-box sums only; excludes preparation/admission/verification
ORIGINATING_CALL; may be certified by later reconciliation,,,,,2,False,1,retention24_r17:103b2-733,0.743,0.7581952350446954,18,17,Point-box sums only; excludes preparation/admission/verification
ORIGINATING_CALL; may be certified by later reconciliation,,,,,3,False,1,retention24_r17:103b2-733,1.1219999999999999,1.144301719032228,19,18,Point-box sums only; excludes preparation/admission/verification
ORIGINATING_CALL; may be certified by later reconciliation,,,,,6,False,1,retention24_r17:103b2-733,3.0309999999999997,3.065653104975354,20,19,Point-box sums only; excludes preparation/admission/verification
ORIGINATING_CALL; may be certified by later reconciliation,,,,,8,False,2,retention24_r17:103b2-733,4.298,4.340744689980056,22,20,Point-box sums only; excludes preparation/admission/verification
ORIGINATING_CALL; may be certified by later reconciliation,,,,,9,False,1,retention24_r17:103b2-733,4.596,4.642451100982726,23,22,Point-box sums only; excludes preparation/admission/verification
ORIGINATING_CALL; may be certified by later reconciliation,,,,,10,True,2,retention24_r17:103b2-733,5.382,5.431776603974868,25,23,Point-box sums only; excludes preparation/admission/verification
ORIGINATING_CALL; may be certified by later reconciliation,,,,,23,True,1,retention24_r17:103b2-733,12.167,12.279578353918623,26,25,Point-box sums only; excludes preparation/admission/verification
ORIGINATING_CALL; may be certified by later reconciliation,,,,,26,True,1,retention24_r17:103b2-733,14.066,14.1969047919265,27,26,Point-box sums only; excludes preparation/admission/verification
ORIGINATING_CALL; may be certified by later reconciliation,,,,,1,False,3,retention24_r17:103b2-461,0.591,0.5964716000016779,20,17,Point-box sums only; excludes preparation/admission/verification
ORIGINATING_CALL; may be certified by later reconciliation,,,,,2,False,3,retention24_r17:103b2-461,1.019,1.0292493349988945,23,20,Point-box sums only; excludes preparation/admission/verification
ORIGINATING_CALL; may be certified by later reconciliation,,,,,5,True,2,retention24_r17:103b2-461,2.909,2.9305386179476045,25,23,Point-box sums only; excludes preparation/admission/verification
ORIGINATING_CALL; may be certified by later reconciliation,,,,,1,False,5,retention24_r17:103b2-198,0.565,0.569615304004401,22,17,Point-box sums only; excludes preparation/admission/verification
ORIGINATING_CALL; may be certified by later reconciliation,,,,,3,False,2,retention24_r17:103b2-198,1.598,1.6095022679655813,24,22,Point-box sums only; excludes preparation/admission/verification
ORIGINATING_CALL; may be certified by later reconciliation,,,,,3,False,2,retention24_r17:103b2-074,1.3679999999999999,1.3876632819883525,19,17,Point-box sums only; excludes preparation/admission/verification
ORIGINATING_CALL; may be certified by later reconciliation,,,,,4,False,1,retention24_r17:103b2-074,1.658,1.6808156259940006,20,19,Point-box sums only; excludes preparation/admission/verification
ORIGINATING_CALL; may be certified by later reconciliation,,,,,5,False,1,retention24_r17:103b2-074,1.914,1.9428366899956018,21,20,Point-box sums only; excludes preparation/admission/verification
ORIGINATING_CALL; may be certified by later reconciliation,,,,,12,False,1,retention24_r17:103b2-074,5.25,5.317938952008262,22,21,Point-box sums only; excludes preparation/admission/verification
ORIGINATING_CALL; may be certified by later reconciliation,,,,,16,False,1,retention24_r17:103b2-074,7.57,7.654055020015221,23,22,Point-box sums only; excludes preparation/admission/verification
ORIGINATING_CALL; may be certified by later reconciliation,,,,,19,True,1,retention24_r17:103b2-074,8.88,8.979916891956236,24,23,Point-box sums only; excludes preparation/admission/verification
ORIGINATING_CALL; may be certified by later reconciliation,,,,,2,False,1,retention24_r17:11952-113,1.06,1.0692778290249407,18,17,Point-box sums only; excludes preparation/admission/verification
ORIGINATING_CALL; may be certified by later reconciliation,,,,,3,False,1,retention24_r17:11952-113,1.518,1.534519410051871,19,18,Point-box sums only; excludes preparation/admission/verification
ORIGINATING_CALL; may be certified by later reconciliation,,,,,4,False,2,retention24_r17:11952-113,2.231,2.2509700760710984,21,19,Point-box sums only; excludes preparation/admission/verification
ORIGINATING_CALL; may be certified by later reconciliation,,,,,5,False,1,retention24_r17:11952-113,2.803,2.8281167090754025,22,21,Point-box sums only; excludes preparation/admission/verification
ORIGINATING_CALL; may be certified by later reconciliation,,,,,8,False,1,retention24_r17:11952-113,4.98,5.022655385080725,23,22,Point-box sums only; excludes preparation/admission/verification
ORIGINATING_CALL; may be certified by later reconciliation,,,,,9,True,1,retention24_r17:11952-113,5.766,5.81753646308789,24,23,Point-box sums only; excludes preparation/admission/verification
ORIGINATING_CALL; may be certified by later reconciliation,,,,,10,True,1,retention24_r17:11952-113,6.569,6.623737950110808,25,24,Point-box sums only; excludes preparation/admission/verification
ORIGINATING_CALL; may be certified by later reconciliation,,,,,15,True,1,retention24_r17:11952-113,9.785999999999998,9.871637277130503,26,25,Point-box sums only; excludes preparation/admission/verification
ORIGINATING_CALL; may be certified by later reconciliation,,,,,25,True,1,retention24_r17:11952-113,15.342000000000002,15.477050538233016,27,26,Point-box sums only; excludes preparation/admission/verification
ORIGINATING_CALL; may be certified by later reconciliation,,,,,1,False,2,retention24_r17:11952-035,0.917,0.9242753789876588,19,17,Point-box sums only; excludes preparation/admission/verification
ORIGINATING_CALL; may be certified by later reconciliation,,,,,3,False,1,retention24_r17:11952-035,2.258,2.2732941969879903,20,19,Point-box sums only; excludes preparation/admission/verification
ORIGINATING_CALL; may be certified by later reconciliation,,,,,4,False,1,retention24_r17:11952-035,2.825,2.8438254289794713,21,20,Point-box sums only; excludes preparation/admission/verification
ORIGINATING_CALL; may be certified by later reconciliation,,,,,6,False,2,retention24_r17:11952-035,4.024,4.049766690994147,23,21,Point-box sums only; excludes preparation/admission/verification
ORIGINATING_CALL; may be certified by later reconciliation,,,,,8,True,1,retention24_r17:11952-035,5.354,5.3876421470195055,24,23,Point-box sums only; excludes preparation/admission/verification
ORIGINATING_CALL; may be certified by later reconciliation,,,,,9,True,1,retention24_r17:11952-035,6.01,6.0472312399651855,25,24,Point-box sums only; excludes preparation/admission/verification
ORIGINATING_CALL; may be certified by later reconciliation,,,,,23,True,1,retention24_r17:11952-035,13.478,13.584519981930498,26,25,Point-box sums only; excludes preparation/admission/verification
ORIGINATING_CALL; may be certified by later reconciliation,,,,,4,False,1,retention24_r17:11952-571,2.462,2.526605511084199,18,17,Point-box sums only; excludes preparation/admission/verification
ORIGINATING_CALL; may be certified by later reconciliation,,,,,16,False,1,retention24_r17:11952-571,9.818999999999999,9.986069713078905,19,18,Point-box sums only; excludes preparation/admission/verification
ORIGINATING_CALL; may be certified by later reconciliation,,,,,1,False,1,retention24_r17:11952-446,0.348,0.3531024489784613,18,17,Point-box sums only; excludes preparation/admission/verification
ORIGINATING_CALL; may be certified by later reconciliation,,,,,2,False,2,retention24_r17:11952-446,0.8049999999999999,0.8139243220211938,20,18,Point-box sums only; excludes preparation/admission/verification
ORIGINATING_CALL; may be certified by later reconciliation,,,,,4,False,2,retention24_r17:11952-446,1.5989999999999998,1.6163352450239472,22,20,Point-box sums only; excludes preparation/admission/verification
ORIGINATING_CALL; may be certified by later reconciliation,,,,,5,False,1,retention24_r17:11952-446,1.9719999999999998,1.992434845014941,23,22,Point-box sums only; excludes preparation/admission/verification
ORIGINATING_CALL; may be certified by later reconciliation,,,,,10,True,1,retention24_r17:11952-446,4.358,4.401345578022301,24,23,Point-box sums only; excludes preparation/admission/verification
ORIGINATING_CALL; may be certified by later reconciliation,,,,,1,False,2,next24_r17:074d9-110,0.171,0.18039347301237285,19,17,Point-box sums only; excludes preparation/admission/verification
ORIGINATING_CALL; may be certified by later reconciliation,,,,,2,False,2,next24_r17:074d9-110,0.355,0.3693581949919462,21,19,Point-box sums only; excludes preparation/admission/verification
ORIGINATING_CALL; may be certified by later reconciliation,,,,,4,False,1,next24_r17:074d9-110,0.8959999999999999,0.9177167859743349,22,21,Point-box sums only; excludes preparation/admission/verification
ORIGINATING_CALL; may be certified by later reconciliation,,,,,5,False,2,next24_r17:074d9-110,1.1709999999999998,1.1972233760170639,24,22,Point-box sums only; excludes preparation/admission/verification
ORIGINATING_CALL; may be certified by later reconciliation,,,,,3,False,1,next24_r17:074d9-103,1.1280000000000001,1.1418022400466725,18,17,Point-box sums only; excludes preparation/admission/verification
ORIGINATING_CALL; may be certified by later reconciliation,,,,,17,False,1,next24_r17:074d9-103,5.877,5.962517375068273,19,18,Point-box sums only; excludes preparation/admission/verification
ORIGINATING_CALL; may be certified by later reconciliation,,,,,21,False,1,next24_r17:074d9-103,7.827999999999999,7.935806115041487,20,19,Point-box sums only; excludes preparation/admission/verification
ORIGINATING_CALL; may be certified by later reconciliation,,,,,24,False,1,next24_r17:074d9-103,9.025,9.151320503093302,21,20,Point-box sums only; excludes preparation/admission/verification
ORIGINATING_CALL; may be certified by later reconciliation,,,,,1,False,1,next24_r17:074d9-024,0.296,0.29986553004710004,18,17,Point-box sums only; excludes preparation/admission/verification
ORIGINATING_CALL; may be certified by later reconciliation,,,,,13,False,1,next24_r17:074d9-024,4.038,4.110388916160446,19,18,Point-box sums only; excludes preparation/admission/verification
ORIGINATING_CALL; may be certified by later reconciliation,,,,,18,False,2,next24_r17:074d9-024,5.4110000000000005,5.506718278164044,21,19,Point-box sums only; excludes preparation/admission/verification
ORIGINATING_CALL; may be certified by later reconciliation,,,,,1,False,2,next24_r17:074d9-015,0.24,0.243501603952609,19,17,Point-box sums only; excludes preparation/admission/verification
ORIGINATING_CALL; may be certified by later reconciliation,,,,,2,False,1,next24_r17:074d9-015,0.538,0.5456469139317051,20,19,Point-box sums only; excludes preparation/admission/verification
ORIGINATING_CALL; may be certified by later reconciliation,,,,,4,False,1,next24_r17:074d9-015,1.119,1.1381939399288967,21,20,Point-box sums only; excludes preparation/admission/verification
ORIGINATING_CALL; may be certified by later reconciliation,,,,,7,False,3,next24_r17:074d9-015,2.2680000000000002,2.3114050859585404,24,21,Point-box sums only; excludes preparation/admission/verification
ORIGINATING_CALL; may be certified by later reconciliation,,,,,9,True,1,next24_r17:074d9-015,3.0450000000000004,3.098886071878951,25,24,Point-box sums only; excludes preparation/admission/verification
ORIGINATING_CALL; may be certified by later reconciliation,,,,,2,False,5,next24_r17:07ca9-013,0.9319999999999999,0.9390542060136795,22,17,Point-box sums only; excludes preparation/admission/verification
ORIGINATING_CALL; may be certified by later reconciliation,,,,,3,False,1,next24_r17:07ca9-013,1.278,1.288757197035011,23,22,Point-box sums only; excludes preparation/admission/verification
ORIGINATING_CALL; may be certified by later reconciliation,,,,,4,True,2,next24_r17:07ca9-013,1.655,1.6784061460057274,25,23,Point-box sums only; excludes preparation/admission/verification
ORIGINATING_CALL; may be certified by later reconciliation,,,,,2,False,1,next24_r17:07ca9-066,0.575,0.5822782589821145,18,17,Point-box sums only; excludes preparation/admission/verification
ORIGINATING_CALL; may be certified by later reconciliation,,,,,4,False,2,next24_r17:07ca9-066,1.262,1.2768583209835924,20,18,Point-box sums only; excludes preparation/admission/verification
ORIGINATING_CALL; may be certified by later reconciliation,,,,,6,False,1,next24_r17:07ca9-066,1.898,1.9197977950097993,21,20,Point-box sums only; excludes preparation/admission/verification
ORIGINATING_CALL; may be certified by later reconciliation,,,,,12,False,1,next24_r17:07ca9-066,4.027,4.083797503029928,22,21,Point-box sums only; excludes preparation/admission/verification
ORIGINATING_CALL; may be certified by later reconciliation,,,,,1,False,1,next24_r17:07ca9-008,0.405,0.41005573997972533,18,17,Point-box sums only; excludes preparation/admission/verification
ORIGINATING_CALL; may be certified by later reconciliation,,,,,2,False,1,next24_r17:07ca9-008,0.694,0.7036010879673995,19,18,Point-box sums only; excludes preparation/admission/verification
ORIGINATING_CALL; may be certified by later reconciliation,,,,,8,False,1,next24_r17:07ca9-008,2.566,2.5978608419536613,20,19,Point-box sums only; excludes preparation/admission/verification
ORIGINATING_CALL; may be certified by later reconciliation,,,,,32,False,1,next24_r17:07ca9-008,10.062999999999999,10.215942714828998,21,20,Point-box sums only; excludes preparation/admission/verification
ORIGINATING_CALL; may be certified by later reconciliation,,,,,4,False,2,next24_r17:07ca9-065,1.366,1.3887131440569647,19,17,Point-box sums only; excludes preparation/admission/verification
ORIGINATING_CALL; may be certified by later reconciliation,,,,,9,False,1,next24_r17:07ca9-065,2.8840000000000003,2.9347745669656433,20,19,Point-box sums only; excludes preparation/admission/verification
ORIGINATING_CALL; may be certified by later reconciliation,,,,,13,False,1,next24_r17:07ca9-065,4.359,4.42848378099734,21,20,Point-box sums only; excludes preparation/admission/verification
ORIGINATING_CALL; may be certified by later reconciliation,,,,,25,False,1,next24_r17:07ca9-065,8.440999999999999,8.56726578407688,22,21,Point-box sums only; excludes preparation/admission/verification
ORIGINATING_CALL; may be certified by later reconciliation,,,,,1,False,6,next24_r17:08234-096,0.416,0.42284256097627804,23,17,Point-box sums only; excludes preparation/admission/verification
ORIGINATING_CALL; may be certified by later reconciliation,,,,,1,False,2,next24_r17:08234-123,0.215,0.221981392998714,19,17,Point-box sums only; excludes preparation/admission/verification
ORIGINATING_CALL; may be certified by later reconciliation,,,,,2,False,5,next24_r17:08234-123,0.708,0.7228163299732842,24,19,Point-box sums only; excludes preparation/admission/verification
ORIGINATING_CALL; may be certified by later reconciliation,,,,,3,False,1,next24_r17:08234-107,1.135,1.1562079680152237,18,17,Point-box sums only; excludes preparation/admission/verification
ORIGINATING_CALL; may be certified by later reconciliation,,,,,6,False,2,next24_r17:08234-107,1.962,1.9959464300773107,20,18,Point-box sums only; excludes preparation/admission/verification
ORIGINATING_CALL; may be certified by later reconciliation,,,,,7,False,1,next24_r17:08234-107,2.45,2.4881092761061154,21,20,Point-box sums only; excludes preparation/admission/verification
ORIGINATING_CALL; may be certified by later reconciliation,,,,,9,False,1,next24_r17:08234-107,3.17,3.219955363019835,22,21,Point-box sums only; excludes preparation/admission/verification
ORIGINATING_CALL; may be certified by later reconciliation,,,,,25,False,1,next24_r17:08234-107,8.825,8.948336839093827,23,22,Point-box sums only; excludes preparation/admission/verification
ORIGINATING_CALL; may be certified by later reconciliation,,,,,2,False,2,next24_r17:08f72-015,0.565,0.5742965310346335,19,17,Point-box sums only; excludes preparation/admission/verification
ORIGINATING_CALL; may be certified by later reconciliation,,,,,5,False,3,next24_r17:08f72-015,1.833,1.859062537085265,22,19,Point-box sums only; excludes preparation/admission/verification
ORIGINATING_CALL; may be certified by later reconciliation,,,,,6,False,1,next24_r17:08f72-015,2.116,2.146676706033759,23,22,Point-box sums only; excludes preparation/admission/verification
ORIGINATING_CALL; may be certified by later reconciliation,,,,,7,True,1,next24_r17:08f72-015,2.624,2.6576956330100074,24,23,Point-box sums only; excludes preparation/admission/verification
ORIGINATING_CALL; may be certified by later reconciliation,,,,,8,True,1,next24_r17:08f72-015,2.982,3.018946861033328,25,24,Point-box sums only; excludes preparation/admission/verification
ORIGINATING_CALL; may be certified by later reconciliation,,,,,3,False,1,next24_r17:08f72-053,1.1300000000000001,1.1428737700916827,18,17,Point-box sums only; excludes preparation/admission/verification
ORIGINATING_CALL; may be certified by later reconciliation,,,,,4,False,1,next24_r17:08f72-053,1.492,1.5129032271215692,19,18,Point-box sums only; excludes preparation/admission/verification
ORIGINATING_CALL; may be certified by later reconciliation,,,,,5,False,1,next24_r17:08f72-053,1.914,1.9427574511501007,20,19,Point-box sums only; excludes preparation/admission/verification
ORIGINATING_CALL; may be certified by later reconciliation,,,,,7,False,2,next24_r17:08f72-053,2.76,2.8007399381604046,22,20,Point-box sums only; excludes preparation/admission/verification
ORIGINATING_CALL; may be certified by later reconciliation,,,,,9,False,1,next24_r17:08f72-053,3.7739999999999996,3.8253729692078196,23,22,Point-box sums only; excludes preparation/admission/verification
ORIGINATING_CALL; may be certified by later reconciliation,,,,,18,True,1,next24_r17:08f72-053,7.274,7.373151345178485,24,23,Point-box sums only; excludes preparation/admission/verification
ORIGINATING_CALL; may be certified by later reconciliation,,,,,25,True,1,next24_r17:08f72-053,9.560000000000002,9.6964255089988,25,24,Point-box sums only; excludes preparation/admission/verification
ORIGINATING_CALL; may be certified by later reconciliation,,,,,1,False,3,next24_r17:08f72-008,0.277,0.28262071195058525,20,17,Point-box sums only; excludes preparation/admission/verification
ORIGINATING_CALL; may be certified by later reconciliation,,,,,2,False,3,next24_r17:08f72-008,0.864,0.874202164937742,23,20,Point-box sums only; excludes preparation/admission/verification
ORIGINATING_CALL; may be certified by later reconciliation,,,,,3,True,1,next24_r17:08f72-008,1.375,1.394586649897974,24,23,Point-box sums only; excludes preparation/admission/verification
ORIGINATING_CALL; may be certified by later reconciliation,,,,,1,False,3,next24_r17:103b2-067,0.368,0.37282891501672566,20,17,Point-box sums only; excludes preparation/admission/verification
ORIGINATING_CALL; may be certified by later reconciliation,,,,,2,False,1,next24_r17:103b2-067,0.855,0.8641002850490622,21,20,Point-box sums only; excludes preparation/admission/verification
ORIGINATING_CALL; may be certified by later reconciliation,,,,,5,False,1,next24_r17:103b2-067,2.12,2.175798720039893,22,21,Point-box sums only; excludes preparation/admission/verification
ORIGINATING_CALL; may be certified by later reconciliation,,,,,10,False,1,next24_r17:103b2-067,4.0760000000000005,4.165075850090943,23,22,Point-box sums only; excludes preparation/admission/verification
ORIGINATING_CALL; may be certified by later reconciliation,,,,,1,False,8,next24_r17:103b2-025,0.555,0.5596174309612252,25,17,Point-box sums only; excludes preparation/admission/verification
ORIGINATING_CALL; may be certified by later reconciliation,,,,,1,False,3,next24_r17:103b2-021,0.651,0.6543643079930916,20,17,Point-box sums only; excludes preparation/admission/verification
ORIGINATING_CALL; may be certified by later reconciliation,,,,,2,False,3,next24_r17:103b2-021,1.118,1.1260145240230486,23,20,Point-box sums only; excludes preparation/admission/verification
ORIGINATING_CALL; may be certified by later reconciliation,,,,,3,True,2,next24_r17:103b2-021,1.4480000000000002,1.4633612170582637,25,23,Point-box sums only; excludes preparation/admission/verification
ORIGINATING_CALL; may be certified by later reconciliation,,,,,4,True,1,next24_r17:103b2-021,1.834,1.8539447060902603,26,25,Point-box sums only; excludes preparation/admission/verification
ORIGINATING_CALL; may be certified by later reconciliation,,,,,1,False,2,next24_r17:103b2-055,0.2,0.20808106201002374,19,17,Point-box sums only; excludes preparation/admission/verification
ORIGINATING_CALL; may be certified by later reconciliation,,,,,2,False,2,next24_r17:103b2-055,0.6759999999999999,0.6874256489682011,21,19,Point-box sums only; excludes preparation/admission/verification
ORIGINATING_CALL; may be certified by later reconciliation,,,,,3,False,2,next24_r17:103b2-055,1.045,1.0611202800064348,23,21,Point-box sums only; excludes preparation/admission/verification
ORIGINATING_CALL; may be certified by later reconciliation,,,,,5,True,1,next24_r17:103b2-055,1.674,1.7058727840776555,24,23,Point-box sums only; excludes preparation/admission/verification
ORIGINATING_CALL; may be certified by later reconciliation,,,,,1,False,3,next24_r17:11952-030,0.416,0.4192390880198218,20,17,Point-box sums only; excludes preparation/admission/verification
ORIGINATING_CALL; may be certified by later reconciliation,,,,,2,False,1,next24_r17:11952-030,0.6599999999999999,0.6678468850441277,21,20,Point-box sums only; excludes preparation/admission/verification
ORIGINATING_CALL; may be certified by later reconciliation,,,,,3,False,4,next24_r17:11952-030,0.9969999999999999,1.00892894907156,25,21,Point-box sums only; excludes preparation/admission/verification
ORIGINATING_CALL; may be certified by later reconciliation,,,,,5,True,1,next24_r17:11952-030,1.6889999999999998,1.7112666851026006,26,25,Point-box sums only; excludes preparation/admission/verification
ORIGINATING_CALL; may be certified by later reconciliation,,,,,5,False,1,next24_r17:11952-017,1.71,1.7317419900209643,18,17,Point-box sums only; excludes preparation/admission/verification
ORIGINATING_CALL; may be certified by later reconciliation,,,,,8,False,1,next24_r17:11952-017,2.6630000000000003,2.7018115610117093,19,18,Point-box sums only; excludes preparation/admission/verification
ORIGINATING_CALL; may be certified by later reconciliation,,,,,10,False,1,next24_r17:11952-017,3.322,3.369770355988294,20,19,Point-box sums only; excludes preparation/admission/verification
ORIGINATING_CALL; may be certified by later reconciliation,,,,,13,False,1,next24_r17:11952-017,4.459,4.520332672982477,21,20,Point-box sums only; excludes preparation/admission/verification
ORIGINATING_CALL; may be certified by later reconciliation,,,,,14,False,1,next24_r17:11952-017,4.981,5.050392129982356,22,21,Point-box sums only; excludes preparation/admission/verification
ORIGINATING_CALL; may be certified by later reconciliation,,,,,26,False,1,next24_r17:11952-017,8.894,9.034356043033767,23,22,Point-box sums only; excludes preparation/admission/verification
ORIGINATING_CALL; may be certified by later reconciliation,,,,,3,False,2,next24_r17:11952-094,1.056,1.0685269819805399,19,17,Point-box sums only; excludes preparation/admission/verification
ORIGINATING_CALL; may be certified by later reconciliation,,,,,15,False,1,next24_r17:11952-094,6.042000000000001,6.110120024939533,20,19,Point-box sums only; excludes preparation/admission/verification
ORIGINATING_CALL; may be certified by later reconciliation,,,,,3,False,1,next24_r17:11952-041,1.165,1.1799105550162494,18,17,Point-box sums only; excludes preparation/admission/verification
ORIGINATING_CALL; may be certified by later reconciliation,,,,,4,False,2,next24_r17:11952-041,1.461,1.480531164968852,20,18,Point-box sums only; excludes preparation/admission/verification
ORIGINATING_CALL; may be certified by later reconciliation,,,,,5,False,1,next24_r17:11952-041,1.8130000000000002,1.8364609300042503,21,20,Point-box sums only; excludes preparation/admission/verification
ORIGINATING_CALL; may be certified by later reconciliation,,,,,9,False,1,next24_r17:11952-041,3.175,3.2147705569514073,22,21,Point-box sums only; excludes preparation/admission/verification
ORIGINATING_CALL; may be certified by later reconciliation,,,,,11,False,1,next24_r17:11952-041,4.003,4.050659304950386,23,22,Point-box sums only; excludes preparation/admission/verification
ORIGINATING_CALL; may be certified by later reconciliation,,,,,20,True,1,next24_r17:11952-041,7.250000000000001,7.345576520950999,24,23,Point-box sums only; excludes preparation/admission/verification
ORIGINATING_CALL; may be certified by later reconciliation,,,,,37,True,1,next24_r17:11952-041,13.437999999999999,13.62805947184097,25,24,Point-box sums only; excludes preparation/admission/verification
ORIGINATING_CALL; may be certified by later reconciliation,,,,,47,True,2,next24_r17:11952-041,17.791999999999998,18.038383585750125,27,25,Point-box sums only; excludes preparation/admission/verification
ORIGINATING_CALL; may be certified by later reconciliation,,,,,2,False,1,higher24_r17:074d9-010,1.408,1.4219240399543196,18,17,Point-box sums only; excludes preparation/admission/verification
ORIGINATING_CALL; may be certified by later reconciliation,,,,,19,False,1,higher24_r17:074d9-010,12.198,12.29685846506618,19,18,Point-box sums only; excludes preparation/admission/verification
ORIGINATING_CALL; may be certified by later reconciliation,,,,,21,False,1,higher24_r17:074d9-010,13.572000000000001,13.686496560054366,20,19,Point-box sums only; excludes preparation/admission/verification
ORIGINATING_CALL; may be certified by later reconciliation,,,,,31,False,1,higher24_r17:074d9-010,19.102,19.269280901004095,21,20,Point-box sums only; excludes preparation/admission/verification
ORIGINATING_CALL; may be certified by later reconciliation,,,,,7,False,1,higher24_r17:07ca9-905,4.511,4.54619558196282,18,17,Point-box sums only; excludes preparation/admission/verification
ORIGINATING_CALL; may be certified by later reconciliation,,,,,11,False,1,higher24_r17:07ca9-905,7.031,7.089992770052049,19,18,Point-box sums only; excludes preparation/admission/verification
ORIGINATING_CALL; may be certified by later reconciliation,,,,,29,False,1,higher24_r17:07ca9-905,19.191,19.349100465886295,20,19,Point-box sums only; excludes preparation/admission/verification
ORIGINATING_CALL; may be certified by later reconciliation,,,,,13,False,1,higher24_r17:07ca9-510,6.758,6.83486612996785,18,17,Point-box sums only; excludes preparation/admission/verification
ORIGINATING_CALL; may be certified by later reconciliation,,,,,14,False,1,higher24_r17:07ca9-510,7.437,7.5189705299562775,19,18,Point-box sums only; excludes preparation/admission/verification
ORIGINATING_CALL; may be certified by later reconciliation,,,,,32,False,1,higher24_r17:07ca9-510,16.297,16.46637553203618,20,19,Point-box sums only; excludes preparation/admission/verification
ORIGINATING_CALL; may be certified by later reconciliation,,,,,1,False,1,higher24_r17:08234-711,0.594,0.5973810919676907,18,17,Point-box sums only; excludes preparation/admission/verification
ORIGINATING_CALL; may be certified by later reconciliation,,,,,20,False,1,higher24_r17:08f72-058,14.286000000000001,14.401937936898321,18,17,Point-box sums only; excludes preparation/admission/verification
ORIGINATING_CALL; may be certified by later reconciliation,,,,,38,False,1,higher24_r17:08f72-058,25.879000000000012,26.085104088822845,19,18,Point-box sums only; excludes preparation/admission/verification
ORIGINATING_CALL; may be certified by later reconciliation,,,,,8,False,1,higher24_r17:08f72-088,5.822,5.9104255040874705,18,17,Point-box sums only; excludes preparation/admission/verification
ORIGINATING_CALL; may be certified by later reconciliation,,,,,9,False,1,higher24_r17:08f72-088,6.513,6.606273878132924,19,18,Point-box sums only; excludes preparation/admission/verification
ORIGINATING_CALL; may be certified by later reconciliation,,,,,17,False,1,higher24_r17:08f72-088,10.885000000000002,11.019948383094743,20,19,Point-box sums only; excludes preparation/admission/verification
ORIGINATING_CALL; may be certified by later reconciliation,,,,,37,False,1,higher24_r17:08f72-088,23.021,23.26700655714376,21,20,Point-box sums only; excludes preparation/admission/verification
ORIGINATING_CALL; may be certified by later reconciliation,,,,,6,False,1,higher24_r17:08f72-011,3.044,3.0928052790113725,18,17,Point-box sums only; excludes preparation/admission/verification
ORIGINATING_CALL; may be certified by later reconciliation,,,,,2,False,1,higher24_r17:103b2-974,0.944,0.9526408329838887,18,17,Point-box sums only; excludes preparation/admission/verification
ORIGINATING_CALL; may be certified by later reconciliation,,,,,20,False,1,higher24_r17:103b2-974,9.379999999999999,9.475792366836686,19,18,Point-box sums only; excludes preparation/admission/verification
ORIGINATING_CALL; may be certified by later reconciliation,,,,,29,False,1,higher24_r17:103b2-974,12.973999999999998,13.11339167173719,20,19,Point-box sums only; excludes preparation/admission/verification
ORIGINATING_CALL; may be certified by later reconciliation,,,,,34,False,1,higher24_r17:103b2-974,15.894999999999998,16.062723255716264,21,20,Point-box sums only; excludes preparation/admission/verification
ORIGINATING_CALL; may be certified by later reconciliation,,,,,35,False,1,higher24_r17:103b2-974,16.090999999999998,16.262106689740904,22,21,Point-box sums only; excludes preparation/admission/verification
ORIGINATING_CALL; may be certified by later reconciliation,,,,,6,False,1,higher24_r17:103b2-159,3.5709999999999997,3.601056091953069,18,17,Point-box sums only; excludes preparation/admission/verification
ORIGINATING_CALL; may be certified by later reconciliation,,,,,1,False,1,higher24_r17:11952-846,0.519,0.5234526159474626,18,17,Point-box sums only; excludes preparation/admission/verification
ORIGINATING_CALL; may be certified by later reconciliation,,,,,29,False,1,higher24_r17:11952-846,13.57,13.716984560829587,19,18,Point-box sums only; excludes preparation/admission/verification
ORIGINATING_CALL; may be certified by later reconciliation,,,,,3,False,2,higher24_r17:11952-069,1.525,1.5372740289894864,19,17,Point-box sums only; excludes preparation/admission/verification
ORIGINATING_CALL; may be certified by later reconciliation,,,,,14,False,1,higher24_r17:11952-069,6.353,6.423773613933008,20,19,Point-box sums only; excludes preparation/admission/verification
ORIGINATING_CALL; may be certified by later reconciliation,,,,,17,False,1,higher24_r17:11952-069,7.9559999999999995,8.04427151195705,21,20,Point-box sums only; excludes preparation/admission/verification
ORIGINATING_CALL; may be certified by later reconciliation,,,,,22,False,1,higher24_r17:11952-069,10.77,10.888666555925738,22,21,Point-box sums only; excludes preparation/admission/verification
ORIGINATING_CALL; may be certified by later reconciliation,,,,,24,False,1,higher24_r17:11952-069,11.72,11.850052641879302,23,22,Point-box sums only; excludes preparation/admission/verification
ORIGINATING_CALL; may be certified by later reconciliation,,,,,32,True,1,higher24_r17:11952-069,16.419999999999998,16.579113212937955,24,23,Point-box sums only; excludes preparation/admission/verification
ORIGINATING_CALL; may be certified by later reconciliation,,,,,42,True,1,higher24_r17:11952-069,21.798,22.006526017794386,25,24,Point-box sums only; excludes preparation/admission/verification
ORIGINATING_CALL; may be certified by later reconciliation,,,,,2,False,1,productfirst24_r17:103b2-543,1.413,1.4197145139914937,18,17,Point-box sums only; excludes preparation/admission/verification
ORIGINATING_CALL; may be certified by later reconciliation,,,,,13,False,1,scaled13_24_r17:074d9-214,7.751,7.870531938096974,18,17,Point-box sums only; excludes preparation/admission/verification
ORIGINATING_CALL; may be certified by later reconciliation,,,,,3,False,1,scaled13_24_r17:074d9-132,1.9040000000000001,1.9222666430287063,18,17,Point-box sums only; excludes preparation/admission/verification
ORIGINATING_CALL; may be certified by later reconciliation,,,,,8,False,1,scaled13_24_r17:074d9-132,5.191000000000001,5.235434368136339,19,18,Point-box sums only; excludes preparation/admission/verification
ORIGINATING_CALL; may be certified by later reconciliation,,,,,14,False,1,scaled13_24_r17:07ca9-165,9.761,9.833401841984596,18,17,Point-box sums only; excludes preparation/admission/verification
ORIGINATING_CALL; may be certified by later reconciliation,,,,,8,False,1,scaled13_24_r17:07ca9-829,4.287999999999999,4.32765962992562,18,17,Point-box sums only; excludes preparation/admission/verification
ORIGINATING_CALL; may be certified by later reconciliation,,,,,19,False,1,scaled13_24_r17:07ca9-829,9.712,9.811225124867633,19,18,Point-box sums only; excludes preparation/admission/verification
ORIGINATING_CALL; may be certified by later reconciliation,,,,,32,False,1,scaled13_24_r17:07ca9-829,16.087,16.247889967926312,20,19,Point-box sums only; excludes preparation/admission/verification
ORIGINATING_CALL; may be certified by later reconciliation,,,,,9,False,1,scaled13_24_r17:07ca9-079,6.564,6.605743415944744,18,17,Point-box sums only; excludes preparation/admission/verification
ORIGINATING_CALL; may be certified by later reconciliation,,,,,33,False,1,scaled13_24_r17:07ca9-079,23.214999999999993,23.390628043853212,19,18,Point-box sums only; excludes preparation/admission/verification
ORIGINATING_CALL; may be certified by later reconciliation,,,,,4,False,1,scaled13_24_r17:08f72-176,2.45,2.4659501740243286,18,17,Point-box sums only; excludes preparation/admission/verification
ORIGINATING_CALL; may be certified by later reconciliation,,,,,10,False,1,scaled13_24_r17:08f72-176,5.596,5.644094199989922,19,18,Point-box sums only; excludes preparation/admission/verification
ORIGINATING_CALL; may be certified by later reconciliation,,,,,17,False,1,scaled13_24_r17:08f72-635,8.677999999999999,8.75720947701484,18,17,Point-box sums only; excludes preparation/admission/verification
ORIGINATING_CALL; may be certified by later reconciliation,,,,,16,False,1,scaled13_24_r17:08f72-125,9.934999999999999,10.019849457021337,18,17,Point-box sums only; excludes preparation/admission/verification
ORIGINATING_CALL; may be certified by later reconciliation,,,,,1,False,1,scaled13_24_r17:103b2-037,0.594,0.5979441450326703,18,17,Point-box sums only; excludes preparation/admission/verification
ORIGINATING_CALL; may be certified by later reconciliation,,,,,23,False,1,scaled13_24_r17:103b2-037,13.453,13.610223427065648,19,18,Point-box sums only; excludes preparation/admission/verification
ORIGINATING_CALL; may be certified by later reconciliation,,,,,34,False,1,scaled13_24_r17:103b2-037,19.459,19.669966662069783,20,19,Point-box sums only; excludes preparation/admission/verification
ORIGINATING_CALL; may be certified by later reconciliation,,,,,1,False,4,scaled13_24_r17:11952-300,0.524,0.5286262119770981,21,17,Point-box sums only; excludes preparation/admission/verification
ORIGINATING_CALL; may be certified by later reconciliation,,,,,2,False,2,scaled13_24_r17:11952-300,1.158,1.1877399019431323,23,21,Point-box sums only; excludes preparation/admission/verification
ORIGINATING_CALL; may be certified by later reconciliation,,,,,3,True,1,scaled13_24_r17:11952-300,1.859,1.8937204969115555,24,23,Point-box sums only; excludes preparation/admission/verification
ORIGINATING_CALL; may be certified by later reconciliation,,,,,5,True,1,scaled13_24_r17:11952-300,2.73,2.7730947398231365,25,24,Point-box sums only; excludes preparation/admission/verification
ORIGINATING_CALL; may be certified by later reconciliation,,,,,3,False,1,scaled13_24_r17:11952-028,1.407,1.4250554629834369,18,17,Point-box sums only; excludes preparation/admission/verification
ORIGINATING_CALL; may be certified by later reconciliation,,,,,11,False,1,scaled13_24_r17:11952-028,5.699999999999999,5.7660897829337046,19,18,Point-box sums only; excludes preparation/admission/verification
ORIGINATING_CALL; may be certified by later reconciliation,,,,,33,False,1,splitnode24_r17:08f72-003,17.284,17.462937234027777,18,17,Point-box sums only; excludes preparation/admission/verification
ORIGINATING_CALL; may be certified by later reconciliation,,,,,11,False,1,skew8_r17:08f72-348,5.363999999999999,5.50110152392881,18,17,Point-box sums only; excludes preparation/admission/verification
ORIGINATING_CALL; may be certified by later reconciliation,,,,,17,False,1,skew8_r17:08f72-319,10.931999999999999,11.02883233485045,18,17,Point-box sums only; excludes preparation/admission/verification
ORIGINATING_CALL; may be certified by later reconciliation,,,,,5,False,1,product22_r17:11952-005,3.0300000000000002,3.0582527139922604,18,17,Point-box sums only; excludes preparation/admission/verification
ORIGINATING_CALL; may be certified by later reconciliation,,,,,2,False,2,discarded12_r17:074d9-027,1.504,1.5133232370135374,19,17,Point-box sums only; excludes preparation/admission/verification
ORIGINATING_CALL; may be certified by later reconciliation,,,,,3,False,2,discarded12_r17:074d9-027,2.115,2.1282643119920976,21,19,Point-box sums only; excludes preparation/admission/verification
ORIGINATING_CALL; may be certified by later reconciliation,,,,,4,False,2,discarded12_r17:074d9-027,2.798,2.8148548519820906,23,21,Point-box sums only; excludes preparation/admission/verification
ORIGINATING_CALL; may be certified by later reconciliation,,,,,7,True,1,discarded12_r17:074d9-027,4.982,5.011666730046272,24,23,Point-box sums only; excludes preparation/admission/verification
ORIGINATING_CALL; may be certified by later reconciliation,,,,,11,True,1,discarded12_r17:074d9-027,7.139,7.187963289034087,25,24,Point-box sums only; excludes preparation/admission/verification
ORIGINATING_CALL; may be certified by later reconciliation,,,,,28,True,1,discarded12_r17:074d9-027,16.983,17.118875448068138,26,25,Point-box sums only; excludes preparation/admission/verification
ORIGINATING_CALL; may be certified by later reconciliation,,,,,2,False,2,discarded12_r17:074d9-070,1.0150000000000001,1.02948332199594,19,17,Point-box sums only; excludes preparation/admission/verification
ORIGINATING_CALL; may be certified by later reconciliation,,,,,3,False,1,discarded12_r17:074d9-070,1.449,1.467755883000791,20,19,Point-box sums only; excludes preparation/admission/verification
ORIGINATING_CALL; may be certified by later reconciliation,,,,,4,False,1,discarded12_r17:074d9-070,2.1270000000000002,2.1490244420128874,21,20,Point-box sums only; excludes preparation/admission/verification
ORIGINATING_CALL; may be certified by later reconciliation,,,,,6,False,1,discarded12_r17:074d9-070,3.5650000000000004,3.5944889259990305,22,21,Point-box sums only; excludes preparation/admission/verification
ORIGINATING_CALL; may be certified by later reconciliation,,,,,7,False,1,discarded12_r17:074d9-070,4.199000000000001,4.2322526830248535,23,22,Point-box sums only; excludes preparation/admission/verification
ORIGINATING_CALL; may be certified by later reconciliation,,,,,8,True,1,discarded12_r17:074d9-070,4.780000000000001,4.816160524031147,24,23,Point-box sums only; excludes preparation/admission/verification
ORIGINATING_CALL; may be certified by later reconciliation,,,,,1,False,4,discarded12_r17:07ca9-034,0.562,0.5679956329986453,21,17,Point-box sums only; excludes preparation/admission/verification
ORIGINATING_CALL; may be certified by later reconciliation,,,,,2,False,2,discarded12_r17:07ca9-034,1.104,1.1173857329995371,23,21,Point-box sums only; excludes preparation/admission/verification
ORIGINATING_CALL; may be certified by later reconciliation,,,,,3,True,2,discarded12_r17:07ca9-034,1.874,1.8926015680190176,25,23,Point-box sums only; excludes preparation/admission/verification
ORIGINATING_CALL; may be certified by later reconciliation,,,,,1,False,8,discarded12_r17:07ca9-041,0.492,0.4961064480012283,25,17,Point-box sums only; excludes preparation/admission/verification
ORIGINATING_CALL; may be certified by later reconciliation,,,,,16,False,1,discarded12_r17:08f72-091,8.651000000000002,8.733574854966719,18,17,Point-box sums only; excludes preparation/admission/verification
ORIGINATING_CALL; may be certified by later reconciliation,,,,,22,False,1,discarded12_r17:08f72-091,11.809000000000001,11.92690852296073,19,18,Point-box sums only; excludes preparation/admission/verification
ORIGINATING_CALL; may be certified by later reconciliation,,,,,1,False,2,discarded12_r17:08f72-043,0.504,0.5078783039934933,19,17,Point-box sums only; excludes preparation/admission/verification
ORIGINATING_CALL; may be certified by later reconciliation,,,,,2,False,3,discarded12_r17:08f72-043,1.1640000000000001,1.172783601039555,22,19,Point-box sums only; excludes preparation/admission/verification
ORIGINATING_CALL; may be certified by later reconciliation,,,,,3,False,1,discarded12_r17:08f72-043,1.58,1.5918979330454022,23,22,Point-box sums only; excludes preparation/admission/verification
ORIGINATING_CALL; may be certified by later reconciliation,,,,,5,False,1,discarded12_r17:103b2-032,2.6689999999999996,2.6943078690674156,18,17,Point-box sums only; excludes preparation/admission/verification
ORIGINATING_CALL; may be certified by later reconciliation,,,,,7,False,1,discarded12_r17:103b2-032,3.726,3.7594349170685746,19,18,Point-box sums only; excludes preparation/admission/verification
ORIGINATING_CALL; may be certified by later reconciliation,,,,,8,False,1,discarded12_r17:103b2-032,4.303,4.340211363101844,20,19,Point-box sums only; excludes preparation/admission/verification
ORIGINATING_CALL; may be certified by later reconciliation,,,,,29,False,1,discarded12_r17:103b2-032,15.172999999999998,15.381082552310545,21,20,Point-box sums only; excludes preparation/admission/verification
ORIGINATING_CALL; may be certified by later reconciliation,,,,,32,False,1,discarded12_r17:103b2-032,16.791999999999994,17.028880048310384,22,21,Point-box sums only; excludes preparation/admission/verification
ORIGINATING_CALL; may be certified by later reconciliation,,,,,35,False,1,discarded12_r17:103b2-032,18.49899999999999,18.752560351334978,23,22,Point-box sums only; excludes preparation/admission/verification
ORIGINATING_CALL; may be certified by later reconciliation,,,,,1,False,2,discarded12_r17:103b2-008,0.855,0.8589581859996542,19,17,Point-box sums only; excludes preparation/admission/verification
ORIGINATING_CALL; may be certified by later reconciliation,,,,,4,False,2,discarded12_r17:103b2-008,3.155,3.1713961279019713,21,19,Point-box sums only; excludes preparation/admission/verification
ORIGINATING_CALL; may be certified by later reconciliation,,,,,12,False,1,discarded12_r17:103b2-008,8.418000000000001,8.477643116842955,22,21,Point-box sums only; excludes preparation/admission/verification
ORIGINATING_CALL; may be certified by later reconciliation,,,,,18,False,1,discarded12_r17:103b2-008,12.859000000000004,12.946977348823566,23,22,Point-box sums only; excludes preparation/admission/verification
ORIGINATING_CALL; may be certified by later reconciliation,,,,,1,False,5,discarded12_r17:11952-074,0.351,0.3588796620024368,22,17,Point-box sums only; excludes preparation/admission/verification
ORIGINATING_CALL; may be certified by later reconciliation,,,,,2,False,2,discarded12_r17:11952-074,0.875,0.8868004489922896,24,22,Point-box sums only; excludes preparation/admission/verification
ORIGINATING_CALL; may be certified by later reconciliation,,,,,3,True,1,discarded12_r17:11952-074,1.499,1.5156588450190611,25,24,Point-box sums only; excludes preparation/admission/verification
ORIGINATING_CALL; may be certified by later reconciliation,,,,,2,False,1,discarded12_r17:11952-092,1.3079999999999998,1.320347722969018,18,17,Point-box sums only; excludes preparation/admission/verification
ORIGINATING_CALL; may be certified by later reconciliation,,,,,6,False,1,discarded12_r17:11952-092,2.7550000000000003,2.7871989418636076,19,18,Point-box sums only; excludes preparation/admission/verification
ORIGINATING_CALL; may be certified by later reconciliation,,,,,24,False,1,discarded12_r17:11952-092,12.399999999999995,12.537615420820657,20,19,Point-box sums only; excludes preparation/admission/verification
ORIGINATING_CALL; may be certified by later reconciliation,,,,,32,False,1,discarded12_r17:11952-092,16.567999999999998,16.748191442806274,21,20,Point-box sums only; excludes preparation/admission/verification
ORIGINATING_CALL; may be certified by later reconciliation,,,,,7,False,1,fresh60_mw16:fresh-a1-fibration-01-3904,4.1450000000000005,4.181997210835107,17,16,Point-box sums only; excludes preparation/admission/verification
ORIGINATING_CALL; may be certified by later reconciliation,,,,,25,False,1,fresh60_mw16:fresh-a1-fibration-01-3904,13.586999999999998,13.71526618686039,18,17,Point-box sums only; excludes preparation/admission/verification
ORIGINATING_CALL; may be certified by later reconciliation,,,,,4,False,1,fresh60_mw16:fresh-a1-fibration-01-5302,2.5,2.5239944042405114,17,16,Point-box sums only; excludes preparation/admission/verification
ORIGINATING_CALL; may be certified by later reconciliation,,,,,21,False,1,fresh60_mw16:fresh-a1-fibration-01-5302,12.493,12.622422040207312,18,17,Point-box sums only; excludes preparation/admission/verification
ORIGINATING_CALL; may be certified by later reconciliation,,,,,33,False,1,fresh60_mw16:fresh-a1-fibration-01-5302,19.059000000000005,19.261208731215447,19,18,Point-box sums only; excludes preparation/admission/verification
ORIGINATING_CALL; may be certified by later reconciliation,,,,,2,False,2,fresh60_mw16:fresh-a1-fibration-01-0773,1.2970000000000002,1.3057953290408477,18,16,Point-box sums only; excludes preparation/admission/verification
ORIGINATING_CALL; may be certified by later reconciliation,,,,,3,False,2,fresh60_mw16:fresh-a1-fibration-01-0773,2.032,2.048133149044588,20,18,Point-box sums only; excludes preparation/admission/verification
ORIGINATING_CALL; may be certified by later reconciliation,,,,,5,False,1,fresh60_mw16:fresh-a1-fibration-01-0773,3.207,3.2343609019881114,21,20,Point-box sums only; excludes preparation/admission/verification
ORIGINATING_CALL; may be certified by later reconciliation,,,,,6,False,1,fresh60_mw16:fresh-a1-fibration-01-0773,3.889,3.923847583006136,22,21,Point-box sums only; excludes preparation/admission/verification
ORIGINATING_CALL; may be certified by later reconciliation,,,,,8,False,1,fresh60_mw16:fresh-a1-fibration-01-0773,5.089,5.134583048871718,23,22,Point-box sums only; excludes preparation/admission/verification
ORIGINATING_CALL; may be certified by later reconciliation,,,,,11,True,1,fresh60_mw16:fresh-a1-fibration-01-0773,6.390000000000001,6.462910165893845,24,23,Point-box sums only; excludes preparation/admission/verification
ORIGINATING_CALL; may be certified by later reconciliation,,,,,35,True,1,fresh60_mw16:fresh-a1-fibration-01-0773,19.02,19.21954198984895,25,24,Point-box sums only; excludes preparation/admission/verification
ORIGINATING_CALL; may be certified by later reconciliation,,,,,36,True,1,fresh60_mw16:fresh-a1-fibration-01-0773,19.608,19.81290126487147,26,25,Point-box sums only; excludes preparation/admission/verification
ORIGINATING_CALL; may be certified by later reconciliation,,,,,1,False,1,fresh60_mw16:fresh-a1-fibration-01-3048,0.333,0.3370533890556544,17,16,Point-box sums only; excludes preparation/admission/verification
ORIGINATING_CALL; may be certified by later reconciliation,,,,,3,False,1,fresh60_mw16:fresh-a1-fibration-01-0125,1.218,1.2402677420759574,17,16,Point-box sums only; excludes preparation/admission/verification
ORIGINATING_CALL; may be certified by later reconciliation,,,,,9,False,1,fresh60_mw16:fresh-a1-fibration-01-0125,4.968999999999999,5.028837982332334,18,17,Point-box sums only; excludes preparation/admission/verification
ORIGINATING_CALL; may be certified by later reconciliation,,,,,5,False,1,fresh60_mw16:fresh-a1-fibration-01-0215,3.9069999999999996,3.9300422510132194,17,16,Point-box sums only; excludes preparation/admission/verification
ORIGINATING_CALL; may be certified by later reconciliation,,,,,8,False,1,fresh60_mw16:fresh-a1-fibration-01-0215,5.908999999999999,5.953074908116832,18,17,Point-box sums only; excludes preparation/admission/verification
ORIGINATING_CALL; may be certified by later reconciliation,,,,,11,False,1,fresh60_mw16:fresh-a1-fibration-01-0215,7.805999999999998,7.8705765281338245,19,18,Point-box sums only; excludes preparation/admission/verification
ORIGINATING_CALL; may be certified by later reconciliation,,,,,40,False,1,fresh60_mw16:fresh-a1-fibration-01-0215,26.675000000000004,26.886305657681078,20,19,Point-box sums only; excludes preparation/admission/verification
ORIGINATING_CALL; may be certified by later reconciliation,,,,,20,False,1,fresh60_mw16:fresh-a1-fibration-01-0001,10.073000000000002,10.181683185975999,17,16,Point-box sums only; excludes preparation/admission/verification
ORIGINATING_CALL; may be certified by later reconciliation,,,,,18,False,1,fresh60_mw16:fresh-a1-fibration-02-6371,10.885,11.078184301964939,17,16,Point-box sums only; excludes preparation/admission/verification
ORIGINATING_CALL; may be certified by later reconciliation,,,,,27,False,1,fresh60_mw16:fresh-a1-fibration-02-6371,17.023999999999997,17.26569363300223,18,17,Point-box sums only; excludes preparation/admission/verification
ORIGINATING_CALL; may be certified by later reconciliation,,,,,16,False,1,fresh60_mw16:fresh-a1-fibration-02-0366,8.012,8.121720643830486,17,16,Point-box sums only; excludes preparation/admission/verification
ORIGINATING_CALL; may be certified by later reconciliation,,,,,23,False,1,fresh60_mw16:fresh-a1-fibration-02-0366,11.589,11.731880314880982,18,17,Point-box sums only; excludes preparation/admission/verification
ORIGINATING_CALL; may be certified by later reconciliation,,,,,1,False,1,fresh60_mw16:fresh-a1-fibration-02-7807,0.461,0.4649456620682031,17,16,Point-box sums only; excludes preparation/admission/verification
ORIGINATING_CALL; may be certified by later reconciliation,,,,,5,False,1,fresh60_mw16:fresh-a1-fibration-02-7807,2.491,2.5110739959636703,18,17,Point-box sums only; excludes preparation/admission/verification
ORIGINATING_CALL; may be certified by later reconciliation,,,,,38,False,1,fresh60_mw16:fresh-a1-fibration-02-7807,18.398999999999997,18.604898079647683,19,18,Point-box sums only; excludes preparation/admission/verification
ORIGINATING_CALL; may be certified by later reconciliation,,,,,28,False,1,fresh60_mw16:fresh-a1-fibration-03-1440,17.432,17.575977138942108,17,16,Point-box sums only; excludes preparation/admission/verification
ORIGINATING_CALL; may be certified by later reconciliation,,,,,31,False,1,fresh60_mw16:fresh-a1-fibration-04-0655,18.621000000000002,18.768347918172367,17,16,Point-box sums only; excludes preparation/admission/verification
ORIGINATING_CALL; may be certified by later reconciliation,,,,,42,False,1,fresh60_mw16:fresh-a1-fibration-04-0655,24.583000000000002,24.804922231240198,18,17,Point-box sums only; excludes preparation/admission/verification
ORIGINATING_CALL; may be certified by later reconciliation,,,,,3,False,1,fresh60_mw16:fresh-a1-fibration-04-1296,1.233,1.2488853759132326,17,16,Point-box sums only; excludes preparation/admission/verification
ORIGINATING_CALL; may be certified by later reconciliation,,,,,7,False,1,fresh60_mw16:fresh-a1-fibration-04-1296,2.82,2.8569713429315016,18,17,Point-box sums only; excludes preparation/admission/verification
ORIGINATING_CALL; may be certified by later reconciliation,,,,,8,False,2,fresh60_mw16:fresh-a1-fibration-04-1296,3.3249999999999997,3.3707948429509997,20,18,Point-box sums only; excludes preparation/admission/verification
ORIGINATING_CALL; may be certified by later reconciliation,,,,,13,False,1,fresh60_mw16:fresh-a1-fibration-04-1296,5.88,5.948069536010735,21,20,Point-box sums only; excludes preparation/admission/verification
ORIGINATING_CALL; may be certified by later reconciliation,,,,,21,False,1,fresh60_mw16:fresh-a1-fibration-04-1296,9.026,9.140941609977745,22,21,Point-box sums only; excludes preparation/admission/verification
ORIGINATING_CALL; may be certified by later reconciliation,,,,,27,False,1,fresh60_mw16:fresh-a1-fibration-04-1296,11.583,11.7343610789394,23,22,Point-box sums only; excludes preparation/admission/verification
ORIGINATING_CALL; may be certified by later reconciliation,,,,,40,True,1,fresh60_mw16:fresh-a1-fibration-04-1296,17.358999999999998,17.593666256056167,24,23,Point-box sums only; excludes preparation/admission/verification
ORIGINATING_CALL; may be certified by later reconciliation,,,,,29,False,1,fresh60_mw16:fresh-a1-fibration-04-0984,15.906000000000002,16.06492932024412,17,16,Point-box sums only; excludes preparation/admission/verification
ORIGINATING_CALL; may be certified by later reconciliation,,,,,1,False,1,fresh60_mw16:fresh-a1-fibration-04-3120,0.812,0.8159228940494359,17,16,Point-box sums only; excludes preparation/admission/verification
ORIGINATING_CALL; may be certified by later reconciliation,,,,,3,False,1,fresh60_mw16:fresh-a1-fibration-04-3120,2.375,2.389116095029749,18,17,Point-box sums only; excludes preparation/admission/verification
ORIGINATING_CALL; may be certified by later reconciliation,,,,,1,False,1,fresh60_mw16:fresh-a1-fibration-04-0093,0.629,0.6381758879870176,17,16,Point-box sums only; excludes preparation/admission/verification
ORIGINATING_CALL; may be certified by later reconciliation,,,,,3,False,1,fresh60_mw16:fresh-a1-fibration-04-0093,1.7469999999999999,1.7638503960333765,18,17,Point-box sums only; excludes preparation/admission/verification
ORIGINATING_CALL; may be certified by later reconciliation,,,,,6,False,1,fresh60_mw16:fresh-a1-fibration-04-0093,3.458,3.4940137770026922,19,18,Point-box sums only; excludes preparation/admission/verification
ORIGINATING_CALL; may be certified by later reconciliation,,,,,23,False,1,fresh60_mw16:fresh-a1-fibration-04-0093,12.011,12.139234279980883,20,19,Point-box sums only; excludes preparation/admission/verification
ORIGINATING_CALL; may be certified by later reconciliation,,,,,28,False,1,fresh60_mw16:fresh-a1-fibration-04-0093,14.542,14.698623924981803,21,20,Point-box sums only; excludes preparation/admission/verification
ORIGINATING_CALL; may be certified by later reconciliation,,,,,1,False,4,fresh60_mw16:fresh-a1-fibration-04-2064,0.295,0.29828095296397805,20,16,Point-box sums only; excludes preparation/admission/verification
ORIGINATING_CALL; may be certified by later reconciliation,,,,,2,False,2,fresh60_mw16:fresh-a1-fibration-04-2064,0.7849999999999999,0.7968032900243998,22,20,Point-box sums only; excludes preparation/admission/verification
ORIGINATING_CALL; may be certified by later reconciliation,,,,,4,False,1,fresh60_mw16:fresh-a1-fibration-04-2064,1.887,1.905574426986277,23,22,Point-box sums only; excludes preparation/admission/verification
ORIGINATING_CALL; may be certified by later reconciliation,,,,,8,False,1,fresh60_mw16:fresh-a1-fibration-04-3833,4.422,4.4701506939018145,17,16,Point-box sums only; excludes preparation/admission/verification
ORIGINATING_CALL; may be certified by later reconciliation,,,,,2,False,2,fresh60_mw16:fresh-a1-fibration-04-2314,1.464,1.4730884219752625,18,16,Point-box sums only; excludes preparation/admission/verification
ORIGINATING_CALL; may be certified by later reconciliation,,,,,3,False,1,fresh60_mw16:fresh-a1-fibration-04-2314,1.825,1.841898220940493,19,18,Point-box sums only; excludes preparation/admission/verification
ORIGINATING_CALL; may be certified by later reconciliation,,,,,4,False,1,fresh60_mw16:fresh-a1-fibration-04-2314,2.231,2.2520841169171035,20,19,Point-box sums only; excludes preparation/admission/verification
ORIGINATING_CALL; may be certified by later reconciliation,,,,,7,False,1,fresh60_mw16:fresh-a1-fibration-04-2314,3.802,3.8399634890956804,21,20,Point-box sums only; excludes preparation/admission/verification
ORIGINATING_CALL; may be certified by later reconciliation,,,,,9,False,1,fresh60_mw16:fresh-a1-fibration-04-2314,4.821000000000001,4.872790899127722,22,21,Point-box sums only; excludes preparation/admission/verification
ORIGINATING_CALL; may be certified by later reconciliation,,,,,17,False,2,fresh60_mw16:fresh-a1-fibration-04-2314,9.407,9.514781793230213,24,22,Point-box sums only; excludes preparation/admission/verification
ORIGINATING_CALL; may be certified by later reconciliation,,,,,19,False,1,fresh60_mw16:fresh-a1-fibration-05-3735,10.124999999999998,10.227461261092685,17,16,Point-box sums only; excludes preparation/admission/verification
ORIGINATING_CALL; may be certified by later reconciliation,,,,,1,False,1,fresh60_mw16:fresh-a1-fibration-05-1377,0.654,0.6615894479909912,17,16,Point-box sums only; excludes preparation/admission/verification
ORIGINATING_CALL; may be certified by later reconciliation,,,,,8,False,1,fresh60_mw16:fresh-a1-fibration-05-1377,4.6499999999999995,4.694951531011611,18,17,Point-box sums only; excludes preparation/admission/verification
ORIGINATING_CALL; may be certified by later reconciliation,,,,,3,False,1,fresh60_mw16:fresh-a1-fibration-05-1364,1.7650000000000001,1.7753191989613697,17,16,Point-box sums only; excludes preparation/admission/verification
ORIGINATING_CALL; may be certified by later reconciliation,,,,,8,False,1,fresh60_mw16:fresh-a1-fibration-05-1364,5.475999999999999,5.509904537932016,18,17,Point-box sums only; excludes preparation/admission/verification
ORIGINATING_CALL; may be certified by later reconciliation,,,,,18,False,1,fresh60_mw16:fresh-a1-fibration-05-1364,12.744,12.825368808000349,19,18,Point-box sums only; excludes preparation/admission/verification
ORIGINATING_CALL; may be certified by later reconciliation,,,,,11,False,1,fresh60_mw16:fresh-a1-fibration-05-2068,5.835000000000001,5.896916275029071,17,16,Point-box sums only; excludes preparation/admission/verification
ORIGINATING_CALL; may be certified by later reconciliation,,,,,1,False,1,fresh60_mw16:fresh-a1-fibration-05-2038,0.521,0.5278716860339046,17,16,Point-box sums only; excludes preparation/admission/verification
ORIGINATING_CALL; may be certified by later reconciliation,,,,,3,False,1,outer60_mw16:b1-a1-fibration-01-0061,2.021,2.033908277982846,17,16,Point-box sums only; excludes preparation/admission/verification
ORIGINATING_CALL; may be certified by later reconciliation,,,,,18,False,1,outer60_mw16:b1-a1-fibration-01-0061,11.015999999999998,11.099163628765382,18,17,Point-box sums only; excludes preparation/admission/verification
ORIGINATING_CALL; may be certified by later reconciliation,,,,,25,False,1,outer60_mw16:b1-a1-fibration-01-0061,15.561999999999998,15.684240567614324,19,18,Point-box sums only; excludes preparation/admission/verification
ORIGINATING_CALL; may be certified by later reconciliation,,,,,33,False,1,outer60_mw16:b1-a1-fibration-01-0061,20.494999999999997,20.663812386686914,20,19,Point-box sums only; excludes preparation/admission/verification
ORIGINATING_CALL; may be certified by later reconciliation,,,,,12,False,1,outer60_mw16:b1-a1-fibration-01-0437,6.888,6.942890437785536,17,16,Point-box sums only; excludes preparation/admission/verification
ORIGINATING_CALL; may be certified by later reconciliation,,,,,15,False,1,outer60_mw16:b1-a1-fibration-01-0368,6.970000000000001,7.051910754176788,17,16,Point-box sums only; excludes preparation/admission/verification
ORIGINATING_CALL; may be certified by later reconciliation,,,,,5,False,1,outer60_mw16:b1-a1-fibration-02-0763,2.572,2.5939693730324507,17,16,Point-box sums only; excludes preparation/admission/verification
ORIGINATING_CALL; may be certified by later reconciliation,,,,,20,False,1,outer60_mw16:b1-a1-fibration-02-0763,10.663999999999998,10.76473894668743,18,17,Point-box sums only; excludes preparation/admission/verification
ORIGINATING_CALL; may be certified by later reconciliation,,,,,4,False,1,outer60_mw16:b1-a1-fibration-02-0488,1.9099999999999997,1.9311162771191448,17,16,Point-box sums only; excludes preparation/admission/verification
ORIGINATING_CALL; may be certified by later reconciliation,,,,,7,False,1,outer60_mw16:b1-a1-fibration-02-0488,3.017,3.0533485941123217,18,17,Point-box sums only; excludes preparation/admission/verification
ORIGINATING_CALL; may be certified by later reconciliation,,,,,8,False,1,outer60_mw16:b1-a1-fibration-02-0488,3.4989999999999997,3.5392733491025865,19,18,Point-box sums only; excludes preparation/admission/verification
ORIGINATING_CALL; may be certified by later reconciliation,,,,,15,False,1,outer60_mw16:b1-a1-fibration-02-0488,7.55,7.629972430178896,20,19,Point-box sums only; excludes preparation/admission/verification
ORIGINATING_CALL; may be certified by later reconciliation,,,,,20,False,2,outer60_mw16:b1-a1-fibration-02-0488,9.802,9.904727489105426,22,20,Point-box sums only; excludes preparation/admission/verification
ORIGINATING_CALL; may be certified by later reconciliation,,,,,21,False,1,outer60_mw16:b1-a1-fibration-02-0488,10.041,10.150822653085925,23,22,Point-box sums only; excludes preparation/admission/verification
ORIGINATING_CALL; may be certified by later reconciliation,,,,,3,False,1,outer60_mw16:b1-a1-fibration-03-1015,1.92,1.9328376629855484,17,16,Point-box sums only; excludes preparation/admission/verification
ORIGINATING_CALL; may be certified by later reconciliation,,,,,4,False,1,outer60_mw16:b1-a1-fibration-03-1015,2.276,2.2920666249701753,18,17,Point-box sums only; excludes preparation/admission/verification
ORIGINATING_CALL; may be certified by later reconciliation,,,,,8,False,1,outer60_mw16:b1-a1-fibration-03-1015,4.36,4.395354292937554,19,18,Point-box sums only; excludes preparation/admission/verification
ORIGINATING_CALL; may be certified by later reconciliation,,,,,14,False,1,outer60_mw16:b1-a1-fibration-03-1015,7.15,7.2122244738275185,20,19,Point-box sums only; excludes preparation/admission/verification
ORIGINATING_CALL; may be certified by later reconciliation,,,,,20,False,1,outer60_mw16:b1-a1-fibration-03-1015,10.883,10.970365335932001,21,20,Point-box sums only; excludes preparation/admission/verification
ORIGINATING_CALL; may be certified by later reconciliation,,,,,32,False,1,outer60_mw16:b1-a1-fibration-03-1015,17.957,18.10448039264884,22,21,Point-box sums only; excludes preparation/admission/verification
ORIGINATING_CALL; may be certified by later reconciliation,,,,,39,False,1,outer60_mw16:b1-a1-fibration-03-1015,22.209,22.39440546161495,23,22,Point-box sums only; excludes preparation/admission/verification
ORIGINATING_CALL; may be certified by later reconciliation,,,,,43,False,1,outer60_mw16:b1-a1-fibration-05-0906,15.009999999999996,15.216068230802193,17,16,Point-box sums only; excludes preparation/admission/verification
ORIGINATING_CALL; may be certified by later reconciliation,,,,,10,False,1,outer60_mw16:b1-a1-fibration-05-0077,6.037,6.08585478423629,17,16,Point-box sums only; excludes preparation/admission/verification
ORIGINATING_CALL; may be certified by later reconciliation,,,,,30,False,1,outer60_mw16:b1-a1-fibration-05-0001,17.082999999999995,17.225324099184945,17,16,Point-box sums only; excludes preparation/admission/verification
ORIGINATING_CALL; may be certified by later reconciliation,,,,,7,False,2,outer60_mw16:b2-a1-fibration-04-0049,3.4650000000000007,3.498842681874521,18,16,Point-box sums only; excludes preparation/admission/verification
ORIGINATING_CALL; may be certified by later reconciliation,,,,,29,False,1,outer60_mw16:b2-a1-fibration-04-0257,16.669999999999998,16.818933767615817,17,16,Point-box sums only; excludes preparation/admission/verification
ORIGINATING_CALL; may be certified by later reconciliation,,,,,7,False,1,outer60_mw16:b2-a1-fibration-05-0334,3.832,3.8703800258226693,17,16,Point-box sums only; excludes preparation/admission/verification
ORIGINATING_CALL; may be certified by later reconciliation,,,,,8,False,1,outer60_mw16:b3-a1-fibration-02-0004,5.6,5.655027435161173,17,16,Point-box sums only; excludes preparation/admission/verification
ORIGINATING_CALL; may be certified by later reconciliation,,,,,6,False,1,higher60_mw16:higher-b2-a1-fibration-04-0009,3.568,3.597126038861461,17,16,Point-box sums only; excludes preparation/admission/verification
ORIGINATING_CALL; may be certified by later reconciliation,,,,,2,False,1,higher60_mw16:higher-b2-a1-fibration-05-0010,0.877,0.8907196960644796,17,16,Point-box sums only; excludes preparation/admission/verification
ORIGINATING_CALL; may be certified by later reconciliation,,,,,10,False,1,higher60_mw16:higher-b2-a1-fibration-05-0010,5.02,5.079501912230626,18,17,Point-box sums only; excludes preparation/admission/verification
ORIGINATING_CALL; may be certified by later reconciliation,,,,,27,False,1,higher60_mw16:higher-b2-a1-fibration-05-0010,15.192000000000002,15.336967402254231,19,18,Point-box sums only; excludes preparation/admission/verification
ORIGINATING_CALL; may be certified by later reconciliation,,,,,17,False,1,higher60_mw16:higher-b3-a1-fibration-03-0002,10.364,10.451549972873181,17,16,Point-box sums only; excludes preparation/admission/verification
ORIGINATING_CALL; may be certified by later reconciliation,,,,,28,False,1,broad60_mw16:broad-b2-a1-fibration-01-0003,13.740000000000002,13.872818581294268,17,16,Point-box sums only; excludes preparation/admission/verification
ORIGINATING_CALL; may be certified by later reconciliation,,,,,1,False,1,broad60_mw16:broad-b2-a1-fibration-02-0000,0.756,0.7647470899391919,17,16,Point-box sums only; excludes preparation/admission/verification
ORIGINATING_CALL; may be certified by later reconciliation,,,,,2,False,1,broad60_mw16:broad-b2-a1-fibration-02-0000,1.099,1.112308097886853,18,17,Point-box sums only; excludes preparation/admission/verification
ORIGINATING_CALL; may be certified by later reconciliation,,,,,3,False,1,broad60_mw16:broad-b2-a1-fibration-02-0000,1.772,1.7895167057868093,19,18,Point-box sums only; excludes preparation/admission/verification
ORIGINATING_CALL; may be certified by later reconciliation,,,,,6,False,2,broad60_mw16:broad-b2-a1-fibration-02-0000,4.031000000000001,4.066101509728469,21,19,Point-box sums only; excludes preparation/admission/verification
ORIGINATING_CALL; may be certified by later reconciliation,,,,,11,False,2,broad60_mw16:broad-b2-a1-fibration-02-0000,7.615,7.670388096594252,23,21,Point-box sums only; excludes preparation/admission/verification
ORIGINATING_CALL; may be certified by later reconciliation,,,,,38,True,1,broad60_mw16:broad-b2-a1-fibration-02-0000,25.970000000000002,26.230964232701808,24,23,Point-box sums only; excludes preparation/admission/verification
ORIGINATING_CALL; may be certified by later reconciliation,,,,,2,False,1,broad60_mw16:broad-b2-a1-fibration-02-0013,1.3530000000000002,1.3618009418714792,17,16,Point-box sums only; excludes preparation/admission/verification
ORIGINATING_CALL; may be certified by later reconciliation,,,,,2,False,1,broad60_mw16:broad-b2-a1-fibration-03-0017,0.7270000000000001,0.7358996180118993,17,16,Point-box sums only; excludes preparation/admission/verification
ORIGINATING_CALL; may be certified by later reconciliation,,,,,7,False,1,broad60_mw16:broad-b2-a1-fibration-03-0017,3.2459999999999996,3.277015679865144,18,17,Point-box sums only; excludes preparation/admission/verification
ORIGINATING_CALL; may be certified by later reconciliation,,,,,10,False,1,broad60_mw16:broad-b2-a1-fibration-03-0017,4.552,4.603363696951419,19,18,Point-box sums only; excludes preparation/admission/verification
ORIGINATING_CALL; may be certified by later reconciliation,,,,,16,False,2,broad60_mw16:broad-b2-a1-fibration-03-0017,7.075999999999999,7.156492803944275,21,19,Point-box sums only; excludes preparation/admission/verification
ORIGINATING_CALL; may be certified by later reconciliation,,,,,1,False,4,broad60_mw16:broad-b2-a1-fibration-03-0246,0.761,0.7647997449385002,20,16,Point-box sums only; excludes preparation/admission/verification
ORIGINATING_CALL; may be certified by later reconciliation,,,,,2,False,2,broad60_mw16:broad-b2-a1-fibration-03-0246,1.589,1.6012609689496458,22,20,Point-box sums only; excludes preparation/admission/verification
ORIGINATING_CALL; may be certified by later reconciliation,,,,,3,False,1,broad60_mw16:broad-b2-a1-fibration-03-0246,2.419,2.4374129108618945,23,22,Point-box sums only; excludes preparation/admission/verification
ORIGINATING_CALL; may be certified by later reconciliation,,,,,4,True,1,broad60_mw16:broad-b2-a1-fibration-03-0246,2.882,2.903616149793379,24,23,Point-box sums only; excludes preparation/admission/verification
ORIGINATING_CALL; may be certified by later reconciliation,,,,,22,False,1,broad60_mw16:broad-b2-a1-fibration-05-0052,11.855999999999998,11.98475275177043,17,16,Point-box sums only; excludes preparation/admission/verification
ORIGINATING_CALL; may be certified by later reconciliation,,,,,31,False,1,broad60_mw16:broad-b2-a1-fibration-05-0052,16.833000000000002,17.024169802782126,18,17,Point-box sums only; excludes preparation/admission/verification
ORIGINATING_CALL; may be certified by later reconciliation,,,,,5,False,2,broad60_mw16:broad-b2-a1-fibration-05-0030,2.1300000000000003,2.1538052059477195,18,16,Point-box sums only; excludes preparation/admission/verification
ORIGINATING_CALL; may be certified by later reconciliation,,,,,10,False,1,broad60_mw16:broad-b2-a1-fibration-05-0030,4.022,4.073772364063188,19,18,Point-box sums only; excludes preparation/admission/verification
ORIGINATING_CALL; may be certified by later reconciliation,,,,,12,False,1,broad60_mw16:broad-b2-a1-fibration-05-0030,4.963000000000001,5.022013744222932,20,19,Point-box sums only; excludes preparation/admission/verification
ORIGINATING_CALL; may be certified by later reconciliation,,,,,28,False,1,broad60_mw16:broad-b2-a1-fibration-05-0030,11.719,11.87956093531102,21,20,Point-box sums only; excludes preparation/admission/verification
ORIGINATING_CALL; may be certified by later reconciliation,,,,,32,False,1,broad60_mw16:broad-b2-a1-fibration-05-0030,13.249,13.4947387551656,22,21,Point-box sums only; excludes preparation/admission/verification
ORIGINATING_CALL; may be certified by later reconciliation,,,,,1,False,1,broad60_mw16:broad-b2-a1-fibration-05-0019,0.378,0.3831900099758059,17,16,Point-box sums only; excludes preparation/admission/verification
ORIGINATING_CALL; may be certified by later reconciliation,,,,,5,False,1,broad60_mw16:broad-b2-a1-fibration-05-0001,2.635,2.6707774602109566,17,16,Point-box sums only; excludes preparation/admission/verification
ORIGINATING_CALL; may be certified by later reconciliation,,,,,25,False,1,broad60_mw16:broad-b2-a1-fibration-05-0001,12.34,12.496851413394324,18,17,Point-box sums only; excludes preparation/admission/verification
ORIGINATING_CALL; may be certified by later reconciliation,,,,,28,False,1,broad60_mw16:broad-b3-a1-fibration-04-0019,16.429999999999996,16.67160652682651,17,16,Point-box sums only; excludes preparation/admission/verification
ORIGINATING_CALL; may be certified by later reconciliation,,,,,40,False,1,broad60_mw16:broad-b3-a1-fibration-04-0019,22.267999999999994,22.582992948940955,18,17,Point-box sums only; excludes preparation/admission/verification
ORIGINATING_CALL; may be certified by later reconciliation,,,,,23,False,1,corrected60_mw16:corrected-b2-a1-fibration-01-0005,10.959000000000001,11.068669678643346,17,16,Point-box sums only; excludes preparation/admission/verification
ORIGINATING_CALL; may be certified by later reconciliation,,,,,5,False,2,corrected60_mw16:corrected-b2-a1-fibration-02-0198,2.93,2.959375575184822,18,16,Point-box sums only; excludes preparation/admission/verification
ORIGINATING_CALL; may be certified by later reconciliation,,,,,12,False,1,corrected60_mw16:corrected-b2-a1-fibration-02-0198,7.774000000000002,7.843757947906852,19,18,Point-box sums only; excludes preparation/admission/verification
ORIGINATING_CALL; may be certified by later reconciliation,,,,,5,False,1,corrected60_mw16:corrected-b2-a1-fibration-03-0008,2.606,2.631730664987117,17,16,Point-box sums only; excludes preparation/admission/verification
ORIGINATING_CALL; may be certified by later reconciliation,,,,,24,False,1,corrected60_mw16:corrected-b2-a1-fibration-03-0008,13.608,13.746546472073533,18,17,Point-box sums only; excludes preparation/admission/verification
ORIGINATING_CALL; may be certified by later reconciliation,,,,,1,False,1,corrected60_mw16:corrected-b2-a1-fibration-04-0207,0.418,0.42689854209311306,17,16,Point-box sums only; excludes preparation/admission/verification
ORIGINATING_CALL; may be certified by later reconciliation,,,,,4,False,1,corrected60_mw16:corrected-b2-a1-fibration-04-0207,1.912,1.9376217682147399,18,17,Point-box sums only; excludes preparation/admission/verification
ORIGINATING_CALL; may be certified by later reconciliation,,,,,7,False,2,corrected60_mw16:corrected-b2-a1-fibration-04-0207,3.85,3.889045243151486,20,18,Point-box sums only; excludes preparation/admission/verification
ORIGINATING_CALL; may be certified by later reconciliation,,,,,13,False,1,corrected60_mw16:corrected-b2-a1-fibration-04-0207,7.651000000000001,7.727149230195209,21,20,Point-box sums only; excludes preparation/admission/verification
ORIGINATING_CALL; may be certified by later reconciliation,,,,,15,False,1,corrected60_mw16:corrected-b2-a1-fibration-04-0207,8.585,8.674207266187295,22,21,Point-box sums only; excludes preparation/admission/verification
ORIGINATING_CALL; may be certified by later reconciliation,,,,,23,False,1,corrected60_mw16:corrected-b2-a1-fibration-04-0207,12.105000000000002,12.227447997312993,23,22,Point-box sums only; excludes preparation/admission/verification
ORIGINATING_CALL; may be certified by later reconciliation,,,,,17,False,1,corrected60_mw16:corrected-b2-a1-fibration-04-0012,7.289999999999999,7.38070541981142,17,16,Point-box sums only; excludes preparation/admission/verification
ORIGINATING_CALL; may be certified by later reconciliation,,,,,22,False,1,corrected60_mw16:corrected-b2-a1-fibration-04-0012,9.520999999999999,9.636088631814346,18,17,Point-box sums only; excludes preparation/admission/verification
ORIGINATING_CALL; may be certified by later reconciliation,,,,,23,False,1,corrected60_mw16:corrected-b2-a1-fibration-04-0012,10.015999999999998,10.139126814785413,19,18,Point-box sums only; excludes preparation/admission/verification
ORIGINATING_CALL; may be certified by later reconciliation,,,,,40,False,1,corrected60_mw16:corrected-b2-a1-fibration-04-0012,17.991999999999997,18.21743203001097,20,19,Point-box sums only; excludes preparation/admission/verification
ORIGINATING_CALL; may be certified by later reconciliation,,,,,7,False,1,strata60_mw16:strata-a1-fibration-01-b2-s1-top,3.754,3.7959358459338546,17,16,Point-box sums only; excludes preparation/admission/verification
ORIGINATING_CALL; may be certified by later reconciliation,,,,,34,False,1,strata60_mw16:strata-a1-fibration-02-b3-s-1-moderate,17.179000000000002,17.35996879916638,17,16,Point-box sums only; excludes preparation/admission/verification
ORIGINATING_CALL; may be certified by later reconciliation,,,,,1,False,1,strata60_mw16:strata-a1-fibration-02-b2-s-1-top,0.625,0.6285659259883687,17,16,Point-box sums only; excludes preparation/admission/verification
ORIGINATING_CALL; may be certified by later reconciliation,,,,,2,False,1,strata60_mw16:strata-a1-fibration-02-b2-s-1-top,1.346,1.3573040550109,18,17,Point-box sums only; excludes preparation/admission/verification
ORIGINATING_CALL; may be certified by later reconciliation,,,,,3,False,1,strata60_mw16:strata-a1-fibration-02-b2-s-1-top,2.0260000000000002,2.0464530480094254,19,18,Point-box sums only; excludes preparation/admission/verification
ORIGINATING_CALL; may be certified by later reconciliation,,,,,4,False,2,strata60_mw16:strata-a1-fibration-02-b2-s-1-top,2.6780000000000004,2.7036767350509763,21,19,Point-box sums only; excludes preparation/admission/verification
ORIGINATING_CALL; may be certified by later reconciliation,,,,,5,False,1,strata60_mw16:strata-a1-fibration-02-b2-s-1-top,3.0780000000000003,3.1070901300990954,22,21,Point-box sums only; excludes preparation/admission/verification
ORIGINATING_CALL; may be certified by later reconciliation,,,,,7,False,1,strata60_mw16:strata-a1-fibration-02-b2-s-1-top,4.075,4.116284863092005,23,22,Point-box sums only; excludes preparation/admission/verification
ORIGINATING_CALL; may be certified by later reconciliation,,,,,9,True,1,strata60_mw16:strata-a1-fibration-02-b2-s-1-top,5.509,5.557776074158028,24,23,Point-box sums only; excludes preparation/admission/verification
ORIGINATING_CALL; may be certified by later reconciliation,,,,,13,True,1,strata60_mw16:strata-a1-fibration-02-b2-s-1-top,8.154,8.229125097277574,25,24,Point-box sums only; excludes preparation/admission/verification
ORIGINATING_CALL; may be certified by later reconciliation,,,,,12,False,1,nearcut60v2_mw16:nearcut-b2-a1-fibration-01-0007,5.825000000000001,5.888629594119266,17,16,Point-box sums only; excludes preparation/admission/verification
ORIGINATING_CALL; may be certified by later reconciliation,,,,,26,False,1,nearcut60v2_mw16:nearcut-b2-a1-fibration-01-0008,14.661000000000003,14.801904145162553,17,16,Point-box sums only; excludes preparation/admission/verification
ORIGINATING_CALL; may be certified by later reconciliation,,,,,28,False,1,nearcut60v2_mw16:nearcut-b3-a1-fibration-04-0008,12.930000000000001,13.077045468031429,17,16,Point-box sums only; excludes preparation/admission/verification
ORIGINATING_CALL; may be certified by later reconciliation,,,,,27,False,1,nearcut60v2_mw16:nearcut-b2-a1-fibration-05-0008,13.146999999999998,13.300829281914048,17,16,Point-box sums only; excludes preparation/admission/verification
ORIGINATING_CALL; may be certified by later reconciliation,,,,,4,False,1,nearcut60v2_mw16:nearcut-b2-a1-fibration-01-0009,1.421,1.4416127891745418,17,16,Point-box sums only; excludes preparation/admission/verification
ORIGINATING_CALL; may be certified by later reconciliation,,,,,15,False,1,nearcut60v2_mw16:nearcut-b2-a1-fibration-01-0009,6.421000000000001,6.505243908148259,18,17,Point-box sums only; excludes preparation/admission/verification
ORIGINATING_CALL; may be certified by later reconciliation,,,,,14,False,1,nearcut60v2_mw16:nearcut-b2-a1-fibration-05-0010,8.324000000000002,8.41885269107297,17,16,Point-box sums only; excludes preparation/admission/verification
ORIGINATING_CALL; may be certified by later reconciliation,,,,,3,False,1,nearcut60v2_mw16:nearcut-b2-a1-fibration-01-0011,1.4220000000000002,1.4337480670074,17,16,Point-box sums only; excludes preparation/admission/verification
ORIGINATING_CALL; may be certified by later reconciliation,,,,,5,False,1,nearcut60v2_mw16:nearcut-b2-a1-fibration-01-0011,2.49,2.5100076670059934,18,17,Point-box sums only; excludes preparation/admission/verification
ORIGINATING_CALL; may be certified by later reconciliation,,,,,7,False,1,nearcut60v2_mw16:nearcut-b2-a1-fibration-01-0011,3.1880000000000006,3.2148994960589334,19,18,Point-box sums only; excludes preparation/admission/verification
ORIGINATING_CALL; may be certified by later reconciliation,,,,,15,False,1,nearcut60v2_mw16:nearcut-b2-a1-fibration-01-0011,7.088000000000001,7.155728323967196,20,19,Point-box sums only; excludes preparation/admission/verification
ORIGINATING_CALL; may be certified by later reconciliation,,,,,18,False,1,nearcut60v2_mw16:nearcut-b2-a1-fibration-01-0011,8.151000000000002,8.233045769971795,21,20,Point-box sums only; excludes preparation/admission/verification
ORIGINATING_CALL; may be certified by later reconciliation,,,,,26,False,1,nearcut60v2_mw16:nearcut-b2-a1-fibration-01-0011,11.349000000000002,11.474055539118126,22,21,Point-box sums only; excludes preparation/admission/verification
ORIGINATING_CALL; may be certified by later reconciliation,,,,,30,False,1,nearcut60v2_mw16:nearcut-b2-a1-fibration-01-0011,13.158,13.308147445088252,23,22,Point-box sums only; excludes preparation/admission/verification
ORIGINATING_CALL; may be certified by later reconciliation,,,,,25,False,1,nearcut60v2_mw16:nearcut-b3-a1-fibration-05-0011,13.318999999999999,13.461858764756471,17,16,Point-box sums only; excludes preparation/admission/verification
ORIGINATING_CALL; may be certified by later reconciliation,,,,,8,False,1,nearcut60v2_mw16:nearcut-b2-a1-fibration-01-0012,3.2460000000000004,3.28098009317182,17,16,Point-box sums only; excludes preparation/admission/verification
ORIGINATING_CALL; may be certified by later reconciliation,,,,,2,False,1,extended20_mw16:a1-fibration-01-015,0.6819999999999999,0.6948368090088479,17,16,Point-box sums only; excludes preparation/admission/verification
ORIGINATING_CALL; may be certified by later reconciliation,,,,,5,False,1,extended20_mw16:a1-fibration-01-015,1.663,1.685908436018508,18,17,Point-box sums only; excludes preparation/admission/verification
ORIGINATING_CALL; may be certified by later reconciliation,,,,,7,False,1,extended20_mw16:a1-fibration-01-015,2.374,2.4096220150240697,19,18,Point-box sums only; excludes preparation/admission/verification
ORIGINATING_CALL; may be certified by later reconciliation,,,,,8,False,1,extended20_mw16:a1-fibration-01-015,2.577,2.620575629058294,20,19,Point-box sums only; excludes preparation/admission/verification
ORIGINATING_CALL; may be certified by later reconciliation,,,,,11,False,1,extended20_mw16:a1-fibration-01-015,3.5149999999999997,3.5753544800681993,21,20,Point-box sums only; excludes preparation/admission/verification
ORIGINATING_CALL; may be certified by later reconciliation,,,,,12,False,1,extended20_mw16:a1-fibration-01-015,3.9019999999999997,3.9656625640927814,22,21,Point-box sums only; excludes preparation/admission/verification
ORIGINATING_CALL; may be certified by later reconciliation,,,,,17,False,2,extended20_mw16:a1-fibration-01-015,5.347,5.441385154146701,24,22,Point-box sums only; excludes preparation/admission/verification
ORIGINATING_CALL; may be certified by later reconciliation,,,,,22,True,1,extended20_mw16:a1-fibration-01-015,6.758000000000001,6.872634482104331,25,24,Point-box sums only; excludes preparation/admission/verification
ORIGINATING_CALL; may be certified by later reconciliation,,,,,28,True,1,extended20_mw16:a1-fibration-01-015,8.767000000000003,8.91206337226322,26,25,Point-box sums only; excludes preparation/admission/verification
ORIGINATING_CALL; may be certified by later reconciliation,,,,,1,False,1,extended20_mw16:a1-fibration-01-052,0.42,0.4238353570108302,17,16,Point-box sums only; excludes preparation/admission/verification
ORIGINATING_CALL; may be certified by later reconciliation,,,,,4,False,2,extended20_mw16:a1-fibration-01-052,1.67,1.702375278051477,19,17,Point-box sums only; excludes preparation/admission/verification
ORIGINATING_CALL; may be certified by later reconciliation,,,,,5,False,1,extended20_mw16:a1-fibration-01-052,2.157,2.1932474520872347,20,19,Point-box sums only; excludes preparation/admission/verification
ORIGINATING_CALL; may be certified by later reconciliation,,,,,6,False,1,extended20_mw16:a1-fibration-01-052,2.71,2.7529830270796083,21,20,Point-box sums only; excludes preparation/admission/verification
ORIGINATING_CALL; may be certified by later reconciliation,,,,,11,False,2,extended20_mw16:a1-fibration-01-052,4.751,4.820532202080358,23,21,Point-box sums only; excludes preparation/admission/verification
ORIGINATING_CALL; may be certified by later reconciliation,,,,,14,True,2,extended20_mw16:a1-fibration-01-052,6.103000000000001,6.186903192079626,25,23,Point-box sums only; excludes preparation/admission/verification
ORIGINATING_CALL; may be certified by later reconciliation,,,,,19,True,1,extended20_mw16:a1-fibration-01-052,7.942000000000002,8.067909958015662,26,25,Point-box sums only; excludes preparation/admission/verification
ORIGINATING_CALL; may be certified by later reconciliation,,,,,3,False,1,extended20_mw16:a1-fibration-01-000,1.087,1.1058599439566024,17,16,Point-box sums only; excludes preparation/admission/verification
ORIGINATING_CALL; may be certified by later reconciliation,,,,,6,False,1,extended20_mw16:a1-fibration-01-000,2.2079999999999997,2.2390354298986495,18,17,Point-box sums only; excludes preparation/admission/verification
ORIGINATING_CALL; may be certified by later reconciliation,,,,,7,False,1,extended20_mw16:a1-fibration-01-000,2.506,2.5406587849138305,19,18,Point-box sums only; excludes preparation/admission/verification
ORIGINATING_CALL; may be certified by later reconciliation,,,,,9,False,1,extended20_mw16:a1-fibration-01-000,3.173,3.2144672879367135,20,19,Point-box sums only; excludes preparation/admission/verification
ORIGINATING_CALL; may be certified by later reconciliation,,,,,10,False,1,extended20_mw16:a1-fibration-01-000,3.581,3.62553715496324,21,20,Point-box sums only; excludes preparation/admission/verification
ORIGINATING_CALL; may be certified by later reconciliation,,,,,17,False,1,extended20_mw16:a1-fibration-01-000,5.2250000000000005,5.304797467950266,22,21,Point-box sums only; excludes preparation/admission/verification
ORIGINATING_CALL; may be certified by later reconciliation,,,,,19,False,1,extended20_mw16:a1-fibration-01-000,6.111000000000001,6.198635089909658,23,22,Point-box sums only; excludes preparation/admission/verification
ORIGINATING_CALL; may be certified by later reconciliation,,,,,1,False,5,extended20_mw16:a1-fibration-01-003,0.4,0.4043229839880951,21,16,Point-box sums only; excludes preparation/admission/verification
ORIGINATING_CALL; may be certified by later reconciliation,,,,,3,False,3,extended20_mw16:a1-fibration-01-003,1.0070000000000001,1.019849011034239,24,21,Point-box sums only; excludes preparation/admission/verification
ORIGINATING_CALL; may be certified by later reconciliation,,,,,1,False,2,extended20_mw16:a1-fibration-02-014,0.184,0.1918608209816739,18,16,Point-box sums only; excludes preparation/admission/verification
ORIGINATING_CALL; may be certified by later reconciliation,,,,,2,False,4,extended20_mw16:a1-fibration-02-014,0.7110000000000001,0.725283379026223,22,18,Point-box sums only; excludes preparation/admission/verification
ORIGINATING_CALL; may be certified by later reconciliation,,,,,3,False,4,extended20_mw16:a1-fibration-02-014,1.2510000000000001,1.2692967330222018,26,22,Point-box sums only; excludes preparation/admission/verification
ORIGINATING_CALL; may be certified by later reconciliation,,,,,9,False,1,extended20_mw16:a1-fibration-02-089,2.477,2.5215790948132053,17,16,Point-box sums only; excludes preparation/admission/verification
ORIGINATING_CALL; may be certified by later reconciliation,,,,,14,False,1,extended20_mw16:a1-fibration-02-089,4.088,4.1684261067421176,18,17,Point-box sums only; excludes preparation/admission/verification
ORIGINATING_CALL; may be certified by later reconciliation,,,,,17,False,1,extended20_mw16:a1-fibration-02-089,4.884,4.979630022717174,19,18,Point-box sums only; excludes preparation/admission/verification
ORIGINATING_CALL; may be certified by later reconciliation,,,,,31,False,1,extended20_mw16:a1-fibration-02-089,8.917999999999997,9.077279346762225,20,19,Point-box sums only; excludes preparation/admission/verification
ORIGINATING_CALL; may be certified by later reconciliation,,,,,1,False,1,extended20_mw16:a1-fibration-02-215,0.393,0.39607761503430083,17,16,Point-box sums only; excludes preparation/admission/verification
ORIGINATING_CALL; may be certified by later reconciliation,,,,,2,False,2,extended20_mw16:a1-fibration-02-215,0.784,0.7900446320418268,19,17,Point-box sums only; excludes preparation/admission/verification
ORIGINATING_CALL; may be certified by later reconciliation,,,,,5,False,1,extended20_mw16:a1-fibration-02-215,2.211,2.2293249850627035,20,19,Point-box sums only; excludes preparation/admission/verification
ORIGINATING_CALL; may be certified by later reconciliation,,,,,7,False,1,extended20_mw16:a1-fibration-02-215,3.29,3.3171717900549993,21,20,Point-box sums only; excludes preparation/admission/verification
ORIGINATING_CALL; may be certified by later reconciliation,,,,,12,False,1,extended20_mw16:a1-fibration-02-215,5.749,5.803799701039679,22,21,Point-box sums only; excludes preparation/admission/verification
ORIGINATING_CALL; may be certified by later reconciliation,,,,,13,False,1,extended20_mw16:a1-fibration-02-215,6.064,6.122610180056654,23,22,Point-box sums only; excludes preparation/admission/verification
ORIGINATING_CALL; may be certified by later reconciliation,,,,,33,True,1,extended20_mw16:a1-fibration-02-215,14.246000000000002,14.413385924941394,24,23,Point-box sums only; excludes preparation/admission/verification
ORIGINATING_CALL; may be certified by later reconciliation,,,,,11,False,1,extended20_mw16:a1-fibration-02-164,4.140000000000001,4.191886080952827,17,16,Point-box sums only; excludes preparation/admission/verification
ORIGINATING_CALL; may be certified by later reconciliation,,,,,24,False,1,extended20_mw16:a1-fibration-02-164,9.988999999999999,10.108995022950694,18,17,Point-box sums only; excludes preparation/admission/verification
ORIGINATING_CALL; may be certified by later reconciliation,,,,,1,False,5,extended20_mw16:a1-fibration-03-017,0.322,0.327301412995439,21,16,Point-box sums only; excludes preparation/admission/verification
ORIGINATING_CALL; may be certified by later reconciliation,,,,,2,False,1,extended20_mw16:a1-fibration-03-017,0.5680000000000001,0.5770950790029019,22,21,Point-box sums only; excludes preparation/admission/verification
ORIGINATING_CALL; may be certified by later reconciliation,,,,,4,False,2,extended20_mw16:a1-fibration-03-017,1.246,1.26508791197557,24,22,Point-box sums only; excludes preparation/admission/verification
ORIGINATING_CALL; may be certified by later reconciliation,,,,,6,False,2,extended20_mw16:a1-fibration-03-120,1.4929999999999999,1.5250226379721425,18,16,Point-box sums only; excludes preparation/admission/verification
ORIGINATING_CALL; may be certified by later reconciliation,,,,,8,False,1,extended20_mw16:a1-fibration-03-120,1.8379999999999999,1.883529277984053,19,18,Point-box sums only; excludes preparation/admission/verification
ORIGINATING_CALL; may be certified by later reconciliation,,,,,20,False,1,extended20_mw16:a1-fibration-03-120,4.968,5.0754974079318345,20,19,Point-box sums only; excludes preparation/admission/verification
ORIGINATING_CALL; may be certified by later reconciliation,,,,,6,False,1,extended20_mw16:a1-fibration-03-239,3.1770000000000005,3.202099378919229,17,16,Point-box sums only; excludes preparation/admission/verification
ORIGINATING_CALL; may be certified by later reconciliation,,,,,16,False,1,extended20_mw16:a1-fibration-03-239,7.391000000000001,7.466060332895722,18,17,Point-box sums only; excludes preparation/admission/verification
ORIGINATING_CALL; may be certified by later reconciliation,,,,,1,False,2,extended20_mw16:a1-fibration-03-178,0.431,0.4396020490094088,18,16,Point-box sums only; excludes preparation/admission/verification
ORIGINATING_CALL; may be certified by later reconciliation,,,,,2,False,4,extended20_mw16:a1-fibration-03-178,0.846,0.8578904480091296,22,18,Point-box sums only; excludes preparation/admission/verification
ORIGINATING_CALL; may be certified by later reconciliation,,,,,3,False,1,extended20_mw16:a1-fibration-03-178,1.24,1.259714471991174,23,22,Point-box sums only; excludes preparation/admission/verification
ORIGINATING_CALL; may be certified by later reconciliation,,,,,5,True,1,extended20_mw16:a1-fibration-03-178,2.0900000000000003,2.11896426405292,24,23,Point-box sums only; excludes preparation/admission/verification
ORIGINATING_CALL; may be certified by later reconciliation,,,,,1,False,9,extended20_mw16:a1-fibration-04-000,0.419,0.42297292698640376,25,16,Point-box sums only; excludes preparation/admission/verification
ORIGINATING_CALL; may be certified by later reconciliation,,,,,2,True,1,extended20_mw16:a1-fibration-04-000,0.71,0.7212819379637949,26,25,Point-box sums only; excludes preparation/admission/verification
ORIGINATING_CALL; may be certified by later reconciliation,,,,,1,False,9,extended20_mw16:a1-fibration-04-001,0.305,0.3090764849912375,25,16,Point-box sums only; excludes preparation/admission/verification
ORIGINATING_CALL; may be certified by later reconciliation,,,,,1,False,1,extended20_mw16:a1-fibration-04-024,0.577,0.5816288540372625,17,16,Point-box sums only; excludes preparation/admission/verification
ORIGINATING_CALL; may be certified by later reconciliation,,,,,2,False,2,extended20_mw16:a1-fibration-04-024,1.124,1.1338220220059156,19,17,Point-box sums only; excludes preparation/admission/verification
ORIGINATING_CALL; may be certified by later reconciliation,,,,,4,False,2,extended20_mw16:a1-fibration-04-024,1.995,2.0183343539829366,21,19,Point-box sums only; excludes preparation/admission/verification
ORIGINATING_CALL; may be certified by later reconciliation,,,,,10,False,1,extended20_mw16:a1-fibration-04-024,4.3919999999999995,4.454766235954594,22,21,Point-box sums only; excludes preparation/admission/verification
ORIGINATING_CALL; may be certified by later reconciliation,,,,,14,False,1,extended20_mw16:a1-fibration-04-024,6.001,6.085061913880054,23,22,Point-box sums only; excludes preparation/admission/verification
ORIGINATING_CALL; may be certified by later reconciliation,,,,,23,True,1,extended20_mw16:a1-fibration-04-024,9.487000000000002,9.60895979491761,24,23,Point-box sums only; excludes preparation/admission/verification
ORIGINATING_CALL; may be certified by later reconciliation,,,,,1,False,5,extended20_mw16:a1-fibration-04-186,0.454,0.4577251069713384,21,16,Point-box sums only; excludes preparation/admission/verification
ORIGINATING_CALL; may be certified by later reconciliation,,,,,2,False,2,extended20_mw16:a1-fibration-04-186,0.8500000000000001,0.8575005709426478,23,21,Point-box sums only; excludes preparation/admission/verification
ORIGINATING_CALL; may be certified by later reconciliation,,,,,8,True,1,extended20_mw16:a1-fibration-04-186,3.38,3.413864379923325,24,23,Point-box sums only; excludes preparation/admission/verification
ORIGINATING_CALL; may be certified by later reconciliation,,,,,1,False,8,extended20_mw16:a1-fibration-05-000,0.284,0.2923316729720682,24,16,Point-box sums only; excludes preparation/admission/verification
ORIGINATING_CALL; may be certified by later reconciliation,,,,,1,False,5,extended20_mw16:a1-fibration-05-004,0.405,0.40822857699822634,21,16,Point-box sums only; excludes preparation/admission/verification
ORIGINATING_CALL; may be certified by later reconciliation,,,,,2,False,3,extended20_mw16:a1-fibration-05-004,0.66,0.6670179610373452,24,21,Point-box sums only; excludes preparation/admission/verification
ORIGINATING_CALL; may be certified by later reconciliation,,,,,1,False,6,extended20_mw16:a1-fibration-05-010,0.45,0.4534275489859283,22,16,Point-box sums only; excludes preparation/admission/verification
ORIGINATING_CALL; may be certified by later reconciliation,,,,,1,False,3,extended20_mw16:a1-fibration-05-008,0.661,0.6650337839964777,19,16,Point-box sums only; excludes preparation/admission/verification
ORIGINATING_CALL; may be certified by later reconciliation,,,,,2,False,4,extended20_mw16:a1-fibration-05-008,0.905,0.912761131010484,23,19,Point-box sums only; excludes preparation/admission/verification
ORIGINATING_CALL; may be certified by later reconciliation,,,,,3,True,1,extended20_mw16:a1-fibration-05-008,1.465,1.4809026690199971,24,23,Point-box sums only; excludes preparation/admission/verification
ORIGINATING_CALL; may be certified by later reconciliation,,,,,1,False,2,prospective_mw16:0,,4.100075708003715,18,16,Point-box sums only; excludes preparation/admission/verification
ORIGINATING_CALL; may be certified by later reconciliation,,,,,2,False,2,prospective_mw16:0,,8.1813224790385,20,18,Point-box sums only; excludes preparation/admission/verification
ORIGINATING_CALL; may be certified by later reconciliation,,,,,3,False,3,prospective_mw16:0,,12.261374989058822,23,20,Point-box sums only; excludes preparation/admission/verification
ORIGINATING_CALL; may be certified by later reconciliation,,,,,4,True,1,prospective_mw16:0,,16.340549902059138,24,23,Point-box sums only; excludes preparation/admission/verification
ORIGINATING_CALL; may be certified by later reconciliation,,,,,1,False,2,prospective_mw16:1,,4.0971024199971,18,16,Point-box sums only; excludes preparation/admission/verification
ORIGINATING_CALL; may be certified by later reconciliation,,,,,2,False,1,prospective_mw16:1,,8.17821233504219,19,18,Point-box sums only; excludes preparation/admission/verification
ORIGINATING_CALL; may be certified by later reconciliation,,,,,5,False,1,prospective_mw16:1,,20.414306472055614,20,19,Point-box sums only; excludes preparation/admission/verification
ORIGINATING_CALL; may be certified by later reconciliation,,,,,17,False,1,prospective_mw16:1,,69.46472605521558,21,20,Point-box sums only; excludes preparation/admission/verification
ORIGINATING_CALL; may be certified by later reconciliation,,,,,1,False,1,prospective_mw16:3,,4.102943218022119,17,16,Point-box sums only; excludes preparation/admission/verification
ORIGINATING_CALL; may be certified by later reconciliation,,,,,3,False,1,prospective_mw16:3,,12.269903820066247,18,17,Point-box sums only; excludes preparation/admission/verification
ORIGINATING_CALL; may be certified by later reconciliation,,,,,11,False,1,prospective_mw16:3,,44.9343777251197,19,18,Point-box sums only; excludes preparation/admission/verification
ORIGINATING_CALL; may be certified by later reconciliation,,,,,38,False,1,prospective_mw16:3,,155.08744215109618,20,19,Point-box sums only; excludes preparation/admission/verification
ORIGINATING_CALL; may be certified by later reconciliation,,,,,1,False,8,prospective_mw16:4,,4.078489825013094,24,16,Point-box sums only; excludes preparation/admission/verification
ORIGINATING_CALL; may be certified by later reconciliation,,,,,1,False,3,prospective_mw16:5,,4.086740678991191,19,16,Point-box sums only; excludes preparation/admission/verification
ORIGINATING_CALL; may be certified by later reconciliation,,,,,2,False,1,prospective_mw16:5,,8.152387939975597,20,19,Point-box sums only; excludes preparation/admission/verification
ORIGINATING_CALL; may be certified by later reconciliation,,,,,4,False,1,prospective_mw16:5,,16.295432432962116,21,20,Point-box sums only; excludes preparation/admission/verification
ORIGINATING_CALL; may be certified by later reconciliation,,,,,14,False,1,prospective_mw16:5,,56.98181612207554,22,21,Point-box sums only; excludes preparation/admission/verification
ORIGINATING_CALL; may be certified by later reconciliation,,,,,1,False,1,prospective_mw16:6,,4.085967497958336,17,16,Point-box sums only; excludes preparation/admission/verification
ORIGINATING_CALL; may be certified by later reconciliation,,,,,7,False,1,prospective_mw16:6,,28.502245330018923,18,17,Point-box sums only; excludes preparation/admission/verification
ORIGINATING_CALL; may be certified by later reconciliation,,,,,8,False,1,prospective_mw16:6,,32.57461087801494,19,18,Point-box sums only; excludes preparation/admission/verification
ORIGINATING_CALL; may be certified by later reconciliation,,,,,29,False,1,prospective_mw16:6,,118.20022780122235,20,19,Point-box sums only; excludes preparation/admission/verification
ORIGINATING_CALL; may be certified by later reconciliation,,,,,1,False,3,prospective_mw16:8,,4.083338724973146,19,16,Point-box sums only; excludes preparation/admission/verification
ORIGINATING_CALL; may be certified by later reconciliation,,,,,2,False,1,prospective_mw16:8,,8.179168863978703,20,19,Point-box sums only; excludes preparation/admission/verification
ORIGINATING_CALL; may be certified by later reconciliation,,,,,5,False,1,prospective_mw16:8,,20.4019794340129,21,20,Point-box sums only; excludes preparation/admission/verification
ORIGINATING_CALL; may be certified by later reconciliation,,,,,10,False,1,prospective_mw16:8,,40.79497055604588,22,21,Point-box sums only; excludes preparation/admission/verification
ORIGINATING_CALL; may be certified by later reconciliation,,,,,1,False,3,prospective_mw16:9,,4.082049423013814,19,16,Point-box sums only; excludes preparation/admission/verification
ORIGINATING_CALL; may be certified by later reconciliation,,,,,2,False,3,prospective_mw16:9,,8.177616571018007,22,19,Point-box sums only; excludes preparation/admission/verification
ORIGINATING_CALL; may be certified by later reconciliation,,,,,3,False,1,prospective_mw16:9,,12.260678634047508,23,22,Point-box sums only; excludes preparation/admission/verification
ORIGINATING_CALL; may be certified by later reconciliation,,,,,4,True,1,prospective_mw16:9,,16.339033687021583,24,23,Point-box sums only; excludes preparation/admission/verification
ORIGINATING_CALL; may be certified by later reconciliation,,,,,1,False,2,prospective_mw16:10,,4.077830453985371,18,16,Point-box sums only; excludes preparation/admission/verification
ORIGINATING_CALL; may be certified by later reconciliation,,,,,6,False,1,prospective_mw16:10,,24.467702685971744,19,18,Point-box sums only; excludes preparation/admission/verification
ORIGINATING_CALL; may be certified by later reconciliation,,,,,10,False,2,prospective_mw16:10,,40.782670654938556,21,19,Point-box sums only; excludes preparation/admission/verification
ORIGINATING_CALL; may be certified by later reconciliation,,,,,29,False,1,prospective_mw16:10,,118.32184176694136,22,21,Point-box sums only; excludes preparation/admission/verification
ORIGINATING_CALL; may be certified by later reconciliation,,,,,1,False,5,prospective_mw16:11,,4.0904146659886464,21,16,Point-box sums only; excludes preparation/admission/verification
ORIGINATING_CALL; may be certified by later reconciliation,,,,,2,False,2,prospective_mw16:12,,8.144223613955546,18,16,Point-box sums only; excludes preparation/admission/verification
ORIGINATING_CALL; may be certified by later reconciliation,,,,,3,False,1,prospective_mw16:12,,12.21786610595882,19,18,Point-box sums only; excludes preparation/admission/verification
ORIGINATING_CALL; may be certified by later reconciliation,,,,,4,False,1,prospective_mw16:12,,16.302351909980644,20,19,Point-box sums only; excludes preparation/admission/verification
ORIGINATING_CALL; may be certified by later reconciliation,,,,,6,False,1,prospective_mw16:12,,24.443946525920182,21,20,Point-box sums only; excludes preparation/admission/verification
ORIGINATING_CALL; may be certified by later reconciliation,,,,,8,False,2,prospective_mw16:12,,32.58411210391205,23,21,Point-box sums only; excludes preparation/admission/verification
ORIGINATING_CALL; may be certified by later reconciliation,,,,,1,False,1,prospective_mw16:13,,4.078278389992192,17,16,Point-box sums only; excludes preparation/admission/verification
ORIGINATING_CALL; may be certified by later reconciliation,,,,,3,False,1,prospective_mw16:13,,12.225738714972977,18,17,Point-box sums only; excludes preparation/admission/verification
ORIGINATING_CALL; may be certified by later reconciliation,,,,,4,False,2,prospective_mw16:13,,16.297744164941832,20,18,Point-box sums only; excludes preparation/admission/verification
ORIGINATING_CALL; may be certified by later reconciliation,,,,,5,False,1,prospective_mw16:13,,20.372604409931228,21,20,Point-box sums only; excludes preparation/admission/verification
ORIGINATING_CALL; may be certified by later reconciliation,,,,,12,False,1,prospective_mw16:13,,48.88143631990533,22,21,Point-box sums only; excludes preparation/admission/verification
ORIGINATING_CALL; may be certified by later reconciliation,,,,,1,False,1,prospective_mw16:14,,4.07059732999187,17,16,Point-box sums only; excludes preparation/admission/verification
ORIGINATING_CALL; may be certified by later reconciliation,,,,,3,False,3,prospective_mw16:14,,12.215666128031444,20,17,Point-box sums only; excludes preparation/admission/verification
ORIGINATING_CALL; may be certified by later reconciliation,,,,,4,False,1,prospective_mw16:14,,16.286563318048138,21,20,Point-box sums only; excludes preparation/admission/verification
ORIGINATING_CALL; may be certified by later reconciliation,,,,,6,False,1,prospective_mw16:14,,24.434838582063094,22,21,Point-box sums only; excludes preparation/admission/verification
ORIGINATING_CALL; may be certified by later reconciliation,,,,,7,False,1,prospective_mw16:14,,28.506246599019505,23,22,Point-box sums only; excludes preparation/admission/verification
ORIGINATING_CALL; may be certified by later reconciliation,,,,,9,True,1,prospective_mw16:14,,36.64281423803186,24,23,Point-box sums only; excludes preparation/admission/verification
ORIGINATING_CALL; may be certified by later reconciliation,,,,,1,False,1,prospective_mw16:15,,4.092756437021308,17,16,Point-box sums only; excludes preparation/admission/verification
ORIGINATING_CALL; may be certified by later reconciliation,,,,,2,False,1,prospective_mw16:15,,8.17060512403259,18,17,Point-box sums only; excludes preparation/admission/verification
ORIGINATING_CALL; may be certified by later reconciliation,,,,,4,False,1,prospective_mw16:15,,16.349828795995563,19,18,Point-box sums only; excludes preparation/admission/verification
ORIGINATING_CALL; may be certified by later reconciliation,,,,,7,False,1,prospective_mw16:15,,28.591841279005166,20,19,Point-box sums only; excludes preparation/admission/verification
ORIGINATING_CALL; may be certified by later reconciliation,,,,,1,False,1,prospective_mw16:16,,4.086328661011066,17,16,Point-box sums only; excludes preparation/admission/verification
ORIGINATING_CALL; may be certified by later reconciliation,,,,,5,False,1,prospective_mw16:16,,20.448015917034354,18,17,Point-box sums only; excludes preparation/admission/verification
ORIGINATING_CALL; may be certified by later reconciliation,,,,,7,False,1,prospective_mw16:16,,28.67752346000634,19,18,Point-box sums only; excludes preparation/admission/verification
ORIGINATING_CALL; may be certified by later reconciliation,,,,,8,False,1,prospective_mw16:16,,32.788263555965386,20,19,Point-box sums only; excludes preparation/admission/verification
ORIGINATING_CALL; may be certified by later reconciliation,,,,,25,False,1,prospective_mw16:16,,102.26857532095164,21,20,Point-box sums only; excludes preparation/admission/verification
ORIGINATING_CALL; may be certified by later reconciliation,,,,,1,False,6,prospective_mw16:18,,4.125552379002329,22,16,Point-box sums only; excludes preparation/admission/verification
ORIGINATING_CALL; may be certified by later reconciliation,,,,,2,False,2,prospective_mw16:19,,8.210330300964415,18,16,Point-box sums only; excludes preparation/admission/verification
ORIGINATING_CALL; may be certified by later reconciliation,,,,,3,False,2,prospective_mw16:19,,12.311119361955207,20,18,Point-box sums only; excludes preparation/admission/verification
ORIGINATING_CALL; may be certified by later reconciliation,,,,,4,False,1,prospective_mw16:19,,16.4003983719158,21,20,Point-box sums only; excludes preparation/admission/verification
ORIGINATING_CALL; may be certified by later reconciliation,,,,,5,False,2,prospective_mw16:19,,20.472748091968242,23,21,Point-box sums only; excludes preparation/admission/verification
ORIGINATING_CALL; may be certified by later reconciliation,,,,,13,True,1,prospective_mw16:19,,53.05396446888335,24,23,Point-box sums only; excludes preparation/admission/verification
ORIGINATING_CALL; may be certified by later reconciliation,,,,,43,True,1,prospective_mw16:19,,175.34977437270572,25,24,Point-box sums only; excludes preparation/admission/verification
ORIGINATING_CALL; may be certified by later reconciliation,,,,,6,False,1,prospective_mw16_wide:0,,24.49525574501604,17,16,Point-box sums only; excludes preparation/admission/verification
ORIGINATING_CALL; may be certified by later reconciliation,,,,,9,False,1,prospective_mw16_wide:0,,36.76890109904343,18,17,Point-box sums only; excludes preparation/admission/verification
ORIGINATING_CALL; may be certified by later reconciliation,,,,,10,False,1,prospective_mw16_wide:0,,40.842437715036795,19,18,Point-box sums only; excludes preparation/admission/verification
ORIGINATING_CALL; may be certified by later reconciliation,,,,,24,False,1,prospective_mw16_wide:0,,97.97472165798536,20,19,Point-box sums only; excludes preparation/admission/verification
ORIGINATING_CALL; may be certified by later reconciliation,,,,,1,False,7,prospective_mw16_wide:3,,4.093501903000288,23,16,Point-box sums only; excludes preparation/admission/verification
ORIGINATING_CALL; may be certified by later reconciliation,,,,,2,True,1,prospective_mw16_wide:3,,8.16972830996383,24,23,Point-box sums only; excludes preparation/admission/verification
ORIGINATING_CALL; may be certified by later reconciliation,,,,,3,True,1,prospective_mw16_wide:3,,12.25085859693354,25,24,Point-box sums only; excludes preparation/admission/verification
ORIGINATING_CALL; may be certified by later reconciliation,,,,,1,False,8,prospective_mw16_wide:4,,4.078489825013094,24,16,Point-box sums only; excludes preparation/admission/verification
ORIGINATING_CALL; may be certified by later reconciliation,,,,,21,False,1,prospective_mw16_wide:5,,85.91441676905379,17,16,Point-box sums only; excludes preparation/admission/verification
ORIGINATING_CALL; may be certified by later reconciliation,,,,,1,False,4,prospective_mw16_wide:8,,4.106379633012693,20,16,Point-box sums only; excludes preparation/admission/verification
ORIGINATING_CALL; may be certified by later reconciliation,,,,,2,False,2,prospective_mw16_wide:8,,8.199857647006866,22,20,Point-box sums only; excludes preparation/admission/verification
ORIGINATING_CALL; may be certified by later reconciliation,,,,,3,False,2,prospective_mw16_wide:8,,12.289154047030024,24,22,Point-box sums only; excludes preparation/admission/verification
ORIGINATING_CALL; may be certified by later reconciliation,,,,,12,True,1,prospective_mw16_wide:8,,49.190251682070084,25,24,Point-box sums only; excludes preparation/admission/verification
ORIGINATING_CALL; may be certified by later reconciliation,,,,,2,False,1,prospective_mw16_wide:10,,8.173348876007367,17,16,Point-box sums only; excludes preparation/admission/verification
ORIGINATING_CALL; may be certified by later reconciliation,,,,,37,False,1,prospective_mw16_wide:10,,150.8500162739656,18,17,Point-box sums only; excludes preparation/admission/verification
ORIGINATING_CALL; may be certified by later reconciliation,,,,,9,False,1,prospective_mw16_wide:14,,36.937200616055634,17,16,Point-box sums only; excludes preparation/admission/verification
ORIGINATING_CALL; may be certified by later reconciliation,,,,,1,False,2,prospective_mw16_wide:15,,4.100075708003715,18,16,Point-box sums only; excludes preparation/admission/verification
ORIGINATING_CALL; may be certified by later reconciliation,,,,,2,False,2,prospective_mw16_wide:15,,8.1813224790385,20,18,Point-box sums only; excludes preparation/admission/verification
ORIGINATING_CALL; may be certified by later reconciliation,,,,,3,False,3,prospective_mw16_wide:15,,12.261374989058822,23,20,Point-box sums only; excludes preparation/admission/verification
ORIGINATING_CALL; may be certified by later reconciliation,,,,,4,True,1,prospective_mw16_wide:15,,16.340549902059138,24,23,Point-box sums only; excludes preparation/admission/verification
ORIGINATING_CALL; may be certified by later reconciliation,,,,,16,False,1,prospective_mw16_wide:16,,65.42538631701609,17,16,Point-box sums only; excludes preparation/admission/verification
ORIGINATING_CALL; may be certified by later reconciliation,,,,,42,False,1,prospective_mw16_wide:19,,171.5126553591108,17,16,Point-box sums only; excludes preparation/admission/verification
ORIGINATING_CALL; may be certified by later reconciliation,,,,,1,False,6,prospective_mw16_next12:0,,4.082155225973111,22,16,Point-box sums only; excludes preparation/admission/verification
ORIGINATING_CALL; may be certified by later reconciliation,,,,,1,False,2,prospective_mw16_next12:1,,4.074521359987557,18,16,Point-box sums only; excludes preparation/admission/verification
ORIGINATING_CALL; may be certified by later reconciliation,,,,,2,False,4,prospective_mw16_next12:1,,8.144652250979561,22,18,Point-box sums only; excludes preparation/admission/verification
ORIGINATING_CALL; may be certified by later reconciliation,,,,,3,False,2,prospective_mw16_next12:1,,12.212741951982025,24,22,Point-box sums only; excludes preparation/admission/verification
ORIGINATING_CALL; may be certified by later reconciliation,,,,,3,False,1,prospective_mw16_next12:4,,12.220327712013386,17,16,Point-box sums only; excludes preparation/admission/verification
ORIGINATING_CALL; may be certified by later reconciliation,,,,,7,False,1,prospective_mw16_next12:4,,28.50229624804342,18,17,Point-box sums only; excludes preparation/admission/verification
ORIGINATING_CALL; may be certified by later reconciliation,,,,,10,False,1,prospective_mw16_next12:4,,40.72083535906859,19,18,Point-box sums only; excludes preparation/admission/verification
ORIGINATING_CALL; may be certified by later reconciliation,,,,,13,False,1,prospective_mw16_next12:4,,52.93322583800182,20,19,Point-box sums only; excludes preparation/admission/verification
ORIGINATING_CALL; may be certified by later reconciliation,,,,,43,False,1,prospective_mw16_next12:5,,175.14426829403965,17,16,Point-box sums only; excludes preparation/admission/verification
ORIGINATING_CALL; may be certified by later reconciliation,,,,,1,False,5,prospective_mw16_next12:6,,4.074646509019658,21,16,Point-box sums only; excludes preparation/admission/verification
ORIGINATING_CALL; may be certified by later reconciliation,,,,,2,False,2,prospective_mw16_next12:6,,8.148228901030961,23,21,Point-box sums only; excludes preparation/admission/verification
ORIGINATING_CALL; may be certified by later reconciliation,,,,,19,False,1,prospective_mw16_next12:7,,77.3945339130587,17,16,Point-box sums only; excludes preparation/admission/verification
ORIGINATING_CALL; may be certified by later reconciliation,,,,,20,False,1,prospective_mw16_next12:7,,81.4692582700518,18,17,Point-box sums only; excludes preparation/admission/verification
ORIGINATING_CALL; may be certified by later reconciliation,,,,,2,False,1,prospective_mw16_next12:8,,8.150605593051296,17,16,Point-box sums only; excludes preparation/admission/verification
ORIGINATING_CALL; may be certified by later reconciliation,,,,,15,False,1,prospective_mw16_next12:8,,61.082353799953125,18,17,Point-box sums only; excludes preparation/admission/verification
ORIGINATING_CALL; may be certified by later reconciliation,,,,,34,False,1,prospective_mw16_next12:8,,138.57226645795163,19,18,Point-box sums only; excludes preparation/admission/verification
ORIGINATING_CALL; may be certified by later reconciliation,,,,,5,False,1,prospective_mw16_next12:9,,20.373663340928033,17,16,Point-box sums only; excludes preparation/admission/verification
ORIGINATING_CALL; may be certified by later reconciliation,,,,,7,False,1,prospective_mw16_next12:9,,28.508354219957255,18,17,Point-box sums only; excludes preparation/admission/verification
ORIGINATING_CALL; may be certified by later reconciliation,,,,,13,False,1,prospective_mw16_next12:9,,52.93297774990788,19,18,Point-box sums only; excludes preparation/admission/verification
ORIGINATING_CALL; may be certified by later reconciliation,,,,,19,False,1,prospective_mw16_next12:9,,77.36847239494091,20,19,Point-box sums only; excludes preparation/admission/verification
ORIGINATING_CALL; may be certified by later reconciliation,,,,,21,False,1,prospective_mw16_next12:9,,85.5092081099283,21,20,Point-box sums only; excludes preparation/admission/verification
ORIGINATING_CALL; may be certified by later reconciliation,,,,,27,False,1,prospective_mw16_next12:9,,110.00485430494882,22,21,Point-box sums only; excludes preparation/admission/verification
ORIGINATING_CALL; may be certified by later reconciliation,,,,,10,False,1,prospective_mw16_next12:10,,40.73952025099425,17,16,Point-box sums only; excludes preparation/admission/verification
ORIGINATING_CALL; may be certified by later reconciliation,,,,,3,False,1,prospective_mw16_next12:11,,12.207008978992235,17,16,Point-box sums only; excludes preparation/admission/verification
ORIGINATING_CALL; may be certified by later reconciliation,,,,,36,False,1,prospective_mw16_next12:11,,146.7975156858447,18,17,Point-box sums only; excludes preparation/admission/verification
ORIGINATING_CALL; may be certified by later reconciliation,,,,,1,False,6,compact_r17_wide:0,,4.0799830390024,23,17,Point-box sums only; excludes preparation/admission/verification
ORIGINATING_CALL; may be certified by later reconciliation,,,,,1,False,1,compact_r17_wide:1,,4.069223538972437,18,17,Point-box sums only; excludes preparation/admission/verification
ORIGINATING_CALL; may be certified by later reconciliation,,,,,5,False,1,compact_r17_wide:1,,20.359680595982354,19,18,Point-box sums only; excludes preparation/admission/verification
ORIGINATING_CALL; may be certified by later reconciliation,,,,,7,False,1,compact_r17_wide:1,,28.50811553397216,20,19,Point-box sums only; excludes preparation/admission/verification
ORIGINATING_CALL; may be certified by later reconciliation,,,,,1,False,5,compact_r17_wide:2,,4.085185861971695,22,17,Point-box sums only; excludes preparation/admission/verification
ORIGINATING_CALL; may be certified by later reconciliation,,,,,2,False,1,compact_r17_wide:2,,8.160399761982262,23,22,Point-box sums only; excludes preparation/admission/verification
ORIGINATING_CALL; may be certified by later reconciliation,,,,,1,False,5,compact_r17_wide:3,,4.085129375976976,22,17,Point-box sums only; excludes preparation/admission/verification
ORIGINATING_CALL; may be certified by later reconciliation,,,,,2,False,1,compact_r17_wide:3,,8.152367076952942,23,22,Point-box sums only; excludes preparation/admission/verification
ORIGINATING_CALL; may be certified by later reconciliation,,,,,3,True,2,compact_r17_wide:3,,12.218129158951342,25,23,Point-box sums only; excludes preparation/admission/verification
ORIGINATING_CALL; may be certified by later reconciliation,,,,,6,True,1,compact_r17_wide:3,,24.43293770001037,26,25,Point-box sums only; excludes preparation/admission/verification
ORIGINATING_CALL; may be certified by later reconciliation,,,,,1,False,8,compact_r17_wide:4,,4.071116573992185,25,17,Point-box sums only; excludes preparation/admission/verification
ORIGINATING_CALL; may be certified by later reconciliation,,,,,12,False,1,compact_r17_wide:5,,48.87579378997907,18,17,Point-box sums only; excludes preparation/admission/verification
ORIGINATING_CALL; may be certified by later reconciliation,,,,,22,False,1,compact_r17_wide:5,,89.61593014403479,19,18,Point-box sums only; excludes preparation/admission/verification
ORIGINATING_CALL; may be certified by later reconciliation,,,,,4,False,1,compact_r17_wide:6,,16.30433043494122,18,17,Point-box sums only; excludes preparation/admission/verification
ORIGINATING_CALL; may be certified by later reconciliation,,,,,8,False,1,compact_r17_wide:6,,32.599186898965854,19,18,Point-box sums only; excludes preparation/admission/verification
ORIGINATING_CALL; may be certified by later reconciliation,,,,,9,False,1,compact_r17_wide:6,,36.675559254945256,20,19,Point-box sums only; excludes preparation/admission/verification
ORIGINATING_CALL; may be certified by later reconciliation,,,,,20,False,1,compact_r17_wide:6,,81.54095479595708,21,20,Point-box sums only; excludes preparation/admission/verification
ORIGINATING_CALL; may be certified by later reconciliation,,,,,7,False,1,compact_r17_wide:8,,28.493575301021338,18,17,Point-box sums only; excludes preparation/admission/verification
ORIGINATING_CALL; may be certified by later reconciliation,,,,,20,False,1,compact_r17_wide:8,,81.45751195820048,19,18,Point-box sums only; excludes preparation/admission/verification
ORIGINATING_CALL; may be certified by later reconciliation,,,,,1,False,1,compact_r17_wide:9,,4.067817181989085,18,17,Point-box sums only; excludes preparation/admission/verification
ORIGINATING_CALL; may be certified by later reconciliation,,,,,4,False,1,compact_r17_wide:9,,16.295337662973907,19,18,Point-box sums only; excludes preparation/admission/verification
ORIGINATING_CALL; may be certified by later reconciliation,,,,,7,False,2,compact_r17_wide:9,,28.514327028999105,21,19,Point-box sums only; excludes preparation/admission/verification
ORIGINATING_CALL; may be certified by later reconciliation,,,,,9,False,1,compact_r17_wide:9,,36.64912991295569,22,21,Point-box sums only; excludes preparation/admission/verification
ORIGINATING_CALL; may be certified by later reconciliation,,,,,10,False,1,compact_r17_wide:9,,40.71980227896711,23,22,Point-box sums only; excludes preparation/admission/verification
ORIGINATING_CALL; may be certified by later reconciliation,,,,,18,True,1,compact_r17_wide:9,,73.29000984394224,24,23,Point-box sums only; excludes preparation/admission/verification
ORIGINATING_CALL; may be certified by later reconciliation,,,,,19,True,1,compact_r17_wide:9,,77.36098812991986,25,24,Point-box sums only; excludes preparation/admission/verification
ORIGINATING_CALL; may be certified by later reconciliation,,,,,3,False,1,compact_r17_wide:10,,12.209888212033547,18,17,Point-box sums only; excludes preparation/admission/verification
ORIGINATING_CALL; may be certified by later reconciliation,,,,,35,False,1,compact_r17_wide:10,,142.50298580515664,19,18,Point-box sums only; excludes preparation/admission/verification
ORIGINATING_CALL; may be certified by later reconciliation,,,,,37,False,1,compact_r17_wide:13,,150.74260730383685,18,17,Point-box sums only; excludes preparation/admission/verification
ORIGINATING_CALL; may be certified by later reconciliation,,,,,1,False,1,compact_r17_wide:14,,4.071421205007937,18,17,Point-box sums only; excludes preparation/admission/verification
ORIGINATING_CALL; may be certified by later reconciliation,,,,,2,False,4,compact_r17_wide:14,,8.146152289002202,22,18,Point-box sums only; excludes preparation/admission/verification
ORIGINATING_CALL; may be certified by later reconciliation,,,,,3,False,3,compact_r17_wide:14,,12.214351998001803,25,22,Point-box sums only; excludes preparation/admission/verification
ORIGINATING_CALL; may be certified by later reconciliation,,,,,19,False,1,compact_r17_wide:15,,77.39720611495432,18,17,Point-box sums only; excludes preparation/admission/verification
ORIGINATING_CALL; may be certified by later reconciliation,,,,,23,False,1,compact_r17_wide:15,,93.68947524990654,19,18,Point-box sums only; excludes preparation/admission/verification
ORIGINATING_CALL; may be certified by later reconciliation,,,,,5,False,1,compact_r17_wide:16,,20.36447211104678,18,17,Point-box sums only; excludes preparation/admission/verification
ORIGINATING_CALL; may be certified by later reconciliation,,,,,32,False,1,compact_r17_wide:16,,130.2904811538756,19,18,Point-box sums only; excludes preparation/admission/verification
ORIGINATING_CALL; may be certified by later reconciliation,,,,,1,False,1,compact_r17_wide:17,,4.118979214981664,18,17,Point-box sums only; excludes preparation/admission/verification
ORIGINATING_CALL; may be certified by later reconciliation,,,,,4,False,1,compact_r17_wide:17,,16.333441211958416,19,18,Point-box sums only; excludes preparation/admission/verification
ORIGINATING_CALL; may be certified by later reconciliation,,,,,9,False,1,compact_r17_wide:17,,36.70901051693363,20,19,Point-box sums only; excludes preparation/admission/verification
ORIGINATING_CALL; may be certified by later reconciliation,,,,,4,False,1,compact_r17_wide:18,,16.302352857019287,18,17,Point-box sums only; excludes preparation/admission/verification
ORIGINATING_CALL; may be certified by later reconciliation,,,,,4,False,1,compact_r17_wide:20,,16.28699480596697,18,17,Point-box sums only; excludes preparation/admission/verification
ORIGINATING_CALL; may be certified by later reconciliation,,,,,5,False,1,compact_r17_wide:20,,20.35984594997717,19,18,Point-box sums only; excludes preparation/admission/verification
ORIGINATING_CALL; may be certified by later reconciliation,,,,,8,False,2,compact_r17_wide:20,,32.583386570971925,21,19,Point-box sums only; excludes preparation/admission/verification
ORIGINATING_CALL; may be certified by later reconciliation,,,,,9,False,1,compact_r17_wide:20,,36.66154468100285,22,21,Point-box sums only; excludes preparation/admission/verification
ORIGINATING_CALL; may be certified by later reconciliation,,,,,1,False,7,compact_r17_wide:21,,4.0695756310014986,24,17,Point-box sums only; excludes preparation/admission/verification
ORIGINATING_CALL; may be certified by later reconciliation,,,,,1,False,5,fresh_r17_paired:074d9-004,0.489,0.4951109010144137,22,17,Point-box sums only; excludes preparation/admission/verification
ORIGINATING_CALL; may be certified by later reconciliation,,,,,23,False,1,fresh_r17_paired:074d9-005,10.771999999999998,10.893104273010977,18,17,Point-box sums only; excludes preparation/admission/verification
ORIGINATING_CALL; may be certified by later reconciliation,,,,,1,False,1,fresh_r17_paired:074d9-007,0.414,0.41923387796850875,18,17,Point-box sums only; excludes preparation/admission/verification
ORIGINATING_CALL; may be certified by later reconciliation,,,,,2,False,1,fresh_r17_paired:074d9-007,0.8919999999999999,0.9010365179856308,19,18,Point-box sums only; excludes preparation/admission/verification
ORIGINATING_CALL; may be certified by later reconciliation,,,,,5,False,1,fresh_r17_paired:074d9-007,2.028,2.056491671013646,20,19,Point-box sums only; excludes preparation/admission/verification
ORIGINATING_CALL; may be certified by later reconciliation,,,,,8,False,1,fresh_r17_paired:074d9-007,2.8449999999999998,2.888664942001924,21,20,Point-box sums only; excludes preparation/admission/verification
ORIGINATING_CALL; may be certified by later reconciliation,,,,,11,False,1,fresh_r17_paired:074d9-007,4.4399999999999995,4.495354881044477,22,21,Point-box sums only; excludes preparation/admission/verification
ORIGINATING_CALL; may be certified by later reconciliation,,,,,12,False,1,fresh_r17_paired:074d9-007,4.89,4.953129763074685,23,22,Point-box sums only; excludes preparation/admission/verification
ORIGINATING_CALL; may be certified by later reconciliation,,,,,13,True,1,fresh_r17_paired:074d9-007,5.223,5.296613481128588,24,23,Point-box sums only; excludes preparation/admission/verification
ORIGINATING_CALL; may be certified by later reconciliation,,,,,14,True,2,fresh_r17_paired:074d9-007,5.58,5.6575507100787945,26,24,Point-box sums only; excludes preparation/admission/verification
ORIGINATING_CALL; may be certified by later reconciliation,,,,,24,True,1,fresh_r17_paired:074d9-007,9.434000000000001,9.56069019914139,27,26,Point-box sums only; excludes preparation/admission/verification
ORIGINATING_CALL; may be certified by later reconciliation,,,,,2,False,3,fresh_r17_paired:074d9-017,0.9259999999999999,0.9328255209838971,20,17,Point-box sums only; excludes preparation/admission/verification
ORIGINATING_CALL; may be certified by later reconciliation,,,,,5,False,1,fresh_r17_paired:074d9-017,2.243,2.266111744043883,21,20,Point-box sums only; excludes preparation/admission/verification
ORIGINATING_CALL; may be certified by later reconciliation,,,,,7,False,1,fresh_r17_paired:074d9-017,3.292,3.3233199969981797,22,21,Point-box sums only; excludes preparation/admission/verification
ORIGINATING_CALL; may be certified by later reconciliation,,,,,8,False,1,fresh_r17_paired:074d9-017,3.8859999999999997,3.9207512750290334,23,22,Point-box sums only; excludes preparation/admission/verification
ORIGINATING_CALL; may be certified by later reconciliation,,,,,9,True,1,fresh_r17_paired:074d9-017,4.342,4.379714609065559,24,23,Point-box sums only; excludes preparation/admission/verification
ORIGINATING_CALL; may be certified by later reconciliation,,,,,13,True,1,fresh_r17_paired:074d9-017,5.941,5.997897718974855,25,24,Point-box sums only; excludes preparation/admission/verification
ORIGINATING_CALL; may be certified by later reconciliation,,,,,14,True,1,fresh_r17_paired:074d9-017,6.247,6.307873808953445,26,25,Point-box sums only; excludes preparation/admission/verification
ORIGINATING_CALL; may be certified by later reconciliation,,,,,15,False,1,fresh_r17_paired:07ca9-005,5.612000000000001,5.686368983297143,18,17,Point-box sums only; excludes preparation/admission/verification
ORIGINATING_CALL; may be certified by later reconciliation,,,,,22,False,1,fresh_r17_paired:07ca9-005,8.240000000000002,8.349274687236175,19,18,Point-box sums only; excludes preparation/admission/verification
ORIGINATING_CALL; may be certified by later reconciliation,,,,,27,False,1,fresh_r17_paired:07ca9-005,10.146,10.276626226201188,20,19,Point-box sums only; excludes preparation/admission/verification
ORIGINATING_CALL; may be certified by later reconciliation,,,,,32,False,1,fresh_r17_paired:07ca9-005,12.153,12.30484032514505,21,20,Point-box sums only; excludes preparation/admission/verification
ORIGINATING_CALL; may be certified by later reconciliation,,,,,36,False,1,fresh_r17_paired:07ca9-005,13.611,13.785780292062555,22,21,Point-box sums only; excludes preparation/admission/verification
ORIGINATING_CALL; may be certified by later reconciliation,,,,,1,False,7,fresh_r17_paired:07ca9-025,0.236,0.2393859819858335,24,17,Point-box sums only; excludes preparation/admission/verification
ORIGINATING_CALL; may be certified by later reconciliation,,,,,2,True,2,fresh_r17_paired:07ca9-025,0.571,0.5778978249873035,26,24,Point-box sums only; excludes preparation/admission/verification
ORIGINATING_CALL; may be certified by later reconciliation,,,,,1,False,7,fresh_r17_paired:08234-015,0.221,0.22632192802848294,24,17,Point-box sums only; excludes preparation/admission/verification
ORIGINATING_CALL; may be certified by later reconciliation,,,,,2,True,1,fresh_r17_paired:08234-015,0.375,0.3874057939974591,25,24,Point-box sums only; excludes preparation/admission/verification
ORIGINATING_CALL; may be certified by later reconciliation,,,,,1,False,1,fresh_r17_paired:08234-037,0.496,0.49980268703075126,18,17,Point-box sums only; excludes preparation/admission/verification
ORIGINATING_CALL; may be certified by later reconciliation,,,,,3,False,1,fresh_r17_paired:08234-037,1.175,1.1890980900498107,19,18,Point-box sums only; excludes preparation/admission/verification
ORIGINATING_CALL; may be certified by later reconciliation,,,,,4,False,1,fresh_r17_paired:08234-037,1.5390000000000001,1.5585395130328834,20,19,Point-box sums only; excludes preparation/admission/verification
ORIGINATING_CALL; may be certified by later reconciliation,,,,,13,False,1,fresh_r17_paired:08234-037,4.469,4.531356111983769,21,20,Point-box sums only; excludes preparation/admission/verification
ORIGINATING_CALL; may be certified by later reconciliation,,,,,15,False,2,fresh_r17_paired:08234-037,5.220000000000001,5.290276504936628,23,21,Point-box sums only; excludes preparation/admission/verification
ORIGINATING_CALL; may be certified by later reconciliation,,,,,1,False,6,fresh_r17_paired:08f72-009,0.426,0.4297674029949121,23,17,Point-box sums only; excludes preparation/admission/verification
ORIGINATING_CALL; may be certified by later reconciliation,,,,,1,False,6,fresh_r17_paired:08f72-070,0.492,0.4960114900022745,23,17,Point-box sums only; excludes preparation/admission/verification
ORIGINATING_CALL; may be certified by later reconciliation,,,,,2,True,2,fresh_r17_paired:08f72-070,0.745,0.7527181229670532,25,23,Point-box sums only; excludes preparation/admission/verification
ORIGINATING_CALL; may be certified by later reconciliation,,,,,4,False,1,fresh_r17_paired:103b2-004,1.5630000000000002,1.5835831690346822,18,17,Point-box sums only; excludes preparation/admission/verification
ORIGINATING_CALL; may be certified by later reconciliation,,,,,6,False,1,fresh_r17_paired:103b2-004,2.1540000000000004,2.1879330659867264,19,18,Point-box sums only; excludes preparation/admission/verification
ORIGINATING_CALL; may be certified by later reconciliation,,,,,21,False,1,fresh_r17_paired:103b2-004,8.048,8.161106281040702,20,19,Point-box sums only; excludes preparation/admission/verification
ORIGINATING_CALL; may be certified by later reconciliation,,,,,30,False,1,fresh_r17_paired:103b2-004,11.778000000000002,11.929212010116316,21,20,Point-box sums only; excludes preparation/admission/verification
ORIGINATING_CALL; may be certified by later reconciliation,,,,,1,False,1,fresh_r17_paired:103b2-026,0.436,0.43978330498794094,18,17,Point-box sums only; excludes preparation/admission/verification
ORIGINATING_CALL; may be certified by later reconciliation,,,,,3,False,3,fresh_r17_paired:103b2-026,1.241,1.257236481003929,21,18,Point-box sums only; excludes preparation/admission/verification
ORIGINATING_CALL; may be certified by later reconciliation,,,,,5,False,3,fresh_r17_paired:103b2-026,2.1390000000000002,2.164251635025721,24,21,Point-box sums only; excludes preparation/admission/verification
ORIGINATING_CALL; may be certified by later reconciliation,,,,,3,False,1,fresh_r17_paired:103b2-062,0.7489999999999999,0.7632205359986983,18,17,Point-box sums only; excludes preparation/admission/verification
ORIGINATING_CALL; may be certified by later reconciliation,,,,,5,False,1,fresh_r17_paired:103b2-062,1.5679999999999998,1.5928430890198797,19,18,Point-box sums only; excludes preparation/admission/verification
ORIGINATING_CALL; may be certified by later reconciliation,,,,,10,False,1,fresh_r17_paired:103b2-062,3.1409999999999996,3.188461725076195,20,19,Point-box sums only; excludes preparation/admission/verification
ORIGINATING_CALL; may be certified by later reconciliation,,,,,12,False,1,fresh_r17_paired:103b2-062,3.88,3.966455736081116,21,20,Point-box sums only; excludes preparation/admission/verification
ORIGINATING_CALL; may be certified by later reconciliation,,,,,14,False,1,fresh_r17_paired:103b2-062,4.611999999999999,4.720111354079563,22,21,Point-box sums only; excludes preparation/admission/verification
ORIGINATING_CALL; may be certified by later reconciliation,,,,,15,False,2,fresh_r17_paired:103b2-062,5.175999999999999,5.29348628007574,24,22,Point-box sums only; excludes preparation/admission/verification
ORIGINATING_CALL; may be certified by later reconciliation,,,,,1,False,1,fresh_r17_paired:11952-010,0.471,0.47593015199527144,18,17,Point-box sums only; excludes preparation/admission/verification
ORIGINATING_CALL; may be certified by later reconciliation,,,,,2,False,2,fresh_r17_paired:11952-010,0.728,0.7375570219592191,20,18,Point-box sums only; excludes preparation/admission/verification
ORIGINATING_CALL; may be certified by later reconciliation,,,,,3,False,2,fresh_r17_paired:11952-010,1.144,1.16059378196951,22,20,Point-box sums only; excludes preparation/admission/verification
ORIGINATING_CALL; may be certified by later reconciliation,,,,,5,False,1,fresh_r17_paired:11952-010,2.057,2.0818179629859515,23,22,Point-box sums only; excludes preparation/admission/verification
ORIGINATING_CALL; may be certified by later reconciliation,,,,,6,True,1,fresh_r17_paired:11952-010,2.314,2.3424163759918883,24,23,Point-box sums only; excludes preparation/admission/verification
ORIGINATING_CALL; may be certified by later reconciliation,,,,,8,True,1,fresh_r17_paired:11952-010,3.104,3.1423540670075454,25,24,Point-box sums only; excludes preparation/admission/verification
ORIGINATING_CALL; may be certified by later reconciliation,,,,,9,True,1,fresh_r17_paired:11952-010,3.632,3.6742675220011733,26,25,Point-box sums only; excludes preparation/admission/verification
ORIGINATING_CALL; may be certified by later reconciliation,,,,,15,True,1,fresh_r17_paired:11952-010,6.253000000000001,6.326090321061201,27,26,Point-box sums only; excludes preparation/admission/verification
ORIGINATING_CALL; may be certified by later reconciliation,,,,,1,False,1,fresh_r17_paired:11952-048,0.458,0.461425777990371,18,17,Point-box sums only; excludes preparation/admission/verification
ORIGINATING_CALL; may be certified by later reconciliation,,,,,3,False,3,fresh_r17_paired:11952-048,1.246,1.2614772800006904,21,18,Point-box sums only; excludes preparation/admission/verification
ORIGINATING_CALL; may be certified by later reconciliation,,,,,4,False,2,fresh_r17_paired:11952-048,1.817,1.8375619029975496,23,21,Point-box sums only; excludes preparation/admission/verification
ORIGINATING_CALL; may be certified by later reconciliation,,,,,9,True,1,fresh_r17_paired:11952-048,3.705,3.75166135688778,24,23,Point-box sums only; excludes preparation/admission/verification
ORIGINATING_CALL; may be certified by later reconciliation,,,,,44,True,1,fresh_r17_paired:11952-048,18.313,18.53577305370709,25,24,Point-box sums only; excludes preparation/admission/verification
ORIGINATING_CALL; may be certified by later reconciliation,,,,,51,False,1,high-rank-foundry-v1-v3:f-0186569f6ad2fb5fa68b,,,18,17,
ORIGINATING_CALL; may be certified by later reconciliation,,,,,126,False,1,high-rank-foundry-v1-v3:f-0186569f6ad2fb5fa68b,,,19,18,
ORIGINATING_CALL; may be certified by later reconciliation,,,,,139,False,1,high-rank-foundry-v1-v3:f-0186569f6ad2fb5fa68b,,,20,19,
ORIGINATING_CALL; may be certified by later reconciliation,,,,,71,False,1,high-rank-foundry-v1-v3:f-018c6222d01c370d43e2,,,18,17,
ORIGINATING_CALL; may be certified by later reconciliation,,,,,1,False,2,high-rank-foundry-v1-v3:f-03add51893e8b42ea2e6,,,19,17,
ORIGINATING_CALL; may be certified by later reconciliation,,,,,2,False,3,high-rank-foundry-v1-v3:f-03add51893e8b42ea2e6,,,22,19,
ORIGINATING_CALL; may be certified by later reconciliation,,,,,5,False,1,high-rank-foundry-v1-v3:f-03add51893e8b42ea2e6,,,23,22,
ORIGINATING_CALL; may be certified by later reconciliation,,,,,6,True,2,high-rank-foundry-v1-v3:f-03add51893e8b42ea2e6,,,25,23,
ORIGINATING_CALL; may be certified by later reconciliation,,,,,3,False,1,high-rank-foundry-v1-v3:f-0421e3a805de96ee6ab6,,,18,17,
ORIGINATING_CALL; may be certified by later reconciliation,,,,,8,False,1,high-rank-foundry-v1-v3:f-0421e3a805de96ee6ab6,,,19,18,
ORIGINATING_CALL; may be certified by later reconciliation,,,,,11,False,1,high-rank-foundry-v1-v3:f-0421e3a805de96ee6ab6,,,20,19,
ORIGINATING_CALL; may be certified by later reconciliation,,,,,14,False,2,high-rank-foundry-v1-v3:f-0421e3a805de96ee6ab6,,,22,20,
ORIGINATING_CALL; may be certified by later reconciliation,,,,,1,False,1,high-rank-foundry-v1-v3:f-04b624273a710e7c9b2e,,,18,17,
ORIGINATING_CALL; may be certified by later reconciliation,,,,,10,False,1,high-rank-foundry-v1-v3:f-04b624273a710e7c9b2e,,,19,18,
ORIGINATING_CALL; may be certified by later reconciliation,,,,,189,False,1,high-rank-foundry-v1-v3:f-04b624273a710e7c9b2e,,,20,19,
ORIGINATING_CALL; may be certified by later reconciliation,,,,,348,False,1,high-rank-foundry-v1-v3:f-04b624273a710e7c9b2e,,,21,20,
ORIGINATING_CALL; may be certified by later reconciliation,,,,,397,False,1,high-rank-foundry-v1-v3:f-04b624273a710e7c9b2e,,,22,21,
ORIGINATING_CALL; may be certified by later reconciliation,,,,,418,False,1,high-rank-foundry-v1-v3:f-04b624273a710e7c9b2e,,,23,22,
ORIGINATING_CALL; may be certified by later reconciliation,,,,,451,True,1,high-rank-foundry-v1-v3:f-04b624273a710e7c9b2e,,,24,23,
ORIGINATING_CALL; may be certified by later reconciliation,,,,,1,False,5,high-rank-foundry-v1-v3:f-04ccd79d2ae991a851a6,,,22,17,
ORIGINATING_CALL; may be certified by later reconciliation,,,,,6,False,1,high-rank-foundry-v1-v3:f-04ccd79d2ae991a851a6,,,23,22,
ORIGINATING_CALL; may be certified by later reconciliation,,,,,5,False,1,high-rank-foundry-v1-v3:f-05d94e56ef660cdf5be9,,,18,17,
ORIGINATING_CALL; may be certified by later reconciliation,,,,,47,False,1,high-rank-foundry-v1-v3:f-05d94e56ef660cdf5be9,,,19,18,
ORIGINATING_CALL; may be certified by later reconciliation,,,,,52,False,1,high-rank-foundry-v1-v3:f-05d94e56ef660cdf5be9,,,20,19,
ORIGINATING_CALL; may be certified by later reconciliation,,,,,137,False,1,high-rank-foundry-v1-v3:f-05d94e56ef660cdf5be9,,,21,20,
ORIGINATING_CALL; may be certified by later reconciliation,,,,,156,False,1,high-rank-foundry-v1-v3:f-05d94e56ef660cdf5be9,,,22,21,
ORIGINATING_CALL; may be certified by later reconciliation,,,,,241,False,1,high-rank-foundry-v1-v3:f-05d94e56ef660cdf5be9,,,23,22,
ORIGINATING_CALL; may be certified by later reconciliation,,,,,3,False,1,high-rank-foundry-v1-v3:f-0641c5872bc4a1bda8df,,,18,17,
ORIGINATING_CALL; may be certified by later reconciliation,,,,,11,False,1,high-rank-foundry-v1-v3:f-06e8f26de6f617ed1865,,,18,17,
ORIGINATING_CALL; may be certified by later reconciliation,,,,,84,False,1,high-rank-foundry-v1-v3:f-06e8f26de6f617ed1865,,,19,18,
ORIGINATING_CALL; may be certified by later reconciliation,,,,,117,False,1,high-rank-foundry-v1-v3:f-06e8f26de6f617ed1865,,,20,19,
ORIGINATING_CALL; may be certified by later reconciliation,,,,,143,False,1,high-rank-foundry-v1-v3:f-06e8f26de6f617ed1865,,,21,20,
ORIGINATING_CALL; may be certified by later reconciliation,,,,,17,False,1,high-rank-foundry-v1-v3:f-07d0c41d2f93185594f1,,,18,17,
ORIGINATING_CALL; may be certified by later reconciliation,,,,,88,False,1,high-rank-foundry-v1-v3:f-07d0c41d2f93185594f1,,,19,18,
ORIGINATING_CALL; may be certified by later reconciliation,,,,,27,False,1,high-rank-foundry-v1-v3:f-080e94c2e1ccb6b6daab,,,18,17,
ORIGINATING_CALL; may be certified by later reconciliation,,,,,52,False,1,high-rank-foundry-v1-v3:f-080e94c2e1ccb6b6daab,,,19,18,
ORIGINATING_CALL; may be certified by later reconciliation,,,,,59,False,1,high-rank-foundry-v1-v3:f-080e94c2e1ccb6b6daab,,,20,19,
ORIGINATING_CALL; may be certified by later reconciliation,,,,,62,False,1,high-rank-foundry-v1-v3:f-080e94c2e1ccb6b6daab,,,21,20,
ORIGINATING_CALL; may be certified by later reconciliation,,,,,65,False,1,high-rank-foundry-v1-v3:f-080e94c2e1ccb6b6daab,,,22,21,
ORIGINATING_CALL; may be certified by later reconciliation,,,,,6,False,1,high-rank-foundry-v1-v3:f-081594c1a920fc732e65,,,18,17,
ORIGINATING_CALL; may be certified by later reconciliation,,,,,7,False,1,high-rank-foundry-v1-v3:f-081594c1a920fc732e65,,,19,18,
ORIGINATING_CALL; may be certified by later reconciliation,,,,,42,False,1,high-rank-foundry-v1-v3:f-081594c1a920fc732e65,,,20,19,
ORIGINATING_CALL; may be certified by later reconciliation,,,,,43,False,1,high-rank-foundry-v1-v3:f-081594c1a920fc732e65,,,21,20,
ORIGINATING_CALL; may be certified by later reconciliation,,,,,66,False,1,high-rank-foundry-v1-v3:f-081594c1a920fc732e65,,,22,21,
ORIGINATING_CALL; may be certified by later reconciliation,,,,,3,False,1,high-rank-foundry-v1-v3:f-081719e7b113e214ed75,,,18,17,
ORIGINATING_CALL; may be certified by later reconciliation,,,,,7,False,1,high-rank-foundry-v1-v3:f-081719e7b113e214ed75,,,19,18,
ORIGINATING_CALL; may be certified by later reconciliation,,,,,20,False,1,high-rank-foundry-v1-v3:f-081719e7b113e214ed75,,,20,19,
ORIGINATING_CALL; may be certified by later reconciliation,,,,,31,False,1,high-rank-foundry-v1-v3:f-081719e7b113e214ed75,,,21,20,
ORIGINATING_CALL; may be certified by later reconciliation,,,,,38,False,1,high-rank-foundry-v1-v3:f-081719e7b113e214ed75,,,22,21,
ORIGINATING_CALL; may be certified by later reconciliation,,,,,73,False,1,high-rank-foundry-v1-v3:f-081719e7b113e214ed75,,,23,22,
ORIGINATING_CALL; may be certified by later reconciliation,,,,,1,False,1,high-rank-foundry-v1-v3:f-0840ec5e8add35c2871c,,,18,17,
ORIGINATING_CALL; may be certified by later reconciliation,,,,,55,False,1,high-rank-foundry-v1-v3:f-0940a1a2c2c463618174,,,18,17,
ORIGINATING_CALL; may be certified by later reconciliation,,,,,58,False,1,high-rank-foundry-v1-v3:f-0940a1a2c2c463618174,,,19,18,
ORIGINATING_CALL; may be certified by later reconciliation,,,,,1,False,1,high-rank-foundry-v1-v3:f-097bf9b8c653083a31cc,,,18,17,
ORIGINATING_CALL; may be certified by later reconciliation,,,,,2,False,1,high-rank-foundry-v1-v3:f-097bf9b8c653083a31cc,,,19,18,
ORIGINATING_CALL; may be certified by later reconciliation,,,,,9,False,1,high-rank-foundry-v1-v3:f-097bf9b8c653083a31cc,,,20,19,
ORIGINATING_CALL; may be certified by later reconciliation,,,,,22,False,1,high-rank-foundry-v1-v3:f-097bf9b8c653083a31cc,,,21,20,
ORIGINATING_CALL; may be certified by later reconciliation,,,,,15,False,1,high-rank-foundry-v1-v3:f-09a1a01a93bddc0e4724,,,18,17,
ORIGINATING_CALL; may be certified by later reconciliation,,,,,56,False,1,high-rank-foundry-v1-v3:f-09a1a01a93bddc0e4724,,,19,18,
ORIGINATING_CALL; may be certified by later reconciliation,,,,,9,False,1,high-rank-foundry-v1-v3:f-09fd24e340dd5755e8a3,,,18,17,
ORIGINATING_CALL; may be certified by later reconciliation,,,,,29,False,1,high-rank-foundry-v1-v3:f-09fd24e340dd5755e8a3,,,19,18,
ORIGINATING_CALL; may be certified by later reconciliation,,,,,32,False,1,high-rank-foundry-v1-v3:f-09fd24e340dd5755e8a3,,,20,19,
ORIGINATING_CALL; may be certified by later reconciliation,,,,,95,False,1,high-rank-foundry-v1-v3:f-09fd24e340dd5755e8a3,,,21,20,
ORIGINATING_CALL; may be certified by later reconciliation,,,,,71,False,1,high-rank-foundry-v1-v3:f-0a39eb2535efacc9a1b2,,,18,17,
ORIGINATING_CALL; may be certified by later reconciliation,,,,,5,False,1,high-rank-foundry-v1-v3:f-0a8e7e0b40b01f9805d4,,,18,17,
ORIGINATING_CALL; may be certified by later reconciliation,,,,,6,False,2,high-rank-foundry-v1-v3:f-0a8e7e0b40b01f9805d4,,,20,18,
ORIGINATING_CALL; may be certified by later reconciliation,,,,,21,False,1,high-rank-foundry-v1-v3:f-0a8e7e0b40b01f9805d4,,,21,20,
ORIGINATING_CALL; may be certified by later reconciliation,,,,,44,False,1,high-rank-foundry-v1-v3:f-0a8e7e0b40b01f9805d4,,,22,21,
ORIGINATING_CALL; may be certified by later reconciliation,,,,,45,False,1,high-rank-foundry-v1-v3:f-0a8e7e0b40b01f9805d4,,,23,22,
ORIGINATING_CALL; may be certified by later reconciliation,,,,,56,True,1,high-rank-foundry-v1-v3:f-0a8e7e0b40b01f9805d4,,,24,23,
ORIGINATING_CALL; may be certified by later reconciliation,,,,,3,False,1,high-rank-foundry-v1-v3:f-0ad09ebd230e94b93024,,,18,17,
ORIGINATING_CALL; may be certified by later reconciliation,,,,,70,False,2,high-rank-foundry-v1-v3:f-0ad09ebd230e94b93024,,,20,18,
ORIGINATING_CALL; may be certified by later reconciliation,,,,,95,False,1,high-rank-foundry-v1-v3:f-0ad09ebd230e94b93024,,,21,20,
ORIGINATING_CALL; may be certified by later reconciliation,,,,,206,False,1,high-rank-foundry-v1-v3:f-0ad09ebd230e94b93024,,,22,21,
ORIGINATING_CALL; may be certified by later reconciliation,,,,,429,False,1,high-rank-foundry-v1-v3:f-0ad09ebd230e94b93024,,,23,22,
ORIGINATING_CALL; may be certified by later reconciliation,,,,,1,False,2,high-rank-foundry-v1-v3:f-0be888cf525921a37fc2,,,19,17,
ORIGINATING_CALL; may be certified by later reconciliation,,,,,82,False,1,high-rank-foundry-v1-v3:f-0be888cf525921a37fc2,,,20,19,
ORIGINATING_CALL; may be certified by later reconciliation,,,,,1,False,1,high-rank-foundry-v1-v3:f-0c02bb0dc14305a7c542,,,18,17,
ORIGINATING_CALL; may be certified by later reconciliation,,,,,1,False,1,high-rank-foundry-v1-v3:f-0c9855968f3d1c86247b,,,18,17,
ORIGINATING_CALL; may be certified by later reconciliation,,,,,4,False,1,high-rank-foundry-v1-v3:f-0c9855968f3d1c86247b,,,19,18,
ORIGINATING_CALL; may be certified by later reconciliation,,,,,17,False,1,high-rank-foundry-v1-v3:f-0c9855968f3d1c86247b,,,20,19,
ORIGINATING_CALL; may be certified by later reconciliation,,,,,84,False,1,high-rank-foundry-v1-v3:f-0c9855968f3d1c86247b,,,21,20,
ORIGINATING_CALL; may be certified by later reconciliation,,,,,11,False,1,high-rank-foundry-v1-v3:f-0c9aeb27e67704655ed0,,,18,17,
ORIGINATING_CALL; may be certified by later reconciliation,,,,,1,False,1,high-rank-foundry-v1-v3:f-0cdb323cc787c32547c3,,,18,17,
ORIGINATING_CALL; may be certified by later reconciliation,,,,,1,False,1,high-rank-foundry-v1-v3:f-0d51bb584fd1c1b95dd9,,,18,17,
ORIGINATING_CALL; may be certified by later reconciliation,,,,,3,False,1,high-rank-foundry-v1-v3:f-0d6d67c01dd4115b0bea,,,18,17,
ORIGINATING_CALL; may be certified by later reconciliation,,,,,26,False,1,high-rank-foundry-v1-v3:f-0d6d67c01dd4115b0bea,,,19,18,
ORIGINATING_CALL; may be certified by later reconciliation,,,,,33,False,1,high-rank-foundry-v1-v3:f-0d6d67c01dd4115b0bea,,,20,19,
ORIGINATING_CALL; may be certified by later reconciliation,,,,,124,False,1,high-rank-foundry-v1-v3:f-0d6d67c01dd4115b0bea,,,21,20,
ORIGINATING_CALL; may be certified by later reconciliation,,,,,145,False,1,high-rank-foundry-v1-v3:f-0d6d67c01dd4115b0bea,,,22,21,
ORIGINATING_CALL; may be certified by later reconciliation,,,,,1,False,3,high-rank-foundry-v1-v3:f-0e0d4c1412d2f96b4497,,,20,17,
ORIGINATING_CALL; may be certified by later reconciliation,,,,,52,False,1,high-rank-foundry-v1-v3:f-0e6cdc26a8c3b7d703e7,,,18,17,
ORIGINATING_CALL; may be certified by later reconciliation,,,,,1,False,5,high-rank-foundry-v1-v3:f-0f75c480469f7f0756c9,,,22,17,
ORIGINATING_CALL; may be certified by later reconciliation,,,,,2,False,1,high-rank-foundry-v1-v3:f-0f75c480469f7f0756c9,,,23,22,
ORIGINATING_CALL; may be certified by later reconciliation,,,,,3,False,1,high-rank-foundry-v1-v3:f-0fddb343f41f2a718b30,,,18,17,
ORIGINATING_CALL; may be certified by later reconciliation,,,,,8,False,1,high-rank-foundry-v1-v3:f-0fddb343f41f2a718b30,,,19,18,
ORIGINATING_CALL; may be certified by later reconciliation,,,,,33,False,1,high-rank-foundry-v1-v3:f-0fddb343f41f2a718b30,,,20,19,
ORIGINATING_CALL; may be certified by later reconciliation,,,,,23,False,1,high-rank-foundry-v1-v3:f-106049e3c5161b8e5dd7,,,18,17,
ORIGINATING_CALL; may be certified by later reconciliation,,,,,26,False,1,high-rank-foundry-v1-v3:f-106049e3c5161b8e5dd7,,,19,18,
ORIGINATING_CALL; may be certified by later reconciliation,,,,,65,False,1,high-rank-foundry-v1-v3:f-106049e3c5161b8e5dd7,,,20,19,
ORIGINATING_CALL; may be certified by later reconciliation,,,,,74,False,1,high-rank-foundry-v1-v3:f-106049e3c5161b8e5dd7,,,21,20,
ORIGINATING_CALL; may be certified by later reconciliation,,,,,77,False,1,high-rank-foundry-v1-v3:f-106049e3c5161b8e5dd7,,,22,21,
ORIGINATING_CALL; may be certified by later reconciliation,,,,,82,False,1,high-rank-foundry-v1-v3:f-106049e3c5161b8e5dd7,,,23,22,
ORIGINATING_CALL; may be certified by later reconciliation,,,,,1,False,1,high-rank-foundry-v1-v3:f-106c5494077b51003368,,,18,17,
ORIGINATING_CALL; may be certified by later reconciliation,,,,,15,False,1,high-rank-foundry-v1-v3:f-10946479573c4e788c41,,,18,17,
ORIGINATING_CALL; may be certified by later reconciliation,,,,,18,False,1,high-rank-foundry-v1-v3:f-10946479573c4e788c41,,,19,18,
ORIGINATING_CALL; may be certified by later reconciliation,,,,,25,False,1,high-rank-foundry-v1-v3:f-10946479573c4e788c41,,,20,19,
ORIGINATING_CALL; may be certified by later reconciliation,,,,,130,False,1,high-rank-foundry-v1-v3:f-10946479573c4e788c41,,,21,20,
ORIGINATING_CALL; may be certified by later reconciliation,,,,,75,False,1,high-rank-foundry-v1-v3:f-10d2d8cddacab2f11817,,,18,17,
ORIGINATING_CALL; may be certified by later reconciliation,,,,,55,False,1,high-rank-foundry-v1-v3:f-114ecf6f96177ac15c42,,,18,17,
ORIGINATING_CALL; may be certified by later reconciliation,,,,,1,False,2,high-rank-foundry-v1-v3:f-11689dec2508ac0e0229,,,19,17,
ORIGINATING_CALL; may be certified by later reconciliation,,,,,4,False,1,high-rank-foundry-v1-v3:f-11689dec2508ac0e0229,,,20,19,
ORIGINATING_CALL; may be certified by later reconciliation,,,,,5,False,1,high-rank-foundry-v1-v3:f-119fe899ee0a340e7f6b,,,18,17,
ORIGINATING_CALL; may be certified by later reconciliation,,,,,1,False,3,high-rank-foundry-v1-v3:f-120531df562b9cce1d77,,,20,17,
ORIGINATING_CALL; may be certified by later reconciliation,,,,,2,False,2,high-rank-foundry-v1-v3:f-120531df562b9cce1d77,,,22,20,
ORIGINATING_CALL; may be certified by later reconciliation,,,,,27,False,1,high-rank-foundry-v1-v3:f-13e6909d70a190a58b5f,,,18,17,
ORIGINATING_CALL; may be certified by later reconciliation,,,,,60,False,1,high-rank-foundry-v1-v3:f-13e6909d70a190a58b5f,,,19,18,
ORIGINATING_CALL; may be certified by later reconciliation,,,,,3,False,1,high-rank-foundry-v1-v3:f-13f1ada879f4704864ef,,,18,17,
ORIGINATING_CALL; may be certified by later reconciliation,,,,,10,False,1,high-rank-foundry-v1-v3:f-13f1ada879f4704864ef,,,19,18,
ORIGINATING_CALL; may be certified by later reconciliation,,,,,29,False,1,high-rank-foundry-v1-v3:f-13f1ada879f4704864ef,,,20,19,
ORIGINATING_CALL; may be certified by later reconciliation,,,,,1,False,1,high-rank-foundry-v1-v3:f-145604b8187a925da271,,,18,17,
ORIGINATING_CALL; may be certified by later reconciliation,,,,,1,False,3,high-rank-foundry-v1-v3:f-149b795567573e5ba23e,,,20,17,
ORIGINATING_CALL; may be certified by later reconciliation,,,,,2,False,1,high-rank-foundry-v1-v3:f-149b795567573e5ba23e,,,21,20,
ORIGINATING_CALL; may be certified by later reconciliation,,,,,7,False,1,high-rank-foundry-v1-v3:f-149b795567573e5ba23e,,,22,21,
ORIGINATING_CALL; may be certified by later reconciliation,,,,,19,False,1,high-rank-foundry-v1-v3:f-14dbb1a02a434b6ce7a7,,,18,17,
ORIGINATING_CALL; may be certified by later reconciliation,,,,,20,False,1,high-rank-foundry-v1-v3:f-14dbb1a02a434b6ce7a7,,,19,18,
ORIGINATING_CALL; may be certified by later reconciliation,,,,,1,False,2,high-rank-foundry-v1-v3:f-152764b8ee2e5b1345c9,,,19,17,
ORIGINATING_CALL; may be certified by later reconciliation,,,,,1,False,2,high-rank-foundry-v1-v3:f-160baac1851501a167ed,,,19,17,
ORIGINATING_CALL; may be certified by later reconciliation,,,,,2,False,1,high-rank-foundry-v1-v3:f-160baac1851501a167ed,,,20,19,
ORIGINATING_CALL; may be certified by later reconciliation,,,,,1,False,3,high-rank-foundry-v1-v3:f-163f06222b6536d93dad,,,20,17,
ORIGINATING_CALL; may be certified by later reconciliation,,,,,5,False,1,high-rank-foundry-v1-v3:f-16464dc757c168148a8c,,,18,17,
ORIGINATING_CALL; may be certified by later reconciliation,,,,,8,False,1,high-rank-foundry-v1-v3:f-16464dc757c168148a8c,,,19,18,
ORIGINATING_CALL; may be certified by later reconciliation,,,,,15,False,1,high-rank-foundry-v1-v3:f-16464dc757c168148a8c,,,20,19,
ORIGINATING_CALL; may be certified by later reconciliation,,,,,40,False,2,high-rank-foundry-v1-v3:f-16464dc757c168148a8c,,,22,20,
ORIGINATING_CALL; may be certified by later reconciliation,,,,,1,False,1,high-rank-foundry-v1-v3:f-16f9cf4e715e152ceaa2,,,18,17,
ORIGINATING_CALL; may be certified by later reconciliation,,,,,12,False,2,high-rank-foundry-v1-v3:f-16f9cf4e715e152ceaa2,,,20,18,
ORIGINATING_CALL; may be certified by later reconciliation,,,,,39,False,1,high-rank-foundry-v1-v3:f-16f9cf4e715e152ceaa2,,,21,20,
ORIGINATING_CALL; may be certified by later reconciliation,,,,,42,False,1,high-rank-foundry-v1-v3:f-16f9cf4e715e152ceaa2,,,22,21,
ORIGINATING_CALL; may be certified by later reconciliation,,,,,47,False,1,high-rank-foundry-v1-v3:f-16f9cf4e715e152ceaa2,,,23,22,
ORIGINATING_CALL; may be certified by later reconciliation,,,,,1,False,1,high-rank-foundry-v1-v3:f-173d7511e377176c0e4f,,,18,17,
ORIGINATING_CALL; may be certified by later reconciliation,,,,,4,False,2,high-rank-foundry-v1-v3:f-173d7511e377176c0e4f,,,20,18,
ORIGINATING_CALL; may be certified by later reconciliation,,,,,19,False,1,high-rank-foundry-v1-v3:f-17e940fa74d2c68d695f,,,18,17,
ORIGINATING_CALL; may be certified by later reconciliation,,,,,85,False,1,high-rank-foundry-v1-v3:f-17e940fa74d2c68d695f,,,19,18,
ORIGINATING_CALL; may be certified by later reconciliation,,,,,144,False,1,high-rank-foundry-v1-v3:f-17e940fa74d2c68d695f,,,20,19,
ORIGINATING_CALL; may be certified by later reconciliation,,,,,1,False,1,high-rank-foundry-v1-v3:f-19201921e238a07044ad,,,18,17,
ORIGINATING_CALL; may be certified by later reconciliation,,,,,6,False,1,high-rank-foundry-v1-v3:f-1a04e360173c7cc5bf76,,,18,17,
ORIGINATING_CALL; may be certified by later reconciliation,,,,,39,False,1,high-rank-foundry-v1-v3:f-1a04e360173c7cc5bf76,,,19,18,
ORIGINATING_CALL; may be certified by later reconciliation,,,,,44,False,1,high-rank-foundry-v1-v3:f-1a04e360173c7cc5bf76,,,20,19,
ORIGINATING_CALL; may be certified by later reconciliation,,,,,147,False,1,high-rank-foundry-v1-v3:f-1a04e360173c7cc5bf76,,,21,20,
ORIGINATING_CALL; may be certified by later reconciliation,,,,,3,False,1,high-rank-foundry-v1-v3:f-1a2d16be859e0513faf9,,,18,17,
ORIGINATING_CALL; may be certified by later reconciliation,,,,,5,False,1,high-rank-foundry-v1-v3:f-1a2d16be859e0513faf9,,,19,18,
ORIGINATING_CALL; may be certified by later reconciliation,,,,,8,False,2,high-rank-foundry-v1-v3:f-1a2d16be859e0513faf9,,,21,19,
ORIGINATING_CALL; may be certified by later reconciliation,,,,,15,False,1,high-rank-foundry-v1-v3:f-1a2d16be859e0513faf9,,,22,21,
ORIGINATING_CALL; may be certified by later reconciliation,,,,,32,False,1,high-rank-foundry-v1-v3:f-1a2d16be859e0513faf9,,,23,22,
ORIGINATING_CALL; may be certified by later reconciliation,,,,,39,True,1,high-rank-foundry-v1-v3:f-1a2d16be859e0513faf9,,,24,23,
ORIGINATING_CALL; may be certified by later reconciliation,,,,,42,True,1,high-rank-foundry-v1-v3:f-1a2d16be859e0513faf9,,,25,24,
ORIGINATING_CALL; may be certified by later reconciliation,,,,,1,False,1,high-rank-foundry-v1-v3:f-1a35da45c4b22a0b04e3,,,18,17,
ORIGINATING_CALL; may be certified by later reconciliation,,,,,6,False,1,high-rank-foundry-v1-v3:f-1a35da45c4b22a0b04e3,,,19,18,
ORIGINATING_CALL; may be certified by later reconciliation,,,,,17,False,1,high-rank-foundry-v1-v3:f-1a35da45c4b22a0b04e3,,,20,19,
ORIGINATING_CALL; may be certified by later reconciliation,,,,,34,False,1,high-rank-foundry-v1-v3:f-1a35da45c4b22a0b04e3,,,21,20,
ORIGINATING_CALL; may be certified by later reconciliation,,,,,53,False,1,high-rank-foundry-v1-v3:f-1a35da45c4b22a0b04e3,,,22,21,
ORIGINATING_CALL; may be certified by later reconciliation,,,,,70,False,1,high-rank-foundry-v1-v3:f-1a35da45c4b22a0b04e3,,,23,22,
ORIGINATING_CALL; may be certified by later reconciliation,,,,,85,True,1,high-rank-foundry-v1-v3:f-1a35da45c4b22a0b04e3,,,24,23,
ORIGINATING_CALL; may be certified by later reconciliation,,,,,1,False,1,high-rank-foundry-v1-v3:f-1a628d81bee5187e1b39,,,18,17,
ORIGINATING_CALL; may be certified by later reconciliation,,,,,2,False,2,high-rank-foundry-v1-v3:f-1a628d81bee5187e1b39,,,20,18,
ORIGINATING_CALL; may be certified by later reconciliation,,,,,7,False,1,high-rank-foundry-v1-v3:f-1a628d81bee5187e1b39,,,21,20,
ORIGINATING_CALL; may be certified by later reconciliation,,,,,8,False,1,high-rank-foundry-v1-v3:f-1a628d81bee5187e1b39,,,22,21,
ORIGINATING_CALL; may be certified by later reconciliation,,,,,19,False,1,high-rank-foundry-v1-v3:f-1a628d81bee5187e1b39,,,23,22,
ORIGINATING_CALL; may be certified by later reconciliation,,,,,3,False,1,high-rank-foundry-v1-v3:f-1a6432858db38b627cca,,,18,17,
ORIGINATING_CALL; may be certified by later reconciliation,,,,,15,False,1,high-rank-foundry-v1-v3:f-1a6432858db38b627cca,,,19,18,
ORIGINATING_CALL; may be certified by later reconciliation,,,,,28,False,1,high-rank-foundry-v1-v3:f-1a6432858db38b627cca,,,20,19,
ORIGINATING_CALL; may be certified by later reconciliation,,,,,76,False,1,high-rank-foundry-v1-v3:f-1a6432858db38b627cca,,,21,20,
ORIGINATING_CALL; may be certified by later reconciliation,,,,,122,False,1,high-rank-foundry-v1-v3:f-1a6432858db38b627cca,,,22,21,
ORIGINATING_CALL; may be certified by later reconciliation,,,,,39,False,1,high-rank-foundry-v1-v3:f-1b4f73c0b856be3ff183,,,18,17,
ORIGINATING_CALL; may be certified by later reconciliation,,,,,5,False,1,high-rank-foundry-v1-v3:f-1b759eba5ddd9e806300,,,18,17,
ORIGINATING_CALL; may be certified by later reconciliation,,,,,25,False,1,high-rank-foundry-v1-v3:f-1bd2e7d409d180f73367,,,18,17,
ORIGINATING_CALL; may be certified by later reconciliation,,,,,3,False,1,high-rank-foundry-v1-v3:f-1bd32d9ed3e178c37d6d,,,18,17,
ORIGINATING_CALL; may be certified by later reconciliation,,,,,12,False,1,high-rank-foundry-v1-v3:f-1bd32d9ed3e178c37d6d,,,19,18,
ORIGINATING_CALL; may be certified by later reconciliation,,,,,13,False,1,high-rank-foundry-v1-v3:f-1bd32d9ed3e178c37d6d,,,20,19,
ORIGINATING_CALL; may be certified by later reconciliation,,,,,18,False,1,high-rank-foundry-v1-v3:f-1bd32d9ed3e178c37d6d,,,21,20,
ORIGINATING_CALL; may be certified by later reconciliation,,,,,19,False,1,high-rank-foundry-v1-v3:f-1bd32d9ed3e178c37d6d,,,22,21,
ORIGINATING_CALL; may be certified by later reconciliation,,,,,3,False,1,high-rank-foundry-v1-v3:f-1c4e4bd5826eaf77dd68,,,18,17,
ORIGINATING_CALL; may be certified by later reconciliation,,,,,4,False,1,high-rank-foundry-v1-v3:f-1c4e4bd5826eaf77dd68,,,19,18,
ORIGINATING_CALL; may be certified by later reconciliation,,,,,5,False,2,high-rank-foundry-v1-v3:f-1c4e4bd5826eaf77dd68,,,21,19,
ORIGINATING_CALL; may be certified by later reconciliation,,,,,3,False,1,high-rank-foundry-v1-v3:f-1c7de329c6cb50c1b031,,,18,17,
ORIGINATING_CALL; may be certified by later reconciliation,,,,,6,False,1,high-rank-foundry-v1-v3:f-1c7de329c6cb50c1b031,,,19,18,
ORIGINATING_CALL; may be certified by later reconciliation,,,,,11,False,1,high-rank-foundry-v1-v3:f-1c7de329c6cb50c1b031,,,20,19,
ORIGINATING_CALL; may be certified by later reconciliation,,,,,22,False,1,high-rank-foundry-v1-v3:f-1c7de329c6cb50c1b031,,,21,20,
ORIGINATING_CALL; may be certified by later reconciliation,,,,,29,False,2,high-rank-foundry-v1-v3:f-1c7de329c6cb50c1b031,,,23,21,
ORIGINATING_CALL; may be certified by later reconciliation,,,,,58,True,1,high-rank-foundry-v1-v3:f-1c7de329c6cb50c1b031,,,24,23,
ORIGINATING_CALL; may be certified by later reconciliation,,,,,3,False,1,high-rank-foundry-v1-v3:f-1c82970ebf37cc88a6b4,,,18,17,
ORIGINATING_CALL; may be certified by later reconciliation,,,,,4,False,1,high-rank-foundry-v1-v3:f-1c82970ebf37cc88a6b4,,,19,18,
ORIGINATING_CALL; may be certified by later reconciliation,,,,,13,False,1,high-rank-foundry-v1-v3:f-1c82970ebf37cc88a6b4,,,20,19,
ORIGINATING_CALL; may be certified by later reconciliation,,,,,16,False,1,high-rank-foundry-v1-v3:f-1c82970ebf37cc88a6b4,,,21,20,
ORIGINATING_CALL; may be certified by later reconciliation,,,,,17,False,1,high-rank-foundry-v1-v3:f-1c82970ebf37cc88a6b4,,,22,21,
ORIGINATING_CALL; may be certified by later reconciliation,,,,,34,False,1,high-rank-foundry-v1-v3:f-1c82970ebf37cc88a6b4,,,23,22,
ORIGINATING_CALL; may be certified by later reconciliation,,,,,3,False,1,high-rank-foundry-v1-v3:f-1ccf6a8ecc0bd04122ef,,,18,17,
ORIGINATING_CALL; may be certified by later reconciliation,,,,,18,False,1,high-rank-foundry-v1-v3:f-1ccf6a8ecc0bd04122ef,,,19,18,
ORIGINATING_CALL; may be certified by later reconciliation,,,,,19,False,1,high-rank-foundry-v1-v3:f-1ccf6a8ecc0bd04122ef,,,20,19,
ORIGINATING_CALL; may be certified by later reconciliation,,,,,22,False,1,high-rank-foundry-v1-v3:f-1ccf6a8ecc0bd04122ef,,,21,20,
ORIGINATING_CALL; may be certified by later reconciliation,,,,,37,False,1,high-rank-foundry-v1-v3:f-1ccf6a8ecc0bd04122ef,,,22,21,
ORIGINATING_CALL; may be certified by later reconciliation,,,,,1,False,7,high-rank-foundry-v1-v3:f-1d1abf93dbcab90e404b,,,24,17,
ORIGINATING_CALL; may be certified by later reconciliation,,,,,1,False,2,high-rank-foundry-v1-v3:f-1fa1aa2fefb6146887d2,,,19,17,
ORIGINATING_CALL; may be certified by later reconciliation,,,,,13,False,1,high-rank-foundry-v1-v3:f-1fc96571c3d6b4294058,,,18,17,
ORIGINATING_CALL; may be certified by later reconciliation,,,,,18,False,1,high-rank-foundry-v1-v3:f-1fc96571c3d6b4294058,,,19,18,
ORIGINATING_CALL; may be certified by later reconciliation,,,,,29,False,1,high-rank-foundry-v1-v3:f-1fc96571c3d6b4294058,,,20,19,
ORIGINATING_CALL; may be certified by later reconciliation,,,,,86,False,1,high-rank-foundry-v1-v3:f-1fc96571c3d6b4294058,,,21,20,
ORIGINATING_CALL; may be certified by later reconciliation,,,,,61,False,1,high-rank-foundry-v1-v3:f-200a68450ec1ffc814ae,,,18,17,
ORIGINATING_CALL; may be certified by later reconciliation,,,,,1,False,3,high-rank-foundry-v1-v3:f-2013a78ec6bafda6231d,,,20,17,
ORIGINATING_CALL; may be certified by later reconciliation,,,,,2,False,2,high-rank-foundry-v1-v3:f-2013a78ec6bafda6231d,,,22,20,
ORIGINATING_CALL; may be certified by later reconciliation,,,,,7,False,1,high-rank-foundry-v1-v3:f-2013a78ec6bafda6231d,,,23,22,
ORIGINATING_CALL; may be certified by later reconciliation,,,,,15,False,1,high-rank-foundry-v1-v3:f-201994f3d38111bc2727,,,18,17,
ORIGINATING_CALL; may be certified by later reconciliation,,,,,26,False,1,high-rank-foundry-v1-v3:f-201994f3d38111bc2727,,,19,18,
ORIGINATING_CALL; may be certified by later reconciliation,,,,,39,False,1,high-rank-foundry-v1-v3:f-201994f3d38111bc2727,,,20,19,
ORIGINATING_CALL; may be certified by later reconciliation,,,,,40,False,1,high-rank-foundry-v1-v3:f-201994f3d38111bc2727,,,21,20,
ORIGINATING_CALL; may be certified by later reconciliation,,,,,242,False,1,high-rank-foundry-v1-v3:f-201994f3d38111bc2727,,,22,21,
ORIGINATING_CALL; may be certified by later reconciliation,,,,,1,False,1,high-rank-foundry-v1-v3:f-21756aed6fc8a44f8129,,,18,17,
ORIGINATING_CALL; may be certified by later reconciliation,,,,,1,False,2,high-rank-foundry-v1-v3:f-21f53b021c002b346f3a,,,19,17,
ORIGINATING_CALL; may be certified by later reconciliation,,,,,20,False,1,high-rank-foundry-v1-v3:f-21f53b021c002b346f3a,,,20,19,
ORIGINATING_CALL; may be certified by later reconciliation,,,,,41,False,1,high-rank-foundry-v1-v3:f-21f53b021c002b346f3a,,,21,20,
ORIGINATING_CALL; may be certified by later reconciliation,,,,,7,False,1,high-rank-foundry-v1-v3:f-22fd0026a2269e5507ad,,,18,17,
ORIGINATING_CALL; may be certified by later reconciliation,,,,,49,False,1,high-rank-foundry-v1-v3:f-231f92b779b2c2f91493,,,18,17,
ORIGINATING_CALL; may be certified by later reconciliation,,,,,7,False,1,high-rank-foundry-v1-v3:f-2462d894be2c8288ee32,,,18,17,
ORIGINATING_CALL; may be certified by later reconciliation,,,,,10,False,1,high-rank-foundry-v1-v3:f-2462d894be2c8288ee32,,,19,18,
ORIGINATING_CALL; may be certified by later reconciliation,,,,,1,False,1,high-rank-foundry-v1-v3:f-24938353352d5fa42c85,,,18,17,
ORIGINATING_CALL; may be certified by later reconciliation,,,,,2,False,1,high-rank-foundry-v1-v3:f-24938353352d5fa42c85,,,19,18,
ORIGINATING_CALL; may be certified by later reconciliation,,,,,9,False,1,high-rank-foundry-v1-v3:f-24938353352d5fa42c85,,,20,19,
ORIGINATING_CALL; may be certified by later reconciliation,,,,,50,False,1,high-rank-foundry-v1-v3:f-24938353352d5fa42c85,,,21,20,
ORIGINATING_CALL; may be certified by later reconciliation,,,,,53,False,1,high-rank-foundry-v1-v3:f-24938353352d5fa42c85,,,22,21,
ORIGINATING_CALL; may be certified by later reconciliation,,,,,58,False,1,high-rank-foundry-v1-v3:f-24938353352d5fa42c85,,,23,22,
ORIGINATING_CALL; may be certified by later reconciliation,,,,,1,False,1,high-rank-foundry-v1-v3:f-253f705000d92edaf386,,,18,17,
ORIGINATING_CALL; may be certified by later reconciliation,,,,,1,False,1,high-rank-foundry-v1-v3:f-25886bf761d61cb804e7,,,18,17,
ORIGINATING_CALL; may be certified by later reconciliation,,,,,2,False,1,high-rank-foundry-v1-v3:f-25886bf761d61cb804e7,,,19,18,
ORIGINATING_CALL; may be certified by later reconciliation,,,,,13,False,1,high-rank-foundry-v1-v3:f-25886bf761d61cb804e7,,,20,19,
ORIGINATING_CALL; may be certified by later reconciliation,,,,,26,False,1,high-rank-foundry-v1-v3:f-25886bf761d61cb804e7,,,21,20,
ORIGINATING_CALL; may be certified by later reconciliation,,,,,23,False,1,high-rank-foundry-v1-v3:f-2595b2adb12ee108f35a,,,18,17,
ORIGINATING_CALL; may be certified by later reconciliation,,,,,62,False,1,high-rank-foundry-v1-v3:f-2595b2adb12ee108f35a,,,19,18,
ORIGINATING_CALL; may be certified by later reconciliation,,,,,159,False,1,high-rank-foundry-v1-v3:f-2595b2adb12ee108f35a,,,20,19,
ORIGINATING_CALL; may be certified by later reconciliation,,,,,160,False,1,high-rank-foundry-v1-v3:f-2595b2adb12ee108f35a,,,21,20,
ORIGINATING_CALL; may be certified by later reconciliation,,,,,227,False,1,high-rank-foundry-v1-v3:f-2595b2adb12ee108f35a,,,22,21,
ORIGINATING_CALL; may be certified by later reconciliation,,,,,3,False,2,high-rank-foundry-v1-v3:f-260665ceca7c22eb7d0d,,,19,17,
ORIGINATING_CALL; may be certified by later reconciliation,,,,,14,False,1,high-rank-foundry-v1-v3:f-260665ceca7c22eb7d0d,,,20,19,
ORIGINATING_CALL; may be certified by later reconciliation,,,,,29,False,1,high-rank-foundry-v1-v3:f-260665ceca7c22eb7d0d,,,21,20,
ORIGINATING_CALL; may be certified by later reconciliation,,,,,37,False,1,high-rank-foundry-v1-v3:f-2672f975e508455795d1,,,18,17,
ORIGINATING_CALL; may be certified by later reconciliation,,,,,25,False,1,high-rank-foundry-v1-v3:f-26df6822791fbc8c28ea,,,18,17,
ORIGINATING_CALL; may be certified by later reconciliation,,,,,1,False,2,high-rank-foundry-v1-v3:f-2719065702a1b5e45e44,,,19,17,
ORIGINATING_CALL; may be certified by later reconciliation,,,,,14,False,1,high-rank-foundry-v1-v3:f-2719065702a1b5e45e44,,,20,19,
ORIGINATING_CALL; may be certified by later reconciliation,,,,,17,False,1,high-rank-foundry-v1-v3:f-2719065702a1b5e45e44,,,21,20,
ORIGINATING_CALL; may be certified by later reconciliation,,,,,19,False,1,high-rank-foundry-v1-v3:f-28de1985334f7a0682a3,,,18,17,
ORIGINATING_CALL; may be certified by later reconciliation,,,,,39,False,1,high-rank-foundry-v1-v3:f-296b2bcbc38706dbf661,,,18,17,
ORIGINATING_CALL; may be certified by later reconciliation,,,,,1,False,4,high-rank-foundry-v1-v3:f-2a53702313554381f855,,,21,17,
ORIGINATING_CALL; may be certified by later reconciliation,,,,,4,False,2,high-rank-foundry-v1-v3:f-2a53702313554381f855,,,23,21,
ORIGINATING_CALL; may be certified by later reconciliation,,,,,15,True,1,high-rank-foundry-v1-v3:f-2a53702313554381f855,,,24,23,
ORIGINATING_CALL; may be certified by later reconciliation,,,,,5,False,1,high-rank-foundry-v1-v3:f-2a5449243d9a3acac77f,,,18,17,
ORIGINATING_CALL; may be certified by later reconciliation,,,,,6,False,1,high-rank-foundry-v1-v3:f-2a5449243d9a3acac77f,,,19,18,
ORIGINATING_CALL; may be certified by later reconciliation,,,,,25,False,1,high-rank-foundry-v1-v3:f-2a5449243d9a3acac77f,,,20,19,
ORIGINATING_CALL; may be certified by later reconciliation,,,,,42,False,1,high-rank-foundry-v1-v3:f-2a5449243d9a3acac77f,,,21,20,
ORIGINATING_CALL; may be certified by later reconciliation,,,,,61,False,1,high-rank-foundry-v1-v3:f-2a5449243d9a3acac77f,,,22,21,
ORIGINATING_CALL; may be certified by later reconciliation,,,,,15,False,1,high-rank-foundry-v1-v3:f-2a8eafc2bbbf4fc8a4c3,,,18,17,
ORIGINATING_CALL; may be certified by later reconciliation,,,,,66,False,1,high-rank-foundry-v1-v3:f-2a8eafc2bbbf4fc8a4c3,,,19,18,
ORIGINATING_CALL; may be certified by later reconciliation,,,,,9,False,1,high-rank-foundry-v1-v3:f-2a9b29c0ae91d1ab87ac,,,18,17,
ORIGINATING_CALL; may be certified by later reconciliation,,,,,16,False,1,high-rank-foundry-v1-v3:f-2a9b29c0ae91d1ab87ac,,,19,18,
ORIGINATING_CALL; may be certified by later reconciliation,,,,,17,False,1,high-rank-foundry-v1-v3:f-2a9b29c0ae91d1ab87ac,,,20,19,
ORIGINATING_CALL; may be certified by later reconciliation,,,,,26,False,1,high-rank-foundry-v1-v3:f-2a9b29c0ae91d1ab87ac,,,21,20,
ORIGINATING_CALL; may be certified by later reconciliation,,,,,137,False,1,high-rank-foundry-v1-v3:f-2a9b29c0ae91d1ab87ac,,,22,21,
ORIGINATING_CALL; may be certified by later reconciliation,,,,,1,False,1,high-rank-foundry-v1-v3:f-2acded8bca6d56a9073f,,,18,17,
ORIGINATING_CALL; may be certified by later reconciliation,,,,,4,False,1,high-rank-foundry-v1-v3:f-2acded8bca6d56a9073f,,,19,18,
ORIGINATING_CALL; may be certified by later reconciliation,,,,,19,False,1,high-rank-foundry-v1-v3:f-2acded8bca6d56a9073f,,,20,19,
ORIGINATING_CALL; may be certified by later reconciliation,,,,,3,False,2,high-rank-foundry-v1-v3:f-2b5d03b04e37d4bd6137,,,19,17,
ORIGINATING_CALL; may be certified by later reconciliation,,,,,4,False,1,high-rank-foundry-v1-v3:f-2b5d03b04e37d4bd6137,,,20,19,
ORIGINATING_CALL; may be certified by later reconciliation,,,,,5,False,3,high-rank-foundry-v1-v3:f-2b5d03b04e37d4bd6137,,,23,20,
ORIGINATING_CALL; may be certified by later reconciliation,,,,,10,True,1,high-rank-foundry-v1-v3:f-2b5d03b04e37d4bd6137,,,24,23,
ORIGINATING_CALL; may be certified by later reconciliation,,,,,29,False,1,high-rank-foundry-v1-v3:f-2bc0aae0b834efef495c,,,18,17,
ORIGINATING_CALL; may be certified by later reconciliation,,,,,40,False,1,high-rank-foundry-v1-v3:f-2bc0aae0b834efef495c,,,19,18,
ORIGINATING_CALL; may be certified by later reconciliation,,,,,115,False,1,high-rank-foundry-v1-v3:f-2bc0aae0b834efef495c,,,20,19,
ORIGINATING_CALL; may be certified by later reconciliation,,,,,123,False,1,high-rank-foundry-v1-v3:f-2bc0aae0b834efef495c,,,21,20,
ORIGINATING_CALL; may be certified by later reconciliation,,,,,246,False,1,high-rank-foundry-v1-v3:f-2bc0aae0b834efef495c,,,22,21,
ORIGINATING_CALL; may be certified by later reconciliation,,,,,571,False,1,high-rank-foundry-v1-v3:f-2bc0aae0b834efef495c,,,23,22,
ORIGINATING_CALL; may be certified by later reconciliation,,,,,7,False,2,high-rank-foundry-v1-v3:f-2bc7ffb00a7dfc9bc989,,,19,17,
ORIGINATING_CALL; may be certified by later reconciliation,,,,,8,False,1,high-rank-foundry-v1-v3:f-2bc7ffb00a7dfc9bc989,,,20,19,
ORIGINATING_CALL; may be certified by later reconciliation,,,,,9,False,1,high-rank-foundry-v1-v3:f-2bc7ffb00a7dfc9bc989,,,21,20,
ORIGINATING_CALL; may be certified by later reconciliation,,,,,23,False,1,high-rank-foundry-v1-v3:f-2bc7ffb00a7dfc9bc989,,,22,21,
ORIGINATING_CALL; may be certified by later reconciliation,,,,,26,False,1,high-rank-foundry-v1-v3:f-2bc7ffb00a7dfc9bc989,,,23,22,
ORIGINATING_CALL; may be certified by later reconciliation,,,,,27,True,1,high-rank-foundry-v1-v3:f-2bc7ffb00a7dfc9bc989,,,24,23,
ORIGINATING_CALL; may be certified by later reconciliation,,,,,30,True,1,high-rank-foundry-v1-v3:f-2bc7ffb00a7dfc9bc989,,,25,24,
ORIGINATING_CALL; may be certified by later reconciliation,,,,,70,True,1,high-rank-foundry-v1-v3:f-2bc7ffb00a7dfc9bc989,,,26,25,
ORIGINATING_CALL; may be certified by later reconciliation,,,,,1,False,3,high-rank-foundry-v1-v3:f-2e3377756d6116b40a2d,,,20,17,
ORIGINATING_CALL; may be certified by later reconciliation,,,,,2,False,1,high-rank-foundry-v1-v3:f-2e3377756d6116b40a2d,,,21,20,
ORIGINATING_CALL; may be certified by later reconciliation,,,,,3,False,1,high-rank-foundry-v1-v3:f-2e3377756d6116b40a2d,,,22,21,
ORIGINATING_CALL; may be certified by later reconciliation,,,,,11,False,2,high-rank-foundry-v1-v3:f-2e3575b687c3d45b41e6,,,19,17,
ORIGINATING_CALL; may be certified by later reconciliation,,,,,68,False,1,high-rank-foundry-v1-v3:f-2ea99a5a90f9ce53f1ca,,,18,17,
ORIGINATING_CALL; may be certified by later reconciliation,,,,,1,False,2,high-rank-foundry-v1-v3:f-2eabe427e0d7e13b8c91,,,19,17,
ORIGINATING_CALL; may be certified by later reconciliation,,,,,41,False,1,high-rank-foundry-v1-v3:f-2ed9eef15d7e760a072a,,,18,17,
ORIGINATING_CALL; may be certified by later reconciliation,,,,,35,False,1,high-rank-foundry-v1-v3:f-2ee7c21c5c33778accec,,,18,17,
ORIGINATING_CALL; may be certified by later reconciliation,,,,,62,False,1,high-rank-foundry-v1-v3:f-2ee7c21c5c33778accec,,,19,18,
ORIGINATING_CALL; may be certified by later reconciliation,,,,,87,False,1,high-rank-foundry-v1-v3:f-2ee7c21c5c33778accec,,,20,19,
ORIGINATING_CALL; may be certified by later reconciliation,,,,,1,False,1,high-rank-foundry-v1-v3:f-2f05d3916ba148ea9ee4,,,18,17,
ORIGINATING_CALL; may be certified by later reconciliation,,,,,1,False,3,high-rank-foundry-v1-v3:f-2fcd79859e232f842428,,,20,17,
ORIGINATING_CALL; may be certified by later reconciliation,,,,,2,False,2,high-rank-foundry-v1-v3:f-2fcd79859e232f842428,,,22,20,
ORIGINATING_CALL; may be certified by later reconciliation,,,,,5,False,2,high-rank-foundry-v1-v3:f-2fcd79859e232f842428,,,24,22,
ORIGINATING_CALL; may be certified by later reconciliation,,,,,14,True,1,high-rank-foundry-v1-v3:f-2fcd79859e232f842428,,,25,24,
ORIGINATING_CALL; may be certified by later reconciliation,,,,,13,False,1,high-rank-foundry-v1-v3:f-3019361c6deb00701856,,,18,17,
ORIGINATING_CALL; may be certified by later reconciliation,,,,,16,False,1,high-rank-foundry-v1-v3:f-3019361c6deb00701856,,,19,18,
ORIGINATING_CALL; may be certified by later reconciliation,,,,,69,False,1,high-rank-foundry-v1-v3:f-3019361c6deb00701856,,,20,19,
ORIGINATING_CALL; may be certified by later reconciliation,,,,,210,False,1,high-rank-foundry-v1-v3:f-3019361c6deb00701856,,,21,20,
ORIGINATING_CALL; may be certified by later reconciliation,,,,,311,False,1,high-rank-foundry-v1-v3:f-3019361c6deb00701856,,,22,21,
ORIGINATING_CALL; may be certified by later reconciliation,,,,,5,False,1,high-rank-foundry-v1-v3:f-30ae088eade2c4abf9e8,,,18,17,
ORIGINATING_CALL; may be certified by later reconciliation,,,,,30,False,1,high-rank-foundry-v1-v3:f-30ae088eade2c4abf9e8,,,19,18,
ORIGINATING_CALL; may be certified by later reconciliation,,,,,125,False,1,high-rank-foundry-v1-v3:f-30ae088eade2c4abf9e8,,,20,19,
ORIGINATING_CALL; may be certified by later reconciliation,,,,,1,False,1,high-rank-foundry-v1-v3:f-3100a2ba4cb2fde12c71,,,18,17,
ORIGINATING_CALL; may be certified by later reconciliation,,,,,3,False,1,high-rank-foundry-v1-v3:f-311eabb6b6da5c28a77d,,,18,17,
ORIGINATING_CALL; may be certified by later reconciliation,,,,,5,False,2,high-rank-foundry-v1-v3:f-312098ff00f73bc7344c,,,19,17,
ORIGINATING_CALL; may be certified by later reconciliation,,,,,30,False,1,high-rank-foundry-v1-v3:f-312098ff00f73bc7344c,,,20,19,
ORIGINATING_CALL; may be certified by later reconciliation,,,,,65,False,1,high-rank-foundry-v1-v3:f-312098ff00f73bc7344c,,,21,20,
ORIGINATING_CALL; may be certified by later reconciliation,,,,,157,False,1,high-rank-foundry-v1-v3:f-312098ff00f73bc7344c,,,22,21,
ORIGINATING_CALL; may be certified by later reconciliation,,,,,1,False,1,high-rank-foundry-v1-v3:f-3159a8950f726ac9708c,,,18,17,
ORIGINATING_CALL; may be certified by later reconciliation,,,,,2,False,1,high-rank-foundry-v1-v3:f-3159a8950f726ac9708c,,,19,18,
ORIGINATING_CALL; may be certified by later reconciliation,,,,,3,False,1,high-rank-foundry-v1-v3:f-3159a8950f726ac9708c,,,20,19,
ORIGINATING_CALL; may be certified by later reconciliation,,,,,4,False,1,high-rank-foundry-v1-v3:f-3159a8950f726ac9708c,,,21,20,
ORIGINATING_CALL; may be certified by later reconciliation,,,,,5,False,1,high-rank-foundry-v1-v3:f-3159a8950f726ac9708c,,,22,21,
ORIGINATING_CALL; may be certified by later reconciliation,,,,,28,False,1,high-rank-foundry-v1-v3:f-3159a8950f726ac9708c,,,23,22,
ORIGINATING_CALL; may be certified by later reconciliation,,,,,3,False,1,high-rank-foundry-v1-v3:f-317630b0031236eef52a,,,18,17,
ORIGINATING_CALL; may be certified by later reconciliation,,,,,1,False,1,high-rank-foundry-v1-v3:f-3189ac800034955b57a0,,,18,17,
ORIGINATING_CALL; may be certified by later reconciliation,,,,,4,False,1,high-rank-foundry-v1-v3:f-3189ac800034955b57a0,,,19,18,
ORIGINATING_CALL; may be certified by later reconciliation,,,,,5,False,2,high-rank-foundry-v1-v3:f-3189ac800034955b57a0,,,21,19,
ORIGINATING_CALL; may be certified by later reconciliation,,,,,11,False,1,high-rank-foundry-v1-v3:f-3189ac800034955b57a0,,,22,21,
ORIGINATING_CALL; may be certified by later reconciliation,,,,,12,False,1,high-rank-foundry-v1-v3:f-3189ac800034955b57a0,,,23,22,
ORIGINATING_CALL; may be certified by later reconciliation,,,,,15,True,1,high-rank-foundry-v1-v3:f-3189ac800034955b57a0,,,24,23,
ORIGINATING_CALL; may be certified by later reconciliation,,,,,63,False,1,high-rank-foundry-v1-v3:f-319ee8653d87a63aaf1c,,,18,17,
ORIGINATING_CALL; may be certified by later reconciliation,,,,,3,False,1,high-rank-foundry-v1-v3:f-31b3d1ff065cb6ded260,,,18,17,
ORIGINATING_CALL; may be certified by later reconciliation,,,,,4,False,2,high-rank-foundry-v1-v3:f-31b3d1ff065cb6ded260,,,20,18,
ORIGINATING_CALL; may be certified by later reconciliation,,,,,7,False,1,high-rank-foundry-v1-v3:f-31b3d1ff065cb6ded260,,,21,20,
ORIGINATING_CALL; may be certified by later reconciliation,,,,,12,False,1,high-rank-foundry-v1-v3:f-31b3d1ff065cb6ded260,,,22,21,
ORIGINATING_CALL; may be certified by later reconciliation,,,,,15,False,1,high-rank-foundry-v1-v3:f-31b3d1ff065cb6ded260,,,23,22,
ORIGINATING_CALL; may be certified by later reconciliation,,,,,24,True,1,high-rank-foundry-v1-v3:f-31b3d1ff065cb6ded260,,,24,23,
ORIGINATING_CALL; may be certified by later reconciliation,,,,,115,True,1,high-rank-foundry-v1-v3:f-31b3d1ff065cb6ded260,,,25,24,
ORIGINATING_CALL; may be certified by later reconciliation,,,,,3,False,1,high-rank-foundry-v1-v3:f-31d85011512ea7282f94,,,18,17,
ORIGINATING_CALL; may be certified by later reconciliation,,,,,21,False,1,high-rank-foundry-v1-v3:f-31d85011512ea7282f94,,,19,18,
ORIGINATING_CALL; may be certified by later reconciliation,,,,,99,False,1,high-rank-foundry-v1-v3:f-31d85011512ea7282f94,,,20,19,
ORIGINATING_CALL; may be certified by later reconciliation,,,,,114,False,1,high-rank-foundry-v1-v3:f-31d85011512ea7282f94,,,21,20,
ORIGINATING_CALL; may be certified by later reconciliation,,,,,2,False,1,high-rank-foundry-v1-v3:f-32549c9c93ea0e11be7d,,,18,17,
ORIGINATING_CALL; may be certified by later reconciliation,,,,,1,False,1,high-rank-foundry-v1-v3:f-3259ff526e97285c1300,,,18,17,
ORIGINATING_CALL; may be certified by later reconciliation,,,,,3,False,1,high-rank-foundry-v1-v3:f-32fce93cc41b15b78f73,,,18,17,
ORIGINATING_CALL; may be certified by later reconciliation,,,,,6,False,1,high-rank-foundry-v1-v3:f-32fce93cc41b15b78f73,,,19,18,
ORIGINATING_CALL; may be certified by later reconciliation,,,,,19,False,1,high-rank-foundry-v1-v3:f-32fce93cc41b15b78f73,,,20,19,
ORIGINATING_CALL; may be certified by later reconciliation,,,,,58,False,1,high-rank-foundry-v1-v3:f-32fce93cc41b15b78f73,,,21,20,
ORIGINATING_CALL; may be certified by later reconciliation,,,,,7,False,1,high-rank-foundry-v1-v3:f-33113f00dda3eecc43d0,,,18,17,
ORIGINATING_CALL; may be certified by later reconciliation,,,,,20,False,1,high-rank-foundry-v1-v3:f-33113f00dda3eecc43d0,,,19,18,
ORIGINATING_CALL; may be certified by later reconciliation,,,,,23,False,1,high-rank-foundry-v1-v3:f-33113f00dda3eecc43d0,,,20,19,
ORIGINATING_CALL; may be certified by later reconciliation,,,,,28,False,1,high-rank-foundry-v1-v3:f-33113f00dda3eecc43d0,,,21,20,
ORIGINATING_CALL; may be certified by later reconciliation,,,,,39,False,1,high-rank-foundry-v1-v3:f-33113f00dda3eecc43d0,,,22,21,
ORIGINATING_CALL; may be certified by later reconciliation,,,,,13,False,1,high-rank-foundry-v1-v3:f-339441b21a61cd385126,,,18,17,
ORIGINATING_CALL; may be certified by later reconciliation,,,,,14,False,1,high-rank-foundry-v1-v3:f-339441b21a61cd385126,,,19,18,
ORIGINATING_CALL; may be certified by later reconciliation,,,,,39,False,1,high-rank-foundry-v1-v3:f-339441b21a61cd385126,,,20,19,
ORIGINATING_CALL; may be certified by later reconciliation,,,,,62,False,1,high-rank-foundry-v1-v3:f-339441b21a61cd385126,,,21,20,
ORIGINATING_CALL; may be certified by later reconciliation,,,,,76,False,1,high-rank-foundry-v1-v3:f-339441b21a61cd385126,,,22,21,
ORIGINATING_CALL; may be certified by later reconciliation,,,,,105,False,1,high-rank-foundry-v1-v3:f-339441b21a61cd385126,,,23,22,
ORIGINATING_CALL; may be certified by later reconciliation,,,,,1,False,4,high-rank-foundry-v1-v3:f-346581ba711e72513c82,,,21,17,
ORIGINATING_CALL; may be certified by later reconciliation,,,,,5,False,2,high-rank-foundry-v1-v3:f-346d4697fb1619e7e5c1,,,19,17,
ORIGINATING_CALL; may be certified by later reconciliation,,,,,8,False,1,high-rank-foundry-v1-v3:f-346d4697fb1619e7e5c1,,,20,19,
ORIGINATING_CALL; may be certified by later reconciliation,,,,,257,False,1,high-rank-foundry-v1-v3:f-346d4697fb1619e7e5c1,,,21,20,
ORIGINATING_CALL; may be certified by later reconciliation,,,,,1,False,2,high-rank-foundry-v1-v3:f-346f2126815f63bfd55a,,,19,17,
ORIGINATING_CALL; may be certified by later reconciliation,,,,,1,False,5,high-rank-foundry-v1-v3:f-348c95070e13c1e3c5b8,,,22,17,
ORIGINATING_CALL; may be certified by later reconciliation,,,,,2,False,1,high-rank-foundry-v1-v3:f-348c95070e13c1e3c5b8,,,23,22,
ORIGINATING_CALL; may be certified by later reconciliation,,,,,15,True,1,high-rank-foundry-v1-v3:f-348c95070e13c1e3c5b8,,,24,23,
ORIGINATING_CALL; may be certified by later reconciliation,,,,,21,False,1,high-rank-foundry-v1-v3:f-34934a25d166eec22b27,,,18,17,
ORIGINATING_CALL; may be certified by later reconciliation,,,,,58,False,1,high-rank-foundry-v1-v3:f-34934a25d166eec22b27,,,19,18,
ORIGINATING_CALL; may be certified by later reconciliation,,,,,9,False,1,high-rank-foundry-v1-v3:f-3498dafca0c6f0090721,,,18,17,
ORIGINATING_CALL; may be certified by later reconciliation,,,,,10,False,1,high-rank-foundry-v1-v3:f-3498dafca0c6f0090721,,,19,18,
ORIGINATING_CALL; may be certified by later reconciliation,,,,,1,False,2,high-rank-foundry-v1-v3:f-35af102cf69c9389d513,,,19,17,
ORIGINATING_CALL; may be certified by later reconciliation,,,,,1,False,1,high-rank-foundry-v1-v3:f-363c251afb3c790e60f4,,,18,17,
ORIGINATING_CALL; may be certified by later reconciliation,,,,,4,False,2,high-rank-foundry-v1-v3:f-363c251afb3c790e60f4,,,20,18,
ORIGINATING_CALL; may be certified by later reconciliation,,,,,19,False,1,high-rank-foundry-v1-v3:f-36431e02071e09fdb6dc,,,18,17,
ORIGINATING_CALL; may be certified by later reconciliation,,,,,100,False,1,high-rank-foundry-v1-v3:f-36431e02071e09fdb6dc,,,19,18,
ORIGINATING_CALL; may be certified by later reconciliation,,,,,15,False,1,high-rank-foundry-v1-v3:f-36829e62cc69de81afe8,,,18,17,
ORIGINATING_CALL; may be certified by later reconciliation,,,,,1,False,1,high-rank-foundry-v1-v3:f-36e910d088de8879872f,,,18,17,
ORIGINATING_CALL; may be certified by later reconciliation,,,,,12,False,1,high-rank-foundry-v1-v3:f-36e910d088de8879872f,,,19,18,
ORIGINATING_CALL; may be certified by later reconciliation,,,,,1,False,1,high-rank-foundry-v1-v3:f-373440db1214b1b6f268,,,18,17,
ORIGINATING_CALL; may be certified by later reconciliation,,,,,2,False,1,high-rank-foundry-v1-v3:f-373440db1214b1b6f268,,,19,18,
ORIGINATING_CALL; may be certified by later reconciliation,,,,,7,False,1,high-rank-foundry-v1-v3:f-373440db1214b1b6f268,,,20,19,
ORIGINATING_CALL; may be certified by later reconciliation,,,,,18,False,1,high-rank-foundry-v1-v3:f-373440db1214b1b6f268,,,21,20,
ORIGINATING_CALL; may be certified by later reconciliation,,,,,59,False,1,high-rank-foundry-v1-v3:f-373440db1214b1b6f268,,,22,21,
ORIGINATING_CALL; may be certified by later reconciliation,,,,,79,False,1,high-rank-foundry-v1-v3:f-378f8d4dcceca18779ef,,,18,17,
ORIGINATING_CALL; may be certified by later reconciliation,,,,,1,False,4,high-rank-foundry-v1-v3:f-37b5bce9566965f61443,,,21,17,
ORIGINATING_CALL; may be certified by later reconciliation,,,,,2,False,2,high-rank-foundry-v1-v3:f-37b5bce9566965f61443,,,23,21,
ORIGINATING_CALL; may be certified by later reconciliation,,,,,5,True,2,high-rank-foundry-v1-v3:f-37b5bce9566965f61443,,,25,23,
ORIGINATING_CALL; may be certified by later reconciliation,,,,,5,False,1,high-rank-foundry-v1-v3:f-387022353e98ee777e04,,,18,17,
ORIGINATING_CALL; may be certified by later reconciliation,,,,,1,False,1,high-rank-foundry-v1-v3:f-38d8ce04045ba0bc1194,,,18,17,
ORIGINATING_CALL; may be certified by later reconciliation,,,,,8,False,1,high-rank-foundry-v1-v3:f-38d8ce04045ba0bc1194,,,19,18,
ORIGINATING_CALL; may be certified by later reconciliation,,,,,11,False,1,high-rank-foundry-v1-v3:f-38d8ce04045ba0bc1194,,,20,19,
ORIGINATING_CALL; may be certified by later reconciliation,,,,,30,False,1,high-rank-foundry-v1-v3:f-38d8ce04045ba0bc1194,,,21,20,
ORIGINATING_CALL; may be certified by later reconciliation,,,,,33,False,1,high-rank-foundry-v1-v3:f-38d8ce04045ba0bc1194,,,22,21,
ORIGINATING_CALL; may be certified by later reconciliation,,,,,58,False,1,high-rank-foundry-v1-v3:f-38d8ce04045ba0bc1194,,,23,22,
ORIGINATING_CALL; may be certified by later reconciliation,,,,,19,False,1,high-rank-foundry-v1-v3:f-38f308e56f7ca2448183,,,18,17,
ORIGINATING_CALL; may be certified by later reconciliation,,,,,82,False,1,high-rank-foundry-v1-v3:f-38f308e56f7ca2448183,,,19,18,
ORIGINATING_CALL; may be certified by later reconciliation,,,,,115,False,1,high-rank-foundry-v1-v3:f-38f308e56f7ca2448183,,,20,19,
ORIGINATING_CALL; may be certified by later reconciliation,,,,,49,False,1,high-rank-foundry-v1-v3:f-39319fe4371c40609a82,,,18,17,
ORIGINATING_CALL; may be certified by later reconciliation,,,,,118,False,1,high-rank-foundry-v1-v3:f-39319fe4371c40609a82,,,19,18,
ORIGINATING_CALL; may be certified by later reconciliation,,,,,119,False,1,high-rank-foundry-v1-v3:f-39319fe4371c40609a82,,,20,19,
ORIGINATING_CALL; may be certified by later reconciliation,,,,,136,False,1,high-rank-foundry-v1-v3:f-39319fe4371c40609a82,,,21,20,
ORIGINATING_CALL; may be certified by later reconciliation,,,,,11,False,1,high-rank-foundry-v1-v3:f-3934e1decd571798f44a,,,18,17,
ORIGINATING_CALL; may be certified by later reconciliation,,,,,9,False,1,high-rank-foundry-v1-v3:f-3977975fd91ba92438a0,,,18,17,
ORIGINATING_CALL; may be certified by later reconciliation,,,,,5,False,1,high-rank-foundry-v1-v3:f-3a0ceb7fa9427743b082,,,18,17,
ORIGINATING_CALL; may be certified by later reconciliation,,,,,14,False,1,high-rank-foundry-v1-v3:f-3a0ceb7fa9427743b082,,,19,18,
ORIGINATING_CALL; may be certified by later reconciliation,,,,,15,False,1,high-rank-foundry-v1-v3:f-3a0ceb7fa9427743b082,,,20,19,
ORIGINATING_CALL; may be certified by later reconciliation,,,,,18,False,1,high-rank-foundry-v1-v3:f-3a0ceb7fa9427743b082,,,21,20,
ORIGINATING_CALL; may be certified by later reconciliation,,,,,19,False,1,high-rank-foundry-v1-v3:f-3a0ceb7fa9427743b082,,,22,21,
ORIGINATING_CALL; may be certified by later reconciliation,,,,,68,False,1,high-rank-foundry-v1-v3:f-3a0ceb7fa9427743b082,,,23,22,
ORIGINATING_CALL; may be certified by later reconciliation,,,,,5,False,1,high-rank-foundry-v1-v3:f-3a29b35fefc7985955ff,,,18,17,
ORIGINATING_CALL; may be certified by later reconciliation,,,,,94,False,1,high-rank-foundry-v1-v3:f-3a29b35fefc7985955ff,,,19,18,
ORIGINATING_CALL; may be certified by later reconciliation,,,,,1,False,1,high-rank-foundry-v1-v3:f-3af8614c48409f85495a,,,18,17,
ORIGINATING_CALL; may be certified by later reconciliation,,,,,1,False,3,high-rank-foundry-v1-v3:f-3afa8b74b094981f4297,,,20,17,
ORIGINATING_CALL; may be certified by later reconciliation,,,,,6,False,1,high-rank-foundry-v1-v3:f-3afa8b74b094981f4297,,,21,20,
ORIGINATING_CALL; may be certified by later reconciliation,,,,,21,False,1,high-rank-foundry-v1-v3:f-3afa8b74b094981f4297,,,22,21,
ORIGINATING_CALL; may be certified by later reconciliation,,,,,2,False,1,high-rank-foundry-v1-v3:f-3afb2e66314f94dade2f,,,18,17,
ORIGINATING_CALL; may be certified by later reconciliation,,,,,3,False,1,high-rank-foundry-v1-v3:f-3afb2e66314f94dade2f,,,19,18,
ORIGINATING_CALL; may be certified by later reconciliation,,,,,6,False,1,high-rank-foundry-v1-v3:f-3afb2e66314f94dade2f,,,20,19,
ORIGINATING_CALL; may be certified by later reconciliation,,,,,11,False,1,high-rank-foundry-v1-v3:f-3afb2e66314f94dade2f,,,21,20,
ORIGINATING_CALL; may be certified by later reconciliation,,,,,14,False,1,high-rank-foundry-v1-v3:f-3afb2e66314f94dade2f,,,22,21,
ORIGINATING_CALL; may be certified by later reconciliation,,,,,16,False,1,high-rank-foundry-v1-v3:f-3afb2e66314f94dade2f,,,23,22,
ORIGINATING_CALL; may be certified by later reconciliation,,,,,23,True,1,high-rank-foundry-v1-v3:f-3afb2e66314f94dade2f,,,24,23,
ORIGINATING_CALL; may be certified by later reconciliation,,,,,3,False,1,high-rank-foundry-v1-v3:f-3b6e6e7a15bf4e76634c,,,18,17,
ORIGINATING_CALL; may be certified by later reconciliation,,,,,14,False,1,high-rank-foundry-v1-v3:f-3b6e6e7a15bf4e76634c,,,19,18,
ORIGINATING_CALL; may be certified by later reconciliation,,,,,37,False,1,high-rank-foundry-v1-v3:f-3b6e6e7a15bf4e76634c,,,20,19,
ORIGINATING_CALL; may be certified by later reconciliation,,,,,106,False,1,high-rank-foundry-v1-v3:f-3b6e6e7a15bf4e76634c,,,21,20,
ORIGINATING_CALL; may be certified by later reconciliation,,,,,221,False,1,high-rank-foundry-v1-v3:f-3b6e6e7a15bf4e76634c,,,22,21,
ORIGINATING_CALL; may be certified by later reconciliation,,,,,1,False,1,high-rank-foundry-v1-v3:f-3c5b0556896f2b2c0156,,,18,17,
ORIGINATING_CALL; may be certified by later reconciliation,,,,,6,False,1,high-rank-foundry-v1-v3:f-3c5b0556896f2b2c0156,,,19,18,
ORIGINATING_CALL; may be certified by later reconciliation,,,,,7,False,1,high-rank-foundry-v1-v3:f-3c5b0556896f2b2c0156,,,20,19,
ORIGINATING_CALL; may be certified by later reconciliation,,,,,24,False,1,high-rank-foundry-v1-v3:f-3c5b0556896f2b2c0156,,,21,20,
ORIGINATING_CALL; may be certified by later reconciliation,,,,,39,False,1,high-rank-foundry-v1-v3:f-3c5b0556896f2b2c0156,,,22,21,
ORIGINATING_CALL; may be certified by later reconciliation,,,,,48,False,1,high-rank-foundry-v1-v3:f-3c5b0556896f2b2c0156,,,23,22,
ORIGINATING_CALL; may be certified by later reconciliation,,,,,21,False,1,high-rank-foundry-v1-v3:f-3c8645219dda71515789,,,18,17,
ORIGINATING_CALL; may be certified by later reconciliation,,,,,58,False,1,high-rank-foundry-v1-v3:f-3c8645219dda71515789,,,19,18,
ORIGINATING_CALL; may be certified by later reconciliation,,,,,149,False,1,high-rank-foundry-v1-v3:f-3c8645219dda71515789,,,20,19,
ORIGINATING_CALL; may be certified by later reconciliation,,,,,547,False,1,high-rank-foundry-v1-v3:f-3c8645219dda71515789,,,21,20,
ORIGINATING_CALL; may be certified by later reconciliation,,,,,1,False,3,high-rank-foundry-v1-v3:f-3cbc3bdf9a8069a53072,,,20,17,
ORIGINATING_CALL; may be certified by later reconciliation,,,,,1,False,3,high-rank-foundry-v1-v3:f-3cc04024a20d44e13c0f,,,20,17,
ORIGINATING_CALL; may be certified by later reconciliation,,,,,17,False,1,high-rank-foundry-v1-v3:f-3d6399a802ad407cd8de,,,18,17,
ORIGINATING_CALL; may be certified by later reconciliation,,,,,13,False,2,high-rank-foundry-v1-v3:f-3db33d2eb1f606d7753c,,,19,17,
ORIGINATING_CALL; may be certified by later reconciliation,,,,,40,False,1,high-rank-foundry-v1-v3:f-3db33d2eb1f606d7753c,,,20,19,
ORIGINATING_CALL; may be certified by later reconciliation,,,,,151,False,1,high-rank-foundry-v1-v3:f-3db33d2eb1f606d7753c,,,21,20,
ORIGINATING_CALL; may be certified by later reconciliation,,,,,3,False,1,high-rank-foundry-v1-v3:f-3e4b0ad34f31734d7e58,,,18,17,
ORIGINATING_CALL; may be certified by later reconciliation,,,,,20,False,1,high-rank-foundry-v1-v3:f-3e4b0ad34f31734d7e58,,,19,18,
ORIGINATING_CALL; may be certified by later reconciliation,,,,,43,False,1,high-rank-foundry-v1-v3:f-3e4b0ad34f31734d7e58,,,20,19,
ORIGINATING_CALL; may be certified by later reconciliation,,,,,107,False,1,high-rank-foundry-v1-v3:f-3e4b0ad34f31734d7e58,,,21,20,
ORIGINATING_CALL; may be certified by later reconciliation,,,,,120,False,1,high-rank-foundry-v1-v3:f-3e4b0ad34f31734d7e58,,,22,21,
ORIGINATING_CALL; may be certified by later reconciliation,,,,,129,False,1,high-rank-foundry-v1-v3:f-3e4b0ad34f31734d7e58,,,23,22,
ORIGINATING_CALL; may be certified by later reconciliation,,,,,1,False,1,high-rank-foundry-v1-v3:f-3f4cbe084912d6b35632,,,18,17,
ORIGINATING_CALL; may be certified by later reconciliation,,,,,5,False,1,high-rank-foundry-v1-v3:f-3fdb1c58be3c82c9b3c9,,,18,17,
ORIGINATING_CALL; may be certified by later reconciliation,,,,,12,False,1,high-rank-foundry-v1-v3:f-3fdb1c58be3c82c9b3c9,,,19,18,
ORIGINATING_CALL; may be certified by later reconciliation,,,,,31,False,1,high-rank-foundry-v1-v3:f-3fdb1c58be3c82c9b3c9,,,20,19,
ORIGINATING_CALL; may be certified by later reconciliation,,,,,54,False,1,high-rank-foundry-v1-v3:f-3fdb1c58be3c82c9b3c9,,,21,20,
ORIGINATING_CALL; may be certified by later reconciliation,,,,,57,False,1,high-rank-foundry-v1-v3:f-3fdb1c58be3c82c9b3c9,,,22,21,
ORIGINATING_CALL; may be certified by later reconciliation,,,,,1,False,1,high-rank-foundry-v1-v3:f-3fdd237b57cc7fea5e97,,,18,17,
ORIGINATING_CALL; may be certified by later reconciliation,,,,,1,False,2,high-rank-foundry-v1-v3:f-40ba50ae0ba7ef2e2e1c,,,19,17,
ORIGINATING_CALL; may be certified by later reconciliation,,,,,1,False,2,high-rank-foundry-v1-v3:f-40fd438f9d01cefdf198,,,19,17,
ORIGINATING_CALL; may be certified by later reconciliation,,,,,19,False,1,high-rank-foundry-v1-v3:f-415465cd6c7744d44c36,,,18,17,
ORIGINATING_CALL; may be certified by later reconciliation,,,,,1,False,3,high-rank-foundry-v1-v3:f-45031bd8c88cc920dfcc,,,20,17,
ORIGINATING_CALL; may be certified by later reconciliation,,,,,7,False,1,high-rank-foundry-v1-v3:f-4571d614a4ba535aa85b,,,18,17,
ORIGINATING_CALL; may be certified by later reconciliation,,,,,1,False,1,high-rank-foundry-v1-v3:f-45bf2f5f49ee6d53ad06,,,18,17,
ORIGINATING_CALL; may be certified by later reconciliation,,,,,2,False,1,high-rank-foundry-v1-v3:f-45bf2f5f49ee6d53ad06,,,19,18,
ORIGINATING_CALL; may be certified by later reconciliation,,,,,15,False,1,high-rank-foundry-v1-v3:f-45bf2f5f49ee6d53ad06,,,20,19,
ORIGINATING_CALL; may be certified by later reconciliation,,,,,16,False,1,high-rank-foundry-v1-v3:f-45bf2f5f49ee6d53ad06,,,21,20,
ORIGINATING_CALL; may be certified by later reconciliation,,,,,37,False,1,high-rank-foundry-v1-v3:f-45bf2f5f49ee6d53ad06,,,22,21,
ORIGINATING_CALL; may be certified by later reconciliation,,,,,3,False,1,high-rank-foundry-v1-v3:f-46a37e2fcf354796f7e3,,,18,17,
ORIGINATING_CALL; may be certified by later reconciliation,,,,,6,False,1,high-rank-foundry-v1-v3:f-46a37e2fcf354796f7e3,,,19,18,
ORIGINATING_CALL; may be certified by later reconciliation,,,,,9,False,1,high-rank-foundry-v1-v3:f-46a37e2fcf354796f7e3,,,20,19,
ORIGINATING_CALL; may be certified by later reconciliation,,,,,22,False,1,high-rank-foundry-v1-v3:f-46a37e2fcf354796f7e3,,,21,20,
ORIGINATING_CALL; may be certified by later reconciliation,,,,,43,False,1,high-rank-foundry-v1-v3:f-46a37e2fcf354796f7e3,,,22,21,
ORIGINATING_CALL; may be certified by later reconciliation,,,,,45,False,1,high-rank-foundry-v1-v3:f-46a37e2fcf354796f7e3,,,23,22,
ORIGINATING_CALL; may be certified by later reconciliation,,,,,48,True,1,high-rank-foundry-v1-v3:f-46a37e2fcf354796f7e3,,,24,23,
ORIGINATING_CALL; may be certified by later reconciliation,,,,,73,True,1,high-rank-foundry-v1-v3:f-46a37e2fcf354796f7e3,,,25,24,
ORIGINATING_CALL; may be certified by later reconciliation,,,,,74,True,1,high-rank-foundry-v1-v3:f-46a37e2fcf354796f7e3,,,26,25,
ORIGINATING_CALL; may be certified by later reconciliation,,,,,69,False,1,high-rank-foundry-v1-v3:f-46aa32a6663a013116da,,,18,17,
ORIGINATING_CALL; may be certified by later reconciliation,,,,,9,False,1,high-rank-foundry-v1-v3:f-4769c771990657601ead,,,18,17,
ORIGINATING_CALL; may be certified by later reconciliation,,,,,33,False,1,high-rank-foundry-v1-v3:f-480dff4e5edb6a6ff376,,,18,17,
ORIGINATING_CALL; may be certified by later reconciliation,,,,,40,False,1,high-rank-foundry-v1-v3:f-480dff4e5edb6a6ff376,,,19,18,
ORIGINATING_CALL; may be certified by later reconciliation,,,,,63,False,1,high-rank-foundry-v1-v3:f-480dff4e5edb6a6ff376,,,20,19,
ORIGINATING_CALL; may be certified by later reconciliation,,,,,407,False,1,high-rank-foundry-v1-v3:f-480dff4e5edb6a6ff376,,,21,20,
ORIGINATING_CALL; may be certified by later reconciliation,,,,,15,False,1,high-rank-foundry-v1-v3:f-480e741843135cf6afda,,,18,17,
ORIGINATING_CALL; may be certified by later reconciliation,,,,,102,False,1,high-rank-foundry-v1-v3:f-480e741843135cf6afda,,,19,18,
ORIGINATING_CALL; may be certified by later reconciliation,,,,,149,False,1,high-rank-foundry-v1-v3:f-480e741843135cf6afda,,,20,19,
ORIGINATING_CALL; may be certified by later reconciliation,,,,,160,False,1,high-rank-foundry-v1-v3:f-480e741843135cf6afda,,,21,20,
ORIGINATING_CALL; may be certified by later reconciliation,,,,,5,False,1,high-rank-foundry-v1-v3:f-482e00bfa2a0cdc14e9d,,,18,17,
ORIGINATING_CALL; may be certified by later reconciliation,,,,,6,False,1,high-rank-foundry-v1-v3:f-482e00bfa2a0cdc14e9d,,,19,18,
ORIGINATING_CALL; may be certified by later reconciliation,,,,,43,False,1,high-rank-foundry-v1-v3:f-482e00bfa2a0cdc14e9d,,,20,19,
ORIGINATING_CALL; may be certified by later reconciliation,,,,,48,False,1,high-rank-foundry-v1-v3:f-482e00bfa2a0cdc14e9d,,,21,20,
ORIGINATING_CALL; may be certified by later reconciliation,,,,,53,False,1,high-rank-foundry-v1-v3:f-482e00bfa2a0cdc14e9d,,,22,21,
ORIGINATING_CALL; may be certified by later reconciliation,,,,,56,False,1,high-rank-foundry-v1-v3:f-482e00bfa2a0cdc14e9d,,,23,22,
ORIGINATING_CALL; may be certified by later reconciliation,,,,,65,True,1,high-rank-foundry-v1-v3:f-482e00bfa2a0cdc14e9d,,,24,23,
ORIGINATING_CALL; may be certified by later reconciliation,,,,,3,False,1,high-rank-foundry-v1-v3:f-48eae5a992ea7cfcd0d7,,,18,17,
ORIGINATING_CALL; may be certified by later reconciliation,,,,,49,False,1,high-rank-foundry-v1-v3:f-4993884a932947f40109,,,18,17,
ORIGINATING_CALL; may be certified by later reconciliation,,,,,1,False,1,high-rank-foundry-v1-v3:f-4af55a33f2add9905326,,,18,17,
ORIGINATING_CALL; may be certified by later reconciliation,,,,,3,False,1,high-rank-foundry-v1-v3:f-4dc9e002a737146bdf83,,,18,17,
ORIGINATING_CALL; may be certified by later reconciliation,,,,,27,False,1,high-rank-foundry-v1-v3:f-4dd56b1ef068dabd0b5f,,,18,17,
ORIGINATING_CALL; may be certified by later reconciliation,,,,,52,False,1,high-rank-foundry-v1-v3:f-4dd56b1ef068dabd0b5f,,,19,18,
ORIGINATING_CALL; may be certified by later reconciliation,,,,,1,False,3,high-rank-foundry-v1-v3:f-4dde557ed6f9f2af15a1,,,20,17,
ORIGINATING_CALL; may be certified by later reconciliation,,,,,2,False,2,high-rank-foundry-v1-v3:f-4dde557ed6f9f2af15a1,,,22,20,
ORIGINATING_CALL; may be certified by later reconciliation,,,,,7,False,1,high-rank-foundry-v1-v3:f-4dde557ed6f9f2af15a1,,,23,22,
ORIGINATING_CALL; may be certified by later reconciliation,,,,,21,False,1,high-rank-foundry-v1-v3:f-4e8a7946a2563153cc82,,,18,17,
ORIGINATING_CALL; may be certified by later reconciliation,,,,,24,False,1,high-rank-foundry-v1-v3:f-4e8a7946a2563153cc82,,,19,18,
ORIGINATING_CALL; may be certified by later reconciliation,,,,,27,False,1,high-rank-foundry-v1-v3:f-4e8a7946a2563153cc82,,,20,19,
ORIGINATING_CALL; may be certified by later reconciliation,,,,,56,False,1,high-rank-foundry-v1-v3:f-4e8a7946a2563153cc82,,,21,20,
ORIGINATING_CALL; may be certified by later reconciliation,,,,,5,False,1,high-rank-foundry-v1-v3:f-4fe71542f5cfd0624e7e,,,18,17,
ORIGINATING_CALL; may be certified by later reconciliation,,,,,11,False,1,high-rank-foundry-v1-v3:f-507b1ec4b475b5aa049f,,,18,17,
ORIGINATING_CALL; may be certified by later reconciliation,,,,,3,False,1,high-rank-foundry-v1-v3:f-51a1902895a0640ec37b,,,18,17,
ORIGINATING_CALL; may be certified by later reconciliation,,,,,4,False,1,high-rank-foundry-v1-v3:f-51a1902895a0640ec37b,,,19,18,
ORIGINATING_CALL; may be certified by later reconciliation,,,,,1,False,1,high-rank-foundry-v1-v3:f-52632d941ee29b4fa081,,,18,17,
ORIGINATING_CALL; may be certified by later reconciliation,,,,,4,False,1,high-rank-foundry-v1-v3:f-52632d941ee29b4fa081,,,19,18,
ORIGINATING_CALL; may be certified by later reconciliation,,,,,57,False,1,high-rank-foundry-v1-v3:f-52632d941ee29b4fa081,,,20,19,
ORIGINATING_CALL; may be certified by later reconciliation,,,,,58,False,1,high-rank-foundry-v1-v3:f-52632d941ee29b4fa081,,,21,20,
ORIGINATING_CALL; may be certified by later reconciliation,,,,,65,False,1,high-rank-foundry-v1-v3:f-52632d941ee29b4fa081,,,22,21,
ORIGINATING_CALL; may be certified by later reconciliation,,,,,8,False,1,high-rank-foundry-v1-v3:f-534737219a7e34b1d990,,,18,17,
ORIGINATING_CALL; may be certified by later reconciliation,,,,,81,False,1,high-rank-foundry-v1-v3:f-534737219a7e34b1d990,,,19,18,
ORIGINATING_CALL; may be certified by later reconciliation,,,,,98,False,1,high-rank-foundry-v1-v3:f-534737219a7e34b1d990,,,20,19,
ORIGINATING_CALL; may be certified by later reconciliation,,,,,104,False,1,high-rank-foundry-v1-v3:f-534737219a7e34b1d990,,,21,20,
ORIGINATING_CALL; may be certified by later reconciliation,,,,,1,False,1,high-rank-foundry-v1-v3:f-53f0ca4c205d1a49b9fa,,,18,17,
ORIGINATING_CALL; may be certified by later reconciliation,,,,,1,False,1,high-rank-foundry-v1-v3:f-54435dbe2971edb7ac86,,,18,17,
ORIGINATING_CALL; may be certified by later reconciliation,,,,,1,False,1,high-rank-foundry-v1-v3:f-54f5caf07c3b4e51ec16,,,18,17,
ORIGINATING_CALL; may be certified by later reconciliation,,,,,1,False,1,high-rank-foundry-v1-v3:f-55fb90805a8ab8273e30,,,18,17,
ORIGINATING_CALL; may be certified by later reconciliation,,,,,2,False,2,high-rank-foundry-v1-v3:f-55fb90805a8ab8273e30,,,20,18,
ORIGINATING_CALL; may be certified by later reconciliation,,,,,10,False,1,high-rank-foundry-v1-v3:f-55fb90805a8ab8273e30,,,21,20,
ORIGINATING_CALL; may be certified by later reconciliation,,,,,1,False,1,high-rank-foundry-v1-v3:f-56800069c3551c06901e,,,18,17,
ORIGINATING_CALL; may be certified by later reconciliation,,,,,2,False,1,high-rank-foundry-v1-v3:f-56800069c3551c06901e,,,19,18,
ORIGINATING_CALL; may be certified by later reconciliation,,,,,42,False,1,high-rank-foundry-v1-v3:f-56800069c3551c06901e,,,20,19,
ORIGINATING_CALL; may be certified by later reconciliation,,,,,49,False,1,high-rank-foundry-v1-v3:f-56800069c3551c06901e,,,21,20,
ORIGINATING_CALL; may be certified by later reconciliation,,,,,3,False,1,high-rank-foundry-v1-v3:f-56f239e03c8422367bef,,,18,17,
ORIGINATING_CALL; may be certified by later reconciliation,,,,,10,False,1,high-rank-foundry-v1-v3:f-56f239e03c8422367bef,,,19,18,
ORIGINATING_CALL; may be certified by later reconciliation,,,,,11,False,1,high-rank-foundry-v1-v3:f-56f239e03c8422367bef,,,20,19,
ORIGINATING_CALL; may be certified by later reconciliation,,,,,1,False,1,high-rank-foundry-v1-v3:f-5780213ccb20a242629a,,,18,17,
ORIGINATING_CALL; may be certified by later reconciliation,,,,,2,False,3,high-rank-foundry-v1-v3:f-5780213ccb20a242629a,,,21,18,
ORIGINATING_CALL; may be certified by later reconciliation,,,,,5,False,1,high-rank-foundry-v1-v3:f-58fa3852bbbd278e3543,,,18,17,
ORIGINATING_CALL; may be certified by later reconciliation,,,,,10,False,1,high-rank-foundry-v1-v3:f-58fa3852bbbd278e3543,,,19,18,
ORIGINATING_CALL; may be certified by later reconciliation,,,,,25,False,1,high-rank-foundry-v1-v3:f-58fa3852bbbd278e3543,,,20,19,
ORIGINATING_CALL; may be certified by later reconciliation,,,,,34,False,1,high-rank-foundry-v1-v3:f-58fa3852bbbd278e3543,,,21,20,
ORIGINATING_CALL; may be certified by later reconciliation,,,,,45,False,1,high-rank-foundry-v1-v3:f-58fa3852bbbd278e3543,,,22,21,
ORIGINATING_CALL; may be certified by later reconciliation,,,,,48,False,1,high-rank-foundry-v1-v3:f-58fa3852bbbd278e3543,,,23,22,
ORIGINATING_CALL; may be certified by later reconciliation,,,,,41,False,1,high-rank-foundry-v1-v3:f-599bf78a6904c6847fe7,,,18,17,
ORIGINATING_CALL; may be certified by later reconciliation,,,,,1,False,2,high-rank-foundry-v1-v3:f-59d568b92009189456cf,,,19,17,
ORIGINATING_CALL; may be certified by later reconciliation,,,,,10,False,1,high-rank-foundry-v1-v3:f-59d568b92009189456cf,,,20,19,
ORIGINATING_CALL; may be certified by later reconciliation,,,,,15,False,1,high-rank-foundry-v1-v3:f-59d568b92009189456cf,,,21,20,
ORIGINATING_CALL; may be certified by later reconciliation,,,,,1,False,3,high-rank-foundry-v1-v3:f-5a3c5b3daeeb38db5144,,,20,17,
ORIGINATING_CALL; may be certified by later reconciliation,,,,,2,False,2,high-rank-foundry-v1-v3:f-5a3c5b3daeeb38db5144,,,22,20,
ORIGINATING_CALL; may be certified by later reconciliation,,,,,13,False,1,high-rank-foundry-v1-v3:f-5a3c5b3daeeb38db5144,,,23,22,
ORIGINATING_CALL; may be certified by later reconciliation,,,,,28,False,1,high-rank-foundry-v1-v3:f-5b00c0f6912af120a72d,,,18,17,
ORIGINATING_CALL; may be certified by later reconciliation,,,,,61,False,1,high-rank-foundry-v1-v3:f-5b00c0f6912af120a72d,,,19,18,
ORIGINATING_CALL; may be certified by later reconciliation,,,,,99,False,1,high-rank-foundry-v1-v3:f-5b00c0f6912af120a72d,,,20,19,
ORIGINATING_CALL; may be certified by later reconciliation,,,,,3,False,2,high-rank-foundry-v1-v3:f-5b0cae89dd9324eff700,,,19,17,
ORIGINATING_CALL; may be certified by later reconciliation,,,,,10,False,1,high-rank-foundry-v1-v3:f-5b0cae89dd9324eff700,,,20,19,
ORIGINATING_CALL; may be certified by later reconciliation,,,,,13,False,1,high-rank-foundry-v1-v3:f-5b0cae89dd9324eff700,,,21,20,
ORIGINATING_CALL; may be certified by later reconciliation,,,,,16,False,1,high-rank-foundry-v1-v3:f-5b0cae89dd9324eff700,,,22,21,
ORIGINATING_CALL; may be certified by later reconciliation,,,,,1,False,1,high-rank-foundry-v1-v3:f-5b1abbbd604d9b621358,,,18,17,
ORIGINATING_CALL; may be certified by later reconciliation,,,,,20,False,1,high-rank-foundry-v1-v3:f-5b1abbbd604d9b621358,,,19,18,
ORIGINATING_CALL; may be certified by later reconciliation,,,,,51,False,1,high-rank-foundry-v1-v3:f-5b1abbbd604d9b621358,,,20,19,
ORIGINATING_CALL; may be certified by later reconciliation,,,,,82,False,1,high-rank-foundry-v1-v3:f-5b1abbbd604d9b621358,,,21,20,
ORIGINATING_CALL; may be certified by later reconciliation,,,,,85,False,1,high-rank-foundry-v1-v3:f-5b1abbbd604d9b621358,,,22,21,
ORIGINATING_CALL; may be certified by later reconciliation,,,,,11,False,1,high-rank-foundry-v1-v3:f-5cb91386af39c7f6a3f9,,,18,17,
ORIGINATING_CALL; may be certified by later reconciliation,,,,,34,False,1,high-rank-foundry-v1-v3:f-5cb91386af39c7f6a3f9,,,19,18,
ORIGINATING_CALL; may be certified by later reconciliation,,,,,39,False,1,high-rank-foundry-v1-v3:f-5cc76ee985a55a9d32f0,,,18,17,
ORIGINATING_CALL; may be certified by later reconciliation,,,,,94,False,1,high-rank-foundry-v1-v3:f-5cc76ee985a55a9d32f0,,,19,18,
ORIGINATING_CALL; may be certified by later reconciliation,,,,,149,False,1,high-rank-foundry-v1-v3:f-5cc76ee985a55a9d32f0,,,20,19,
ORIGINATING_CALL; may be certified by later reconciliation,,,,,3,False,2,high-rank-foundry-v1-v3:f-5d7362453000940d3428,,,19,17,
ORIGINATING_CALL; may be certified by later reconciliation,,,,,20,False,1,high-rank-foundry-v1-v3:f-5d7362453000940d3428,,,20,19,
ORIGINATING_CALL; may be certified by later reconciliation,,,,,35,False,1,high-rank-foundry-v1-v3:f-5d7362453000940d3428,,,21,20,
ORIGINATING_CALL; may be certified by later reconciliation,,,,,13,False,1,high-rank-foundry-v1-v3:f-5e3ca7504434c85936a5,,,18,17,
ORIGINATING_CALL; may be certified by later reconciliation,,,,,11,False,2,high-rank-foundry-v1-v3:f-5eb1859e53611f2772e6,,,19,17,
ORIGINATING_CALL; may be certified by later reconciliation,,,,,40,False,1,high-rank-foundry-v1-v3:f-5eb1859e53611f2772e6,,,20,19,
ORIGINATING_CALL; may be certified by later reconciliation,,,,,287,False,1,high-rank-foundry-v1-v3:f-5eb1859e53611f2772e6,,,21,20,
ORIGINATING_CALL; may be certified by later reconciliation,,,,,1,False,2,high-rank-foundry-v1-v3:f-5eee97e41b78fbdf3f14,,,19,17,
ORIGINATING_CALL; may be certified by later reconciliation,,,,,1,False,1,high-rank-foundry-v1-v3:f-5f57b1220c1d28f9063d,,,18,17,
ORIGINATING_CALL; may be certified by later reconciliation,,,,,18,False,1,high-rank-foundry-v1-v3:f-5f57b1220c1d28f9063d,,,19,18,
ORIGINATING_CALL; may be certified by later reconciliation,,,,,21,False,1,high-rank-foundry-v1-v3:f-5f57b1220c1d28f9063d,,,20,19,
ORIGINATING_CALL; may be certified by later reconciliation,,,,,30,False,1,high-rank-foundry-v1-v3:f-5f57b1220c1d28f9063d,,,21,20,
ORIGINATING_CALL; may be certified by later reconciliation,,,,,31,False,1,high-rank-foundry-v1-v3:f-5f57b1220c1d28f9063d,,,22,21,
ORIGINATING_CALL; may be certified by later reconciliation,,,,,1,False,1,high-rank-foundry-v1-v3:f-5f60e5cc5504e5541b1b,,,18,17,
ORIGINATING_CALL; may be certified by later reconciliation,,,,,8,False,1,high-rank-foundry-v1-v3:f-5f60e5cc5504e5541b1b,,,19,18,
ORIGINATING_CALL; may be certified by later reconciliation,,,,,35,False,1,high-rank-foundry-v1-v3:f-5f60e5cc5504e5541b1b,,,20,19,
ORIGINATING_CALL; may be certified by later reconciliation,,,,,48,False,1,high-rank-foundry-v1-v3:f-5f60e5cc5504e5541b1b,,,21,20,
ORIGINATING_CALL; may be certified by later reconciliation,,,,,1,False,1,high-rank-foundry-v1-v3:f-5f6a65a678e408511a19,,,18,17,
ORIGINATING_CALL; may be certified by later reconciliation,,,,,16,False,1,high-rank-foundry-v1-v3:f-5f6a65a678e408511a19,,,19,18,
ORIGINATING_CALL; may be certified by later reconciliation,,,,,1,False,3,high-rank-foundry-v1-v3:f-5ffd7760e52bf43b4752,,,20,17,
ORIGINATING_CALL; may be certified by later reconciliation,,,,,1,False,2,high-rank-foundry-v1-v3:f-606273eec854d2d882a5,,,19,17,
ORIGINATING_CALL; may be certified by later reconciliation,,,,,2,False,1,high-rank-foundry-v1-v3:f-606273eec854d2d882a5,,,20,19,
ORIGINATING_CALL; may be certified by later reconciliation,,,,,3,False,1,high-rank-foundry-v1-v3:f-606273eec854d2d882a5,,,21,20,
ORIGINATING_CALL; may be certified by later reconciliation,,,,,1,False,4,high-rank-foundry-v1-v3:f-614a03e9096c4a31003f,,,21,17,
ORIGINATING_CALL; may be certified by later reconciliation,,,,,2,False,1,high-rank-foundry-v1-v3:f-614a03e9096c4a31003f,,,22,21,
ORIGINATING_CALL; may be certified by later reconciliation,,,,,1,False,1,high-rank-foundry-v1-v3:f-623993602a35bd9c245a,,,18,17,
ORIGINATING_CALL; may be certified by later reconciliation,,,,,2,False,1,high-rank-foundry-v1-v3:f-623993602a35bd9c245a,,,19,18,
ORIGINATING_CALL; may be certified by later reconciliation,,,,,21,False,1,high-rank-foundry-v1-v3:f-623993602a35bd9c245a,,,20,19,
ORIGINATING_CALL; may be certified by later reconciliation,,,,,30,False,1,high-rank-foundry-v1-v3:f-623993602a35bd9c245a,,,21,20,
ORIGINATING_CALL; may be certified by later reconciliation,,,,,93,False,1,high-rank-foundry-v1-v3:f-623993602a35bd9c245a,,,22,21,
ORIGINATING_CALL; may be certified by later reconciliation,,,,,124,False,1,high-rank-foundry-v1-v3:f-623993602a35bd9c245a,,,23,22,
ORIGINATING_CALL; may be certified by later reconciliation,,,,,253,True,1,high-rank-foundry-v1-v3:f-623993602a35bd9c245a,,,24,23,
ORIGINATING_CALL; may be certified by later reconciliation,,,,,24,False,1,high-rank-foundry-v1-v3:f-62a732fd299df9f4188d,,,18,17,
ORIGINATING_CALL; may be certified by later reconciliation,,,,,47,False,1,high-rank-foundry-v1-v3:f-62a732fd299df9f4188d,,,19,18,
ORIGINATING_CALL; may be certified by later reconciliation,,,,,1,False,2,high-rank-foundry-v1-v3:f-62bde33b1140630e247d,,,19,17,
ORIGINATING_CALL; may be certified by later reconciliation,,,,,2,False,1,high-rank-foundry-v1-v3:f-62bde33b1140630e247d,,,20,19,
ORIGINATING_CALL; may be certified by later reconciliation,,,,,8,False,1,high-rank-foundry-v1-v3:f-62bde33b1140630e247d,,,21,20,
ORIGINATING_CALL; may be certified by later reconciliation,,,,,14,False,1,high-rank-foundry-v1-v3:f-62bde33b1140630e247d,,,22,21,
ORIGINATING_CALL; may be certified by later reconciliation,,,,,1,False,2,high-rank-foundry-v1-v3:f-62dbba50395eda9470c3,,,19,17,
ORIGINATING_CALL; may be certified by later reconciliation,,,,,1,False,1,high-rank-foundry-v1-v3:f-6305c094e9b048326e26,,,18,17,
ORIGINATING_CALL; may be certified by later reconciliation,,,,,1,False,1,high-rank-foundry-v1-v3:f-636d4c42f9255b78240f,,,18,17,
ORIGINATING_CALL; may be certified by later reconciliation,,,,,24,False,1,high-rank-foundry-v1-v3:f-636d4c42f9255b78240f,,,19,18,
ORIGINATING_CALL; may be certified by later reconciliation,,,,,45,False,1,high-rank-foundry-v1-v3:f-636d4c42f9255b78240f,,,20,19,
ORIGINATING_CALL; may be certified by later reconciliation,,,,,58,False,1,high-rank-foundry-v1-v3:f-636d4c42f9255b78240f,,,21,20,
ORIGINATING_CALL; may be certified by later reconciliation,,,,,1,False,1,high-rank-foundry-v1-v3:f-642b1488c469a2892167,,,18,17,
ORIGINATING_CALL; may be certified by later reconciliation,,,,,1,False,1,high-rank-foundry-v1-v3:f-651d8d5b770823359450,,,18,17,
ORIGINATING_CALL; may be certified by later reconciliation,,,,,6,False,1,high-rank-foundry-v1-v3:f-651d8d5b770823359450,,,19,18,
ORIGINATING_CALL; may be certified by later reconciliation,,,,,13,False,1,high-rank-foundry-v1-v3:f-651d8d5b770823359450,,,20,19,
ORIGINATING_CALL; may be certified by later reconciliation,,,,,44,False,1,high-rank-foundry-v1-v3:f-651d8d5b770823359450,,,21,20,
ORIGINATING_CALL; may be certified by later reconciliation,,,,,49,False,1,high-rank-foundry-v1-v3:f-651d8d5b770823359450,,,22,21,
ORIGINATING_CALL; may be certified by later reconciliation,,,,,60,False,1,high-rank-foundry-v1-v3:f-651d8d5b770823359450,,,23,22,
ORIGINATING_CALL; may be certified by later reconciliation,,,,,137,True,1,high-rank-foundry-v1-v3:f-651d8d5b770823359450,,,24,23,
ORIGINATING_CALL; may be certified by later reconciliation,,,,,69,False,1,high-rank-foundry-v1-v3:f-65281b3f449dbd4530d9,,,18,17,
ORIGINATING_CALL; may be certified by later reconciliation,,,,,1,False,5,high-rank-foundry-v1-v3:f-6551e52ded08e46620ab,,,22,17,
ORIGINATING_CALL; may be certified by later reconciliation,,,,,2,False,2,high-rank-foundry-v1-v3:f-6551e52ded08e46620ab,,,24,22,
ORIGINATING_CALL; may be certified by later reconciliation,,,,,9,True,1,high-rank-foundry-v1-v3:f-6551e52ded08e46620ab,,,25,24,
ORIGINATING_CALL; may be certified by later reconciliation,,,,,61,False,1,high-rank-foundry-v1-v3:f-6552c5f811a9ebadf811,,,18,17,
ORIGINATING_CALL; may be certified by later reconciliation,,,,,88,False,1,high-rank-foundry-v1-v3:f-6552c5f811a9ebadf811,,,19,18,
ORIGINATING_CALL; may be certified by later reconciliation,,,,,59,False,1,high-rank-foundry-v1-v3:f-655c289f0efe1d771916,,,18,17,
ORIGINATING_CALL; may be certified by later reconciliation,,,,,13,False,1,high-rank-foundry-v1-v3:f-65a002e9af57522d9df6,,,18,17,
ORIGINATING_CALL; may be certified by later reconciliation,,,,,3,False,1,high-rank-foundry-v1-v3:f-66bbf82e56a61e9c2c5a,,,18,17,
ORIGINATING_CALL; may be certified by later reconciliation,,,,,8,False,1,high-rank-foundry-v1-v3:f-66bbf82e56a61e9c2c5a,,,19,18,
ORIGINATING_CALL; may be certified by later reconciliation,,,,,11,False,1,high-rank-foundry-v1-v3:f-66bbf82e56a61e9c2c5a,,,20,19,
ORIGINATING_CALL; may be certified by later reconciliation,,,,,38,False,1,high-rank-foundry-v1-v3:f-66bbf82e56a61e9c2c5a,,,21,20,
ORIGINATING_CALL; may be certified by later reconciliation,,,,,119,False,1,high-rank-foundry-v1-v3:f-66bbf82e56a61e9c2c5a,,,22,21,
ORIGINATING_CALL; may be certified by later reconciliation,,,,,19,False,1,high-rank-foundry-v1-v3:f-67b2c4dfdd26688e0a7e,,,18,17,
ORIGINATING_CALL; may be certified by later reconciliation,,,,,11,False,1,high-rank-foundry-v1-v3:f-67ef26d6f1f1f3fc98af,,,18,17,
ORIGINATING_CALL; may be certified by later reconciliation,,,,,16,False,1,high-rank-foundry-v1-v3:f-67ef26d6f1f1f3fc98af,,,19,18,
ORIGINATING_CALL; may be certified by later reconciliation,,,,,18,False,1,high-rank-foundry-v1-v3:f-67ef26d6f1f1f3fc98af,,,20,19,
ORIGINATING_CALL; may be certified by later reconciliation,,,,,25,False,1,high-rank-foundry-v1-v3:f-67ef26d6f1f1f3fc98af,,,21,20,
ORIGINATING_CALL; may be certified by later reconciliation,,,,,40,False,1,high-rank-foundry-v1-v3:f-67ef26d6f1f1f3fc98af,,,22,21,
ORIGINATING_CALL; may be certified by later reconciliation,,,,,47,False,1,high-rank-foundry-v1-v3:f-67ef26d6f1f1f3fc98af,,,23,22,
ORIGINATING_CALL; may be certified by later reconciliation,,,,,54,True,1,high-rank-foundry-v1-v3:f-67ef26d6f1f1f3fc98af,,,24,23,
ORIGINATING_CALL; may be certified by later reconciliation,,,,,83,True,1,high-rank-foundry-v1-v3:f-67ef26d6f1f1f3fc98af,,,25,24,
ORIGINATING_CALL; may be certified by later reconciliation,,,,,1,False,1,high-rank-foundry-v1-v3:f-6900248c7fa33487b3ca,,,18,17,
ORIGINATING_CALL; may be certified by later reconciliation,,,,,6,False,1,high-rank-foundry-v1-v3:f-6900248c7fa33487b3ca,,,19,18,
ORIGINATING_CALL; may be certified by later reconciliation,,,,,17,False,1,high-rank-foundry-v1-v3:f-6900248c7fa33487b3ca,,,20,19,
ORIGINATING_CALL; may be certified by later reconciliation,,,,,18,False,1,high-rank-foundry-v1-v3:f-6900248c7fa33487b3ca,,,21,20,
ORIGINATING_CALL; may be certified by later reconciliation,,,,,29,False,1,high-rank-foundry-v1-v3:f-6900248c7fa33487b3ca,,,22,21,
ORIGINATING_CALL; may be certified by later reconciliation,,,,,1,False,1,high-rank-foundry-v1-v3:f-695dcca2bcb6a33335f6,,,18,17,
ORIGINATING_CALL; may be certified by later reconciliation,,,,,10,False,1,high-rank-foundry-v1-v3:f-695dcca2bcb6a33335f6,,,19,18,
ORIGINATING_CALL; may be certified by later reconciliation,,,,,11,False,1,high-rank-foundry-v1-v3:f-695dcca2bcb6a33335f6,,,20,19,
ORIGINATING_CALL; may be certified by later reconciliation,,,,,1,False,3,high-rank-foundry-v1-v3:f-69795ef0a4cbb5b9c9df,,,20,17,
ORIGINATING_CALL; may be certified by later reconciliation,,,,,11,False,1,high-rank-foundry-v1-v3:f-6a3138cfbe51240278d1,,,18,17,
ORIGINATING_CALL; may be certified by later reconciliation,,,,,20,False,1,high-rank-foundry-v1-v3:f-6a3138cfbe51240278d1,,,19,18,
ORIGINATING_CALL; may be certified by later reconciliation,,,,,45,False,1,high-rank-foundry-v1-v3:f-6a3138cfbe51240278d1,,,20,19,
ORIGINATING_CALL; may be certified by later reconciliation,,,,,46,False,1,high-rank-foundry-v1-v3:f-6a3138cfbe51240278d1,,,21,20,
ORIGINATING_CALL; may be certified by later reconciliation,,,,,49,False,1,high-rank-foundry-v1-v3:f-6a3138cfbe51240278d1,,,22,21,
ORIGINATING_CALL; may be certified by later reconciliation,,,,,47,False,1,high-rank-foundry-v1-v3:f-6a897cc00ef68b08c03a,,,18,17,
ORIGINATING_CALL; may be certified by later reconciliation,,,,,74,False,1,high-rank-foundry-v1-v3:f-6a897cc00ef68b08c03a,,,19,18,
ORIGINATING_CALL; may be certified by later reconciliation,,,,,97,False,1,high-rank-foundry-v1-v3:f-6a897cc00ef68b08c03a,,,20,19,
ORIGINATING_CALL; may be certified by later reconciliation,,,,,132,False,1,high-rank-foundry-v1-v3:f-6a897cc00ef68b08c03a,,,21,20,
ORIGINATING_CALL; may be certified by later reconciliation,,,,,15,False,1,high-rank-foundry-v1-v3:f-6ae43e5dee0e2e272d01,,,18,17,
ORIGINATING_CALL; may be certified by later reconciliation,,,,,32,False,1,high-rank-foundry-v1-v3:f-6ae43e5dee0e2e272d01,,,19,18,
ORIGINATING_CALL; may be certified by later reconciliation,,,,,35,False,1,high-rank-foundry-v1-v3:f-6ae43e5dee0e2e272d01,,,20,19,
ORIGINATING_CALL; may be certified by later reconciliation,,,,,44,False,1,high-rank-foundry-v1-v3:f-6ae43e5dee0e2e272d01,,,21,20,
ORIGINATING_CALL; may be certified by later reconciliation,,,,,45,False,1,high-rank-foundry-v1-v3:f-6ae43e5dee0e2e272d01,,,22,21,
ORIGINATING_CALL; may be certified by later reconciliation,,,,,93,False,1,high-rank-foundry-v1-v3:f-6ae43e5dee0e2e272d01,,,23,22,
ORIGINATING_CALL; may be certified by later reconciliation,,,,,140,True,1,high-rank-foundry-v1-v3:f-6ae43e5dee0e2e272d01,,,24,23,
ORIGINATING_CALL; may be certified by later reconciliation,,,,,141,True,1,high-rank-foundry-v1-v3:f-6ae43e5dee0e2e272d01,,,25,24,
ORIGINATING_CALL; may be certified by later reconciliation,,,,,17,False,1,high-rank-foundry-v1-v3:f-6b5ae31c63e3741631e0,,,18,17,
ORIGINATING_CALL; may be certified by later reconciliation,,,,,5,False,1,high-rank-foundry-v1-v3:f-6b6e63ece57d64fdcc8a,,,18,17,
ORIGINATING_CALL; may be certified by later reconciliation,,,,,8,False,1,high-rank-foundry-v1-v3:f-6b6e63ece57d64fdcc8a,,,19,18,
ORIGINATING_CALL; may be certified by later reconciliation,,,,,13,False,1,high-rank-foundry-v1-v3:f-6b6e63ece57d64fdcc8a,,,20,19,
ORIGINATING_CALL; may be certified by later reconciliation,,,,,138,False,1,high-rank-foundry-v1-v3:f-6b6e63ece57d64fdcc8a,,,21,20,
ORIGINATING_CALL; may be certified by later reconciliation,,,,,7,False,1,high-rank-foundry-v1-v3:f-6b97f4c5b72f42bf7361,,,18,17,
ORIGINATING_CALL; may be certified by later reconciliation,,,,,62,False,1,high-rank-foundry-v1-v3:f-6b97f4c5b72f42bf7361,,,19,18,
ORIGINATING_CALL; may be certified by later reconciliation,,,,,79,False,1,high-rank-foundry-v1-v3:f-6b97f4c5b72f42bf7361,,,20,19,
ORIGINATING_CALL; may be certified by later reconciliation,,,,,118,False,1,high-rank-foundry-v1-v3:f-6b97f4c5b72f42bf7361,,,21,20,
ORIGINATING_CALL; may be certified by later reconciliation,,,,,189,False,1,high-rank-foundry-v1-v3:f-6b97f4c5b72f42bf7361,,,22,21,
ORIGINATING_CALL; may be certified by later reconciliation,,,,,202,False,1,high-rank-foundry-v1-v3:f-6b97f4c5b72f42bf7361,,,23,22,
ORIGINATING_CALL; may be certified by later reconciliation,,,,,41,False,1,high-rank-foundry-v1-v3:f-6cbb6ef9c132df7f29f4,,,18,17,
ORIGINATING_CALL; may be certified by later reconciliation,,,,,10,False,1,high-rank-foundry-v1-v3:f-6cf834f459da75cd0882,,,18,17,
ORIGINATING_CALL; may be certified by later reconciliation,,,,,13,False,1,high-rank-foundry-v1-v3:f-6d89d6895557d79e74cd,,,18,17,
ORIGINATING_CALL; may be certified by later reconciliation,,,,,20,False,1,high-rank-foundry-v1-v3:f-6d89d6895557d79e74cd,,,19,18,
ORIGINATING_CALL; may be certified by later reconciliation,,,,,45,False,1,high-rank-foundry-v1-v3:f-6d89d6895557d79e74cd,,,20,19,
ORIGINATING_CALL; may be certified by later reconciliation,,,,,7,False,1,high-rank-foundry-v1-v3:f-6da437b61e22facb2cc6,,,18,17,
ORIGINATING_CALL; may be certified by later reconciliation,,,,,14,False,1,high-rank-foundry-v1-v3:f-6da437b61e22facb2cc6,,,19,18,
ORIGINATING_CALL; may be certified by later reconciliation,,,,,45,False,1,high-rank-foundry-v1-v3:f-6da437b61e22facb2cc6,,,20,19,
ORIGINATING_CALL; may be certified by later reconciliation,,,,,54,False,1,high-rank-foundry-v1-v3:f-6da437b61e22facb2cc6,,,21,20,
ORIGINATING_CALL; may be certified by later reconciliation,,,,,1,False,1,high-rank-foundry-v1-v3:f-6ebaf0dcb73f41039d6c,,,18,17,
ORIGINATING_CALL; may be certified by later reconciliation,,,,,4,False,1,high-rank-foundry-v1-v3:f-6ebaf0dcb73f41039d6c,,,19,18,
ORIGINATING_CALL; may be certified by later reconciliation,,,,,29,False,1,high-rank-foundry-v1-v3:f-6ebaf0dcb73f41039d6c,,,20,19,
ORIGINATING_CALL; may be certified by later reconciliation,,,,,37,False,1,high-rank-foundry-v1-v3:f-6ebaf0dcb73f41039d6c,,,21,20,
ORIGINATING_CALL; may be certified by later reconciliation,,,,,9,False,1,high-rank-foundry-v1-v3:f-6f3f7ee5072c6e092bc6,,,18,17,
ORIGINATING_CALL; may be certified by later reconciliation,,,,,9,False,1,high-rank-foundry-v1-v3:f-6f81cbd003af829577eb,,,18,17,
ORIGINATING_CALL; may be certified by later reconciliation,,,,,1,False,2,high-rank-foundry-v1-v3:f-7053c28ce92e3aab7cb8,,,19,17,
ORIGINATING_CALL; may be certified by later reconciliation,,,,,2,False,1,high-rank-foundry-v1-v3:f-7053c28ce92e3aab7cb8,,,20,19,
ORIGINATING_CALL; may be certified by later reconciliation,,,,,3,False,1,high-rank-foundry-v1-v3:f-7053c28ce92e3aab7cb8,,,21,20,
ORIGINATING_CALL; may be certified by later reconciliation,,,,,18,False,1,high-rank-foundry-v1-v3:f-7053c28ce92e3aab7cb8,,,22,21,
ORIGINATING_CALL; may be certified by later reconciliation,,,,,51,False,1,high-rank-foundry-v1-v3:f-7053c28ce92e3aab7cb8,,,23,22,
ORIGINATING_CALL; may be certified by later reconciliation,,,,,12,False,1,high-rank-foundry-v1-v3:f-705a3343cbe557f2ccff,,,18,17,
ORIGINATING_CALL; may be certified by later reconciliation,,,,,17,False,1,high-rank-foundry-v1-v3:f-705a3343cbe557f2ccff,,,19,18,
ORIGINATING_CALL; may be certified by later reconciliation,,,,,48,False,1,high-rank-foundry-v1-v3:f-705a3343cbe557f2ccff,,,20,19,
ORIGINATING_CALL; may be certified by later reconciliation,,,,,54,False,1,high-rank-foundry-v1-v3:f-705a3343cbe557f2ccff,,,21,20,
ORIGINATING_CALL; may be certified by later reconciliation,,,,,166,False,1,high-rank-foundry-v1-v3:f-705a3343cbe557f2ccff,,,22,21,
ORIGINATING_CALL; may be certified by later reconciliation,,,,,287,False,1,high-rank-foundry-v1-v3:f-705a3343cbe557f2ccff,,,23,22,
ORIGINATING_CALL; may be certified by later reconciliation,,,,,69,False,1,high-rank-foundry-v1-v3:f-70976995f7ebd9609b6e,,,18,17,
ORIGINATING_CALL; may be certified by later reconciliation,,,,,90,False,1,high-rank-foundry-v1-v3:f-70976995f7ebd9609b6e,,,19,18,
ORIGINATING_CALL; may be certified by later reconciliation,,,,,33,False,1,high-rank-foundry-v1-v3:f-70c84580a945fd450ff4,,,18,17,
ORIGINATING_CALL; may be certified by later reconciliation,,,,,3,False,1,high-rank-foundry-v1-v3:f-70d8dc235cb37afe8449,,,18,17,
ORIGINATING_CALL; may be certified by later reconciliation,,,,,8,False,1,high-rank-foundry-v1-v3:f-70d8dc235cb37afe8449,,,19,18,
ORIGINATING_CALL; may be certified by later reconciliation,,,,,15,False,1,high-rank-foundry-v1-v3:f-70d8dc235cb37afe8449,,,20,19,
ORIGINATING_CALL; may be certified by later reconciliation,,,,,100,False,1,high-rank-foundry-v1-v3:f-70d8dc235cb37afe8449,,,21,20,
ORIGINATING_CALL; may be certified by later reconciliation,,,,,109,False,1,high-rank-foundry-v1-v3:f-70d8dc235cb37afe8449,,,22,21,
ORIGINATING_CALL; may be certified by later reconciliation,,,,,3,False,1,high-rank-foundry-v1-v3:f-70eaaee5b993ce7a6a45,,,18,17,
ORIGINATING_CALL; may be certified by later reconciliation,,,,,26,False,1,high-rank-foundry-v1-v3:f-70eaaee5b993ce7a6a45,,,19,18,
ORIGINATING_CALL; may be certified by later reconciliation,,,,,51,False,1,high-rank-foundry-v1-v3:f-70eaaee5b993ce7a6a45,,,20,19,
ORIGINATING_CALL; may be certified by later reconciliation,,,,,2,False,3,high-rank-foundry-v1-v3:f-713ea287c3c29bfe3c34,,,20,17,
ORIGINATING_CALL; may be certified by later reconciliation,,,,,31,False,1,high-rank-foundry-v1-v3:f-713ea287c3c29bfe3c34,,,21,20,
ORIGINATING_CALL; may be certified by later reconciliation,,,,,36,False,1,high-rank-foundry-v1-v3:f-713ea287c3c29bfe3c34,,,22,21,
ORIGINATING_CALL; may be certified by later reconciliation,,,,,1,False,3,high-rank-foundry-v1-v3:f-71b2bab3d837c6877dc3,,,20,17,
ORIGINATING_CALL; may be certified by later reconciliation,,,,,2,False,1,high-rank-foundry-v1-v3:f-71b2bab3d837c6877dc3,,,21,20,
ORIGINATING_CALL; may be certified by later reconciliation,,,,,3,False,1,high-rank-foundry-v1-v3:f-71b2bab3d837c6877dc3,,,22,21,
ORIGINATING_CALL; may be certified by later reconciliation,,,,,27,False,1,high-rank-foundry-v1-v3:f-71b2bfe87fbcf83c8e0f,,,18,17,
ORIGINATING_CALL; may be certified by later reconciliation,,,,,70,False,1,high-rank-foundry-v1-v3:f-71b2bfe87fbcf83c8e0f,,,19,18,
ORIGINATING_CALL; may be certified by later reconciliation,,,,,77,False,1,high-rank-foundry-v1-v3:f-71b2bfe87fbcf83c8e0f,,,20,19,
ORIGINATING_CALL; may be certified by later reconciliation,,,,,82,False,1,high-rank-foundry-v1-v3:f-71b2bfe87fbcf83c8e0f,,,21,20,
ORIGINATING_CALL; may be certified by later reconciliation,,,,,243,False,1,high-rank-foundry-v1-v3:f-71b2bfe87fbcf83c8e0f,,,22,21,
ORIGINATING_CALL; may be certified by later reconciliation,,,,,367,False,1,high-rank-foundry-v1-v3:f-71b2bfe87fbcf83c8e0f,,,23,22,
ORIGINATING_CALL; may be certified by later reconciliation,,,,,21,False,1,high-rank-foundry-v1-v3:f-71c9c68dd14e0b150a35,,,18,17,
ORIGINATING_CALL; may be certified by later reconciliation,,,,,76,False,1,high-rank-foundry-v1-v3:f-71c9c68dd14e0b150a35,,,19,18,
ORIGINATING_CALL; may be certified by later reconciliation,,,,,97,False,1,high-rank-foundry-v1-v3:f-71c9c68dd14e0b150a35,,,20,19,
ORIGINATING_CALL; may be certified by later reconciliation,,,,,1,False,3,high-rank-foundry-v1-v3:f-71edf974f0e8693ed251,,,20,17,
ORIGINATING_CALL; may be certified by later reconciliation,,,,,9,False,1,high-rank-foundry-v1-v3:f-72987128990524c94767,,,18,17,
ORIGINATING_CALL; may be certified by later reconciliation,,,,,18,False,1,high-rank-foundry-v1-v3:f-72987128990524c94767,,,19,18,
ORIGINATING_CALL; may be certified by later reconciliation,,,,,3,False,1,high-rank-foundry-v1-v3:f-73be785b4421e4285097,,,18,17,
ORIGINATING_CALL; may be certified by later reconciliation,,,,,4,False,1,high-rank-foundry-v1-v3:f-73be785b4421e4285097,,,19,18,
ORIGINATING_CALL; may be certified by later reconciliation,,,,,5,False,1,high-rank-foundry-v1-v3:f-73be785b4421e4285097,,,20,19,
ORIGINATING_CALL; may be certified by later reconciliation,,,,,8,False,1,high-rank-foundry-v1-v3:f-73be785b4421e4285097,,,21,20,
ORIGINATING_CALL; may be certified by later reconciliation,,,,,63,False,1,high-rank-foundry-v1-v3:f-73be785b4421e4285097,,,22,21,
ORIGINATING_CALL; may be certified by later reconciliation,,,,,55,False,1,high-rank-foundry-v1-v3:f-7420873fa5fe644beab0,,,18,17,
ORIGINATING_CALL; may be certified by later reconciliation,,,,,98,False,1,high-rank-foundry-v1-v3:f-7420873fa5fe644beab0,,,19,18,
ORIGINATING_CALL; may be certified by later reconciliation,,,,,113,False,1,high-rank-foundry-v1-v3:f-7420873fa5fe644beab0,,,20,19,
ORIGINATING_CALL; may be certified by later reconciliation,,,,,156,False,1,high-rank-foundry-v1-v3:f-7420873fa5fe644beab0,,,21,20,
ORIGINATING_CALL; may be certified by later reconciliation,,,,,8,False,1,high-rank-foundry-v1-v3:f-7456f64c399895a89ab7,,,18,17,
ORIGINATING_CALL; may be certified by later reconciliation,,,,,12,False,1,high-rank-foundry-v1-v3:f-74c94f9b3e005a948d4b,,,18,17,
ORIGINATING_CALL; may be certified by later reconciliation,,,,,43,False,1,high-rank-foundry-v1-v3:f-74e73cb3785619a66679,,,18,17,
ORIGINATING_CALL; may be certified by later reconciliation,,,,,1,False,5,high-rank-foundry-v1-v3:f-753364437cc39a305f25,,,22,17,
ORIGINATING_CALL; may be certified by later reconciliation,,,,,4,False,1,high-rank-foundry-v1-v3:f-753364437cc39a305f25,,,23,22,
ORIGINATING_CALL; may be certified by later reconciliation,,,,,23,False,1,high-rank-foundry-v1-v3:f-754bf37d858d8c2f0046,,,18,17,
ORIGINATING_CALL; may be certified by later reconciliation,,,,,1,False,6,high-rank-foundry-v1-v3:f-75644af4964e23e4bd6e,,,23,17,
ORIGINATING_CALL; may be certified by later reconciliation,,,,,11,False,1,high-rank-foundry-v1-v3:f-76f378be9f44a2fb54b2,,,18,17,
ORIGINATING_CALL; may be certified by later reconciliation,,,,,14,False,1,high-rank-foundry-v1-v3:f-76f378be9f44a2fb54b2,,,19,18,
ORIGINATING_CALL; may be certified by later reconciliation,,,,,19,False,1,high-rank-foundry-v1-v3:f-76f378be9f44a2fb54b2,,,20,19,
ORIGINATING_CALL; may be certified by later reconciliation,,,,,28,False,1,high-rank-foundry-v1-v3:f-76f378be9f44a2fb54b2,,,21,20,
ORIGINATING_CALL; may be certified by later reconciliation,,,,,29,False,1,high-rank-foundry-v1-v3:f-76f378be9f44a2fb54b2,,,22,21,
ORIGINATING_CALL; may be certified by later reconciliation,,,,,40,False,1,high-rank-foundry-v1-v3:f-76f378be9f44a2fb54b2,,,23,22,
ORIGINATING_CALL; may be certified by later reconciliation,,,,,49,True,1,high-rank-foundry-v1-v3:f-76f378be9f44a2fb54b2,,,24,23,
ORIGINATING_CALL; may be certified by later reconciliation,,,,,39,False,1,high-rank-foundry-v1-v3:f-7723841e1301a30ff029,,,18,17,
ORIGINATING_CALL; may be certified by later reconciliation,,,,,124,False,1,high-rank-foundry-v1-v3:f-7723841e1301a30ff029,,,19,18,
ORIGINATING_CALL; may be certified by later reconciliation,,,,,1,False,3,high-rank-foundry-v1-v3:f-775f74fa353436d12b5d,,,20,17,
ORIGINATING_CALL; may be certified by later reconciliation,,,,,2,False,1,high-rank-foundry-v1-v3:f-775f74fa353436d12b5d,,,21,20,
ORIGINATING_CALL; may be certified by later reconciliation,,,,,3,False,1,high-rank-foundry-v1-v3:f-775f74fa353436d12b5d,,,22,21,
ORIGINATING_CALL; may be certified by later reconciliation,,,,,6,False,1,high-rank-foundry-v1-v3:f-775f74fa353436d12b5d,,,23,22,
ORIGINATING_CALL; may be certified by later reconciliation,,,,,14,True,1,high-rank-foundry-v1-v3:f-775f74fa353436d12b5d,,,24,23,
ORIGINATING_CALL; may be certified by later reconciliation,,,,,33,False,1,high-rank-foundry-v1-v3:f-77aba3bb34aeae003473,,,18,17,
ORIGINATING_CALL; may be certified by later reconciliation,,,,,37,False,1,high-rank-foundry-v1-v3:f-77aba3bb34aeae003473,,,19,18,
ORIGINATING_CALL; may be certified by later reconciliation,,,,,134,False,1,high-rank-foundry-v1-v3:f-77aba3bb34aeae003473,,,20,19,
ORIGINATING_CALL; may be certified by later reconciliation,,,,,1,False,3,high-rank-foundry-v1-v3:f-77aba5e9ce369760b465,,,20,17,
ORIGINATING_CALL; may be certified by later reconciliation,,,,,2,False,2,high-rank-foundry-v1-v3:f-77aba5e9ce369760b465,,,22,20,
ORIGINATING_CALL; may be certified by later reconciliation,,,,,5,False,2,high-rank-foundry-v1-v3:f-77aba5e9ce369760b465,,,24,22,
ORIGINATING_CALL; may be certified by later reconciliation,,,,,1,False,2,high-rank-foundry-v1-v3:f-78a59595d999a798e0a5,,,19,17,
ORIGINATING_CALL; may be certified by later reconciliation,,,,,4,False,1,high-rank-foundry-v1-v3:f-791aa559482e94dbacd5,,,18,17,
ORIGINATING_CALL; may be certified by later reconciliation,,,,,7,False,1,high-rank-foundry-v1-v3:f-791aa559482e94dbacd5,,,19,18,
ORIGINATING_CALL; may be certified by later reconciliation,,,,,10,False,1,high-rank-foundry-v1-v3:f-791aa559482e94dbacd5,,,20,19,
ORIGINATING_CALL; may be certified by later reconciliation,,,,,68,False,1,high-rank-foundry-v1-v3:f-791aa559482e94dbacd5,,,21,20,
ORIGINATING_CALL; may be certified by later reconciliation,,,,,80,False,1,high-rank-foundry-v1-v3:f-791aa559482e94dbacd5,,,22,21,
ORIGINATING_CALL; may be certified by later reconciliation,,,,,65,False,1,high-rank-foundry-v1-v3:f-7945348bb8c63b5b780e,,,18,17,
ORIGINATING_CALL; may be certified by later reconciliation,,,,,9,False,1,high-rank-foundry-v1-v3:f-79da873f5315bec9bb7d,,,18,17,
ORIGINATING_CALL; may be certified by later reconciliation,,,,,18,False,1,high-rank-foundry-v1-v3:f-79da873f5315bec9bb7d,,,19,18,
ORIGINATING_CALL; may be certified by later reconciliation,,,,,109,False,1,high-rank-foundry-v1-v3:f-79da873f5315bec9bb7d,,,20,19,
ORIGINATING_CALL; may be certified by later reconciliation,,,,,3,False,1,high-rank-foundry-v1-v3:f-7a98c0e4ce70fa96d867,,,18,17,
ORIGINATING_CALL; may be certified by later reconciliation,,,,,4,False,1,high-rank-foundry-v1-v3:f-7a98c0e4ce70fa96d867,,,19,18,
ORIGINATING_CALL; may be certified by later reconciliation,,,,,5,False,1,high-rank-foundry-v1-v3:f-7a98c0e4ce70fa96d867,,,20,19,
ORIGINATING_CALL; may be certified by later reconciliation,,,,,8,False,1,high-rank-foundry-v1-v3:f-7a98c0e4ce70fa96d867,,,21,20,
ORIGINATING_CALL; may be certified by later reconciliation,,,,,3,False,3,high-rank-foundry-v1-v3:f-7b244d8a66d6deebf111,,,20,17,
ORIGINATING_CALL; may be certified by later reconciliation,,,,,108,False,1,high-rank-foundry-v1-v3:f-7b244d8a66d6deebf111,,,21,20,
ORIGINATING_CALL; may be certified by later reconciliation,,,,,23,False,1,high-rank-foundry-v1-v3:f-7b938d9199b76469e714,,,18,17,
ORIGINATING_CALL; may be certified by later reconciliation,,,,,28,False,1,high-rank-foundry-v1-v3:f-7b938d9199b76469e714,,,19,18,
ORIGINATING_CALL; may be certified by later reconciliation,,,,,51,False,1,high-rank-foundry-v1-v3:f-7b938d9199b76469e714,,,20,19,
ORIGINATING_CALL; may be certified by later reconciliation,,,,,60,False,1,high-rank-foundry-v1-v3:f-7b938d9199b76469e714,,,21,20,
ORIGINATING_CALL; may be certified by later reconciliation,,,,,19,False,1,high-rank-foundry-v1-v3:f-7bb2c896ed3ab785bad8,,,18,17,
ORIGINATING_CALL; may be certified by later reconciliation,,,,,1,False,2,high-rank-foundry-v1-v3:f-7dcde6150dbc8ae0f415,,,19,17,
ORIGINATING_CALL; may be certified by later reconciliation,,,,,2,False,1,high-rank-foundry-v1-v3:f-7dcde6150dbc8ae0f415,,,20,19,
ORIGINATING_CALL; may be certified by later reconciliation,,,,,7,False,1,high-rank-foundry-v1-v3:f-7dcde6150dbc8ae0f415,,,21,20,
ORIGINATING_CALL; may be certified by later reconciliation,,,,,12,False,1,high-rank-foundry-v1-v3:f-7dcde6150dbc8ae0f415,,,22,21,
ORIGINATING_CALL; may be certified by later reconciliation,,,,,15,False,1,high-rank-foundry-v1-v3:f-7dcde6150dbc8ae0f415,,,23,22,
ORIGINATING_CALL; may be certified by later reconciliation,,,,,1,False,1,high-rank-foundry-v1-v3:f-7e352aa857864abd7839,,,18,17,
ORIGINATING_CALL; may be certified by later reconciliation,,,,,7,False,1,high-rank-foundry-v1-v3:f-7e9e20cfceafb662abbf,,,18,17,
ORIGINATING_CALL; may be certified by later reconciliation,,,,,8,False,1,high-rank-foundry-v1-v3:f-7e9e20cfceafb662abbf,,,19,18,
ORIGINATING_CALL; may be certified by later reconciliation,,,,,45,False,1,high-rank-foundry-v1-v3:f-7e9e20cfceafb662abbf,,,20,19,
ORIGINATING_CALL; may be certified by later reconciliation,,,,,59,False,1,high-rank-foundry-v1-v3:f-7f0d5dd4d81e81f312d9,,,18,17,
ORIGINATING_CALL; may be certified by later reconciliation,,,,,132,False,1,high-rank-foundry-v1-v3:f-7f0d5dd4d81e81f312d9,,,19,18,
ORIGINATING_CALL; may be certified by later reconciliation,,,,,1,False,1,high-rank-foundry-v1-v3:f-7fe8e7bdea8f5dc10598,,,18,17,
ORIGINATING_CALL; may be certified by later reconciliation,,,,,10,False,1,high-rank-foundry-v1-v3:f-7fe8e7bdea8f5dc10598,,,19,18,
ORIGINATING_CALL; may be certified by later reconciliation,,,,,11,False,1,high-rank-foundry-v1-v3:f-7fe8e7bdea8f5dc10598,,,20,19,
ORIGINATING_CALL; may be certified by later reconciliation,,,,,48,False,1,high-rank-foundry-v1-v3:f-7fe8e7bdea8f5dc10598,,,21,20,
ORIGINATING_CALL; may be certified by later reconciliation,,,,,53,False,1,high-rank-foundry-v1-v3:f-7fe8e7bdea8f5dc10598,,,22,21,
ORIGINATING_CALL; may be certified by later reconciliation,,,,,1,False,3,high-rank-foundry-v1-v3:f-8027af23a6576dad42c6,,,20,17,
ORIGINATING_CALL; may be certified by later reconciliation,,,,,4,False,1,high-rank-foundry-v1-v3:f-8027af23a6576dad42c6,,,21,20,
ORIGINATING_CALL; may be certified by later reconciliation,,,,,13,False,1,high-rank-foundry-v1-v3:f-8027af23a6576dad42c6,,,22,21,
ORIGINATING_CALL; may be certified by later reconciliation,,,,,2,False,1,high-rank-foundry-v1-v3:f-810f4e9eaab0b4f58e10,,,18,17,
ORIGINATING_CALL; may be certified by later reconciliation,,,,,73,False,1,high-rank-foundry-v1-v3:f-81367f3a54ae1b26901d,,,18,17,
ORIGINATING_CALL; may be certified by later reconciliation,,,,,1,False,1,high-rank-foundry-v1-v3:f-81991f40969ea689256b,,,18,17,
ORIGINATING_CALL; may be certified by later reconciliation,,,,,4,False,1,high-rank-foundry-v1-v3:f-81991f40969ea689256b,,,19,18,
ORIGINATING_CALL; may be certified by later reconciliation,,,,,33,False,1,high-rank-foundry-v1-v3:f-81991f40969ea689256b,,,20,19,
ORIGINATING_CALL; may be certified by later reconciliation,,,,,2,False,1,high-rank-foundry-v1-v3:f-81f4aa85bc123db68f84,,,18,17,
ORIGINATING_CALL; may be certified by later reconciliation,,,,,3,False,1,high-rank-foundry-v1-v3:f-81f4aa85bc123db68f84,,,19,18,
ORIGINATING_CALL; may be certified by later reconciliation,,,,,4,False,1,high-rank-foundry-v1-v3:f-81f4aa85bc123db68f84,,,20,19,
ORIGINATING_CALL; may be certified by later reconciliation,,,,,5,False,1,high-rank-foundry-v1-v3:f-81f4aa85bc123db68f84,,,21,20,
ORIGINATING_CALL; may be certified by later reconciliation,,,,,12,False,1,high-rank-foundry-v1-v3:f-81f4aa85bc123db68f84,,,22,21,
ORIGINATING_CALL; may be certified by later reconciliation,,,,,35,False,1,high-rank-foundry-v1-v3:f-82433802e30c52006e9f,,,18,17,
ORIGINATING_CALL; may be certified by later reconciliation,,,,,19,False,1,high-rank-foundry-v1-v3:f-824ae2c22e15646b7e79,,,18,17,
ORIGINATING_CALL; may be certified by later reconciliation,,,,,50,False,1,high-rank-foundry-v1-v3:f-824ae2c22e15646b7e79,,,19,18,
ORIGINATING_CALL; may be certified by later reconciliation,,,,,155,False,1,high-rank-foundry-v1-v3:f-824ae2c22e15646b7e79,,,20,19,
ORIGINATING_CALL; may be certified by later reconciliation,,,,,252,False,1,high-rank-foundry-v1-v3:f-824ae2c22e15646b7e79,,,21,20,
ORIGINATING_CALL; may be certified by later reconciliation,,,,,9,False,1,high-rank-foundry-v1-v3:f-82545ab3fde9a0c8a7a0,,,18,17,
ORIGINATING_CALL; may be certified by later reconciliation,,,,,50,False,1,high-rank-foundry-v1-v3:f-82545ab3fde9a0c8a7a0,,,19,18,
ORIGINATING_CALL; may be certified by later reconciliation,,,,,97,False,1,high-rank-foundry-v1-v3:f-82545ab3fde9a0c8a7a0,,,20,19,
ORIGINATING_CALL; may be certified by later reconciliation,,,,,1,False,2,high-rank-foundry-v1-v3:f-8292e7dbbf58a0a90665,,,19,17,
ORIGINATING_CALL; may be certified by later reconciliation,,,,,85,False,1,high-rank-foundry-v1-v3:f-8297214edc3a3b1acfed,,,18,17,
ORIGINATING_CALL; may be certified by later reconciliation,,,,,6,False,1,high-rank-foundry-v1-v3:f-839b71ea3727c8dd8c47,,,18,17,
ORIGINATING_CALL; may be certified by later reconciliation,,,,,9,False,1,high-rank-foundry-v1-v3:f-839b71ea3727c8dd8c47,,,19,18,
ORIGINATING_CALL; may be certified by later reconciliation,,,,,36,False,1,high-rank-foundry-v1-v3:f-839b71ea3727c8dd8c47,,,20,19,
ORIGINATING_CALL; may be certified by later reconciliation,,,,,51,False,1,high-rank-foundry-v1-v3:f-839b71ea3727c8dd8c47,,,21,20,
ORIGINATING_CALL; may be certified by later reconciliation,,,,,88,False,1,high-rank-foundry-v1-v3:f-839b71ea3727c8dd8c47,,,22,21,
ORIGINATING_CALL; may be certified by later reconciliation,,,,,17,False,1,high-rank-foundry-v1-v3:f-83b363aac4575316f319,,,18,17,
ORIGINATING_CALL; may be certified by later reconciliation,,,,,3,False,1,high-rank-foundry-v1-v3:f-847f3ef754741a3ec85d,,,18,17,
ORIGINATING_CALL; may be certified by later reconciliation,,,,,52,False,1,high-rank-foundry-v1-v3:f-847f3ef754741a3ec85d,,,19,18,
ORIGINATING_CALL; may be certified by later reconciliation,,,,,113,False,1,high-rank-foundry-v1-v3:f-847f3ef754741a3ec85d,,,20,19,
ORIGINATING_CALL; may be certified by later reconciliation,,,,,9,False,1,high-rank-foundry-v1-v3:f-84c3c6602a7a502dd347,,,18,17,
ORIGINATING_CALL; may be certified by later reconciliation,,,,,24,False,1,high-rank-foundry-v1-v3:f-84c3c6602a7a502dd347,,,19,18,
ORIGINATING_CALL; may be certified by later reconciliation,,,,,29,False,1,high-rank-foundry-v1-v3:f-84c3c6602a7a502dd347,,,20,19,
ORIGINATING_CALL; may be certified by later reconciliation,,,,,66,False,2,high-rank-foundry-v1-v3:f-84c3c6602a7a502dd347,,,22,20,
ORIGINATING_CALL; may be certified by later reconciliation,,,,,9,False,1,high-rank-foundry-v1-v3:f-857c338903e3bbef407c,,,18,17,
ORIGINATING_CALL; may be certified by later reconciliation,,,,,32,False,1,high-rank-foundry-v1-v3:f-857c338903e3bbef407c,,,19,18,
ORIGINATING_CALL; may be certified by later reconciliation,,,,,33,False,1,high-rank-foundry-v1-v3:f-857c338903e3bbef407c,,,20,19,
ORIGINATING_CALL; may be certified by later reconciliation,,,,,76,False,1,high-rank-foundry-v1-v3:f-857c338903e3bbef407c,,,21,20,
ORIGINATING_CALL; may be certified by later reconciliation,,,,,133,False,1,high-rank-foundry-v1-v3:f-857c338903e3bbef407c,,,22,21,
ORIGINATING_CALL; may be certified by later reconciliation,,,,,1,False,1,high-rank-foundry-v1-v3:f-8734f952a727e75d988a,,,18,17,
ORIGINATING_CALL; may be certified by later reconciliation,,,,,6,False,1,high-rank-foundry-v1-v3:f-8734f952a727e75d988a,,,19,18,
ORIGINATING_CALL; may be certified by later reconciliation,,,,,9,False,2,high-rank-foundry-v1-v3:f-8734f952a727e75d988a,,,21,19,
ORIGINATING_CALL; may be certified by later reconciliation,,,,,28,False,1,high-rank-foundry-v1-v3:f-8734f952a727e75d988a,,,22,21,
ORIGINATING_CALL; may be certified by later reconciliation,,,,,29,False,1,high-rank-foundry-v1-v3:f-8734f952a727e75d988a,,,23,22,
ORIGINATING_CALL; may be certified by later reconciliation,,,,,30,True,1,high-rank-foundry-v1-v3:f-8734f952a727e75d988a,,,24,23,
ORIGINATING_CALL; may be certified by later reconciliation,,,,,9,False,1,high-rank-foundry-v1-v3:f-8c23b809b96c52834e3b,,,18,17,
ORIGINATING_CALL; may be certified by later reconciliation,,,,,1,False,2,high-rank-foundry-v1-v3:f-8cb19739b7eeeb631efc,,,19,17,
ORIGINATING_CALL; may be certified by later reconciliation,,,,,2,False,1,high-rank-foundry-v1-v3:f-8cb19739b7eeeb631efc,,,20,19,
ORIGINATING_CALL; may be certified by later reconciliation,,,,,3,False,1,high-rank-foundry-v1-v3:f-8cb19739b7eeeb631efc,,,21,20,
ORIGINATING_CALL; may be certified by later reconciliation,,,,,12,False,1,high-rank-foundry-v1-v3:f-8cb19739b7eeeb631efc,,,22,21,
ORIGINATING_CALL; may be certified by later reconciliation,,,,,3,False,1,high-rank-foundry-v1-v3:f-8ced6eb7e9c976145cd2,,,18,17,
ORIGINATING_CALL; may be certified by later reconciliation,,,,,6,False,1,high-rank-foundry-v1-v3:f-8ced6eb7e9c976145cd2,,,19,18,
ORIGINATING_CALL; may be certified by later reconciliation,,,,,27,False,1,high-rank-foundry-v1-v3:f-8d1988eb439ca23d216c,,,18,17,
ORIGINATING_CALL; may be certified by later reconciliation,,,,,49,False,2,high-rank-foundry-v1-v3:f-8d890ea669036c4a06ee,,,19,17,
ORIGINATING_CALL; may be certified by later reconciliation,,,,,58,False,1,high-rank-foundry-v1-v3:f-8d890ea669036c4a06ee,,,20,19,
ORIGINATING_CALL; may be certified by later reconciliation,,,,,129,False,1,high-rank-foundry-v1-v3:f-8d890ea669036c4a06ee,,,21,20,
ORIGINATING_CALL; may be certified by later reconciliation,,,,,150,False,1,high-rank-foundry-v1-v3:f-8d890ea669036c4a06ee,,,22,21,
ORIGINATING_CALL; may be certified by later reconciliation,,,,,9,False,1,high-rank-foundry-v1-v3:f-8e039bddba0612e8d615,,,18,17,
ORIGINATING_CALL; may be certified by later reconciliation,,,,,12,False,1,high-rank-foundry-v1-v3:f-8e039bddba0612e8d615,,,19,18,
ORIGINATING_CALL; may be certified by later reconciliation,,,,,37,False,1,high-rank-foundry-v1-v3:f-8e039bddba0612e8d615,,,20,19,
ORIGINATING_CALL; may be certified by later reconciliation,,,,,40,False,1,high-rank-foundry-v1-v3:f-8e039bddba0612e8d615,,,21,20,
ORIGINATING_CALL; may be certified by later reconciliation,,,,,45,False,1,high-rank-foundry-v1-v3:f-8e039bddba0612e8d615,,,22,21,
ORIGINATING_CALL; may be certified by later reconciliation,,,,,46,False,1,high-rank-foundry-v1-v3:f-8e039bddba0612e8d615,,,23,22,
ORIGINATING_CALL; may be certified by later reconciliation,,,,,167,True,1,high-rank-foundry-v1-v3:f-8e039bddba0612e8d615,,,24,23,
ORIGINATING_CALL; may be certified by later reconciliation,,,,,1,False,4,high-rank-foundry-v1-v3:f-8e072f2a07c5a114d552,,,21,17,
ORIGINATING_CALL; may be certified by later reconciliation,,,,,15,False,1,high-rank-foundry-v1-v3:f-8e44379ffa7b8a9ffa4d,,,18,17,
ORIGINATING_CALL; may be certified by later reconciliation,,,,,16,False,1,high-rank-foundry-v1-v3:f-8e44379ffa7b8a9ffa4d,,,19,18,
ORIGINATING_CALL; may be certified by later reconciliation,,,,,19,False,1,high-rank-foundry-v1-v3:f-8e44379ffa7b8a9ffa4d,,,20,19,
ORIGINATING_CALL; may be certified by later reconciliation,,,,,148,False,1,high-rank-foundry-v1-v3:f-8e44379ffa7b8a9ffa4d,,,21,20,
ORIGINATING_CALL; may be certified by later reconciliation,,,,,193,False,1,high-rank-foundry-v1-v3:f-8e44379ffa7b8a9ffa4d,,,22,21,
ORIGINATING_CALL; may be certified by later reconciliation,,,,,242,False,1,high-rank-foundry-v1-v3:f-8e44379ffa7b8a9ffa4d,,,23,22,
ORIGINATING_CALL; may be certified by later reconciliation,,,,,1,False,2,high-rank-foundry-v1-v3:f-8ed24062f0a39ef2ac20,,,19,17,
ORIGINATING_CALL; may be certified by later reconciliation,,,,,15,False,1,high-rank-foundry-v1-v3:f-903b872aa564b35a8198,,,18,17,
ORIGINATING_CALL; may be certified by later reconciliation,,,,,28,False,1,high-rank-foundry-v1-v3:f-903b872aa564b35a8198,,,19,18,
ORIGINATING_CALL; may be certified by later reconciliation,,,,,35,False,1,high-rank-foundry-v1-v3:f-903b872aa564b35a8198,,,20,19,
ORIGINATING_CALL; may be certified by later reconciliation,,,,,116,False,1,high-rank-foundry-v1-v3:f-903b872aa564b35a8198,,,21,20,
ORIGINATING_CALL; may be certified by later reconciliation,,,,,147,False,1,high-rank-foundry-v1-v3:f-903b872aa564b35a8198,,,22,21,
ORIGINATING_CALL; may be certified by later reconciliation,,,,,324,False,1,high-rank-foundry-v1-v3:f-903b872aa564b35a8198,,,23,22,
ORIGINATING_CALL; may be certified by later reconciliation,,,,,337,True,1,high-rank-foundry-v1-v3:f-903b872aa564b35a8198,,,24,23,
ORIGINATING_CALL; may be certified by later reconciliation,,,,,1,False,2,high-rank-foundry-v1-v3:f-9417b572a1d65210021a,,,19,17,
ORIGINATING_CALL; may be certified by later reconciliation,,,,,3,False,1,high-rank-foundry-v1-v3:f-944581e165256ec8b77b,,,18,17,
ORIGINATING_CALL; may be certified by later reconciliation,,,,,52,False,1,high-rank-foundry-v1-v3:f-944581e165256ec8b77b,,,19,18,
ORIGINATING_CALL; may be certified by later reconciliation,,,,,93,False,1,high-rank-foundry-v1-v3:f-944581e165256ec8b77b,,,20,19,
ORIGINATING_CALL; may be certified by later reconciliation,,,,,1,False,2,high-rank-foundry-v1-v3:f-948391aecf84b1ce92ea,,,19,17,
ORIGINATING_CALL; may be certified by later reconciliation,,,,,2,False,1,high-rank-foundry-v1-v3:f-948391aecf84b1ce92ea,,,20,19,
ORIGINATING_CALL; may be certified by later reconciliation,,,,,11,False,1,high-rank-foundry-v1-v3:f-948391aecf84b1ce92ea,,,21,20,
ORIGINATING_CALL; may be certified by later reconciliation,,,,,34,False,1,high-rank-foundry-v1-v3:f-948391aecf84b1ce92ea,,,22,21,
ORIGINATING_CALL; may be certified by later reconciliation,,,,,1,False,2,high-rank-foundry-v1-v3:f-94930909bf9d28c0ef00,,,19,17,
ORIGINATING_CALL; may be certified by later reconciliation,,,,,2,False,1,high-rank-foundry-v1-v3:f-94930909bf9d28c0ef00,,,20,19,
ORIGINATING_CALL; may be certified by later reconciliation,,,,,23,False,1,high-rank-foundry-v1-v3:f-94930909bf9d28c0ef00,,,21,20,
ORIGINATING_CALL; may be certified by later reconciliation,,,,,80,False,1,high-rank-foundry-v1-v3:f-94930909bf9d28c0ef00,,,22,21,
ORIGINATING_CALL; may be certified by later reconciliation,,,,,81,False,1,high-rank-foundry-v1-v3:f-94930909bf9d28c0ef00,,,23,22,
ORIGINATING_CALL; may be certified by later reconciliation,,,,,100,True,1,high-rank-foundry-v1-v3:f-94930909bf9d28c0ef00,,,24,23,
ORIGINATING_CALL; may be certified by later reconciliation,,,,,1,False,1,high-rank-foundry-v1-v3:f-94a6e58a9ee3564d1d26,,,18,17,
ORIGINATING_CALL; may be certified by later reconciliation,,,,,3,False,2,high-rank-foundry-v1-v3:f-94d5a09c65ad70a3e5b6,,,19,17,
ORIGINATING_CALL; may be certified by later reconciliation,,,,,4,False,1,high-rank-foundry-v1-v3:f-94d5a09c65ad70a3e5b6,,,20,19,
ORIGINATING_CALL; may be certified by later reconciliation,,,,,7,False,1,high-rank-foundry-v1-v3:f-94d5a09c65ad70a3e5b6,,,21,20,
ORIGINATING_CALL; may be certified by later reconciliation,,,,,8,False,1,high-rank-foundry-v1-v3:f-94d5a09c65ad70a3e5b6,,,22,21,
ORIGINATING_CALL; may be certified by later reconciliation,,,,,5,False,1,high-rank-foundry-v1-v3:f-950320bde86e7815c0c7,,,18,17,
ORIGINATING_CALL; may be certified by later reconciliation,,,,,6,False,3,high-rank-foundry-v1-v3:f-950320bde86e7815c0c7,,,21,18,
ORIGINATING_CALL; may be certified by later reconciliation,,,,,9,False,1,high-rank-foundry-v1-v3:f-950320bde86e7815c0c7,,,22,21,
ORIGINATING_CALL; may be certified by later reconciliation,,,,,14,False,1,high-rank-foundry-v1-v3:f-950320bde86e7815c0c7,,,23,22,
ORIGINATING_CALL; may be certified by later reconciliation,,,,,7,False,1,high-rank-foundry-v1-v3:f-958527d8b3fe9838abb3,,,18,17,
ORIGINATING_CALL; may be certified by later reconciliation,,,,,12,False,1,high-rank-foundry-v1-v3:f-958527d8b3fe9838abb3,,,19,18,
ORIGINATING_CALL; may be certified by later reconciliation,,,,,39,False,1,high-rank-foundry-v1-v3:f-96959c00c8fb0a72448d,,,18,17,
ORIGINATING_CALL; may be certified by later reconciliation,,,,,3,False,1,high-rank-foundry-v1-v3:f-96a6dbd068fcd06312df,,,18,17,
ORIGINATING_CALL; may be certified by later reconciliation,,,,,6,False,1,high-rank-foundry-v1-v3:f-96a6dbd068fcd06312df,,,19,18,
ORIGINATING_CALL; may be certified by later reconciliation,,,,,7,False,2,high-rank-foundry-v1-v3:f-96a6dbd068fcd06312df,,,21,19,
ORIGINATING_CALL; may be certified by later reconciliation,,,,,14,False,1,high-rank-foundry-v1-v3:f-96a6dbd068fcd06312df,,,22,21,
ORIGINATING_CALL; may be certified by later reconciliation,,,,,19,False,1,high-rank-foundry-v1-v3:f-96a6dbd068fcd06312df,,,23,22,
ORIGINATING_CALL; may be certified by later reconciliation,,,,,54,True,1,high-rank-foundry-v1-v3:f-96a6dbd068fcd06312df,,,24,23,
ORIGINATING_CALL; may be certified by later reconciliation,,,,,1,False,1,high-rank-foundry-v1-v3:f-97125c0414ef3857c437,,,18,17,
ORIGINATING_CALL; may be certified by later reconciliation,,,,,2,False,1,high-rank-foundry-v1-v3:f-97125c0414ef3857c437,,,19,18,
ORIGINATING_CALL; may be certified by later reconciliation,,,,,3,False,2,high-rank-foundry-v1-v3:f-97125c0414ef3857c437,,,21,19,
ORIGINATING_CALL; may be certified by later reconciliation,,,,,22,False,1,high-rank-foundry-v1-v3:f-97125c0414ef3857c437,,,22,21,
ORIGINATING_CALL; may be certified by later reconciliation,,,,,1,False,3,high-rank-foundry-v1-v3:f-975ae8dfd73c72517b4f,,,20,17,
ORIGINATING_CALL; may be certified by later reconciliation,,,,,1,False,1,high-rank-foundry-v1-v3:f-982c2c0181340d7f2fb1,,,18,17,
ORIGINATING_CALL; may be certified by later reconciliation,,,,,63,False,1,high-rank-foundry-v1-v3:f-987468ddff13819ef194,,,18,17,
ORIGINATING_CALL; may be certified by later reconciliation,,,,,1,False,1,high-rank-foundry-v1-v3:f-98961f617b63ecd9b3ae,,,18,17,
ORIGINATING_CALL; may be certified by later reconciliation,,,,,2,False,1,high-rank-foundry-v1-v3:f-98961f617b63ecd9b3ae,,,19,18,
ORIGINATING_CALL; may be certified by later reconciliation,,,,,3,False,2,high-rank-foundry-v1-v3:f-98961f617b63ecd9b3ae,,,21,19,
ORIGINATING_CALL; may be certified by later reconciliation,,,,,24,False,1,high-rank-foundry-v1-v3:f-98961f617b63ecd9b3ae,,,22,21,
ORIGINATING_CALL; may be certified by later reconciliation,,,,,25,False,1,high-rank-foundry-v1-v3:f-98961f617b63ecd9b3ae,,,23,22,
ORIGINATING_CALL; may be certified by later reconciliation,,,,,26,True,1,high-rank-foundry-v1-v3:f-98961f617b63ecd9b3ae,,,24,23,
ORIGINATING_CALL; may be certified by later reconciliation,,,,,27,True,1,high-rank-foundry-v1-v3:f-98961f617b63ecd9b3ae,,,25,24,
ORIGINATING_CALL; may be certified by later reconciliation,,,,,1,False,1,high-rank-foundry-v1-v3:f-9934a0de46fa7fe527e0,,,18,17,
ORIGINATING_CALL; may be certified by later reconciliation,,,,,41,False,1,high-rank-foundry-v1-v3:f-9a2f80abaae3f3143cf3,,,18,17,
ORIGINATING_CALL; may be certified by later reconciliation,,,,,9,False,1,high-rank-foundry-v1-v3:f-9a5d4a9bc9f60b4608b8,,,18,17,
ORIGINATING_CALL; may be certified by later reconciliation,,,,,10,False,1,high-rank-foundry-v1-v3:f-9a5d4a9bc9f60b4608b8,,,19,18,
ORIGINATING_CALL; may be certified by later reconciliation,,,,,15,False,1,high-rank-foundry-v1-v3:f-9a5d4a9bc9f60b4608b8,,,20,19,
ORIGINATING_CALL; may be certified by later reconciliation,,,,,104,False,1,high-rank-foundry-v1-v3:f-9a5d4a9bc9f60b4608b8,,,21,20,
ORIGINATING_CALL; may be certified by later reconciliation,,,,,1,False,1,high-rank-foundry-v1-v3:f-9ad097dba1ce3474b2c6,,,18,17,
ORIGINATING_CALL; may be certified by later reconciliation,,,,,50,False,1,high-rank-foundry-v1-v3:f-9ad097dba1ce3474b2c6,,,19,18,
ORIGINATING_CALL; may be certified by later reconciliation,,,,,91,False,1,high-rank-foundry-v1-v3:f-9ad097dba1ce3474b2c6,,,20,19,
ORIGINATING_CALL; may be certified by later reconciliation,,,,,1,False,1,high-rank-foundry-v1-v3:f-9be7669efe0bfdb65968,,,18,17,
ORIGINATING_CALL; may be certified by later reconciliation,,,,,4,False,2,high-rank-foundry-v1-v3:f-9be7669efe0bfdb65968,,,20,18,
ORIGINATING_CALL; may be certified by later reconciliation,,,,,14,False,1,high-rank-foundry-v1-v3:f-9be7669efe0bfdb65968,,,21,20,
ORIGINATING_CALL; may be certified by later reconciliation,,,,,1,False,1,high-rank-foundry-v1-v3:f-9c8da63dabb5bc81a513,,,18,17,
ORIGINATING_CALL; may be certified by later reconciliation,,,,,1,False,1,high-rank-foundry-v1-v3:f-9cb36f22cd4cc0d4df9a,,,18,17,
ORIGINATING_CALL; may be certified by later reconciliation,,,,,2,False,1,high-rank-foundry-v1-v3:f-9cb36f22cd4cc0d4df9a,,,19,18,
ORIGINATING_CALL; may be certified by later reconciliation,,,,,3,False,1,high-rank-foundry-v1-v3:f-9cb36f22cd4cc0d4df9a,,,20,19,
ORIGINATING_CALL; may be certified by later reconciliation,,,,,6,False,1,high-rank-foundry-v1-v3:f-9cb36f22cd4cc0d4df9a,,,21,20,
ORIGINATING_CALL; may be certified by later reconciliation,,,,,9,False,1,high-rank-foundry-v1-v3:f-9cb36f22cd4cc0d4df9a,,,22,21,
ORIGINATING_CALL; may be certified by later reconciliation,,,,,12,False,1,high-rank-foundry-v1-v3:f-9cb36f22cd4cc0d4df9a,,,23,22,
ORIGINATING_CALL; may be certified by later reconciliation,,,,,1,False,2,high-rank-foundry-v1-v3:f-9cd337c86d4164469b99,,,19,17,
ORIGINATING_CALL; may be certified by later reconciliation,,,,,1,False,2,high-rank-foundry-v1-v3:f-9d61d6c6df88a5035985,,,19,17,
ORIGINATING_CALL; may be certified by later reconciliation,,,,,2,False,1,high-rank-foundry-v1-v3:f-9d61d6c6df88a5035985,,,20,19,
ORIGINATING_CALL; may be certified by later reconciliation,,,,,5,False,3,high-rank-foundry-v1-v3:f-9d61d6c6df88a5035985,,,23,20,
ORIGINATING_CALL; may be certified by later reconciliation,,,,,5,False,1,high-rank-foundry-v1-v3:f-9d6be965226804ac040e,,,18,17,
ORIGINATING_CALL; may be certified by later reconciliation,,,,,30,False,1,high-rank-foundry-v1-v3:f-9d6be965226804ac040e,,,19,18,
ORIGINATING_CALL; may be certified by later reconciliation,,,,,31,False,1,high-rank-foundry-v1-v3:f-9d6be965226804ac040e,,,20,19,
ORIGINATING_CALL; may be certified by later reconciliation,,,,,1,False,1,high-rank-foundry-v1-v3:f-9dc9efd3135585ae3030,,,18,17,
ORIGINATING_CALL; may be certified by later reconciliation,,,,,6,False,3,high-rank-foundry-v1-v3:f-9dc9efd3135585ae3030,,,21,18,
ORIGINATING_CALL; may be certified by later reconciliation,,,,,15,False,2,high-rank-foundry-v1-v3:f-9dc9efd3135585ae3030,,,23,21,
ORIGINATING_CALL; may be certified by later reconciliation,,,,,28,True,1,high-rank-foundry-v1-v3:f-9dc9efd3135585ae3030,,,24,23,
ORIGINATING_CALL; may be certified by later reconciliation,,,,,31,True,1,high-rank-foundry-v1-v3:f-9dc9efd3135585ae3030,,,25,24,
ORIGINATING_CALL; may be certified by later reconciliation,,,,,29,False,1,high-rank-foundry-v1-v3:f-9e5cfa7e2877c0fca1f5,,,18,17,
ORIGINATING_CALL; may be certified by later reconciliation,,,,,1,False,2,high-rank-foundry-v1-v3:f-9ed8f6d945d845e99b6f,,,19,17,
ORIGINATING_CALL; may be certified by later reconciliation,,,,,7,False,1,high-rank-foundry-v1-v3:f-9efd3b802c6753423ede,,,18,17,
ORIGINATING_CALL; may be certified by later reconciliation,,,,,1,False,3,high-rank-foundry-v1-v3:f-9f4b3ec2e463952cf293,,,20,17,
ORIGINATING_CALL; may be certified by later reconciliation,,,,,14,False,1,high-rank-foundry-v1-v3:f-9f4b3ec2e463952cf293,,,21,20,
ORIGINATING_CALL; may be certified by later reconciliation,,,,,17,False,1,high-rank-foundry-v1-v3:f-9f4b3ec2e463952cf293,,,22,21,
ORIGINATING_CALL; may be certified by later reconciliation,,,,,3,False,1,high-rank-foundry-v1-v3:f-a001845de5a03dd05578,,,18,17,
ORIGINATING_CALL; may be certified by later reconciliation,,,,,16,False,1,high-rank-foundry-v1-v3:f-a001845de5a03dd05578,,,19,18,
ORIGINATING_CALL; may be certified by later reconciliation,,,,,69,False,1,high-rank-foundry-v1-v3:f-a001845de5a03dd05578,,,20,19,
ORIGINATING_CALL; may be certified by later reconciliation,,,,,170,False,1,high-rank-foundry-v1-v3:f-a001845de5a03dd05578,,,21,20,
ORIGINATING_CALL; may be certified by later reconciliation,,,,,249,False,1,high-rank-foundry-v1-v3:f-a001845de5a03dd05578,,,22,21,
ORIGINATING_CALL; may be certified by later reconciliation,,,,,262,False,1,high-rank-foundry-v1-v3:f-a001845de5a03dd05578,,,23,22,
ORIGINATING_CALL; may be certified by later reconciliation,,,,,1,False,6,high-rank-foundry-v1-v3:f-a08a0d14efba5047593b,,,23,17,
ORIGINATING_CALL; may be certified by later reconciliation,,,,,4,True,1,high-rank-foundry-v1-v3:f-a08a0d14efba5047593b,,,24,23,
ORIGINATING_CALL; may be certified by later reconciliation,,,,,1,False,1,high-rank-foundry-v1-v3:f-a09fbd35ab4ad71af4e5,,,18,17,
ORIGINATING_CALL; may be certified by later reconciliation,,,,,4,False,1,high-rank-foundry-v1-v3:f-a09fbd35ab4ad71af4e5,,,19,18,
ORIGINATING_CALL; may be certified by later reconciliation,,,,,7,False,1,high-rank-foundry-v1-v3:f-a09fbd35ab4ad71af4e5,,,20,19,
ORIGINATING_CALL; may be certified by later reconciliation,,,,,14,False,1,high-rank-foundry-v1-v3:f-a09fbd35ab4ad71af4e5,,,21,20,
ORIGINATING_CALL; may be certified by later reconciliation,,,,,53,False,1,high-rank-foundry-v1-v3:f-a09fbd35ab4ad71af4e5,,,22,21,
ORIGINATING_CALL; may be certified by later reconciliation,,,,,1,False,4,high-rank-foundry-v1-v3:f-a0fccd44c8f885377544,,,21,17,
ORIGINATING_CALL; may be certified by later reconciliation,,,,,4,False,1,high-rank-foundry-v1-v3:f-a0fccd44c8f885377544,,,22,21,
ORIGINATING_CALL; may be certified by later reconciliation,,,,,11,False,1,high-rank-foundry-v1-v3:f-a0fccd44c8f885377544,,,23,22,
ORIGINATING_CALL; may be certified by later reconciliation,,,,,22,True,1,high-rank-foundry-v1-v3:f-a0fccd44c8f885377544,,,24,23,
ORIGINATING_CALL; may be certified by later reconciliation,,,,,33,True,1,high-rank-foundry-v1-v3:f-a0fccd44c8f885377544,,,25,24,
ORIGINATING_CALL; may be certified by later reconciliation,,,,,1,False,2,high-rank-foundry-v1-v3:f-a1f9354bf680eb7ddad9,,,19,17,
ORIGINATING_CALL; may be certified by later reconciliation,,,,,2,False,2,high-rank-foundry-v1-v3:f-a1f9354bf680eb7ddad9,,,21,19,
ORIGINATING_CALL; may be certified by later reconciliation,,,,,5,False,2,high-rank-foundry-v1-v3:f-a1f9354bf680eb7ddad9,,,23,21,
ORIGINATING_CALL; may be certified by later reconciliation,,,,,1,False,1,high-rank-foundry-v1-v3:f-a2a7ce97c4148f719596,,,18,17,
ORIGINATING_CALL; may be certified by later reconciliation,,,,,8,False,1,high-rank-foundry-v1-v3:f-a2a7ce97c4148f719596,,,19,18,
ORIGINATING_CALL; may be certified by later reconciliation,,,,,67,False,1,high-rank-foundry-v1-v3:f-a3147c3d2e732ef4f579,,,18,17,
ORIGINATING_CALL; may be certified by later reconciliation,,,,,92,False,1,high-rank-foundry-v1-v3:f-a3147c3d2e732ef4f579,,,19,18,
ORIGINATING_CALL; may be certified by later reconciliation,,,,,1,False,1,high-rank-foundry-v1-v3:f-a3dc2a69591191fc821f,,,18,17,
ORIGINATING_CALL; may be certified by later reconciliation,,,,,2,False,2,high-rank-foundry-v1-v3:f-a3dc2a69591191fc821f,,,20,18,
ORIGINATING_CALL; may be certified by later reconciliation,,,,,5,False,1,high-rank-foundry-v1-v3:f-a3dc2a69591191fc821f,,,21,20,
ORIGINATING_CALL; may be certified by later reconciliation,,,,,10,False,1,high-rank-foundry-v1-v3:f-a3dc2a69591191fc821f,,,22,21,
ORIGINATING_CALL; may be certified by later reconciliation,,,,,5,False,1,high-rank-foundry-v1-v3:f-a41f2f92e3f77a25df4d,,,18,17,
ORIGINATING_CALL; may be certified by later reconciliation,,,,,94,False,1,high-rank-foundry-v1-v3:f-a41f2f92e3f77a25df4d,,,19,18,
ORIGINATING_CALL; may be certified by later reconciliation,,,,,17,False,1,high-rank-foundry-v1-v3:f-a4877c96b7d7ff4bd643,,,18,17,
ORIGINATING_CALL; may be certified by later reconciliation,,,,,7,False,1,high-rank-foundry-v1-v3:f-a504c8cda9d9fe1414dd,,,18,17,
ORIGINATING_CALL; may be certified by later reconciliation,,,,,8,False,2,high-rank-foundry-v1-v3:f-a504c8cda9d9fe1414dd,,,20,18,
ORIGINATING_CALL; may be certified by later reconciliation,,,,,15,False,1,high-rank-foundry-v1-v3:f-a504c8cda9d9fe1414dd,,,21,20,
ORIGINATING_CALL; may be certified by later reconciliation,,,,,1,False,1,high-rank-foundry-v1-v3:f-a51b0423f333e7012013,,,18,17,
ORIGINATING_CALL; may be certified by later reconciliation,,,,,1,False,2,high-rank-foundry-v1-v3:f-a552dd89fb63320fb5e1,,,19,17,
ORIGINATING_CALL; may be certified by later reconciliation,,,,,11,False,1,high-rank-foundry-v1-v3:f-a5652f6294c590d654a3,,,18,17,
ORIGINATING_CALL; may be certified by later reconciliation,,,,,18,False,1,high-rank-foundry-v1-v3:f-a5652f6294c590d654a3,,,19,18,
ORIGINATING_CALL; may be certified by later reconciliation,,,,,5,False,1,high-rank-foundry-v1-v3:f-a5be5f43535e91dc4b40,,,18,17,
ORIGINATING_CALL; may be certified by later reconciliation,,,,,6,False,1,high-rank-foundry-v1-v3:f-a5be5f43535e91dc4b40,,,19,18,
ORIGINATING_CALL; may be certified by later reconciliation,,,,,9,False,1,high-rank-foundry-v1-v3:f-a5be5f43535e91dc4b40,,,20,19,
ORIGINATING_CALL; may be certified by later reconciliation,,,,,10,False,1,high-rank-foundry-v1-v3:f-a5be5f43535e91dc4b40,,,21,20,
ORIGINATING_CALL; may be certified by later reconciliation,,,,,23,False,1,high-rank-foundry-v1-v3:f-a5be5f43535e91dc4b40,,,22,21,
ORIGINATING_CALL; may be certified by later reconciliation,,,,,52,False,1,high-rank-foundry-v1-v3:f-a5be5f43535e91dc4b40,,,23,22,
ORIGINATING_CALL; may be certified by later reconciliation,,,,,1,False,3,high-rank-foundry-v1-v3:f-a5d50ab2f7b68e13e1ea,,,20,17,
ORIGINATING_CALL; may be certified by later reconciliation,,,,,4,False,1,high-rank-foundry-v1-v3:f-a5d50ab2f7b68e13e1ea,,,21,20,
ORIGINATING_CALL; may be certified by later reconciliation,,,,,5,False,1,high-rank-foundry-v1-v3:f-a5d50ab2f7b68e13e1ea,,,22,21,
ORIGINATING_CALL; may be certified by later reconciliation,,,,,6,False,1,high-rank-foundry-v1-v3:f-a5d50ab2f7b68e13e1ea,,,23,22,
ORIGINATING_CALL; may be certified by later reconciliation,,,,,13,True,1,high-rank-foundry-v1-v3:f-a5d50ab2f7b68e13e1ea,,,24,23,
ORIGINATING_CALL; may be certified by later reconciliation,,,,,3,False,1,high-rank-foundry-v1-v3:f-a64a1f362d04b631f59a,,,18,17,
ORIGINATING_CALL; may be certified by later reconciliation,,,,,28,False,1,high-rank-foundry-v1-v3:f-a64a1f362d04b631f59a,,,19,18,
ORIGINATING_CALL; may be certified by later reconciliation,,,,,63,False,1,high-rank-foundry-v1-v3:f-a64a1f362d04b631f59a,,,20,19,
ORIGINATING_CALL; may be certified by later reconciliation,,,,,74,False,1,high-rank-foundry-v1-v3:f-a64a1f362d04b631f59a,,,21,20,
ORIGINATING_CALL; may be certified by later reconciliation,,,,,135,False,1,high-rank-foundry-v1-v3:f-a64a1f362d04b631f59a,,,22,21,
ORIGINATING_CALL; may be certified by later reconciliation,,,,,1,False,2,high-rank-foundry-v1-v3:f-a6a983798d53221389ac,,,19,17,
ORIGINATING_CALL; may be certified by later reconciliation,,,,,7,False,1,high-rank-foundry-v1-v3:f-a6c178336731dea5f04f,,,18,17,
ORIGINATING_CALL; may be certified by later reconciliation,,,,,10,False,1,high-rank-foundry-v1-v3:f-a6c178336731dea5f04f,,,19,18,
ORIGINATING_CALL; may be certified by later reconciliation,,,,,35,False,1,high-rank-foundry-v1-v3:f-a6c178336731dea5f04f,,,20,19,
ORIGINATING_CALL; may be certified by later reconciliation,,,,,36,False,1,high-rank-foundry-v1-v3:f-a6c178336731dea5f04f,,,21,20,
ORIGINATING_CALL; may be certified by later reconciliation,,,,,37,False,1,high-rank-foundry-v1-v3:f-a6c178336731dea5f04f,,,22,21,
ORIGINATING_CALL; may be certified by later reconciliation,,,,,40,False,1,high-rank-foundry-v1-v3:f-a6c178336731dea5f04f,,,23,22,
ORIGINATING_CALL; may be certified by later reconciliation,,,,,1,False,1,high-rank-foundry-v1-v3:f-a6c70ae764f655aff524,,,18,17,
ORIGINATING_CALL; may be certified by later reconciliation,,,,,64,False,1,high-rank-foundry-v1-v3:f-a6c70ae764f655aff524,,,19,18,
ORIGINATING_CALL; may be certified by later reconciliation,,,,,69,False,1,high-rank-foundry-v1-v3:f-a6c70ae764f655aff524,,,20,19,
ORIGINATING_CALL; may be certified by later reconciliation,,,,,74,False,1,high-rank-foundry-v1-v3:f-a6c70ae764f655aff524,,,21,20,
ORIGINATING_CALL; may be certified by later reconciliation,,,,,229,False,1,high-rank-foundry-v1-v3:f-a6c70ae764f655aff524,,,22,21,
ORIGINATING_CALL; may be certified by later reconciliation,,,,,9,False,1,high-rank-foundry-v1-v3:f-a75a7118925ca1b72162,,,18,17,
ORIGINATING_CALL; may be certified by later reconciliation,,,,,10,False,1,high-rank-foundry-v1-v3:f-a75a7118925ca1b72162,,,19,18,
ORIGINATING_CALL; may be certified by later reconciliation,,,,,61,False,1,high-rank-foundry-v1-v3:f-a75a7118925ca1b72162,,,20,19,
ORIGINATING_CALL; may be certified by later reconciliation,,,,,11,False,1,high-rank-foundry-v1-v3:f-a780da78851bdcd9ef77,,,18,17,
ORIGINATING_CALL; may be certified by later reconciliation,,,,,1,False,1,high-rank-foundry-v1-v3:f-a87beb9565871be626e8,,,18,17,
ORIGINATING_CALL; may be certified by later reconciliation,,,,,9,False,1,high-rank-foundry-v1-v3:f-a916dfd0f190461b1509,,,18,17,
ORIGINATING_CALL; may be certified by later reconciliation,,,,,1,False,5,high-rank-foundry-v1-v3:f-a91a2de044d937a4ada3,,,22,17,
ORIGINATING_CALL; may be certified by later reconciliation,,,,,3,False,1,high-rank-foundry-v1-v3:f-aae9fa546746fd3612e3,,,18,17,
ORIGINATING_CALL; may be certified by later reconciliation,,,,,6,False,1,high-rank-foundry-v1-v3:f-aae9fa546746fd3612e3,,,19,18,
ORIGINATING_CALL; may be certified by later reconciliation,,,,,7,False,2,high-rank-foundry-v1-v3:f-aae9fa546746fd3612e3,,,21,19,
ORIGINATING_CALL; may be certified by later reconciliation,,,,,26,False,1,high-rank-foundry-v1-v3:f-aae9fa546746fd3612e3,,,22,21,
ORIGINATING_CALL; may be certified by later reconciliation,,,,,1,False,2,high-rank-foundry-v1-v3:f-aaef801170cfe5d0f058,,,19,17,
ORIGINATING_CALL; may be certified by later reconciliation,,,,,9,False,1,high-rank-foundry-v1-v3:f-ab4a2c07eacacaee160a,,,18,17,
ORIGINATING_CALL; may be certified by later reconciliation,,,,,23,False,1,high-rank-foundry-v1-v3:f-ab4a2c07eacacaee160a,,,19,18,
ORIGINATING_CALL; may be certified by later reconciliation,,,,,30,False,1,high-rank-foundry-v1-v3:f-ab4a2c07eacacaee160a,,,20,19,
ORIGINATING_CALL; may be certified by later reconciliation,,,,,58,False,1,high-rank-foundry-v1-v3:f-ab4a2c07eacacaee160a,,,21,20,
ORIGINATING_CALL; may be certified by later reconciliation,,,,,65,False,1,high-rank-foundry-v1-v3:f-ab4a2c07eacacaee160a,,,22,21,
ORIGINATING_CALL; may be certified by later reconciliation,,,,,156,False,1,high-rank-foundry-v1-v3:f-ab4a2c07eacacaee160a,,,23,22,
ORIGINATING_CALL; may be certified by later reconciliation,,,,,1,False,2,high-rank-foundry-v1-v3:f-abae1f0ab8775fabfedc,,,19,17,
ORIGINATING_CALL; may be certified by later reconciliation,,,,,4,False,1,high-rank-foundry-v1-v3:f-abae1f0ab8775fabfedc,,,20,19,
ORIGINATING_CALL; may be certified by later reconciliation,,,,,16,False,1,high-rank-foundry-v1-v3:f-abae1f0ab8775fabfedc,,,21,20,
ORIGINATING_CALL; may be certified by later reconciliation,,,,,103,False,1,high-rank-foundry-v1-v3:f-abae1f0ab8775fabfedc,,,22,21,
ORIGINATING_CALL; may be certified by later reconciliation,,,,,39,False,1,high-rank-foundry-v1-v3:f-ac073ceaf4a4a34b483c,,,18,17,
ORIGINATING_CALL; may be certified by later reconciliation,,,,,108,False,1,high-rank-foundry-v1-v3:f-ac073ceaf4a4a34b483c,,,19,18,
ORIGINATING_CALL; may be certified by later reconciliation,,,,,11,False,1,high-rank-foundry-v1-v3:f-ac0cb65e165fc2ec4a06,,,18,17,
ORIGINATING_CALL; may be certified by later reconciliation,,,,,12,False,1,high-rank-foundry-v1-v3:f-ac0cb65e165fc2ec4a06,,,19,18,
ORIGINATING_CALL; may be certified by later reconciliation,,,,,17,False,1,high-rank-foundry-v1-v3:f-ac0cb65e165fc2ec4a06,,,20,19,
ORIGINATING_CALL; may be certified by later reconciliation,,,,,42,False,1,high-rank-foundry-v1-v3:f-ac0cb65e165fc2ec4a06,,,21,20,
ORIGINATING_CALL; may be certified by later reconciliation,,,,,5,False,1,high-rank-foundry-v1-v3:f-acecb0ab157eb78db053,,,18,17,
ORIGINATING_CALL; may be certified by later reconciliation,,,,,1,False,1,high-rank-foundry-v1-v3:f-adc9948f2a882a64173b,,,18,17,
ORIGINATING_CALL; may be certified by later reconciliation,,,,,2,False,1,high-rank-foundry-v1-v3:f-adc9948f2a882a64173b,,,19,18,
ORIGINATING_CALL; may be certified by later reconciliation,,,,,39,False,1,high-rank-foundry-v1-v3:f-adc9948f2a882a64173b,,,20,19,
ORIGINATING_CALL; may be certified by later reconciliation,,,,,42,False,1,high-rank-foundry-v1-v3:f-adc9948f2a882a64173b,,,21,20,
ORIGINATING_CALL; may be certified by later reconciliation,,,,,67,False,1,high-rank-foundry-v1-v3:f-adc9948f2a882a64173b,,,22,21,
ORIGINATING_CALL; may be certified by later reconciliation,,,,,1,False,1,high-rank-foundry-v1-v3:f-ae878a851daad6c5b4e2,,,18,17,
ORIGINATING_CALL; may be certified by later reconciliation,,,,,2,False,4,high-rank-foundry-v1-v3:f-ae878a851daad6c5b4e2,,,22,18,
ORIGINATING_CALL; may be certified by later reconciliation,,,,,9,False,2,high-rank-foundry-v1-v3:f-ae878a851daad6c5b4e2,,,24,22,
ORIGINATING_CALL; may be certified by later reconciliation,,,,,33,False,1,high-rank-foundry-v1-v3:f-af80bf794984fe0639ca,,,18,17,
ORIGINATING_CALL; may be certified by later reconciliation,,,,,1,False,1,high-rank-foundry-v1-v3:f-b03f4092dcf7c06c1c46,,,18,17,
ORIGINATING_CALL; may be certified by later reconciliation,,,,,10,False,1,high-rank-foundry-v1-v3:f-b03f4092dcf7c06c1c46,,,19,18,
ORIGINATING_CALL; may be certified by later reconciliation,,,,,16,False,1,high-rank-foundry-v1-v3:f-b03f4092dcf7c06c1c46,,,20,19,
ORIGINATING_CALL; may be certified by later reconciliation,,,,,20,False,1,high-rank-foundry-v1-v3:f-b03f4092dcf7c06c1c46,,,21,20,
ORIGINATING_CALL; may be certified by later reconciliation,,,,,47,False,1,high-rank-foundry-v1-v3:f-b03f4092dcf7c06c1c46,,,22,21,
ORIGINATING_CALL; may be certified by later reconciliation,,,,,56,False,1,high-rank-foundry-v1-v3:f-b03f4092dcf7c06c1c46,,,23,22,
ORIGINATING_CALL; may be certified by later reconciliation,,,,,1,False,2,high-rank-foundry-v1-v3:f-b0a30ff2add1c9700164,,,19,17,
ORIGINATING_CALL; may be certified by later reconciliation,,,,,7,False,1,high-rank-foundry-v1-v3:f-b0abdfaa599c5652318e,,,18,17,
ORIGINATING_CALL; may be certified by later reconciliation,,,,,16,False,1,high-rank-foundry-v1-v3:f-b0abdfaa599c5652318e,,,19,18,
ORIGINATING_CALL; may be certified by later reconciliation,,,,,47,False,1,high-rank-foundry-v1-v3:f-b0abdfaa599c5652318e,,,20,19,
ORIGINATING_CALL; may be certified by later reconciliation,,,,,1,False,1,high-rank-foundry-v1-v3:f-b0addc592ad626544e81,,,18,17,
ORIGINATING_CALL; may be certified by later reconciliation,,,,,12,False,1,high-rank-foundry-v1-v3:f-b0addc592ad626544e81,,,19,18,
ORIGINATING_CALL; may be certified by later reconciliation,,,,,71,False,1,high-rank-foundry-v1-v3:f-b0addc592ad626544e81,,,20,19,
ORIGINATING_CALL; may be certified by later reconciliation,,,,,110,False,1,high-rank-foundry-v1-v3:f-b0addc592ad626544e81,,,21,20,
ORIGINATING_CALL; may be certified by later reconciliation,,,,,137,False,1,high-rank-foundry-v1-v3:f-b0addc592ad626544e81,,,22,21,
ORIGINATING_CALL; may be certified by later reconciliation,,,,,378,False,1,high-rank-foundry-v1-v3:f-b0addc592ad626544e81,,,23,22,
ORIGINATING_CALL; may be certified by later reconciliation,,,,,1,False,5,high-rank-foundry-v1-v3:f-b104764d798f06d391f7,,,22,17,
ORIGINATING_CALL; may be certified by later reconciliation,,,,,67,False,1,high-rank-foundry-v1-v3:f-b10d548921c1c3125ab9,,,18,17,
ORIGINATING_CALL; may be certified by later reconciliation,,,,,96,False,1,high-rank-foundry-v1-v3:f-b10d548921c1c3125ab9,,,19,18,
ORIGINATING_CALL; may be certified by later reconciliation,,,,,136,False,1,high-rank-foundry-v1-v3:f-b10d548921c1c3125ab9,,,20,19,
ORIGINATING_CALL; may be certified by later reconciliation,,,,,179,False,1,high-rank-foundry-v1-v3:f-b10d548921c1c3125ab9,,,21,20,
ORIGINATING_CALL; may be certified by later reconciliation,,,,,1,False,1,high-rank-foundry-v1-v3:f-b1762ef048ec56c86f19,,,18,17,
ORIGINATING_CALL; may be certified by later reconciliation,,,,,4,False,1,high-rank-foundry-v1-v3:f-b1762ef048ec56c86f19,,,19,18,
ORIGINATING_CALL; may be certified by later reconciliation,,,,,78,False,1,high-rank-foundry-v1-v3:f-b1762ef048ec56c86f19,,,20,19,
ORIGINATING_CALL; may be certified by later reconciliation,,,,,79,False,1,high-rank-foundry-v1-v3:f-b1762ef048ec56c86f19,,,21,20,
ORIGINATING_CALL; may be certified by later reconciliation,,,,,214,False,1,high-rank-foundry-v1-v3:f-b1762ef048ec56c86f19,,,22,21,
ORIGINATING_CALL; may be certified by later reconciliation,,,,,407,False,1,high-rank-foundry-v1-v3:f-b1762ef048ec56c86f19,,,23,22,
ORIGINATING_CALL; may be certified by later reconciliation,,,,,484,True,1,high-rank-foundry-v1-v3:f-b1762ef048ec56c86f19,,,24,23,
ORIGINATING_CALL; may be certified by later reconciliation,,,,,2,False,1,high-rank-foundry-v1-v3:f-b2a079b88d16649a53a7,,,18,17,
ORIGINATING_CALL; may be certified by later reconciliation,,,,,9,False,1,high-rank-foundry-v1-v3:f-b2a079b88d16649a53a7,,,19,18,
ORIGINATING_CALL; may be certified by later reconciliation,,,,,49,False,1,high-rank-foundry-v1-v3:f-b2a079b88d16649a53a7,,,20,19,
ORIGINATING_CALL; may be certified by later reconciliation,,,,,23,False,1,high-rank-foundry-v1-v3:f-b2d24a58e3567080a7f4,,,18,17,
ORIGINATING_CALL; may be certified by later reconciliation,,,,,72,False,1,high-rank-foundry-v1-v3:f-b2d24a58e3567080a7f4,,,19,18,
ORIGINATING_CALL; may be certified by later reconciliation,,,,,73,False,1,high-rank-foundry-v1-v3:f-b2d24a58e3567080a7f4,,,20,19,
ORIGINATING_CALL; may be certified by later reconciliation,,,,,1,False,2,high-rank-foundry-v1-v3:f-b403e3b803aa6365c670,,,19,17,
ORIGINATING_CALL; may be certified by later reconciliation,,,,,4,False,2,high-rank-foundry-v1-v3:f-b403e3b803aa6365c670,,,21,19,
ORIGINATING_CALL; may be certified by later reconciliation,,,,,9,False,1,high-rank-foundry-v1-v3:f-b460b901221ac062f1b7,,,18,17,
ORIGINATING_CALL; may be certified by later reconciliation,,,,,7,False,1,high-rank-foundry-v1-v3:f-b4ecfbe1315ee7c6afa0,,,18,17,
ORIGINATING_CALL; may be certified by later reconciliation,,,,,48,False,1,high-rank-foundry-v1-v3:f-b4ecfbe1315ee7c6afa0,,,19,18,
ORIGINATING_CALL; may be certified by later reconciliation,,,,,149,False,1,high-rank-foundry-v1-v3:f-b4ecfbe1315ee7c6afa0,,,20,19,
ORIGINATING_CALL; may be certified by later reconciliation,,,,,152,False,1,high-rank-foundry-v1-v3:f-b4ecfbe1315ee7c6afa0,,,21,20,
ORIGINATING_CALL; may be certified by later reconciliation,,,,,249,False,1,high-rank-foundry-v1-v3:f-b4ecfbe1315ee7c6afa0,,,22,21,
ORIGINATING_CALL; may be certified by later reconciliation,,,,,3,False,1,high-rank-foundry-v1-v3:f-b500b4a8b15721bbe8fe,,,18,17,
ORIGINATING_CALL; may be certified by later reconciliation,,,,,86,False,1,high-rank-foundry-v1-v3:f-b500b4a8b15721bbe8fe,,,19,18,
ORIGINATING_CALL; may be certified by later reconciliation,,,,,91,False,1,high-rank-foundry-v1-v3:f-b500b4a8b15721bbe8fe,,,20,19,
ORIGINATING_CALL; may be certified by later reconciliation,,,,,1,False,1,high-rank-foundry-v1-v3:f-b5e02abe230630381596,,,18,17,
ORIGINATING_CALL; may be certified by later reconciliation,,,,,1,False,7,high-rank-foundry-v1-v3:f-b6165d727a8652e31d39,,,24,17,
ORIGINATING_CALL; may be certified by later reconciliation,,,,,1,False,2,high-rank-foundry-v1-v3:f-b619dd4f7409d3777329,,,19,17,
ORIGINATING_CALL; may be certified by later reconciliation,,,,,21,False,1,high-rank-foundry-v1-v3:f-b6404f8a3cd218e32b54,,,18,17,
ORIGINATING_CALL; may be certified by later reconciliation,,,,,1,False,1,high-rank-foundry-v1-v3:f-b714775fd31006aa508c,,,18,17,
ORIGINATING_CALL; may be certified by later reconciliation,,,,,2,False,1,high-rank-foundry-v1-v3:f-b714775fd31006aa508c,,,19,18,
ORIGINATING_CALL; may be certified by later reconciliation,,,,,3,False,1,high-rank-foundry-v1-v3:f-b7e3c71b8fb5b67ea8a1,,,18,17,
ORIGINATING_CALL; may be certified by later reconciliation,,,,,12,False,2,high-rank-foundry-v1-v3:f-b7e3c71b8fb5b67ea8a1,,,20,18,
ORIGINATING_CALL; may be certified by later reconciliation,,,,,27,False,1,high-rank-foundry-v1-v3:f-b7e3c71b8fb5b67ea8a1,,,21,20,
ORIGINATING_CALL; may be certified by later reconciliation,,,,,60,False,1,high-rank-foundry-v1-v3:f-b7e3c71b8fb5b67ea8a1,,,22,21,
ORIGINATING_CALL; may be certified by later reconciliation,,,,,35,False,1,high-rank-foundry-v1-v3:f-b88a627e8abf5e411bd0,,,18,17,
ORIGINATING_CALL; may be certified by later reconciliation,,,,,51,False,1,high-rank-foundry-v1-v3:f-b88a627e8abf5e411bd0,,,19,18,
ORIGINATING_CALL; may be certified by later reconciliation,,,,,110,False,1,high-rank-foundry-v1-v3:f-b88a627e8abf5e411bd0,,,20,19,
ORIGINATING_CALL; may be certified by later reconciliation,,,,,1,False,1,high-rank-foundry-v1-v3:f-b891743c605a9aa4bc08,,,18,17,
ORIGINATING_CALL; may be certified by later reconciliation,,,,,2,False,2,high-rank-foundry-v1-v3:f-b891743c605a9aa4bc08,,,20,18,
ORIGINATING_CALL; may be certified by later reconciliation,,,,,332,False,1,high-rank-foundry-v1-v3:f-b891743c605a9aa4bc08,,,21,20,
ORIGINATING_CALL; may be certified by later reconciliation,,,,,37,False,1,high-rank-foundry-v1-v3:f-b967d5727c99a21d9c2e,,,18,17,
ORIGINATING_CALL; may be certified by later reconciliation,,,,,48,False,1,high-rank-foundry-v1-v3:f-b967d5727c99a21d9c2e,,,19,18,
ORIGINATING_CALL; may be certified by later reconciliation,,,,,1,False,4,high-rank-foundry-v1-v3:f-b97811adb8a469bdd848,,,21,17,
ORIGINATING_CALL; may be certified by later reconciliation,,,,,3,False,1,high-rank-foundry-v1-v3:f-b97811adb8a469bdd848,,,22,21,
ORIGINATING_CALL; may be certified by later reconciliation,,,,,4,False,1,high-rank-foundry-v1-v3:f-b97811adb8a469bdd848,,,23,22,
ORIGINATING_CALL; may be certified by later reconciliation,,,,,1,False,1,high-rank-foundry-v1-v3:f-b9cab768c6280846e3b1,,,18,17,
ORIGINATING_CALL; may be certified by later reconciliation,,,,,2,False,1,high-rank-foundry-v1-v3:f-b9cab768c6280846e3b1,,,19,18,
ORIGINATING_CALL; may be certified by later reconciliation,,,,,9,False,1,high-rank-foundry-v1-v3:f-bad50e2eafae6d1de161,,,18,17,
ORIGINATING_CALL; may be certified by later reconciliation,,,,,10,False,1,high-rank-foundry-v1-v3:f-bad50e2eafae6d1de161,,,19,18,
ORIGINATING_CALL; may be certified by later reconciliation,,,,,31,False,1,high-rank-foundry-v1-v3:f-bad50e2eafae6d1de161,,,20,19,
ORIGINATING_CALL; may be certified by later reconciliation,,,,,212,False,1,high-rank-foundry-v1-v3:f-bad50e2eafae6d1de161,,,21,20,
ORIGINATING_CALL; may be certified by later reconciliation,,,,,453,False,1,high-rank-foundry-v1-v3:f-bad50e2eafae6d1de161,,,22,21,
ORIGINATING_CALL; may be certified by later reconciliation,,,,,2,False,1,high-rank-foundry-v1-v3:f-badf8d5bdd6fdf079f91,,,18,17,
ORIGINATING_CALL; may be certified by later reconciliation,,,,,7,False,1,high-rank-foundry-v1-v3:f-badf8d5bdd6fdf079f91,,,19,18,
ORIGINATING_CALL; may be certified by later reconciliation,,,,,9,False,1,high-rank-foundry-v1-v3:f-badf8d5bdd6fdf079f91,,,20,19,
ORIGINATING_CALL; may be certified by later reconciliation,,,,,30,False,1,high-rank-foundry-v1-v3:f-badf8d5bdd6fdf079f91,,,21,20,
ORIGINATING_CALL; may be certified by later reconciliation,,,,,1,False,1,high-rank-foundry-v1-v3:f-bb20a89d135c2c53fb95,,,18,17,
ORIGINATING_CALL; may be certified by later reconciliation,,,,,1,False,2,high-rank-foundry-v1-v3:f-bb714b19b710f5391b5d,,,19,17,
ORIGINATING_CALL; may be certified by later reconciliation,,,,,15,False,1,high-rank-foundry-v1-v3:f-bd10b05e4a23175ea610,,,18,17,
ORIGINATING_CALL; may be certified by later reconciliation,,,,,24,False,1,high-rank-foundry-v1-v3:f-bd10b05e4a23175ea610,,,19,18,
ORIGINATING_CALL; may be certified by later reconciliation,,,,,37,False,1,high-rank-foundry-v1-v3:f-bd10b05e4a23175ea610,,,20,19,
ORIGINATING_CALL; may be certified by later reconciliation,,,,,152,False,1,high-rank-foundry-v1-v3:f-bd10b05e4a23175ea610,,,21,20,
ORIGINATING_CALL; may be certified by later reconciliation,,,,,1,False,2,high-rank-foundry-v1-v3:f-bd42b1a1eaf86fc9d333,,,19,17,
ORIGINATING_CALL; may be certified by later reconciliation,,,,,1,False,1,high-rank-foundry-v1-v3:f-be59b99f962c39e43151,,,18,17,
ORIGINATING_CALL; may be certified by later reconciliation,,,,,95,False,1,high-rank-foundry-v1-v3:f-bed6774512a1f9002145,,,18,17,
ORIGINATING_CALL; may be certified by later reconciliation,,,,,1,False,1,high-rank-foundry-v1-v3:f-bf1e50ab1df7603805e8,,,18,17,
ORIGINATING_CALL; may be certified by later reconciliation,,,,,5,False,1,high-rank-foundry-v1-v3:f-bf1e50ab1df7603805e8,,,19,18,
ORIGINATING_CALL; may be certified by later reconciliation,,,,,10,False,1,high-rank-foundry-v1-v3:f-bf1e50ab1df7603805e8,,,20,19,
ORIGINATING_CALL; may be certified by later reconciliation,,,,,31,False,1,high-rank-foundry-v1-v3:f-bf1e50ab1df7603805e8,,,21,20,
ORIGINATING_CALL; may be certified by later reconciliation,,,,,9,False,1,high-rank-foundry-v1-v3:f-bf5a92d596a8dad3c82c,,,18,17,
ORIGINATING_CALL; may be certified by later reconciliation,,,,,1,False,5,high-rank-foundry-v1-v3:f-bfcda211b18dd4164b0c,,,22,17,
ORIGINATING_CALL; may be certified by later reconciliation,,,,,1,False,1,high-rank-foundry-v1-v3:f-bff5682762fcacb18afc,,,18,17,
ORIGINATING_CALL; may be certified by later reconciliation,,,,,1,False,1,high-rank-foundry-v1-v3:f-c07c5404fefb7e62402d,,,18,17,
ORIGINATING_CALL; may be certified by later reconciliation,,,,,6,False,1,high-rank-foundry-v1-v3:f-c07c5404fefb7e62402d,,,19,18,
ORIGINATING_CALL; may be certified by later reconciliation,,,,,17,False,1,high-rank-foundry-v1-v3:f-c07c5404fefb7e62402d,,,20,19,
ORIGINATING_CALL; may be certified by later reconciliation,,,,,72,False,1,high-rank-foundry-v1-v3:f-c07c5404fefb7e62402d,,,21,20,
ORIGINATING_CALL; may be certified by later reconciliation,,,,,146,False,1,high-rank-foundry-v1-v3:f-c07c5404fefb7e62402d,,,22,21,
ORIGINATING_CALL; may be certified by later reconciliation,,,,,11,False,1,high-rank-foundry-v1-v3:f-c0dc7018ba9298e4dceb,,,18,17,
ORIGINATING_CALL; may be certified by later reconciliation,,,,,1,False,1,high-rank-foundry-v1-v3:f-c1795270e1a91346cc98,,,18,17,
ORIGINATING_CALL; may be certified by later reconciliation,,,,,48,False,1,high-rank-foundry-v1-v3:f-c1795270e1a91346cc98,,,19,18,
ORIGINATING_CALL; may be certified by later reconciliation,,,,,177,False,1,high-rank-foundry-v1-v3:f-c1795270e1a91346cc98,,,20,19,
ORIGINATING_CALL; may be certified by later reconciliation,,,,,9,False,2,high-rank-foundry-v1-v3:f-c1e52e21373354bce962,,,19,17,
ORIGINATING_CALL; may be certified by later reconciliation,,,,,20,False,1,high-rank-foundry-v1-v3:f-c1e52e21373354bce962,,,20,19,
ORIGINATING_CALL; may be certified by later reconciliation,,,,,28,False,1,high-rank-foundry-v1-v3:f-c1e52e21373354bce962,,,21,20,
ORIGINATING_CALL; may be certified by later reconciliation,,,,,41,False,1,high-rank-foundry-v1-v3:f-c1e52e21373354bce962,,,22,21,
ORIGINATING_CALL; may be certified by later reconciliation,,,,,2,False,1,high-rank-foundry-v1-v3:f-c2636b6b393cd411b078,,,18,17,
ORIGINATING_CALL; may be certified by later reconciliation,,,,,5,False,1,high-rank-foundry-v1-v3:f-c2636b6b393cd411b078,,,19,18,
ORIGINATING_CALL; may be certified by later reconciliation,,,,,8,False,1,high-rank-foundry-v1-v3:f-c2636b6b393cd411b078,,,20,19,
ORIGINATING_CALL; may be certified by later reconciliation,,,,,13,False,1,high-rank-foundry-v1-v3:f-c2636b6b393cd411b078,,,21,20,
ORIGINATING_CALL; may be certified by later reconciliation,,,,,20,False,1,high-rank-foundry-v1-v3:f-c2636b6b393cd411b078,,,22,21,
ORIGINATING_CALL; may be certified by later reconciliation,,,,,33,False,1,high-rank-foundry-v1-v3:f-c2636b6b393cd411b078,,,23,22,
ORIGINATING_CALL; may be certified by later reconciliation,,,,,94,True,1,high-rank-foundry-v1-v3:f-c2636b6b393cd411b078,,,24,23,
ORIGINATING_CALL; may be certified by later reconciliation,,,,,1,False,6,high-rank-foundry-v1-v3:f-c27a439ec7fb086a736a,,,23,17,
ORIGINATING_CALL; may be certified by later reconciliation,,,,,1,False,2,high-rank-foundry-v1-v3:f-c31d9e7f56e0134b696f,,,19,17,
ORIGINATING_CALL; may be certified by later reconciliation,,,,,2,False,1,high-rank-foundry-v1-v3:f-c31d9e7f56e0134b696f,,,20,19,
ORIGINATING_CALL; may be certified by later reconciliation,,,,,3,False,1,high-rank-foundry-v1-v3:f-c31d9e7f56e0134b696f,,,21,20,
ORIGINATING_CALL; may be certified by later reconciliation,,,,,6,False,1,high-rank-foundry-v1-v3:f-c31d9e7f56e0134b696f,,,22,21,
ORIGINATING_CALL; may be certified by later reconciliation,,,,,11,False,1,high-rank-foundry-v1-v3:f-c31d9e7f56e0134b696f,,,23,22,
ORIGINATING_CALL; may be certified by later reconciliation,,,,,6,False,1,high-rank-foundry-v1-v3:f-c32b975d7465641b1a01,,,18,17,
ORIGINATING_CALL; may be certified by later reconciliation,,,,,15,False,2,high-rank-foundry-v1-v3:f-c32b975d7465641b1a01,,,20,18,
ORIGINATING_CALL; may be certified by later reconciliation,,,,,26,False,3,high-rank-foundry-v1-v3:f-c32b975d7465641b1a01,,,23,20,
ORIGINATING_CALL; may be certified by later reconciliation,,,,,17,False,2,high-rank-foundry-v1-v3:f-c39bc605759e5c836971,,,19,17,
ORIGINATING_CALL; may be certified by later reconciliation,,,,,1,False,1,high-rank-foundry-v1-v3:f-c3b9672fe5b9dfbd57cd,,,18,17,
ORIGINATING_CALL; may be certified by later reconciliation,,,,,8,False,1,high-rank-foundry-v1-v3:f-c3b9672fe5b9dfbd57cd,,,19,18,
ORIGINATING_CALL; may be certified by later reconciliation,,,,,1,False,1,high-rank-foundry-v1-v3:f-c3bfc9a090673daf7619,,,18,17,
ORIGINATING_CALL; may be certified by later reconciliation,,,,,7,False,1,high-rank-foundry-v1-v3:f-c3fc9da82c5b10c5a06a,,,18,17,
ORIGINATING_CALL; may be certified by later reconciliation,,,,,10,False,1,high-rank-foundry-v1-v3:f-c3fc9da82c5b10c5a06a,,,19,18,
ORIGINATING_CALL; may be certified by later reconciliation,,,,,3,False,1,high-rank-foundry-v1-v3:f-c5e67d295845a8fd37ac,,,18,17,
ORIGINATING_CALL; may be certified by later reconciliation,,,,,8,False,1,high-rank-foundry-v1-v3:f-c5e67d295845a8fd37ac,,,19,18,
ORIGINATING_CALL; may be certified by later reconciliation,,,,,7,False,1,high-rank-foundry-v1-v3:f-c5f230637164b5a2cde7,,,18,17,
ORIGINATING_CALL; may be certified by later reconciliation,,,,,7,False,2,high-rank-foundry-v1-v3:f-c5f6f09ca308a200832c,,,19,17,
ORIGINATING_CALL; may be certified by later reconciliation,,,,,10,False,1,high-rank-foundry-v1-v3:f-c5f6f09ca308a200832c,,,20,19,
ORIGINATING_CALL; may be certified by later reconciliation,,,,,1,False,1,high-rank-foundry-v1-v3:f-c660d92ceaa540d36df4,,,18,17,
ORIGINATING_CALL; may be certified by later reconciliation,,,,,2,False,1,high-rank-foundry-v1-v3:f-c660d92ceaa540d36df4,,,19,18,
ORIGINATING_CALL; may be certified by later reconciliation,,,,,12,False,1,high-rank-foundry-v1-v3:f-c660d92ceaa540d36df4,,,20,19,
ORIGINATING_CALL; may be certified by later reconciliation,,,,,39,False,1,high-rank-foundry-v1-v3:f-c660d92ceaa540d36df4,,,21,20,
ORIGINATING_CALL; may be certified by later reconciliation,,,,,9,False,1,high-rank-foundry-v1-v3:f-c6715fa8b0df98209120,,,18,17,
ORIGINATING_CALL; may be certified by later reconciliation,,,,,86,False,1,high-rank-foundry-v1-v3:f-c6715fa8b0df98209120,,,19,18,
ORIGINATING_CALL; may be certified by later reconciliation,,,,,1,False,1,high-rank-foundry-v1-v3:f-c694fcdb00cbd0cc537d,,,18,17,
ORIGINATING_CALL; may be certified by later reconciliation,,,,,2,False,1,high-rank-foundry-v1-v3:f-c694fcdb00cbd0cc537d,,,19,18,
ORIGINATING_CALL; may be certified by later reconciliation,,,,,7,False,1,high-rank-foundry-v1-v3:f-c694fcdb00cbd0cc537d,,,20,19,
ORIGINATING_CALL; may be certified by later reconciliation,,,,,14,False,1,high-rank-foundry-v1-v3:f-c694fcdb00cbd0cc537d,,,21,20,
ORIGINATING_CALL; may be certified by later reconciliation,,,,,1,False,1,high-rank-foundry-v1-v3:f-c92dfe5e48b219ee7e7e,,,18,17,
ORIGINATING_CALL; may be certified by later reconciliation,,,,,30,False,1,high-rank-foundry-v1-v3:f-c92dfe5e48b219ee7e7e,,,19,18,
ORIGINATING_CALL; may be certified by later reconciliation,,,,,3,False,1,high-rank-foundry-v1-v3:f-c9312bf6c720c5e19fcd,,,18,17,
ORIGINATING_CALL; may be certified by later reconciliation,,,,,4,False,1,high-rank-foundry-v1-v3:f-c9312bf6c720c5e19fcd,,,19,18,
ORIGINATING_CALL; may be certified by later reconciliation,,,,,25,False,1,high-rank-foundry-v1-v3:f-c9312bf6c720c5e19fcd,,,20,19,
ORIGINATING_CALL; may be certified by later reconciliation,,,,,28,False,1,high-rank-foundry-v1-v3:f-c9312bf6c720c5e19fcd,,,21,20,
ORIGINATING_CALL; may be certified by later reconciliation,,,,,35,False,1,high-rank-foundry-v1-v3:f-c9312bf6c720c5e19fcd,,,22,21,
ORIGINATING_CALL; may be certified by later reconciliation,,,,,17,False,1,high-rank-foundry-v1-v3:f-c96fcba0886a987b6212,,,18,17,
ORIGINATING_CALL; may be certified by later reconciliation,,,,,1,False,1,high-rank-foundry-v1-v3:f-c9a15f1fcb11a847bc61,,,18,17,
ORIGINATING_CALL; may be certified by later reconciliation,,,,,6,False,1,high-rank-foundry-v1-v3:f-c9a15f1fcb11a847bc61,,,19,18,
ORIGINATING_CALL; may be certified by later reconciliation,,,,,17,False,1,high-rank-foundry-v1-v3:f-c9a15f1fcb11a847bc61,,,20,19,
ORIGINATING_CALL; may be certified by later reconciliation,,,,,7,False,1,high-rank-foundry-v1-v3:f-c9aedda0007f674e3869,,,18,17,
ORIGINATING_CALL; may be certified by later reconciliation,,,,,1,False,4,high-rank-foundry-v1-v3:f-cb01ea633232df3ccc12,,,21,17,
ORIGINATING_CALL; may be certified by later reconciliation,,,,,2,False,1,high-rank-foundry-v1-v3:f-cb01ea633232df3ccc12,,,22,21,
ORIGINATING_CALL; may be certified by later reconciliation,,,,,3,False,1,high-rank-foundry-v1-v3:f-cb01ea633232df3ccc12,,,23,22,
ORIGINATING_CALL; may be certified by later reconciliation,,,,,1,False,2,high-rank-foundry-v1-v3:f-cb0237eedf71446249c1,,,19,17,
ORIGINATING_CALL; may be certified by later reconciliation,,,,,1,False,3,high-rank-foundry-v1-v3:f-cb0fcf5bb8a5f86595a1,,,20,17,
ORIGINATING_CALL; may be certified by later reconciliation,,,,,32,False,1,high-rank-foundry-v1-v3:f-cb70d62bbd510d39e195,,,18,17,
ORIGINATING_CALL; may be certified by later reconciliation,,,,,1,False,1,high-rank-foundry-v1-v3:f-cb7dba66f35ae370aa30,,,18,17,
ORIGINATING_CALL; may be certified by later reconciliation,,,,,1,False,1,high-rank-foundry-v1-v3:f-cba789931b68e747133c,,,18,17,
ORIGINATING_CALL; may be certified by later reconciliation,,,,,2,False,2,high-rank-foundry-v1-v3:f-cba789931b68e747133c,,,20,18,
ORIGINATING_CALL; may be certified by later reconciliation,,,,,9,False,1,high-rank-foundry-v1-v3:f-cba789931b68e747133c,,,21,20,
ORIGINATING_CALL; may be certified by later reconciliation,,,,,10,False,1,high-rank-foundry-v1-v3:f-cba789931b68e747133c,,,22,21,
ORIGINATING_CALL; may be certified by later reconciliation,,,,,11,False,1,high-rank-foundry-v1-v3:f-cba789931b68e747133c,,,23,22,
ORIGINATING_CALL; may be certified by later reconciliation,,,,,12,True,1,high-rank-foundry-v1-v3:f-cba789931b68e747133c,,,24,23,
ORIGINATING_CALL; may be certified by later reconciliation,,,,,13,True,1,high-rank-foundry-v1-v3:f-cba789931b68e747133c,,,25,24,
ORIGINATING_CALL; may be certified by later reconciliation,,,,,24,True,1,high-rank-foundry-v1-v3:f-cba789931b68e747133c,,,26,25,
ORIGINATING_CALL; may be certified by later reconciliation,,,,,29,False,1,high-rank-foundry-v1-v3:f-cbcda9aa91d1bf97c09b,,,18,17,
ORIGINATING_CALL; may be certified by later reconciliation,,,,,7,False,1,high-rank-foundry-v1-v3:f-cc4419389462bbf0b7b9,,,18,17,
ORIGINATING_CALL; may be certified by later reconciliation,,,,,24,False,1,high-rank-foundry-v1-v3:f-cc4419389462bbf0b7b9,,,19,18,
ORIGINATING_CALL; may be certified by later reconciliation,,,,,73,False,1,high-rank-foundry-v1-v3:f-cc4419389462bbf0b7b9,,,20,19,
ORIGINATING_CALL; may be certified by later reconciliation,,,,,78,False,1,high-rank-foundry-v1-v3:f-cc4419389462bbf0b7b9,,,21,20,
ORIGINATING_CALL; may be certified by later reconciliation,,,,,153,False,1,high-rank-foundry-v1-v3:f-cc4419389462bbf0b7b9,,,22,21,
ORIGINATING_CALL; may be certified by later reconciliation,,,,,3,False,1,high-rank-foundry-v1-v3:f-cc57cd58f9c96a7ab246,,,18,17,
ORIGINATING_CALL; may be certified by later reconciliation,,,,,12,False,1,high-rank-foundry-v1-v3:f-cc57cd58f9c96a7ab246,,,19,18,
ORIGINATING_CALL; may be certified by later reconciliation,,,,,39,False,1,high-rank-foundry-v1-v3:f-cc57cd58f9c96a7ab246,,,20,19,
ORIGINATING_CALL; may be certified by later reconciliation,,,,,44,False,1,high-rank-foundry-v1-v3:f-cc57cd58f9c96a7ab246,,,21,20,
ORIGINATING_CALL; may be certified by later reconciliation,,,,,150,False,1,high-rank-foundry-v1-v3:f-cc57cd58f9c96a7ab246,,,22,21,
ORIGINATING_CALL; may be certified by later reconciliation,,,,,19,False,1,high-rank-foundry-v1-v3:f-cc9077db28b30b3bb35e,,,18,17,
ORIGINATING_CALL; may be certified by later reconciliation,,,,,28,False,1,high-rank-foundry-v1-v3:f-cc9077db28b30b3bb35e,,,19,18,
ORIGINATING_CALL; may be certified by later reconciliation,,,,,29,False,1,high-rank-foundry-v1-v3:f-cc9077db28b30b3bb35e,,,20,19,
ORIGINATING_CALL; may be certified by later reconciliation,,,,,42,False,1,high-rank-foundry-v1-v3:f-cc9077db28b30b3bb35e,,,21,20,
ORIGINATING_CALL; may be certified by later reconciliation,,,,,53,False,1,high-rank-foundry-v1-v3:f-cc9077db28b30b3bb35e,,,22,21,
ORIGINATING_CALL; may be certified by later reconciliation,,,,,54,False,1,high-rank-foundry-v1-v3:f-cc9077db28b30b3bb35e,,,23,22,
ORIGINATING_CALL; may be certified by later reconciliation,,,,,69,True,1,high-rank-foundry-v1-v3:f-cc9077db28b30b3bb35e,,,24,23,
ORIGINATING_CALL; may be certified by later reconciliation,,,,,74,True,1,high-rank-foundry-v1-v3:f-cc9077db28b30b3bb35e,,,25,24,
ORIGINATING_CALL; may be certified by later reconciliation,,,,,91,False,1,high-rank-foundry-v1-v3:f-ce0d2d2ce6a54110d869,,,18,17,
ORIGINATING_CALL; may be certified by later reconciliation,,,,,3,False,1,high-rank-foundry-v1-v3:f-ce122ea63b2d3d938f0c,,,18,17,
ORIGINATING_CALL; may be certified by later reconciliation,,,,,18,False,1,high-rank-foundry-v1-v3:f-ce122ea63b2d3d938f0c,,,19,18,
ORIGINATING_CALL; may be certified by later reconciliation,,,,,3,False,1,high-rank-foundry-v1-v3:f-cf2ddf662a878c3b7480,,,18,17,
ORIGINATING_CALL; may be certified by later reconciliation,,,,,4,False,1,high-rank-foundry-v1-v3:f-cf2ddf662a878c3b7480,,,19,18,
ORIGINATING_CALL; may be certified by later reconciliation,,,,,9,False,1,high-rank-foundry-v1-v3:f-cf2ddf662a878c3b7480,,,20,19,
ORIGINATING_CALL; may be certified by later reconciliation,,,,,54,False,1,high-rank-foundry-v1-v3:f-cf2ddf662a878c3b7480,,,21,20,
ORIGINATING_CALL; may be certified by later reconciliation,,,,,218,False,1,high-rank-foundry-v1-v3:f-cf2ddf662a878c3b7480,,,22,21,
ORIGINATING_CALL; may be certified by later reconciliation,,,,,5,False,1,high-rank-foundry-v1-v3:f-cf30839564249c6405d8,,,18,17,
ORIGINATING_CALL; may be certified by later reconciliation,,,,,28,False,1,high-rank-foundry-v1-v3:f-cf30839564249c6405d8,,,19,18,
ORIGINATING_CALL; may be certified by later reconciliation,,,,,61,False,1,high-rank-foundry-v1-v3:f-cf30839564249c6405d8,,,20,19,
ORIGINATING_CALL; may be certified by later reconciliation,,,,,74,False,1,high-rank-foundry-v1-v3:f-cf30839564249c6405d8,,,21,20,
ORIGINATING_CALL; may be certified by later reconciliation,,,,,27,False,2,high-rank-foundry-v1-v3:f-d006265706d836988407,,,19,17,
ORIGINATING_CALL; may be certified by later reconciliation,,,,,68,False,1,high-rank-foundry-v1-v3:f-d006265706d836988407,,,20,19,
ORIGINATING_CALL; may be certified by later reconciliation,,,,,195,False,1,high-rank-foundry-v1-v3:f-d006265706d836988407,,,21,20,
ORIGINATING_CALL; may be certified by later reconciliation,,,,,1,False,1,high-rank-foundry-v1-v3:f-d0124e50b364f38af72b,,,18,17,
ORIGINATING_CALL; may be certified by later reconciliation,,,,,6,False,1,high-rank-foundry-v1-v3:f-d0124e50b364f38af72b,,,19,18,
ORIGINATING_CALL; may be certified by later reconciliation,,,,,83,False,1,high-rank-foundry-v1-v3:f-d0124e50b364f38af72b,,,20,19,
ORIGINATING_CALL; may be certified by later reconciliation,,,,,98,False,1,high-rank-foundry-v1-v3:f-d0124e50b364f38af72b,,,21,20,
ORIGINATING_CALL; may be certified by later reconciliation,,,,,1,False,4,high-rank-foundry-v1-v3:f-d0861389a789d272a7ef,,,21,17,
ORIGINATING_CALL; may be certified by later reconciliation,,,,,33,False,1,high-rank-foundry-v1-v3:f-d08e112c1eb66590b2ea,,,18,17,
ORIGINATING_CALL; may be certified by later reconciliation,,,,,16,False,1,high-rank-foundry-v1-v3:f-d134ba518b32e75f8eed,,,18,17,
ORIGINATING_CALL; may be certified by later reconciliation,,,,,60,False,1,high-rank-foundry-v1-v3:f-d134ba518b32e75f8eed,,,19,18,
ORIGINATING_CALL; may be certified by later reconciliation,,,,,1,False,2,high-rank-foundry-v1-v3:f-d1f968dc9d845a0c5c09,,,19,17,
ORIGINATING_CALL; may be certified by later reconciliation,,,,,5,False,1,high-rank-foundry-v1-v3:f-d1feec33d16b4180ee72,,,18,17,
ORIGINATING_CALL; may be certified by later reconciliation,,,,,18,False,1,high-rank-foundry-v1-v3:f-d1feec33d16b4180ee72,,,19,18,
ORIGINATING_CALL; may be certified by later reconciliation,,,,,21,False,1,high-rank-foundry-v1-v3:f-d1feec33d16b4180ee72,,,20,19,
ORIGINATING_CALL; may be certified by later reconciliation,,,,,40,False,1,high-rank-foundry-v1-v3:f-d1feec33d16b4180ee72,,,21,20,
ORIGINATING_CALL; may be certified by later reconciliation,,,,,7,False,1,high-rank-foundry-v1-v3:f-d2888a4652c038d61bd4,,,18,17,
ORIGINATING_CALL; may be certified by later reconciliation,,,,,8,False,1,high-rank-foundry-v1-v3:f-d2888a4652c038d61bd4,,,19,18,
ORIGINATING_CALL; may be certified by later reconciliation,,,,,9,False,1,high-rank-foundry-v1-v3:f-d2888a4652c038d61bd4,,,20,19,
ORIGINATING_CALL; may be certified by later reconciliation,,,,,40,False,1,high-rank-foundry-v1-v3:f-d2888a4652c038d61bd4,,,21,20,
ORIGINATING_CALL; may be certified by later reconciliation,,,,,5,False,1,high-rank-foundry-v1-v3:f-d2a3ed72de7dbc894f9a,,,18,17,
ORIGINATING_CALL; may be certified by later reconciliation,,,,,6,False,1,high-rank-foundry-v1-v3:f-d2a3ed72de7dbc894f9a,,,19,18,
ORIGINATING_CALL; may be certified by later reconciliation,,,,,7,False,1,high-rank-foundry-v1-v3:f-d2a3ed72de7dbc894f9a,,,20,19,
ORIGINATING_CALL; may be certified by later reconciliation,,,,,14,False,1,high-rank-foundry-v1-v3:f-d2a3ed72de7dbc894f9a,,,21,20,
ORIGINATING_CALL; may be certified by later reconciliation,,,,,9,False,1,high-rank-foundry-v1-v3:f-d2cb305d647cdd1df97e,,,18,17,
ORIGINATING_CALL; may be certified by later reconciliation,,,,,5,False,1,high-rank-foundry-v1-v3:f-d3a9c76801ed5f513bd8,,,18,17,
ORIGINATING_CALL; may be certified by later reconciliation,,,,,90,False,1,high-rank-foundry-v1-v3:f-d3a9c76801ed5f513bd8,,,19,18,
ORIGINATING_CALL; may be certified by later reconciliation,,,,,109,False,1,high-rank-foundry-v1-v3:f-d3a9c76801ed5f513bd8,,,20,19,
ORIGINATING_CALL; may be certified by later reconciliation,,,,,128,False,1,high-rank-foundry-v1-v3:f-d3a9c76801ed5f513bd8,,,21,20,
ORIGINATING_CALL; may be certified by later reconciliation,,,,,303,False,1,high-rank-foundry-v1-v3:f-d3a9c76801ed5f513bd8,,,22,21,
ORIGINATING_CALL; may be certified by later reconciliation,,,,,340,False,1,high-rank-foundry-v1-v3:f-d3a9c76801ed5f513bd8,,,23,22,
ORIGINATING_CALL; may be certified by later reconciliation,,,,,3,False,1,high-rank-foundry-v1-v3:f-d3bf676be00b68bad06f,,,18,17,
ORIGINATING_CALL; may be certified by later reconciliation,,,,,20,False,1,high-rank-foundry-v1-v3:f-d3bf676be00b68bad06f,,,19,18,
ORIGINATING_CALL; may be certified by later reconciliation,,,,,45,False,1,high-rank-foundry-v1-v3:f-d3bf676be00b68bad06f,,,20,19,
ORIGINATING_CALL; may be certified by later reconciliation,,,,,58,False,1,high-rank-foundry-v1-v3:f-d3bf676be00b68bad06f,,,21,20,
ORIGINATING_CALL; may be certified by later reconciliation,,,,,77,False,1,high-rank-foundry-v1-v3:f-d4aca03531a8060a3b6d,,,18,17,
ORIGINATING_CALL; may be certified by later reconciliation,,,,,21,False,1,high-rank-foundry-v1-v3:f-d4ba1027aba213c01ccd,,,18,17,
ORIGINATING_CALL; may be certified by later reconciliation,,,,,101,False,1,high-rank-foundry-v1-v3:f-d4ba1027aba213c01ccd,,,19,18,
ORIGINATING_CALL; may be certified by later reconciliation,,,,,3,False,1,high-rank-foundry-v1-v3:f-d50c5519867fd0b30047,,,18,17,
ORIGINATING_CALL; may be certified by later reconciliation,,,,,1,False,2,high-rank-foundry-v1-v3:f-d5565830404f02111ee2,,,19,17,
ORIGINATING_CALL; may be certified by later reconciliation,,,,,2,False,2,high-rank-foundry-v1-v3:f-d5565830404f02111ee2,,,21,19,
ORIGINATING_CALL; may be certified by later reconciliation,,,,,7,False,1,high-rank-foundry-v1-v3:f-d5565830404f02111ee2,,,22,21,
ORIGINATING_CALL; may be certified by later reconciliation,,,,,8,False,1,high-rank-foundry-v1-v3:f-d5565830404f02111ee2,,,23,22,
ORIGINATING_CALL; may be certified by later reconciliation,,,,,9,False,1,high-rank-foundry-v1-v3:f-d56c36894805762f6b15,,,18,17,
ORIGINATING_CALL; may be certified by later reconciliation,,,,,15,False,2,high-rank-foundry-v1-v3:f-d68f20a84a4a93c695bf,,,19,17,
ORIGINATING_CALL; may be certified by later reconciliation,,,,,19,False,1,high-rank-foundry-v1-v3:f-d68f20a84a4a93c695bf,,,20,19,
ORIGINATING_CALL; may be certified by later reconciliation,,,,,22,False,1,high-rank-foundry-v1-v3:f-d68f20a84a4a93c695bf,,,21,20,
ORIGINATING_CALL; may be certified by later reconciliation,,,,,27,False,1,high-rank-foundry-v1-v3:f-d68f20a84a4a93c695bf,,,22,21,
ORIGINATING_CALL; may be certified by later reconciliation,,,,,58,False,1,high-rank-foundry-v1-v3:f-d68f20a84a4a93c695bf,,,23,22,
ORIGINATING_CALL; may be certified by later reconciliation,,,,,71,True,1,high-rank-foundry-v1-v3:f-d68f20a84a4a93c695bf,,,24,23,
ORIGINATING_CALL; may be certified by later reconciliation,,,,,51,False,1,high-rank-foundry-v1-v3:f-d6974fb0869046135f49,,,18,17,
ORIGINATING_CALL; may be certified by later reconciliation,,,,,96,False,1,high-rank-foundry-v1-v3:f-d6974fb0869046135f49,,,19,18,
ORIGINATING_CALL; may be certified by later reconciliation,,,,,157,False,1,high-rank-foundry-v1-v3:f-d6974fb0869046135f49,,,20,19,
ORIGINATING_CALL; may be certified by later reconciliation,,,,,180,False,1,high-rank-foundry-v1-v3:f-d6974fb0869046135f49,,,21,20,
ORIGINATING_CALL; may be certified by later reconciliation,,,,,215,False,1,high-rank-foundry-v1-v3:f-d6974fb0869046135f49,,,22,21,
ORIGINATING_CALL; may be certified by later reconciliation,,,,,316,False,1,high-rank-foundry-v1-v3:f-d6974fb0869046135f49,,,23,22,
ORIGINATING_CALL; may be certified by later reconciliation,,,,,1,False,1,high-rank-foundry-v1-v3:f-d6dfbb60be3ee794dace,,,18,17,
ORIGINATING_CALL; may be certified by later reconciliation,,,,,4,False,1,high-rank-foundry-v1-v3:f-d6dfbb60be3ee794dace,,,19,18,
ORIGINATING_CALL; may be certified by later reconciliation,,,,,23,False,1,high-rank-foundry-v1-v3:f-d6dfbb60be3ee794dace,,,20,19,
ORIGINATING_CALL; may be certified by later reconciliation,,,,,160,False,1,high-rank-foundry-v1-v3:f-d6dfbb60be3ee794dace,,,21,20,
ORIGINATING_CALL; may be certified by later reconciliation,,,,,1,False,1,high-rank-foundry-v1-v3:f-d6f6dd372fd7a8086b0c,,,18,17,
ORIGINATING_CALL; may be certified by later reconciliation,,,,,1,False,2,high-rank-foundry-v1-v3:f-d7151b94dfd681412e58,,,19,17,
ORIGINATING_CALL; may be certified by later reconciliation,,,,,6,False,1,high-rank-foundry-v1-v3:f-d7151b94dfd681412e58,,,20,19,
ORIGINATING_CALL; may be certified by later reconciliation,,,,,9,False,1,high-rank-foundry-v1-v3:f-d7151b94dfd681412e58,,,21,20,
ORIGINATING_CALL; may be certified by later reconciliation,,,,,5,False,2,high-rank-foundry-v1-v3:f-d72bb3f64b3c51797984,,,19,17,
ORIGINATING_CALL; may be certified by later reconciliation,,,,,42,False,1,high-rank-foundry-v1-v3:f-d72bb3f64b3c51797984,,,20,19,
ORIGINATING_CALL; may be certified by later reconciliation,,,,,85,False,1,high-rank-foundry-v1-v3:f-d72bb3f64b3c51797984,,,21,20,
ORIGINATING_CALL; may be certified by later reconciliation,,,,,3,False,1,high-rank-foundry-v1-v3:f-d823cacd234d46007244,,,18,17,
ORIGINATING_CALL; may be certified by later reconciliation,,,,,6,False,1,high-rank-foundry-v1-v3:f-d823cacd234d46007244,,,19,18,
ORIGINATING_CALL; may be certified by later reconciliation,,,,,7,False,1,high-rank-foundry-v1-v3:f-da6b96e530d243cc49d5,,,18,17,
ORIGINATING_CALL; may be certified by later reconciliation,,,,,16,False,1,high-rank-foundry-v1-v3:f-da6b96e530d243cc49d5,,,19,18,
ORIGINATING_CALL; may be certified by later reconciliation,,,,,3,False,1,high-rank-foundry-v1-v3:f-daf6e3f915f7af9e1d51,,,18,17,
ORIGINATING_CALL; may be certified by later reconciliation,,,,,8,False,1,high-rank-foundry-v1-v3:f-daf6e3f915f7af9e1d51,,,19,18,
ORIGINATING_CALL; may be certified by later reconciliation,,,,,14,False,1,high-rank-foundry-v1-v3:f-daf6e3f915f7af9e1d51,,,20,19,
ORIGINATING_CALL; may be certified by later reconciliation,,,,,24,False,1,high-rank-foundry-v1-v3:f-daf6e3f915f7af9e1d51,,,21,20,
ORIGINATING_CALL; may be certified by later reconciliation,,,,,1,False,1,high-rank-foundry-v1-v3:f-dc055039bf14af217dd5,,,18,17,
ORIGINATING_CALL; may be certified by later reconciliation,,,,,15,False,1,high-rank-foundry-v1-v3:f-dc098fa4ebebfdafd5fc,,,18,17,
ORIGINATING_CALL; may be certified by later reconciliation,,,,,76,False,1,high-rank-foundry-v1-v3:f-dc098fa4ebebfdafd5fc,,,19,18,
ORIGINATING_CALL; may be certified by later reconciliation,,,,,5,False,1,high-rank-foundry-v1-v3:f-dc7e64adc783dab69005,,,18,17,
ORIGINATING_CALL; may be certified by later reconciliation,,,,,10,False,1,high-rank-foundry-v1-v3:f-dc7e64adc783dab69005,,,19,18,
ORIGINATING_CALL; may be certified by later reconciliation,,,,,13,False,1,high-rank-foundry-v1-v3:f-dc7e64adc783dab69005,,,20,19,
ORIGINATING_CALL; may be certified by later reconciliation,,,,,18,False,1,high-rank-foundry-v1-v3:f-dc7e64adc783dab69005,,,21,20,
ORIGINATING_CALL; may be certified by later reconciliation,,,,,29,False,1,high-rank-foundry-v1-v3:f-dc7e64adc783dab69005,,,22,21,
ORIGINATING_CALL; may be certified by later reconciliation,,,,,3,False,1,high-rank-foundry-v1-v3:f-dcae8656574d18712ecd,,,18,17,
ORIGINATING_CALL; may be certified by later reconciliation,,,,,4,False,1,high-rank-foundry-v1-v3:f-dcae8656574d18712ecd,,,19,18,
ORIGINATING_CALL; may be certified by later reconciliation,,,,,9,False,1,high-rank-foundry-v1-v3:f-dcae8656574d18712ecd,,,20,19,
ORIGINATING_CALL; may be certified by later reconciliation,,,,,10,False,1,high-rank-foundry-v1-v3:f-dcae8656574d18712ecd,,,21,20,
ORIGINATING_CALL; may be certified by later reconciliation,,,,,11,False,1,high-rank-foundry-v1-v3:f-dd1eff3ecdf95730ad85,,,18,17,
ORIGINATING_CALL; may be certified by later reconciliation,,,,,86,False,1,high-rank-foundry-v1-v3:f-dd1eff3ecdf95730ad85,,,19,18,
ORIGINATING_CALL; may be certified by later reconciliation,,,,,107,False,1,high-rank-foundry-v1-v3:f-dd1eff3ecdf95730ad85,,,20,19,
ORIGINATING_CALL; may be certified by later reconciliation,,,,,136,False,1,high-rank-foundry-v1-v3:f-dd1eff3ecdf95730ad85,,,21,20,
ORIGINATING_CALL; may be certified by later reconciliation,,,,,1,False,1,high-rank-foundry-v1-v3:f-dd45db0d9da9e30649bc,,,18,17,
ORIGINATING_CALL; may be certified by later reconciliation,,,,,11,False,1,high-rank-foundry-v1-v3:f-dd7a42dea7f6060e23bc,,,18,17,
ORIGINATING_CALL; may be certified by later reconciliation,,,,,40,False,1,high-rank-foundry-v1-v3:f-dd7a42dea7f6060e23bc,,,19,18,
ORIGINATING_CALL; may be certified by later reconciliation,,,,,43,False,1,high-rank-foundry-v1-v3:f-dd7a42dea7f6060e23bc,,,20,19,
ORIGINATING_CALL; may be certified by later reconciliation,,,,,56,False,1,high-rank-foundry-v1-v3:f-dd7a42dea7f6060e23bc,,,21,20,
ORIGINATING_CALL; may be certified by later reconciliation,,,,,1,False,2,high-rank-foundry-v1-v3:f-ddd775a8292598431a47,,,19,17,
ORIGINATING_CALL; may be certified by later reconciliation,,,,,2,False,3,high-rank-foundry-v1-v3:f-ddd775a8292598431a47,,,22,19,
ORIGINATING_CALL; may be certified by later reconciliation,,,,,20,False,1,high-rank-foundry-v1-v3:f-dee75057aed71758f087,,,18,17,
ORIGINATING_CALL; may be certified by later reconciliation,,,,,1,False,2,high-rank-foundry-v1-v3:f-df4523b0b2fcf547452c,,,19,17,
ORIGINATING_CALL; may be certified by later reconciliation,,,,,4,False,1,high-rank-foundry-v1-v3:f-df4523b0b2fcf547452c,,,20,19,
ORIGINATING_CALL; may be certified by later reconciliation,,,,,5,False,2,high-rank-foundry-v1-v3:f-df4523b0b2fcf547452c,,,22,20,
ORIGINATING_CALL; may be certified by later reconciliation,,,,,28,False,1,high-rank-foundry-v1-v3:f-df4523b0b2fcf547452c,,,23,22,
ORIGINATING_CALL; may be certified by later reconciliation,,,,,8,False,1,high-rank-foundry-v1-v3:f-e025a29a355fbda0e6bb,,,18,17,
ORIGINATING_CALL; may be certified by later reconciliation,,,,,43,False,1,high-rank-foundry-v1-v3:f-e02a9c77a25456582621,,,18,17,
ORIGINATING_CALL; may be certified by later reconciliation,,,,,1,False,1,high-rank-foundry-v1-v3:f-e0b63ee02936e01fffd2,,,18,17,
ORIGINATING_CALL; may be certified by later reconciliation,,,,,9,False,1,high-rank-foundry-v1-v3:f-e0d130f4534c6471a6d6,,,18,17,
ORIGINATING_CALL; may be certified by later reconciliation,,,,,1,False,1,high-rank-foundry-v1-v3:f-e1280a5d7020bef0275c,,,18,17,
ORIGINATING_CALL; may be certified by later reconciliation,,,,,5,False,1,high-rank-foundry-v1-v3:f-e1280a5d7020bef0275c,,,19,18,
ORIGINATING_CALL; may be certified by later reconciliation,,,,,1,False,3,high-rank-foundry-v1-v3:f-e185b17b11da4b9d4d2a,,,20,17,
ORIGINATING_CALL; may be certified by later reconciliation,,,,,2,False,1,high-rank-foundry-v1-v3:f-e185b17b11da4b9d4d2a,,,21,20,
ORIGINATING_CALL; may be certified by later reconciliation,,,,,7,False,1,high-rank-foundry-v1-v3:f-e185b17b11da4b9d4d2a,,,22,21,
ORIGINATING_CALL; may be certified by later reconciliation,,,,,17,False,1,high-rank-foundry-v1-v3:f-e24dfe6c296d7c698081,,,18,17,
ORIGINATING_CALL; may be certified by later reconciliation,,,,,80,False,1,high-rank-foundry-v1-v3:f-e24dfe6c296d7c698081,,,19,18,
ORIGINATING_CALL; may be certified by later reconciliation,,,,,17,False,1,high-rank-foundry-v1-v3:f-e36d91f17495a9c417bc,,,18,17,
ORIGINATING_CALL; may be certified by later reconciliation,,,,,1,False,1,high-rank-foundry-v1-v3:f-e40d9a8a5123133958ec,,,18,17,
ORIGINATING_CALL; may be certified by later reconciliation,,,,,1,False,1,high-rank-foundry-v1-v3:f-e5b6e8c6922419b5659c,,,18,17,
ORIGINATING_CALL; may be certified by later reconciliation,,,,,2,False,1,high-rank-foundry-v1-v3:f-e5b6e8c6922419b5659c,,,19,18,
ORIGINATING_CALL; may be certified by later reconciliation,,,,,3,False,1,high-rank-foundry-v1-v3:f-e5b6e8c6922419b5659c,,,20,19,
ORIGINATING_CALL; may be certified by later reconciliation,,,,,10,False,1,high-rank-foundry-v1-v3:f-e5b6e8c6922419b5659c,,,21,20,
ORIGINATING_CALL; may be certified by later reconciliation,,,,,61,False,1,high-rank-foundry-v1-v3:f-e5b6e8c6922419b5659c,,,22,21,
ORIGINATING_CALL; may be certified by later reconciliation,,,,,27,False,1,high-rank-foundry-v1-v3:f-e5d885f2219661324f61,,,18,17,
ORIGINATING_CALL; may be certified by later reconciliation,,,,,15,False,1,high-rank-foundry-v1-v3:f-e6868d70cb13d15d7722,,,18,17,
ORIGINATING_CALL; may be certified by later reconciliation,,,,,36,False,1,high-rank-foundry-v1-v3:f-e6868d70cb13d15d7722,,,19,18,
ORIGINATING_CALL; may be certified by later reconciliation,,,,,77,False,1,high-rank-foundry-v1-v3:f-e8330b70709e5a5be752,,,18,17,
ORIGINATING_CALL; may be certified by later reconciliation,,,,,7,False,1,high-rank-foundry-v1-v3:f-e866943d8720b3df47b4,,,18,17,
ORIGINATING_CALL; may be certified by later reconciliation,,,,,20,False,1,high-rank-foundry-v1-v3:f-e866943d8720b3df47b4,,,19,18,
ORIGINATING_CALL; may be certified by later reconciliation,,,,,91,False,1,high-rank-foundry-v1-v3:f-e866943d8720b3df47b4,,,20,19,
ORIGINATING_CALL; may be certified by later reconciliation,,,,,106,False,1,high-rank-foundry-v1-v3:f-e866943d8720b3df47b4,,,21,20,
ORIGINATING_CALL; may be certified by later reconciliation,,,,,179,False,1,high-rank-foundry-v1-v3:f-e866943d8720b3df47b4,,,22,21,
ORIGINATING_CALL; may be certified by later reconciliation,,,,,210,False,1,high-rank-foundry-v1-v3:f-e866943d8720b3df47b4,,,23,22,
ORIGINATING_CALL; may be certified by later reconciliation,,,,,3,False,1,high-rank-foundry-v1-v3:f-e885b6de92e2dca2fde4,,,18,17,
ORIGINATING_CALL; may be certified by later reconciliation,,,,,12,False,1,high-rank-foundry-v1-v3:f-e885b6de92e2dca2fde4,,,19,18,
ORIGINATING_CALL; may be certified by later reconciliation,,,,,113,False,1,high-rank-foundry-v1-v3:f-e885b6de92e2dca2fde4,,,20,19,
ORIGINATING_CALL; may be certified by later reconciliation,,,,,197,False,1,high-rank-foundry-v1-v3:f-e885b6de92e2dca2fde4,,,21,20,
ORIGINATING_CALL; may be certified by later reconciliation,,,,,9,False,1,high-rank-foundry-v1-v3:f-e8eb74ef4424c0da1edf,,,18,17,
ORIGINATING_CALL; may be certified by later reconciliation,,,,,1,False,1,high-rank-foundry-v1-v3:f-e9a5412cfe5a64418437,,,18,17,
ORIGINATING_CALL; may be certified by later reconciliation,,,,,1,False,3,high-rank-foundry-v1-v3:f-ea1be6de23b96f77dcb2,,,20,17,
ORIGINATING_CALL; may be certified by later reconciliation,,,,,23,False,1,high-rank-foundry-v1-v3:f-ea7bcf1b606c1c8a2c94,,,18,17,
ORIGINATING_CALL; may be certified by later reconciliation,,,,,110,False,1,high-rank-foundry-v1-v3:f-ea7bcf1b606c1c8a2c94,,,19,18,
ORIGINATING_CALL; may be certified by later reconciliation,,,,,129,False,1,high-rank-foundry-v1-v3:f-ea7bcf1b606c1c8a2c94,,,20,19,
ORIGINATING_CALL; may be certified by later reconciliation,,,,,196,False,1,high-rank-foundry-v1-v3:f-ea7bcf1b606c1c8a2c94,,,21,20,
ORIGINATING_CALL; may be certified by later reconciliation,,,,,1,False,2,high-rank-foundry-v1-v3:f-eb4de2d471d8a70f5d23,,,19,17,
ORIGINATING_CALL; may be certified by later reconciliation,,,,,2,False,1,high-rank-foundry-v1-v3:f-eb4de2d471d8a70f5d23,,,20,19,
ORIGINATING_CALL; may be certified by later reconciliation,,,,,7,False,1,high-rank-foundry-v1-v3:f-eb4de2d471d8a70f5d23,,,21,20,
ORIGINATING_CALL; may be certified by later reconciliation,,,,,126,False,1,high-rank-foundry-v1-v3:f-eb4de2d471d8a70f5d23,,,22,21,
ORIGINATING_CALL; may be certified by later reconciliation,,,,,143,False,1,high-rank-foundry-v1-v3:f-eb4de2d471d8a70f5d23,,,23,22,
ORIGINATING_CALL; may be certified by later reconciliation,,,,,162,True,1,high-rank-foundry-v1-v3:f-eb4de2d471d8a70f5d23,,,24,23,
ORIGINATING_CALL; may be certified by later reconciliation,,,,,1,False,1,high-rank-foundry-v1-v3:f-eb72f5e5f89420c29aad,,,18,17,
ORIGINATING_CALL; may be certified by later reconciliation,,,,,8,False,1,high-rank-foundry-v1-v3:f-eb72f5e5f89420c29aad,,,19,18,
ORIGINATING_CALL; may be certified by later reconciliation,,,,,21,False,1,high-rank-foundry-v1-v3:f-eb72f5e5f89420c29aad,,,20,19,
ORIGINATING_CALL; may be certified by later reconciliation,,,,,36,False,1,high-rank-foundry-v1-v3:f-eb72f5e5f89420c29aad,,,21,20,
ORIGINATING_CALL; may be certified by later reconciliation,,,,,5,False,1,high-rank-foundry-v1-v3:f-ebaa780748a574f94a12,,,18,17,
ORIGINATING_CALL; may be certified by later reconciliation,,,,,9,False,1,high-rank-foundry-v1-v3:f-ec1a2ecf4eb75a552962,,,18,17,
ORIGINATING_CALL; may be certified by later reconciliation,,,,,12,False,1,high-rank-foundry-v1-v3:f-ec1a2ecf4eb75a552962,,,19,18,
ORIGINATING_CALL; may be certified by later reconciliation,,,,,43,False,1,high-rank-foundry-v1-v3:f-ec1a2ecf4eb75a552962,,,20,19,
ORIGINATING_CALL; may be certified by later reconciliation,,,,,16,False,1,high-rank-foundry-v1-v3:f-ec1aa2b6186156f1a06e,,,18,17,
ORIGINATING_CALL; may be certified by later reconciliation,,,,,47,False,1,high-rank-foundry-v1-v3:f-ec1aa2b6186156f1a06e,,,19,18,
ORIGINATING_CALL; may be certified by later reconciliation,,,,,94,False,1,high-rank-foundry-v1-v3:f-ec1aa2b6186156f1a06e,,,20,19,
ORIGINATING_CALL; may be certified by later reconciliation,,,,,214,False,1,high-rank-foundry-v1-v3:f-ec1aa2b6186156f1a06e,,,21,20,
ORIGINATING_CALL; may be certified by later reconciliation,,,,,1,False,2,high-rank-foundry-v1-v3:f-edc7eca247c2f827b50f,,,19,17,
ORIGINATING_CALL; may be certified by later reconciliation,,,,,1,False,1,high-rank-foundry-v1-v3:f-eeb938759ee1f5100061,,,18,17,
ORIGINATING_CALL; may be certified by later reconciliation,,,,,8,False,1,high-rank-foundry-v1-v3:f-eeb938759ee1f5100061,,,19,18,
ORIGINATING_CALL; may be certified by later reconciliation,,,,,11,False,1,high-rank-foundry-v1-v3:f-eeb938759ee1f5100061,,,20,19,
ORIGINATING_CALL; may be certified by later reconciliation,,,,,38,False,1,high-rank-foundry-v1-v3:f-eeb938759ee1f5100061,,,21,20,
ORIGINATING_CALL; may be certified by later reconciliation,,,,,47,False,1,high-rank-foundry-v1-v3:f-eeb938759ee1f5100061,,,22,21,
ORIGINATING_CALL; may be certified by later reconciliation,,,,,1,False,1,high-rank-foundry-v1-v3:f-ef0e0b13916ee4073a59,,,18,17,
ORIGINATING_CALL; may be certified by later reconciliation,,,,,19,False,1,high-rank-foundry-v1-v3:f-efae3745a6155d55dc5a,,,18,17,
ORIGINATING_CALL; may be certified by later reconciliation,,,,,35,False,1,high-rank-foundry-v1-v3:f-efee06b682b1208d12d7,,,18,17,
ORIGINATING_CALL; may be certified by later reconciliation,,,,,43,False,1,high-rank-foundry-v1-v3:f-efee06b682b1208d12d7,,,19,18,
ORIGINATING_CALL; may be certified by later reconciliation,,,,,4,False,1,high-rank-foundry-v1-v3:f-f01b2df06d8ec06f7642,,,18,17,
ORIGINATING_CALL; may be certified by later reconciliation,,,,,1,False,1,high-rank-foundry-v1-v3:f-f022bb0cbd7d59517d12,,,18,17,
ORIGINATING_CALL; may be certified by later reconciliation,,,,,66,False,1,high-rank-foundry-v1-v3:f-f022bb0cbd7d59517d12,,,19,18,
ORIGINATING_CALL; may be certified by later reconciliation,,,,,71,False,1,high-rank-foundry-v1-v3:f-f022bb0cbd7d59517d12,,,20,19,
ORIGINATING_CALL; may be certified by later reconciliation,,,,,5,False,1,high-rank-foundry-v1-v3:f-f090fda691df4e30f65c,,,18,17,
ORIGINATING_CALL; may be certified by later reconciliation,,,,,68,False,1,high-rank-foundry-v1-v3:f-f090fda691df4e30f65c,,,19,18,
ORIGINATING_CALL; may be certified by later reconciliation,,,,,19,False,1,high-rank-foundry-v1-v3:f-f128fd76e8d289bba2fa,,,18,17,
ORIGINATING_CALL; may be certified by later reconciliation,,,,,32,False,1,high-rank-foundry-v1-v3:f-f128fd76e8d289bba2fa,,,19,18,
ORIGINATING_CALL; may be certified by later reconciliation,,,,,67,False,1,high-rank-foundry-v1-v3:f-f14136838aa54897447d,,,18,17,
ORIGINATING_CALL; may be certified by later reconciliation,,,,,1,False,2,high-rank-foundry-v1-v3:f-f1b582cfdeb25f7edd02,,,19,17,
ORIGINATING_CALL; may be certified by later reconciliation,,,,,1,False,2,high-rank-foundry-v1-v3:f-f1bc24915b3b91cb69c2,,,19,17,
ORIGINATING_CALL; may be certified by later reconciliation,,,,,2,False,1,high-rank-foundry-v1-v3:f-f1bc24915b3b91cb69c2,,,20,19,
ORIGINATING_CALL; may be certified by later reconciliation,,,,,3,False,2,high-rank-foundry-v1-v3:f-f1bc24915b3b91cb69c2,,,22,20,
ORIGINATING_CALL; may be certified by later reconciliation,,,,,8,False,1,high-rank-foundry-v1-v3:f-f1bc24915b3b91cb69c2,,,23,22,
ORIGINATING_CALL; may be certified by later reconciliation,,,,,9,False,1,high-rank-foundry-v1-v3:f-f1fc9d04d236ea38ee97,,,18,17,
ORIGINATING_CALL; may be certified by later reconciliation,,,,,90,False,1,high-rank-foundry-v1-v3:f-f1fc9d04d236ea38ee97,,,19,18,
ORIGINATING_CALL; may be certified by later reconciliation,,,,,15,False,1,high-rank-foundry-v1-v3:f-f204f275c3faa31f639e,,,18,17,
ORIGINATING_CALL; may be certified by later reconciliation,,,,,22,False,1,high-rank-foundry-v1-v3:f-f204f275c3faa31f639e,,,19,18,
ORIGINATING_CALL; may be certified by later reconciliation,,,,,29,False,1,high-rank-foundry-v1-v3:f-f204f275c3faa31f639e,,,20,19,
ORIGINATING_CALL; may be certified by later reconciliation,,,,,36,False,1,high-rank-foundry-v1-v3:f-f204f275c3faa31f639e,,,21,20,
ORIGINATING_CALL; may be certified by later reconciliation,,,,,45,False,1,high-rank-foundry-v1-v3:f-f204f275c3faa31f639e,,,22,21,
ORIGINATING_CALL; may be certified by later reconciliation,,,,,3,False,1,high-rank-foundry-v1-v3:f-f2287bd57f6e2014a9fa,,,18,17,
ORIGINATING_CALL; may be certified by later reconciliation,,,,,38,False,1,high-rank-foundry-v1-v3:f-f2287bd57f6e2014a9fa,,,19,18,
ORIGINATING_CALL; may be certified by later reconciliation,,,,,63,False,1,high-rank-foundry-v1-v3:f-f2287bd57f6e2014a9fa,,,20,19,
ORIGINATING_CALL; may be certified by later reconciliation,,,,,78,False,1,high-rank-foundry-v1-v3:f-f2287bd57f6e2014a9fa,,,21,20,
ORIGINATING_CALL; may be certified by later reconciliation,,,,,152,False,1,high-rank-foundry-v1-v3:f-f2287bd57f6e2014a9fa,,,22,21,
ORIGINATING_CALL; may be certified by later reconciliation,,,,,205,False,1,high-rank-foundry-v1-v3:f-f2287bd57f6e2014a9fa,,,23,22,
ORIGINATING_CALL; may be certified by later reconciliation,,,,,516,True,1,high-rank-foundry-v1-v3:f-f2287bd57f6e2014a9fa,,,24,23,
ORIGINATING_CALL; may be certified by later reconciliation,,,,,1,False,1,high-rank-foundry-v1-v3:f-f22db0d0d2e7689195a9,,,18,17,
ORIGINATING_CALL; may be certified by later reconciliation,,,,,4,False,1,high-rank-foundry-v1-v3:f-f22db0d0d2e7689195a9,,,19,18,
ORIGINATING_CALL; may be certified by later reconciliation,,,,,5,False,1,high-rank-foundry-v1-v3:f-f22db0d0d2e7689195a9,,,20,19,
ORIGINATING_CALL; may be certified by later reconciliation,,,,,8,False,1,high-rank-foundry-v1-v3:f-f22db0d0d2e7689195a9,,,21,20,
ORIGINATING_CALL; may be certified by later reconciliation,,,,,14,False,1,high-rank-foundry-v1-v3:f-f22db0d0d2e7689195a9,,,22,21,
ORIGINATING_CALL; may be certified by later reconciliation,,,,,15,False,1,high-rank-foundry-v1-v3:f-f22db0d0d2e7689195a9,,,23,22,
ORIGINATING_CALL; may be certified by later reconciliation,,,,,1,False,1,high-rank-foundry-v1-v3:f-f444a0f1301c2b053d36,,,18,17,
ORIGINATING_CALL; may be certified by later reconciliation,,,,,1,False,3,high-rank-foundry-v1-v3:f-f51805de355c91ac462b,,,20,17,
ORIGINATING_CALL; may be certified by later reconciliation,,,,,1,False,1,high-rank-foundry-v1-v3:f-f52135602252bf7c879e,,,18,17,
ORIGINATING_CALL; may be certified by later reconciliation,,,,,1,False,1,high-rank-foundry-v1-v3:f-f5efba0a6374905cfd9a,,,18,17,
ORIGINATING_CALL; may be certified by later reconciliation,,,,,9,False,1,high-rank-foundry-v1-v3:f-f6c8b7de3992d26100d6,,,18,17,
ORIGINATING_CALL; may be certified by later reconciliation,,,,,10,False,1,high-rank-foundry-v1-v3:f-f6c8b7de3992d26100d6,,,19,18,
ORIGINATING_CALL; may be certified by later reconciliation,,,,,11,False,1,high-rank-foundry-v1-v3:f-f6c8b7de3992d26100d6,,,20,19,
ORIGINATING_CALL; may be certified by later reconciliation,,,,,16,False,1,high-rank-foundry-v1-v3:f-f6c8b7de3992d26100d6,,,21,20,
ORIGINATING_CALL; may be certified by later reconciliation,,,,,41,False,1,high-rank-foundry-v1-v3:f-f6c8b7de3992d26100d6,,,22,21,
ORIGINATING_CALL; may be certified by later reconciliation,,,,,42,False,1,high-rank-foundry-v1-v3:f-f6c8b7de3992d26100d6,,,23,22,
ORIGINATING_CALL; may be certified by later reconciliation,,,,,1,False,2,high-rank-foundry-v1-v3:f-f721433a134b5eeff5fd,,,19,17,
ORIGINATING_CALL; may be certified by later reconciliation,,,,,2,False,1,high-rank-foundry-v1-v3:f-f721433a134b5eeff5fd,,,20,19,
ORIGINATING_CALL; may be certified by later reconciliation,,,,,7,False,1,high-rank-foundry-v1-v3:f-f721433a134b5eeff5fd,,,21,20,
ORIGINATING_CALL; may be certified by later reconciliation,,,,,14,False,1,high-rank-foundry-v1-v3:f-f721433a134b5eeff5fd,,,22,21,
ORIGINATING_CALL; may be certified by later reconciliation,,,,,1,False,4,high-rank-foundry-v1-v3:f-f810508e0bbd83331adc,,,21,17,
ORIGINATING_CALL; may be certified by later reconciliation,,,,,2,False,2,high-rank-foundry-v1-v3:f-f810508e0bbd83331adc,,,23,21,
ORIGINATING_CALL; may be certified by later reconciliation,,,,,13,False,1,high-rank-foundry-v1-v3:f-f83644384220be091b8e,,,18,17,
ORIGINATING_CALL; may be certified by later reconciliation,,,,,72,False,1,high-rank-foundry-v1-v3:f-f83644384220be091b8e,,,19,18,
ORIGINATING_CALL; may be certified by later reconciliation,,,,,1,False,1,high-rank-foundry-v1-v3:f-f885b8d9e6ee6d8be001,,,18,17,
ORIGINATING_CALL; may be certified by later reconciliation,,,,,21,False,1,high-rank-foundry-v1-v3:f-f9205f5c4e5cb5c0bc2f,,,18,17,
ORIGINATING_CALL; may be certified by later reconciliation,,,,,1,False,1,high-rank-foundry-v1-v3:f-f9a835204f826857e484,,,18,17,
ORIGINATING_CALL; may be certified by later reconciliation,,,,,1,False,1,high-rank-foundry-v1-v3:f-fa5338d9797bc5de341d,,,18,17,
ORIGINATING_CALL; may be certified by later reconciliation,,,,,1,False,3,high-rank-foundry-v1-v3:f-fbc0479a545b91df2a37,,,20,17,
ORIGINATING_CALL; may be certified by later reconciliation,,,,,55,False,1,high-rank-foundry-v1-v3:f-fbed8b6168edeb2302fa,,,18,17,
ORIGINATING_CALL; may be certified by later reconciliation,,,,,106,False,1,high-rank-foundry-v1-v3:f-fbed8b6168edeb2302fa,,,19,18,
ORIGINATING_CALL; may be certified by later reconciliation,,,,,125,False,1,high-rank-foundry-v1-v3:f-fbed8b6168edeb2302fa,,,20,19,
ORIGINATING_CALL; may be certified by later reconciliation,,,,,13,False,1,high-rank-foundry-v1-v3:f-fc11fddc689ed29d4d74,,,18,17,
ORIGINATING_CALL; may be certified by later reconciliation,,,,,18,False,1,high-rank-foundry-v1-v3:f-fc11fddc689ed29d4d74,,,19,18,
ORIGINATING_CALL; may be certified by later reconciliation,,,,,25,False,1,high-rank-foundry-v1-v3:f-fc11fddc689ed29d4d74,,,20,19,
ORIGINATING_CALL; may be certified by later reconciliation,,,,,47,False,1,high-rank-foundry-v1-v3:f-fc11fddc689ed29d4d74,,,21,20,
ORIGINATING_CALL; may be certified by later reconciliation,,,,,50,False,1,high-rank-foundry-v1-v3:f-fc11fddc689ed29d4d74,,,22,21,
ORIGINATING_CALL; may be certified by later reconciliation,,,,,143,False,1,high-rank-foundry-v1-v3:f-fc11fddc689ed29d4d74,,,23,22,
ORIGINATING_CALL; may be certified by later reconciliation,,,,,150,True,1,high-rank-foundry-v1-v3:f-fc11fddc689ed29d4d74,,,24,23,
ORIGINATING_CALL; may be certified by later reconciliation,,,,,11,False,1,high-rank-foundry-v1-v3:f-fc3ce5249a67922a253e,,,18,17,
ORIGINATING_CALL; may be certified by later reconciliation,,,,,1,False,1,high-rank-foundry-v1-v3:f-fc969e4c0a11d9452a92,,,18,17,
ORIGINATING_CALL; may be certified by later reconciliation,,,,,6,False,1,high-rank-foundry-v1-v3:f-fc969e4c0a11d9452a92,,,19,18,
ORIGINATING_CALL; may be certified by later reconciliation,,,,,31,False,2,high-rank-foundry-v1-v3:f-fc969e4c0a11d9452a92,,,21,19,
ORIGINATING_CALL; may be certified by later reconciliation,,,,,62,False,1,high-rank-foundry-v1-v3:f-fc969e4c0a11d9452a92,,,22,21,
ORIGINATING_CALL; may be certified by later reconciliation,,,,,63,False,1,high-rank-foundry-v1-v3:f-fc969e4c0a11d9452a92,,,23,22,
ORIGINATING_CALL; may be certified by later reconciliation,,,,,68,True,1,high-rank-foundry-v1-v3:f-fc969e4c0a11d9452a92,,,24,23,
ORIGINATING_CALL; may be certified by later reconciliation,,,,,1,False,1,high-rank-foundry-v1-v3:f-fd3de0efe2da68345559,,,18,17,
ORIGINATING_CALL; may be certified by later reconciliation,,,,,1,False,1,high-rank-foundry-v1-v3:f-fe5624a936caff2c86b8,,,18,17,
ORIGINATING_CALL; may be certified by later reconciliation,,,,,23,False,1,high-rank-foundry-v1-v3:f-fe5624a936caff2c86b8,,,19,18,
ORIGINATING_CALL; may be certified by later reconciliation,,,,,1,False,1,high-rank-foundry-v1-v3:f-fe8fb4f0bbc3ff2226da,,,18,17,
ORIGINATING_CALL; may be certified by later reconciliation,,,,,83,False,1,high-rank-foundry-v1-v3:f-ff099f8e08b660e6ecd1,,,18,17,
ORIGINATING_CALL; may be certified by later reconciliation,,,,,1,False,2,high-rank-foundry-v1-v3:f-ff7000b2cc772b1744ed,,,19,17,
ORIGINATING_CALL; may be certified by later reconciliation,,,,,2,False,1,high-rank-foundry-v1-v3:f-ff7000b2cc772b1744ed,,,20,19,
ORIGINATING_CALL; may be certified by later reconciliation,,,,,24,False,1,high-rank-foundry-v1-v3:warm-074d9-high-01,,,18,17,
ORIGINATING_CALL; may be certified by later reconciliation,,,,,67,False,1,high-rank-foundry-v1-v3:warm-074d9-high-01,,,19,18,
ORIGINATING_CALL; may be certified by later reconciliation,,,,,120,False,1,high-rank-foundry-v1-v3:warm-074d9-high-01,,,20,19,
ORIGINATING_CALL; may be certified by later reconciliation,,,,,1,False,2,high-rank-foundry-v1-v3:warm-074d9-low-04,,,19,17,
ORIGINATING_CALL; may be certified by later reconciliation,,,,,4,False,1,high-rank-foundry-v1-v3:warm-074d9-low-04,,,20,19,
ORIGINATING_CALL; may be certified by later reconciliation,,,,,7,False,1,high-rank-foundry-v1-v3:warm-074d9-low-04,,,21,20,
ORIGINATING_CALL; may be certified by later reconciliation,,,,,8,False,1,high-rank-foundry-v1-v3:warm-074d9-low-04,,,22,21,
ORIGINATING_CALL; may be certified by later reconciliation,,,,,9,False,1,high-rank-foundry-v1-v3:warm-074d9-low-04,,,23,22,
ORIGINATING_CALL; may be certified by later reconciliation,,,,,17,True,1,high-rank-foundry-v1-v3:warm-074d9-low-04,,,24,23,
ORIGINATING_CALL; may be certified by later reconciliation,,,,,20,True,1,high-rank-foundry-v1-v3:warm-074d9-low-04,,,25,24,
ORIGINATING_CALL; may be certified by later reconciliation,,,,,41,True,1,high-rank-foundry-v1-v3:warm-074d9-low-04,,,26,25,
ORIGINATING_CALL; may be certified by later reconciliation,,,,,1,False,1,high-rank-foundry-v1-v3:warm-07ca9-high-05,,,18,17,
ORIGINATING_CALL; may be certified by later reconciliation,,,,,2,False,1,high-rank-foundry-v1-v3:warm-07ca9-high-05,,,19,18,
ORIGINATING_CALL; may be certified by later reconciliation,,,,,5,False,1,high-rank-foundry-v1-v3:warm-07ca9-high-05,,,20,19,
ORIGINATING_CALL; may be certified by later reconciliation,,,,,16,False,1,high-rank-foundry-v1-v3:warm-07ca9-high-05,,,21,20,
ORIGINATING_CALL; may be certified by later reconciliation,,,,,22,False,1,high-rank-foundry-v1-v3:warm-07ca9-high-05,,,22,21,
ORIGINATING_CALL; may be certified by later reconciliation,,,,,23,False,1,high-rank-foundry-v1-v3:warm-07ca9-high-05,,,23,22,
ORIGINATING_CALL; may be certified by later reconciliation,,,,,26,True,1,high-rank-foundry-v1-v3:warm-07ca9-high-05,,,24,23,
ORIGINATING_CALL; may be certified by later reconciliation,,,,,63,True,1,high-rank-foundry-v1-v3:warm-07ca9-high-05,,,25,24,
ORIGINATING_CALL; may be certified by later reconciliation,,,,,1,False,3,high-rank-foundry-v1-v3:warm-07ca9-low-04,,,20,17,
ORIGINATING_CALL; may be certified by later reconciliation,,,,,4,False,4,high-rank-foundry-v1-v3:warm-07ca9-low-04,,,24,20,
ORIGINATING_CALL; may be certified by later reconciliation,,,,,12,True,1,high-rank-foundry-v1-v3:warm-07ca9-low-04,,,25,24,
ORIGINATING_CALL; may be certified by later reconciliation,,,,,1,False,1,high-rank-foundry-v1-v3:warm-08f72-high-04,,,18,17,
ORIGINATING_CALL; may be certified by later reconciliation,,,,,2,False,2,high-rank-foundry-v1-v3:warm-08f72-high-04,,,20,18,
ORIGINATING_CALL; may be certified by later reconciliation,,,,,9,False,3,high-rank-foundry-v1-v3:warm-08f72-high-04,,,23,20,
ORIGINATING_CALL; may be certified by later reconciliation,,,,,18,True,1,high-rank-foundry-v1-v3:warm-08f72-high-04,,,24,23,
ORIGINATING_CALL; may be certified by later reconciliation,,,,,19,True,1,high-rank-foundry-v1-v3:warm-08f72-high-04,,,25,24,
ORIGINATING_CALL; may be certified by later reconciliation,,,,,5,False,1,high-rank-foundry-v1-v3:warm-08f72-high-05,,,18,17,
ORIGINATING_CALL; may be certified by later reconciliation,,,,,6,False,1,high-rank-foundry-v1-v3:warm-08f72-high-05,,,19,18,
ORIGINATING_CALL; may be certified by later reconciliation,,,,,33,False,1,high-rank-foundry-v1-v3:warm-08f72-high-05,,,20,19,
ORIGINATING_CALL; may be certified by later reconciliation,,,,,34,False,1,high-rank-foundry-v1-v3:warm-08f72-high-05,,,21,20,
ORIGINATING_CALL; may be certified by later reconciliation,,,,,79,False,1,high-rank-foundry-v1-v3:warm-08f72-high-05,,,22,21,
ORIGINATING_CALL; may be certified by later reconciliation,,,,,84,False,1,high-rank-foundry-v1-v3:warm-08f72-high-05,,,23,22,
ORIGINATING_CALL; may be certified by later reconciliation,,,,,186,True,1,high-rank-foundry-v1-v3:warm-08f72-high-05,,,24,23,
ORIGINATING_CALL; may be certified by later reconciliation,,,,,221,True,1,high-rank-foundry-v1-v3:warm-08f72-high-05,,,25,24,
ORIGINATING_CALL; may be certified by later reconciliation,,,,,1,False,2,high-rank-foundry-v1-v3:warm-103b2-low-03,,,19,17,
ORIGINATING_CALL; may be certified by later reconciliation,,,,,4,False,2,high-rank-foundry-v1-v3:warm-103b2-low-03,,,21,19,
ORIGINATING_CALL; may be certified by later reconciliation,,,,,13,False,1,high-rank-foundry-v1-v3:warm-103b2-low-03,,,22,21,
ORIGINATING_CALL; may be certified by later reconciliation,,,,,14,False,2,high-rank-foundry-v1-v3:warm-103b2-low-03,,,24,22,
ORIGINATING_CALL; may be certified by later reconciliation,,,,,27,True,1,high-rank-foundry-v1-v3:warm-103b2-low-03,,,25,24,
ORIGINATING_CALL; may be certified by later reconciliation,,,,,1,False,2,high-rank-foundry-v1-v3:warm-103b2-low-05,,,19,17,
ORIGINATING_CALL; may be certified by later reconciliation,,,,,2,False,1,high-rank-foundry-v1-v3:warm-103b2-low-05,,,20,19,
ORIGINATING_CALL; may be certified by later reconciliation,,,,,5,False,1,high-rank-foundry-v1-v3:warm-103b2-low-05,,,21,20,
ORIGINATING_CALL; may be certified by later reconciliation,,,,,12,False,1,high-rank-foundry-v1-v3:warm-103b2-low-05,,,22,21,
ORIGINATING_CALL; may be certified by later reconciliation,,,,,13,False,1,high-rank-foundry-v1-v3:warm-103b2-low-05,,,23,22,
ORIGINATING_CALL; may be certified by later reconciliation,,,,,14,True,2,high-rank-foundry-v1-v3:warm-103b2-low-05,,,25,23,
ORIGINATING_CALL; may be certified by later reconciliation,,,,,43,True,1,high-rank-foundry-v1-v3:warm-103b2-low-05,,,26,25,
ORIGINATING_CALL; may be certified by later reconciliation,,,,,62,False,1,high-rank-foundry-v1-v3:warm-11952-high-01,,,18,17,
ORIGINATING_CALL; may be certified by later reconciliation,,,,,143,False,1,high-rank-foundry-v1-v3:warm-11952-high-01,,,19,18,
ORIGINATING_CALL; may be certified by later reconciliation,,,,,1,False,3,high-rank-foundry-v1-v3:warm-11952-low-04,,,20,17,
ORIGINATING_CALL; may be certified by later reconciliation,,,,,2,False,2,high-rank-foundry-v1-v3:warm-11952-low-04,,,22,20,
ORIGINATING_CALL; may be certified by later reconciliation,,,,,5,False,1,high-rank-foundry-v1-v3:warm-11952-low-04,,,23,22,
ORIGINATING_CALL; may be certified by later reconciliation,,,,,8,True,3,high-rank-foundry-v1-v3:warm-11952-low-04,,,26,23,
ORIGINATING_CALL; may be certified by later reconciliation,,,,,1,False,2,high-rank-foundry-v1-v3:warm-f-0c58f3edab4ef28a34de,,,19,17,
ORIGINATING_CALL; may be certified by later reconciliation,,,,,2,False,2,high-rank-foundry-v1-v3:warm-f-0c58f3edab4ef28a34de,,,21,19,
ORIGINATING_CALL; may be certified by later reconciliation,,,,,5,False,3,high-rank-foundry-v1-v3:warm-f-0c58f3edab4ef28a34de,,,24,21,
ORIGINATING_CALL; may be certified by later reconciliation,,,,,10,True,1,high-rank-foundry-v1-v3:warm-f-0c58f3edab4ef28a34de,,,25,24,
ORIGINATING_CALL; may be certified by later reconciliation,,,,,1,False,2,high-rank-foundry-v1-v3:warm-f-69c2a3a3eb2f335be320,,,19,17,
ORIGINATING_CALL; may be certified by later reconciliation,,,,,3,False,1,high-rank-foundry-v1-v3:warm-f-69c2a3a3eb2f335be320,,,20,19,
ORIGINATING_CALL; may be certified by later reconciliation,,,,,6,False,2,high-rank-foundry-v1-v3:warm-f-69c2a3a3eb2f335be320,,,22,20,
ORIGINATING_CALL; may be certified by later reconciliation,,,,,39,False,1,high-rank-foundry-v1-v3:warm-f-69c2a3a3eb2f335be320,,,23,22,
ORIGINATING_CALL; may be certified by later reconciliation,,,,,1,False,1,high-rank-foundry-v1-v3:warm-f-93d0fda2ad54bd2b7ea4,,,18,17,
ORIGINATING_CALL; may be certified by later reconciliation,,,,,5,False,1,high-rank-foundry-v1-v3:warm-f-93d0fda2ad54bd2b7ea4,,,19,18,
ORIGINATING_CALL; may be certified by later reconciliation,,,,,8,False,1,high-rank-foundry-v1-v3:warm-f-93d0fda2ad54bd2b7ea4,,,20,19,
ORIGINATING_CALL; may be certified by later reconciliation,,,,,9,False,2,high-rank-foundry-v1-v3:warm-f-93d0fda2ad54bd2b7ea4,,,22,20,
ORIGINATING_CALL; may be certified by later reconciliation,,,,,50,False,1,high-rank-foundry-v1-v3:warm-f-93d0fda2ad54bd2b7ea4,,,23,22,
ORIGINATING_CALL; may be certified by later reconciliation,,,,,1,False,1,high-rank-foundry-v1-v3:warm-f-e140820adf080ea37d1f,,,18,17,
ORIGINATING_CALL; may be certified by later reconciliation,,,,,4,False,2,high-rank-foundry-v1-v3:warm-f-e140820adf080ea37d1f,,,20,18,
ORIGINATING_CALL; may be certified by later reconciliation,,,,,25,False,1,high-rank-foundry-v1-v3:warm-f-e140820adf080ea37d1f,,,21,20,
ORIGINATING_CALL; may be certified by later reconciliation,,,,,54,False,1,high-rank-foundry-v1-v3:warm-f-e140820adf080ea37d1f,,,22,21,
ORIGINATING_CALL; may be certified by later reconciliation,,,,,15,False,1,high-rank-foundry-v1-v3:warm-warm-074d9-low-01,,,18,17,
ORIGINATING_CALL; may be certified by later reconciliation,,,,,61,False,1,high-rank-foundry-v1-v3:warm-warm-074d9-low-01,,,19,18,
ORIGINATING_CALL; may be certified by later reconciliation,,,,,115,False,1,high-rank-foundry-v1-v3:warm-warm-074d9-low-01,,,20,19,
ORIGINATING_CALL; may be certified by later reconciliation,,,,,9,False,1,high-rank-foundry-v1-v3:warm-warm-08234-high-04,,,18,17,
ORIGINATING_CALL; may be certified by later reconciliation,,,,,10,False,1,high-rank-foundry-v1-v3:warm-warm-08234-high-04,,,19,18,
ORIGINATING_CALL; may be certified by later reconciliation,,,,,43,False,1,high-rank-foundry-v1-v3:warm-warm-08234-high-04,,,20,19,
ORIGINATING_CALL; may be certified by later reconciliation,,,,,46,False,1,high-rank-foundry-v1-v3:warm-warm-08234-high-04,,,21,20,
ORIGINATING_CALL; may be certified by later reconciliation,,,,,53,False,1,high-rank-foundry-v1-v3:warm-warm-08234-high-04,,,22,21,
ORIGINATING_CALL; may be certified by later reconciliation,,,,,68,False,1,high-rank-foundry-v1-v3:warm-warm-08234-high-04,,,23,22,
ORIGINATING_CALL; may be certified by later reconciliation,,,,,101,True,1,high-rank-foundry-v1-v3:warm-warm-08234-high-04,,,24,23,
ORIGINATING_CALL; may be certified by later reconciliation,,,,,1,False,2,high-rank-foundry-v1-v3:warm-warm-103b2-low-02,,,19,17,
ORIGINATING_CALL; may be certified by later reconciliation,,,,,10,False,1,high-rank-foundry-v1-v3:warm-warm-103b2-low-02,,,20,19,
ORIGINATING_CALL; may be certified by later reconciliation,,,,,21,False,1,high-rank-foundry-v1-v3:warm-warm-103b2-low-02,,,21,20,
ORIGINATING_CALL; may be certified by later reconciliation,,,,,22,False,3,high-rank-foundry-v1-v3:warm-warm-103b2-low-02,,,24,21,
ORIGINATING_CALL; may be certified by later reconciliation,,,,,45,True,2,high-rank-foundry-v1-v3:warm-warm-103b2-low-02,,,26,24,
ORIGINATING_CALL; may be certified by later reconciliation,,,,,68,True,1,high-rank-foundry-v1-v3:warm-warm-103b2-low-02,,,27,26,
ORIGINATING_CALL; may be certified by later reconciliation,,,,,4,False,1,high-rank-foundry-v1-v3:warm-warm-11952-high-02,,,18,17,
ORIGINATING_CALL; may be certified by later reconciliation,,,,,6,False,1,high-rank-foundry-v1-v3:warm-warm-11952-high-02,,,19,18,
ORIGINATING_CALL; may be certified by later reconciliation,,,,,80,False,1,high-rank-foundry-v1-v3:warm-warm-11952-high-02,,,20,19,
ORIGINATING_CALL; may be certified by later reconciliation,,,,,93,False,1,high-rank-foundry-v1-v3:warm-warm-11952-high-02,,,21,20,
ORIGINATING_CALL; may be certified by later reconciliation,,,,,1,False,1,parent-foundry-v1-v4:00ed6da23bf1f3ea837247d2,,,18,17,
ORIGINATING_CALL; may be certified by later reconciliation,,,,,1,False,2,parent-foundry-v1-v4:04ec7bb0303d08a2a711b426,,,18,16,
ORIGINATING_CALL; may be certified by later reconciliation,,,,,1,False,2,parent-foundry-v1-v4:07b5e714b6fc5fd8d1bb4703,,,18,16,
ORIGINATING_CALL; may be certified by later reconciliation,,,,,1,False,1,parent-foundry-v1-v4:0a24377a02a6babf9f5008be,,,17,16,
ORIGINATING_CALL; may be certified by later reconciliation,,,,,1,False,2,parent-foundry-v1-v4:110f16fecbe3d1f9ded408a3,,,18,16,
ORIGINATING_CALL; may be certified by later reconciliation,,,,,1,False,3,parent-foundry-v1-v4:133d5d92a1f23e830ae5815d,,,19,16,
ORIGINATING_CALL; may be certified by later reconciliation,,,,,1,False,2,parent-foundry-v1-v4:1831588c429d219d8f96d982,,,18,16,
ORIGINATING_CALL; may be certified by later reconciliation,,,,,1,False,1,parent-foundry-v1-v4:2013279f02917998d07b68bb,,,17,16,
ORIGINATING_CALL; may be certified by later reconciliation,,,,,4,False,1,parent-foundry-v1-v4:2013279f02917998d07b68bb,,,18,17,
ORIGINATING_CALL; may be certified by later reconciliation,,,,,17,False,1,parent-foundry-v1-v4:2013279f02917998d07b68bb,,,19,18,
ORIGINATING_CALL; may be certified by later reconciliation,,,,,1,False,1,parent-foundry-v1-v4:22110ab64fd0dcbdbbefd812,,,17,16,
ORIGINATING_CALL; may be certified by later reconciliation,,,,,1,False,3,parent-foundry-v1-v4:24aa7c24934e4b0367a89e57,,,19,16,
ORIGINATING_CALL; may be certified by later reconciliation,,,,,1,False,3,parent-foundry-v1-v4:24d09799403bb2b21601b58a,,,19,16,
ORIGINATING_CALL; may be certified by later reconciliation,,,,,1,False,3,parent-foundry-v1-v4:25218efb723e3bf9d99cd9fc,,,19,16,
ORIGINATING_CALL; may be certified by later reconciliation,,,,,1,False,1,parent-foundry-v1-v4:25da2fe9199a7c9f5762dfaf,,,17,16,
ORIGINATING_CALL; may be certified by later reconciliation,,,,,1,False,2,parent-foundry-v1-v4:2936e6647f8dda2e30ae46f3,,,18,16,
ORIGINATING_CALL; may be certified by later reconciliation,,,,,1,False,1,parent-foundry-v1-v4:2de0dc80a5f415b43557de56,,,17,16,
ORIGINATING_CALL; may be certified by later reconciliation,,,,,1,False,1,parent-foundry-v1-v4:3732a4d1917f3b3f37d00a1b,,,17,16,
ORIGINATING_CALL; may be certified by later reconciliation,,,,,3,False,1,parent-foundry-v1-v4:3b0b982b7b6b444735b71e22,,,18,17,
ORIGINATING_CALL; may be certified by later reconciliation,,,,,1,False,3,parent-foundry-v1-v4:3cbc3bdf9a8069a530725936,,,20,17,
ORIGINATING_CALL; may be certified by later reconciliation,,,,,1,False,1,parent-foundry-v1-v4:3ef6754620c42118c1b95fa3,,,17,16,
ORIGINATING_CALL; may be certified by later reconciliation,,,,,4,False,1,parent-foundry-v1-v4:3ef6754620c42118c1b95fa3,,,18,17,
ORIGINATING_CALL; may be certified by later reconciliation,,,,,1,False,2,parent-foundry-v1-v4:3fbaa1237fa33f0c93a526c4,,,18,16,
ORIGINATING_CALL; may be certified by later reconciliation,,,,,1,False,1,parent-foundry-v1-v4:3fd66214355d3a85b132c86e,,,17,16,
ORIGINATING_CALL; may be certified by later reconciliation,,,,,2,False,1,parent-foundry-v1-v4:3fd66214355d3a85b132c86e,,,18,17,
ORIGINATING_CALL; may be certified by later reconciliation,,,,,3,False,1,parent-foundry-v1-v4:3fd66214355d3a85b132c86e,,,19,18,
ORIGINATING_CALL; may be certified by later reconciliation,,,,,1,False,1,parent-foundry-v1-v4:41b466ae3138cb4b0b151408,,,17,16,
ORIGINATING_CALL; may be certified by later reconciliation,,,,,1,False,1,parent-foundry-v1-v4:451e653d8ddd65e2ad12ae05,,,17,16,
ORIGINATING_CALL; may be certified by later reconciliation,,,,,1,False,1,parent-foundry-v1-v4:462b396e33714c51e5b7a22a,,,17,16,
ORIGINATING_CALL; may be certified by later reconciliation,,,,,1,False,2,parent-foundry-v1-v4:46ecc724202ec3def17c01ba,,,18,16,
ORIGINATING_CALL; may be certified by later reconciliation,,,,,13,False,1,parent-foundry-v1-v4:491ce504a7b87ac1eb12e531,,,17,16,
ORIGINATING_CALL; may be certified by later reconciliation,,,,,1,False,2,parent-foundry-v1-v4:4fec1fcb42881de9dd79997e,,,18,16,
ORIGINATING_CALL; may be certified by later reconciliation,,,,,16,False,1,parent-foundry-v1-v4:4fec1fcb42881de9dd79997e,,,19,18,
ORIGINATING_CALL; may be certified by later reconciliation,,,,,3,False,1,parent-foundry-v1-v4:5049f4e11271bcd50472e21e,,,17,16,
ORIGINATING_CALL; may be certified by later reconciliation,,,,,4,False,1,parent-foundry-v1-v4:5049f4e11271bcd50472e21e,,,18,17,
ORIGINATING_CALL; may be certified by later reconciliation,,,,,1,False,1,parent-foundry-v1-v4:51a1902895a0640ec37b94ce,,,18,17,
ORIGINATING_CALL; may be certified by later reconciliation,,,,,2,False,1,parent-foundry-v1-v4:51a1902895a0640ec37b94ce,,,19,18,
ORIGINATING_CALL; may be certified by later reconciliation,,,,,1,False,3,parent-foundry-v1-v4:56857fc4b313d4db7706136d,,,19,16,
ORIGINATING_CALL; may be certified by later reconciliation,,,,,1,False,1,parent-foundry-v1-v4:59e4df3f44f12f2156dba6ec,,,17,16,
ORIGINATING_CALL; may be certified by later reconciliation,,,,,1,False,1,parent-foundry-v1-v4:5d47b447850508523104aa16,,,17,16,
ORIGINATING_CALL; may be certified by later reconciliation,,,,,4,False,1,parent-foundry-v1-v4:5d47b447850508523104aa16,,,18,17,
ORIGINATING_CALL; may be certified by later reconciliation,,,,,1,False,1,parent-foundry-v1-v4:5fad87ccbccf7a94e4227bbf,,,17,16,
ORIGINATING_CALL; may be certified by later reconciliation,,,,,2,False,1,parent-foundry-v1-v4:5fad87ccbccf7a94e4227bbf,,,18,17,
ORIGINATING_CALL; may be certified by later reconciliation,,,,,1,False,2,parent-foundry-v1-v4:60a6bb5d754bae4dca3a048e,,,18,16,
ORIGINATING_CALL; may be certified by later reconciliation,,,,,1,False,1,parent-foundry-v1-v4:6603cc2fd8e941f85a65eee2,,,17,16,
ORIGINATING_CALL; may be certified by later reconciliation,,,,,67,False,1,parent-foundry-v1-v4:6603cc2fd8e941f85a65eee2,,,18,17,
ORIGINATING_CALL; may be certified by later reconciliation,,,,,1,False,1,parent-foundry-v1-v4:67f4df92af000673e29236e4,,,17,16,
ORIGINATING_CALL; may be certified by later reconciliation,,,,,3,False,2,parent-foundry-v1-v4:68357a5ddd014bd92c3854d8,,,18,16,
ORIGINATING_CALL; may be certified by later reconciliation,,,,,1,False,1,parent-foundry-v1-v4:6a7043edef903ab4b3953b7b,,,17,16,
ORIGINATING_CALL; may be certified by later reconciliation,,,,,2,False,1,parent-foundry-v1-v4:6a7043edef903ab4b3953b7b,,,18,17,
ORIGINATING_CALL; may be certified by later reconciliation,,,,,1,False,1,parent-foundry-v1-v4:6d26d4613e96f6413508979b,,,17,16,
ORIGINATING_CALL; may be certified by later reconciliation,,,,,1,False,1,parent-foundry-v1-v4:70a663470c3bbe41c7986cfe,,,17,16,
ORIGINATING_CALL; may be certified by later reconciliation,,,,,1,False,1,parent-foundry-v1-v4:72fba2993e0c08a92f800aa2,,,17,16,
ORIGINATING_CALL; may be certified by later reconciliation,,,,,4,False,1,parent-foundry-v1-v4:72fba2993e0c08a92f800aa2,,,18,17,
ORIGINATING_CALL; may be certified by later reconciliation,,,,,1,False,2,parent-foundry-v1-v4:73ae5e272db463ccdcebd2e7,,,18,16,
ORIGINATING_CALL; may be certified by later reconciliation,,,,,1,False,2,parent-foundry-v1-v4:783e48ef61e7ed5b4f84d1d2,,,18,16,
ORIGINATING_CALL; may be certified by later reconciliation,,,,,1,False,3,parent-foundry-v1-v4:7bcbe1505d61a9de050bd544,,,19,16,
ORIGINATING_CALL; may be certified by later reconciliation,,,,,1,False,3,parent-foundry-v1-v4:845d817ce61780ad5bffade8,,,19,16,
ORIGINATING_CALL; may be certified by later reconciliation,,,,,18,False,1,parent-foundry-v1-v4:845d817ce61780ad5bffade8,,,20,19,
ORIGINATING_CALL; may be certified by later reconciliation,,,,,1,False,3,parent-foundry-v1-v4:8464048f9201c759d1571718,,,19,16,
ORIGINATING_CALL; may be certified by later reconciliation,,,,,1,False,1,parent-foundry-v1-v4:85b252c6d46154e3e242b564,,,17,16,
ORIGINATING_CALL; may be certified by later reconciliation,,,,,1,False,3,parent-foundry-v1-v4:8807cbd62d9f5ec7b4a57d6c,,,19,16,
ORIGINATING_CALL; may be certified by later reconciliation,,,,,3,False,1,parent-foundry-v1-v4:8b76361c5ed4cf9928018dce,,,17,16,
ORIGINATING_CALL; may be certified by later reconciliation,,,,,4,False,1,parent-foundry-v1-v4:8b76361c5ed4cf9928018dce,,,18,17,
ORIGINATING_CALL; may be certified by later reconciliation,,,,,7,False,1,parent-foundry-v1-v4:8b76361c5ed4cf9928018dce,,,19,18,
ORIGINATING_CALL; may be certified by later reconciliation,,,,,1,False,1,parent-foundry-v1-v4:8fe9d230b59cf0f631733dbd,,,17,16,
ORIGINATING_CALL; may be certified by later reconciliation,,,,,21,False,1,parent-foundry-v1-v4:90c1e6deafc09c4e4d58884e,,,17,16,
ORIGINATING_CALL; may be certified by later reconciliation,,,,,1,False,2,parent-foundry-v1-v4:9201d0f960cbf45f7cada0da,,,18,16,
ORIGINATING_CALL; may be certified by later reconciliation,,,,,1,False,1,parent-foundry-v1-v4:985d10d7e3c800ff9a31f6b9,,,17,16,
ORIGINATING_CALL; may be certified by later reconciliation,,,,,3,False,1,parent-foundry-v1-v4:98e1720fc12ff5c4d5b8efb0,,,17,16,
ORIGINATING_CALL; may be certified by later reconciliation,,,,,8,False,1,parent-foundry-v1-v4:98e1720fc12ff5c4d5b8efb0,,,18,17,
ORIGINATING_CALL; may be certified by later reconciliation,,,,,9,False,1,parent-foundry-v1-v4:98e1720fc12ff5c4d5b8efb0,,,19,18,
ORIGINATING_CALL; may be certified by later reconciliation,,,,,1,False,1,parent-foundry-v1-v4:9e059b9ea3ac5a174edbc046,,,17,16,
ORIGINATING_CALL; may be certified by later reconciliation,,,,,3,False,1,parent-foundry-v1-v4:9f2e7104fe7e28c109abcee1,,,18,17,
ORIGINATING_CALL; may be certified by later reconciliation,,,,,5,False,1,parent-foundry-v1-v4:a10ddb802400bdd0f2a5c31e,,,17,16,
ORIGINATING_CALL; may be certified by later reconciliation,,,,,5,False,2,parent-foundry-v1-v4:a6186666ee4eeaa2da2e58e9,,,18,16,
ORIGINATING_CALL; may be certified by later reconciliation,,,,,1,False,3,parent-foundry-v1-v4:a94d50fa4da9e7d3263e9413,,,19,16,
ORIGINATING_CALL; may be certified by later reconciliation,,,,,1,False,1,parent-foundry-v1-v4:ab00c762f2a0c8d641e4b553,,,17,16,
ORIGINATING_CALL; may be certified by later reconciliation,,,,,36,False,1,parent-foundry-v1-v4:ab8282c8f0494d9e0d71b15e,,,17,16,
ORIGINATING_CALL; may be certified by later reconciliation,,,,,11,False,1,parent-foundry-v1-v4:af723f98040e6f3e9b80d09a,,,18,17,
ORIGINATING_CALL; may be certified by later reconciliation,,,,,5,False,1,parent-foundry-v1-v4:b0c16485f8e1106f823bc90c,,,17,16,
ORIGINATING_CALL; may be certified by later reconciliation,,,,,1,False,3,parent-foundry-v1-v4:b12d8b5c62b822ec275785b5,,,19,16,
ORIGINATING_CALL; may be certified by later reconciliation,,,,,1,False,2,parent-foundry-v1-v4:b3474f6d8ffd6546c6569ebb,,,18,16,
ORIGINATING_CALL; may be certified by later reconciliation,,,,,1,False,2,parent-foundry-v1-v4:b58df4cdcb39ada9e1ac9b96,,,18,16,
ORIGINATING_CALL; may be certified by later reconciliation,,,,,1,False,1,parent-foundry-v1-v4:b59265ecb8297ebe1349f1d7,,,17,16,
ORIGINATING_CALL; may be certified by later reconciliation,,,,,2,False,1,parent-foundry-v1-v4:b59265ecb8297ebe1349f1d7,,,18,17,
ORIGINATING_CALL; may be certified by later reconciliation,,,,,5,False,1,parent-foundry-v1-v4:b59265ecb8297ebe1349f1d7,,,19,18,
ORIGINATING_CALL; may be certified by later reconciliation,,,,,1,False,1,parent-foundry-v1-v4:b59907bf3e83dae4ccd0856b,,,17,16,
ORIGINATING_CALL; may be certified by later reconciliation,,,,,9,False,1,parent-foundry-v1-v4:b59907bf3e83dae4ccd0856b,,,18,17,
ORIGINATING_CALL; may be certified by later reconciliation,,,,,1,False,1,parent-foundry-v1-v4:b9fb8709e470b8630ab3471a,,,17,16,
ORIGINATING_CALL; may be certified by later reconciliation,,,,,1,False,3,parent-foundry-v1-v4:c0fd98ef6b3177c01b014b07,,,19,16,
ORIGINATING_CALL; may be certified by later reconciliation,,,,,1,False,1,parent-foundry-v1-v4:d31a87628274f4ccd1df66db,,,17,16,
ORIGINATING_CALL; may be certified by later reconciliation,,,,,1,False,2,parent-foundry-v1-v4:d7259408af02699f07c65ea3,,,18,16,
ORIGINATING_CALL; may be certified by later reconciliation,,,,,1,False,2,parent-foundry-v1-v4:db527738f4f61d4fadf014da,,,18,16,
ORIGINATING_CALL; may be certified by later reconciliation,,,,,2,False,1,parent-foundry-v1-v4:db527738f4f61d4fadf014da,,,19,18,
ORIGINATING_CALL; may be certified by later reconciliation,,,,,1,False,2,parent-foundry-v1-v4:dd05de2b86ad74924c815610,,,19,17,
ORIGINATING_CALL; may be certified by later reconciliation,,,,,1,False,1,parent-foundry-v1-v4:dfa740c98fdee71affdb1ab4,,,17,16,
ORIGINATING_CALL; may be certified by later reconciliation,,,,,1,False,2,parent-foundry-v1-v4:dfae44ef4f38d0454ede6bfc,,,18,16,
ORIGINATING_CALL; may be certified by later reconciliation,,,,,1,False,4,parent-foundry-v1-v4:e1384d0753a32ce37b1db21f,,,20,16,
ORIGINATING_CALL; may be certified by later reconciliation,,,,,1,False,1,parent-foundry-v1-v4:e6a30771714845a8a72a276f,,,17,16,
ORIGINATING_CALL; may be certified by later reconciliation,,,,,1,False,1,parent-foundry-v1-v4:edeb1dc0ec427640ac229ca0,,,17,16,
ORIGINATING_CALL; may be certified by later reconciliation,,,,,3,False,1,parent-foundry-v1-v4:ef97e7db50586b345bd3be82,,,17,16,
ORIGINATING_CALL; may be certified by later reconciliation,,,,,4,False,1,parent-foundry-v1-v4:ef97e7db50586b345bd3be82,,,18,17,
ORIGINATING_CALL; may be certified by later reconciliation,,,,,1,False,2,parent-foundry-v1-v4:f02c4aa7ef30c16fbb5d3c61,,,18,16,
ORIGINATING_CALL; may be certified by later reconciliation,,,,,1,False,1,parent-foundry-v1-v4:f1edf06560289730f4dc9f4a,,,17,16,
ORIGINATING_CALL; may be certified by later reconciliation,,,,,3,False,1,parent-foundry-v1-v4:f479d7cfd845ff57222a3b3e,,,17,16,
ORIGINATING_CALL; may be certified by later reconciliation,,,,,30,False,1,parent-foundry-v1-v4:f479d7cfd845ff57222a3b3e,,,18,17,
ORIGINATING_CALL; may be certified by later reconciliation,,,,,35,False,1,parent-foundry-v1-v4:f479d7cfd845ff57222a3b3e,,,19,18,
ORIGINATING_CALL; may be certified by later reconciliation,,,,,1,False,2,parent-foundry-v1-v4:f5177e3b38e60fbb7d98ff74,,,18,16,
ORIGINATING_CALL; may be certified by later reconciliation,,,,,1,False,3,parent-foundry-v1-v4:f81adf5cce29b93022f78cc8,,,19,16,
ORIGINATING_CALL; may be certified by later reconciliation,,,,,1,False,1,parent-foundry-v1-v4:f8c0f5cf5fd3110b48275b0a,,,18,17,
