trial	slot	rank_before	candidate_norm	orthogonal_height	orthogonal_ratio	new_block_dim	new_block_norm	new_block_projection_share	previous_coefficient	previous_abs_coefficient	previous_coeff_num	previous_coeff_den	previous_coeff_rational	previous_coeff_rational_error	previous_residual_corr	previous_energy_share	last_increment_corr	new_block_max_energy_share	new_block_last_energy_share	alpha_l2	alpha_max_abs	alpha_coefficients	alpha_rationals
0	1	17	60.074110485070086	0.2513833084447583	0.004184553153013116	0	0.0	0.0	nan	nan					nan	nan	nan	nan	nan	0.0	0.0		
0	2	18	60.40498784920367	0.433987521808362	0.007184630562161156	1	8.730574591934714	0.1455799393752401	5.893227337198372	5.893227337198372	53	9	5.888888888888889	0.004338448309482601	1.0	1.0	1.0	1.0	1.0	5.893227337198372	5.893227337198372	5.89322733719837	53/9:0.00433845
0	3	19	66.00037134880651	0.7436130234685123	0.011266800599326615	2	42.18080081946963	0.6463821051174037	-9.723586101663683	9.723586101663683	-107	11	-9.727272727272727	0.003686625609043759	0.05360371168028202	0.972781606574307	0.986296916032037	0.972781606574307	0.972781606574307	60.23045000057289	59.44038173325473	59.4403817332547 -9.72358610166368	535/9:0.00406271 -107/11:0.00368663
0	4	20	60.62276618353112	1.2970679270668768	0.021395723236054518	3	45.853929004672594	0.7729184881473563	-6.890032363669293	6.890032363669293	-62	9	-6.888888888888889	0.0011434747804033307	0.25878941693583185	0.7698621297650842	0.877417876365124	0.7698621297650842	0.7698621297650842	437.8638656375546	431.96061497226157	431.960614972262 -71.3254470569634 -6.89003236366929	432/1:0.039385 -214/3:0.00788628 -62/9:0.00114347
1	1	17	65.36596077331005	0.18683674487252233	0.0028583186518205466	0	0.0	0.0	nan	nan					nan	nan	nan	nan	nan	0.0	0.0		
1	2	18	58.283107725905765	0.3311371490044266	0.0056815286954446705	1	0.006559829410732685	0.0001131942424982408	0.187376501797772	0.187376501797772	2	11	0.18181818181818182	0.005558319979590165	1.0	1.0	1.0	1.0	1.0	0.187376501797772	0.187376501797772	0.187376501797772	2/11:0.00555832
1	3	19	61.87001692814431	0.4386198882361114	0.0070893772139342314	2	7.111245516145676	0.11575913716443624	-4.24791646227666	4.24791646227666	-17	4	-4.25	0.0020835377233403563	0.8520064455864369	0.8402609241276426	0.9166574737204964	0.8402609241276426	0.8402609241276426	5.355695953115847	4.24791646227666	3.2616996906123 -4.24791646227666	36/11:0.0110276 -17/4:0.00208354
1	4	20	64.22283202548175	2.1050426089205914	0.03277716884371234	3	7.752081598019437	0.12479648214835963	3.572032710729057	3.572032710729057	25	7	3.5714285714285716	0.0006041393004854179	0.5491777817416565	0.7219395576329669	0.8496702640630464	0.7219395576329669	0.7219395576329669	18.347663281749256	12.845606296229645	-12.6042742391697 12.8456062962296 3.57203271072906	-63/5:0.00427424 90/7:0.0115366 25/7:0.000604139
2	1	17	66.32605345499827	0.3904576032091711	0.005886941599413775	0	0.0	0.0	nan	nan					nan	nan	nan	nan	nan	0.0	0.0		
2	2	18	65.74510835359263	0.4810314127672797	0.007316611453131689	1	0.4921800977953978	0.007541363041748914	-1.1227293657913442	1.1227293657913442	-9	8	-1.125	0.0022706342086558085	1.0	1.0	1.0	1.0	1.0	1.1227293657913442	1.1227293657913442	-1.12272936579134	-9/8:0.00227063
2	3	19	66.27572241067418	0.5321135337646723	0.008028785117836326	2	32.029358003503354	0.48718588088876147	-6.549967736577754	6.549967736577754	-72	11	-6.545454545454546	0.004513191123208138	0.9884499395737252	0.6443228389452197	0.8026972274433366	0.6443228389452197	0.6443228389452197	6.834740312711906	6.549967736577754	-1.95233137351212 -6.54996773657775	-23/12:0.0356647 -72/11:0.00451319
2	4	20	65.35026030320893	0.7291947632124192	0.011158253384594601	3	40.90019902246811	0.6329236245284964	8.695929898639028	8.695929898639028	87	10	8.7	0.004070101360971634	0.2521703442607798	0.9838093454884987	0.9918716376066505	0.9838093454884987	0.9838093454884987	59.23631298909357	56.10225053043719	16.9073671859303 56.1022505304372 8.69592989863903	186/11:0.00172372 561/10:0.00225053 87/10:0.0040701
3	1	17	61.346380589895006	0.4585024626936942	0.007473993710546941	0	0.0	0.0	nan	nan					nan	nan	nan	nan	nan	0.0	0.0		
3	2	18	54.29077857035505	0.7193669460516858	0.013250260265092037	1	1.2151021429206552	0.022681913843192594	1.627929364606263	1.627929364606263	13	8	1.625	0.0029293646062629186	1.0	1.0	1.0	1.0	1.0	1.627929364606263	1.627929364606263	1.62792936460626	13/8:0.00292936
3	3	19	66.34809989387023	0.6797507456902139	0.010245217975760218	2	8.913399647922233	0.1357335727720097	2.516853709383395	2.516853709383395	5	2	2.5	0.01685370938339492	0.9901017246710591	0.5112379041057366	0.7150090237932222	0.5112379041057366	0.5112379041057366	2.7137318582401995	2.516853709383395	-1.01478470819719 2.51685370938339	-1/1:0.0147847 5/2:0.0168537
3	4	20	66.44808441744576	2.350837092881733	0.03537855324937745	3	39.392043571644535	0.6145668529598197	7.304843944201694	7.304843944201694	73	10	7.3	0.004843944201693873	0.24210827799149823	0.9207952405857064	0.9595807629302009	0.9207952405857064	0.9207952405857064	18.783473409387696	17.004143870823242	3.21204288457965 -17.0041438708232 7.30484394420169	29/9:0.0101793 -17/1:0.00414387 73/10:0.00484394
4	1	17	56.51661367624592	0.45849612863167977	0.00811259024219257	0	0.0	0.0	nan	nan					nan	nan	nan	nan	nan	0.0	0.0		
4	2	18	66.74149173351233	0.8369619362474481	0.012540354051259413	1	3.1806825784336454	0.048261972101432814	-2.6338578274925486	2.6338578274925486	-29	11	-2.6363636363636362	0.0025058088710876447	1.0	1.0	1.0	1.0	1.0	2.6338578274925486	2.6338578274925486	-2.63385782749255	-29/11:0.00250581
4	3	19	59.732577390137656	0.8651913101463578	0.01448441282711514	2	16.321905858200978	0.27726568045712335	-0.31116925470184764	0.31116925470184764	-3	10	-0.3	0.011169254701847653	0.9197126335430528	0.004965102266633161	0.07046348179470811	0.9950348977333668	0.004965102266633161	5.14149060386237	5.1320657950316	5.1320657950316 -0.311169254701848	41/8:0.0070658 -3/10:0.0111693
4	4	20	63.12353621718597	0.8217383775378266	0.013017939532261196	3	34.63719973235302	0.5559582697998854	-4.765576747997205	4.765576747997205	-43	9	-4.777777777777778	0.012201029780572803	0.08811721436268181	0.5672837079580675	0.7531823869143964	0.5672837079580675	0.5672837079580675	17.45478720999792	15.875932385389318	15.8759323853893 -5.46933686106479 -4.7655767479972	127/8:0.000932385 -60/11:0.0147914 -43/9:0.012201
5	1	17	66.83263305395425	0.46457479433040305	0.0069513166413082954	0	0.0	0.0	nan	nan					nan	nan	nan	nan	nan	0.0	0.0		
5	2	18	66.65985846408893	0.45127639007328924	0.006769837207446238	1	1.0185016030128429	0.015383226329696104	1.4806521336234761	1.4806521336234761	3	2	1.5	0.01934786637652386	1.0	1.0	1.0	1.0	1.0	1.4806521336234761	1.4806521336234761	1.48065213362348	3/2:0.0193479
5	3	19	65.70564962820097	0.7065305804736113	0.010752965452309709	2	14.610680720501188	0.22478274989808555	-4.458895390943191	4.458895390943191	-49	11	-4.454545454545454	0.00434993639773662	0.9513519369758284	0.6140825116821184	0.7836341695473203	0.6140825116821184	0.6140825116821184	5.44107558134313	4.458895390943191	3.11826159494582 -4.45889539094319	25/8:0.00673841 -49/11:0.00434994
5	4	20	64.33332584648119	1.209578598696588	0.018801742064183172	3	4.188613446135377	0.06635558927915802	-1.9544453044963535	1.9544453044963535	-23	12	-1.9166666666666667	0.03777863782968671	0.2208523439481972	0.6443290669861861	0.8027011068798809	0.6443290669861861	0.6443290669861861	10.112485623711287	8.84331086544178	4.49870670067065 -8.84331086544178 -1.95444530449635	9/2:0.0012933 -53/6:0.00997753 -23/12:0.0377786
6	1	17	63.933310293462725	0.26474178791152525	0.00414090536992882	0	0.0	0.0	nan	nan					nan	nan	nan	nan	nan	0.0	0.0		
6	2	18	62.98517328738407	0.4851885922554189	0.007703219137647465	1	35.55013276624448	0.5688022635470391	11.588023432814518	11.588023432814518	139	12	11.583333333333334	0.004690099481184262	0.9999999999999999	1.0	1.0	1.0	1.0	11.588023432814518	11.588023432814518	11.5880234328145	139/12:0.0046901
6	3	19	64.90886540196465	1.2668359329294816	0.01951714800565806	2	48.06031401072743	0.7551662700214649	-8.678276630231435	8.678276630231435	-26	3	-8.666666666666666	0.011609963564769288	0.38509579820790546	0.7603104444951682	0.8719578226583945	0.7603104444951682	0.7603104444951682	107.5112934892043	107.16046725565825	107.160467255658 -8.67827663023144	643/6:0.00619941 -26/3:0.01161
6	4	20	64.26936791400865	2.0291888011309993	0.031573187460720326	3	39.59717196364478	0.6361995181895617	5.547875525106586	5.547875525106586	61	11	5.545454545454546	0.002420979652040245	0.04773111579215572	0.9847128849489353	0.9923270050487063	0.9847128849489353	0.9847128849489353	605.4174957374215	603.421219740629	-603.421219740629 48.8098021800972 5.54787552510659	-7241/12:0.00455307 537/11:0.00837964 61/11:0.00242098
7	1	17	64.20819020674708	0.8222155677652054	0.012805462435831217	0	0.0	0.0	nan	nan					nan	nan	nan	nan	nan	0.0	0.0		
7	2	18	59.225951552919895	0.6944797779400673	0.011725937021366924	1	34.177491265954764	0.583916485089385	6.447290556833027	6.447290556833027	58	9	6.444444444444445	0.002846112388582789	1.0	1.0	1.0	1.0	1.0	6.447290556833027	6.447290556833027	6.44729055683303	58/9:0.00284611
7	3	19	66.34854351845298	0.5849268869261266	0.008815971774323058	2	47.435584675861854	0.7213043793142209	7.401016214047566	7.401016214047566	37	5	7.4	0.0010162140475653558	0.31421854312985287	0.8019329490863656	0.8955070904724125	0.8019329490863656	0.8019329490863656	51.63009090284239	51.09688097756236	-51.0968809775624 7.40101621404757	-511/10:0.00311902 37/5:0.00101621
7	4	20	61.7344551445229	0.7436270690116658	0.012045575963549111	3	36.94024699361447	0.6056688875887972	-7.058464651625176	7.058464651625176	-85	12	-7.083333333333333	0.024868681708157148	0.35850831255971777	0.7889005849504542	0.8882007571210769	0.7889005849504542	0.7889005849504542	385.57779067373724	381.53021928907367	-381.530219289074 55.2729817074618 -7.05846465162518	-4197/11:0.0152353 608/11:0.000254435 -85/12:0.0248687
8	1	17	65.67335610051667	0.3338127473533632	0.005082925057803419	0	0.0	0.0	nan	nan					nan	nan	nan	nan	nan	0.0	0.0		
8	2	18	58.943971033683084	0.7279697516147152	0.012350198652186539	1	0.9069569641515937	0.015579169715851878	-1.6483213405298744	1.6483213405298744	-18	11	-1.6363636363636365	0.011957704166237981	1.0	1.0	1.0	1.0	1.0	1.6483213405298744	1.6483213405298744	-1.64832134052987	-18/11:0.0119577
8	3	19	65.09124660142379	0.6614611583954684	0.01016206007615469	2	0.9604217834655646	0.01490648737787296	-0.4716602154906417	0.4716602154906417	-5	11	-0.45454545454545453	0.017114760945187157	0.4051084229078086	0.16862028630835768	0.4106340052995583	0.8313797136916423	0.16862028630835768	2.3714302138032246	2.3240520433204868	-2.32405204332049 -0.471660215490642	-7/3:0.00928129 -5/11:0.0171148
8	4	20	56.73293754060954	0.8404429943278018	0.014814022167038523	3	13.412201642847572	0.2399642698312849	-1.6734825731941523	1.6734825731941523	-5	3	-1.6666666666666667	0.006815906527485538	0.12069975322418379	0.13811684886859615	0.3716407524325019	0.5973678485488081	0.13811684886859615	3.4667014977007127	2.5282105207596617	-1.68096011674757 2.52821052075966 -1.67348257319415	-5/3:0.0142935 28/11:0.017244 -5/3:0.00681591
9	1	17	65.22512013538183	0.27808786706050626	0.004263508698539836	0	0.0	0.0	nan	nan					nan	nan	nan	nan	nan	0.0	0.0		
9	2	18	59.151493677665805	0.36584129498641715	0.006184819219950655	1	30.907455194325365	0.5257652835614689	10.542427028330463	10.542427028330463	116	11	10.545454545454545	0.003027517124081669	1.0	1.0	1.0	1.0	1.0	10.542427028330463	10.542427028330463	10.5424270283305	116/11:0.00302752
9	3	19	63.80309789112428	1.3283853100149017	0.020820075418308093	2	35.79800025256488	0.5729998390323	-9.813707597707058	9.813707597707058	-108	11	-9.818181818181818	0.004474220474760315	0.01750733882932791	0.984238131926294	0.9920877642256727	0.984238131926294	0.984238131926294	105.34284696090153	104.88472981809424	104.884729818094 -9.81370759770706	944/9:0.00415907 -108/11:0.00447422
9	4	20	63.0745497105956	3.5611831717199465	0.05645990638157057	3	39.3961770105962	0.6619719115513589	-4.858158101445637	4.858158101445637	-34	7	-4.857142857142857	0.001015244302780438	0.18452797079585087	0.7958171106112588	0.8920858202052417	0.7958171106112588	0.7958171106112588	552.109200829799	549.658343601561	549.658343601561 -51.7365755531703 -4.85815810144564	1649/3:0.00832307 -569/11:0.00930283 -34/7:0.00101524
10	1	17	65.44491164754119	0.48364883168548545	0.0073901670811355805	0	0.0	0.0	nan	nan					nan	nan	nan	nan	nan	0.0	0.0		
10	2	18	56.028872648825235	0.4514636298767556	0.00805769612225495	1	6.4717636797127005	0.11644594078695225	-3.658021499719128	3.658021499719128	-11	3	-3.6666666666666665	0.008645166947538474	1.0	1.0	1.0	1.0	1.0	3.658021499719128	3.658021499719128	-3.65802149971913	-11/3:0.00864517
10	3	19	65.66789251360426	0.5310319419450451	0.008086629882861438	2	1.3657991971612229	0.020968145918832885	1.7240781425923932	1.7240781425923932	19	11	1.7272727272727273	0.003194584680334067	0.1253642836836366	0.982539022966435	0.991231064367151	0.982539022966435	0.982539022966435	6.752576976927356	6.528770970677756	6.52877097067776 1.72407814259239	72/11:0.0166836 19/11:0.00319458
10	4	20	66.47408902982569	0.9471381682156021	0.014248230882722422	3	39.1721033512513	0.5978014059280888	6.1732614683857685	6.1732614683857685	37	6	6.166666666666667	0.0065948017191015396	0.887515756624993	0.5166222387772481	0.718764383353299	0.5166222387772481	0.5166222387772481	22.359615028433613	20.973179385788093	-20.9731793857881 -4.68710715839218 6.17326146838577	-21/1:0.0268206 -47/10:0.0128928 37/6:0.0065948
11	1	17	63.65288996588632	0.005358372321090599	8.418113182233088e-05	0	0.0	0.0	nan	nan					nan	nan	nan	nan	nan	0.0	0.0		
11	2	18	66.40282269651253	0.9346946432001175	0.014076128171117756	1	1.1105301222283221	0.0169629124163133	14.396228394117689	14.396228394117689	72	5	14.4	0.003771605882311846	1.0	1.0	1.0	1.0	1.0	14.396228394117689	14.396228394117689	14.3962283941177	72/5:0.00377161
11	3	19	65.90896136667722	2.945790709604438	0.04469484344042166	2	4.351580205198693	0.06911310468939784	2.1498127520999635	2.1498127520999635	15	7	2.142857142857143	0.006955609242820682	0.7364596208350722	0.9927137345351109	0.9963502067722528	0.9927137345351109	0.9927137345351109	28.597578053118614	28.516657862293748	-28.5166578622937 2.14981275209996	-57/2:0.0166579 15/7:0.00695561
11	4	20	65.66789251360426	11.150145869528629	0.16979600597382777	3	7.050441674967224	0.1293237910399473	0.1157307421229162	0.1157307421229162	1	9	0.1111111111111111	0.004619631011805098	0.6637945859950567	0.00559606873308262	0.07480687624197804	0.7835367975998335	0.00559606873308262	21.80756195300765	21.641961532706926	21.6419615327069 -2.67990032397253 0.115730742122916	238/11:0.0055979 -8/3:0.0132337 1/9:0.00461963
12	1	17	66.92878452396735	0.10999430123726484	0.0016434528434903165	0	0.0	0.0	nan	nan					nan	nan	nan	nan	nan	0.0	0.0		
12	2	18	66.75543923197768	0.1428597102381559	0.0021400459929821303	1	26.410772941755724	0.3964832638426255	15.49549532014143	15.49549532014143	31	2	15.5	0.004504679858570171	1.0	1.0	1.0	1.0	1.0	15.49549532014143	15.49549532014143	15.4954953201414	31/2:0.00450468
12	3	19	66.84373123881369	0.21065828692643151	0.00315150400826383	2	37.84721967494581	0.5679945108080725	16.110434963004472	16.110434963004472	145	9	16.11111111111111	0.0006761481066384079	0.06951608202569222	0.9796937016349079	0.9897947775346705	0.9796937016349079	0.9796937016349079	252.79634708271593	252.2824745868563	-252.282474586856 16.1104349630045	-1766/7:0.0032397 145/9:0.000676148
12	4	20	64.83944587116164	1.367662378458867	0.021093060868787532	3	44.35096670983238	0.69875091370217	13.50451981343581	13.50451981343581	27	2	13.5	0.004519813435809539	0.29341010867734857	0.8662310608182747	0.9307153489753324	0.8662310608182747	0.8662310608182747	3512.6913082919555	3505.528179233884	3505.52817923388 -223.808042508811 13.5045198134358	38561/11:0.0172753 -1119/5:0.00804251 27/2:0.00451981
13	1	17	66.73260694809159	0.30218795857747693	0.004528340378078379	0	0.0	0.0	nan	nan					nan	nan	nan	nan	nan	0.0	0.0		
13	2	18	64.3181810577298	0.34900579911506924	0.0054262386369697485	1	19.493623113834765	0.3047346325011367	-8.031704195702465	8.031704195702465	-8	1	-8.0	0.0317041957024653	1.0	1.0	1.0	1.0	1.0	8.031704195702465	8.031704195702465	-8.03170419570247	-8/1:0.0317042
13	3	19	66.36089948079805	0.3674782944963795	0.005537572537013481	2	43.33296971570361	0.6566255989877107	10.433213293276914	10.433213293276914	73	7	10.428571428571429	0.004641864705485332	0.22386386954374557	0.8766986989981572	0.936321899240938	0.8766986989981572	0.8766986989981572	88.61768058987056	88.00137142968461	88.0013714296846 10.4332132932769	88/1:0.00137143 73/7:0.00464186
13	4	20	63.697279556972944	1.1328157664795597	0.01778436652802938	3	43.40511028829878	0.6937661998294653	10.691424151291212	10.691424151291212	107	10	10.7	0.008575848708787248	0.08130673051704561	0.9677472521499307	0.9837414559476136	0.9677472521499307	0.9677472521499307	963.8298414525149	957.0587848130068	-957.058784813007 -113.543556119437 10.6914241512912	-11485/12:0.0245485 -1249/11:0.00189843 107/10:0.00857585
14	1	17	61.79463412916574	0.9892182073778031	0.01600815704014199	0	0.0	0.0	nan	nan					nan	nan	nan	nan	nan	0.0	0.0		
14	2	18	65.586638058642	0.9621184047357332	0.014669427084759074	1	11.23583502380255	0.17386334295365855	3.3702073876261665	3.3702073876261665	27	8	3.375	0.004792612373833549	1.0	1.0	1.0	1.0	1.0	3.3702073876261665	3.3702073876261665	3.37020738762617	27/8:0.00479261
14	3	19	65.79720576847774	1.1347017349328468	0.017245439554462994	2	44.92529230188791	0.6947657374756484	-6.798664785801596	6.798664785801596	-34	5	-6.8	0.001335214198403989	0.3759478430798362	0.9898852839255999	0.9949297884401692	0.9898852839255999	0.9898852839255999	23.251316715568983	22.23514978897149	22.2351497889715 -6.7986647858016	200/9:0.0129276 -34/5:0.00133521
14	4	20	60.3583715892945	1.1841968506926648	0.019619430072608197	3	39.44464622443518	0.66658548934023	-5.67351333958172	5.67351333958172	-17	3	-5.666666666666667	0.00684667291505292	0.04702784053020905	0.9259719142573498	0.9622743445906421	0.9259719142573498	0.9259719142573498	134.8848683722471	128.77556726672125	128.775567266721 -39.7315018256064 -5.67351333958172	1159/9:0.00221051 -437/11:0.0042291 -17/3:0.00684667
15	1	17	66.84119628036504	0.35872577467608835	0.00536683654151573	0	0.0	0.0	nan	nan					nan	nan	nan	nan	nan	0.0	0.0		
15	2	18	65.31174326544311	0.9912327011972764	0.015176944476411554	1	0.5160915624232056	0.00802374791331473	-1.1994498331273116	1.1994498331273116	-6	5	-1.2	0.0005501668726883846	1.0	1.0	1.0	1.0	1.0	1.1994498331273116	1.1994498331273116	-1.19944983312731	-6/5:0.000550167
15	3	19	65.1716813734931	1.5990606545452053	0.02453612705465018	2	11.239088759081918	0.1767913392900616	-3.2268318028156524	3.2268318028156524	-29	9	-3.2222222222222223	0.004609580593430085	0.9443356391724987	0.9183266278613577	0.9582936021185562	0.9183266278613577	0.9183266278613577	3.945739565225567	3.2268318028156524	-2.27077458875247 -3.22683180281565	-25/11:0.00195268 -29/9:0.00460958
15	4	20	65.88551261982762	3.094383735981282	0.04696607209898305	3	19.16921715470493	0.30528543594374535	-2.8778420686775115	2.8778420686775115	-23	8	-2.875	0.0028420686775114667	0.1772975717448555	0.6908670402734636	0.8311841193583186	0.6908670402734636	0.6908670402734636	12.953765357735369	11.108379909556263	-6.01015455341888 -11.1083799095563 -2.87784206867751	-6/1:0.0101546 -100/9:0.0027312 -23/8:0.00284207
16	1	17	57.40717288905217	0.2272653376220859	0.003958831731033153	0	0.0	0.0	nan	nan					nan	nan	nan	nan	nan	0.0	0.0		
16	2	18	65.70179719124133	1.415978509132529	0.02155159477618205	1	35.53037787336488	0.5526938693751634	-12.503549332622635	12.503549332622635	-25	2	-12.5	0.003549332622634793	1.0	1.0	1.0	1.0	1.0	12.503549332622635	12.503549332622635	-12.5035493326226	-25/2:0.00354933
16	3	19	62.927157815069144	1.5771341415739428	0.025062853564892247	2	42.88400338814011	0.6990054904684105	5.4158096185845395	5.4158096185845395	65	12	5.416666666666667	0.0008570480821274984	0.01853878166926286	0.9684743406844437	0.9841109392159217	0.9684743406844437	0.9684743406844437	70.36458148191254	70.15585031413956	70.1558503141396 5.41580961858454	421/6:0.0108164 65/12:0.000857048
16	4	20	59.60358138940629	1.8916879229771268	0.031737823111974074	3	42.53599072094886	0.7370402904159075	-4.584962593427085	4.584962593427085	-55	12	-4.583333333333333	0.001629260093752194	0.19114416674511167	0.7794417676256412	0.8828599932184271	0.7794417676256412	0.7794417676256412	348.5145229505206	347.4749111445446	347.474911144545 26.5054136081041 -4.58496259342709	3822/11:0.0203657 53/2:0.00541361 -55/12:0.00162926
17	1	17	62.29687422118742	0.4042415411814346	0.006488953839740974	0	0.0	0.0	nan	nan					nan	nan	nan	nan	nan	0.0	0.0		
17	2	18	52.735961406910434	0.40470609264841073	0.007674195783133646	1	28.015745754859143	0.5353539789293744	8.324930629049161	8.324930629049161	25	3	8.333333333333334	0.008402704284172557	1.0	1.0	1.0	1.0	1.0	8.324930629049161	8.324930629049161	8.32493062904916	25/3:0.0084027
17	3	19	64.63406204692913	0.4723443088119126	0.007307978082345429	2	39.17929311178343	0.6106334819728148	9.57499972727586	9.57499972727586	67	7	9.571428571428571	0.0035711558472879545	0.11239450731309673	0.9470233496984071	0.9731512470825936	0.9470233496984071	0.9470233496984071	82.53444689325357	81.97715720978596	-81.977157209786 9.57499972727586	-82/1:0.0228428 67/7:0.00357116
17	4	20	63.98706503645517	0.6594743741421283	0.010306370104120385	3	38.457332920236254	0.6072761101129756	-8.58379859309528	8.58379859309528	-103	12	-8.583333333333334	0.0004652597619454468	0.1552955745211119	0.9049791279615249	0.9513039093588993	0.9049791279615249	0.9049791279615249	728.2817638464375	723.3361759973078	-723.336175997308 84.2936678913843 -8.58379859309528	-2170/3:0.00284266 843/10:0.00633211 -103/12:0.00046526
18	1	17	60.69257428176944	0.6532911686332241	0.010763939021605428	0	0.0	0.0	nan	nan					nan	nan	nan	nan	nan	0.0	0.0		
18	2	18	65.8980295836526	0.8517814416605489	0.012925749784055019	1	14.512458680253506	0.22310985021878096	4.7132134077474435	4.7132134077474435	33	7	4.714285714285714	0.0010723065382709507	1.0	1.0	1.0	1.0	1.0	4.7132134077474435	4.7132134077474435	4.71321340774744	33/7:0.00107231
18	3	19	66.30083015065895	1.3902279486668903	0.02096848479133369	2	29.740064798954332	0.458169602346435	-5.907691569882179	5.907691569882179	-65	11	-5.909090909090909	0.0013993392087305878	0.2157271892087416	0.9995899708770861	0.9997949644187483	0.9995899708770861	0.9995899708770861	28.597690760113736	27.980834460863342	27.9808344608633 -5.90769156988218	28/1:0.0191655 -65/11:0.00139934
18	4	20	66.62412033963166	2.027818512583522	0.03043670223706151	3	40.6039020263792	0.6285793594669424	5.3711548415078365	5.3711548415078365	43	8	5.375	0.003845158492163492	0.147717395421378	0.9877648989177319	0.9938636218907159	0.9877648989177319	0.9877648989177319	155.1896884934199	151.72076748020555	-151.720767480206 32.1838286344347 5.37115484150784	-1062/7:0.00648177 354/11:0.00201045 43/8:0.00384516
19	1	17	65.87623723400526	0.5667782536072394	0.008603682866614443	0	0.0	0.0	nan	nan					nan	nan	nan	nan	nan	0.0	0.0		
19	2	18	65.31319001204653	2.5234540587228764	0.03863620898408796	1	12.610312330279545	0.20083397610803363	4.716896341261353	4.716896341261353	33	7	4.714285714285714	0.002610626975638297	1.0	1.0	1.0	1.0	1.0	4.716896341261353	4.716896341261353	4.71689634126135	33/7:0.00261063
19	3	19	61.8123691664449	2.281035945954855	0.03690258077331753	2	18.15381272312449	0.3049455092142324	2.479650963331982	2.479650963331982	5	2	2.5	0.020349036668017906	0.029543855532842986	0.8546900713342914	0.9244944950264936	0.8546900713342914	0.8546900713342914	14.073794273225198	13.853628273673044	-13.853628273673 2.47965096333198	-97/7:0.00351458 5/2:0.020349
19	4	20	63.29644662030586	2.634459211381106	0.041620965347144094	3	41.71726910710269	0.6877003357289466	3.4314930569324824	3.4314930569324824	24	7	3.4285714285714284	0.0029216283610540295	0.2928133410681725	0.6438467492175888	0.8024006164115209	0.6438467492175888	0.6438467492175888	61.07158854583976	60.00825292696352	60.0082529269635 -10.8154224867152 3.43149305693248	60/1:0.00825293 -119/11:0.00275933 24/7:0.00292163
20	1	17	62.13142489772825	0.3260587059083093	0.0052478871431810865	0	0.0	0.0	nan	nan					nan	nan	nan	nan	nan	0.0	0.0		
20	2	18	66.87813748269278	0.9952547931143698	0.014881616482993852	1	43.80509613230065	0.6648934342885074	11.590826861939599	11.590826861939599	139	12	11.583333333333334	0.007493528606264732	1.0	1.0	1.0	1.0	1.0	11.590826861939599	11.590826861939599	11.5908268619396	139/12:0.00749353
20	3	19	63.730196464535624	1.0304164637193054	0.01616841812644824	2	33.71288801971149	0.5376875009652756	-5.820088418151207	5.820088418151207	-64	11	-5.818181818181818	0.0019065999693888003	0.14666795595697035	0.9999942083264483	0.9999971041590312	0.9999942083264483	0.9999942083264483	67.73461661909953	67.48410819845881	67.4841081984588 -5.82008841815121	135/2:0.0158918 -64/11:0.0019066
20	4	20	62.63589876885558	1.1104709758526994	0.01772898605559498	3	42.39550392530181	0.6890728832953086	5.951080755048139	5.951080755048139	71	12	5.916666666666667	0.03441408838147186	0.06641590183625433	0.8607651485401164	0.9277742982752413	0.8607651485401164	0.8607651485401164	423.8653968553089	422.2808209319374	-422.280820931937 36.1298707748093 5.95108075504814	-2956/7:0.00489335 289/8:0.00487077 71/12:0.0344141
21	1	17	60.77293863145373	0.1606891493348357	0.0026440904941145826	0	0.0	0.0	nan	nan					nan	nan	nan	nan	nan	0.0	0.0		
21	2	18	65.17913805869401	0.5543647115396197	0.008505247661305565	1	7.662401913171767	0.11856756343284203	-6.905405529913322	6.905405529913322	-76	11	-6.909090909090909	0.003685379177587045	1.0	1.0	1.0	1.0	1.0	6.905405529913322	6.905405529913322	-6.90540552991332	-76/11:0.00368538
21	3	19	64.91058579701144	0.7800344138056801	0.012017060148632857	2	28.29654964422651	0.44123353119394343	-7.142429201824338	7.142429201824338	-50	7	-7.142857142857143	0.00042794103280563434	0.28265209603734615	0.999433684808124	0.9997168023035944	0.999433684808124	0.999433684808124	49.52333669441037	49.00557705450329	-49.0055770545033 -7.14242920182434	-49/1:0.00557705 -50/7:0.000427941
21	4	20	63.46209798780161	1.2329518312732048	0.019428160592960497	3	30.0685905700289	0.48319143724703717	6.102845234256358	6.102845234256358	61	10	6.1	0.0028452342563580757	0.2710013861449785	0.9661963778756023	0.9829528869053706	0.9661963778756023	0.9661963778756023	294.44704627623406	291.26430698583414	291.264306985834 42.7425059736466 6.10284523425636	3204/11:0.00842029 171/4:0.00749403 61/10:0.00284523
22	1	17	66.4742752673325	0.2381316284286754	0.0035823125182035736	0	0.0	0.0	nan	nan					nan	nan	nan	nan	nan	0.0	0.0		
22	2	18	65.6665895471971	0.3010469206187594	0.004584476256413246	1	12.732959258334311	0.19479619913928398	7.312335914267604	7.312335914267604	73	10	7.3	0.012335914267604053	0.9999999999999999	1.0	1.0	1.0	1.0	7.312335914267604	7.312335914267604	7.3123359142676	73/10:0.0123359
22	3	19	61.44738943748591	0.9782149029438472	0.01591955186215101	2	6.7109689231685365	0.11098165263253265	-2.9119457621964147	2.9119457621964147	-32	11	-2.909090909090909	0.0028548531055054838	0.6842854296901678	0.3803781173667384	0.6167480177242067	0.6196218826332617	0.3803781173667384	25.637792252313467	25.471885745873053	25.4718857458731 -2.91194576219641	280/11:0.0173403 -32/11:0.00285485
22	4	20	66.19967618302478	2.161401331724818	0.03264972665046138	3	1.4767172888000972	0.023059916779911822	0.2916933670893801	0.2916933670893801	2	7	0.2857142857142857	0.005979081375094397	0.8178955618550307	0.056362470735401134	0.23740781523656954	0.6772318114615979	0.056362470735401134	17.951703491542943	17.838394972045474	-17.8383949720455 1.99254562034948 0.29169336708938	-107/6:0.00506164 2/1:0.00745438 2/7:0.00597908
23	1	17	61.88963700654679	0.1662100610293109	0.002685587912104395	0	0.0	0.0	nan	nan					nan	nan	nan	nan	nan	0.0	0.0		
23	2	18	50.23886486727289	0.30999727544164557	0.006170467351534193	1	15.689110761917664	0.31422925290788145	9.715619772314533	9.715619772314533	68	7	9.714285714285714	0.0013340580288190296	1.0	1.0	1.0	1.0	1.0	9.715619772314533	9.715619772314533	9.71561977231453	68/7:0.00133406
23	3	19	65.23851197067643	0.8709219939816251	0.013349813900922346	2	39.799112829272225	0.6183098177775812	11.329655183867265	11.329655183867265	34	3	11.333333333333334	0.003678149466068703	0.1528014368596275	0.9998109074612804	0.9999054492607191	0.9998109074612804	0.9998109074612804	110.44448307822005	109.86183484645568	-109.861834846456 11.3296551838673	-769/7:0.00469199 34/3:0.00367815
23	4	20	61.58996307542229	2.478755484959187	0.04024609467493485	3	40.301119705618696	0.6817847468932576	6.790633379581562	6.790633379581562	34	5	6.8	0.009366620418437499	0.08787568072284355	0.9965124145819932	0.9982546842274236	0.9965124145819932	0.9965124145819932	756.643828709557	752.6226826551081	752.622682655108 -77.6071412667036 6.79063337958156	6021/8:0.00231734 -388/5:0.00714127 34/5:0.00936662
24	1	17	65.74859451678425	0.5203810800614121	0.007914710327816508	0	0.0	0.0	nan	nan					nan	nan	nan	nan	nan	0.0	0.0		
24	2	18	66.21032427246172	1.0975206957445067	0.016576277307268662	1	54.53737339960795	0.8375829392041294	10.237321911425703	10.237321911425703	41	4	10.25	0.01267808857429742	1.0	1.0	1.0	1.0	1.0	10.237321911425703	10.237321911425703	10.2373219114257	41/4:0.0126781
24	3	19	66.12598981654727	1.0979283892757223	0.016603583437037314	2	37.79243537483857	0.5811711827993865	5.401719885794121	5.401719885794121	27	5	5.4	0.0017198857941203016	0.25751786321247994	0.8473678027784729	0.920525829500983	0.8473678027784729	0.8473678027784729	58.876853027860896	58.628536095827506	-58.6285360958275 5.40171988579412	-469/8:0.0035361 27/5:0.00171989
24	4	20	63.059334470157864	1.3340966108717751	0.02115621140123389	3	38.920900318639106	0.6305508357434989	5.1404217663515155	5.1404217663515155	36	7	5.142857142857143	0.002435376505627751	0.33920875383063837	0.7453987236913702	0.8633647686183229	0.7453987236913702	0.7453987236913702	333.8870804837098	332.43036087255047	332.43036087255 -30.7280612493724 5.14042176635152	2327/7:0.00178944 -338/11:0.000788522 36/7:0.00243538
25	1	17	62.82783096944842	0.27917095125368263	0.0044434281264530105	0	0.0	0.0	nan	nan					nan	nan	nan	nan	nan	0.0	0.0		
25	2	18	64.41118385558654	0.4237697352632708	0.006579132844590873	1	1.7419928750491902	0.02722399238971449	2.497974921719476	2.497974921719476	5	2	2.5	0.0020250782805240064	1.0	1.0	1.0	1.0	1.0	2.497974921719476	2.497974921719476	2.49797492171948	5/2:0.00202508
25	3	19	64.99305271431146	0.5427074130492002	0.008350237300512216	2	4.588328536722817	0.07119168276407907	-2.531450325443456	2.531450325443456	-28	11	-2.5454545454545454	0.014004220011089252	0.9132656427394816	0.5918535397964353	0.7693201802867485	0.5918535397964353	0.5918535397964353	4.510791639645477	3.7334970826435305	3.73349708264353 -2.53145032544346	41/11:0.00622436 -28/11:0.0140042
25	4	20	63.118115792933835	0.6325021645436095	0.010020929119915508	3	27.099083375838184	0.4336851605075022	6.469676156308757	6.469676156308757	71	11	6.454545454545454	0.015130701763302667	0.3609476747556845	0.8382551635815749	0.9155627578607459	0.8382551635815749	0.8382551635815749	21.81423814798932	15.481165086276635	-15.4811650862766 13.9405094591673 6.46967615630876	-31/2:0.0188349 167/12:0.0238428 71/11:0.0151307
26	1	17	66.77733829964353	0.20283991409533542	0.003037556141952699	0	0.0	0.0	nan	nan					nan	nan	nan	nan	nan	0.0	0.0		
26	2	18	63.74235908499314	0.6282564738750196	0.009856184849345025	1	33.74853260971054	0.5347225297276972	12.898842450911246	12.898842450911246	129	10	12.9	0.0011575490887540951	1.0	1.0	1.0	1.0	1.0	12.898842450911246	12.898842450911246	12.8988424509112	129/10:0.00115755
26	3	19	66.1351627346232	0.7653927251087111	0.011573158565889662	2	35.73338384400293	0.5466346881563448	-7.519757949530919	7.519757949530919	-15	2	-7.5	0.019757949530919028	0.059287806320302	0.9941926564434646	0.9970921002813454	0.9941926564434646	0.9941926564434646	98.29569209786568	98.0076340158198	98.0076340158198 -7.51975794953092	98/1:0.00763402 -15/2:0.0197579
26	4	20	66.64596652724745	1.0053744671693892	0.01508530102505683	3	42.5043680228685	0.647531758762414	-7.287660404752497	7.287660404752497	-51	7	-7.285714285714286	0.0019461190382115134	0.06925186084677006	0.9563723697376411	0.97794292764846	0.9563723697376411	0.9563723697376411	722.9939063470183	720.8218753479792	720.821875347979 -55.5238925199624 -7.2876604047525	7929/11:0.00369353 -611/11:0.021562 -51/7:0.00194612
27	1	17	62.91706806431568	1.051698194559762	0.016715626250808212	0	0.0	0.0	nan	nan					nan	nan	nan	nan	nan	0.0	0.0		
27	2	18	66.48408125538336	1.0667302342764486	0.01604489697584673	1	38.10124269791091	0.5824332857137176	-6.0189953273253956	6.0189953273253956	-6	1	-6.0	0.01899532732539555	1.0	1.0	1.0	1.0	1.0	6.0189953273253956	6.0189953273253956	-6.0189953273254	-6/1:0.0189953
27	3	19	66.72597798152657	1.6063376001415008	0.024073646407793733	2	35.22008247755603	0.5408519191949339	5.659050923584783	5.659050923584783	17	3	5.666666666666667	0.007615743081884396	0.3334906785722401	0.969954673206647	0.9848627687178793	0.969954673206647	0.969954673206647	33.5395812710239	33.058715257551846	33.0587152575518 5.65905092358478	397/12:0.0246181 17/3:0.00761574
27	4	20	66.78417150831615	1.6587764740984454	0.02483786856428832	3	48.57648702914853	0.745891629580532	-5.0147831487879495	5.0147831487879495	-5	1	-5.0	0.014783148787949507	0.0786862235115675	0.8316010647507464	0.9119216330095182	0.8316010647507464	0.8316010647507464	183.28367630966298	180.6477180406507	180.647718040651 30.5640298105718 -5.01478314878795	1987/11:0.0113544 214/7:0.00739876 -5/1:0.0147831
28	1	17	61.04874743061873	0.3930998750823491	0.006439114504832438	0	0.0	0.0	nan	nan					nan	nan	nan	nan	nan	0.0	0.0		
28	2	18	63.13252023328649	0.3858718765732263	0.006112093658662087	1	17.580923216435725	0.28018904079925633	-6.687586088474407	6.687586088474407	-67	10	-6.7	0.012413911525593235	1.0	1.0	1.0	1.0	1.0	6.687586088474407	6.687586088474407	-6.68758608847441	-67/10:0.0124139
28	3	19	65.05425759132523	0.567205889360082	0.008718966449871792	2	37.005162150784564	0.5738386416207781	9.792757171904354	9.792757171904354	49	5	9.8	0.007242828095646914	0.15110474891014497	0.9999787858161876	0.999989392851838	0.9999787858161876	0.9999787858161876	66.17382192679564	65.44521843016017	65.4452184301602 9.79275717190435	589/9:0.000773986 49/5:0.00724283
28	4	20	65.54939354910294	0.7961945349839112	0.012146482093499205	3	41.61065779950457	0.6426038934451969	8.545942613500374	8.545942613500374	94	11	8.545454545454545	0.00048806804582923746	0.122622138290665	0.9955339947815043	0.9977644986576263	0.9955339947815043	0.9955339947815043	564.8786558457363	558.5800847520811	-558.580084752081 -83.6848350257705 8.54594261350037	-6703/12:0.00324858 -837/10:0.015165 94/11:0.000488068
29	1	17	61.81839076938795	0.5838888855264841	0.0094452294577623	0	0.0	0.0	nan	nan					nan	nan	nan	nan	nan	0.0	0.0		
29	2	18	65.93612716784229	0.9625240779930806	0.014597825491675424	1	15.727153513697127	0.2420545077660034	-5.189911578795817	5.189911578795817	-57	11	-5.181818181818182	0.008093396977635336	1.0	1.0	1.0	1.0	1.0	5.189911578795817	5.189911578795817	-5.18991157879582	-57/11:0.0080934
29	3	19	63.24690152895629	0.7887722125694765	0.012471317859078889	2	38.71289931072674	0.6198216266552485	5.467470718607715	5.467470718607715	60	11	5.454545454545454	0.012925264062261022	0.28485056355287725	0.7432395916603057	0.8621134447741235	0.7432395916603057	0.7432395916603057	32.958330497564845	32.50166631309663	32.5016663130966 5.46747071860772	65/2:0.00166631 60/11:0.0129253
29	4	20	66.23071821520449	3.0193940170296685	0.04558902724289815	3	36.18399864424133	0.5724290560786276	-6.1199650985037914	6.1199650985037914	-49	8	-6.125	0.005034901496208555	0.2144995608070136	0.8164562819893652	0.903579704281457	0.8164562819893652	0.8164562819893652	215.2660905358624	212.13365673919898	212.133656739199 36.074193549446 -6.11996509850379	1697/8:0.00865674 433/12:0.00913978 -49/8:0.0050349
30	1	17	56.534986814542094	0.6315401304527342	0.011170784076141105	0	0.0	0.0	nan	nan					nan	nan	nan	nan	nan	0.0	0.0		
30	2	18	66.174579092888	0.61320087184653	0.009266411365998893	1	12.96707537406519	0.1977852773373135	-4.531276266492343	4.531276266492343	-50	11	-4.545454545454546	0.014178278962202917	1.0	1.0	1.0	1.0	1.0	4.531276266492343	4.531276266492343	-4.53127626649234	-50/11:0.0141783
30	3	19	64.9017212542164	0.7787551226301019	0.011998990282241696	2	39.748347407306426	0.6198769302988748	-6.781459172538542	6.781459172538542	-61	9	-6.777777777777778	0.003681394760763901	0.3477215245793023	0.7094633897398367	0.842296497523192	0.7094633897398367	0.7094633897398367	35.6557118336597	35.004879629219886	-35.0048796292199 -6.78145917253854	-35/1:0.00487963 -61/9:0.00368139
30	4	20	65.2375805296393	0.9775624862460006	0.01498465268499444	3	39.87784858930691	0.6205701430456855	-6.725907026379965	6.725907026379965	-74	11	-6.7272727272727275	0.0013657008927623338	0.1839321296847885	0.8834275031546229	0.9399082418803566	0.8834275031546229	0.8834275031546229	249.5251701200219	244.9244520195213	-244.924452019521 -47.2184868566917 -6.72590702637997	-2939/12:0.00778535 -425/9:0.00373537 -74/11:0.0013657
31	1	17	65.89099105697626	0.28397689906364576	0.00430979857046147	0	0.0	0.0	nan	nan					nan	nan	nan	nan	nan	0.0	0.0		
31	2	18	63.42101927480201	0.24216085172481883	0.003818305894384016	1	20.46716336255324	0.3239558908376421	-8.489601826334361	8.489601826334361	-17	2	-8.5	0.010398173665638666	1.0	1.0	1.0	1.0	1.0	8.489601826334361	8.489601826334361	-8.48960182633436	-17/2:0.0103982
31	3	19	64.07773842416037	0.32592288806131364	0.005086366904897273	2	39.534074112513636	0.6201246784905713	12.759234330407331	12.759234330407331	51	4	12.75	0.009234330407331015	0.1606034876552306	0.9971984401368064	0.9985982375994894	0.9971984401368064	0.9971984401368064	108.44948847698001	107.6963021195267	107.696302119527 12.7592343304073	1077/10:0.00369788 51/4:0.00923433
31	4	20	57.893122771688766	0.4820769308456647	0.008327015503150795	3	40.634121351214105	0.7077753201685514	-10.672927041779236	10.672927041779236	-32	3	-10.666666666666666	0.006260375112569605	0.1238093306145679	0.9136735822732065	0.9558627423815652	0.9136735822732065	0.9136735822732065	1184.354302899973	1176.1150029019673	1176.11500290197 139.049283978548 -10.6729270417792	10585/9:0.00389179 1669/12:0.0340494 -32/3:0.00626038
32	1	17	46.93336354794668	0.096079812667341	0.002047153781535107	0	0.0	0.0	nan	nan					nan	nan	nan	nan	nan	0.0	0.0		
32	2	18	62.934044467392354	0.5912461322764173	0.009394694672495683	1	25.001659389378098	0.40103524476050617	-16.13126193908423	16.13126193908423	-129	8	-16.125	0.00626193908422934	1.0	1.0	1.0	1.0	1.0	16.13126193908423	16.13126193908423	-16.1312619390842	-129/8:0.00626194
32	3	19	62.80443485148789	1.4539804555604334	0.023150920138022505	2	41.92988187585146	0.6834485952663919	8.407615910339707	8.407615910339707	42	5	8.4	0.007615910339707099	0.09548314135302065	0.9967595390111589	0.9983784548011635	0.9967595390111589	0.9967595390111589	137.07273028365162	136.81463877129124	136.814638771291 8.40761591033971	1505/11:0.00354305 42/5:0.00761591
32	4	20	66.79775470539634	1.384732252084106	0.020730221520039185	3	42.53043680242302	0.6501830248369674	-5.351844077806465	5.351844077806465	-59	11	-5.363636363636363	0.01179228582989822	0.3206055228520722	0.9791869794043792	0.9895387710465816	0.9791869794043792	0.9791869794043792	714.3758292398566	713.012820405005	713.012820405005 43.7824291834023 -5.35184407780647	713/1:0.0128204 394/9:0.00465141 -59/11:0.0117923
33	1	17	63.3154153398242	0.09222634973848187	0.0014566176221618061	0	0.0	0.0	nan	nan					nan	nan	nan	nan	nan	0.0	0.0		
33	2	18	65.57866216356017	0.14040178968204486	0.002140967580763814	1	40.49727406464824	0.6188623266154869	20.95489001145588	20.95489001145588	251	12	20.916666666666668	0.03822334478921263	1.0	1.0	1.0	1.0	1.0	20.95489001145588	20.95489001145588	20.9548900114559	251/12:0.0382233
33	3	19	63.77521372900822	2.366035407660661	0.03709960765814678	2	34.565028680300664	0.5628642106140164	-15.264920578837067	15.264920578837067	-168	11	-15.272727272727273	0.007806693890206162	0.17369570700350917	0.9465091578093455	0.9728870221199096	0.9465091578093455	0.9465091578093455	324.7111872207165	324.3521809792698	324.35218097927 -15.2649205788371	3568/11:0.0114554 -168/11:0.00780669
33	4	20	66.64817906583497	5.1910551431641565	0.07788742642220488	3	39.08462007975392	0.6359656551603786	3.926643777588747	3.926643777588747	47	12	3.9166666666666665	0.009977110922080534	0.11168263507612051	0.9333797036043909	0.9661157816764981	0.9333797036043909	0.9333797036043909	1335.767716011472	1334.2748657220886	-1334.27486572209 63.0123425167694 3.92664377758875	-14677/11:0.00213845 63/1:0.0123425 47/12:0.00997711
34	1	17	66.30627967371026	0.22789724009768975	0.0034370385613423063	0	0.0	0.0	nan	nan					nan	nan	nan	nan	nan	0.0	0.0		
34	2	18	65.72407993125339	0.3735498958096173	0.005683607837498008	1	28.39397745293282	0.4344873321996463	11.162040235626781	11.162040235626781	67	6	11.166666666666666	0.004626431039884693	1.0	1.0	1.0	1.0	1.0	11.162040235626781	11.162040235626781	11.1620402356268	67/6:0.00462643
34	3	19	66.77433907714632	0.4308961562526008	0.006453020160256083	2	39.985018505725556	0.6026973691040228	-9.822271795386968	9.822271795386968	-108	11	-9.818181818181818	0.004089977205149253	0.203916580521108	0.9013121243738408	0.9493745964443333	0.9013121243738408	0.9013121243738408	114.22083084844185	113.79772043624561	113.797720436246 -9.82227179538697	569/5:0.00227956 -108/11:0.00408998
34	4	20	66.42498522482919	11.15014566173349	0.16786071722851728	3	38.49738282509806	0.696472086203953	8.891835031341966	8.891835031341966	80	9	8.88888888888889	0.002946142453076561	0.1872546784432771	0.8849611539205675	0.9407237394264947	0.8849611539205675	0.8849611539205675	1043.4372024929144	1039.5526804445726	-1039.55268044457 89.5117612189536 8.89183503134197	-9356/9:0.00287511 179/2:0.0117612 80/9:0.00294614
35	1	17	61.88787031791007	0.9213845930603028	0.014887967356563864	0	0.0	0.0	nan	nan					nan	nan	nan	nan	nan	0.0	0.0		
35	2	18	64.64215538159766	1.0709303925649394	0.016567058852586032	1	2.457538536937373	0.03865803336904938	-1.6331636136866476	1.6331636136866476	-18	11	-1.6363636363636365	0.003200022676988823	1.0	1.0	1.0	1.0	1.0	1.6331636136866476	1.6331636136866476	-1.63316361368665	-18/11:0.00320002
35	3	19	60.397301826735315	1.0613867023142234	0.017573412556724392	2	1.693457996391971	0.02854018502690942	-0.6959137383274518	0.6959137383274518	-7	10	-0.7	0.004086261672548108	0.3902252005040824	0.3062651880438349	0.5534123128769678	0.693734811956165	0.3062651880438349	2.370188008241921	2.2657217974016395	-2.26572179740164 -0.695913738327452	-25/11:0.00700548 -7/10:0.00408626
35	4	20	66.47187188591869	4.006098166217882	0.06026756961340408	3	9.53828198485835	0.1526961312871742	-1.8566253227397171	1.8566253227397171	-13	7	-1.8571428571428572	0.000517534403140063	0.8159868678644295	0.38357652802839737	0.6193355536608547	0.5902758833466653	0.38357652802839737	3.600100981295943	2.522766392433163	-2.52276639243316 -1.7746321353169 -1.85662532273972	-28/11:0.0226882 -16/9:0.00314564 -13/7:0.000517534
36	1	17	63.9977070726197	0.7120491415514252	0.011126166453798826	0	0.0	0.0	nan	nan					nan	nan	nan	nan	nan	0.0	0.0		
36	2	18	65.33941902069253	0.7910093342205187	0.012106158060113935	1	19.574610247757462	0.3032547252958873	-5.24314149659175	5.24314149659175	-21	4	-5.25	0.006858503408249561	0.9999999999999999	1.0	1.0	1.0	1.0	5.24314149659175	5.24314149659175	-5.24314149659175	-21/4:0.0068585
36	3	19	65.01772283360474	0.7904199909485641	0.01215699283980508	2	35.594261796035084	0.5541920681806269	-6.343269076785427	6.343269076785427	-19	3	-6.333333333333333	0.009935743452094137	0.13254941341205134	0.8941860422642027	0.9456141085369881	0.8941860422642027	0.8941860422642027	36.11989941739196	35.558544280411844	-35.5585442804118 -6.34326907678543	-320/9:0.00298872 -19/3:0.00993574
36	4	20	65.56566200433167	0.9243850137677896	0.014098614816193254	3	45.50671427789256	0.7039884791344002	-7.101025160890885	7.101025160890885	-71	10	-7.1	0.001025160890885779	0.19950113783018228	0.8758395233227051	0.9358629831993063	0.8758395233227051	0.8758395233227051	271.0195089247149	266.6928685662475	-266.692868566248 -47.7081074385083 -7.10102516089089	-2667/10:0.00713143 -334/7:0.00617828 -71/10:0.00102516
37	1	17	44.94572260181086	0.12051686380931415	0.0026813867223142284	0	0.0	0.0	nan	nan					nan	nan	nan	nan	nan	0.0	0.0		
37	2	18	66.44935649824707	0.22165388283825394	0.0033356814048921776	1	15.855962940092917	0.23941586849494312	11.470237232115489	11.470237232115489	126	11	11.454545454545455	0.015691777570033594	1.0	1.0	1.0	1.0	1.0	11.470237232115489	11.470237232115489	11.4702372321155	126/11:0.0156918
37	3	19	66.52747740708085	0.4197241521664097	0.006309034530170482	2	2.57743761806553	0.03898843163111013	1.2079622890238455	1.2079622890238455	6	5	1.2	0.007962289023845548	0.8870927771611415	0.12548561210819953	0.354239484118018	0.8745143878918005	0.12548561210819953	18.220377191277624	18.180290759521043	-18.180290759521 1.20796228902385	-200/11:0.00152742 6/5:0.00796229
37	4	20	63.52418625096466	3.7883694311526313	0.05963664636625081	3	0.6452827062441809	0.010802274759054872	-0.5721112051989606	0.5721112051989606	-4	7	-0.5714285714285714	0.0006826337703892404	0.5673784772463464	0.21289959833464733	0.4614104445443854	0.7807348591686806	0.21289959833464733	10.913419402048776	10.88427457424889	-10.8842745742489 0.554958382457264 -0.572111205198961	-98/9:0.00461431 5/9:0.000597173 -4/7:0.000682634
38	1	17	63.9478227521764	0.5915549771450941	0.009250588240315986	0	0.0	0.0	nan	nan					nan	nan	nan	nan	nan	0.0	0.0		
38	2	18	63.96566894269567	0.8695268282432167	0.013593648633960063	1	36.0842479796349	0.571893094734387	7.810184134394365	7.810184134394365	86	11	7.818181818181818	0.007997683787452914	1.0	1.0	1.0	1.0	1.0	7.810184134394365	7.810184134394365	7.81018413439437	86/11:0.00799768
38	3	19	65.89447764787182	1.2220164963894007	0.018545051725269542	2	43.66173439716431	0.6751209652419962	-6.629237685254529	6.629237685254529	-53	8	-6.625	0.004237685254529389	0.2055792772614128	0.8752037782488921	0.9355232644081557	0.8752037782488921	0.8752037782488921	55.2099735936201	54.810531760973	54.810531760973 -6.62923768525453	603/11:0.00765006 -53/8:0.00423769
38	4	20	66.79353196078787	3.655175812665597	0.05472349949709834	3	41.02462693019947	0.6497576027154697	5.766768289461184	5.766768289461184	52	9	5.777777777777778	0.011009488316593874	0.2503789042482876	0.9905979653824438	0.99528788065687	0.9905979653824438	0.9905979653824438	314.2400475142247	311.9085923411274	-311.908592341127 37.7701187317999 5.76676828946118	-3431/11:0.000498568 340/9:0.00765905 52/9:0.0110095
39	1	17	66.30151891743824	0.6781295105944594	0.01022796342628135	0	0.0	0.0	nan	nan					nan	nan	nan	nan	nan	0.0	0.0		
39	2	18	63.453208377732594	1.2523790750839723	0.01973704887589995	1	36.09544680933508	0.5803049125552104	7.295749078029948	7.295749078029948	73	10	7.3	0.004250921970052168	1.0	1.0	1.0	1.0	1.0	7.295749078029948	7.295749078029948	7.29574907802995	73/10:0.00425092
39	3	19	65.97475157776289	1.647818606835898	0.024976503396055276	2	37.51613536528476	0.5832103853333166	-4.995599041182288	4.995599041182288	-5	1	-5.0	0.004400958817711853	0.23449529177545078	0.83309179216043	0.9127386220383303	0.83309179216043	0.83309179216043	39.800124692079386	39.48536331002674	39.4853633100267 -4.99559904118229	79/2:0.0146367 -5/1:0.00440096
39	4	20	64.44144623930333	1.449973884703823	0.022500641579634086	3	38.37111666709664	0.6091477978335406	-4.490178636260344	4.490178636260344	-9	2	-4.5	0.009821363739655808	0.1654358173298173	0.8658291493427607	0.930499408566583	0.8658291493427607	0.8658291493427607	193.0159977161866	191.4429587082762	191.442958708276 -24.1786523861583 -4.49017863626034	1723/9:0.00148574 -266/11:0.0031658 -9/2:0.00982136
40	1	17	63.30188038525441	0.43817845489326857	0.006922044846480393	0	0.0	0.0	nan	nan					nan	nan	nan	nan	nan	0.0	0.0		
40	2	18	61.75314072990413	1.2146992144985163	0.01967024187176758	1	16.894920748830074	0.2790775633781506	-6.209441925481134	6.209441925481134	-31	5	-6.2	0.009441925481134206	1.0	1.0	1.0	1.0	1.0	6.209441925481134	6.209441925481134	-6.20944192548113	-31/5:0.00944193
40	3	19	66.44134234562065	1.3600142755161215	0.02046939793060584	2	42.569268856913965	0.654093426167626	-5.802828102240701	5.802828102240701	-29	5	-5.8	0.0028281022407012912	0.06273451815324488	0.9608419828389896	0.9802254755100939	0.9608419828389896	0.9608419828389896	38.42347326769989	37.98276561770474	-37.9827656177047 -5.8028281022407	-38/1:0.0172344 -29/5:0.0028281
40	4	20	64.6520211785018	1.2806804333517547	0.019808822833486433	3	43.9713744038852	0.6938684567321614	5.60328718168234	5.60328718168234	28	5	5.6	0.0032871816823405453	0.2496901604260971	0.971089346914704	0.9854386571038829	0.971089346914704	0.971089346914704	212.0093151645636	209.46900974968875	209.469009749689 32.2379720793918 5.60328718168234	2304/11:0.0144643 129/4:0.0120279 28/5:0.00328718
41	1	17	59.26185755248605	0.11390483561739728	0.0019220598260274908	0	0.0	0.0	nan	nan					nan	nan	nan	nan	nan	0.0	0.0		
41	2	18	58.31078630792922	1.396642320420213	0.023951697599219213	1	2.652869364294255	0.046611776588899985	4.825994819983502	4.825994819983502	29	6	4.833333333333333	0.007338513349830933	1.0	1.0	1.0	1.0	1.0	4.825994819983502	4.825994819983502	4.8259948199835	29/6:0.00733851
41	3	19	64.31337747221777	1.2445709359537886	0.019351665001444234	2	4.194009516885993	0.0664989516564655	-1.5165666176781916	1.5165666176781916	-3	2	-1.5	0.016566617678191564	0.9055648857828352	0.7659118174377438	0.8751638803319889	0.7659118174377438	0.7659118174377438	4.638049655135441	4.38309597175856	4.38309597175856 -1.51656661767819	35/8:0.00809597 -3/2:0.0165666
41	4	20	66.54910534378155	1.0644551872315162	0.015995033768413845	3	9.116428089829114	0.1392147330410263	2.5341482973728056	2.5341482973728056	28	11	2.5454545454545454	0.011306248081739856	0.6120508319414548	0.8767161288326991	0.9363312068027526	0.8767161288326991	0.8767161288326991	7.028768621331414	5.799232937406492	-5.79923293740649 3.0578714944934 2.53414829737281	-29/5:0.000767063 37/12:0.0254618 28/11:0.0113062
42	1	17	60.658359193464484	0.42977017331332945	0.00708509394299004	0	0.0	0.0	nan	nan					nan	nan	nan	nan	nan	0.0	0.0		
42	2	18	63.68775505340645	0.791911088731311	0.01243427544379984	1	5.975072518418586	0.09499948075701838	-3.7286657589272525	3.7286657589272525	-41	11	-3.727272727272727	0.0013930316545254229	1.0	1.0	1.0	1.0	1.0	3.7286657589272525	3.7286657589272525	-3.72866575892725	-41/11:0.00139303
42	3	19	66.73943307076556	0.8284978043448206	0.01241391732330634	2	2.020536886649416	0.0306555638830209	-1.5948377243660325	1.5948377243660325	-8	5	-1.6	0.005162275633967539	0.3940476651596097	0.996879444049096	0.9984385028879325	0.996879444049096	0.996879444049096	6.039856829267159	5.825492524326515	-5.82549252432652 -1.59483772436603	-64/11:0.00731071 -8/5:0.00516228
42	4	20	65.19415326462979	0.9071712840658961	0.013914917805337455	3	23.2938534581676	0.3623416863029923	-3.414564449327346	3.414564449327346	-41	12	-3.4166666666666665	0.002102217339320589	0.3525006671342612	0.4146872202280971	0.6439621263926141	0.5829169479583891	0.4146872202280971	14.658546189387257	13.280781573167422	-13.2807815731674 -5.18020914767021 -3.41456444932735	-93/7:0.00493271 -57/11:0.00160903 -41/12:0.00210222
43	1	17	56.024650290112376	0.571163864778164	0.010194867113324348	0	0.0	0.0	nan	nan					nan	nan	nan	nan	nan	0.0	0.0		
43	2	18	66.13329908905726	0.5303201496868581	0.008018958028582723	1	16.475874624156322	0.25114522069772405	5.37086056258075	5.37086056258075	43	8	5.375	0.004139437419249603	0.9999999999999999	1.0	1.0	1.0	1.0	5.37086056258075	5.37086056258075	5.37086056258075	43/8:0.00413944
43	3	19	63.112006696592346	0.6943136234043195	0.011001292143065514	2	36.56232255858146	0.5857685659050265	-8.265466437502964	8.265466437502964	-91	11	-8.272727272727273	0.0072608352243097585	0.08200058215147797	0.990921123382048	0.9954502114028848	0.990921123382048	0.990921123382048	45.90526409910669	45.15501452307645	45.1550145230765 -8.26546643750296	271/6:0.0116521 -91/11:0.00726084
43	4	20	63.93465171145595	0.6808216365238167	0.010648711118290577	3	39.74187309632166	0.6282919634944225	7.516925821828848	7.516925821828848	15	2	7.5	0.016925821828848164	0.19488678901464787	0.9871607601512774	0.9935596409633785	0.9871607601512774	0.9871607601512774	341.93414765972375	336.23831144445455	-336.238311444455 61.6948545581629 7.51692582182885	-1345/4:0.0116886 617/10:0.00514544 15/2:0.0169258
44	1	17	63.68035394525948	0.255639812917984	0.004014421985432674	0	0.0	0.0	nan	nan					nan	nan	nan	nan	nan	0.0	0.0		
44	2	18	61.34721823967392	0.5196136213458544	0.008470043732314084	1	0.7552107202015773	0.012415591982295872	1.7187781637408541	1.7187781637408541	12	7	1.7142857142857142	0.004492449455139935	1.0	1.0	1.0	1.0	1.0	1.7187781637408541	1.7187781637408541	1.71877816374085	12/7:0.00449245
44	3	19	56.050980453165806	0.6302141093374445	0.011243587609748038	2	0.2197109354751317	0.003964415326054015	-0.5029654714914906	0.5029654714914906	-1	2	-0.5	0.0029654714914906233	0.00598709129150939	0.5982809818999492	0.7734862519139879	0.5982809818999492	0.5982809818999492	1.5367149560193254	1.4520738929341095	1.45207389293411 -0.502965471491491	16/11:0.00247156 -1/2:0.00296547
44	4	20	65.53295240783746	1.2403158083928503	0.01892659742649583	3	12.730588151430506	0.19801004943605752	4.36308775567349	4.36308775567349	48	11	4.363636363636363	0.0005486079628731488	0.8723409596020051	0.9423832314945272	0.9707642512446197	0.9423832314945272	0.9423832314945272	7.5211351231422015	5.5287047803901155	-5.52870478039012 2.63900781130841 4.36308775567349	-61/11:0.0167498 29/11:0.00264417 48/11:0.000548608
45	1	17	58.23258113427396	0.5948508009689988	0.010215085599543988	0	0.0	0.0	nan	nan					nan	nan	nan	nan	nan	0.0	0.0		
45	2	18	65.44221325741378	1.566209505962604	0.02393270991312587	1	47.69560401958781	0.7466904818463104	8.954372380637489	8.954372380637489	107	12	8.916666666666666	0.037705713970822785	1.0	1.0	1.0	1.0	1.0	8.954372380637489	8.954372380637489	8.95437238063749	107/12:0.0377057
45	3	19	64.1401531838169	2.865763886374495	0.044679716903101366	2	32.79224633948305	0.5351705127618758	-4.275769231174211	4.275769231174211	-47	11	-4.2727272727272725	0.003041958446938331	0.18378304639210516	0.8731868832041788	0.9344446924265656	0.8731868832041788	0.8731868832041788	41.15356769576602	40.93084327950916	40.9308432795092 -4.27576923117421	491/12:0.0141766 -47/11:0.00304196
45	4	20	61.90428890027487	3.188626704049426	0.05150897879121373	3	42.715698534622035	0.7275009245721838	-3.8307694154917122	3.8307694154917122	-23	6	-3.8333333333333335	0.002563917841621244	0.18571238214520353	0.9845208444990641	0.9922302376460134	0.9845208444990641	0.9845208444990641	163.0374384359325	162.10300258074236	162.103002580742 -17.0043550816741 -3.83076941549171	1621/10:0.00300258 -17/1:0.00435508 -23/6:0.00256392
46	1	17	64.90048771290611	0.2422638183894037	0.0037328505058557074	0	0.0	0.0	nan	nan					nan	nan	nan	nan	nan	0.0	0.0		
46	2	18	62.07455933571145	0.4987735167356746	0.008035071405633492	1	12.615907458884147	0.20488422991422564	-7.216306458764263	7.216306458764263	-65	9	-7.222222222222222	0.005915763457958967	1.0	1.0	1.0	1.0	1.0	7.216306458764263	7.216306458764263	-7.21630645876426	-65/9:0.00591576
46	3	19	65.31319001204653	0.7577815287239389	0.011602274036594626	2	2.418524100720658	0.037464314106934446	-1.8689443496967006	1.8689443496967006	-15	8	-1.875	0.006055650303299354	0.6841808885374417	0.7203535586966309	0.848736448313981	0.7203535586966309	0.7203535586966309	11.96292503302886	11.816032429018012	-11.816032429018 -1.8689443496967	-130/11:0.00214939 -15/8:0.00605565
46	4	20	63.32839442675758	1.1206019817545396	0.01769509541333108	3	8.121048696070385	0.1305471288544772	-3.094968284463258	3.094968284463258	-34	11	-3.090909090909091	0.004059193554167173	0.4402197606683677	0.8938081414761601	0.9454142697654611	0.8938081414761601	0.8938081414761601	31.0953709285034	30.5050259224877	-30.5050259224877 -5.17558286260922 -3.09496828446326	-61/2:0.00502592 -57/11:0.00623532 -34/11:0.00405919
47	1	17	63.54815412277991	1.023670549803441	0.016108580397561682	0	0.0	0.0	nan	nan					nan	nan	nan	nan	nan	0.0	0.0		
47	2	18	60.45465987761061	1.3005265721734816	0.021512428898059714	1	0.5586040683667138	0.009443195887638336	-0.7387065376724158	0.7387065376724158	-3	4	-0.75	0.011293462327584214	1.0	1.0	1.0	1.0	1.0	0.7387065376724158	0.7387065376724158	-0.738706537672416	-3/4:0.0112935
47	3	19	65.04419216805991	1.151344362383334	0.017700955673467553	2	26.849028262004587	0.42021962056947443	4.476524433817722	4.476524433817722	49	11	4.454545454545454	0.02197897927226755	0.7301538457223946	0.9706721664820479	0.9852269619138769	0.9706721664820479	0.9706721664820479	6.127331036380454	4.476524433817722	4.18388750121512 4.47652443381772	46/11:0.00206932 49/11:0.021979
47	4	20	65.79333481532598	1.5247593834591697	0.02317498250755927	3	43.87950349041914	0.6827520789991248	-6.056402765201733	6.056402765201733	-73	12	-6.083333333333333	0.026930568131599664	0.1640873018885563	0.962438598771651	0.9810395500547626	0.962438598771651	0.962438598771651	38.484200485448184	27.1257699464968	26.6185325921539 27.1257699464968 -6.05640276520173	213/8:0.00646741 217/8:0.000769946 -73/12:0.0269306
48	1	17	66.32115060383795	0.10962159064713717	0.0016528903622608964	0	0.0	0.0	nan	nan					nan	nan	nan	nan	nan	0.0	0.0		
48	2	18	66.61860158493288	0.11252173041791025	0.0016890437166330325	1	31.76906470837873	0.4776866232061036	17.023708134412175	17.023708134412175	17	1	17.0	0.023708134412174786	1.0	1.0	1.0	1.0	1.0	17.023708134412175	17.023708134412175	17.0237081344122	17/1:0.0237081
48	3	19	66.85681697982534	0.8530077656804735	0.012758725350892437	2	41.6805765741327	0.6314874409581863	19.10071385458347	19.10071385458347	191	10	19.1	0.0007138545834699528	0.1815341033111975	0.9849220977226958	0.9924324146876178	0.9849220977226958	0.9849220977226958	323.3352897970216	322.7706187966452	-322.770618796645 19.1007138545835	-2905/9:0.00715898 191/10:0.000713855
48	4	20	65.79003895193213	0.9066504046455321	0.013780967743581273	3	38.15206677087333	0.5880097760780226	-6.5138318016737164	6.5138318016737164	-13	2	-6.5	0.013831801673716448	0.08597274325082163	0.9486543360099109	0.9739888787916989	0.9486543360099109	0.9486543360099109	2175.3519399937127	2171.5422859976316	-2171.54228599763 128.521332680026 -6.51383180167372	-23887/11:0.00316855 257/2:0.0213327 -13/2:0.0138318
49	1	17	61.55527920394746	0.5345196199775017	0.008683570717086826	0	0.0	0.0	nan	nan					nan	nan	nan	nan	nan	0.0	0.0		
49	2	18	62.11319872100183	0.5831361628485396	0.009388280991095836	1	6.388224960951337	0.10382282571082548	-3.457070810564739	3.457070810564739	-38	11	-3.4545454545454546	0.002525356019284608	1.0	1.0	1.0	1.0	1.0	3.457070810564739	3.457070810564739	-3.45707081056474	-38/11:0.00252536
49	3	19	62.456908007765	0.5121745021715114	0.008200446011637894	2	12.708169115619231	0.20515334228488866	4.601270480932626	4.601270480932626	23	5	4.6	0.0012704809326260502	0.12346089599803062	0.9714993543015704	0.9856466680822141	0.9714993543015704	0.9714993543015704	17.351293051460296	16.73008309958299	16.730083099583 4.60127048093263	184/11:0.00281037 23/5:0.00127048
49	4	20	64.1380242914708	0.7586839039151769	0.011828925388586818	3	9.389895032824638	0.1481538775160292	4.186974644755775	4.186974644755775	46	11	4.181818181818182	0.005156462937593531	0.046229226502862396	0.9562201219205693	0.9778650837004915	0.9562201219205693	0.9562201219205693	75.21771563472026	72.4560298213215	-72.4560298213215 -19.7559543217124 4.18697464475578	-797/11:0.00148437 -79/4:0.00595432 46/11:0.00515646
50	1	17	62.94225245168576	0.06432395636806376	0.001021951929944652	0	0.0	0.0	nan	nan					nan	nan	nan	nan	nan	0.0	0.0		
50	2	18	65.26491986903315	0.4368160634076048	0.006692968661942156	1	43.14319259173242	0.6655013807142792	-25.898211038590613	25.898211038590613	-259	10	-25.9	0.0017889614093853368	1.0	1.0	1.0	1.0	1.0	25.898211038590613	25.898211038590613	-25.8982110385906	-259/10:0.00178896
50	3	19	64.70980625881853	1.386507542804985	0.021426544490944666	2	40.86229153502929	0.6452963184733111	-9.384560441409539	9.384560441409539	-75	8	-9.375	0.009560441409538711	0.1435842885270586	0.9414640783923564	0.9702907184923271	0.9414640783923564	0.9414640783923564	249.31799427715745	249.14130989401627	-249.141309894016 -9.38456044140954	-1744/7:0.00154725 -75/8:0.00956044
50	4	20	62.72878326371045	4.136907952862806	0.06594911837316109	3	39.28724306778492	0.670523734892495	-5.224806881875305	5.224806881875305	-47	9	-5.222222222222222	0.0025846596530829657	0.000122405014291665	0.9634100392164064	0.9815345328700394	0.9634100392164064	0.9634100392164064	1349.0483013074818	1348.079891512997	-1348.079891513 -50.8392245412491 -5.22480688187531	-16177/12:0.00344182 -305/6:0.00589121 -47/9:0.00258466
51	1	17	57.94912691786943	1.6266643854614742	0.028070558988178118	0	0.0	0.0	nan	nan					nan	nan	nan	nan	nan	0.0	0.0		
51	2	18	65.60223930432733	1.5448224328049776	0.023548318612091588	1	23.140291084238225	0.3612429631786413	3.7716851314776334	3.7716851314776334	34	9	3.7777777777777777	0.006092646300144278	1.0	1.0	1.0	1.0	1.0	3.7716851314776334	3.7716851314776334	3.77168513147763	34/9:0.00609265
51	3	19	64.80532416171216	1.8113420856502032	0.027950513465996484	2	42.41112844285147	0.6732568262098788	-4.565543673888395	4.565543673888395	-32	7	-4.571428571428571	0.005884897540176404	0.2570850311253629	0.7592481502387736	0.871348466595755	0.7592481502387736	0.7592481502387736	20.246657369820827	19.725185565989936	19.7251855659899 -4.56554367388839	217/11:0.00208716 -32/7:0.0058849
51	4	20	65.90372819440805	2.096839033181503	0.03181669824499277	3	41.12624456638795	0.6445423857362895	-4.668955979123806	4.668955979123806	-14	3	-4.666666666666667	0.0022893124571394807	0.2073307128802386	0.9601099766043555	0.979852017706937	0.9601099766043555	0.9601099766043555	95.57979612128152	92.94799669767406	92.9479966976741 -21.7799950996303 -4.66895597912381	1115/12:0.03133 -196/9:0.00221732 -14/3:0.00228931
52	1	17	66.03780751026679	0.390729151625294	0.005916749304018732	0	0.0	0.0	nan	nan					nan	nan	nan	nan	nan	0.0	0.0		
52	2	18	66.81514728205418	0.7656317397566283	0.011458954606873533	1	11.16504700444435	0.16904055862899323	5.345549687167136	5.345549687167136	16	3	5.333333333333333	0.012216353833802707	1.0	1.0	1.0	1.0	1.0	5.345549687167136	5.345549687167136	5.34554968716714	16/3:0.0122164
52	3	19	66.18067754138991	1.1598135987167382	0.01752495806636887	2	36.4825899181439	0.5610905131975705	6.805910388448995	6.805910388448995	34	5	6.8	0.00591038844899483	0.4113764276753012	0.9720905487497012	0.9859465242850148	0.9720905487497012	0.9720905487497012	35.42693735392317	34.767045805808685	-34.7670458058087 6.80591038844899	-313/9:0.010732 34/5:0.00591039
52	4	20	64.87709862546677	2.4828483006005087	0.03827002676142941	3	45.420069685482375	0.7279528073339301	-6.136947884370664	6.136947884370664	-43	7	-6.142857142857143	0.005909258486479274	0.02387314641936603	0.9617125218353348	0.9806694253597055	0.9617125218353348	0.9617125218353348	221.274372886877	217.01862846849733	-217.018628468497 42.7504487087272 -6.13694788437066	-217/1:0.0186285 171/4:0.000448709 -43/7:0.00590926
53	1	17	61.54154149438733	0.34972176524854603	0.005682694270510613	0	0.0	0.0	nan	nan					nan	nan	nan	nan	nan	0.0	0.0		
53	2	18	62.441746247755184	1.1082101646981286	0.017747904747906846	1	7.765827234187248	0.12661632982763082	-4.712295661373105	4.712295661373105	-33	7	-4.714285714285714	0.0019900529126095634	1.0	1.0	1.0	1.0	1.0	4.712295661373105	4.712295661373105	-4.7122956613731	-33/7:0.00199005
53	3	19	64.46833690409846	1.1436277441221208	0.017739370969400897	2	32.03017332475737	0.5058084553351834	5.370254997327107	5.370254997327107	43	8	5.375	0.004745002672892795	0.30933420103878667	0.9978210379863259	0.998909924861259	0.9978210379863259	0.9978210379863259	26.306927757640498	25.752957292501367	25.7529572925014 5.37025499732711	103/4:0.00295729 43/8:0.004745
53	4	20	64.08657975188758	1.522507495064147	0.023757040880611258	3	37.698097356928876	0.6025518480027873	-5.4678229569442145	5.4678229569442145	-60	11	-5.454545454545454	0.013277502398760355	0.07335845129524592	0.906972541713472	0.9523510601209367	0.906972541713472	0.906972541713472	149.723700566407	146.39990008982014	146.39990008982 30.892696177273 -5.46782295694421	732/5:9.99102e-05 278/9:0.00380729 -60/11:0.0132775
54	1	17	51.90027412495536	0.8780198820165808	0.016917442091011998	0	0.0	0.0	nan	nan					nan	nan	nan	nan	nan	0.0	0.0		
54	2	18	61.48046032917706	1.0425490385369685	0.016957404563254404	1	13.93571752444301	0.2305790724207441	-3.9839372762221332	3.9839372762221332	-4	1	-4.0	0.016062723777866772	1.0	1.0	1.0	1.0	1.0	3.9839372762221332	3.9839372762221332	-3.98393727622213	-4/1:0.0160627
54	3	19	59.89640481080215	0.8967240130380176	0.014971249374157693	2	2.8457081746221515	0.04823260289113281	-1.5401512499252235	1.5401512499252235	-17	11	-1.5454545454545454	0.005303295529321961	0.5950235806615269	0.8690262117964557	0.9322157538877229	0.8690262117964557	0.8690262117964557	5.6964896290056535	5.4843348020268365	-5.48433480202684 -1.54015124992522	-11/2:0.0156652 -17/11:0.0053033
54	4	20	66.52747740708085	1.6136680029878079	0.024255661959250194	3	3.3479335601741966	0.051575059157799134	-0.8815611731436157	0.8815611731436157	-7	8	-0.875	0.006561173143615706	0.1614113821360926	0.2081550143290658	0.45624008408848277	0.6419146504402805	0.2081550143290658	9.431797706839234	9.16365209384561	-9.16365209384561 -2.05161843033798 -0.881561173143616	-55/6:0.00301457 -25/12:0.0317149 -7/8:0.00656117
55	1	17	66.38387071164257	0.20423049593372866	0.0030765077984208325	0	0.0	0.0	nan	nan					nan	nan	nan	nan	nan	0.0	0.0		
55	2	18	61.92751691145604	0.6489637646520521	0.010479408783335208	1	35.95105300028821	0.5866824713397016	13.267695988526095	13.267695988526095	146	11	13.272727272727273	0.005031284201178821	1.0	1.0	1.0	1.0	1.0	13.267695988526095	13.267695988526095	13.2676959885261	146/11:0.00503128
55	3	19	59.668956459942706	0.898400604872613	0.015056415566371304	2	33.97708555893375	0.5781310907237671	-7.235504767126591	7.235504767126591	-65	9	-7.222222222222222	0.013282544904368976	0.14111331527656845	0.9999355124988021	0.9999677557295545	0.9999355124988021	0.9999355124988021	96.16747971835771	95.89489885361802	95.894898853618 -7.23550476712659	959/10:0.00510115 -65/9:0.0132825
55	4	20	66.65987316295039	2.48254530893594	0.0372419746864406	3	43.33746831024466	0.6752769203608061	6.6538440919966995	6.6538440919966995	20	3	6.666666666666667	0.012822574669967501	0.31306290116450175	0.917807790563417	0.9580228549274892	0.917807790563417	0.917807790563417	626.0387330908784	624.2484896254057	-624.248489625406 46.8406328867485 6.6538440919967	-2497/4:0.00151037 281/6:0.00729955 20/3:0.0128226
56	1	17	63.54337077812841	0.4482191877242627	0.007053752141813344	0	0.0	0.0	nan	nan					nan	nan	nan	nan	nan	0.0	0.0		
56	2	18	66.4738953378399	0.5355290904021217	0.008056231512842826	1	4.791670149211079	0.07266892435930307	3.269627180581054	3.269627180581054	36	11	3.272727272727273	0.00310009214621898	1.0	1.0	1.0	1.0	1.0	3.269627180581054	3.269627180581054	3.26962718058105	36/11:0.00310009
56	3	19	66.34493054483698	0.6508104825129379	0.009809498286732091	2	22.243170991536655	0.33858693853322863	-5.9410718001967995	5.9410718001967995	-71	12	-5.916666666666667	0.024405133530132517	0.07528177762612896	0.8497985166352344	0.9218451695568157	0.8497985166352344	0.8497985166352344	22.93800395780727	22.155263289640416	22.1552632896404 -5.9410718001968	133/6:0.0114034 -71/12:0.0244051
56	4	20	65.92750098916983	0.7736908476988589	0.011735479672222918	3	11.523396501738791	0.1768645068756163	-3.900313591051317	3.900313591051317	-39	10	-3.9	0.00031359105131700815	0.20903198649203247	0.8591580954981194	0.9269078139157741	0.8591580954981194	0.8591580954981194	95.56784617895069	92.25151048437493	92.2515104843749 -24.6507523318519 -3.90031359105132	369/4:0.00151048 -271/11:0.0143887 -39/10:0.000313591
57	1	17	53.6195375162559	0.3408319898079455	0.006356488802325365	0	0.0	0.0	nan	nan					nan	nan	nan	nan	nan	0.0	0.0		
57	2	18	62.82509118766767	1.5083603598195907	0.024008884528538117	1	12.560984536624959	0.20485411350274021	-6.070740451998241	6.070740451998241	-73	12	-6.083333333333333	0.012592881335091732	1.0	1.0	1.0	1.0	1.0	6.070740451998241	6.070740451998241	-6.07074045199824	-73/12:0.0125929
57	3	19	66.34741283149631	1.5443086801194852	0.02327609494045522	2	11.383114461928182	0.1756569320404435	-2.7264310259834637	2.7264310259834637	-30	11	-2.727272727272727	0.000841701289263419	0.20921051657767073	0.9849927595710612	0.9924680143818546	0.9849927595710612	0.9849927595710612	17.47343564413286	17.259418503246494	-17.2594185032465 -2.72643102598346	-69/4:0.0094185 -30/11:0.000841701
57	4	20	66.8976355524993	1.7194866614255062	0.025703250155621773	3	17.172918852212277	0.26347662743401606	-2.7651890207171683	2.7651890207171683	-25	9	-2.7777777777777777	0.012588757060609357	0.23719101744893545	0.6876059758842112	0.8292201009890023	0.6876059758842112	0.6876059758842112	60.23500298462975	59.429539245578745	-59.4295392455787 -9.42014751987864 -2.76518902071717	-416/7:0.000967817 -113/12:0.00348085 -25/9:0.0125888
58	1	17	62.15650845823374	0.28097026238135214	0.00452036752627685	0	0.0	0.0	nan	nan					nan	nan	nan	nan	nan	0.0	0.0		
58	2	18	53.18007289159446	0.2966911937133787	0.0055789918588147165	1	2.7635053382134083	0.05225659270432276	3.1361727388866596	3.1361727388866596	22	7	3.142857142857143	0.006684403970483199	1.0	1.0	1.0	1.0	1.0	3.1361727388866596	3.1361727388866596	3.13617273888666	22/7:0.0066844
58	3	19	62.96558960130116	0.8476391927703801	0.01346194323181346	2	32.98440502415656	0.530996351412566	10.287480408839256	10.287480408839256	72	7	10.285714285714286	0.0017661231249697096	0.5121044927385706	0.9519497926665494	0.9756791443228401	0.9519497926665494	0.9519497926665494	31.609191592128703	29.888270942723473	-29.8882709427235 10.2874804088393	-269/9:0.000617946 72/7:0.00176612
58	4	20	64.88846275821057	0.7688064970390514	0.01184812313868187	3	28.562586298065487	0.44545757047924056	-5.642973372904143	5.642973372904143	-62	11	-5.636363636363637	0.006609736540506006	0.0540336636518456	0.9449949803909298	0.9721085229494337	0.9449949803909298	0.9449949803909298	182.95868589345002	172.80205889066596	-172.802058890666 59.8455181155416 -5.64297337290414	-864/5:0.00205889 419/7:0.0116247 -62/11:0.00660974
59	1	17	64.68267054282526	0.05303399134157871	0.0008199103546051926	0	0.0	0.0	nan	nan					nan	nan	nan	nan	nan	0.0	0.0		
59	2	18	60.45680727774537	0.2963289454356328	0.004901498421414553	1	17.09190505982781	0.2841052055041332	-17.952216586574277	17.952216586574277	-215	12	-17.916666666666668	0.03554991990760925	1.0	1.0	1.0	1.0	1.0	17.952216586574277	17.952216586574277	-17.9522165865743	-215/12:0.0355499
59	3	19	63.96257187955027	1.5921285751116727	0.024891565931868018	2	8.223585392128477	0.13185068048960372	-0.03990004287529339	0.03990004287529339	0	1	0.0	0.03990004287529339	0.9904252282224005	5.736666378098671e-05	0.007574078411330762	0.999942633336219	5.736666378098671e-05	13.168408480867244	13.1683480325193	-13.1683480325193 -0.0399000428752934	-79/6:0.00168137 0/1:0.0399
59	4	20	65.07238972790319	4.365677421711254	0.06708955119008396	3	1.2714257679488694	0.020943742786400033	0.6409725043065055	0.6409725043065055	7	11	0.6363636363636364	0.004608867942869188	0.6789596659707696	0.5144769573300896	0.71727049104929	0.5144769573300896	0.5144769573300896	14.302993326989327	14.244427924727798	-14.2444279247278 -1.12296280341745 0.640972504306506	-57/4:0.00557208 -9/8:0.0020372 7/11:0.00460887
60	1	17	57.182232461617296	0.3968733265982607	0.006940500737963595	0	0.0	0.0	nan	nan					nan	nan	nan	nan	nan	0.0	0.0		
60	2	18	59.939338724537876	0.4067979564316957	0.006786827567471333	1	13.341319553806835	0.22410129622679034	5.797936272976612	5.797936272976612	29	5	5.8	0.0020637270233878624	1.0	1.0	1.0	1.0	1.0	5.797936272976612	5.797936272976612	5.79793627297661	29/5:0.00206373
60	3	19	64.84662025724887	0.5699757668083123	0.008789598664466982	2	28.455593640718533	0.44270502709503673	8.363307176242934	8.363307176242934	92	11	8.363636363636363	0.00032918739342946424	0.16344943419398855	0.999924498455999	0.9999622485154122	0.999924498455999	0.999924498455999	49.278374997041446	48.563497973527845	-48.5634979735278 8.36330717624293	-340/7:0.0079306 92/11:0.000329187
60	4	20	66.73300224853472	0.9929125601614714	0.014878883411592249	3	34.893186089465495	0.5307748476594593	-7.6389328858088925	7.6389328858088925	-84	11	-7.636363636363637	0.002569249445255828	0.06745575410414084	0.9531936790769958	0.9763163826736678	0.9531936790769958	0.9531936790769958	387.19617283535524	381.4872743030531	-381.487274303053 65.802602589408 -7.63893288580889	-763/2:0.0127257 329/5:0.00260259 -84/11:0.00256925
61	1	17	66.05690763398596	0.23146853992251692	0.003504077744678249	0	0.0	0.0	nan	nan					nan	nan	nan	nan	nan	0.0	0.0		
61	2	18	61.83474599290243	0.32651592728722534	0.005280460395595444	1	14.960391176219249	0.24322584409045644	8.03943426649108	8.03943426649108	8	1	8.0	0.03943426649107984	1.0	1.0	1.0	1.0	1.0	8.03943426649108	8.03943426649108	8.03943426649108	8/1:0.0394343
61	3	19	65.35414101897246	0.37687091875885415	0.005766595855792025	2	34.75345339123497	0.5348555477574722	-10.116829948399285	10.116829948399285	-91	9	-10.11111111111111	0.005718837288174683	0.050535903243564315	0.9616018823870728	0.9806130135721598	0.9616018823870728	0.9616018823870728	84.3436205968674	83.73467673063224	83.7346767306322 -10.1168299483993	921/11:0.007404 -91/9:0.00571884
61	4	20	63.99246544873162	0.6114352240541621	0.009554800237287641	3	39.30845223399145	0.6201926995293092	10.122502372209482	10.122502372209482	81	8	10.125	0.0024976277905182087	0.02939327680939302	0.9823866608322814	0.9911542063837905	0.9823866608322814	0.9823866608322814	860.9578829010492	854.66173705957	-854.66173705957 103.437547735336 10.1225023722095	-2564/3:0.00492961 931/9:0.00689671 81/8:0.00249763
62	1	17	62.04671480199929	0.350845287959622	0.005654534475825574	0	0.0	0.0	nan	nan					nan	nan	nan	nan	nan	0.0	0.0		
62	2	18	57.65249243029806	0.39465085520983934	0.0068453390057155415	1	16.061044143691543	0.2805038349660633	-6.765954358722063	6.765954358722063	-61	9	-6.777777777777778	0.011823419055714268	1.0	1.0	1.0	1.0	1.0	6.765954358722063	6.765954358722063	-6.76595435872206	-61/9:0.0118234
62	3	19	66.50261486752406	0.7306308134890571	0.010986497522608753	2	32.159507738815705	0.48895450245799255	-8.984628394713834	8.984628394713834	-9	1	-9.0	0.015371605286166101	0.05841549856658158	0.9906127068901901	0.9952952862794991	0.9906127068901901	0.9906127068901901	62.3677498263268	61.71719915070829	-61.7171991507083 -8.98462839471383	-432/7:0.00291344 -9/1:0.0153716
62	4	20	65.3749421214259	0.6704313737778875	0.010255173496484997	3	49.713956255808476	0.7683228832329214	7.374078783827966	7.374078783827966	59	8	7.375	0.0009212161720340006	0.22454402528479622	0.7991626986890005	0.8939590028010236	0.7991626986890005	0.7991626986890005	486.88439916610497	481.6846605837051	481.684660583705 70.5827802781227 7.37407878382797	4817/10:0.0153394 847/12:0.000553055 59/8:0.000921216
63	1	17	65.73497040435866	0.8216906648738131	0.012500053773802713	0	0.0	0.0	nan	nan					nan	nan	nan	nan	nan	0.0	0.0		
63	2	18	66.56410802884889	0.6386754430437094	0.009594892231815191	1	5.184728937523434	0.07864535330542208	-2.5119376275109127	2.5119376275109127	-5	2	-2.5	0.011937627510912652	1.0	1.0	1.0	1.0	1.0	2.5119376275109127	2.5119376275109127	-2.51193762751091	-5/2:0.0119376
63	3	19	65.42004784025167	0.6575246253087528	0.01005081235822929	2	37.65606013788727	0.581448317152639	7.437105545861745	7.437105545861745	67	9	7.444444444444445	0.007338898582699649	0.08601760383924692	0.9381088411191574	0.968560189724499	0.9381088411191574	0.9381088411191574	21.68113412620372	20.36568285371615	20.3656828537162 7.43710554586174	224/11:0.00204649 67/9:0.0073389
63	4	20	66.13369716341415	1.4327703137099377	0.021664754507367254	3	52.176974639105055	0.8064331869666808	7.51490334241458	7.51490334241458	15	2	7.5	0.01490334241457969	0.13089221687585903	0.7116720774218421	0.8436065892475249	0.7116720774218421	0.7116720774218421	168.75772940212298	157.89313669472259	-157.893136694723 -59.0969952317034 7.51490334241458	-1421/9:0.00424781 -591/10:0.00300477 15/2:0.0149033
64	1	17	65.98555916852447	0.20016946683369952	0.003033534448385513	0	0.0	0.0	nan	nan					nan	nan	nan	nan	nan	0.0	0.0		
64	2	18	58.67034930144421	0.4263198380024775	0.007266359295256205	1	15.277005080798618	0.2622930662856628	-8.73615227421181	8.73615227421181	-96	11	-8.727272727272727	0.008879546939082772	1.0	1.0	1.0	1.0	1.0	8.73615227421181	8.73615227421181	-8.73615227421181	-96/11:0.00887955
64	3	19	65.40612174494696	0.7076820131059236	0.010819813103512693	2	10.948976948785319	0.16923092727067468	-1.86434669513408	1.86434669513408	-13	7	-1.8571428571428572	0.007203837991222706	0.856548715431126	0.13533662913508832	0.367881270432579	0.8646633708649117	0.13533662913508832	23.23931557742035	23.16441235834129	-23.1644123583413 -1.86434669513408	-139/6:0.00225431 -13/7:0.00720384
64	4	20	64.88164368897228	0.6162934004286456	0.009498732852438432	3	6.09011794085388	0.09476518704885276	-1.5356008938097592	1.5356008938097592	-17	11	-1.5454545454545454	0.009853651644786243	0.4531053873679409	0.27401173756888797	0.5234613047483911	0.60967946604491	0.27401173756888797	28.701688037237894	28.61733170816301	-28.617331708163 -1.57389706995834 -1.53560089380976	-229/8:0.00766829 -11/7:0.0024685 -17/11:0.00985365
65	1	17	61.53265462601597	0.9360474397525635	0.015212206355173294	0	0.0	0.0	nan	nan					nan	nan	nan	nan	nan	0.0	0.0		
65	2	18	64.92711589771358	0.88702102992373	0.013661796272009776	1	30.814021489912008	0.4811676427639162	-5.737533848728655	5.737533848728655	-63	11	-5.7272727272727275	0.010261121455927835	1.0	1.0	1.0	1.0	1.0	5.737533848728655	5.737533848728655	-5.73753384872866	-63/11:0.0102611
65	3	19	66.56973816359667	0.9254234097862337	0.01390156301219008	2	42.62767158103305	0.6493733957144957	6.717883006370814	6.717883006370814	47	7	6.714285714285714	0.0035972920850992907	0.08122207225331468	0.9390899173277104	0.9690665185257978	0.9390899173277104	0.9390899173277104	40.76689086683256	40.209568996209725	40.2095689962097 6.71788300637081	201/5:0.009569 47/7:0.00359729
65	4	20	62.33867771201514	0.7214208071432395	0.011572603616585743	3	45.53378075713818	0.738977731959664	6.511839421341879	6.511839421341879	13	2	6.5	0.011839421341878875	0.12251003468841531	0.8618151697760578	0.9283400076351648	0.8618151697760578	0.8618151697760578	277.48737743020195	273.56650822222196	-273.566508222222 -46.0239737478518 6.51183942134188	-1915/7:0.00492035 -46/1:0.0239737 13/2:0.0118394
66	1	17	58.39331890619134	0.3072224034166311	0.005261259492891349	0	0.0	0.0	nan	nan					nan	nan	nan	nan	nan	0.0	0.0		
66	2	18	63.42101927480201	0.2907621227735149	0.0045846333928133256	1	0.18074351073632394	0.002863025099059276	0.7670168693333257	0.7670168693333257	7	9	0.7777777777777778	0.0107609084444521	1.0	1.0	1.0	1.0	1.0	0.7670168693333257	0.7670168693333257	0.767016869333326	7/9:0.0107609
66	3	19	64.77191007858318	0.5597800007576552	0.00864232659000659	2	28.415247232279295	0.44252148617153536	-9.71947955647685	9.71947955647685	-68	7	-9.714285714285714	0.005193842191136611	0.8851339666497609	0.96665702857775	0.9831871788107034	0.96665702857775	0.96665702857775	11.267018142496953	9.71947955647685	5.69889594347748 -9.71947955647685	57/10:0.00110406 -68/7:0.00519384
66	4	20	60.14366335059948	0.5119960352548532	0.00851288409670426	3	45.07154931531077	0.7558324518575519	-8.690340517561301	8.690340517561301	-87	10	-8.7	0.009659482438697964	0.11182279379671095	0.9379689873041426	0.968487990273572	0.9379689873041426	0.9379689873041426	101.9068972617958	87.53492052217673	51.4502806638724 -87.5349205221767 -8.6903405175613	566/11:0.00426479 -963/11:0.010534 -87/10:0.00965948
67	1	17	60.736687001316724	0.1682776647522033	0.002770609874531931	0	0.0	0.0	nan	nan					nan	nan	nan	nan	nan	0.0	0.0		
67	2	18	63.741471225428484	0.5521256181698107	0.008661952847262651	1	31.015691638820645	0.49083736096260216	13.576177167716487	13.576177167716487	95	7	13.571428571428571	0.004748596287916129	1.0	1.0	1.0	1.0	1.0	13.576177167716487	13.576177167716487	13.5761771677165	95/7:0.0047486
67	3	19	65.82500882279811	0.8721567788034861	0.013249626462661705	2	36.451987170247655	0.5612068758052005	8.076409545435107	8.076409545435107	97	12	8.083333333333334	0.006923787898227118	0.022834627949926415	0.987991837469014	0.993977785198952	0.987991837469014	0.987991837469014	111.55233682011736	111.25958591907178	-111.259585919072 8.07640954543511	-445/4:0.00958592 97/12:0.00692379
67	4	20	64.67754503357149	0.9621656218289232	0.014876347290694198	3	39.93660424227742	0.6267969305212552	6.57771690009642	6.57771690009642	79	12	6.583333333333333	0.0056164332369128545	0.08342605505728784	0.9448737457994695	0.9720461644384332	0.9448737457994695	0.9448737457994695	761.2078425454566	759.1820443779973	759.182044377997 -55.1065938625811 6.57771690009642	8351/11:0.000226196 -496/9:0.00451725 79/12:0.00561643
68	1	17	61.492040966279895	0.20610223074299938	0.0033516895439528295	0	0.0	0.0	nan	nan					nan	nan	nan	nan	nan	0.0	0.0		
68	2	18	65.84469560362278	0.6578247410814555	0.009990550264541915	1	14.735599409831917	0.22605164529073157	8.45556353410553	8.45556353410553	93	11	8.454545454545455	0.0010180795600742698	1.0	1.0	1.0	1.0	1.0	8.45556353410553	8.45556353410553	8.45556353410553	93/11:0.00101808
68	3	19	65.63401233540401	1.0553459621328756	0.016079254102885396	2	33.829687920329576	0.5238523775760652	-6.854993192738561	6.854993192738561	-48	7	-6.857142857142857	0.002149664404296203	0.08973754427521376	0.913747638858924	0.9559014796823593	0.913747638858924	0.913747638858924	62.10495267711663	61.725474606149476	61.7254746061495 -6.85499319273856	679/11:0.00179812 -48/7:0.00214966
68	4	20	63.40905961170093	1.4495341280748875	0.022860047711658598	3	46.270450580433845	0.7467851023594697	-6.423505126304579	6.423505126304579	-45	7	-6.428571428571429	0.005066302266850009	0.3862952745036842	0.9410989183306784	0.9701025298032566	0.9410989183306784	0.9410989183306784	383.61523945778754	381.1985697512423	381.198569751242 -42.5093042257254 -6.42350512630458	1906/5:0.00143025 -85/2:0.00930423 -45/7:0.0050663
69	1	17	61.57793502390077	0.4113545716196825	0.006680226796498127	0	0.0	0.0	nan	nan					nan	nan	nan	nan	nan	0.0	0.0		
69	2	18	65.33904162127529	0.48138130059594175	0.0073674374256386	1	24.101323852317616	0.3716033500615363	-7.654419941890189	7.654419941890189	-23	3	-7.666666666666667	0.012246724776478146	1.0	1.0	1.0	1.0	1.0	7.654419941890189	7.654419941890189	-7.65441994189019	-23/3:0.0122467
69	3	19	65.55844255066089	0.7026156324156005	0.01071739359690627	2	43.738287777679645	0.6743925697349356	-8.96922569185341	8.96922569185341	-9	1	-9.0	0.0307743081465901	0.2035282661581291	0.8853955661053244	0.9409546036368197	0.8853955661053244	0.8853955661053244	72.70040675871624	72.14500768155335	-72.1450076815534 -8.96922569185341	-505/7:0.00215054 -9/1:0.0307743
69	4	20	63.761940705181516	1.2702662051883706	0.01992201289891329	3	38.63653719285773	0.6182669531900921	-6.7036874333766985	6.7036874333766985	-67	10	-6.7	0.0036874333766983014	0.3051818855064617	0.8172353152387308	0.9040106831441379	0.8172353152387308	0.8172353152387308	517.2174370488073	513.2124745899409	-513.212474589941 -63.8896993841867 -6.7036874333767	-4619/9:0.00974763 -575/9:0.000810495 -67/10:0.00368743
70	1	17	62.30725402676838	0.7506498185574628	0.012047550967901255	0	0.0	0.0	nan	nan					nan	nan	nan	nan	nan	0.0	0.0		
70	2	18	64.89136745579907	0.6585546353795166	0.010148570776044948	1	8.667399996783205	0.13493726362280442	3.398018412326425	3.398018412326425	17	5	3.4	0.001981587673574925	1.0	1.0	1.0	1.0	1.0	3.398018412326425	3.398018412326425	3.39801841232642	17/5:0.00198159
70	3	19	66.20523321616048	0.8369129700283509	0.012641190573195703	2	19.25393904496468	0.2945454154622238	5.025218837173118	5.025218837173118	5	1	5.0	0.025218837173118125	0.6028323139517181	0.8637382979559253	0.9293752191423684	0.8637382979559253	0.8637382979559253	16.01510630328928	15.20627520282914	-15.2062752028291 5.02521883717312	-76/5:0.0062752 5/1:0.0252188
70	4	20	66.27442355925645	1.0322776848845905	0.015575807822177788	3	39.71801132317744	0.6087784328807508	-6.777564943759797	6.777564943759797	-61	9	-6.777777777777778	0.00021283401798033452	0.03341098185529205	0.9679215932502393	0.9838300631970134	0.9679215932502393	0.9679215932502393	113.56215416415783	107.6755854207228	-107.675585420723 35.4456735884888 -6.7775649437598	-323/3:0.00891875 319/9:0.00122914 -61/9:0.000212834
71	1	17	54.475790283024416	0.6370891338728413	0.011694903930037507	0	0.0	0.0	nan	nan					nan	nan	nan	nan	nan	0.0	0.0		
71	2	18	66.40997542641703	0.5455117199998512	0.008214303897827579	1	1.5276969543770293	0.02319455543108272	-1.5485260208545475	1.5485260208545475	-17	11	-1.5454545454545454	0.003071475400002077	1.0	1.0	1.0	1.0	1.0	1.5485260208545475	1.5485260208545475	-1.54852602085455	-17/11:0.00307148
71	3	19	66.4451234188618	0.6697129457153039	0.010079188829156307	2	12.944171329066426	0.1967934709331996	-4.319443665050863	4.319443665050863	-13	3	-4.333333333333333	0.013889668282470069	0.8516853414522224	0.7862949047645813	0.8867327132595151	0.7862949047645813	0.7862949047645813	6.313783481542582	4.605026414283845	-4.60502641428385 -4.31944366505086	-23/5:0.00502641 -13/3:0.0138897
71	4	20	60.043834177148106	0.6845220864415964	0.011400372674770268	3	37.557325664109264	0.6327116056654801	-7.229258424958743	7.229258424958743	-65	9	-7.222222222222222	0.007036202736520281	0.23007579829775612	0.9319262258478408	0.9653632610825009	0.9319262258478408	0.9319262258478408	49.13164290251012	36.482068788974736	-36.4820687889747 -32.1047475274523 -7.22925842495874	-73/2:0.0179312 -321/10:0.00474753 -65/9:0.0070362
72	1	17	62.128808459115575	0.7830076922315072	0.012602972946870091	0	0.0	0.0	nan	nan					nan	nan	nan	nan	nan	0.0	0.0		
72	2	18	64.51523539184328	1.243209074621781	0.019270007573729802	1	16.80112781338543	0.2655380077311112	-4.63218828154846	4.63218828154846	-51	11	-4.636363636363637	0.004175354815176391	1.0	1.0	1.0	1.0	1.0	4.63218828154846	4.63218828154846	-4.63218828154846	-51/11:0.00417535
72	3	19	64.56486119046255	1.2929504461801073	0.02002560560559372	2	16.921021476745192	0.2674333883345582	-2.5710543908199153	2.5710543908199153	-18	7	-2.5714285714285716	0.0003741806086563493	0.509098101466214	0.4856687090381516	0.6968993535928639	0.5143312909618485	0.4856687090381516	15.458805424800682	15.243501713231531	-15.2435017132315 -2.57105439081992	-61/4:0.00649829 -18/7:0.000374181
72	4	20	64.11636907502509	2.423255115269697	0.0377946404362691	3	25.79905404111104	0.4181836899648262	-4.357664635858481	4.357664635858481	-48	11	-4.363636363636363	0.00597172777788213	0.05177495554004118	0.9516685257559553	0.9755349946342035	0.9516685257559553	0.9516685257559553	72.09302946036456	70.9495514786749	-70.9495514786749 -12.0240093425297 -4.35766463585848	-851/12:0.0328848 -12/1:0.0240093 -48/11:0.00597173
73	1	17	60.10650573109223	0.12701263067196322	0.0021131261770597556	0	0.0	0.0	nan	nan					nan	nan	nan	nan	nan	0.0	0.0		
73	2	18	64.7947245214812	0.14519701393440698	0.002240877093107638	1	2.178601704574383	0.03369864852175549	4.141574366124956	4.141574366124956	29	7	4.142857142857143	0.0012827767321867967	1.0	1.0	1.0	1.0	1.0	4.141574366124956	4.141574366124956	4.14157436612496	29/7:0.00128278
73	3	19	64.99557296574984	0.48674150877928923	0.007488840955918385	2	31.132815040396526	0.48261322267421797	-14.250910755351764	14.250910755351764	-57	4	-14.25	0.0009107553517644362	0.4658386820278049	0.9471625850241793	0.9732227828324711	0.9471625850241793	0.9471625850241793	57.22528036627981	55.42241654459258	55.4224165445926 -14.2509107553518	665/12:0.00574988 -57/4:0.000910755
73	4	20	64.40781890430293	2.456056229178678	0.038132889313141995	3	36.37781126811573	0.5871957422564614	8.456630842251966	8.456630842251966	93	11	8.454545454545455	0.0020853877065114546	0.017285006102818457	0.9568779875581764	0.9782014043938888	0.9568779875581764	0.9568779875581764	487.818953644533	472.2132790782842	-472.213279078284 122.108296162789 8.45663084225197	-4250/9:0.00894314 1099/9:0.00281495 93/11:0.00208539
74	1	17	66.60333509992358	0.23391989053104112	0.0035121347929513744	0	0.0	0.0	nan	nan					nan	nan	nan	nan	nan	0.0	0.0		
74	2	18	66.71371204256836	0.6929333460590783	0.010386670518602455	1	0.7117017394169572	0.010779965845125469	1.7442769332375807	1.7442769332375807	7	4	1.75	0.005723066762419293	1.0	1.0	1.0	1.0	1.0	1.7442769332375807	1.7442769332375807	1.74427693323758	7/4:0.00572307
74	3	19	59.73979944392208	0.9539515024587004	0.015968441664324255	2	3.5958908300537273	0.06116932826476149	-2.183079877600435	2.183079877600435	-24	11	-2.1818181818181817	0.0012616957822535468	0.8764498332555052	0.9183838042728648	0.9583234340622506	0.9183838042728648	0.9183838042728648	3.462668025995949	2.687793166571928	2.68779316657193 -2.18307987760044	27/10:0.0122068 -24/11:0.0012617
74	4	20	64.28803526667508	1.136414047927076	0.017676913646731986	3	14.966053827590912	0.23698605892872782	-3.708645194897765	3.708645194897765	-26	7	-3.7142857142857144	0.005640519387949627	0.47239011646717877	0.8766970928239973	0.9363210415365006	0.8766970928239973	0.8766970928239973	10.370303740455373	7.415941852200731	6.22839922712426 -7.41594185220073 -3.70864519489776	56/9:0.006177 -89/12:0.000724814 -26/7:0.00564052
75	1	17	60.076874187034285	0.3108495184379194	0.005174195938859392	0	0.0	0.0	nan	nan					nan	nan	nan	nan	nan	0.0	0.0		
75	2	18	66.80484456896784	0.613868828444069	0.009188986703057508	1	39.065931917824656	0.5902002724807623	11.210474495781416	11.210474495781416	56	5	11.2	0.010474495781416238	1.0	1.0	1.0	1.0	1.0	11.210474495781416	11.210474495781416	11.2104744957814	56/5:0.0104745
75	3	19	64.07465502097732	0.6231756351772404	0.009725774332662732	2	36.57700703868701	0.5764563315583252	7.22258579040952	7.22258579040952	65	9	7.222222222222222	0.0003635681872973251	0.23373468067181008	0.8754933130831684	0.9356779964727012	0.8754933130831684	0.8754933130831684	85.10324194948089	84.79620300940401	-84.796203009404 7.22258579040952	-424/5:0.00379699 65/9:0.000363568
75	4	20	66.23682917170208	1.4514023581343167	0.02191231639986761	3	39.73615889971198	0.613350268017223	-7.079969028863673	7.079969028863673	-85	12	-7.083333333333333	0.003364304469659629	0.338081911689807	0.7861171974093909	0.8866325041466678	0.7861171974093909	0.7861171974093909	641.5132680438153	639.1662092878917	-639.166209287892 54.3663868521107 -7.07996902886367	-3835/6:0.000457379 598/11:0.00275049 -85/12:0.0033643
76	1	17	63.960028035282235	0.44618305712425155	0.006975967191229557	0	0.0	0.0	nan	nan					nan	nan	nan	nan	nan	0.0	0.0		
76	2	18	63.60103702711005	0.6852471331399386	0.010774150315314054	1	1.2847164233691952	0.020419618438142238	1.6968642526200333	1.6968642526200333	17	10	1.7	0.0031357473799666913	1.0	1.0	1.0	1.0	1.0	1.6968642526200333	1.6968642526200333	1.69686425262003	17/10:0.00313575
76	3	19	59.44136464535747	0.8638601094124851	0.014532979088998001	2	3.0296150926864613	0.05171977052773553	-2.0982320221102806	2.0982320221102806	-21	10	-2.1	0.0017679778897194964	0.6409545253383577	0.9957877813782856	0.9978916681575639	0.9957877813782856	0.9957877813782856	3.987914862031504	3.391295818445031	3.39129581844503 -2.09823202211028	17/5:0.00870418 -21/10:0.00176798
76	4	20	66.82527763117125	3.0041607713146092	0.044955455148207146	3	23.694505400406932	0.3712643489526698	4.212608696366463	4.212608696366463	38	9	4.222222222222222	0.009613525855759697	0.8929373638761415	0.6469906615601108	0.8043572972007594	0.6469906615601108	0.6469906615601108	10.39914992889952	7.842356256069037	-7.84235625606904 5.37528562663636 4.21260869636646	-47/6:0.00902292 43/8:0.000285627 38/9:0.00961353
77	1	17	63.115846304886915	0.7494109574782328	0.011873578528253177	0	0.0	0.0	nan	nan					nan	nan	nan	nan	nan	0.0	0.0		
77	2	18	66.26804755472702	0.7172604127691216	0.01082362374078966	1	15.301274454024973	0.23342625041081924	4.518598804678773	4.518598804678773	9	2	4.5	0.018598804678773284	1.0	1.0	1.0	1.0	1.0	4.518598804678773	4.518598804678773	4.51859880467877	9/2:0.0185988
77	3	19	64.46121157818706	0.7184206852530366	0.011145007480686912	2	32.78699912397184	0.5143640349705227	6.7597751249380575	6.7597751249380575	27	4	6.75	0.009775124938057544	0.19279060432925588	0.9996309407968343	0.9998154533696878	0.9996309407968343	0.9996309407968343	31.407844294062443	30.6717805720558	-30.6717805720558 6.75977512493806	-92/3:0.00511391 27/4:0.00977512
77	4	20	64.93061589230669	0.7504895951516062	0.011558331687417862	3	40.31814122044333	0.6282028962325448	7.286079106389104	7.286079106389104	51	7	7.285714285714286	0.00036482067481813374	0.015082350071800584	0.9459454464032235	0.9725972683506897	0.9459454464032235	0.9459454464032235	235.59860969321062	230.0245763438356	230.024576343836 -50.4213468529767 7.2860791063891	230/1:0.0245763 -605/12:0.00468019 51/7:0.000364821
78	1	17	53.83051102831711	0.23606678506496337	0.00438537142886833	0	0.0	0.0	nan	nan					nan	nan	nan	nan	nan	0.0	0.0		
78	2	18	65.31191700767872	0.2990751180534801	0.004579181438179465	1	12.386626760651108	0.19052584690391405	7.243677105772114	7.243677105772114	29	4	7.25	0.006322894227886344	1.0	1.0	1.0	1.0	1.0	7.243677105772114	7.243677105772114	7.24367710577211	29/4:0.00632289
78	3	19	62.777736428092474	1.0666607257033078	0.016991066999127842	2	26.025164026006884	0.42172598240738995	-8.657936886203757	8.657936886203757	-26	3	-8.666666666666666	0.008729780462909176	0.5103556477687449	0.8614213644763654	0.928127881531616	0.8614213644763654	0.8614213644763654	59.440568399939295	58.80664333714665	58.8066433371467 -8.65793688620376	294/5:0.00664334 -26/3:0.00872978
78	4	20	65.48722989275188	1.2093603547881884	0.0184671172802507	3	41.011785799849875	0.638038971961066	-5.993339714320055	5.993339714320055	-6	1	-6.0	0.0066602856799447	0.2513500952896032	0.9342334529356846	0.9665575269665456	0.9342334529356846	0.9342334529356846	362.71982525412324	358.87718461222755	358.877184612228 -52.3155605556474 -5.99333971432006	2871/8:0.00218461 -523/10:0.0155606 -6/1:0.00666029
79	1	17	60.47233597346569	0.3217002069479875	0.005319791302408832	0	0.0	0.0	nan	nan					nan	nan	nan	nan	nan	0.0	0.0		
79	2	18	65.01430314980561	0.6854892894319988	0.010543668950084692	1	13.207594456906895	0.20531381917866728	6.407464261384357	6.407464261384357	32	5	6.4	0.007464261384356519	1.0	1.0	1.0	1.0	1.0	6.407464261384357	6.407464261384357	6.40746426138436	32/5:0.00746426
79	3	19	64.72825928992101	0.6568133708650379	0.010147242920949548	2	38.58808866628659	0.6022665496738823	-7.454635257489403	7.454635257489403	-82	11	-7.454545454545454	8.980294394866917e-05	0.11034030520642696	0.9871887642010897	0.9935737336509504	0.9871887642010897	0.9871887642010897	49.568708506873975	49.004951547953155	49.0049515479532 -7.4546352574894	49/1:0.00495155 -82/11:8.98029e-05
79	4	20	65.03910392893246	5.717620289780427	0.08791050221153124	3	36.957026593009125	0.6229956556349103	7.286233469071987	7.286233469071987	51	7	7.285714285714286	0.0005191833577011806	0.11674599611810052	0.943520039870272	0.9713495971432078	0.943520039870272	0.943520039870272	360.45887088503633	356.228327581537	-356.228327581537 54.5791812874714 7.28623346907199	-3206/9:0.00610536 655/12:0.00415205 51/7:0.000519183
80	1	17	63.263395069623556	0.8259955234400067	0.013056452669525088	0	0.0	0.0	nan	nan					nan	nan	nan	nan	nan	0.0	0.0		
80	2	18	62.78474571437762	1.082502848616329	0.01724149451111717	1	20.460549318333467	0.3316013870492068	4.9770247204564955	4.9770247204564955	5	1	5.0	0.022975279543504534	1.0	1.0	1.0	1.0	1.0	4.9770247204564955	4.9770247204564955	4.9770247204565	5/1:0.0229753
80	3	19	65.19748911413276	1.0436067853377011	0.016006855471240533	2	36.906154890688875	0.5752754712729798	-5.600135172698667	5.600135172698667	-28	5	-5.6	0.00013517269866714088	0.0608727377994303	0.9198717203409283	0.9590994319365059	0.9198717203409283	0.9198717203409283	30.286403895390745	29.76415204507333	29.7641520450733 -5.60013517269867	268/9:0.0136257 -28/5:0.000135173
80	4	20	62.833370347013386	1.2338604195558318	0.019637024287277947	3	38.10452704874812	0.6185849058478189	5.671276298421749	5.671276298421749	17	3	5.666666666666667	0.004609631755082333	0.18132249829449598	0.8808905092380463	0.9385576749662464	0.8808905092380463	0.8808905092380463	182.2631958874953	179.0452948485644	-179.045294848564 33.6227838356833 5.67127629842175	-2149/12:0.0380385 269/8:0.00221616 17/3:0.00460963
81	1	17	66.84914185392623	0.37511736651707395	0.0056114013750057186	0	0.0	0.0	nan	nan					nan	nan	nan	nan	nan	0.0	0.0		
81	2	18	56.774400446515074	0.7579550862236104	0.013350296617181366	1	27.68430588384947	0.4942174696339108	-8.590792595693785	8.590792595693785	-103	12	-8.583333333333334	0.00745926236045058	1.0	1.0	1.0	1.0	1.0	8.590792595693785	8.590792595693785	-8.59079259569378	-103/12:0.00745926
81	3	19	66.402246838948	0.7544752267093884	0.011362194242301657	2	34.07085729879872	0.5189948792176053	-5.296840204916068	5.296840204916068	-53	10	-5.3	0.00315979508393216	0.4758667261158536	0.6241574415299455	0.7900363545622097	0.6241574415299455	0.6241574415299455	51.619203279992874	51.34671976966797	-51.346719769668 -5.29684020491607	-154/3:0.0133864 -53/10:0.0031598
81	4	20	63.81528244585574	0.7636387870074159	0.011966393593185572	3	49.99513159485954	0.7929235257587689	7.6062859292363	7.6062859292363	38	5	7.6	0.006285929236300447	0.11045967557169123	0.8730971335721056	0.934396668215435	0.8730971335721056	0.8730971335721056	382.34661459541667	380.30732732476	380.30732732476 38.6964454444673 7.6062859292363	3803/10:0.00732732 387/10:0.00355456 38/5:0.00628593
82	1	17	63.1422287653949	0.015932629894017225	0.00025232922887810866	0	0.0	0.0	nan	nan					nan	nan	nan	nan	nan	0.0	0.0		
82	2	18	63.07014377367338	0.8986510355380801	0.014248438036908255	1	29.666193578398335	0.4771671432010096	43.15063381638524	43.15063381638524	302	7	43.142857142857146	0.007776673528091749	1.0	1.0	1.0	1.0	1.0	43.15063381638524	43.15063381638524	43.1506338163852	302/7:0.00777667
82	3	19	66.73935236038461	1.8008981551449637	0.026984052009080436	2	39.99182195535767	0.6158419143911632	5.860564628107309	5.860564628107309	41	7	5.857142857142857	0.0034217709644526195	0.3200010385209771	0.7717893971172672	0.8785154506992278	0.7717893971172672	0.7717893971172672	276.8828041934328	276.8207742209002	-276.8207742209 5.86056462810731	-3045/11:0.0025924 41/7:0.00342177
82	4	20	60.85377124610763	3.9624142128255144	0.06511370013208444	3	34.53849005287161	0.6070955564070336	4.128313239430804	4.128313239430804	33	8	4.125	0.0033132394308044155	0.06283842594748593	0.888650706556299	0.9426827178623245	0.888650706556299	0.888650706556299	1228.7798117323807	1228.492736724095	1228.4927367241 -26.2369694706835 4.1283132394308	2457/2:0.00726328 -105/4:0.0130305 33/8:0.00331324
83	1	17	63.422913952784164	0.30688547690400725	0.004838716132350388	0	0.0	0.0	nan	nan					nan	nan	nan	nan	nan	0.0	0.0		
83	2	18	57.141814842215645	0.5886576452887411	0.010301696698191818	1	29.40114925324623	0.5198851966985123	-9.788000553310749	9.788000553310749	-88	9	-9.777777777777779	0.010222775532970019	1.0	1.0	1.0	1.0	1.0	9.788000553310749	9.788000553310749	-9.78800055331075	-88/9:0.0102228
83	3	19	60.30164106944575	1.2442563952801535	0.020633872863380597	2	38.080845640628766	0.6448109046943129	-7.649861685477029	7.649861685477029	-84	11	-7.636363636363637	0.013498049113392696	0.1725471197953162	0.9046141374640579	0.9511120530537177	0.9046141374640579	0.9046141374640579	78.689960288915	78.317236075235	-78.317236075235 -7.64986168547703	-235/3:0.0160973 -84/11:0.013498
83	4	20	62.6929961423241	1.2634144114124908	0.020152401211521596	3	38.07423855541431	0.6198029920209469	5.141358597284973	5.141358597284973	36	7	5.142857142857143	0.001498545572170329	0.19068256973084288	0.8638422608432864	0.9294311490601584	0.8638422608432864	0.8638422608432864	434.07866211892343	431.9842461780545	431.984246178054 42.2783915577052 5.14135859728497	432/1:0.0157538 465/11:0.00566428 36/7:0.00149855
84	1	17	60.68200115321857	0.4809689520756635	0.007926056209999477	0	0.0	0.0	nan	nan					nan	nan	nan	nan	nan	0.0	0.0		
84	2	18	59.99018631179919	0.7947175732455491	0.013247459661401981	1	1.403649267992144	0.023712106651128786	-1.708326117536692	1.708326117536692	-12	7	-1.7142857142857142	0.0059595967490222446	1.0	1.0	1.0	1.0	1.0	1.708326117536692	1.708326117536692	-1.70832611753669	-12/7:0.0059596
84	3	19	57.90139764264049	1.2755496959923605	0.02202968750193007	2	21.896151002415873	0.38668120295604297	3.013037483468485	3.013037483468485	3	1	3.0	0.01303748346848499	0.9994335627578489	0.3294990039411757	0.5740200379265307	0.6705009960588244	0.3294990039411757	3.036613289952255	3.013037483468485	-0.377657776205599 3.01303748346848	-3/8:0.00265778 3/1:0.0130375
84	4	20	65.726555510009	1.306744785191043	0.019881534564701913	3	36.89096619647268	0.5726649268508376	4.855443571755228	4.855443571755228	34	7	4.857142857142857	0.0016992853876285352	0.17056242012025394	0.8151455768493204	0.9028541282230039	0.8151455768493204	0.8151455768493204	16.593437224937844	15.199977475232307	4.55274767715983 -15.1999774752323 4.85544357175523	41/9:0.00280788 -76/5:2.25248e-05 34/7:0.00169929
85	1	17	61.22109301684985	0.5893046375958946	0.009625843129486443	0	0.0	0.0	nan	nan					nan	nan	nan	nan	nan	0.0	0.0		
85	2	18	64.0345515107258	0.7705002890358585	0.012032571023891681	1	5.971719497060328	0.09439356762238041	3.18331613501341	3.18331613501341	35	11	3.1818181818181817	0.0014979531952281633	1.0	1.0	1.0	1.0	1.0	3.18331613501341	3.18331613501341	3.18331613501341	35/11:0.00149795
85	3	19	63.889557366976575	0.8697718455100514	0.013613677748840088	2	33.25748446258701	0.5277308417887024	-4.597499773833809	4.597499773833809	-23	5	-4.6	0.002500226166191055	0.9088630482746751	0.4896963220701353	0.6997830535745598	0.5103036779298648	0.4896963220701353	10.346401814251402	9.268820115394558	9.26882011539456 -4.59749977383381	102/11:0.00390716 -23/5:0.00250023
85	4	20	64.5202680047037	1.505248749713445	0.023329858915088642	3	31.95854103306898	0.5071575223003385	4.506382579728865	4.506382579728865	9	2	4.5	0.006382579728865245	0.1430571888959147	0.5526809806122234	0.743425168132088	0.5526809806122234	0.5526809806122234	33.604040007001394	28.311776012117054	-28.3117760121171 17.5318955015418 4.50638257972887	-283/10:0.011776 193/11:0.013559 9/2:0.00638258
86	1	17	63.824306583022434	0.7929638905192959	0.012424167734400863	0	0.0	0.0	nan	nan					nan	nan	nan	nan	nan	0.0	0.0		
86	2	18	66.08493186633966	1.2461283351659205	0.018856466973231997	1	28.672250629446424	0.4422082004591763	6.01317975401553	6.01317975401553	6	1	6.0	0.013179754015530065	1.0	1.0	1.0	1.0	1.0	6.01317975401553	6.01317975401553	6.01317975401553	6/1:0.0131798
86	3	19	65.15319733032885	1.2788920911580846	0.01962899970471226	2	44.41709683844758	0.695382856567008	-5.809206842715631	5.809206842715631	-64	11	-5.818181818181818	0.008974975466187196	0.027272104895344196	0.9467739124232758	0.9730230790804891	0.9467739124232758	0.9467739124232758	37.11591373914918	36.658480172403614	36.6584801724036 -5.80920684271563	110/3:0.00818649 -64/11:0.00897498
86	4	20	66.34131779625972	1.0738705809984168	0.0161870553174173	3	39.72625293700886	0.6086687105439568	5.41489403278611	5.41489403278611	65	12	5.416666666666667	0.0017726338805568176	0.024545834897511443	0.9439222479368783	0.9715566107730822	0.9439222479368783	0.9439222479368783	207.54886554833143	204.9463438138638	-204.946343813864 32.3141868278098 5.41489403278611	-2459/12:0.0296771 323/10:0.0141868 65/12:0.00177263
87	1	17	61.677614797321105	0.23570925169413925	0.003821633707281057	0	0.0	0.0	nan	nan					nan	nan	nan	nan	nan	0.0	0.0		
87	2	18	62.128446419559594	0.3663797380662501	0.005897133425678332	1	21.1796408904457	0.342923124636826	-9.47918461377331	9.47918461377331	-19	2	-9.5	0.020815386226690435	1.0	1.0	1.0	1.0	1.0	9.47918461377331	9.47918461377331	-9.47918461377331	-19/2:0.0208154
87	3	19	66.19097822920469	3.1610425196766343	0.047756395270827465	2	43.17274442297031	0.684956186881276	-10.61501207196729	10.61501207196729	-85	8	-10.625	0.009987928032710869	0.0799085824219035	0.9562309047419555	0.977870597135406	0.9562309047419555	0.9562309047419555	103.99621467519655	103.45305305055795	-103.453053050558 -10.6150120719673	-1138/11:0.0014924 -85/8:0.00998793
87	4	20	66.41951888624382	2.6822429216328274	0.04038335366786808	3	41.488900545826084	0.6509362051943053	3.4322024853174313	3.4322024853174313	24	7	3.4285714285714284	0.0036310567460029475	0.05417637945586398	0.8975201639833718	0.9473754081584405	0.8975201639833718	0.8975201639833718	389.3857613326202	387.32714606306257	387.327146063063 39.8393403224375 3.43220248531743	1162/3:0.00618727 239/6:0.00600699 24/7:0.00363106
88	1	17	65.30337289848093	0.16519975455049973	0.0025297277493968855	0	0.0	0.0	nan	nan					nan	nan	nan	nan	nan	0.0	0.0		
88	2	18	65.80884972655303	0.41995286313503755	0.006381404095042128	1	3.8176592356869907	0.058383906424682185	-4.807218711745603	4.807218711745603	-24	5	-4.8	0.007218711745602846	1.0	1.0	1.0	1.0	1.0	4.807218711745603	4.807218711745603	-4.8072187117456	-24/5:0.00721871
88	3	19	64.64215538159766	0.7016037073876689	0.010853655841856436	2	2.684406197095126	0.04198284385741176	-1.7183569884840226	1.7183569884840226	-12	7	-1.7142857142857142	0.004071274198308439	0.9101937577346104	0.4619331190160394	0.6796566184596744	0.5380668809839605	0.4619331190160394	5.575037888131031	5.303611666989262	-5.30361166698926 -1.71835698848402	-53/10:0.00361167 -12/7:0.00407127
88	4	20	66.12281823631037	2.015311751302548	0.03047830998521883	3	23.0305938064856	0.3592495648207989	4.500749419656382	4.500749419656382	9	2	4.5	0.0007494196563824218	0.4643953731107284	0.6171012240714518	0.7855579062497251	0.6171012240714518	0.6171012240714518	6.049090137323965	4.500749419656382	1.28308425593813 3.83255018794229 4.50074941965638	9/7:0.00263003 23/6:0.000783145 9/2:0.00074942
89	1	17	60.58949185512416	0.16153867767638985	0.0026661170564467812	0	0.0	0.0	nan	nan					nan	nan	nan	nan	nan	0.0	0.0		
89	2	18	50.847060043979965	0.6090881995837805	0.011978828255890351	1	2.515574341868158	0.050073166760388615	3.946211123682678	3.946211123682678	47	12	3.9166666666666665	0.029544457016011272	1.0	1.0	1.0	1.0	1.0	3.946211123682678	3.946211123682678	3.94621112368268	47/12:0.0295445
89	3	19	59.889453800726535	0.8303836086499601	0.013865272697475936	2	11.336828482930537	0.1919574494833733	-4.00853592614973	4.00853592614973	-4	1	-4.0	0.008535926149730422	0.07847527529100132	0.8632968773036023	0.92913770631893	0.8632968773036023	0.8632968773036023	19.335991934967907	18.915925138303727	18.9159251383037 -4.00853592614973	227/12:0.000741528 -4/1:0.00853593
89	4	20	64.86220506790877	1.0833346658404466	0.016702094304475584	3	11.229108832434314	0.176063150094144	1.9469563518520208	1.9469563518520208	23	12	1.9166666666666667	0.03028968518535402	0.8357758817300568	0.2803147220997632	0.5294475631257199	0.4626400277211711	0.2803147220997632	23.33948218221246	22.567043859415072	-22.5670438594151 5.6275501725913 1.94695635185202	-158/7:0.00438471 45/8:0.00255017 23/12:0.0302897
90	1	17	55.55364986355111	0.5741607664233825	0.01033524832002246	0	0.0	0.0	nan	nan					nan	nan	nan	nan	nan	0.0	0.0		
90	2	18	65.80777372491724	1.0259881229902703	0.015590682755490231	1	33.02099895126957	0.5097265943575248	7.583651151780429	7.583651151780429	91	12	7.583333333333333	0.00031781844709577456	1.0	1.0	1.0	1.0	1.0	7.583651151780429	7.583651151780429	7.58365115178043	91/12:0.000317818
90	3	19	63.47525782246487	1.0492802675467487	0.0165305396707722	2	41.146596102701785	0.6591261797463054	-5.772138220940749	5.772138220940749	-52	9	-5.777777777777778	0.005639556837028437	0.2469034624461197	0.830772025803019	0.9114669636377497	0.830772025803019	0.830772025803019	47.60755831865832	47.25634380083597	47.256343800836 -5.77213822094075	189/4:0.0063438 -52/9:0.00563956
90	4	20	66.59413035745413	2.1337216652559903	0.032040686676181734	3	43.93909510600762	0.6816446869863814	-5.3722654671998225	5.3722654671998225	-43	8	-5.375	0.002734532800177547	0.2896723377129554	0.6892159618322223	0.8301903166336152	0.6892159618322223	0.6892159618322223	281.32548407177086	279.1480869805529	279.148086980553 -34.5182891676834 -5.37226546719982	1954/7:0.00522984 -69/2:0.0182892 -43/8:0.00273453
91	1	17	62.91514153349931	0.31176719405156206	0.004955360290901689	0	0.0	0.0	nan	nan					nan	nan	nan	nan	nan	0.0	0.0		
91	2	18	58.66508624246228	0.5291584789424775	0.009019989790102245	1	24.9232309091678	0.42870616962626484	-8.941017881436984	8.941017881436984	-107	12	-8.916666666666666	0.024351214770318208	1.0	1.0	1.0	1.0	1.0	8.941017881436984	8.941017881436984	-8.94101788143698	-107/12:0.0243512
91	3	19	65.13059400344353	0.8716676716319682	0.013383382801420207	2	39.15590914592337	0.6093458353744563	8.599549672734824	8.599549672734824	43	5	8.6	0.00045032726517568733	0.11992994664020953	0.9994011989016893	0.999700554617076	0.9994011989016893	0.9994011989016893	77.64068006973615	77.16296357137465	77.1629635713746 8.59954967273482	463/6:0.0037031 43/5:0.000450327
91	4	20	66.16587199241732	4.1796811552869855	0.06316974339529571	3	42.46923159350904	0.6851402065517721	6.769391806152544	6.769391806152544	61	9	6.777777777777778	0.008385971625233246	0.0980238760273587	0.9405368996362381	0.969812816803448	0.9405368996362381	0.9405368996362381	545.380231805927	541.9834538411321	-541.983453841132 -60.3962609910484 6.76939180615254	-542/1:0.0165462 -302/5:0.00373901 61/9:0.00838597
92	1	17	63.573741886675776	0.19065786891391667	0.0029990034132924945	0	0.0	0.0	nan	nan					nan	nan	nan	nan	nan	0.0	0.0		
92	2	18	61.142998099339344	0.47624874422481156	0.007789097018943163	1	7.457533952085324	0.12292621627759283	-6.254178214848171	6.254178214848171	-25	4	-6.25	0.004178214848170825	1.0	1.0	1.0	1.0	1.0	6.254178214848171	6.254178214848171	-6.25417821484817	-25/4:0.00417821
92	3	19	60.9784873206256	0.6305889931606288	0.010341171466667982	2	2.7843106855946287	0.04613765785986717	-1.6542015496744946	1.6542015496744946	-5	3	-1.6666666666666667	0.01246511699217212	0.8747380752392477	0.4680508045368429	0.6841423861571821	0.531949195463157	0.4680508045368429	7.737378361556545	7.5584814045506485	-7.55848140455065 -1.65420154967449	-68/9:0.00292585 -5/3:0.0124651
92	4	20	61.58963429055714	0.7881267914876133	0.012796419406706042	3	20.50779060469411	0.33729082465608196	2.4906801107873524	2.4906801107873524	5	2	2.5	0.009319889212647592	0.9288591019445195	0.19074950383684416	0.43674878801989153	0.6889461268657185	0.19074950383684416	11.97887770808677	11.641738062783613	-11.6417380627836 -1.32663431606517 2.49068011078735	-128/11:0.00537443 -4/3:0.00669902 5/2:0.00931989
93	1	17	66.50166346652514	0.6338589352971269	0.009531474887334083	0	0.0	0.0	nan	nan					nan	nan	nan	nan	nan	0.0	0.0		
93	2	18	63.730196464535624	1.0081003137190976	0.01581825209467355	1	34.319621592661115	0.5471695574417491	-7.358256740448565	7.358256740448565	-81	11	-7.363636363636363	0.005379623187798721	1.0	1.0	1.0	1.0	1.0	7.358256740448565	7.358256740448565	-7.35825674044856	-81/11:0.00537962
93	3	19	64.05050591117103	0.9109341108551945	0.014222122025367465	2	34.64308914384029	0.548674755878959	-5.586821486512656	5.586821486512656	-67	12	-5.583333333333333	0.0034881531793233833	0.13751975024291255	0.9082736771981226	0.9530339328681443	0.9082736771981226	0.9082736771981226	43.70683015566312	43.34829209938753	-43.3482920993875 -5.58682148651266	-130/3:0.0149588 -67/12:0.00348815
93	4	20	66.01044031731016	1.6993329410932745	0.02574339654340485	3	46.69848977254834	0.7261341264015938	-7.05392820767589	7.05392820767589	-85	12	-7.083333333333333	0.029405125657443243	0.06851327328062992	0.9706132145649464	0.9851970435222319	0.9706132145649464	0.9706132145649464	314.0168521006173	311.3408225052558	-311.340822505256 -40.2953811468849 -7.05392820767589	-934/3:0.00748917 -403/10:0.00461885 -85/12:0.0294051
94	1	17	62.66105992397409	0.44342526787688286	0.007076568261291548	0	0.0	0.0	nan	nan					nan	nan	nan	nan	nan	0.0	0.0		
94	2	18	58.94498079197461	0.49361036967409433	0.008374086530219035	1	9.181014919774835	0.1570709951442314	4.550248634917817	4.550248634917817	50	11	4.545454545454546	0.0047940894632709785	1.0	1.0	1.0	1.0	1.0	4.550248634917817	4.550248634917817	4.55024863491782	50/11:0.00479409
94	3	19	62.4269914449019	0.6617436847235396	0.010600281535393148	2	15.61135528426989	0.25275305856273	5.310243438252	5.310243438252	53	10	5.3	0.010243438252000026	0.10743946016210333	0.8916050693909733	0.9442484150852324	0.8916050693909733	0.8916050693909733	26.65083049443435	26.11643315365966	-26.1164331536597 5.310243438252	-235/9:0.00532204 53/10:0.0102434
94	4	20	62.424382053827635	1.0499539388396286	0.016819612854705852	3	35.711957907994005	0.5818703164302549	5.814349790900034	5.814349790900034	64	11	5.818181818181818	0.0038320272817840006	0.42913089374228996	0.6264385202427323	0.7914786922228116	0.6264385202427323	0.6264385202427323	178.75593267072028	175.12051928670513	175.120519286705 -35.3932271238846 5.81434979090003	1401/8:0.00448071 -177/5:0.00677288 64/11:0.00383203
95	1	17	63.88884116001016	0.6087552816657293	0.009528350657372175	0	0.0	0.0	nan	nan					nan	nan	nan	nan	nan	0.0	0.0		
95	2	18	65.93612716784229	0.6244493681784888	0.00947051934956591	1	2.198688771047586	0.03366455808702106	1.9004677668419108	1.9004677668419108	19	10	1.9	0.00046776684191085494	1.0	1.0	1.0	1.0	1.0	1.9004677668419108	1.9004677668419108	1.90046776684191	19/10:0.000467767
95	3	19	66.78753711143997	0.6447616143380515	0.009653921108997009	2	23.26524737281227	0.35174283507095416	-6.029806353370982	6.029806353370982	-6	1	-6.0	0.02980635337098203	0.3275427281860626	0.9758797044126768	0.9878662381176294	0.9758797044126768	0.9758797044126768	13.805949919755443	12.419568773819899	12.4195687738199 -6.02980635337098	149/12:0.00290211 -6/1:0.0298064
95	4	20	64.32606886101567	2.827421873838084	0.04395452611828455	3	8.965611091868217	0.1457855014881472	-2.6392764883410913	2.6392764883410913	-29	11	-2.6363636363636362	0.0029128519774550554	0.6365217441941766	0.5009438573817494	0.7077738744696285	0.5009438573817494	0.5009438573817494	31.030811646368196	27.45607370027442	27.4560737002744 -14.2165223601122 -2.63927648834109	302/11:0.00152825 -128/9:0.00569986 -29/11:0.00291285
96	1	17	66.53088201959294	0.4719277330101619	0.007093363543131475	0	0.0	0.0	nan	nan					nan	nan	nan	nan	nan	0.0	0.0		
96	2	18	65.4133471595056	0.3990571449121205	0.0061005461765937345	1	33.782724231053244	0.5196199823680329	-8.460764058418727	8.460764058418727	-93	11	-8.454545454545455	0.0062186038732718885	1.0	1.0	1.0	1.0	1.0	8.460764058418727	8.460764058418727	-8.46076405841873	-93/11:0.0062186
96	3	19	62.011982650231964	0.713720629381875	0.011509398649733467	2	42.621262043304824	0.6953094694398931	9.836309151965306	9.836309151965306	59	6	9.833333333333334	0.0029758186319721602	0.4078242040636695	0.9058851194213593	0.9517799742699776	0.9058851194213593	0.9058851194213593	80.90739801859105	80.30724796931891	80.3072479693189 9.83630915196531	803/10:0.00724797 59/6:0.00297582
96	4	20	65.85141720501724	1.813397829457685	0.02753771910195915	3	41.53913735193788	0.6486636806851573	7.545229004010235	7.545229004010235	83	11	7.545454545454546	0.0002255414443110837	0.21408894941791345	0.9781729022369222	0.9890262394076925	0.9781729022369222	0.9781729022369222	599.2730743587056	594.763354712311	-594.763354712311 -72.992047936535 7.54522900401023	-2379/4:0.0133547 -73/1:0.00795206 83/11:0.000225541
97	1	17	58.47903932571668	0.3011708514091396	0.005150064961424512	0	0.0	0.0	nan	nan					nan	nan	nan	nan	nan	0.0	0.0		
97	2	18	64.5075369664586	0.2501302549191422	0.0038775353498491216	1	27.2241130763834	0.4236727634931841	9.507589046308993	9.507589046308993	19	2	9.5	0.007589046308993375	1.0	1.0	1.0	1.0	1.0	9.507589046308993	9.507589046308993	9.50758904630899	19/2:0.00758905
97	3	19	60.57437608313144	0.6244852155139355	0.01030939575270079	2	38.5719362863892	0.6434029441615581	-11.790491040063806	11.790491040063806	-59	5	-11.8	0.009508959936194827	0.2218447234871827	0.9014851357041139	0.9494657106521087	0.9014851357041139	0.9014851357041139	116.25066124511724	115.65120215960222	115.651202159602 -11.7904910400638	1272/11:0.0148385 -59/5:0.00950896
97	4	20	65.90183574995268	1.2059614379987664	0.018299360317889663	3	41.2393685794793	0.6374342880139339	8.006112089641185	8.006112089641185	8	1	8.0	0.006112089641185037	0.001821561319827456	0.9706294995826519	0.9852053083406788	0.9706294995826519	0.9706294995826519	948.8613156656504	943.919734777318	-943.919734777318 96.3806662867347 8.00611208964119	-11327/12:0.00306811 771/8:0.00566629 8/1:0.00611209
98	1	17	62.11351284554669	0.4739481833589778	0.00763035548379805	0	0.0	0.0	nan	nan					nan	nan	nan	nan	nan	0.0	0.0		
98	2	18	66.35349932841466	0.6853102632209982	0.010328170633911492	1	0.24115702131349803	0.0036723568099933995	-0.7133202022029842	0.7133202022029842	-5	7	-0.7142857142857143	0.0009655120827301023	1.0	1.0	1.0	1.0	1.0	0.7133202022029842	0.7133202022029842	-0.713320202202984	-5/7:0.000965512
98	3	19	52.87491768846739	1.0183548249821825	0.01925969570264309	2	7.0822823797339245	0.13657446596255057	2.5155404636219085	2.5155404636219085	5	2	2.5	0.015540463621908529	0.9906705127190749	0.6123174162273909	0.7825071349370502	0.6123174162273909	0.6123174162273909	2.589039622055047	2.5155404636219085	-0.612521297957723 2.51554046362191	-5/8:0.0124787 5/2:0.0155405
98	4	20	61.31585300132045	1.080038189247837	0.017614338484772906	3	42.33713905704951	0.7028565843947744	6.085624266940147	6.085624266940147	73	12	6.083333333333333	0.002290933606813539	0.19161228873029412	0.8908157529672277	0.9438303623889347	0.8908157529672277	0.8908157529672277	17.538707153578876	14.816094656738958	7.1452617183123 -14.816094656739 6.08562426694015	50/7:0.00240458 -163/11:0.00208716 73/12:0.00229093
99	1	17	59.42118125523632	0.033837725126929286	0.0005694556118227191	0	0.0	0.0	nan	nan					nan	nan	nan	nan	nan	0.0	0.0		
99	2	18	65.37608537974538	0.27222395516672293	0.0041639684233994	1	19.460206656107836	0.2989101756836965	23.981323347936833	23.981323347936833	24	1	24.0	0.018676652063167154	1.0	1.0	1.0	1.0	1.0	23.981323347936833	23.981323347936833	23.9813233479368	24/1:0.0186767
99	3	19	65.47206276317233	0.28144438627255397	0.0042986943498420655	2	29.587820178820028	0.4538662297657302	-10.11152770466346	10.11152770466346	-91	9	-10.11111111111111	0.0004165935523499087	0.12792993960383298	0.9406908533131776	0.9698921864378419	0.9406908533131776	0.9406908533131776	249.89386890619525	249.68921227074375	249.689212270744 -10.1115277046635	2497/10:0.0107877 -91/9:0.000416594
99	4	20	65.79331887963313	2.101247625843463	0.03193709728624013	3	39.692217798493616	0.6231893078234904	11.262052533058975	11.262052533058975	124	11	11.272727272727273	0.010674739668298017	0.06826231341680557	0.899336711485558	0.9483336498751682	0.899336711485558	0.899336711485558	2809.429629095952	2807.1244793871983	-2807.1244793872 113.226164114627 11.262052533059	-22457/8:0.000520613 1019/9:0.00394189 124/11:0.0106747
100	1	17	66.72125283897458	0.3741034946333315	0.005606961481017073	0	0.0	0.0	nan	nan					nan	nan	nan	nan	nan	0.0	0.0		
100	2	18	66.01993443551291	0.3951921505217939	0.005985951878031787	1	18.559875980679017	0.2828182684524432	7.043550819227127	7.043550819227127	85	12	7.083333333333333	0.03978251410620626	1.0	1.0	1.0	1.0	1.0	7.043550819227127	7.043550819227127	7.04355081922713	85/12:0.0397825
100	3	19	59.1990113160325	0.344620824221721	0.005821394928066806	2	36.02329863169821	0.612074958735842	9.544421809593372	9.544421809593372	105	11	9.545454545454545	0.0010327358611732507	0.11940796867279532	0.9993648733524264	0.9996823862369619	0.9993648733524264	0.9993648733524264	68.14562364514696	67.47392114222035	-67.4739211422203 9.54442180959337	-742/11:0.0193757 105/11:0.00103274
100	4	20	65.76231572242014	1.4001442422448633	0.021290981420952555	3	35.476429549498526	0.5512000097825461	10.080613121791812	10.080613121791812	121	12	10.083333333333334	0.002720211541522133	0.014019559695928982	0.9871326283161445	0.9935454837681789	0.9871326283161445	0.9871326283161445	694.3718962310321	687.4508870936129	687.450887093613 -97.2727574851911 10.0806131217918	7562/11:0.00365836 -1070/11:3.02125e-05 121/12:0.00272021
101	1	17	64.58202548901835	0.7403099098401356	0.011463095253431147	0	0.0	0.0	nan	nan					nan	nan	nan	nan	nan	0.0	0.0		
101	2	18	65.32319603326783	1.215608532003614	0.01860914048639825	1	2.9677036139871995	0.046292548661711466	-2.0021816711139637	2.0021816711139637	-2	1	-2.0	0.0021816711139637235	0.9999999999999999	1.0	1.0	1.0	1.0	2.0021816711139637	2.0021816711139637	-2.00218167111396	-2/1:0.00218167
101	3	19	62.570218916488095	1.2235669400137041	0.019555100832343065	2	8.14693515753427	0.13280162641407894	-2.192100057078643	2.192100057078643	-11	5	-2.2	0.007899942921357095	0.00838782358080912	0.7170017681125129	0.8467595692476778	0.7170017681125129	0.7170017681125129	6.5325093157105805	6.153728568892305	-6.1537285688923 -2.19210005707864	-43/7:0.0108714 -11/5:0.00789994
101	4	20	66.53823036602192	0.9457063936325625	0.014212977838910068	3	20.416820866470513	0.31126749864153436	-3.476925181840603	3.476925181840603	-38	11	-3.4545454545454546	0.022379727295148477	0.7962698356618955	0.7244865155164462	0.8511677364165339	0.7244865155164462	0.7244865155164462	17.620818043553975	16.292644437011937	-16.2926444370119 -5.74055372355525 -3.4769251818406	-114/7:0.00693015 -23/4:0.00944628 -38/11:0.0223797
102	1	17	64.12887178001627	0.3421593959964042	0.0053354968908563795	0	0.0	0.0	nan	nan					nan	nan	nan	nan	nan	0.0	0.0		
102	2	18	63.263395069623556	0.3678427160566926	0.005814463729805664	1	6.706053624480183	0.10662206425634287	4.42709942564104	4.42709942564104	31	7	4.428571428571429	0.0014720029303889604	1.0	1.0	1.0	1.0	1.0	4.42709942564104	4.42709942564104	4.42709942564104	31/7:0.001472
102	3	19	66.4536815976977	0.3810062931442104	0.005733411362379815	2	22.137507705249497	0.33504784849727226	3.872016369442934	3.872016369442934	31	8	3.875	0.002983630557066075	0.9575195521288503	0.24911954650966403	0.4991187699432511	0.7508804534903359	0.24911954650966403	10.88380254860229	10.171757328590163	-10.1717573285902 3.87201636944293	-61/6:0.00509066 31/8:0.00298363
102	4	20	64.20656966333085	0.5112372141619304	0.007962381682164591	3	27.940057408742124	0.4386515673034481	5.934522224023468	5.934522224023468	71	12	5.916666666666667	0.017855557356800666	0.12992722370382942	0.48025995521628656	0.6930079041513788	0.48025995521628656	0.48025995521628656	41.797554575857	36.87451170517738	36.8745117051774 -18.7639921391758 5.93452222402347	295/8:0.000488295 -169/9:0.0137856 71/12:0.0178556
103	1	17	65.16106547791273	0.4109612698151466	0.006306853130792463	0	0.0	0.0	nan	nan					nan	nan	nan	nan	nan	0.0	0.0		
103	2	18	62.263150309350856	0.4333377798884115	0.006959779223110264	1	32.96743669037004	0.5331964523531553	8.956578633669604	8.956578633669604	107	12	8.916666666666666	0.0399119670029382	1.0	1.0	1.0	1.0	1.0	8.956578633669604	8.956578633669604	8.9565786336696	107/12:0.039912
103	3	19	64.92004138050297	1.088523904369879	0.016767147420469582	2	38.727319462971515	0.6067115587131678	9.338980358182882	9.338980358182882	28	3	9.333333333333334	0.0056470248495479325	0.04168943152700162	0.9759061164250541	0.9878796062400793	0.9759061164250541	0.9759061164250541	85.66272412427634	85.15213297540673	-85.1521329754067 9.33898035818288	-596/7:0.00927583 28/3:0.00564702
103	4	20	65.34155145297228	1.3515783921829723	0.020684822477099157	3	38.22480179632016	0.5973561164029135	-5.682005994699742	5.682005994699742	-17	3	-5.666666666666667	0.015339328033075361	0.11203358355199208	0.9193822266298434	0.9588442139523204	0.9193822266298434	0.9193822266298434	510.384605798843	507.3025336944736	-507.302533694474 55.7162449513962 -5.68200599469974	-5073/10:0.00253369 390/7:0.00195924 -17/3:0.0153393
104	1	17	63.10261143567379	0.5933648594069609	0.009403174383865736	0	0.0	0.0	nan	nan					nan	nan	nan	nan	nan	0.0	0.0		
104	2	18	66.70056427649507	0.7215365899398307	0.010817548513515296	1	18.36548064694497	0.2783533084814974	5.563399383738115	5.563399383738115	50	9	5.555555555555555	0.007843828182559243	1.0	1.0	1.0	1.0	1.0	5.563399383738115	5.563399383738115	5.56339938373811	50/9:0.00784383
104	3	19	65.36170618290525	0.6826973883561038	0.010444913822256633	2	29.922082605761986	0.46262432222498256	-6.250160334586255	6.250160334586255	-25	4	-6.25	0.0001603345862548622	0.04753953886598583	0.9419955664609032	0.9705645606866672	0.9419955664609032	0.9419955664609032	37.013928077115736	36.48241175539059	36.4824117553906 -6.25016033458625	73/2:0.0175882 -25/4:0.000160335
104	4	20	64.7146626503296	1.166686853397401	0.018028168665597748	3	39.769682754857755	0.6258213933035716	7.260411382639159	7.260411382639159	29	4	7.25	0.010411382639158973	0.12537454049830785	0.9048958007404719	0.9512601120306012	0.9048958007404719	0.9048958007404719	280.03571591905023	275.9571968566926	-275.957196856693 47.0628741137479 7.26041138263916	-3311/12:0.0405302 565/12:0.0204592 29/4:0.0104114
105	1	17	60.05398416229323	0.6935769059813524	0.011549223846780782	0	0.0	0.0	nan	nan					nan	nan	nan	nan	nan	0.0	0.0		
105	2	18	64.01097637622712	1.0314615070425077	0.01611382243226616	1	4.634451214877343	0.07358664518937004	-2.5849482046026324	2.5849482046026324	-31	12	-2.5833333333333335	0.0016148712692989342	1.0	1.0	1.0	1.0	1.0	2.5849482046026324	2.5849482046026324	-2.58494820460263	-31/12:0.00161487
105	3	19	66.23781856872604	1.1536336116141115	0.017416539924501616	2	13.886620000024777	0.21336396866881788	3.6499635178379517	3.6499635178379517	40	11	3.6363636363636362	0.013599881474315456	0.5169280421263831	0.9895403798985777	0.9947564425016697	0.9895403798985777	0.9895403798985777	9.690970653569929	8.977342509161916	8.97734250916192 3.64996351783795	9/1:0.0226575 40/11:0.0135999
105	4	20	59.63684891565913	1.2755140791877224	0.021388019360171203	3	22.79479953357541	0.39058050329805666	4.133700235474083	4.133700235474083	33	8	4.125	0.008700235474083051	0.2978243506830179	0.864788852844222	0.9299402415447038	0.864788852844222	0.864788852844222	37.36038591429153	34.09023356678851	-34.0902335667885 -14.7162132829692 4.13370023547408	-375/11:0.000675524 -103/7:0.00192757 33/8:0.00870024
106	1	17	62.357153237885484	0.34558117744653316	0.005541965267852752	0	0.0	0.0	nan	nan					nan	nan	nan	nan	nan	0.0	0.0		
106	2	18	65.97891687970255	0.7302917789439078	0.011068562708833607	1	28.765952303399054	0.44086679618119023	-9.123560116057714	9.123560116057714	-73	8	-9.125	0.0014398839422860021	1.0	1.0	1.0	1.0	1.0	9.123560116057714	9.123560116057714	-9.12356011605771	-73/8:0.00143988
106	3	19	66.64425141485302	1.1582119370833368	0.017379022383695136	2	33.09808449892656	0.505421991662242	6.64111450034865	6.64111450034865	73	11	6.636363636363637	0.004750863985012899	0.006625771036190025	0.9731403657410531	0.9864787710544273	0.9731403657410531	0.9731403657410531	62.548067594697855	62.19450424293252	62.1945042429325 6.64111450034865	311/5:0.00549576 73/11:0.00475086
106	4	20	64.93093371034985	1.536751751623207	0.0236674827206166	3	42.12874268125613	0.6645521935859103	5.703094508638118	5.703094508638118	57	10	5.7	0.0030945086381182207	0.046231998192835605	0.8941917853159174	0.9456171452104267	0.8941917853159174	0.8941917853159174	372.42283769259075	370.30389749168364	-370.303897491684 -39.258989422755 5.70309450863812	-3703/10:0.00389749 -157/4:0.00898942 57/10:0.00309451
107	1	17	61.762895100783766	0.4969962219317381	0.008046841410538595	0	0.0	0.0	nan	nan					nan	nan	nan	nan	nan	0.0	0.0		
107	2	18	61.186837396224135	0.49112290696862004	0.00802661042583854	1	15.509354367052488	0.2555263497194351	5.586249334035612	5.586249334035612	67	12	5.583333333333333	0.0029160007022790424	1.0	1.0	1.0	1.0	1.0	5.586249334035612	5.586249334035612	5.58624933403561	67/12:0.002916
107	3	19	65.83112459715221	0.5168598599260434	0.007851299261389229	2	36.895714098936686	0.5648951916916827	-7.486675618746062	7.486675618746062	-15	2	-7.5	0.013324381253937645	0.3447694864502428	0.7460918632416642	0.8637660928988034	0.7460918632416642	0.7460918632416642	46.7671735178293	46.164035861549486	46.1640358615495 -7.48667561874606	277/6:0.00263081 -15/2:0.0133244
107	4	20	65.67236495345335	0.5610223564970767	0.008542746357538865	3	39.13425106498251	0.601035848810955	8.614430862397688	8.614430862397688	69	8	8.625	0.01056913760231204	0.20981702768986785	0.9800967708138387	0.989998369096555	0.9800967708138387	0.9800967708138387	396.5461386957137	391.3673018938925	-391.367301893892 63.2950764569565 8.61443086239769	-4305/11:0.00366553 633/10:0.00492354 69/8:0.0105691
108	1	17	66.77254686947222	0.2572624138453108	0.003852817151758648	0	0.0	0.0	nan	nan					nan	nan	nan	nan	nan	0.0	0.0		
108	2	18	61.78235675521411	0.8469977060029024	0.013709378380607344	1	8.553583036409025	0.14037142260048352	-5.766149095670937	5.766149095670937	-52	9	-5.777777777777778	0.011628682106840316	1.0	1.0	1.0	1.0	1.0	5.766149095670937	5.766149095670937	-5.76614909567094	-52/9:0.0116287
108	3	19	64.52923861134613	0.8359889895114279	0.012955196861170411	2	1.7911932917397761	0.028122184099172366	0.8392820874772267	0.8392820874772267	5	6	0.8333333333333334	0.005948754143893287	0.6057524409932106	0.33308547023425183	0.5771355735303897	0.6669145297657482	0.33308547023425183	7.0444561752314385	6.994281119771797	6.9942811197718 0.839282087477227	7/1:0.00571888 5/6:0.00594875
108	4	20	64.95668921099292	2.5201141531901285	0.038796838074740395	3	20.704825272607927	0.3316137256638393	-3.8919526279509187	3.8919526279509187	-35	9	-3.888888888888889	0.0030637390620298355	0.6514295652264511	0.6115952146422301	0.7820455323331437	0.6115952146422301	0.6115952146422301	11.546048164806823	10.867605149390748	10.8676051493907 0.243086985996017 -3.89195262795092	87/8:0.00739485 1/4:0.00691301 -35/9:0.00306374
109	1	17	66.45259766713193	0.8974716337559272	0.013505440949824976	0	0.0	0.0	nan	nan					nan	nan	nan	nan	nan	0.0	0.0		
109	2	18	65.85533205066136	1.210074623730506	0.018374740298926998	1	9.04617845248821	0.13993568612072108	3.174842680044639	3.174842680044639	35	11	3.1818181818181817	0.006975501773542447	1.0	1.0	1.0	1.0	1.0	3.174842680044639	3.174842680044639	3.17484268004464	35/11:0.0069755
109	3	19	59.482395671407495	2.2630587711110763	0.03804585786377301	2	19.761247681664962	0.34535960659765336	-4.0313096689918195	4.0313096689918195	-4	1	-4.0	0.03130966899181953	0.2772742262503656	0.9951535861715375	0.9975738499838183	0.9951535861715375	0.9951535861715375	13.730575167924385	13.12544234663026	13.1254423466303 -4.03130966899182	105/8:0.000442347 -4/1:0.0313097
109	4	20	66.10511505016771	3.8263785047293766	0.05788324400956729	3	9.223900833339018	0.14810674308733437	-1.5415368664522098	1.5415368664522098	-17	11	-1.5454545454545454	0.003917679002335639	0.3089858542362648	0.5830274981089925	0.7635623734240657	0.5830274981089925	0.5830274981089925	26.03409803574557	24.76584980285271	24.7658498028527 -7.87722084029135 -1.54153686645221	223/9:0.011928 -63/8:0.00222084 -17/11:0.00391768
110	1	17	57.00214362893214	0.6123097572334188	0.010741872467452847	0	0.0	0.0	nan	nan					nan	nan	nan	nan	nan	0.0	0.0		
110	2	18	65.33169856086866	0.6997944294242444	0.01071140724700821	1	21.713105559482276	0.33595026869893063	-5.954912464257346	5.954912464257346	-71	12	-5.916666666666667	0.0382457975906787	1.0	1.0	1.0	1.0	1.0	5.954912464257346	5.954912464257346	-5.95491246425735	-71/12:0.0382458
110	3	19	60.18075590205092	0.7475727980497808	0.012422123764389342	2	37.37711215132584	0.6288929887184446	-7.164188630823056	7.164188630823056	-43	6	-7.166666666666667	0.0024780358436107264	0.021297424377705168	0.960945509600536	0.9802782817141957	0.960945509600536	0.960945509600536	44.78289881608998	44.20613563335003	-44.20613563335 -7.16418863082306	-221/5:0.00613563 -43/6:0.00247804
110	4	20	65.62269142676797	2.8555158844519752	0.04351415375333401	3	39.437409865456765	0.6283126415154541	-7.15724580452197	7.15724580452197	-43	6	-7.166666666666667	0.009420862144697395	0.02585033244089883	0.9710396678221922	0.9854134501934668	0.9710396678221922	0.9710396678221922	328.259318579752	323.94627122992404	-323.946271229924 -52.5525206166676 -7.15724580452197	-3887/12:0.0296046 -473/9:0.00303494 -43/6:0.00942086
111	1	17	60.591037147948946	0.46683463917428014	0.007704681437196406	0	0.0	0.0	nan	nan					nan	nan	nan	nan	nan	0.0	0.0		
111	2	18	64.28202705108012	0.3925885552142816	0.006107283376461057	1	5.565430967851336	0.08711034403928067	3.4527717007073013	3.4527717007073013	38	11	3.4545454545454546	0.001773753838153258	1.0	1.0	1.0	1.0	1.0	3.4527717007073013	3.4527717007073013	3.4527717007073	38/11:0.00177375
111	3	19	65.3502258219614	1.116277471815863	0.017081463113180706	2	38.860236827962915	0.6049797315296883	9.350928998978784	9.350928998978784	103	11	9.363636363636363	0.01270736465757949	0.08880892816518186	0.8833680972564102	0.9398766393822171	0.8833680972564102	0.8833680972564102	36.61661723061265	35.40249686490003	-35.4024968649 9.35092899897878	-177/5:0.00249686 103/11:0.0127074
111	4	20	66.46991478213846	0.9197532391682302	0.013837135825776366	3	39.51773755797219	0.6028625502633894	5.542964095921923	5.542964095921923	61	11	5.545454545454546	0.002490449532622563	0.2009448943227948	0.8678890687934249	0.9316056401683197	0.8678890687934249	0.8678890687934249	216.25018028092458	209.0339704695488	209.033970469549 -55.1200073503216 5.54296409592192	209/1:0.0339705 -441/8:0.00499265 61/11:0.00249045
112	1	17	65.72936440162137	0.31563221232183025	0.004801997025153714	0	0.0	0.0	nan	nan					nan	nan	nan	nan	nan	0.0	0.0		
112	2	18	59.223072885125546	0.5130157750442166	0.008662430874522647	1	18.96317613574948	0.3229970650546896	-7.751127482521443	7.751127482521443	-31	4	-7.75	0.0011274825214426798	1.0	1.0	1.0	1.0	1.0	7.751127482521443	7.751127482521443	-7.75112748252144	-31/4:0.00112748
112	3	19	65.82490921923355	1.1235798446688676	0.017069219813531714	2	40.99535360787748	0.6336091391654394	-8.209810230524306	8.209810230524306	-41	5	-8.2	0.009810230524307073	0.2413566918101778	0.8434557825012118	0.9183984878587355	0.8434557825012118	0.8434557825012118	68.6372041707565	68.14444080302437	-68.1444408030244 -8.20981023052431	-477/7:0.00158366 -41/5:0.00981023
112	4	20	66.79313470674361	1.5408963825607458	0.023069682076250462	3	37.40250056568224	0.5731987365684075	-5.546762361200922	5.546762361200922	-61	11	-5.545454545454546	0.001307815746375951	0.08783941003039154	0.9242350228361585	0.9613714281359513	0.9242350228361585	0.9242350228361585	395.0638363151855	392.2090624117196	-392.20906241172 -47.0820512881486 -5.54676236120092	-1961/5:0.00906241 -565/12:0.00128205 -61/11:0.00130782
113	1	17	66.91588143022665	0.4376184585737519	0.006539829547490273	0	0.0	0.0	nan	nan					nan	nan	nan	nan	nan	0.0	0.0		
113	2	18	59.723251590885	0.47380737014231755	0.007933382016571755	1	11.700635795165336	0.19748093756918403	5.170790171143507	5.170790171143507	31	6	5.166666666666667	0.004123504476839734	1.0	1.0	1.0	1.0	1.0	5.170790171143507	5.170790171143507	5.17079017114351	31/6:0.0041235
113	3	19	65.81520636351225	1.0672052929989349	0.016215178101919473	2	23.54107642610607	0.36357997215186366	6.645755290276681	6.645755290276681	73	11	6.636363636363637	0.009391653913044529	0.14073423210271868	0.8889230874577536	0.9428271779375866	0.8889230874577536	0.8889230874577536	37.40337097746138	36.80823409373723	-36.8082340937372 6.64575529027668	-184/5:0.00823409 73/11:0.00939165
113	4	20	61.874544872516765	3.6599267834533222	0.05915076694291737	3	35.54587054159388	0.6106004249175302	-5.631669224122573	5.631669224122573	-62	11	-5.636363636363637	0.004694412241063262	0.01714788413419507	0.9522107780063493	0.9758128806315017	0.9522107780063493	0.9522107780063493	218.72276916429934	215.20366813086068	-215.203668130861 38.6693066355193 -5.63166922412257	-1076/5:0.00366813 116/3:0.00263997 -62/11:0.00469441
114	1	17	62.18455821125819	0.29219183941828675	0.0046987845185878785	0	0.0	0.0	nan	nan					nan	nan	nan	nan	nan	0.0	0.0		
114	2	18	57.89870280331319	0.41757692811543023	0.007212198337741253	1	8.429306515525074	0.14664477056045613	-5.371083227063056	5.371083227063056	-43	8	-5.375	0.003916772936944035	1.0	1.0	1.0	1.0	1.0	5.371083227063056	5.371083227063056	-5.37108322706306	-43/8:0.00391677
114	3	19	66.75084817318955	0.6102482145050914	0.009142179181330572	2	1.5805089485396084	0.023896199150399193	-1.1315536828377937	1.1315536828377937	-9	8	-1.125	0.006553682837793673	0.6676630358575982	0.33829054594433167	0.5816274975827155	0.6617094540556683	0.33829054594433167	8.049499306686213	7.969568705469453	-7.96956870546945 -1.13155368283779	-8/1:0.0304313 -9/8:0.00655368
114	4	20	66.8638820913495	4.930973635340223	0.0737464454816357	3	4.631098899251614	0.07477606033214261	-2.4441646473361134	2.4441646473361134	-22	9	-2.4444444444444446	0.0002797971083312589	0.5393604699923561	0.7871969051546113	0.8872411764309698	0.7871969051546113	0.7871969051546113	13.0907884452924	12.786912039971822	-12.7869120399718 -1.37465696744206 -2.44416464733611	-115/9:0.00913426 -11/8:0.000343033 -22/9:0.000279797
115	1	17	57.40717288905217	0.3365482451616728	0.005862477251964697	0	0.0	0.0	nan	nan					nan	nan	nan	nan	nan	0.0	0.0		
115	2	18	53.74222040900655	0.43531527262103253	0.00810006116807334	1	10.658119257007776	0.19993881148678616	5.627514497551592	5.627514497551592	45	8	5.625	0.00251449755159161	1.0	1.0	1.0	1.0	1.0	5.627514497551592	5.627514497551592	5.62751449755159	45/8:0.0025145
115	3	19	59.92200884553724	0.5051865235444168	0.008430734103835725	2	31.383065254540323	0.5281848477939226	8.040396493575173	8.040396493575173	8	1	8.0	0.040396493575173054	0.12739655442397196	0.8967336673461442	0.9469602247962394	0.8967336673461442	0.8967336673461442	49.01457657587596	48.350602283099974	-48.3506022831 8.04039649357517	-532/11:0.0130341 8/1:0.0403965
115	4	20	65.11142803265876	0.8929910697583239	0.0137148131555403	3	45.34483407643997	0.7061030479866099	9.438756777700132	9.438756777700132	85	9	9.444444444444445	0.005687666744313091	0.15234827776148605	0.9925525966389788	0.9962693394052528	0.9925525966389788	0.9925525966389788	461.7797987139767	455.40210036982023	455.40210036982 -75.8974265016173 9.43875677770013	2277/5:0.00210037 -759/10:0.0025735 85/9:0.00568767
116	1	17	65.76753453360375	0.5297775291453206	0.008055304686457909	0	0.0	0.0	nan	nan					nan	nan	nan	nan	nan	0.0	0.0		
116	2	18	65.93612716784229	0.5670387604762936	0.008599819019289386	1	4.136258069928608	0.06327544364933382	2.7941971606705724	2.7941971606705724	14	5	2.8	0.005802839329427378	1.0	1.0	1.0	1.0	1.0	2.7941971606705724	2.7941971606705724	2.79419716067057	14/5:0.00580284
116	3	19	65.6642832866086	0.6119220414417441	0.009318948000556916	2	17.46634309496252	0.26849668114484015	-4.90343524032677	4.90343524032677	-49	10	-4.9	0.003435240326769673	0.1325210010909044	0.7805696256930753	0.8834985148222239	0.7805696256930753	0.7805696256930753	17.10859065713147	16.390857119663014	16.390857119663 -4.90343524032677	82/5:0.00914288 -49/10:0.00343524
116	4	20	63.98494055630254	1.4050705137131487	0.02195939390577036	3	15.768016565628109	0.25196627213985934	4.898629536954393	4.898629536954393	49	10	4.9	0.0013704630456077282	0.3863616652799138	0.9312541536853447	0.9650151054182233	0.9312541536853447	0.9312541536853447	80.09032027716395	76.6642413418681	-76.6642413418681 22.6507600365679 4.89862953695439	-230/3:0.00242532 249/11:0.0143964 49/10:0.00137046
117	1	17	64.8944618644385	0.11019385457034048	0.0016980471276659987	0	0.0	0.0	nan	nan					nan	nan	nan	nan	nan	0.0	0.0		
117	2	18	66.06828736386007	0.6165301369898799	0.009331710592018877	1	22.92100283815281	0.350196905465862	-14.422419381380724	14.422419381380724	-173	12	-14.416666666666666	0.005752714714057916	1.0	1.0	1.0	1.0	1.0	14.422419381380724	14.422419381380724	-14.4224193813807	-173/12:0.00575271
117	3	19	65.93308947947455	0.7810092699354101	0.011845482687089067	2	37.971471964822776	0.5828128870590266	7.11279201880526	7.11279201880526	64	9	7.111111111111111	0.001680907694149525	0.27030507208422766	0.8214423650862217	0.9063345767906141	0.8214423650862217	0.8214423650862217	110.65653438373936	110.42769938523989	110.42769938524 7.11279201880526	773/7:0.000872043 64/9:0.00168091
117	4	20	66.80051180173623	1.5333360741402373	0.022953956980017988	3	40.16151305753431	0.6153401401212062	7.129633195673077	7.129633195673077	57	8	7.125	0.004633195673076962	0.08042216889058085	0.9885087008846289	0.9942377486721317	0.9885087008846289	0.9885087008846289	793.1373605125115	791.4728346044113	-791.472834604411 -50.860525503645 7.12963319567308	-8706/11:0.0182891 -356/7:0.00338265 57/8:0.0046332
118	1	17	62.68126733885409	0.05689986848971529	0.0009077651251388291	0	0.0	0.0	nan	nan					nan	nan	nan	nan	nan	0.0	0.0		
118	2	18	64.98809546040113	0.3297679331490144	0.005074282156028872	1	3.0148823489968137	0.04662790493190695	7.279131301104643	7.279131301104643	80	11	7.2727272727272725	0.00640402837737053	1.0	1.0	1.0	1.0	1.0	7.279131301104643	7.279131301104643	7.27913130110464	80/11:0.00640403
118	3	19	64.2326310432085	0.8759864098550878	0.013637716463238483	2	0.12423435524258174	0.0019608733379352593	0.578595366893712	0.578595366893712	7	12	0.5833333333333334	0.004737966439621322	0.6128524452330673	0.8886210879083165	0.9426670079663956	0.8886210879083165	0.8886210879083165	3.7632804751919684	3.7185356440903212	-3.71853564409032 0.578595366893712	-26/7:0.00424993 7/12:0.00473797
118	4	20	65.08752459519579	2.136648999321679	0.03282732002192918	3	21.31337942426386	0.3385716119516655	-4.635421308816623	4.635421308816623	-51	11	-4.636363636363637	0.0009423275470137327	0.8941334044077764	0.8831276408229072	0.9397487115303257	0.8831276408229072	0.8831276408229072	5.414953285185447	4.635421308816623	-2.39056409996194 1.45595042995379 -4.63542130881662	-12/5:0.0094359 16/11:0.00140498 -51/11:0.000942328
119	1	17	56.35267047097974	0.6046963125141005	0.010730570662582964	0	0.0	0.0	nan	nan					nan	nan	nan	nan	nan	0.0	0.0		
119	2	18	66.40603978612879	1.0705786849325136	0.016121706525196844	1	31.23690506353539	0.4781003231178459	7.187292815792815	7.187292815792815	79	11	7.181818181818182	0.005474633974633214	1.0	1.0	1.0	1.0	1.0	7.187292815792815	7.187292815792815	7.18729281579281	79/11:0.00547463
119	3	19	66.71890917299473	0.8140172588164916	0.012200697956644272	2	32.49412708815155	0.49304575342397355	-5.505851364615849	5.505851364615849	-11	2	-5.5	0.0058513646158493415	0.14734791575699777	0.998763548708622	0.9993815831346013	0.998763548708622	0.998763548708622	40.208677181379116	39.829929970150786	39.8299299701508 -5.50585136461585	239/6:0.00340336 -11/2:0.00585136
119	4	20	63.0506687676206	1.5844231003081646	0.025129362325207218	3	42.9835462353191	0.6993032642333258	6.957847539129131	6.957847539129131	83	12	6.916666666666667	0.041180872462463824	0.13354394869141556	0.9168138944679943	0.9575039918809709	0.9168138944679943	0.9168138944679943	292.9014461123546	290.05567891165447	-290.055678911654 40.1316411753873 6.95784753912913	-3481/12:0.0276544 321/8:0.00664118 83/12:0.0411809
120	1	17	62.18430135024105	0.49981067560990056	0.008037570009749142	0	0.0	0.0	nan	nan					nan	nan	nan	nan	nan	0.0	0.0		
120	2	18	64.94240353389654	0.4051900283335357	0.006239221314345837	1	28.33693551995307	0.4390790054409534	7.529630712111001	7.529630712111001	83	11	7.545454545454546	0.015823833343544536	1.0	1.0	1.0	1.0	1.0	7.529630712111001	7.529630712111001	7.529630712111	83/11:0.0158238
120	3	19	60.991442812008515	0.44901157407435477	0.007361878213937735	2	27.877910735493106	0.46046896640030544	8.182685088544105	8.182685088544105	90	11	8.181818181818182	0.0008669067259230445	0.045500717269263254	0.9731733356113115	0.9864954817997452	0.9731733356113115	0.9731733356113115	63.36638218009328	62.83583416598654	-62.8358341659865 8.1826850885441	-377/6:0.00250083 90/11:0.000866907
120	4	20	61.74034393181053	0.8694498733124121	0.014082362000974288	3	38.32290799970902	0.6295768871552955	8.789270356566163	8.789270356566163	44	5	8.8	0.01072964343383731	0.12865528092727171	0.9051170091745467	0.9513763761911196	0.9051170091745467	0.9051170091745467	576.2504680688558	571.3326371108632	571.332637110863 -74.6080990785941 8.78927035656616	1714/3:0.000696222 -373/5:0.00809908 44/5:0.0107296
121	1	17	55.15730948314258	0.6219755472675246	0.011276393883164577	0	0.0	0.0	nan	nan					nan	nan	nan	nan	nan	0.0	0.0		
121	2	18	64.69907987281229	0.6044452254109984	0.009342408371173717	1	24.014716678079218	0.37467592740311984	-6.213725706080239	6.213725706080239	-56	9	-6.222222222222222	0.008496516141983435	1.0	1.0	1.0	1.0	1.0	6.213725706080239	6.213725706080239	-6.21372570608024	-56/9:0.00849652
121	3	19	58.13676672300831	0.6234500510885326	0.01072385146664503	2	29.683450902672405	0.5161143995919995	-7.005138617082081	7.005138617082081	-7	1	-7.0	0.005138617082081076	0.18360183220401835	0.9992543076882819	0.9996270843110855	0.9992543076882819	0.9992543076882819	43.901848775884844	43.33936269600797	-43.339362696008 -7.00513861708208	-130/3:0.00602936 -7/1:0.00513862
121	4	20	66.85522328599657	0.593745762254585	0.008881067672373632	3	43.36727939627623	0.6544870566874608	-8.28149007476098	8.28149007476098	-58	7	-8.285714285714286	0.00422421095330705	0.22441762356719056	0.9859535573527239	0.9929519411092985	0.9859535573527239	0.9859535573527239	360.0927442224928	355.40309100075734	-355.403091000757 -57.3310061915421 -8.28149007476098	-1777/5:0.003091 -172/3:0.00232714 -58/7:0.00422421
122	1	17	66.73260694809159	0.32168935551753464	0.0048205722843671145	0	0.0	0.0	nan	nan					nan	nan	nan	nan	nan	0.0	0.0		
122	2	18	64.2901711271424	0.6870322019820136	0.010686426710909133	1	38.0834405488349	0.5987666834123764	10.880522290862526	10.880522290862526	87	8	10.875	0.005522290862526091	1.0	1.0	1.0	1.0	1.0	10.880522290862526	10.880522290862526	10.8805222908625	87/8:0.00552229
122	3	19	64.84673155738523	0.7486685438396279	0.011545200904645501	2	43.380389502462435	0.6767815978042117	-7.700569971443326	7.700569971443326	-77	10	-7.7	0.0005699714433253789	0.37351059807375214	0.9391379471809403	0.9690912997137784	0.9391379471809403	0.9391379471809403	81.28694635840857	80.92137461999579	80.9213746199958 -7.70056997144333	971/12:0.00470795 -77/10:0.000569971
122	4	20	66.13181940102864	1.263662974850547	0.01910824450764909	3	42.49911315486127	0.65516141503461	-6.913336480186145	6.913336480186145	-83	12	-6.916666666666667	0.0033301864805217463	0.06872410726543081	0.841947687778474	0.9175770745711087	0.841947687778474	0.841947687778474	588.5585579706328	585.9082614759799	585.90826147598 -55.3614583747334 -6.91333648018615	6445/11:0.000829433 -609/11:0.00217799 -83/12:0.00333019
123	1	17	66.24277921750169	0.1313720621536021	0.0019831906768623757	0	0.0	0.0	nan	nan					nan	nan	nan	nan	nan	0.0	0.0		
123	2	18	65.31838181157138	0.4872573795604467	0.007459728273215233	1	38.67843435973956	0.5966028616440554	17.158642845568725	17.158642845568725	103	6	17.166666666666668	0.008023821097943085	1.0	1.0	1.0	1.0	1.0	17.158642845568725	17.158642845568725	17.1586428455687	103/6:0.00802382
123	3	19	66.70019352734631	0.5920624676581241	0.008876473010762484	2	39.077569460899525	0.5911159313461287	-8.80086474072373	8.80086474072373	-44	5	-8.8	0.0008647407237294402	0.07419780007038955	0.9657874873403962	0.9827448739832715	0.9657874873403962	0.9657874873403962	154.45194413328477	154.2009981367397	154.20099813674 -8.80086474072373	771/5:0.000998137 -44/5:0.000864741
123	4	20	63.155900859365865	1.8938436343659077	0.0299868042193409	3	37.282518117025475	0.6085743738591126	7.551905479268352	7.551905479268352	68	9	7.555555555555555	0.0036500762872035963	0.1752517811773101	0.9056812674015248	0.9516728783576449	0.9056812674015248	0.9056812674015248	1209.7286353321565	1207.744583889109	-1207.74458388911 68.843009469058 7.55190547926835	-4831/4:0.00541611 413/6:0.00967614 68/9:0.00365008
124	1	17	64.4073360373002	0.16450720814553677	0.0025541687991918463	0	0.0	0.0	nan	nan					nan	nan	nan	nan	nan	0.0	0.0		
124	2	18	61.26462445775793	0.24264368033483663	0.0039605838194950475	1	5.8247006645781045	0.09545250072795287	-5.95037504681811	5.95037504681811	-71	12	-5.916666666666667	0.03370838015144262	1.0	1.0	1.0	1.0	1.0	5.95037504681811	5.95037504681811	-5.95037504681811	-71/12:0.0337084
124	3	19	60.072033453626744	0.29446343030443245	0.004901838898657337	2	0.8218240631865854	0.013748033967689711	1.3998188268291205	1.3998188268291205	7	5	1.4	0.00018117317087940066	0.48397734246818014	0.578540533487461	0.7606185203421364	0.578540533487461	0.578540533487461	9.880137843601885	9.780471924228852	9.78047192422885 1.39981882682912	88/9:0.00269415 7/5:0.000181173
124	4	20	60.23712722969969	0.7833915513707339	0.013005128023178464	3	36.178368368549606	0.60851295475007	-8.351916489547643	8.351916489547643	-92	11	-8.363636363636363	0.011719874088720772	0.5741177831742785	0.5677467763112425	0.7534897320542878	0.5677467763112425	0.5677467763112425	46.28162679013796	45.27341242357832	45.2734124235783 4.74895744535815 -8.35191648954764	498/11:0.000685151 19/4:0.00104255 -92/11:0.0117199
125	1	17	64.50239646060217	0.5743925610755412	0.008904980164983142	0	0.0	0.0	nan	nan					nan	nan	nan	nan	nan	0.0	0.0		
125	2	18	61.80930830888394	0.8743226791122964	0.014145485575457067	1	16.998535802532544	0.27896184149139097	5.440030740042841	5.440030740042841	49	9	5.444444444444445	0.004413704401603269	1.0	1.0	1.0	1.0	1.0	5.440030740042841	5.440030740042841	5.44003074004284	49/9:0.0044137
125	3	19	65.61364955032788	0.9288020000777806	0.014155621679988371	2	33.57141435361457	0.5189996672332695	5.945242121960222	5.945242121960222	71	12	5.916666666666667	0.028575455293554874	0.06270374458963121	0.9205368906438742	0.9594461374375709	0.9205368906438742	0.9205368906438742	35.00592884468918	34.497378891601485	-34.4973788916015 5.94524212196022	-69/2:0.00262111 71/12:0.0285755
125	4	20	62.56733527886358	1.4938159281929941	0.02387533241642837	3	43.70275062159532	0.7155760972388676	-5.995585093000915	5.995585093000915	-6	1	-6.0	0.004414906999085311	0.3339910179741956	0.7639721238895082	0.8740549890536111	0.7639721238895082	0.7639721238895082	229.1711152800494	225.77566013651068	-225.775660136511 38.8433305474325 -5.99558509300091	-2032/9:0.00211764 233/6:0.00999721 -6/1:0.00441491
126	1	17	59.48160835927687	0.02154315765886139	0.0003621818281835595	0	0.0	0.0	nan	nan					nan	nan	nan	nan	nan	0.0	0.0		
126	2	18	63.35589154121925	0.3104919605430396	0.004900759076857659	1	25.349588182078616	0.40208466201629744	-34.30289502782163	34.30289502782163	-343	10	-34.3	0.0028950278216299807	1.0	1.0	1.0	1.0	1.0	34.30289502782163	34.30289502782163	-34.3028950278216	-343/10:0.00289503
126	3	19	64.86832892005071	0.5069501185925276	0.007815063637870745	2	38.08947830028738	0.5918064374877006	-11.068083532567679	11.068083532567679	-133	12	-11.083333333333334	0.015249800765655408	0.07269235413855192	0.9985968497527754	0.9992981785997488	0.9985968497527754	0.9985968497527754	381.40300615327897	381.2423777987886	-381.242377798789 -11.0680835325677	-1525/4:0.0076222 -133/12:0.0152498
126	4	20	65.18936851861477	0.8060909332484272	0.012365374164013393	3	38.92814440434981	0.6046312934711137	8.660327668544054	8.660327668544054	26	3	8.666666666666666	0.006338998122611628	0.0379601696306725	0.9767202117355395	0.9882915621088442	0.9767202117355395	0.9767202117355395	3362.0716445897806	3360.6449241937053	3360.64492419371 97.5522197102199 8.66032766854405	36967/11:0.00856056 878/9:0.00333585 26/3:0.006339
127	1	17	62.75828444530566	0.5697866531512261	0.009079066742938131	0	0.0	0.0	nan	nan					nan	nan	nan	nan	nan	0.0	0.0		
127	2	18	63.54815412277991	0.8024827944939474	0.01262794813746264	1	6.109539462237924	0.09736989553068535	-3.2745234217598935	3.2745234217598935	-36	11	-3.272727272727273	0.0017961490326205976	1.0	1.0	1.0	1.0	1.0	3.2745234217598935	3.2745234217598935	-3.27452342175989	-36/11:0.00179615
127	3	19	65.9880583253923	0.8292112538788956	0.01256608051399224	2	2.4067251805949006	0.03693627632719562	1.5783425606877708	1.5783425606877708	19	12	1.5833333333333333	0.004990772645562469	0.697452406260555	0.8306379384555601	0.9113934048782447	0.8306379384555601	0.8306379384555601	4.60167184166628	4.322524551637145	4.32252455163715 1.57834256068777	13/3:0.0108088 19/12:0.00499077
127	4	20	66.79691463774515	0.8354970339958498	0.01250801834975373	3	41.37251293721086	0.6272229197035816	5.60379358990105	5.60379358990105	28	5	5.6	0.003793589901050609	0.8975820592952997	0.6293866798441125	0.7933389438595035	0.6293866798441125	0.6293866798441125	12.666016889399751	10.433329360804127	-10.4333293608041 -4.49122696969617 5.60379358990105	-73/7:0.00475793 -9/2:0.00877303 28/5:0.00379359
128	1	17	60.84840980496024	1.328620743738277	0.02183492958972891	0	0.0	0.0	nan	nan					nan	nan	nan	nan	nan	0.0	0.0		
128	2	18	65.17867861968023	1.4896691500512063	0.022855160331547615	1	9.826537879843135	0.15428938150669552	2.719566932610111	2.719566932610111	19	7	2.7142857142857144	0.005281218324396431	1.0	1.0	1.0	1.0	1.0	2.719566932610111	2.719566932610111	2.71956693261011	19/7:0.00528122
128	3	19	65.9656033605819	2.072421013529528	0.03141669154758182	2	25.058553492897452	0.3921944810447135	-3.748552433490009	3.748552433490009	-15	4	-3.75	0.0014475665099911161	0.7097453870819592	0.8353356304564536	0.9139669744889328	0.8353356304564536	0.8353356304564536	9.22782700908322	8.43214954581226	8.43214954581226 -3.74855243349001	59/7:0.00357812 -15/4:0.00144757
128	4	20	60.972865536522995	2.431058885040997	0.03987116012424876	3	40.34871852005517	0.6892291309057804	3.5102753176243566	3.5102753176243566	7	2	3.5	0.010275317624356628	0.3367170494181295	0.6328934511977973	0.7955460082218987	0.6328934511977973	0.6328934511977973	37.43482583834663	33.8767915221295	-33.8767915221295 15.5372825457992 3.51027531762436	-271/8:0.00179152 171/11:0.008172 7/2:0.0102753
129	1	17	65.03343991019239	0.2729860620128761	0.0041976260580688166	0	0.0	0.0	nan	nan					nan	nan	nan	nan	nan	0.0	0.0		
129	2	18	58.14136423277515	0.29027576332015315	0.004992586038366819	1	3.4297165174382074	0.05928525474933934	-3.544531789271875	3.544531789271875	-39	11	-3.5454545454545454	0.0009227561826703479	1.0	1.0	1.0	1.0	1.0	3.544531789271875	3.544531789271875	-3.54453178927188	-39/11:0.000922756
129	3	19	63.023950011501384	0.7779557791529825	0.012343811820919056	2	4.339098184652947	0.06970887425231255	-1.3447517231739536	1.3447517231739536	-4	3	-1.3333333333333333	0.01141838984062038	0.9973996434545025	0.12097496838467546	0.34781456034024144	0.8790250316153245	0.12097496838467546	1.6930337288101114	1.3447517231739536	-1.02859419107311 -1.34475172317395	-1/1:0.0285942 -4/3:0.0114184
129	4	20	65.08269049000745	1.0222102168351626	0.01570633004165845	3	23.237515581019228	0.3627433869044969	5.31029178404263	5.31029178404263	53	10	5.3	0.010291784042630425	0.3574963574238947	0.944065195871337	0.971630174434356	0.944065195871337	0.944065195871337	7.7874925827547035	5.31029178404263	-2.23625133546152 5.2387996582648 5.31029178404263	-9/4:0.0137487 21/4:0.0112003 53/10:0.0102918
130	1	17	53.801542380148085	0.40208466609359306	0.007473478422840828	0	0.0	0.0	nan	nan					nan	nan	nan	nan	nan	0.0	0.0		
130	2	18	66.88722783645338	0.34902798291814463	0.00521815590521342	1	22.32419372077574	0.33550943322656834	7.451250014311847	7.451250014311847	82	11	7.454545454545454	0.003295440233607394	1.0	1.0	1.0	1.0	1.0	7.451250014311847	7.451250014311847	7.45125001431185	82/11:0.00329544
130	3	19	61.0840510567396	0.4349444345419329	0.007120425495976402	2	37.92706525230496	0.6253524143160849	-10.403111882338344	10.403111882338344	-52	5	-10.4	0.0031118823383433636	0.1869681058571704	0.9959500253571499	0.9979729582294051	0.9959500253571499	0.9959500253571499	77.59860996797612	76.8981113690423	76.8981113690423 -10.4031118823383	769/10:0.00188863 -52/5:0.00311188
130	4	20	64.68875306588251	2.0673000930775487	0.03195764325480349	3	38.74476242245226	0.6187138845098055	9.401958144543318	9.401958144543318	47	5	9.4	0.0019581445433178857	0.023434432998234583	0.9923329286076464	0.9961590880013325	0.9923329286076464	0.9923329286076464	735.7506165701095	729.0444372396313	-729.044437239631 98.6649963071705 9.40195814454332	-8749/12:0.0388961 296/3:0.00167036 47/5:0.00195814
131	1	17	54.040291952173476	0.28601235761113486	0.005292576099778668	0	0.0	0.0	nan	nan					nan	nan	nan	nan	nan	0.0	0.0		
131	2	18	66.01828788184757	0.4533551792474526	0.0068671150645230146	1	2.0781171805092358	0.031695558812444624	-2.6955203658448124	2.6955203658448124	-27	10	-2.7	0.004479634155187817	1.0	1.0	1.0	1.0	1.0	2.6955203658448124	2.6955203658448124	-2.69552036584481	-27/10:0.00447963
131	3	19	61.595862046302784	0.6905535927656175	0.011211038693581643	2	6.943884492210652	0.11401115384725345	2.0237126110675523	2.0237126110675523	2	1	2.0	0.02371261106755229	0.9943354734927915	0.26738298647922	0.5170908880257126	0.73261701352078	0.26738298647922	2.3721093130385515	2.0237126110675523	1.23753378168452 2.02371261106755	5/4:0.0124662 2/1:0.0237126
131	4	20	64.30436792002413	0.7947388552169272	0.01235901822727424	3	17.597184203085263	0.2770789951414855	-4.464975010577127	4.464975010577127	-49	11	-4.454545454545454	0.010429556031672504	0.03283523760761973	0.7823341246304929	0.884496537376203	0.7823341246304929	0.7823341246304929	9.001584547913321	7.704593137102176	-1.31596623052102 7.70459313710218 -4.46497501057713	-13/10:0.0159662 77/10:0.00459314 -49/11:0.0104296
132	1	17	63.9977070726197	0.23567167945104472	0.003682501924383362	0	0.0	0.0	nan	nan					nan	nan	nan	nan	nan	0.0	0.0		
132	2	18	65.96309973757164	0.29911346175919107	0.004534557395713475	1	23.303833407614917	0.35489519795113267	9.94397411520602	9.94397411520602	119	12	9.916666666666666	0.02730744853935363	1.0	1.0	1.0	1.0	1.0	9.94397411520602	9.94397411520602	9.94397411520602	119/12:0.0273074
132	3	19	63.513338090087096	0.6127890131863012	0.009648194089832335	2	39.150190697489904	0.6224141326592517	11.439714270050601	11.439714270050601	103	9	11.444444444444445	0.004730174393843711	0.1001709356722436	0.9998444304226113	0.9999222121858337	0.9998444304226113	0.9998444304226113	114.48993746281602	113.9169816913138	-113.916981691314 11.4397142700506	-1367/12:0.000315025 103/9:0.00473017
132	4	20	66.53916189712102	11.150145853679142	0.16757268254924593	3	33.968377135613174	0.6132691923787129	7.2119041570731826	7.2119041570731826	65	9	7.222222222222222	0.010318065149039768	0.01792410862221138	0.9382877899640981	0.968652564113727	0.9382877899640981	0.9382877899640981	838.3878607600207	834.136655219142	834.136655219142 -84.0132961382623 7.21190415707318	5839/7:0.00620192 -84/1:0.0132961 65/9:0.0103181
133	1	17	65.92767623593937	0.33002572832000965	0.005005875334342539	0	0.0	0.0	nan	nan					nan	nan	nan	nan	nan	0.0	0.0		
133	2	18	64.359554539397	0.2753844742931193	0.004278843697163033	1	4.249319993077613	0.06630841889285104	3.588275825664748	3.588275825664748	43	12	3.5833333333333335	0.0049424923314145275	1.0	1.0	1.0	1.0	1.0	3.588275825664748	3.588275825664748	3.58827582566475	43/12:0.00494249
133	3	19	60.18746939057222	0.8618935284784968	0.014320148981267919	2	18.917731553659188	0.31887986384885203	-5.66428006833222	5.66428006833222	-17	3	-5.666666666666667	0.0023865983344473207	0.876071048195515	0.46704618706533335	0.6834077750986839	0.5329538129346667	0.46704618706533335	15.844836434323684	14.797796218963336	14.7977962189633 -5.66428006833222	74/5:0.00220378 -17/3:0.0023866
133	4	20	66.45249917240545	0.9065218722734301	0.01364165206069278	3	19.888162261322602	0.30342307919608275	-2.6901292389700666	2.6901292389700666	-27	10	-2.7	0.009870761029933561	0.3903190123863229	0.3136210864184315	0.5600188268428407	0.6726440829840696	0.3136210864184315	33.19834690721172	29.86750183111658	29.8675018311166 -14.2416914872307 -2.69012923897007	239/8:0.00749817 -57/4:0.00830851 -27/10:0.00987076
134	1	17	66.24984538357886	0.8990923619605837	0.013571237136553966	0	0.0	0.0	nan	nan					nan	nan	nan	nan	nan	0.0	0.0		
134	2	18	62.5114328161185	1.1944259788097682	0.01910732045325614	1	4.856778781073205	0.07920769508465417	-2.3241920274655126	2.3241920274655126	-7	3	-2.3333333333333335	0.009141305867820915	1.0	1.0	1.0	1.0	1.0	2.3241920274655126	2.3241920274655126	-2.32419202746551	-7/3:0.00914131
134	3	19	60.30245178045973	1.1743142036038776	0.019473738943138624	2	17.609645651265442	0.29782175412469397	-2.736844087026908	2.736844087026908	-30	11	-2.727272727272727	0.009571359754180886	0.9450402807412726	0.5080526699726156	0.7127781351673294	0.5080526699726156	0.5080526699726156	4.254121112892268	3.2568744044653606	-3.25687440446536 -2.73684408702691	-13/4:0.0068744 -30/11:0.00957136
134	4	20	61.016864235459856	1.8889948881190861	0.030958570418000923	3	40.046148282430835	0.6772804216431972	-4.726009197504911	4.726009197504911	-52	11	-4.7272727272727275	0.001263529767816074	0.09904119946053862	0.6549568485166383	0.8092940432973903	0.6549568485166383	0.6549568485166383	14.26552665031488	11.028807484815191	-7.7159246457458 -11.0288074848152 -4.72600919750491	-54/7:0.00163893 -11/1:0.0288075 -52/11:0.00126353
135	1	17	61.49929484372164	0.3607528245912164	0.005865966845765306	0	0.0	0.0	nan	nan					nan	nan	nan	nan	nan	0.0	0.0		
135	2	18	63.78816490593688	0.49632409809166944	0.007780817943635115	1	17.223325216681417	0.27212552197638934	-6.90961152518266	6.90961152518266	-76	11	-6.909090909090909	0.0005206160917508029	1.0	1.0	1.0	1.0	1.0	6.90961152518266	6.90961152518266	-6.90961152518266	-76/11:0.000520616
135	3	19	63.155650725251874	0.5557369174169651	0.008799480506259144	2	39.01080078685249	0.6231765894535458	-8.86563303970523	8.86563303970523	-62	7	-8.857142857142858	0.00849018256237244	0.1673243553633874	0.9999999985934526	0.9999999992967262	0.9999999985934526	0.9999999985934526	61.89668508112019	61.258470229321375	-61.2584702293214 -8.86563303970523	-245/4:0.00847023 -62/7:0.00849018
135	4	20	65.46767091463707	0.7559136055554916	0.011546364717039088	3	40.797724079569775	0.6304530393867741	8.184576973621928	8.184576973621928	90	11	8.181818181818182	0.0027587918037461634	0.02352626449193479	0.9124851098823391	0.955240864851551	0.9124851098823391	0.9124851098823391	515.344666108203	510.0279191344324	510.027919134432 73.3802377301883 8.18457697362193	510/1:0.0279191 587/8:0.00523773 90/11:0.00275879
136	1	17	64.78232413749643	1.0048566604497609	0.01551127832828312	0	0.0	0.0	nan	nan					nan	nan	nan	nan	nan	0.0	0.0		
136	2	18	63.88884116001016	1.1454313445258748	0.017928504003651154	1	9.816234221136678	0.15645044236524988	3.125506442573089	3.125506442573089	25	8	3.125	0.000506442573088961	1.0	1.0	1.0	1.0	1.0	3.125506442573089	3.125506442573089	3.12550644257309	25/8:0.000506443
136	3	19	61.71312138981218	2.2808462261791576	0.03695885372208199	2	20.120573084891074	0.3385462365271013	3.456850274446473	3.456850274446473	38	11	3.4545454545454546	0.0023048199010182735	0.8016966845832653	0.6802833722895811	0.8247929269153447	0.6802833722895811	0.6802833722895811	8.9673143258144	8.274231831295005	-8.274231831295 3.45685027444647	-91/11:0.00150456 38/11:0.00230482
136	4	20	62.74629306558663	2.704618398840566	0.043104034783592995	3	39.99533335324473	0.6661262127552889	-3.9710723840166975	3.9710723840166975	-4	1	-4.0	0.028927615983302513	0.07954766462476216	0.8992952347506281	0.9483117814045273	0.8992952347506281	0.8992952347506281	35.46649321017482	32.27238376792464	-32.2723837679246 14.1631906957462 -3.9710723840167	-355/11:0.000343505 85/6:0.00347597 -4/1:0.0289276
137	1	17	58.833491688942736	0.5221420461300923	0.008874911740589833	0	0.0	0.0	nan	nan					nan	nan	nan	nan	nan	0.0	0.0		
137	2	18	65.22310164206637	0.6923338955720482	0.010614856977692697	1	39.3268872803931	0.6094284734823965	8.678615613152553	8.678615613152553	26	3	8.666666666666666	0.01194894648588729	1.0	1.0	1.0	1.0	1.0	8.678615613152553	8.678615613152553	8.67861561315255	26/3:0.0119489
137	3	19	64.98765764470463	1.1816283598883999	0.018182350352562403	2	30.66372048292549	0.4805771621683167	-6.527444137245849	6.527444137245849	-72	11	-6.545454545454546	0.018010408208696482	0.064224425939991	0.9620044358526821	0.9808182481238215	0.9620044358526821	0.9620044358526821	58.50820730115388	58.142951375295105	58.1429513752951 -6.52744413724585	407/7:9.42324e-05 -72/11:0.0180104
137	4	20	61.46713637442791	1.5386272563478585	0.025031705511304275	3	45.01073444285342	0.7510738228806357	-5.768709369839547	5.768709369839547	-52	9	-5.777777777777778	0.009068407938230827	0.1457694750340142	0.8736191101310249	0.9346759385642839	0.8736191101310249	0.8736191101310249	361.69394290844866	359.37524440491757	359.375244404918 -40.4804154841847 -5.76870936983955	2875/8:0.000244405 -81/2:0.0195845 -52/9:0.00906841
138	1	17	63.30188038525441	0.1298951163538291	0.002051994594209353	0	0.0	0.0	nan	nan					nan	nan	nan	nan	nan	0.0	0.0		
138	2	18	65.72738068033658	0.8480763104490308	0.012902937887843547	1	6.9909290279883525	0.10775283575995082	-7.3361978439533235	7.3361978439533235	-22	3	-7.333333333333333	0.00286451061999049	1.0	1.0	1.0	1.0	1.0	7.3361978439533235	7.3361978439533235	-7.33619784395332	-22/3:0.00286451
138	3	19	64.65925549495068	1.0792339114724	0.016691097093697264	2	15.121526787570906	0.23783456518203416	-3.3827059899173157	3.3827059899173157	-27	8	-3.375	0.0077059899173157476	0.8287281859380974	0.6417528319948652	0.8010947709196866	0.6417528319948652	0.6417528319948652	18.66732671080245	18.358278424558662	-18.3582784245587 -3.38270598991732	-202/11:0.00535794 -27/8:0.00770599
138	4	20	59.19714603633423	1.9410589333198587	0.03278973841286992	3	31.201279821047407	0.5449425799026484	-4.827570760191752	4.827570760191752	-29	6	-4.833333333333333	0.005762573141581129	0.19613546041249366	0.8061214384364225	0.8978426579509478	0.8061214384364225	0.8061214384364225	74.14041559580559	72.46377069804603	-72.463770698046 -14.9163575143236 -4.82757076019175	-797/11:0.00922524 -179/12:0.000309152 -29/6:0.00576257
139	1	17	63.78193320164339	0.22667772095027772	0.003553948737076492	0	0.0	0.0	nan	nan					nan	nan	nan	nan	nan	0.0	0.0		
139	2	18	64.34871922053706	0.4688124087008845	0.007285497122237388	1	8.776644696748551	0.13739288509923664	-6.222427423891373	6.222427423891373	-56	9	-6.222222222222222	0.00020520166915094507	1.0	1.0	1.0	1.0	1.0	6.222427423891373	6.222427423891373	-6.22242742389137	-56/9:0.000205202
139	3	19	66.0964685632594	1.2494994707341505	0.01890417896590471	2	28.97637784236037	0.44684243917423744	-7.861099763099097	7.861099763099097	-55	7	-7.857142857142857	0.00395690595624032	0.21207383832287513	0.9998195346352577	0.999909763246293	0.9998195346352577	0.9998195346352577	49.69273717233323	49.06700763438904	-49.067007634389 -7.8610997630991	-589/12:0.0163257 -55/7:0.00395691
139	4	20	63.90073424968341	2.2383249174550457	0.035028156463885005	3	40.03635336991451	0.6492829878606313	5.399251897581516	5.399251897581516	27	5	5.4	0.000748102418484109	0.09957619370407006	0.9098058854231009	0.9538374523067864	0.9098058854231009	0.9098058854231009	286.08923955685145	282.4425519323779	282.442551932378 45.2117896912964 5.39925189758152	2542/9:0.00189251 407/9:0.0104325 27/5:0.000748102
140	1	17	62.63662717931128	0.2366630981731248	0.003778349965997116	0	0.0	0.0	nan	nan					nan	nan	nan	nan	nan	0.0	0.0		
140	2	18	66.78540733835726	0.5813603101429834	0.00870490026657496	1	0.4381689776472581	0.006618462123025848	1.3606785556400858	1.3606785556400858	15	11	1.3636363636363635	0.0029578079962777615	1.0	1.0	1.0	1.0	1.0	1.3606785556400858	1.3606785556400858	1.36067855564009	15/11:0.00295781
140	3	19	64.12152385570704	0.5011241600105691	0.007815225370161993	2	30.23108616371825	0.4751791297809655	5.5395833826678675	5.5395833826678675	61	11	5.545454545454546	0.005871162786678319	0.9997966803874017	0.5901274757404428	0.7681975499443113	0.5901274757404428	0.5901274757404428	5.547798497592996	5.5395833826678675	-0.301801451893683 5.53958338266787	-3/10:0.00180145 61/11:0.00587116
140	4	20	63.86972271455224	2.121862577292866	0.03322172834186136	3	17.259688760154294	0.2795188160656534	-5.455936368544485	5.455936368544485	-60	11	-5.454545454545454	0.0013909139990309072	0.2931660353774605	0.8642730572210732	0.9296628728851514	0.8642730572210732	0.8642730572210732	31.541730825826054	30.61659773898341	-5.26663884470306 30.6165977389834 -5.45593636854449	-58/11:0.00608843 245/8:0.00840226 -60/11:0.00139091
141	1	17	57.83444908932471	0.1149034852908386	0.0019867654503524595	0	0.0	0.0	nan	nan					nan	nan	nan	nan	nan	0.0	0.0		
141	2	18	65.07678163064608	0.5649213604721126	0.008680843556130606	1	0.21129684376584243	0.003275317792432846	-1.3560631169018578	1.3560631169018578	-15	11	-1.3636363636363635	0.0075732467345057675	1.0	1.0	1.0	1.0	1.0	1.3560631169018578	1.3560631169018578	-1.35606311690186	-15/11:0.00757325
141	3	19	65.87926745624142	0.8167337075633156	0.012397431530425102	2	3.868402577952294	0.0594566850546439	-2.5854683942056305	2.5854683942056305	-31	12	-2.5833333333333335	0.002135060872296979	0.9233926843059713	0.9761909982950294	0.9880237842759806	0.9761909982950294	0.9761909982950294	3.674328854171481	2.6107557739399656	-2.61075577393997 -2.58546839420563	-13/5:0.0107558 -31/12:0.00213506
141	4	20	64.0934064023022	9.03166819992228	0.14091415493244666	3	8.563228276226415	0.15552048583632053	-3.01988519479913	3.01988519479913	-3	1	-3.0	0.01988519479913009	0.3669035162119385	0.8698088541694425	0.932635434759715	0.8698088541694425	0.8698088541694425	9.461535112015712	7.686782499106842	-4.61674288839697 -7.68678249910684 -3.01988519479913	-37/8:0.00825711 -77/10:0.0132175 -3/1:0.0198852
142	1	17	65.14969047537222	0.3939861056481391	0.0060473979657213114	0	0.0	0.0	nan	nan					nan	nan	nan	nan	nan	0.0	0.0		
142	2	18	65.752912102529	0.8733576754358694	0.013282418185129754	1	21.78012357792465	0.3357008809670472	7.435149693116235	7.435149693116235	52	7	7.428571428571429	0.006578264544805812	0.9999999999999999	1.0	1.0	1.0	1.0	7.435149693116235	7.435149693116235	7.43514969311623	52/7:0.00657826
142	3	19	65.29118374162128	1.70273514840774	0.02607909752633715	2	38.11336466231921	0.5993756021024682	-6.473307525465025	6.473307525465025	-71	11	-6.454545454545454	0.018762070919571272	0.0031821651327506822	0.9602124441301995	0.979904303557342	0.9602124441301995	0.9602124441301995	50.50842425773224	50.09188767335318	50.0918876733532 -6.47330752546503	551/11:0.000978582 -71/11:0.0187621
142	4	20	65.19266256822566	1.6083543796528588	0.02467078834170453	3	39.72136308023328	0.6247038650232872	4.600588119192065	4.600588119192065	23	5	4.6	0.0005881191920655837	0.04519757948978523	0.9072973965544412	0.9525215989962859	0.9072973965544412	0.9072973965544412	245.11575964756875	243.08122979404664	-243.081229794047 31.1782927431271 4.60058811919207	-2917/12:0.00210354 343/11:0.00352544 23/5:0.000588119
143	1	17	65.82097144745578	0.6500598687309207	0.009876181624725137	0	0.0	0.0	nan	nan					nan	nan	nan	nan	nan	0.0	0.0		
143	2	18	63.912392274447924	1.3299750655542582	0.02080934570314903	1	19.762990047464946	0.3157914144079498	5.5137827208513475	5.5137827208513475	11	2	5.5	0.013782720851347463	1.0	1.0	1.0	1.0	1.0	5.5137827208513475	5.5137827208513475	5.51378272085135	11/2:0.0137827
143	3	19	55.880759523731314	1.7029212632524846	0.030474196803450603	2	33.24332000559916	0.6135962798251624	4.644286099766667	4.644286099766667	51	11	4.636363636363637	0.007922463403030378	0.12510312303332255	0.8629329250200682	0.9289418308053892	0.8629329250200682	0.8629329250200682	28.63426791687739	28.25512176153251	-28.2551217615325 4.64428609976667	-113/4:0.00512176 51/11:0.00792246
143	4	20	66.18218113421895	2.8073434231541796	0.04241841799472919	3	41.04933998347394	0.6477229996331342	4.525135220230838	4.525135220230838	50	11	4.545454545454546	0.020319325223708162	0.11269592710003212	0.849476780233179	0.9216706462902998	0.849476780233179	0.849476780233179	140.86504961061215	138.87983538147446	138.879835381474 -23.1274010094822 4.52513522023084	1111/8:0.00483538 -185/8:0.00240101 50/11:0.0203193
144	1	17	58.939032763736684	0.3493978338155159	0.00592812296761153	0	0.0	0.0	nan	nan					nan	nan	nan	nan	nan	0.0	0.0		
144	2	18	66.83483572633585	0.3551463783012423	0.005313791444860229	1	23.927699333089755	0.35992495704700744	-8.275426149753669	8.275426149753669	-91	11	-8.272727272727273	0.0026988770263951523	1.0	1.0	1.0	1.0	1.0	8.275426149753669	8.275426149753669	-8.27542614975367	-91/11:0.00269888
144	3	19	62.41307563465476	0.7603213662297463	0.012182084579206014	2	33.149340962250776	0.5376781841395845	9.568423530569984	9.568423530569984	67	7	9.571428571428571	0.0030050408585875488	0.017507888320214875	0.9808741117301903	0.990390888351761	0.9808741117301903	0.9808741117301903	81.09630592559999	80.52984605671452	80.5298460567145 9.56842353056998	886/11:0.0156085 67/7:0.00300504
144	4	20	63.67056132597324	1.0432439824950563	0.01638502882288057	3	46.885329303538434	0.7486402306903367	-6.458532493280764	6.458532493280764	-71	11	-6.454545454545454	0.003987038735309589	0.40049968190314617	0.6764378836670577	0.8224584388691368	0.6764378836670577	0.6764378836670577	575.2639441948666	571.1758483250942	571.175848325094 68.1545533238738 -6.45853249328076	6283/11:0.00596986 477/7:0.0116962 -71/11:0.00398704
145	1	17	58.43331464127512	0.3919391435389201	0.006707460392159046	0	0.0	0.0	nan	nan					nan	nan	nan	nan	nan	0.0	0.0		
145	2	18	60.38177346275177	0.37417100539558845	0.006196754151754197	1	17.553013663614973	0.29251316407931566	6.6921632364785975	6.6921632364785975	67	10	6.7	0.007836763521402723	1.0	1.0	1.0	1.0	1.0	6.6921632364785975	6.6921632364785975	6.6921632364786	67/10:0.00783676
145	3	19	66.42204469960984	0.625898392762366	0.009423052174815727	2	30.56288731569098	0.4645087749236503	-8.332177181204202	8.332177181204202	-25	3	-8.333333333333334	0.0011561521291323373	0.250109528955872	0.8499487581765797	0.9219266555299178	0.8499487581765797	0.8499487581765797	59.764604134479804	59.18093215531587	59.1809321553159 -8.3321771812042	651/11:0.000886027 -25/3:0.00115615
145	4	20	62.3332973938477	1.0148533218752007	0.016281078722066238	3	43.21317014018825	0.7047336375571892	8.217848083209473	8.217848083209473	74	9	8.222222222222221	0.0043741390127483015	0.28120470668289904	0.9781465464407297	0.98901291520421	0.9781465464407297	0.9781465464407297	480.3489912995099	475.5968755685531	-475.596875568553 66.8971775545737 8.21784808320947	-2378/5:0.00312443 669/10:0.00282245 74/9:0.00437414
146	1	17	63.54815412277991	0.1988292289380169	0.0031287962912953157	0	0.0	0.0	nan	nan					nan	nan	nan	nan	nan	0.0	0.0		
146	2	18	63.912392274447924	0.3399297847668592	0.005318683477018941	1	18.237054417044476	0.28687034767616043	-9.577170802290183	9.577170802290183	-67	7	-9.571428571428571	0.005742230861612185	0.9999999999999999	1.0	1.0	1.0	1.0	9.577170802290183	9.577170802290183	-9.57717080229018	-67/7:0.00574223
146	3	19	66.76078497431887	1.0616111708911404	0.015901717921673848	2	45.86868557521972	0.6981622891097393	-10.716584957393396	10.716584957393396	-75	7	-10.714285714285714	0.0022992431076822584	0.25752012042045064	0.8511101048294055	0.9225562881631698	0.8511101048294055	0.8511101048294055	109.02325900477742	108.49528013178154	-108.495280131782 -10.7165849573934	-217/2:0.00471987 -75/7:0.00229924
146	4	20	66.63889142666807	2.3474052447058966	0.035225754727463754	3	45.64370548351289	0.7099494535610663	6.411975236966203	6.411975236966203	77	12	6.416666666666667	0.004691429700463878	0.14271881262263855	0.9562429762722245	0.9778767694716061	0.9562429762722245	0.9562429762722245	693.4684344369334	690.1137030787884	690.113703078788 67.8264915564254 6.4119752369662	6211/9:0.00259197 407/6:0.00684178 77/12:0.00469143
147	1	17	51.905415348030736	0.6290599334576896	0.012119350731321251	0	0.0	0.0	nan	nan					nan	nan	nan	nan	nan	0.0	0.0		
147	2	18	65.97375118114743	0.6291993733543109	0.009537116839494039	1	17.17962587061696	0.2629083128636301	-5.225896913453787	5.225896913453787	-47	9	-5.222222222222222	0.0036746912315646085	1.0	1.0	1.0	1.0	1.0	5.225896913453787	5.225896913453787	-5.22589691345379	-47/9:0.00367469
147	3	19	65.51637916559503	0.9999305842912207	0.015262299245259875	2	37.548082975043755	0.5819924034988622	7.634179448004471	7.634179448004471	84	11	7.636363636363637	0.00218418835916534	0.03557193140828859	0.9766191613096677	0.9882404369937853	0.9766191613096677	0.9766191613096677	41.78017229050832	41.07678298966735	41.0767829896674 7.63417944800447	493/12:0.00655034 84/11:0.00218419
147	4	20	66.42248448238013	1.0799027284049174	0.016258089964873008	3	40.09578149126806	0.6136240781277177	5.859092764525872	5.859092764525872	41	7	5.857142857142857	0.0019499073830155922	0.13732176416834924	0.8561146279762732	0.9252646259185927	0.8561146279762732	0.8561146279762732	257.6954791019268	253.35721788879172	-253.357217888792 -46.7199221446228 5.85909276452587	-2787/11:0.00641847 -327/7:0.00563643 41/7:0.00194991
148	1	17	65.48923344858727	0.29688718920742474	0.004533374015447866	0	0.0	0.0	nan	nan					nan	nan	nan	nan	nan	0.0	0.0		
148	2	18	65.74510835359263	0.27001984501838194	0.004107071260209229	1	6.133053978757135	0.09367003723796395	4.545091853931322	4.545091853931322	50	11	4.545454545454546	0.00036269152322354614	1.0	1.0	1.0	1.0	1.0	4.545091853931322	4.545091853931322	4.54509185393132	50/11:0.000362692
148	3	19	63.063422791428785	0.4490393172533089	0.007120439985289535	2	7.655893158362143	0.12227051890592712	2.240379145122529	2.240379145122529	9	4	2.25	0.009620854877470997	0.9742460550432329	0.1770283666171688	0.42074739050547755	0.8229716333828312	0.1770283666171688	6.009229697380509	5.5759790926777955	-5.5759790926778 2.24037914512253	-39/7:0.00455052 9/4:0.00962085
148	4	20	65.5521456325004	0.9827728856997595	0.014992230631311419	3	1.5093072803392371	0.023374972005036583	1.8050662955438141	1.8050662955438141	9	5	1.8	0.005066295543814103	0.12600338737418834	0.9693776806182581	0.9845697946911931	0.9693776806182581	0.9693776806182581	9.838254716262256	8.868285649161926	8.86828564916193 -3.85830288800878 1.80506629554381	71/8:0.00671435 -27/7:0.00116003 9/5:0.0050663
149	1	17	53.18007289159446	0.3564325069644454	0.006702369658105196	0	0.0	0.0	nan	nan					nan	nan	nan	nan	nan	0.0	0.0		
149	2	18	61.20939074132675	0.3316965172296591	0.005419046215170175	1	31.500498031880785	0.5174390790151183	-9.400913517681872	9.400913517681872	-47	5	-9.4	0.000913517681871312	1.0	1.0	1.0	1.0	1.0	9.400913517681872	9.400913517681872	-9.40091351768187	-47/5:0.000913518
149	3	19	63.754203392757006	0.46446595987544725	0.007285260189263291	2	35.516796596386435	0.5611778155036875	10.158337445437589	10.158337445437589	61	6	10.166666666666666	0.008329221229077532	0.28967982647536544	0.9637233778459865	0.9816941366056876	0.9637233778459865	0.9637233778459865	94.14603685478852	93.59639114735043	93.5963911473504 10.1583374454376	468/5:0.00360885 61/6:0.00832922
149	4	20	60.910793006695044	0.45509331118015695	0.007471472438885094	3	41.027990349720724	0.6786455298070849	9.328164218717896	9.328164218717896	28	3	9.333333333333334	0.0051691146154375645	0.19218130716622273	0.9850675481115817	0.9925056917275495	0.9850675481115817	0.9850675481115817	867.3527409656613	862.2273040855265	-862.227304085526 -93.6901206230366 9.3281642187179	-7760/9:0.00508186 -937/10:0.00987938 28/3:0.00516911
150	1	17	63.679235327368865	0.26333233455403615	0.004135293603955352	0	0.0	0.0	nan	nan					nan	nan	nan	nan	nan	0.0	0.0		
150	2	18	63.15762801658454	1.5728266229936665	0.024903193365347073	1	7.672671028930358	0.12458708732198416	5.397854753277364	5.397854753277364	27	5	5.4	0.0021452467226366068	1.0	1.0	1.0	1.0	1.0	5.397854753277364	5.397854753277364	5.39785475327736	27/5:0.00214525
150	3	19	55.885217570238176	1.4379602219049588	0.025730600763926314	2	3.0148773493026257	0.05537243740331246	-0.7034520997291942	0.7034520997291942	-7	10	-0.7	0.003452099729194247	0.575066374682746	0.2581548350258775	0.508089396687116	0.7418451649741226	0.2581548350258775	6.7482314723054	6.71146654220966	6.71146654220966 -0.703452099729194	47/7:0.00281917 -7/10:0.0034521
150	4	20	66.55063831808988	2.7920673084900542	0.04195402747521222	3	17.775744380266612	0.27879772238920164	-2.6689749276505395	2.6689749276505395	-8	3	-2.6666666666666665	0.002308260983872934	0.8979480354339868	0.5762461862044512	0.7591088105169451	0.5762461862044512	0.5762461862044512	5.6760740484678625	5.009401591014143	5.00940159101414 0.0168860655016256 -2.66897492765054	5/1:0.00940159 0/1:0.0168861 -8/3:0.00230826
151	1	17	56.10755413066283	0.36199742311296745	0.006451848217620585	0	0.0	0.0	nan	nan					nan	nan	nan	nan	nan	0.0	0.0		
151	2	18	65.02777038140368	0.39221158074310836	0.006031447463794193	1	32.53978062211356	0.5034346608260623	-9.481009261802386	9.481009261802386	-19	2	-9.5	0.018990738197613766	1.0	1.0	1.0	1.0	1.0	9.481009261802386	9.481009261802386	-9.48100926180239	-19/2:0.0189907
151	3	19	57.12935746782774	0.3838182732515705	0.006718406967341035	2	36.947447447108054	0.6511075226621434	9.683686014098287	9.683686014098287	97	10	9.7	0.016313985901712513	0.1759688703073158	0.9954452335782774	0.9977200176293334	0.9954452335782774	0.9954452335782774	91.6423576022972	91.12929239321282	91.1292923932128 9.68368601409829	729/8:0.00429239 97/10:0.016314
151	4	20	63.46890157464171	0.5685521273955914	0.008957963873487768	3	41.70188461774793	0.6629833535777551	-10.211570669746026	10.211570669746026	-92	9	-10.222222222222221	0.010651552476195647	0.07999623712151194	0.9597432345943249	0.979664858303249	0.9597432345943249	0.9597432345943249	954.9400178619385	949.5500129566241	949.550012956624 100.801460469039 -10.211570669746	10445/11:0.00455841 504/5:0.00146047 -92/9:0.0106516
152	1	17	64.95948326336972	0.1486279321241426	0.0022880097663577482	0	0.0	0.0	nan	nan					nan	nan	nan	nan	nan	0.0	0.0		
152	2	18	63.18640859645619	0.6269966700787108	0.00992296735969064	1	1.5068439533692022	0.024086606746599837	-3.1840796428395444	3.1840796428395444	-35	11	-3.1818181818181817	0.0022614610213627095	1.0	1.0	1.0	1.0	1.0	3.1840796428395444	3.1840796428395444	-3.18407964283954	-35/11:0.00226146
152	3	19	65.09310833347948	0.899554189082977	0.01381949966921932	2	14.829278689307454	0.2310088432858942	-4.340796447229472	4.340796447229472	-13	3	-4.333333333333333	0.007463113896139184	0.8627469510969875	0.7966802468071847	0.8925694632952579	0.7966802468071847	0.7966802468071847	10.278959077200684	9.317429147274817	-9.31742914727482 -4.34079644722947	-28/3:0.0159042 -13/3:0.00746311
152	4	20	61.18508907470436	1.4298239863893016	0.023368830674472797	3	5.609816452929651	0.09387986890592226	1.8508731147792798	1.8508731147792798	13	7	1.8571428571428572	0.0062697423635773575	0.40312761171696565	0.5493282990193099	0.7411668496494631	0.5493282990193099	0.5493282990193099	20.02650542516019	17.682366189350702	17.6823661893507 9.21786928756667 1.85087311477928	53/3:0.0156995 83/9:0.00435293 13/7:0.00626974
153	1	17	65.6493320503414	0.4894789463383802	0.007455962323623287	0	0.0	0.0	nan	nan					nan	nan	nan	nan	nan	0.0	0.0		
153	2	18	53.55805615858406	0.6267038015757151	0.011701391845142045	1	21.22828067754591	0.40105305706845773	-6.585524993632368	6.585524993632368	-79	12	-6.583333333333333	0.0021916602990348366	1.0	1.0	1.0	1.0	1.0	6.585524993632368	6.585524993632368	-6.58552499363237	-79/12:0.00219166
153	3	19	64.52863816310446	1.3937035140400482	0.021598216756369207	2	41.3904393176436	0.655586951150142	-7.750028447216955	7.750028447216955	-31	4	-7.75	2.8447216955385102e-05	0.13511548329622283	0.909429183088529	0.9536399651275784	0.909429183088529	0.909429183088529	54.36072328958204	53.80543927554012	-53.8054392755401 -7.75002844721696	-269/5:0.00543928 -31/4:2.84472e-05
153	4	20	66.6769699609013	1.268430441783778	0.019023516553430257	3	40.88727552480206	0.6251060767509046	5.374138190175646	5.374138190175646	43	8	5.375	0.0008618098243537986	0.23319080521525845	0.9844640955045183	0.9922016405471815	0.9844640955045183	0.9844640955045183	290.06546348585806	287.0313957243842	287.031395724384 41.4978266236983 5.37413819017565	287/1:0.0313957 83/2:0.00217338 43/8:0.00086181
154	1	17	61.132799606856594	0.27125113937646006	0.004437080276396123	0	0.0	0.0	nan	nan					nan	nan	nan	nan	nan	0.0	0.0		
154	2	18	62.19500806081826	0.40457221494020246	0.006504898504789739	1	26.711631416472922	0.43229394728820014	-9.923489652232618	9.923489652232618	-119	12	-9.916666666666666	0.006822985565952067	1.0	1.0	1.0	1.0	1.0	9.923489652232618	9.923489652232618	-9.92348965223262	-119/12:0.00682299
154	3	19	49.65114433799087	0.5690913059238056	0.011461796369683306	2	34.78957438452757	0.7088043844009193	8.993496143237419	8.993496143237419	9	1	9.0	0.0065038567625812505	0.3603640589114577	0.9405979827972087	0.9698443085347301	0.9405979827972087	0.9405979827972087	86.9530198101153	86.4866734313436	86.4866734313436 8.99349614323742	173/2:0.0133266 9/1:0.00650386
154	4	20	62.31165184081185	1.7263256368970445	0.02770470025906719	3	44.689555305651936	0.7376300187810866	8.842524281368958	8.842524281368958	53	6	8.833333333333334	0.009190948035623592	0.11661133397486662	0.9956998459543863	0.9978476065784726	0.9956998459543863	0.9956998459543863	767.4689567863823	763.2930196202283	-763.293019620228 -79.4617870057365 8.84252428136896	-7633/10:0.00698038 -874/11:0.00724155 53/6:0.00919095
155	1	17	62.63537425791746	0.5127894827814572	0.008186898998478288	0	0.0	0.0	nan	nan					nan	nan	nan	nan	nan	0.0	0.0		
155	2	18	60.04172357244548	0.5157227936728646	0.008589406882209183	1	29.601690116159833	0.4972900871700422	7.5978147313763875	7.5978147313763875	38	5	7.6	0.0021852686236121244	1.0	1.0	1.0	1.0	1.0	7.5978147313763875	7.5978147313763875	7.59781473137639	38/5:0.00218527
155	3	19	65.36179791469462	0.6152774016858018	0.009413409993538065	2	41.73138483564457	0.6445347874293867	8.33733212398513	8.33733212398513	25	3	8.333333333333334	0.003998790651795758	0.49351667061376053	0.8590288198314149	0.9268380763819616	0.8590288198314149	0.8590288198314149	60.53529845501286	59.958412688227895	-59.9584126882279 8.33733212398513	-60/1:0.0415873 25/3:0.00399879
155	4	20	62.25877507496615	1.0309639061871678	0.01655933488806643	3	43.82723330579205	0.715805978838261	-8.263341496927522	8.263341496927522	-91	11	-8.272727272727273	0.009385775799751528	0.05580775179356565	0.9586019560672333	0.9790822008734676	0.9586019560672333	0.9586019560672333	514.7807985721735	509.82896242123104	-509.828962421231 70.7489706101846 -8.26334149692752	-3059/6:0.00437091 283/4:0.00102939 -91/11:0.00938578
156	1	17	64.58202548901835	0.22034721664557821	0.003411896963235482	0	0.0	0.0	nan	nan					nan	nan	nan	nan	nan	0.0	0.0		
156	2	18	66.36011363772381	0.5943966263710792	0.00895713695754104	1	16.455392152544874	0.2502123127419759	-8.641722847725418	8.641722847725418	-95	11	-8.636363636363637	0.005359211361781746	1.0	1.0	1.0	1.0	1.0	8.641722847725418	8.641722847725418	-8.64172284772542	-95/11:0.00535921
156	3	19	65.85636599139895	0.6541564360071561	0.009933078240190038	2	23.356059168071607	0.35820962705611586	-6.223585308778934	6.223585308778934	-56	9	-6.222222222222222	0.001363086556711579	0.06802226446300713	0.9857302013953666	0.9928394640602108	0.9857302013953666	0.9857302013953666	55.363277184920676	55.01235721689	-55.01235721689 -6.22358530877893	-55/1:0.0123572 -56/9:0.00136309
156	4	20	57.66871457075704	0.9943792186736218	0.01724295792051271	3	36.423813087348805	0.6426861975719635	7.16835431743206	7.16835431743206	43	6	7.166666666666667	0.0016876507653931228	0.09405997661394354	0.9228585430722053	0.9606552675503348	0.9228585430722053	0.9228585430722053	415.1229562443014	412.44774213590455	412.447742135905 46.5031558540097 7.16835431743206	3712/9:0.00329769 93/2:0.00315585 43/6:0.00168765
157	1	17	44.50710343681846	0.5568789246353205	0.012512135853231979	0	0.0	0.0	nan	nan					nan	nan	nan	nan	nan	0.0	0.0		
157	2	18	65.34050764709863	0.6945362162252309	0.010629489136760187	1	1.0077837770123914	0.015589274237916355	-1.3452508973557367	1.3452508973557367	-4	3	-1.3333333333333333	0.011917564022403404	1.0	1.0	1.0	1.0	1.0	1.3452508973557367	1.3452508973557367	-1.34525089735574	-4/3:0.0119176
157	3	19	64.47449067349686	1.345671848888074	0.020871383935433415	2	16.818978260120943	0.26642314197021844	-3.8865519316868546	3.8865519316868546	-35	9	-3.888888888888889	0.0023369572020341955	0.9764176948242879	0.6237696466463203	0.7897908879230757	0.6237696466463203	0.6237696466463203	4.30761330405414	3.8865519316868546	-1.85748390560064 -3.88655193168685	-13/7:0.000341048 -35/9:0.00233696
157	4	20	65.34972105560149	2.1763693663334465	0.03330342243514286	3	29.98309070115848	0.47461611422228905	3.80947350205044	3.80947350205044	42	11	3.8181818181818183	0.008708316131378346	0.01631994373832652	0.6513174033004426	0.8070423801142308	0.6513174033004426	0.6513174033004426	14.520681809977694	13.913504334163699	1.65906871678077 13.9135043341637 3.80947350205044	5/3:0.00759795 167/12:0.00316233 42/11:0.00870832
158	1	17	65.14070968784338	0.4924708709012151	0.007560109081727128	0	0.0	0.0	nan	nan					nan	nan	nan	nan	nan	0.0	0.0		
158	2	18	66.61412116392837	0.7362374217948116	0.011052272535173593	1	5.683001299760996	0.08626569308155106	-3.3970239118494443	3.3970239118494443	-17	5	-3.4	0.0029760881505556114	1.0	1.0	1.0	1.0	1.0	3.3970239118494443	3.3970239118494443	-3.39702391184944	-17/5:0.00297609
158	3	19	65.71372412353826	0.713624934597604	0.010859602679891153	2	27.55611120933366	0.42393952552648034	-5.708283723909627	5.708283723909627	-40	7	-5.714285714285714	0.006001990376087285	0.6544748502325127	0.8705847625017757	0.9330513182573484	0.8705847625017757	0.8705847625017757	17.648820577632947	16.70019055905736	-16.7001905590574 -5.70828372390963	-167/10:0.000190559 -40/7:0.00600199
158	4	20	65.31769679122137	0.7579747059307778	0.011604431006707647	3	34.2994820544025	0.5312829880074308	5.412649222611683	5.412649222611683	65	12	5.416666666666667	0.004017444054984054	0.47306290869317646	0.6095400125462567	0.7807304352631942	0.6095400125462567	0.6095400125462567	110.09215892688412	104.19482402356553	104.194824023566 35.1343895958573 5.41264922261168	521/5:0.00517598 246/7:0.00846755 65/12:0.00401744
159	1	17	53.42742447180888	0.15839868655725553	0.002964744943691512	0	0.0	0.0	nan	nan					nan	nan	nan	nan	nan	0.0	0.0		
159	2	18	66.78321926941157	0.6673632152661497	0.009992977615737957	1	0.021850113856163214	0.0003304822044241417	0.3714078375614648	0.3714078375614648	3	8	0.375	0.003592162438535218	1.0	1.0	1.0	1.0	1.0	0.3714078375614648	0.3714078375614648	0.371407837561465	3/8:0.00359216
159	3	19	60.81279760147973	0.7664977916238556	0.012604218550294168	2	23.424572926256022	0.390108516268827	4.196411465434597	4.196411465434597	21	5	4.2	0.003588534565403201	0.8226798738740614	0.5017030175192225	0.7083099727656124	0.5017030175192225	0.5017030175192225	8.18354527599191	7.025705950079221	7.02570595007922 4.1964114654346	7/1:0.025706 21/5:0.00358853
159	4	20	66.54820208676568	1.3453666655197054	0.020216423935324558	3	40.51353171155588	0.6213461646233067	6.047240363730404	6.047240363730404	73	12	6.083333333333333	0.036092969602928626	0.32059907050271197	0.6918712213972628	0.8317879666100386	0.6918712213972628	0.6918712213972628	43.88901560843306	33.824129789659565	-33.8241297896596 -27.3057653075832 6.0472403637304	-372/11:0.00594797 -273/10:0.00576531 73/12:0.036093
160	1	17	61.44127128497452	0.830827120349241	0.013522297032164763	0	0.0	0.0	nan	nan					nan	nan	nan	nan	nan	0.0	0.0		
160	2	18	66.91946000459583	1.0591590428211504	0.01582736983753919	1	24.93278793265696	0.3785708168434874	5.478101683278306	5.478101683278306	11	2	5.5	0.0218983167216944	1.0	1.0	1.0	1.0	1.0	5.478101683278306	5.478101683278306	5.47810168327831	11/2:0.0218983
160	3	19	65.44863338727833	1.0566062827463156	0.01614405416984146	2	41.57727307566135	0.6456897685200389	-6.2596630379234535	6.2596630379234535	-25	4	-6.25	0.009663037923453466	0.15985083769086497	0.9981759171140334	0.9990875422674599	0.9981759171140334	0.9981759171140334	35.15498490786977	34.59320139166374	34.5932013916637 -6.25966303792345	173/5:0.00679861 -25/4:0.00966304
160	4	20	66.41949589581552	1.2690589118919462	0.019106723030276686	3	43.97347330431822	0.6749528528130833	6.358912581159445	6.358912581159445	70	11	6.363636363636363	0.004723782476918181	0.026359023683987792	0.971601390335094	0.9856984276821659	0.971601390335094	0.971601390335094	228.95145440236993	225.2304441835584	-225.230444183558 40.6150183629484 6.35891258115945	-2027/9:0.00822196 325/8:0.00998164 70/11:0.00472378
161	1	17	60.48355011763179	0.7913638840310568	0.01308395228937402	0	0.0	0.0	nan	nan					nan	nan	nan	nan	nan	0.0	0.0		
161	2	18	64.93973590535654	0.8902319981323643	0.013708586672261686	1	24.61700893677109	0.3843434755158896	5.57737092748495	5.57737092748495	39	7	5.571428571428571	0.005942356056379161	1.0	1.0	1.0	1.0	1.0	5.57737092748495	5.57737092748495	5.57737092748495	39/7:0.00594236
161	3	19	64.27065143550325	0.7706853359426447	0.011991248240513652	2	31.55099991611824	0.49686640567098755	5.623323783833097	5.623323783833097	45	8	5.625	0.001676216166902833	0.14604079200102896	0.892228832770861	0.944578653565102	0.892228832770861	0.892228832770861	33.905791228433735	33.43622150375713	-33.4362215037571 5.6233237838331	-234/7:0.00765008 45/8:0.00167622
161	4	20	66.59047429121816	2.113253232247189	0.03173506803698921	3	37.37795594939826	0.5797079237520538	6.792829656565737	6.792829656565737	34	5	6.8	0.007170343434262705	0.050797462711626475	0.9513996682766919	0.9753971848824928	0.9513996682766919	0.9513996682766919	238.41051902360473	234.99644673181723	234.996446731817 -39.6245261142851 6.79282965656574	235/1:0.00355327 -317/8:0.000473886 34/5:0.00717034
162	1	17	50.26518926906793	0.29647332159079554	0.005898183731165985	0	0.0	0.0	nan	nan					nan	nan	nan	nan	nan	0.0	0.0		
162	2	18	59.16577268456552	0.5980071732327374	0.010107316208324254	1	18.27725361840891	0.3120701884191277	-7.851681233261678	7.851681233261678	-55	7	-7.857142857142857	0.005461623881179101	1.0	1.0	1.0	1.0	1.0	7.851681233261678	7.851681233261678	-7.85168123326168	-55/7:0.00546162
162	3	19	65.70184421579253	0.7922952287857044	0.012058949611573657	2	35.58762711746881	0.5482648958875452	7.681220032640698	7.681220032640698	23	3	7.666666666666667	0.014553365974030896	0.2682579947421352	0.9914430524934522	0.9957123342077531	0.9914430524934522	0.9914430524934522	59.79244443065973	59.29700894483372	59.2970089448337 7.6812200326407	593/10:0.00299106 23/3:0.0145534
162	4	20	65.40711997378854	0.8731191704842161	0.013348992752380974	3	41.93576138705601	0.6498242920793589	-7.096223436019334	7.096223436019334	-71	10	-7.1	0.003776563980665948	0.06352182252246616	0.9513866895072176	0.97539053179084	0.9513866895072176	0.9513866895072176	436.7590118448025	433.06948607173484	433.069486071735 56.2040770243392 -7.09622343601933	5197/12:0.0138473 281/5:0.00407702 -71/10:0.00377656
163	1	17	58.170611647125796	0.18722279792531538	0.0032185117643432244	0	0.0	0.0	nan	nan					nan	nan	nan	nan	nan	0.0	0.0		
163	2	18	65.68406423711924	0.2076393863274575	0.0031611835951240778	1	25.029831059075388	0.3822724150885387	-11.562442700850434	11.562442700850434	-104	9	-11.555555555555555	0.0068871452948791045	1.0	1.0	1.0	1.0	1.0	11.562442700850434	11.562442700850434	-11.5624427008504	-104/9:0.00688715
163	3	19	63.374925620335915	0.21333829354697542	0.0033662886616235943	2	38.83279486943639	0.6148166395584885	-12.64224141193232	12.64224141193232	-139	11	-12.636363636363637	0.005877775568682964	0.29589938043444747	0.8545928332219981	0.9244419036488978	0.8545928332219981	0.8545928332219981	152.19295523446763	151.6669685695705	-151.666968569571 -12.6422414119323	-455/3:0.000301903 -139/11:0.00587778
163	4	20	61.45766028366628	4.659277673649989	0.07581280595688888	3	36.33834826271908	0.6397778702999701	12.695513371405031	12.695513371405031	127	10	12.7	0.004486628594968067	0.14403081390846403	0.9462462440052405	0.9727518923164532	0.9462462440052405	0.9462462440052405	1960.2978720878516	1953.4906300206417	1953.49063002064 162.729621378385 12.695513371405	3907/2:0.00936998 1790/11:0.00234865 127/10:0.00448663
164	1	17	65.59335357380519	0.4886867196458695	0.0074502475177763644	0	0.0	0.0	nan	nan					nan	nan	nan	nan	nan	0.0	0.0		
164	2	18	65.95060837215104	0.6489677152565037	0.00984020816903553	1	18.470899776688988	0.2828550644498828	-6.147927783506586	6.147927783506586	-43	7	-6.142857142857143	0.005070640649442737	0.9999999999999999	1.0	1.0	1.0	1.0	6.147927783506586	6.147927783506586	-6.14792778350659	-43/7:0.00507064
164	3	19	64.19773803778746	0.6520972023816185	0.010157635180195714	2	38.43360255094881	0.6048188679141416	7.54071729636759	7.54071729636759	83	11	7.545454545454546	0.004737249086955941	0.01569202965576443	0.9601460861906067	0.9798704435743568	0.9601460861906067	0.9601460861906067	48.71733649268196	48.13020317427991	48.1302031742799 7.54071729636759	385/8:0.00520317 83/11:0.00473725
164	4	20	60.07576491965787	1.068174182187903	0.017780450796031015	3	39.9174535475008	0.6764799756881638	7.122538169180995	7.122538169180995	57	8	7.125	0.002461830819004973	0.27413948080451717	0.8287414845319664	0.9103523957962468	0.8287414845319664	0.8287414845319664	366.79699864997275	362.28080372868084	-362.280803728681 -56.9379216195824 7.122538169181	-2536/7:0.00491056 -683/12:0.021255 57/8:0.00246183
165	1	17	63.12905461910347	1.1526121761429664	0.01825803004808779	0	0.0	0.0	nan	nan					nan	nan	nan	nan	nan	0.0	0.0		
165	2	18	66.15599565738228	0.9597845755035337	0.014507900092293937	1	35.64218700759008	0.546691079376188	-5.560842192535909	5.560842192535909	-50	9	-5.555555555555555	0.005286636980353698	1.0	1.0	1.0	1.0	1.0	5.560842192535909	5.560842192535909	-5.56084219253591	-50/9:0.00528664
165	3	19	66.76610691365681	1.4268055895375653	0.021370207961694355	2	43.0993146809557	0.6596231335128477	-6.099943427200614	6.099943427200614	-61	10	-6.1	5.657279938553472e-05	0.2611127961564765	0.828619245803413	0.9102852551829086	0.828619245803413	0.828619245803413	36.95916303887874	36.45230339387859	-36.4523033938786 -6.09994342720061	-401/11:0.00224206 -61/10:5.65728e-05
165	4	20	66.53648459223425	5.068944501393851	0.0761829323033617	3	35.826521463683235	0.5828526960853918	-4.852527986837749	4.852527986837749	-34	7	-4.857142857142857	0.004614870305108099	0.05063078092033715	0.9377698308372724	0.9683851665723058	0.9377698308372724	0.9377698308372724	188.02626327808113	185.36885099695843	-185.368850996958 -31.1242306655547 -4.85252798683775	-2039/11:0.00521463 -249/8:0.000769334 -34/7:0.00461487
166	1	17	64.44499018365667	0.34691530143318516	0.005383122884254288	0	0.0	0.0	nan	nan					nan	nan	nan	nan	nan	0.0	0.0		
166	2	18	65.72433104936292	0.4183002869630741	0.0063644662529757125	1	25.256768340327913	0.3867448081819356	8.532517006165754	8.532517006165754	94	11	8.545454545454545	0.01293753928879049	1.0	1.0	1.0	1.0	1.0	8.532517006165754	8.532517006165754	8.53251700616575	94/11:0.0129375
166	3	19	65.30237305448443	0.9771437882172052	0.014963373343292351	2	37.5111657370949	0.5831485742836849	-9.467871627855724	9.467871627855724	-104	11	-9.454545454545455	0.01332617331026853	0.10812922251526821	0.9996139844273658	0.9998069735840843	0.9996139844273658	0.9996139844273658	81.54061055796208	80.98907689931823	80.9890768993182 -9.46787162785572	81/1:0.0109231 -104/11:0.0133262
166	4	20	64.45090188939804	1.0096010578506736	0.015664653686044843	3	36.357720805738815	0.5730922968032721	-6.034195179398218	6.034195179398218	-6	1	-6.0	0.03419517939821759	0.04407983334541197	0.9785894566159016	0.989236805126003	0.9785894566159016	0.9785894566159016	502.07825917246953	498.6587046141445	498.658704614144 -58.186451470577 -6.03419517939822	1496/3:0.00796205 -640/11:0.00463329 -6/1:0.0341952
167	1	17	63.89071032041112	0.3500222679242455	0.005478453223776793	0	0.0	0.0	nan	nan					nan	nan	nan	nan	nan	0.0	0.0		
167	2	18	58.24375894230587	0.7206710032006853	0.012373360103947887	1	2.2735117324622642	0.03952346464551831	2.54859462384711	2.54859462384711	28	11	2.5454545454545454	0.0031400783925645825	1.0	1.0	1.0	1.0	1.0	2.54859462384711	2.54859462384711	2.54859462384711	28/11:0.00314008
167	3	19	66.33458358198487	0.6992900696683364	0.010541862659076816	2	14.595881922723933	0.2223785579626455	-4.4412621524639695	4.4412621524639695	-40	9	-4.444444444444445	0.0031822919804751493	0.343415106613134	0.9739115683819125	0.9868695802292786	0.9739115683819125	0.9739115683819125	13.135588958563078	12.361993681498765	12.3619936814988 -4.44126215246397	136/11:0.00164268 -40/9:0.00318229
167	4	20	63.72912201427395	1.2232625561696153	0.019194718482009387	3	33.44018255688877	0.534992764627173	-6.591431071323077	6.591431071323077	-79	12	-6.583333333333333	0.008097737989744225	0.04197304712033871	0.9085485741164527	0.9531781439565495	0.9085485741164527	0.9085485741164527	92.8386431746337	87.33895665462789	87.3389566546279 -30.7810551056976 -6.59143107132308	262/3:0.00562332 -277/9:0.00327733 -79/12:0.00809774
168	1	17	65.87933057237964	0.5328195647735328	0.008087810852724739	0	0.0	0.0	nan	nan					nan	nan	nan	nan	nan	0.0	0.0		
168	2	18	66.71600320808595	0.5349282155586934	0.008017989535288294	1	7.531068929818735	0.11379490180038773	3.759570468682925	3.759570468682925	15	4	3.75	0.009570468682924993	1.0	1.0	1.0	1.0	1.0	3.759570468682925	3.759570468682925	3.75957046868292	15/4:0.00957047
168	3	19	65.39698378997834	0.5785369165238876	0.008846538219283205	2	21.07960567563673	0.3252099779062989	-6.238376869727364	6.238376869727364	-25	4	-6.25	0.011623130272636395	0.14827430476462183	0.987588987842027	0.9937751193514692	0.987588987842027	0.987588987842027	24.946931333166503	24.154337850021374	24.1543378500214 -6.23837686972736	169/7:0.0114807 -25/4:0.0116231
168	4	20	65.36866344694376	1.5100293659539261	0.023100202548573385	3	20.620920411525304	0.3229151501325954	-0.7081929360980456	0.7081929360980456	-5	7	-0.7142857142857143	0.006092778187668735	0.6498198834223375	0.014071040453549717	0.11862141650456598	0.5698554215662268	0.014071040453549717	32.04291869903082	30.71396731648699	30.713967316487 -9.10490599620496 -0.708192936098046	215/7:0.000318398 -91/10:0.004906 -5/7:0.00609278
169	1	17	61.71352524282133	0.6855854347008332	0.011109160139585158	0	0.0	0.0	nan	nan					nan	nan	nan	nan	nan	0.0	0.0		
169	2	18	66.47983858882043	0.5238575523962368	0.007879946214013991	1	38.51107833102024	0.5838906150111314	7.4948345203849165	7.4948345203849165	15	2	7.5	0.0051654796150835125	1.0	1.0	1.0	1.0	1.0	7.4948345203849165	7.4948345203849165	7.49483452038492	15/2:0.00516548
169	3	19	63.324958466239806	1.2326983150450275	0.019466231718133872	2	40.67139922475993	0.6550156030030956	8.637713559769956	8.637713559769956	95	11	8.636363636363637	0.0013499234063196752	0.08259998736698496	0.9609962474623357	0.9803041606880671	0.9609962474623357	0.9609962474623357	66.82000953748566	66.2593659722838	-66.2593659722838 8.63771355976996	-265/4:0.00936597 95/11:0.00134992
169	4	20	65.0105117371557	1.4379619778373325	0.022118914917193134	3	40.74979541856725	0.6409967127768729	5.70893596949652	5.70893596949652	40	7	5.714285714285714	0.005349744789194588	0.21471969578775152	0.985920084071596	0.9929350855275465	0.985920084071596	0.985920084071596	377.8757879197488	374.676918406548	374.676918406548 -48.7311600461155 5.70893596949652	1124/3:0.0102517 -536/11:0.00388732 40/7:0.00534974
170	1	17	66.52747740708085	0.21892034108373082	0.0032906755165863243	0	0.0	0.0	nan	nan					nan	nan	nan	nan	nan	0.0	0.0		
170	2	18	65.17232444790301	0.26880386042050475	0.00412450933272112	1	10.284074067092625	0.15845171377461523	6.85392803105132	6.85392803105132	48	7	6.857142857142857	0.003214826091536338	1.0	1.0	1.0	1.0	1.0	6.85392803105132	6.85392803105132	6.85392803105132	48/7:0.00321483
170	3	19	66.43059444571395	1.1147324588907281	0.01678040770509242	2	39.74556063334483	0.608513145571945	11.989144212119543	11.989144212119543	12	1	12.0	0.010855787880457157	0.0074506515701340545	0.9721275306742339	0.9859652786352234	0.9721275306742339	0.9721275306742339	85.2693108437023	84.42224702541935	-84.4222470254194 11.9891442121195	-1013/12:0.00558036 12/1:0.0108558
170	4	20	65.96061822029884	9.031668196954023	0.13692515990055715	3	32.23726795137077	0.5662719572054509	-5.296355761575285	5.296355761575285	-53	10	-5.3	0.0036442384247150628	0.006984442671465532	0.96998879377983	0.9848800910668415	0.96998879377983	0.96998879377983	464.84021556107683	460.1976115363706	-460.197611536371 65.318702947433 -5.29635576157528	-2301/5:0.00238846 196/3:0.0146304 -53/10:0.00364424
171	1	17	64.01097637622712	0.15935692162950943	0.0024895249323004017	0	0.0	0.0	nan	nan					nan	nan	nan	nan	nan	0.0	0.0		
171	2	18	64.98495872294868	0.9394566577143877	0.014456524650874781	1	1.4887408082223095	0.02324504860163225	-3.0564977518767535	3.0564977518767535	-37	12	-3.0833333333333335	0.026835581456579938	1.0	1.0	1.0	1.0	1.0	3.0564977518767535	3.0564977518767535	-3.05649775187675	-37/12:0.0268356
171	3	19	55.373713106150305	0.9042219183806566	0.01632944347884494	2	20.606091894036247	0.37830520250321437	-3.585418401632102	3.585418401632102	-43	12	-3.5833333333333335	0.002085068298768533	0.9799453652630938	0.5860852646182032	0.7655620579797585	0.5860852646182032	0.5860852646182032	5.111370760677308	3.6429227192386096	-3.64292271923861 -3.5854184016321	-40/11:0.00655908 -43/12:0.00208507
171	4	20	64.54296016103143	11.15014586953243	0.17275541502455696	3	7.6631716805334635	0.1435244008434589	-1.6753627693082564	1.6753627693082564	-5	3	-1.6666666666666667	0.00869610264158971	0.6444368214024166	0.3311953228788267	0.5754957192532597	0.4785656634161776	0.3311953228788267	9.030761095821026	7.2525829040096665	-5.11349653187299 -7.25258290400967 -1.67536276930826	-46/9:0.00238542 -29/4:0.0025829 -5/3:0.0086961
172	1	17	64.0051564960133	0.18159227208638384	0.0028371506614110805	0	0.0	0.0	nan	nan					nan	nan	nan	nan	nan	0.0	0.0		
172	2	18	62.50228757417423	0.4441536583447814	0.007106198438220114	1	20.23056922698943	0.32599383755928774	-10.55493030693556	10.55493030693556	-95	9	-10.555555555555555	0.0006252486199951335	1.0	1.0	1.0	1.0	1.0	10.55493030693556	10.55493030693556	-10.5549303069356	-95/9:0.000625249
172	3	19	66.58243609853034	0.4600003792030378	0.006908734587636864	2	39.369661344906206	0.5954054915947179	-9.403129365970054	9.403129365970054	-47	5	-9.4	0.0031293659700537546	0.19576865540571617	0.9975079983667925	0.9987532219556503	0.9975079983667925	0.9975079983667925	98.96208677532807	98.51434300168883	-98.5143430016888 -9.40312936597005	-197/2:0.014343 -47/5:0.00312937
172	4	20	64.42876594374108	0.8943576501698729	0.013881340687959506	3	35.83414872728107	0.5640116857892731	8.80791981184179	8.80791981184179	44	5	8.8	0.007919811841789581	0.08168019029655602	0.9958818148427333	0.9979387831138408	0.9958818148427333	0.9958818148427333	875.2229332886242	871.2264194311626	871.226419431163 83.0790562541943 8.80791981184179	7841/9:0.00419721 997/12:0.00427708 44/5:0.00791981
173	1	17	64.80993473771028	0.261383008382694	0.0040330700754525805	0	0.0	0.0	nan	nan					nan	nan	nan	nan	nan	0.0	0.0		
173	2	18	65.73775280529678	0.3791979673918462	0.005768343930389001	1	35.83678829295274	0.5483105980820902	-11.709163343232222	11.709163343232222	-82	7	-11.714285714285714	0.005122371053492003	1.0	1.0	1.0	1.0	1.0	11.709163343232222	11.709163343232222	-11.7091633432322	-82/7:0.00512237
173	3	19	62.03950663608692	0.41166320485522334	0.006635500944099522	2	37.65228353851371	0.6109622119185225	9.942543986667278	9.942543986667278	119	12	9.916666666666666	0.02587732000061216	0.03585362457884091	0.9955652341056401	0.9977801531928966	0.9955652341056401	0.9955652341056401	117.63905129463613	117.21813941781886	117.218139417819 9.94254398666728	1055/9:0.0040828 119/12:0.0258773
173	4	20	65.90280912943709	2.594779673649157	0.03937282352491004	3	48.23493126295175	0.7619085869137232	9.887365166052867	9.887365166052867	89	9	9.88888888888889	0.0015237228360227562	0.06666183975748671	0.8343370608947642	0.9134205279578318	0.8343370608947642	0.8343370608947642	1165.0750324060327	1160.8250157586333	-1160.82501575863 -98.9310564734871 9.88736516605287	-12769/11:0.00683394 -1187/12:0.0143898 89/9:0.00152372
174	1	17	60.68200115321857	0.19268551630088382	0.0031753322672132046	0	0.0	0.0	nan	nan					nan	nan	nan	nan	nan	0.0	0.0		
174	2	18	52.876027712079775	0.5543376081824789	0.010483722627595149	1	33.14220648314254	0.6334314969055992	-13.114935947139859	13.114935947139859	-118	9	-13.11111111111111	0.0038248360287482797	1.0	1.0	1.0	1.0	1.0	13.114935947139859	13.114935947139859	-13.1149359471399	-118/9:0.00382484
174	3	19	63.526070892412775	0.5080107748462126	0.007996886439058626	2	40.348296857550864	0.640265612465332	7.665384892352391	7.665384892352391	23	3	7.666666666666667	0.0012817743142763405	0.3201479464651553	0.8072667575684239	0.898480248847143	0.8072667575684239	0.8072667575684239	107.15836594019176	106.88384941338961	106.88384941339 7.66538489235239	962/9:0.00503948 23/3:0.00128177
174	4	20	65.90061453860261	2.214272880275537	0.03360018560947534	3	47.137023052945906	0.7401433623842433	9.13835010693606	9.13835010693606	64	7	9.142857142857142	0.004507035921081481	0.36934827829264927	0.9000079755959103	0.9486875015493301	0.9000079755959103	0.9000079755959103	955.3316711421198	952.8253592863045	-952.825359286305 -68.5487209613957 9.13835010693606	-10481/11:0.00717747 -754/11:0.00326642 64/7:0.00450704
175	1	17	66.87380475746525	0.25372814122764	0.0037941334749510545	0	0.0	0.0	nan	nan					nan	nan	nan	nan	nan	0.0	0.0		
175	2	18	50.38521486437707	0.7849752112906359	0.015579475316391325	1	30.91522961280465	0.6232879080631804	-11.038293037736313	11.038293037736313	-11	1	-11.0	0.038293037736313096	1.0	1.0	1.0	1.0	1.0	11.038293037736313	11.038293037736313	-11.0382930377363	-11/1:0.038293
175	3	19	61.31648257054975	1.0555403297672257	0.017214626239408597	2	34.496412567591456	0.5724506004196773	-6.477267199159767	6.477267199159767	-71	11	-6.454545454545454	0.02272174461431309	0.056437638999536084	0.9546971693171517	0.9770860603432799	0.9546971693171517	0.9546971693171517	74.26278091913807	73.9797650677169	-73.9797650677169 -6.47726719915977	-74/1:0.0202349 -71/11:0.0227217
175	4	20	66.27792810628316	1.342119784859534	0.020249875383963625	3	39.83108133141995	0.6133916303045216	-6.104835359707369	6.104835359707369	-61	10	-6.1	0.004835359707369591	0.19001944125859357	0.9876444933140852	0.9938030455347202	0.9876444933140852	0.9876444933140852	452.3866558029434	450.610872182228	-450.610872182228 -39.5759927856957 -6.10483535970737	-2253/5:0.0108722 -277/7:0.00456421 -61/10:0.00483536
176	1	17	65.24587963185378	0.12438402385635072	0.0019063889483624192	0	0.0	0.0	nan	nan					nan	nan	nan	nan	nan	0.0	0.0		
176	2	18	66.65308937188217	0.2009617346030126	0.0030150400603604875	1	5.357331153041972	0.08061940743694937	-6.562841943223511	6.562841943223511	-59	9	-6.555555555555555	0.007286387667956085	1.0	1.0	1.0	1.0	1.0	6.562841943223511	6.562841943223511	-6.56284194322351	-59/9:0.00728639
176	3	19	58.943183144198066	0.6746996342481424	0.011446610078684813	2	0.8671562741036976	0.014882080704153249	-1.825685913114403	1.825685913114403	-20	11	-1.8181818181818181	0.007504094932584859	0.30120653209118026	0.7724460010413097	0.8788890720911882	0.7724460010413097	0.7724460010413097	13.366487700269717	13.241218387600036	-13.2412183876 -1.8256859131144	-53/4:0.00878161 -20/11:0.00750409
176	4	20	66.87486384647086	0.5927170342279879	0.008863076500443103	3	13.75477558262548	0.2075185588298546	-3.579366955428785	3.579366955428785	-43	12	-3.5833333333333335	0.003966377904548679	0.9786328634271884	0.6284480955584901	0.7927471826241265	0.6284480955584901	0.6284480955584901	14.869597365211886	14.311974656324503	-14.3119746563245 -1.86022564185796 -3.57936695542878	-143/10:0.0119747 -13/7:0.00308278 -43/12:0.00396638
177	1	17	62.809056627585704	0.1728886374225027	0.002752606816682709	0	0.0	0.0	nan	nan					nan	nan	nan	nan	nan	0.0	0.0		
177	2	18	65.11884947436201	0.2499131202572471	0.003837799996077028	1	31.726881388907245	0.48909205502796316	13.546604973632943	13.546604973632943	149	11	13.545454545454545	0.0011504281783984993	1.0	1.0	1.0	1.0	1.0	13.546604973632943	13.546604973632943	13.5466049736329	149/11:0.00115043
177	3	19	61.61750691777266	1.2706958309257033	0.020622318144442646	2	36.83878109183718	0.6104511643344559	11.834357705760686	11.834357705760686	71	6	11.833333333333334	0.0010243724273522048	0.13631806321083204	0.9501084687354465	0.9747350761799056	0.9501084687354465	0.9501084687354465	164.00339484029934	163.5758585391965	-163.575858539197 11.8343577057607	-1145/7:0.00442997 71/6:0.00102437
177	4	20	62.859986529634384	3.199545129627815	0.05089955162684354	3	49.733548390737624	0.8336101313312132	-6.123211745094561	6.123211745094561	-49	8	-6.125	0.0017882549054393237	0.23315357168689496	0.9579673654974006	0.9787580730177404	0.9579673654974006	0.9579673654974006	988.5029044893857	985.9249397254154	-985.924939725415 71.0810220052627 -6.12321174509456	-11831/12:0.00827306 853/12:0.00231133 -49/8:0.00178825
178	1	17	65.1332404884233	0.12104785011854347	0.001858465035837705	0	0.0	0.0	nan	nan					nan	nan	nan	nan	nan	0.0	0.0		
178	2	18	64.1836377320146	0.8319167981668798	0.012961509000788875	1	33.68924734222931	0.5317810920623267	-16.68272972730867	16.68272972730867	-50	3	-16.666666666666668	0.016063060642000693	1.0	1.0	1.0	1.0	1.0	16.68272972730867	16.68272972730867	-16.6827297273087	-50/3:0.0160631
178	3	19	55.567754913166645	1.0403949302292332	0.018722997390393292	2	37.87786045302495	0.6946578830311537	-6.747504088851637	6.747504088851637	-27	4	-6.75	0.002495911148362673	0.16180830478337713	0.9999557148989382	0.9999778572043174	0.9999557148989382	0.9999557148989382	112.65132903628604	112.4490690144321	-112.449069014432 -6.74750408885164	-1012/9:0.00462457 -27/4:0.00249591
178	4	20	65.15424665310465	1.4584676475834613	0.02238484400485297	3	49.74622244540329	0.7809971590282498	-6.514802974642836	6.514802974642836	-13	2	-6.5	0.014802974642836197	0.020443831631268977	0.8876478216752854	0.9421506364033755	0.8876478216752854	0.8876478216752854	744.944464080458	743.5561221368929	-743.556122136893 -44.9900560020603 -6.51480297464284	-6692/9:0.000566581 -45/1:0.009944 -13/2:0.014803
179	1	17	55.13073174569935	0.31050354252203505	0.005632131711116947	0	0.0	0.0	nan	nan					nan	nan	nan	nan	nan	0.0	0.0		
179	2	18	63.11191357806805	0.35363781267663796	0.005603344798588554	1	25.538987022964832	0.4069421396858791	9.06919111803089	9.06919111803089	109	12	9.083333333333334	0.014142215302443972	1.0	1.0	1.0	1.0	1.0	9.06919111803089	9.06919111803089	9.06919111803089	109/12:0.0141422
179	3	19	66.48302978823533	0.8928373767343487	0.013429553069080238	2	38.13250996157103	0.5813751806418644	10.119636778748799	10.119636778748799	81	8	10.125	0.005363221251201367	0.10881666491599162	0.9497146839444911	0.9745330594415416	0.9497146839444911	0.9497146839444911	94.80361756183093	94.26196928918945	-94.2619692891895 10.1196367787488	-1037/11:0.010758 81/8:0.00536322
179	4	20	66.87528760115927	0.8974460550097518	0.013419696381151635	3	38.74662791040539	0.587267285537119	6.243691097556812	6.243691097556812	25	4	6.25	0.00630890244318838	0.15173925654468315	0.8982997268668206	0.9477867517890407	0.8982997268668206	0.8982997268668206	621.6728094947008	618.0751231241427	618.075123124143 -66.4924098043423 6.24369109755681	7417/12:0.00821021 -133/2:0.0075902 25/4:0.0063089
180	1	17	54.59099922248939	0.18018633736654266	0.003300660180851074	0	0.0	0.0	nan	nan					nan	nan	nan	nan	nan	0.0	0.0		
180	2	18	58.59081982573649	0.20570952485121552	0.0035109514675344404	1	13.308868668337135	0.2279497049804381	8.594282813535283	8.594282813535283	43	5	8.6	0.005717186464716306	1.0	1.0	1.0	1.0	1.0	8.594282813535283	8.594282813535283	8.59428281353528	43/5:0.00571719
180	3	19	66.49835949185041	0.643374072137405	0.00967503675359469	2	26.15560761591909	0.39716974271912425	11.011321402997023	11.011321402997023	11	1	11.0	0.011321402997023	0.3342283504965538	0.9536048823406829	0.9765269491113304	0.9536048823406829	0.9536048823406829	92.69563077575123	92.03928925124475	-92.0392892512448 11.011321402997	-92/1:0.0392893 11/1:0.0113214
180	4	20	64.88164368897228	3.0346841405060943	0.04677261499498493	3	41.267707272130835	0.6672552308701857	7.813286940141718	7.813286940141718	86	11	7.818181818181818	0.004894878040100359	0.18962962490598712	0.9517453454558918	0.9755743669530744	0.9517453454558918	0.9517453454558918	728.6443905940106	723.4907185996747	723.490718599675 -86.1555604208722 7.81328694014172	1447/2:0.0092814 -517/6:0.0111062 86/11:0.00489488
181	1	17	60.334082690957594	0.4207686277071545	0.006973979033747969	0	0.0	0.0	nan	nan					nan	nan	nan	nan	nan	0.0	0.0		
181	2	18	57.9963783730349	0.4512439600021949	0.007780554108047517	1	8.999446682561125	0.1563893589676445	4.624728354136603	4.624728354136603	37	8	4.625	0.0002716458633971186	0.9999999999999999	1.0	1.0	1.0	1.0	4.624728354136603	4.624728354136603	4.6247283541366	37/8:0.000271646
181	3	19	59.53898456264171	0.9916137717603206	0.016654865363332345	2	13.112664515117123	0.22396675269932684	-2.963857528069928	2.963857528069928	-3	1	-3.0	0.03614247193007181	0.9352415514604557	0.30229787795369234	0.549816221981211	0.6977021220463077	0.30229787795369234	9.5173692976986	9.044106749816654	9.04410674981665 -2.96385752806993	109/12:0.0392266 -3/1:0.0361425
181	4	20	61.88787031791007	1.7553236141370618	0.02836296684827235	3	0.9710522538612189	0.016148530323268188	-0.2602443715758212	0.2602443715758212	-1	4	-0.25	0.010244371575821198	0.846231321942652	0.06916121915643006	0.26298520710570406	0.7852744510010079	0.06916121915643006	3.843117226385671	3.595863082647869	3.59586308264787 -1.33101148517042 -0.260244371575821	18/5:0.00413692 -4/3:0.00232185 -1/4:0.0102444
182	1	17	59.93670697405665	0.13156158531226936	0.002195008567441238	0	0.0	0.0	nan	nan					nan	nan	nan	nan	nan	0.0	0.0		
182	2	18	65.5865404574356	1.7578833697042953	0.026802501815828016	1	27.847988277113075	0.4362928745130346	-14.54897389699999	14.54897389699999	-160	11	-14.545454545454545	0.0035193515454459146	1.0	1.0	1.0	1.0	1.0	14.54897389699999	14.54897389699999	-14.548973897	-160/11:0.00351935
182	3	19	60.80357649401662	1.7057992866022573	0.02805425905777297	2	38.33758261678759	0.6487144598050599	4.666117378442571	4.666117378442571	14	3	4.666666666666667	0.0005492882240956121	0.28303420580088345	0.9983358151252205	0.9991675610853369	0.9983358151252205	0.9983358151252205	67.35266234980939	67.19083623693061	67.1908362369306 4.66611737844257	739/11:0.00901806 14/3:0.000549288
182	4	20	64.3312082974005	2.6476927603142997	0.04115720550551649	3	37.99113518663681	0.615904182111593	-3.9857068470792503	3.9857068470792503	-4	1	-4.0	0.01429315292074973	0.34668551019914967	0.7132739502276111	0.8445554749260767	0.7132739502276111	0.7132739502276111	303.0580554046231	302.29912751967663	302.299127519677 21.0603083406442 -3.98570684707925	3023/10:0.00087248 253/12:0.023025 -4/1:0.0142932
183	1	17	57.69580855342755	0.7116600469730372	0.012334692325422995	0	0.0	0.0	nan	nan					nan	nan	nan	nan	nan	0.0	0.0		
183	2	18	64.26019296293364	1.1601248216886688	0.018053553346125933	1	20.14593612700382	0.3192696413878443	5.320561087458153	5.320561087458153	16	3	5.333333333333333	0.012772245875179777	0.9999999999999999	1.0	1.0	1.0	1.0	5.320561087458153	5.320561087458153	5.32056108745815	16/3:0.0127722
183	3	19	63.030604845105785	2.864865079823936	0.04545196872002391	2	33.34672480847423	0.5542477319911004	4.906406565897553	4.906406565897553	54	11	4.909090909090909	0.002684343193355865	0.17845356832079814	0.8374880118956535	0.9151437110616307	0.8374880118956535	0.8374880118956535	29.278382207273175	28.864352396776336	-28.8643523967763 4.90640656589755	-202/7:0.00720954 54/11:0.00268434
183	4	20	65.3094729201272	2.5828311400814243	0.03954757288028032	3	43.71588526597831	0.696926920131805	3.67223081887862	3.67223081887862	11	3	3.6666666666666665	0.005564152211953388	0.14637420598520712	0.883740663211987	0.9400748178799319	0.883740663211987	0.883740663211987	109.69203418491563	108.15579279135021	108.15579279135 -17.9215392785356 3.67223081887862	649/6:0.0108739 -215/12:0.00487261 11/3:0.00556415
184	1	17	63.98291565799393	0.6537308229684058	0.010217271536401602	0	0.0	0.0	nan	nan					nan	nan	nan	nan	nan	0.0	0.0		
184	2	18	63.97843353887116	0.6912095984543072	0.010803790593502907	1	25.967937885102874	0.41031880162022843	6.302592825655527	6.302592825655527	63	10	6.3	0.002592825655526987	1.0	1.0	1.0	1.0	1.0	6.302592825655527	6.302592825655527	6.30259282565553	63/10:0.00259283
184	3	19	58.628575763238054	0.6601630376254661	0.011260089965197636	2	39.482088935602285	0.6810966020837351	7.3515749546955815	7.3515749546955815	81	11	7.363636363636363	0.012061408940781781	0.385606758897795	0.9461727082850088	0.972714093804037	0.9461727082850088	0.9461727082850088	45.133711232466396	44.53095816733743	-44.5309581673374 7.35157495469558	-490/11:0.0144964 81/11:0.0120614
184	4	20	63.72659516608823	0.7704500788638597	0.01208993006539679	3	41.76545881505943	0.6634055938017536	6.982680620328404	6.982680620328404	7	1	7.0	0.017319379671596025	0.2986036407479172	0.770687481511053	0.8778880802876031	0.770687481511053	0.770687481511053	339.06822685978244	334.52116956262006	334.52116956262 -54.900744545481 6.9826806203284	669/2:0.0211696 -549/10:0.000744545 7/1:0.0173194
185	1	17	66.91588143022665	0.7765732293712659	0.011605215574736183	0	0.0	0.0	nan	nan					nan	nan	nan	nan	nan	0.0	0.0		
185	2	18	63.36069808187487	0.933086957202832	0.01472658896524616	1	0.9614111324218685	0.015400415218545961	1.112662280828374	1.112662280828374	10	9	1.1111111111111112	0.001551169717262768	1.0	1.0	1.0	1.0	1.0	1.112662280828374	1.112662280828374	1.11266228082837	10/9:0.00155117
185	3	19	61.26462445775793	0.9298790073771102	0.015178074061618764	2	5.300257464272433	0.08784751513754797	-2.3775388667586634	2.3775388667586634	-19	8	-2.375	0.0025388667586634384	0.7497968821081287	0.9951313383331446	0.9975626989483641	0.9951313383331446	0.9951313383331446	3.423389078471487	2.4631081420940064	2.46310814209401 -2.37753886675866	27/11:0.00856269 -19/8:0.00253887
185	4	20	65.3780941773215	1.0787370197079724	0.016499976533151484	3	19.952946806379074	0.31031331709070586	-1.2926026591479838	1.2926026591479838	-9	7	-1.2857142857142858	0.00688837343369797	0.8860965018083911	0.07786629102992536	0.27904532074543975	0.7634112720533176	0.07786629102992536	3.7017686661747975	3.3311958987263157	-3.33119589872632 0.967162606672773 -1.29260265914798	-10/3:0.00213743 1/1:0.0328374 -9/7:0.00688837
186	1	17	65.44043794744337	0.33010273610265983	0.005044323455900042	0	0.0	0.0	nan	nan					nan	nan	nan	nan	nan	0.0	0.0		
186	2	18	63.71983395617925	0.41009630746795267	0.006435928689801355	1	22.337446911549453	0.3528279809891795	-8.226066283995426	8.226066283995426	-74	9	-8.222222222222221	0.003844061773204288	1.0	1.0	1.0	1.0	1.0	8.226066283995426	8.226066283995426	-8.22606628399543	-74/9:0.00384406
186	3	19	65.74085085715936	2.1506657484173743	0.032714297432661854	2	25.92872089862636	0.4077472153019702	-7.650111628698479	7.650111628698479	-84	11	-7.636363636363637	0.013747992334842252	0.14104788637602794	0.9256361570598218	0.9620998685478664	0.9256361570598218	0.9256361570598218	65.79343049226652	65.347159754722	-65.347159754722 -7.65011162869848	-196/3:0.0138264 -84/11:0.013748
186	4	20	64.52876105289332	5.148054265343106	0.07977922063501759	3	38.887484415674884	0.6548841622044831	3.7168066239560678	3.7168066239560678	26	7	3.7142857142857144	0.002520909670353344	0.187322275969452	0.764016963559857	0.8740806390487419	0.764016963559857	0.764016963559857	278.3353498516197	276.4517912175166	276.451791217517 32.1116716813414 3.71680662395607	3041/11:0.00275424 289/9:0.00056057 26/7:0.00252091
187	1	17	59.76051612344661	0.2566176411977068	0.004294100149128811	0	0.0	0.0	nan	nan					nan	nan	nan	nan	nan	0.0	0.0		
187	2	18	60.08607383200642	0.395048631144455	0.0065747120081262826	1	21.55236840401185	0.3610654756135873	9.16440443198303	9.16440443198303	55	6	9.166666666666666	0.0022622346836360663	1.0	1.0	1.0	1.0	1.0	9.16440443198303	9.16440443198303	9.16440443198303	55/6:0.00226223
187	3	19	65.97888032829827	0.7499689314392981	0.011366802948270664	2	39.37988311513338	0.6037182327870287	-8.772606384420586	8.772606384420586	-79	9	-8.777777777777779	0.005171393357192855	0.35526405057545885	0.7720286648207804	0.8786516174347945	0.7720286648207804	0.7720286648207804	86.75511037024256	86.3104313080232	86.3104313080232 -8.77260638442059	863/10:0.0104313 -79/9:0.00517139
187	4	20	63.465249114041896	1.1716555184009394	0.01846137114022147	3	38.75912530974494	0.6222008247162215	-6.815821945196924	6.815821945196924	-75	11	-6.818181818181818	0.0023598729848943734	0.06756697486070931	0.8988884037707768	0.9480972543841569	0.8988884037707768	0.8988884037707768	616.6239830224239	613.3903230907518	613.390323090752 -62.6976279317877 -6.81582194519692	3067/5:0.00967691 -627/10:0.00237207 -75/11:0.00235987
188	1	17	63.13927717323752	0.3785864956329945	0.0059960536861113104	0	0.0	0.0	nan	nan					nan	nan	nan	nan	nan	0.0	0.0		
188	2	18	58.624921724959975	0.38075293716644154	0.006494728282158768	1	30.291575655551366	0.5200791132570801	-8.944959384562225	8.944959384562225	-107	12	-8.916666666666666	0.02829271789555854	1.0	1.0	1.0	1.0	1.0	8.944959384562225	8.944959384562225	-8.94495938456222	-107/12:0.0282927
188	3	19	55.829266464197175	1.0534683386066988	0.01886946408802055	2	33.424287504580484	0.6102017432579432	9.309947391592083	9.309947391592083	93	10	9.3	0.0099473915920818	0.0010176810745827073	0.9873600650496238	0.9936599343083246	0.9873600650496238	0.9873600650496238	84.84581016467615	84.33348316099632	84.3334831609963 9.30994739159208	253/3:0.000149828 93/10:0.00994739
188	4	20	66.88192877364185	1.3583311165603504	0.02030938912000499	3	42.88669481282914	0.6545228947481967	-5.554788194092978	5.554788194092978	-50	9	-5.555555555555555	0.0007673614625769432	0.30284067296769757	0.7579384128762052	0.8705965844616008	0.7579384128762052	0.7579384128762052	515.7839370887488	512.6179249861824	512.617924986182 56.7897620152587 -5.55478819409298	4101/8:0.00707501 284/5:0.010238 -50/9:0.000767361
189	1	17	66.69930964706579	0.4945326508580763	0.007414359361061717	0	0.0	0.0	nan	nan					nan	nan	nan	nan	nan	0.0	0.0		
189	2	18	57.92130938917522	0.5748980016673713	0.009925500782529142	1	11.215782456013123	0.1955794998264936	-4.762306064022729	4.762306064022729	-19	4	-4.75	0.012306064022729046	1.0	1.0	1.0	1.0	1.0	4.762306064022729	4.762306064022729	-4.76230606402273	-19/4:0.0123061
189	3	19	66.66569752438063	0.688202274562812	0.010323184187957026	2	15.197712053689616	0.23034690838360644	3.406220468157969	3.406220468157969	17	5	3.4	0.006220468157969172	0.584294313489528	0.4388924357148301	0.6624895740423619	0.5611075642851698	0.4388924357148301	20.656784043144782	20.374012592698147	20.3740125926981 3.40622046815797	163/8:0.000987407 17/5:0.00622047
189	4	20	64.48105496845496	0.6723408722311817	0.01042695211112939	3	2.107654886101446	0.03303083154007923	1.5490927759171185	1.5490927759171185	17	11	1.5454545454545454	0.0036382304625730555	0.23492831578838183	0.7835585633655712	0.8851884338182301	0.7835585633655712	0.7835585633655712	34.31275249768368	33.82375385241314	-33.8237538524131 -5.56048297095374 1.54909277591712	-372/11:0.00557203 -50/9:0.00492742 17/11:0.00363823
190	1	17	65.90896136667722	0.09983835296202415	0.00151479178084122	0	0.0	0.0	nan	nan					nan	nan	nan	nan	nan	0.0	0.0		
190	2	18	63.82882963645203	0.4884085165421723	0.007651848221626281	1	29.66394107159068	0.4683256054681706	-17.237160320195656	17.237160320195656	-69	4	-17.25	0.012839679804343973	1.0	1.0	1.0	1.0	1.0	17.237160320195656	17.237160320195656	-17.2371603201957	-69/4:0.0128397
190	3	19	61.12765535529843	0.45249264121178356	0.007402421025012574	2	34.24496812463806	0.5643984555263102	-8.2800593726455	8.2800593726455	-58	7	-8.285714285714286	0.005654913068786627	0.021908725021405798	0.9778074994519748	0.988841493593374	0.9778074994519748	0.9778074994519748	145.71915296628006	145.48371784497257	-145.483717844973 -8.2800593726455	-291/2:0.0162822 -58/7:0.00565491
190	4	20	66.17371232064602	3.574307714395637	0.05401401234792842	3	40.36288621234593	0.6447806726953407	9.186666169918066	9.186666169918066	101	11	9.181818181818182	0.004847988099884404	0.07089453762039163	0.9461177214264125	0.9726858287373228	0.9461177214264125	0.9461177214264125	1367.178271217898	1364.9478884283446	1364.94788842834 77.5196254508922 9.18666616991807	16379/12:0.0312218 155/2:0.0196255 101/11:0.00484799
191	1	17	56.35267047097974	0.12247878910023502	0.0021734336292600124	0	0.0	0.0	nan	nan					nan	nan	nan	nan	nan	0.0	0.0		
191	2	18	65.8772139200275	1.094167865697969	0.016609200671817242	1	21.733252341683357	0.3354774692665273	13.320849427609387	13.320849427609387	40	3	13.333333333333334	0.012483905723946975	1.0	1.0	1.0	1.0	1.0	13.320849427609387	13.320849427609387	13.3208494276094	40/3:0.0124839
191	3	19	61.91393805739982	1.1766589314751101	0.01900475027746161	2	30.500529392090648	0.5021714806956508	5.156449389343269	5.156449389343269	31	6	5.166666666666667	0.010217277323397944	0.004198437321001527	0.9538456370848987	0.9766502122484276	0.9538456370848987	0.9538456370848987	72.26272861400224	72.07851952167219	-72.0785195216722 5.15644938934327	-865/12:0.00481381 31/6:0.0102173
191	4	20	59.3257198317635	1.9804774785443229	0.03338311754430594	3	39.72039880451622	0.6926537786667223	-5.759210717443084	5.759210717443084	-23	4	-5.75	0.009210717443083993	0.13647892379431284	0.9825687167418213	0.9912460424848218	0.9825687167418213	0.9825687167418213	420.83157023659624	419.7307077945645	-419.730707794565 29.8692975140894 -5.75921071744308	-4617/11:0.00343507 239/8:0.00570249 -23/4:0.00921072
192	1	17	62.27950439861901	0.3569182693191095	0.005730910558225699	0	0.0	0.0	nan	nan					nan	nan	nan	nan	nan	0.0	0.0		
192	2	18	65.03879985199319	0.48693498057140516	0.007486838343873322	1	6.240884944126823	0.09668016495817412	4.181563524808068	4.181563524808068	46	11	4.181818181818182	0.00025465701011384567	1.0	1.0	1.0	1.0	1.0	4.181563524808068	4.181563524808068	4.18156352480807	46/11:0.000254657
192	3	19	62.151198862184344	0.6932065453361815	0.011153550663975371	2	17.597903109895164	0.28634035129505614	-5.172930578906845	5.172930578906845	-31	6	-5.166666666666667	0.006263912240178193	0.25920364573877586	0.7404288850233651	0.8604817749513147	0.7404288850233651	0.7404288850233651	25.733680463141724	25.208393431650748	25.2083934316507 -5.17293057890685	126/5:0.00839343 -31/6:0.00626391
192	4	20	58.00341385411528	1.0098546350411866	0.017410262050800627	3	12.828773426691326	0.22509163495790077	-3.6398732020211755	3.6398732020211755	-40	11	-3.6363636363636362	0.0035095656575392375	0.23776714869452303	0.7158961544695371	0.8461064675734001	0.7158961544695371	0.7158961544695371	104.85112703464836	102.55211533378838	102.552115333788 -21.5307641312272 -3.63987320202118	923/9:0.00344022 -237/11:0.0146904 -40/11:0.00350957
193	1	17	61.371238906104736	0.5303560413446533	0.008641768535194059	0	0.0	0.0	nan	nan					nan	nan	nan	nan	nan	0.0	0.0		
193	2	18	65.90081692971789	0.8930492518554445	0.01355141398031327	1	4.096356343156079	0.06301333655164165	-2.7791699440030704	2.7791699440030704	-25	9	-2.7777777777777777	0.0013921662252927014	1.0	1.0	1.0	1.0	1.0	2.7791699440030704	2.7791699440030704	-2.77916994400307	-25/9:0.00139217
193	3	19	60.98474987897824	1.0921160250717037	0.017908018434755632	2	21.042194638378845	0.3513319298948539	4.511732286645211	4.511732286645211	9	2	4.5	0.011732286645210976	0.727488236522111	0.8639150134256297	0.9294702864673134	0.8639150134256297	0.8639150134256297	11.167223660022788	10.215241360174312	10.2152413601743 4.51173228664521	92/9:0.00698086 9/2:0.0117323
193	4	20	66.75404873790632	1.4987246031914907	0.02245144124629611	3	38.600825195932934	0.5915352610347068	-5.692525806930772	5.692525806930772	-57	10	-5.7	0.007474193069228363	0.06583874512693481	0.9168160489789393	0.957505116946609	0.9168160489789393	0.9168160489789393	68.69926249121643	62.686102119864465	62.6861021198645 27.5251960536598 -5.69252580693077	627/10:0.0138979 303/11:0.0202585 -57/10:0.00747419
194	1	17	61.595862046302784	0.1303582510115575	0.002116347538306465	0	0.0	0.0	nan	nan					nan	nan	nan	nan	nan	0.0	0.0		
194	2	18	66.40007799555991	0.38003781189472363	0.005723454299558749	1	0.7213965808372574	0.010926933380082172	2.35243578539896	2.35243578539896	26	11	2.3636363636363638	0.011200578237403835	1.0	1.0	1.0	1.0	1.0	2.35243578539896	2.35243578539896	2.35243578539896	26/11:0.0112006
194	3	19	66.02519773343363	0.6082830973285098	0.009212893231828815	2	18.504575198405398	0.2828714148525784	6.8990531957682375	6.8990531957682375	69	10	6.9	0.0009468042317628544	0.7020952772398651	0.9775223065424651	0.988697277503314	0.9775223065424651	0.9775223065424651	16.006443669859987	14.443313468811818	-14.4433134688118 6.89905319576824	-130/9:0.00113098 69/10:0.000946804
194	4	20	66.5089245540135	0.7557654275934453	0.011363368640544923	3	45.37461080922492	0.6900749927769341	-8.01869076516337	8.01869076516337	-8	1	-8.0	0.018690765163370315	0.023715763223105316	0.861985115825534	0.9284315353463248	0.861985115825534	0.861985115825534	125.12322446394157	111.44384849560227	-111.443848495602 56.3186517164237 -8.01869076516337	-1003/9:0.000595949 169/3:0.0146816 -8/1:0.0186908
195	1	17	65.85610395382083	0.4503783632016649	0.006838824894917502	0	0.0	0.0	nan	nan					nan	nan	nan	nan	nan	0.0	0.0		
195	2	18	65.75088478132824	0.42145022411745003	0.006409803085070154	1	41.337420221455545	0.6327533752837738	9.580384198239182	9.580384198239182	115	12	9.583333333333334	0.0029491350941519556	1.0	1.0	1.0	1.0	1.0	9.580384198239182	9.580384198239182	9.58038419823918	115/12:0.00294914
195	3	19	65.96921825583887	0.9696163471780324	0.014698011782066443	2	44.60824199174582	0.6862848491661612	-9.676648338878403	9.676648338878403	-29	3	-9.666666666666666	0.009981672211736736	0.2433944949478479	0.8846695884704278	0.9405687579706375	0.8846695884704278	0.8846695884704278	96.57183727964622	96.0858066131109	96.0858066131109 -9.6766483388784	1153/12:0.00247328 -29/3:0.00998167
195	4	20	65.17529046644384	0.9357808737149327	0.014357908756796857	3	40.35236346078272	0.6281549114651102	6.391853524099488	6.391853524099488	32	5	6.4	0.008146475900512762	0.07512290805778775	0.9817130865306987	0.990814355230433	0.9817130865306987	0.9817130865306987	626.4248056227945	623.2279695502758	-623.227969550276 62.8814700712597 6.39185352409949	-5609/9:0.00574733 503/8:0.00647007 32/5:0.00814648
196	1	17	66.49603087157044	0.318421408440031	0.004788577667966767	0	0.0	0.0	nan	nan					nan	nan	nan	nan	nan	0.0	0.0		
196	2	18	63.753808836196555	0.6198249798700886	0.00972216391749413	1	3.560379970776249	0.05639403302789475	-3.343851984121952	3.343851984121952	-10	3	-3.3333333333333335	0.010518650788618356	1.0	1.0	1.0	1.0	1.0	3.343851984121952	3.343851984121952	-3.34385198412195	-10/3:0.0105187
196	3	19	66.82133682212282	0.6340818091564273	0.009489211669684812	2	3.4987577351955834	0.05286150233168244	-1.8996428522544453	1.8996428522544453	-19	10	-1.9	0.00035714774555462014	0.8621604182752154	0.6392917781449281	0.7995572388171645	0.6392917781449281	0.6392917781449281	4.75705232614806	4.361296122437603	-4.3612961224376 -1.89964285225445	-48/11:0.00234024 -19/10:0.000357148
196	4	20	62.781190185095944	0.6973778319044257	0.01110806962799474	3	26.50649466398297	0.42694695540262456	3.9228313882746937	3.9228313882746937	47	12	3.9166666666666665	0.006164721608027168	0.3589026405230443	0.36812242887956176	0.6067309361484395	0.36812242887956176	0.36812242887956176	5.403570682426933	3.9228313882746937	-0.487005263309627 3.68412756194183 3.92283138827469	-1/2:0.0129947 37/10:0.0158724 47/12:0.00616472
197	1	17	62.954544043268214	0.10735307331259492	0.001705247412145689	0	0.0	0.0	nan	nan					nan	nan	nan	nan	nan	0.0	0.0		
197	2	18	64.91709013549337	0.6816789641914909	0.010500762784787598	1	0.1979168107427486	0.0030811168969549756	1.3577946747579086	1.3577946747579086	15	11	1.3636363636363635	0.0058416888784549315	1.0	1.0	1.0	1.0	1.0	1.3577946747579086	1.3577946747579086	1.35779467475791	15/11:0.00584169
197	3	19	66.77587560692034	0.7618002573974394	0.011408315510257271	2	16.99665098685968	0.2574701061382437	4.975541492024853	4.975541492024853	5	1	5.0	0.02445850797514737	0.9172194270953768	0.9928810921072707	0.9964341885479797	0.9928810921072707	0.9928810921072707	7.561676475562699	5.694114328165305	-5.6941143281653 4.97554149202485	-57/10:0.00588567 5/1:0.0244585
197	4	20	66.48996978098837	1.2100779082680901	0.018199405297580545	3	26.824258807287034	0.4109115079355176	-5.4065013931575425	5.4065013931575425	-27	5	-5.4	0.006501393157542168	0.31441677780992716	0.8301298352987442	0.9111146115054594	0.8301298352987442	0.8301298352987442	35.32480977717136	25.889831557743964	-23.4164162584878 25.889831557744 -5.40650139315754	-281/12:0.000250408 233/9:0.000942669 -27/5:0.00650139
198	1	17	58.8259019868522	0.5878375256278403	0.009992834886904481	0	0.0	0.0	nan	nan					nan	nan	nan	nan	nan	0.0	0.0		
198	2	18	65.75829078943622	0.759172193793006	0.011544889392334445	1	16.711285905824468	0.257100192539297	5.33182984661893	5.33182984661893	16	3	5.333333333333333	0.0015034867144034791	1.0	1.0	1.0	1.0	1.0	5.33182984661893	5.33182984661893	5.33182984661893	16/3:0.00150349
198	3	19	63.69964366527508	0.7929550622821466	0.012448343768591823	2	39.28915279336993	0.6245624060952503	6.641029329371372	6.641029329371372	73	11	6.636363636363637	0.004665693007734895	0.18357322429192108	0.852193907963748	0.9231434926184271	0.852193907963748	0.852193907963748	39.11972386634222	38.55190688961175	-38.5519068896118 6.64102932937137	-347/9:0.00364867 73/11:0.00466569
198	4	20	59.789344589144385	0.868720634337663	0.014529689868776246	3	43.63276705863876	0.7405347080524123	7.239707213972122	7.239707213972122	29	4	7.25	0.010292786027878087	0.02544838246089005	0.9525281658111013	0.9759754944726334	0.9525281658111013	0.9525281658111013	288.9415898847973	284.6966322044846	284.696632204485 -48.8124637365782 7.23970721397212	2847/10:0.0033678 -537/11:0.00571808 29/4:0.0102928
199	1	17	60.3583715892945	0.2839757738951363	0.004704828285087529	0	0.0	0.0	nan	nan					nan	nan	nan	nan	nan	0.0	0.0		
199	2	18	66.44379299188452	0.3757038356825859	0.005654460992744267	1	27.132909189115818	0.4106810040315628	9.774792226129788	9.774792226129788	88	9	9.777777777777779	0.0029855516479901922	1.0	1.0	1.0	1.0	1.0	9.774792226129788	9.774792226129788	9.77479222612979	88/9:0.00298555
199	3	19	66.34165571605016	0.41243247762200497	0.006216795061420579	2	42.12262204886376	0.6389066938727674	-10.346778254210676	10.346778254210676	-31	3	-10.333333333333334	0.01344492087734217	0.09680366207553875	0.9548617901869797	0.9771702974338606	0.9548617901869797	0.9548617901869797	104.2399382517506	103.72516043124239	103.725160431242 -10.3467782542107	1141/11:0.0021123 -31/3:0.0134449
199	4	20	64.99204138823417	1.1753234751889892	0.01808411384046422	3	43.87013090128616	0.6874394725385649	9.66809898038433	9.66809898038433	29	3	9.666666666666666	0.0014323137176646128	0.18605745501510568	0.8787515474488132	0.9374174883416744	0.8787515474488132	0.8787515474488132	1035.4326329423288	1030.3002989924353	-1030.30029899244 102.511263381577 9.66809898038433	-10303/10:0.000298992 205/2:0.0112634 29/3:0.00143231
